ozks,0.005806541,21
ozks,0.008708166,233
ozks,0.003180375,3
ozks,0.003405708,10
ozks,0.006453292,140
ozks,0.002981583,1
ozks,0.002298208,0
ozks,0.003597,20
ozks,0.005870541,113
ozks,0.014697792,541
ozks,0.004737375,58
ozks,0.003107209,5
ozks,0.00376675,14
ozks,0.003009084,3
ozks,0.002794458,1
ozks,0.004745292,54
ozks,0.006333042,133
ozks,0.011334041,321
ozks,0.019965209,791
ozks,0.002317833,0
ozks,0.002434417,0
ozks,0.003537958,13
ozks,0.00319925,3
ozks,0.003546625,8
ozks,0.003262834,10
ozks,0.002855334,1
ozks,0.002988291,1
ozks,0.002970917,2
ozks,0.006513584,128
ozks,0.003133917,5
ozks,0.003069042,3
ozks,0.003061833,7
ozks,0.007386958,173
ozks,0.003560541,18
ozks,0.00407475,19
ozks,0.006348375,135
ozks,0.003342625,8
ozks,0.00386175,26
ozks,0.003449083,8
ozks,0.003701833,18
ozks,0.005027833,75
ozks,0.002440417,0
ozks,0.011080167,353
ozks,0.003187458,9
ozks,0.002829291,2
ozks,0.002883459,1
ozks,0.003186,9
ozks,0.002879625,1
ozks,0.005101083,71
ozks,0.004108583,16
ozks,0.003764333,8
ozks,0.002969042,1
ozks,0.003348708,8
ozks,0.023137959,881
ozks,0.00443825,54
ozks,0.002816,1
ozks,0.002950416,3
ozks,0.003806208,23
ozks,0.005097833,80
ozks,0.003190291,6
ozks,0.002382459,0
ozks,0.005020958,41
ozks,0.004475167,35
ozks,0.004300666,56
ozks,0.00237775,0
ozks,0.006444083,128
ozks,0.003653041,13
ozks,0.005132083,60
ozks,0.003543084,21
ozks,0.007481917,197
ozks,0.020318541,767
ozks,0.003495417,13
ozks,0.003197584,8
ozks,0.003122083,1
ozks,0.004683667,46
ozks,0.002915584,3
ozks,0.004071875,30
ozks,0.003543625,20
ozks,0.002853708,1
ozks,0.003178834,8
ozks,0.003469375,10
ozks,0.006283,124
ozks,0.003536541,11
ozks,0.00463275,60
ozks,0.007124875,158
ozks,0.002524542,0
ozks,0.002442375,0
ozks,0.003252917,3
ozks,0.010155958,302
ozks,0.002988375,1
ozks,0.005935083,112
ozks,0.003570167,13
ozks,0.017334,638
ozks,0.005026375,75
ozks,0.002971959,5
ozks,0.003225375,8
ozks,0.003411542,10
ozks,0.004237958,44
ozks,0.003787959,15
ozks,0.005042959,75
ozks,0.003223541,3
ozks,0.00308375,2
ozks,0.003416917,10
ozks,0.004676625,47
ozks,0.003591959,13
ozks,0.015317125,565
ozks,0.003115041,6
ozks,0.002910917,2
ozks,0.002831875,1
ozks,0.003319833,8
ozks,0.021018916,717
ozks,0.003300292,9
ozks,0.006526958,139
ozks,0.003027,5
ozks,0.003397042,13
ozks,0.003951125,28
ozks,0.003774625,26
ozks,0.003182667,10
ozks,0.003143417,5
ozks,0.002907958,3
ozks,0.002964584,2
ozks,0.0046135,29
ozks,0.003072833,3
ozks,0.002912667,2
ozks,0.004413583,43
ozks,0.002923083,1
ozks,0.004319417,47
ozks,0.00313275,8
ozks,0.00569775,88
ozks,0.004415333,36
ozks,0.002995333,6
ozks,0.003443375,11
ozks,0.003609334,21
ozks,0.023123333,883
ozks,0.002311333,0
ozks,0.005166791,77
ozks,0.002993709,3
ozks,0.005145459,93
ozks,0.00281575,1
ozks,0.003603333,15
ozks,0.011337834,340
ozks,0.002463834,0
ozks,0.002555458,0
ozks,0.003154625,8
ozks,0.003570875,11
ozks,0.016032666,486
ozks,0.003037958,4
ozks,0.005675,109
ozks,0.002823459,1
ozks,0.003980667,34
ozks,0.003129625,7
ozks,0.007003167,158
ozks,0.0030535,3
ozks,0.004248625,48
ozks,0.0033205,10
ozks,0.003988625,22
ozks,0.017711042,638
ozks,0.003363791,7
ozks,0.00359125,1
ozks,0.003199375,7
ozks,0.004119,36
ozks,0.003115792,6
ozks,0.007976416,211
ozks,0.002972667,3
ozks,0.003612333,15
ozks,0.003719292,20
ozks,0.003164917,6
ozks,0.00256125,0
ozks,0.005315958,60
ozks,0.003427333,14
ozks,0.009052625,228
ozks,0.003526292,3
ozks,0.002897292,1
ozks,0.022084792,822
ozks,0.003458375,10
ozks,0.003565417,14
ozks,0.002321958,0
ozks,0.002905667,1
ozks,0.002278041,0
ozks,0.002681167,0
ozks,0.002936125,0
ozks,0.008183125,183
ozks,0.003299167,2
ozks,0.00327275,8
ozks,0.002978084,3
ozks,0.005072791,66
ozks,0.00428875,32
ozks,0.003098125,2
ozks,0.003140083,4
ozks,0.004014875,35
ozks,0.003100416,5
ozks,0.005044,69
ozks,0.005173375,85
ozks,0.025131542,922
ozks,0.002814875,1
ozks,0.003774708,28
ozks,0.003981208,27
ozks,0.012390792,414
ozks,0.002715042,3
ozks,0.002958208,1
ozks,0.00348725,7
ozks,0.003101917,8
ozks,0.003835959,24
ozks,0.00298375,3
ozks,0.003020458,3
ozks,0.007191792,169
ozks,0.003798791,9
ozks,0.006917584,140
ozks,0.003174708,7
ozks,0.002829583,1
ozks,0.003034792,4
ozks,0.003522042,8
ozks,0.002730167,1
ozks,0.003068542,5
ozks,0.002826,1
ozks,0.002890458,1
ozks,0.003998541,24
ozks,0.022191792,851
ozks,0.004168125,20
ozks,0.007322875,137
ozks,0.006523459,149
ozks,0.00321475,9
ozks,0.017493583,665
ozks,0.003276958,7
ozks,0.004184458,39
ozks,0.023632708,929
ozks,0.003686166,15
ozks,0.003868916,28
ozks,0.003143791,5
ozks,0.013751208,495
ozks,0.003143209,4
ozks,0.004218333,17
ozks,0.003898834,10
ozks,0.005068792,84
ozks,0.003222125,4
ozks,0.003151041,8
ozks,0.006331209,136
ozks,0.002987792,3
ozks,0.007771417,198
ozks,0.002852083,2
ozks,0.007493708,167
ozks,0.006186416,111
ozks,0.002944417,4
ozks,0.004177042,37
ozks,0.003277292,9
ozks,0.004039667,35
ozks,0.002432459,0
ozks,0.004255375,28
ozks,0.002884542,2
ozks,0.003931708,28
ozks,0.006806584,136
ozks,0.003309209,8
ozks,0.003077875,8
ozks,0.002810917,2
ozks,0.00318425,8
ozks,0.006820041,164
ozks,0.003138417,5
ozks,0.00483525,52
ozks,0.003030667,8
ozks,0.003627834,12
ozks,0.005056416,63
ozks,0.003363417,11
ozks,0.003029375,7
ozks,0.003427167,5
ozks,0.004086417,23
ozks,0.003245375,9
ozks,0.010558833,339
ozks,0.003087709,4
ozks,0.00290075,0
ozks,0.007439375,133
ozks,0.004783167,51
ozks,0.013091667,442
ozks,0.003282083,7
ozks,0.003049125,2
ozks,0.005158208,68
ozks,0.003158209,9
ozks,0.003417875,10
ozks,0.003281667,2
ozks,0.004537333,61
ozks,0.002992375,4
ozks,0.003367417,8
ozks,0.007403541,163
ozks,0.003698166,12
ozks,0.006492542,137
ozks,0.002981959,2
ozks,0.006321583,123
ozks,0.004262,29
ozks,0.00274875,1
ozks,0.002915542,1
ozks,0.006455125,119
ozks,0.005720875,107
ozks,0.013142208,429
ozks,0.002289,0
ozks,0.003590667,16
ozks,0.003695791,9
ozks,0.002893292,3
ozks,0.003175583,7
ozks,0.003030875,7
ozks,0.010724,325
ozks,0.0047875,60
ozks,0.004640666,58
ozks,0.003532333,10
ozks,0.003166333,8
ozks,0.002855583,2
ozks,0.002809292,1
ozks,0.005143,65
ozks,0.004411875,49
ozks,0.004564667,36
ozks,0.003925041,30
ozks,0.009803625,274
ozks,0.003359375,10
ozks,0.003136416,7
ozks,0.024976625,991
ozks,0.017520792,667
ozks,0.003618916,13
ozks,0.0034105,15
ozks,0.002912125,2
ozks,0.003116792,2
ozks,0.005924042,104
ozks,0.003919917,34
ozks,0.005141375,85
ozks,0.00466475,50
ozks,0.003177125,8
ozks,0.003663125,16
ozks,0.00285775,1
ozks,0.005743459,121
ozks,0.0036495,22
ozks,0.013897208,461
ozks,0.005255875,97
ozks,0.020194375,739
ozks,0.003186541,6
ozks,0.003956708,9
ozks,0.003668541,21
ozks,0.003227,8
ozks,0.021107666,791
ozks,0.00722625,164
ozks,0.006565,147
ozks,0.003338167,8
ozks,0.0112765,387
ozks,0.003476125,14
ozks,0.004660125,57
ozks,0.003675583,15
ozks,0.002359958,0
ozks,0.010099291,252
ozks,0.014812834,464
ozks,0.002307667,0
ozks,0.00294675,1
ozks,0.006857791,157
ozks,0.00364275,12
ozks,0.01430075,521
ozks,0.003677792,19
ozks,0.003102916,8
ozks,0.015026125,512
ozks,0.002828958,1
ozks,0.005731167,109
ozks,0.003514209,1
ozks,0.003960625,8
ozks,0.009952,278
ozks,0.00367025,14
ozks,0.004897958,74
ozks,0.009922875,324
ozks,0.003295083,7
ozks,0.003210625,5
ozks,0.002846,1
ozks,0.00434225,34
ozks,0.003836625,24
ozks,0.002386041,0
ozks,0.004021875,30
ozks,0.020259833,734
ozks,0.005284667,49
ozks,0.004010541,33
ozks,0.009573291,263
ozks,0.002912334,1
ozks,0.004061083,23
ozks,0.021334625,789
ozks,0.004850417,54
ozks,0.003527209,10
ozks,0.004206208,26
ozks,0.002817166,1
ozks,0.003173917,8
ozks,0.002772041,1
ozks,0.003233292,1
ozks,0.003936375,20
ozks,0.003505625,10
ozks,0.003179792,7
ozks,0.003177167,6
ozks,0.003446958,10
ozks,0.003625,13
ozks,0.005167708,95
ozks,0.004847083,51
ozks,0.004275,46
ozks,0.021996042,899
ozks,0.003070667,3
ozks,0.002990958,1
ozks,0.004412708,45
ozks,0.003843209,9
ozks,0.00344,17
ozks,0.004851875,48
ozks,0.003201917,8
ozks,0.004749125,59
ozks,0.026566292,998
ozks,0.004058625,26
ozks,0.002875166,3
ozks,0.004720458,63
ozks,0.002324792,0
ozks,0.003049709,3
ozks,0.003802959,13
ozks,0.006141708,103
ozks,0.007004291,158
ozks,0.006082375,128
ozks,0.003844209,28
ozks,0.004697833,55
ozks,0.002458625,0
ozks,0.003301708,10
ozks,0.005458542,95
ozks,0.004452583,45
ozks,0.003052125,6
ozks,0.006851125,155
ozks,0.0030765,0
ozks,0.003325583,1
ozks,0.002900958,2
ozks,0.003081,4
ozks,0.002935625,1
ozks,0.003315833,6
ozks,0.003380084,10
ozks,0.003766667,26
ozks,0.003936792,31
ozks,0.006901041,146
ozks,0.003670458,17
ozks,0.006486959,140
ozks,0.004608875,56
ozks,0.004091208,30
ozks,0.003328,3
ozks,0.003346959,4
ozks,0.003129667,1
ozks,0.003690958,19
ozks,0.003295541,7
ozks,0.00338225,8
ozks,0.003531334,11
ozks,0.003373166,8
ozks,0.004906209,66
ozks,0.003350542,7
ozks,0.003416792,8
ozks,0.003974667,31
ozks,0.007885083,207
ozks,0.015761792,564
ozks,0.00313825,4
ozks,0.003106917,1
ozks,0.003620834,22
ozks,0.002956625,1
ozks,0.005087417,74
ozks,0.003299417,3
ozks,0.002997583,1
ozks,0.007299958,158
ozks,0.003741625,17
ozks,0.003916916,5
ozks,0.003424083,1
ozks,0.014829208,488
ozks,0.0034875,7
ozks,0.002397667,0
ozks,0.003460333,16
ozks,0.004144417,38
ozks,0.003109083,4
ozks,0.00323,3
ozks,0.006950333,149
ozks,0.003303958,8
ozks,0.025478,970
ozks,0.003593791,9
ozks,0.004370916,18
ozks,0.008196209,6
ozks,0.005720167,75
ozks,0.003869167,16
ozks,0.00310375,5
ozks,0.004717917,57
ozks,0.007580542,201
ozks,0.005905208,111
ozks,0.004001917,17
ozks,0.0225605,851
ozks,0.006642125,144
ozks,0.003114666,7
ozks,0.00600525,70
ozks,0.005062792,46
ozks,0.003086125,3
ozks,0.005831959,110
ozks,0.003131375,5
ozks,0.007643667,214
ozks,0.016633792,596
ozks,0.0032355,7
ozks,0.003248083,6
ozks,0.003323167,9
ozks,0.003360167,8
ozks,0.004131417,34
ozks,0.004055291,31
ozks,0.003462958,3
ozks,0.003437375,3
ozks,0.004461875,36
ozks,0.006047791,112
ozks,0.003208417,6
ozks,0.003234333,7
ozks,0.00287,1
ozks,0.006640541,139
ozks,0.003724875,13
ozks,0.002928875,3
ozks,0.003932791,30
ozks,0.006951958,173
ozks,0.0023665,0
ozks,0.004824334,34
ozks,0.004285709,12
ozks,0.006323041,131
ozks,0.003168083,7
ozks,0.0032125,4
ozks,0.006074625,121
ozks,0.003699125,25
ozks,0.004071958,17
ozks,0.016079417,578
ozks,0.003201916,6
ozks,0.006526792,149
ozks,0.003749209,28
ozks,0.00312425,3
ozks,0.007178417,129
ozks,0.002958333,2
ozks,0.00595375,91
ozks,0.003345333,10
ozks,0.006789375,147
ozks,0.004426666,50
ozks,0.004372625,48
ozks,0.004193584,39
ozks,0.004447042,48
ozks,0.003256625,6
ozks,0.006975167,148
ozks,0.003810375,29
ozks,0.004249792,44
ozks,0.019381834,710
ozks,0.003848834,26
ozks,0.021901042,831
ozks,0.00324475,12
ozks,0.003039875,3
ozks,0.003474959,17
ozks,0.002387542,0
ozks,0.006748917,134
ozks,0.003822542,22
ozks,0.007042542,153
ozks,0.006602166,128
ozks,0.004878792,64
ozks,0.005186167,77
ozks,0.002360458,0
ozks,0.003605875,16
ozks,0.005102125,64
ozks,0.003798333,24
ozks,0.00407975,29
ozks,0.003203375,5
ozks,0.003486333,9
ozks,0.003060625,3
ozks,0.005602459,95
ozks,0.003098875,5
ozks,0.002834458,1
ozks,0.004733041,40
ozks,0.004512291,30
ozks,0.002948291,1
ozks,0.00705825,161
ozks,0.003842,23
ozks,0.00335775,8
ozks,0.003341959,6
ozks,0.007977,200
ozks,0.003826209,24
ozks,0.003218333,1
ozks,0.003384583,8
ozks,0.004182792,36
ozks,0.011243375,284
ozks,0.003990333,12
ozks,0.023958,910
ozks,0.01832675,682
ozks,0.0031585,1
ozks,0.003329917,9
ozks,0.00449625,48
ozks,0.004784708,47
ozks,0.003613792,20
ozks,0.003244209,2
ozks,0.005937833,106
ozks,0.017818583,633
ozks,0.003235458,6
ozks,0.004960625,72
ozks,0.003474458,11
ozks,0.003647208,22
ozks,0.0032935,10
ozks,0.003468041,10
ozks,0.014595666,541
ozks,0.004002125,26
ozks,0.003120959,5
ozks,0.003512292,17
ozks,0.002964833,1
ozks,0.003779292,32
ozks,0.003130125,5
ozks,0.002932833,1
ozks,0.003067792,0
ozks,0.003466333,6
ozks,0.003585125,17
ozks,0.002890084,1
ozks,0.002877416,1
ozks,0.003261458,8
ozks,0.0102895,302
ozks,0.002300958,0
ozks,0.0035585,19
ozks,0.004019,36
ozks,0.003194209,5
ozks,0.005281209,80
ozks,0.003518291,1
ozks,0.005684417,60
ozks,0.004202208,46
ozks,0.012827458,418
ozks,0.006242291,140
ozks,0.0049355,71
ozks,0.013372958,415
ozks,0.003380792,1
ozks,0.005898125,103
ozks,0.003399583,9
ozks,0.003586084,12
ozks,0.004428083,43
ozks,0.00427475,48
ozks,0.006571709,135
ozks,0.010295875,298
ozks,0.0049465,53
ozks,0.007490917,189
ozks,0.002907833,4
ozks,0.003026375,5
ozks,0.003472667,14
ozks,0.002506958,0
ozks,0.002891583,2
ozks,0.003499916,5
ozks,0.007694208,197
ozks,0.003519375,3
ozks,0.003939375,11
ozks,0.022015125,821
ozks,0.002990333,4
ozks,0.002841292,1
ozks,0.003177542,7
ozks,0.006271833,141
ozks,0.003386333,17
ozks,0.002861917,3
ozks,0.003489583,8
ozks,0.004047083,19
ozks,0.003831,37
ozks,0.003293417,10
ozks,0.002743208,0
ozks,0.003533125,21
ozks,0.004005917,36
ozks,0.003897458,24
ozks,0.002976208,1
ozks,0.002792667,1
ozks,0.005000042,76
ozks,0.003182792,8
ozks,0.003536,16
ozks,0.003052875,3
ozks,0.003948292,30
ozks,0.013382583,448
ozks,0.0032455,9
ozks,0.003754833,8
ozks,0.005856292,116
ozks,0.003597,11
ozks,0.006352542,141
ozks,0.00354925,17
ozks,0.004399,48
ozks,0.004095166,38
ozks,0.003357875,9
ozks,0.005412084,94
ozks,0.003912792,19
ozks,0.002930291,3
ozks,0.00353475,17
ozks,0.005012208,78
ozks,0.003210583,7
ozks,0.002810375,1
ozks,0.004883834,60
ozks,0.002943667,2
ozks,0.019225833,712
ozks,0.003405209,10
ozks,0.007478666,187
ozks,0.00315525,5
ozks,0.004019,35
ozks,0.003480292,10
ozks,0.0033805,15
ozks,0.015056458,541
ozks,0.002798416,3
ozks,0.003614958,17
ozks,0.004461917,57
ozks,0.018600333,681
ozks,0.002999875,3
ozks,0.003407292,11
ozks,0.005825375,121
ozks,0.003078791,6
ozks,0.008034791,213
ozks,0.007100042,158
ozks,0.015563042,574
ozks,0.006656417,123
ozks,0.003606667,12
ozks,0.002414125,0
ozks,0.006504,140
ozks,0.002361917,0
ozks,0.002849208,1
ozks,0.006088792,122
ozks,0.00383525,31
ozks,0.003261834,6
ozks,0.003581333,13
ozks,0.00321375,8
ozks,0.004060416,14
ozks,0.00301875,1
ozks,0.003160334,8
ozks,0.00598025,107
ozks,0.025228709,955
ozks,0.003919584,36
ozks,0.004685917,58
ozks,0.005015416,56
ozks,0.003462292,12
ozks,0.003146792,3
ozks,0.002947916,4
ozks,0.003117542,6
ozks,0.003410375,9
ozks,0.003392541,1
ozks,0.003997625,17
ozks,0.003863583,28
ozks,0.00340225,14
ozks,0.003657125,13
ozks,0.006592541,142
ozks,0.002891625,1
ozks,0.007327791,173
ozks,0.005551209,97
ozks,0.006737667,146
ozks,0.00309025,2
ozks,0.006743291,158
ozks,0.006843541,110
ozks,0.013982417,425
ozks,0.003912875,29
ozks,0.002546583,0
ozks,0.003966542,27
ozks,0.009422917,272
ozks,0.003253459,3
ozks,0.002282875,0
ozks,0.005166667,77
ozks,0.003052375,6
ozks,0.002922875,1
ozks,0.002991042,4
ozks,0.003738667,28
ozks,0.009611208,208
ozks,0.003516583,1
ozks,0.005431625,89
ozks,0.006551166,132
ozks,0.002848417,1
ozks,0.003827584,26
ozks,0.003499417,9
ozks,0.003739292,28
ozks,0.003531667,17
ozks,0.003319375,9
ozks,0.002874458,1
ozks,0.007595875,180
ozks,0.004107833,26
ozks,0.005379834,60
ozks,0.003749208,11
ozks,0.002957167,4
ozks,0.002808541,2
ozks,0.003317084,8
ozks,0.003448208,17
ozks,0.014667083,541
ozks,0.003753875,28
ozks,0.003939,34
ozks,0.003049667,3
ozks,0.003126583,4
ozks,0.003436916,14
ozks,0.003218583,5
ozks,0.002238584,0
ozks,0.003149792,3
ozks,0.0036315,15
ozks,0.005020834,82
ozks,0.005355625,78
ozks,0.006372042,139
ozks,0.004911167,66
ozks,0.003094333,8
ozks,0.002813708,1
ozks,0.004362541,47
ozks,0.017725167,667
ozks,0.002352125,0
ozks,0.004501792,29
ozks,0.004300375,15
ozks,0.012024708,383
ozks,0.003718,13
ozks,0.002861458,1
ozks,0.003221542,5
ozks,0.003154917,7
ozks,0.002920041,3
ozks,0.003820875,31
ozks,0.002982125,8
ozks,0.005084333,85
ozks,0.003523959,14
ozks,0.005512458,95
ozks,0.00323375,2
ozks,0.005187208,53
ozks,0.004613958,58
ozks,0.0041915,37
ozks,0.003075167,6
ozks,0.003099875,4
ozks,0.003200292,4
ozks,0.003052292,5
ozks,0.005118292,76
ozks,0.004030292,19
ozks,0.007919292,201
ozks,0.006636125,149
ozks,0.003255333,9
ozks,0.003739041,1
ozks,0.002860542,3
ozks,0.006484375,149
ozks,0.003671709,21
ozks,0.00326275,2
ozks,0.002763125,1
ozks,0.004038,38
ozks,0.003685916,15
ozks,0.00286925,2
ozks,0.003469417,11
ozks,0.005771291,123
ozks,0.0035515,8
ozks,0.003286208,1
ozks,0.003181584,5
ozks,0.003337959,14
ozks,0.003342125,10
ozks,0.004258167,35
ozks,0.00290125,1
ozks,0.003962875,36
ozks,0.002901375,2
ozks,0.002942208,1
ozks,0.005837083,125
ozks,0.002874541,1
ozks,0.004869291,35
ozks,0.003930625,17
ozks,0.003488,17
ozks,0.003664875,19
ozks,0.003455542,19
ozks,0.002243834,0
ozks,0.003720125,14
ozks,0.0035035,13
ozks,0.003527792,17
ozks,0.00284975,1
ozks,0.003523125,11
ozks,0.008557959,234
ozks,0.004810125,66
ozks,0.003829083,7
ozks,0.011926375,370
ozks,0.003826083,20
ozks,0.002927084,4
ozks,0.003198416,10
ozks,0.003058584,1
ozks,0.007350459,175
ozks,0.006991541,162
ozks,0.003742334,17
ozks,0.002233708,0
ozks,0.004218875,46
ozks,0.002773042,1
ozks,0.003241708,3
ozks,0.002743583,0
ozks,0.006284167,148
ozks,0.0038315,22
ozks,0.003956792,31
ozks,0.002831125,2
ozks,0.008701792,244
ozks,0.003024041,5
ozks,0.002948209,1
ozks,0.004959833,72
ozks,0.002886084,1
ozks,0.003848042,18
ozks,0.020634917,743
ozks,0.003722875,25
ozks,0.00387875,23
ozks,0.005193042,92
ozks,0.003302375,7
ozks,0.003394167,9
ozks,0.003668208,15
ozks,0.004027292,41
ozks,0.003550958,12
ozks,0.003095167,9
ozks,0.019099625,734
ozks,0.002952125,1
ozks,0.005167833,66
ozks,0.00322925,10
ozks,0.009375584,273
ozks,0.002890833,1
ozks,0.003242667,11
ozks,0.003613625,26
ozks,0.003656333,20
ozks,0.003221166,7
ozks,0.003160875,8
ozks,0.002972209,2
ozks,0.006696459,143
ozks,0.002864375,1
ozks,0.003160125,4
ozks,0.0039785,30
ozks,0.003896041,9
ozks,0.006653084,105
ozks,0.004341375,54
ozks,0.003330875,6
ozks,0.002978167,2
ozks,0.01966525,747
ozks,0.003335834,10
ozks,0.002352083,0
ozks,0.003125209,9
ozks,0.002268167,0
ozks,0.003232958,5
ozks,0.002906958,3
ozks,0.002829042,0
ozks,0.009123083,212
ozks,0.004916458,70
ozks,0.00331175,7
ozks,0.004023833,38
ozks,0.002760334,1
ozks,0.004043583,30
ozks,0.00426675,27
ozks,0.003940584,24
ozks,0.004746917,65
ozks,0.003909583,29
ozks,0.002532375,0
ozks,0.007764417,201
ozks,0.003303292,8
ozks,0.003666334,19
ozks,0.003609125,21
ozks,0.020808792,791
ozks,0.003626542,23
ozks,0.00305825,5
ozks,0.005228458,81
ozks,0.003903083,27
ozks,0.010527083,312
ozks,0.010562208,354
ozks,0.009593917,284
ozks,0.003550334,17
ozks,0.003095625,3
ozks,0.005200083,88
ozks,0.004308042,47
ozks,0.003299666,10
ozks,0.004518417,63
ozks,0.00683975,154
ozks,0.003272416,10
ozks,0.005101125,65
ozks,0.018450708,661
ozks,0.00357975,12
ozks,0.004371291,59
ozks,0.003730625,23
ozks,0.00533225,80
ozks,0.00385725,15
ozks,0.00908925,262
ozks,0.003290375,8
ozks,0.002943041,4
ozks,0.003832542,19
ozks,0.007723791,209
ozks,0.004730209,53
ozks,0.004827125,62
ozks,0.00653825,146
ozks,0.003144333,8
ozks,0.00293675,1
ozks,0.003105625,9
ozks,0.004419583,27
ozks,0.002974667,5
ozks,0.002898625,1
ozks,0.006141958,130
ozks,0.003383167,10
ozks,0.003232833,8
ozks,0.023954042,991
ozks,0.003576084,11
ozks,0.00411075,31
ozks,0.002920667,4
ozks,0.003162334,3
ozks,0.002326,0
ozks,0.005502375,108
ozks,0.002860291,0
ozks,0.003017833,2
ozks,0.003156958,7
ozks,0.003815417,20
ozks,0.003150458,9
ozks,0.003979208,21
ozks,0.003321,18
ozks,0.008793584,262
ozks,0.006872125,143
ozks,0.008116584,228
ozks,0.003143791,1
ozks,0.002888125,4
ozks,0.00596525,114
ozks,0.0028935,0
ozks,0.002937917,3
ozks,0.003645167,20
ozks,0.016396042,602
ozks,0.002171333,0
ozks,0.003902875,21
ozks,0.0028325,1
ozks,0.003359,8
ozks,0.003127875,4
ozks,0.004045334,39
ozks,0.002962,1
ozks,0.003886417,15
ozks,0.00470675,64
ozks,0.003118875,1
ozks,0.002866375,1
ozks,0.0042535,43
ozks,0.003618208,17
ozks,0.0033995,12
ozks,0.003434,17
ozks,0.014146708,480
ozks,0.006403209,130
ozks,0.007830875,182
ozks,0.0035045,18
ozks,0.00265125,0
ozks,0.002794167,2
ozks,0.004148,14
ozks,0.004038875,39
ozks,0.008316334,240
ozks,0.004226125,45
ozks,0.00470575,71
ozks,0.006465125,130
ozks,0.003860125,30
ozks,0.005223625,84
ozks,0.003725292,13
ozks,0.00386075,35
ozks,0.009704917,276
ozks,0.002384916,0
ozks,0.003435375,13
ozks,0.005911625,119
ozks,0.006661416,158
ozks,0.004418625,40
ozks,0.0040775,47
ozks,0.003728375,15
ozks,0.003740583,21
ozks,0.003135917,5
ozks,0.021289333,803
ozks,0.014100833,475
ozks,0.004222334,13
ozks,0.00310875,5
ozks,0.018355042,677
ozks,0.021375709,738
ozks,0.004132417,48
ozks,0.004701583,69
ozks,0.006330708,146
ozks,0.003750833,17
ozks,0.003183084,10
ozks,0.002950916,3
ozks,0.005720458,106
ozks,0.002352375,0
ozks,0.003156417,8
ozks,0.002879417,4
ozks,0.003084708,5
ozks,0.002981875,4
ozks,0.004672458,5
ozks,0.004632458,51
ozks,0.003381291,14
ozks,0.002334417,0
ozks,0.003474667,13
ozks,0.002984166,3
ozks,0.002371333,0
ozks,0.003949417,13
ozks,0.002997458,4
ozks,0.006831792,170
ozks,0.003693125,23
ozks,0.0049645,53
ozks,0.004827125,34
ozks,0.004309209,44
ozks,0.003410875,5
ozks,0.003788416,17
ozks,0.005647458,110
ozks,0.012293375,141
ozks,0.00433075,51
ozks,0.004563,48
ozks,0.003055834,5
ozks,0.005685875,92
ozks,0.00682775,163
ozks,0.003391708,13
ozks,0.003750417,25
ozks,0.003126958,8
ozks,0.00268425,0
ozks,0.003223291,8
ozks,0.005164959,90
ozks,0.002835833,1
ozks,0.002741833,1
ozks,0.00310425,9
ozks,0.00273125,2
ozks,0.0040585,39
ozks,0.01963425,740
ozks,0.003840292,35
ozks,0.010122166,325
ozks,0.00449475,3
ozks,0.003841208,36
ozks,0.004225792,16
ozks,0.003334208,13
ozks,0.005031875,73
ozks,0.002998542,6
ozks,0.003097417,4
ozks,0.002807542,1
ozks,0.008257042,231
ozks,0.004857541,81
ozks,0.00328425,8
ozks,0.004024542,8
ozks,0.003300834,9
ozks,0.002929125,4
ozks,0.00326625,6
ozks,0.004384208,51
ozks,0.003370542,9
ozks,0.004159208,37
ozks,0.004110083,41
ozks,0.003728,20
ozks,0.002318042,0
ozks,0.003455417,14
ozks,0.022271625,836
ozks,0.0038195,6
ozks,0.002912292,2
ozks,0.022306209,814
ozks,0.002373083,0
ozks,0.003229209,8
ozks,0.004359542,39
ozks,0.003232042,10
ozks,0.006721458,161
ozks,0.005078875,11
ozks,0.003772625,29
ozks,0.002931791,2
ozks,0.004899417,2
ozks,0.004515042,18
ozks,0.0030995,7
ozks,0.003397375,13
ozks,0.004155333,44
ozks,0.003650834,11
ozks,0.004752834,70
ozks,0.009183875,241
ozks,0.003195125,7
ozks,0.006478458,146
ozks,0.022925417,882
ozks,0.004320875,41
ozks,0.004063542,38
ozks,0.003997333,13
ozks,0.017958292,571
ozks,0.00423275,21
ozks,0.003815708,25
ozks,0.006730917,158
ozks,0.002985,6
ozks,0.00283675,3
ozks,0.003631041,10
ozks,0.002955959,4
ozks,0.008509292,237
ozks,0.00352075,17
ozks,0.022487084,822
ozks,0.003268334,1
ozks,0.010678375,351
ozks,0.004671917,59
ozks,0.003886833,22
ozks,0.003867667,21
ozks,0.003189666,6
ozks,0.00442475,5
ozks,0.003580917,20
ozks,0.002873709,1
ozks,0.003501459,13
ozks,0.002358917,0
ozks,0.003065292,5
ozks,0.005182208,1
ozks,0.003636958,4
ozks,0.004216459,42
ozks,0.004142167,17
ozks,0.00464025,42
ozks,0.006902292,166
ozks,0.002944084,6
ozks,0.004915041,70
ozks,0.003424416,14
ozks,0.003859833,27
ozks,0.00537,83
ozks,0.002451458,0
ozks,0.003210542,6
ozks,0.003960875,15
ozks,0.005541291,116
ozks,0.002888583,1
ozks,0.003380833,14
ozks,0.004122667,50
ozks,0.002351042,0
ozks,0.00379675,30
ozks,0.003076125,6
ozks,0.002321875,0
ozks,0.003145375,2
ozks,0.010592458,352
ozks,0.004217917,9
ozks,0.006090041,78
ozks,0.005418166,55
ozks,0.011125875,339
ozks,0.004463,52
ozks,0.004792917,57
ozks,0.002970834,1
ozks,0.00291075,1
ozks,0.003211375,9
ozks,0.006837875,147
ozks,0.004189833,45
ozks,0.012782959,434
ozks,0.02007575,801
ozks,0.004138875,51
ozks,0.008884666,243
ozks,0.003187792,6
ozks,0.003324167,11
ozks,0.012801667,419
ozks,0.01435175,500
ozks,0.00341275,8
ozks,0.005240375,84
ozks,0.002862125,1
ozks,0.003400292,5
ozks,0.003910417,36
ozks,0.003133875,5
ozks,0.002915792,1
ozks,0.003449416,12
ozks,0.004049458,21
ozks,0.002798208,2
ozks,0.003125709,7
ozks,0.007111666,165
ozks,0.003886167,31
ozks,0.003094041,6
ozks,0.003326,6
ozks,0.004034917,30
ozks,0.005555833,75
ozks,0.003108917,3
ozks,0.006304125,136
ozks,0.018040292,637
ozks,0.004024958,10
ozks,0.004227791,21
ozks,0.005896458,123
ozks,0.00517375,76
ozks,0.002282,0
ozks,0.002878875,1
ozks,0.004166125,43
ozks,0.009237417,284
ozks,0.020607333,801
ozks,0.002685333,0
ozks,0.004033166,26
ozks,0.01001125,324
ozks,0.003593584,20
ozks,0.00378,11
ozks,0.012680917,257
ozks,0.018849542,685
ozks,0.002788667,1
ozks,0.003881083,14
ozks,0.003698417,21
ozks,0.002844791,1
ozks,0.004241167,26
ozks,0.003380333,13
ozks,0.003399,9
ozks,0.0032915,8
ozks,0.003411333,4
ozks,0.0049315,53
ozks,0.003300958,9
ozks,0.003658083,23
ozks,0.006469958,133
ozks,0.003756584,17
ozks,0.002318208,0
ozks,0.003436,11
ozks,0.003480833,6
ozks,0.005752833,112
ozks,0.00344075,12
ozks,0.008895958,253
ozks,0.002944209,1
ozks,0.006829209,130
ozks,0.004198625,35
ozks,0.002245166,0
ozks,0.003213791,5
ozks,0.024068792,991
ozks,0.019943834,730
ozks,0.002904209,3
ozks,0.003218917,6
ozks,0.0032095,1
ozks,0.002627041,0
ozks,0.002565333,0
ozks,0.0270965,983
ozks,0.003630833,10
ozks,0.011112958,343
ozks,0.002886625,5
ozks,0.00348725,15
ozks,0.009921791,325
ozks,0.004028375,35
ozks,0.006348083,139
ozks,0.003489084,1
ozks,0.004058917,7
ozks,0.010416084,296
ozks,0.003772291,8
ozks,0.003786916,11
ozks,0.003640875,3
ozks,0.003528959,14
ozks,0.007264417,140
ozks,0.016253333,541
ozks,0.010681417,314
ozks,0.004356625,42
ozks,0.003708917,7
ozks,0.003926791,10
ozks,0.004026042,15
ozks,0.003461083,11
ozks,0.003432333,6
ozks,0.002929625,0
ozks,0.004129542,17
ozks,0.003997375,17
ozks,0.0065205,147
ozks,0.003060333,1
ozks,0.0029995,1
ozks,0.00313225,8
ozks,0.006802417,173
ozks,0.006483916,113
ozks,0.008603208,241
ozks,0.00377675,5
ozks,0.002935417,4
ozks,0.00428,57
ozks,0.003223,5
ozks,0.002930916,3
ozks,0.005294875,63
ozks,0.0041045,22
ozks,0.026021833,940
ozks,0.003602959,2
ozks,0.003139167,1
ozks,0.002604708,0
ozks,0.003315666,2
ozks,0.00458925,26
ozks,0.003888459,14
ozks,0.019909125,656
ozks,0.003353542,1
ozks,0.004670709,59
ozks,0.00243975,0
ozks,0.004133458,24
ozks,0.006656042,131
ozks,0.005072292,56
ozks,0.003329,4
ozks,0.003222708,2
ozks,0.003925459,2
ozks,0.003452584,2
ozks,0.004146375,19
ozks,0.006834375,107
ozks,0.005559292,70
ozks,0.003480791,8
ozks,0.004379875,25
ozks,0.003167292,7
ozks,0.004902917,57
ozks,0.010662792,316
ozks,0.003967083,24
ozks,0.006380375,135
ozks,0.005065084,50
ozks,0.00460975,50
ozks,0.007401542,140
ozks,0.003992292,12
ozks,0.01368425,451
ozks,0.004656625,40
ozks,0.008794541,239
ozks,0.003197208,6
ozks,0.004156875,48
ozks,0.002852625,3
ozks,0.003618792,13
ozks,0.003528583,13
ozks,0.003264583,2
ozks,0.003547,11
ozks,0.004467917,6
ozks,0.003699792,8
ozks,0.003463833,8
ozks,0.003719792,11
ozks,0.003125958,3
ozks,0.006292667,137
ozks,0.003524875,18
ozks,0.003477083,1
ozks,0.003071458,4
ozks,0.00464675,52
ozks,0.004273375,16
ozks,0.003247458,1
ozks,0.003492166,8
ozks,0.002526625,0
ozks,0.003083792,3
ozks,0.010163875,325
ozks,0.004792958,77
ozks,0.003765416,12
ozks,0.004813125,66
ozks,0.00313775,10
ozks,0.005425666,70
ozks,0.002272834,0
ozks,0.015501708,538
ozks,0.003331,10
ozks,0.00383325,17
ozks,0.003092375,3
ozks,0.011361458,351
ozks,0.0028685,1
ozks,0.003498042,13
ozks,0.003692417,13
ozks,0.003976667,38
ozks,0.00241675,0
ozks,0.004204625,46
ozks,0.003259292,4
ozks,0.003126042,7
ozks,0.003208541,8
ozks,0.0032185,7
ozks,0.025611083,997
ozks,0.023269666,906
ozks,0.003689375,22
ozks,0.003312,8
ozks,0.003685334,20
ozks,0.005521375,110
ozks,0.004453042,56
ozks,0.004030666,18
ozks,0.003196042,1
ozks,0.006309792,131
ozks,0.005638375,116
ozks,0.005733167,123
ozks,0.01032625,324
ozks,0.004849291,62
ozks,0.003678459,4
ozks,0.003940125,10
ozks,0.027928584,908
ozks,0.00378525,25
ozks,0.002410625,0
ozks,0.003088625,3
ozks,0.00247525,0
ozks,0.002882084,1
ozks,0.004076417,33
ozks,0.003127084,5
ozks,0.003450417,11
ozks,0.003973792,31
ozks,0.004559208,24
ozks,0.017637666,564
ozks,0.003971875,29
ozks,0.006781333,67
ozks,0.003003417,3
ozks,0.00321675,10
ozks,0.003519875,17
ozks,0.002859916,1
ozks,0.0046045,62
ozks,0.02394825,932
ozks,0.002890333,1
ozks,0.0034495,10
ozks,0.003774917,26
ozks,0.002955833,3
ozks,0.003053125,1
ozks,0.004002417,16
ozks,0.00311975,5
ozks,0.004899125,72
ozks,0.003997667,36
ozks,0.003192458,6
ozks,0.004934958,56
ozks,0.00353075,12
ozks,0.003393875,4
ozks,0.003634167,1
ozks,0.003346625,7
ozks,0.003296583,8
ozks,0.003174208,5
ozks,0.015690042,524
ozks,0.002909959,1
ozks,0.004897333,78
ozks,0.003120209,7
ozks,0.0046195,56
ozks,0.003731375,20
ozks,0.002485125,0
ozks,0.024127625,893
ozks,0.004422958,15
ozks,0.007013542,156
ozks,0.003539208,15
ozks,0.002843458,1
ozks,0.003041167,4
ozks,0.0051485,77
ozks,0.005036542,76
ozks,0.010597958,322
ozks,0.004116542,26
ozks,0.00340725,8
ozks,0.003799083,29
ozks,0.003489209,5
ozks,0.002931375,4
ozks,0.003661625,13
ozks,0.006223291,128
ozks,0.003470333,18
ozks,0.003269625,8
ozks,0.002883458,2
ozks,0.004097792,51
ozks,0.004276375,37
ozks,0.003488416,14
ozks,0.006567041,158
ozks,0.008873917,247
ozks,0.00513725,39
ozks,0.023838167,910
ozks,0.00355375,17
ozks,0.014513875,510
ozks,0.006035208,138
ozks,0.004002167,33
ozks,0.003178667,2
ozks,0.004196375,41
ozks,0.002980916,3
ozks,0.003592209,20
ozks,0.003455625,14
ozks,0.002378917,0
ozks,0.018982,667
ozks,0.002405458,0
ozks,0.002999917,4
ozks,0.003137458,4
ozks,0.003243417,10
ozks,0.002241416,0
ozks,0.002895416,0
ozks,0.0034645,15
ozks,0.014026958,477
ozks,0.003284542,8
ozks,0.008368792,237
ozks,0.003205625,7
ozks,0.002780459,1
ozks,0.00228175,0
ozks,0.00501675,75
ozks,0.002295666,0
ozks,0.009882959,293
ozks,0.003379875,6
ozks,0.006173541,117
ozks,0.009764625,324
ozks,0.002773417,1
ozks,0.00310825,8
ozks,0.008645208,163
ozks,0.003605083,22
ozks,0.002993292,8
ozks,0.002330417,0
ozks,0.003075542,5
ozks,0.004040667,36
ozks,0.0025115,0
ozks,0.00289725,1
ozks,0.003229833,9
ozks,0.006686583,160
ozks,0.002254625,0
ozks,0.002862125,3
ozks,0.003094208,4
ozks,0.004365708,11
ozks,0.0029915,3
ozks,0.002862958,1
ozks,0.003323792,7
ozks,0.011857541,389
ozks,0.003010875,4
ozks,0.003244,10
ozks,0.005083166,75
ozks,0.009899458,325
ozks,0.003833084,32
ozks,0.003014875,3
ozks,0.003077875,6
ozks,0.003446334,17
ozks,0.003035833,7
ozks,0.00228425,0
ozks,0.003657167,14
ozks,0.024548791,958
ozks,0.003814875,29
ozks,0.003908959,29
ozks,0.0028395,2
ozks,0.0041405,50
ozks,0.00600575,118
ozks,0.002830208,1
ozks,0.003279709,9
ozks,0.005408584,33
ozks,0.003919583,33
ozks,0.00290125,1
ozks,0.00367625,15
ozks,0.0031155,3
ozks,0.003335292,3
ozks,0.003338458,8
ozks,0.005486292,87
ozks,0.003259666,9
ozks,0.035073167,337
ozks,0.003165292,7
ozks,0.00304075,1
ozks,0.008634292,263
ozks,0.005185,84
ozks,0.004803208,70
ozks,0.0029865,1
ozks,0.003511166,23
ozks,0.004956791,80
ozks,0.00433425,58
ozks,0.011319292,378
ozks,0.003216958,8
ozks,0.00285175,7
ozks,0.007140166,164
ozks,0.003285,10
ozks,0.003651541,9
ozks,0.003673834,13
ozks,0.003286209,9
ozks,0.003091583,10
ozks,0.003290042,14
ozks,0.014788417,541
ozks,0.004150083,38
ozks,0.003267416,8
ozks,0.009922584,324
ozks,0.004167417,38
ozks,0.005411,61
ozks,0.004168333,32
ozks,0.006495667,132
ozks,0.002960083,4
ozks,0.018123958,643
ozks,0.003382041,7
ozks,0.004451542,51
ozks,0.002862042,3
ozks,0.013675375,448
ozks,0.005873167,96
ozks,0.005029125,61
ozks,0.00310075,3
ozks,0.005369042,86
ozks,0.003784459,9
ozks,0.003243875,1
ozks,0.003720833,16
ozks,0.002927041,2
ozks,0.002639375,1
ozks,0.003207458,8
ozks,0.004389833,54
ozks,0.011923708,389
ozks,0.003094042,4
ozks,0.005200166,60
ozks,0.004150333,48
ozks,0.00441,5
ozks,0.005221083,77
ozks,0.003610042,6
ozks,0.007359458,146
ozks,0.003981,6
ozks,0.003067916,6
ozks,0.00437,51
ozks,0.002859583,1
ozks,0.003164167,10
ozks,0.006479208,99
ozks,0.003252666,9
ozks,0.003310625,11
ozks,0.002305167,0
ozks,0.01308625,446
ozks,0.002688334,1
ozks,0.003819958,34
ozks,0.003016166,8
ozks,0.005021417,71
ozks,0.005122458,77
ozks,0.003737833,21
ozks,0.003028834,1
ozks,0.00379,6
ozks,0.003122625,6
ozks,0.003119875,6
ozks,0.004039625,41
ozks,0.002800583,4
ozks,0.003054416,7
ozks,0.012256291,15
ozks,0.004033625,40
ozks,0.003179666,1
ozks,0.003761458,22
ozks,0.024646209,942
ozks,0.004773542,40
ozks,0.003367708,11
ozks,0.003165459,8
ozks,0.002983666,3
ozks,0.002175791,0
ozks,0.003773125,35
ozks,0.002359792,0
ozks,0.003088959,8
ozks,0.005106042,79
ozks,0.004029042,38
ozks,0.005316334,90
ozks,0.002881667,3
ozks,0.004576958,64
ozks,0.003311291,5
ozks,0.003217125,9
ozks,0.006471959,142
ozks,0.004576333,62
ozks,0.00416325,36
ozks,0.003061917,3
ozks,0.003604458,28
ozks,0.003277708,11
ozks,0.004616708,49
ozks,0.002947875,4
ozks,0.002997875,8
ozks,0.014885,541
ozks,0.005870875,83
ozks,0.003082792,8
ozks,0.009721667,325
ozks,0.003098083,10
ozks,0.004301083,44
ozks,0.004096875,17
ozks,0.002811083,2
ozks,0.003539333,16
ozks,0.006522833,146
ozks,0.002904375,2
ozks,0.005202959,81
ozks,0.00680525,159
ozks,0.003547167,16
ozks,0.0068605,147
ozks,0.003123083,7
ozks,0.017531333,667
ozks,0.009224709,296
ozks,0.004270625,42
ozks,0.004151209,45
ozks,0.023369541,862
ozks,0.00463025,36
ozks,0.003249209,9
ozks,0.0037265,14
ozks,0.002922667,4
ozks,0.005610334,92
ozks,0.002809042,1
ozks,0.003473583,10
ozks,0.007062917,170
ozks,0.007204167,163
ozks,0.002286625,0
ozks,0.008206042,222
ozks,0.003237292,8
ozks,0.004331583,36
ozks,0.003236875,4
ozks,0.003081166,6
ozks,0.005246417,86
ozks,0.007157417,169
ozks,0.003264875,8
ozks,0.00306075,6
ozks,0.004242792,40
ozks,0.003097292,8
ozks,0.002773792,2
ozks,0.003335417,14
ozks,0.003062708,8
ozks,0.013436,461
ozks,0.003431417,5
ozks,0.003508208,21
ozks,0.002776333,1
ozks,0.002970208,3
ozks,0.003823375,31
ozks,0.002831167,2
ozks,0.002896375,1
ozks,0.007018292,160
ozks,0.002892333,2
ozks,0.003417958,8
ozks,0.003219625,6
ozks,0.00292325,2
ozks,0.004820709,21
ozks,0.00229975,0
ozks,0.010136209,325
ozks,0.004581292,47
ozks,0.006293709,136
ozks,0.002453,0
ozks,0.003945041,21
ozks,0.005474375,98
ozks,0.009982083,325
ozks,0.002902625,1
ozks,0.003558958,15
ozks,0.006790375,146
ozks,0.004688458,62
ozks,0.003845667,22
ozks,0.005813417,116
ozks,0.004031417,42
ozks,0.003132125,8
ozks,0.003035625,7
ozks,0.003057708,6
ozks,0.005222458,79
ozks,0.00334325,12
ozks,0.003296625,13
ozks,0.004015125,28
ozks,0.003469416,17
ozks,0.003879459,17
ozks,0.003280375,2
ozks,0.004734459,38
ozks,0.005233625,84
ozks,0.003814291,24
ozks,0.003474666,20
ozks,0.002139792,0
ozks,0.002911958,3
ozks,0.002893584,1
ozks,0.005030167,70
ozks,0.014162792,494
ozks,0.004416125,62
ozks,0.003051125,4
ozks,0.00304825,4
ozks,0.00252975,0
ozks,0.003805,24
ozks,0.003162417,9
ozks,0.012889042,434
ozks,0.00418875,45
ozks,0.003052291,2
ozks,0.003228958,6
ozks,0.008175,208
ozks,0.003088583,8
ozks,0.003286584,11
ozks,0.003658958,17
ozks,0.003945917,23
ozks,0.003016041,1
ozks,0.00316625,10
ozks,0.00352275,14
ozks,0.00446025,53
ozks,0.003614333,17
ozks,0.002862959,4
ozks,0.003696,23
ozks,0.0035025,13
ozks,0.005457916,88
ozks,0.003859583,34
ozks,0.002992708,3
ozks,0.0088535,201
ozks,0.018814667,734
ozks,0.002944084,1
ozks,0.003267625,8
ozks,0.002280417,0
ozks,0.005077208,88
ozks,0.002925916,3
ozks,0.003819208,26
ozks,0.002773917,1
ozks,0.003084208,4
ozks,0.003539375,14
ozks,0.003567417,11
ozks,0.004561791,43
ozks,0.00497325,60
ozks,0.003558958,14
ozks,0.003294333,8
ozks,0.00306775,2
ozks,0.003085125,1
ozks,0.003353833,11
ozks,0.01347875,489
ozks,0.003796917,28
ozks,0.005121959,95
ozks,0.003483334,13
ozks,0.008528791,234
ozks,0.008391416,247
ozks,0.003379375,11
ozks,0.003547958,9
ozks,0.002980583,4
ozks,0.00381375,30
ozks,0.003440417,17
ozks,0.0067385,158
ozks,0.004919792,77
ozks,0.003644875,17
ozks,0.004820792,71
ozks,0.003155958,8
ozks,0.003255333,7
ozks,0.004218292,28
ozks,0.003835375,32
ozks,0.003703166,3
ozks,0.00320675,8
ozks,0.003480708,11
ozks,0.00326425,9
ozks,0.003768334,22
ozks,0.010832584,360
ozks,0.002324458,0
ozks,0.003564833,16
ozks,0.004593833,52
ozks,0.021745291,831
ozks,0.006628417,150
ozks,0.005447292,96
ozks,0.00489875,46
ozks,0.004304625,14
ozks,0.004774834,70
ozks,0.004312375,44
ozks,0.00453625,58
ozks,0.015092042,565
ozks,0.00375025,22
ozks,0.003013083,1
ozks,0.003694333,16
ozks,0.003265875,8
ozks,0.003135334,4
ozks,0.003379792,8
ozks,0.003362333,12
ozks,0.004256542,17
ozks,0.006205958,95
ozks,0.003683,15
ozks,0.0031585,8
ozks,0.003791708,11
ozks,0.004013959,30
ozks,0.015877667,564
ozks,0.003369333,9
ozks,0.004660292,69
ozks,0.003209375,3
ozks,0.003592916,9
ozks,0.003011125,5
ozks,0.003061333,6
ozks,0.003366208,8
ozks,0.004654,59
ozks,0.006938666,170
ozks,0.019590583,791
ozks,0.003282791,8
ozks,0.015215375,517
ozks,0.008599833,223
ozks,0.00311425,5
ozks,0.005904625,105
ozks,0.013926875,500
ozks,0.003023667,1
ozks,0.003385625,3
ozks,0.00683175,131
ozks,0.003309542,9
ozks,0.00352725,10
ozks,0.00447675,58
ozks,0.009413458,274
ozks,0.003375875,10
ozks,0.003249916,3
ozks,0.007413459,168
ozks,0.0031895,5
ozks,0.003696875,12
ozks,0.003081542,5
ozks,0.003349042,2
ozks,0.002950084,1
ozks,0.003908541,7
ozks,0.003242333,9
ozks,0.005706209,95
ozks,0.004031,35
ozks,0.003536666,11
ozks,0.003464709,11
ozks,0.006561,146
ozks,0.003584208,12
ozks,0.0025235,0
ozks,0.002952792,1
ozks,0.002945125,2
ozks,0.003627958,2
ozks,0.002526,0
ozks,0.002990541,2
ozks,0.00336725,2
ozks,0.003526333,12
ozks,0.019054291,741
ozks,0.004256542,30
ozks,0.006913875,158
ozks,0.002883959,1
ozks,0.017894458,668
ozks,0.003880167,22
ozks,0.003491334,10
ozks,0.003460834,8
ozks,0.004160625,46
ozks,0.002812709,1
ozks,0.003754208,24
ozks,0.00321275,7
ozks,0.004813625,76
ozks,0.003601084,9
ozks,0.006850625,142
ozks,0.004317792,35
ozks,0.003499709,8
ozks,0.003288292,4
ozks,0.002965833,1
ozks,0.003308708,10
ozks,0.006921166,106
ozks,0.004259959,45
ozks,0.00308025,5
ozks,0.004516125,51
ozks,0.003349125,14
ozks,0.003011208,7
ozks,0.003453625,13
ozks,0.003648125,18
ozks,0.003815875,18
ozks,0.004416708,47
ozks,0.015086333,538
ozks,0.008001459,222
ozks,0.004449458,21
ozks,0.003387917,5
ozks,0.00351875,13
ozks,0.007610875,188
ozks,0.00279825,1
ozks,0.003148083,10
ozks,0.004088959,36
ozks,0.004689667,52
ozks,0.00417775,30
ozks,0.003653042,27
ozks,0.005712541,107
ozks,0.00844325,236
ozks,0.004300208,54
ozks,0.009232792,268
ozks,0.021272666,803
ozks,0.00275,1
ozks,0.003219084,7
ozks,0.00211625,0
ozks,0.002939375,1
ozks,0.0050895,104
ozks,0.003041875,5
ozks,0.006361083,145
ozks,0.003092334,9
ozks,0.0030845,8
ozks,0.002311042,0
ozks,0.003399583,16
ozks,0.003761959,23
ozks,0.003103541,4
ozks,0.002971875,8
ozks,0.004170875,42
ozks,0.018447833,683
ozks,0.002972333,5
ozks,0.003146875,1
ozks,0.005262417,90
ozks,0.002173542,0
ozks,0.003881708,31
ozks,0.0023165,0
ozks,0.0079935,214
ozks,0.003049042,3
ozks,0.003217375,8
ozks,0.002940208,1
ozks,0.006492875,151
ozks,0.002928792,5
ozks,0.003098584,8
ozks,0.016990791,619
ozks,0.004582083,64
ozks,0.006331459,148
ozks,0.002292334,0
ozks,0.007951291,227
ozks,0.004031208,42
ozks,0.003280875,4
ozks,0.003093709,2
ozks,0.023506042,893
ozks,0.023101375,880
ozks,0.003388042,14
ozks,0.00543625,91
ozks,0.002884875,4
ozks,0.022366041,862
ozks,0.00318975,4
ozks,0.014588458,541
ozks,0.003123708,6
ozks,0.002964,3
ozks,0.004767833,52
ozks,0.003594209,1
ozks,0.002824916,3
ozks,0.006543792,130
ozks,0.003096625,1
ozks,0.003362084,11
ozks,0.002758334,3
ozks,0.010010125,325
ozks,0.023164125,893
ozks,0.005099833,70
ozks,0.016101125,608
ozks,0.003570959,21
ozks,0.002372458,0
ozks,0.007109667,139
ozks,0.0032415,7
ozks,0.005630791,123
ozks,0.005289083,80
ozks,0.00991375,303
ozks,0.007859125,202
ozks,0.005087292,85
ozks,0.019789416,734
ozks,0.004024417,27
ozks,0.004430083,43
ozks,0.003834958,23
ozks,0.007009792,139
ozks,0.004250917,8
ozks,0.002248334,0
ozks,0.003175125,2
ozks,0.02533375,983
ozks,0.005640958,107
ozks,0.002137833,0
ozks,0.022226708,830
ozks,0.00244425,0
ozks,0.023929208,905
ozks,0.009963208,302
ozks,0.005486583,107
ozks,0.002843416,2
ozks,0.021304667,848
ozks,0.005779375,78
ozks,0.002938333,7
ozks,0.00714875,111
ozks,0.007340458,142
ozks,0.002547875,0
ozks,0.002427708,0
ozks,0.003110459,6
ozks,0.003448125,19
ozks,0.00323675,1
ozks,0.002263125,0
ozks,0.003802083,17
ozks,0.004248834,49
ozks,0.003280625,3
ozks,0.005479291,85
ozks,0.002315208,0
ozks,0.003229541,9
ozks,0.002920834,4
ozks,0.003159084,9
ozks,0.003709041,30
ozks,0.003386042,6
ozks,0.003759375,28
ozks,0.02101375,767
ozks,0.007367416,182
ozks,0.005857333,99
ozks,0.003018416,5
ozks,0.004155625,12
ozks,0.002955125,6
ozks,0.002123625,0
ozks,0.00312825,2
ozks,0.005637083,102
ozks,0.003010709,1
ozks,0.002444875,0
ozks,0.0036525,27
ozks,0.003676167,20
ozks,0.003017541,6
ozks,0.003014208,4
ozks,0.002827791,1
ozks,0.003495834,3
ozks,0.002710708,2
ozks,0.002910167,3
ozks,0.00435975,49
ozks,0.00355075,17
ozks,0.0047,65
ozks,0.009960916,302
ozks,0.004315,41
ozks,0.003322709,11
ozks,0.008774333,248
ozks,0.002787,1
ozks,0.002873459,2
ozks,0.005402584,88
ozks,0.003892292,8
ozks,0.0023355,0
ozks,0.004043833,46
ozks,0.003220292,10
ozks,0.006298625,130
ozks,0.003059,5
ozks,0.013321792,445
ozks,0.002923709,3
ozks,0.003591,10
ozks,0.019390375,706
ozks,0.004586041,68
ozks,0.003020542,2
ozks,0.003546583,9
ozks,0.003836875,10
ozks,0.009439792,274
ozks,0.002338292,0
ozks,0.002969291,6
ozks,0.003407084,20
ozks,0.005026625,73
ozks,0.004017834,25
ozks,0.00400375,37
ozks,0.002357917,0
ozks,0.004350959,52
ozks,0.003872208,27
ozks,0.022124208,830
ozks,0.006905042,138
ozks,0.002812958,4
ozks,0.003256417,9
ozks,0.003357584,15
ozks,0.003509542,10
ozks,0.002740667,1
ozks,0.006683542,132
ozks,0.003285875,4
ozks,0.003826292,21
ozks,0.003652375,13
ozks,0.010033292,303
ozks,0.004610791,54
ozks,0.003624375,23
ozks,0.024464292,831
ozks,0.003875583,17
ozks,0.002425375,0
ozks,0.019869833,791
ozks,0.003412958,9
ozks,0.003170375,8
ozks,0.002314791,0
ozks,0.00326425,8
ozks,0.003487083,9
ozks,0.00413125,36
ozks,0.004218959,34
ozks,0.004980709,49
ozks,0.005849667,99
ozks,0.003063375,8
ozks,0.006649583,158
ozks,0.003727459,24
ozks,0.003505666,17
ozks,0.003339708,19
ozks,0.004956792,77
ozks,0.003031917,4
ozks,0.003043167,4
ozks,0.003338667,13
ozks,0.004103042,38
ozks,0.005028708,51
ozks,0.009835042,293
ozks,0.00308175,7
ozks,0.002967875,6
ozks,0.018267333,670
ozks,0.003433,14
ozks,0.021360208,790
ozks,0.005763875,117
ozks,0.002830333,2
ozks,0.002177417,0
ozks,0.003203209,8
ozks,0.005874667,121
ozks,0.003203625,7
ozks,0.003016625,1
ozks,0.003072208,6
ozks,0.004333541,48
ozks,0.003143334,10
ozks,0.0031695,6
ozks,0.003307125,7
ozks,0.003136333,8
ozks,0.003031583,6
ozks,0.004160208,42
ozks,0.00366825,13
ozks,0.003022416,4
ozks,0.003993084,38
ozks,0.00345575,8
ozks,0.003502833,1
ozks,0.002917375,1
ozks,0.0046415,68
ozks,0.004090833,44
ozks,0.002294292,0
ozks,0.003290875,2
ozks,0.003013,2
ozks,0.003004458,6
ozks,0.00369775,23
ozks,0.006089,118
ozks,0.002296791,0
ozks,0.004519792,50
ozks,0.00392025,11
ozks,0.003604042,20
ozks,0.002748792,1
ozks,0.00584225,115
ozks,0.016280333,582
ozks,0.002154833,0
ozks,0.023017541,904
ozks,0.003583,18
ozks,0.015897417,559
ozks,0.003178041,6
ozks,0.003328,10
ozks,0.0032955,11
ozks,0.023052792,771
ozks,0.003052375,6
ozks,0.003119458,2
ozks,0.003525959,19
ozks,0.003005875,1
ozks,0.015333291,540
ozks,0.004210208,45
ozks,0.00283925,4
ozks,0.003127458,1
ozks,0.005146209,70
ozks,0.00541125,83
ozks,0.004498167,46
ozks,0.003983709,35
ozks,0.003676417,22
ozks,0.003359709,11
ozks,0.002209958,0
ozks,0.002846167,1
ozks,0.002720666,1
ozks,0.004345666,60
ozks,0.003003541,1
ozks,0.002816,1
ozks,0.005067834,90
ozks,0.013249875,472
ozks,0.005501083,105
ozks,0.002920166,1
ozks,0.003840125,20
ozks,0.002951875,1
ozks,0.009728458,296
ozks,0.005074167,83
ozks,0.002965833,1
ozks,0.015981375,602
ozks,0.003387542,10
ozks,0.004172792,46
ozks,0.002702709,1
ozks,0.003106041,8
ozks,0.002922333,4
ozks,0.003389625,17
ozks,0.003810458,24
ozks,0.0069825,142
ozks,0.00397875,38
ozks,0.003897541,24
ozks,0.002327333,0
ozks,0.003358375,8
ozks,0.003478791,17
ozks,0.003341375,12
ozks,0.003175833,7
ozks,0.003844167,15
ozks,0.003393875,17
ozks,0.002847292,1
ozks,0.002891167,1
ozks,0.00360625,18
ozks,0.003618875,9
ozks,0.003128583,1
ozks,0.003817333,34
ozks,0.009136709,263
ozks,0.002990166,3
ozks,0.017721416,653
ozks,0.003040709,2
ozks,0.003320208,8
ozks,0.004545292,72
ozks,0.014480625,541
ozks,0.005005583,68
ozks,0.003493584,15
ozks,0.008580709,59
ozks,0.003943667,11
ozks,0.005345042,45
ozks,0.004428042,59
ozks,0.003687792,15
ozks,0.004488209,57
ozks,0.003418041,8
ozks,0.003188792,8
ozks,0.002394125,0
ozks,0.004328958,45
ozks,0.003191167,3
ozks,0.004521209,57
ozks,0.0023815,0
ozks,0.0027805,1
ozks,0.005544083,57
ozks,0.0028715,0
ozks,0.021431833,790
ozks,0.003284458,10
ozks,0.003015875,4
ozks,0.0034995,12
ozks,0.003050959,5
ozks,0.002494458,0
ozks,0.014391834,488
ozks,0.004112833,20
ozks,0.003642125,17
ozks,0.00417225,28
ozks,0.0023435,0
ozks,0.003652125,1
ozks,0.004327167,17
ozks,0.003689208,18
ozks,0.004905584,70
ozks,0.003411666,13
ozks,0.0176305,648
ozks,0.003311541,8
ozks,0.003808834,6
ozks,0.020726417,767
ozks,0.002809333,1
ozks,0.005606875,91
ozks,0.002973542,5
ozks,0.003139417,4
ozks,0.004965583,14
ozks,0.003311458,2
ozks,0.002456791,0
ozks,0.002873042,1
ozks,0.003883625,18
ozks,0.003670375,11
ozks,0.003392334,11
ozks,0.002989083,3
ozks,0.006326208,123
ozks,0.008633708,241
ozks,0.003196541,7
ozks,0.006335958,138
ozks,0.003473875,1
ozks,0.003368792,3
ozks,0.003221583,6
ozks,0.003129583,6
ozks,0.002494958,0
ozks,0.003223708,3
ozks,0.002246375,0
ozks,0.002328458,0
ozks,0.002904042,1
ozks,0.00368875,26
ozks,0.003066541,8
ozks,0.003331041,12
ozks,0.003379542,8
ozks,0.004474583,39
ozks,0.004003625,13
ozks,0.002899084,1
ozks,0.011198417,343
ozks,0.002692833,1
ozks,0.003536292,17
ozks,0.0068005,148
ozks,0.002254041,0
ozks,0.00462075,60
ozks,0.006311083,130
ozks,0.003119167,3
ozks,0.002341459,0
ozks,0.006462875,151
ozks,0.00380975,17
ozks,0.006734833,123
ozks,0.002920292,1
ozks,0.003731292,28
ozks,0.003572875,16
ozks,0.002731875,0
ozks,0.003644458,13
ozks,0.003032667,3
ozks,0.003534084,15
ozks,0.003629125,13
ozks,0.003000792,7
ozks,0.0029715,3
ozks,0.003445042,5
ozks,0.003132625,2
ozks,0.003518583,13
ozks,0.002884083,1
ozks,0.007988917,185
ozks,0.003990959,35
ozks,0.006749125,140
ozks,0.002700375,1
ozks,0.003684833,19
ozks,0.002916459,2
ozks,0.017433083,588
ozks,0.002913292,1
ozks,0.007718042,206
ozks,0.006920958,132
ozks,0.010054334,241
ozks,0.003338292,11
ozks,0.003378292,12
ozks,0.0078905,127
ozks,0.002969375,4
ozks,0.003389917,15
ozks,0.003147875,7
ozks,0.004006625,24
ozks,0.016322083,483
ozks,0.002865541,4
ozks,0.003898292,20
ozks,0.005737625,101
ozks,0.005489042,92
ozks,0.002811792,3
ozks,0.003202209,8
ozks,0.003886916,40
ozks,0.006601792,141
ozks,0.006587958,133
ozks,0.022778625,833
ozks,0.003395792,10
ozks,0.0033945,10
ozks,0.003984833,31
ozks,0.002802291,1
ozks,0.004293458,36
ozks,0.00309675,1
ozks,0.003143041,7
ozks,0.025527625,974
ozks,0.003444709,15
ozks,0.003733292,29
ozks,0.003706667,21
ozks,0.00323425,8
ozks,0.003100666,4
ozks,0.004648042,63
ozks,0.004568208,42
ozks,0.003928583,17
ozks,0.007580167,187
ozks,0.003342417,15
ozks,0.006933042,128
ozks,0.006338042,137
ozks,0.020570833,764
ozks,0.005625209,66
ozks,0.006017458,56
ozks,0.003757583,19
ozks,0.004123167,36
ozks,0.003142875,5
ozks,0.003425084,1
ozks,0.003329208,8
ozks,0.004978166,77
ozks,0.006220292,134
ozks,0.002325583,0
ozks,0.003182625,7
ozks,0.003695208,22
ozks,0.003766,22
ozks,0.003153458,9
ozks,0.002386292,0
ozks,0.009666833,264
ozks,0.003292541,5
ozks,0.021866834,706
ozks,0.004245209,41
ozks,0.003118833,7
ozks,0.004959084,71
ozks,0.003553375,14
ozks,0.002361167,0
ozks,0.006453625,127
ozks,0.008448125,184
ozks,0.003001125,7
ozks,0.004235834,38
ozks,0.005325667,86
ozks,0.003958375,37
ozks,0.009505084,274
ozks,0.014922791,382
ozks,0.00319825,8
ozks,0.003585083,17
ozks,0.006582833,146
ozks,0.005237917,71
ozks,0.003633625,17
ozks,0.002789792,1
ozks,0.004537584,42
ozks,0.003571,13
ozks,0.002987084,2
ozks,0.003698,18
ozks,0.003218375,6
ozks,0.002954167,1
ozks,0.0032435,10
ozks,0.004023084,22
ozks,0.009747416,325
ozks,0.002841,2
ozks,0.002729208,1
ozks,0.003236,9
ozks,0.003164792,7
ozks,0.004292667,49
ozks,0.002913958,3
ozks,0.002815667,1
ozks,0.005212083,69
ozks,0.003020334,2
ozks,0.003724584,17
ozks,0.002278541,0
ozks,0.003347458,9
ozks,0.003394917,10
ozks,0.005312916,84
ozks,0.002854375,1
ozks,0.013948792,495
ozks,0.003153125,9
ozks,0.003049208,2
ozks,0.004526458,50
ozks,0.002408292,0
ozks,0.003016625,3
ozks,0.003614792,21
ozks,0.006526542,148
ozks,0.004401125,43
ozks,0.00466575,58
ozks,0.008480583,246
ozks,0.002962,2
ozks,0.00435575,46
ozks,0.003626125,19
ozks,0.003227542,6
ozks,0.003102542,1
ozks,0.004372,26
ozks,0.002913791,1
ozks,0.003657708,19
ozks,0.003501583,14
ozks,0.002496667,0
ozks,0.003541833,16
ozks,0.003557667,13
ozks,0.002220625,0
ozks,0.004097292,8
ozks,0.003313166,10
ozks,0.016773417,558
ozks,0.003175625,2
ozks,0.003189125,7
ozks,0.0024225,0
ozks,0.009100209,263
ozks,0.004590292,56
ozks,0.009722,325
ozks,0.00411325,33
ozks,0.00493075,50
ozks,0.003244917,6
ozks,0.003085167,3
ozks,0.014947208,502
ozks,0.007883667,206
ozks,0.014990125,512
ozks,0.010080708,324
ozks,0.003052833,6
ozks,0.005063,92
ozks,0.00330375,10
ozks,0.004715875,55
ozks,0.003034833,2
ozks,0.008862875,164
ozks,0.00702975,162
ozks,0.014082459,476
ozks,0.005046292,90
ozks,0.004996708,80
ozks,0.004020375,9
ozks,0.002316292,0
ozks,0.003627875,12
ozks,0.003865666,26
ozks,0.003082208,7
ozks,0.003501167,15
ozks,0.003154541,9
ozks,0.003862916,21
ozks,0.00405025,28
ozks,0.003923333,32
ozks,0.002864208,3
ozks,0.004347125,56
ozks,0.002729291,1
ozks,0.006635541,158
ozks,0.00518975,89
ozks,0.005259,93
ozks,0.003958625,8
ozks,0.003278792,8
ozks,0.004668375,18
ozks,0.00284625,1
ozks,0.003478709,10
ozks,0.002892667,3
ozks,0.004054958,39
ozks,0.005973125,132
ozks,0.00307225,8
ozks,0.021933625,872
ozks,0.003059416,6
ozks,0.004856625,53
ozks,0.003518416,4
ozks,0.003014792,2
ozks,0.004839334,45
ozks,0.004341917,35
ozks,0.007897958,205
ozks,0.002872125,1
ozks,0.003573458,18
ozks,0.007056292,160
ozks,0.00313825,4
ozks,0.003072125,4
ozks,0.003006166,4
ozks,0.003576458,8
ozks,0.018566084,672
ozks,0.00392425,8
ozks,0.003450584,8
ozks,0.005466792,65
ozks,0.003100667,4
ozks,0.003008084,6
ozks,0.003819042,15
ozks,0.010140792,324
ozks,0.002710417,0
ozks,0.025569416,997
ozks,0.003083167,3
ozks,0.002825583,3
ozks,0.003769583,20
ozks,0.003526834,9
ozks,0.003962333,42
ozks,0.004220375,29
ozks,0.023016333,865
ozks,0.018727667,684
ozks,0.006975917,147
ozks,0.002654792,1
ozks,0.003572125,19
ozks,0.012559125,383
ozks,0.00441525,47
ozks,0.004508167,55
ozks,0.003725958,18
ozks,0.003917125,12
ozks,0.027105625,529
ozks,0.003702,13
ozks,0.003587792,23
ozks,0.0039565,28
ozks,0.002854792,1
ozks,0.0043665,52
ozks,0.002985833,3
ozks,0.003266375,10
ozks,0.00995675,324
ozks,0.004594125,53
ozks,0.003939333,32
ozks,0.005598,59
ozks,0.003120041,4
ozks,0.007177292,149
ozks,0.003782,22
ozks,0.003289292,8
ozks,0.0029435,1
ozks,0.003092375,10
ozks,0.003349417,10
ozks,0.002260791,0
ozks,0.00416875,20
ozks,0.007065125,148
ozks,0.004185583,16
ozks,0.003364792,7
ozks,0.003171875,1
ozks,0.005685125,101
ozks,0.005042625,85
ozks,0.003304459,8
ozks,0.004745916,72
ozks,0.002879333,3
ozks,0.0030125,6
ozks,0.003138833,2
ozks,0.00290025,2
ozks,0.002945375,4
ozks,0.003674375,14
ozks,0.003362125,13
ozks,0.007346833,185
ozks,0.002871333,6
ozks,0.003480209,4
ozks,0.003370917,8
ozks,0.003071708,4
ozks,0.003918541,25
ozks,0.002293375,0
ozks,0.005115709,93
ozks,0.003015542,10
ozks,0.008445875,233
ozks,0.00555075,17
ozks,0.002297792,0
ozks,0.003147458,8
ozks,0.004644291,10
ozks,0.004887334,54
ozks,0.004450375,6
ozks,0.003061375,1
ozks,0.003215542,0
ozks,0.007333625,181
ozks,0.002617875,0
ozks,0.004850791,76
ozks,0.003428291,7
ozks,0.005984125,115
ozks,0.003417167,6
ozks,0.003143125,5
ozks,0.009501125,285
ozks,0.003810167,26
ozks,0.003039334,3
ozks,0.003259625,8
ozks,0.003994041,47
ozks,0.0029875,7
ozks,0.003157291,9
ozks,0.018876166,728
ozks,0.003018042,6
ozks,0.004173083,53
ozks,0.007537291,198
ozks,0.003247875,9
ozks,0.003227917,8
ozks,0.008763042,234
ozks,0.0037315,12
ozks,0.022880791,807
ozks,0.003103917,9
ozks,0.003842667,13
ozks,0.0033085,13
ozks,0.019642917,702
ozks,0.003710292,31
ozks,0.026673292,993
ozks,0.003128458,5
ozks,0.003664208,16
ozks,0.00322925,4
ozks,0.02415625,919
ozks,0.003197625,5
ozks,0.006219417,92
ozks,0.002541041,0
ozks,0.00276025,0
ozks,0.036119958,799
ozks,0.012121667,354
ozks,0.004692833,63
ozks,0.005915625,123
ozks,0.003514,8
ozks,0.002958541,1
ozks,0.003283625,6
ozks,0.003431125,4
ozks,0.003204625,8
ozks,0.006606542,110
ozks,0.00419125,15
ozks,0.003728792,17
ozks,0.002777209,1
ozks,0.006178792,136
ozks,0.003536958,11
ozks,0.004185292,44
ozks,0.003703584,17
ozks,0.0036145,17
ozks,0.003503417,9
ozks,0.00363025,10
ozks,0.006660584,159
ozks,0.003407334,11
ozks,0.003616167,17
ozks,0.00412925,15
ozks,0.003040333,3
ozks,0.002889667,2
ozks,0.00341975,1
ozks,0.010438167,262
ozks,0.007169583,142
ozks,0.003888208,15
ozks,0.005207042,68
ozks,0.003995292,11
ozks,0.003209291,2
ozks,0.003647,10
ozks,0.003586334,7
ozks,0.003541917,1
ozks,0.003646875,13
ozks,0.004101208,22
ozks,0.010125166,328
ozks,0.002953834,1
ozks,0.003042583,6
ozks,0.004129416,29
ozks,0.002928083,3
ozks,0.00385125,33
ozks,0.00910675,245
ozks,0.00685075,149
ozks,0.003227417,5
ozks,0.004185458,28
ozks,0.006849833,92
ozks,0.0038295,17
ozks,0.020207542,646
ozks,0.003604333,9
ozks,0.022974791,830
ozks,0.00424375,36
ozks,0.003821542,18
ozks,0.004236042,27
ozks,0.003459541,5
ozks,0.003288959,3
ozks,0.010839834,322
ozks,0.004388042,59
ozks,0.00351625,1
ozks,0.004819375,67
ozks,0.012258708,383
ozks,0.00353675,8
ozks,0.003011375,1
ozks,0.004636291,61
ozks,0.002894458,1
ozks,0.003667709,15
ozks,0.003877917,31
ozks,0.00344325,6
ozks,0.003281292,8
ozks,0.002885666,2
ozks,0.003678959,9
ozks,0.00432375,13
ozks,0.004675042,42
ozks,0.0034685,11
ozks,0.006407333,142
ozks,0.003362083,8
ozks,0.003308958,6
ozks,0.004103292,43
ozks,0.003013209,3
ozks,0.003280125,8
ozks,0.024695917,931
ozks,0.002688917,0
ozks,0.003782542,18
ozks,0.003714625,6
ozks,0.005746792,98
ozks,0.010087541,303
ozks,0.004016125,34
ozks,0.005335209,76
ozks,0.002612833,0
ozks,0.002629458,0
ozks,0.003674542,8
ozks,0.003752084,27
ozks,0.003046667,6
ozks,0.004523416,43
ozks,0.00390375,35
ozks,0.005324292,57
ozks,0.017025208,545
ozks,0.002982125,1
ozks,0.003335875,11
ozks,0.003548375,13
ozks,0.004533875,58
ozks,0.003051875,5
ozks,0.002912459,3
ozks,0.002996083,2
ozks,0.003794042,13
ozks,0.004985959,39
ozks,0.005593666,101
ozks,0.005660083,80
ozks,0.003988791,8
ozks,0.002280666,0
ozks,0.002820042,1
ozks,0.002945959,3
ozks,0.0035835,15
ozks,0.002937917,3
ozks,0.003766959,14
ozks,0.003483958,13
ozks,0.0035675,13
ozks,0.003992833,31
ozks,0.003300875,8
ozks,0.00624925,134
ozks,0.003559708,9
ozks,0.002553959,0
ozks,0.003378584,13
ozks,0.002843458,1
ozks,0.02051325,759
ozks,0.00293575,2
ozks,0.003066708,6
ozks,0.003386083,7
ozks,0.003022917,5
ozks,0.0030665,7
ozks,0.00521175,22
ozks,0.003911292,17
ozks,0.002414291,0
ozks,0.003813916,11
ozks,0.005399084,86
ozks,0.006510792,149
ozks,0.003561833,21
ozks,0.003987583,17
ozks,0.004048667,44
ozks,0.003848833,25
ozks,0.003711333,30
ozks,0.003031291,6
ozks,0.003204,8
ozks,0.004503291,51
ozks,0.004282834,46
ozks,0.004215708,12
ozks,0.00376325,10
ozks,0.00859825,257
ozks,0.00303275,6
ozks,0.003749875,24
ozks,0.004999542,67
ozks,0.005104417,81
ozks,0.012124542,398
ozks,0.00375025,17
ozks,0.002797084,1
ozks,0.003072083,8
ozks,0.003859042,26
ozks,0.002783,2
ozks,0.004080834,20
ozks,0.007110166,117
ozks,0.003857583,26
ozks,0.006432334,126
ozks,0.003961,40
ozks,0.005187167,91
ozks,0.003054709,4
ozks,0.002961625,2
ozks,0.003803292,26
ozks,0.003979167,37
ozks,0.004052209,36
ozks,0.003405166,10
ozks,0.003291542,11
ozks,0.002778458,0
ozks,0.004499333,28
ozks,0.004271084,50
ozks,0.003293958,10
ozks,0.016686959,578
ozks,0.003943917,21
ozks,0.002771667,2
ozks,0.00416975,45
ozks,0.002386875,0
ozks,0.006353959,139
ozks,0.003187292,10
ozks,0.003582291,11
ozks,0.006699291,121
ozks,0.003843666,3
ozks,0.003004916,1
ozks,0.009436583,268
ozks,0.009848625,325
ozks,0.002391292,0
ozks,0.00540775,89
ozks,0.003161,6
ozks,0.005039625,80
ozks,0.003210375,6
ozks,0.003334167,7
ozks,0.006170208,141
ozks,0.008890417,213
ozks,0.004251792,56
ozks,0.013792292,463
ozks,0.002954334,1
ozks,0.004808,65
ozks,0.005879958,123
ozks,0.005562583,49
ozks,0.003887792,20
ozks,0.002235333,0
ozks,0.005760583,99
ozks,0.002221542,0
ozks,0.003230667,10
ozks,0.0037475,28
ozks,0.005070959,83
ozks,0.003213084,10
ozks,0.005072541,86
ozks,0.0035095,18
ozks,0.002886166,2
ozks,0.020342708,769
ozks,0.003164459,8
ozks,0.003747875,39
ozks,0.003727084,2
ozks,0.0044275,55
ozks,0.002251667,0
ozks,0.009759,229
ozks,0.017992791,649
ozks,0.003542708,18
ozks,0.010092416,303
ozks,0.005613334,87
ozks,0.003574375,21
ozks,0.005149958,70
ozks,0.006716417,152
ozks,0.006329666,134
ozks,0.003222166,10
ozks,0.0166655,528
ozks,0.00221675,0
ozks,0.003218625,4
ozks,0.003216209,10
ozks,0.0030095,2
ozks,0.002962291,7
ozks,0.003593833,21
ozks,0.003799375,22
ozks,0.003662375,23
ozks,0.003810041,25
ozks,0.003346417,9
ozks,0.003155459,8
ozks,0.002809292,3
ozks,0.004054833,8
ozks,0.005764792,110
ozks,0.004091959,31
ozks,0.005451917,101
ozks,0.003917917,37
ozks,0.00617625,128
ozks,0.003582541,17
ozks,0.003718084,23
ozks,0.003327792,9
ozks,0.002641084,1
ozks,0.013188333,441
ozks,0.003588958,13
ozks,0.007009375,129
ozks,0.003608917,17
ozks,0.002340333,0
ozks,0.003237417,4
ozks,0.005894542,125
ozks,0.003662541,13
ozks,0.002747709,1
ozks,0.014605875,541
ozks,0.0102745,342
ozks,0.003258666,8
ozks,0.010403167,322
ozks,0.003601584,12
ozks,0.003748208,3
ozks,0.002631792,1
ozks,0.003856417,17
ozks,0.002977167,4
ozks,0.002776375,2
ozks,0.003175875,8
ozks,0.003454834,8
ozks,0.015755208,518
ozks,0.003009875,8
ozks,0.005505291,84
ozks,0.009779667,302
ozks,0.006953291,181
ozks,0.003334292,17
ozks,0.004810792,50
ozks,0.002431541,0
ozks,0.003444667,20
ozks,0.002430291,0
ozks,0.010583417,225
ozks,0.003156584,2
ozks,0.003311958,2
ozks,0.003921166,35
ozks,0.009560083,274
ozks,0.002891291,4
ozks,0.016570417,565
ozks,0.012190167,370
ozks,0.007083,142
ozks,0.011350334,16
ozks,0.0041515,20
ozks,0.003452208,11
ozks,0.002780125,2
ozks,0.00399,23
ozks,0.003697584,12
ozks,0.004515042,43
ozks,0.002833291,1
ozks,0.003209166,2
ozks,0.026288875,983
ozks,0.006479292,140
ozks,0.007553084,174
ozks,0.003948833,2
ozks,0.0038895,21
ozks,0.019321917,714
ozks,0.00233075,0
ozks,0.003221042,4
ozks,0.00445375,46
ozks,0.00618775,132
ozks,0.003721375,15
ozks,0.003115416,4
ozks,0.005703125,104
ozks,0.002687583,0
ozks,0.003666542,23
ozks,0.01374975,504
ozks,0.003020833,5
ozks,0.018833916,685
ozks,0.009684833,268
ozks,0.004023584,26
ozks,0.004028875,26
ozks,0.006653083,147
ozks,0.01192725,384
ozks,0.003470958,13
ozks,0.003248917,6
ozks,0.002363041,0
ozks,0.004709167,71
ozks,0.004583583,52
ozks,0.003840333,16
ozks,0.003542292,13
ozks,0.005161458,68
ozks,0.003200791,9
ozks,0.004600875,52
ozks,0.005276792,88
ozks,0.002987667,5
ozks,0.005184583,92
ozks,0.004866583,68
ozks,0.006889333,158
ozks,0.003464041,15
ozks,0.003412375,10
ozks,0.011223209,273
ozks,0.002388542,0
ozks,0.00311825,2
ozks,0.003374,8
ozks,0.003037041,3
ozks,0.00372175,11
ozks,0.003249667,7
ozks,0.002942416,1
ozks,0.011064792,342
ozks,0.003024208,5
ozks,0.003442791,9
ozks,0.004822125,47
ozks,0.0041095,44
ozks,0.003391459,9
ozks,0.003706,17
ozks,0.003353292,9
ozks,0.005645542,98
ozks,0.003788834,20
ozks,0.002987667,3
ozks,0.003446792,14
ozks,0.003413625,17
ozks,0.021043958,790
ozks,0.002925625,1
ozks,0.003146167,10
ozks,0.023295667,885
ozks,0.003340334,2
ozks,0.01242675,420
ozks,0.002922,2
ozks,0.0036195,11
ozks,0.003488958,8
ozks,0.007673333,193
ozks,0.002961459,2
ozks,0.002987417,2
ozks,0.018908833,734
ozks,0.003520667,10
ozks,0.003060791,6
ozks,0.004807541,80
ozks,0.003645666,3
ozks,0.003524542,19
ozks,0.003034625,6
ozks,0.003013417,8
ozks,0.002428,0
ozks,0.002492042,0
ozks,0.003710958,19
ozks,0.003545625,11
ozks,0.004290959,32
ozks,0.004989292,45
ozks,0.002978541,5
ozks,0.023542792,953
ozks,0.004175625,36
ozks,0.020437791,742
ozks,0.002824458,1
ozks,0.00226325,0
ozks,0.004015125,39
ozks,0.00335425,8
ozks,0.004244959,49
ozks,0.002321833,0
ozks,0.004259875,31
ozks,0.003458375,8
ozks,0.016856125,607
ozks,0.003056834,1
ozks,0.002322584,0
ozks,0.004313833,12
ozks,0.00387275,32
ozks,0.004390708,56
ozks,0.002844833,3
ozks,0.0033315,13
ozks,0.003642458,26
ozks,0.011408708,389
ozks,0.004607625,66
ozks,0.002984416,6
ozks,0.004719167,66
ozks,0.002816875,1
ozks,0.004669417,54
ozks,0.003076792,8
ozks,0.00673025,140
ozks,0.00284125,1
ozks,0.003885916,30
ozks,0.002856084,3
ozks,0.004251959,42
ozks,0.004872125,49
ozks,0.003088958,5
ozks,0.003108292,8
ozks,0.002291625,0
ozks,0.003390667,13
ozks,0.005420166,93
ozks,0.008006083,226
ozks,0.004330167,21
ozks,0.010850791,338
ozks,0.003119458,4
ozks,0.003056833,8
ozks,0.005777458,107
ozks,0.006922,164
ozks,0.003339792,9
ozks,0.007079083,149
ozks,0.0039355,18
ozks,0.021832917,866
ozks,0.003931125,33
ozks,0.005364625,92
ozks,0.003135292,7
ozks,0.003709541,26
ozks,0.00313975,4
ozks,0.020513625,737
ozks,0.006800833,163
ozks,0.0027495,1
ozks,0.003066958,3
ozks,0.003717292,30
ozks,0.005383209,78
ozks,0.008481667,263
ozks,0.005114708,80
ozks,0.003122292,1
ozks,0.003629709,21
ozks,0.004287917,28
ozks,0.003880667,28
ozks,0.002881375,1
ozks,0.003211583,4
ozks,0.00349025,17
ozks,0.002244875,0
ozks,0.003422667,21
ozks,0.004669417,65
ozks,0.003483875,12
ozks,0.005755666,110
ozks,0.00305025,2
ozks,0.014579041,541
ozks,0.025337166,874
ozks,0.005239459,91
ozks,0.005764708,97
ozks,0.002972875,3
ozks,0.008925792,218
ozks,0.003048625,1
ozks,0.006554625,149
ozks,0.002225542,0
ozks,0.006432542,104
ozks,0.007956292,3
ozks,0.002669375,0
ozks,0.003524375,13
ozks,0.004989708,41
ozks,0.009742583,239
ozks,0.014187167,475
ozks,0.003376958,8
ozks,0.004723583,70
ozks,0.003593292,19
ozks,0.005239916,90
ozks,0.005554625,97
ozks,0.003153584,6
ozks,0.002712125,1
ozks,0.003257542,4
ozks,0.003160375,8
ozks,0.005126625,87
ozks,0.003191459,5
ozks,0.004187584,20
ozks,0.005049833,79
ozks,0.002871666,2
ozks,0.003135458,6
ozks,0.003362208,6
ozks,0.004036042,34
ozks,0.003979416,12
ozks,0.004895,76
ozks,0.00445825,43
ozks,0.002347167,0
ozks,0.003397917,8
ozks,0.003577959,8
ozks,0.003911,12
ozks,0.00237575,0
ozks,0.003189375,4
ozks,0.003105041,2
ozks,0.007133667,175
ozks,0.004907625,65
ozks,0.004987583,69
ozks,0.007476625,185
ozks,0.003790458,26
ozks,0.003075959,4
ozks,0.003124083,7
ozks,0.003658542,2
ozks,0.003576625,3
ozks,0.00289,2
ozks,0.003668416,17
ozks,0.00560925,111
ozks,0.005547083,115
ozks,0.003002041,1
ozks,0.003797125,25
ozks,0.004387167,32
ozks,0.006012708,119
ozks,0.011454083,291
ozks,0.003310708,9
ozks,0.01941175,715
ozks,0.003740167,8
ozks,0.003714667,5
ozks,0.003677,17
ozks,0.0037155,23
ozks,0.003245125,9
ozks,0.003153166,5
ozks,0.00889825,253
ozks,0.002365625,0
ozks,0.002988542,3
ozks,0.004118667,38
ozks,0.003661083,14
ozks,0.006149792,132
ozks,0.004845667,42
ozks,0.012167542,357
ozks,0.002300917,0
ozks,0.004260875,51
ozks,0.004165625,50
ozks,0.005312459,93
ozks,0.004566208,49
ozks,0.002749625,2
ozks,0.004367375,49
ozks,0.003055833,3
ozks,0.002895459,1
ozks,0.003320667,6
ozks,0.003939667,33
ozks,0.007182084,169
ozks,0.004057959,29
ozks,0.003699042,16
ozks,0.004323875,44
ozks,0.002914334,4
ozks,0.003213833,10
ozks,0.003962375,34
ozks,0.003012291,3
ozks,0.010985583,360
ozks,0.004275542,50
ozks,0.003028958,3
ozks,0.004664875,49
ozks,0.003077167,2
ozks,0.019389459,734
ozks,0.003768416,13
ozks,0.003357625,8
ozks,0.007612125,201
ozks,0.004201333,46
ozks,0.017623583,635
ozks,0.002622375,0
ozks,0.019403541,734
ozks,0.003268375,8
ozks,0.003102375,7
ozks,0.003222625,4
ozks,0.003010584,1
ozks,0.003810292,8
ozks,0.003254959,7
ozks,0.009829542,324
ozks,0.003878833,21
ozks,0.005660208,99
ozks,0.00928125,268
ozks,0.002954208,4
ozks,0.004827916,69
ozks,0.00302625,3
ozks,0.005132959,83
ozks,0.003064667,3
ozks,0.003493167,17
ozks,0.003104625,3
ozks,0.004247083,40
ozks,0.004460375,59
ozks,0.018424792,651
ozks,0.014236833,521
ozks,0.003377875,12
ozks,0.006130916,127
ozks,0.002507292,0
ozks,0.012039917,382
ozks,0.003302917,10
ozks,0.004676084,66
ozks,0.003682084,15
ozks,0.006356833,143
ozks,0.004349958,26
ozks,0.003088917,2
ozks,0.003142042,1
ozks,0.003748625,23
ozks,0.020021666,764
ozks,0.003428209,9
ozks,0.005491625,86
ozks,0.009656209,278
ozks,0.006083042,123
ozks,0.003223584,4
ozks,0.003445292,9
ozks,0.014772583,500
ozks,0.006779083,140
ozks,0.020193916,665
ozks,0.00296525,3
ozks,0.002275916,0
ozks,0.004361375,56
ozks,0.002810584,1
ozks,0.003136584,7
ozks,0.007508667,180
ozks,0.019612958,663
ozks,0.016095125,494
ozks,0.009184708,219
ozks,0.003920709,22
ozks,0.002429708,0
ozks,0.0025505,0
ozks,0.002931125,5
ozks,0.003603625,14
ozks,0.007132833,45
ozks,0.013655375,472
ozks,0.006716666,150
ozks,0.004863333,71
ozks,0.003950625,36
ozks,0.00840525,240
ozks,0.0047855,56
ozks,0.016776417,541
ozks,0.002946167,4
ozks,0.003694333,24
ozks,0.00539175,104
ozks,0.003491167,13
ozks,0.007241083,179
ozks,0.003987875,19
ozks,0.003089417,6
ozks,0.003563458,14
ozks,0.003185542,7
ozks,0.003091,3
ozks,0.005334875,62
ozks,0.005653042,50
ozks,0.00681675,158
ozks,0.004404792,41
ozks,0.003619209,14
ozks,0.002831833,2
ozks,0.003444333,16
ozks,0.005734375,108
ozks,0.00548825,106
ozks,0.003531417,22
ozks,0.00303175,9
ozks,0.004924,61
ozks,0.006422167,137
ozks,0.00268425,0
ozks,0.006481208,147
ozks,0.002996792,3
ozks,0.003170583,10
ozks,0.002433417,0
ozks,0.0247875,932
ozks,0.003440292,8
ozks,0.011741459,369
ozks,0.003276458,6
ozks,0.002970375,2
ozks,0.003032541,3
ozks,0.005345916,84
ozks,0.003638792,16
ozks,0.002999083,5
ozks,0.003730167,26
ozks,0.004919625,52
ozks,0.005205666,80
ozks,0.005588833,91
ozks,0.004357167,35
ozks,0.002770209,1
ozks,0.011787417,361
ozks,0.004170875,45
ozks,0.003566083,15
ozks,0.010034625,303
ozks,0.010682417,296
ozks,0.00345125,18
ozks,0.003153,8
ozks,0.003049042,3
ozks,0.00316925,7
ozks,0.003147209,5
ozks,0.006675583,141
ozks,0.006479583,141
ozks,0.002755542,1
ozks,0.004429084,55
ozks,0.005350542,89
ozks,0.002851167,2
ozks,0.004012458,14
ozks,0.003081917,7
ozks,0.005749625,110
ozks,0.002767417,2
ozks,0.003276458,1
ozks,0.003394959,1
ozks,0.003231958,5
ozks,0.002462708,0
ozks,0.003669459,11
ozks,0.008039708,223
ozks,0.002404667,0
ozks,0.002909625,5
ozks,0.002980083,3
ozks,0.004966791,36
ozks,0.008018208,217
ozks,0.00226225,0
ozks,0.003245875,4
ozks,0.0054595,92
ozks,0.004113209,42
ozks,0.003001917,4
ozks,0.003087041,9
ozks,0.003114208,7
ozks,0.003179333,4
ozks,0.00277875,1
ozks,0.003591083,13
ozks,0.004809042,60
ozks,0.002504708,0
ozks,0.00370975,13
ozks,0.003961958,35
ozks,0.003629625,15
ozks,0.00338025,6
ozks,0.0032805,11
ozks,0.0031745,8
ozks,0.003338208,4
ozks,0.004012333,3
ozks,0.022734208,880
ozks,0.002771333,1
ozks,0.016100875,445
ozks,0.003157709,5
ozks,0.002730083,1
ozks,0.004071042,37
ozks,0.004184875,43
ozks,0.00513,84
ozks,0.00474475,7
ozks,0.003917208,11
ozks,0.003466084,4
ozks,0.002999583,3
ozks,0.010198958,290
ozks,0.0032745,6
ozks,0.003832959,36
ozks,0.003678583,7
ozks,0.002874167,2
ozks,0.004038167,46
ozks,0.002969042,2
ozks,0.002836375,1
ozks,0.003732333,28
ozks,0.005659667,115
ozks,0.005054334,85
ozks,0.003538542,13
ozks,0.0022945,0
ozks,0.00299475,5
ozks,0.00315325,9
ozks,0.0051435,22
ozks,0.003608834,18
ozks,0.003111125,1
ozks,0.002505666,0
ozks,0.004650458,56
ozks,0.002936291,2
ozks,0.00331925,4
ozks,0.002295666,0
ozks,0.003157417,8
ozks,0.012593333,411
ozks,0.002192083,0
ozks,0.004040959,31
ozks,0.00342075,10
ozks,0.006419375,99
ozks,0.003924292,37
ozks,0.004196708,50
ozks,0.003189458,11
ozks,0.006679792,146
ozks,0.003305125,8
ozks,0.003170542,6
ozks,0.003317041,9
ozks,0.003603416,14
ozks,0.002259,0
ozks,0.002999292,7
ozks,0.0027465,1
ozks,0.003238625,1
ozks,0.002717167,2
ozks,0.004115666,34
ozks,0.00297375,0
ozks,0.003582083,8
ozks,0.0035345,7
ozks,0.005302792,81
ozks,0.007326417,158
ozks,0.009519167,268
ozks,0.004606292,49
ozks,0.003211125,10
ozks,0.005865958,100
ozks,0.003067125,2
ozks,0.003561584,13
ozks,0.002696917,1
ozks,0.004153625,37
ozks,0.0037415,21
ozks,0.003081833,4
ozks,0.002207,0
ozks,0.003615083,21
ozks,0.00353275,20
ozks,0.00740225,190
ozks,0.003219625,9
ozks,0.002950458,3
ozks,0.004469125,35
ozks,0.003425875,18
ozks,0.003370625,8
ozks,0.002855291,3
ozks,0.00404925,43
ozks,0.002958416,3
ozks,0.003795125,31
ozks,0.022258167,812
ozks,0.003151292,7
ozks,0.008686791,233
ozks,0.003104875,6
ozks,0.003424,11
ozks,0.004225417,10
ozks,0.003727958,17
ozks,0.003431333,12
ozks,0.005478875,99
ozks,0.006426083,159
ozks,0.00314475,8
ozks,0.006698,147
ozks,0.003057834,4
ozks,0.002916292,2
ozks,0.011823458,158
ozks,0.016520917,7
ozks,0.003351917,9
ozks,0.004792875,68
ozks,0.004802875,40
ozks,0.003055792,6
ozks,0.016768625,586
ozks,0.0034325,13
ozks,0.005458792,90
ozks,0.021139,791
ozks,0.002776542,1
ozks,0.005232125,95
ozks,0.002915334,5
ozks,0.003652417,23
ozks,0.006018292,127
ozks,0.00280625,3
ozks,0.003412291,4
ozks,0.003066458,3
ozks,0.004746292,58
ozks,0.00322925,10
ozks,0.006564625,162
ozks,0.010393791,303
ozks,0.004366875,60
ozks,0.00228725,0
ozks,0.00452375,49
ozks,0.005260083,79
ozks,0.002622333,0
ozks,0.004734791,62
ozks,0.00346,12
ozks,0.002786083,2
ozks,0.004151208,46
ozks,0.0021955,0
ozks,0.003501584,17
ozks,0.003414333,10
ozks,0.003674209,21
ozks,0.003451334,17
ozks,0.003312667,10
ozks,0.002956083,5
ozks,0.003581375,13
ozks,0.005114542,57
ozks,0.005132834,40
ozks,0.003711708,22
ozks,0.017527916,634
ozks,0.003972541,31
ozks,0.006711084,158
ozks,0.002360041,0
ozks,0.002784208,1
ozks,0.002729583,1
ozks,0.017417833,620
ozks,0.002933709,4
ozks,0.006433333,158
ozks,0.003077125,8
ozks,0.005368167,76
ozks,0.003055167,6
ozks,0.003339917,17
ozks,0.009587167,272
ozks,0.003060792,8
ozks,0.002928667,3
ozks,0.004029791,35
ozks,0.005078833,80
ozks,0.003352042,11
ozks,0.003673541,20
ozks,0.003573291,8
ozks,0.003299417,11
ozks,0.003173166,5
ozks,0.003648875,8
ozks,0.00283575,3
ozks,0.008159625,217
ozks,0.003927292,35
ozks,0.003011125,1
ozks,0.003257167,8
ozks,0.004523,68
ozks,0.014316708,430
ozks,0.004768375,76
ozks,0.003238042,0
ozks,0.003286208,11
ozks,0.003240375,10
ozks,0.0205555,641
ozks,0.003122583,8
ozks,0.004380125,42
ozks,0.005239834,96
ozks,0.003431166,13
ozks,0.003811042,28
ozks,0.003051708,6
ozks,0.003514291,15
ozks,0.007139125,176
ozks,0.003096083,7
ozks,0.002750959,2
ozks,0.008017208,208
ozks,0.004780667,32
ozks,0.010194334,325
ozks,0.003589292,13
ozks,0.010158958,325
ozks,0.010095208,302
ozks,0.006996792,163
ozks,0.002337541,0
ozks,0.002836084,3
ozks,0.002090667,0
ozks,0.00463825,65
ozks,0.002791167,1
ozks,0.002862667,5
ozks,0.007427042,154
ozks,0.004461417,22
ozks,0.006611083,137
ozks,0.003986125,36
ozks,0.00348425,8
ozks,0.005376417,99
ozks,0.004343875,62
ozks,0.003226125,2
ozks,0.004980166,68
ozks,0.005533708,85
ozks,0.00352575,17
ozks,0.004801667,58
ozks,0.003662291,12
ozks,0.007153833,175
ozks,0.0024055,0
ozks,0.005580333,99
ozks,0.005892708,99
ozks,0.003345875,13
ozks,0.003233541,4
ozks,0.004016125,35
ozks,0.003581834,17
ozks,0.003055959,8
ozks,0.008353834,39
ozks,0.003102916,3
ozks,0.004085459,46
ozks,0.006359666,84
ozks,0.009183291,264
ozks,0.002840542,1
ozks,0.003486666,11
ozks,0.002873333,1
ozks,0.008655542,243
ozks,0.003729584,14
ozks,0.017025833,596
ozks,0.004128916,26
ozks,0.003234458,7
ozks,0.005953834,107
ozks,0.003597791,18
ozks,0.002369042,0
ozks,0.003088958,8
ozks,0.003009291,3
ozks,0.002924083,1
ozks,0.003365292,7
ozks,0.003165041,5
ozks,0.005609042,99
ozks,0.024339125,915
ozks,0.019049458,683
ozks,0.003483708,14
ozks,0.006637875,147
ozks,0.002387042,0
ozks,0.003653792,12
ozks,0.004556209,52
ozks,0.003094667,4
ozks,0.010665,325
ozks,0.003198542,2
ozks,0.009617209,4
ozks,0.003648041,12
ozks,0.006506125,129
ozks,0.00302,5
ozks,0.025868875,983
ozks,0.003336833,9
ozks,0.003541166,10
ozks,0.017389458,522
ozks,0.004594167,26
ozks,0.002974583,6
ozks,0.009361333,274
ozks,0.006554875,137
ozks,0.007163417,158
ozks,0.003410208,10
ozks,0.00309775,5
ozks,0.00470075,64
ozks,0.003299709,8
ozks,0.004020125,25
ozks,0.003552792,17
ozks,0.002355792,0
ozks,0.007726833,157
ozks,0.004493666,25
ozks,0.003333041,11
ozks,0.004043917,38
ozks,0.003019833,3
ozks,0.003119875,4
ozks,0.00250275,0
ozks,0.002505208,0
ozks,0.003408667,10
ozks,0.002883084,1
ozks,0.003489125,10
ozks,0.004835417,53
ozks,0.009540459,218
ozks,0.0068515,158
ozks,0.0038905,24
ozks,0.022532625,852
ozks,0.012828167,413
ozks,0.003691125,22
ozks,0.003342458,9
ozks,0.002955333,1
ozks,0.006738792,146
ozks,0.018051625,650
ozks,0.00292825,3
ozks,0.019796625,724
ozks,0.003763583,12
ozks,0.005563792,115
ozks,0.007096792,165
ozks,0.003273208,10
ozks,0.004085041,26
ozks,0.002843875,1
ozks,0.003076667,8
ozks,0.002807334,1
ozks,0.004809792,75
ozks,0.003457,12
ozks,0.0031275,7
ozks,0.025487292,866
ozks,0.004040708,38
ozks,0.004430667,48
ozks,0.008318583,227
ozks,0.00339125,13
ozks,0.002858959,2
ozks,0.003073792,4
ozks,0.005726542,110
ozks,0.005908875,113
ozks,0.00324475,13
ozks,0.004782125,69
ozks,0.019086084,734
ozks,0.005490625,84
ozks,0.00405375,13
ozks,0.011389,355
ozks,0.005982375,111
ozks,0.003352,8
ozks,0.003060292,4
ozks,0.0035875,17
ozks,0.003443792,9
ozks,0.005684042,109
ozks,0.003142958,11
ozks,0.003864708,17
ozks,0.006223459,146
ozks,0.003599,6
ozks,0.003807958,13
ozks,0.004383458,35
ozks,0.003026208,8
ozks,0.004837958,77
ozks,0.003410292,13
ozks,0.006342667,137
ozks,0.003390292,12
ozks,0.002877791,1
ozks,0.003154125,7
ozks,0.002489542,0
ozks,0.017577417,617
ozks,0.003509125,1
ozks,0.003931875,1
ozks,0.003866041,35
ozks,0.003172875,8
ozks,0.00281925,1
ozks,0.003101667,6
ozks,0.002328417,0
ozks,0.003930917,28
ozks,0.00353275,19
ozks,0.003293458,3
ozks,0.0031165,3
ozks,0.025784917,958
ozks,0.00236275,0
ozks,0.002857166,2
ozks,0.00292775,3
ozks,0.004169625,42
ozks,0.003172709,7
ozks,0.007169417,169
ozks,0.0034195,11
ozks,0.0028365,2
ozks,0.0176365,665
ozks,0.003412375,17
ozks,0.003186375,1
ozks,0.003691875,17
ozks,0.003438042,9
ozks,0.004584375,39
ozks,0.003234083,4
ozks,0.004210791,45
ozks,0.004115375,42
ozks,0.004170583,45
ozks,0.002772917,1
ozks,0.006762292,158
ozks,0.004450625,57
ozks,0.0176715,635
ozks,0.010354417,302
ozks,0.003761542,26
ozks,0.004197166,46
ozks,0.00325225,6
ozks,0.00448825,27
ozks,0.003680791,17
ozks,0.004149417,44
ozks,0.018524666,656
ozks,0.00282825,2
ozks,0.003398042,12
ozks,0.003436417,17
ozks,0.010457209,319
ozks,0.003262583,6
ozks,0.003087875,6
ozks,0.02281125,838
ozks,0.002787917,1
ozks,0.00373675,12
ozks,0.004308875,47
ozks,0.007580291,191
ozks,0.002762083,2
ozks,0.003080458,7
ozks,0.003134125,6
ozks,0.003527208,13
ozks,0.003481375,13
ozks,0.004057584,42
ozks,0.002985375,1
ozks,0.005739208,107
ozks,0.004989167,70
ozks,0.003552,8
ozks,0.003604042,8
ozks,0.003360625,10
ozks,0.002538667,0
ozks,0.003421042,9
ozks,0.00297425,3
ozks,0.00277175,1
ozks,0.004014666,29
ozks,0.004303459,44
ozks,0.003115833,2
ozks,0.005408,81
ozks,0.004792166,46
ozks,0.005331875,86
ozks,0.003289292,4
ozks,0.004008542,4
ozks,0.015924375,564
ozks,0.002998375,1
ozks,0.003415708,5
ozks,0.00662025,147
ozks,0.004401458,48
ozks,0.01016075,325
ozks,0.003928417,14
ozks,0.003223667,2
ozks,0.003849209,35
ozks,0.003350708,9
ozks,0.002392833,0
ozks,0.003798667,11
ozks,0.0033405,14
ozks,0.003600375,16
ozks,0.006681334,140
ozks,0.00233575,0
ozks,0.005954,103
ozks,0.01533275,565
ozks,0.003675166,17
ozks,0.003444083,11
ozks,0.003473333,14
ozks,0.012185709,383
ozks,0.035255541,894
ozks,0.004009084,22
ozks,0.00401275,15
ozks,0.004515791,44
ozks,0.003154291,2
ozks,0.002796833,0
ozks,0.003187583,9
ozks,0.002864875,3
ozks,0.004346875,50
ozks,0.002344541,0
ozks,0.003943083,21
ozks,0.003456541,13
ozks,0.002944375,1
ozks,0.006454792,125
ozks,0.003490834,8
ozks,0.003108042,6
ozks,0.003465083,11
ozks,0.005403083,92
ozks,0.004124208,29
ozks,0.002955375,3
ozks,0.005943625,3
ozks,0.004090708,27
ozks,0.003096667,1
ozks,0.003449625,7
ozks,0.003813833,26
ozks,0.00297125,0
ozks,0.00403375,39
ozks,0.003489042,9
ozks,0.003056792,4
ozks,0.003024375,3
ozks,0.003493875,12
ozks,0.00230625,0
ozks,0.003517417,15
ozks,0.003131958,7
ozks,0.009133208,264
ozks,0.004988292,75
ozks,0.003805292,28
ozks,0.003842166,6
ozks,0.003574167,10
ozks,0.0084305,228
ozks,0.003092042,6
ozks,0.00308375,3
ozks,0.003581583,12
ozks,0.00879675,248
ozks,0.003329959,7
ozks,0.013557,464
ozks,0.004313083,38
ozks,0.0033555,10
ozks,0.004786,56
ozks,0.00384575,21
ozks,0.004121208,2
ozks,0.003089833,5
ozks,0.003506875,7
ozks,0.002965208,2
ozks,0.004050583,38
ozks,0.003716333,17
ozks,0.0050635,80
ozks,0.005358084,85
ozks,0.007273,179
ozks,0.003024083,5
ozks,0.002895791,1
ozks,0.002801292,1
ozks,0.004537542,44
ozks,0.004612708,17
ozks,0.003939292,25
ozks,0.00344,13
ozks,0.004145417,40
ozks,0.005949541,113
ozks,0.022506292,880
ozks,0.003159292,2
ozks,0.003536375,13
ozks,0.00535475,81
ozks,0.004476584,50
ozks,0.018547917,695
ozks,0.003952375,32
ozks,0.003201417,3
ozks,0.004098292,30
ozks,0.0113525,300
ozks,0.002379166,0
ozks,0.003643334,11
ozks,0.026630375,1000
ozks,0.003725833,16
ozks,0.0101965,325
ozks,0.003906959,15
ozks,0.002885834,1
ozks,0.003500875,12
ozks,0.012113625,385
ozks,0.006238209,60
ozks,0.00467925,76
ozks,0.003609708,20
ozks,0.002984542,3
ozks,0.002464541,0
ozks,0.014069583,461
ozks,0.003893791,19
ozks,0.005538709,93
ozks,0.002398042,0
ozks,0.004296959,43
ozks,0.003825459,17
ozks,0.004483166,56
ozks,0.003365833,3
ozks,0.005223375,67
ozks,0.022569458,828
ozks,0.006155167,111
ozks,0.002864458,1
ozks,0.003383583,11
ozks,0.003266583,2
ozks,0.003103208,5
ozks,0.003760833,20
ozks,0.003075625,5
ozks,0.003086375,6
ozks,0.004583875,43
ozks,0.003574834,15
ozks,0.004319125,46
ozks,0.00374675,18
ozks,0.002833417,1
ozks,0.004781709,68
ozks,0.003201458,11
ozks,0.006691833,155
ozks,0.012996916,431
ozks,0.010568583,315
ozks,0.006001208,88
ozks,0.003322125,5
ozks,0.004354917,49
ozks,0.003250583,10
ozks,0.006311583,139
ozks,0.003170833,3
ozks,0.002420792,0
ozks,0.004621917,54
ozks,0.00253925,0
ozks,0.002318292,0
ozks,0.003508958,19
ozks,0.003151792,2
ozks,0.003111958,6
ozks,0.003208083,10
ozks,0.00415675,40
ozks,0.003336959,13
ozks,0.003093459,2
ozks,0.004014375,27
ozks,0.002851958,1
ozks,0.004043333,20
ozks,0.023011334,907
ozks,0.002962833,3
ozks,0.003699625,22
ozks,0.003787416,24
ozks,0.004809125,44
ozks,0.003434416,8
ozks,0.0067185,144
ozks,0.004785625,52
ozks,0.0041115,20
ozks,0.006572375,44
ozks,0.004163291,26
ozks,0.003333042,11
ozks,0.002915792,3
ozks,0.005864958,87
ozks,0.003315667,8
ozks,0.013229667,410
ozks,0.003003917,1
ozks,0.003570209,8
ozks,0.007493834,182
ozks,0.02575175,932
ozks,0.003310125,5
ozks,0.006284583,77
ozks,0.007382916,178
ozks,0.003296458,8
ozks,0.016295042,583
ozks,0.003172125,1
ozks,0.002969042,1
ozks,0.003192125,3
ozks,0.003264292,4
ozks,0.006351709,136
ozks,0.003301416,4
ozks,0.014089625,495
ozks,0.005147458,59
ozks,0.004035375,9
ozks,0.005554041,89
ozks,0.024005,904
ozks,0.0035015,5
ozks,0.005930958,100
ozks,0.003333792,6
ozks,0.011441417,342
ozks,0.003772375,21
ozks,0.003470375,11
ozks,0.003334542,5
ozks,0.003462583,15
ozks,0.003860375,22
ozks,0.003388625,17
ozks,0.006653417,135
ozks,0.00290275,1
ozks,0.004055084,38
ozks,0.002314625,0
ozks,0.004794458,65
ozks,0.006403917,147
ozks,0.004223667,51
ozks,0.003390625,14
ozks,0.003022667,3
ozks,0.004931458,59
ozks,0.005529417,80
ozks,0.003169459,1
ozks,0.007748791,199
ozks,0.003557375,11
ozks,0.003529417,8
ozks,0.00367075,15
ozks,0.003725791,29
ozks,0.003305791,10
ozks,0.004214166,44
ozks,0.003438833,17
ozks,0.003468708,9
ozks,0.01910125,691
ozks,0.004951875,84
ozks,0.004769166,26
ozks,0.003033708,7
ozks,0.00448425,63
ozks,0.004174375,38
ozks,0.002264833,0
ozks,0.003208125,1
ozks,0.003503583,13
ozks,0.004911917,82
ozks,0.003445292,15
ozks,0.021760542,794
ozks,0.005316625,95
ozks,0.003073542,6
ozks,0.002948416,1
ozks,0.00337325,2
ozks,0.003102958,5
ozks,0.003341459,6
ozks,0.002757458,1
ozks,0.006309084,128
ozks,0.024457125,991
ozks,0.004680125,48
ozks,0.003184125,8
ozks,0.00335675,8
ozks,0.002878916,1
ozks,0.004484583,57
ozks,0.003125042,3
ozks,0.002921208,1
ozks,0.002781792,1
ozks,0.003243542,7
ozks,0.006281208,130
ozks,0.006989791,176
ozks,0.005526291,83
ozks,0.003984583,25
ozks,0.002766459,1
ozks,0.002815208,1
ozks,0.003273292,5
ozks,0.010092833,308
ozks,0.004293959,45
ozks,0.005093042,43
ozks,0.003194875,7
ozks,0.00417725,38
ozks,0.004741541,69
ozks,0.003205583,3
ozks,0.0192335,694
ozks,0.013301292,429
ozks,0.003253125,13
ozks,0.0049945,65
ozks,0.009691583,272
ozks,0.002993875,3
ozks,0.0049415,72
ozks,0.009699083,256
ozks,0.00229625,0
ozks,0.002363375,0
ozks,0.003031208,4
ozks,0.019141542,683
ozks,0.005816083,104
ozks,0.003605917,14
ozks,0.004726875,66
ozks,0.003275041,10
ozks,0.002368792,0
ozks,0.00326175,12
ozks,0.012724916,442
ozks,0.003058458,4
ozks,0.003182584,1
ozks,0.003157958,7
ozks,0.004572458,41
ozks,0.004528833,67
ozks,0.003028,6
ozks,0.003244833,7
ozks,0.002957167,3
ozks,0.004728417,50
ozks,0.003168875,2
ozks,0.006436834,133
ozks,0.003482667,10
ozks,0.003869666,25
ozks,0.00592975,127
ozks,0.006752167,114
ozks,0.002954,1
ozks,0.003751375,20
ozks,0.00337175,9
ozks,0.020009667,724
ozks,0.005313375,84
ozks,0.003553917,17
ozks,0.003312125,11
ozks,0.004343916,56
ozks,0.0053345,90
ozks,0.002618625,1
ozks,0.002733917,2
ozks,0.003316667,1
ozks,0.00217125,0
ozks,0.0035615,12
ozks,0.003778583,24
ozks,0.003336041,10
ozks,0.003192834,5
ozks,0.026654625,999
ozks,0.002955,1
ozks,0.003152417,8
ozks,0.013680083,456
ozks,0.005316209,99
ozks,0.003209375,8
ozks,0.003584417,9
ozks,0.011408459,352
ozks,0.006991208,184
ozks,0.004010791,25
ozks,0.019741917,715
ozks,0.003082375,9
ozks,0.025368709,983
ozks,0.003085667,7
ozks,0.003777834,13
ozks,0.003966958,24
ozks,0.00371125,21
ozks,0.02370125,905
ozks,0.003262042,8
ozks,0.002481125,0
ozks,0.002883875,2
ozks,0.0052105,96
ozks,0.003794625,23
ozks,0.002287583,0
ozks,0.002738958,1
ozks,0.004292541,48
ozks,0.003447583,10
ozks,0.002215709,0
ozks,0.0030905,1
ozks,0.003347375,10
ozks,0.003365584,8
ozks,0.003738083,3
ozks,0.003834125,17
ozks,0.003016959,8
ozks,0.00363375,17
ozks,0.003165542,3
ozks,0.003626917,15
ozks,0.006555333,139
ozks,0.007035959,156
ozks,0.003651333,12
ozks,0.002942416,1
ozks,0.004486875,51
ozks,0.00454325,42
ozks,0.003474,9
ozks,0.003778208,34
ozks,0.012733584,438
ozks,0.00269675,2
ozks,0.017860333,665
ozks,0.012853417,438
ozks,0.007406916,201
ozks,0.002336375,0
ozks,0.003232583,9
ozks,0.00358725,21
ozks,0.004929083,70
ozks,0.003163708,3
ozks,0.005578084,110
ozks,0.003695167,26
ozks,0.003027584,4
ozks,0.002891167,1
ozks,0.004139834,35
ozks,0.003370958,9
ozks,0.003020042,5
ozks,0.023301917,880
ozks,0.003333625,7
ozks,0.008524542,234
ozks,0.002255875,0
ozks,0.00561875,93
ozks,0.004040041,19
ozks,0.003112459,3
ozks,0.015866583,543
ozks,0.003586167,17
ozks,0.006037458,123
ozks,0.003468333,11
ozks,0.003663375,24
ozks,0.003530958,20
ozks,0.003019084,6
ozks,0.00219875,0
ozks,0.01486125,510
ozks,0.005186875,68
ozks,0.002563792,0
ozks,0.003011,5
ozks,0.003123334,3
ozks,0.002143291,0
ozks,0.003206083,7
ozks,0.004781792,77
ozks,0.002961208,1
ozks,0.003523209,11
ozks,0.004810833,44
ozks,0.022366416,833
ozks,0.005739709,122
ozks,0.023762042,894
ozks,0.003835917,12
ozks,0.00775225,157
ozks,0.00296575,2
ozks,0.002348583,0
ozks,0.003202458,8
ozks,0.00298375,3
ozks,0.002944416,3
ozks,0.004235542,48
ozks,0.002218875,0
ozks,0.00300875,4
ozks,0.003795791,18
ozks,0.002711958,1
ozks,0.003396916,7
ozks,0.00727275,137
ozks,0.003952542,18
ozks,0.002910459,5
ozks,0.004383,49
ozks,0.002763792,1
ozks,0.004865458,73
ozks,0.007194875,187
ozks,0.004219291,49
ozks,0.011575083,361
ozks,0.002270083,0
ozks,0.00660975,148
ozks,0.003609792,1
ozks,0.003205917,5
ozks,0.006281791,144
ozks,0.003806041,22
ozks,0.004177833,37
ozks,0.005054,62
ozks,0.00331,10
ozks,0.003611417,17
ozks,0.002991667,3
ozks,0.003284041,9
ozks,0.002916875,1
ozks,0.021078458,780
ozks,0.003974791,22
ozks,0.003252208,8
ozks,0.008669667,37
ozks,0.003978625,21
ozks,0.002412125,0
ozks,0.0030385,2
ozks,0.004663375,51
ozks,0.003405917,5
ozks,0.002264125,0
ozks,0.005653833,68
ozks,0.0043375,22
ozks,0.002943041,0
ozks,0.005799917,104
ozks,0.004443583,13
ozks,0.004493042,36
ozks,0.005147916,67
ozks,0.004207041,30
ozks,0.003224083,9
ozks,0.008672125,251
ozks,0.016959458,590
ozks,0.004327542,39
ozks,0.003049084,6
ozks,0.004760625,72
ozks,0.002915375,2
ozks,0.015485084,524
ozks,0.003105541,7
ozks,0.004742042,45
ozks,0.003051375,1
ozks,0.009984708,306
ozks,0.003225167,8
ozks,0.006706667,134
ozks,0.026564958,981
ozks,0.003820458,17
ozks,0.003537584,13
ozks,0.004389625,48
ozks,0.003482125,13
ozks,0.00348775,6
ozks,0.002930292,1
ozks,0.004606833,60
ozks,0.003405708,10
ozks,0.005897125,97
ozks,0.00396825,19
ozks,0.006872791,140
ozks,0.003306583,8
ozks,0.003106584,2
ozks,0.003550125,22
ozks,0.00302325,3
ozks,0.003558625,18
ozks,0.006579834,139
ozks,0.003383917,13
ozks,0.003630334,8
ozks,0.006712208,133
ozks,0.023888667,858
ozks,0.003640083,21
ozks,0.00302,3
ozks,0.004390541,12
ozks,0.003478,11
ozks,0.006732833,17
ozks,0.002939792,3
ozks,0.003673042,27
ozks,0.004490875,59
ozks,0.003660291,7
ozks,0.003889833,35
ozks,0.003816209,14
ozks,0.00971025,291
ozks,0.00311925,8
ozks,0.003565,11
ozks,0.002910917,1
ozks,0.009497917,279
ozks,0.003132958,6
ozks,0.003159666,1
ozks,0.006894375,140
ozks,0.003113209,1
ozks,0.003537875,9
ozks,0.009622334,234
ozks,0.003233459,2
ozks,0.017515083,619
ozks,0.003161834,7
ozks,0.002352834,0
ozks,0.003344542,9
ozks,0.005965125,124
ozks,0.004249167,48
ozks,0.003242959,5
ozks,0.00454725,48
ozks,0.021644625,807
ozks,0.005649542,121
ozks,0.003633334,5
ozks,0.003134208,5
ozks,0.005991417,126
ozks,0.012174792,419
ozks,0.004976375,75
ozks,0.0028735,4
ozks,0.003522542,17
ozks,0.004377334,55
ozks,0.010339042,325
ozks,0.004310167,9
ozks,0.006102167,115
ozks,0.007164917,122
ozks,0.003446542,12
ozks,0.004321958,21
ozks,0.00323275,4
ozks,0.00584875,111
ozks,0.004832792,62
ozks,0.003756333,26
ozks,0.004356834,51
ozks,0.003456125,10
ozks,0.003656625,25
ozks,0.00294675,2
ozks,0.006030125,101
ozks,0.002989833,3
ozks,0.0046345,28
ozks,0.003457125,22
ozks,0.003094958,3
ozks,0.017578541,530
ozks,0.004575792,36
ozks,0.020625791,682
ozks,0.020144083,715
ozks,0.004173584,39
ozks,0.021878792,764
ozks,0.003270542,3
ozks,0.004367583,52
ozks,0.027609,943
ozks,0.003347875,10
ozks,0.005180291,93
ozks,0.003395584,11
ozks,0.002990417,1
ozks,0.005441333,89
ozks,0.00338725,8
ozks,0.003802167,16
ozks,0.005617958,72
ozks,0.003198375,6
ozks,0.004296,47
ozks,0.005444041,101
ozks,0.003282584,6
ozks,0.004904875,34
ozks,0.00295825,2
ozks,0.004106792,35
ozks,0.007030958,148
ozks,0.007300625,178
ozks,0.006437791,137
ozks,0.009189792,173
ozks,0.016702834,635
ozks,0.004925333,70
ozks,0.003323916,8
ozks,0.0043905,35
ozks,0.003176167,7
ozks,0.003936875,8
ozks,0.004672333,55
ozks,0.002314792,0
ozks,0.021958083,799
ozks,0.00322575,6
ozks,0.004957125,92
ozks,0.002990542,2
ozks,0.007379209,153
ozks,0.003309042,7
ozks,0.007504791,188
ozks,0.024535167,991
ozks,0.00648425,147
ozks,0.003788333,8
ozks,0.006543833,131
ozks,0.003991875,25
ozks,0.002901166,1
ozks,0.002395792,0
ozks,0.003080458,5
ozks,0.003133459,8
ozks,0.0161085,583
ozks,0.006646834,137
ozks,0.00483825,64
ozks,0.003721125,15
ozks,0.010750875,329
ozks,0.003753917,10
ozks,0.0037465,14
ozks,0.003347125,6
ozks,0.00998075,325
ozks,0.003030667,1
ozks,0.003513125,14
ozks,0.002923917,2
ozks,0.003245667,7
ozks,0.003132625,4
ozks,0.002980666,1
ozks,0.006301792,129
ozks,0.002395958,0
ozks,0.004108917,32
ozks,0.003747667,18
ozks,0.003560667,20
ozks,0.004458959,27
ozks,0.003097667,4
ozks,0.003503209,14
ozks,0.003525334,11
ozks,0.003590125,17
ozks,0.002960542,1
ozks,0.003300209,9
ozks,0.003267875,9
ozks,0.003072625,6
ozks,0.003343,10
ozks,0.003446041,8
ozks,0.004656833,57
ozks,0.003304625,3
ozks,0.003690667,17
ozks,0.003459417,15
ozks,0.003493958,12
ozks,0.002723791,0
ozks,0.003673375,12
ozks,0.005757458,84
ozks,0.010859583,341
ozks,0.003182917,8
ozks,0.003071084,5
ozks,0.003621625,10
ozks,0.003678208,31
ozks,0.003529916,4
ozks,0.002863834,1
ozks,0.002818167,1
ozks,0.018979708,672
ozks,0.003239916,10
ozks,0.003705209,13
ozks,0.006571,137
ozks,0.003869875,20
ozks,0.021164666,773
ozks,0.003659959,26
ozks,0.003939125,23
ozks,0.004648958,67
ozks,0.003241292,3
ozks,0.003961041,28
ozks,0.006314166,139
ozks,0.004037791,42
ozks,0.002994333,1
ozks,0.002342,0
ozks,0.006127916,122
ozks,0.004172125,47
ozks,0.004520917,63
ozks,0.003705791,15
ozks,0.003937833,35
ozks,0.0034315,13
ozks,0.003327916,10
ozks,0.002814333,2
ozks,0.0048825,84
ozks,0.003171083,4
ozks,0.004933583,59
ozks,0.002829125,2
ozks,0.006665083,140
ozks,0.005488166,95
ozks,0.003736416,22
ozks,0.017922542,641
ozks,0.00322625,8
ozks,0.003664041,29
ozks,0.005891708,105
ozks,0.00304075,1
ozks,0.003487875,18
ozks,0.004168667,44
ozks,0.003364625,10
ozks,0.002821375,3
ozks,0.002468125,0
ozks,0.002896,1
ozks,0.003586666,17
ozks,0.014389459,483
ozks,0.002932125,3
ozks,0.003569166,15
ozks,0.004105375,31
ozks,0.003935542,30
ozks,0.003746458,33
ozks,0.003837042,36
ozks,0.002423208,0
ozks,0.002391917,0
ozks,0.00651375,135
ozks,0.002952,4
ozks,0.002838458,2
ozks,0.004261833,38
ozks,0.003482541,20
ozks,0.0036755,21
ozks,0.009240542,262
ozks,0.003465083,2
ozks,0.003445334,9
ozks,0.007598792,201
ozks,0.01261275,438
ozks,0.004294459,56
ozks,0.004638041,40
ozks,0.01056175,322
ozks,0.020693292,750
ozks,0.005805709,108
ozks,0.00344075,12
ozks,0.006055375,121
ozks,0.004115625,26
ozks,0.003021959,2
ozks,0.003032958,5
ozks,0.00335025,11
ozks,0.003350791,11
ozks,0.003250417,7
ozks,0.003547041,15
ozks,0.008987875,246
ozks,0.018357,664
ozks,0.006278833,121
ozks,0.002299583,0
ozks,0.003529333,14
ozks,0.002810875,3
ozks,0.005662709,49
ozks,0.004352584,34
ozks,0.003095958,4
ozks,0.002982834,6
ozks,0.003173541,6
ozks,0.002940542,3
ozks,0.003364959,8
ozks,0.002879708,2
ozks,0.012314666,419
ozks,0.0051315,77
ozks,0.003464959,19
ozks,0.00300375,2
ozks,0.004254125,22
ozks,0.002786125,1
ozks,0.003652583,9
ozks,0.003953791,12
ozks,0.003093792,4
ozks,0.004233792,38
ozks,0.002921291,3
ozks,0.009916083,325
ozks,0.003180417,10
ozks,0.003550042,23
ozks,0.003135084,3
ozks,0.003727709,27
ozks,0.002928625,2
ozks,0.003734583,10
ozks,0.004990917,47
ozks,0.004787209,71
ozks,0.004066167,35
ozks,0.004219542,50
ozks,0.002963084,4
ozks,0.009801625,325
ozks,0.006379084,147
ozks,0.006488625,129
ozks,0.003979959,15
ozks,0.003316666,13
ozks,0.004541875,44
ozks,0.00637525,102
ozks,0.009974875,325
ozks,0.002870375,2
ozks,0.002893,3
ozks,0.002903292,1
ozks,0.018386,667
ozks,0.010103041,324
ozks,0.003459583,8
ozks,0.002482041,0
ozks,0.004381042,36
ozks,0.002629791,1
ozks,0.0041805,45
ozks,0.003765625,10
ozks,0.003528791,17
ozks,0.009600666,297
ozks,0.002936,3
ozks,0.010572083,308
ozks,0.009637916,289
ozks,0.004575834,53
ozks,0.003513292,11
ozks,0.002866708,3
ozks,0.003496709,17
ozks,0.003018167,7
ozks,0.006666917,146
ozks,0.005625292,105
ozks,0.004433042,55
ozks,0.004567041,53
ozks,0.002954625,4
ozks,0.0033295,13
ozks,0.00305025,7
ozks,0.00343075,13
ozks,0.002308542,0
ozks,0.002230625,0
ozks,0.002277459,0
ozks,0.004770792,18
ozks,0.004582,35
ozks,0.003412709,1
ozks,0.003956416,11
ozks,0.003659625,35
ozks,0.002893875,3
ozks,0.004761041,47
ozks,0.003427042,15
ozks,0.002658667,1
ozks,0.004563458,49
ozks,0.006060542,124
ozks,0.004618666,56
ozks,0.004955417,78
ozks,0.003074417,4
ozks,0.003810916,10
ozks,0.007123,191
ozks,0.025928292,974
ozks,0.022353333,873
ozks,0.003375167,22
ozks,0.007647917,177
ozks,0.003367042,1
ozks,0.002919125,1
ozks,0.002232625,0
ozks,0.006810625,154
ozks,0.003175792,4
ozks,0.003944792,25
ozks,0.00521375,68
ozks,0.003512584,4
ozks,0.0037755,25
ozks,0.003021916,3
ozks,0.002828458,2
ozks,0.002150291,0
ozks,0.003763875,25
ozks,0.00352425,21
ozks,0.002822416,1
ozks,0.005222542,78
ozks,0.002914791,2
ozks,0.006724292,141
ozks,0.002868875,4
ozks,0.003629459,13
ozks,0.003205416,3
ozks,0.002834458,3
ozks,0.003022166,4
ozks,0.0031045,9
ozks,0.009369125,276
ozks,0.003856375,23
ozks,0.003359375,12
ozks,0.008583375,238
ozks,0.004193917,34
ozks,0.003317333,17
ozks,0.003057541,3
ozks,0.002246209,0
ozks,0.008401666,231
ozks,0.003839541,14
ozks,0.003430875,10
ozks,0.003242542,6
ozks,0.003330209,10
ozks,0.014887792,498
ozks,0.010191833,324
ozks,0.006648,147
ozks,0.0036265,17
ozks,0.003282541,8
ozks,0.0068675,1
ozks,0.003889917,15
ozks,0.00372475,20
ozks,0.003822417,8
ozks,0.003067542,1
ozks,0.002661375,0
ozks,0.003075125,5
ozks,0.021813667,849
ozks,0.003332583,4
ozks,0.006853958,166
ozks,0.003217542,8
ozks,0.003517875,21
ozks,0.002502542,0
ozks,0.002470791,0
ozks,0.003598125,25
ozks,0.003429375,10
ozks,0.003435875,4
ozks,0.005489833,91
ozks,0.004760125,69
ozks,0.010009834,291
ozks,0.004155167,30
ozks,0.002415542,0
ozks,0.002885583,4
ozks,0.003586084,15
ozks,0.002875541,2
ozks,0.010458083,323
ozks,0.0023165,0
ozks,0.003933208,35
ozks,0.003010042,1
ozks,0.003798459,10
ozks,0.002880208,6
ozks,0.004538,54
ozks,0.002449791,0
ozks,0.002899584,1
ozks,0.00313375,7
ozks,0.002493292,0
ozks,0.003418833,13
ozks,0.0044585,36
ozks,0.0051915,97
ozks,0.003515667,19
ozks,0.002187417,0
ozks,0.0038575,22
ozks,0.004016,32
ozks,0.002975333,6
ozks,0.003303625,8
ozks,0.003147,1
ozks,0.003195792,8
ozks,0.003165667,9
ozks,0.004745042,71
ozks,0.002877583,1
ozks,0.003412166,8
ozks,0.020762291,791
ozks,0.0154645,538
ozks,0.003622708,8
ozks,0.010125542,263
ozks,0.002966,3
ozks,0.004724084,66
ozks,0.003525375,7
ozks,0.003115958,1
ozks,0.003906375,34
ozks,0.007225542,181
ozks,0.0032695,11
ozks,0.002391584,0
ozks,0.003875375,26
ozks,0.00327475,8
ozks,0.003415417,9
ozks,0.003467167,3
ozks,0.00387,11
ozks,0.004136542,37
ozks,0.003622375,16
ozks,0.025051,966
ozks,0.003462167,8
ozks,0.003854959,17
ozks,0.003157334,2
ozks,0.003261459,11
ozks,0.003419417,11
ozks,0.003001417,3
ozks,0.002495209,0
ozks,0.003620917,1
ozks,0.004440833,33
ozks,0.009221417,243
ozks,0.002272875,0
ozks,0.006460417,128
ozks,0.006132875,0
ozks,0.010720209,323
ozks,0.005887958,111
ozks,0.004866583,62
ozks,0.016064708,538
ozks,0.003157583,5
ozks,0.004331416,53
ozks,0.008157,234
ozks,0.003645042,11
ozks,0.00562825,66
ozks,0.005128167,90
ozks,0.006124417,99
ozks,0.005599791,107
ozks,0.003551708,28
ozks,0.003792667,30
ozks,0.006452125,139
ozks,0.002962042,6
ozks,0.002829292,2
ozks,0.003046292,7
ozks,0.020091958,730
ozks,0.003949917,15
ozks,0.010636917,279
ozks,0.00314,8
ozks,0.002928,1
ozks,0.00313125,7
ozks,0.021538209,799
ozks,0.0023235,0
ozks,0.003147375,6
ozks,0.003601,23
ozks,0.003273833,3
ozks,0.003143791,6
ozks,0.00363625,8
ozks,0.0065525,99
ozks,0.005491209,109
ozks,0.002279375,0
ozks,0.009652959,254
ozks,0.0030275,4
ozks,0.00735025,169
ozks,0.0082675,212
ozks,0.025389125,991
ozks,0.002999833,1
ozks,0.003319125,4
ozks,0.00510975,63
ozks,0.003116708,5
ozks,0.004140334,22
ozks,0.003803459,4
ozks,0.004307375,46
ozks,0.00326,8
ozks,0.00314675,6
ozks,0.005945792,125
ozks,0.003359792,3
ozks,0.003181125,8
ozks,0.00238475,0
ozks,0.009683917,241
ozks,0.007375375,189
ozks,0.003783125,23
ozks,0.00447375,44
ozks,0.003605459,10
ozks,0.003127583,8
ozks,0.0032065,8
ozks,0.003002208,4
ozks,0.00339325,8
ozks,0.00402825,33
ozks,0.002883208,3
ozks,0.003534791,16
ozks,0.00903575,264
ozks,0.006736459,144
ozks,0.002728375,1
ozks,0.002831208,0
ozks,0.005038417,52
ozks,0.006132083,125
ozks,0.00369825,12
ozks,0.002443917,0
ozks,0.002334083,0
ozks,0.004013833,16
ozks,0.003797459,34
ozks,0.006946625,152
ozks,0.0034395,17
ozks,0.00420725,39
ozks,0.005464709,99
ozks,0.006840709,149
ozks,0.00276275,1
ozks,0.003420333,15
ozks,0.003056625,2
ozks,0.005896917,102
ozks,0.003009125,4
ozks,0.003358875,12
ozks,0.003452292,16
ozks,0.002358209,0
ozks,0.025367958,981
ozks,0.003645541,17
ozks,0.003805958,18
ozks,0.002174625,0
ozks,0.003221125,3
ozks,0.003915375,20
ozks,0.00477225,65
ozks,0.004204042,10
ozks,0.003252125,6
ozks,0.00352975,11
ozks,0.004275958,41
ozks,0.003652291,17
ozks,0.004684209,60
ozks,0.005772375,25
ozks,0.00323375,4
ozks,0.003269958,8
ozks,0.004922625,62
ozks,0.004496084,43
ozks,0.0034285,10
ozks,0.007751,149
ozks,0.004207459,19
ozks,0.005343167,91
ozks,0.003279541,11
ozks,0.002820083,2
ozks,0.00278625,1
ozks,0.002912917,5
ozks,0.002953333,3
ozks,0.004509416,45
ozks,0.003413958,10
ozks,0.003607791,25
ozks,0.006657,140
ozks,0.008145083,188
ozks,0.028098792,958
ozks,0.005872958,90
ozks,0.004147,46
ozks,0.005221958,92
ozks,0.0061205,117
ozks,0.003644084,17
ozks,0.00303025,4
ozks,0.003061417,8
ozks,0.003393542,11
ozks,0.014310459,521
ozks,0.002830208,1
ozks,0.004012042,19
ozks,0.004122834,12
ozks,0.00428,30
ozks,0.003441458,8
ozks,0.003712625,11
ozks,0.003064875,2
ozks,0.002957542,1
ozks,0.004191459,32
ozks,0.003535166,13
ozks,0.003930417,26
ozks,0.008320333,210
ozks,0.003154417,2
ozks,0.007819458,182
ozks,0.004518708,15
ozks,0.006164208,81
ozks,0.003214,1
ozks,0.003258166,7
ozks,0.004108292,36
ozks,0.005977584,91
ozks,0.003291208,2
ozks,0.003641,15
ozks,0.006449375,143
ozks,0.003521416,10
ozks,0.003555042,13
ozks,0.009591417,274
ozks,0.004676334,60
ozks,0.002865209,2
ozks,0.003562,9
ozks,0.003160334,6
ozks,0.003355959,8
ozks,0.002691625,1
ozks,0.024765167,865
ozks,0.009414,263
ozks,0.003676083,12
ozks,0.003209167,7
ozks,0.003382084,14
ozks,0.004385583,52
ozks,0.003027042,6
ozks,0.003166083,1
ozks,0.002943667,2
ozks,0.006033833,105
ozks,0.003302458,6
ozks,0.003814958,18
ozks,0.006186666,117
ozks,0.00388,30
ozks,0.002361,0
ozks,0.004331,36
ozks,0.004,13
ozks,0.003272042,11
ozks,0.002555666,0
ozks,0.0031825,3
ozks,0.003488708,2
ozks,0.009085166,208
ozks,0.002874958,1
ozks,0.002856208,2
ozks,0.004396334,51
ozks,0.00368575,21
ozks,0.002851458,2
ozks,0.003106042,4
ozks,0.002374334,0
ozks,0.003698833,16
ozks,0.007530125,184
ozks,0.006712334,147
ozks,0.0038695,16
ozks,0.0080925,217
ozks,0.003405167,4
ozks,0.0047955,54
ozks,0.005405375,91
ozks,0.003516375,10
ozks,0.006957917,143
ozks,0.002724583,0
ozks,0.01734325,597
ozks,0.002277375,0
ozks,0.003503833,18
ozks,0.006707084,148
ozks,0.003020584,7
ozks,0.006139,129
ozks,0.0037285,29
ozks,0.007033334,127
ozks,0.003037167,4
ozks,0.004164417,48
ozks,0.003271708,1
ozks,0.003763125,13
ozks,0.003116209,1
ozks,0.006638334,159
ozks,0.003407625,1
ozks,0.003785584,19
ozks,0.0046185,44
ozks,0.003283042,5
ozks,0.005680709,109
ozks,0.003396334,11
ozks,0.00333975,4
ozks,0.007002417,155
ozks,0.007071333,149
ozks,0.003746584,35
ozks,0.002265208,0
ozks,0.002823333,1
ozks,0.003599875,20
ozks,0.006388375,146
ozks,0.015411541,528
ozks,0.005182625,93
ozks,0.003421166,17
ozks,0.00452475,39
ozks,0.003297084,10
ozks,0.003120584,6
ozks,0.009298875,272
ozks,0.003475667,14
ozks,0.003609834,21
ozks,0.004569583,61
ozks,0.002954208,5
ozks,0.006505583,146
ozks,0.003189416,8
ozks,0.004276625,36
ozks,0.002972041,7
ozks,0.004276834,30
ozks,0.002138125,0
ozks,0.003409167,1
ozks,0.005273834,77
ozks,0.006609041,149
ozks,0.002379083,0
ozks,0.002313833,0
ozks,0.003013792,2
ozks,0.003634,21
ozks,0.002992625,3
ozks,0.022543708,858
ozks,0.004036375,39
ozks,0.003064,1
ozks,0.0039605,6
ozks,0.005759709,94
ozks,0.007158792,132
ozks,0.003114958,6
ozks,0.00308925,6
ozks,0.003504667,17
ozks,0.003496083,15
ozks,0.003842459,19
ozks,0.002392,0
ozks,0.023571708,929
ozks,0.005727083,91
ozks,0.003561917,18
ozks,0.0035015,12
ozks,0.003274208,10
ozks,0.003719042,6
ozks,0.006772875,144
ozks,0.006254125,143
ozks,0.002986708,4
ozks,0.003083291,5
ozks,0.010955,343
ozks,0.00365725,14
ozks,0.003531875,20
ozks,0.002994167,3
ozks,0.005209208,54
ozks,0.002967417,4
ozks,0.003420667,6
ozks,0.003053792,8
ozks,0.004033916,18
ozks,0.00280975,1
ozks,0.0074835,194
ozks,0.003950917,16
ozks,0.003670875,24
ozks,0.003025917,4
ozks,0.005001459,68
ozks,0.003077584,5
ozks,0.003326083,5
ozks,0.005075416,43
ozks,0.002926708,3
ozks,0.002587375,0
ozks,0.003835,39
ozks,0.004376083,56
ozks,0.004517041,56
ozks,0.003150709,10
ozks,0.003019209,1
ozks,0.003628,23
ozks,0.003986542,26
ozks,0.010527666,325
ozks,0.0028305,1
ozks,0.003204084,2
ozks,0.003799416,17
ozks,0.00360725,17
ozks,0.003443833,17
ozks,0.003596084,17
ozks,0.003841,34
ozks,0.003064375,6
ozks,0.003196708,4
ozks,0.0033295,12
ozks,0.002269459,0
ozks,0.01136025,378
ozks,0.004703,68
ozks,0.003321541,9
ozks,0.003646375,9
ozks,0.003783375,17
ozks,0.003552209,11
ozks,0.003062375,8
ozks,0.012096542,382
ozks,0.00668225,149
ozks,0.014505083,480
ozks,0.004811083,62
ozks,0.002912333,1
ozks,0.003825125,22
ozks,0.003527333,7
ozks,0.003186166,2
ozks,0.003482208,7
ozks,0.004016333,6
ozks,0.003608,8
ozks,0.0031815,1
ozks,0.003012167,6
ozks,0.003339334,1
ozks,0.003291875,8
ozks,0.003306666,12
ozks,0.007342834,192
ozks,0.002388875,0
ozks,0.006258542,121
ozks,0.006579042,149
ozks,0.003487916,13
ozks,0.002966958,1
ozks,0.00361675,10
ozks,0.004280917,45
ozks,0.002961417,3
ozks,0.00343375,17
ozks,0.002697459,1
ozks,0.002868042,1
ozks,0.00314775,8
ozks,0.003183166,1
ozks,0.003138459,8
ozks,0.003415958,17
ozks,0.004761875,67
ozks,0.019439084,717
ozks,0.004302917,46
ozks,0.003116542,8
ozks,0.003138667,9
ozks,0.003855458,16
ozks,0.003987083,34
ozks,0.003326083,8
ozks,0.019215125,672
ozks,0.003096375,2
ozks,0.003224375,9
ozks,0.006541708,160
ozks,0.004713875,54
ozks,0.004657875,64
ozks,0.004078584,13
ozks,0.003080917,1
ozks,0.005096792,84
ozks,0.002784584,3
ozks,0.004034417,19
ozks,0.004760209,24
ozks,0.002949833,0
ozks,0.002546125,0
ozks,0.004936417,21
ozks,0.004245291,33
ozks,0.004746833,56
ozks,0.002640042,0
ozks,0.003516208,12
ozks,0.003746875,17
ozks,0.008203167,199
ozks,0.003011125,5
ozks,0.002964917,3
ozks,0.014835375,498
ozks,0.002999541,4
ozks,0.004294375,34
ozks,0.022539417,836
ozks,0.003419416,19
ozks,0.004648625,60
ozks,0.024501958,908
ozks,0.0022585,0
ozks,0.003097875,3
ozks,0.003044583,1
ozks,0.004130541,13
ozks,0.019852542,708
ozks,0.003207291,4
ozks,0.004121875,44
ozks,0.003781125,14
ozks,0.0031155,9
ozks,0.003746584,20
ozks,0.002354625,0
ozks,0.003857792,22
ozks,0.02126125,767
ozks,0.002347166,0
ozks,0.003690542,2
ozks,0.004064958,26
ozks,0.003090625,8
ozks,0.002948125,3
ozks,0.003931416,17
ozks,0.003659875,31
ozks,0.002868,2
ozks,0.003425542,16
ozks,0.002888959,1
ozks,0.007009042,156
ozks,0.003094625,6
ozks,0.003888875,30
ozks,0.005826334,110
ozks,0.004693166,46
ozks,0.006728084,149
ozks,0.003007959,4
ozks,0.002851541,1
ozks,0.002831667,1
ozks,0.003987834,20
ozks,0.003856959,17
ozks,0.003228709,8
ozks,0.003871167,31
ozks,0.003048709,3
ozks,0.002994083,1
ozks,0.006991208,165
ozks,0.005879709,99
ozks,0.002979667,1
ozks,0.00742475,143
ozks,0.00405425,25
ozks,0.003730875,29
ozks,0.002871708,2
ozks,0.011695791,361
ozks,0.003720584,21
ozks,0.003009125,7
ozks,0.003112917,6
ozks,0.002798041,1
ozks,0.002921959,1
ozks,0.003922333,34
ozks,0.00316975,6
ozks,0.003706916,9
ozks,0.008893208,177
ozks,0.015200417,516
ozks,0.003885333,26
ozks,0.003194416,5
ozks,0.003666042,7
ozks,0.00375375,6
ozks,0.006942208,143
ozks,0.006330209,122
ozks,0.005159416,81
ozks,0.015056167,436
ozks,0.003204334,1
ozks,0.017520625,616
ozks,0.003314625,8
ozks,0.002989292,3
ozks,0.009224834,252
ozks,0.005471209,86
ozks,0.005133208,92
ozks,0.003583625,21
ozks,0.003390958,8
ozks,0.002996083,3
ozks,0.003614208,15
ozks,0.002996875,1
ozks,0.003590208,3
ozks,0.003350416,8
ozks,0.02690475,998
ozks,0.022354875,826
ozks,0.004994958,66
ozks,0.008889167,247
ozks,0.003638584,17
ozks,0.004172083,39
ozks,0.004745458,63
ozks,0.012881791,425
ozks,0.004047083,18
ozks,0.003184125,9
ozks,0.002890292,0
ozks,0.014069708,463
ozks,0.002408958,0
ozks,0.003214209,8
ozks,0.003229666,1
ozks,0.0036055,9
ozks,0.003795625,24
ozks,0.004362958,40
ozks,0.0037205,24
ozks,0.002953833,2
ozks,0.003318,9
ozks,0.004311,42
ozks,0.005450792,44
ozks,0.005227792,81
ozks,0.002901625,3
ozks,0.003102375,5
ozks,0.006153167,107
ozks,0.015088416,498
ozks,0.004274625,36
ozks,0.003248375,3
ozks,0.013756916,464
ozks,0.00320825,5
ozks,0.002379208,0
ozks,0.003921792,28
ozks,0.008194375,147
ozks,0.0035435,17
ozks,0.003094667,3
ozks,0.003092209,5
ozks,0.00662275,127
ozks,0.003409334,10
ozks,0.0029395,1
ozks,0.002672542,0
ozks,0.003154042,1
ozks,0.002968916,2
ozks,0.005112916,80
ozks,0.004199875,43
ozks,0.00543075,56
ozks,0.0030685,2
ozks,0.003592666,16
ozks,0.003405042,13
ozks,0.003065042,1
ozks,0.003218875,8
ozks,0.011965541,383
ozks,0.003456708,8
ozks,0.004277208,39
ozks,0.006634875,147
ozks,0.00412825,34
ozks,0.002959917,4
ozks,0.0032925,9
ozks,0.003229042,2
ozks,0.002930791,3
ozks,0.003266416,8
ozks,0.002991,5
ozks,0.003221,7
ozks,0.00357875,14
ozks,0.002404042,0
ozks,0.010404833,325
ozks,0.002330083,0
ozks,0.003270208,6
ozks,0.00390175,34
ozks,0.003712708,16
ozks,0.003849917,30
ozks,0.003930875,18
ozks,0.00448,49
ozks,0.003468916,12
ozks,0.003345042,11
ozks,0.003540208,17
ozks,0.003148416,5
ozks,0.002940167,3
ozks,0.004371042,48
ozks,0.003140917,6
ozks,0.003434125,12
ozks,0.002970041,2
ozks,0.003522291,13
ozks,0.022611667,826
ozks,0.002320709,0
ozks,0.003512042,8
ozks,0.003378208,11
ozks,0.004472042,56
ozks,0.004622875,57
ozks,0.003530667,13
ozks,0.003722375,16
ozks,0.007135834,158
ozks,0.00322475,8
ozks,0.003560625,11
ozks,0.004506417,63
ozks,0.002345416,0
ozks,0.011183167,335
ozks,0.002465958,0
ozks,0.003668208,13
ozks,0.003166208,10
ozks,0.003199541,8
ozks,0.0073945,74
ozks,0.004343917,52
ozks,0.004263333,40
ozks,0.005087875,41
ozks,0.002949291,0
ozks,0.003648666,9
ozks,0.005710292,78
ozks,0.007689667,180
ozks,0.003579083,10
ozks,0.002822125,0
ozks,0.003278416,6
ozks,0.012900416,413
ozks,0.004565708,57
ozks,0.00331025,9
ozks,0.004811709,46
ozks,0.003221625,8
ozks,0.0038145,9
ozks,0.0034345,9
ozks,0.003365333,14
ozks,0.006313583,126
ozks,0.003472,13
ozks,0.003196458,8
ozks,0.00489175,76
ozks,0.005203584,80
ozks,0.006790625,149
ozks,0.023446167,885
ozks,0.005296417,105
ozks,0.005162708,86
ozks,0.003788625,24
ozks,0.028238417,749
ozks,0.003187,1
ozks,0.003833167,22
ozks,0.00706275,169
ozks,0.003433,15
ozks,0.005355375,94
ozks,0.003136583,3
ozks,0.003382541,7
ozks,0.002159916,0
ozks,0.002757042,1
ozks,0.004871958,66
ozks,0.003669459,15
ozks,0.014136583,482
ozks,0.003401417,13
ozks,0.004071583,39
ozks,0.008222125,214
ozks,0.002883166,1
ozks,0.004737708,63
ozks,0.0034585,17
ozks,0.003987167,20
ozks,0.004481625,43
ozks,0.003263417,10
ozks,0.006994459,160
ozks,0.003387125,10
ozks,0.00501125,47
ozks,0.006477917,125
ozks,0.004425833,52
ozks,0.007060708,176
ozks,0.003771333,20
ozks,0.00375275,20
ozks,0.004894125,82
ozks,0.00636975,134
ozks,0.014906292,541
ozks,0.004220208,34
ozks,0.0035015,19
ozks,0.002759542,1
ozks,0.003504208,8
ozks,0.003794792,3
ozks,0.00500375,38
ozks,0.003163334,7
ozks,0.003149333,6
ozks,0.002895083,1
ozks,0.00333825,12
ozks,0.002349875,0
ozks,0.003296042,9
ozks,0.004840375,73
ozks,0.002518334,0
ozks,0.00459175,55
ozks,0.004103875,46
ozks,0.003823167,14
ozks,0.00484525,75
ozks,0.002823166,1
ozks,0.003232667,9
ozks,0.011167833,378
ozks,0.003076583,8
ozks,0.003021458,5
ozks,0.002413291,0
ozks,0.004163583,36
ozks,0.002723375,1
ozks,0.002227084,0
ozks,0.00293375,3
ozks,0.002876125,0
ozks,0.00359075,1
ozks,0.008765958,240
ozks,0.00651825,140
ozks,0.0033285,9
ozks,0.004154042,28
ozks,0.003336542,10
ozks,0.003905958,22
ozks,0.003114833,6
ozks,0.003420375,14
ozks,0.003069459,5
ozks,0.003153416,8
ozks,0.004399333,28
ozks,0.016761625,565
ozks,0.004944,66
ozks,0.002889875,2
ozks,0.002924459,1
ozks,0.006450375,141
ozks,0.004525042,38
ozks,0.002468291,0
ozks,0.005965459,97
ozks,0.019953667,724
ozks,0.009201459,264
ozks,0.014387708,492
ozks,0.003483292,10
ozks,0.005484792,88
ozks,0.005184542,72
ozks,0.003065584,2
ozks,0.003414875,8
ozks,0.002967083,3
ozks,0.002346125,0
ozks,0.003615875,21
ozks,0.005000333,71
ozks,0.002942417,1
ozks,0.002999042,4
ozks,0.014841125,541
ozks,0.003365417,2
ozks,0.003152333,8
ozks,0.019697417,714
ozks,0.003563,15
ozks,0.003872542,26
ozks,0.003070125,1
ozks,0.004173,36
ozks,0.003898167,36
ozks,0.003242709,14
ozks,0.002905709,1
ozks,0.02216425,830
ozks,0.003411125,10
ozks,0.003221834,9
ozks,0.004229459,20
ozks,0.003320084,6
ozks,0.003767709,19
ozks,0.003609625,13
ozks,0.0041145,43
ozks,0.0051625,85
ozks,0.003446208,15
ozks,0.003084167,4
ozks,0.00292175,1
ozks,0.005776917,103
ozks,0.002377667,0
ozks,0.010220792,314
ozks,0.00865925,252
ozks,0.003083791,3
ozks,0.003445292,11
ozks,0.003334917,12
ozks,0.003657916,25
ozks,0.003784,17
ozks,0.003185125,10
ozks,0.002460416,0
ozks,0.003040875,6
ozks,0.003141459,3
ozks,0.003489708,11
ozks,0.003735,26
ozks,0.002860083,2
ozks,0.006345542,135
ozks,0.003801958,5
ozks,0.004429541,31
ozks,0.003481833,9
ozks,0.003341459,11
ozks,0.004071083,33
ozks,0.003771416,20
ozks,0.020688667,730
ozks,0.003069959,7
ozks,0.00350525,16
ozks,0.00412525,40
ozks,0.00300225,1
ozks,0.003140417,8
ozks,0.003612834,20
ozks,0.017651291,565
ozks,0.005357959,71
ozks,0.002302375,0
ozks,0.005289583,89
ozks,0.00314875,1
ozks,0.003269375,8
ozks,0.002832792,1
ozks,0.004279,35
ozks,0.007036042,143
ozks,0.021190084,763
ozks,0.003281917,10
ozks,0.003563542,20
ozks,0.002603583,0
ozks,0.002910208,1
ozks,0.003106375,1
ozks,0.00249025,0
ozks,0.0032935,6
ozks,0.004091333,28
ozks,0.006407542,140
ozks,0.014748,511
ozks,0.003590125,18
ozks,0.003444041,4
ozks,0.00306825,5
ozks,0.011250875,343
ozks,0.003753,10
ozks,0.003583125,17
ozks,0.004228791,51
ozks,0.01078775,337
ozks,0.003168958,9
ozks,0.003358,10
ozks,0.006312833,135
ozks,0.0028495,4
ozks,0.003490458,17
ozks,0.006927625,164
ozks,0.023535416,929
ozks,0.004551875,58
ozks,0.00432575,18
ozks,0.00508875,44
ozks,0.003091666,7
ozks,0.005983875,117
ozks,0.0031735,2
ozks,0.003247541,10
ozks,0.0029615,2
ozks,0.003921,34
ozks,0.003745,17
ozks,0.01288225,417
ozks,0.003242542,8
ozks,0.006205458,143
ozks,0.003097209,2
ozks,0.00311925,2
ozks,0.003414542,6
ozks,0.006472625,149
ozks,0.002871792,2
ozks,0.0207335,751
ozks,0.0032,10
ozks,0.002934458,1
ozks,0.004425375,44
ozks,0.003070875,8
ozks,0.003151583,4
ozks,0.014795125,498
ozks,0.004565,54
ozks,0.003075917,2
ozks,0.003755,12
ozks,0.003578417,12
ozks,0.003106667,4
ozks,0.002390375,0
ozks,0.003126834,2
ozks,0.003926459,35
ozks,0.004314542,38
ozks,0.006080792,102
ozks,0.004337292,36
ozks,0.003037709,6
ozks,0.004320458,36
ozks,0.006055625,135
ozks,0.003756791,11
ozks,0.006678125,111
ozks,0.006146958,133
ozks,0.002964209,2
ozks,0.003197,6
ozks,0.012087667,385
ozks,0.004486458,48
ozks,0.003192792,1
ozks,0.003464958,13
ozks,0.00378575,24
ozks,0.003658083,18
ozks,0.003275166,6
ozks,0.00354975,13
ozks,0.004664625,29
ozks,0.003742541,3
ozks,0.002260542,0
ozks,0.00580125,123
ozks,0.00364375,17
ozks,0.00378425,24
ozks,0.003020167,1
ozks,0.003378292,16
ozks,0.003051125,6
ozks,0.004210167,38
ozks,0.003105959,8
ozks,0.006183042,136
ozks,0.003062542,4
ozks,0.004636875,66
ozks,0.003943875,36
ozks,0.004489583,41
ozks,0.004793416,76
ozks,0.0029475,2
ozks,0.007934708,207
ozks,0.003420375,10
ozks,0.005485833,110
ozks,0.005765875,101
ozks,0.005410959,85
ozks,0.003096708,3
ozks,0.003265708,6
ozks,0.003828166,22
ozks,0.003146958,2
ozks,0.009829666,278
ozks,0.003404042,6
ozks,0.020136583,738
ozks,0.005745459,110
ozks,0.004391083,39
ozks,0.003164667,8
ozks,0.006565917,142
ozks,0.016028125,550
ozks,0.003369292,10
ozks,0.003259875,8
ozks,0.004000125,8
ozks,0.017267583,596
ozks,0.019437917,741
ozks,0.003218375,10
ozks,0.0147625,541
ozks,0.003974042,29
ozks,0.002372292,0
ozks,0.005162,67
ozks,0.003087792,2
ozks,0.002640834,0
ozks,0.003713625,30
ozks,0.004343584,43
ozks,0.003879167,5
ozks,0.007895334,166
ozks,0.003476542,12
ozks,0.004751666,52
ozks,0.018109417,665
ozks,0.005384792,94
ozks,0.003795125,25
ozks,0.003374291,7
ozks,0.002593208,0
ozks,0.004511708,46
ozks,0.003931792,34
ozks,0.003189958,7
ozks,0.003815209,32
ozks,0.004920167,41
ozks,0.003767625,17
ozks,0.00307,3
ozks,0.004314167,43
ozks,0.003422709,9
ozks,0.002976834,1
ozks,0.004389541,43
ozks,0.003043458,6
ozks,0.003201333,7
ozks,0.002485625,0
ozks,0.003091208,1
ozks,0.003150208,7
ozks,0.002963334,1
ozks,0.003732083,13
ozks,0.005141834,80
ozks,0.003010125,4
ozks,0.003912917,36
ozks,0.002949708,4
ozks,0.00351975,21
ozks,0.005898917,107
ozks,0.00313175,9
ozks,0.003061125,3
ozks,0.003360542,11
ozks,0.005743917,112
ozks,0.003145958,4
ozks,0.018271666,165
ozks,0.002334583,0
ozks,0.002271417,0
ozks,0.00619125,125
ozks,0.003656375,13
ozks,0.00289775,1
ozks,0.010110833,324
ozks,0.003361375,14
ozks,0.003896791,18
ozks,0.002463584,0
ozks,0.009767,276
ozks,0.003833,6
ozks,0.005278209,56
ozks,0.0035405,12
ozks,0.003224375,3
ozks,0.00233575,0
ozks,0.004245042,45
ozks,0.003661833,12
ozks,0.003085708,7
ozks,0.00499425,60
ozks,0.003157584,3
ozks,0.003247834,9
ozks,0.004184083,37
ozks,0.004358417,23
ozks,0.003431834,7
ozks,0.005941875,114
ozks,0.006755583,162
ozks,0.003824583,12
ozks,0.00460725,55
ozks,0.003778083,19
ozks,0.002919792,1
ozks,0.002940042,2
ozks,0.003601666,21
ozks,0.004387833,43
ozks,0.002511083,0
ozks,0.003060583,2
ozks,0.006632792,135
ozks,0.005910334,106
ozks,0.0066015,135
ozks,0.003447792,8
ozks,0.003781542,23
ozks,0.003282042,5
ozks,0.003574959,12
ozks,0.006396458,143
ozks,0.002337792,0
ozks,0.007280958,155
ozks,0.003715,17
ozks,0.00435275,33
ozks,0.007147375,160
ozks,0.002856292,2
ozks,0.003083458,2
ozks,0.003169375,7
ozks,0.0033555,5
ozks,0.003549,17
ozks,0.002956375,2
ozks,0.003455291,12
ozks,0.004213125,45
ozks,0.0057775,114
ozks,0.0041015,14
ozks,0.00483975,33
ozks,0.003650625,17
ozks,0.003953875,30
ozks,0.00668375,133
ozks,0.003082208,4
ozks,0.006926458,146
ozks,0.004291458,43
ozks,0.005564958,93
ozks,0.01509325,523
ozks,0.011012333,361
ozks,0.002328792,0
ozks,0.00357125,12
ozks,0.003855,3
ozks,0.003040292,3
ozks,0.004824417,54
ozks,0.0037745,14
ozks,0.003400042,9
ozks,0.002903583,2
ozks,0.00312075,8
ozks,0.005845208,103
ozks,0.004220917,27
ozks,0.003034542,4
ozks,0.003247959,8
ozks,0.004935083,39
ozks,0.003240167,7
ozks,0.005146959,67
ozks,0.0152075,512
ozks,0.002874292,1
ozks,0.00761975,214
ozks,0.003169584,8
ozks,0.00323025,5
ozks,0.005837792,116
ozks,0.006673208,142
ozks,0.0040015,25
ozks,0.002261334,0
ozks,0.003165292,4
ozks,0.004605417,56
ozks,0.003080083,6
ozks,0.005515084,99
ozks,0.005152417,76
ozks,0.007374084,165
ozks,0.003041292,5
ozks,0.003189125,4
ozks,0.003318167,8
ozks,0.003548292,17
ozks,0.003822833,17
ozks,0.00286625,1
ozks,0.007964625,201
ozks,0.003590333,6
ozks,0.004024167,14
ozks,0.003067458,2
ozks,0.00291775,1
ozks,0.003638584,13
ozks,0.004857167,61
ozks,0.003700833,20
ozks,0.006326542,126
ozks,0.003514041,11
ozks,0.005536833,81
ozks,0.015012208,541
ozks,0.019563625,734
ozks,0.004221792,22
ozks,0.0039275,17
ozks,0.003365583,10
ozks,0.0047005,47
ozks,0.004113708,29
ozks,0.003458542,13
ozks,0.004089959,24
ozks,0.008587292,240
ozks,0.003972834,27
ozks,0.006274959,143
ozks,0.004516958,63
ozks,0.0033295,5
ozks,0.023516792,833
ozks,0.00377375,29
ozks,0.003142875,5
ozks,0.004688333,65
ozks,0.002937584,2
ozks,0.002852291,4
ozks,0.015803833,574
ozks,0.003004042,3
ozks,0.002759458,1
ozks,0.0028745,4
ozks,0.006636583,146
ozks,0.003496291,13
ozks,0.003412541,10
ozks,0.003960291,14
ozks,0.003247834,7
ozks,0.002291792,0
ozks,0.003131791,6
ozks,0.009531083,301
ozks,0.007950375,211
ozks,0.003680209,17
ozks,0.003486291,11
ozks,0.002957,1
ozks,0.006678084,133
ozks,0.002336084,0
ozks,0.003836875,31
ozks,0.003866375,23
ozks,0.006567,111
ozks,0.003161458,6
ozks,0.003279083,8
ozks,0.004748917,56
ozks,0.00405725,36
ozks,0.004123042,29
ozks,0.002823959,2
ozks,0.003517875,14
ozks,0.003331292,9
ozks,0.005754375,105
ozks,0.004369875,56
ozks,0.006325917,106
ozks,0.006032417,121
ozks,0.003423083,18
ozks,0.003959458,38
ozks,0.003322458,15
ozks,0.004256875,44
ozks,0.005429041,87
ozks,0.004583667,59
ozks,0.003576333,13
ozks,0.003677,25
ozks,0.003336167,10
ozks,0.002261334,0
ozks,0.005493875,109
ozks,0.004204083,23
ozks,0.004358917,51
ozks,0.004867333,56
ozks,0.004084334,41
ozks,0.00228825,0
ozks,0.005753708,99
ozks,0.007085583,152
ozks,0.003617917,15
ozks,0.023755584,930
ozks,0.0090565,256
ozks,0.004369791,51
ozks,0.003661625,8
ozks,0.002393,0
ozks,0.003267042,8
ozks,0.003024833,1
ozks,0.007508333,168
ozks,0.025001541,904
ozks,0.005721917,112
ozks,0.003205041,6
ozks,0.003717542,18
ozks,0.003874458,26
ozks,0.003521292,13
ozks,0.003451167,6
ozks,0.003620958,18
ozks,0.00393075,35
ozks,0.003626459,24
ozks,0.002951917,4
ozks,0.002755,1
ozks,0.003018167,6
ozks,0.004175625,25
ozks,0.002940709,6
ozks,0.024516875,991
ozks,0.011951625,370
ozks,0.002832292,1
ozks,0.002866,1
ozks,0.00769725,178
ozks,0.003841125,5
ozks,0.006589708,136
ozks,0.006661041,158
ozks,0.002918375,5
ozks,0.004054083,32
ozks,0.003485667,18
ozks,0.003315625,10
ozks,0.018518084,663
ozks,0.003388458,13
ozks,0.005092875,83
ozks,0.003199542,7
ozks,0.003106959,6
ozks,0.003250042,7
ozks,0.005172708,55
ozks,0.003531167,9
ozks,0.019977625,711
ozks,0.00233375,0
ozks,0.003267583,8
ozks,0.005243334,75
ozks,0.003449416,16
ozks,0.005365375,83
ozks,0.00288725,1
ozks,0.002351458,0
ozks,0.003137084,7
ozks,0.003072833,2
ozks,0.003258167,1
ozks,0.004780125,65
ozks,0.002950333,2
ozks,0.003014,6
ozks,0.005355667,93
ozks,0.005504292,76
ozks,0.006521917,146
ozks,0.003229917,7
ozks,0.008207458,201
ozks,0.010666167,343
ozks,0.003404875,6
ozks,0.003700833,17
ozks,0.003879375,14
ozks,0.003979041,24
ozks,0.005449417,99
ozks,0.00361675,20
ozks,0.00305175,4
ozks,0.00321525,4
ozks,0.003645417,21
ozks,0.004036292,31
ozks,0.002714041,0
ozks,0.003690458,19
ozks,0.00322825,8
ozks,0.003661041,12
ozks,0.003844291,22
ozks,0.003410959,8
ozks,0.00285525,1
ozks,0.012266708,382
ozks,0.003271167,4
ozks,0.003012042,2
ozks,0.020282917,791
ozks,0.003399166,11
ozks,0.00316325,3
ozks,0.006807125,146
ozks,0.0036685,20
ozks,0.003846333,13
ozks,0.004501875,37
ozks,0.007743375,158
ozks,0.002884667,1
ozks,0.003734834,10
ozks,0.003228875,9
ozks,0.003586959,10
ozks,0.003490708,17
ozks,0.00422025,36
ozks,0.004178208,42
ozks,0.003258083,4
ozks,0.003445833,19
ozks,0.003339459,2
ozks,0.006698917,137
ozks,0.002932208,3
ozks,0.002929208,1
ozks,0.003393583,11
ozks,0.015037167,541
ozks,0.010762791,319
ozks,0.004558625,56
ozks,0.003859,22
ozks,0.002425,0
ozks,0.00543875,93
ozks,0.003107542,3
ozks,0.002382833,0
ozks,0.005730542,106
ozks,0.004129959,37
ozks,0.004623,11
ozks,0.003019583,6
ozks,0.003281875,4
ozks,0.014854958,541
ozks,0.003284417,9
ozks,0.003149625,3
ozks,0.003221709,8
ozks,0.0045755,40
ozks,0.004981667,57
ozks,0.004887666,51
ozks,0.003978125,22
ozks,0.004312833,49
ozks,0.003254083,9
ozks,0.004421708,46
ozks,0.007918458,201
ozks,0.004453833,46
ozks,0.00312575,4
ozks,0.007842333,201
ozks,0.006787541,158
ozks,0.003011042,6
ozks,0.003622,11
ozks,0.003915875,23
ozks,0.015657709,538
ozks,0.003468291,6
ozks,0.003331625,2
ozks,0.00363075,16
ozks,0.003086042,6
ozks,0.004136041,25
ozks,0.003475875,8
ozks,0.003323167,9
ozks,0.003456917,7
ozks,0.002888042,3
ozks,0.022829583,876
ozks,0.003457166,15
ozks,0.013814417,489
ozks,0.004746458,58
ozks,0.002972834,4
ozks,0.005613041,42
ozks,0.003167958,4
ozks,0.00352575,10
ozks,0.01396575,457
ozks,0.003473667,11
ozks,0.007277459,0
ozks,0.00335325,5
ozks,0.003516125,9
ozks,0.004438083,59
ozks,0.003128709,4
ozks,0.002241542,0
ozks,0.003072708,6
ozks,0.006015,107
ozks,0.008156625,132
ozks,0.003548417,8
ozks,0.004803791,47
ozks,0.003815083,16
ozks,0.003284334,8
ozks,0.0229335,857
ozks,0.002406584,0
ozks,0.004757,54
ozks,0.003229583,8
ozks,0.003654292,13
ozks,0.009893584,325
ozks,0.003366459,11
ozks,0.003823291,16
ozks,0.0031635,8
ozks,0.006637417,153
ozks,0.002304833,0
ozks,0.004412792,52
ozks,0.002899708,1
ozks,0.002997417,5
ozks,0.004135041,32
ozks,0.016659375,588
ozks,0.004401125,48
ozks,0.002283667,0
ozks,0.003905208,16
ozks,0.003251333,9
ozks,0.0038775,27
ozks,0.021837875,790
ozks,0.002441584,0
ozks,0.006308125,139
ozks,0.003509708,14
ozks,0.0030005,3
ozks,0.00337225,7
ozks,0.002955167,3
ozks,0.004518042,36
ozks,0.003192708,8
ozks,0.007793167,164
ozks,0.003992542,36
ozks,0.003205833,3
ozks,0.0036045,14
ozks,0.004801292,35
ozks,0.003212166,1
ozks,0.002988792,1
ozks,0.003379667,9
ozks,0.002993125,6
ozks,0.011120459,325
ozks,0.003299042,8
ozks,0.009151625,244
ozks,0.015053875,506
ozks,0.003054208,5
ozks,0.002528542,0
ozks,0.002868083,1
ozks,0.003374583,2
ozks,0.002892125,1
ozks,0.003599041,8
ozks,0.003084125,6
ozks,0.003168875,8
ozks,0.003127625,7
ozks,0.004624834,57
ozks,0.004384458,27
ozks,0.002828042,1
ozks,0.01451575,521
ozks,0.006992083,182
ozks,0.00395625,26
ozks,0.003182042,6
ozks,0.004128709,5
ozks,0.003127333,2
ozks,0.014082542,472
ozks,0.00448675,48
ozks,0.003271542,6
ozks,0.00384325,24
ozks,0.003045375,2
ozks,0.006637875,143
ozks,0.005869709,111
ozks,0.003253792,8
ozks,0.003523625,10
ozks,0.005523208,81
ozks,0.004521583,31
ozks,0.003513834,16
ozks,0.005188792,85
ozks,0.003444833,11
ozks,0.008841167,245
ozks,0.00375975,13
ozks,0.003713416,17
ozks,0.003567625,11
ozks,0.002992833,3
ozks,0.009591708,279
ozks,0.003622958,20
ozks,0.00381225,20
ozks,0.003222416,2
ozks,0.004076875,6
ozks,0.002479041,0
ozks,0.013904625,458
ozks,0.00293975,1
ozks,0.003975083,31
ozks,0.002797792,1
ozks,0.003872875,7
ozks,0.002916333,2
ozks,0.00876425,234
ozks,0.003143125,2
ozks,0.003478083,16
ozks,0.003925083,17
ozks,0.012655791,355
ozks,0.003970709,3
ozks,0.023331541,880
ozks,0.003319375,8
ozks,0.003704583,15
ozks,0.002649625,0
ozks,0.003273041,8
ozks,0.005364166,89
ozks,0.00322925,1
ozks,0.006918416,162
ozks,0.005272792,64
ozks,0.010117,238
ozks,0.006736917,147
ozks,0.011592209,304
ozks,0.004774208,25
ozks,0.003095125,6
ozks,0.005863958,56
ozks,0.003433542,10
ozks,0.005049542,73
ozks,0.005767959,84
ozks,0.004451042,55
ozks,0.003214167,5
ozks,0.003057958,6
ozks,0.003448709,6
ozks,0.027995292,961
ozks,0.007588208,149
ozks,0.004779333,61
ozks,0.002323375,0
ozks,0.004340833,30
ozks,0.007697708,187
ozks,0.003838834,30
ozks,0.003048167,2
ozks,0.003441208,11
ozks,0.003363875,8
ozks,0.003428791,6
ozks,0.004001208,6
ozks,0.003901209,5
ozks,0.00583125,64
ozks,0.0079475,205
ozks,0.003521833,8
ozks,0.00229725,0
ozks,0.002543917,0
ozks,0.00342475,9
ozks,0.004003167,20
ozks,0.002778916,0
ozks,0.017060375,557
ozks,0.005867875,102
ozks,0.002998625,2
ozks,0.003753125,17
ozks,0.005896875,1
ozks,0.010877334,350
ozks,0.004374542,36
ozks,0.002616417,0
ozks,0.006597208,5
ozks,0.004782291,64
ozks,0.003192625,8
ozks,0.0029,2
ozks,0.002872125,2
ozks,0.00339425,10
ozks,0.00337225,10
ozks,0.010457833,325
ozks,0.003823458,8
ozks,0.0030365,1
ozks,0.002791791,1
ozks,0.004383417,6
ozks,0.004844583,48
ozks,0.009839875,274
ozks,0.008967625,262
ozks,0.005927167,106
ozks,0.003944416,37
ozks,0.004181792,38
ozks,0.0040135,38
ozks,0.006710208,146
ozks,0.011548,388
ozks,0.005657542,84
ozks,0.002429292,0
ozks,0.002312583,0
ozks,0.004978875,80
ozks,0.004038833,35
ozks,0.003494292,13
ozks,0.00371975,24
ozks,0.005119,92
ozks,0.003586833,12
ozks,0.005232708,89
ozks,0.012275833,357
ozks,0.003001292,3
ozks,0.004171917,38
ozks,0.004466208,50
ozks,0.00468825,48
ozks,0.003054292,4
ozks,0.004006541,25
ozks,0.003463375,10
ozks,0.004174875,23
ozks,0.005248375,101
ozks,0.003066625,6
ozks,0.003185292,3
ozks,0.002853917,2
ozks,0.00244625,0
ozks,0.003514625,9
ozks,0.003280417,5
ozks,0.00308975,6
ozks,0.015354,524
ozks,0.003142459,9
ozks,0.014026292,500
ozks,0.006369042,137
ozks,0.003380208,6
ozks,0.003377875,2
ozks,0.004174583,23
ozks,0.003709917,14
ozks,0.0033815,12
ozks,0.003664041,2
ozks,0.002423958,0
ozks,0.012174916,389
ozks,0.00542075,93
ozks,0.004711,45
ozks,0.003817375,23
ozks,0.00343925,10
ozks,0.009991708,325
ozks,0.003926,35
ozks,0.003325375,6
ozks,0.003599041,15
ozks,0.017685708,617
ozks,0.00356225,8
ozks,0.003863,30
ozks,0.003616084,14
ozks,0.003814417,26
ozks,0.003686334,13
ozks,0.004552042,50
ozks,0.003295583,2
ozks,0.004603792,46
ozks,0.003690708,25
ozks,0.007305292,181
ozks,0.003189083,3
ozks,0.006755334,139
ozks,0.003267792,9
ozks,0.003227666,0
ozks,0.003948667,22
ozks,0.003408208,16
ozks,0.004036167,31
ozks,0.003022208,1
ozks,0.025693208,955
ozks,0.004492083,45
ozks,0.003450208,11
ozks,0.003327959,6
ozks,0.003488416,17
ozks,0.003336167,8
ozks,0.004291625,39
ozks,0.021532041,763
ozks,0.00704725,158
ozks,0.006700458,136
ozks,0.003603084,13
ozks,0.009361291,264
ozks,0.003337375,8
ozks,0.004655542,69
ozks,0.003086708,4
ozks,0.003904208,30
ozks,0.00352125,4
ozks,0.003682125,21
ozks,0.011855708,369
ozks,0.003983583,33
ozks,0.005026292,28
ozks,0.005819041,116
ozks,0.005415791,89
ozks,0.004124208,36
ozks,0.003371958,10
ozks,0.009691875,291
ozks,0.00578525,108
ozks,0.003611083,16
ozks,0.002591708,0
ozks,0.00297525,1
ozks,0.003377542,7
ozks,0.003623959,17
ozks,0.004463875,13
ozks,0.002907917,1
ozks,0.003539458,17
ozks,0.003442041,12
ozks,0.00298175,1
ozks,0.003119167,1
ozks,0.003094042,6
ozks,0.006419709,124
ozks,0.005474708,75
ozks,0.003670417,13
ozks,0.003552125,12
ozks,0.0031435,9
ozks,0.005297667,40
ozks,0.004297125,27
ozks,0.003132375,6
ozks,0.003724083,21
ozks,0.011533209,352
ozks,0.003147,7
ozks,0.004123083,34
ozks,0.003541959,19
ozks,0.002568041,0
ozks,0.004820916,56
ozks,0.00560025,103
ozks,0.002536375,0
ozks,0.003907042,9
ozks,0.006834333,158
ozks,0.003022875,0
ozks,0.003261667,1
ozks,0.003465375,10
ozks,0.005736,111
ozks,0.00335875,8
ozks,0.003981959,22
ozks,0.003815875,14
ozks,0.003013584,1
ozks,0.003072042,3
ozks,0.003095875,2
ozks,0.005193417,76
ozks,0.003894458,4
ozks,0.00364475,13
ozks,0.002964208,1
ozks,0.002459666,0
ozks,0.014309292,475
ozks,0.003405792,8
ozks,0.002947542,1
ozks,0.003334458,2
ozks,0.003383417,8
ozks,0.002440292,0
ozks,0.005003625,69
ozks,0.002655334,0
ozks,0.006002833,77
ozks,0.004042708,30
ozks,0.0025495,0
ozks,0.004548084,52
ozks,0.003217875,8
ozks,0.003093333,4
ozks,0.004326459,46
ozks,0.004385208,44
ozks,0.003428,8
ozks,0.010090292,292
ozks,0.003467958,10
ozks,0.007188083,176
ozks,0.004249542,26
ozks,0.005760541,62
ozks,0.003173584,3
ozks,0.003186542,6
ozks,0.009069917,244
ozks,0.004258667,33
ozks,0.004859625,67
ozks,0.0057825,108
ozks,0.003862916,20
ozks,0.003684667,15
ozks,0.0044605,37
ozks,0.008916875,243
ozks,0.00457625,32
ozks,0.004061833,32
ozks,0.002316334,0
ozks,0.005376083,97
ozks,0.00297375,6
ozks,0.003211625,10
ozks,0.003823625,32
ozks,0.004584209,53
ozks,0.002882709,1
ozks,0.004875292,56
ozks,0.005357458,71
ozks,0.004028792,35
ozks,0.003179917,6
ozks,0.003189791,3
ozks,0.004869291,34
ozks,0.004693334,55
ozks,0.002380417,0
ozks,0.002875708,1
ozks,0.00285225,1
ozks,0.003704333,13
ozks,0.003122708,9
ozks,0.003207375,8
ozks,0.002938042,1
ozks,0.025207375,932
ozks,0.005837542,108
ozks,0.00231775,0
ozks,0.002412625,0
ozks,0.004230417,36
ozks,0.017574833,629
ozks,0.003966167,17
ozks,0.003964375,28
ozks,0.011585542,387
ozks,0.0038915,23
ozks,0.003549542,17
ozks,0.003879084,18
ozks,0.003122625,3
ozks,0.003961375,17
ozks,0.004080833,28
ozks,0.002928208,1
ozks,0.003106875,1
ozks,0.010134916,325
ozks,0.003222125,9
ozks,0.005287834,74
ozks,0.004578458,52
ozks,0.003622458,12
ozks,0.003403958,8
ozks,0.00435275,47
ozks,0.005328084,77
ozks,0.006300458,134
ozks,0.003603042,14
ozks,0.002846958,0
ozks,0.003255541,3
ozks,0.002901708,1
ozks,0.003555459,11
ozks,0.010005416,324
ozks,0.003005292,3
ozks,0.0161185,571
ozks,0.002339833,0
ozks,0.006043333,110
ozks,0.007938833,210
ozks,0.004117375,31
ozks,0.003282542,10
ozks,0.013535792,399
ozks,0.003820875,5
ozks,0.018159042,673
ozks,0.003311875,10
ozks,0.019498458,741
ozks,0.004339958,52
ozks,0.003108709,2
ozks,0.008191416,213
ozks,0.004212875,36
ozks,0.003192042,6
ozks,0.003517834,13
ozks,0.009775625,291
ozks,0.003364458,5
ozks,0.003309084,11
ozks,0.008714666,184
ozks,0.003332167,8
ozks,0.005100834,92
ozks,0.004881458,80
ozks,0.003252083,2
ozks,0.004106458,27
ozks,0.002845375,1
ozks,0.003153584,4
ozks,0.004541709,39
ozks,0.023315708,882
ozks,0.004246292,47
ozks,0.00468925,44
ozks,0.01704125,607
ozks,0.004286417,24
ozks,0.009319667,262
ozks,0.004864541,75
ozks,0.003316792,11
ozks,0.004996584,76
ozks,0.00713575,160
ozks,0.002870375,2
ozks,0.003172292,9
ozks,0.0041945,45
ozks,0.003318833,8
ozks,0.002857791,1
ozks,0.003354417,10
ozks,0.007520375,177
ozks,0.0028295,3
ozks,0.003704792,23
ozks,0.002808709,1
ozks,0.007126417,173
ozks,0.002905916,2
ozks,0.003814875,30
ozks,0.00308675,5
ozks,0.003110875,6
ozks,0.003829458,22
ozks,0.002961583,8
ozks,0.025587375,958
ozks,0.004196792,43
ozks,0.017714083,663
ozks,0.003351458,9
ozks,0.004138667,43
ozks,0.003750875,29
ozks,0.003570208,12
ozks,0.005449833,86
ozks,0.003687208,13
ozks,0.003057875,6
ozks,0.003389916,8
ozks,0.003779209,27
ozks,0.003149541,7
ozks,0.006371125,144
ozks,0.004305042,17
ozks,0.002424041,0
ozks,0.0031635,8
ozks,0.003247917,2
ozks,0.021538,791
ozks,0.003729583,26
ozks,0.003958375,22
ozks,0.004110125,38
ozks,0.004744166,53
ozks,0.00324725,8
ozks,0.00381275,19
ozks,0.006119584,131
ozks,0.00332825,6
ozks,0.002874125,0
ozks,0.003508708,14
ozks,0.003149875,8
ozks,0.004173541,36
ozks,0.003590917,20
ozks,0.005638791,107
ozks,0.003269792,3
ozks,0.003263583,8
ozks,0.004210208,32
ozks,0.003235833,10
ozks,0.003531917,15
ozks,0.003540333,13
ozks,0.019586458,695
ozks,0.003029958,4
ozks,0.003042333,3
ozks,0.018433709,651
ozks,0.003322042,7
ozks,0.003120291,7
ozks,0.00480425,53
ozks,0.003107375,5
ozks,0.004149709,50
ozks,0.003409042,8
ozks,0.002297834,0
ozks,0.003044875,6
ozks,0.002935875,1
ozks,0.005803959,68
ozks,0.0034195,8
ozks,0.003492584,8
ozks,0.003060375,4
ozks,0.003199625,8
ozks,0.00542125,100
ozks,0.0265915,1000
ozks,0.003459375,10
ozks,0.005252458,86
ozks,0.002981791,2
ozks,0.002857042,1
ozks,0.0030715,4
ozks,0.007121709,149
ozks,0.003802958,6
ozks,0.007129125,158
ozks,0.003171,3
ozks,0.003333042,4
ozks,0.003370666,1
ozks,0.003959958,21
ozks,0.00296475,2
ozks,0.005507833,84
ozks,0.011979417,355
ozks,0.010289625,287
ozks,0.003518042,12
ozks,0.003703667,17
ozks,0.0110745,285
ozks,0.003270958,3
ozks,0.003821375,19
ozks,0.003172833,1
ozks,0.005064459,69
ozks,0.004300959,53
ozks,0.003642083,22
ozks,0.006022167,123
ozks,0.003324,9
ozks,0.003106167,3
ozks,0.003789667,20
ozks,0.004611416,24
ozks,0.003692042,9
ozks,0.003258875,8
ozks,0.003228125,8
ozks,0.003015625,1
ozks,0.003220917,5
ozks,0.005907208,123
ozks,0.004068625,44
ozks,0.003492542,10
ozks,0.003155167,6
ozks,0.003796875,16
ozks,0.002861458,1
ozks,0.004137167,35
ozks,0.003753417,2
ozks,0.007893792,202
ozks,0.003168,8
ozks,0.00350425,12
ozks,0.002326667,0
ozks,0.006695458,138
ozks,0.011169,321
ozks,0.003767875,20
ozks,0.017307709,605
ozks,0.002612375,0
ozks,0.002478042,0
ozks,0.003554583,15
ozks,0.003359917,7
ozks,0.00443575,23
ozks,0.003498417,7
ozks,0.002834375,1
ozks,0.005078875,88
ozks,0.002859792,1
ozks,0.004268791,52
ozks,0.004283416,35
ozks,0.0036065,17
ozks,0.003225542,2
ozks,0.0031895,9
ozks,0.003299042,7
ozks,0.004493125,41
ozks,0.003669166,11
ozks,0.00352175,3
ozks,0.003094917,4
ozks,0.002944083,4
ozks,0.003860542,28
ozks,0.003248708,1
ozks,0.003168834,1
ozks,0.004232833,51
ozks,0.004687166,72
ozks,0.003049584,4
ozks,0.004030667,32
ozks,0.005014792,66
ozks,0.003521583,20
ozks,0.013193625,361
ozks,0.003701292,4
ozks,0.0032925,10
ozks,0.003804917,12
ozks,0.002492166,0
ozks,0.006395042,137
ozks,0.003041542,5
ozks,0.004121083,27
ozks,0.003263417,9
ozks,0.003951709,15
ozks,0.003049833,3
ozks,0.003202583,9
ozks,0.003682,14
ozks,0.018406875,673
ozks,0.003002834,4
ozks,0.002479709,0
ozks,0.003263584,7
ozks,0.018304542,669
ozks,0.016999917,613
ozks,0.012048208,379
ozks,0.010372625,311
ozks,0.004199917,42
ozks,0.008427583,140
ozks,0.009202042,256
ozks,0.019559416,738
ozks,0.003052584,6
ozks,0.003535417,9
ozks,0.00341075,12
ozks,0.003527541,12
ozks,0.00396575,31
ozks,0.003269375,1
ozks,0.0042525,47
ozks,0.005042792,82
ozks,0.003149125,8
ozks,0.005528041,89
ozks,0.003457166,17
ozks,0.003256917,11
ozks,0.004545375,17
ozks,0.003062625,3
ozks,0.007546334,190
ozks,0.004229458,39
ozks,0.002981792,3
ozks,0.004351833,44
ozks,0.002969,6
ozks,0.005159666,92
ozks,0.003368542,11
ozks,0.003541125,19
ozks,0.003508334,13
ozks,0.003580708,8
ozks,0.00717325,173
ozks,0.003066291,4
ozks,0.002888208,1
ozks,0.020459625,732
ozks,0.003440417,8
ozks,0.003102375,7
ozks,0.003645125,23
ozks,0.006884708,145
ozks,0.006191042,114
ozks,0.003495166,18
ozks,0.003088834,1
ozks,0.003284542,6
ozks,0.002924042,3
ozks,0.003906833,2
ozks,0.023621,904
ozks,0.003897959,27
ozks,0.003234875,8
ozks,0.006397375,139
ozks,0.002930875,3
ozks,0.004802833,54
ozks,0.009060375,255
ozks,0.003733167,25
ozks,0.003759584,25
ozks,0.005040209,83
ozks,0.003052417,2
ozks,0.005066083,37
ozks,0.0095085,296
ozks,0.002838292,1
ozks,0.002844667,1
ozks,0.003139792,5
ozks,0.003784041,23
ozks,0.002361458,0
ozks,0.00323425,6
ozks,0.003075625,2
ozks,0.006657042,134
ozks,0.003693042,15
ozks,0.003229,1
ozks,0.003214541,1
ozks,0.005135625,76
ozks,0.00589575,123
ozks,0.00400575,31
ozks,0.00498925,76
ozks,0.018096291,644
ozks,0.004371041,35
ozks,0.002342458,0
ozks,0.003644584,11
ozks,0.003845709,33
ozks,0.010939917,336
ozks,0.003054166,1
ozks,0.003740709,10
ozks,0.003131208,1
ozks,0.020320584,710
ozks,0.003397917,8
ozks,0.003497541,13
ozks,0.002981,3
ozks,0.003826542,13
ozks,0.003823792,26
ozks,0.012030375,369
ozks,0.004910125,65
ozks,0.003968208,12
ozks,0.004313334,45
ozks,0.004023833,36
ozks,0.002642417,0
ozks,0.003122625,7
ozks,0.017281417,605
ozks,0.010202,328
ozks,0.002974667,1
ozks,0.0029635,1
ozks,0.002362125,0
ozks,0.003107833,5
ozks,0.003337167,6
ozks,0.010109125,293
ozks,0.003832458,26
ozks,0.002654667,0
ozks,0.003642208,3
ozks,0.005149167,76
ozks,0.003258083,11
ozks,0.002345708,0
ozks,0.004216208,23
ozks,0.003476625,13
ozks,0.002424583,0
ozks,0.002882125,1
ozks,0.004413917,35
ozks,0.013726875,418
ozks,0.004010125,43
ozks,0.003546,12
ozks,0.003493917,16
ozks,0.008983875,228
ozks,0.003347875,2
ozks,0.003636125,8
ozks,0.003185333,7
ozks,0.006025792,118
ozks,0.003822166,19
ozks,0.002897042,1
ozks,0.002846208,1
ozks,0.003087625,4
ozks,0.003597,9
ozks,0.003627333,20
ozks,0.003388167,3
ozks,0.005319833,42
ozks,0.00358825,15
ozks,0.003700875,15
ozks,0.0162095,561
ozks,0.003062458,2
ozks,0.003599375,15
ozks,0.003049708,3
ozks,0.003305667,1
ozks,0.003931833,22
ozks,0.007365083,163
ozks,0.003525958,17
ozks,0.003702042,14
ozks,0.006178,74
ozks,0.003149375,3
ozks,0.003187166,8
ozks,0.0036125,15
ozks,0.003025,4
ozks,0.003508916,12
ozks,0.003490709,19
ozks,0.002911292,1
ozks,0.00392275,37
ozks,0.004127334,37
ozks,0.003836625,22
ozks,0.004011792,31
ozks,0.005271625,61
ozks,0.005934458,111
ozks,0.003922875,21
ozks,0.025163792,942
ozks,0.003173334,7
ozks,0.003559,18
ozks,0.004753,77
ozks,0.023339458,856
ozks,0.003541041,18
ozks,0.002431792,0
ozks,0.003058875,5
ozks,0.002526125,0
ozks,0.005497208,48
ozks,0.003790042,29
ozks,0.004131333,32
ozks,0.002977667,3
ozks,0.003090292,5
ozks,0.003429542,15
ozks,0.007881125,217
ozks,0.003179084,5
ozks,0.005565875,82
ozks,0.006622125,140
ozks,0.01803575,670
ozks,0.014134209,521
ozks,0.007899375,199
ozks,0.003600959,15
ozks,0.003402208,11
ozks,0.005492458,84
ozks,0.002977167,4
ozks,0.003527,10
ozks,0.00244775,0
ozks,0.003062875,10
ozks,0.002890625,1
ozks,0.0031655,7
ozks,0.002942084,1
ozks,0.002976625,4
ozks,0.002960291,3
ozks,0.004828417,34
ozks,0.019873709,743
ozks,0.003799708,35
ozks,0.004984417,91
ozks,0.00301225,2
ozks,0.003327666,9
ozks,0.003604542,23
ozks,0.002939292,1
ozks,0.003477334,11
ozks,0.003006167,1
ozks,0.007024666,154
ozks,0.010393542,324
ozks,0.016004792,548
ozks,0.003619333,17
ozks,0.00294675,1
ozks,0.002806041,1
ozks,0.003086917,8
ozks,0.004057875,22
ozks,0.003861042,38
ozks,0.004143,39
ozks,0.003189,8
ozks,0.002363667,0
ozks,0.003582459,10
ozks,0.003071542,1
ozks,0.003618875,11
ozks,0.006186917,141
ozks,0.003437791,15
ozks,0.004487209,38
ozks,0.002304542,0
ozks,0.003696916,22
ozks,0.004079,39
ozks,0.0036225,16
ozks,0.00377025,20
ozks,0.003763834,31
ozks,0.003730541,21
ozks,0.0047065,65
ozks,0.003861625,1
ozks,0.005044208,89
ozks,0.00361675,19
ozks,0.007631958,193
ozks,0.003085708,5
ozks,0.004247542,48
ozks,0.00368525,17
ozks,0.003886041,29
ozks,0.003075375,7
ozks,0.00326025,7
ozks,0.002474167,0
ozks,0.003714959,13
ozks,0.003825041,29
ozks,0.005548,20
ozks,0.005037167,68
ozks,0.012229,389
ozks,0.003095833,5
ozks,0.006476166,136
ozks,0.003547458,17
ozks,0.010804375,320
ozks,0.00373875,19
ozks,0.003895958,34
ozks,0.002935375,2
ozks,0.002920417,2
ozks,0.003089833,5
ozks,0.00541825,80
ozks,0.003011417,4
ozks,0.0039205,16
ozks,0.00236225,0
ozks,0.002881125,1
ozks,0.003075834,5
ozks,0.003461542,10
ozks,0.003172375,4
ozks,0.004616458,61
ozks,0.003260042,10
ozks,0.002963208,4
ozks,0.002384375,0
ozks,0.002377458,0
ozks,0.007815542,142
ozks,0.003091125,1
ozks,0.003817,24
ozks,0.0202635,769
ozks,0.005228083,69
ozks,0.003156666,4
ozks,0.003283708,7
ozks,0.003466125,11
ozks,0.006801708,147
ozks,0.0023565,0
ozks,0.00316925,8
ozks,0.004003209,30
ozks,0.003165792,6
ozks,0.002874458,1
ozks,0.003243167,8
ozks,0.004413,39
ozks,0.003144292,8
ozks,0.003,4
ozks,0.00424675,44
ozks,0.002387042,0
ozks,0.003514916,15
ozks,0.003983292,33
ozks,0.004785208,60
ozks,0.004364875,35
ozks,0.004472416,28
ozks,0.002619875,0
ozks,0.009550875,291
ozks,0.004348333,48
ozks,0.005292584,80
ozks,0.003343375,9
ozks,0.003955708,28
ozks,0.003808458,25
ozks,0.00314675,5
ozks,0.004099125,27
ozks,0.004033792,30
ozks,0.005290083,42
ozks,0.004312666,37
ozks,0.002944167,2
ozks,0.003678791,20
ozks,0.011349792,343
ozks,0.003282292,3
ozks,0.003609041,13
ozks,0.003266583,9
ozks,0.002914375,2
ozks,0.003017333,2
ozks,0.002682958,0
ozks,0.010821959,338
ozks,0.004185584,40
ozks,0.003635834,2
ozks,0.014779292,541
ozks,0.006084625,117
ozks,0.003627083,14
ozks,0.003110792,5
ozks,0.00472925,71
ozks,0.003576292,16
ozks,0.002994125,2
ozks,0.003629666,23
ozks,0.002969458,1
ozks,0.006471375,128
ozks,0.003205292,8
ozks,0.003993458,12
ozks,0.020791791,743
ozks,0.002911875,3
ozks,0.003562625,16
ozks,0.003608791,13
ozks,0.024174333,881
ozks,0.004972792,72
ozks,0.008811416,256
ozks,0.003237625,8
ozks,0.003198542,5
ozks,0.005958375,108
ozks,0.002497625,0
ozks,0.003590625,2
ozks,0.002790375,1
ozks,0.00242775,0
ozks,0.004241292,50
ozks,0.00383275,12
ozks,0.003706875,21
ozks,0.003785958,25
ozks,0.005069583,60
ozks,0.006644209,141
ozks,0.006005042,111
ozks,0.003172292,7
ozks,0.005620458,100
ozks,0.003892125,13
ozks,0.00313375,4
ozks,0.003375667,12
ozks,0.018242875,648
ozks,0.004099333,38
ozks,0.01755975,619
ozks,0.005247083,91
ozks,0.003004666,4
ozks,0.005695958,98
ozks,0.007067875,158
ozks,0.003393542,6
ozks,0.002360375,0
ozks,0.005122208,41
ozks,0.003345208,10
ozks,0.014575,541
ozks,0.003683417,22
ozks,0.004032917,22
ozks,0.002909792,3
ozks,0.0175225,606
ozks,0.004367125,36
ozks,0.003042709,1
ozks,0.004675416,54
ozks,0.015037083,508
ozks,0.0041595,37
ozks,0.003679416,4
ozks,0.003087291,2
ozks,0.003276584,10
ozks,0.00284675,1
ozks,0.0067325,147
ozks,0.002817666,1
ozks,0.003333541,10
ozks,0.003710167,15
ozks,0.006245667,120
ozks,0.015938458,548
ozks,0.004864917,61
ozks,0.005219083,67
ozks,0.003688875,20
ozks,0.007153834,102
ozks,0.004271083,42
ozks,0.006830541,140
ozks,0.00461575,52
ozks,0.007180208,178
ozks,0.003149041,6
ozks,0.003167209,6
ozks,0.005931334,115
ozks,0.003774459,15
ozks,0.003428125,3
ozks,0.003580042,13
ozks,0.005524375,44
ozks,0.004339958,42
ozks,0.014860292,541
ozks,0.003174542,3
ozks,0.003786,13
ozks,0.003525334,8
ozks,0.003242375,8
ozks,0.003861458,15
ozks,0.006444709,141
ozks,0.004167666,43
ozks,0.005731708,105
ozks,0.003538,1
ozks,0.003881042,8
ozks,0.004192125,39
ozks,0.017118375,586
ozks,0.002933666,1
ozks,0.003111459,1
ozks,0.006711917,139
ozks,0.003042333,1
ozks,0.003283167,10
ozks,0.004486917,48
ozks,0.003339542,8
ozks,0.002916166,1
ozks,0.002889292,1
ozks,0.003718042,3
ozks,0.004964125,85
ozks,0.003634083,20
ozks,0.02402225,906
ozks,0.004339334,29
ozks,0.003192917,5
ozks,0.002964916,3
ozks,0.02236325,822
ozks,0.002985625,2
ozks,0.00325125,8
ozks,0.005874833,111
ozks,0.003783625,30
ozks,0.004682458,20
ozks,0.023698834,954
ozks,0.004772,64
ozks,0.005112083,89
ozks,0.003792916,26
ozks,0.004650375,64
ozks,0.005507,107
ozks,0.003150625,2
ozks,0.003777042,29
ozks,0.004550291,47
ozks,0.003554917,17
ozks,0.002932625,2
ozks,0.003138416,1
ozks,0.005955791,106
ozks,0.003380333,9
ozks,0.003211416,8
ozks,0.009617042,268
ozks,0.019668041,734
ozks,0.003156333,5
ozks,0.003182125,4
ozks,0.004745166,64
ozks,0.003766542,20
ozks,0.003214666,1
ozks,0.003940875,35
ozks,0.003474458,17
ozks,0.003255375,1
ozks,0.007726416,173
ozks,0.004838666,70
ozks,0.003150625,4
ozks,0.006376667,120
ozks,0.015909833,530
ozks,0.007126958,158
ozks,0.003327708,9
ozks,0.003533042,13
ozks,0.003257166,9
ozks,0.0032565,8
ozks,0.020730125,743
ozks,0.00369,17
ozks,0.005669917,90
ozks,0.003828833,27
ozks,0.003103583,2
ozks,0.008602833,233
ozks,0.005002208,58
ozks,0.002854292,1
ozks,0.003191167,7
ozks,0.003030375,3
ozks,0.005066,75
ozks,0.003810625,17
ozks,0.004337708,46
ozks,0.003581084,11
ozks,0.003453791,10
ozks,0.003628917,13
ozks,0.006833667,137
ozks,0.004627833,60
ozks,0.003087583,4
ozks,0.006346959,125
ozks,0.004680084,63
ozks,0.014331833,500
ozks,0.005817167,70
ozks,0.005907167,99
ozks,0.003330209,4
ozks,0.003550083,17
ozks,0.00445875,20
ozks,0.003904917,30
ozks,0.005167584,72
ozks,0.003265875,3
ozks,0.003277333,3
ozks,0.01004525,325
ozks,0.005662458,107
ozks,0.006737542,137
ozks,0.0030275,1
ozks,0.003412792,5
ozks,0.015423417,565
ozks,0.00290575,2
ozks,0.02294425,780
ozks,0.003463375,17
ozks,0.006872542,158
ozks,0.0037045,21
ozks,0.0037695,23
ozks,0.003034,4
ozks,0.003119166,6
ozks,0.004372041,40
ozks,0.005912459,110
ozks,0.004014958,37
ozks,0.020864917,749
ozks,0.004391958,26
ozks,0.002838375,3
ozks,0.01350075,434
ozks,0.003526583,12
ozks,0.002985042,2
ozks,0.002883583,3
ozks,0.011078291,343
ozks,0.002378083,0
ozks,0.004100584,39
ozks,0.003941791,35
ozks,0.004102916,35
ozks,0.003855084,20
ozks,0.003113209,5
ozks,0.00690475,158
ozks,0.003240416,8
ozks,0.005396792,80
ozks,0.003232375,7
ozks,0.006144125,133
ozks,0.002303458,0
ozks,0.005373292,95
ozks,0.004368958,44
ozks,0.004020541,25
ozks,0.023392459,865
ozks,0.003067792,4
ozks,0.003107625,6
ozks,0.003334583,1
ozks,0.012171791,398
ozks,0.003579,17
ozks,0.003012167,3
ozks,0.005499333,82
ozks,0.002378625,0
ozks,0.003537708,17
ozks,0.003043916,2
ozks,0.013427667,446
ozks,0.00300875,2
ozks,0.003676708,15
ozks,0.003371,17
ozks,0.003044959,5
ozks,0.003345834,2
ozks,0.002265875,0
ozks,0.003458667,13
ozks,0.003024584,1
ozks,0.002941,1
ozks,0.0029005,2
ozks,0.002287209,0
ozks,0.009888708,324
ozks,0.004423041,58
ozks,0.00346,17
ozks,0.003386166,7
ozks,0.003986542,39
ozks,0.010745375,327
ozks,0.003075666,7
ozks,0.003136583,6
ozks,0.003438125,12
ozks,0.002969,1
ozks,0.002315375,0
ozks,0.009523083,274
ozks,0.003616875,17
ozks,0.003405334,11
ozks,0.00312325,8
ozks,0.004507917,49
ozks,0.0044415,58
ozks,0.003731833,26
ozks,0.004227625,18
ozks,0.003245209,9
ozks,0.004384041,40
ozks,0.003634875,21
ozks,0.002548209,0
ozks,0.006233334,144
ozks,0.002898625,3
ozks,0.004469417,51
ozks,0.014673542,541
ozks,0.003004875,6
ozks,0.006018292,119
ozks,0.002380583,0
ozks,0.003104541,6
ozks,0.006813458,124
ozks,0.003657416,21
ozks,0.005579542,95
ozks,0.003528333,10
ozks,0.003421584,14
ozks,0.004452334,56
ozks,0.003146584,9
ozks,0.00403125,38
ozks,0.002362542,0
ozks,0.002801834,1
ozks,0.005141625,78
ozks,0.012284,406
ozks,0.003839875,20
ozks,0.006731084,140
ozks,0.004591625,62
ozks,0.004403375,47
ozks,0.003019,3
ozks,0.00315975,3
ozks,0.003198958,9
ozks,0.004539458,43
ozks,0.003389709,14
ozks,0.0035945,18
ozks,0.003832291,22
ozks,0.003919708,37
ozks,0.003236917,2
ozks,0.004992292,76
ozks,0.003006792,6
ozks,0.003383667,11
ozks,0.005180917,83
ozks,0.002868083,1
ozks,0.010048959,306
ozks,0.003220417,8
ozks,0.008518375,225
ozks,0.004085541,32
ozks,0.002784667,1
ozks,0.005081584,91
ozks,0.002807584,1
ozks,0.002875791,1
ozks,0.002979334,1
ozks,0.003818292,17
ozks,0.003205041,10
ozks,0.004347667,52
ozks,0.004396375,52
ozks,0.02442075,922
ozks,0.003522709,21
ozks,0.002917458,2
ozks,0.003790333,16
ozks,0.002974666,3
ozks,0.002971625,3
ozks,0.002306916,0
ozks,0.006107292,110
ozks,0.004003916,25
ozks,0.003490167,11
ozks,0.004116625,40
ozks,0.004886792,70
ozks,0.003005,1
ozks,0.003189375,6
ozks,0.003184917,9
ozks,0.004972458,75
ozks,0.003833416,31
ozks,0.004394417,34
ozks,0.003336667,9
ozks,0.007031625,158
ozks,0.003540666,17
ozks,0.0061335,127
ozks,0.003106042,7
ozks,0.0059025,94
ozks,0.003293209,4
ozks,0.010007125,325
ozks,0.004397959,57
ozks,0.004322458,31
ozks,0.003931041,34
ozks,0.003748916,23
ozks,0.005556125,110
ozks,0.003470708,3
ozks,0.003799125,24
ozks,0.003500459,10
ozks,0.006862041,158
ozks,0.002310292,0
ozks,0.002871625,2
ozks,0.003319709,8
ozks,0.003713625,26
ozks,0.003511417,8
ozks,0.002829917,2
ozks,0.0031895,9
ozks,0.002747042,1
ozks,0.004411875,19
ozks,0.004980167,76
ozks,0.006381166,135
ozks,0.003785791,26
ozks,0.002795208,1
ozks,0.003203833,5
ozks,0.003544791,10
ozks,0.011269959,361
ozks,0.003362792,10
ozks,0.002820125,1
ozks,0.00350475,18
ozks,0.021006958,807
ozks,0.0039795,13
ozks,0.006444417,134
ozks,0.003510125,11
ozks,0.003453042,10
ozks,0.004573875,48
ozks,0.009768458,75
ozks,0.003218,5
ozks,0.002412208,0
ozks,0.004164666,45
ozks,0.003281167,8
ozks,0.002955417,3
ozks,0.004306833,53
ozks,0.004720667,38
ozks,0.0040795,32
ozks,0.004779875,67
ozks,0.025466291,981
ozks,0.004080667,17
ozks,0.003370417,7
ozks,0.003611875,15
ozks,0.005610833,109
ozks,0.00284875,3
ozks,0.006716208,151
ozks,0.003694625,27
ozks,0.01380725,418
ozks,0.002982375,7
ozks,0.003705458,23
ozks,0.004304209,50
ozks,0.003024375,8
ozks,0.003696083,25
ozks,0.006058083,115
ozks,0.003260166,3
ozks,0.002985667,5
ozks,0.015350708,529
ozks,0.0028195,1
ozks,0.003952625,35
ozks,0.003064458,8
ozks,0.004094667,39
ozks,0.002966958,2
ozks,0.003404833,12
ozks,0.002400833,0
ozks,0.002915292,3
ozks,0.002874375,1
ozks,0.008031709,190
ozks,0.002932541,4
ozks,0.011822625,382
ozks,0.003837958,25
ozks,0.003995041,33
ozks,0.003655042,12
ozks,0.00388825,35
ozks,0.004120083,28
ozks,0.002669666,0
ozks,0.003272875,12
ozks,0.018894292,683
ozks,0.002254834,0
ozks,0.002287417,0
ozks,0.00992475,292
ozks,0.006420416,131
ozks,0.002872125,2
ozks,0.003060166,4
ozks,0.002383625,0
ozks,0.0030455,8
ozks,0.003307083,10
ozks,0.00733825,160
ozks,0.00314675,1
ozks,0.004152458,36
ozks,0.006098208,117
ozks,0.002863,1
ozks,0.011352,361
ozks,0.003906916,29
ozks,0.003572792,20
ozks,0.003173916,2
ozks,0.003524958,14
ozks,0.00287925,2
ozks,0.003477167,15
ozks,0.0041955,34
ozks,0.003031125,3
ozks,0.005860666,59
ozks,0.003250542,5
ozks,0.003710583,30
ozks,0.00459425,50
ozks,0.005822,125
ozks,0.002943083,4
ozks,0.003847709,18
ozks,0.0030335,3
ozks,0.002774334,1
ozks,0.0032855,11
ozks,0.005744417,110
ozks,0.003928167,23
ozks,0.00327425,6
ozks,0.004373792,26
ozks,0.009556833,273
ozks,0.002927666,3
ozks,0.003468375,9
ozks,0.003116917,4
ozks,0.003552958,10
ozks,0.005380667,99
ozks,0.003317125,13
ozks,0.003209625,9
ozks,0.006470833,146
ozks,0.003779917,17
ozks,0.003158625,8
ozks,0.003528917,1
ozks,0.00308425,4
ozks,0.004789041,62
ozks,0.002998958,2
ozks,0.003023291,4
ozks,0.003090375,5
ozks,0.024039542,890
ozks,0.003253458,8
ozks,0.003037291,3
ozks,0.004447666,58
ozks,0.003170083,8
ozks,0.00297525,4
ozks,0.004253542,18
ozks,0.003645667,15
ozks,0.004003667,40
ozks,0.003244125,10
ozks,0.003543625,15
ozks,0.003136416,6
ozks,0.008136125,202
ozks,0.003179167,6
ozks,0.004550916,56
ozks,0.0101095,324
ozks,0.019999208,714
ozks,0.00287425,2
ozks,0.007230166,158
ozks,0.005514833,105
ozks,0.003892209,19
ozks,0.003109,1
ozks,0.021084958,807
ozks,0.003076292,4
ozks,0.0146215,494
ozks,0.003821958,27
ozks,0.003227458,2
ozks,0.003440958,17
ozks,0.0062305,119
ozks,0.003048084,3
ozks,0.003269208,4
ozks,0.003350083,12
ozks,0.003196833,6
ozks,0.006416625,141
ozks,0.003527166,15
ozks,0.002991542,4
ozks,0.005736375,99
ozks,0.003341292,4
ozks,0.003029583,7
ozks,0.003160416,7
ozks,0.002935208,3
ozks,0.011186042,264
ozks,0.003162292,1
ozks,0.004218875,43
ozks,0.004569417,51
ozks,0.003117833,1
ozks,0.004136541,32
ozks,0.002711083,1
ozks,0.004240708,51
ozks,0.003379042,5
ozks,0.013265458,419
ozks,0.00800275,223
ozks,0.003306334,8
ozks,0.003148292,8
ozks,0.005827791,71
ozks,0.003274833,9
ozks,0.004373084,44
ozks,0.003218958,4
ozks,0.003098417,3
ozks,0.003703917,22
ozks,0.003220667,9
ozks,0.003247625,8
ozks,0.003278958,10
ozks,0.003351166,13
ozks,0.002885583,3
ozks,0.00365525,4
ozks,0.003909209,17
ozks,0.003010916,4
ozks,0.003844917,26
ozks,0.002520542,0
ozks,0.002781458,0
ozks,0.003624333,12
ozks,0.017757375,580
ozks,0.003293625,5
ozks,0.004436125,34
ozks,0.005028417,31
ozks,0.003904667,30
ozks,0.003179875,7
ozks,0.003149292,1
ozks,0.003475791,20
ozks,0.004342458,45
ozks,0.00361475,15
ozks,0.005142292,83
ozks,0.002834084,2
ozks,0.003378375,13
ozks,0.004722,57
ozks,0.003631834,19
ozks,0.005442375,49
ozks,0.010590666,327
ozks,0.003440167,9
ozks,0.003996916,38
ozks,0.003874875,17
ozks,0.007643583,188
ozks,0.003534041,18
ozks,0.003145,9
ozks,0.015893083,551
ozks,0.004302791,30
ozks,0.00288675,3
ozks,0.004493625,55
ozks,0.003403791,4
ozks,0.004187,39
ozks,0.003372042,9
ozks,0.003160834,4
ozks,0.003289834,11
ozks,0.002996,3
ozks,0.003154334,5
ozks,0.003605667,19
ozks,0.003250791,7
ozks,0.003782625,23
ozks,0.003051125,3
ozks,0.002777917,1
ozks,0.007091625,99
ozks,0.003159459,8
ozks,0.003409917,9
ozks,0.003904166,25
ozks,0.005835167,93
ozks,0.002802,1
ozks,0.003452,11
ozks,0.006607625,140
ozks,0.002774125,1
ozks,0.006726709,142
ozks,0.004267167,50
ozks,0.015593708,528
ozks,0.006804291,133
ozks,0.0029025,2
ozks,0.00457475,55
ozks,0.0038,18
ozks,0.002413,0
ozks,0.003988625,30
ozks,0.0034675,12
ozks,0.003114958,7
ozks,0.020241333,724
ozks,0.003534333,10
ozks,0.0034485,18
ozks,0.0045445,67
ozks,0.002961875,2
ozks,0.003781083,12
ozks,0.023992958,906
ozks,0.004015,36
ozks,0.002995583,4
ozks,0.023851125,876
ozks,0.003262334,5
ozks,0.002985083,4
ozks,0.015366167,565
ozks,0.005938417,106
ozks,0.003435916,10
ozks,0.002591542,0
ozks,0.0031625,9
ozks,0.005276625,89
ozks,0.003371667,10
ozks,0.003640292,20
ozks,0.003632,17
ozks,0.004112,37
ozks,0.003047875,3
ozks,0.003398791,11
ozks,0.003319375,9
ozks,0.016888375,635
ozks,0.004217375,47
ozks,0.003903208,25
ozks,0.004185666,38
ozks,0.003923958,3
ozks,0.003490708,12
ozks,0.003345709,18
ozks,0.00413025,32
ozks,0.003627417,22
ozks,0.002878958,2
ozks,0.006360958,143
ozks,0.003100584,10
ozks,0.006006833,100
ozks,0.003566833,15
ozks,0.002614125,0
ozks,0.003355916,14
ozks,0.006162458,131
ozks,0.004448709,19
ozks,0.003064083,2
ozks,0.004094542,31
ozks,0.003029833,5
ozks,0.003348166,9
ozks,0.017542083,622
ozks,0.003142416,2
ozks,0.003755625,22
ozks,0.003871792,33
ozks,0.002934792,1
ozks,0.002864583,1
ozks,0.003205042,7
ozks,0.007505083,141
ozks,0.003344709,9
ozks,0.002880291,3
ozks,0.017677833,631
ozks,0.002412583,0
ozks,0.002454208,0
ozks,0.006302833,144
ozks,0.00303025,5
ozks,0.003973792,39
ozks,0.006816,137
ozks,0.016412625,602
ozks,0.003351125,11
ozks,0.003965958,25
ozks,0.004186792,10
ozks,0.00444075,44
ozks,0.003617542,25
ozks,0.004346125,42
ozks,0.002953625,1
ozks,0.003056333,5
ozks,0.003285666,2
ozks,0.003833709,29
ozks,0.003971542,23
ozks,0.016549792,606
ozks,0.017441667,596
ozks,0.003536625,11
ozks,0.0039205,5
ozks,0.0042295,44
ozks,0.005387958,97
ozks,0.003264417,7
ozks,0.004022666,34
ozks,0.004865459,53
ozks,0.004524959,41
ozks,0.004198333,46
ozks,0.006836917,140
ozks,0.003443,8
ozks,0.00321825,9
ozks,0.00411375,30
ozks,0.004863958,60
ozks,0.019852584,589
ozks,0.006497166,131
ozks,0.006891417,145
ozks,0.003024709,3
ozks,0.002685333,0
ozks,0.004602167,47
ozks,0.006036792,87
ozks,0.003458542,13
ozks,0.003433041,17
ozks,0.00327025,2
ozks,0.002887291,1
ozks,0.003705417,22
ozks,0.004009,6
ozks,0.002724625,0
ozks,0.00306225,6
ozks,0.002953708,3
ozks,0.003097584,4
ozks,0.003713458,14
ozks,0.014439042,521
ozks,0.005605958,101
ozks,0.003482,17
ozks,0.003078125,4
ozks,0.017845375,641
ozks,0.003947208,38
ozks,0.003099125,2
ozks,0.003176958,6
ozks,0.014467875,435
ozks,0.003241542,9
ozks,0.003684375,17
ozks,0.003738458,14
ozks,0.002993916,1
ozks,0.003270417,1
ozks,0.014776625,492
ozks,0.003218834,3
ozks,0.002445625,0
ozks,0.00410825,19
ozks,0.005641709,43
ozks,0.004386875,44
ozks,0.007988666,206
ozks,0.002509375,0
ozks,0.003529125,11
ozks,0.003038292,3
ozks,0.003248959,1
ozks,0.003882875,22
ozks,0.022660917,827
ozks,0.005618458,85
ozks,0.024360333,915
ozks,0.003337625,3
ozks,0.004071459,25
ozks,0.003773666,25
ozks,0.004639458,64
ozks,0.004632083,59
ozks,0.006566292,125
ozks,0.009230375,246
ozks,0.003300541,7
ozks,0.004546166,49
ozks,0.002894709,1
ozks,0.007033,150
ozks,0.003275333,2
ozks,0.003357042,11
ozks,0.004303625,39
ozks,0.004387541,8
ozks,0.00406575,37
ozks,0.003920667,18
ozks,0.004566584,56
ozks,0.003255792,7
ozks,0.004264208,24
ozks,0.003601625,16
ozks,0.004146167,17
ozks,0.003324375,9
ozks,0.004713833,43
ozks,0.002969291,1
ozks,0.004770417,49
ozks,0.003039916,1
ozks,0.003699208,2
ozks,0.00296425,1
ozks,0.003113375,1
ozks,0.003153166,5
ozks,0.005439417,84
ozks,0.011061125,329
ozks,0.002507209,0
ozks,0.003548875,14
ozks,0.004845792,63
ozks,0.003057875,3
ozks,0.0045835,32
ozks,0.003614833,14
ozks,0.005170458,33
ozks,0.012581667,398
ozks,0.0034215,6
ozks,0.014757583,541
ozks,0.003588208,11
ozks,0.006532083,140
ozks,0.007068833,165
ozks,0.003559542,10
ozks,0.003146084,1
ozks,0.003285125,8
ozks,0.004398917,27
ozks,0.002316792,0
ozks,0.004205167,37
ozks,0.003305167,9
ozks,0.003342083,6
ozks,0.00362125,13
ozks,0.003173375,1
ozks,0.012398541,394
ozks,0.003351375,9
ozks,0.00364575,15
ozks,0.002495833,0
ozks,0.003186834,4
ozks,0.003343833,3
ozks,0.003239666,6
ozks,0.00334675,9
ozks,0.002983833,1
ozks,0.003698042,17
ozks,0.003784917,18
ozks,0.003508708,15
ozks,0.003454042,9
ozks,0.002637333,0
ozks,0.003756208,21
ozks,0.003398083,3
ozks,0.003514541,12
ozks,0.00331125,4
ozks,0.002987,2
ozks,0.003592625,10
ozks,0.004474708,16
ozks,0.005588666,79
ozks,0.00357425,9
ozks,0.003057792,2
ozks,0.003862792,18
ozks,0.005411291,69
ozks,0.00344575,6
ozks,0.0031475,6
ozks,0.002898667,1
ozks,0.003818083,19
ozks,0.004174875,24
ozks,0.003051458,3
ozks,0.004096125,19
ozks,0.003216209,4
ozks,0.013456459,464
ozks,0.025059667,919
ozks,0.022935125,830
ozks,0.002928959,1
ozks,0.003304208,4
ozks,0.004024791,28
ozks,0.003240792,1
ozks,0.0030235,1
ozks,0.007060084,158
ozks,0.003020042,3
ozks,0.003584083,13
ozks,0.0077615,122
ozks,0.004575542,54
ozks,0.007727458,185
ozks,0.006660667,137
ozks,0.006751167,146
ozks,0.004719417,45
ozks,0.002834083,1
ozks,0.003876459,12
ozks,0.012597,385
ozks,0.00332375,4
ozks,0.003072459,5
ozks,0.003434875,11
ozks,0.003493834,8
ozks,0.002744959,0
ozks,0.02664425,974
ozks,0.003593125,12
ozks,0.009401292,263
ozks,0.002889041,1
ozks,0.004022084,35
ozks,0.003096125,7
ozks,0.003828875,15
ozks,0.002876667,2
ozks,0.004813708,70
ozks,0.00327,7
ozks,0.018373167,669
ozks,0.003533791,6
ozks,0.004083,28
ozks,0.010423791,324
ozks,0.003754125,25
ozks,0.008857708,246
ozks,0.003589375,21
ozks,0.00404825,17
ozks,0.00309675,3
ozks,0.003275959,2
ozks,0.00679675,136
ozks,0.01766975,617
ozks,0.007968875,199
ozks,0.003882084,14
ozks,0.026250875,849
ozks,0.003308208,11
ozks,0.011281875,337
ozks,0.006773625,146
ozks,0.015206833,9
ozks,0.0044775,39
ozks,0.004339625,43
ozks,0.002342083,0
ozks,0.012364625,392
ozks,0.003768333,11
ozks,0.005801125,94
ozks,0.003910416,15
ozks,0.007226417,101
ozks,0.002476291,0
ozks,0.003860625,23
ozks,0.00366475,12
ozks,0.003863375,24
ozks,0.003402625,7
ozks,0.002877916,1
ozks,0.002837916,1
ozks,0.004985833,64
ozks,0.008316792,230
ozks,0.004110917,29
ozks,0.004045,17
ozks,0.025123875,942
ozks,0.009728667,206
ozks,0.003035917,2
ozks,0.002937208,2
ozks,0.003763209,22
ozks,0.003998,14
ozks,0.005731375,80
ozks,0.004198417,34
ozks,0.003883291,17
ozks,0.004293416,48
ozks,0.005606333,108
ozks,0.019625917,734
ozks,0.00410175,21
ozks,0.003430125,6
ozks,0.003268792,8
ozks,0.003189583,4
ozks,0.005883084,106
ozks,0.007319417,160
ozks,0.023564333,857
ozks,0.008014458,199
ozks,0.0028195,0
ozks,0.003264875,8
ozks,0.003545125,13
ozks,0.004025,28
ozks,0.003466084,9
ozks,0.003133875,3
ozks,0.003806,14
ozks,0.003508917,14
ozks,0.004321792,26
ozks,0.012658083,399
ozks,0.002662458,0
ozks,0.003197667,6
ozks,0.003435166,5
ozks,0.004049708,33
ozks,0.003546166,8
ozks,0.004099291,31
ozks,0.00548925,107
ozks,0.002498917,0
ozks,0.005094834,25
ozks,0.002415458,0
ozks,0.003284375,9
ozks,0.003653708,10
ozks,0.003877709,26
ozks,0.003262,4
ozks,0.003277791,4
ozks,0.003234792,7
ozks,0.003296333,8
ozks,0.005586375,91
ozks,0.003782625,13
ozks,0.003385792,11
ozks,0.003509292,2
ozks,0.003501625,13
ozks,0.00395175,29
ozks,0.002998083,1
ozks,0.003371666,6
ozks,0.019604708,734
ozks,0.004596208,56
ozks,0.003789792,25
ozks,0.004927125,61
ozks,0.004434,52
ozks,0.003006375,3
ozks,0.003886959,17
ozks,0.012906416,325
ozks,0.003531791,7
ozks,0.003053833,7
ozks,0.005051417,81
ozks,0.003892625,26
ozks,0.003225875,9
ozks,0.004079125,30
ozks,0.003962167,17
ozks,0.003292916,9
ozks,0.00337025,10
ozks,0.004226917,36
ozks,0.00629725,123
ozks,0.00232375,0
ozks,0.011931167,274
ozks,0.003613792,13
ozks,0.009639625,268
ozks,0.007428292,156
ozks,0.003205666,5
ozks,0.003651333,11
ozks,0.003044292,4
ozks,0.025005875,908
ozks,0.003195,5
ozks,0.002969541,3
ozks,0.003900041,13
ozks,0.00338725,12
ozks,0.023045958,830
ozks,0.002516417,0
ozks,0.004139125,31
ozks,0.003047917,3
ozks,0.003764042,19
ozks,0.006497292,140
ozks,0.004578166,47
ozks,0.003608042,11
ozks,0.004922083,54
ozks,0.0032245,1
ozks,0.002940083,2
ozks,0.005913375,110
ozks,0.00346775,13
ozks,0.004402,39
ozks,0.002889542,1
ozks,0.00358375,14
ozks,0.003287958,5
ozks,0.009477583,268
ozks,0.014958458,502
ozks,0.003754791,14
ozks,0.009163542,260
ozks,0.005898167,109
ozks,0.003372333,1
ozks,0.002350917,0
ozks,0.014857833,362
ozks,0.003336042,9
ozks,0.003616291,17
ozks,0.0031495,4
ozks,0.003346792,11
ozks,0.025574334,981
ozks,0.008916167,245
ozks,0.00349075,5
ozks,0.002864083,1
ozks,0.003649333,20
ozks,0.003575625,8
ozks,0.005508125,85
ozks,0.003763625,7
ozks,0.005929792,117
ozks,0.0038715,22
ozks,0.003825041,13
ozks,0.005995209,118
ozks,0.004236792,39
ozks,0.004928542,66
ozks,0.013169459,442
ozks,0.003951666,17
ozks,0.003618334,13
ozks,0.002784292,0
ozks,0.004470334,37
ozks,0.003142042,4
ozks,0.019785875,680
ozks,0.003610875,8
ozks,0.003326417,1
ozks,0.006894417,140
ozks,0.003585583,12
ozks,0.003215208,1
ozks,0.005028875,76
ozks,0.007089,158
ozks,0.002938916,1
ozks,0.005066,60
ozks,0.003556958,15
ozks,0.003671375,11
ozks,0.003342625,8
ozks,0.003457458,10
ozks,0.002929542,4
ozks,0.004392583,40
ozks,0.003226042,7
ozks,0.003185458,1
ozks,0.007356292,155
ozks,0.0123075,411
ozks,0.003009291,1
ozks,0.00613975,123
ozks,0.003218083,5
ozks,0.002971292,1
ozks,0.00296125,1
ozks,0.00550325,91
ozks,0.003193917,1
ozks,0.003851709,17
ozks,0.009886125,288
ozks,0.007838875,181
ozks,0.003174667,6
ozks,0.004297208,38
ozks,0.003559417,9
ozks,0.003177167,10
ozks,0.003183625,3
ozks,0.003047334,2
ozks,0.004529625,15
ozks,0.003089042,4
ozks,0.004740958,49
ozks,0.00322025,8
ozks,0.004450333,49
ozks,0.014381666,521
ozks,0.002865916,1
ozks,0.003699083,13
ozks,0.012772958,408
ozks,0.006697833,152
ozks,0.003509083,9
ozks,0.004396375,56
ozks,0.004312709,45
ozks,0.027468125,838
ozks,0.004188667,41
ozks,0.004652875,54
ozks,0.0048135,21
ozks,0.003787208,23
ozks,0.003356292,9
ozks,0.002547625,0
ozks,0.005007375,80
ozks,0.003417,9
ozks,0.005151917,25
ozks,0.003601041,16
ozks,0.003260792,9
ozks,0.005044916,64
ozks,0.007269833,146
ozks,0.010020667,272
ozks,0.00323525,7
ozks,0.003607125,17
ozks,0.003117417,1
ozks,0.005204417,76
ozks,0.003208375,8
ozks,0.005285584,95
ozks,0.0037265,21
ozks,0.005777042,91
ozks,0.004106833,28
ozks,0.003524333,6
ozks,0.004003667,27
ozks,0.00343125,12
ozks,0.003697167,23
ozks,0.003480334,17
ozks,0.013927834,446
ozks,0.002969167,1
ozks,0.003987625,18
ozks,0.002900917,2
ozks,0.003172333,4
ozks,0.002866875,1
ozks,0.003691458,15
ozks,0.003597291,1
ozks,0.007103625,166
ozks,0.003599583,12
ozks,0.006070167,116
ozks,0.005458084,102
ozks,0.003599333,20
ozks,0.003461458,13
ozks,0.003291166,8
ozks,0.002531125,0
ozks,0.00317525,7
ozks,0.004011583,26
ozks,0.007318167,179
ozks,0.0030635,2
ozks,0.004838959,39
ozks,0.003200916,3
ozks,0.003064083,6
ozks,0.003567666,13
ozks,0.002848166,1
ozks,0.014674709,541
ozks,0.002298,0
ozks,0.022209708,808
ozks,0.005873292,123
ozks,0.017241458,650
ozks,0.008810291,246
ozks,0.020313458,769
ozks,0.004610375,67
ozks,0.004679291,12
ozks,0.004604625,60
ozks,0.009911542,324
ozks,0.002492458,0
ozks,0.016634208,590
ozks,0.005789416,109
ozks,0.002457875,0
ozks,0.004167583,50
ozks,0.004362417,37
ozks,0.002767542,1
ozks,0.003316417,3
ozks,0.003356458,9
ozks,0.003593084,8
ozks,0.003139917,8
ozks,0.004297167,22
ozks,0.00310275,4
ozks,0.00605475,128
ozks,0.003038708,5
ozks,0.003537042,14
ozks,0.006562333,140
ozks,0.003180833,5
ozks,0.005141375,63
ozks,0.002960333,3
ozks,0.003440583,8
ozks,0.004397417,33
ozks,0.0052385,40
ozks,0.003019166,4
ozks,0.00330375,1
ozks,0.003926167,17
ozks,0.003425334,14
ozks,0.005241792,77
ozks,0.003871084,17
ozks,0.005299875,97
ozks,0.00704675,145
ozks,0.0038835,18
ozks,0.00384625,14
ozks,0.004167959,45
ozks,0.015961416,521
ozks,0.004157125,42
ozks,0.003809959,14
ozks,0.004139708,35
ozks,0.006958417,130
ozks,0.010326292,325
ozks,0.003974708,25
ozks,0.019664792,741
ozks,0.004512333,55
ozks,0.00309825,3
ozks,0.023241459,866
ozks,0.002872,1
ozks,0.003859083,24
ozks,0.003771541,27
ozks,0.006664833,142
ozks,0.002834167,1
ozks,0.013600708,472
ozks,0.003128083,1
ozks,0.002942833,2
ozks,0.004866792,76
ozks,0.003911833,32
ozks,0.007992958,207
ozks,0.003455458,12
ozks,0.004329,35
ozks,0.003605209,16
ozks,0.003159917,5
ozks,0.003084125,4
ozks,0.003081208,5
ozks,0.006633834,149
ozks,0.003598333,11
ozks,0.004173667,22
ozks,0.019289375,734
ozks,0.003284084,8
ozks,0.004445,43
ozks,0.00314575,9
ozks,0.00294775,1
ozks,0.006339666,139
ozks,0.011201792,302
ozks,0.006756,104
ozks,0.009728458,274
ozks,0.023353667,929
ozks,0.003985167,27
ozks,0.004102791,42
ozks,0.002494875,0
ozks,0.015569875,565
ozks,0.002349792,0
ozks,0.003318625,9
ozks,0.017417125,619
ozks,0.007015416,146
ozks,0.00315675,2
ozks,0.003863834,9
ozks,0.0048215,54
ozks,0.002320042,0
ozks,0.004857417,58
ozks,0.005464625,85
ozks,0.00422875,28
ozks,0.004278667,46
ozks,0.006292833,137
ozks,0.003571167,13
ozks,0.003075333,6
ozks,0.003107375,5
ozks,0.004597792,45
ozks,0.003432042,10
ozks,0.00319175,3
ozks,0.0070205,145
ozks,0.002814667,0
ozks,0.003497334,10
ozks,0.002957125,3
ozks,0.002756791,0
ozks,0.01258675,430
ozks,0.008102959,201
ozks,0.0228615,830
ozks,0.00461625,62
ozks,0.018271708,551
ozks,0.004721375,27
ozks,0.003191125,8
ozks,0.007517875,181
ozks,0.003319917,3
ozks,0.005682,93
ozks,0.003120041,7
ozks,0.003763,21
ozks,0.007626541,166
ozks,0.005670375,103
ozks,0.0031315,3
ozks,0.003400125,9
ozks,0.010505084,307
ozks,0.022594542,826
ozks,0.002454583,0
ozks,0.00548775,79
ozks,0.019613583,707
ozks,0.00301375,5
ozks,0.003477041,7
ozks,0.003238292,6
ozks,0.006935208,160
ozks,0.003541083,17
ozks,0.003500583,11
ozks,0.014936458,521
ozks,0.003635083,13
ozks,0.003427375,1
ozks,0.004858583,45
ozks,0.003732,19
ozks,0.003250458,1
ozks,0.004925708,65
ozks,0.002349333,0
ozks,0.003088458,7
ozks,0.002934458,1
ozks,0.004076,41
ozks,0.006339166,144
ozks,0.003500791,13
ozks,0.004281,46
ozks,0.005593,99
ozks,0.013047291,352
ozks,0.00340925,11
ozks,0.003617166,21
ozks,0.003835792,17
ozks,0.004126542,36
ozks,0.003666042,11
ozks,0.003145209,3
ozks,0.006156208,105
ozks,0.005861208,88
ozks,0.003082125,2
ozks,0.003331834,1
ozks,0.002564083,0
ozks,0.003456666,5
ozks,0.003978375,6
ozks,0.002618542,0
ozks,0.003162041,4
ozks,0.0029805,2
ozks,0.003629208,9
ozks,0.006249625,114
ozks,0.003411209,10
ozks,0.003231709,6
ozks,0.0032985,4
ozks,0.002971709,1
ozks,0.003588084,14
ozks,0.019226209,580
ozks,0.003211167,4
ozks,0.003321084,8
ozks,0.003271458,7
ozks,0.003474042,6
ozks,0.005020375,70
ozks,0.004492917,43
ozks,0.003195334,1
ozks,0.002879875,1
ozks,0.003257916,4
ozks,0.003070625,2
ozks,0.003628667,8
ozks,0.004730583,52
ozks,0.004021375,9
ozks,0.004592625,22
ozks,0.007161708,149
ozks,0.003809917,25
ozks,0.002971292,1
ozks,0.003789958,16
ozks,0.00364825,10
ozks,0.003442709,9
ozks,0.003370667,9
ozks,0.003708041,11
ozks,0.003106,1
ozks,0.004321042,43
ozks,0.004288333,17
ozks,0.004002458,11
ozks,0.003157917,6
ozks,0.0030225,2
ozks,0.003462041,9
ozks,0.003658792,17
ozks,0.005831208,111
ozks,0.004312834,32
ozks,0.003595167,16
ozks,0.003741,17
ozks,0.00423425,39
ozks,0.003502125,8
ozks,0.003292041,6
ozks,0.004309,23
ozks,0.00299675,2
ozks,0.004277083,46
ozks,0.003108042,2
ozks,0.003712792,13
ozks,0.007519792,177
ozks,0.004975583,56
ozks,0.003520458,11
ozks,0.003319916,7
ozks,0.003575292,12
ozks,0.003545125,3
ozks,0.01663175,541
ozks,0.003460083,7
ozks,0.004566459,43
ozks,0.009661125,274
ozks,0.003371291,9
ozks,0.00419975,26
ozks,0.003416792,7
ozks,0.003685458,11
ozks,0.003694458,19
ozks,0.003897458,20
ozks,0.004403166,45
ozks,0.004615042,35
ozks,0.003089834,4
ozks,0.008228833,152
ozks,0.024413375,1
ozks,0.003496458,8
ozks,0.003102333,4
ozks,0.005439833,66
ozks,0.00333125,4
ozks,0.003598042,17
ozks,0.003646333,13
ozks,0.003383333,8
ozks,0.003914709,25
ozks,0.00574375,116
ozks,0.007802042,185
ozks,0.003655459,10
ozks,0.008157625,212
ozks,0.003468084,5
ozks,0.00342625,9
ozks,0.004271334,40
ozks,0.007075042,175
ozks,0.003798167,15
ozks,0.004114416,26
ozks,0.003322292,10
ozks,0.003297667,1
ozks,0.003110208,1
ozks,0.003414583,9
ozks,0.00337575,10
ozks,0.003167,1
ozks,0.005074666,35
ozks,0.004501709,43
ozks,0.003614792,10
ozks,0.010858458,342
ozks,0.00340625,8
ozks,0.005686375,95
ozks,0.007454417,158
ozks,0.00371125,20
ozks,0.004448917,36
ozks,0.004639292,46
ozks,0.007425458,164
ozks,0.003686125,15
ozks,0.003647541,2
ozks,0.002901417,2
ozks,0.003852042,13
ozks,0.003272625,9
ozks,0.00301175,1
ozks,0.00362625,10
ozks,0.002469459,0
ozks,0.006847083,157
ozks,0.003338042,8
ozks,0.014776958,494
ozks,0.004615,36
ozks,0.003418459,11
ozks,0.009606167,268
ozks,0.003090208,3
ozks,0.005165334,60
ozks,0.003898083,22
ozks,0.004254458,37
ozks,0.003418042,11
ozks,0.004716125,50
ozks,0.003860833,14
ozks,0.004872667,45
ozks,0.005059375,64
ozks,0.006286792,125
ozks,0.007930542,191
ozks,0.003910417,17
ozks,0.003090375,4
ozks,0.020795833,749
ozks,0.00341475,9
ozks,0.003554833,6
ozks,0.003048292,2
ozks,0.003405125,5
ozks,0.00300425,1
ozks,0.002523459,0
ozks,0.004750834,56
ozks,0.00320575,6
ozks,0.003244833,1
ozks,0.005756292,60
ozks,0.005763875,65
ozks,0.004074125,30
ozks,0.004825459,65
ozks,0.003700834,18
ozks,0.003681875,14
ozks,0.002407417,0
ozks,0.003531375,12
ozks,0.006794625,149
ozks,0.003024,1
ozks,0.003234209,1
ozks,0.025746417,966
ozks,0.005179166,62
ozks,0.003072833,1
ozks,0.010757542,263
ozks,0.004190459,22
ozks,0.003339416,9
ozks,0.006704208,133
ozks,0.003802667,17
ozks,0.002554791,0
ozks,0.0036255,8
ozks,0.005409125,74
ozks,0.005064709,52
ozks,0.014809625,498
ozks,0.004035209,18
ozks,0.0034125,1
ozks,0.004052083,12
ozks,0.003348167,11
ozks,0.003257875,2
ozks,0.003263625,4
ozks,0.002486041,0
ozks,0.004095334,35
ozks,0.009105166,245
ozks,0.002967916,1
ozks,0.004395209,36
ozks,0.004146333,17
ozks,0.003071584,3
ozks,0.00684425,140
ozks,0.007193458,149
ozks,0.003982292,14
ozks,0.002418167,0
ozks,0.002975209,1
ozks,0.003925542,17
ozks,0.003272333,3
ozks,0.020881375,750
ozks,0.00356425,14
ozks,0.003399583,8
ozks,0.002398209,0
ozks,0.003063125,1
ozks,0.003180083,5
ozks,0.00370775,24
ozks,0.004982083,50
ozks,0.004599375,60
ozks,0.003318583,9
ozks,0.021752917,785
ozks,0.004207542,31
ozks,0.014195875,473
ozks,0.002402375,0
ozks,0.004135,22
ozks,0.003001625,1
ozks,0.006938416,146
ozks,0.003876375,22
ozks,0.004237958,36
ozks,0.003323292,6
ozks,0.003452917,1
ozks,0.004331459,35
ozks,0.002439125,0
ozks,0.006930541,140
ozks,0.003577083,18
ozks,0.006511375,137
ozks,0.008033916,201
ozks,0.003325541,6
ozks,0.003199458,1
ozks,0.003862959,36
ozks,0.00414975,22
ozks,0.0029175,2
ozks,0.002702542,0
ozks,0.004869959,36
ozks,0.002369,0
ozks,0.003087958,7
ozks,0.021166375,808
ozks,0.016841583,634
ozks,0.004639583,62
ozks,0.002834833,1
ozks,0.003349792,10
ozks,0.002857334,2
ozks,0.004555125,56
ozks,0.004170542,19
ozks,0.002884917,2
ozks,0.005496834,69
ozks,0.018240292,601
ozks,0.0030185,2
ozks,0.009361709,270
ozks,0.003181625,7
ozks,0.006672791,156
ozks,0.006254083,137
ozks,0.003279458,11
ozks,0.008156625,201
ozks,0.003257625,8
ozks,0.005410083,84
ozks,0.013559041,473
ozks,0.003298417,5
ozks,0.006097458,80
ozks,0.0040055,10
ozks,0.003970916,25
ozks,0.01444625,498
ozks,0.006074375,125
ozks,0.010216292,304
ozks,0.003318375,11
ozks,0.003964167,20
ozks,0.005648833,90
ozks,0.024647917,940
ozks,0.004313958,47
ozks,0.003575541,14
ozks,0.00236775,0
ozks,0.007215125,143
ozks,0.005283458,64
ozks,0.003293458,8
ozks,0.006738125,139
ozks,0.011594709,378
ozks,0.003415209,12
ozks,0.00415275,28
ozks,0.0044665,61
ozks,0.004528083,56
ozks,0.006843334,163
ozks,0.006767708,153
ozks,0.005726333,103
ozks,0.004200833,29
ozks,0.003893084,15
ozks,0.003386292,9
ozks,0.004556875,52
ozks,0.003463042,13
ozks,0.002291791,0
ozks,0.003193333,6
ozks,0.002843042,2
ozks,0.003307666,5
ozks,0.019829542,729
ozks,0.005265375,82
ozks,0.003245458,10
ozks,0.004696541,47
ozks,0.004578666,25
ozks,0.011647708,343
ozks,0.003510083,11
ozks,0.00530775,88
ozks,0.003276708,10
ozks,0.0029095,1
ozks,0.007128333,181
ozks,0.003092334,5
ozks,0.004309417,54
ozks,0.015753709,538
ozks,0.014109167,475
ozks,0.003559708,20
ozks,0.004075625,35
ozks,0.011826833,328
ozks,0.003255542,7
ozks,0.003478208,13
ozks,0.002377541,0
ozks,0.021613834,807
ozks,0.003575834,11
ozks,0.004510542,59
ozks,0.007601416,209
ozks,0.004078042,34
ozks,0.003282875,11
ozks,0.007634542,169
ozks,0.002272292,0
ozks,0.004565167,34
ozks,0.00381125,12
ozks,0.021703416,805
ozks,0.016737542,590
ozks,0.003414833,4
ozks,0.003933791,30
ozks,0.002780917,1
ozks,0.003484459,12
ozks,0.004703833,51
ozks,0.003812375,30
ozks,0.003986584,34
ozks,0.005137417,92
ozks,0.003668583,2
ozks,0.004080625,21
ozks,0.003595167,13
ozks,0.0039035,43
ozks,0.003429834,9
ozks,0.002860459,1
ozks,0.002347041,0
ozks,0.002397292,0
ozks,0.004730375,72
ozks,0.004038667,40
ozks,0.002984791,2
ozks,0.014731291,516
ozks,0.003369125,12
ozks,0.006439333,95
ozks,0.007899708,175
ozks,0.006621625,141
ozks,0.002915375,1
ozks,0.003414292,10
ozks,0.004200667,27
ozks,0.003530875,16
ozks,0.0032475,12
ozks,0.006652625,143
ozks,0.002782167,0
ozks,0.003147625,6
ozks,0.004969334,64
ozks,0.002285417,0
ozks,0.005418709,45
ozks,0.004565875,21
ozks,0.003742125,28
ozks,0.006602042,127
ozks,0.021084583,770
ozks,0.003154334,8
ozks,0.022162792,819
ozks,0.003654041,12
ozks,0.003820584,25
ozks,0.003488042,14
ozks,0.004028208,42
ozks,0.0026185,0
ozks,0.004250417,32
ozks,0.003042208,4
ozks,0.003218917,7
ozks,0.00326075,8
ozks,0.003097417,8
ozks,0.003068375,1
ozks,0.004306,52
ozks,0.003242542,8
ozks,0.003384125,10
ozks,0.003414584,8
ozks,0.002315667,0
ozks,0.00592875,78
ozks,0.003265583,2
ozks,0.006437166,131
ozks,0.006147125,134
ozks,0.003049834,5
ozks,0.017158792,613
ozks,0.003815792,17
ozks,0.002827792,1
ozks,0.003185,7
ozks,0.00467475,56
ozks,0.002329542,0
ozks,0.009158,285
ozks,0.003106375,8
ozks,0.010138125,305
ozks,0.00609875,110
ozks,0.003924458,21
ozks,0.007065292,145
ozks,0.025203167,941
ozks,0.003585708,12
ozks,0.00609075,107
ozks,0.003275,8
ozks,0.003605084,18
ozks,0.003271625,6
ozks,0.008976083,252
ozks,0.004701542,58
ozks,0.00299225,3
ozks,0.004401709,14
ozks,0.00468375,66
ozks,0.003448333,9
ozks,0.00336625,8
ozks,0.002437584,0
ozks,0.006198958,123
ozks,0.004785209,43
ozks,0.00394575,22
ozks,0.003366792,14
ozks,0.003119083,2
ozks,0.005161583,95
ozks,0.004787333,50
ozks,0.005376333,45
ozks,0.003459208,9
ozks,0.003025958,3
ozks,0.003813208,22
ozks,0.004118959,17
ozks,0.002678791,0
ozks,0.004742417,60
ozks,0.003940458,32
ozks,0.019471083,558
ozks,0.006492583,128
ozks,0.003255709,1
ozks,0.014756833,502
ozks,0.002939333,2
ozks,0.004309667,13
ozks,0.003390666,13
ozks,0.00296075,1
ozks,0.003062958,5
ozks,0.005007125,68
ozks,0.003261459,6
ozks,0.005427916,104
ozks,0.003914,20
ozks,0.002916375,1
ozks,0.003652291,8
ozks,0.004351709,26
ozks,0.003172833,7
ozks,0.023019875,749
ozks,0.00372325,16
ozks,0.003532459,13
ozks,0.0047335,55
ozks,0.011954875,369
ozks,0.003878708,28
ozks,0.00302275,3
ozks,0.00424275,32
ozks,0.006708583,146
ozks,0.004040584,39
ozks,0.004060416,16
ozks,0.002465042,0
ozks,0.002684166,1
ozks,0.002271292,0
ozks,0.003638709,19
ozks,0.002954958,2
ozks,0.016010708,583
ozks,0.004101459,40
ozks,0.004193542,33
ozks,0.004292625,46
ozks,0.00385975,22
ozks,0.003556417,17
ozks,0.003237708,7
ozks,0.00446625,57
ozks,0.003534042,9
ozks,0.005042583,39
ozks,0.0033245,9
ozks,0.002791834,1
ozks,0.003112333,1
ozks,0.002895125,4
ozks,0.010412,315
ozks,0.004185875,39
ozks,0.002292375,0
ozks,0.002259041,0
ozks,0.003025958,3
ozks,0.002964208,2
ozks,0.003742625,15
ozks,0.008565875,212
ozks,0.00311,0
ozks,0.003513167,6
ozks,0.002375375,0
ozks,0.003019333,1
ozks,0.002907208,2
ozks,0.003292375,9
ozks,0.003371917,8
ozks,0.004687542,69
ozks,0.003300041,8
ozks,0.0051185,68
ozks,0.003884583,16
ozks,0.010751459,323
ozks,0.003653167,6
ozks,0.004818583,66
ozks,0.003525625,13
ozks,0.022350083,827
ozks,0.002948125,1
ozks,0.00645425,144
ozks,0.003275334,8
ozks,0.004602917,64
ozks,0.003536041,17
ozks,0.0030865,1
ozks,0.010218958,303
ozks,0.003280292,10
ozks,0.0042425,20
ozks,0.003764083,17
ozks,0.005412916,99
ozks,0.003095083,5
ozks,0.012683,412
ozks,0.00392675,40
ozks,0.003114125,4
ozks,0.002391209,0
ozks,0.01126825,354
ozks,0.003083375,2
ozks,0.017088084,641
ozks,0.003968541,34
ozks,0.003372,7
ozks,0.003241834,6
ozks,0.002374167,0
ozks,0.003132916,6
ozks,0.003177458,8
ozks,0.002281458,0
ozks,0.006053208,123
ozks,0.003322667,10
ozks,0.024767625,943
ozks,0.003870083,20
ozks,0.003955625,32
ozks,0.004759791,51
ozks,0.006780625,158
ozks,0.013075,357
ozks,0.003743542,25
ozks,0.00411375,33
ozks,0.024137458,899
ozks,0.003063125,2
ozks,0.00305375,1
ozks,0.019219166,678
ozks,0.003373,15
ozks,0.005008084,70
ozks,0.003494417,14
ozks,0.003017292,4
ozks,0.00423275,39
ozks,0.016241334,569
ozks,0.003351375,1
ozks,0.004598875,53
ozks,0.006343875,141
ozks,0.003181167,8
ozks,0.003119791,8
ozks,0.012187875,379
ozks,0.002843333,2
ozks,0.0031,5
ozks,0.003028916,3
ozks,0.006475542,137
ozks,0.003126958,5
ozks,0.003260459,9
ozks,0.004994791,26
ozks,0.005991958,125
ozks,0.003816583,21
ozks,0.003374625,10
ozks,0.005652417,94
ozks,0.002424583,0
ozks,0.003185042,9
ozks,0.004002458,33
ozks,0.005837209,122
ozks,0.002286833,0
ozks,0.004127542,38
ozks,0.003883958,38
ozks,0.003952,13
ozks,0.00284475,3
ozks,0.002840709,1
ozks,0.005949208,117
ozks,0.003202833,4
ozks,0.002980917,3
ozks,0.003061458,6
ozks,0.003101875,7
ozks,0.003281458,8
ozks,0.002341625,0
ozks,0.020789417,768
ozks,0.004051333,37
ozks,0.002832125,1
ozks,0.003877,11
ozks,0.003007625,5
ozks,0.005253292,72
ozks,0.003511334,11
ozks,0.003841416,31
ozks,0.003060375,6
ozks,0.004959792,60
ozks,0.003305292,7
ozks,0.003725791,21
ozks,0.00453625,63
ozks,0.002270125,0
ozks,0.003598667,9
ozks,0.003177375,6
ozks,0.004422375,28
ozks,0.002691,1
ozks,0.003931916,37
ozks,0.006737208,142
ozks,0.008152542,201
ozks,0.006662833,141
ozks,0.00477125,68
ozks,0.003499333,9
ozks,0.002792416,1
ozks,0.003350458,8
ozks,0.003390167,9
ozks,0.003146958,9
ozks,0.003659208,17
ozks,0.005558791,44
ozks,0.003414708,10
ozks,0.002860125,1
ozks,0.00369425,26
ozks,0.005410416,86
ozks,0.003755167,19
ozks,0.005358833,111
ozks,0.004778542,70
ozks,0.002929833,2
ozks,0.003763916,26
ozks,0.00645425,156
ozks,0.003454375,8
ozks,0.002680833,0
ozks,0.003587333,14
ozks,0.003170042,4
ozks,0.003354625,6
ozks,0.002891875,1
ozks,0.005362292,88
ozks,0.003972625,31
ozks,0.002993667,1
ozks,0.003449792,17
ozks,0.0032895,8
ozks,0.002803167,1
ozks,0.003373417,8
ozks,0.003231375,9
ozks,0.00445325,46
ozks,0.006783667,150
ozks,0.003354875,12
ozks,0.002979542,2
ozks,0.006595666,152
ozks,0.002366333,0
ozks,0.005835667,108
ozks,0.020353083,737
ozks,0.006442584,142
ozks,0.003154792,9
ozks,0.003360583,8
ozks,0.003778917,9
ozks,0.00365225,12
ozks,0.003128167,8
ozks,0.002374791,0
ozks,0.013624875,453
ozks,0.003564958,19
ozks,0.003548834,15
ozks,0.002820208,1
ozks,0.002805792,1
ozks,0.00662925,139
ozks,0.00336225,8
ozks,0.017853084,633
ozks,0.010535667,325
ozks,0.003255208,10
ozks,0.00445475,53
ozks,0.003563584,16
ozks,0.005206333,66
ozks,0.002907666,3
ozks,0.002924834,1
ozks,0.003628208,13
ozks,0.003247708,8
ozks,0.002751666,1
ozks,0.0044845,41
ozks,0.003230125,9
ozks,0.005657459,108
ozks,0.00751225,121
ozks,0.003534792,17
ozks,0.004292291,43
ozks,0.008232875,218
ozks,0.003605083,17
ozks,0.004618834,58
ozks,0.003052667,5
ozks,0.003669167,20
ozks,0.003807917,28
ozks,0.002905958,1
ozks,0.003944416,40
ozks,0.015406,530
ozks,0.003544333,2
ozks,0.003443042,13
ozks,0.0029335,4
ozks,0.003009917,5
ozks,0.006659208,143
ozks,0.003599375,17
ozks,0.002903291,1
ozks,0.003565041,18
ozks,0.003638333,15
ozks,0.0042565,50
ozks,0.00814125,233
ozks,0.002948041,2
ozks,0.002376334,0
ozks,0.018338625,649
ozks,0.003961375,15
ozks,0.003488417,17
ozks,0.002968584,1
ozks,0.003168375,10
ozks,0.004153084,35
ozks,0.004283875,53
ozks,0.003236125,3
ozks,0.003195708,3
ozks,0.006593083,137
ozks,0.006453042,123
ozks,0.004621833,65
ozks,0.004449125,23
ozks,0.003015667,4
ozks,0.002956584,3
ozks,0.002947709,1
ozks,0.0062135,141
ozks,0.023462042,859
ozks,0.002375167,0
ozks,0.003355125,8
ozks,0.004769958,60
ozks,0.003001,6
ozks,0.004250542,39
ozks,0.003134709,4
ozks,0.003350834,6
ozks,0.003525875,15
ozks,0.002951333,2
ozks,0.004539917,42
ozks,0.003060375,4
ozks,0.003703417,13
ozks,0.003380584,17
ozks,0.003205833,5
ozks,0.009348041,268
ozks,0.004663583,71
ozks,0.005572125,94
ozks,0.005186833,92
ozks,0.0042175,27
ozks,0.004057,6
ozks,0.003416208,11
ozks,0.014310625,521
ozks,0.002389292,0
ozks,0.004254959,49
ozks,0.003917542,32
ozks,0.003105125,6
ozks,0.006672291,146
ozks,0.002350333,0
ozks,0.023614375,873
ozks,0.003573625,15
ozks,0.003837333,31
ozks,0.004397792,23
ozks,0.003080042,3
ozks,0.003040208,8
ozks,0.00843475,237
ozks,0.004370458,54
ozks,0.002755,1
ozks,0.004014792,35
ozks,0.003899292,26
ozks,0.003684709,23
ozks,0.004216,39
ozks,0.005069,83
ozks,0.016394042,582
ozks,0.003468917,17
ozks,0.003701084,1
ozks,0.016511,589
ozks,0.004719375,65
ozks,0.004816417,68
ozks,0.004368,37
ozks,0.003456208,12
ozks,0.004021,35
ozks,0.003498334,18
ozks,0.003215542,7
ozks,0.002475583,0
ozks,0.002383541,0
ozks,0.0034235,15
ozks,0.02341375,738
ozks,0.003876667,27
ozks,0.003663709,19
ozks,0.003273667,6
ozks,0.003296916,17
ozks,0.027812625,252
ozks,0.003655916,17
ozks,0.003293667,4
ozks,0.003565,12
ozks,0.00351275,17
ozks,0.003355666,10
ozks,0.002985625,1
ozks,0.003244292,3
ozks,0.003151625,7
ozks,0.003175958,10
ozks,0.00645,134
ozks,0.003052917,6
ozks,0.011247875,335
ozks,0.004303042,55
ozks,0.003109708,8
ozks,0.00325375,10
ozks,0.02396725,893
ozks,0.005621041,94
ozks,0.003380375,12
ozks,0.00350125,8
ozks,0.00351225,15
ozks,0.003606459,17
ozks,0.003122167,8
ozks,0.002340833,0
ozks,0.003166334,6
ozks,0.004230459,48
ozks,0.005710167,96
ozks,0.003014542,7
ozks,0.004216083,30
ozks,0.002246041,0
ozks,0.010687333,328
ozks,0.003033542,3
ozks,0.00529875,37
ozks,0.003882958,32
ozks,0.008361292,223
ozks,0.003255583,9
ozks,0.003896625,39
ozks,0.005930708,123
ozks,0.006754167,158
ozks,0.003362833,17
ozks,0.003708625,12
ozks,0.003277167,10
ozks,0.00285825,1
ozks,0.00504825,92
ozks,0.014437083,492
ozks,0.002537,0
ozks,0.002314583,0
ozks,0.003988125,45
ozks,0.003706958,19
ozks,0.002856875,1
ozks,0.005433291,99
ozks,0.006625,160
ozks,0.003343125,7
ozks,0.002471042,0
ozks,0.018006792,635
ozks,0.003790083,29
ozks,0.003315916,10
ozks,0.002506208,0
ozks,0.003221791,9
ozks,0.014161625,474
ozks,0.003728917,22
ozks,0.007227334,175
ozks,0.003888209,36
ozks,0.005738917,106
ozks,0.002914833,1
ozks,0.0029795,3
ozks,0.002329916,0
ozks,0.015365,526
ozks,0.003455583,13
ozks,0.016310542,445
ozks,0.024011708,885
ozks,0.003409584,11
ozks,0.006085208,103
ozks,0.004338542,38
ozks,0.002926833,4
ozks,0.00333175,9
ozks,0.003041667,4
ozks,0.005049583,82
ozks,0.003074541,3
ozks,0.003843959,29
ozks,0.004590833,45
ozks,0.003235542,6
ozks,0.003764833,24
ozks,0.002824583,1
ozks,0.0023565,0
ozks,0.003498334,9
ozks,0.0029055,3
ozks,0.003573916,14
ozks,0.002337084,0
ozks,0.006972792,155
ozks,0.004034583,29
ozks,0.006765834,139
ozks,0.003084541,1
ozks,0.00367025,4
ozks,0.00415125,26
ozks,0.006474292,133
ozks,0.003688709,12
ozks,0.005393125,107
ozks,0.003552084,13
ozks,0.002469125,0
ozks,0.00378575,21
ozks,0.003890625,17
ozks,0.0036745,21
ozks,0.004636792,54
ozks,0.006916541,146
ozks,0.015888208,551
ozks,0.004036292,36
ozks,0.00622675,137
ozks,0.009769459,324
ozks,0.006478333,133
ozks,0.003231792,9
ozks,0.006596458,135
ozks,0.014241583,478
ozks,0.017555292,618
ozks,0.025079375,938
ozks,0.003308834,10
ozks,0.024398583,904
ozks,0.004105541,28
ozks,0.005791,70
ozks,0.005286625,83
ozks,0.00293775,3
ozks,0.011492458,370
ozks,0.004295834,36
ozks,0.003789208,26
ozks,0.00238175,0
ozks,0.003026042,2
ozks,0.003736167,29
ozks,0.003601875,15
ozks,0.003059083,5
ozks,0.003453958,8
ozks,0.008963459,220
ozks,0.002975708,1
ozks,0.003149541,7
ozks,0.00637,128
ozks,0.00431175,52
ozks,0.003270792,8
ozks,0.00342125,15
ozks,0.004688084,54
ozks,0.00302825,6
ozks,0.003743542,15
ozks,0.00294925,2
ozks,0.006250292,124
ozks,0.003528292,2
ozks,0.004217292,17
ozks,0.003101958,6
ozks,0.003309041,7
ozks,0.005914625,118
ozks,0.002563625,0
ozks,0.003201,7
ozks,0.004732542,65
ozks,0.007685916,190
ozks,0.004244167,30
ozks,0.005755666,92
ozks,0.003521833,9
ozks,0.003437542,6
ozks,0.003383666,2
ozks,0.004002083,17
ozks,0.006186791,95
ozks,0.003291917,1
ozks,0.005877041,97
ozks,0.00331275,7
ozks,0.003755625,22
ozks,0.003403583,4
ozks,0.002901916,1
ozks,0.004025959,35
ozks,0.003977417,26
ozks,0.0024265,0
ozks,0.004249375,17
ozks,0.003883458,19
ozks,0.003387791,5
ozks,0.003452792,15
ozks,0.003083583,1
ozks,0.02279225,830
ozks,0.006530375,128
ozks,0.004181,38
ozks,0.016834875,628
ozks,0.002422,0
ozks,0.011903917,369
ozks,0.009753375,279
ozks,0.003582667,8
ozks,0.006137583,147
ozks,0.006705916,163
ozks,0.003444917,8
ozks,0.005812417,110
ozks,0.003786959,22
ozks,0.003538167,23
ozks,0.003284792,5
ozks,0.003191292,3
ozks,0.004005042,41
ozks,0.003662583,17
ozks,0.006655209,146
ozks,0.003853167,12
ozks,0.003028458,5
ozks,0.003103416,6
ozks,0.003524916,15
ozks,0.002895583,1
ozks,0.003389833,8
ozks,0.005618667,102
ozks,0.002917209,2
ozks,0.00362,16
ozks,0.002879542,4
ozks,0.010727708,342
ozks,0.002908,1
ozks,0.003498667,1
ozks,0.002845084,2
ozks,0.003881291,36
ozks,0.005178875,82
ozks,0.0034205,17
ozks,0.006682167,133
ozks,0.003985917,32
ozks,0.003069291,4
ozks,0.0037055,25
ozks,0.00508025,81
ozks,0.002279959,0
ozks,0.002944458,2
ozks,0.003387083,8
ozks,0.026899708,997
ozks,0.003069208,6
ozks,0.004151583,37
ozks,0.004937,60
ozks,0.004415375,58
ozks,0.002985958,1
ozks,0.003308125,9
ozks,0.002372458,0
ozks,0.002805125,1
ozks,0.013091292,431
ozks,0.019388625,691
ozks,0.00535,56
ozks,0.002736208,1
ozks,0.002879375,2
ozks,0.0252565,941
ozks,0.003185792,2
ozks,0.003546541,24
ozks,0.009691042,268
ozks,0.002380959,0
ozks,0.01892475,664
ozks,0.006893917,149
ozks,0.004014333,35
ozks,0.004398667,42
ozks,0.00455625,58
ozks,0.007904542,209
ozks,0.017671,629
ozks,0.00373775,21
ozks,0.010353917,308
ozks,0.0030355,6
ozks,0.003752834,29
ozks,0.002904708,3
ozks,0.00467925,63
ozks,0.006917875,158
ozks,0.003256083,8
ozks,0.003220667,10
ozks,0.011043334,343
ozks,0.02513275,849
ozks,0.002547166,0
ozks,0.009082458,252
ozks,0.014710708,541
ozks,0.002289875,0
ozks,0.008147208,217
ozks,0.003435583,17
ozks,0.005081167,63
ozks,0.00385325,21
ozks,0.003417334,14
ozks,0.003740625,25
ozks,0.004337458,48
ozks,0.017906542,631
ozks,0.005712667,67
ozks,0.004528792,51
ozks,0.003259042,4
ozks,0.003072375,2
ozks,0.003399458,8
ozks,0.003189583,8
ozks,0.003013833,6
ozks,0.00628875,134
ozks,0.003283958,10
ozks,0.003157125,2
ozks,0.00305425,6
ozks,0.00349775,12
ozks,0.003406834,1
ozks,0.007515042,183
ozks,0.00514575,77
ozks,0.004201625,32
ozks,0.007309833,173
ozks,0.002936,4
ozks,0.003437625,12
ozks,0.006242791,137
ozks,0.004402584,50
ozks,0.005506709,90
ozks,0.003343209,12
ozks,0.003094167,3
ozks,0.004976208,76
ozks,0.011217792,263
ozks,0.0029745,1
ozks,0.003980875,33
ozks,0.00316925,10
ozks,0.020954625,743
ozks,0.003830958,19
ozks,0.0064025,140
ozks,0.025477417,958
ozks,0.0030785,5
ozks,0.003099167,6
ozks,0.005682667,80
ozks,0.002910875,3
ozks,0.003705042,22
ozks,0.003126375,8
ozks,0.003441583,8
ozks,0.004429209,43
ozks,0.002922416,1
ozks,0.004765125,67
ozks,0.008441833,223
ozks,0.006888792,146
ozks,0.005459542,84
ozks,0.003028875,6
ozks,0.002948167,1
ozks,0.003296334,8
ozks,0.002800875,2
ozks,0.003268708,4
ozks,0.003458833,13
ozks,0.017424375,607
ozks,0.003422541,18
ozks,0.002261292,0
ozks,0.003046417,5
ozks,0.005390375,81
ozks,0.002794833,1
ozks,0.004648292,68
ozks,0.003823041,27
ozks,0.003167125,9
ozks,0.003375,10
ozks,0.006830667,158
ozks,0.00356875,2
ozks,0.009839417,325
ozks,0.002791167,1
ozks,0.002847666,1
ozks,0.004082041,38
ozks,0.003085416,7
ozks,0.004599208,59
ozks,0.003788959,12
ozks,0.004923458,79
ozks,0.003273375,11
ozks,0.002939333,3
ozks,0.00868125,8
ozks,0.003278417,6
ozks,0.012072959,361
ozks,0.003141291,2
ozks,0.003226625,9
ozks,0.0035115,16
ozks,0.004101625,45
ozks,0.003173583,8
ozks,0.002616459,0
ozks,0.002920292,1
ozks,0.004620542,52
ozks,0.005273541,82
ozks,0.003953542,21
ozks,0.004171417,45
ozks,0.00416625,24
ozks,0.00348025,15
ozks,0.005417792,101
ozks,0.002934417,1
ozks,0.022056958,790
ozks,0.002971292,4
ozks,0.004115791,31
ozks,0.003361625,11
ozks,0.003752292,26
ozks,0.005364542,92
ozks,0.004706292,10
ozks,0.002953917,2
ozks,0.002812584,0
ozks,0.004356916,46
ozks,0.003342208,3
ozks,0.003215125,8
ozks,0.00339875,10
ozks,0.003043042,3
ozks,0.003229625,8
ozks,0.002349958,0
ozks,0.003942792,30
ozks,0.003119125,6
ozks,0.006819416,137
ozks,0.003364292,0
ozks,0.012285375,408
ozks,0.003077,1
ozks,0.003416291,8
ozks,0.005274208,81
ozks,0.003555333,15
ozks,0.003335542,2
ozks,0.003460042,20
ozks,0.015186417,541
ozks,0.003250708,9
ozks,0.003068167,3
ozks,0.002938375,2
ozks,0.0037565,16
ozks,0.003191584,7
ozks,0.003032209,5
ozks,0.003911125,31
ozks,0.005414833,86
ozks,0.003019875,3
ozks,0.002933917,3
ozks,0.003217667,8
ozks,0.005878458,109
ozks,0.002995459,2
ozks,0.003861667,25
ozks,0.002787625,1
ozks,0.002485459,0
ozks,0.003971375,3
ozks,0.019971625,721
ozks,0.004199292,35
ozks,0.006388167,111
ozks,0.00352725,9
ozks,0.002851584,1
ozks,0.003743333,24
ozks,0.023424916,865
ozks,0.024121125,894
ozks,0.003611875,17
ozks,0.003414375,11
ozks,0.003727958,18
ozks,0.003021166,1
ozks,0.0036635,10
ozks,0.0060825,136
ozks,0.0042125,28
ozks,0.002346125,0
ozks,0.003136459,2
ozks,0.002384125,0
ozks,0.003354417,8
ozks,0.0066595,146
ozks,0.00674025,145
ozks,0.00464075,66
ozks,0.003248792,4
ozks,0.003165458,1
ozks,0.003187625,8
ozks,0.003207334,6
ozks,0.003413416,4
ozks,0.00318125,9
ozks,0.002917708,1
ozks,0.004029958,28
ozks,0.003309166,10
ozks,0.003578167,17
ozks,0.003864125,30
ozks,0.004361459,44
ozks,0.003579917,18
ozks,0.002979708,1
ozks,0.002468,0
ozks,0.00386325,22
ozks,0.004969916,73
ozks,0.005935791,115
ozks,0.005485958,101
ozks,0.002991041,3
ozks,0.003673875,13
ozks,0.003717334,13
ozks,0.005076416,81
ozks,0.025921791,973
ozks,0.003600667,7
ozks,0.004476875,62
ozks,0.010532458,339
ozks,0.0035075,10
ozks,0.01783625,630
ozks,0.003101042,1
ozks,0.004988208,70
ozks,0.004341792,30
ozks,0.003303209,8
ozks,0.003372583,9
ozks,0.003985042,22
ozks,0.005081542,92
ozks,0.004423917,58
ozks,0.0044245,36
ozks,0.002928375,1
ozks,0.003165042,1
ozks,0.00897675,240
ozks,0.006146,127
ozks,0.003715333,19
ozks,0.013547292,467
ozks,0.00386875,23
ozks,0.003999208,35
ozks,0.015991125,551
ozks,0.002648791,0
ozks,0.003931375,21
ozks,0.002993875,4
ozks,0.003804084,18
ozks,0.002881625,1
ozks,0.009538875,193
ozks,0.003299459,8
ozks,0.002578125,0
ozks,0.005478,96
ozks,0.004376542,46
ozks,0.009645333,272
ozks,0.003275542,1
ozks,0.003830458,18
ozks,0.003812417,23
ozks,0.004099291,32
ozks,0.003296167,8
ozks,0.003454041,7
ozks,0.004663583,56
ozks,0.004098583,36
ozks,0.003313583,8
ozks,0.00350425,15
ozks,0.003894458,41
ozks,0.003571084,7
ozks,0.003438084,9
ozks,0.003363042,6
ozks,0.003942625,22
ozks,0.007139625,158
ozks,0.007624875,177
ozks,0.008216208,231
ozks,0.003320958,9
ozks,0.013131292,321
ozks,0.00243325,0
ozks,0.003248583,3
ozks,0.002823208,1
ozks,0.004286708,42
ozks,0.011025917,358
ozks,0.0030975,5
ozks,0.003053625,2
ozks,0.003269125,9
ozks,0.0139255,504
ozks,0.0030205,6
ozks,0.003341209,5
ozks,0.003816666,17
ozks,0.003516667,1
ozks,0.003168834,7
ozks,0.004723875,55
ozks,0.006760166,134
ozks,0.003139792,5
ozks,0.006503334,26
ozks,0.002662208,1
ozks,0.004489625,52
ozks,0.003164083,2
ozks,0.00444025,58
ozks,0.003250709,10
ozks,0.014638541,494
ozks,0.00464525,29
ozks,0.003645333,23
ozks,0.00640975,144
ozks,0.003071917,8
ozks,0.0022925,0
ozks,0.002996875,6
ozks,0.003585167,13
ozks,0.00332725,8
ozks,0.007841667,201
ozks,0.00282925,1
ozks,0.004279542,45
ozks,0.002575708,0
ozks,0.003346041,5
ozks,0.002743209,0
ozks,0.003234042,2
ozks,0.002867125,2
ozks,0.003906041,33
ozks,0.002862458,1
ozks,0.002822583,2
ozks,0.003324375,16
ozks,0.0030425,2
ozks,0.00344075,10
ozks,0.003801416,15
ozks,0.003294209,8
ozks,0.002912084,6
ozks,0.003313833,9
ozks,0.003768375,10
ozks,0.003398333,9
ozks,0.003335417,7
ozks,0.002985708,4
ozks,0.00305225,5
ozks,0.004094709,41
ozks,0.003069625,8
ozks,0.003433417,14
ozks,0.003428042,10
ozks,0.003945916,22
ozks,0.002827584,1
ozks,0.006525459,152
ozks,0.004614042,48
ozks,0.004041041,40
ozks,0.003443834,7
ozks,0.003461125,11
ozks,0.002883125,4
ozks,0.009433167,273
ozks,0.003096875,7
ozks,0.003117375,7
ozks,0.003467958,13
ozks,0.003769333,18
ozks,0.005629583,92
ozks,0.004473417,34
ozks,0.003262459,8
ozks,0.00374975,14
ozks,0.003890417,26
ozks,0.003931125,29
ozks,0.00215575,0
ozks,0.004438875,59
ozks,0.014344666,521
ozks,0.003146208,6
ozks,0.003191708,9
ozks,0.003615333,12
ozks,0.005292292,110
ozks,0.003106708,3
ozks,0.00296425,7
ozks,0.002355667,0
ozks,0.003099875,9
ozks,0.004396375,51
ozks,0.00345525,11
ozks,0.00668975,158
ozks,0.00284725,2
ozks,0.0028865,2
ozks,0.003652333,17
ozks,0.003957125,46
ozks,0.003060083,4
ozks,0.0029235,5
ozks,0.002856708,2
ozks,0.004612875,48
ozks,0.003736334,18
ozks,0.027023,942
ozks,0.003728083,13
ozks,0.005479459,109
ozks,0.003882375,22
ozks,0.003341084,8
ozks,0.003796625,38
ozks,0.003009542,6
ozks,0.003820792,32
ozks,0.003375459,17
ozks,0.003964542,25
ozks,0.003809833,37
ozks,0.018789125,705
ozks,0.00435125,48
ozks,0.004156833,16
ozks,0.009508708,260
ozks,0.003593958,17
ozks,0.002884333,2
ozks,0.003109959,3
ozks,0.002229,0
ozks,0.006312791,144
ozks,0.003132208,9
ozks,0.003373208,10
ozks,0.005056125,82
ozks,0.003683417,19
ozks,0.009292083,262
ozks,0.002751083,0
ozks,0.015454291,526
ozks,0.018591917,664
ozks,0.003596041,20
ozks,0.005047958,84
ozks,0.002924083,5
ozks,0.00293825,2
ozks,0.003361458,5
ozks,0.003416375,17
ozks,0.002450625,0
ozks,0.002964958,1
ozks,0.003112083,1
ozks,0.003557625,2
ozks,0.003153166,2
ozks,0.020756625,751
ozks,0.002917334,2
ozks,0.022633334,866
ozks,0.003061833,4
ozks,0.008226583,231
ozks,0.005248334,78
ozks,0.003139125,3
ozks,0.002970916,2
ozks,0.002888083,1
ozks,0.00313525,8
ozks,0.005071625,71
ozks,0.004692667,20
ozks,0.002829292,1
ozks,0.00305725,6
ozks,0.00379,13
ozks,0.006668625,152
ozks,0.004052709,22
ozks,0.002838083,2
ozks,0.00513575,68
ozks,0.006346875,116
ozks,0.003139625,3
ozks,0.006225958,142
ozks,0.003325334,5
ozks,0.0150315,414
ozks,0.003258625,8
ozks,0.00658525,152
ozks,0.003808167,19
ozks,0.003143667,3
ozks,0.00579125,107
ozks,0.003241459,8
ozks,0.003055125,1
ozks,0.003751,17
ozks,0.003935083,27
ozks,0.004087375,22
ozks,0.020482375,664
ozks,0.012648875,413
ozks,0.003463416,11
ozks,0.002323208,0
ozks,0.003391791,7
ozks,0.003486584,12
ozks,0.002507416,0
ozks,0.009022625,257
ozks,0.003401375,14
ozks,0.006840625,149
ozks,0.002774125,1
ozks,0.003072,4
ozks,0.005330708,88
ozks,0.0040055,17
ozks,0.00313475,7
ozks,0.003339583,11
ozks,0.00336075,12
ozks,0.003088041,7
ozks,0.004591,54
ozks,0.003567,12
ozks,0.003985917,35
ozks,0.003031958,4
ozks,0.002685167,1
ozks,0.003751334,14
ozks,0.003071,7
ozks,0.003037,4
ozks,0.00350975,11
ozks,0.014760792,541
ozks,0.003880292,23
ozks,0.003906209,16
ozks,0.003038917,6
ozks,0.0037605,16
ozks,0.00307775,7
ozks,0.004348667,44
ozks,0.006668584,147
ozks,0.002396708,0
ozks,0.006964417,143
ozks,0.00555625,99
ozks,0.002826458,0
ozks,0.022869791,828
ozks,0.003002708,1
ozks,0.005372958,74
ozks,0.003014833,1
ozks,0.003013875,2
ozks,0.003496834,18
ozks,0.003296292,6
ozks,0.003776417,23
ozks,0.00508525,80
ozks,0.002268292,0
ozks,0.007907041,197
ozks,0.002406792,0
ozks,0.00315725,9
ozks,0.022655417,828
ozks,0.003139208,4
ozks,0.003211375,4
ozks,0.019789209,743
ozks,0.005275459,78
ozks,0.016913709,586
ozks,0.004684042,56
ozks,0.010644583,320
ozks,0.004189583,43
ozks,0.028800041,973
ozks,0.002845334,2
ozks,0.002459042,0
ozks,0.002636083,0
ozks,0.003033334,5
ozks,0.0206195,741
ozks,0.003285042,9
ozks,0.00321825,10
ozks,0.00242575,0
ozks,0.002938709,3
ozks,0.003291209,7
ozks,0.003110333,2
ozks,0.007533667,140
ozks,0.003353792,8
ozks,0.003634958,14
ozks,0.006152125,107
ozks,0.004823708,69
ozks,0.003133083,2
ozks,0.002972667,2
ozks,0.004531833,64
ozks,0.004305875,38
ozks,0.00308425,8
ozks,0.004571791,55
ozks,0.002901625,3
ozks,0.020914458,737
ozks,0.00514675,86
ozks,0.003148,8
ozks,0.004172167,40
ozks,0.002809625,1
ozks,0.003155084,6
ozks,0.004878958,65
ozks,0.003392625,15
ozks,0.00397225,18
ozks,0.00435675,49
ozks,0.003321792,9
ozks,0.002997417,5
ozks,0.025693125,954
ozks,0.007823,181
ozks,0.003035,4
ozks,0.002486875,0
ozks,0.008578958,234
ozks,0.00302325,4
ozks,0.009985333,328
ozks,0.003095125,5
ozks,0.003150792,8
ozks,0.003047958,6
ozks,0.005459958,103
ozks,0.006732292,144
ozks,0.003490459,13
ozks,0.002348958,0
ozks,0.00407325,6
ozks,0.00320475,10
ozks,0.003184791,6
ozks,0.004183792,27
ozks,0.002991583,1
ozks,0.005449917,78
ozks,0.00303725,3
ozks,0.004301833,41
ozks,0.002925792,2
ozks,0.002982917,3
ozks,0.0033205,10
ozks,0.003288833,11
ozks,0.003674583,8
ozks,0.003233625,9
ozks,0.0029585,2
ozks,0.005767708,113
ozks,0.0030165,6
ozks,0.003961834,20
ozks,0.003023125,6
ozks,0.004334333,39
ozks,0.00358725,22
ozks,0.003650375,8
ozks,0.004092375,26
ozks,0.002235583,0
ozks,0.003028917,4
ozks,0.003941167,14
ozks,0.003324458,13
ozks,0.004095708,21
ozks,0.006961833,148
ozks,0.00380925,27
ozks,0.003513125,9
ozks,0.003693708,19
ozks,0.003670208,10
ozks,0.005788834,90
ozks,0.0042755,26
ozks,0.003905542,26
ozks,0.003935708,21
ozks,0.003967125,1
ozks,0.003217708,5
ozks,0.003315375,6
ozks,0.002474875,0
ozks,0.003421875,10
ozks,0.003672333,19
ozks,0.003667292,18
ozks,0.009167792,257
ozks,0.00306075,3
ozks,0.003119958,6
ozks,0.003107875,8
ozks,0.011269542,362
ozks,0.004168292,27
ozks,0.003810875,2
ozks,0.00326075,9
ozks,0.010723583,343
ozks,0.011755042,363
ozks,0.002553125,0
ozks,0.002621875,0
ozks,0.00323625,2
ozks,0.004682875,60
ozks,0.002961791,2
ozks,0.003403083,1
ozks,0.024566791,851
ozks,0.002893667,2
ozks,0.006757125,146
ozks,0.0038875,5
ozks,0.003783958,17
ozks,0.003483333,8
ozks,0.003292583,8
ozks,0.004546209,50
ozks,0.006018875,80
ozks,0.002438375,0
ozks,0.003336708,4
ozks,0.003288958,4
ozks,0.003097209,4
ozks,0.004784167,62
ozks,0.004280417,34
ozks,0.026596583,177
ozks,0.003846875,22
ozks,0.004151291,50
ozks,0.003531959,13
ozks,0.014160875,470
ozks,0.014765375,461
ozks,0.002907458,1
ozks,0.003175541,7
ozks,0.003290541,8
ozks,0.007408416,185
ozks,0.004600167,55
ozks,0.00309025,4
ozks,0.002935542,1
ozks,0.003712958,1
ozks,0.002760542,0
ozks,0.003020792,2
ozks,0.00396175,17
ozks,0.005114875,34
ozks,0.002961125,1
ozks,0.022785292,879
ozks,0.003020583,4
ozks,0.003798292,26
ozks,0.005248417,77
ozks,0.0030915,1
ozks,0.003476,5
ozks,0.004193375,1
ozks,0.003274209,5
ozks,0.006416084,130
ozks,0.003220834,3
ozks,0.003152291,6
ozks,0.0036295,10
ozks,0.004192458,40
ozks,0.003242125,7
ozks,0.003048333,1
ozks,0.005787292,89
ozks,0.003091583,2
ozks,0.003634375,1
ozks,0.004194875,50
ozks,0.003426334,10
ozks,0.003038833,1
ozks,0.003325167,1
ozks,0.002603833,0
ozks,0.002887208,1
ozks,0.0034415,11
ozks,0.003180375,6
ozks,0.003721625,14
ozks,0.004103084,22
ozks,0.003289125,8
ozks,0.0039715,1
ozks,0.004882417,68
ozks,0.004976625,71
ozks,0.003678625,17
ozks,0.002968209,2
ozks,0.004326875,24
ozks,0.003622416,19
ozks,0.004835542,61
ozks,0.0109575,338
ozks,0.003569916,17
ozks,0.002708292,0
ozks,0.004931084,77
ozks,0.005125667,85
ozks,0.003178709,2
ozks,0.003252417,8
ozks,0.006523584,137
ozks,0.004756375,59
ozks,0.002888583,2
ozks,0.003592833,10
ozks,0.003550459,19
ozks,0.004285458,42
ozks,0.003258375,8
ozks,0.003452125,15
ozks,0.022780042,893
ozks,0.007190875,102
ozks,0.00358775,18
ozks,0.003269375,4
ozks,0.003416625,8
ozks,0.002237583,0
ozks,0.003939041,30
ozks,0.003827459,25
ozks,0.003333917,8
ozks,0.002463958,0
ozks,0.004662167,64
ozks,0.003897792,33
ozks,0.003963209,16
ozks,0.012544584,378
ozks,0.003253167,6
ozks,0.002933875,1
ozks,0.003236458,8
ozks,0.004041917,35
ozks,0.003906042,22
ozks,0.00677925,128
ozks,0.003090208,1
ozks,0.003387958,3
ozks,0.002953,1
ozks,0.004605792,68
ozks,0.003111375,7
ozks,0.003575084,12
ozks,0.00366225,6
ozks,0.003824708,25
ozks,0.018603875,661
ozks,0.00335775,8
ozks,0.003000666,3
ozks,0.002616667,0
ozks,0.0034235,8
ozks,0.002421708,0
ozks,0.003374542,10
ozks,0.021146041,759
ozks,0.003156875,1
ozks,0.00375625,22
ozks,0.011097167,287
ozks,0.003070917,2
ozks,0.003142458,6
ozks,0.003523125,20
ozks,0.00293075,4
ozks,0.00317775,6
ozks,0.003428875,8
ozks,0.004473083,42
ozks,0.003646959,27
ozks,0.003235625,8
ozks,0.007824,198
ozks,0.002839584,1
ozks,0.00426275,28
ozks,0.003585333,17
ozks,0.003583459,18
ozks,0.004416708,45
ozks,0.010449459,324
ozks,0.00836225,233
ozks,0.009039625,234
ozks,0.002213375,0
ozks,0.011590916,369
ozks,0.013529375,464
ozks,0.002753583,1
ozks,0.003803916,27
ozks,0.003789,15
ozks,0.0086375,174
ozks,0.004340417,39
ozks,0.003883583,28
ozks,0.003987208,24
ozks,0.006491792,140
ozks,0.003877333,23
ozks,0.003806334,19
ozks,0.0029985,6
ozks,0.003780416,14
ozks,0.003696792,12
ozks,0.002856958,4
ozks,0.006857542,154
ozks,0.006564625,137
ozks,0.004743375,30
ozks,0.00695575,158
ozks,0.003185458,8
ozks,0.003663125,18
ozks,0.00558675,96
ozks,0.022788625,872
ozks,0.01820125,656
ozks,0.020418709,769
ozks,0.003652625,15
ozks,0.003360417,10
ozks,0.007974041,205
ozks,0.003458542,17
ozks,0.003542083,4
ozks,0.002868167,3
ozks,0.003546333,17
ozks,0.02331525,919
ozks,0.0029155,3
ozks,0.005362458,76
ozks,0.0258135,991
ozks,0.003147459,6
ozks,0.0089455,244
ozks,0.003375709,9
ozks,0.011722791,369
ozks,0.010369708,315
ozks,0.003513417,6
ozks,0.002380167,0
ozks,0.02499525,991
ozks,0.010966333,337
ozks,0.0028865,1
ozks,0.003488541,17
ozks,0.003857125,16
ozks,0.003555709,17
ozks,0.002996709,2
ozks,0.003685417,23
ozks,0.020368625,741
ozks,0.004006417,15
ozks,0.003385959,8
ozks,0.003127208,8
ozks,0.002334041,0
ozks,0.014725083,541
ozks,0.01899775,666
ozks,0.003258583,1
ozks,0.003371791,8
ozks,0.00630075,130
ozks,0.003259875,4
ozks,0.005427084,97
ozks,0.003885042,30
ozks,0.003172,5
ozks,0.003141959,8
ozks,0.005012792,50
ozks,0.020566,740
ozks,0.005573167,86
ozks,0.005619792,104
ozks,0.003212208,1
ozks,0.003007834,2
ozks,0.004467416,47
ozks,0.006371416,140
ozks,0.002808708,1
ozks,0.014602791,496
ozks,0.002913958,3
ozks,0.003772875,17
ozks,0.00320475,5
ozks,0.003648833,24
ozks,0.00436575,46
ozks,0.008334875,233
ozks,0.003451834,17
ozks,0.003141459,7
ozks,0.01640925,562
ozks,0.003970917,34
ozks,0.004195,35
ozks,0.003058667,2
ozks,0.003493084,16
ozks,0.005316041,78
ozks,0.005136417,71
ozks,0.005149167,44
ozks,0.003398375,10
ozks,0.003528833,13
ozks,0.002517584,0
ozks,0.003169125,8
ozks,0.003542167,20
ozks,0.004529542,47
ozks,0.00299275,6
ozks,0.002482084,0
ozks,0.002895083,1
ozks,0.003234875,10
ozks,0.004058042,35
ozks,0.002910958,0
ozks,0.00295075,3
ozks,0.004131625,25
ozks,0.003546083,17
ozks,0.004116667,39
ozks,0.002465583,0
ozks,0.003155375,1
ozks,0.011337833,360
ozks,0.003603417,11
ozks,0.004817042,60
ozks,0.012222125,398
ozks,0.003195916,3
ozks,0.00431675,47
ozks,0.00394075,17
ozks,0.003571208,21
ozks,0.013269708,464
ozks,0.003468041,13
ozks,0.0055765,99
ozks,0.004012209,26
ozks,0.004300791,55
ozks,0.026452416,998
ozks,0.003430417,13
ozks,0.003046625,8
ozks,0.004214625,47
ozks,0.005509333,67
ozks,0.003928583,10
ozks,0.003830208,35
ozks,0.00713375,181
ozks,0.002795584,1
ozks,0.003050583,3
ozks,0.002326708,0
ozks,0.003288125,10
ozks,0.003850292,33
ozks,0.004571208,55
ozks,0.003583708,9
ozks,0.004487709,57
ozks,0.008543167,165
ozks,0.003339542,1
ozks,0.003472166,19
ozks,0.010485167,343
ozks,0.003219417,8
ozks,0.003107041,1
ozks,0.002915667,2
ozks,0.00422475,37
ozks,0.012613583,413
ozks,0.00940175,268
ozks,0.003952375,22
ozks,0.005430125,94
ozks,0.004903875,53
ozks,0.024954,929
ozks,0.0025275,0
ozks,0.003931792,30
ozks,0.003055959,1
ozks,0.003776459,13
ozks,0.003306834,11
ozks,0.00261225,0
ozks,0.0026195,0
ozks,0.025861291,983
ozks,0.003929292,27
ozks,0.00466725,55
ozks,0.007035459,168
ozks,0.020580042,699
ozks,0.007061125,130
ozks,0.003133459,8
ozks,0.003288833,8
ozks,0.00455775,60
ozks,0.003306709,2
ozks,0.003115417,6
ozks,0.003094959,7
ozks,0.003067125,2
ozks,0.0039275,38
ozks,0.006924833,150
ozks,0.006616917,143
ozks,0.003625666,11
ozks,0.003920958,34
ozks,0.004659834,63
ozks,0.003078667,7
ozks,0.003875708,39
ozks,0.002607042,0
ozks,0.002884167,2
ozks,0.003122583,4
ozks,0.003346125,9
ozks,0.002971166,5
ozks,0.003368958,14
ozks,0.003033875,3
ozks,0.003290542,11
ozks,0.003246375,8
ozks,0.006842292,173
ozks,0.006621834,146
ozks,0.007767833,210
ozks,0.004522958,67
ozks,0.009953666,325
ozks,0.0029145,1
ozks,0.003536917,19
ozks,0.003255834,6
ozks,0.002710959,1
ozks,0.007247875,179
ozks,0.003772708,14
ozks,0.009194542,268
ozks,0.00266925,1
ozks,0.003420625,13
ozks,0.00333525,11
ozks,0.003628625,26
ozks,0.002922084,6
ozks,0.017161958,284
ozks,0.002305708,0
ozks,0.003035458,4
ozks,0.00320075,5
ozks,0.025434542,970
ozks,0.002910542,6
ozks,0.003596833,5
ozks,0.002857709,0
ozks,0.023544042,941
ozks,0.003510917,16
ozks,0.007159458,160
ozks,0.003073208,2
ozks,0.011905084,382
ozks,0.005562291,68
ozks,0.002977625,1
ozks,0.005036333,80
ozks,0.004447166,46
ozks,0.003918833,15
ozks,0.005924666,115
ozks,0.0032685,8
ozks,0.006736166,146
ozks,0.006820334,143
ozks,0.004312125,31
ozks,0.006826875,143
ozks,0.003219167,8
ozks,0.004264084,40
ozks,0.003876417,15
ozks,0.003297459,2
ozks,0.0029025,1
ozks,0.003335958,9
ozks,0.004735708,62
ozks,0.005596,61
ozks,0.026282875,958
ozks,0.003242125,10
ozks,0.003080584,6
ozks,0.002796417,1
ozks,0.004198667,42
ozks,0.003114625,3
ozks,0.00309025,6
ozks,0.003256,8
ozks,0.00325,6
ozks,0.004528125,61
ozks,0.00629375,143
ozks,0.003672791,23
ozks,0.00315475,1
ozks,0.004293125,24
ozks,0.003797042,14
ozks,0.005047459,85
ozks,0.016764833,582
ozks,0.003136167,8
ozks,0.005127042,73
ozks,0.003325,10
ozks,0.003504,12
ozks,0.010216958,308
ozks,0.005208667,85
ozks,0.003017375,4
ozks,0.005647541,86
ozks,0.002634083,0
ozks,0.004335791,23
ozks,0.0032495,6
ozks,0.004057084,32
ozks,0.005776791,113
ozks,0.00232125,0
ozks,0.003213041,9
ozks,0.003950959,31
ozks,0.00470125,53
ozks,0.010708458,323
ozks,0.005870333,123
ozks,0.003599459,10
ozks,0.002146625,0
ozks,0.006839334,146
ozks,0.002596667,0
ozks,0.019905583,650
ozks,0.003193709,8
ozks,0.015538208,535
ozks,0.004005167,36
ozks,0.002678459,0
ozks,0.003877042,26
ozks,0.002438,0
ozks,0.003498917,13
ozks,0.003035,6
ozks,0.004932916,76
ozks,0.005477125,67
ozks,0.003594417,5
ozks,0.003564083,16
ozks,0.005818583,103
ozks,0.007473375,176
ozks,0.003843292,17
ozks,0.012174,385
ozks,0.002677833,0
ozks,0.003161292,7
ozks,0.004036708,20
ozks,0.002840709,1
ozks,0.002796375,1
ozks,0.010544125,323
ozks,0.008504666,187
ozks,0.003310667,2
ozks,0.004242208,48
ozks,0.004282167,43
ozks,0.005368042,91
ozks,0.003637875,12
ozks,0.006531,137
ozks,0.002413458,0
ozks,0.003442083,13
ozks,0.003727709,13
ozks,0.015488041,542
ozks,0.003718583,14
ozks,0.002967125,2
ozks,0.004218208,28
ozks,0.003213916,8
ozks,0.003216708,6
ozks,0.003163083,8
ozks,0.00323875,10
ozks,0.002830959,0
ozks,0.003477,10
ozks,0.003121166,10
ozks,0.003133833,8
ozks,0.005191416,97
ozks,0.004015958,13
ozks,0.004447542,43
ozks,0.005920167,125
ozks,0.006752792,136
ozks,0.003210542,7
ozks,0.01613925,601
ozks,0.003445167,10
ozks,0.006892125,149
ozks,0.003553625,18
ozks,0.003320833,12
ozks,0.004496416,62
ozks,0.003308083,12
ozks,0.00599475,80
ozks,0.004072375,15
ozks,0.003504458,17
ozks,0.003545584,9
ozks,0.004798,71
ozks,0.006323125,134
ozks,0.002929208,2
ozks,0.003338833,8
ozks,0.006696125,147
ozks,0.003693291,12
ozks,0.00508975,70
ozks,0.002543625,0
ozks,0.004283542,32
ozks,0.0036275,4
ozks,0.00465125,56
ozks,0.00736175,154
ozks,0.004512416,58
ozks,0.003676666,17
ozks,0.003066333,6
ozks,0.005054292,62
ozks,0.003023334,3
ozks,0.002436084,0
ozks,0.003515667,16
ozks,0.00323225,8
ozks,0.003460625,4
ozks,0.003078084,2
ozks,0.002315,0
ozks,0.01136075,350
ozks,0.004584542,41
ozks,0.003921458,31
ozks,0.004064125,39
ozks,0.003161875,5
ozks,0.004993958,69
ozks,0.003195666,8
ozks,0.003099875,4
ozks,0.004312542,42
ozks,0.002952417,2
ozks,0.003491292,1
ozks,0.00298125,0
ozks,0.004769209,64
ozks,0.004050292,24
ozks,0.002931125,2
ozks,0.003219833,5
ozks,0.004216292,28
ozks,0.010382833,328
ozks,0.00380675,18
ozks,0.002463042,0
ozks,0.003435292,11
ozks,0.00358025,18
ozks,0.003705959,17
ozks,0.003550917,2
ozks,0.007612167,195
ozks,0.003389125,14
ozks,0.003385708,9
ozks,0.003355916,10
ozks,0.00312375,4
ozks,0.00342425,9
ozks,0.014717083,500
ozks,0.00309975,7
ozks,0.0029845,3
ozks,0.003617125,17
ozks,0.004385791,47
ozks,0.005754959,105
ozks,0.005056167,43
ozks,0.005518583,98
ozks,0.003069375,5
ozks,0.003342167,12
ozks,0.022855417,822
ozks,0.004649333,62
ozks,0.004761167,61
ozks,0.003653542,13
ozks,0.00313425,7
ozks,0.002987417,3
ozks,0.004943916,78
ozks,0.004098916,17
ozks,0.002490917,0
ozks,0.006496458,126
ozks,0.004394833,42
ozks,0.002922417,3
ozks,0.002609792,0
ozks,0.006458791,147
ozks,0.004623625,59
ozks,0.003262875,9
ozks,0.003297375,7
ozks,0.00943725,284
ozks,0.003219083,9
ozks,0.002782042,1
ozks,0.003851791,9
ozks,0.00366775,4
ozks,0.00315675,9
ozks,0.003621875,17
ozks,0.0028965,1
ozks,0.003878709,28
ozks,0.003186083,8
ozks,0.003572541,20
ozks,0.006760583,140
ozks,0.013314,413
ozks,0.003310708,5
ozks,0.003440917,5
ozks,0.005146083,10
ozks,0.004543584,49
ozks,0.007679208,13
ozks,0.004089292,20
ozks,0.006045417,122
ozks,0.003836958,14
ozks,0.005237333,86
ozks,0.006416541,111
ozks,0.003076584,5
ozks,0.004079458,47
ozks,0.002924792,1
ozks,0.005876417,100
ozks,0.003244125,4
ozks,0.003164875,1
ozks,0.00370575,3
ozks,0.004766291,43
ozks,0.003512459,17
ozks,0.0032315,8
ozks,0.003057958,1
ozks,0.003317458,9
ozks,0.003377459,3
ozks,0.003552833,11
ozks,0.004394291,30
ozks,0.00326125,3
ozks,0.006619792,152
ozks,0.012203833,382
ozks,0.002887167,1
ozks,0.003774833,13
ozks,0.006769208,146
ozks,0.003064708,4
ozks,0.004724708,67
ozks,0.00374475,21
ozks,0.004331708,34
ozks,0.019194458,734
ozks,0.003131625,6
ozks,0.017360417,634
ozks,0.003651625,17
ozks,0.005214667,73
ozks,0.003619875,8
ozks,0.003260834,5
ozks,0.00299425,2
ozks,0.003947542,42
ozks,0.002972209,4
ozks,0.003257208,13
ozks,0.01375525,456
ozks,0.006573333,139
ozks,0.005158209,89
ozks,0.003211291,5
ozks,0.003180541,9
ozks,0.003077625,1
ozks,0.002469625,0
ozks,0.00244125,0
ozks,0.003702458,30
ozks,0.003442167,7
ozks,0.005417042,79
ozks,0.004800458,58
ozks,0.002878042,2
ozks,0.0030635,7
ozks,0.00269675,0
ozks,0.003625833,16
ozks,0.002681709,1
ozks,0.003202334,4
ozks,0.003514917,9
ozks,0.003742,9
ozks,0.0023415,0
ozks,0.002363417,0
ozks,0.003250375,6
ozks,0.006539709,134
ozks,0.003520542,13
ozks,0.003217542,5
ozks,0.003120167,4
ozks,0.004472541,47
ozks,0.003154584,2
ozks,0.003123833,7
ozks,0.0063285,130
ozks,0.014965458,464
ozks,0.003751125,4
ozks,0.003464833,19
ozks,0.002581708,0
ozks,0.003211,8
ozks,0.011021917,308
ozks,0.004068125,36
ozks,0.003810542,17
ozks,0.003333042,6
ozks,0.003947417,30
ozks,0.002957042,3
ozks,0.020963792,801
ozks,0.003308125,1
ozks,0.002991666,5
ozks,0.003554084,17
ozks,0.008641125,240
ozks,0.008482459,234
ozks,0.00404225,13
ozks,0.006838917,149
ozks,0.002970916,1
ozks,0.003440583,14
ozks,0.003068833,6
ozks,0.003040459,1
ozks,0.022591958,830
ozks,0.00346925,1
ozks,0.005142958,82
ozks,0.003833167,29
ozks,0.003240334,6
ozks,0.004219583,52
ozks,0.00320075,8
ozks,0.003203209,5
ozks,0.003717917,8
ozks,0.003821959,23
ozks,0.007116917,129
ozks,0.004258083,48
ozks,0.004976208,44
ozks,0.00384475,25
ozks,0.007749333,140
ozks,0.003654459,17
ozks,0.003219958,9
ozks,0.003199042,8
ozks,0.0098635,324
ozks,0.005156334,69
ozks,0.003730334,13
ozks,0.003741167,24
ozks,0.003048791,3
ozks,0.004965334,69
ozks,0.004493625,58
ozks,0.005228,86
ozks,0.003159792,4
ozks,0.02446975,903
ozks,0.003974333,16
ozks,0.003445375,8
ozks,0.0040305,16
ozks,0.005607667,93
ozks,0.003822041,20
ozks,0.002346667,0
ozks,0.003800458,13
ozks,0.00351725,13
ozks,0.006187625,109
ozks,0.003532875,13
ozks,0.01843575,633
ozks,0.028313333,1000
ozks,0.003285333,9
ozks,0.003966375,8
ozks,0.003139708,1
ozks,0.005555834,88
ozks,0.003526541,6
ozks,0.004115292,34
ozks,0.004400583,39
ozks,0.002552417,0
ozks,0.00335175,10
ozks,0.003658542,14
ozks,0.003823834,4
ozks,0.008566292,241
ozks,0.006574834,128
ozks,0.002402583,0
ozks,0.003011916,4
ozks,0.002946208,2
ozks,0.00372125,10
ozks,0.023624667,901
ozks,0.00418475,29
ozks,0.003879292,28
ozks,0.003657458,9
ozks,0.003465583,9
ozks,0.006883666,149
ozks,0.006934708,121
ozks,0.006224708,129
ozks,0.006618334,140
ozks,0.015009042,500
ozks,0.004095125,41
ozks,0.005976583,124
ozks,0.003817,13
ozks,0.004014209,24
ozks,0.003599833,21
ozks,0.00416525,28
ozks,0.006843584,181
ozks,0.005272958,25
ozks,0.003902417,15
ozks,0.002353834,0
ozks,0.004335458,42
ozks,0.003790167,30
ozks,0.0235055,954
ozks,0.0029725,2
ozks,0.006561083,141
ozks,0.006970292,158
ozks,0.009713875,262
ozks,0.003305375,4
ozks,0.0030575,1
ozks,0.002878125,1
ozks,0.0081035,159
ozks,0.003146625,1
ozks,0.002418958,0
ozks,0.002857875,3
ozks,0.00384475,26
ozks,0.0043745,49
ozks,0.00524425,71
ozks,0.003738458,26
ozks,0.003934417,19
ozks,0.005873917,107
ozks,0.003279958,8
ozks,0.002958917,1
ozks,0.012410792,344
ozks,0.004547709,54
ozks,0.003543958,18
ozks,0.004308333,35
ozks,0.003895042,29
ozks,0.0037235,23
ozks,0.003012667,1
ozks,0.007083083,153
ozks,0.003742334,21
ozks,0.015326625,522
ozks,0.003633292,13
ozks,0.005754709,79
ozks,0.002820042,1
ozks,0.005289709,58
ozks,0.003654625,3
ozks,0.00587625,10
ozks,0.008082667,205
ozks,0.010837375,314
ozks,0.004977458,88
ozks,0.004526708,56
ozks,0.003002292,4
ozks,0.005797125,110
ozks,0.003487,9
ozks,0.002985917,5
ozks,0.004983083,41
ozks,0.003533583,8
ozks,0.0047315,44
ozks,0.006675375,143
ozks,0.003776042,27
ozks,0.01944875,669
ozks,0.004022,24
ozks,0.025714584,895
ozks,0.005247167,55
ozks,0.003828666,11
ozks,0.004757042,65
ozks,0.013914459,410
ozks,0.006569708,70
ozks,0.021275458,679
ozks,0.003417166,6
ozks,0.003542208,7
ozks,0.002342625,0
ozks,0.002865458,2
ozks,0.003527,16
ozks,0.004467583,45
ozks,0.003433167,4
ozks,0.003995542,21
ozks,0.005641542,71
ozks,0.004763375,62
ozks,0.002723583,0
ozks,0.003799833,23
ozks,0.00491125,36
ozks,0.004464417,47
ozks,0.003313625,3
ozks,0.006112416,110
ozks,0.002638625,0
ozks,0.011435167,389
ozks,0.002933166,4
ozks,0.004114209,39
ozks,0.002989208,4
ozks,0.003742542,26
ozks,0.004638208,51
ozks,0.003178458,8
ozks,0.004603083,47
ozks,0.004830958,43
ozks,0.003701,9
ozks,0.003291875,6
ozks,0.004118958,7
ozks,0.005554833,88
ozks,0.004189166,28
ozks,0.002974875,2
ozks,0.003698042,10
ozks,0.004291375,18
ozks,0.003234625,4
ozks,0.003129125,1
ozks,0.004450042,10
ozks,0.003192084,2
ozks,0.003614,11
ozks,0.009270667,173
ozks,0.004938917,50
ozks,0.005395583,65
ozks,0.003341292,3
ozks,0.008303167,175
ozks,0.016494875,574
ozks,0.002933125,1
ozks,0.005789959,86
ozks,0.004027792,25
ozks,0.005011958,27
ozks,0.02070975,672
ozks,0.003776542,9
ozks,0.004986333,39
ozks,0.013269334,420
ozks,0.003787042,8
ozks,0.015942667,473
ozks,0.004019958,31
ozks,0.004291375,42
ozks,0.00368625,13
ozks,0.00350525,3
ozks,0.003623458,11
ozks,0.005009042,57
ozks,0.003330041,4
ozks,0.020407167,700
ozks,0.002862292,3
ozks,0.00399125,17
ozks,0.004913584,62
ozks,0.006867417,31
ozks,0.004291,37
ozks,0.003994916,18
ozks,0.003891625,2
ozks,0.003676792,18
ozks,0.00435425,19
ozks,0.004056917,8
ozks,0.005255292,74
ozks,0.0040295,4
ozks,0.004629917,46
ozks,0.015720916,470
ozks,0.003244,1
ozks,0.005024292,52
ozks,0.016420458,498
ozks,0.005759083,95
ozks,0.004230791,19
ozks,0.002533375,0
ozks,0.003656792,18
ozks,0.017440542,569
ozks,0.005822375,105
ozks,0.004269208,14
ozks,0.005700625,90
ozks,0.003222375,6
ozks,0.003155083,6
ozks,0.00322825,9
ozks,0.004545291,60
ozks,0.004485458,53
ozks,0.003192667,3
ozks,0.003403041,2
ozks,0.003749333,2
ozks,0.011684458,352
ozks,0.00359475,12
ozks,0.003080209,5
ozks,0.00542275,86
ozks,0.004993708,60
ozks,0.00424175,36
ozks,0.002262167,0
ozks,0.013946334,351
ozks,0.004706875,64
ozks,0.007224417,164
ozks,0.002340667,0
ozks,0.003260833,1
ozks,0.00367975,7
ozks,0.003579708,17
ozks,0.003412458,9
ozks,0.003426916,9
ozks,0.003234875,9
ozks,0.003218042,7
ozks,0.003134,1
ozks,0.007280791,150
ozks,0.004109708,8
ozks,0.013715375,418
ozks,0.004207667,40
ozks,0.002601708,0
ozks,0.003364625,6
ozks,0.004052167,17
ozks,0.022039541,768
ozks,0.0030395,1
ozks,0.003085041,1
ozks,0.003612041,14
ozks,0.00437325,35
ozks,0.006698416,141
ozks,0.004204417,42
ozks,0.003130167,3
ozks,0.003628083,17
ozks,0.00327775,10
ozks,0.002888875,1
ozks,0.002882459,1
ozks,0.002881291,2
ozks,0.003442792,9
ozks,0.007057667,158
ozks,0.00479975,60
ozks,0.003404792,6
ozks,0.009060417,273
ozks,0.003527917,10
ozks,0.022662791,769
ozks,0.00381025,6
ozks,0.00369875,8
ozks,0.007300167,173
ozks,0.003354417,9
ozks,0.004137666,38
ozks,0.007929041,140
ozks,0.0042295,22
ozks,0.003524,8
ozks,0.021469708,763
ozks,0.003388667,3
ozks,0.003386959,1
ozks,0.003350667,9
ozks,0.024574583,991
ozks,0.004366458,41
ozks,0.00317375,7
ozks,0.002844375,1
ozks,0.004178917,20
ozks,0.00408,31
ozks,0.003815459,27
ozks,0.003055209,3
ozks,0.007036375,147
ozks,0.003123791,2
ozks,0.003452125,5
ozks,0.002778917,0
ozks,0.002304791,0
ozks,0.00629075,81
ozks,0.005454125,79
ozks,0.00711575,138
ozks,0.005549875,72
ozks,0.003722417,4
ozks,0.003749083,2
ozks,0.016530291,498
ozks,0.010054917,270
ozks,0.004015292,17
ozks,0.004199625,30
ozks,0.003180666,2
ozks,0.003137416,1
ozks,0.003681333,8
ozks,0.003124125,1
ozks,0.004217209,27
ozks,0.006001583,9
ozks,0.00344375,9
ozks,0.00400875,26
ozks,0.007100375,162
ozks,0.003579875,16
ozks,0.007048333,140
ozks,0.003413125,3
ozks,0.002942875,1
ozks,0.005647291,107
ozks,0.003599666,20
ozks,0.00291825,0
ozks,0.003053583,5
ozks,0.004153875,36
ozks,0.002698041,2
ozks,0.003470625,9
ozks,0.0037345,27
ozks,0.003075084,5
ozks,0.0056575,110
ozks,0.00461625,49
ozks,0.002972667,3
ozks,0.003237042,11
ozks,0.003559958,8
ozks,0.006441792,104
ozks,0.00356225,8
ozks,0.0163905,606
ozks,0.004438917,37
ozks,0.002944917,1
ozks,0.002872334,2
ozks,0.004054833,14
ozks,0.003319917,9
ozks,0.004283125,29
ozks,0.003074084,8
ozks,0.003638208,17
ozks,0.003246916,6
ozks,0.006755875,103
ozks,0.003259125,8
ozks,0.005244417,77
ozks,0.003536917,16
ozks,0.004122417,41
ozks,0.004313583,35
ozks,0.005605666,110
ozks,0.003527375,18
ozks,0.002209625,0
ozks,0.003437792,17
ozks,0.0089035,241
ozks,0.00845,218
ozks,0.007214875,160
ozks,0.00490525,79
ozks,0.015063958,541
ozks,0.004284584,48
ozks,0.003248916,2
ozks,0.003742541,18
ozks,0.007046708,165
ozks,0.003900334,17
ozks,0.016211292,67
ozks,0.004338292,56
ozks,0.002546792,0
ozks,0.003479541,17
ozks,0.006723541,134
ozks,0.0029635,1
ozks,0.004461583,48
ozks,0.002970209,2
ozks,0.00382075,1
ozks,0.005186792,81
ozks,0.003478583,17
ozks,0.003083875,7
ozks,0.003786666,27
ozks,0.006717167,144
ozks,0.003254459,9
ozks,0.006322167,133
ozks,0.002602,0
ozks,0.003021834,8
ozks,0.0022715,0
ozks,0.006643166,131
ozks,0.003174875,4
ozks,0.009841791,291
ozks,0.003242041,8
ozks,0.0028085,1
ozks,0.003128958,7
ozks,0.010613583,339
ozks,0.002331416,0
ozks,0.002970125,3
ozks,0.003684667,7
ozks,0.002968417,2
ozks,0.003286583,2
ozks,0.002752333,1
ozks,0.004391208,26
ozks,0.002952291,5
ozks,0.004489834,55
ozks,0.003127041,6
ozks,0.004145667,23
ozks,0.0033355,3
ozks,0.005727291,59
ozks,0.003912792,7
ozks,0.007595625,150
ozks,0.003899708,8
ozks,0.003924583,22
ozks,0.003532,6
ozks,0.003559708,16
ozks,0.003851041,27
ozks,0.002652584,0
ozks,0.008596416,192
ozks,0.0036005,10
ozks,0.010406167,302
ozks,0.002615917,0
ozks,0.034600209,991
ozks,0.008651542,173
ozks,0.003786875,14
ozks,0.010698709,260
ozks,0.003254458,1
ozks,0.004900458,61
ozks,0.003881875,3
ozks,0.005512875,78
ozks,0.005515833,78
ozks,0.010989208,312
ozks,0.003198625,6
ozks,0.004720125,51
ozks,0.003453875,10
ozks,0.010171083,304
ozks,0.002989,1
ozks,0.004132291,3
ozks,0.003744375,8
ozks,0.015299833,541
ozks,0.010302166,325
ozks,0.004109667,8
ozks,0.002474375,0
ozks,0.003881041,17
ozks,0.007149083,173
ozks,0.003159292,4
ozks,0.003610875,15
ozks,0.004645916,45
ozks,0.003737625,4
ozks,0.014465958,399
ozks,0.005978542,108
ozks,0.003188625,1
ozks,0.004309709,37
ozks,0.005908875,50
ozks,0.003694417,13
ozks,0.011241833,328
ozks,0.003576834,3
ozks,0.004291833,28
ozks,0.004939042,69
ozks,0.00469875,35
ozks,0.003846375,11
ozks,0.005692833,80
ozks,0.002982083,1
ozks,0.003928542,32
ozks,0.003987583,16
ozks,0.003502709,4
ozks,0.003594,8
ozks,0.004783042,52
ozks,0.004459417,23
ozks,0.004768959,44
ozks,0.003604292,8
ozks,0.0057665,93
ozks,0.003006583,0
ozks,0.00374625,15
ozks,0.003169167,6
ozks,0.003922,19
ozks,0.003327042,4
ozks,0.00698475,149
ozks,0.004113166,19
ozks,0.003249584,2
ozks,0.003231875,1
ozks,0.003165,5
ozks,0.004122792,28
ozks,0.024553791,895
ozks,0.005450333,97
ozks,0.003307125,7
ozks,0.0032445,6
ozks,0.00437725,53
ozks,0.004919708,76
ozks,0.003251917,9
ozks,0.014228,429
ozks,0.003035417,3
ozks,0.002410625,0
ozks,0.006241041,107
ozks,0.004158,28
ozks,0.004110542,20
ozks,0.00576575,93
ozks,0.003182333,3
ozks,0.002332792,0
ozks,0.00443575,27
ozks,0.003373375,8
ozks,0.0197505,683
ozks,0.003235833,5
ozks,0.003269,5
ozks,0.002958875,1
ozks,0.002976834,1
ozks,0.003661833,14
ozks,0.004825458,60
ozks,0.004013917,24
ozks,0.010358916,240
ozks,0.003031791,1
ozks,0.003160917,6
ozks,0.007244083,170
ozks,0.00446475,35
ozks,0.003849042,13
ozks,0.007082875,149
ozks,0.003528834,13
ozks,0.003120583,5
ozks,0.003486542,10
ozks,0.003329833,2
ozks,0.002845792,1
ozks,0.004510833,23
ozks,0.005086042,70
ozks,0.00396475,16
ozks,0.008980791,250
ozks,0.003504583,8
ozks,0.003214583,7
ozks,0.020429208,732
ozks,0.003629916,11
ozks,0.003434167,11
ozks,0.003224166,6
ozks,0.004134334,26
ozks,0.003379084,6
ozks,0.003522292,12
ozks,0.006341583,119
ozks,0.0102515,303
ozks,0.00387775,20
ozks,0.002994209,1
ozks,0.003417125,10
ozks,0.00346675,3
ozks,0.006209208,111
ozks,0.006324084,132
ozks,0.003112667,8
ozks,0.003819167,17
ozks,0.003442208,4
ozks,0.006774125,153
ozks,0.008811958,231
ozks,0.0126485,409
ozks,0.004021625,40
ozks,0.003366125,10
ozks,0.003247834,8
ozks,0.004206,18
ozks,0.006825042,157
ozks,0.003381959,11
ozks,0.003259417,9
ozks,0.003221417,6
ozks,0.004087042,28
ozks,0.003550458,7
ozks,0.007203917,160
ozks,0.00356525,3
ozks,0.005110792,80
ozks,0.003083292,5
ozks,0.003372459,8
ozks,0.013833084,456
ozks,0.0034505,3
ozks,0.002561917,0
ozks,0.003571166,22
ozks,0.004098292,30
ozks,0.004864917,72
ozks,0.003128333,7
ozks,0.003202875,7
ozks,0.003513209,9
ozks,0.004052709,36
ozks,0.003572458,12
ozks,0.003791583,22
ozks,0.004354083,36
ozks,0.00463975,50
ozks,0.003446334,11
ozks,0.002375208,0
ozks,0.003913209,17
ozks,0.002428959,0
ozks,0.002911542,3
ozks,0.0036355,15
ozks,0.004434458,28
ozks,0.003610375,13
ozks,0.004120708,43
ozks,0.002934959,1
ozks,0.003105416,5
ozks,0.003433791,15
ozks,0.003697958,17
ozks,0.004181417,30
ozks,0.003693875,8
ozks,0.003531417,10
ozks,0.004221667,27
ozks,0.003830125,26
ozks,0.003013458,3
ozks,0.006962417,140
ozks,0.003004667,1
ozks,0.004219458,39
ozks,0.003945042,37
ozks,0.003529083,12
ozks,0.004403042,33
ozks,0.005450708,97
ozks,0.005389875,94
ozks,0.003320666,10
ozks,0.002956583,3
ozks,0.003515208,10
ozks,0.020337042,729
ozks,0.006289958,120
ozks,0.004070458,24
ozks,0.0028675,1
ozks,0.003216833,8
ozks,0.006231,131
ozks,0.023116583,830
ozks,0.003914833,15
ozks,0.003273125,9
ozks,0.003791291,13
ozks,0.004481791,36
ozks,0.003248125,9
ozks,0.004202708,17
ozks,0.003407,13
ozks,0.003876,17
ozks,0.0036025,17
ozks,0.003009375,3
ozks,0.007057,147
ozks,0.003197792,5
ozks,0.0032705,2
ozks,0.005460375,106
ozks,0.00331925,7
ozks,0.002436458,0
ozks,0.003593333,11
ozks,0.002388416,0
ozks,0.004041833,15
ozks,0.003155792,2
ozks,0.00385675,25
ozks,0.003908709,18
ozks,0.003784708,6
ozks,0.003609125,3
ozks,0.009634959,144
ozks,0.003279875,8
ozks,0.00340225,8
ozks,0.005864,90
ozks,0.003395833,8
ozks,0.004934958,52
ozks,0.006726791,146
ozks,0.004721,45
ozks,0.009368541,261
ozks,0.002453667,0
ozks,0.003343125,2
ozks,0.005306208,65
ozks,0.003863,26
ozks,0.003121,2
ozks,0.002366208,0
ozks,0.003116625,5
ozks,0.004357458,50
ozks,0.004284583,37
ozks,0.004294667,43
ozks,0.003742417,1
ozks,0.005091,69
ozks,0.006762959,146
ozks,0.005681209,117
ozks,0.003694875,8
ozks,0.026463083,876
ozks,0.003133333,1
ozks,0.006628,122
ozks,0.003518833,11
ozks,0.005776417,104
ozks,0.008102,216
ozks,0.003286416,10
ozks,0.002871792,1
ozks,0.006249417,106
ozks,0.004755375,50
ozks,0.003220583,1
ozks,0.004583833,29
ozks,0.00629475,114
ozks,0.011337375,327
ozks,0.011562375,352
ozks,0.004783417,48
ozks,0.003756708,8
ozks,0.008360333,201
ozks,0.003285584,1
ozks,0.003334833,12
ozks,0.0033405,8
ozks,0.004867625,71
ozks,0.003724833,15
ozks,0.007195583,119
ozks,0.003766583,25
ozks,0.003244708,8
ozks,0.002276916,0
ozks,0.003011125,2
ozks,0.003416834,17
ozks,0.00312275,6
ozks,0.005224,70
ozks,0.010217541,324
ozks,0.00317475,2
ozks,0.004428791,58
ozks,0.004289792,24
ozks,0.004031625,3
ozks,0.011431542,324
ozks,0.007378,131
ozks,0.004043875,32
ozks,0.00247325,0
ozks,0.003359625,8
ozks,0.004458416,36
ozks,0.003576167,12
ozks,0.00305525,5
ozks,0.002971084,1
ozks,0.003004166,3
ozks,0.002948959,1
ozks,0.003528625,17
ozks,0.003768125,5
ozks,0.003868458,23
ozks,0.0039505,27
ozks,0.002729792,0
ozks,0.003528958,2
ozks,0.003397375,1
ozks,0.003544083,1
ozks,0.007499042,129
ozks,0.006677042,137
ozks,0.00365475,17
ozks,0.004284708,36
ozks,0.0034145,9
ozks,0.007791959,140
ozks,0.003935875,8
ozks,0.004163875,8
ozks,0.003899417,31
ozks,0.016199209,537
ozks,0.003004083,1
ozks,0.006354916,100
ozks,0.007532416,171
ozks,0.003334125,8
ozks,0.017098208,642
ozks,0.002350583,0
ozks,0.023908792,852
ozks,0.005059792,40
ozks,0.018165667,630
ozks,0.004929584,37
ozks,0.008114125,188
ozks,0.004328375,38
ozks,0.0033345,8
ozks,0.00396325,20
ozks,0.00563625,83
ozks,0.003070667,5
ozks,0.004816,54
ozks,0.004678916,60
ozks,0.003067125,1
ozks,0.00336225,11
ozks,0.004748958,42
ozks,0.014092375,366
ozks,0.002721,0
ozks,0.003688084,21
ozks,0.003234375,2
ozks,0.006700208,111
ozks,0.0033695,3
ozks,0.00397,13
ozks,0.00529925,67
ozks,0.004080333,33
ozks,0.00393775,25
ozks,0.005499792,95
ozks,0.003448125,4
ozks,0.002350167,0
ozks,0.003768334,11
ozks,0.004953625,68
ozks,0.002992292,2
ozks,0.003691334,14
ozks,0.013967041,389
ozks,0.004127958,29
ozks,0.004999792,70
ozks,0.006711083,147
ozks,0.004018166,34
ozks,0.002339959,0
ozks,0.00362675,25
ozks,0.004019125,21
ozks,0.003471584,3
ozks,0.0031235,8
ozks,0.006160875,109
ozks,0.004065667,23
ozks,0.004451167,38
ozks,0.00349725,6
ozks,0.003394084,4
ozks,0.003850375,22
ozks,0.002379791,0
ozks,0.00652575,146
ozks,0.004054917,29
ozks,0.003159417,8
ozks,0.003301542,7
ozks,0.00321,4
ozks,0.003288417,10
ozks,0.008027583,201
ozks,0.003472958,11
ozks,0.003908917,25
ozks,0.004994084,69
ozks,0.003152583,5
ozks,0.002929625,1
ozks,0.004630333,51
ozks,0.00243775,0
ozks,0.003556084,18
ozks,0.003119459,2
ozks,0.004518583,28
ozks,0.004182958,21
ozks,0.003371416,9
ozks,0.004429,52
ozks,0.010826458,341
ozks,0.003800167,12
ozks,0.002965083,4
ozks,0.00307275,8
ozks,0.013324834,464
ozks,0.008574541,231
ozks,0.002906333,2
ozks,0.003127042,1
ozks,0.002394084,0
ozks,0.003631584,13
ozks,0.003209458,3
ozks,0.005539584,92
ozks,0.002991709,4
ozks,0.005295542,56
ozks,0.004576708,58
ozks,0.0048405,45
ozks,0.002537041,0
ozks,0.003708917,24
ozks,0.004653,58
ozks,0.003190834,7
ozks,0.019738167,712
ozks,0.005331833,66
ozks,0.010174791,324
ozks,0.003466667,15
ozks,0.017680041,612
ozks,0.003146333,7
ozks,0.004695958,47
ozks,0.002372959,0
ozks,0.003263416,11
ozks,0.004837334,51
ozks,0.010461833,311
ozks,0.003362541,12
ozks,0.002944209,3
ozks,0.010525458,313
ozks,0.002973167,1
ozks,0.003102875,1
ozks,0.003098709,1
ozks,0.002954167,1
ozks,0.003073208,4
ozks,0.004264458,31
ozks,0.006448833,130
ozks,0.003565583,17
ozks,0.0043485,30
ozks,0.003503667,9
ozks,0.003146125,1
ozks,0.006768084,139
ozks,0.003099458,6
ozks,0.004625708,49
ozks,0.0029385,1
ozks,0.003292125,7
ozks,0.003338959,10
ozks,0.004730417,54
ozks,0.002621958,0
ozks,0.003144792,4
ozks,0.003149,4
ozks,0.003069417,2
ozks,0.025605833,926
ozks,0.002397541,0
ozks,0.018015208,561
ozks,0.023626542,859
ozks,0.002646375,1
ozks,0.00355875,9
ozks,0.002898541,0
ozks,0.007703917,193
ozks,0.003421625,10
ozks,0.003689,17
ozks,0.002547875,0
ozks,0.00449975,41
ozks,0.00425075,40
ozks,0.003531208,14
ozks,0.003202292,6
ozks,0.004399958,54
ozks,0.003110667,4
ozks,0.003579291,17
ozks,0.006030458,77
ozks,0.00372375,18
ozks,0.003039917,6
ozks,0.004603833,59
ozks,0.003251125,8
ozks,0.005544458,107
ozks,0.008735458,233
ozks,0.006728792,111
ozks,0.00407275,37
ozks,0.003745459,18
ozks,0.004293375,37
ozks,0.003231666,1
ozks,0.003836709,8
ozks,0.005533292,74
ozks,0.0037265,24
ozks,0.002653708,0
ozks,0.006945583,143
ozks,0.004359375,50
ozks,0.005797792,94
ozks,0.004328708,28
ozks,0.005601125,70
ozks,0.0027985,1
ozks,0.0061805,133
ozks,0.00283125,1
ozks,0.003239,8
ozks,0.002297375,0
ozks,0.005184833,94
ozks,0.004270792,44
ozks,0.003028333,3
ozks,0.003684292,19
ozks,0.003777375,19
ozks,0.0029965,3
ozks,0.003361375,11
ozks,0.004848458,28
ozks,0.003333958,2
ozks,0.004317541,58
ozks,0.005931791,117
ozks,0.003510042,12
ozks,0.004609083,18
ozks,0.004472042,62
ozks,0.005436708,93
ozks,0.00323725,9
ozks,0.002833292,2
ozks,0.003339208,2
ozks,0.010090083,325
ozks,0.003866583,23
ozks,0.006408875,93
ozks,0.004260542,33
ozks,0.004073416,35
ozks,0.003159958,1
ozks,0.003750417,9
ozks,0.003114583,3
ozks,0.003348333,9
ozks,0.004835125,65
ozks,0.003228958,1
ozks,0.0032525,1
ozks,0.002964125,3
ozks,0.00322725,2
ozks,0.004376958,21
ozks,0.00233575,0
ozks,0.0038905,12
ozks,0.003955334,26
ozks,0.010916666,352
ozks,0.003802041,5
ozks,0.00518375,72
ozks,0.003233875,3
ozks,0.006420917,137
ozks,0.003021583,3
ozks,0.002336041,0
ozks,0.003295625,9
ozks,0.00297075,0
ozks,0.0030325,3
ozks,0.004301542,47
ozks,0.003181458,1
ozks,0.002932041,1
ozks,0.003747167,9
ozks,0.002925458,1
ozks,0.003789584,29
ozks,0.003258,3
ozks,0.005475834,99
ozks,0.002991042,3
ozks,0.003428,12
ozks,0.00340425,9
ozks,0.003740917,8
ozks,0.015034917,541
ozks,0.003569791,10
ozks,0.026339083,997
ozks,0.0048185,66
ozks,0.004318667,18
ozks,0.002968042,2
ozks,0.00293875,3
ozks,0.003592833,25
ozks,0.004017583,34
ozks,0.008120208,205
ozks,0.024223083,953
ozks,0.008921416,246
ozks,0.003704458,12
ozks,0.004967042,59
ozks,0.007988833,165
ozks,0.00396925,17
ozks,0.021030167,690
ozks,0.005285917,35
ozks,0.003596167,12
ozks,0.003398625,5
ozks,0.003313417,2
ozks,0.003743833,5
ozks,0.003944417,14
ozks,0.004075041,17
ozks,0.015808291,502
ozks,0.0031065,1
ozks,0.003531458,10
ozks,0.003629875,13
ozks,0.003307125,3
ozks,0.003026875,1
ozks,0.003668042,19
ozks,0.003753208,18
ozks,0.003330417,1
ozks,0.003517625,14
ozks,0.004417167,44
ozks,0.007471125,173
ozks,0.00401525,8
ozks,0.003224625,8
ozks,0.003707458,18
ozks,0.002351166,0
ozks,0.003620458,15
ozks,0.0082555,176
ozks,0.004259709,35
ozks,0.003660875,12
ozks,0.003777625,17
ozks,0.003939833,21
ozks,0.002311667,0
ozks,0.004481334,3
ozks,0.004165584,27
ozks,0.005387083,26
ozks,0.018524083,582
ozks,0.003049542,3
ozks,0.003721667,23
ozks,0.003889625,10
ozks,0.004025166,27
ozks,0.007879833,201
ozks,0.003687792,17
ozks,0.005624875,24
ozks,0.00695975,164
ozks,0.003770708,19
ozks,0.007867708,206
ozks,0.004506083,54
ozks,0.003258959,9
ozks,0.002839958,1
ozks,0.002537292,0
ozks,0.009879959,280
ozks,0.003208833,8
ozks,0.006432833,129
ozks,0.004985417,67
ozks,0.003556917,11
ozks,0.009677917,264
ozks,0.002387333,0
ozks,0.00382725,32
ozks,0.004164583,21
ozks,0.00307225,6
ozks,0.010359584,325
ozks,0.006640916,137
ozks,0.003258875,0
ozks,0.003296125,5
ozks,0.003759209,14
ozks,0.002662542,0
ozks,0.003860125,20
ozks,0.005369625,80
ozks,0.003010125,3
ozks,0.006372,133
ozks,0.003263125,1
ozks,0.004098084,10
ozks,0.017457667,595
ozks,0.020360541,737
ozks,0.003547458,13
ozks,0.003089,3
ozks,0.004335167,26
ozks,0.003321959,3
ozks,0.003156292,2
ozks,0.003865375,31
ozks,0.006230167,135
ozks,0.003834292,34
ozks,0.003368208,8
ozks,0.005522375,102
ozks,0.004171875,17
ozks,0.006521792,119
ozks,0.0032755,1
ozks,0.003699959,17
ozks,0.003201833,8
ozks,0.0037285,25
ozks,0.003296875,9
ozks,0.003780791,26
ozks,0.00341275,8
ozks,0.005175958,82
ozks,0.003993,23
ozks,0.002970042,2
ozks,0.003516417,12
ozks,0.006411875,143
ozks,0.014650459,541
ozks,0.002554,0
ozks,0.002661708,0
ozks,0.006552209,136
ozks,0.00658925,140
ozks,0.006761,147
ozks,0.00343875,8
ozks,0.003347125,9
ozks,0.002381208,0
ozks,0.003766667,12
ozks,0.003563,20
ozks,0.005208417,88
ozks,0.0043975,56
ozks,0.002835042,2
ozks,0.003363084,7
ozks,0.003931542,10
ozks,0.012676042,397
ozks,0.004253458,39
ozks,0.002798791,1
ozks,0.004446209,47
ozks,0.0042925,50
ozks,0.003646458,14
ozks,0.002497917,0
ozks,0.020527291,650
ozks,0.003745458,17
ozks,0.004411875,47
ozks,0.003140167,1
ozks,0.004571917,50
ozks,0.004185292,34
ozks,0.003005708,3
ozks,0.016727792,483
ozks,0.006145834,116
ozks,0.003116834,4
ozks,0.012242625,383
ozks,0.0033735,8
ozks,0.004338291,13
ozks,0.006695667,141
ozks,0.008160917,201
ozks,0.003215625,2
ozks,0.003963291,31
ozks,0.005102875,58
ozks,0.005054875,80
ozks,0.004043125,39
ozks,0.0033975,12
ozks,0.003113,1
ozks,0.004520625,51
ozks,0.003783417,22
ozks,0.004021667,29
ozks,0.006416,139
ozks,0.00654275,134
ozks,0.004517666,55
ozks,0.0022575,0
ozks,0.003381041,11
ozks,0.005072959,59
ozks,0.006491416,153
ozks,0.003622041,21
ozks,0.005522375,91
ozks,0.00422325,34
ozks,0.003808875,9
ozks,0.006180459,63
ozks,0.003263667,7
ozks,0.003154083,3
ozks,0.003014166,3
ozks,0.00390025,9
ozks,0.003111834,2
ozks,0.00434575,17
ozks,0.00319875,6
ozks,0.003020292,2
ozks,0.016003833,547
ozks,0.0031155,2
ozks,0.008626917,227
ozks,0.006921916,158
ozks,0.003939583,10
ozks,0.003109917,3
ozks,0.00523525,69
ozks,0.003262291,7
ozks,0.003606625,16
ozks,0.003072125,1
ozks,0.0046595,39
ozks,0.002799208,0
ozks,0.004692625,64
ozks,0.003334375,4
ozks,0.004037041,35
ozks,0.005432541,97
ozks,0.003293667,4
ozks,0.003702333,20
ozks,0.020465167,731
ozks,0.004046959,20
ozks,0.0030115,4
ozks,0.004987583,59
ozks,0.00361775,6
ozks,0.003272209,4
ozks,0.004054541,40
ozks,0.003247416,6
ozks,0.006640625,134
ozks,0.004787791,43
ozks,0.003880708,9
ozks,0.002360125,0
ozks,0.004097042,26
ozks,0.010210625,302
ozks,0.003876917,28
ozks,0.003554959,22
ozks,0.015022292,521
ozks,0.003468541,10
ozks,0.004094833,34
ozks,0.005551416,88
ozks,0.005951416,127
ozks,0.003188292,4
ozks,0.005156417,54
ozks,0.003882625,20
ozks,0.003360208,5
ozks,0.003374041,8
ozks,0.00311175,3
ozks,0.01481875,417
ozks,0.004169125,31
ozks,0.002452666,0
ozks,0.004049917,8
ozks,0.007032417,140
ozks,0.003899083,21
ozks,0.003679958,5
ozks,0.003943084,23
ozks,0.003826875,14
ozks,0.005189584,67
ozks,0.004771292,45
ozks,0.00796775,197
ozks,0.004031709,22
ozks,0.003206875,9
ozks,0.003398125,1
ozks,0.012617958,405
ozks,0.003106125,6
ozks,0.0046425,54
ozks,0.00316675,6
ozks,0.002981875,1
ozks,0.003965208,27
ozks,0.00748125,187
ozks,0.006459917,130
ozks,0.002412125,0
ozks,0.003310125,7
ozks,0.003370167,19
ozks,0.003767958,8
ozks,0.003911458,17
ozks,0.003430041,9
ozks,0.003293084,7
ozks,0.00677225,134
ozks,0.009772625,274
ozks,0.004307959,37
ozks,0.004264292,35
ozks,0.013960834,311
ozks,0.011155125,358
ozks,0.004912125,80
ozks,0.006243458,120
ozks,0.006674084,157
ozks,0.003148166,5
ozks,0.009785667,254
ozks,0.002432208,0
ozks,0.006302958,138
ozks,0.003268625,7
ozks,0.007937917,193
ozks,0.020169458,664
ozks,0.003461,17
ozks,0.003642834,12
ozks,0.007485541,189
ozks,0.00560625,104
ozks,0.004297167,25
ozks,0.003584,13
ozks,0.002938125,4
ozks,0.006344833,93
ozks,0.004494917,45
ozks,0.003584542,8
ozks,0.003675708,9
ozks,0.002586375,0
ozks,0.003487083,15
ozks,0.010555417,343
ozks,0.004069875,25
ozks,0.006740917,140
ozks,0.003502666,13
ozks,0.005165875,66
ozks,0.002785208,1
ozks,0.003337541,8
ozks,0.003742833,25
ozks,0.003041708,3
ozks,0.004459667,35
ozks,0.002424541,0
ozks,0.002206834,0
ozks,0.005603459,1
ozks,0.006475292,5
ozks,0.00653575,23
ozks,0.005213292,41
ozks,0.004804625,39
ozks,0.0031115,3
ozks,0.00323175,5
ozks,0.006882291,124
ozks,0.003791708,5
ozks,0.003069209,3
ozks,0.002911416,1
ozks,0.023883667,862
ozks,0.005217542,61
ozks,0.002768042,1
ozks,0.012958666,116
ozks,0.003764833,10
ozks,0.004015042,25
ozks,0.007386667,7
ozks,0.0046715,56
ozks,0.003904833,0
ozks,0.00389225,13
ozks,0.004708125,47
ozks,0.003245125,8
ozks,0.003624125,3
ozks,0.004722625,24
ozks,0.003196584,5
ozks,0.004023917,13
ozks,0.008694542,15
ozks,0.003484375,7
ozks,0.004334584,32
ozks,0.003158375,8
ozks,0.005148459,72
ozks,0.006993625,139
ozks,0.002742333,0
ozks,0.003571833,9
ozks,0.003141,9
ozks,0.004912625,75
ozks,0.0046015,33
ozks,0.020231291,769
ozks,0.003370958,8
ozks,0.002204667,0
ozks,0.002659,0
ozks,0.003011959,4
ozks,0.002694375,1
ozks,0.004536208,2
ozks,0.005099708,55
ozks,0.003400917,4
ozks,0.006752375,130
ozks,0.006324875,131
ozks,0.003355708,7
ozks,0.004460041,52
ozks,0.003572,17
ozks,0.002735209,2
ozks,0.003277208,6
ozks,0.00452,23
ozks,0.004069,24
ozks,0.003174167,8
ozks,0.004012209,26
ozks,0.003121167,1
ozks,0.002845542,2
ozks,0.004125042,17
ozks,0.005083125,77
ozks,0.003057375,4
ozks,0.002894334,2
ozks,0.00669825,147
ozks,0.004758709,56
ozks,0.003449625,10
ozks,0.004529,34
ozks,0.003807167,15
ozks,0.003227167,3
ozks,0.003838583,22
ozks,0.003035417,4
ozks,0.003134875,1
ozks,0.004201792,18
ozks,0.022300458,872
ozks,0.00472675,58
ozks,0.002358,0
ozks,0.003899791,18
ozks,0.004526833,58
ozks,0.002399833,0
ozks,0.007633625,152
ozks,0.005460334,84
ozks,0.004455958,31
ozks,0.003139792,4
ozks,0.003526,12
ozks,0.00612625,123
ozks,0.004440042,15
ozks,0.00402275,27
ozks,0.017116333,613
ozks,0.0032385,10
ozks,0.003192375,5
ozks,0.004008667,35
ozks,0.016671792,624
ozks,0.004251375,25
ozks,0.003387916,8
ozks,0.004147917,23
ozks,0.0033845,14
ozks,0.003233291,4
ozks,0.00343025,7
ozks,0.002903125,1
ozks,0.005073709,67
ozks,0.004599541,43
ozks,0.006164208,116
ozks,0.006391083,139
ozks,0.002967375,2
ozks,0.00314,7
ozks,0.004692708,35
ozks,0.00348075,10
ozks,0.005936625,107
ozks,0.004200209,43
ozks,0.004142084,43
ozks,0.003005708,4
ozks,0.004210792,14
ozks,0.003978625,18
ozks,0.003089,3
ozks,0.003216041,1
ozks,0.003249708,4
ozks,0.003475208,9
ozks,0.00438675,56
ozks,0.018217541,642
ozks,0.003834083,29
ozks,0.006750375,140
ozks,0.005230875,75
ozks,0.003709875,24
ozks,0.00884925,250
ozks,0.003628458,3
ozks,0.003187416,3
ozks,0.004542292,55
ozks,0.004362542,56
ozks,0.003803792,21
ozks,0.00312175,1
ozks,0.003862917,21
ozks,0.003066333,3
ozks,0.003123334,8
ozks,0.005066959,80
ozks,0.005365292,80
ozks,0.003021209,5
ozks,0.002847916,1
ozks,0.004062417,17
ozks,0.003436708,9
ozks,0.022485,807
ozks,0.003159667,6
ozks,0.003393208,4
ozks,0.002442125,0
ozks,0.00447825,42
ozks,0.003492625,19
ozks,0.003019916,7
ozks,0.003052917,3
ozks,0.002380209,0
ozks,0.004002083,20
ozks,0.004493792,7
ozks,0.003700459,9
ozks,0.00649825,42
ozks,0.003164542,1
ozks,0.004300875,48
ozks,0.003186375,4
ozks,0.003552208,13
ozks,0.004034667,18
ozks,0.003354333,8
ozks,0.005028542,50
ozks,0.002972334,1
ozks,0.003107042,6
ozks,0.002263167,0
ozks,0.002958375,4
ozks,0.003555917,14
ozks,0.004195292,18
ozks,0.004092459,15
ozks,0.004257792,14
ozks,0.004049875,24
ozks,0.004748875,45
ozks,0.008611459,233
ozks,0.003626792,1
ozks,0.012322958,383
ozks,0.004450625,44
ozks,0.010142209,325
ozks,0.00392,19
ozks,0.003936834,25
ozks,0.002919667,2
ozks,0.003014083,4
ozks,0.003559709,17
ozks,0.003969875,21
ozks,0.003041042,3
ozks,0.003872667,32
ozks,0.003147666,3
ozks,0.003283708,10
ozks,0.0066225,127
ozks,0.003213083,7
ozks,0.005336458,12
ozks,0.003845292,19
ozks,0.004016792,21
ozks,0.003313583,10
ozks,0.005383167,78
ozks,0.003838375,23
ozks,0.003858625,27
ozks,0.003485792,18
ozks,0.021926792,715
ozks,0.005076292,80
ozks,0.002880375,1
ozks,0.003603541,12
ozks,0.004020542,37
ozks,0.004492666,45
ozks,0.003684125,19
ozks,0.003409167,8
ozks,0.003726708,15
ozks,0.004464542,47
ozks,0.012360458,382
ozks,0.006742166,139
ozks,0.002704916,0
ozks,0.003707375,17
ozks,0.00291225,3
ozks,0.003166666,2
ozks,0.003223166,9
ozks,0.003747417,11
ozks,0.004312875,17
ozks,0.00650975,3
ozks,0.01169325,325
ozks,0.016720917,142
ozks,0.002689583,0
ozks,0.0219345,807
ozks,0.004365709,18
ozks,0.002487583,0
ozks,0.002967,4
ozks,0.010555,324
ozks,0.003450625,4
ozks,0.005087375,75
ozks,0.003891709,31
ozks,0.019324375,661
ozks,0.027763,999
ozks,0.003106166,1
ozks,0.003566959,12
ozks,0.004710833,78
ozks,0.003896708,31
ozks,0.017102291,638
ozks,0.003053584,2
ozks,0.003619583,18
ozks,0.0036365,9
ozks,0.003327916,14
ozks,0.003220791,8
ozks,0.003318,8
ozks,0.0029965,1
ozks,0.002974292,1
ozks,0.003748959,7
ozks,0.003875625,3
ozks,0.008602125,192
ozks,0.004644542,21
ozks,0.004546708,45
ozks,0.0030235,3
ozks,0.005965,109
ozks,0.003561875,6
ozks,0.00368925,5
ozks,0.003418208,6
ozks,0.002933667,1
ozks,0.010795541,315
ozks,0.003412959,9
ozks,0.0028525,1
ozks,0.003555708,10
ozks,0.002683833,0
ozks,0.00449875,35
ozks,0.003632167,17
ozks,0.003114625,1
ozks,0.002851667,1
ozks,0.007259958,158
ozks,0.003328792,3
ozks,0.00234625,0
ozks,0.00516675,91
ozks,0.003273583,8
ozks,0.014373042,521
ozks,0.003328041,4
ozks,0.003413,10
ozks,0.002368208,0
ozks,0.004121375,28
ozks,0.006338542,124
ozks,0.002812959,0
ozks,0.004341333,37
ozks,0.010253875,325
ozks,0.003812042,25
ozks,0.003084375,4
ozks,0.00314425,6
ozks,0.002762459,0
ozks,0.003147584,5
ozks,0.002981375,3
ozks,0.002750042,1
ozks,0.00338675,4
ozks,0.003024625,3
ozks,0.003889416,18
ozks,0.003745042,17
ozks,0.018031417,646
ozks,0.002502833,0
ozks,0.003380083,10
ozks,0.004259125,17
ozks,0.003513042,20
ozks,0.003187875,5
ozks,0.003233125,3
ozks,0.00900725,240
ozks,0.003900583,15
ozks,0.018964417,654
ozks,0.003336333,8
ozks,0.002441667,0
ozks,0.005566333,104
ozks,0.0039205,11
ozks,0.004865667,62
ozks,0.012528542,423
ozks,0.004456042,54
ozks,0.006663791,160
ozks,0.0031145,8
ozks,0.004388583,56
ozks,0.022003583,812
ozks,0.003651792,22
ozks,0.003932875,16
ozks,0.00299075,3
ozks,0.003514625,14
ozks,0.003933,13
ozks,0.005365792,96
ozks,0.007809917,200
ozks,0.004599875,56
ozks,0.003504875,8
ozks,0.004277625,28
ozks,0.003459042,8
ozks,0.019922625,635
ozks,0.002889791,1
ozks,0.003176083,9
ozks,0.003636667,5
ozks,0.012662709,417
ozks,0.00337875,5
ozks,0.007926042,201
ozks,0.00290625,2
ozks,0.014319416,484
ozks,0.01522425,522
ozks,0.00634025,117
ozks,0.007036875,165
ozks,0.004630666,43
ozks,0.003078333,1
ozks,0.003785833,23
ozks,0.00311225,3
ozks,0.0057125,96
ozks,0.003063292,1
ozks,0.004531459,21
ozks,0.004182625,28
ozks,0.003673042,17
ozks,0.003871166,11
ozks,0.003278,8
ozks,0.003770375,18
ozks,0.003016167,3
ozks,0.00394875,13
ozks,0.003626333,18
ozks,0.004445,44
ozks,0.003210083,5
ozks,0.003173333,7
ozks,0.0052135,71
ozks,0.005215916,53
ozks,0.0032745,2
ozks,0.002915041,1
ozks,0.00261675,0
ozks,0.003719417,14
ozks,0.003589458,12
ozks,0.010992625,325
ozks,0.003267125,9
ozks,0.010031583,302
ozks,0.002934,2
ozks,0.003440958,10
ozks,0.003657542,8
ozks,0.0085555,183
ozks,0.004491583,53
ozks,0.003518,14
ozks,0.003869208,24
ozks,0.003214084,8
ozks,0.003170375,3
ozks,0.003656375,23
ozks,0.003592708,10
ozks,0.003026291,4
ozks,0.004941667,66
ozks,0.00403475,29
ozks,0.002683208,0
ozks,0.003394792,9
ozks,0.003103708,1
ozks,0.005167666,84
ozks,0.008740666,234
ozks,0.006418125,126
ozks,0.00434325,29
ozks,0.003539917,10
ozks,0.003506959,4
ozks,0.003351291,9
ozks,0.003285333,2
ozks,0.006417542,138
ozks,0.003677417,11
ozks,0.016386334,561
ozks,0.004983083,45
ozks,0.0025165,0
ozks,0.002537375,0
ozks,0.007029334,149
ozks,0.004904,65
ozks,0.004210291,21
ozks,0.003556959,9
ozks,0.005224083,71
ozks,0.003513125,8
ozks,0.003168792,4
ozks,0.007334667,179
ozks,0.003106208,1
ozks,0.005907125,97
ozks,0.002574,0
ozks,0.003383458,5
ozks,0.00447,28
ozks,0.022967875,840
ozks,0.003002333,3
ozks,0.003544708,6
ozks,0.012507167,423
ozks,0.003404583,6
ozks,0.003074875,3
ozks,0.0081055,201
ozks,0.006460166,137
ozks,0.0044585,35
ozks,0.003268791,6
ozks,0.002918333,0
ozks,0.006938167,134
ozks,0.003233834,10
ozks,0.003339209,8
ozks,0.006695416,146
ozks,0.003229084,1
ozks,0.01029375,303
ozks,0.003217875,5
ozks,0.006600667,127
ozks,0.004732625,55
ozks,0.002884125,1
ozks,0.0133145,462
ozks,0.003853416,3
ozks,0.003632541,17
ozks,0.00396575,14
ozks,0.003252583,5
ozks,0.004000708,22
ozks,0.003585042,17
ozks,0.003884417,13
ozks,0.00736325,140
ozks,0.003763125,21
ozks,0.004110917,15
ozks,0.004391709,49
ozks,0.00349525,13
ozks,0.004390708,43
ozks,0.004572167,17
ozks,0.010813,343
ozks,0.003470334,11
ozks,0.003957666,22
ozks,0.007314083,167
ozks,0.003516833,8
ozks,0.013363417,430
ozks,0.004162958,8
ozks,0.005067959,68
ozks,0.004321708,39
ozks,0.003692208,15
ozks,0.00327675,3
ozks,0.021948959,734
ozks,0.003978083,15
ozks,0.006216958,116
ozks,0.011160209,312
ozks,0.002456042,0
ozks,0.00402025,16
ozks,0.005819833,88
ozks,0.003555958,6
ozks,0.003123042,1
ozks,0.003649375,7
ozks,0.00356,8
ozks,0.004385083,26
ozks,0.002549625,0
ozks,0.014380083,463
ozks,0.003798625,9
ozks,0.0025775,0
ozks,0.003536542,1
ozks,0.007341125,176
ozks,0.004289583,16
ozks,0.003546417,9
ozks,0.004617292,39
ozks,0.004624916,30
ozks,0.00330925,1
ozks,0.004101458,1
ozks,0.005726625,72
ozks,0.004804084,17
ozks,0.004094,4
ozks,0.003765458,9
ozks,0.003559667,2
ozks,0.003657291,6
ozks,0.002737458,0
ozks,0.00497825,36
ozks,0.004155542,36
ozks,0.007542792,141
ozks,0.003748167,14
ozks,0.004484375,34
ozks,0.002773209,0
ozks,0.003660542,5
ozks,0.006290041,104
ozks,0.023153791,764
ozks,0.004005,20
ozks,0.004345208,36
ozks,0.004391083,44
ozks,0.003543583,4
ozks,0.003323708,1
ozks,0.004019208,8
ozks,0.003288584,8
ozks,0.003535792,16
ozks,0.00298875,1
ozks,0.00320975,2
ozks,0.00581975,55
ozks,0.004134625,7
ozks,0.006583417,139
ozks,0.006181958,99
ozks,0.007682125,171
ozks,0.013704292,429
ozks,0.005356375,65
ozks,0.003643833,15
ozks,0.005343041,83
ozks,0.003270417,8
ozks,0.003714125,14
ozks,0.003306084,5
ozks,0.027490292,903
ozks,0.027648417,905
ozks,0.005025875,74
ozks,0.007095459,128
ozks,0.003377542,1
ozks,0.003535416,8
ozks,0.007502625,178
ozks,0.006686291,140
ozks,0.004330042,15
ozks,0.004398083,36
ozks,0.007285125,132
ozks,0.011521834,352
ozks,0.004799458,68
ozks,0.002987125,3
ozks,0.007662833,152
ozks,0.003127542,1
ozks,0.006069583,105
ozks,0.00373375,23
ozks,0.003235583,3
ozks,0.016754084,541
ozks,0.003402709,9
ozks,0.002963917,3
ozks,0.005287208,81
ozks,0.012600833,415
ozks,0.003187458,2
ozks,0.003431334,14
ozks,0.003504417,6
ozks,0.008152625,201
ozks,0.003354083,10
ozks,0.002808542,1
ozks,0.003247917,3
ozks,0.003921125,17
ozks,0.006909916,165
ozks,0.003113583,1
ozks,0.004639041,49
ozks,0.020261333,669
ozks,0.020424083,683
ozks,0.004781375,45
ozks,0.004100208,17
ozks,0.004204541,36
ozks,0.003813667,17
ozks,0.004006417,23
ozks,0.003692292,13
ozks,0.003314667,6
ozks,0.003560916,8
ozks,0.002356917,0
ozks,0.004070125,22
ozks,0.003824125,13
ozks,0.003686375,6
ozks,0.005063417,61
ozks,0.004589791,8
ozks,0.003934917,8
ozks,0.002605875,0
ozks,0.003330708,9
ozks,0.003779167,11
ozks,0.01496875,541
ozks,0.003544083,2
ozks,0.0053585,43
ozks,0.003227583,7
ozks,0.004271708,16
ozks,0.013593625,385
ozks,0.021343709,732
ozks,0.003761042,1
ozks,0.003719083,5
ozks,0.004773834,23
ozks,0.004775333,22
ozks,0.003691375,1
ozks,0.0200635,685
ozks,0.023975209,799
ozks,0.004763542,24
ozks,0.003980958,9
ozks,0.007053583,110
ozks,0.004230833,36
ozks,0.003304958,8
ozks,0.003420334,5
ozks,0.012200875,337
ozks,0.003943084,20
ozks,0.008248583,68
ozks,0.003511208,5
ozks,0.00281225,0
ozks,0.004814583,44
ozks,0.004477042,3
ozks,0.003401375,4
ozks,0.003283167,1
ozks,0.003197458,2
ozks,0.003162125,6
ozks,0.004239833,39
ozks,0.003907666,19
ozks,0.003325083,1
ozks,0.00554475,82
ozks,0.003621792,17
ozks,0.003238083,1
ozks,0.004273375,46
ozks,0.004268292,1
ozks,0.003025833,3
ozks,0.003334792,9
ozks,0.017645167,574
ozks,0.005529166,95
ozks,0.004940542,54
ozks,0.00320525,1
ozks,0.003672583,2
ozks,0.0076345,146
ozks,0.004933541,61
ozks,0.009894375,262
ozks,0.019178125,645
ozks,0.00351475,3
ozks,0.006476125,121
ozks,0.002858,0
ozks,0.003407334,7
ozks,0.007804958,147
ozks,0.003381583,8
ozks,0.004400375,48
ozks,0.003879125,16
ozks,0.002978917,0
ozks,0.004452583,28
ozks,0.003741291,10
ozks,0.004893792,17
ozks,0.002487542,0
ozks,0.006425084,115
ozks,0.004538083,7
ozks,0.007639666,158
ozks,0.009792083,240
ozks,0.003239625,1
ozks,0.007376042,157
ozks,0.002599792,0
ozks,0.00390925,14
ozks,0.003616708,17
ozks,0.00346425,8
ozks,0.004110583,23
ozks,0.011018875,325
ozks,0.005601042,58
ozks,0.004077458,25
ozks,0.003694417,19
ozks,0.004288709,30
ozks,0.009740583,274
ozks,0.00383,7
ozks,0.004370167,38
ozks,0.002518875,0
ozks,0.004086917,24
ozks,0.003588583,4
ozks,0.003006667,1
ozks,0.003475209,2
ozks,0.003108334,5
ozks,0.00322375,5
ozks,0.002260625,0
ozks,0.004226042,25
ozks,0.003123417,0
ozks,0.011599666,289
ozks,0.007958917,146
ozks,0.002618083,0
ozks,0.00465375,30
ozks,0.002943,2
ozks,0.003800209,15
ozks,0.003537333,3
ozks,0.003038458,3
ozks,0.003631833,17
ozks,0.0039235,25
ozks,0.003598542,10
ozks,0.003884584,31
ozks,0.002322875,0
ozks,0.00293825,1
ozks,0.004578417,27
ozks,0.003008584,5
ozks,0.004525625,38
ozks,0.005179625,26
ozks,0.002911125,2
ozks,0.003368792,10
ozks,0.002851083,1
ozks,0.006507792,122
ozks,0.004078459,39
ozks,0.007109917,170
ozks,0.0035565,17
ozks,0.003163333,6
ozks,0.005464458,100
ozks,0.003549833,17
ozks,0.015771833,512
ozks,0.005517917,90
ozks,0.003892416,32
ozks,0.005932,114
ozks,0.003100083,7
ozks,0.007176542,170
ozks,0.003471875,7
ozks,0.003877083,28
ozks,0.003986166,27
ozks,0.003788875,9
ozks,0.00281,1
ozks,0.004688166,51
ozks,0.011115416,272
ozks,0.002570042,0
ozks,0.004811375,62
ozks,0.002474417,0
ozks,0.00331975,1
ozks,0.002358541,0
ozks,0.003476708,13
ozks,0.016536125,565
ozks,0.009243166,231
ozks,0.004292042,38
ozks,0.006412041,132
ozks,0.003551041,11
ozks,0.003835666,16
ozks,0.003362334,10
ozks,0.006318125,107
ozks,0.002699291,0
ozks,0.003230375,6
ozks,0.003114375,5
ozks,0.003967375,26
ozks,0.003473084,12
ozks,0.002511,0
ozks,0.008427875,225
ozks,0.003489,4
ozks,0.00294925,1
ozks,0.003460833,1
ozks,0.003725333,21
ozks,0.005241667,62
ozks,0.003221791,4
ozks,0.01532475,541
ozks,0.00339875,11
ozks,0.003161875,9
ozks,0.003295333,5
ozks,0.002672083,0
ozks,0.004374375,36
ozks,0.004742208,51
ozks,0.004226042,11
ozks,0.003249375,4
ozks,0.002845584,1
ozks,0.006594,135
ozks,0.003621667,16
ozks,0.006708709,146
ozks,0.004904417,70
ozks,0.007266,195
ozks,0.00261525,0
ozks,0.003516042,1
ozks,0.003186,5
ozks,0.003014792,4
ozks,0.003877333,4
ozks,0.003707458,12
ozks,0.004307708,35
ozks,0.005217666,57
ozks,0.004026125,22
ozks,0.003463583,8
ozks,0.003125917,2
ozks,0.00382675,17
ozks,0.002764791,0
ozks,0.006716292,140
ozks,0.024885708,852
ozks,0.003540083,8
ozks,0.005957792,2
ozks,0.00382225,2
ozks,0.004430417,52
ozks,0.003305958,4
ozks,0.003938625,12
ozks,0.003204333,4
ozks,0.003932125,22
ozks,0.004056208,27
ozks,0.00354925,9
ozks,0.003645833,17
ozks,0.004817958,58
ozks,0.006068208,113
ozks,0.003392458,8
ozks,0.004427667,25
ozks,0.004350083,27
ozks,0.003824709,6
ozks,0.004390291,32
ozks,0.00322425,1
ozks,0.005766166,80
ozks,0.004435875,44
ozks,0.003328834,6
ozks,0.003768833,13
ozks,0.003166792,8
ozks,0.003614584,3
ozks,0.002990792,1
ozks,0.00337575,2
ozks,0.003767666,8
ozks,0.003888,26
ozks,0.004208291,25
ozks,0.003900375,17
ozks,0.004650541,46
ozks,0.01605325,582
ozks,0.004027583,29
ozks,0.00282125,0
ozks,0.0046525,16
ozks,0.007475667,133
ozks,0.003383916,1
ozks,0.006967458,133
ozks,0.004697875,34
ozks,0.00405975,5
ozks,0.004666334,45
ozks,0.002775292,0
ozks,0.004157375,37
ozks,0.003179958,5
ozks,0.003503292,5
ozks,0.022001792,731
ozks,0.016617791,541
ozks,0.003533,4
ozks,0.007067875,95
ozks,0.005229291,66
ozks,0.005624333,69
ozks,0.004945625,31
ozks,0.002819542,0
ozks,0.00334075,6
ozks,0.003756458,11
ozks,0.005004625,54
ozks,0.005875458,96
ozks,0.003657333,9
ozks,0.015737791,502
ozks,0.004030291,14
ozks,0.007640208,182
ozks,0.004234792,19
ozks,0.003641625,5
ozks,0.004048625,9
ozks,0.00413625,28
ozks,0.002880292,1
ozks,0.003612875,10
ozks,0.002645083,0
ozks,0.003437125,1
ozks,0.004277666,26
ozks,0.003624625,8
ozks,0.003059917,2
ozks,0.00578,72
ozks,0.0136325,431
ozks,0.004488959,23
ozks,0.003325375,3
ozks,0.003913416,22
ozks,0.003627292,17
ozks,0.003963917,18
ozks,0.003570208,3
ozks,0.006630416,99
ozks,0.005723208,63
ozks,0.003367208,3
ozks,0.003502875,1
ozks,0.003130583,3
ozks,0.003910541,8
ozks,0.006113958,110
ozks,0.004941083,49
ozks,0.003810458,17
ozks,0.005669875,70
ozks,0.014779542,521
ozks,0.019111208,682
ozks,0.002956166,2
ozks,0.003538375,4
ozks,0.003355666,9
ozks,0.004037791,1
ozks,0.008380667,202
ozks,0.004035708,23
ozks,0.0040585,38
ozks,0.0055555,94
ozks,0.003231167,8
ozks,0.003051083,1
ozks,0.0032055,8
ozks,0.003124834,6
ozks,0.003925208,22
ozks,0.003353542,4
ozks,0.003294458,8
ozks,0.023672292,853
ozks,0.003660459,12
ozks,0.003896125,18
ozks,0.003780166,5
ozks,0.004091333,31
ozks,0.004174792,26
ozks,0.0034995,17
ozks,0.003096917,4
ozks,0.002769375,0
ozks,0.004109,44
ozks,0.003176667,3
ozks,0.010687042,319
ozks,0.00286575,1
ozks,0.003040833,1
ozks,0.003547708,12
ozks,0.004852542,59
ozks,0.005431458,74
ozks,0.015389833,445
ozks,0.002311625,0
ozks,0.003572583,17
ozks,0.017517125,607
ozks,0.004522709,46
ozks,0.00317975,3
ozks,0.003052042,7
ozks,0.003192834,6
ozks,0.00302325,2
ozks,0.021609958,764
ozks,0.004478083,17
ozks,0.00394375,30
ozks,0.003097917,3
ozks,0.003160667,5
ozks,0.002913875,1
ozks,0.003525583,14
ozks,0.003863083,29
ozks,0.003552708,10
ozks,0.004391833,35
ozks,0.016509042,541
ozks,0.004140542,21
ozks,0.004829833,49
ozks,0.002876333,0
ozks,0.003250291,7
ozks,0.004193,45
ozks,0.003032625,3
ozks,0.010082625,302
ozks,0.002995625,2
ozks,0.003500041,12
ozks,0.003394542,10
ozks,0.003522375,16
ozks,0.003145625,3
ozks,0.003612666,7
ozks,0.003530209,15
ozks,0.003899375,12
ozks,0.003550625,1
ozks,0.003901958,18
ozks,0.00439375,30
ozks,0.00448,40
ozks,0.006632959,146
ozks,0.002854291,2
ozks,0.003053542,5
ozks,0.003023083,4
ozks,0.003674833,17
ozks,0.00718925,149
ozks,0.003804458,19
ozks,0.003622041,18
ozks,0.003086,1
ozks,0.003091417,2
ozks,0.002552042,0
ozks,0.003966625,35
ozks,0.003226,6
ozks,0.002355167,0
ozks,0.004222959,34
ozks,0.003287667,8
ozks,0.019051125,677
ozks,0.003004584,3
ozks,0.003062834,1
ozks,0.003844917,20
ozks,0.003194833,8
ozks,0.005311375,48
ozks,0.005309333,70
ozks,0.005215792,81
ozks,0.005244542,89
ozks,0.019793875,734
ozks,0.002874917,0
ozks,0.00653225,128
ozks,0.003177083,3
ozks,0.004285125,31
ozks,0.003802,19
ozks,0.003738417,10
ozks,0.003273084,1
ozks,0.004272583,43
ozks,0.002795958,0
ozks,0.024705833,892
ozks,0.018102083,616
ozks,0.002991,4
ozks,0.008234417,214
ozks,0.003174,2
ozks,0.005562875,90
ozks,0.00505175,77
ozks,0.003659833,11
ozks,0.003491916,14
ozks,0.006902,137
ozks,0.0030515,4
ozks,0.013718292,467
ozks,0.006689708,146
ozks,0.006747209,148
ozks,0.003731166,15
ozks,0.005706417,77
ozks,0.007579834,159
ozks,0.020930959,745
ozks,0.003149333,6
ozks,0.010633916,302
ozks,0.024851375,903
ozks,0.007996417,137
ozks,0.002971416,1
ozks,0.00842175,202
ozks,0.002906083,2
ozks,0.003774875,24
ozks,0.009464625,262
ozks,0.002430958,0
ozks,0.006404834,143
ozks,0.003222833,2
ozks,0.002905834,4
ozks,0.005451166,101
ozks,0.003664125,17
ozks,0.002898916,1
ozks,0.003765416,24
ozks,0.003563625,17
ozks,0.002568166,0
ozks,0.003620583,12
ozks,0.003221541,8
ozks,0.004270875,29
ozks,0.00413025,23
ozks,0.00540675,81
ozks,0.003653833,18
ozks,0.002978208,3
ozks,0.003824292,8
ozks,0.003583917,15
ozks,0.003120666,3
ozks,0.003597209,11
ozks,0.004056,17
ozks,0.020931958,791
ozks,0.003308792,11
ozks,0.003712625,22
ozks,0.003790292,23
ozks,0.007458167,177
ozks,0.002948333,2
ozks,0.003471041,13
ozks,0.003441125,19
ozks,0.003073792,6
ozks,0.002958792,4
ozks,0.004767167,33
ozks,0.006399,127
ozks,0.003571375,10
ozks,0.018072416,648
ozks,0.016670875,542
ozks,0.003433541,7
ozks,0.003206083,8
ozks,0.004575625,55
ozks,0.003457875,14
ozks,0.003426084,7
ozks,0.006902458,149
ozks,0.003801916,23
ozks,0.003434416,12
ozks,0.003632083,4
ozks,0.021354583,791
ozks,0.003585875,8
ozks,0.002272459,0
ozks,0.002905584,3
ozks,0.008483583,238
ozks,0.006766167,146
ozks,0.009140708,243
ozks,0.003126375,8
ozks,0.003067833,2
ozks,0.010853625,321
ozks,0.002956291,1
ozks,0.003609834,9
ozks,0.004817166,59
ozks,0.002808166,0
ozks,0.01008125,193
ozks,0.00563925,20
ozks,0.003931708,8
ozks,0.021787417,751
ozks,0.003287542,1
ozks,0.003092833,2
ozks,0.004078083,17
ozks,0.008036166,185
ozks,0.003320667,1
ozks,0.0116955,355
ozks,0.003676375,4
ozks,0.003633083,9
ozks,0.003124208,2
ozks,0.003603167,8
ozks,0.003742125,8
ozks,0.003672833,20
ozks,0.003840583,13
ozks,0.00238575,0
ozks,0.004907833,55
ozks,0.002921333,1
ozks,0.019505,686
ozks,0.004320875,17
ozks,0.004325167,28
ozks,0.003222542,2
ozks,0.003008209,0
ozks,0.0067455,133
ozks,0.002882375,1
ozks,0.003199125,1
ozks,0.003258166,6
ozks,0.022370875,833
ozks,0.003378166,8
ozks,0.007986334,180
ozks,0.003448042,3
ozks,0.018866042,637
ozks,0.00547175,80
ozks,0.004138334,14
ozks,0.00301275,1
ozks,0.003552958,1
ozks,0.004773,53
ozks,0.004092584,11
ozks,0.003760333,20
ozks,0.019630084,692
ozks,0.003373125,3
ozks,0.00894625,236
ozks,0.003961375,13
ozks,0.002638667,0
ozks,0.002800042,0
ozks,0.003795125,8
ozks,0.003202333,1
ozks,0.006357167,107
ozks,0.004324,28
ozks,0.002359458,0
ozks,0.003536875,11
ozks,0.00336325,7
ozks,0.003036542,3
ozks,0.0030015,1
ozks,0.00586825,92
ozks,0.004077083,15
ozks,0.003578584,3
ozks,0.005110292,48
ozks,0.004521042,11
ozks,0.003672958,2
ozks,0.003138125,0
ozks,0.003887583,16
ozks,0.008909208,201
ozks,0.003933709,12
ozks,0.005428792,47
ozks,0.004799833,53
ozks,0.005224792,62
ozks,0.004974,60
ozks,0.006622333,133
ozks,0.004544667,47
ozks,0.0050485,36
ozks,0.004918375,42
ozks,0.003926375,8
ozks,0.006173667,105
ozks,0.005764916,90
ozks,0.003237417,2
ozks,0.005660459,85
ozks,0.006793042,149
ozks,0.003095083,2
ozks,0.007359959,173
ozks,0.005570708,90
ozks,0.004213042,35
ozks,0.003807375,8
ozks,0.004475416,44
ozks,0.004853375,44
ozks,0.0062985,129
ozks,0.003108708,4
ozks,0.003943041,17
ozks,0.004141875,37
ozks,0.02253375,831
ozks,0.003098625,3
ozks,0.021418834,808
ozks,0.002962334,4
ozks,0.003210167,1
ozks,0.003409917,7
ozks,0.009617542,232
ozks,0.005018,72
ozks,0.005692834,67
ozks,0.006265166,129
ozks,0.004156666,22
ozks,0.01228225,362
ozks,0.002652834,0
ozks,0.003063875,1
ozks,0.006310042,110
ozks,0.003372208,3
ozks,0.00694625,157
ozks,0.00447425,47
ozks,0.022446959,773
ozks,0.003399625,4
ozks,0.003724584,5
ozks,0.004213042,10
ozks,0.002681542,0
ozks,0.002703,0
ozks,0.004029458,31
ozks,0.003132583,6
ozks,0.003980208,16
ozks,0.004045916,22
ozks,0.005693208,89
ozks,0.004239625,37
ozks,0.003915709,13
ozks,0.017686833,565
ozks,0.002948625,1
ozks,0.003148583,2
ozks,0.003808125,25
ozks,0.004153,39
ozks,0.003153417,7
ozks,0.003285083,7
ozks,0.003848375,18
ozks,0.003097541,7
ozks,0.003487458,8
ozks,0.004119459,35
ozks,0.003981208,31
ozks,0.006563667,141
ozks,0.004316667,29
ozks,0.003847584,11
ozks,0.003716916,23
ozks,0.003417208,17
ozks,0.003871917,17
ozks,0.006687667,140
ozks,0.003089041,3
ozks,0.003892292,18
ozks,0.006598083,146
ozks,0.005098584,88
ozks,0.003352667,9
ozks,0.017421958,607
ozks,0.003425208,8
ozks,0.004289542,43
ozks,0.003858916,10
ozks,0.005782375,115
ozks,0.00325075,8
ozks,0.00306025,6
ozks,0.003504083,7
ozks,0.004399667,52
ozks,0.00415875,28
ozks,0.003913667,6
ozks,0.004762834,64
ozks,0.025647833,991
ozks,0.003892042,10
ozks,0.006718417,143
ozks,0.0037985,25
ozks,0.004123,8
ozks,0.003437209,8
ozks,0.003311125,2
ozks,0.003845625,29
ozks,0.0033415,8
ozks,0.003247666,5
ozks,0.004323667,48
ozks,0.003260625,7
ozks,0.003335208,10
ozks,0.0044085,18
ozks,0.0029715,6
ozks,0.005004583,61
ozks,0.004233709,16
ozks,0.00229125,0
ozks,0.002262375,0
ozks,0.003856333,16
ozks,0.0033855,8
ozks,0.002946959,5
ozks,0.003291584,6
ozks,0.003778,20
ozks,0.003423125,9
ozks,0.010119791,292
ozks,0.0119225,372
ozks,0.020413583,768
ozks,0.005151,49
ozks,0.004177542,44
ozks,0.002683292,0
ozks,0.00281875,0
ozks,0.008545167,189
ozks,0.00271825,0
ozks,0.003818209,11
ozks,0.002479833,0
ozks,0.003872625,10
ozks,0.00383,9
ozks,0.00523025,83
ozks,0.004166833,45
ozks,0.0040245,6
ozks,0.003909583,21
ozks,0.00481525,60
ozks,0.005338042,78
ozks,0.004874292,65
ozks,0.003188291,1
ozks,0.002959333,1
ozks,0.003397917,3
ozks,0.003076959,2
ozks,0.004327208,37
ozks,0.004022958,7
ozks,0.021903083,825
ozks,0.003768125,25
ozks,0.003312125,2
ozks,0.003376542,3
ozks,0.003420542,3
ozks,0.00338225,11
ozks,0.011416583,336
ozks,0.004501458,28
ozks,0.004965292,77
ozks,0.003601209,12
ozks,0.004506416,36
ozks,0.003661041,3
ozks,0.003548,8
ozks,0.002888916,1
ozks,0.004777709,54
ozks,0.006499958,132
ozks,0.003260625,8
ozks,0.003080875,3
ozks,0.003132167,8
ozks,0.003169791,3
ozks,0.022523959,826
ozks,0.003783125,15
ozks,0.005423917,95
ozks,0.005116375,77
ozks,0.003158875,3
ozks,0.003253833,3
ozks,0.00333425,7
ozks,0.006775166,145
ozks,0.003714917,17
ozks,0.003137834,4
ozks,0.003591167,9
ozks,0.004157042,38
ozks,0.003652459,14
ozks,0.004714083,10
ozks,0.003163417,1
ozks,0.003514542,14
ozks,0.002637958,0
ozks,0.003757125,12
ozks,0.002868917,1
ozks,0.00297625,0
ozks,0.025163291,893
ozks,0.003758708,13
ozks,0.002979167,3
ozks,0.005478708,95
ozks,0.0048535,53
ozks,0.003843,23
ozks,0.0069185,158
ozks,0.003436167,9
ozks,0.005005666,36
ozks,0.003946833,13
ozks,0.002978959,3
ozks,0.004849833,17
ozks,0.011722667,312
ozks,0.00377725,5
ozks,0.005316416,80
ozks,0.002365833,0
ozks,0.004825208,50
ozks,0.003902708,13
ozks,0.004125542,20
ozks,0.002656458,0
ozks,0.003524208,12
ozks,0.004012375,20
ozks,0.003318708,5
ozks,0.009552417,270
ozks,0.002959125,2
ozks,0.009594,138
ozks,0.003178167,2
ozks,0.004346709,35
ozks,0.003692084,15
ozks,0.003165541,3
ozks,0.003518833,16
ozks,0.004059709,31
ozks,0.003941959,13
ozks,0.005331875,88
ozks,0.004905375,64
ozks,0.003172708,4
ozks,0.010649291,328
ozks,0.003943042,22
ozks,0.005543959,91
ozks,0.003673834,15
ozks,0.010643916,325
ozks,0.00409575,26
ozks,0.003232041,6
ozks,0.003831625,7
ozks,0.002885125,1
ozks,0.003222334,1
ozks,0.003679541,28
ozks,0.002892792,2
ozks,0.003965875,34
ozks,0.003483833,1
ozks,0.003028333,0
ozks,0.003980417,38
ozks,0.003586708,14
ozks,0.003877334,31
ozks,0.002751917,0
ozks,0.006691125,149
ozks,0.003209666,8
ozks,0.005553333,91
ozks,0.008346416,235
ozks,0.003194875,4
ozks,0.003055292,6
ozks,0.002455375,0
ozks,0.00427975,47
ozks,0.025990458,983
ozks,0.002399375,0
ozks,0.003353334,8
ozks,0.00364175,10
ozks,0.003890292,26
ozks,0.019426292,646
ozks,0.005898083,110
ozks,0.00299575,1
ozks,0.003225041,5
ozks,0.003581417,8
ozks,0.002867917,1
ozks,0.003411375,8
ozks,0.004064,36
ozks,0.007015208,139
ozks,0.0028695,1
ozks,0.004395959,44
ozks,0.00422075,48
ozks,0.002435459,0
ozks,0.003411667,9
ozks,0.002890959,3
ozks,0.004352208,47
ozks,0.003394833,2
ozks,0.003157875,2
ozks,0.003453084,7
ozks,0.003410125,11
ozks,0.002392542,0
ozks,0.003609291,13
ozks,0.003078625,2
ozks,0.003476959,9
ozks,0.004324083,30
ozks,0.003541834,17
ozks,0.003517584,11
ozks,0.00661525,128
ozks,0.006743167,147
ozks,0.003258292,10
ozks,0.00391625,16
ozks,0.003521459,17
ozks,0.005347875,95
ozks,0.003492125,8
ozks,0.004790125,65
ozks,0.005762792,97
ozks,0.003205083,1
ozks,0.003193708,6
ozks,0.003802666,19
ozks,0.026469209,958
ozks,0.003512292,12
ozks,0.007240958,157
ozks,0.003367917,9
ozks,0.003198833,8
ozks,0.005677583,93
ozks,0.004217667,32
ozks,0.003866458,32
ozks,0.006540292,131
ozks,0.003123958,5
ozks,0.003975375,32
ozks,0.003897958,10
ozks,0.003498083,17
ozks,0.002916,2
ozks,0.002644458,0
ozks,0.003479708,13
ozks,0.003156042,8
ozks,0.003744875,11
ozks,0.003179083,10
ozks,0.008312083,165
ozks,0.004370583,38
ozks,0.02544875,932
ozks,0.003122834,0
ozks,0.003777375,16
ozks,0.003893292,24
ozks,0.004819375,45
ozks,0.003892792,29
ozks,0.004104834,23
ozks,0.00700125,158
ozks,0.004576667,54
ozks,0.004564875,40
ozks,0.002952125,1
ozks,0.002954041,1
ozks,0.003257792,4
ozks,0.003693958,3
ozks,0.003711,6
ozks,0.002977042,2
ozks,0.003416667,8
ozks,0.00470725,53
ozks,0.008579916,233
ozks,0.00285775,4
ozks,0.003897,33
ozks,0.003684709,12
ozks,0.003160291,8
ozks,0.006478875,141
ozks,0.003155667,8
ozks,0.003150208,1
ozks,0.002756,1
ozks,0.013255958,417
ozks,0.002882542,0
ozks,0.0035475,10
ozks,0.003450083,9
ozks,0.003071708,6
ozks,0.002516667,0
ozks,0.003282959,1
ozks,0.00392375,25
ozks,0.008387209,201
ozks,0.006618834,140
ozks,0.003563916,10
ozks,0.004617458,67
ozks,0.003687375,8
ozks,0.00420275,43
ozks,0.002890292,1
ozks,0.004002958,18
ozks,0.003654375,24
ozks,0.005681042,95
ozks,0.003461916,6
ozks,0.020914666,767
ozks,0.006808459,140
ozks,0.00373075,17
ozks,0.002857,2
ozks,0.01516925,517
ozks,0.004184834,14
ozks,0.003158625,5
ozks,0.003115291,1
ozks,0.004376167,56
ozks,0.002548084,0
ozks,0.003677167,17
ozks,0.003007125,5
ozks,0.002638375,0
ozks,0.003469166,12
ozks,0.003792791,15
ozks,0.00387125,23
ozks,0.00355025,8
ozks,0.014607375,496
ozks,0.003983333,5
ozks,0.003499667,11
ozks,0.009827833,268
ozks,0.003968625,13
ozks,0.01735675,580
ozks,0.003490666,3
ozks,0.010110084,256
ozks,0.005018,43
ozks,0.004288416,42
ozks,0.003762208,12
ozks,0.004676916,47
ozks,0.004351875,20
ozks,0.02262725,763
ozks,0.005319875,68
ozks,0.007159084,147
ozks,0.004163875,8
ozks,0.005030958,69
ozks,0.003354459,5
ozks,0.003537583,12
ozks,0.009517208,263
ozks,0.003149584,1
ozks,0.002285083,0
ozks,0.003408542,10
ozks,0.005345458,67
ozks,0.003520125,3
ozks,0.003044208,3
ozks,0.013323292,427
ozks,0.002765125,0
ozks,0.003119375,1
ozks,0.00514175,75
ozks,0.014875916,502
ozks,0.003297625,5
ozks,0.002952292,1
ozks,0.003273666,10
ozks,0.012970166,439
ozks,0.010243875,325
ozks,0.006893958,134
ozks,0.00656175,115
ozks,0.024761708,893
ozks,0.002900917,1
ozks,0.003167583,6
ozks,0.004283958,32
ozks,0.003694875,12
ozks,0.003742833,13
ozks,0.003451083,7
ozks,0.003626792,9
ozks,0.003111042,6
ozks,0.006433458,102
ozks,0.002997416,3
ozks,0.003179125,3
ozks,0.006724375,140
ozks,0.003787167,17
ozks,0.004166625,18
ozks,0.003925833,18
ozks,0.005593417,69
ozks,0.0070675,147
ozks,0.00344275,10
ozks,0.024066542,873
ozks,0.007146042,165
ozks,0.00578125,93
ozks,0.003176834,6
ozks,0.004024083,20
ozks,0.004831125,12
ozks,0.002521,0
ozks,0.00238125,0
ozks,0.006314834,144
ozks,0.005786375,102
ozks,0.004164916,24
ozks,0.01310025,401
ozks,0.005032333,70
ozks,0.003667209,20
ozks,0.004332125,36
ozks,0.00769025,168
ozks,0.003183,1
ozks,0.004051959,18
ozks,0.004503,7
ozks,0.003560209,8
ozks,0.005012084,54
ozks,0.0040275,16
ozks,0.005224334,78
ozks,0.003612,8
ozks,0.005943875,111
ozks,0.0031435,1
ozks,0.022757708,882
ozks,0.004476333,44
ozks,0.003743083,16
ozks,0.0033035,8
ozks,0.011969375,325
ozks,0.003140042,5
ozks,0.002963041,3
ozks,0.018091583,635
ozks,0.003777209,19
ozks,0.022529292,831
ozks,0.003824458,18
ozks,0.003172458,1
ozks,0.003394708,9
ozks,0.002366125,0
ozks,0.003415209,3
ozks,0.002861042,3
ozks,0.004604417,16
ozks,0.002386542,0
ozks,0.008255875,219
ozks,0.003222542,5
ozks,0.003076458,3
ozks,0.003493375,8
ozks,0.00587525,99
ozks,0.003807791,23
ozks,0.003646708,18
ozks,0.003872083,16
ozks,0.003325375,3
ozks,0.004218042,31
ozks,0.020418083,732
ozks,0.005724875,53
ozks,0.002336542,0
ozks,0.003765958,19
ozks,0.004974917,69
ozks,0.003825042,17
ozks,0.002989208,3
ozks,0.003197958,6
ozks,0.0041965,32
ozks,0.004725959,59
ozks,0.003434709,7
ozks,0.003475208,17
ozks,0.003014083,3
ozks,0.0059265,76
ozks,0.005851917,104
ozks,0.002657,0
ozks,0.003325083,2
ozks,0.003844458,31
ozks,0.007356958,156
ozks,0.006062875,126
ozks,0.002438666,0
ozks,0.003010167,3
ozks,0.008857458,245
ozks,0.003124875,3
ozks,0.004074833,17
ozks,0.003437209,8
ozks,0.008650291,158
ozks,0.003131417,6
ozks,0.003153584,4
ozks,0.003849417,20
ozks,0.004978875,57
ozks,0.003811292,27
ozks,0.003349875,7
ozks,0.005803791,100
ozks,0.016277333,558
ozks,0.002877875,2
ozks,0.003071291,2
ozks,0.022814708,838
ozks,0.004601417,11
ozks,0.003202791,6
ozks,0.003442875,10
ozks,0.003655834,17
ozks,0.003128875,1
ozks,0.004914,17
ozks,0.003978333,21
ozks,0.004358542,18
ozks,0.004191667,36
ozks,0.003190083,1
ozks,0.004416125,68
ozks,0.004003333,17
ozks,0.005188,28
ozks,0.006407625,8
ozks,0.005803333,110
ozks,0.003704459,12
ozks,0.019668834,691
ozks,0.003783125,23
ozks,0.010769666,341
ozks,0.019530958,690
ozks,0.003018875,2
ozks,0.021128583,749
ozks,0.003411291,7
ozks,0.005012083,45
ozks,0.006050208,117
ozks,0.018117834,673
ozks,0.002924,1
ozks,0.005761458,106
ozks,0.002421292,0
ozks,0.004117167,28
ozks,0.003791125,19
ozks,0.00300075,2
ozks,0.00340425,5
ozks,0.003812,19
ozks,0.003863458,19
ozks,0.003252833,1
ozks,0.004487125,24
ozks,0.006379208,141
ozks,0.003641292,8
ozks,0.0026285,0
ozks,0.003482,11
ozks,0.005825625,106
ozks,0.003203583,5
ozks,0.002574042,0
ozks,0.003565833,16
ozks,0.003531375,17
ozks,0.005370583,92
ozks,0.007509459,137
ozks,0.003045209,2
ozks,0.003168833,10
ozks,0.009720042,264
ozks,0.004209083,34
ozks,0.0029365,2
ozks,0.003705416,9
ozks,0.0038115,15
ozks,0.024925958,991
ozks,0.002889958,0
ozks,0.006397,125
ozks,0.010464625,314
ozks,0.003466292,8
ozks,0.005351625,82
ozks,0.003257417,7
ozks,0.003360875,11
ozks,0.020348416,729
ozks,0.002907833,1
ozks,0.002442666,0
ozks,0.003675209,10
ozks,0.004154834,17
ozks,0.003021083,1
ozks,0.003634458,17
ozks,0.003632667,6
ozks,0.00464175,22
ozks,0.00927525,229
ozks,0.004199458,27
ozks,0.007003458,156
ozks,0.004203334,25
ozks,0.003753458,14
ozks,0.006262167,113
ozks,0.002406,0
ozks,0.002982167,1
ozks,0.005181792,26
ozks,0.004073875,17
ozks,0.004520166,28
ozks,0.003580209,8
ozks,0.005709333,57
ozks,0.003521416,1
ozks,0.004968792,64
ozks,0.003179667,3
ozks,0.003562584,6
ozks,0.003324583,0
ozks,0.004169833,18
ozks,0.005652083,81
ozks,0.003747042,8
ozks,0.002956291,0
ozks,0.004740417,26
ozks,0.010386,262
ozks,0.00312175,1
ozks,0.003612916,13
ozks,0.002488042,0
ozks,0.004111875,22
ozks,0.00362125,11
ozks,0.003526458,15
ozks,0.004749375,66
ozks,0.005963959,86
ozks,0.02005925,746
ozks,0.002277209,0
ozks,0.004763625,65
ozks,0.003972584,4
ozks,0.003570292,1
ozks,0.004534709,52
ozks,0.003421292,6
ozks,0.004192375,28
ozks,0.006574625,142
ozks,0.002978875,1
ozks,0.006537709,137
ozks,0.002683917,0
ozks,0.003110791,1
ozks,0.002993125,2
ozks,0.003452959,11
ozks,0.003289375,7
ozks,0.005967792,92
ozks,0.006208041,92
ozks,0.003534542,9
ozks,0.003023666,5
ozks,0.003392875,7
ozks,0.003024375,3
ozks,0.003580334,11
ozks,0.002907917,2
ozks,0.003160084,5
ozks,0.004056083,18
ozks,0.003369458,10
ozks,0.003608625,8
ozks,0.004073834,14
ozks,0.00718,135
ozks,0.003604583,14
ozks,0.003276416,5
ozks,0.003102167,6
ozks,0.003492625,14
ozks,0.003864417,15
ozks,0.0033555,10
ozks,0.003581167,9
ozks,0.00381625,19
ozks,0.0032585,1
ozks,0.002447042,0
ozks,0.004943333,65
ozks,0.002895291,1
ozks,0.003548208,17
ozks,0.00351325,8
ozks,0.003580167,12
ozks,0.004094625,27
ozks,0.028085083,10
ozks,0.019772958,736
ozks,0.003949,28
ozks,0.004433667,50
ozks,0.004355834,38
ozks,0.0138385,453
ozks,0.007085375,159
ozks,0.004375,45
ozks,0.003732166,1
ozks,0.002918334,3
ozks,0.002600166,0
ozks,0.003361375,7
ozks,0.015381291,550
ozks,0.003168417,9
ozks,0.003176625,5
ozks,0.004695125,51
ozks,0.003539459,4
ozks,0.002329625,0
ozks,0.003501083,11
ozks,0.003105667,1
ozks,0.004959625,56
ozks,0.003251,6
ozks,0.00453125,60
ozks,0.003239083,7
ozks,0.003930458,19
ozks,0.004422709,58
ozks,0.0033635,6
ozks,0.00477325,28
ozks,0.004790584,11
ozks,0.004354792,40
ozks,0.003169167,1
ozks,0.004128458,15
ozks,0.002898875,1
ozks,0.009927333,263
ozks,0.00491475,40
ozks,0.003008125,1
ozks,0.003284542,4
ozks,0.003564292,3
ozks,0.004835041,11
ozks,0.00292825,2
ozks,0.009585416,244
ozks,0.003493625,7
ozks,0.005315333,72
ozks,0.004249791,8
ozks,0.004398875,5
ozks,0.021773708,799
ozks,0.003806958,7
ozks,0.004206,40
ozks,0.003586083,6
ozks,0.003236542,7
ozks,0.009951667,248
ozks,0.003577583,6
ozks,0.002773333,0
ozks,0.005670875,89
ozks,0.00681825,139
ozks,0.002643334,0
ozks,0.003602375,13
ozks,0.002380625,0
ozks,0.003205416,8
ozks,0.003054583,4
ozks,0.005149,66
ozks,0.003364208,7
ozks,0.002801916,1
ozks,0.004105125,40
ozks,0.003639625,14
ozks,0.004254292,33
ozks,0.023240625,819
ozks,0.004280375,24
ozks,0.003865,25
ozks,0.002725292,0
ozks,0.003240875,4
ozks,0.003037209,4
ozks,0.0042095,42
ozks,0.003609375,15
ozks,0.002671583,0
ozks,0.003544125,17
ozks,0.0257895,932
ozks,0.003304583,10
ozks,0.003160833,4
ozks,0.009407959,252
ozks,0.003998625,24
ozks,0.005649375,86
ozks,0.002999833,3
ozks,0.003162584,1
ozks,0.004805708,76
ozks,0.003279834,5
ozks,0.002909083,1
ozks,0.003086375,3
ozks,0.004410208,43
ozks,0.0065405,107
ozks,0.008031541,225
ozks,0.003507958,5
ozks,0.003004208,1
ozks,0.006705708,131
ozks,0.018059417,630
ozks,0.002610875,0
ozks,0.004391917,45
ozks,0.005525083,90
ozks,0.003213708,6
ozks,0.003396375,12
ozks,0.003673166,17
ozks,0.004055834,30
ozks,0.003928334,8
ozks,0.002392834,0
ozks,0.017038917,535
ozks,0.011322583,289
ozks,0.003632125,12
ozks,0.005645416,99
ozks,0.003980958,25
ozks,0.002564167,0
ozks,0.004697083,45
ozks,0.005442167,70
ozks,0.003452167,2
ozks,0.00468275,48
ozks,0.010021084,240
ozks,0.003235542,8
ozks,0.016383834,526
ozks,0.004286375,30
ozks,0.003737208,16
ozks,0.007972166,214
ozks,0.003315375,9
ozks,0.00392925,20
ozks,0.003124417,2
ozks,0.010188459,325
ozks,0.01472125,500
ozks,0.003418667,2
ozks,0.003731084,17
ozks,0.005191042,87
ozks,0.003544458,11
ozks,0.0048,50
ozks,0.003377375,8
ozks,0.005262208,44
ozks,0.0042595,39
ozks,0.003851958,13
ozks,0.005402458,72
ozks,0.0053135,80
ozks,0.003379292,10
ozks,0.003606125,9
ozks,0.003723209,11
ozks,0.004187125,23
ozks,0.003394791,5
ozks,0.002789042,0
ozks,0.004834708,44
ozks,0.003350667,7
ozks,0.003703834,11
ozks,0.003389291,1
ozks,0.003215792,1
ozks,0.002947625,1
ozks,0.012474167,366
ozks,0.007067167,117
ozks,0.006730833,145
ozks,0.00259475,0
ozks,0.00811875,164
ozks,0.007198708,175
ozks,0.002716875,0
ozks,0.003343834,5
ozks,0.003152458,8
ozks,0.011665084,361
ozks,0.003122791,7
ozks,0.003470541,9
ozks,0.004713333,64
ozks,0.003801667,23
ozks,0.003202334,3
ozks,0.00629975,99
ozks,0.007267083,178
ozks,0.004243416,13
ozks,0.014527042,485
ozks,0.00307275,1
ozks,0.003677333,19
ozks,0.006217667,101
ozks,0.018695166,476
ozks,0.014359583,442
ozks,0.018908083,606
ozks,0.003497042,12
ozks,0.00517775,83
ozks,0.00408525,17
ozks,0.006140333,101
ozks,0.003099083,1
ozks,0.004749958,25
ozks,0.00383425,9
ozks,0.004022708,23
ozks,0.006806583,130
ozks,0.003808584,20
ozks,0.007425708,148
ozks,0.003571416,9
ozks,0.003351875,2
ozks,0.005457916,35
ozks,0.005539834,70
ozks,0.003247625,2
ozks,0.020453542,724
ozks,0.014485709,480
ozks,0.003788792,20
ozks,0.003222792,6
ozks,0.014070959,460
ozks,0.023068042,840
ozks,0.002405542,0
ozks,0.010131,325
ozks,0.003854083,33
ozks,0.005019375,70
ozks,0.0034825,9
ozks,0.003407958,10
ozks,0.017639583,627
ozks,0.003385792,4
ozks,0.006013959,101
ozks,0.003590875,2
ozks,0.004086125,41
ozks,0.013793125,456
ozks,0.002569458,0
ozks,0.003303583,8
ozks,0.005051625,80
ozks,0.002384917,0
ozks,0.004931375,55
ozks,0.005144084,75
ozks,0.006435833,111
ozks,0.005476584,49
ozks,0.004719875,53
ozks,0.007560875,188
ozks,0.003081292,5
ozks,0.003299625,6
ozks,0.004336083,44
ozks,0.004443041,43
ozks,0.006780125,140
ozks,0.003432042,8
ozks,0.00362275,24
ozks,0.004801667,78
ozks,0.006984333,158
ozks,0.003247666,7
ozks,0.00342925,10
ozks,0.002397166,0
ozks,0.003163958,7
ozks,0.006471125,139
ozks,0.003121041,1
ozks,0.003481166,17
ozks,0.003894625,25
ozks,0.002935834,3
ozks,0.002332209,0
ozks,0.006864042,149
ozks,0.004597791,65
ozks,0.01852825,669
ozks,0.003476833,13
ozks,0.004074959,21
ozks,0.003084041,4
ozks,0.004044875,13
ozks,0.016103583,578
ozks,0.006116208,135
ozks,0.003992208,35
ozks,0.00244325,0
ozks,0.004058875,39
ozks,0.003899917,24
ozks,0.004056334,35
ozks,0.004685583,49
ozks,0.002509542,0
ozks,0.005281167,72
ozks,0.003242666,4
ozks,0.00321975,8
ozks,0.017060583,613
ozks,0.006901125,158
ozks,0.003939333,20
ozks,0.002884875,1
ozks,0.00311375,3
ozks,0.003211667,1
ozks,0.004228459,37
ozks,0.003679916,24
ozks,0.004158666,22
ozks,0.002790917,1
ozks,0.002958041,2
ozks,0.00785175,158
ozks,0.004290334,36
ozks,0.016512291,565
ozks,0.004653084,53
ozks,0.005825791,107
ozks,0.007927333,212
ozks,0.002342209,0
ozks,0.004326292,38
ozks,0.00361225,8
ozks,0.004557959,28
ozks,0.00651275,102
ozks,0.004209708,28
ozks,0.005998542,101
ozks,0.003818292,4
ozks,0.008277084,195
ozks,0.003561208,6
ozks,0.003596917,13
ozks,0.00351175,10
ozks,0.006326625,92
ozks,0.003733042,2
ozks,0.003112875,0
ozks,0.003518667,6
ozks,0.003864875,10
ozks,0.018584792,619
ozks,0.004896416,64
ozks,0.006510791,80
ozks,0.002516667,0
ozks,0.003985583,1
ozks,0.003628292,9
ozks,0.003326042,2
ozks,0.003175042,6
ozks,0.003742959,10
ozks,0.020947,764
ozks,0.003832542,17
ozks,0.014760458,521
ozks,0.005114959,56
ozks,0.004173375,22
ozks,0.003839,19
ozks,0.006026458,127
ozks,0.003723833,13
ozks,0.003724125,19
ozks,0.0037065,12
ozks,0.00331275,9
ozks,0.002766375,0
ozks,0.003414375,11
ozks,0.003885667,17
ozks,0.004572583,18
ozks,0.00357,8
ozks,0.004715125,59
ozks,0.026233583,973
ozks,0.003107375,7
ozks,0.004022042,31
ozks,0.00783275,178
ozks,0.004326292,9
ozks,0.005704917,42
ozks,0.003402125,5
ozks,0.011027541,324
ozks,0.005161208,74
ozks,0.00372925,11
ozks,0.007047584,140
ozks,0.00852875,219
ozks,0.003114125,3
ozks,0.003544292,7
ozks,0.003753167,3
ozks,0.003649666,8
ozks,0.003168792,1
ozks,0.00449075,35
ozks,0.00631975,122
ozks,0.003952625,14
ozks,0.002310375,0
ozks,0.007672334,167
ozks,0.003300208,3
ozks,0.007321583,160
ozks,0.003448625,3
ozks,0.002381333,0
ozks,0.004022166,13
ozks,0.003335416,1
ozks,0.00383775,25
ozks,0.006045125,101
ozks,0.00372275,1
ozks,0.004629208,8
ozks,0.022851916,737
ozks,0.007429208,150
ozks,0.005642917,85
ozks,0.0045515,36
ozks,0.004147042,17
ozks,0.004561541,27
ozks,0.004055084,13
ozks,0.003741542,13
ozks,0.004330333,21
ozks,0.011679333,276
ozks,0.00351725,4
ozks,0.003144167,1
ozks,0.007817917,150
ozks,0.004892083,53
ozks,0.003574375,4
ozks,0.007172833,141
ozks,0.00338825,6
ozks,0.002561375,0
ozks,0.003711166,12
ozks,0.01452525,521
ozks,0.003255292,8
ozks,0.002789,0
ozks,0.010224833,270
ozks,0.00414275,15
ozks,0.003320583,1
ozks,0.011377667,339
ozks,0.004178333,11
ozks,0.003136125,1
ozks,0.004874625,54
ozks,0.002998083,4
ozks,0.004921042,78
ozks,0.004730333,64
ozks,0.002445792,0
ozks,0.002340875,0
ozks,0.006396792,95
ozks,0.0246175,905
ozks,0.019758833,691
ozks,0.002945042,3
ozks,0.003659708,10
ozks,0.003789125,30
ozks,0.004443666,52
ozks,0.010296125,268
ozks,0.006295,106
ozks,0.004081667,17
ozks,0.003709416,25
ozks,0.004311125,32
ozks,0.005909208,91
ozks,0.002852,0
ozks,0.003188375,1
ozks,0.00410375,8
ozks,0.003929167,26
ozks,0.003434083,5
ozks,0.0032475,2
ozks,0.005088333,67
ozks,0.005228833,55
ozks,0.003495875,3
ozks,0.004891125,55
ozks,0.004527125,58
ozks,0.003792375,8
ozks,0.004818917,37
ozks,0.004366208,32
ozks,0.004245083,26
ozks,0.005236958,26
ozks,0.004302459,25
ozks,0.003500334,6
ozks,0.003707959,6
ozks,0.003620667,6
ozks,0.003222291,1
ozks,0.002812833,0
ozks,0.004199042,31
ozks,0.004250083,20
ozks,0.005148625,23
ozks,0.004332708,17
ozks,0.003453417,7
ozks,0.003266875,7
ozks,0.005369417,77
ozks,0.003392542,12
ozks,0.003629458,13
ozks,0.003456291,5
ozks,0.002927292,2
ozks,0.004827083,63
ozks,0.0030565,2
ozks,0.007151792,133
ozks,0.025137125,942
ozks,0.00303925,4
ozks,0.023948709,873
ozks,0.003049083,0
ozks,0.004543375,58
ozks,0.024489084,905
ozks,0.005635541,106
ozks,0.002896208,1
ozks,0.004333458,39
ozks,0.011150042,340
ozks,0.014943791,541
ozks,0.003258791,3
ozks,0.002966583,2
ozks,0.003559125,16
ozks,0.00349275,2
ozks,0.003392,4
ozks,0.002554125,0
ozks,0.004982959,84
ozks,0.00394825,26
ozks,0.0037825,17
ozks,0.003409833,9
ozks,0.003317625,4
ozks,0.003789666,31
ozks,0.003962458,15
ozks,0.026197042,983
ozks,0.003901958,30
ozks,0.01289475,417
ozks,0.003467875,14
ozks,0.005637709,64
ozks,0.0049475,76
ozks,0.004828667,59
ozks,0.009644667,268
ozks,0.003381875,8
ozks,0.005464792,88
ozks,0.007243208,164
ozks,0.006586541,131
ozks,0.003567584,1
ozks,0.003900333,19
ozks,0.00312375,5
ozks,0.003865542,22
ozks,0.004667625,29
ozks,0.004187625,39
ozks,0.011170167,331
ozks,0.003377541,8
ozks,0.003495625,13
ozks,0.003206167,1
ozks,0.003672625,20
ozks,0.006375208,143
ozks,0.005099667,37
ozks,0.004005958,23
ozks,0.005912792,98
ozks,0.003083541,5
ozks,0.010299125,325
ozks,0.003319792,8
ozks,0.004216166,37
ozks,0.00369575,17
ozks,0.016840375,635
ozks,0.003128833,8
ozks,0.002997958,2
ozks,0.00628075,128
ozks,0.002358292,0
ozks,0.0025695,0
ozks,0.010562417,343
ozks,0.009622083,254
ozks,0.004204042,20
ozks,0.024840292,767
ozks,0.0040275,16
ozks,0.006102667,105
ozks,0.004566125,31
ozks,0.003676209,8
ozks,0.003266458,6
ozks,0.007777,196
ozks,0.005319167,85
ozks,0.006623625,143
ozks,0.003107458,5
ozks,0.003115708,5
ozks,0.0028745,1
ozks,0.006641,142
ozks,0.00329275,8
ozks,0.002719959,0
ozks,0.010808583,290
ozks,0.00355475,16
ozks,0.005692791,105
ozks,0.008754833,240
ozks,0.0029975,2
ozks,0.004407,25
ozks,0.0040555,35
ozks,0.003186541,5
ozks,0.00381525,17
ozks,0.014872625,494
ozks,0.003698875,1
ozks,0.003946875,18
ozks,0.005120208,66
ozks,0.005618292,87
ozks,0.007255333,139
ozks,0.004980583,42
ozks,0.003197958,1
ozks,0.013170375,382
ozks,0.007791,115
ozks,0.002940625,0
ozks,0.004126166,26
ozks,0.005064083,52
ozks,0.004215791,16
ozks,0.004475375,36
ozks,0.0035,3
ozks,0.003551292,8
ozks,0.003548333,1
ozks,0.0101485,274
ozks,0.0045325,22
ozks,0.0031545,2
ozks,0.004456084,41
ozks,0.002954167,2
ozks,0.006345583,135
ozks,0.002928416,1
ozks,0.003567667,6
ozks,0.005442,62
ozks,0.003442375,3
ozks,0.003498833,9
ozks,0.003985708,18
ozks,0.003353541,9
ozks,0.004056,17
ozks,0.004086875,19
ozks,0.005656875,83
ozks,0.004003791,15
ozks,0.00560575,109
ozks,0.004031583,34
ozks,0.003731417,6
ozks,0.006098084,110
ozks,0.002978833,3
ozks,0.0033855,6
ozks,0.00381525,27
ozks,0.009528042,279
ozks,0.010162875,300
ozks,0.004340833,39
ozks,0.005106542,77
ozks,0.003362167,10
ozks,0.0039745,15
ozks,0.004388959,31
ozks,0.00365275,8
ozks,0.003447041,8
ozks,0.003881125,10
ozks,0.025154292,905
ozks,0.01624075,565
ozks,0.003228166,7
ozks,0.004007916,27
ozks,0.004923208,27
ozks,0.004364917,31
ozks,0.004926041,64
ozks,0.00262175,0
ozks,0.0031545,1
ozks,0.00329575,8
ozks,0.014874417,541
ozks,0.003796208,11
ozks,0.003898375,27
ozks,0.003058333,5
ozks,0.005371208,76
ozks,0.00524125,80
ozks,0.016584625,535
ozks,0.006304292,133
ozks,0.003323875,10
ozks,0.008840209,231
ozks,0.02526325,923
ozks,0.002956125,2
ozks,0.003004667,2
ozks,0.024503542,910
ozks,0.003773292,16
ozks,0.003515458,11
ozks,0.004215584,36
ozks,0.006967167,137
ozks,0.003410125,1
ozks,0.003216167,1
ozks,0.006792333,140
ozks,0.019646917,688
ozks,0.004483292,40
ozks,0.003613292,7
ozks,0.006944292,140
ozks,0.003429583,7
ozks,0.004185542,28
ozks,0.003017833,4
ozks,0.003632792,8
ozks,0.003670667,6
ozks,0.006504959,90
ozks,0.006891708,146
ozks,0.003637292,8
ozks,0.004560334,54
ozks,0.004050125,12
ozks,0.002836542,0
ozks,0.002999625,1
ozks,0.008407042,216
ozks,0.003389625,2
ozks,0.002531667,0
ozks,0.003334125,9
ozks,0.00428725,25
ozks,0.005748042,100
ozks,0.007500917,17
ozks,0.004151708,9
ozks,0.0041335,4
ozks,0.004433917,12
ozks,0.003719791,9
ozks,0.003340625,1
ozks,0.003558833,4
ozks,0.002397708,0
ozks,0.003130292,4
ozks,0.004213458,17
ozks,0.003209875,1
ozks,0.003875417,17
ozks,0.003918291,12
ozks,0.003955667,34
ozks,0.006665875,156
ozks,0.003409916,9
ozks,0.014399958,336
ozks,0.003672459,7
ozks,0.002997833,3
ozks,0.00311775,1
ozks,0.004355417,46
ozks,0.003642666,15
ozks,0.00443125,20
ozks,0.0030235,4
ozks,0.014904625,498
ozks,0.00324475,4
ozks,0.003308375,9
ozks,0.023135,882
ozks,0.003514625,15
ozks,0.004009916,22
ozks,0.007633625,173
ozks,0.007296667,169
ozks,0.006421834,105
ozks,0.004706667,29
ozks,0.003072667,3
ozks,0.003638666,6
ozks,0.004590125,35
ozks,0.004780042,64
ozks,0.004349667,34
ozks,0.005291333,70
ozks,0.003307458,3
ozks,0.003435166,8
ozks,0.006011167,99
ozks,0.00350125,8
ozks,0.004863084,64
ozks,0.003748584,25
ozks,0.003371208,4
ozks,0.004102875,48
ozks,0.003286625,9
ozks,0.00309675,2
ozks,0.004572,51
ozks,0.00349275,17
ozks,0.00430975,40
ozks,0.002633583,0
ozks,0.002880292,1
ozks,0.004337125,44
ozks,0.003300084,3
ozks,0.002460875,0
ozks,0.004371875,26
ozks,0.00336425,4
ozks,0.004238417,48
ozks,0.004694625,37
ozks,0.008190916,201
ozks,0.003981625,32
ozks,0.003238291,5
ozks,0.003549166,8
ozks,0.005509541,84
ozks,0.004117292,17
ozks,0.00383125,31
ozks,0.003362917,5
ozks,0.003004833,1
ozks,0.003350917,5
ozks,0.004253625,27
ozks,0.003296917,6
ozks,0.003588958,8
ozks,0.01042975,325
ozks,0.00330325,7
ozks,0.003669542,18
ozks,0.002974834,2
ozks,0.002749708,0
ozks,0.002922917,1
ozks,0.009675375,276
ozks,0.002853083,2
ozks,0.026622834,993
ozks,0.004283834,48
ozks,0.004387542,54
ozks,0.003500416,6
ozks,0.003183291,6
ozks,0.003885458,13
ozks,0.007904208,201
ozks,0.004383542,36
ozks,0.00326675,8
ozks,0.002678833,0
ozks,0.00347925,15
ozks,0.004205708,29
ozks,0.003581292,15
ozks,0.003181583,3
ozks,0.005041875,38
ozks,0.004832583,69
ozks,0.002569292,0
ozks,0.003876458,23
ozks,0.003902625,31
ozks,0.019565458,734
ozks,0.025055667,932
ozks,0.004637791,38
ozks,0.004091333,39
ozks,0.003045459,1
ozks,0.01016725,325
ozks,0.004474708,42
ozks,0.003834209,13
ozks,0.003602,1
ozks,0.004093166,39
ozks,0.0032015,1
ozks,0.003555,8
ozks,0.003835875,26
ozks,0.014380916,483
ozks,0.00397175,26
ozks,0.003976917,24
ozks,0.004061084,3
ozks,0.005906584,64
ozks,0.00390775,20
ozks,0.003757208,3
ozks,0.018042708,344
ozks,0.007013458,152
ozks,0.003481125,5
ozks,0.00238925,0
ozks,0.003035583,5
ozks,0.00470575,40
ozks,0.0031925,3
ozks,0.009764625,276
ozks,0.005136125,76
ozks,0.003016583,6
ozks,0.006681125,110
ozks,0.003446584,17
ozks,0.00318975,4
ozks,0.004098792,39
ozks,0.004247709,45
ozks,0.003312583,8
ozks,0.003990417,20
ozks,0.005779416,80
ozks,0.0024345,0
ozks,0.00291475,1
ozks,0.003098333,2
ozks,0.013314334,452
ozks,0.023373334,857
ozks,0.002960209,1
ozks,0.002296917,0
ozks,0.011127209,322
ozks,0.006328291,129
ozks,0.014108208,463
ozks,0.004348667,39
ozks,0.014381333,474
ozks,0.00643975,105
ozks,0.003305833,8
ozks,0.0040375,9
ozks,0.002636334,0
ozks,0.015461791,355
ozks,0.004520458,13
ozks,0.010599542,325
ozks,0.011929,352
ozks,0.003431458,5
ozks,0.004087417,17
ozks,0.003913875,22
ozks,0.024251917,865
ozks,0.00264025,0
ozks,0.003511708,14
ozks,0.015015583,494
ozks,0.003134167,4
ozks,0.00388325,20
ozks,0.004063125,5
ozks,0.004486292,28
ozks,0.003714458,9
ozks,0.003829584,14
ozks,0.003565458,10
ozks,0.010250834,325
ozks,0.002439792,0
ozks,0.003260458,5
ozks,0.016057709,558
ozks,0.004166416,45
ozks,0.003846792,22
ozks,0.00429525,49
ozks,0.003984334,35
ozks,0.0031025,2
ozks,0.002965541,2
ozks,0.003011375,4
ozks,0.0160995,582
ozks,0.002981208,4
ozks,0.003726333,17
ozks,0.003521583,16
ozks,0.003282333,2
ozks,0.013544959,439
ozks,0.0050125,76
ozks,0.003480167,3
ozks,0.003363167,10
ozks,0.005171166,68
ozks,0.003796041,14
ozks,0.004169917,27
ozks,0.003161667,2
ozks,0.003565875,9
ozks,0.003115292,1
ozks,0.003878667,30
ozks,0.0030985,0
ozks,0.003196292,6
ozks,0.003750167,13
ozks,0.003474458,2
ozks,0.002420958,0
ozks,0.004192875,34
ozks,0.019098584,680
ozks,0.003304833,6
ozks,0.006695042,134
ozks,0.007092875,146
ozks,0.006292542,141
ozks,0.003405084,10
ozks,0.003856792,9
ozks,0.004429708,44
ozks,0.0168695,590
ozks,0.003941708,17
ozks,0.004233084,37
ozks,0.00382325,17
ozks,0.002948208,1
ozks,0.005301375,89
ozks,0.006526208,128
ozks,0.002435458,0
ozks,0.002533417,0
ozks,0.00344425,10
ozks,0.025403625,943
ozks,0.0035075,15
ozks,0.004757541,56
ozks,0.003267417,10
ozks,0.003055375,1
ozks,0.002386084,0
ozks,0.003035167,3
ozks,0.00362425,14
ozks,0.00400175,23
ozks,0.005484042,104
ozks,0.003483708,12
ozks,0.005230042,87
ozks,0.003485166,3
ozks,0.024630166,905
ozks,0.004030625,24
ozks,0.003311167,3
ozks,0.00390025,17
ozks,0.003320667,8
ozks,0.003537375,11
ozks,0.004120458,37
ozks,0.003342417,8
ozks,0.003161625,7
ozks,0.003932041,14
ozks,0.003464542,10
ozks,0.003989375,29
ozks,0.003163667,4
ozks,0.005785,82
ozks,0.010836875,342
ozks,0.003383958,8
ozks,0.003253333,7
ozks,0.004176292,41
ozks,0.013944917,467
ozks,0.003356083,6
ozks,0.00527325,86
ozks,0.004060791,32
ozks,0.020037041,722
ozks,0.005447333,47
ozks,0.003645375,17
ozks,0.003518708,6
ozks,0.004185,36
ozks,0.003250208,1
ozks,0.002876166,1
ozks,0.003091708,5
ozks,0.003578708,11
ozks,0.004298584,46
ozks,0.002901625,2
ozks,0.003440667,14
ozks,0.00422,36
ozks,0.00336075,5
ozks,0.003933417,16
ozks,0.003939,26
ozks,0.003276,1
ozks,0.003693458,10
ozks,0.007203542,162
ozks,0.003445584,8
ozks,0.002871167,1
ozks,0.005662167,80
ozks,0.003453834,1
ozks,0.002928917,1
ozks,0.004586584,52
ozks,0.025295125,907
ozks,0.005437958,66
ozks,0.003201083,3
ozks,0.006101083,84
ozks,0.002602625,0
ozks,0.003047667,3
ozks,0.003980792,17
ozks,0.018088083,630
ozks,0.003126875,2
ozks,0.018237833,643
ozks,0.005244958,77
ozks,0.009266959,247
ozks,0.0052285,85
ozks,0.003280625,8
ozks,0.0035085,10
ozks,0.003943375,14
ozks,0.004207167,53
ozks,0.003455792,10
ozks,0.003818541,26
ozks,0.003205,3
ozks,0.003125208,7
ozks,0.002390292,0
ozks,0.002846708,1
ozks,0.006803375,157
ozks,0.004565375,46
ozks,0.002843,1
ozks,0.002550208,0
ozks,0.004221584,34
ozks,0.00701375,140
ozks,0.007719958,175
ozks,0.004190167,43
ozks,0.005240166,56
ozks,0.002798,0
ozks,0.003138458,4
ozks,0.003352125,7
ozks,0.003854208,30
ozks,0.003429292,8
ozks,0.004330833,40
ozks,0.003397042,5
ozks,0.003248375,9
ozks,0.015456667,482
ozks,0.004169208,31
ozks,0.003822083,26
ozks,0.003389875,8
ozks,0.003891417,20
ozks,0.012452583,385
ozks,0.005365959,95
ozks,0.0057275,107
ozks,0.003183958,1
ozks,0.004298834,21
ozks,0.010324334,291
ozks,0.003919541,29
ozks,0.006930208,158
ozks,0.003293875,8
ozks,0.003368709,10
ozks,0.008999084,246
ozks,0.006700709,142
ozks,0.003787375,18
ozks,0.004683458,54
ozks,0.005160417,67
ozks,0.003975375,26
ozks,0.005339375,55
ozks,0.0036835,11
ozks,0.004296208,38
ozks,0.008116792,213
ozks,0.004474542,51
ozks,0.00295725,3
ozks,0.002822125,1
ozks,0.003384416,5
ozks,0.003484459,8
ozks,0.00319525,4
ozks,0.00348425,9
ozks,0.002952459,2
ozks,0.005579167,101
ozks,0.00414875,8
ozks,0.003459125,12
ozks,0.003210125,1
ozks,0.0030485,2
ozks,0.003331625,1
ozks,0.003070375,2
ozks,0.02363,904
ozks,0.0060245,110
ozks,0.019888292,699
ozks,0.003217833,2
ozks,0.003984209,17
ozks,0.003591667,12
ozks,0.00443875,15
ozks,0.003468416,10
ozks,0.004937125,76
ozks,0.003510167,11
ozks,0.002379042,0
ozks,0.003739041,16
ozks,0.003622458,14
ozks,0.003478,7
ozks,0.0038175,5
ozks,0.004978709,64
ozks,0.003999458,1
ozks,0.003405459,6
ozks,0.00358625,2
ozks,0.0048295,52
ozks,0.004186125,17
ozks,0.004917666,45
ozks,0.004110291,4
ozks,0.003733625,8
ozks,0.003043917,1
ozks,0.003598166,9
ozks,0.003451041,5
ozks,0.004334292,31
ozks,0.004734167,40
ozks,0.006409459,68
ozks,0.0144585,463
ozks,0.006542042,128
ozks,0.00634725,115
ozks,0.003615208,7
ozks,0.006233416,89
ozks,0.022602583,831
ozks,0.005222167,64
ozks,0.00733425,128
ozks,0.006938791,3
ozks,0.003398,1
ozks,0.004721625,52
ozks,0.003928833,9
ozks,0.003326125,7
ozks,0.003794625,12
ozks,0.004350083,27
ozks,0.004767667,36
ozks,0.004048208,38
ozks,0.003040333,2
ozks,0.003459583,8
ozks,0.004720416,71
ozks,0.020275625,742
ozks,0.0101785,325
ozks,0.006178417,108
ozks,0.010787333,307
ozks,0.016862833,580
ozks,0.004007375,25
ozks,0.002896583,1
ozks,0.003946584,17
ozks,0.003998709,13
ozks,0.003720583,3
ozks,0.005403042,83
ozks,0.004321625,18
ozks,0.00376825,3
ozks,0.002687958,0
ozks,0.0033895,1
ozks,0.004228334,16
ozks,0.003370959,8
ozks,0.005799875,85
ozks,0.003053041,1
ozks,0.003425291,3
ozks,0.003779458,17
ozks,0.008015,164
ozks,0.00335375,2
ozks,0.00325925,7
ozks,0.004195709,29
ozks,0.00417175,27
ozks,0.002401417,0
ozks,0.009003625,246
ozks,0.007675125,177
ozks,0.003899083,28
ozks,0.003953583,34
ozks,0.00324925,5
ozks,0.002671875,0
ozks,0.004602167,31
ozks,0.006635375,141
ozks,0.016176584,574
ozks,0.003098791,4
ozks,0.008864041,245
ozks,0.00396125,24
ozks,0.011431,320
ozks,0.005745834,67
ozks,0.005740292,101
ozks,0.005348292,74
ozks,0.003737792,9
ozks,0.007636542,158
ozks,0.006602708,123
ozks,0.015693792,475
ozks,0.004011416,13
ozks,0.006333834,102
ozks,0.014412208,495
ozks,0.0037675,23
ozks,0.005021042,66
ozks,0.003890708,28
ozks,0.004834167,58
ozks,0.006255541,118
ozks,0.003331958,9
ozks,0.002677334,0
ozks,0.019306959,687
ozks,0.004091541,21
ozks,0.00366575,20
ozks,0.004139125,28
ozks,0.007470375,179
ozks,0.003503375,12
ozks,0.002676084,0
ozks,0.003112916,3
ozks,0.003119042,3
ozks,0.003246167,4
ozks,0.007137834,155
ozks,0.004089,28
ozks,0.002825833,1
ozks,0.0031725,5
ozks,0.007973833,165
ozks,0.003569875,17
ozks,0.003935375,20
ozks,0.006257417,117
ozks,0.004500375,42
ozks,0.0035755,8
ozks,0.004093584,13
ozks,0.004759917,18
ozks,0.004339708,37
ozks,0.003637833,11
ozks,0.004651209,36
ozks,0.0069885,149
ozks,0.003701417,11
ozks,0.003612417,1
ozks,0.005071542,13
ozks,0.0029205,1
ozks,0.003202666,1
ozks,0.002718291,0
ozks,0.008107708,167
ozks,0.021672375,742
ozks,0.003546584,3
ozks,0.003517459,9
ozks,0.00321725,5
ozks,0.003021666,2
ozks,0.003534375,8
ozks,0.002901875,2
ozks,0.00464675,36
ozks,0.003241292,1
ozks,0.003028709,2
ozks,0.006258125,114
ozks,0.006452458,128
ozks,0.00524175,75
ozks,0.003360375,7
ozks,0.003078333,1
ozks,0.003757708,10
ozks,0.002710458,0
ozks,0.003772125,12
ozks,0.003713792,17
ozks,0.006227125,101
ozks,0.020584583,749
ozks,0.003796917,17
ozks,0.004119625,25
ozks,0.005327208,88
ozks,0.004322458,53
ozks,0.003277833,6
ozks,0.005498083,55
ozks,0.003554292,17
ozks,0.004978667,62
ozks,0.003503166,9
ozks,0.003069834,3
ozks,0.004376959,37
ozks,0.004584125,25
ozks,0.003247875,5
ozks,0.002366542,0
ozks,0.014795666,541
ozks,0.0042565,39
ozks,0.002410125,0
ozks,0.003566292,14
ozks,0.003385292,1
ozks,0.003405917,8
ozks,0.003520584,17
ozks,0.003902541,23
ozks,0.004259375,36
ozks,0.009617958,274
ozks,0.002882958,1
ozks,0.00327925,1
ozks,0.003857667,29
ozks,0.003193958,1
ozks,0.002849416,2
ozks,0.003343917,11
ozks,0.005443292,74
ozks,0.003633666,14
ozks,0.003423291,8
ozks,0.003224875,8
ozks,0.023277292,852
ozks,0.00415825,35
ozks,0.003088667,2
ozks,0.002932583,1
ozks,0.002296333,0
ozks,0.003161,8
ozks,0.002665458,0
ozks,0.003998292,32
ozks,0.004107459,27
ozks,0.0036965,23
ozks,0.003318209,10
ozks,0.002922583,2
ozks,0.006268708,121
ozks,0.004214417,36
ozks,0.008447875,201
ozks,0.003698041,17
ozks,0.003290667,7
ozks,0.003119083,6
ozks,0.003882833,17
ozks,0.002833,1
ozks,0.004061958,36
ozks,0.003171333,2
ozks,0.003693834,26
ozks,0.00423725,34
ozks,0.0029735,3
ozks,0.003814333,14
ozks,0.004735166,63
ozks,0.003427459,11
ozks,0.009497834,272
ozks,0.003399417,8
ozks,0.005777625,106
ozks,0.004053917,22
ozks,0.005143125,65
ozks,0.007773625,148
ozks,0.003422458,10
ozks,0.003889417,19
ozks,0.004309041,44
ozks,0.011054459,346
ozks,0.004073792,17
ozks,0.003343875,8
ozks,0.00308725,5
ozks,0.003333875,8
ozks,0.004484459,37
ozks,0.003930125,22
ozks,0.006609333,99
ozks,0.004207041,26
ozks,0.003649209,9
ozks,0.003129292,8
ozks,0.003581083,15
ozks,0.00288325,1
ozks,0.003730417,14
ozks,0.003626167,23
ozks,0.002641709,0
ozks,0.003487375,17
ozks,0.007262167,167
ozks,0.007505709,173
ozks,0.007505333,147
ozks,0.002796042,1
ozks,0.0030925,3
ozks,0.024110417,892
ozks,0.00329,2
ozks,0.00415825,28
ozks,0.003959583,24
ozks,0.00345625,4
ozks,0.024047125,905
ozks,0.003044125,6
ozks,0.003211625,6
ozks,0.015440292,541
ozks,0.004258542,20
ozks,0.003431833,8
ozks,0.005081916,83
ozks,0.004018791,37
ozks,0.00301975,4
ozks,0.003143375,7
ozks,0.005311667,61
ozks,0.003555541,13
ozks,0.003017916,4
ozks,0.003316417,8
ozks,0.002752375,1
ozks,0.0022565,0
ozks,0.002983833,1
ozks,0.009127,252
ozks,0.003736167,21
ozks,0.003945542,27
ozks,0.002990917,3
ozks,0.0091745,262
ozks,0.004298917,17
ozks,0.003550167,10
ozks,0.003690834,10
ozks,0.003465625,1
ozks,0.002644458,0
ozks,0.003283,1
ozks,0.00576175,73
ozks,0.003427917,9
ozks,0.002635417,0
ozks,0.004136125,13
ozks,0.004949333,59
ozks,0.009329208,115
ozks,0.004582792,13
ozks,0.002999792,1
ozks,0.00510425,68
ozks,0.003122208,6
ozks,0.00343525,9
ozks,0.015328083,460
ozks,0.002674292,0
ozks,0.012408084,130
ozks,0.004328333,28
ozks,0.002863375,1
ozks,0.002674041,0
ozks,0.003166875,1
ozks,0.003674875,9
ozks,0.003326416,3
ozks,0.003118042,8
ozks,0.012811375,384
ozks,0.003859084,35
ozks,0.003053834,4
ozks,0.00279975,2
ozks,0.009007916,254
ozks,0.003493083,12
ozks,0.008659709,240
ozks,0.003670166,20
ozks,0.003837375,17
ozks,0.005078458,84
ozks,0.006508834,101
ozks,0.005761292,1
ozks,0.009559458,284
ozks,0.00339525,11
ozks,0.003902375,32
ozks,0.005084333,70
ozks,0.017688458,574
ozks,0.003418792,13
ozks,0.002868709,1
ozks,0.003399459,8
ozks,0.007138,170
ozks,0.0117625,382
ozks,0.0044935,37
ozks,0.003544459,21
ozks,0.003322375,7
ozks,0.003143917,6
ozks,0.005557584,78
ozks,0.00329275,5
ozks,0.002994125,2
ozks,0.003768834,17
ozks,0.004457625,63
ozks,0.003930583,13
ozks,0.002825542,3
ozks,0.005013958,74
ozks,0.004004709,15
ozks,0.003059875,5
ozks,0.004038792,30
ozks,0.0031325,7
ozks,0.002844,3
ozks,0.010112167,303
ozks,0.003831958,8
ozks,0.004205375,35
ozks,0.002747708,1
ozks,0.003041708,2
ozks,0.004027,34
ozks,0.00417075,44
ozks,0.010553125,351
ozks,0.003767625,8
ozks,0.002436042,0
ozks,0.003262875,9
ozks,0.00800725,188
ozks,0.003046958,8
ozks,0.0033845,9
ozks,0.002864708,1
ozks,0.002983042,2
ozks,0.003363042,10
ozks,0.0030985,5
ozks,0.003063375,6
ozks,0.007224042,168
ozks,0.002634125,0
ozks,0.004524583,45
ozks,0.004010167,35
ozks,0.004795708,67
ozks,0.00384525,20
ozks,0.003191833,4
ozks,0.003299709,3
ozks,0.004690042,51
ozks,0.003295917,13
ozks,0.004198583,39
ozks,0.003114292,8
ozks,0.00223475,0
ozks,0.003425333,16
ozks,0.003815042,8
ozks,0.00352825,11
ozks,0.01187675,369
ozks,0.003241958,8
ozks,0.003349333,11
ozks,0.003561333,26
ozks,0.004029458,15
ozks,0.010600792,341
ozks,0.003199666,7
ozks,0.003374208,9
ozks,0.002999125,7
ozks,0.003041875,10
ozks,0.003427334,14
ozks,0.003009417,1
ozks,0.004016875,29
ozks,0.003197416,5
ozks,0.003050459,3
ozks,0.003957459,39
ozks,0.00598775,116
ozks,0.002625083,0
ozks,0.0027335,1
ozks,0.002851167,4
ozks,0.003280542,12
ozks,0.005732125,109
ozks,0.004941625,66
ozks,0.0037225,24
ozks,0.007280709,128
ozks,0.004361792,35
ozks,0.0039085,26
ozks,0.003893291,17
ozks,0.00230225,0
ozks,0.00321775,10
ozks,0.002924041,0
ozks,0.0047065,52
ozks,0.003554917,18
ozks,0.003641792,19
ozks,0.003956041,27
ozks,0.00342225,10
ozks,0.010792958,327
ozks,0.00376025,5
ozks,0.003324042,4
ozks,0.00318975,1
ozks,0.003909,8
ozks,0.003293375,6
ozks,0.003995667,25
ozks,0.004359792,43
ozks,0.0030535,3
ozks,0.003000792,2
ozks,0.003709583,20
ozks,0.0032555,4
ozks,0.00371775,18
ozks,0.003309542,6
ozks,0.003308625,5
ozks,0.003404542,9
ozks,0.022435416,866
ozks,0.002707833,1
ozks,0.002392959,0
ozks,0.004579917,54
ozks,0.003198917,6
ozks,0.002812667,2
ozks,0.007113416,160
ozks,0.003164917,8
ozks,0.003311125,10
ozks,0.003641459,9
ozks,0.01042175,325
ozks,0.003154584,3
ozks,0.004109333,50
ozks,0.005516167,93
ozks,0.023265834,880
ozks,0.005326667,91
ozks,0.003072875,3
ozks,0.019381666,692
ozks,0.003312959,3
ozks,0.003025791,4
ozks,0.003608,15
ozks,0.003610375,8
ozks,0.004075,18
ozks,0.002770542,1
ozks,0.003517833,17
ozks,0.003585791,16
ozks,0.010079667,297
ozks,0.004309875,18
ozks,0.003452375,17
ozks,0.003461209,8
ozks,0.002912958,4
ozks,0.004830625,54
ozks,0.004087167,31
ozks,0.007361542,164
ozks,0.005057875,62
ozks,0.00335175,5
ozks,0.004042458,34
ozks,0.004190166,41
ozks,0.003054917,5
ozks,0.005547667,93
ozks,0.003592542,9
ozks,0.002814417,2
ozks,0.004160292,41
ozks,0.004030625,37
ozks,0.004301792,36
ozks,0.007544292,183
ozks,0.006991333,162
ozks,0.003149542,1
ozks,0.003832209,24
ozks,0.002406708,0
ozks,0.003126333,7
ozks,0.003204792,6
ozks,0.003937417,37
ozks,0.003852083,20
ozks,0.003866125,24
ozks,0.004059875,41
ozks,0.004263917,35
ozks,0.002738917,3
ozks,0.004412125,52
ozks,0.004988584,69
ozks,0.003580042,12
ozks,0.007118417,165
ozks,0.003078542,5
ozks,0.003232625,9
ozks,0.003602041,22
ozks,0.003189084,7
ozks,0.003763917,8
ozks,0.002768,1
ozks,0.002441709,0
ozks,0.003017833,4
ozks,0.003265709,11
ozks,0.003843292,14
ozks,0.003693459,25
ozks,0.005137375,90
ozks,0.00276575,2
ozks,0.004635917,64
ozks,0.003897583,29
ozks,0.003041209,5
ozks,0.007145,144
ozks,0.0064125,138
ozks,0.003516041,13
ozks,0.010709083,329
ozks,0.006523375,143
ozks,0.003209833,8
ozks,0.004296042,22
ozks,0.005647375,108
ozks,0.003087292,1
ozks,0.002270792,0
ozks,0.004229459,4
ozks,0.024467875,904
ozks,0.005819709,99
ozks,0.003900625,4
ozks,0.012316709,382
ozks,0.002976167,2
ozks,0.003675417,16
ozks,0.003377334,6
ozks,0.003836042,7
ozks,0.00365125,7
ozks,0.0038485,4
ozks,0.003227916,0
ozks,0.003405667,2
ozks,0.010119542,285
ozks,0.003545208,9
ozks,0.004369458,24
ozks,0.002257542,0
ozks,0.009460458,285
ozks,0.002769708,1
ozks,0.003442292,17
ozks,0.017146666,596
ozks,0.005275958,84
ozks,0.003813125,26
ozks,0.003954167,29
ozks,0.002982292,1
ozks,0.0041925,16
ozks,0.003925125,12
ozks,0.003130292,1
ozks,0.00457025,35
ozks,0.002970584,1
ozks,0.004189292,37
ozks,0.003294375,8
ozks,0.003089375,1
ozks,0.004077292,17
ozks,0.004422791,14
ozks,0.004693875,38
ozks,0.003293166,0
ozks,0.003644416,8
ozks,0.007524,179
ozks,0.002951583,1
ozks,0.003389917,2
ozks,0.004348209,20
ozks,0.003495084,10
ozks,0.004126541,39
ozks,0.005362583,71
ozks,0.002756417,0
ozks,0.003212625,3
ozks,0.004088209,12
ozks,0.02404075,346
ozks,0.003687791,2
ozks,0.006740292,148
ozks,0.003379375,5
ozks,0.003905292,28
ozks,0.004162042,15
ozks,0.003476583,12
ozks,0.002436625,0
ozks,0.003675791,17
ozks,0.004329792,48
ozks,0.004111583,31
ozks,0.003029542,3
ozks,0.003939834,18
ozks,0.002398958,0
ozks,0.003265791,9
ozks,0.004799583,67
ozks,0.013974166,470
ozks,0.004489208,50
ozks,0.005253708,92
ozks,0.00291225,1
ozks,0.010180416,302
ozks,0.003038916,5
ozks,0.002829166,1
ozks,0.005286042,94
ozks,0.010358584,282
ozks,0.021101125,759
ozks,0.004050917,26
ozks,0.002993708,1
ozks,0.004145125,18
ozks,0.008481833,205
ozks,0.004418584,39
ozks,0.0039805,10
ozks,0.004769958,3
ozks,0.002945666,1
ozks,0.003363667,6
ozks,0.0068075,136
ozks,0.005074209,44
ozks,0.005357083,59
ozks,0.004254417,25
ozks,0.003414125,6
ozks,0.003165791,5
ozks,0.006490417,122
ozks,0.006631917,128
ozks,0.004922958,8
ozks,0.004068209,23
ozks,0.007038625,140
ozks,0.004281791,17
ozks,0.0046255,52
ozks,0.006660459,127
ozks,0.004948709,64
ozks,0.003244375,5
ozks,0.002792333,1
ozks,0.004491167,35
ozks,0.011359084,360
ozks,0.003036875,2
ozks,0.003627,2
ozks,0.002350292,0
ozks,0.002997542,1
ozks,0.003614625,6
ozks,0.003656792,12
ozks,0.003226208,4
ozks,0.003468542,3
ozks,0.003659292,15
ozks,0.002812334,1
ozks,0.003504417,13
ozks,0.004103833,10
ozks,0.003166958,8
ozks,0.008559083,201
ozks,0.002317916,0
ozks,0.003501666,5
ozks,0.006596583,142
ozks,0.00335975,10
ozks,0.00312175,1
ozks,0.004638125,38
ozks,0.010036167,297
ozks,0.006555958,135
ozks,0.003364292,10
ozks,0.00351325,9
ozks,0.003576333,10
ozks,0.004215083,43
ozks,0.003659208,8
ozks,0.01995975,706
ozks,0.004143625,28
ozks,0.0066955,127
ozks,0.002336125,0
ozks,0.003561333,13
ozks,0.002373458,0
ozks,0.003245791,10
ozks,0.002872875,1
ozks,0.003972958,22
ozks,0.002447583,0
ozks,0.003080417,3
ozks,0.006239042,90
ozks,0.013456625,464
ozks,0.004236958,50
ozks,0.002540875,0
ozks,0.00270275,0
ozks,0.003266125,7
ozks,0.007530208,149
ozks,0.00334425,10
ozks,0.002881333,1
ozks,0.0034785,10
ozks,0.002461292,0
ozks,0.003539416,19
ozks,0.003712792,17
ozks,0.002462917,0
ozks,0.003450375,10
ozks,0.004552375,56
ozks,0.003842458,17
ozks,0.006540875,145
ozks,0.024632042,908
ozks,0.00373775,10
ozks,0.005731708,55
ozks,0.002974,0
ozks,0.003055583,1
ozks,0.003516042,7
ozks,0.003092959,1
ozks,0.002772458,0
ozks,0.010823708,325
ozks,0.004044958,33
ozks,0.003716458,15
ozks,0.004109125,28
ozks,0.003021875,2
ozks,0.009230458,201
ozks,0.003235917,8
ozks,0.002434583,0
ozks,0.011057333,233
ozks,0.003670667,12
ozks,0.003221333,7
ozks,0.007122084,137
ozks,0.006198417,104
ozks,0.010100042,325
ozks,0.002998875,2
ozks,0.003316667,11
ozks,0.002831459,1
ozks,0.002724042,0
ozks,0.005175708,83
ozks,0.004629416,62
ozks,0.004209292,35
ozks,0.003659291,20
ozks,0.00369725,21
ozks,0.007465,178
ozks,0.0035655,16
ozks,0.003756541,21
ozks,0.0038515,33
ozks,0.003792541,28
ozks,0.005612875,110
ozks,0.003052333,1
ozks,0.004626667,58
ozks,0.003423709,13
ozks,0.003489667,20
ozks,0.003163333,2
ozks,0.004777542,40
ozks,0.007269458,151
ozks,0.002873416,0
ozks,0.003642584,8
ozks,0.003351791,3
ozks,0.002642583,0
ozks,0.023595792,661
ozks,0.002909084,2
ozks,0.0031295,0
ozks,0.0114865,320
ozks,0.009419166,244
ozks,0.003525875,11
ozks,0.003234791,1
ozks,0.01698025,620
ozks,0.003594,4
ozks,0.003816917,17
ozks,0.002664833,0
ozks,0.007462167,26
ozks,0.010662125,127
ozks,0.003801625,3
ozks,0.005401708,86
ozks,0.0058045,60
ozks,0.021659083,764
ozks,0.002959375,1
ozks,0.003869417,32
ozks,0.003145083,2
ozks,0.003969667,22
ozks,0.009997667,297
ozks,0.003204416,1
ozks,0.004002458,36
ozks,0.003449208,7
ozks,0.003098375,1
ozks,0.005463,45
ozks,0.0037455,13
ozks,0.002859708,1
ozks,0.003146792,1
ozks,0.005395958,88
ozks,0.003508167,2
ozks,0.002839875,0
ozks,0.008057333,187
ozks,0.004289417,55
ozks,0.003006666,4
ozks,0.002694833,0
ozks,0.0068205,158
ozks,0.00334625,6
ozks,0.009150875,273
ozks,0.004231541,30
ozks,0.004466166,27
ozks,0.01031525,325
ozks,0.004106541,17
ozks,0.010034083,325
ozks,0.003429708,14
ozks,0.003042625,4
ozks,0.004756209,68
ozks,0.004295042,56
ozks,0.003227417,10
ozks,0.003645625,27
ozks,0.010865291,323
ozks,0.00319625,7
ozks,0.003703459,26
ozks,0.003583958,12
ozks,0.003061041,6
ozks,0.004114708,17
ozks,0.003015667,6
ozks,0.003939833,22
ozks,0.004180208,55
ozks,0.004921708,72
ozks,0.003166167,1
ozks,0.026501625,997
ozks,0.003699875,22
ozks,0.007295292,138
ozks,0.005099792,83
ozks,0.003475833,14
ozks,0.010267709,324
ozks,0.003467209,8
ozks,0.021574417,808
ozks,0.004632834,50
ozks,0.0045945,52
ozks,0.004188583,37
ozks,0.003339083,6
ozks,0.003597666,5
ozks,0.003852042,11
ozks,0.003942792,8
ozks,0.010729958,352
ozks,0.003560125,14
ozks,0.003749959,17
ozks,0.003756584,20
ozks,0.0034345,3
ozks,0.004294959,55
ozks,0.003573333,9
ozks,0.009892708,291
ozks,0.003382917,13
ozks,0.00299575,4
ozks,0.00763225,199
ozks,0.00374225,19
ozks,0.015362666,510
ozks,0.003634208,17
ozks,0.022530834,833
ozks,0.0045355,51
ozks,0.003222875,5
ozks,0.003457625,8
ozks,0.003513209,17
ozks,0.002354333,0
ozks,0.003207,4
ozks,0.004458292,53
ozks,0.003316417,9
ozks,0.0195865,734
ozks,0.002742625,1
ozks,0.003265875,1
ozks,0.00302025,2
ozks,0.003660375,17
ozks,0.008036125,210
ozks,0.006433875,139
ozks,0.003629875,10
ozks,0.004058209,36
ozks,0.00315275,4
ozks,0.018765833,680
ozks,0.005971208,101
ozks,0.003352166,9
ozks,0.00293175,3
ozks,0.003814125,26
ozks,0.005785083,99
ozks,0.005067667,80
ozks,0.0042115,45
ozks,0.004055917,24
ozks,0.004150458,38
ozks,0.005092458,64
ozks,0.005449,40
ozks,0.002899541,0
ozks,0.003152542,3
ozks,0.005297792,91
ozks,0.026145667,981
ozks,0.002987792,1
ozks,0.004117667,12
ozks,0.00389,9
ozks,0.006119834,116
ozks,0.003330417,4
ozks,0.003522292,10
ozks,0.007373708,137
ozks,0.002610667,0
ozks,0.002697208,0
ozks,0.003592125,17
ozks,0.003022125,1
ozks,0.0025785,0
ozks,0.003385709,3
ozks,0.004130208,8
ozks,0.017691459,227
ozks,0.003520666,4
ozks,0.006007292,90
ozks,0.00252025,0
ozks,0.00374075,25
ozks,0.003120292,1
ozks,0.005296042,69
ozks,0.003057542,1
ozks,0.004555459,35
ozks,0.00393,3
ozks,0.003592292,8
ozks,0.00394475,26
ozks,0.006150958,80
ozks,0.003469333,6
ozks,0.007529042,127
ozks,0.006684834,133
ozks,0.014721792,494
ozks,0.005224084,81
ozks,0.003645625,15
ozks,0.003441417,11
ozks,0.002266125,0
ozks,0.006202708,135
ozks,0.00371775,20
ozks,0.003009792,4
ozks,0.002321834,0
ozks,0.003828625,14
ozks,0.003786709,34
ozks,0.00307925,1
ozks,0.003674834,10
ozks,0.00378175,25
ozks,0.00425925,33
ozks,0.006758583,147
ozks,0.01855225,678
ozks,0.003324166,12
ozks,0.009175458,261
ozks,0.003071708,1
ozks,0.002873417,1
ozks,0.005467167,103
ozks,0.003469917,8
ozks,0.021892584,767
ozks,0.003122541,6
ozks,0.007094791,152
ozks,0.005256834,89
ozks,0.005580292,85
ozks,0.004967042,71
ozks,0.002782083,1
ozks,0.003331416,5
ozks,0.002899292,3
ozks,0.004082917,53
ozks,0.004132084,43
ozks,0.003800541,20
ozks,0.00302975,2
ozks,0.003251958,8
ozks,0.003393125,8
ozks,0.003923667,18
ozks,0.006047042,110
ozks,0.025653958,983
ozks,0.003322916,3
ozks,0.003124333,8
ozks,0.003324083,5
ozks,0.002261125,0
ozks,0.007494375,176
ozks,0.004128541,36
ozks,0.003057375,3
ozks,0.002581709,0
ozks,0.003635792,17
ozks,0.004653667,51
ozks,0.022389167,836
ozks,0.003791834,26
ozks,0.002823166,2
ozks,0.003405584,7
ozks,0.023056917,862
ozks,0.003475459,1
ozks,0.002646,0
ozks,0.002473084,0
ozks,0.002855041,1
ozks,0.00650425,1
ozks,0.004438875,12
ozks,0.003203292,6
ozks,0.003280792,5
ozks,0.003749792,1
ozks,0.005730167,95
ozks,0.012640917,385
ozks,0.004450291,42
ozks,0.0240965,904
ozks,0.003270541,1
ozks,0.003488,8
ozks,0.020301333,729
ozks,0.003429875,1
ozks,0.002261917,0
ozks,0.011550542,352
ozks,0.003661959,22
ozks,0.004055458,37
ozks,0.003178875,7
ozks,0.003175625,5
ozks,0.003994209,29
ozks,0.007437916,167
ozks,0.023208,856
ozks,0.015793084,466
ozks,0.004042417,8
ozks,0.003227,3
ozks,0.002771958,0
ozks,0.002980542,3
ozks,0.00453575,40
ozks,0.004036666,35
ozks,0.003884667,19
ozks,0.006939458,158
ozks,0.004002958,36
ozks,0.00324275,1
ozks,0.002954208,1
ozks,0.00472475,66
ozks,0.004872583,75
ozks,0.00402475,2
ozks,0.002747375,0
ozks,0.002914917,1
ozks,0.003540125,6
ozks,0.003316125,9
ozks,0.008109333,199
ozks,0.004675084,67
ozks,0.0046415,65
ozks,0.014624166,496
ozks,0.002966417,1
ozks,0.003675167,25
ozks,0.003615291,12
ozks,0.003683,3
ozks,0.004068792,14
ozks,0.003898917,15
ozks,0.003697917,17
ozks,0.006272417,130
ozks,0.002988375,2
ozks,0.004726666,47
ozks,0.003276459,3
ozks,0.003597167,12
ozks,0.003455667,2
ozks,0.007956417,177
ozks,0.003262584,3
ozks,0.003604959,8
ozks,0.003536125,7
ozks,0.004543084,38
ozks,0.013214,442
ozks,0.003330959,1
ozks,0.00302625,1
ozks,0.005179875,68
ozks,0.003030125,1
ozks,0.003236958,3
ozks,0.006921166,142
ozks,0.009940417,325
ozks,0.003755083,14
ozks,0.003130583,8
ozks,0.003613417,12
ozks,0.003400167,8
ozks,0.003019542,1
ozks,0.003581959,22
ozks,0.003052916,8
ozks,0.003666625,13
ozks,0.003232916,3
ozks,0.003555084,18
ozks,0.003379417,8
ozks,0.012232292,383
ozks,0.00292825,2
ozks,0.005595583,109
ozks,0.002356625,0
ozks,0.003627667,5
ozks,0.025756833,915
ozks,0.0037285,20
ozks,0.008648958,235
ozks,0.002759792,1
ozks,0.006422625,139
ozks,0.003746541,20
ozks,0.003128417,8
ozks,0.005066625,82
ozks,0.002798417,2
ozks,0.003029708,1
ozks,0.024420458,892
ozks,0.003583083,1
ozks,0.003092834,1
ozks,0.004080042,44
ozks,0.008453458,223
ozks,0.003220666,1
ozks,0.003874208,8
ozks,0.020914292,578
ozks,0.002596417,0
ozks,0.003021208,0
ozks,0.005246208,65
ozks,0.011129834,324
ozks,0.00355025,1
ozks,0.002405541,0
ozks,0.003625792,7
ozks,0.013379834,399
ozks,0.010702625,322
ozks,0.004375375,44
ozks,0.003990833,20
ozks,0.003905625,8
ozks,0.004910875,44
ozks,0.002583208,0
ozks,0.0031705,5
ozks,0.004275333,31
ozks,0.003606208,9
ozks,0.004133542,11
ozks,0.004673334,40
ozks,0.003289584,1
ozks,0.002993542,2
ozks,0.013888708,489
ozks,0.003420708,4
ozks,0.003677666,2
ozks,0.003051,1
ozks,0.003494875,12
ozks,0.003908584,13
ozks,0.006577709,141
ozks,0.003353458,9
ozks,0.003056208,1
ozks,0.003782958,9
ozks,0.003353,7
ozks,0.004530833,60
ozks,0.003639542,14
ozks,0.005934667,123
ozks,0.005555584,106
ozks,0.003580083,5
ozks,0.004280584,45
ozks,0.004729791,39
ozks,0.003964334,20
ozks,0.004110625,24
ozks,0.004742083,52
ozks,0.004211125,26
ozks,0.006908959,152
ozks,0.003532667,12
ozks,0.003281083,7
ozks,0.003539583,16
ozks,0.003913167,14
ozks,0.00444125,28
ozks,0.00333075,9
ozks,0.002983083,1
ozks,0.003986834,13
ozks,0.004556459,37
ozks,0.005564834,81
ozks,0.002889209,1
ozks,0.007554375,137
ozks,0.003718083,7
ozks,0.003790167,25
ozks,0.004207625,40
ozks,0.004794375,66
ozks,0.002949333,2
ozks,0.004326834,29
ozks,0.004669875,60
ozks,0.005895041,83
ozks,0.003371125,9
ozks,0.003002416,3
ozks,0.003743667,17
ozks,0.004587375,28
ozks,0.003797125,25
ozks,0.00298075,1
ozks,0.008407667,158
ozks,0.003652917,7
ozks,0.01852425,641
ozks,0.0022645,0
ozks,0.003864541,21
ozks,0.002933584,1
ozks,0.003032709,3
ozks,0.004286958,34
ozks,0.003024958,4
ozks,0.030818667,939
ozks,0.003022625,0
ozks,0.003929166,16
ozks,0.003611542,3
ozks,0.003221667,9
ozks,0.00665425,133
ozks,0.004899708,64
ozks,0.002771208,0
ozks,0.00241675,0
ozks,0.004092083,18
ozks,0.003792375,17
ozks,0.003546209,8
ozks,0.0048235,61
ozks,0.003045667,1
ozks,0.003139083,4
ozks,0.006209834,123
ozks,0.002798084,1
ozks,0.002819459,3
ozks,0.006205834,105
ozks,0.004290667,28
ozks,0.032791167,827
ozks,0.005571416,59
ozks,0.013324041,409
ozks,0.015313959,500
ozks,0.003908042,17
ozks,0.002883041,0
ozks,0.003002041,3
ozks,0.002635959,0
ozks,0.004086583,25
ozks,0.002414708,0
ozks,0.002978167,1
ozks,0.002886542,1
ozks,0.003146792,8
ozks,0.002785334,0
ozks,0.02524475,904
ozks,0.003382084,8
ozks,0.003030542,1
ozks,0.003262292,1
ozks,0.00243525,0
ozks,0.003791,17
ozks,0.02001675,665
ozks,0.004014459,30
ozks,0.003416292,10
ozks,0.00295175,4
ozks,0.004603334,43
ozks,0.00354875,9
ozks,0.003390375,5
ozks,0.003226042,2
ozks,0.007305625,156
ozks,0.005424375,84
ozks,0.004360125,11
ozks,0.003072541,4
ozks,0.003336667,2
ozks,0.003466167,13
ozks,0.004159042,36
ozks,0.002438792,0
ozks,0.003275209,2
ozks,0.006472292,140
ozks,0.003579792,5
ozks,0.003399625,2
ozks,0.003475417,8
ozks,0.003185041,7
ozks,0.00243975,0
ozks,0.004238334,36
ozks,0.005121167,67
ozks,0.003770208,15
ozks,0.003913958,31
ozks,0.003468375,1
ozks,0.003047916,2
ozks,0.003120125,5
ozks,0.005450209,59
ozks,0.006758041,147
ozks,0.003751292,4
ozks,0.004822834,70
ozks,0.004134834,19
ozks,0.00392575,32
ozks,0.003391916,8
ozks,0.003647833,29
ozks,0.002325625,0
ozks,0.003226916,1
ozks,0.026830541,983
ozks,0.007119791,167
ozks,0.004306416,39
ozks,0.004295625,35
ozks,0.003152375,8
ozks,0.003400375,7
ozks,0.003538875,9
ozks,0.023834875,885
ozks,0.003685416,14
ozks,0.003275667,8
ozks,0.003489958,14
ozks,0.003349292,17
ozks,0.005222416,89
ozks,0.003312584,4
ozks,0.003200834,10
ozks,0.002907625,2
ozks,0.007270834,173
ozks,0.00324675,1
ozks,0.007184083,154
ozks,0.004887542,60
ozks,0.006016083,139
ozks,0.002876917,1
ozks,0.003854167,14
ozks,0.007071083,164
ozks,0.003973041,9
ozks,0.005494667,82
ozks,0.004632625,42
ozks,0.0039975,33
ozks,0.003140125,5
ozks,0.002972125,1
ozks,0.003851208,17
ozks,0.005494208,92
ozks,0.003364417,9
ozks,0.003012875,5
ozks,0.003725042,13
ozks,0.006601375,122
ozks,0.002759041,1
ozks,0.004716958,66
ozks,0.022241333,759
ozks,0.028188083,948
ozks,0.004421125,35
ozks,0.004132334,20
ozks,0.003045959,4
ozks,0.006759542,109
ozks,0.003199,4
ozks,0.003076125,6
ozks,0.003360125,17
ozks,0.006444084,140
ozks,0.003567084,15
ozks,0.004250084,51
ozks,0.006724958,140
ozks,0.003362958,5
ozks,0.006613708,140
ozks,0.003664959,14
ozks,0.0234475,907
ozks,0.023797292,852
ozks,0.003635042,9
ozks,0.003589792,19
ozks,0.004778334,59
ozks,0.008434959,227
ozks,0.004706875,51
ozks,0.00305225,8
ozks,0.003277959,11
ozks,0.006783291,111
ozks,0.00348775,8
ozks,0.007978291,192
ozks,0.003798583,20
ozks,0.005910959,88
ozks,0.008172584,231
ozks,0.006437125,130
ozks,0.003520667,21
ozks,0.004466958,37
ozks,0.00305175,5
ozks,0.003610625,9
ozks,0.003636708,17
ozks,0.004094667,7
ozks,0.004807833,50
ozks,0.003897209,12
ozks,0.010307125,325
ozks,0.004572708,26
ozks,0.004327458,40
ozks,0.0184215,645
ozks,0.005328334,72
ozks,0.016896583,589
ozks,0.003921959,30
ozks,0.002256125,0
ozks,0.004143542,35
ozks,0.002473917,0
ozks,0.005536333,58
ozks,0.003090167,8
ozks,0.004081083,18
ozks,0.003001833,4
ozks,0.005793916,86
ozks,0.011797583,369
ozks,0.00353925,12
ozks,0.003760375,13
ozks,0.003160125,9
ozks,0.007769791,201
ozks,0.003042667,5
ozks,0.003103625,1
ozks,0.003702875,16
ozks,0.002872083,1
ozks,0.007270458,158
ozks,0.004439917,42
ozks,0.003531875,14
ozks,0.0032805,1
ozks,0.003356167,10
ozks,0.002851958,3
ozks,0.020833292,743
ozks,0.0033135,11
ozks,0.002324625,0
ozks,0.004841958,68
ozks,0.006044958,116
ozks,0.002361833,0
ozks,0.003611917,18
ozks,0.003165583,8
ozks,0.004499875,30
ozks,0.002820583,1
ozks,0.003588834,17
ozks,0.00323525,3
ozks,0.003646041,16
ozks,0.003334958,3
ozks,0.003948917,39
ozks,0.003158875,1
ozks,0.00419425,45
ozks,0.003136166,1
ozks,0.002904208,2
ozks,0.005916625,108
ozks,0.007017625,146
ozks,0.003093542,1
ozks,0.002929083,1
ozks,0.003517708,11
ozks,0.003089208,5
ozks,0.003800333,25
ozks,0.003925292,16
ozks,0.003669042,18
ozks,0.00367375,15
ozks,0.005591625,76
ozks,0.003998125,30
ozks,0.004606917,61
ozks,0.003283708,9
ozks,0.006270917,93
ozks,0.0035755,13
ozks,0.005733541,90
ozks,0.003308834,5
ozks,0.019169042,675
ozks,0.00362725,16
ozks,0.003330709,8
ozks,0.005004583,77
ozks,0.0037035,13
ozks,0.0036305,7
ozks,0.003159,8
ozks,0.002303417,0
ozks,0.003352833,8
ozks,0.003630083,12
ozks,0.007039041,146
ozks,0.004221417,49
ozks,0.002782708,1
ozks,0.003397709,4
ozks,0.004804917,53
ozks,0.003437625,11
ozks,0.003666167,14
ozks,0.005421708,105
ozks,0.003833083,8
ozks,0.003790792,12
ozks,0.00638675,117
ozks,0.0053725,64
ozks,0.003454333,9
ozks,0.0028505,0
ozks,0.003002834,2
ozks,0.003924875,16
ozks,0.003180083,3
ozks,0.025199542,915
ozks,0.004158792,36
ozks,0.003246125,4
ozks,0.00593825,108
ozks,0.006669916,146
ozks,0.002971,1
ozks,0.003595167,13
ozks,0.005571125,87
ozks,0.008408042,176
ozks,0.003361042,1
ozks,0.003330167,4
ozks,0.003086542,4
ozks,0.003332125,9
ozks,0.003950542,15
ozks,0.003316291,1
ozks,0.004177417,5
ozks,0.006556166,126
ozks,0.006631167,145
ozks,0.003738042,11
ozks,0.004724792,69
ozks,0.015564958,538
ozks,0.003128833,6
ozks,0.007063584,127
ozks,0.00345,1
ozks,0.0042275,21
ozks,0.003993166,19
ozks,0.003649042,20
ozks,0.003637208,6
ozks,0.003719958,19
ozks,0.003417875,6
ozks,0.003772083,4
ozks,0.004974583,51
ozks,0.003020083,2
ozks,0.003346083,6
ozks,0.004161208,15
ozks,0.00409975,31
ozks,0.005475834,93
ozks,0.004562541,53
ozks,0.0036415,12
ozks,0.00392825,26
ozks,0.005368291,81
ozks,0.003374708,8
ozks,0.005803375,101
ozks,0.0031025,8
ozks,0.002904333,1
ozks,0.025155208,940
ozks,0.003700041,23
ozks,0.003813875,25
ozks,0.005085208,68
ozks,0.004860167,66
ozks,0.003963875,20
ozks,0.011459709,302
ozks,0.003734959,23
ozks,0.003060625,1
ozks,0.00337125,1
ozks,0.003247875,2
ozks,0.003561041,17
ozks,0.004544708,31
ozks,0.003070041,1
ozks,0.002969209,3
ozks,0.006130833,117
ozks,0.003054917,4
ozks,0.004181542,36
ozks,0.011885917,389
ozks,0.003712833,17
ozks,0.003546167,5
ozks,0.003796833,17
ozks,0.003720458,10
ozks,0.003518333,17
ozks,0.002883917,2
ozks,0.003160375,5
ozks,0.004935083,27
ozks,0.004303875,36
ozks,0.003435291,5
ozks,0.003464042,13
ozks,0.003463708,6
ozks,0.003425542,10
ozks,0.003075459,3
ozks,0.003238208,6
ozks,0.003656875,3
ozks,0.0256525,961
ozks,0.00395225,17
ozks,0.005523458,80
ozks,0.002438541,0
ozks,0.003557708,13
ozks,0.002236292,0
ozks,0.003262375,8
ozks,0.0040645,6
ozks,0.003487584,3
ozks,0.002901416,2
ozks,0.006378208,105
ozks,0.003714042,9
ozks,0.003527,12
ozks,0.0031715,4
ozks,0.00441675,42
ozks,0.003485917,12
ozks,0.002987583,3
ozks,0.019797792,734
ozks,0.003536125,13
ozks,0.004478458,25
ozks,0.002735792,1
ozks,0.004916375,64
ozks,0.006287917,96
ozks,0.00344475,5
ozks,0.003391958,8
ozks,0.009167875,230
ozks,0.00226275,0
ozks,0.002669708,0
ozks,0.005278583,92
ozks,0.003085584,2
ozks,0.004528916,54
ozks,0.024689458,856
ozks,0.005347541,92
ozks,0.009365709,11
ozks,0.00316025,1
ozks,0.014535333,470
ozks,0.004003083,18
ozks,0.002874125,3
ozks,0.0107985,340
ozks,0.005668417,77
ozks,0.003873708,25
ozks,0.003779708,15
ozks,0.002987917,3
ozks,0.003351208,1
ozks,0.002878083,1
ozks,0.00397675,20
ozks,0.003412875,8
ozks,0.022541959,831
ozks,0.002715125,0
ozks,0.012596875,414
ozks,0.003742292,15
ozks,0.005477208,80
ozks,0.003255542,5
ozks,0.0034845,17
ozks,0.004141042,37
ozks,0.00345825,10
ozks,0.020960625,739
ozks,0.003221875,9
ozks,0.003340833,10
ozks,0.004485959,26
ozks,0.002634667,0
ozks,0.004745042,49
ozks,0.003004875,3
ozks,0.00341375,19
ozks,0.00389725,27
ozks,0.055424583,995
ozks,0.003158041,5
ozks,0.003204084,7
ozks,0.005597583,102
ozks,0.005898,114
ozks,0.004337375,38
ozks,0.004429708,52
ozks,0.007407333,181
ozks,0.004651083,46
ozks,0.003677916,13
ozks,0.004447292,50
ozks,0.002925917,0
ozks,0.00300225,1
ozks,0.005334541,72
ozks,0.003458958,13
ozks,0.002428792,0
ozks,0.00355325,8
ozks,0.006158792,117
ozks,0.003162875,4
ozks,0.003762792,18
ozks,0.023563542,854
ozks,0.004761875,43
ozks,0.002331209,0
ozks,0.003933333,12
ozks,0.003743667,14
ozks,0.00448775,37
ozks,0.005551875,96
ozks,0.003525792,12
ozks,0.007142667,120
ozks,0.005479916,81
ozks,0.004468208,51
ozks,0.023015792,858
ozks,0.004633209,44
ozks,0.003212625,3
ozks,0.012574083,409
ozks,0.008635666,179
ozks,0.00729625,163
ozks,0.003172083,3
ozks,0.003489958,14
ozks,0.003744416,14
ozks,0.003871375,17
ozks,0.003661,7
ozks,0.003291125,5
ozks,0.0044365,39
ozks,0.003806125,22
ozks,0.008846167,243
ozks,0.003251875,6
ozks,0.005632542,93
ozks,0.005584584,91
ozks,0.003803625,17
ozks,0.003070625,2
ozks,0.00341875,8
ozks,0.013193292,412
ozks,0.004087916,11
ozks,0.003670125,19
ozks,0.004247792,34
ozks,0.002926875,5
ozks,0.003175375,3
ozks,0.003028125,2
ozks,0.005553625,94
ozks,0.026689959,983
ozks,0.00257475,0
ozks,0.003437458,3
ozks,0.003218917,5
ozks,0.004141625,41
ozks,0.007488292,175
ozks,0.00353225,6
ozks,0.003390916,9
ozks,0.002630625,0
ozks,0.003543959,12
ozks,0.003061625,8
ozks,0.003863458,22
ozks,0.004332583,35
ozks,0.003842791,8
ozks,0.00326375,9
ozks,0.003232125,2
ozks,0.005794,116
ozks,0.003054375,5
ozks,0.00342625,3
ozks,0.004636166,38
ozks,0.008759333,202
ozks,0.007008958,167
ozks,0.003494708,20
ozks,0.00670375,140
ozks,0.002676417,0
ozks,0.003243667,5
ozks,0.00480775,54
ozks,0.003969541,23
ozks,0.006739041,146
ozks,0.003878416,25
ozks,0.004593333,29
ozks,0.005433542,94
ozks,0.002920125,3
ozks,0.003120166,8
ozks,0.020093834,791
ozks,0.025027458,763
ozks,0.004743417,68
ozks,0.003172,1
ozks,0.003262208,10
ozks,0.003198709,8
ozks,0.002285,0
ozks,0.002344792,0
ozks,0.003374458,8
ozks,0.003775875,12
ozks,0.003808375,20
ozks,0.003364042,12
ozks,0.003046917,1
ozks,0.0032715,6
ozks,0.003496958,15
ozks,0.004686292,44
ozks,0.004076583,43
ozks,0.002870208,2
ozks,0.003185667,1
ozks,0.002896083,1
ozks,0.003423833,17
ozks,0.012618,410
ozks,0.003587416,3
ozks,0.003020625,5
ozks,0.015220375,485
ozks,0.003258208,10
ozks,0.003399916,9
ozks,0.021577292,789
ozks,0.003242916,9
ozks,0.003099458,5
ozks,0.00358925,14
ozks,0.005881209,117
ozks,0.003171875,5
ozks,0.003246709,8
ozks,0.003666375,3
ozks,0.003012291,1
ozks,0.007002291,147
ozks,0.003180917,1
ozks,0.003584958,17
ozks,0.003507709,16
ozks,0.00461025,56
ozks,0.003432166,8
ozks,0.016911125,628
ozks,0.014637166,500
ozks,0.003627167,25
ozks,0.003402334,4
ozks,0.003342541,1
ozks,0.002896625,3
ozks,0.003135625,7
ozks,0.003434875,15
ozks,0.00326575,8
ozks,0.002986166,4
ozks,0.00418525,19
ozks,0.004674584,52
ozks,0.002347791,0
ozks,0.004059375,25
ozks,0.005774833,105
ozks,0.002927125,3
ozks,0.006215709,102
ozks,0.005070875,78
ozks,0.002910791,3
ozks,0.006960208,153
ozks,0.00497075,77
ozks,0.007000417,149
ozks,0.003876875,1
ozks,0.0116855,341
ozks,0.002803208,1
ozks,0.002859167,2
ozks,0.003635084,19
ozks,0.003354666,7
ozks,0.003715292,22
ozks,0.003522625,14
ozks,0.003965542,18
ozks,0.004842125,74
ozks,0.006533834,140
ozks,0.0063925,159
ozks,0.0170535,605
ozks,0.002861875,0
ozks,0.00339,15
ozks,0.003274917,3
ozks,0.002970708,4
ozks,0.009774667,288
ozks,0.004114166,40
ozks,0.005419959,63
ozks,0.003558375,12
ozks,0.019115375,662
ozks,0.013892667,463
ozks,0.003715875,26
ozks,0.002835,1
ozks,0.003024333,0
ozks,0.01911975,692
ozks,0.004056666,37
ozks,0.0227405,836
ozks,0.003201833,8
ozks,0.005261125,95
ozks,0.003082875,1
ozks,0.006201,122
ozks,0.002921375,3
ozks,0.002857583,1
ozks,0.002603041,0
ozks,0.004372042,40
ozks,0.003671583,6
ozks,0.003964875,11
ozks,0.005684708,20
ozks,0.004391584,37
ozks,0.003648458,19
ozks,0.002757583,0
ozks,0.004113833,13
ozks,0.004725459,26
ozks,0.007339875,137
ozks,0.002802833,1
ozks,0.00506675,76
ozks,0.003764208,20
ozks,0.003252542,3
ozks,0.003611292,11
ozks,0.00804325,225
ozks,0.006708166,140
ozks,0.003910166,13
ozks,0.004518625,25
ozks,0.004116875,14
ozks,0.003534416,1
ozks,0.004532916,17
ozks,0.003119,1
ozks,0.004358416,44
ozks,0.005229708,1
ozks,0.009056208,133
ozks,0.004081792,8
ozks,0.003664875,5
ozks,0.003378417,5
ozks,0.004715042,8
ozks,0.0042985,40
ozks,0.004752708,50
ozks,0.003942583,17
ozks,0.006196042,84
ozks,0.00307875,1
ozks,0.002864458,2
ozks,0.003298833,7
ozks,0.004584958,39
ozks,0.004030167,24
ozks,0.004375708,52
ozks,0.003274625,1
ozks,0.009684958,256
ozks,0.00382575,17
ozks,0.005681708,104
ozks,0.004484292,48
ozks,0.004466541,43
ozks,0.005216208,76
ozks,0.003447125,12
ozks,0.004950542,66
ozks,0.0102915,252
ozks,0.003386583,12
ozks,0.0063965,138
ozks,0.015749542,538
ozks,0.003223208,9
ozks,0.004801375,61
ozks,0.002985792,4
ozks,0.003246208,7
ozks,0.003473084,8
ozks,0.003060084,6
ozks,0.005258666,93
ozks,0.003068583,6
ozks,0.004062042,43
ozks,0.015900084,551
ozks,0.003100209,3
ozks,0.007398875,191
ozks,0.002346959,0
ozks,0.019694458,747
ozks,0.003985958,37
ozks,0.003012583,1
ozks,0.004595583,42
ozks,0.003208291,2
ozks,0.002939,3
ozks,0.010709292,261
ozks,0.003524167,19
ozks,0.003107416,4
ozks,0.00334725,8
ozks,0.003542416,18
ozks,0.003368416,12
ozks,0.003986709,16
ozks,0.002834125,2
ozks,0.005748,80
ozks,0.003332333,13
ozks,0.014281625,476
ozks,0.002331541,0
ozks,0.002976083,2
ozks,0.003535625,7
ozks,0.005145125,88
ozks,0.004185708,34
ozks,0.004296041,59
ozks,0.003085375,1
ozks,0.00365125,21
ozks,0.003002583,4
ozks,0.00420175,38
ozks,0.002833667,2
ozks,0.004584334,67
ozks,0.004097125,26
ozks,0.003921125,30
ozks,0.003427375,1
ozks,0.003075458,4
ozks,0.002734958,1
ozks,0.003484791,17
ozks,0.002858875,2
ozks,0.003360375,4
ozks,0.002434375,0
ozks,0.003864458,20
ozks,0.00446575,30
ozks,0.003639333,11
ozks,0.003452792,17
ozks,0.002827667,2
ozks,0.003019125,6
ozks,0.027681708,958
ozks,0.003221792,6
ozks,0.007554625,206
ozks,0.003869542,24
ozks,0.006615875,149
ozks,0.002305917,0
ozks,0.003527083,12
ozks,0.004492166,34
ozks,0.003427792,16
ozks,0.003404875,12
ozks,0.003141792,7
ozks,0.006416125,141
ozks,0.0040165,23
ozks,0.003063209,7
ozks,0.004266167,45
ozks,0.004391875,52
ozks,0.003264375,5
ozks,0.003099125,6
ozks,0.004057541,26
ozks,0.003467583,18
ozks,0.002900958,1
ozks,0.004277959,27
ozks,0.003784584,25
ozks,0.003221416,12
ozks,0.014867333,518
ozks,0.003765667,13
ozks,0.007372375,170
ozks,0.004306458,24
ozks,0.003868375,17
ozks,0.00310225,2
ozks,0.003423583,6
ozks,0.003628916,5
ozks,0.00351475,12
ozks,0.011333417,207
ozks,0.004313459,15
ozks,0.00286225,1
ozks,0.005731042,97
ozks,0.014343,467
ozks,0.003608459,9
ozks,0.00341175,11
ozks,0.004172791,35
ozks,0.003120833,9
ozks,0.008405416,231
ozks,0.003649292,13
ozks,0.003836875,30
ozks,0.004689375,37
ozks,0.003861708,31
ozks,0.006857667,158
ozks,0.008753042,245
ozks,0.00406325,37
ozks,0.003639667,19
ozks,0.004168791,45
ozks,0.004348084,44
ozks,0.003292125,9
ozks,0.006224791,131
ozks,0.005781583,114
ozks,0.0033245,9
ozks,0.004081125,19
ozks,0.003888542,34
ozks,0.005194083,82
ozks,0.010527458,342
ozks,0.006023208,129
ozks,0.003480542,7
ozks,0.003045208,8
ozks,0.00373075,23
ozks,0.002448292,0
ozks,0.003172959,4
ozks,0.003351875,6
ozks,0.009987541,303
ozks,0.003750833,26
ozks,0.003929917,10
ozks,0.012764292,439
ozks,0.004175792,28
ozks,0.003435417,8
ozks,0.004609458,18
ozks,0.004558167,48
ozks,0.0029395,1
ozks,0.004602958,57
ozks,0.007560291,37
ozks,0.00503675,68
ozks,0.004990084,39
ozks,0.005336417,46
ozks,0.002975709,1
ozks,0.004508,43
ozks,0.004450083,35
ozks,0.003608167,18
ozks,0.006236875,110
ozks,0.003573291,9
ozks,0.002736833,1
ozks,0.003151834,8
ozks,0.003741292,19
ozks,0.005099292,84
ozks,0.003667417,26
ozks,0.0041465,31
ozks,0.003300458,10
ozks,0.012947917,424
ozks,0.008040708,202
ozks,0.00656525,141
ozks,0.003788334,17
ozks,0.002585291,0
ozks,0.004513,39
ozks,0.0041025,31
ozks,0.007000708,160
ozks,0.004309583,36
ozks,0.003067292,5
ozks,0.00470625,42
ozks,0.01677,595
ozks,0.002516,0
ozks,0.003577417,15
ozks,0.003137333,4
ozks,0.004525125,39
ozks,0.003007917,1
ozks,0.004181459,28
ozks,0.00235375,0
ozks,0.00642825,122
ozks,0.003387833,9
ozks,0.002734208,1
ozks,0.003455583,8
ozks,0.005448583,64
ozks,0.0065585,139
ozks,0.005152,82
ozks,0.010678833,325
ozks,0.022489833,882
ozks,0.003503,2
ozks,0.00700025,13
ozks,0.003561,14
ozks,0.004116375,28
ozks,0.018590083,665
ozks,0.003034209,6
ozks,0.003743333,25
ozks,0.004200208,32
ozks,0.002995375,4
ozks,0.003170625,8
ozks,0.003609417,22
ozks,0.004484917,34
ozks,0.003800334,6
ozks,0.002873209,1
ozks,0.00460125,51
ozks,0.009433625,276
ozks,0.009438917,268
ozks,0.019683792,712
ozks,0.01318525,427
ozks,0.004962333,64
ozks,0.004597833,38
ozks,0.003052875,5
ozks,0.003842541,35
ozks,0.006607125,146
ozks,0.002968958,5
ozks,0.003753791,6
ozks,0.002308667,0
ozks,0.010128667,307
ozks,0.003096417,6
ozks,0.003070083,7
ozks,0.00301425,3
ozks,0.00327125,8
ozks,0.008297042,195
ozks,0.004851666,72
ozks,0.004204667,34
ozks,0.015309708,512
ozks,0.002689375,0
ozks,0.003548,8
ozks,0.003004417,4
ozks,0.002686958,1
ozks,0.003568375,17
ozks,0.006507292,128
ozks,0.005668334,111
ozks,0.00324725,5
ozks,0.002885125,3
ozks,0.003514208,8
ozks,0.003465958,19
ozks,0.002523375,0
ozks,0.002869417,2
ozks,0.004430166,31
ozks,0.003506875,8
ozks,0.003123542,7
ozks,0.0034505,6
ozks,0.003395125,11
ozks,0.003787458,29
ozks,0.002533666,0
ozks,0.003981708,23
ozks,0.002965958,5
ozks,0.00301275,1
ozks,0.002860625,1
ozks,0.004019083,30
ozks,0.002348917,0
ozks,0.003331166,7
ozks,0.003529833,8
ozks,0.01108875,342
ozks,0.011349416,311
ozks,0.004240291,44
ozks,0.00411725,16
ozks,0.007109166,156
ozks,0.004157958,5
ozks,0.00332975,10
ozks,0.004406958,49
ozks,0.007165417,162
ozks,0.004252833,36
ozks,0.003110416,1
ozks,0.00510825,35
ozks,0.004517625,30
ozks,0.004896667,62
ozks,0.003607584,6
ozks,0.006003958,76
ozks,0.011008458,327
ozks,0.009942375,268
ozks,0.004581167,6
ozks,0.00668775,143
ozks,0.003044958,3
ozks,0.017115417,565
ozks,0.004008292,31
ozks,0.003607625,10
ozks,0.004526083,56
ozks,0.003735791,26
ozks,0.002641083,0
ozks,0.003068042,1
ozks,0.003338459,6
ozks,0.004976958,62
ozks,0.002874625,1
ozks,0.004965333,76
ozks,0.003102542,7
ozks,0.003159208,8
ozks,0.003392041,3
ozks,0.003781625,25
ozks,0.003058041,1
ozks,0.018123833,669
ozks,0.004763083,51
ozks,0.003409792,3
ozks,0.002861541,2
ozks,0.003559417,17
ozks,0.002982959,1
ozks,0.002373334,0
ozks,0.003383584,13
ozks,0.009417875,268
ozks,0.004808541,62
ozks,0.003016084,4
ozks,0.003518,17
ozks,0.003068708,2
ozks,0.003238042,8
ozks,0.014395584,496
ozks,0.00287425,1
ozks,0.003083084,1
ozks,0.003498459,10
ozks,0.002269,0
ozks,0.003346375,11
ozks,0.004334458,24
ozks,0.020314792,640
ozks,0.003975125,21
ozks,0.004099875,41
ozks,0.00310075,7
ozks,0.004217125,38
ozks,0.003960292,28
ozks,0.002545084,0
ozks,0.0037065,6
ozks,0.005712417,102
ozks,0.003787542,10
ozks,0.0033755,7
ozks,0.00585725,83
ozks,0.00616125,111
ozks,0.003972625,26
ozks,0.006462333,8
ozks,0.004672,9
ozks,0.003330709,5
ozks,0.004187708,17
ozks,0.003166875,4
ozks,0.003499958,4
ozks,0.004312834,22
ozks,0.003833792,7
ozks,0.003428,10
ozks,0.004876625,74
ozks,0.002960375,1
ozks,0.007670041,209
ozks,0.0031205,1
ozks,0.003008459,2
ozks,0.00373825,14
ozks,0.002943542,2
ozks,0.003470083,16
ozks,0.005297709,74
ozks,0.005720667,90
ozks,0.007034917,162
ozks,0.003085042,7
ozks,0.002829333,2
ozks,0.0043285,27
ozks,0.004450916,38
ozks,0.021977458,799
ozks,0.003223375,8
ozks,0.003560334,9
ozks,0.003951834,32
ozks,0.004914,76
ozks,0.0023525,0
ozks,0.003314417,0
ozks,0.004321208,31
ozks,0.004470959,45
ozks,0.003692125,9
ozks,0.002285542,0
ozks,0.00578925,85
ozks,0.0031775,4
ozks,0.004892959,55
ozks,0.003218416,1
ozks,0.020099792,724
ozks,0.016112834,528
ozks,0.005281917,85
ozks,0.0033755,1
ozks,0.00550125,80
ozks,0.003290041,4
ozks,0.004415292,19
ozks,0.004029709,24
ozks,0.003854625,16
ozks,0.003258916,7
ozks,0.002458,0
ozks,0.002343042,0
ozks,0.0100985,324
ozks,0.0066035,104
ozks,0.003231375,2
ozks,0.003386666,12
ozks,0.00362725,11
ozks,0.007428875,171
ozks,0.004163959,3
ozks,0.004423792,26
ozks,0.00607725,102
ozks,0.013891083,434
ozks,0.004316917,44
ozks,0.0035925,11
ozks,0.017116208,634
ozks,0.003867666,26
ozks,0.00386075,1
ozks,0.00312025,3
ozks,0.003140167,4
ozks,0.003151292,6
ozks,0.012760959,389
ozks,0.009284333,256
ozks,0.0030235,3
ozks,0.003080416,5
ozks,0.003021334,1
ozks,0.006760166,146
ozks,0.005981833,85
ozks,0.0052515,66
ozks,0.005399834,64
ozks,0.003520625,9
ozks,0.004087417,27
ozks,0.008951834,240
ozks,0.003501417,5
ozks,0.00677275,152
ozks,0.004699792,45
ozks,0.004060167,8
ozks,0.003938708,13
ozks,0.002787792,0
ozks,0.00421425,22
ozks,0.003649667,2
ozks,0.003337958,1
ozks,0.027669083,991
ozks,0.0037445,11
ozks,0.011557166,343
ozks,0.005619417,104
ozks,0.007266792,152
ozks,0.003440875,8
ozks,0.012071459,311
ozks,0.024752167,915
ozks,0.01334125,431
ozks,0.004704209,61
ozks,0.022994958,866
ozks,0.003558041,8
ozks,0.003225541,7
ozks,0.003990041,23
ozks,0.007772334,201
ozks,0.005930208,95
ozks,0.003398208,6
ozks,0.006756042,146
ozks,0.003249375,3
ozks,0.005785458,116
ozks,0.005804209,116
ozks,0.004337666,31
ozks,0.003287083,1
ozks,0.018333084,629
ozks,0.004454334,15
ozks,0.003358417,9
ozks,0.005462083,68
ozks,0.005226417,25
ozks,0.003054834,5
ozks,0.003939166,15
ozks,0.002417084,0
ozks,0.002944125,1
ozks,0.003631958,17
ozks,0.003952125,17
ozks,0.003969334,26
ozks,0.003866583,17
ozks,0.004525708,50
ozks,0.0034215,8
ozks,0.00297775,3
ozks,0.015024834,434
ozks,0.007372167,147
ozks,0.00310275,2
ozks,0.019505583,692
ozks,0.002487125,0
ozks,0.003206125,7
ozks,0.016162208,565
ozks,0.010523042,325
ozks,0.003294709,8
ozks,0.004713333,26
ozks,0.004561208,45
ozks,0.010233833,311
ozks,0.004436791,48
ozks,0.002389333,0
ozks,0.003560417,13
ozks,0.0027865,1
ozks,0.002427125,0
ozks,0.003133625,3
ozks,0.003702541,6
ozks,0.004324959,21
ozks,0.003381833,5
ozks,0.009169375,228
ozks,0.003619083,13
ozks,0.003335625,7
ozks,0.010542,246
ozks,0.006840625,146
ozks,0.003942542,23
ozks,0.0030335,3
ozks,0.003264167,9
ozks,0.004337583,48
ozks,0.003297375,1
ozks,0.003544084,18
ozks,0.002369334,0
ozks,0.003579291,7
ozks,0.011053167,346
ozks,0.003718375,17
ozks,0.0055995,59
ozks,0.002644709,0
ozks,0.003029125,4
ozks,0.003357666,10
ozks,0.0025265,0
ozks,0.003247709,3
ozks,0.003269417,3
ozks,0.003490125,6
ozks,0.005169542,51
ozks,0.020377916,541
ozks,0.00393225,10
ozks,0.017845042,596
ozks,0.009555167,251
ozks,0.0040935,3
ozks,0.003890791,1
ozks,0.006890208,128
ozks,0.003487416,17
ozks,0.009164167,246
ozks,0.011064625,313
ozks,0.004717417,67
ozks,0.007239292,171
ozks,0.004555083,51
ozks,0.003814291,10
ozks,0.003398792,4
ozks,0.004742166,67
ozks,0.005073625,65
ozks,0.004261792,29
ozks,0.027594792,991
ozks,0.003434958,14
ozks,0.004300625,17
ozks,0.004849083,32
ozks,0.008564917,47
ozks,0.004332667,39
ozks,0.006345292,97
ozks,0.004085792,12
ozks,0.004190125,18
ozks,0.021689166,763
ozks,0.00423175,31
ozks,0.003850208,9
ozks,0.008758,111
ozks,0.00322575,4
ozks,0.004522,47
ozks,0.003428417,14
ozks,0.003330709,8
ozks,0.023379209,883
ozks,0.003043167,4
ozks,0.004019125,11
ozks,0.003476208,7
ozks,0.003641167,17
ozks,0.003772833,8
ozks,0.003274834,8
ozks,0.003740209,18
ozks,0.0037905,21
ozks,0.007939833,190
ozks,0.003869208,17
ozks,0.003136584,4
ozks,0.002809167,3
ozks,0.00245975,0
ozks,0.005114375,75
ozks,0.009631625,260
ozks,0.002347375,0
ozks,0.005992542,80
ozks,0.004853,27
ozks,0.015541958,522
ozks,0.014397542,482
ozks,0.004415917,38
ozks,0.003046542,2
ozks,0.003679792,19
ozks,0.004537458,63
ozks,0.00334175,1
ozks,0.0048985,67
ozks,0.003410875,8
ozks,0.002855417,2
ozks,0.004632667,61
ozks,0.002709375,0
ozks,0.005277792,80
ozks,0.002989541,3
ozks,0.002885917,1
ozks,0.002973041,1
ozks,0.002518291,0
ozks,0.003168375,1
ozks,0.00436775,47
ozks,0.002951417,2
ozks,0.003501875,17
ozks,0.016402542,558
ozks,0.003816541,17
ozks,0.00400275,27
ozks,0.003220125,7
ozks,0.003413042,11
ozks,0.005088334,78
ozks,0.00355975,17
ozks,0.003408667,10
ozks,0.004249792,37
ozks,0.003684208,8
ozks,0.002986625,4
ozks,0.015153792,502
ozks,0.004162541,29
ozks,0.003427167,10
ozks,0.003931334,37
ozks,0.003809209,26
ozks,0.005500125,77
ozks,0.004916167,69
ozks,0.002422042,0
ozks,0.003036042,5
ozks,0.008025917,170
ozks,0.002800833,1
ozks,0.004608625,62
ozks,0.003356,9
ozks,0.003312333,13
ozks,0.006141833,77
ozks,0.002956916,1
ozks,0.004013,36
ozks,0.002719667,0
ozks,0.003018542,4
ozks,0.005403875,91
ozks,0.011025958,345
ozks,0.004164542,27
ozks,0.003294459,8
ozks,0.003476292,5
ozks,0.016373583,559
ozks,0.004000041,38
ozks,0.003753,24
ozks,0.00388825,8
ozks,0.004885458,61
ozks,0.003516,12
ozks,0.002366542,0
ozks,0.009678417,274
ozks,0.004497042,51
ozks,0.002547958,0
ozks,0.003305042,7
ozks,0.003578459,20
ozks,0.003620375,14
ozks,0.004973542,66
ozks,0.004078958,41
ozks,0.005657084,91
ozks,0.011160375,352
ozks,0.004044666,18
ozks,0.003865459,15
ozks,0.024096542,827
ozks,0.003782792,13
ozks,0.004271042,51
ozks,0.003213375,7
ozks,0.004586667,54
ozks,0.003465167,7
ozks,0.003811792,10
ozks,0.035655875,1
ozks,0.003858958,14
ozks,0.007630166,177
ozks,0.0044055,40
ozks,0.00385075,26
ozks,0.019559,736
ozks,0.002868667,1
ozks,0.005285125,84
ozks,0.003221292,3
ozks,0.003945625,31
ozks,0.018374333,655
ozks,0.004099458,36
ozks,0.006172541,107
ozks,0.003147,1
ozks,0.006417541,110
ozks,0.003581333,9
ozks,0.00839975,223
ozks,0.015275208,541
ozks,0.003038459,1
ozks,0.004072083,15
ozks,0.004090583,31
ozks,0.003049625,5
ozks,0.004262458,48
ozks,0.003099083,1
ozks,0.0046785,54
ozks,0.003087208,3
ozks,0.005850042,83
ozks,0.005614208,84
ozks,0.005157375,43
ozks,0.003123959,1
ozks,0.002865666,1
ozks,0.004026875,27
ozks,0.003430875,8
ozks,0.002963291,3
ozks,0.004655875,44
ozks,0.0035645,8
ozks,0.004199458,35
ozks,0.003806542,16
ozks,0.004264833,20
ozks,0.00356175,8
ozks,0.003607708,15
ozks,0.003601416,16
ozks,0.006240334,134
ozks,0.003352958,13
ozks,0.002999833,4
ozks,0.004218375,37
ozks,0.003137208,1
ozks,0.005192625,14
ozks,0.003656542,9
ozks,0.002351417,0
ozks,0.004580125,43
ozks,0.010205917,325
ozks,0.002955042,3
ozks,0.002336458,0
ozks,0.002789792,1
ozks,0.007029416,85
ozks,0.003288542,9
ozks,0.004125833,22
ozks,0.003322458,7
ozks,0.004731666,56
ozks,0.00310425,5
ozks,0.0046715,53
ozks,0.0046735,57
ozks,0.012004917,325
ozks,0.007128667,158
ozks,0.013057208,383
ozks,0.002224584,0
ozks,0.002936167,1
ozks,0.009754625,296
ozks,0.006289916,128
ozks,0.003524416,12
ozks,0.002771667,2
ozks,0.026370625,998
ozks,0.00379625,26
ozks,0.003328125,8
ozks,0.008027458,206
ozks,0.004527208,58
ozks,0.002842209,1
ozks,0.003785166,16
ozks,0.003166875,9
ozks,0.002957209,2
ozks,0.009193,237
ozks,0.003416791,11
ozks,0.003421167,9
ozks,0.003410917,8
ozks,0.0114875,376
ozks,0.005983042,89
ozks,0.00499825,76
ozks,0.004956292,28
ozks,0.003635125,8
ozks,0.003451334,5
ozks,0.016976625,512
ozks,0.0253625,734
ozks,0.005277625,69
ozks,0.003812709,17
ozks,0.003737333,9
ozks,0.003133667,1
ozks,0.005983083,98
ozks,0.003845167,12
ozks,0.002513292,0
ozks,0.003891958,18
ozks,0.019944791,692
ozks,0.003020834,4
ozks,0.004292625,17
ozks,0.003886833,23
ozks,0.020285625,747
ozks,0.005834,113
ozks,0.004192666,38
ozks,0.003531625,15
ozks,0.004343333,51
ozks,0.003233084,6
ozks,0.003304708,7
ozks,0.002617917,0
ozks,0.003859125,2
ozks,0.003406458,10
ozks,0.004249166,25
ozks,0.003117375,5
ozks,0.004116333,31
ozks,0.00585025,80
ozks,0.015869833,530
ozks,0.002951209,3
ozks,0.003148792,5
ozks,0.007339916,187
ozks,0.003356167,7
ozks,0.003959542,36
ozks,0.004074416,10
ozks,0.004645084,36
ozks,0.006786208,133
ozks,0.003575875,18
ozks,0.003183459,2
ozks,0.019224416,651
ozks,0.002624417,0
ozks,0.003143625,9
ozks,0.00897125,250
ozks,0.003071,5
ozks,0.015523875,565
ozks,0.006875708,158
ozks,0.003028292,6
ozks,0.010479292,284
ozks,0.018220917,649
ozks,0.00259925,0
ozks,0.00397825,28
ozks,0.002494166,0
ozks,0.004812958,70
ozks,0.005309375,78
ozks,0.006932333,137
ozks,0.00560675,106
ozks,0.00310025,7
ozks,0.002950084,4
ozks,0.003456292,7
ozks,0.003631875,18
ozks,0.005369875,93
ozks,0.003896167,25
ozks,0.003112959,6
ozks,0.003126833,1
ozks,0.003233042,11
ozks,0.004981875,64
ozks,0.003747709,27
ozks,0.003517167,16
ozks,0.002884584,2
ozks,0.003096542,4
ozks,0.004340708,39
ozks,0.00302575,5
ozks,0.003364875,3
ozks,0.006669542,128
ozks,0.00411225,25
ozks,0.003467792,8
ozks,0.003619542,17
ozks,0.003836041,21
ozks,0.005300833,77
ozks,0.025991791,970
ozks,0.003440833,10
ozks,0.008294583,210
ozks,0.0028755,1
ozks,0.002338125,0
ozks,0.003669708,22
ozks,0.0025585,0
ozks,0.010847208,338
ozks,0.004413208,48
ozks,0.002331916,0
ozks,0.012113791,382
ozks,0.004043625,25
ozks,0.003119417,8
ozks,0.003549458,9
ozks,0.002936916,5
ozks,0.004217375,26
ozks,0.003525292,14
ozks,0.004303667,28
ozks,0.004200292,20
ozks,0.003117959,3
ozks,0.012459125,389
ozks,0.002945125,4
ozks,0.006832625,134
ozks,0.004652583,62
ozks,0.003530916,13
ozks,0.006703833,141
ozks,0.003229208,10
ozks,0.002976792,4
ozks,0.004920334,67
ozks,0.006571083,164
ozks,0.0043045,19
ozks,0.003067334,1
ozks,0.005261334,64
ozks,0.00297075,1
ozks,0.005902791,7
ozks,0.004361709,40
ozks,0.003570416,10
ozks,0.003815208,12
ozks,0.002897,2
ozks,0.003010084,1
ozks,0.002917208,2
ozks,0.003737375,31
ozks,0.0031275,0
ozks,0.002328916,0
ozks,0.003186333,8
ozks,0.014228333,431
ozks,0.003808375,21
ozks,0.004201833,38
ozks,0.003619916,7
ozks,0.0059775,106
ozks,0.013867167,453
ozks,0.003293709,9
ozks,0.004162834,34
ozks,0.006786209,141
ozks,0.003204083,4
ozks,0.00544775,58
ozks,0.002515,0
ozks,0.006795333,146
ozks,0.004766541,59
ozks,0.003177083,9
ozks,0.003625417,19
ozks,0.003334583,14
ozks,0.002234875,0
ozks,0.003310958,9
ozks,0.003171833,7
ozks,0.005215708,76
ozks,0.023302375,853
ozks,0.005129292,93
ozks,0.004494,23
ozks,0.002255166,0
ozks,0.004057541,27
ozks,0.003447333,19
ozks,0.005102875,70
ozks,0.003393375,11
ozks,0.003536958,17
ozks,0.004248375,42
ozks,0.003119166,4
ozks,0.002907125,1
ozks,0.003043375,5
ozks,0.00354025,19
ozks,0.0041565,27
ozks,0.003747167,21
ozks,0.002829542,1
ozks,0.004622125,50
ozks,0.005310042,70
ozks,0.003507125,17
ozks,0.020029417,730
ozks,0.006679625,150
ozks,0.004432917,52
ozks,0.0028385,0
ozks,0.003965458,29
ozks,0.003103583,1
ozks,0.003699458,15
ozks,0.003909291,8
ozks,0.002962083,1
ozks,0.003996667,16
ozks,0.003823416,22
ozks,0.004618833,57
ozks,0.005672083,106
ozks,0.004036708,13
ozks,0.003589625,17
ozks,0.006880625,137
ozks,0.003599416,19
ozks,0.003621625,15
ozks,0.003535208,2
ozks,0.004020958,24
ozks,0.003289458,10
ozks,0.00322625,8
ozks,0.006512125,143
ozks,0.006530833,143
ozks,0.003318792,10
ozks,0.003558958,15
ozks,0.003771209,19
ozks,0.006517375,139
ozks,0.003168375,7
ozks,0.004099167,36
ozks,0.003859916,23
ozks,0.007738709,149
ozks,0.002920334,2
ozks,0.002415625,0
ozks,0.004174334,24
ozks,0.00419725,28
ozks,0.010501042,324
ozks,0.003485917,7
ozks,0.00437925,53
ozks,0.005342375,97
ozks,0.004965917,80
ozks,0.003773625,23
ozks,0.005573833,109
ozks,0.00385075,11
ozks,0.00383175,17
ozks,0.003435958,14
ozks,0.004760584,51
ozks,0.004666333,54
ozks,0.003013333,4
ozks,0.009514417,263
ozks,0.003024875,1
ozks,0.003866875,31
ozks,0.023999292,922
ozks,0.004038459,18
ozks,0.004011041,8
ozks,0.003897875,4
ozks,0.029142791,991
ozks,0.006601333,128
ozks,0.00547025,83
ozks,0.005416709,8
ozks,0.003460542,4
ozks,0.00367725,17
ozks,0.003926292,10
ozks,0.01057375,325
ozks,0.002944583,1
ozks,0.003682375,13
ozks,0.011889375,384
ozks,0.003484291,0
ozks,0.003399541,1
ozks,0.003242791,6
ozks,0.004512917,43
ozks,0.004420334,37
ozks,0.00435025,55
ozks,0.0032285,9
ozks,0.002845875,1
ozks,0.002755666,1
ozks,0.0028045,0
ozks,0.004875458,69
ozks,0.008050042,211
ozks,0.004683083,35
ozks,0.004227125,18
ozks,0.024702042,910
ozks,0.00815225,206
ozks,0.003246708,8
ozks,0.005103208,71
ozks,0.003220042,9
ozks,0.011051333,338
ozks,0.00569875,111
ozks,0.003286333,10
ozks,0.005472583,91
ozks,0.003834125,22
ozks,0.00333425,1
ozks,0.0043565,27
ozks,0.006711959,140
ozks,0.009697041,274
ozks,0.003771667,17
ozks,0.003862958,21
ozks,0.003509875,8
ozks,0.005767083,4
ozks,0.006306375,110
ozks,0.016596791,518
ozks,0.003528834,8
ozks,0.024166541,882
ozks,0.004009875,33
ozks,0.003807625,18
ozks,0.003821708,6
ozks,0.003146833,1
ozks,0.003617708,17
ozks,0.003686125,17
ozks,0.00264075,0
ozks,0.005186208,86
ozks,0.004111917,16
ozks,0.003531375,10
ozks,0.00483575,61
ozks,0.00647425,133
ozks,0.004203167,24
ozks,0.003431167,6
ozks,0.021692625,803
ozks,0.0038795,15
ozks,0.002244166,0
ozks,0.01551175,535
ozks,0.00308175,7
ozks,0.006684917,137
ozks,0.004485125,42
ozks,0.002926292,1
ozks,0.002668375,0
ozks,0.004859833,36
ozks,0.010364083,1
ozks,0.006696583,116
ozks,0.004654916,37
ozks,0.004081084,11
ozks,0.0042565,25
ozks,0.003014875,2
ozks,0.003141208,2
ozks,0.007043958,158
ozks,0.004645334,67
ozks,0.008012166,187
ozks,0.005424042,85
ozks,0.0048225,45
ozks,0.003161,2
ozks,0.004245292,32
ozks,0.003543625,20
ozks,0.00361925,14
ozks,0.004298125,49
ozks,0.0040495,16
ozks,0.003908875,33
ozks,0.003567583,5
ozks,0.004491583,58
ozks,0.003532959,17
ozks,0.0035145,17
ozks,0.003979459,13
ozks,0.002973459,3
ozks,0.003460292,3
ozks,0.002296625,0
ozks,0.002894416,1
ozks,0.00669775,143
ozks,0.020363375,764
ozks,0.005947375,103
ozks,0.002959292,3
ozks,0.003273708,8
ozks,0.010399125,328
ozks,0.006372542,141
ozks,0.002863958,0
ozks,0.003078166,3
ozks,0.005690334,68
ozks,0.003294292,7
ozks,0.002817041,1
ozks,0.021309583,751
ozks,0.003275208,8
ozks,0.003155042,6
ozks,0.006164417,122
ozks,0.002721792,0
ozks,0.005783916,102
ozks,0.006464666,143
ozks,0.004695708,48
ozks,0.004594417,42
ozks,0.008435208,201
ozks,0.004079125,35
ozks,0.02529175,922
ozks,0.003815375,22
ozks,0.006113958,109
ozks,0.003392583,7
ozks,0.004932292,74
ozks,0.018157625,643
ozks,0.003223666,3
ozks,0.015166541,541
ozks,0.004467416,46
ozks,0.011200125,344
ozks,0.003685375,12
ozks,0.022233209,799
ozks,0.00303875,1
ozks,0.003000916,3
ozks,0.003099625,4
ozks,0.003342916,4
ozks,0.004214541,32
ozks,0.002777458,3
ozks,0.004092917,18
ozks,0.005637375,109
ozks,0.002953667,1
ozks,0.008013417,171
ozks,0.00342825,8
ozks,0.003509333,13
ozks,0.005695542,105
ozks,0.009300958,263
ozks,0.002342917,0
ozks,0.003463542,14
ozks,0.022606584,822
ozks,0.003175583,5
ozks,0.007274834,149
ozks,0.002907666,2
ozks,0.012032042,369
ozks,0.003239667,8
ozks,0.006867917,134
ozks,0.0036275,14
ozks,0.003609916,8
ozks,0.004407208,49
ozks,0.006668834,145
ozks,0.003220667,2
ozks,0.0029755,2
ozks,0.003191459,7
ozks,0.00590425,109
ozks,0.009982166,239
ozks,0.004336,52
ozks,0.003335375,10
ozks,0.004464291,40
ozks,0.003075042,1
ozks,0.004510167,44
ozks,0.003825708,27
ozks,0.005723583,104
ozks,0.002265834,0
ozks,0.003802375,10
ozks,0.003144667,8
ozks,0.020710458,690
ozks,0.006734584,143
ozks,0.008620166,195
ozks,0.011692042,323
ozks,0.003551042,3
ozks,0.004068042,13
ozks,0.00347075,2
ozks,0.003850791,8
ozks,0.003347625,2
ozks,0.003426667,2
ozks,0.003334,2
ozks,0.006025375,88
ozks,0.004015834,11
ozks,0.007019375,137
ozks,0.003648542,10
ozks,0.00483625,58
ozks,0.01124375,297
ozks,0.009929292,83
ozks,0.003344625,6
ozks,0.003211583,2
ozks,0.003719416,8
ozks,0.003948042,17
ozks,0.002556208,0
ozks,0.003781708,7
ozks,0.021288709,770
ozks,0.004572667,30
ozks,0.002912458,0
ozks,0.020816625,750
ozks,0.003132583,2
ozks,0.004724167,39
ozks,0.00326425,8
ozks,0.0054555,84
ozks,0.004270333,34
ozks,0.003545917,8
ozks,0.003723708,11
ozks,0.003125542,4
ozks,0.003483875,4
ozks,0.005145542,72
ozks,0.003834209,10
ozks,0.004976541,53
ozks,0.003213833,5
ozks,0.005423208,102
ozks,0.004908542,55
ozks,0.003961875,8
ozks,0.003827,3
ozks,0.004855125,52
ozks,0.004526416,24
ozks,0.002750166,0
ozks,0.003942667,10
ozks,0.008423708,142
ozks,0.008457584,223
ozks,0.012822334,385
ozks,0.004004459,24
ozks,0.011356542,344
ozks,0.006671792,143
ozks,0.004464667,45
ozks,0.003769708,19
ozks,0.004126083,26
ozks,0.0032575,3
ozks,0.003852125,18
ozks,0.003546292,1
ozks,0.003163958,5
ozks,0.003135292,1
ozks,0.010519708,325
ozks,0.003444667,12
ozks,0.004400541,35
ozks,0.008874333,231
ozks,0.004724458,19
ozks,0.006744,106
ozks,0.00383975,11
ozks,0.016087125,565
ozks,0.005110708,70
ozks,0.003924875,11
ozks,0.011768,302
ozks,0.007064084,103
ozks,0.0049735,55
ozks,0.00321425,3
ozks,0.005824041,86
ozks,0.004212167,32
ozks,0.003634709,9
ozks,0.003391125,3
ozks,0.004529791,56
ozks,0.002975083,2
ozks,0.006015375,101
ozks,0.007115667,176
ozks,0.004297333,16
ozks,0.002384292,0
ozks,0.003179458,6
ozks,0.015560667,526
ozks,0.007233125,140
ozks,0.005598875,89
ozks,0.024039,932
ozks,0.008002333,202
ozks,0.004380416,25
ozks,0.00259725,0
ozks,0.003835625,21
ozks,0.00311575,7
ozks,0.003006084,3
ozks,0.003913666,6
ozks,0.003813958,34
ozks,0.003462,12
ozks,0.003091208,1
ozks,0.005306542,91
ozks,0.003083291,6
ozks,0.006917459,142
ozks,0.003349083,8
ozks,0.002531167,0
ozks,0.00293825,1
ozks,0.006977209,144
ozks,0.003006083,3
ozks,0.005395542,66
ozks,0.0036955,12
ozks,0.003174417,4
ozks,0.004160291,31
ozks,0.003609458,17
ozks,0.003219416,3
ozks,0.006896292,135
ozks,0.00311425,1
ozks,0.005938209,95
ozks,0.005444041,99
ozks,0.003226459,1
ozks,0.003692334,21
ozks,0.004270458,37
ozks,0.013230625,410
ozks,0.003903042,31
ozks,0.009320458,262
ozks,0.004328125,36
ozks,0.00468075,48
ozks,0.003230042,7
ozks,0.003286459,5
ozks,0.003617958,16
ozks,0.007094667,127
ozks,0.003897542,26
ozks,0.004656292,48
ozks,0.003503916,2
ozks,0.018365125,631
ozks,0.003747042,22
ozks,0.002443083,0
ozks,0.003014208,4
ozks,0.002914667,1
ozks,0.003168584,4
ozks,0.004831083,44
ozks,0.008073708,158
ozks,0.003440041,9
ozks,0.003207666,3
ozks,0.00252075,0
ozks,0.003493125,9
ozks,0.003423292,8
ozks,0.004297417,44
ozks,0.002893042,3
ozks,0.0100885,297
ozks,0.003564417,14
ozks,0.002991583,2
ozks,0.004130584,48
ozks,0.005735375,106
ozks,0.0032075,2
ozks,0.003312583,8
ozks,0.002807791,1
ozks,0.003017375,3
ozks,0.003889875,1
ozks,0.004669166,69
ozks,0.003084,4
ozks,0.024573625,905
ozks,0.002949458,2
ozks,0.003499708,11
ozks,0.004591292,45
ozks,0.006821625,161
ozks,0.003644292,11
ozks,0.00389375,17
ozks,0.003707834,9
ozks,0.005335125,90
ozks,0.00614075,83
ozks,0.004346708,44
ozks,0.00695875,158
ozks,0.007956042,183
ozks,0.004583916,9
ozks,0.00422975,44
ozks,0.021444125,799
ozks,0.003018917,4
ozks,0.003287209,5
ozks,0.002695417,0
ozks,0.003417458,11
ozks,0.003449708,11
ozks,0.003937125,23
ozks,0.003878459,17
ozks,0.00316825,7
ozks,0.003017166,4
ozks,0.003147875,4
ozks,0.006712125,145
ozks,0.003669084,11
ozks,0.004324083,54
ozks,0.007134,184
ozks,0.024498542,896
ozks,0.004048625,17
ozks,0.003071875,5
ozks,0.0064875,134
ozks,0.003417334,7
ozks,0.003202208,10
ozks,0.004004917,28
ozks,0.003968667,16
ozks,0.003089375,4
ozks,0.00335825,2
ozks,0.003397125,9
ozks,0.010893583,351
ozks,0.004847625,64
ozks,0.003167333,9
ozks,0.002686958,0
ozks,0.003610167,20
ozks,0.0042495,18
ozks,0.002950167,3
ozks,0.002889084,1
ozks,0.004754125,68
ozks,0.003412333,9
ozks,0.002988584,1
ozks,0.00387625,11
ozks,0.004250125,23
ozks,0.00291925,0
ozks,0.003541333,8
ozks,0.006994375,161
ozks,0.003764084,8
ozks,0.005741166,105
ozks,0.003279875,7
ozks,0.003070042,3
ozks,0.003488334,5
ozks,0.003583875,6
ozks,0.00616025,126
ozks,0.00285775,1
ozks,0.003131208,0
ozks,0.00389125,17
ozks,0.009524292,274
ozks,0.002831916,0
ozks,0.004574042,30
ozks,0.004142083,26
ozks,0.00290075,2
ozks,0.003479542,6
ozks,0.003256458,8
ozks,0.003894542,17
ozks,0.003288042,1
ozks,0.005596917,104
ozks,0.005269584,97
ozks,0.003738417,9
ozks,0.0036065,12
ozks,0.006166125,123
ozks,0.002876333,1
ozks,0.004885375,39
ozks,0.002828333,2
ozks,0.006311584,147
ozks,0.003602875,8
ozks,0.003862833,13
ozks,0.010967875,336
ozks,0.004036125,23
ozks,0.00867925,246
ozks,0.003143083,3
ozks,0.00294,1
ozks,0.003909917,30
ozks,0.003795167,15
ozks,0.005696166,116
ozks,0.023470791,856
ozks,0.00424325,42
ozks,0.023228208,882
ozks,0.00259425,0
ozks,0.010513042,327
ozks,0.003420541,8
ozks,0.006903458,161
ozks,0.0051795,70
ozks,0.00398375,9
ozks,0.003357875,2
ozks,0.004261625,48
ozks,0.00330875,1
ozks,0.004087083,15
ozks,0.004762209,51
ozks,0.003159208,2
ozks,0.00406075,19
ozks,0.00541425,71
ozks,0.0040805,20
ozks,0.003100083,5
ozks,0.002883542,1
ozks,0.003174334,8
ozks,0.00402275,19
ozks,0.002953667,2
ozks,0.004377416,40
ozks,0.0033385,7
ozks,0.010920167,285
ozks,0.003040542,3
ozks,0.003371083,3
ozks,0.006461084,127
ozks,0.003448167,17
ozks,0.002934458,1
ozks,0.003166042,5
ozks,0.002821583,1
ozks,0.005334625,89
ozks,0.00487875,39
ozks,0.004659875,58
ozks,0.004117834,38
ozks,0.003860375,17
ozks,0.003110833,0
ozks,0.003161166,8
ozks,0.004251708,35
ozks,0.003393042,5
ozks,0.003381417,12
ozks,0.004835125,42
ozks,0.003345625,10
ozks,0.004008542,25
ozks,0.002451916,0
ozks,0.004404,44
ozks,0.004095333,35
ozks,0.003253875,2
ozks,0.00291725,2
ozks,0.003782834,11
ozks,0.012121958,366
ozks,0.003435083,7
ozks,0.003194583,8
ozks,0.00327975,2
ozks,0.003983083,28
ozks,0.003136791,2
ozks,0.006415417,130
ozks,0.003437709,18
ozks,0.003548167,17
ozks,0.006238208,133
ozks,0.003728584,14
ozks,0.003103708,0
ozks,0.010086333,302
ozks,0.002930917,1
ozks,0.007017125,130
ozks,0.003374708,9
ozks,0.003077875,3
ozks,0.003343417,3
ozks,0.002860125,1
ozks,0.006220167,108
ozks,0.004266583,40
ozks,0.005794042,90
ozks,0.00655425,137
ozks,0.004792709,31
ozks,0.003303958,1
ozks,0.003277875,9
ozks,0.003138584,5
ozks,0.003444708,5
ozks,0.002493375,0
ozks,0.026455292,998
ozks,0.002948792,2
ozks,0.012093708,369
ozks,0.003601958,1
ozks,0.003847458,33
ozks,0.003836541,10
ozks,0.006044083,9
ozks,0.002587167,0
ozks,0.010727666,325
ozks,0.007450458,158
ozks,0.003224917,1
ozks,0.027680958,492
ozks,0.007450375,147
ozks,0.004610166,31
ozks,0.003944958,17
ozks,0.003696833,13
ozks,0.003776666,9
ozks,0.004412959,37
ozks,0.004109875,3
ozks,0.004004083,29
ozks,0.003798584,24
ozks,0.014951042,466
ozks,0.005007584,57
ozks,0.003085167,4
ozks,0.004486334,34
ozks,0.003791167,10
ozks,0.003211292,1
ozks,0.003909792,26
ozks,0.003137042,3
ozks,0.004432291,51
ozks,0.014467209,470
ozks,0.002338917,0
ozks,0.0039005,36
ozks,0.0062385,69
ozks,0.007344625,173
ozks,0.002962083,1
ozks,0.003585125,4
ozks,0.004890542,34
ozks,0.029512459,72
ozks,0.003680417,21
ozks,0.023606667,873
ozks,0.004891208,70
ozks,0.005059208,66
ozks,0.003234375,8
ozks,0.003106834,7
ozks,0.004524375,45
ozks,0.003073375,4
ozks,0.005713416,101
ozks,0.002842083,0
ozks,0.002531417,0
ozks,0.003701875,1
ozks,0.004561667,66
ozks,0.013136833,451
ozks,0.002339834,0
ozks,0.003205208,7
ozks,0.003566834,2
ozks,0.003858208,33
ozks,0.003133042,1
ozks,0.0040635,34
ozks,0.004777917,11
ozks,0.019663,691
ozks,0.003732834,16
ozks,0.002874125,0
ozks,0.007663875,127
ozks,0.027445959,973
ozks,0.01474,436
ozks,0.002609875,0
ozks,0.008082083,211
ozks,0.004042792,13
ozks,0.002323375,0
ozks,0.003617667,11
ozks,0.0086865,238
ozks,0.00856425,246
ozks,0.003167208,8
ozks,0.009463959,268
ozks,0.003955666,30
ozks,0.005635875,95
ozks,0.003062791,2
ozks,0.022432917,18
ozks,0.00363425,16
ozks,0.005996709,105
ozks,0.004052083,35
ozks,0.004070708,38
ozks,0.002759042,1
ozks,0.002329875,0
ozks,0.003295709,7
ozks,0.003961709,20
ozks,0.002837541,1
ozks,0.002971792,3
ozks,0.003296459,6
ozks,0.003828792,18
ozks,0.006651333,142
ozks,0.002885916,2
ozks,0.003000041,6
ozks,0.004383916,48
ozks,0.004599916,40
ozks,0.007110958,184
ozks,0.004187834,49
ozks,0.004630917,55
ozks,0.003201333,1
ozks,0.006591791,108
ozks,0.002626708,0
ozks,0.004715334,66
ozks,0.003490708,9
ozks,0.0041015,22
ozks,0.002843041,0
ozks,0.003917833,3
ozks,0.003587875,14
ozks,0.005165,65
ozks,0.002695667,0
ozks,0.003289916,8
ozks,0.003143292,1
ozks,0.008275625,223
ozks,0.004444459,23
ozks,0.003888083,24
ozks,0.003734541,21
ozks,0.01451175,495
ozks,0.002378375,0
ozks,0.012140416,406
ozks,0.010275917,325
ozks,0.003749666,13
ozks,0.0036775,9
ozks,0.003061041,2
ozks,0.007959875,205
ozks,0.003546875,12
ozks,0.00400825,27
ozks,0.0034175,9
ozks,0.00618575,105
ozks,0.003693917,14
ozks,0.0029155,1
ozks,0.004808541,67
ozks,0.011089041,328
ozks,0.00390775,22
ozks,0.003872625,36
ozks,0.003946625,19
ozks,0.004581084,48
ozks,0.019889666,711
ozks,0.003163417,6
ozks,0.005639459,110
ozks,0.003578834,14
ozks,0.003466167,9
ozks,0.002690625,0
ozks,0.003886542,21
ozks,0.00363475,5
ozks,0.004294833,54
ozks,0.003318916,5
ozks,0.005545209,80
ozks,0.005370625,95
ozks,0.00582975,117
ozks,0.003303084,8
ozks,0.007003791,122
ozks,0.004087917,23
ozks,0.011842834,396
ozks,0.005333459,84
ozks,0.003448875,10
ozks,0.003146875,5
ozks,0.003219917,5
ozks,0.003346292,7
ozks,0.003880959,27
ozks,0.003801416,17
ozks,0.003041416,3
ozks,0.003323791,8
ozks,0.004426125,40
ozks,0.005652583,107
ozks,0.005163458,80
ozks,0.003239625,6
ozks,0.003560333,14
ozks,0.002589958,0
ozks,0.004142667,12
ozks,0.004970375,78
ozks,0.003515958,18
ozks,0.003204125,2
ozks,0.006477667,146
ozks,0.002972125,2
ozks,0.003592875,15
ozks,0.004496084,23
ozks,0.003784958,16
ozks,0.004035584,35
ozks,0.005389667,70
ozks,0.003355458,6
ozks,0.019575125,717
ozks,0.01406475,467
ozks,0.0058835,104
ozks,0.004951666,69
ozks,0.004112125,41
ozks,0.006635042,146
ozks,0.004223917,37
ozks,0.002715833,0
ozks,0.003068625,5
ozks,0.003876917,30
ozks,0.004967333,72
ozks,0.003379542,1
ozks,0.00637625,143
ozks,0.003629459,4
ozks,0.003465959,5
ozks,0.004134625,34
ozks,0.003367584,9
ozks,0.00247375,0
ozks,0.006867166,128
ozks,0.006286709,92
ozks,0.012121875,383
ozks,0.003181625,3
ozks,0.002432083,0
ozks,0.004579042,51
ozks,0.003583042,8
ozks,0.002917583,1
ozks,0.004425209,39
ozks,0.003123416,5
ozks,0.007134708,169
ozks,0.003321292,5
ozks,0.002883625,1
ozks,0.015967167,555
ozks,0.003049833,3
ozks,0.003783333,16
ozks,0.003747208,24
ozks,0.003546042,20
ozks,0.006541375,137
ozks,0.00378125,10
ozks,0.003758958,25
ozks,0.002406917,0
ozks,0.003263959,7
ozks,0.010139584,324
ozks,0.002279541,0
ozks,0.003866291,23
ozks,0.003871209,37
ozks,0.004405625,37
ozks,0.004048916,31
ozks,0.002544083,0
ozks,0.003901292,16
ozks,0.004863,53
ozks,0.003795959,16
ozks,0.004864792,72
ozks,0.014005417,473
ozks,0.004408417,51
ozks,0.003116583,3
ozks,0.006385292,142
ozks,0.006375125,109
ozks,0.008499375,233
ozks,0.00341275,9
ozks,0.002773375,1
ozks,0.003421667,10
ozks,0.002908041,2
ozks,0.003909417,31
ozks,0.00354675,15
ozks,0.00337525,13
ozks,0.003243792,3
ozks,0.005541042,111
ozks,0.003223167,7
ozks,0.00252425,0
ozks,0.003028541,7
ozks,0.003094041,7
ozks,0.003199542,9
ozks,0.003078042,3
ozks,0.003355042,10
ozks,0.005765083,78
ozks,0.0059795,111
ozks,0.003762,14
ozks,0.003350042,7
ozks,0.003975542,34
ozks,0.005302042,84
ozks,0.00417775,26
ozks,0.003876417,29
ozks,0.004165375,22
ozks,0.00307775,10
ozks,0.003090375,8
ozks,0.0032145,4
ozks,0.014162958,438
ozks,0.003607792,21
ozks,0.013594667,460
ozks,0.004002125,36
ozks,0.0022665,0
ozks,0.006098083,126
ozks,0.0040805,29
ozks,0.004458959,38
ozks,0.002974167,5
ozks,0.0092685,262
ozks,0.02268375,852
ozks,0.003283959,4
ozks,0.019485166,710
ozks,0.003743875,3
ozks,0.003157916,2
ozks,0.003028625,1
ozks,0.004908916,64
ozks,0.002897541,1
ozks,0.003415417,13
ozks,0.006354458,136
ozks,0.0051345,67
ozks,0.003703792,14
ozks,0.007222333,149
ozks,0.003233792,9
ozks,0.00303225,5
ozks,0.00351025,8
ozks,0.00316875,5
ozks,0.010494458,312
ozks,0.003037542,1
ozks,0.002831458,1
ozks,0.002957166,5
ozks,0.003231417,7
ozks,0.003625791,17
ozks,0.004338458,47
ozks,0.002829208,1
ozks,0.007209125,177
ozks,0.003499625,11
ozks,0.007732791,209
ozks,0.004136166,14
ozks,0.003037042,5
ozks,0.007748,202
ozks,0.003140167,1
ozks,0.005123208,71
ozks,0.003668084,3
ozks,0.003470083,17
ozks,0.0039565,26
ozks,0.003955,35
ozks,0.003104542,6
ozks,0.005353209,80
ozks,0.003364542,8
ozks,0.003227958,11
ozks,0.005035791,80
ozks,0.00287225,2
ozks,0.00277625,2
ozks,0.002896583,3
ozks,0.003715958,22
ozks,0.007906209,201
ozks,0.0049915,82
ozks,0.004327541,51
ozks,0.005118166,94
ozks,0.00483075,58
ozks,0.003231333,8
ozks,0.003557875,8
ozks,0.002485333,0
ozks,0.003261333,9
ozks,0.003253333,5
ozks,0.015667208,565
ozks,0.018305916,663
ozks,0.005379125,93
ozks,0.004073625,28
ozks,0.003317875,11
ozks,0.0032385,3
ozks,0.002582458,0
ozks,0.004457875,48
ozks,0.005113417,82
ozks,0.0035105,5
ozks,0.004556333,64
ozks,0.002418458,0
ozks,0.004261708,42
ozks,0.004136667,40
ozks,0.003236417,6
ozks,0.003172125,8
ozks,0.004152375,49
ozks,0.002661917,0
ozks,0.003119,1
ozks,0.003991,38
ozks,0.002977,5
ozks,0.003744667,14
ozks,0.003130209,5
ozks,0.006689958,152
ozks,0.0029025,2
ozks,0.003490209,16
ozks,0.003376834,12
ozks,0.003774041,19
ozks,0.004230917,41
ozks,0.002989791,3
ozks,0.003299458,9
ozks,0.003777834,23
ozks,0.005189583,82
ozks,0.003221459,2
ozks,0.005938333,76
ozks,0.003643625,5
ozks,0.002616458,0
ozks,0.002958209,3
ozks,0.003137166,8
ozks,0.005469708,83
ozks,0.017822834,595
ozks,0.003444,15
ozks,0.003139625,2
ozks,0.002338875,0
ozks,0.010102166,324
ozks,0.00446875,37
ozks,0.003182041,1
ozks,0.005169833,91
ozks,0.003738542,27
ozks,0.002574791,0
ozks,0.002679917,0
ozks,0.004479292,52
ozks,0.004952,53
ozks,0.002404375,0
ozks,0.002323709,0
ozks,0.002830625,1
ozks,0.003572833,21
ozks,0.00341275,13
ozks,0.00307025,3
ozks,0.003240625,7
ozks,0.004737083,46
ozks,0.019769625,743
ozks,0.003231,8
ozks,0.00394325,33
ozks,0.003002417,0
ozks,0.00399975,33
ozks,0.0035785,20
ozks,0.008291875,227
ozks,0.00294625,2
ozks,0.009909042,293
ozks,0.02184675,719
ozks,0.003943208,37
ozks,0.002338583,0
ozks,0.002320042,0
ozks,0.003901625,33
ozks,0.006964667,164
ozks,0.004140458,37
ozks,0.003854292,8
ozks,0.006784583,147
ozks,0.003379333,9
ozks,0.0031475,8
ozks,0.003417375,8
ozks,0.003184584,4
ozks,0.00686,127
ozks,0.003605084,13
ozks,0.003133542,10
ozks,0.003143834,8
ozks,0.003911083,25
ozks,0.002896417,1
ozks,0.018089709,550
ozks,0.003281625,4
ozks,0.003650208,16
ozks,0.004961459,48
ozks,0.003432667,10
ozks,0.014970708,352
ozks,0.002380959,0
ozks,0.004774834,35
ozks,0.003717833,17
ozks,0.004811083,81
ozks,0.00395225,24
ozks,0.002819167,1
ozks,0.003184167,9
ozks,0.003516875,8
ozks,0.022105459,824
ozks,0.014964625,517
ozks,0.003749584,12
ozks,0.003004666,4
ozks,0.003093125,3
ozks,0.003673917,9
ozks,0.018178125,643
ozks,0.0040905,41
ozks,0.003537,17
ozks,0.004757209,62
ozks,0.005097417,92
ozks,0.004307375,24
ozks,0.003694041,14
ozks,0.004032875,37
ozks,0.003340458,7
ozks,0.002870792,1
ozks,0.023646792,954
ozks,0.002999834,4
ozks,0.003058125,6
ozks,0.003323333,10
ozks,0.003287917,9
ozks,0.004475459,55
ozks,0.003344209,5
ozks,0.003019834,4
ozks,0.003628416,5
ozks,0.003116375,5
ozks,0.0053395,80
ozks,0.002784625,1
ozks,0.003170833,8
ozks,0.003664125,2
ozks,0.002824209,1
ozks,0.003509875,15
ozks,0.00282225,2
ozks,0.005016917,64
ozks,0.003466125,17
ozks,0.004502458,23
ozks,0.003182125,3
ozks,0.023280417,789
ozks,0.007206708,140
ozks,0.003087542,1
ozks,0.003395583,1
ozks,0.016556958,571
ozks,0.003285375,8
ozks,0.014251709,476
ozks,0.015867417,574
ozks,0.004375625,48
ozks,0.002296042,0
ozks,0.003280083,11
ozks,0.00644725,111
ozks,0.004452833,44
ozks,0.003688166,2
ozks,0.003797083,21
ozks,0.003565417,15
ozks,0.003123083,1
ozks,0.005569834,105
ozks,0.002934166,1
ozks,0.002813459,1
ozks,0.003332833,8
ozks,0.003894166,23
ozks,0.003370583,13
ozks,0.003116084,7
ozks,0.006237542,127
ozks,0.003362959,11
ozks,0.003939667,17
ozks,0.003179958,8
ozks,0.003122583,7
ozks,0.004022375,6
ozks,0.003649584,18
ozks,0.01445625,496
ozks,0.003105709,5
ozks,0.004491083,56
ozks,0.003451209,17
ozks,0.011498625,325
ozks,0.003880584,17
ozks,0.00569025,0
ozks,0.003152667,1
ozks,0.003123959,3
ozks,0.003285625,10
ozks,0.012105708,346
ozks,0.007085375,127
ozks,0.015210125,129
ozks,0.003500834,7
ozks,0.003380209,10
ozks,0.014306459,453
ozks,0.003147959,5
ozks,0.004406667,6
ozks,0.003530792,14
ozks,0.003136125,1
ozks,0.00427675,23
ozks,0.007633375,195
ozks,0.007361083,176
ozks,0.003664458,12
ozks,0.004302959,45
ozks,0.004717333,54
ozks,0.003797625,31
ozks,0.004223334,30
ozks,0.003755875,22
ozks,0.004676,51
ozks,0.003718459,8
ozks,0.003567708,16
ozks,0.004472875,34
ozks,0.002834708,2
ozks,0.011871208,382
ozks,0.004060166,29
ozks,0.004434958,45
ozks,0.003677708,13
ozks,0.003428875,11
ozks,0.002900417,3
ozks,0.002233084,0
ozks,0.015374583,541
ozks,0.004303,34
ozks,0.003402375,4
ozks,0.002549417,0
ozks,0.0030975,1
ozks,0.003564666,17
ozks,0.009957125,325
ozks,0.003446125,10
ozks,0.007509292,197
ozks,0.004357917,45
ozks,0.004295459,17
ozks,0.0024335,0
ozks,0.009982792,324
ozks,0.003721458,20
ozks,0.003017333,2
ozks,0.006205917,114
ozks,0.007649083,158
ozks,0.008647291,241
ozks,0.004270625,44
ozks,0.017748958,633
ozks,0.004991,51
ozks,0.003142542,7
ozks,0.004826541,61
ozks,0.00647625,104
ozks,0.002991875,4
ozks,0.003724375,28
ozks,0.003252833,8
ozks,0.004226167,30
ozks,0.002831708,0
ozks,0.015032917,541
ozks,0.01035375,304
ozks,0.002846208,2
ozks,0.0034015,18
ozks,0.005738833,78
ozks,0.003140041,4
ozks,0.003929291,8
ozks,0.003660542,6
ozks,0.003484958,8
ozks,0.0243025,915
ozks,0.0030055,1
ozks,0.006168042,106
ozks,0.005069167,66
ozks,0.004026292,23
ozks,0.005528334,105
ozks,0.027190125,967
ozks,0.003377125,7
ozks,0.003353375,12
ozks,0.0034805,15
ozks,0.0056865,106
ozks,0.003314,11
ozks,0.003216875,4
ozks,0.003081334,7
ozks,0.003126583,8
ozks,0.0045765,32
ozks,0.003436,13
ozks,0.002961625,3
ozks,0.009945209,324
ozks,0.009078417,263
ozks,0.003127333,7
ozks,0.00311575,8
ozks,0.020775542,750
ozks,0.004005042,22
ozks,0.002298458,0
ozks,0.005503583,101
ozks,0.005148708,62
ozks,0.008094917,180
ozks,0.003147416,1
ozks,0.005577458,94
ozks,0.003327583,17
ozks,0.002454041,0
ozks,0.006135792,86
ozks,0.007007542,181
ozks,0.00308325,7
ozks,0.002387166,0
ozks,0.003270584,11
ozks,0.003396917,8
ozks,0.005349417,97
ozks,0.007130666,157
ozks,0.003194459,8
ozks,0.005118958,50
ozks,0.003530833,10
ozks,0.003313375,13
ozks,0.003384167,17
ozks,0.009515208,274
ozks,0.00342925,3
ozks,0.00994625,324
ozks,0.003033792,2
ozks,0.003193459,1
ozks,0.003073958,4
ozks,0.002445458,0
ozks,0.019151583,635
ozks,0.002826667,4
ozks,0.007112417,158
ozks,0.002217041,0
ozks,0.002985042,1
ozks,0.0031295,3
ozks,0.002429459,0
ozks,0.003603042,13
ozks,0.003325583,12
ozks,0.013160875,464
ozks,0.003317959,9
ozks,0.003023458,7
ozks,0.003415167,4
ozks,0.004989166,65
ozks,0.019767625,715
ozks,0.004250541,41
ozks,0.002668583,1
ozks,0.002768,2
ozks,0.005695084,109
ozks,0.002729,2
ozks,0.00520325,55
ozks,0.004474333,52
ozks,0.006768125,158
ozks,0.014429958,494
ozks,0.003212291,8
ozks,0.003526667,8
ozks,0.003080916,5
ozks,0.003360875,17
ozks,0.014266916,483
ozks,0.0154235,535
ozks,0.002765375,1
ozks,0.005130584,81
ozks,0.007668917,204
ozks,0.002590708,0
ozks,0.003955166,27
ozks,0.002753916,1
ozks,0.008247167,216
ozks,0.002403666,0
ozks,0.003173125,1
ozks,0.005062208,77
ozks,0.003557625,24
ozks,0.0033115,9
ozks,0.005226333,93
ozks,0.0042935,37
ozks,0.005005792,73
ozks,0.00319575,4
ozks,0.002709625,1
ozks,0.004749417,71
ozks,0.002809334,1
ozks,0.003107833,7
ozks,0.003338375,8
ozks,0.00287975,2
ozks,0.003263,8
ozks,0.003054291,7
ozks,0.003636666,25
ozks,0.004095834,44
ozks,0.003459292,12
ozks,0.002331625,0
ozks,0.003143375,7
ozks,0.004047416,37
ozks,0.003367208,14
ozks,0.002793333,2
ozks,0.003539833,18
ozks,0.004134667,13
ozks,0.004429167,61
ozks,0.005138875,85
ozks,0.002822708,1
ozks,0.003305,4
ozks,0.0051775,3
ozks,0.016530625,537
ozks,0.004953125,59
ozks,0.003724459,6
ozks,0.017472209,597
ozks,0.008094583,175
ozks,0.003414583,8
ozks,0.00498975,55
ozks,0.004972,3
ozks,0.004047625,8
ozks,0.003281375,3
ozks,0.005643333,97
ozks,0.007564459,159
ozks,0.018791083,648
ozks,0.003576125,10
ozks,0.006128334,74
ozks,0.004099167,30
ozks,0.006339792,127
ozks,0.003294625,5
ozks,0.004616667,57
ozks,0.003467959,19
ozks,0.005218333,66
ozks,0.002986333,4
ozks,0.003062958,4
ozks,0.007165166,158
ozks,0.00314375,8
ozks,0.003995917,31
ozks,0.002198792,0
ozks,0.003095208,10
ozks,0.003184625,10
ozks,0.003202291,8
ozks,0.002728541,1
ozks,0.003175083,2
ozks,0.012294084,398
ozks,0.004084958,36
ozks,0.003057958,8
ozks,0.004364625,37
ozks,0.002748084,1
ozks,0.002756666,1
ozks,0.00627475,133
ozks,0.002776625,1
ozks,0.003365667,19
ozks,0.003890833,30
ozks,0.003827,22
ozks,0.003274791,12
ozks,0.002928708,6
ozks,0.004129334,46
ozks,0.003932958,30
ozks,0.006712208,149
ozks,0.003786333,24
ozks,0.002394625,0
ozks,0.003666416,25
ozks,0.002872,4
ozks,0.003820709,31
ozks,0.003993292,13
ozks,0.002793084,0
ozks,0.003716917,17
ozks,0.002994833,0
ozks,0.002890292,3
ozks,0.007755959,167
ozks,0.003561459,17
ozks,0.002776042,0
ozks,0.003656708,17
ozks,0.01437725,492
ozks,0.0035605,15
ozks,0.005972542,118
ozks,0.003023792,2
ozks,0.003004291,6
ozks,0.002247083,0
ozks,0.004821417,52
ozks,0.002976458,1
ozks,0.003197833,8
ozks,0.003097792,6
ozks,0.003269541,7
ozks,0.003326625,8
ozks,0.009835125,285
ozks,0.00300275,0
ozks,0.00529375,92
ozks,0.002729542,1
ozks,0.004286583,40
ozks,0.003534834,18
ozks,0.003096,8
ozks,0.003662834,9
ozks,0.003130125,8
ozks,0.004493625,56
ozks,0.002546542,0
ozks,0.022190791,845
ozks,0.003489584,18
ozks,0.003440292,7
ozks,0.003347167,11
ozks,0.004610375,53
ozks,0.003891291,21
ozks,0.003652875,29
ozks,0.0053205,90
ozks,0.006751208,148
ozks,0.004837292,45
ozks,0.0054725,96
ozks,0.016486708,582
ozks,0.002913083,5
ozks,0.002985416,2
ozks,0.002699041,0
ozks,0.003641542,4
ozks,0.012300792,392
ozks,0.003102542,4
ozks,0.00364275,13
ozks,0.019017292,677
ozks,0.003426167,6
ozks,0.003606334,7
ozks,0.002958917,2
ozks,0.009332459,18
ozks,0.003682084,22
ozks,0.002972584,3
ozks,0.024101417,908
ozks,0.01209025,283
ozks,0.003784333,11
ozks,0.003125542,4
ozks,0.004101375,18
ozks,0.004759542,61
ozks,0.002349667,0
ozks,0.007016083,159
ozks,0.003050375,4
ozks,0.003519208,10
ozks,0.021570542,799
ozks,0.003127584,6
ozks,0.002925916,1
ozks,0.004285125,22
ozks,0.003357916,8
ozks,0.003901583,21
ozks,0.002479125,0
ozks,0.004621459,57
ozks,0.006332709,143
ozks,0.004178166,20
ozks,0.007310917,179
ozks,0.00297475,3
ozks,0.002894042,1
ozks,0.004004291,36
ozks,0.002913084,1
ozks,0.003765834,9
ozks,0.023772416,954
ozks,0.003446167,4
ozks,0.003648084,23
ozks,0.006624417,146
ozks,0.00457975,71
ozks,0.00346775,17
ozks,0.004965708,33
ozks,0.013514084,413
ozks,0.004286625,45
ozks,0.003537875,19
ozks,0.002717833,0
ozks,0.002562041,0
ozks,0.003168875,1
ozks,0.003198667,1
ozks,0.002952792,1
ozks,0.003031958,3
ozks,0.003058041,7
ozks,0.003566042,8
ozks,0.008520333,1
ozks,0.004530334,17
ozks,0.003701667,9
ozks,0.007418625,164
ozks,0.004747291,58
ozks,0.006488083,138
ozks,0.003548958,10
ozks,0.004017209,12
ozks,0.002403541,0
ozks,0.006218125,141
ozks,0.011075625,343
ozks,0.004561625,34
ozks,0.004174666,47
ozks,0.004375542,33
ozks,0.003455166,10
ozks,0.005691708,99
ozks,0.005654708,67
ozks,0.003510875,9
ozks,0.004593083,55
ozks,0.004023916,13
ozks,0.005890333,125
ozks,0.003227042,6
ozks,0.003025041,5
ozks,0.003101417,1
ozks,0.002880625,1
ozks,0.020338125,678
ozks,0.015104917,512
ozks,0.00907225,254
ozks,0.003957917,16
ozks,0.00317675,5
ozks,0.005363167,72
ozks,0.019684583,711
ozks,0.003019208,1
ozks,0.003259958,3
ozks,0.003337583,5
ozks,0.00512175,74
ozks,0.005156,88
ozks,0.007718208,214
ozks,0.003647167,9
ozks,0.003182208,3
ozks,0.003280833,9
ozks,0.003419792,15
ozks,0.003216083,7
ozks,0.003486416,14
ozks,0.002975375,2
ozks,0.009263625,239
ozks,0.003010542,4
ozks,0.005060209,66
ozks,0.003029333,4
ozks,0.002596792,0
ozks,0.003704958,29
ozks,0.005235875,65
ozks,0.003349875,8
ozks,0.002489125,0
ozks,0.003157583,8
ozks,0.006825375,158
ozks,0.005569709,94
ozks,0.009720625,279
ozks,0.003786125,6
ozks,0.003040959,7
ozks,0.007339,176
ozks,0.003181791,5
ozks,0.003007584,4
ozks,0.002695875,0
ozks,0.003104625,5
ozks,0.003229042,8
ozks,0.0033765,6
ozks,0.003059667,1
ozks,0.01240425,398
ozks,0.006745292,143
ozks,0.004640792,40
ozks,0.003867625,26
ozks,0.0058855,111
ozks,0.002359375,0
ozks,0.019227125,692
ozks,0.003448125,10
ozks,0.003920542,30
ozks,0.003346292,8
ozks,0.003100083,5
ozks,0.00336575,11
ozks,0.003627541,17
ozks,0.020358084,737
ozks,0.002465417,0
ozks,0.002794916,1
ozks,0.002916709,1
ozks,0.019569,716
ozks,0.005595042,100
ozks,0.00311675,2
ozks,0.004707958,23
ozks,0.003963083,15
ozks,0.003665291,25
ozks,0.003322041,9
ozks,0.003545625,12
ozks,0.006259875,140
ozks,0.005997708,80
ozks,0.003242584,8
ozks,0.003125125,7
ozks,0.003688333,18
ozks,0.005974083,124
ozks,0.004575084,53
ozks,0.004196417,20
ozks,0.006033417,128
ozks,0.019914958,724
ozks,0.004076125,43
ozks,0.004077333,26
ozks,0.003408125,9
ozks,0.003303041,9
ozks,0.002542625,0
ozks,0.0024795,0
ozks,0.004511083,51
ozks,0.004373209,43
ozks,0.003225667,7
ozks,0.005082209,70
ozks,0.003586042,14
ozks,0.00343325,8
ozks,0.003126583,3
ozks,0.005401084,93
ozks,0.0262385,998
ozks,0.002453084,0
ozks,0.01326525,434
ozks,0.00369525,9
ozks,0.006801542,158
ozks,0.0042295,29
ozks,0.003764167,11
ozks,0.003656541,17
ozks,0.003456333,10
ozks,0.002904334,1
ozks,0.004320459,31
ozks,0.003008083,3
ozks,0.002364833,0
ozks,0.002624416,0
ozks,0.002443333,0
ozks,0.002980416,2
ozks,0.003371,2
ozks,0.004619417,57
ozks,0.005779875,110
ozks,0.005043083,54
ozks,0.003607084,9
ozks,0.003073958,1
ozks,0.004048583,39
ozks,0.005274875,96
ozks,0.003083583,9
ozks,0.002949791,4
ozks,0.003332166,10
ozks,0.002800417,3
ozks,0.003473292,20
ozks,0.003187208,1
ozks,0.00347775,1
ozks,0.002367459,0
ozks,0.004255375,35
ozks,0.005427542,90
ozks,0.003413,18
ozks,0.002894417,2
ozks,0.0033865,16
ozks,0.003203792,9
ozks,0.006368792,140
ozks,0.002718917,1
ozks,0.002785334,1
ozks,0.004958,65
ozks,0.004670792,50
ozks,0.011241625,342
ozks,0.002902459,4
ozks,0.003403875,13
ozks,0.00419975,41
ozks,0.004518417,57
ozks,0.007307,150
ozks,0.006146875,140
ozks,0.007165959,152
ozks,0.003554542,11
ozks,0.003530958,17
ozks,0.006879291,149
ozks,0.004015625,10
ozks,0.002234542,0
ozks,0.003803541,33
ozks,0.004454667,46
ozks,0.011011667,343
ozks,0.006592917,142
ozks,0.004799959,70
ozks,0.003227458,2
ozks,0.002841292,3
ozks,0.009194542,260
ozks,0.003996375,46
ozks,0.003028709,5
ozks,0.00499975,62
ozks,0.003784292,13
ozks,0.00365725,17
ozks,0.003730541,24
ozks,0.002820125,2
ozks,0.00941925,256
ozks,0.003587084,14
ozks,0.003128458,9
ozks,0.003204916,3
ozks,0.004405583,45
ozks,0.00616975,136
ozks,0.014019084,475
ozks,0.003017375,7
ozks,0.003056917,8
ozks,0.003653875,11
ozks,0.004287208,38
ozks,0.019503458,656
ozks,0.003378292,10
ozks,0.0037115,16
ozks,0.01075175,164
ozks,0.002302791,0
ozks,0.00328825,8
ozks,0.0036075,11
ozks,0.024561334,893
ozks,0.003109,4
ozks,0.003986584,40
ozks,0.005119709,67
ozks,0.004456208,54
ozks,0.002199208,0
ozks,0.004454125,43
ozks,0.00791625,210
ozks,0.017816292,644
ozks,0.003042792,7
ozks,0.017690459,550
ozks,0.002735875,1
ozks,0.0034605,15
ozks,0.007471541,193
ozks,0.00514675,83
ozks,0.003363709,1
ozks,0.003787833,26
ozks,0.003211,8
ozks,0.004451666,44
ozks,0.002888916,3
ozks,0.003610083,15
ozks,0.003238875,5
ozks,0.006835125,167
ozks,0.003140375,8
ozks,0.00274575,1
ozks,0.003525959,10
ozks,0.003459417,13
ozks,0.0050555,89
ozks,0.004406959,18
ozks,0.002737208,1
ozks,0.003433875,11
ozks,0.004930958,59
ozks,0.003425417,17
ozks,0.002761542,1
ozks,0.003278375,11
ozks,0.003460667,17
ozks,0.019718042,714
ozks,0.003453875,17
ozks,0.003059292,7
ozks,0.0023005,0
ozks,0.003423917,2
ozks,0.00282525,2
ozks,0.002657083,2
ozks,0.004755125,52
ozks,0.002667208,0
ozks,0.002756417,1
ozks,0.025448042,981
ozks,0.012002792,392
ozks,0.00371325,9
ozks,0.003372541,5
ozks,0.004625834,62
ozks,0.00723825,190
ozks,0.02505,929
ozks,0.002202875,0
ozks,0.004256667,49
ozks,0.002247542,0
ozks,0.004066541,19
ozks,0.002435625,0
ozks,0.002343667,0
ozks,0.004095042,36
ozks,0.004616167,58
ozks,0.019619416,720
ozks,0.002499958,0
ozks,0.003506542,17
ozks,0.0031845,9
ozks,0.009257834,222
ozks,0.003705958,21
ozks,0.002896125,2
ozks,0.002994,2
ozks,0.003536333,8
ozks,0.002685792,1
ozks,0.002768875,1
ozks,0.009632958,289
ozks,0.002431625,0
ozks,0.007315958,149
ozks,0.002725417,1
ozks,0.003098459,8
ozks,0.003333042,9
ozks,0.003727375,13
ozks,0.003386459,16
ozks,0.003812625,15
ozks,0.003175084,2
ozks,0.00471325,58
ozks,0.003914583,32
ozks,0.003141667,4
ozks,0.00907675,254
ozks,0.003111458,10
ozks,0.003266375,7
ozks,0.004597584,67
ozks,0.005252875,83
ozks,0.002840791,3
ozks,0.004951333,79
ozks,0.005134875,77
ozks,0.003896292,31
ozks,0.002876292,1
ozks,0.002233125,0
ozks,0.01990325,714
ozks,0.002817125,4
ozks,0.003785625,20
ozks,0.003159875,5
ozks,0.005123334,97
ozks,0.00670925,153
ozks,0.005327041,66
ozks,0.00225725,0
ozks,0.002766416,1
ozks,0.003980291,20
ozks,0.003161375,4
ozks,0.002295,0
ozks,0.002739792,1
ozks,0.004124333,35
ozks,0.004534125,63
ozks,0.0022665,0
ozks,0.002804167,1
ozks,0.005682958,82
ozks,0.004093875,30
ozks,0.006403875,131
ozks,0.011580125,389
ozks,0.007659625,146
ozks,0.004054166,32
ozks,0.0056275,109
ozks,0.003071209,8
ozks,0.018742334,707
ozks,0.004129958,34
ozks,0.008866125,245
ozks,0.002582208,0
ozks,0.003358,9
ozks,0.003389,13
ozks,0.00741175,155
ozks,0.029352958,998
ozks,0.004109833,16
ozks,0.024914,919
ozks,0.012813625,412
ozks,0.002895916,1
ozks,0.00428175,45
ozks,0.006050125,107
ozks,0.003319417,6
ozks,0.009162042,263
ozks,0.005961917,104
ozks,0.003573584,20
ozks,0.003411208,2
ozks,0.003389125,4
ozks,0.003967,14
ozks,0.002952292,3
ozks,0.002913333,1
ozks,0.002228958,0
ozks,0.002899625,2
ozks,0.002232625,0
ozks,0.003815875,23
ozks,0.016712542,602
ozks,0.00383625,22
ozks,0.003608416,9
ozks,0.002328625,0
ozks,0.004294667,43
ozks,0.003606458,26
ozks,0.005077833,78
ozks,0.004464625,58
ozks,0.003318875,3
ozks,0.002396417,0
ozks,0.003466709,14
ozks,0.003281208,6
ozks,0.002297834,0
ozks,0.003762208,22
ozks,0.003087417,3
ozks,0.006509333,145
ozks,0.02536875,957
ozks,0.003616083,16
ozks,0.002964708,7
ozks,0.003870583,20
ozks,0.003354542,6
ozks,0.003649083,11
ozks,0.003016667,4
ozks,0.004558958,62
ozks,0.005616792,110
ozks,0.002805792,0
ozks,0.010301792,279
ozks,0.004549834,23
ozks,0.002934416,3
ozks,0.0038055,30
ozks,0.003544,6
ozks,0.00299675,2
ozks,0.011662958,34
ozks,0.004902708,48
ozks,0.00300125,2
ozks,0.003288708,4
ozks,0.003634125,17
ozks,0.006953209,143
ozks,0.0105055,324
ozks,0.01041675,325
ozks,0.011946458,319
ozks,0.003994792,36
ozks,0.002241583,0
ozks,0.002603791,0
ozks,0.008646083,252
ozks,0.003291209,8
ozks,0.00344825,10
ozks,0.003989917,38
ozks,0.002320542,0
ozks,0.003091375,8
ozks,0.003149208,3
ozks,0.004044959,35
ozks,0.006044791,117
ozks,0.003327459,3
ozks,0.022564,826
ozks,0.003232125,5
ozks,0.003728084,15
ozks,0.003662709,22
ozks,0.007698,160
ozks,0.005103542,83
ozks,0.003084375,2
ozks,0.004595417,51
ozks,0.015124333,558
ozks,0.005559709,100
ozks,0.003143167,8
ozks,0.004252292,25
ozks,0.007340916,169
ozks,0.002554375,0
ozks,0.012490833,383
ozks,0.003393875,12
ozks,0.003503208,1
ozks,0.00227875,0
ozks,0.020110084,692
ozks,0.009984292,274
ozks,0.003163208,2
ozks,0.002307834,0
ozks,0.00312725,6
ozks,0.003736042,32
ozks,0.003005166,0
ozks,0.003827958,26
ozks,0.007391125,179
ozks,0.002575417,0
ozks,0.004965916,74
ozks,0.0027965,1
ozks,0.025525708,983
ozks,0.003927583,37
ozks,0.007211584,8
ozks,0.002975583,1
ozks,0.004280542,36
ozks,0.002997,5
ozks,0.004049,17
ozks,0.003037209,1
ozks,0.00363825,11
ozks,0.0029395,0
ozks,0.003114833,8
ozks,0.00349075,17
ozks,0.0023105,0
ozks,0.003585584,21
ozks,0.003754625,16
ozks,0.003853792,22
ozks,0.006508917,135
ozks,0.00421325,42
ozks,0.003994542,43
ozks,0.007521791,158
ozks,0.005465958,98
ozks,0.003943375,42
ozks,0.011794417,339
ozks,0.0037695,3
ozks,0.005061541,81
ozks,0.006593542,137
ozks,0.021245875,801
ozks,0.003830084,25
ozks,0.003881625,31
ozks,0.009438125,262
ozks,0.003306083,7
ozks,0.005235542,86
ozks,0.00375875,2
ozks,0.003052708,3
ozks,0.003977084,21
ozks,0.003066125,5
ozks,0.003135959,8
ozks,0.004560708,63
ozks,0.015029916,494
ozks,0.003365709,9
ozks,0.007606958,137
ozks,0.00393325,13
ozks,0.002833833,2
ozks,0.002946416,3
ozks,0.004106542,17
ozks,0.00307925,5
ozks,0.002860417,4
ozks,0.003277333,3
ozks,0.002988166,1
ozks,0.003618,17
ozks,0.005302541,104
ozks,0.00540625,74
ozks,0.003144834,6
ozks,0.002960458,2
ozks,0.003375875,9
ozks,0.0051365,79
ozks,0.002623,0
ozks,0.003477458,15
ozks,0.006890125,165
ozks,0.00290525,1
ozks,0.003137,1
ozks,0.003719334,31
ozks,0.00380525,33
ozks,0.002956792,1
ozks,0.004119875,41
ozks,0.002950167,5
ozks,0.002852042,1
ozks,0.003018917,4
ozks,0.003205709,9
ozks,0.004433417,22
ozks,0.003535583,10
ozks,0.003017375,4
ozks,0.002384917,0
ozks,0.003404375,13
ozks,0.007004125,160
ozks,0.003973708,27
ozks,0.024068375,856
ozks,0.009297167,260
ozks,0.005397708,88
ozks,0.003810625,19
ozks,0.004171875,50
ozks,0.005652167,89
ozks,0.003110167,6
ozks,0.006438834,137
ozks,0.0067845,129
ozks,0.00492275,73
ozks,0.003382042,11
ozks,0.003658625,23
ozks,0.015688833,542
ozks,0.00287475,2
ozks,0.005251208,80
ozks,0.004673542,71
ozks,0.002860042,4
ozks,0.003444,17
ozks,0.002945833,4
ozks,0.003463833,1
ozks,0.004643375,48
ozks,0.004023833,3
ozks,0.003995459,10
ozks,0.003197125,8
ozks,0.003283708,10
ozks,0.002949917,1
ozks,0.006004292,116
ozks,0.002494042,0
ozks,0.003835875,21
ozks,0.003443541,9
ozks,0.003689209,14
ozks,0.005527458,74
ozks,0.021122917,799
ozks,0.002999625,1
ozks,0.007682875,149
ozks,0.002898667,2
ozks,0.0030505,3
ozks,0.003099333,3
ozks,0.002290875,0
ozks,0.005406834,100
ozks,0.002939209,6
ozks,0.003238833,8
ozks,0.003177833,7
ozks,0.003198084,9
ozks,0.003528959,7
ozks,0.0024875,0
ozks,0.003119792,1
ozks,0.002312375,0
ozks,0.002853292,3
ozks,0.003188125,9
ozks,0.003103916,7
ozks,0.019416875,703
ozks,0.003467542,17
ozks,0.003183458,10
ozks,0.002978417,6
ozks,0.003749584,17
ozks,0.002933,4
ozks,0.003766667,3
ozks,0.003543791,21
ozks,0.003538833,10
ozks,0.002746417,1
ozks,0.003758542,18
ozks,0.026107542,983
ozks,0.0214215,808
ozks,0.006474583,123
ozks,0.007217708,184
ozks,0.002335292,0
ozks,0.006594083,140
ozks,0.003380541,6
ozks,0.003339125,10
ozks,0.003066709,6
ozks,0.003659875,25
ozks,0.003912708,19
ozks,0.006613667,128
ozks,0.003990083,39
ozks,0.003259958,9
ozks,0.003780209,15
ozks,0.002908792,3
ozks,0.007971333,202
ozks,0.003153958,7
ozks,0.00285175,3
ozks,0.004903417,66
ozks,0.003722541,12
ozks,0.003613041,20
ozks,0.0047435,48
ozks,0.009011084,261
ozks,0.003197625,1
ozks,0.003641875,19
ozks,0.002934,3
ozks,0.003527167,21
ozks,0.003088708,8
ozks,0.0030465,8
ozks,0.018911125,686
ozks,0.003556,17
ozks,0.002796167,1
ozks,0.002239,0
ozks,0.002969708,6
ozks,0.00436475,52
ozks,0.00243375,0
ozks,0.004638416,55
ozks,0.008192041,225
ozks,0.004509125,55
ozks,0.002889375,2
ozks,0.003564416,18
ozks,0.016832041,613
ozks,0.003093834,2
ozks,0.015118375,541
ozks,0.00340325,7
ozks,0.00305175,6
ozks,0.003064917,1
ozks,0.004181208,17
ozks,0.003243583,13
ozks,0.017882792,631
ozks,0.003511,13
ozks,0.003043916,6
ozks,0.00326,12
ozks,0.003140291,11
ozks,0.00293825,2
ozks,0.003040042,4
ozks,0.003102125,3
ozks,0.002792167,2
ozks,0.002803625,1
ozks,0.004239666,28
ozks,0.002797292,1
ozks,0.005511917,107
ozks,0.003267542,9
ozks,0.00493975,69
ozks,0.003525875,19
ozks,0.003700333,17
ozks,0.003499291,9
ozks,0.007148125,176
ozks,0.004411291,44
ozks,0.003627833,4
ozks,0.004505833,55
ozks,0.004438083,55
ozks,0.003810667,3
ozks,0.003737083,23
ozks,0.006468541,150
ozks,0.002968125,3
ozks,0.003361583,11
ozks,0.003655666,14
ozks,0.02357075,929
ozks,0.003432375,8
ozks,0.002988917,2
ozks,0.003089125,1
ozks,0.008889875,248
ozks,0.00393775,24
ozks,0.01316475,383
ozks,0.013423,464
ozks,0.0076405,181
ozks,0.002803208,0
ozks,0.003284083,4
ozks,0.005710292,89
ozks,0.003109708,3
ozks,0.003967791,22
ozks,0.006492167,134
ozks,0.012386083,387
ozks,0.011174083,360
ozks,0.009298792,262
ozks,0.0035355,3
ozks,0.003122292,8
ozks,0.003489708,16
ozks,0.0040385,31
ozks,0.003510667,18
ozks,0.003592583,17
ozks,0.010070875,324
ozks,0.003203333,9
ozks,0.004519084,57
ozks,0.021343333,734
ozks,0.00374525,27
ozks,0.023909625,896
ozks,0.004341167,15
ozks,0.00289725,5
ozks,0.003727042,13
ozks,0.002266875,0
ozks,0.006670458,147
ozks,0.003902,29
ozks,0.004678042,55
ozks,0.004164959,38
ozks,0.002577208,0
ozks,0.006555708,144
ozks,0.005338042,61
ozks,0.004496125,43
ozks,0.006721,130
ozks,0.004893334,62
ozks,0.002555792,0
ozks,0.003756916,17
ozks,0.0029585,4
ozks,0.003137042,2
ozks,0.002305958,0
ozks,0.003003625,2
ozks,0.003196875,5
ozks,0.003693083,5
ozks,0.004378667,55
ozks,0.002966875,3
ozks,0.003259542,3
ozks,0.003460666,12
ozks,0.003512708,18
ozks,0.004883375,65
ozks,0.006518042,134
ozks,0.007507166,204
ozks,0.007526084,168
ozks,0.003282541,8
ozks,0.003062209,6
ozks,0.00311525,1
ozks,0.00455225,30
ozks,0.003462791,8
ozks,0.003129708,3
ozks,0.022285416,734
ozks,0.002785583,2
ozks,0.002258,0
ozks,0.004577875,59
ozks,0.003228083,3
ozks,0.003517041,16
ozks,0.003315708,4
ozks,0.002918458,1
ozks,0.011037625,343
ozks,0.003292667,2
ozks,0.00877725,246
ozks,0.00333925,11
ozks,0.00295625,1
ozks,0.003392375,17
ozks,0.019744459,700
ozks,0.013263875,430
ozks,0.003728083,17
ozks,0.011892458,389
ozks,0.003380583,14
ozks,0.003353,11
ozks,0.00447475,44
ozks,0.00252425,0
ozks,0.007150208,140
ozks,0.006614208,131
ozks,0.008948083,234
ozks,0.00302025,7
ozks,0.004147542,20
ozks,0.009511958,268
ozks,0.006480042,147
ozks,0.002915417,3
ozks,0.008721083,245
ozks,0.004568667,43
ozks,0.006136583,8
ozks,0.003191875,3
ozks,0.002964208,4
ozks,0.004183167,33
ozks,0.024336791,932
ozks,0.010659583,303
ozks,0.003351,5
ozks,0.002978333,4
ozks,0.004477125,45
ozks,0.002802083,1
ozks,0.003411083,7
ozks,0.002798167,1
ozks,0.003984667,34
ozks,0.003463875,15
ozks,0.002783709,1
ozks,0.007223333,153
ozks,0.004592667,42
ozks,0.007635667,193
ozks,0.002880417,2
ozks,0.00582375,107
ozks,0.002218583,0
ozks,0.00305525,7
ozks,0.01677725,582
ozks,0.002926,3
ozks,0.0030885,1
ozks,0.0033265,2
ozks,0.003310917,9
ozks,0.002630209,0
ozks,0.004582042,36
ozks,0.00677075,140
ozks,0.002997625,6
ozks,0.018753542,378
ozks,0.003075125,3
ozks,0.026609916,987
ozks,0.004857041,60
ozks,0.003308375,9
ozks,0.005447708,94
ozks,0.006035709,109
ozks,0.006277917,128
ozks,0.003660834,22
ozks,0.009782833,238
ozks,0.002418458,0
ozks,0.002243458,0
ozks,0.004928542,71
ozks,0.00301925,0
ozks,0.002886041,3
ozks,0.003752833,23
ozks,0.00442425,34
ozks,0.003859875,27
ozks,0.00227425,0
ozks,0.003414291,12
ozks,0.003203792,1
ozks,0.006693166,140
ozks,0.003221083,8
ozks,0.004758208,48
ozks,0.005665875,93
ozks,0.004159209,16
ozks,0.003000334,6
ozks,0.003231833,9
ozks,0.0046955,53
ozks,0.005857584,104
ozks,0.003173125,3
ozks,0.004222834,43
ozks,0.002956708,3
ozks,0.002866625,2
ozks,0.006583875,139
ozks,0.010611583,312
ozks,0.003354125,6
ozks,0.007273959,183
ozks,0.004288958,15
ozks,0.00315325,8
ozks,0.005216166,97
ozks,0.020519833,780
ozks,0.003447666,2
ozks,0.009252583,263
ozks,0.003262208,3
ozks,0.00424675,37
ozks,0.00285475,1
ozks,0.007439709,158
ozks,0.002949709,4
ozks,0.003548208,8
ozks,0.007067041,153
ozks,0.003938792,5
ozks,0.005888292,99
ozks,0.009784667,263
ozks,0.003526625,12
ozks,0.003297417,6
ozks,0.003751125,21
ozks,0.019657084,736
ozks,0.003536292,10
ozks,0.006384667,127
ozks,0.004854959,47
ozks,0.003380417,8
ozks,0.02428125,890
ozks,0.003644375,16
ozks,0.002792708,1
ozks,0.003076167,6
ozks,0.005170292,84
ozks,0.00278725,0
ozks,0.005844166,116
ozks,0.003468083,10
ozks,0.00837075,240
ozks,0.005954042,135
ozks,0.004651459,65
ozks,0.003140334,7
ozks,0.003744916,25
ozks,0.003969917,25
ozks,0.003883625,12
ozks,0.003499833,10
ozks,0.002946792,3
ozks,0.023189083,883
ozks,0.004705375,59
ozks,0.004302167,42
ozks,0.003870709,16
ozks,0.003634,20
ozks,0.015887083,551
ozks,0.022087333,769
ozks,0.002902708,1
ozks,0.002899791,2
ozks,0.006841667,158
ozks,0.006275916,82
ozks,0.004174042,32
ozks,0.004232416,42
ozks,0.005823375,122
ozks,0.003175,7
ozks,0.002806709,0
ozks,0.003742083,13
ozks,0.006266167,139
ozks,0.003331083,1
ozks,0.004728292,64
ozks,0.003696959,10
ozks,0.004172334,47
ozks,0.003909458,10
ozks,0.002880458,3
ozks,0.003831667,13
ozks,0.003499666,17
ozks,0.003786458,23
ozks,0.004731542,58
ozks,0.006641375,117
ozks,0.014139542,485
ozks,0.003667792,5
ozks,0.003188,8
ozks,0.002588208,0
ozks,0.003206334,6
ozks,0.003144042,2
ozks,0.005819458,93
ozks,0.003988292,20
ozks,0.004074125,25
ozks,0.004386708,39
ozks,0.006666958,66
ozks,0.017865666,571
ozks,0.004136666,41
ozks,0.003921459,33
ozks,0.003647708,1
ozks,0.003932209,9
ozks,0.003856625,21
ozks,0.00848175,217
ozks,0.003613125,0
ozks,0.003623708,14
ozks,0.005391667,53
ozks,0.009977584,325
ozks,0.003663792,17
ozks,0.003245458,7
ozks,0.024083375,908
ozks,0.022903833,799
ozks,0.025504041,961
ozks,0.003346708,7
ozks,0.003493791,13
ozks,0.004349834,12
ozks,0.003912041,24
ozks,0.003628125,18
ozks,0.004535667,53
ozks,0.008659125,233
ozks,0.003497417,12
ozks,0.004839375,61
ozks,0.003208125,8
ozks,0.007458834,153
ozks,0.004292542,17
ozks,0.003885208,36
ozks,0.002827625,2
ozks,0.006720458,139
ozks,0.005599375,80
ozks,0.002356167,0
ozks,0.003795417,34
ozks,0.003539042,16
ozks,0.005585958,98
ozks,0.003622458,11
ozks,0.005499083,93
ozks,0.00297675,1
ozks,0.0038465,8
ozks,0.003150833,4
ozks,0.012385791,383
ozks,0.003608834,9
ozks,0.010987833,340
ozks,0.003117458,6
ozks,0.004286042,36
ozks,0.003780208,25
ozks,0.004405125,51
ozks,0.0046545,53
ozks,0.004701042,70
ozks,0.003944708,8
ozks,0.004392416,13
ozks,0.003079666,6
ozks,0.023755375,865
ozks,0.003622042,13
ozks,0.0067065,164
ozks,0.003940542,35
ozks,0.003087125,1
ozks,0.020441791,740
ozks,0.002247667,0
ozks,0.004373875,50
ozks,0.002770916,0
ozks,0.003152125,4
ozks,0.002958291,1
ozks,0.004340208,14
ozks,0.003230375,9
ozks,0.002897583,1
ozks,0.006057708,110
ozks,0.022466334,831
ozks,0.00321575,8
ozks,0.002324542,0
ozks,0.003129,8
ozks,0.00332425,8
ozks,0.005410125,93
ozks,0.004529666,45
ozks,0.006915666,139
ozks,0.003354291,1
ozks,0.002785209,1
ozks,0.003122917,2
ozks,0.007080375,164
ozks,0.003211125,6
ozks,0.003000834,4
ozks,0.003534041,8
ozks,0.006914875,158
ozks,0.002534708,0
ozks,0.003692084,15
ozks,0.006332292,138
ozks,0.002911208,2
ozks,0.002864208,2
ozks,0.003308875,5
ozks,0.003098791,3
ozks,0.002990667,1
ozks,0.003331584,8
ozks,0.003376583,8
ozks,0.003177833,8
ozks,0.00235725,0
ozks,0.003156458,7
ozks,0.005537958,108
ozks,0.003450583,13
ozks,0.002989167,4
ozks,0.003260083,6
ozks,0.003866834,34
ozks,0.003133042,6
ozks,0.004265041,34
ozks,0.003397375,5
ozks,0.010282209,327
ozks,0.005106625,66
ozks,0.004149667,49
ozks,0.002635208,0
ozks,0.00387925,14
ozks,0.006355083,128
ozks,0.002327166,0
ozks,0.002989375,4
ozks,0.003366292,11
ozks,0.004270333,43
ozks,0.003357625,16
ozks,0.003193417,6
ozks,0.002381916,0
ozks,0.007756291,200
ozks,0.002806208,1
ozks,0.003390208,11
ozks,0.004421167,36
ozks,0.00274425,0
ozks,0.00573825,61
ozks,0.003586625,0
ozks,0.004354125,16
ozks,0.005369625,45
ozks,0.004593542,36
ozks,0.003474667,4
ozks,0.0035515,13
ozks,0.003619375,15
ozks,0.002794708,1
ozks,0.003735875,23
ozks,0.003299959,8
ozks,0.002736041,0
ozks,0.00258,0
ozks,0.005392208,85
ozks,0.003738792,31
ozks,0.003722084,11
ozks,0.003207416,1
ozks,0.003154291,2
ozks,0.005320708,77
ozks,0.003003417,1
ozks,0.003504625,10
ozks,0.003265083,9
ozks,0.004489375,42
ozks,0.002527875,0
ozks,0.016915541,642
ozks,0.006150917,123
ozks,0.006672334,148
ozks,0.003124584,2
ozks,0.002960292,1
ozks,0.003748584,23
ozks,0.024462792,991
ozks,0.004913542,69
ozks,0.004977042,68
ozks,0.003040917,3
ozks,0.006012834,107
ozks,0.002975459,2
ozks,0.003594625,14
ozks,0.002945292,1
ozks,0.003803834,15
ozks,0.003300459,9
ozks,0.004492458,28
ozks,0.023583958,908
ozks,0.003821292,17
ozks,0.004583083,56
ozks,0.003446792,8
ozks,0.004368,47
ozks,0.004412417,42
ozks,0.003906417,16
ozks,0.003618167,1
ozks,0.003319458,6
ozks,0.0040375,27
ozks,0.003538917,3
ozks,0.005561042,55
ozks,0.0024455,0
ozks,0.003193708,3
ozks,0.003151709,7
ozks,0.004786458,66
ozks,0.006574625,146
ozks,0.003160375,1
ozks,0.016200583,565
ozks,0.0035395,12
ozks,0.003177125,3
ozks,0.003350291,9
ozks,0.003529958,8
ozks,0.003456959,5
ozks,0.004157917,21
ozks,0.003694291,12
ozks,0.003093,7
ozks,0.002402375,0
ozks,0.003254458,11
ozks,0.01173325,363
ozks,0.003432084,9
ozks,0.002999166,1
ozks,0.00537725,99
ozks,0.003189709,6
ozks,0.003226083,8
ozks,0.0030245,3
ozks,0.004398625,50
ozks,0.003213958,6
ozks,0.003293959,8
ozks,0.003890667,15
ozks,0.004075166,26
ozks,0.003878375,29
ozks,0.005192791,72
ozks,0.004378917,37
ozks,0.002334959,0
ozks,0.003936417,18
ozks,0.003918708,25
ozks,0.003053417,6
ozks,0.005284459,77
ozks,0.00379375,26
ozks,0.005270458,48
ozks,0.003094417,6
ozks,0.003651,27
ozks,0.003039625,0
ozks,0.003457625,8
ozks,0.003059,2
ozks,0.003096166,6
ozks,0.002808167,1
ozks,0.005374792,91
ozks,0.004317375,42
ozks,0.006974541,164
ozks,0.008022125,201
ozks,0.003567458,11
ozks,0.004896041,38
ozks,0.00299875,2
ozks,0.008892959,243
ozks,0.003969917,23
ozks,0.00298125,3
ozks,0.00328775,5
ozks,0.021136333,769
ozks,0.00417975,30
ozks,0.0047765,50
ozks,0.003351458,10
ozks,0.003993666,37
ozks,0.002434292,0
ozks,0.004190084,26
ozks,0.004303583,52
ozks,0.010203792,308
ozks,0.00349625,17
ozks,0.007080334,157
ozks,0.008205708,211
ozks,0.003417083,12
ozks,0.005468917,84
ozks,0.01193075,382
ozks,0.003629208,13
ozks,0.022702208,836
ozks,0.003011333,3
ozks,0.003556334,10
ozks,0.004112875,45
ozks,0.005321541,78
ozks,0.006751291,140
ozks,0.004105125,17
ozks,0.005590667,70
ozks,0.003482667,3
ozks,0.004090792,21
ozks,0.014758,532
ozks,0.004755791,52
ozks,0.003937125,9
ozks,0.003432834,13
ozks,0.002348458,0
ozks,0.004874042,55
ozks,0.00356025,15
ozks,0.003146208,3
ozks,0.003046167,4
ozks,0.00396,34
ozks,0.006595084,133
ozks,0.003985958,0
ozks,0.015572583,558
ozks,0.0034675,8
ozks,0.01147525,357
ozks,0.002885083,1
ozks,0.002852875,1
ozks,0.003783167,15
ozks,0.003363459,13
ozks,0.003351084,10
ozks,0.00414975,40
ozks,0.003805208,17
ozks,0.006426291,134
ozks,0.002246375,0
ozks,0.003672333,12
ozks,0.003299625,10
ozks,0.00398625,24
ozks,0.002785125,1
ozks,0.002902958,1
ozks,0.00830875,175
ozks,0.004488042,25
ozks,0.00369225,27
ozks,0.003153291,4
ozks,0.003167458,7
ozks,0.004008292,17
ozks,0.003616375,23
ozks,0.00319675,1
ozks,0.004150041,27
ozks,0.00922575,256
ozks,0.0023905,0
ozks,0.00271675,0
ozks,0.00477575,21
ozks,0.003783375,8
ozks,0.013426916,417
ozks,0.003012,3
ozks,0.002848208,1
ozks,0.003026958,5
ozks,0.021401334,750
ozks,0.002865083,3
ozks,0.005403875,90
ozks,0.003675125,13
ozks,0.004279334,48
ozks,0.003260584,3
ozks,0.0033135,1
ozks,0.002350334,0
ozks,0.004033917,17
ozks,0.003541167,17
ozks,0.00418275,48
ozks,0.0041215,48
ozks,0.003027792,3
ozks,0.003297042,8
ozks,0.006339583,135
ozks,0.00351475,13
ozks,0.00557225,101
ozks,0.0037085,26
ozks,0.003154667,8
ozks,0.004939458,52
ozks,0.007450125,185
ozks,0.004250416,37
ozks,0.003054792,7
ozks,0.003196375,4
ozks,0.005620625,101
ozks,0.003039542,3
ozks,0.004558167,54
ozks,0.003617542,22
ozks,0.018971625,685
ozks,0.009152916,268
ozks,0.003784583,18
ozks,0.002884625,3
ozks,0.003576375,1
ozks,0.003683417,20
ozks,0.003293541,6
ozks,0.005859209,107
ozks,0.002368292,0
ozks,0.003227792,10
ozks,0.004769292,62
ozks,0.004383375,45
ozks,0.003952458,23
ozks,0.004054917,17
ozks,0.004369542,27
ozks,0.003780625,24
ozks,0.004116333,36
ozks,0.003639,15
ozks,0.004329042,26
ozks,0.003653167,8
ozks,0.024321792,991
ozks,0.003134584,7
ozks,0.00556825,97
ozks,0.004674666,60
ozks,0.004933875,64
ozks,0.004157375,28
ozks,0.003489167,10
ozks,0.010669167,350
ozks,0.003473209,11
ozks,0.003806375,23
ozks,0.002927416,1
ozks,0.00381125,29
ozks,0.006718209,162
ozks,0.002356042,0
ozks,0.013477584,445
ozks,0.003933959,38
ozks,0.01442775,494
ozks,0.004448791,50
ozks,0.003492042,21
ozks,0.00384375,14
ozks,0.003999584,38
ozks,0.002634625,0
ozks,0.003066792,2
ozks,0.003606416,14
ozks,0.003092709,8
ozks,0.003478833,15
ozks,0.006930125,164
ozks,0.003632,9
ozks,0.003156958,6
ozks,0.003373041,3
ozks,0.006839542,127
ozks,0.002716084,0
ozks,0.00460975,42
ozks,0.002995958,4
ozks,0.002825709,3
ozks,0.003641416,26
ozks,0.005904167,105
ozks,0.002253209,0
ozks,0.003353667,17
ozks,0.002891417,2
ozks,0.003669917,22
ozks,0.003846416,17
ozks,0.004308958,28
ozks,0.007683458,209
ozks,0.003938375,18
ozks,0.003519125,15
ozks,0.01528525,530
ozks,0.010383417,293
ozks,0.003447833,8
ozks,0.004675125,48
ozks,0.0263625,1000
ozks,0.00348475,8
ozks,0.009100375,257
ozks,0.003839083,14
ozks,0.002363125,0
ozks,0.01122,355
ozks,0.004298208,17
ozks,0.002830042,1
ozks,0.007340584,173
ozks,0.002965416,1
ozks,0.005762459,97
ozks,0.003241625,5
ozks,0.002972541,5
ozks,0.003868333,35
ozks,0.00370375,29
ozks,0.017837667,633
ozks,0.003059458,3
ozks,0.002328167,0
ozks,0.004038041,38
ozks,0.002545375,0
ozks,0.002839708,1
ozks,0.003635084,20
ozks,0.006698834,146
ozks,0.0057515,109
ozks,0.014500875,521
ozks,0.002858666,3
ozks,0.002953459,3
ozks,0.003495333,11
ozks,0.0035745,9
ozks,0.006221209,126
ozks,0.003188542,9
ozks,0.011425,324
ozks,0.002828042,1
ozks,0.004008584,37
ozks,0.004962208,62
ozks,0.01515325,528
ozks,0.004099166,36
ozks,0.003071166,6
ozks,0.002765875,1
ozks,0.002871083,1
ozks,0.003267542,9
ozks,0.020641625,751
ozks,0.003130834,1
ozks,0.003446125,5
ozks,0.002526208,0
ozks,0.00388875,24
ozks,0.003208167,6
ozks,0.002238209,0
ozks,0.004323708,50
ozks,0.024052542,904
ozks,0.014774417,510
ozks,0.003312625,4
ozks,0.002750209,1
ozks,0.002875542,1
ozks,0.00333,11
ozks,0.022355958,828
ozks,0.00246675,0
ozks,0.007132125,181
ozks,0.005331792,97
ozks,0.00375525,31
ozks,0.003124125,8
ozks,0.003419667,17
ozks,0.003205584,3
ozks,0.015320125,529
ozks,0.00277125,1
ozks,0.003777584,15
ozks,0.002978291,0
ozks,0.0036245,23
ozks,0.003361042,11
ozks,0.005173542,59
ozks,0.006381708,105
ozks,0.003185333,6
ozks,0.003726042,18
ozks,0.008611791,240
ozks,0.004168166,29
ozks,0.004323208,37
ozks,0.0041385,19
ozks,0.003268959,10
ozks,0.026868708,955
ozks,0.005527708,94
ozks,0.003266792,13
ozks,0.003380625,5
ozks,0.002527167,0
ozks,0.006699625,137
ozks,0.0058125,17
ozks,0.00445625,55
ozks,0.003669792,15
ozks,0.002392709,0
ozks,0.002969916,1
ozks,0.003312833,8
ozks,0.003166541,1
ozks,0.003439375,6
ozks,0.003101792,6
ozks,0.003627166,10
ozks,0.002599208,0
ozks,0.00711525,169
ozks,0.004389708,43
ozks,0.003783125,13
ozks,0.003306375,10
ozks,0.006485625,133
ozks,0.015211875,541
ozks,0.003899542,20
ozks,0.005732625,105
ozks,0.002922,1
ozks,0.006711958,109
ozks,0.003537125,17
ozks,0.005097417,62
ozks,0.003282959,1
ozks,0.003235208,4
ozks,0.003727375,14
ozks,0.00298775,3
ozks,0.004768,5
ozks,0.002363209,0
ozks,0.004013417,37
ozks,0.006339959,141
ozks,0.005716458,99
ozks,0.020101416,743
ozks,0.002877,1
ozks,0.003007,1
ozks,0.003285,9
ozks,0.003149625,5
ozks,0.003547958,16
ozks,0.004212084,35
ozks,0.003465917,16
ozks,0.006093875,130
ozks,0.004466667,45
ozks,0.003272416,8
ozks,0.004200666,11
ozks,0.00546,80
ozks,0.003641125,26
ozks,0.007298625,175
ozks,0.003154166,2
ozks,0.00267975,0
ozks,0.002410125,0
ozks,0.003025625,2
ozks,0.021208583,770
ozks,0.003173875,9
ozks,0.00311525,5
ozks,0.003769042,13
ozks,0.004375666,16
ozks,0.003541083,7
ozks,0.003466166,2
ozks,0.020493542,722
ozks,0.003033791,6
ozks,0.005680584,89
ozks,0.005926958,125
ozks,0.00657375,140
ozks,0.003984459,24
ozks,0.007197041,173
ozks,0.002899458,1
ozks,0.003563875,12
ozks,0.004440375,37
ozks,0.003369333,7
ozks,0.004515041,18
ozks,0.003155375,3
ozks,0.002508333,0
ozks,0.003413375,12
ozks,0.0032255,4
ozks,0.005712083,89
ozks,0.0066385,153
ozks,0.024575667,991
ozks,0.003055584,4
ozks,0.003011708,1
ozks,0.027488292,954
ozks,0.0050765,73
ozks,0.003200459,9
ozks,0.003821375,11
ozks,0.004004375,42
ozks,0.002638542,0
ozks,0.00492325,67
ozks,0.003401791,13
ozks,0.004254625,44
ozks,0.002416417,0
ozks,0.003316084,3
ozks,0.0035505,10
ozks,0.003403584,14
ozks,0.003266875,6
ozks,0.002942,3
ozks,0.0068475,145
ozks,0.002992584,4
ozks,0.003027292,3
ozks,0.005086,65
ozks,0.005935958,97
ozks,0.003048125,5
ozks,0.0041725,32
ozks,0.002788,1
ozks,0.003379583,11
ozks,0.006938125,173
ozks,0.006124542,128
ozks,0.00249775,0
ozks,0.002862,3
ozks,0.004358042,46
ozks,0.003776875,14
ozks,0.003484542,13
ozks,0.004258667,44
ozks,0.003738084,14
ozks,0.008172166,212
ozks,0.004387125,37
ozks,0.003960041,23
ozks,0.004794542,72
ozks,0.004102542,36
ozks,0.002414208,0
ozks,0.004576917,29
ozks,0.003278667,5
ozks,0.0034725,16
ozks,0.003348166,6
ozks,0.004780958,66
ozks,0.009039125,253
ozks,0.002930375,2
ozks,0.004172916,23
ozks,0.005445459,77
ozks,0.002945291,4
ozks,0.002846792,1
ozks,0.002999875,1
ozks,0.003138167,3
ozks,0.010952667,361
ozks,0.003608292,2
ozks,0.003158833,5
ozks,0.003051041,5
ozks,0.002825375,1
ozks,0.004381542,43
ozks,0.003291958,11
ozks,0.003112666,1
ozks,0.016379,569
ozks,0.003983792,38
ozks,0.00328625,7
ozks,0.003086,8
ozks,0.0123565,389
ozks,0.003164959,6
ozks,0.003159833,8
ozks,0.003312375,6
ozks,0.004467667,21
ozks,0.004105041,38
ozks,0.004740209,56
ozks,0.010899291,312
ozks,0.00320925,6
ozks,0.003274333,8
ozks,0.007623209,201
ozks,0.003719209,8
ozks,0.004117833,10
ozks,0.004691959,69
ozks,0.003541792,17
ozks,0.003274458,9
ozks,0.003869333,17
ozks,0.007809875,191
ozks,0.003771667,29
ozks,0.003465042,1
ozks,0.004149791,42
ozks,0.002794125,1
ozks,0.003466791,6
ozks,0.010891833,302
ozks,0.003631875,6
ozks,0.00305675,5
ozks,0.021142583,767
ozks,0.008083125,173
ozks,0.004672875,50
ozks,0.003121208,8
ozks,0.003752041,11
ozks,0.013191083,429
ozks,0.003083542,5
ozks,0.00951775,273
ozks,0.008910083,246
ozks,0.004129208,23
ozks,0.003988458,23
ozks,0.006834166,137
ozks,0.022552,819
ozks,0.003587625,8
ozks,0.006582083,139
ozks,0.005710708,115
ozks,0.004837,78
ozks,0.006772083,140
ozks,0.010486667,325
ozks,0.0049225,68
ozks,0.010671625,313
ozks,0.002588667,0
ozks,0.00999525,324
ozks,0.003131541,6
ozks,0.003365208,10
ozks,0.002851167,1
ozks,0.006855625,117
ozks,0.003275083,8
ozks,0.002833625,2
ozks,0.005277375,81
ozks,0.003089458,6
ozks,0.004310458,53
ozks,0.003915792,19
ozks,0.003539208,21
ozks,0.003031833,4
ozks,0.003029833,1
ozks,0.004224041,32
ozks,0.003510334,14
ozks,0.003018875,0
ozks,0.0033025,7
ozks,0.002934833,3
ozks,0.005394666,96
ozks,0.002498291,0
ozks,0.00581825,103
ozks,0.003823417,31
ozks,0.005129875,72
ozks,0.003572125,6
ozks,0.005729209,97
ozks,0.006801792,140
ozks,0.003209,6
ozks,0.004326,21
ozks,0.005667083,64
ozks,0.002820834,3
ozks,0.003947,18
ozks,0.003113792,5
ozks,0.003592042,15
ozks,0.005451583,93
ozks,0.021330084,770
ozks,0.003802542,17
ozks,0.003989666,17
ozks,0.005491667,70
ozks,0.009001208,244
ozks,0.004269666,48
ozks,0.006724208,127
ozks,0.025355584,991
ozks,0.004282458,48
ozks,0.005009083,77
ozks,0.003804125,17
ozks,0.003080125,1
ozks,0.002365167,0
ozks,0.004201459,45
ozks,0.0034885,8
ozks,0.004883833,62
ozks,0.003943292,22
ozks,0.003397375,12
ozks,0.005579,77
ozks,0.003022375,1
ozks,0.003910792,37
ozks,0.004401917,47
ozks,0.0051975,77
ozks,0.002387917,0
ozks,0.003056541,5
ozks,0.002333041,0
ozks,0.003044125,4
ozks,0.004181166,47
ozks,0.002678208,0
ozks,0.004327167,27
ozks,0.003042917,4
ozks,0.003123041,1
ozks,0.003265416,1
ozks,0.003057458,5
ozks,0.003087917,1
ozks,0.022345875,831
ozks,0.003397083,13
ozks,0.003620375,17
ozks,0.0031125,6
ozks,0.004143959,35
ozks,0.002821417,1
ozks,0.006574834,149
ozks,0.010530833,319
ozks,0.003491,11
ozks,0.004457625,20
ozks,0.022131834,799
ozks,0.004069917,33
ozks,0.003512834,18
ozks,0.002918542,3
ozks,0.002687459,1
ozks,0.003040208,1
ozks,0.003212667,5
ozks,0.01820775,643
ozks,0.005692833,88
ozks,0.00323775,8
ozks,0.003245417,9
ozks,0.003313834,10
ozks,0.003620083,12
ozks,0.00413775,45
ozks,0.003064292,2
ozks,0.004949291,71
ozks,0.003696042,17
ozks,0.003719584,20
ozks,0.003412541,8
ozks,0.002912583,0
ozks,0.006509375,131
ozks,0.00234525,0
ozks,0.004612333,52
ozks,0.003031833,3
ozks,0.003113292,7
ozks,0.00339275,4
ozks,0.003603417,21
ozks,0.004061333,31
ozks,0.010630167,315
ozks,0.005185208,70
ozks,0.003289791,4
ozks,0.003405042,9
ozks,0.003653833,16
ozks,0.004076125,37
ozks,0.003432958,7
ozks,0.025057959,991
ozks,0.003767334,22
ozks,0.006739583,150
ozks,0.002379125,0
ozks,0.002353584,0
ozks,0.003130833,2
ozks,0.0040295,43
ozks,0.0041275,36
ozks,0.002977125,4
ozks,0.007590292,183
ozks,0.005326458,83
ozks,0.003582208,14
ozks,0.004766834,48
ozks,0.003816375,8
ozks,0.0035355,11
ozks,0.003086166,5
ozks,0.00292375,2
ozks,0.0031495,3
ozks,0.005632458,82
ozks,0.003498375,8
ozks,0.0030595,1
ozks,0.002550708,0
ozks,0.003289041,11
ozks,0.005512291,103
ozks,0.004739584,74
ozks,0.003434,5
ozks,0.012993791,424
ozks,0.003585042,9
ozks,0.004045417,37
ozks,0.003343833,8
ozks,0.005917125,116
ozks,0.019735875,695
ozks,0.003818584,14
ozks,0.00354425,8
ozks,0.020552042,1
ozks,0.004360125,36
ozks,0.005542542,80
ozks,0.004171875,14
ozks,0.00343725,3
ozks,0.002908375,1
ozks,0.002448833,0
ozks,0.014810708,493
ozks,0.006715417,140
ozks,0.003138667,3
ozks,0.007184292,146
ozks,0.003024333,1
ozks,0.004614292,55
ozks,0.005396125,92
ozks,0.003119958,1
ozks,0.003220042,7
ozks,0.004309292,26
ozks,0.007554625,171
ozks,0.003812417,12
ozks,0.003496875,19
ozks,0.002838792,1
ozks,0.003378,9
ozks,0.004372125,52
ozks,0.00357025,3
ozks,0.003503333,8
ozks,0.011683041,369
ozks,0.003448708,16
ozks,0.004639334,39
ozks,0.002428917,0
ozks,0.002289459,0
ozks,0.003357167,8
ozks,0.019932291,716
ozks,0.003803917,24
ozks,0.003408917,11
ozks,0.003107375,7
ozks,0.003517208,3
ozks,0.003530459,17
ozks,0.010582542,344
ozks,0.003439958,17
ozks,0.003778916,14
ozks,0.004144458,15
ozks,0.002893,1
ozks,0.003713459,17
ozks,0.00578575,89
ozks,0.016052125,551
ozks,0.004696625,60
ozks,0.003072792,5
ozks,0.003504875,8
ozks,0.007184625,158
ozks,0.00301275,3
ozks,0.003107708,5
ozks,0.003218334,2
ozks,0.003537334,2
ozks,0.00781275,202
ozks,0.003372208,4
ozks,0.00713775,164
ozks,0.003455541,12
ozks,0.003397042,11
ozks,0.002313166,0
ozks,0.00353075,8
ozks,0.003945667,25
ozks,0.003408958,17
ozks,0.004196417,32
ozks,0.003077875,4
ozks,0.003951042,7
ozks,0.002612083,0
ozks,0.002969,2
ozks,0.014340334,418
ozks,0.003689917,13
ozks,0.003703666,19
ozks,0.003217417,4
ozks,0.002383,0
ozks,0.002978209,3
ozks,0.003243208,10
ozks,0.005795083,99
ozks,0.003357625,11
ozks,0.002590792,0
ozks,0.003307167,4
ozks,0.003382541,10
ozks,0.008896083,241
ozks,0.004513917,32
ozks,0.015586625,565
ozks,0.002494667,0
ozks,0.00375725,23
ozks,0.006232,89
ozks,0.012407333,384
ozks,0.010508625,293
ozks,0.00331825,8
ozks,0.002885083,1
ozks,0.006216459,133
ozks,0.006835625,129
ozks,0.002480625,0
ozks,0.020286584,764
ozks,0.00581325,111
ozks,0.010736041,325
ozks,0.010324167,325
ozks,0.004405125,22
ozks,0.003201333,6
ozks,0.003336125,6
ozks,0.007081041,146
ozks,0.006430958,126
ozks,0.003529083,13
ozks,0.003570125,10
ozks,0.003392333,10
ozks,0.015576208,526
ozks,0.003229791,2
ozks,0.003515625,10
ozks,0.00335225,9
ozks,0.005361208,70
ozks,0.006480584,126
ozks,0.003657167,9
ozks,0.002544459,0
ozks,0.002969875,2
ozks,0.004733917,47
ozks,0.008417042,231
ozks,0.004182584,30
ozks,0.004889084,64
ozks,0.0046395,37
ozks,0.021952875,803
ozks,0.004799667,70
ozks,0.003343584,8
ozks,0.010700209,263
ozks,0.005201166,90
ozks,0.003160708,3
ozks,0.004031042,28
ozks,0.003485042,3
ozks,0.004733375,62
ozks,0.004638208,52
ozks,0.003840625,34
ozks,0.00415725,40
ozks,0.003619125,20
ozks,0.003902417,17
ozks,0.006545833,134
ozks,0.004113958,28
ozks,0.006354209,77
ozks,0.00394725,17
ozks,0.002950542,1
ozks,0.008601875,235
ozks,0.003669709,4
ozks,0.003608,18
ozks,0.003352542,5
ozks,0.003863458,34
ozks,0.003316083,2
ozks,0.0027035,0
ozks,0.018606,656
ozks,0.003480042,9
ozks,0.018003542,633
ozks,0.00348425,1
ozks,0.002502542,0
ozks,0.022952792,830
ozks,0.003330833,1
ozks,0.006256167,111
ozks,0.003216083,4
ozks,0.003111833,3
ozks,0.004014583,14
ozks,0.004669083,38
ozks,0.003884834,23
ozks,0.003919,17
ozks,0.004609083,50
ozks,0.003638333,17
ozks,0.003382791,8
ozks,0.021178042,763
ozks,0.007121917,123
ozks,0.003536875,10
ozks,0.003896542,27
ozks,0.003596667,13
ozks,0.003025125,1
ozks,0.004112583,19
ozks,0.0036505,17
ozks,0.003221417,8
ozks,0.003262375,2
ozks,0.006199,111
ozks,0.003911541,28
ozks,0.003440166,7
ozks,0.005725333,66
ozks,0.003472166,9
ozks,0.004090292,37
ozks,0.003226916,4
ozks,0.00525275,80
ozks,0.002516292,0
ozks,0.003213209,6
ozks,0.004385625,35
ozks,0.005630917,90
ozks,0.003901792,29
ozks,0.004005209,26
ozks,0.003346584,1
ozks,0.004797833,36
ozks,0.004531041,54
ozks,0.004334125,35
ozks,0.007460375,170
ozks,0.00366125,10
ozks,0.005235583,62
ozks,0.005059917,39
ozks,0.003962209,18
ozks,0.003828333,17
ozks,0.007227375,139
ozks,0.022173167,799
ozks,0.007660083,176
ozks,0.003576875,9
ozks,0.00483675,57
ozks,0.002527166,0
ozks,0.004447584,49
ozks,0.006737709,137
ozks,0.003181666,1
ozks,0.006125084,91
ozks,0.003045791,3
ozks,0.004713916,58
ozks,0.015226875,494
ozks,0.004564375,17
ozks,0.002973292,4
ozks,0.003174875,9
ozks,0.021406792,773
ozks,0.004220209,48
ozks,0.003202833,2
ozks,0.003199292,8
ozks,0.003596042,17
ozks,0.005300042,77
ozks,0.005377833,94
ozks,0.003562333,10
ozks,0.004046209,21
ozks,0.006412458,132
ozks,0.003742167,20
ozks,0.008464709,228
ozks,0.005813166,84
ozks,0.002901875,1
ozks,0.003701666,25
ozks,0.00455625,46
ozks,0.00379125,28
ozks,0.00525375,65
ozks,0.003722708,8
ozks,0.002346458,0
ozks,0.0036415,22
ozks,0.003153875,8
ozks,0.003521708,15
ozks,0.002904083,5
ozks,0.003577542,14
ozks,0.006114916,127
ozks,0.003140542,8
ozks,0.003586334,13
ozks,0.002322125,0
ozks,0.008504167,257
ozks,0.01920675,672
ozks,0.003923708,13
ozks,0.004762709,71
ozks,0.00425975,9
ozks,0.013851209,410
ozks,0.015614292,487
ozks,0.004480958,62
ozks,0.002836792,4
ozks,0.003329334,7
ozks,0.011106625,325
ozks,0.003006708,2
ozks,0.005722584,98
ozks,0.006650291,153
ozks,0.003489625,13
ozks,0.003503709,11
ozks,0.003191083,6
ozks,0.003851334,28
ozks,0.003576459,12
ozks,0.005449209,45
ozks,0.003708792,10
ozks,0.010345916,324
ozks,0.003429916,9
ozks,0.007890208,201
ozks,0.002354375,0
ozks,0.007174834,160
ozks,0.006677375,134
ozks,0.005278416,97
ozks,0.003308959,10
ozks,0.006735917,150
ozks,0.004312667,46
ozks,0.003583542,7
ozks,0.005846334,46
ozks,0.016898583,569
ozks,0.003073042,4
ozks,0.003125708,8
ozks,0.003046167,7
ozks,0.00275125,1
ozks,0.004405,38
ozks,0.003203667,8
ozks,0.003258334,4
ozks,0.004050875,45
ozks,0.004639125,49
ozks,0.003229625,6
ozks,0.003628083,8
ozks,0.004471334,26
ozks,0.004343792,35
ozks,0.002603417,0
ozks,0.003336375,12
ozks,0.00336475,15
ozks,0.004994417,68
ozks,0.002342084,0
ozks,0.004213958,35
ozks,0.003442375,7
ozks,0.003455208,11
ozks,0.006958667,181
ozks,0.003232834,9
ozks,0.0044625,22
ozks,0.004918708,55
ozks,0.007103583,8
ozks,0.003106584,9
ozks,0.01723,589
ozks,0.004013041,15
ozks,0.004050042,35
ozks,0.002457542,0
ozks,0.0040585,25
ozks,0.006984542,131
ozks,0.004554583,51
ozks,0.002845208,1
ozks,0.006851625,134
ozks,0.003925709,17
ozks,0.003266958,1
ozks,0.003337292,10
ozks,0.003320667,10
ozks,0.003356959,8
ozks,0.003899709,27
ozks,0.008923042,254
ozks,0.003802209,27
ozks,0.004590041,59
ozks,0.002922708,1
ozks,0.004041125,19
ozks,0.002991625,6
ozks,0.003321875,7
ozks,0.0027895,1
ozks,0.004201792,9
ozks,0.006011833,101
ozks,0.003607833,6
ozks,0.003345,5
ozks,0.0077425,209
ozks,0.003031333,5
ozks,0.003173709,5
ozks,0.00472475,63
ozks,0.003999125,17
ozks,0.005167084,77
ozks,0.003308167,3
ozks,0.003192458,6
ozks,0.003071458,0
ozks,0.005955792,97
ozks,0.004415833,48
ozks,0.013197292,431
ozks,0.00353725,14
ozks,0.003860208,29
ozks,0.00386475,15
ozks,0.004584208,31
ozks,0.003862542,36
ozks,0.00613075,126
ozks,0.005170333,46
ozks,0.00681175,33
ozks,0.003898417,12
ozks,0.003936042,17
ozks,0.007204333,164
ozks,0.003193291,1
ozks,0.003491959,5
ozks,0.002907375,1
ozks,0.014798,474
ozks,0.00545875,80
ozks,0.011387333,328
ozks,0.003306833,8
ozks,0.002921416,4
ozks,0.002607084,0
ozks,0.003442667,12
ozks,0.003301166,11
ozks,0.002547667,0
ozks,0.00348725,7
ozks,0.003845292,31
ozks,0.0023035,0
ozks,0.002776708,1
ozks,0.003294208,8
ozks,0.005567833,99
ozks,0.008591458,223
ozks,0.004586417,46
ozks,0.023562209,866
ozks,0.008821667,183
ozks,0.002871917,1
ozks,0.003591708,9
ozks,0.002988459,3
ozks,0.004730916,58
ozks,0.003596083,11
ozks,0.011044875,340
ozks,0.003020458,1
ozks,0.003416416,10
ozks,0.019933917,642
ozks,0.003234334,8
ozks,0.003219083,4
ozks,0.003079625,1
ozks,0.003707459,8
ozks,0.003279042,11
ozks,0.003404625,9
ozks,0.007112625,173
ozks,0.002892625,1
ozks,0.003735542,26
ozks,0.003501875,8
ozks,0.003230292,4
ozks,0.00354675,2
ozks,0.017807417,637
ozks,0.005606958,77
ozks,0.026301875,970
ozks,0.00335225,7
ozks,0.004509083,30
ozks,0.005310291,75
ozks,0.003535334,8
ozks,0.003828625,31
ozks,0.023658083,931
ozks,0.003959167,21
ozks,0.007762375,143
ozks,0.00242525,0
ozks,0.00434025,55
ozks,0.004285542,42
ozks,0.00403175,23
ozks,0.007905416,178
ozks,0.003787417,15
ozks,0.002989625,3
ozks,0.003676834,26
ozks,0.003258375,8
ozks,0.003777083,14
ozks,0.002748041,1
ozks,0.007094375,142
ozks,0.003503708,10
ozks,0.003473917,15
ozks,0.0023635,0
ozks,0.003821334,17
ozks,0.01557225,521
ozks,0.005788291,109
ozks,0.005378541,82
ozks,0.003614792,17
ozks,0.020391334,774
ozks,0.019600917,715
ozks,0.003662375,11
ozks,0.003500125,5
ozks,0.00469475,37
ozks,0.004095959,26
ozks,0.004007917,19
ozks,0.003453958,9
ozks,0.009761917,252
ozks,0.00293575,1
ozks,0.007113834,132
ozks,0.00344875,9
ozks,0.003196958,3
ozks,0.002706666,1
ozks,0.02051,741
ozks,0.003818208,19
ozks,0.003402583,10
ozks,0.003032083,3
ozks,0.003249625,2
ozks,0.004028708,33
ozks,0.003032792,6
ozks,0.009571125,243
ozks,0.003692042,21
ozks,0.003110542,1
ozks,0.003164875,3
ozks,0.003274666,7
ozks,0.00308825,3
ozks,0.003850458,13
ozks,0.009822625,252
ozks,0.003083792,1
ozks,0.005426291,99
ozks,0.01032625,324
ozks,0.003645084,12
ozks,0.00368275,10
ozks,0.003420875,8
ozks,0.005743,125
ozks,0.002392416,0
ozks,0.003318666,8
ozks,0.003625541,17
ozks,0.003200375,1
ozks,0.008094083,205
ozks,0.003223417,8
ozks,0.003728666,17
ozks,0.002980667,1
ozks,0.003465667,1
ozks,0.004960209,59
ozks,0.002508459,0
ozks,0.020312709,734
ozks,0.005608417,82
ozks,0.003220458,7
ozks,0.003772875,30
ozks,0.003390375,3
ozks,0.002398,0
ozks,0.004803667,43
ozks,0.004790292,51
ozks,0.003714917,22
ozks,0.002588459,0
ozks,0.003403458,4
ozks,0.005123125,79
ozks,0.004875916,58
ozks,0.005324917,79
ozks,0.002978041,2
ozks,0.0034915,17
ozks,0.003242417,2
ozks,0.00384275,26
ozks,0.003439625,6
ozks,0.003007125,3
ozks,0.003414667,9
ozks,0.005440583,91
ozks,0.007239125,137
ozks,0.005076791,70
ozks,0.003441167,6
ozks,0.003258584,9
ozks,0.002805833,0
ozks,0.003553542,8
ozks,0.003597917,25
ozks,0.002968583,2
ozks,0.013237458,424
ozks,0.004238583,10
ozks,0.006140083,119
ozks,0.003016791,3
ozks,0.004246958,25
ozks,0.003320208,1
ozks,0.00277425,0
ozks,0.003492208,8
ozks,0.003183709,2
ozks,0.003387667,8
ozks,0.003206541,7
ozks,0.003427167,11
ozks,0.003970083,26
ozks,0.002473792,0
ozks,0.00341525,3
ozks,0.003547292,17
ozks,0.00381675,21
ozks,0.020609625,734
ozks,0.004637375,33
ozks,0.003055083,5
ozks,0.007566625,181
ozks,0.003336125,9
ozks,0.0031015,4
ozks,0.002963958,4
ozks,0.009727292,270
ozks,0.00800825,211
ozks,0.003433042,8
ozks,0.003258584,8
ozks,0.004087042,25
ozks,0.004381041,17
ozks,0.006677959,139
ozks,0.0033395,8
ozks,0.020017584,692
ozks,0.003005625,6
ozks,0.002389167,0
ozks,0.003199375,8
ozks,0.00311375,1
ozks,0.002793875,1
ozks,0.025841625,912
ozks,0.002410375,0
ozks,0.011973292,366
ozks,0.004554875,50
ozks,0.004074667,13
ozks,0.002315666,0
ozks,0.002946292,3
ozks,0.017338083,596
ozks,0.003275333,6
ozks,0.003087209,1
ozks,0.003480792,20
ozks,0.003451209,13
ozks,0.003145916,3
ozks,0.002872125,0
ozks,0.009148208,257
ozks,0.00313025,7
ozks,0.00280225,1
ozks,0.004043625,8
ozks,0.002914959,4
ozks,0.003354833,8
ozks,0.012753791,420
ozks,0.003210292,5
ozks,0.003917042,37
ozks,0.002780875,1
ozks,0.004524625,45
ozks,0.003690375,19
ozks,0.003498334,13
ozks,0.0072355,158
ozks,0.003617375,19
ozks,0.002824584,0
ozks,0.003226208,13
ozks,0.007311458,149
ozks,0.005556,73
ozks,0.004683208,16
ozks,0.006652709,11
ozks,0.002381167,0
ozks,0.003850125,21
ozks,0.003351667,2
ozks,0.00849575,188
ozks,0.023085791,814
ozks,0.008405042,177
ozks,0.006559042,128
ozks,0.00496275,45
ozks,0.002616958,0
ozks,0.003970792,33
ozks,0.003298833,7
ozks,0.003330125,6
ozks,0.002935708,1
ozks,0.003429625,17
ozks,0.00291425,2
ozks,0.002982084,1
ozks,0.002466708,0
ozks,0.021091458,749
ozks,0.003857583,24
ozks,0.003756834,26
ozks,0.007005042,158
ozks,0.002372167,0
ozks,0.003098625,6
ozks,0.004514584,55
ozks,0.002537666,0
ozks,0.006218291,125
ozks,0.002896,3
ozks,0.002823709,1
ozks,0.005397208,91
ozks,0.003918042,28
ozks,0.003502834,13
ozks,0.003603792,18
ozks,0.003609417,8
ozks,0.0120365,384
ozks,0.004852791,59
ozks,0.003308916,4
ozks,0.003586458,20
ozks,0.004733666,61
ozks,0.003555292,13
ozks,0.003746042,18
ozks,0.002989459,1
ozks,0.003206959,7
ozks,0.021546208,807
ozks,0.003762333,13
ozks,0.003302375,4
ozks,0.005713541,103
ozks,0.007551375,183
ozks,0.005982084,102
ozks,0.0026615,0
ozks,0.003710709,9
ozks,0.002845792,1
ozks,0.003163625,3
ozks,0.003105292,7
ozks,0.003287916,4
ozks,0.00245125,0
ozks,0.003118708,10
ozks,0.003626416,20
ozks,0.003888459,9
ozks,0.003440959,16
ozks,0.019128792,672
ozks,0.007194209,173
ozks,0.003508708,19
ozks,0.003003458,3
ozks,0.003379708,3
ozks,0.0037815,24
ozks,0.002908042,3
ozks,0.00317475,3
ozks,0.003379959,12
ozks,0.004666208,62
ozks,0.003804375,2
ozks,0.009698583,4
ozks,0.003548208,17
ozks,0.003330666,9
ozks,0.004624667,59
ozks,0.006128458,126
ozks,0.002923958,1
ozks,0.008352166,216
ozks,0.003435833,11
ozks,0.003479375,10
ozks,0.006448167,88
ozks,0.003237875,2
ozks,0.006815167,156
ozks,0.00297425,3
ozks,0.002548959,0
ozks,0.008256459,222
ozks,0.007180792,148
ozks,0.004031375,39
ozks,0.006094459,101
ozks,0.00566025,100
ozks,0.009414292,262
ozks,0.00256825,0
ozks,0.004683,34
ozks,0.004129375,17
ozks,0.002884584,1
ozks,0.003114417,7
ozks,0.019698583,734
ozks,0.0041465,43
ozks,0.014375792,521
ozks,0.003989375,21
ozks,0.003649625,1
ozks,0.003441916,12
ozks,0.021619416,785
ozks,0.0039925,36
ozks,0.012261916,354
ozks,0.002632375,0
ozks,0.002976542,1
ozks,0.00359675,8
ozks,0.003552208,14
ozks,0.003412542,9
ozks,0.004266084,50
ozks,0.003314334,3
ozks,0.003144333,6
ozks,0.002405666,0
ozks,0.003168458,8
ozks,0.003782291,26
ozks,0.005018209,64
ozks,0.003388916,10
ozks,0.00528475,75
ozks,0.014888667,500
ozks,0.00662075,143
ozks,0.003871542,27
ozks,0.022851083,828
ozks,0.004522125,54
ozks,0.014118375,474
ozks,0.004340625,43
ozks,0.005495542,90
ozks,0.00288225,1
ozks,0.004029084,36
ozks,0.002366542,0
ozks,0.003882292,9
ozks,0.005101917,80
ozks,0.003048917,2
ozks,0.003118166,5
ozks,0.002709333,1
ozks,0.004391792,49
ozks,0.007067792,189
ozks,0.003629,28
ozks,0.003477584,3
ozks,0.003743166,24
ozks,0.003971125,35
ozks,0.004214542,28
ozks,0.003065125,5
ozks,0.003558166,1
ozks,0.002935875,2
ozks,0.002882625,3
ozks,0.003074583,5
ozks,0.007678958,182
ozks,0.003376625,8
ozks,0.003305958,5
ozks,0.004318459,31
ozks,0.003963917,39
ozks,0.0044565,51
ozks,0.002358625,0
ozks,0.003352959,2
ozks,0.002543625,0
ozks,0.019190666,682
ozks,0.004081,39
ozks,0.003074542,7
ozks,0.004140833,27
ozks,0.00353775,10
ozks,0.009637625,272
ozks,0.002414791,0
ozks,0.003263041,7
ozks,0.003127083,8
ozks,0.003492959,12
ozks,0.003364042,8
ozks,0.00392625,25
ozks,0.005735833,80
ozks,0.006090209,111
ozks,0.01176975,361
ozks,0.00350875,8
ozks,0.003525375,10
ozks,0.003430417,10
ozks,0.007959375,202
ozks,0.003294625,1
ozks,0.004779417,58
ozks,0.003822083,23
ozks,0.002662042,0
ozks,0.0045095,60
ozks,0.004069916,6
ozks,0.00362775,15
ozks,0.021534833,739
ozks,0.005508709,78
ozks,0.006250291,72
ozks,0.0038505,28
ozks,0.004178791,39
ozks,0.003230167,8
ozks,0.003216667,4
ozks,0.002917084,0
ozks,0.005013042,76
ozks,0.00629025,103
ozks,0.004511416,50
ozks,0.003337833,4
ozks,0.004244334,17
ozks,0.003035333,4
ozks,0.003898583,42
ozks,0.003258833,8
ozks,0.004202167,16
ozks,0.00321375,8
ozks,0.014325125,477
ozks,0.003599791,15
ozks,0.004000875,25
ozks,0.002559458,0
ozks,0.006528792,136
ozks,0.025647958,862
ozks,0.024635166,881
ozks,0.007389875,144
ozks,0.003255541,4
ozks,0.00539575,75
ozks,0.003159167,5
ozks,0.011915208,369
ozks,0.00337525,10
ozks,0.00312475,1
ozks,0.003127542,6
ozks,0.004070542,24
ozks,0.002403416,0
ozks,0.004153917,42
ozks,0.003962625,37
ozks,0.004782708,63
ozks,0.002659417,0
ozks,0.003438209,11
ozks,0.003503833,9
ozks,0.002731334,1
ozks,0.011724167,338
ozks,0.003434791,1
ozks,0.004366833,39
ozks,0.005448208,65
ozks,0.003710458,7
ozks,0.003692958,17
ozks,0.005447167,17
ozks,0.00780075,181
ozks,0.003795292,18
ozks,0.008491125,157
ozks,0.003568833,3
ozks,0.002670584,0
ozks,0.005757708,85
ozks,0.00604225,109
ozks,0.017656667,596
ozks,0.003328708,3
ozks,0.006134209,97
ozks,0.00407725,5
ozks,0.009496375,257
ozks,0.003361042,11
ozks,0.003794834,17
ozks,0.003246833,1
ozks,0.003605708,1
ozks,0.002964709,2
ozks,0.006243541,133
ozks,0.003055625,6
ozks,0.019467083,734
ozks,0.0087305,234
ozks,0.004174583,29
ozks,0.003512625,15
ozks,0.004585291,35
ozks,0.004313958,40
ozks,0.011812875,362
ozks,0.00496825,68
ozks,0.00297675,3
ozks,0.003301625,5
ozks,0.003111334,1
ozks,0.024419042,991
ozks,0.002557833,0
ozks,0.002748625,1
ozks,0.003625375,19
ozks,0.005047584,80
ozks,0.003265792,3
ozks,0.003288167,5
ozks,0.003600833,12
ozks,0.003593167,15
ozks,0.024531167,858
ozks,0.004087208,11
ozks,0.003159541,2
ozks,0.0040195,24
ozks,0.003605125,15
ozks,0.004144833,30
ozks,0.006551917,117
ozks,0.003858625,17
ozks,0.003654625,23
ozks,0.0191705,663
ozks,0.015118667,494
ozks,0.00592975,125
ozks,0.004315459,36
ozks,0.010102542,328
ozks,0.002806417,1
ozks,0.002200042,0
ozks,0.00367475,18
ozks,0.0039675,25
ozks,0.002960541,5
ozks,0.011305625,357
ozks,0.007503917,163
ozks,0.0033485,1
ozks,0.003664291,17
ozks,0.003550458,19
ozks,0.002914041,1
ozks,0.003276292,8
ozks,0.003393291,8
ozks,0.002306375,0
ozks,0.003582334,10
ozks,0.002789083,3
ozks,0.003414208,14
ozks,0.003404875,14
ozks,0.003519292,1
ozks,0.004780833,56
ozks,0.003169834,5
ozks,0.004208666,45
ozks,0.003898792,13
ozks,0.003267292,13
ozks,0.013399959,476
ozks,0.006023916,129
ozks,0.003205083,7
ozks,0.002824666,2
ozks,0.003103084,3
ozks,0.006451666,142
ozks,0.003232042,10
ozks,0.003015792,5
ozks,0.003986875,30
ozks,0.0033285,11
ozks,0.004311125,31
ozks,0.003452958,15
ozks,0.002870709,2
ozks,0.003922667,26
ozks,0.003998209,43
ozks,0.003123875,7
ozks,0.003274292,7
ozks,0.008362959,194
ozks,0.003194541,8
ozks,0.004450291,26
ozks,0.002442042,0
ozks,0.003019458,3
ozks,0.002652834,0
ozks,0.00352625,3
ozks,0.00284375,2
ozks,0.002927916,2
ozks,0.003582334,16
ozks,0.026016792,974
ozks,0.004258542,39
ozks,0.008718166,240
ozks,0.003777,11
ozks,0.006874125,160
ozks,0.002916042,3
ozks,0.00426225,45
ozks,0.01452175,492
ozks,0.002870875,1
ozks,0.007761334,151
ozks,0.002328208,0
ozks,0.005368916,92
ozks,0.002198291,0
ozks,0.003156584,3
ozks,0.003112208,7
ozks,0.002831583,3
ozks,0.002646042,1
ozks,0.003075709,0
ozks,0.003877458,10
ozks,0.004297542,29
ozks,0.010661166,325
ozks,0.003207667,9
ozks,0.003492333,1
ozks,0.017299333,650
ozks,0.003284542,8
ozks,0.006565083,137
ozks,0.014981292,541
ozks,0.00316775,3
ozks,0.003804792,4
ozks,0.007017208,15
ozks,0.004017917,35
ozks,0.002534375,0
ozks,0.004190167,17
ozks,0.004112417,35
ozks,0.003939375,25
ozks,0.0034295,3
ozks,0.002827792,0
ozks,0.003282792,2
ozks,0.002957208,1
ozks,0.003983333,24
ozks,0.002859542,2
ozks,0.004035791,22
ozks,0.007325125,143
ozks,0.016771208,627
ozks,0.003815917,32
ozks,0.006657333,145
ozks,0.00329275,5
ozks,0.004916416,54
ozks,0.003628166,9
ozks,0.013672708,482
ozks,0.004738958,61
ozks,0.002624542,0
ozks,0.002786875,1
ozks,0.0037235,29
ozks,0.005252333,98
ozks,0.003453792,8
ozks,0.002926958,2
ozks,0.002988542,1
ozks,0.003158666,4
ozks,0.003557208,14
ozks,0.003551875,17
ozks,0.004620334,33
ozks,0.002796209,0
ozks,0.006484625,138
ozks,0.003436333,14
ozks,0.00295125,4
ozks,0.003410375,4
ozks,0.004647042,59
ozks,0.003153,6
ozks,0.003229667,7
ozks,0.003807458,29
ozks,0.00765175,149
ozks,0.003220292,10
ozks,0.004855208,76
ozks,0.003117125,2
ozks,0.003343084,12
ozks,0.010609583,303
ozks,0.003355084,5
ozks,0.00276025,1
ozks,0.002527875,0
ozks,0.0042515,53
ozks,0.010433709,306
ozks,0.006426875,113
ozks,0.003352041,1
ozks,0.002320667,0
ozks,0.004723125,68
ozks,0.003429291,12
ozks,0.003637584,10
ozks,0.005201084,49
ozks,0.005671375,93
ozks,0.018261208,619
ozks,0.003110042,5
ozks,0.010989375,303
ozks,0.002903,3
ozks,0.007018,181
ozks,0.007886875,147
ozks,0.003532667,17
ozks,0.003640458,20
ozks,0.003376042,17
ozks,0.006512375,145
ozks,0.003452,15
ozks,0.00337975,8
ozks,0.003628166,16
ozks,0.003812708,11
ozks,0.00279625,1
ozks,0.004180459,37
ozks,0.004795833,47
ozks,0.020394625,762
ozks,0.00399525,23
ozks,0.004191625,28
ozks,0.003143625,1
ozks,0.010020708,276
ozks,0.0027025,0
ozks,0.004043625,32
ozks,0.004235,34
ozks,0.003712458,13
ozks,0.005395208,63
ozks,0.002718875,1
ozks,0.003499791,11
ozks,0.003954833,32
ozks,0.003300042,1
ozks,0.005160834,80
ozks,0.006050125,132
ozks,0.003106584,8
ozks,0.002907041,2
ozks,0.002797792,1
ozks,0.003705916,9
ozks,0.004184291,31
ozks,0.003907208,17
ozks,0.003007708,3
ozks,0.00358775,13
ozks,0.003545958,8
ozks,0.006134375,84
ozks,0.003392792,5
ozks,0.003492084,17
ozks,0.002732625,1
ozks,0.003204459,9
ozks,0.005172834,80
ozks,0.004112083,41
ozks,0.0052075,86
ozks,0.002864292,2
ozks,0.004592625,54
ozks,0.006275209,123
ozks,0.01003575,325
ozks,0.003109208,2
ozks,0.003191625,8
ozks,0.003439917,12
ozks,0.00274375,1
ozks,0.003057334,2
ozks,0.003162958,8
ozks,0.004418125,36
ozks,0.003460042,17
ozks,0.012834333,438
ozks,0.003058833,3
ozks,0.005426,80
ozks,0.002322375,0
ozks,0.004436042,58
ozks,0.0116555,362
ozks,0.006956583,111
ozks,0.00346625,10
ozks,0.02537725,983
ozks,0.003196041,8
ozks,0.003253416,10
ozks,0.003496583,15
ozks,0.005483208,107
ozks,0.023368,852
ozks,0.004268542,19
ozks,0.003360833,12
ozks,0.008517,241
ozks,0.002625625,0
ozks,0.003792208,12
ozks,0.005258417,95
ozks,0.004004625,27
ozks,0.004037167,42
ozks,0.002936166,1
ozks,0.003516,18
ozks,0.003051667,3
ozks,0.025365833,970
ozks,0.003042042,5
ozks,0.003625417,2
ozks,0.004158917,25
ozks,0.027416542,991
ozks,0.004065958,25
ozks,0.004110416,8
ozks,0.004061208,18
ozks,0.007197375,137
ozks,0.003905833,23
ozks,0.007092625,133
ozks,0.005072083,60
ozks,0.002935417,5
ozks,0.002993625,3
ozks,0.0030295,2
ozks,0.002964041,4
ozks,0.0033175,9
ozks,0.003815042,23
ozks,0.004029,11
ozks,0.00322675,10
ozks,0.003016208,2
ozks,0.002967125,5
ozks,0.003425334,17
ozks,0.019738125,722
ozks,0.004162458,46
ozks,0.0084395,236
ozks,0.00231125,0
ozks,0.011474541,343
ozks,0.00288975,2
ozks,0.019986459,743
ozks,0.003857459,22
ozks,0.005678708,90
ozks,0.003211834,4
ozks,0.023144458,882
ozks,0.010996167,328
ozks,0.003362583,8
ozks,0.002699833,1
ozks,0.003205583,5
ozks,0.002346083,0
ozks,0.002502958,0
ozks,0.003635,17
ozks,0.003402,16
ozks,0.011892041,345
ozks,0.004201583,29
ozks,0.002981458,0
ozks,0.003968334,16
ozks,0.003100667,5
ozks,0.006263542,102
ozks,0.007631542,172
ozks,0.006650667,148
ozks,0.007140083,173
ozks,0.011215208,335
ozks,0.003409666,13
ozks,0.003104666,8
ozks,0.002323917,0
ozks,0.002665917,0
ozks,0.003118334,3
ozks,0.003365333,8
ozks,0.003117417,8
ozks,0.0065,140
ozks,0.00502675,88
ozks,0.005539709,110
ozks,0.003787458,25
ozks,0.002260542,0
ozks,0.003233917,9
ozks,0.003525291,16
ozks,0.003519458,16
ozks,0.003479375,10
ozks,0.00585975,95
ozks,0.003060292,8
ozks,0.004716208,67
ozks,0.002902834,3
ozks,0.00349175,11
ozks,0.021315708,759
ozks,0.007101209,127
ozks,0.005215166,68
ozks,0.003027708,6
ozks,0.003696875,9
ozks,0.0029735,5
ozks,0.002742791,1
ozks,0.0047255,69
ozks,0.005247,86
ozks,0.004800291,68
ozks,0.004012333,27
ozks,0.009924167,324
ozks,0.004028375,25
ozks,0.003041583,8
ozks,0.00288975,0
ozks,0.003110792,5
ozks,0.003217,5
ozks,0.0036245,1
ozks,0.003252625,11
ozks,0.003316917,8
ozks,0.003095209,1
ozks,0.004527,58
ozks,0.003170459,10
ozks,0.002705042,1
ozks,0.00356625,1
ozks,0.004336167,45
ozks,0.004432791,45
ozks,0.005651375,25
ozks,0.006237458,130
ozks,0.002944959,1
ozks,0.00414825,19
ozks,0.002993458,1
ozks,0.003112917,8
ozks,0.0202505,683
ozks,0.006647125,140
ozks,0.005762209,5
ozks,0.008172,225
ozks,0.005584667,94
ozks,0.004785542,77
ozks,0.003064209,8
ozks,0.003801584,17
ozks,0.003003375,4
ozks,0.004346833,54
ozks,0.003652542,4
ozks,0.004671833,62
ozks,0.002970083,6
ozks,0.003501583,13
ozks,0.002247208,0
ozks,0.004874083,70
ozks,0.003405459,4
ozks,0.003292791,10
ozks,0.0037615,28
ozks,0.00323225,8
ozks,0.003745417,4
ozks,0.002805459,1
ozks,0.003513,17
ozks,0.002831417,0
ozks,0.00231225,0
ozks,0.003752875,27
ozks,0.004214625,21
ozks,0.008480125,220
ozks,0.006451375,137
ozks,0.002350667,0
ozks,0.003209125,5
ozks,0.003876542,37
ozks,0.00655,146
ozks,0.003311542,10
ozks,0.003231542,10
ozks,0.003636,18
ozks,0.002831083,1
ozks,0.003647167,11
ozks,0.002986083,4
ozks,0.002852916,1
ozks,0.003109167,3
ozks,0.003123792,9
ozks,0.004840042,65
ozks,0.00352425,8
ozks,0.0036975,28
ozks,0.002918209,3
ozks,0.003320125,8
ozks,0.003106834,2
ozks,0.011276375,343
ozks,0.002803167,1
ozks,0.004948709,84
ozks,0.003185084,8
ozks,0.003064542,8
ozks,0.002263,0
ozks,0.003212542,8
ozks,0.003125416,3
ozks,0.0037315,24
ozks,0.002648875,0
ozks,0.004243416,45
ozks,0.003173583,5
ozks,0.003777583,10
ozks,0.002534166,0
ozks,0.006322292,116
ozks,0.003694917,15
ozks,0.0053325,99
ozks,0.0041005,40
ozks,0.003095334,8
ozks,0.003205708,6
ozks,0.003229208,7
ozks,0.003476833,10
ozks,0.00870275,190
ozks,0.002947709,4
ozks,0.004147708,31
ozks,0.003655792,4
ozks,0.004068542,44
ozks,0.004056041,29
ozks,0.00427475,43
ozks,0.0027675,1
ozks,0.003321042,8
ozks,0.003389083,11
ozks,0.003955083,35
ozks,0.003025209,5
ozks,0.004863459,72
ozks,0.003858708,8
ozks,0.003677209,24
ozks,0.00343225,14
ozks,0.006414875,150
ozks,0.022756791,880
ozks,0.004559208,42
ozks,0.003001125,6
ozks,0.003493167,18
ozks,0.003226959,5
ozks,0.019039333,734
ozks,0.002988292,4
ozks,0.002273958,0
ozks,0.00823825,218
ozks,0.0042705,47
ozks,0.007345375,161
ozks,0.018556875,664
ozks,0.002798666,1
ozks,0.003652875,16
ozks,0.003542042,17
ozks,0.003710125,13
ozks,0.003163625,10
ozks,0.004826167,74
ozks,0.003994041,24
ozks,0.007080709,158
ozks,0.003267583,1
ozks,0.004131958,44
ozks,0.003533292,3
ozks,0.004430334,56
ozks,0.002959125,3
ozks,0.003750166,16
ozks,0.00299475,6
ozks,0.003422125,17
ozks,0.003996,41
ozks,0.003187292,9
ozks,0.003426959,13
ozks,0.003006958,7
ozks,0.002877333,3
ozks,0.011264125,361
ozks,0.003448,12
ozks,0.003728916,8
ozks,0.006439583,133
ozks,0.003425209,17
ozks,0.002858959,1
ozks,0.002887708,2
ozks,0.003537667,10
ozks,0.0027665,1
ozks,0.003035625,6
ozks,0.003414,13
ozks,0.003010791,4
ozks,0.002946333,3
ozks,0.007378875,195
ozks,0.003309792,2
ozks,0.003530958,9
ozks,0.013566625,7
ozks,0.003328083,15
ozks,0.002896583,2
ozks,0.003697625,27
ozks,0.004547584,45
ozks,0.002424916,0
ozks,0.003712292,25
ozks,0.005155375,76
ozks,0.003196583,9
ozks,0.003505292,21
ozks,0.005349708,72
ozks,0.008120541,166
ozks,0.003630583,27
ozks,0.0151095,522
ozks,0.00485925,62
ozks,0.003386667,14
ozks,0.002481,0
ozks,0.002851,2
ozks,0.003177959,3
ozks,0.004193583,28
ozks,0.003239917,1
ozks,0.006411709,121
ozks,0.00978825,324
ozks,0.003794583,9
ozks,0.020541875,751
ozks,0.00980225,274
ozks,0.002875958,3
ozks,0.002534,0
ozks,0.023206125,866
ozks,0.003061583,7
ozks,0.002856,1
ozks,0.002351584,0
ozks,0.005667917,115
ozks,0.003558875,2
ozks,0.003159208,3
ozks,0.011041125,350
ozks,0.003648667,2
ozks,0.002527541,0
ozks,0.007682875,173
ozks,0.004120958,30
ozks,0.003644875,12
ozks,0.004750167,48
ozks,0.01198625,57
ozks,0.01375775,427
ozks,0.003412375,8
ozks,0.005946041,103
ozks,0.006426209,140
ozks,0.0036405,14
ozks,0.004931333,63
ozks,0.005259584,80
ozks,0.003637334,18
ozks,0.00279425,1
ozks,0.003054291,2
ozks,0.002377167,0
ozks,0.003306959,7
ozks,0.003467125,12
ozks,0.014354208,521
ozks,0.002837084,3
ozks,0.004047959,36
ozks,0.003633791,26
ozks,0.004408291,39
ozks,0.002849208,1
ozks,0.003904125,23
ozks,0.004336875,45
ozks,0.00226825,0
ozks,0.003656417,16
ozks,0.008059417,211
ozks,0.005230583,80
ozks,0.002518,0
ozks,0.003233542,10
ozks,0.016511167,582
ozks,0.004444209,20
ozks,0.003676125,26
ozks,0.004582167,25
ozks,0.003969875,17
ozks,0.002984375,1
ozks,0.004150125,55
ozks,0.003075333,4
ozks,0.00291375,2
ozks,0.002788584,1
ozks,0.017650917,665
ozks,0.00450625,60
ozks,0.00399075,37
ozks,0.003796625,23
ozks,0.003449583,17
ozks,0.003593459,18
ozks,0.00406225,17
ozks,0.005501375,109
ozks,0.017889416,635
ozks,0.003767458,15
ozks,0.01574425,574
ozks,0.006450042,140
ozks,0.006878417,161
ozks,0.003085958,6
ozks,0.003481,16
ozks,0.020688125,751
ozks,0.003211125,1
ozks,0.003677417,17
ozks,0.003800042,15
ozks,0.003286583,1
ozks,0.003236,1
ozks,0.003768333,13
ozks,0.002465666,0
ozks,0.003052125,4
ozks,0.00336625,4
ozks,0.021095041,766
ozks,0.003014833,1
ozks,0.002372917,0
ozks,0.004100541,15
ozks,0.003422916,13
ozks,0.003086209,8
ozks,0.003712083,17
ozks,0.00224925,0
ozks,0.002394333,0
ozks,0.015725791,538
ozks,0.003851625,31
ozks,0.003103,2
ozks,0.003478125,16
ozks,0.003360875,8
ozks,0.002484417,0
ozks,0.003150708,6
ozks,0.00396525,14
ozks,0.004595333,43
ozks,0.003919625,2
ozks,0.00306075,3
ozks,0.003251667,10
ozks,0.003871709,23
ozks,0.004671209,53
ozks,0.004240917,29
ozks,0.003690709,13
ozks,0.003498833,9
ozks,0.003078584,1
ozks,0.003709666,8
ozks,0.002408292,0
ozks,0.003049917,5
ozks,0.003250708,5
ozks,0.003896584,13
ozks,0.003215583,8
ozks,0.003802417,13
ozks,0.004825458,78
ozks,0.00548625,99
ozks,0.002329083,0
ozks,0.002893125,4
ozks,0.007452875,183
ozks,0.004323375,49
ozks,0.003001958,6
ozks,0.003615125,11
ozks,0.004020625,29
ozks,0.004458084,53
ozks,0.00540075,92
ozks,0.003650709,15
ozks,0.003908917,35
ozks,0.003942292,36
ozks,0.010656958,350
ozks,0.003045834,7
ozks,0.026498916,998
ozks,0.004866958,73
ozks,0.003657208,29
ozks,0.019541167,702
ozks,0.00333125,2
ozks,0.002852292,2
ozks,0.00411875,26
ozks,0.003168208,3
ozks,0.0031245,8
ozks,0.002157167,0
ozks,0.003160541,8
ozks,0.003145292,1
ozks,0.003725875,14
ozks,0.003061292,3
ozks,0.002665292,1
ozks,0.002708167,1
ozks,0.027551,998
ozks,0.005428208,73
ozks,0.002932625,5
ozks,0.008648417,183
ozks,0.003829042,35
ozks,0.003534084,14
ozks,0.010126084,325
ozks,0.003724875,26
ozks,0.0040015,30
ozks,0.002760833,2
ozks,0.003587584,23
ozks,0.005774,116
ozks,0.003646458,25
ozks,0.002879166,2
ozks,0.003208083,2
ozks,0.00459725,37
ozks,0.004488958,17
ozks,0.00345,16
ozks,0.004119167,42
ozks,0.002860042,1
ozks,0.013278083,464
ozks,0.003197041,8
ozks,0.003932833,20
ozks,0.00337225,7
ozks,0.003138334,4
ozks,0.003917833,30
ozks,0.022300416,808
ozks,0.002270125,0
ozks,0.004732041,44
ozks,0.00462925,53
ozks,0.002231416,0
ozks,0.002719,1
ozks,0.019555584,734
ozks,0.003008042,1
ozks,0.018862167,672
ozks,0.005888667,111
ozks,0.003909208,21
ozks,0.003754125,30
ozks,0.003082542,1
ozks,0.00392025,22
ozks,0.003518709,9
ozks,0.00334475,13
ozks,0.006969709,155
ozks,0.004062167,30
ozks,0.007168166,153
ozks,0.002239458,0
ozks,0.002557542,0
ozks,0.002387167,0
ozks,0.003095375,10
ozks,0.003436792,15
ozks,0.0039485,4
ozks,0.022272917,789
ozks,0.02191225,785
ozks,0.003651625,10
ozks,0.004214542,25
ozks,0.003901459,18
ozks,0.0144005,483
ozks,0.003041542,5
ozks,0.003016875,6
ozks,0.007127,173
ozks,0.00419075,55
ozks,0.003924917,32
ozks,0.00335825,4
ozks,0.0072225,147
ozks,0.004041292,42
ozks,0.002887416,4
ozks,0.0250915,991
ozks,0.003478583,11
ozks,0.014468083,494
ozks,0.003141959,4
ozks,0.003492667,16
ozks,0.003139458,11
ozks,0.002889375,2
ozks,0.004225041,35
ozks,0.011874709,389
ozks,0.003563458,14
ozks,0.004834125,77
ozks,0.003025417,5
ozks,0.018694041,618
ozks,0.004742208,68
ozks,0.002740916,0
ozks,0.003237208,7
ozks,0.003770208,19
ozks,0.00231025,0
ozks,0.003842083,19
ozks,0.007224042,168
ozks,0.002728834,1
ozks,0.015697375,522
ozks,0.004047709,39
ozks,0.003236625,1
ozks,0.006602291,146
ozks,0.00306875,6
ozks,0.003475959,11
ozks,0.006500167,149
ozks,0.002966792,3
ozks,0.004052459,33
ozks,0.002831208,3
ozks,0.003934041,30
ozks,0.003532042,18
ozks,0.004233042,4
ozks,0.002910792,3
ozks,0.003844917,17
ozks,0.024366167,954
ozks,0.004115042,34
ozks,0.003327083,2
ozks,0.0030725,3
ozks,0.009488666,272
ozks,0.003998875,26
ozks,0.003913666,26
ozks,0.002929959,3
ozks,0.003093375,4
ozks,0.002352708,0
ozks,0.00313475,1
ozks,0.002754125,1
ozks,0.002885209,0
ozks,0.00237125,0
ozks,0.003935375,23
ozks,0.014872125,516
ozks,0.003762708,27
ozks,0.003243875,10
ozks,0.0042335,34
ozks,0.006768334,127
ozks,0.015511041,521
ozks,0.017292666,601
ozks,0.006763584,102
ozks,0.002877625,2
ozks,0.006770791,141
ozks,0.003323833,9
ozks,0.003355875,12
ozks,0.002973834,3
ozks,0.003747791,26
ozks,0.003427625,8
ozks,0.003064459,2
ozks,0.019994333,720
ozks,0.00413,36
ozks,0.002738417,1
ozks,0.003499875,9
ozks,0.002531833,0
ozks,0.006543292,160
ozks,0.003501875,2
ozks,0.005614291,104
ozks,0.005575542,13
ozks,0.002897708,2
ozks,0.010029,279
ozks,0.023708708,894
ozks,0.002879875,3
ozks,0.005790834,86
ozks,0.002873416,2
ozks,0.0036195,22
ozks,0.003472709,2
ozks,0.006709334,143
ozks,0.003658417,13
ozks,0.004388833,36
ozks,0.003605625,22
ozks,0.007173917,169
ozks,0.005297708,95
ozks,0.0049005,59
ozks,0.002247667,0
ozks,0.004559125,54
ozks,0.003379417,10
ozks,0.003906167,25
ozks,0.00385525,26
ozks,0.003469458,19
ozks,0.004155375,28
ozks,0.003360958,9
ozks,0.004745583,36
ozks,0.00297125,4
ozks,0.002329125,0
ozks,0.006227667,3
ozks,0.008920792,247
ozks,0.00296425,1
ozks,0.003073375,1
ozks,0.002817208,1
ozks,0.003823,32
ozks,0.004208167,19
ozks,0.002907416,3
ozks,0.003675875,27
ozks,0.002798208,2
ozks,0.007695375,177
ozks,0.003603042,17
ozks,0.00363225,14
ozks,0.003428125,10
ozks,0.026346334,983
ozks,0.006375834,140
ozks,0.002804916,2
ozks,0.002467667,0
ozks,0.0036465,9
ozks,0.004864541,63
ozks,0.003539458,14
ozks,0.006250166,134
ozks,0.004761125,60
ozks,0.003371291,6
ozks,0.003664417,11
ozks,0.004422917,39
ozks,0.003090708,5
ozks,0.004430291,44
ozks,0.002892,2
ozks,0.006187458,107
ozks,0.0051995,41
ozks,0.02075075,755
ozks,0.021690167,734
ozks,0.010205208,302
ozks,0.007307875,156
ozks,0.004294583,41
ozks,0.003171667,9
ozks,0.003054541,7
ozks,0.002742583,1
ozks,0.00488075,48
ozks,0.00710325,165
ozks,0.003016084,2
ozks,0.003743667,11
ozks,0.004988458,65
ozks,0.003019792,6
ozks,0.004177417,29
ozks,0.007559917,190
ozks,0.002910334,1
ozks,0.003097167,8
ozks,0.00907375,260
ozks,0.004808167,74
ozks,0.004411125,39
ozks,0.003736792,27
ozks,0.003367,10
ozks,0.003265334,8
ozks,0.003712333,7
ozks,0.006456916,148
ozks,0.003301583,8
ozks,0.007380209,140
ozks,0.002926,4
ozks,0.005889792,99
ozks,0.004225791,38
ozks,0.022371041,822
ozks,0.003371292,8
ozks,0.003055792,6
ozks,0.004923291,61
ozks,0.013316917,429
ozks,0.002906042,2
ozks,0.003502541,3
ozks,0.007001542,173
ozks,0.003042375,4
ozks,0.011692458,325
ozks,0.003015083,3
ozks,0.003319,9
ozks,0.002336167,0
ozks,0.003102083,8
ozks,0.011148416,342
ozks,0.003123375,6
ozks,0.003988834,36
ozks,0.002886458,1
ozks,0.00359075,15
ozks,0.005946625,114
ozks,0.005985625,105
ozks,0.0049615,72
ozks,0.004024292,37
ozks,0.006650583,148
ozks,0.004012541,42
ozks,0.003187708,8
ozks,0.004072292,40
ozks,0.002771459,1
ozks,0.004957375,60
ozks,0.003354542,10
ozks,0.003651583,6
ozks,0.002256042,0
ozks,0.004366917,33
ozks,0.00226075,0
ozks,0.002857542,5
ozks,0.004004208,33
ozks,0.004168834,48
ozks,0.005891541,121
ozks,0.002456125,0
ozks,0.004529916,55
ozks,0.003534875,10
ozks,0.003157625,1
ozks,0.002924584,1
ozks,0.002883625,3
ozks,0.003615541,26
ozks,0.003262708,3
ozks,0.004055792,44
ozks,0.003575084,10
ozks,0.002335709,0
ozks,0.004546875,51
ozks,0.002831708,3
ozks,0.003093667,3
ozks,0.002762333,2
ozks,0.005642083,97
ozks,0.004121375,44
ozks,0.004522792,40
ozks,0.005100792,72
ozks,0.002698542,1
ozks,0.005820583,122
ozks,0.006629708,145
ozks,0.019051375,690
ozks,0.003313084,11
ozks,0.00316575,4
ozks,0.003946583,38
ozks,0.0030195,1
ozks,0.002724375,2
ozks,0.002745708,1
ozks,0.009814917,324
ozks,0.00484375,67
ozks,0.008923958,243
ozks,0.004472625,49
ozks,0.007305708,183
ozks,0.002544375,0
ozks,0.003131958,2
ozks,0.004717125,74
ozks,0.003421167,17
ozks,0.003380334,11
ozks,0.003214833,2
ozks,0.003346375,8
ozks,0.004327917,55
ozks,0.0234565,866
ozks,0.007663667,158
ozks,0.003123292,8
ozks,0.006647542,162
ozks,0.006069708,103
ozks,0.00317625,5
ozks,0.002218375,0
ozks,0.00335025,11
ozks,0.003096042,7
ozks,0.006537,137
ozks,0.012494375,321
ozks,0.002936209,4
ozks,0.003933042,25
ozks,0.003697209,10
ozks,0.003687292,17
ozks,0.002967833,3
ozks,0.007829167,223
ozks,0.014920916,512
ozks,0.003422666,15
ozks,0.003297167,2
ozks,0.004318375,45
ozks,0.006884541,169
ozks,0.002562791,0
ozks,0.002913042,0
ozks,0.0043965,39
ozks,0.003764209,28
ozks,0.016546875,561
ozks,0.004164208,39
ozks,0.006382958,141
ozks,0.003079667,6
ozks,0.026319166,998
ozks,0.003509708,8
ozks,0.003153709,4
ozks,0.005791083,95
ozks,0.003071625,6
ozks,0.002960083,2
ozks,0.014801083,541
ozks,0.009934584,325
ozks,0.019183833,616
ozks,0.005292917,88
ozks,0.002798583,2
ozks,0.00296875,4
ozks,0.005847791,111
ozks,0.003081917,8
ozks,0.0036075,23
ozks,0.003263084,8
ozks,0.002777875,1
ozks,0.003499709,12
ozks,0.003857416,17
ozks,0.00468275,39
ozks,0.006108792,102
ozks,0.003978542,17
ozks,0.009216833,229
ozks,0.007551667,187
ozks,0.002807417,1
ozks,0.006160667,123
ozks,0.004155,35
ozks,0.006459875,140
ozks,0.004373292,56
ozks,0.015249375,510
ozks,0.005377834,77
ozks,0.004336125,29
ozks,0.003267417,2
ozks,0.004209917,25
ozks,0.002744708,0
ozks,0.002922584,1
ozks,0.00773375,183
ozks,0.002453625,0
ozks,0.008269875,173
ozks,0.006631375,67
ozks,0.005207792,40
ozks,0.004270833,21
ozks,0.00404075,9
ozks,0.004220625,22
ozks,0.004648208,31
ozks,0.018157791,613
ozks,0.009006167,227
ozks,0.004913209,52
ozks,0.003703208,8
ozks,0.0055265,78
ozks,0.003543875,2
ozks,0.003784541,6
ozks,0.003938042,8
ozks,0.003408209,1
ozks,0.003796042,16
ozks,0.005042416,46
ozks,0.003813541,17
ozks,0.003167209,8
ozks,0.003220292,9
ozks,0.014016208,495
ozks,0.003375833,6
ozks,0.02235975,822
ozks,0.003228917,10
ozks,0.027384125,983
ozks,0.004514125,39
ozks,0.004982916,37
ozks,0.004004209,1
ozks,0.003525333,4
ozks,0.003162917,6
ozks,0.00480775,4
ozks,0.004452583,17
ozks,0.002757333,0
ozks,0.003409542,1
ozks,0.003820333,6
ozks,0.00295625,0
ozks,0.00464525,38
ozks,0.003286792,0
ozks,0.003492792,1
ozks,0.003696792,4
ozks,0.007257583,153
ozks,0.015632125,541
ozks,0.005895667,97
ozks,0.004339625,15
ozks,0.003138834,1
ozks,0.003247042,2
ozks,0.003355,1
ozks,0.006864292,146
ozks,0.025771291,955
ozks,0.002781375,2
ozks,0.003305167,10
ozks,0.004149667,29
ozks,0.0027535,0
ozks,0.003161875,3
ozks,0.007492833,175
ozks,0.003790958,17
ozks,0.003902667,29
ozks,0.004952584,68
ozks,0.003438917,9
ozks,0.0064555,133
ozks,0.003423959,10
ozks,0.0037695,9
ozks,0.003378917,10
ozks,0.003410542,9
ozks,0.008870666,184
ozks,0.01648475,588
ozks,0.004297625,30
ozks,0.025759916,981
ozks,0.002387208,0
ozks,0.004207792,24
ozks,0.003667209,13
ozks,0.003130208,5
ozks,0.003302416,1
ozks,0.004168292,43
ozks,0.003567125,17
ozks,0.003515416,7
ozks,0.0031505,6
ozks,0.008121958,214
ozks,0.003214875,2
ozks,0.002863875,2
ozks,0.003570666,13
ozks,0.004007625,36
ozks,0.007481792,197
ozks,0.0038035,16
ozks,0.015746208,543
ozks,0.005031458,47
ozks,0.003509041,14
ozks,0.0035115,8
ozks,0.004775209,67
ozks,0.017316625,586
ozks,0.005262958,88
ozks,0.003174375,5
ozks,0.003097667,2
ozks,0.006867,146
ozks,0.003178583,4
ozks,0.003364333,5
ozks,0.005079584,64
ozks,0.020452042,747
ozks,0.023519542,862
ozks,0.005196917,8
ozks,0.003327834,3
ozks,0.018188,642
ozks,0.004154208,41
ozks,0.003286084,5
ozks,0.004044958,36
ozks,0.003155959,2
ozks,0.003362833,9
ozks,0.002721208,0
ozks,0.00362975,15
ozks,0.003283209,1
ozks,0.008943583,1
ozks,0.004523667,35
ozks,0.003638916,16
ozks,0.003150417,1
ozks,0.003139833,2
ozks,0.004271958,30
ozks,0.007813542,167
ozks,0.005436875,70
ozks,0.005061834,71
ozks,0.003632625,9
ozks,0.003648791,12
ozks,0.003319708,11
ozks,0.002230542,0
ozks,0.0036915,28
ozks,0.003788958,25
ozks,0.003637042,16
ozks,0.00232575,0
ozks,0.004614,35
ozks,0.010606708,130
ozks,0.003702459,17
ozks,0.006802542,135
ozks,0.007187042,136
ozks,0.004096709,13
ozks,0.003496375,4
ozks,0.006172459,98
ozks,0.00725075,153
ozks,0.005039666,66
ozks,0.00440375,41
ozks,0.003662041,14
ozks,0.003809084,17
ozks,0.003840125,8
ozks,0.003588667,19
ozks,0.004375625,44
ozks,0.01005625,289
ozks,0.003925917,22
ozks,0.002515292,0
ozks,0.003673791,12
ozks,0.006294458,129
ozks,0.002742,0
ozks,0.003617834,7
ozks,0.0027775,1
ozks,0.004693292,68
ozks,0.009532084,244
ozks,0.0189265,695
ozks,0.003308,4
ozks,0.00502525,45
ozks,0.025753625,958
ozks,0.004101625,35
ozks,0.0038685,28
ozks,0.003381625,8
ozks,0.003155334,8
ozks,0.002971292,4
ozks,0.003256916,4
ozks,0.019338458,686
ozks,0.003290459,7
ozks,0.003404459,8
ozks,0.003842917,34
ozks,0.02453175,910
ozks,0.004625167,36
ozks,0.004374833,57
ozks,0.003313958,10
ozks,0.006386125,140
ozks,0.015592,530
ozks,0.004021,36
ozks,0.005316833,100
ozks,0.007679417,169
ozks,0.00567125,90
ozks,0.004210917,38
ozks,0.003301041,12
ozks,0.002753208,1
ozks,0.0048025,67
ozks,0.003276041,3
ozks,0.006243,116
ozks,0.004727042,61
ozks,0.010494125,325
ozks,0.00243725,0
ozks,0.004653291,53
ozks,0.004379916,40
ozks,0.006896375,155
ozks,0.004301166,23
ozks,0.003323083,8
ozks,0.003845583,27
ozks,0.009626834,274
ozks,0.006959084,127
ozks,0.004375417,52
ozks,0.003795417,13
ozks,0.003442333,12
ozks,0.002720333,0
ozks,0.004375667,45
ozks,0.016807292,546
ozks,0.004577708,46
ozks,0.004946875,43
ozks,0.006392458,121
ozks,0.003483875,9
ozks,0.002352666,0
ozks,0.003671792,8
ozks,0.003482667,12
ozks,0.002440875,0
ozks,0.003044667,1
ozks,0.003677958,25
ozks,0.007109333,164
ozks,0.003887583,21
ozks,0.007725792,175
ozks,0.003212042,8
ozks,0.006194458,117
ozks,0.004894791,79
ozks,0.0043245,44
ozks,0.003982834,16
ozks,0.003605792,6
ozks,0.004423625,38
ozks,0.00339875,10
ozks,0.004461541,40
ozks,0.003649666,22
ozks,0.003621958,18
ozks,0.002888417,1
ozks,0.003292583,11
ozks,0.003205708,7
ozks,0.003034375,0
ozks,0.004112084,47
ozks,0.003839083,38
ozks,0.003881083,30
ozks,0.004709667,31
ozks,0.003104375,1
ozks,0.003240458,4
ozks,0.024580958,878
ozks,0.006507917,131
ozks,0.0036685,19
ozks,0.003331208,1
ozks,0.009256709,256
ozks,0.008999209,244
ozks,0.007428458,141
ozks,0.003346333,6
ozks,0.00303575,1
ozks,0.003399375,11
ozks,0.004116167,10
ozks,0.003702291,25
ozks,0.003363667,8
ozks,0.004375792,55
ozks,0.016740417,620
ozks,0.006035333,104
ozks,0.002872917,1
ozks,0.003119584,8
ozks,0.003267042,2
ozks,0.003062375,4
ozks,0.00397125,20
ozks,0.003314792,9
ozks,0.013135375,449
ozks,0.003019209,3
ozks,0.013177083,425
ozks,0.003560625,11
ozks,0.013929917,463
ozks,0.00295975,2
ozks,0.003465708,13
ozks,0.004084625,22
ozks,0.013153291,424
ozks,0.023552709,858
ozks,0.01821025,630
ozks,0.003771459,8
ozks,0.003806083,17
ozks,0.003727666,21
ozks,0.00415575,30
ozks,0.003319417,8
ozks,0.006647125,139
ozks,0.005647792,100
ozks,0.004044875,13
ozks,0.0034585,8
ozks,0.002317084,0
ozks,0.00307675,2
ozks,0.003886083,26
ozks,0.003276875,9
ozks,0.005601584,105
ozks,0.003431625,8
ozks,0.003456833,10
ozks,0.00262175,0
ozks,0.003229084,8
ozks,0.024972041,908
ozks,0.00294525,1
ozks,0.003420416,14
ozks,0.003462125,4
ozks,0.008494083,228
ozks,0.01944925,728
ozks,0.004401875,38
ozks,0.006498792,129
ozks,0.003924708,14
ozks,0.004005875,26
ozks,0.003670625,9
ozks,0.003792292,22
ozks,0.011787625,313
ozks,0.002463792,0
ozks,0.004352167,35
ozks,0.0036385,16
ozks,0.005266208,77
ozks,0.003395084,8
ozks,0.003420458,4
ozks,0.003215292,7
ozks,0.00385425,26
ozks,0.012920625,442
ozks,0.003827708,14
ozks,0.003916958,28
ozks,0.004300584,36
ozks,0.005129125,66
ozks,0.006776583,124
ozks,0.003587333,9
ozks,0.007829,157
ozks,0.00437775,41
ozks,0.00316,4
ozks,0.007610125,149
ozks,0.006151958,10
ozks,0.00667375,126
ozks,0.003849166,28
ozks,0.004679583,39
ozks,0.003532583,8
ozks,0.004198042,31
ozks,0.003182125,1
ozks,0.003598125,8
ozks,0.003097959,5
ozks,0.003043459,3
ozks,0.003360667,1
ozks,0.003682208,15
ozks,0.002908542,2
ozks,0.010559292,325
ozks,0.003098209,1
ozks,0.004004542,26
ozks,0.004109334,17
ozks,0.019131,635
ozks,0.00334575,7
ozks,0.019518958,678
ozks,0.022086084,813
ozks,0.003619125,8
ozks,0.003371917,8
ozks,0.004454084,27
ozks,0.022649167,836
ozks,0.002979,1
ozks,0.003626875,10
ozks,0.01807025,634
ozks,0.0041205,25
ozks,0.003707,23
ozks,0.002959666,1
ozks,0.005317792,46
ozks,0.002740625,0
ozks,0.006808583,139
ozks,0.008107042,201
ozks,0.002409375,0
ozks,0.004301,46
ozks,0.003954666,28
ozks,0.004374125,31
ozks,0.003377583,8
ozks,0.003161292,6
ozks,0.004296375,31
ozks,0.003180959,7
ozks,0.009733959,233
ozks,0.003991584,18
ozks,0.003132208,9
ozks,0.004531334,30
ozks,0.003217583,8
ozks,0.00406525,27
ozks,0.00361675,17
ozks,0.004441458,36
ozks,0.003558375,17
ozks,0.002375083,0
ozks,0.006681042,141
ozks,0.002846375,1
ozks,0.0124275,343
ozks,0.003030834,4
ozks,0.003060041,2
ozks,0.00333625,11
ozks,0.003233208,5
ozks,0.003418375,11
ozks,0.003311375,3
ozks,0.00428075,41
ozks,0.007940875,197
ozks,0.003190708,3
ozks,0.027054625,980
ozks,0.007035625,152
ozks,0.006834875,121
ozks,0.013916125,489
ozks,0.003045417,2
ozks,0.002271375,0
ozks,0.005007375,70
ozks,0.002263916,0
ozks,0.003701459,15
ozks,0.004077834,31
ozks,0.002538625,0
ozks,0.003883542,20
ozks,0.00346575,1
ozks,0.005126041,57
ozks,0.002778625,1
ozks,0.006914959,160
ozks,0.002831875,0
ozks,0.003141042,5
ozks,0.005796708,90
ozks,0.004053375,25
ozks,0.005242125,80
ozks,0.003190708,5
ozks,0.003231959,5
ozks,0.002889041,1
ozks,0.003812792,9
ozks,0.003254291,2
ozks,0.002518208,0
ozks,0.003701417,7
ozks,0.004355333,25
ozks,0.005890167,105
ozks,0.003350625,7
ozks,0.00375925,10
ozks,0.0037675,17
ozks,0.005404,75
ozks,0.025072917,991
ozks,0.003490333,7
ozks,0.004748084,23
ozks,0.003547416,17
ozks,0.005814166,106
ozks,0.003127,0
ozks,0.00791875,141
ozks,0.019957667,717
ozks,0.003319958,5
ozks,0.004536875,64
ozks,0.004710875,54
ozks,0.003321875,5
ozks,0.003486333,4
ozks,0.003105166,2
ozks,0.003469125,11
ozks,0.013732834,430
ozks,0.005729458,100
ozks,0.004777292,44
ozks,0.010387125,325
ozks,0.002426834,0
ozks,0.003062375,2
ozks,0.002641,0
ozks,0.020688583,741
ozks,0.003586834,7
ozks,0.004451916,48
ozks,0.003005917,1
ozks,0.004523167,42
ozks,0.003570875,1
ozks,0.003180542,3
ozks,0.004628833,35
ozks,0.003399083,7
ozks,0.008309542,182
ozks,0.005081,77
ozks,0.024166416,906
ozks,0.003221,6
ozks,0.005353375,74
ozks,0.004610417,45
ozks,0.00377275,17
ozks,0.004925209,38
ozks,0.003834667,12
ozks,0.006426958,106
ozks,0.003167417,1
ozks,0.015281583,500
ozks,0.002322042,0
ozks,0.002553,0
ozks,0.002879417,1
ozks,0.003287291,3
ozks,0.004405959,53
ozks,0.003793209,31
ozks,0.003008541,3
ozks,0.020304792,755
ozks,0.00318375,8
ozks,0.004488458,26
ozks,0.00670675,146
ozks,0.003525042,16
ozks,0.017702542,638
ozks,0.003611833,1
ozks,0.003320666,6
ozks,0.003143375,8
ozks,0.00364975,17
ozks,0.0049315,71
ozks,0.004081833,42
ozks,0.02074425,737
ozks,0.005021459,77
ozks,0.007408042,182
ozks,0.0045775,29
ozks,0.0034765,12
ozks,0.002277417,0
ozks,0.003955,36
ozks,0.005360083,62
ozks,0.006695167,153
ozks,0.0025015,0
ozks,0.006449458,160
ozks,0.011531708,388
ozks,0.013545333,434
ozks,0.003421916,12
ozks,0.005641,93
ozks,0.012002834,383
ozks,0.012467833,438
ozks,0.006184541,113
ozks,0.00293575,1
ozks,0.018443041,649
ozks,0.003126625,8
ozks,0.004673125,57
ozks,0.004001959,32
ozks,0.021168708,807
ozks,0.00499325,80
ozks,0.003551625,18
ozks,0.0058535,104
ozks,0.003210667,5
ozks,0.003629125,1
ozks,0.002962,3
ozks,0.003388583,8
ozks,0.003357958,1
ozks,0.002995209,1
ozks,0.002997459,2
ozks,0.008412375,212
ozks,0.003691083,11
ozks,0.003908333,33
ozks,0.00289175,1
ozks,0.003195916,5
ozks,0.004056584,19
ozks,0.004371166,45
ozks,0.003243584,8
ozks,0.00410525,39
ozks,0.003657125,13
ozks,0.004446958,50
ozks,0.0029595,3
ozks,0.005847,104
ozks,0.003242,6
ozks,0.004256209,40
ozks,0.003753875,9
ozks,0.003828,12
ozks,0.005312333,79
ozks,0.012677583,188
ozks,0.005464959,80
ozks,0.004337333,37
ozks,0.025409834,864
ozks,0.003632458,12
ozks,0.005444,95
ozks,0.004920125,55
ozks,0.003556541,16
ozks,0.003429625,8
ozks,0.002380375,0
ozks,0.003491,6
ozks,0.003108208,4
ozks,0.0037025,12
ozks,0.002403667,0
ozks,0.003489375,16
ozks,0.003982583,23
ozks,0.004995167,36
ozks,0.008525292,233
ozks,0.003679125,18
ozks,0.006847,166
ozks,0.003537792,12
ozks,0.003108416,8
ozks,0.00523925,65
ozks,0.005370875,85
ozks,0.006153042,70
ozks,0.004411667,31
ozks,0.003583333,5
ozks,0.003541917,12
ozks,0.00315025,7
ozks,0.003772292,1
ozks,0.003791458,21
ozks,0.00284875,2
ozks,0.005525458,90
ozks,0.009466375,268
ozks,0.004907791,85
ozks,0.003048625,4
ozks,0.004582166,55
ozks,0.004142792,32
ozks,0.002550041,0
ozks,0.00304425,4
ozks,0.011385667,297
ozks,0.005746792,101
ozks,0.006244166,134
ozks,0.003361958,8
ozks,0.014718167,492
ozks,0.004759625,59
ozks,0.010907083,325
ozks,0.004314167,35
ozks,0.003067042,1
ozks,0.004051958,37
ozks,0.003666208,6
ozks,0.003210083,3
ozks,0.0028985,1
ozks,0.0038165,27
ozks,0.0044645,59
ozks,0.003446667,10
ozks,0.003640875,14
ozks,0.006502041,114
ozks,0.011299833,339
ozks,0.003382834,8
ozks,0.0048295,58
ozks,0.003028375,3
ozks,0.00234475,0
ozks,0.004377583,19
ozks,0.004135958,25
ozks,0.003661375,16
ozks,0.003446291,8
ozks,0.003226709,3
ozks,0.009277542,250
ozks,0.003018166,2
ozks,0.003597375,14
ozks,0.004781917,69
ozks,0.005796166,99
ozks,0.002887958,1
ozks,0.0024745,0
ozks,0.00393375,21
ozks,0.00355975,21
ozks,0.006341292,141
ozks,0.004077125,19
ozks,0.002982666,2
ozks,0.0032115,8
ozks,0.022665083,822
ozks,0.009796,293
ozks,0.002944167,3
ozks,0.003203959,3
ozks,0.006591666,140
ozks,0.002940459,1
ozks,0.00288575,1
ozks,0.006657875,147
ozks,0.026266417,892
ozks,0.003275042,4
ozks,0.003453667,11
ozks,0.003213709,9
ozks,0.002944,2
ozks,0.003170292,4
ozks,0.010362542,325
ozks,0.005014625,53
ozks,0.003203416,4
ozks,0.004802,47
ozks,0.004048333,13
ozks,0.004831209,30
ozks,0.003555417,2
ozks,0.003322917,2
ozks,0.003417166,4
ozks,0.003437333,3
ozks,0.004667459,59
ozks,0.003787792,21
ozks,0.002375166,0
ozks,0.003322625,8
ozks,0.016047708,477
ozks,0.003647792,17
ozks,0.005705042,94
ozks,0.00450825,42
ozks,0.004357666,13
ozks,0.004014375,23
ozks,0.00269225,0
ozks,0.003915709,23
ozks,0.004829542,76
ozks,0.002641625,0
ozks,0.006059042,117
ozks,0.019404875,677
ozks,0.003279,8
ozks,0.003838125,5
ozks,0.003422125,9
ozks,0.003222166,8
ozks,0.00416175,11
ozks,0.003367917,11
ozks,0.003512083,10
ozks,0.007350208,170
ozks,0.006422834,133
ozks,0.003962208,27
ozks,0.003285042,2
ozks,0.002966833,2
ozks,0.003078042,1
ozks,0.004145375,9
ozks,0.005805875,102
ozks,0.003836208,17
ozks,0.00340075,2
ozks,0.003744875,19
ozks,0.003212458,8
ozks,0.003486375,3
ozks,0.005283125,74
ozks,0.003634459,17
ozks,0.003200334,8
ozks,0.002326333,0
ozks,0.011560583,360
ozks,0.004236958,35
ozks,0.003800333,6
ozks,0.00372375,25
ozks,0.004295833,43
ozks,0.003185,2
ozks,0.024551958,915
ozks,0.003308416,6
ozks,0.003113625,1
ozks,0.00278225,1
ozks,0.00317075,5
ozks,0.00330775,8
ozks,0.0031535,5
ozks,0.005164625,75
ozks,0.002398625,0
ozks,0.020633042,755
ozks,0.003698417,22
ozks,0.003723875,1
ozks,0.00317975,5
ozks,0.003088084,2
ozks,0.003848916,17
ozks,0.002845583,1
ozks,0.00377925,23
ozks,0.003170958,3
ozks,0.003210459,8
ozks,0.004593,53
ozks,0.003641,13
ozks,0.002516167,0
ozks,0.002388083,0
ozks,0.003494084,15
ozks,0.003414834,1
ozks,0.002287708,0
ozks,0.003531917,17
ozks,0.006312625,127
ozks,0.003391625,8
ozks,0.002573417,0
ozks,0.004741917,36
ozks,0.005176791,75
ozks,0.005549875,72
ozks,0.003671083,4
ozks,0.003882042,6
ozks,0.006013708,116
ozks,0.005727541,65
ozks,0.004627834,20
ozks,0.005107,45
ozks,0.004325417,45
ozks,0.003190917,4
ozks,0.00498875,69
ozks,0.021468625,807
ozks,0.021340417,763
ozks,0.005752125,94
ozks,0.016022875,561
ozks,0.006727541,137
ozks,0.004858209,15
ozks,0.025677667,939
ozks,0.003526709,9
ozks,0.003975333,17
ozks,0.004026458,29
ozks,0.003084166,2
ozks,0.003150417,4
ozks,0.002434625,0
ozks,0.005025208,81
ozks,0.003027541,3
ozks,0.003366584,1
ozks,0.002777291,1
ozks,0.003806833,7
ozks,0.004612375,63
ozks,0.003781917,17
ozks,0.02361375,866
ozks,0.004810458,68
ozks,0.0032295,4
ozks,0.003022917,4
ozks,0.005848458,107
ozks,0.00313675,6
ozks,0.005263292,75
ozks,0.01666925,620
ozks,0.003141167,6
ozks,0.003082958,6
ozks,0.0038615,6
ozks,0.003223416,9
ozks,0.008109291,166
ozks,0.003747917,17
ozks,0.003178625,1
ozks,0.004434958,51
ozks,0.004161666,20
ozks,0.002802,1
ozks,0.003296541,8
ozks,0.004591167,43
ozks,0.003619792,12
ozks,0.0032465,8
ozks,0.002831125,2
ozks,0.004272667,14
ozks,0.006465916,132
ozks,0.003045833,2
ozks,0.003338666,8
ozks,0.004585625,51
ozks,0.005219042,79
ozks,0.005150541,78
ozks,0.00299475,1
ozks,0.002320375,0
ozks,0.004980209,62
ozks,0.003715708,12
ozks,0.005987666,106
ozks,0.003767708,12
ozks,0.006887042,149
ozks,0.006722542,140
ozks,0.004680834,39
ozks,0.003190875,1
ozks,0.002376125,0
ozks,0.004126667,24
ozks,0.002878833,1
ozks,0.00385225,16
ozks,0.006709334,137
ozks,0.003840041,17
ozks,0.004020125,17
ozks,0.003913958,17
ozks,0.004422417,23
ozks,0.003874625,13
ozks,0.020646334,724
ozks,0.0141125,398
ozks,0.002623167,0
ozks,0.003509333,8
ozks,0.009737042,279
ozks,0.003424458,9
ozks,0.002818209,1
ozks,0.004472041,41
ozks,0.002309542,0
ozks,0.003898583,28
ozks,0.003622542,17
ozks,0.003475583,8
ozks,0.005257875,94
ozks,0.007174084,179
ozks,0.003161916,1
ozks,0.002410125,0
ozks,0.002374166,0
ozks,0.004633792,66
ozks,0.010060542,274
ozks,0.0042495,31
ozks,0.003478292,5
ozks,0.00355075,17
ozks,0.004077042,8
ozks,0.004761291,65
ozks,0.006261375,96
ozks,0.004580792,49
ozks,0.003176667,3
ozks,0.005388542,96
ozks,0.009068834,243
ozks,0.005174792,68
ozks,0.004083542,21
ozks,0.002911167,1
ozks,0.0030705,4
ozks,0.005362584,83
ozks,0.004889917,34
ozks,0.004119125,24
ozks,0.006357959,90
ozks,0.00380125,15
ozks,0.003399625,1
ozks,0.010017458,324
ozks,0.020542875,706
ozks,0.002879625,1
ozks,0.004889333,65
ozks,0.004516792,25
ozks,0.004774834,2
ozks,0.00317275,5
ozks,0.003347416,2
ozks,0.00336425,4
ozks,0.004948917,35
ozks,0.004504416,38
ozks,0.004495834,29
ozks,0.003720209,17
ozks,0.00335675,9
ozks,0.0050775,68
ozks,0.0051785,66
ozks,0.00500575,59
ozks,0.004193917,26
ozks,0.003086584,2
ozks,0.0106485,302
ozks,0.004442,28
ozks,0.00447275,44
ozks,0.004240333,18
ozks,0.009977417,289
ozks,0.004610541,47
ozks,0.004327875,25
ozks,0.003208042,6
ozks,0.00493975,77
ozks,0.003531125,9
ozks,0.00831225,219
ozks,0.002306125,0
ozks,0.003150625,4
ozks,0.007605333,188
ozks,0.003682791,1
ozks,0.017868208,606
ozks,0.004066209,4
ozks,0.004050208,12
ozks,0.002565375,0
ozks,0.003607625,9
ozks,0.005189916,51
ozks,0.003384125,3
ozks,0.003317792,1
ozks,0.004860417,59
ozks,0.005690833,104
ozks,0.010161959,328
ozks,0.010783834,327
ozks,0.00742125,175
ozks,0.017198875,607
ozks,0.004474625,53
ozks,0.003401875,1
ozks,0.002462208,0
ozks,0.002434208,0
ozks,0.003678084,23
ozks,0.008912375,233
ozks,0.005724875,99
ozks,0.003661666,9
ozks,0.003246541,5
ozks,0.003170417,8
ozks,0.006206667,116
ozks,0.010181292,324
ozks,0.004410709,37
ozks,0.003124792,0
ozks,0.0034955,4
ozks,0.003437041,11
ozks,0.002744166,0
ozks,0.003066959,4
ozks,0.005666416,97
ozks,0.00408125,32
ozks,0.003163542,7
ozks,0.003009292,1
ozks,0.0030865,1
ozks,0.003146791,4
ozks,0.00412975,17
ozks,0.009216167,257
ozks,0.0029845,1
ozks,0.004936083,64
ozks,0.002787,2
ozks,0.003053208,1
ozks,0.005028583,79
ozks,0.003342209,4
ozks,0.003388083,4
ozks,0.003218625,5
ozks,0.003644958,18
ozks,0.004308167,26
ozks,0.004776209,30
ozks,0.003655917,18
ozks,0.002544917,0
ozks,0.006224,80
ozks,0.003480916,12
ozks,0.004818792,45
ozks,0.003048375,3
ozks,0.003302666,5
ozks,0.003204042,7
ozks,0.00387625,24
ozks,0.004366167,35
ozks,0.002568834,0
ozks,0.006098209,27
ozks,0.00359875,10
ozks,0.00294875,1
ozks,0.003461084,8
ozks,0.003846541,4
ozks,0.002503875,0
ozks,0.002442833,0
ozks,0.003138917,6
ozks,0.010635,274
ozks,0.00336875,8
ozks,0.0108305,323
ozks,0.003187959,1
ozks,0.0033685,10
ozks,0.00740475,146
ozks,0.003555833,8
ozks,0.0079315,181
ozks,0.004119125,21
ozks,0.023358041,770
ozks,0.007005083,143
ozks,0.008132375,200
ozks,0.003273542,8
ozks,0.003511458,11
ozks,0.0032455,1
ozks,0.005642209,86
ozks,0.005645875,88
ozks,0.006069833,96
ozks,0.004682125,36
ozks,0.003600583,9
ozks,0.008252416,187
ozks,0.0038985,9
ozks,0.015766583,492
ozks,0.012154417,324
ozks,0.003982916,9
ozks,0.003543167,12
ozks,0.004966292,65
ozks,0.002975083,1
ozks,0.02344725,853
ozks,0.004309791,23
ozks,0.003284583,5
ozks,0.003690583,5
ozks,0.003117583,3
ozks,0.003846959,12
ozks,0.007443792,141
ozks,0.002714625,0
ozks,0.003386,5
ozks,0.003407459,9
ozks,0.004167208,19
ozks,0.003095917,5
ozks,0.004083208,15
ozks,0.003030708,1
ozks,0.003163375,4
ozks,0.005941375,109
ozks,0.003853,11
ozks,0.005283791,84
ozks,0.00358725,16
ozks,0.004090375,23
ozks,0.008259083,223
ozks,0.003191667,2
ozks,0.003458208,13
ozks,0.003766,25
ozks,0.003922458,25
ozks,0.004933584,62
ozks,0.0028235,1
ozks,0.00375775,20
ozks,0.003057833,6
ozks,0.00337375,1
ozks,0.005066333,85
ozks,0.004868375,57
ozks,0.003042167,2
ozks,0.006114292,122
ozks,0.003212917,9
ozks,0.00327325,4
ozks,0.003058625,4
ozks,0.011709084,387
ozks,0.005213792,86
ozks,0.004027917,39
ozks,0.0071165,163
ozks,0.004588291,60
ozks,0.00414825,15
ozks,0.003022042,1
ozks,0.003634,20
ozks,0.003524834,8
ozks,0.004023917,41
ozks,0.002832041,1
ozks,0.005898667,87
ozks,0.00374975,13
ozks,0.003237125,1
ozks,0.002798166,2
ozks,0.003066542,4
ozks,0.00261,0
ozks,0.002373583,0
ozks,0.004429875,12
ozks,0.004100917,33
ozks,0.002824917,1
ozks,0.004532375,60
ozks,0.0038115,24
ozks,0.003081084,4
ozks,0.003259917,1
ozks,0.016351167,528
ozks,0.003757667,17
ozks,0.00307725,3
ozks,0.003946834,8
ozks,0.003620166,7
ozks,0.003792708,15
ozks,0.004478542,38
ozks,0.002382958,0
ozks,0.004123708,26
ozks,0.0031555,5
ozks,0.003412708,9
ozks,0.003817125,24
ozks,0.003451625,8
ozks,0.003916042,27
ozks,0.009298666,264
ozks,0.003524667,12
ozks,0.002443083,0
ozks,0.003266709,1
ozks,0.0064165,143
ozks,0.0041175,16
ozks,0.005624041,102
ozks,0.003220708,3
ozks,0.003670416,19
ozks,0.003158375,2
ozks,0.0035825,13
ozks,0.003319958,9
ozks,0.003127167,8
ozks,0.004065917,28
ozks,0.00364,14
ozks,0.005190375,42
ozks,0.007064458,158
ozks,0.00317975,1
ozks,0.004872084,54
ozks,0.00431725,36
ozks,0.003611959,8
ozks,0.004447958,57
ozks,0.007500917,158
ozks,0.003201875,7
ozks,0.003354917,9
ozks,0.01795575,670
ozks,0.017280667,596
ozks,0.021050542,734
ozks,0.002898333,2
ozks,0.004492375,19
ozks,0.005850292,123
ozks,0.0034065,4
ozks,0.0037675,17
ozks,0.003100875,4
ozks,0.00343225,7
ozks,0.00377875,23
ozks,0.004784583,53
ozks,0.00415825,27
ozks,0.004029791,39
ozks,0.002590375,0
ozks,0.003140041,3
ozks,0.004404666,54
ozks,0.0038415,30
ozks,0.003634542,17
ozks,0.007965459,134
ozks,0.003494959,4
ozks,0.013400083,419
ozks,0.010593583,293
ozks,0.004073541,26
ozks,0.003570958,10
ozks,0.023890916,907
ozks,0.004230375,40
ozks,0.012731917,350
ozks,0.005520333,80
ozks,0.011283708,351
ozks,0.006258958,104
ozks,0.004004917,35
ozks,0.003574542,17
ozks,0.003357958,5
ozks,0.002827959,1
ozks,0.010658666,329
ozks,0.003214625,1
ozks,0.003024041,5
ozks,0.002337375,0
ozks,0.003297542,6
ozks,0.004183542,6
ozks,0.003012917,4
ozks,0.003697625,11
ozks,0.023090667,851
ozks,0.004784209,45
ozks,0.003791625,17
ozks,0.003838166,28
ozks,0.003629,17
ozks,0.003360416,9
ozks,0.003901417,29
ozks,0.004035125,24
ozks,0.00983625,274
ozks,0.016384792,541
ozks,0.003646083,16
ozks,0.008473917,220
ozks,0.002806625,1
ozks,0.003708916,26
ozks,0.00330875,9
ozks,0.00298725,4
ozks,0.003134583,8
ozks,0.004778958,55
ozks,0.002889084,1
ozks,0.018159,631
ozks,0.003058583,1
ozks,0.003128166,1
ozks,0.008201458,149
ozks,0.006405875,137
ozks,0.003164708,7
ozks,0.003368959,1
ozks,0.015532375,539
ozks,0.00480275,62
ozks,0.003224916,1
ozks,0.003159791,8
ozks,0.0023425,0
ozks,0.003144042,6
ozks,0.008929875,251
ozks,0.003153166,2
ozks,0.014925,430
ozks,0.00340075,12
ozks,0.006447042,131
ozks,0.003453833,17
ozks,0.003462417,6
ozks,0.0060465,103
ozks,0.003016875,3
ozks,0.002611583,0
ozks,0.005816291,119
ozks,0.002787625,1
ozks,0.017940667,617
ozks,0.012179916,370
ozks,0.0029555,1
ozks,0.00607075,88
ozks,0.003394416,8
ozks,0.004972167,59
ozks,0.003200417,4
ozks,0.003852583,37
ozks,0.003225958,8
ozks,0.003143667,2
ozks,0.021251292,769
ozks,0.003440792,6
ozks,0.004590625,49
ozks,0.002983709,4
ozks,0.003774083,9
ozks,0.002937875,2
ozks,0.007570667,133
ozks,0.023018417,876
ozks,0.0029285,2
ozks,0.003989834,36
ozks,0.00370075,23
ozks,0.005897041,103
ozks,0.002952375,1
ozks,0.0041605,25
ozks,0.004625583,46
ozks,0.002339958,0
ozks,0.010607292,308
ozks,0.00650025,140
ozks,0.002862458,2
ozks,0.004557375,23
ozks,0.0043215,28
ozks,0.003325875,10
ozks,0.003970334,23
ozks,0.00518625,64
ozks,0.003126291,1
ozks,0.004401,46
ozks,0.002543166,0
ozks,0.005400958,83
ozks,0.00486425,56
ozks,0.003049333,1
ozks,0.003487333,11
ozks,0.0037655,17
ozks,0.006934542,93
ozks,0.002821417,1
ozks,0.007909208,183
ozks,0.003253625,9
ozks,0.004397042,36
ozks,0.004011708,30
ozks,0.0031745,5
ozks,0.002568,0
ozks,0.002987667,2
ozks,0.005305208,76
ozks,0.0076915,190
ozks,0.003181709,1
ozks,0.003014042,4
ozks,0.024569583,903
ozks,0.010136959,325
ozks,0.00879875,227
ozks,0.003131083,6
ozks,0.006725875,140
ozks,0.002866125,2
ozks,0.003148625,6
ozks,0.003874334,13
ozks,0.004409209,40
ozks,0.004698625,2
ozks,0.02239775,785
ozks,0.009944125,279
ozks,0.008153583,201
ozks,0.0030835,6
ozks,0.003472042,14
ozks,0.003752834,33
ozks,0.003073541,1
ozks,0.003389458,2
ozks,0.0038405,20
ozks,0.003285,7
ozks,0.002535833,0
ozks,0.003155125,3
ozks,0.002990625,4
ozks,0.002747541,0
ozks,0.003535625,18
ozks,0.024706667,852
ozks,0.0034055,8
ozks,0.003833667,16
ozks,0.002830208,1
ozks,0.004499458,53
ozks,0.003235667,7
ozks,0.01793975,633
ozks,0.002859541,2
ozks,0.004487542,42
ozks,0.003353208,8
ozks,0.005619583,109
ozks,0.0024105,0
ozks,0.003965125,17
ozks,0.002872584,1
ozks,0.00283625,2
ozks,0.004551292,44
ozks,0.002645458,0
ozks,0.016766041,608
ozks,0.007429208,182
ozks,0.003083417,1
ozks,0.003232209,8
ozks,0.004405208,41
ozks,0.003536166,18
ozks,0.004198292,37
ozks,0.003411916,7
ozks,0.003956042,19
ozks,0.004418541,40
ozks,0.017232417,606
ozks,0.003697833,14
ozks,0.004747375,69
ozks,0.004226417,44
ozks,0.003768583,15
ozks,0.0038465,23
ozks,0.006892,159
ozks,0.003514042,0
ozks,0.003223459,7
ozks,0.003450584,8
ozks,0.00811475,216
ozks,0.002907583,3
ozks,0.004283083,42
ozks,0.004494084,49
ozks,0.003548583,9
ozks,0.003928875,29
ozks,0.003173417,9
ozks,0.003201625,9
ozks,0.003104166,3
ozks,0.00305225,2
ozks,0.019165333,683
ozks,0.003059167,4
ozks,0.004041,24
ozks,0.00485125,28
ozks,0.003909709,26
ozks,0.00540375,93
ozks,0.002922,1
ozks,0.00381875,18
ozks,0.004218542,41
ozks,0.003018875,3
ozks,0.003739125,24
ozks,0.002901291,2
ozks,0.016194542,578
ozks,0.003255958,8
ozks,0.004762459,44
ozks,0.003622833,19
ozks,0.003448208,10
ozks,0.003636666,23
ozks,0.005708917,100
ozks,0.003351417,6
ozks,0.00234825,0
ozks,0.01492225,498
ozks,0.003824542,25
ozks,0.003631292,17
ozks,0.002763083,1
ozks,0.005076,38
ozks,0.003715334,6
ozks,0.003052583,0
ozks,0.003289083,8
ozks,0.011616,361
ozks,0.013904541,472
ozks,0.004045417,20
ozks,0.025786083,958
ozks,0.004223833,38
ozks,0.00307725,6
ozks,0.003015084,3
ozks,0.00335075,7
ozks,0.003781417,21
ozks,0.003949791,16
ozks,0.004220167,41
ozks,0.00464125,31
ozks,0.006975667,146
ozks,0.004348208,52
ozks,0.024211875,908
ozks,0.003292833,10
ozks,0.00941825,264
ozks,0.004405958,32
ozks,0.003065083,5
ozks,0.005504584,109
ozks,0.003802292,20
ozks,0.004105,31
ozks,0.002574333,0
ozks,0.004137125,39
ozks,0.005408125,37
ozks,0.004139667,22
ozks,0.003542166,8
ozks,0.004753042,34
ozks,0.00501425,11
ozks,0.003237792,4
ozks,0.023184,838
ozks,0.003796084,18
ozks,0.003683625,18
ozks,0.003457375,9
ozks,0.007354542,169
ozks,0.003193125,8
ozks,0.003531958,8
ozks,0.004026667,22
ozks,0.00532075,78
ozks,0.0140415,418
ozks,0.002425667,0
ozks,0.003832666,16
ozks,0.002490208,0
ozks,0.00621875,112
ozks,0.003172458,4
ozks,0.003165625,5
ozks,0.002501459,0
ozks,0.005706542,96
ozks,0.022757208,845
ozks,0.004272875,15
ozks,0.003591625,8
ozks,0.022303834,803
ozks,0.004248916,38
ozks,0.006112334,130
ozks,0.003246459,8
ozks,0.004146167,18
ozks,0.004084875,32
ozks,0.003930125,39
ozks,0.003810375,22
ozks,0.005047333,70
ozks,0.002852917,1
ozks,0.022125666,803
ozks,0.003920166,17
ozks,0.003677917,16
ozks,0.002411959,0
ozks,0.002299834,0
ozks,0.023937291,854
ozks,0.003364334,6
ozks,0.003002291,3
ozks,0.006647,141
ozks,0.003316875,4
ozks,0.003315041,3
ozks,0.007022583,143
ozks,0.006472958,88
ozks,0.006414791,136
ozks,0.003876375,14
ozks,0.011013875,322
ozks,0.00478475,58
ozks,0.00335225,11
ozks,0.003715458,17
ozks,0.003560542,13
ozks,0.0043015,44
ozks,0.003075875,5
ozks,0.003170166,4
ozks,0.003301709,2
ozks,0.003380416,2
ozks,0.006516084,70
ozks,0.00408025,17
ozks,0.006007083,122
ozks,0.003671209,25
ozks,0.003361916,3
ozks,0.003769292,15
ozks,0.006692458,139
ozks,0.003688375,17
ozks,0.003634917,18
ozks,0.003358209,10
ozks,0.004903458,64
ozks,0.00379025,10
ozks,0.00318625,4
ozks,0.004567041,50
ozks,0.008194625,202
ozks,0.004439042,39
ozks,0.003756,23
ozks,0.003252625,1
ozks,0.003262833,7
ozks,0.002741375,0
ozks,0.003302875,9
ozks,0.00311475,4
ozks,0.014794083,541
ozks,0.005947,77
ozks,0.004181792,39
ozks,0.003759625,24
ozks,0.003565792,9
ozks,0.004733042,74
ozks,0.00379625,25
ozks,0.005345292,101
ozks,0.003560875,16
ozks,0.002877792,1
ozks,0.004757583,59
ozks,0.003807625,23
ozks,0.002900125,2
ozks,0.003204958,1
ozks,0.006613917,102
ozks,0.003963542,32
ozks,0.002642167,0
ozks,0.0074095,158
ozks,0.005385084,80
ozks,0.002949084,2
ozks,0.003138459,4
ozks,0.003646916,17
ozks,0.009805208,272
ozks,0.021634833,743
ozks,0.003260958,2
ozks,0.002920959,1
ozks,0.004891958,44
ozks,0.00432025,13
ozks,0.00328175,7
ozks,0.0048865,56
ozks,0.002855667,1
ozks,0.003930375,23
ozks,0.004550375,53
ozks,0.007171,184
ozks,0.003991166,18
ozks,0.003608208,11
ozks,0.003459291,17
ozks,0.003600083,10
ozks,0.003938541,7
ozks,0.004131833,5
ozks,0.002913041,0
ozks,0.004488625,32
ozks,0.00435875,40
ozks,0.002637625,0
ozks,0.008221792,194
ozks,0.004318791,36
ozks,0.002460208,0
ozks,0.002365458,0
ozks,0.002943375,4
ozks,0.003461834,12
ozks,0.003789375,24
ozks,0.005690125,80
ozks,0.004213958,13
ozks,0.003427167,14
ozks,0.003166042,2
ozks,0.002362875,0
ozks,0.004195417,39
ozks,0.0222175,814
ozks,0.004518709,56
ozks,0.003538417,15
ozks,0.015999834,559
ozks,0.004231875,36
ozks,0.012460791,420
ozks,0.003079625,5
ozks,0.006351,93
ozks,0.003982625,9
ozks,0.004868459,54
ozks,0.003128708,8
ozks,0.013949458,449
ozks,0.003349166,8
ozks,0.0044845,54
ozks,0.007770875,202
ozks,0.010941792,321
ozks,0.0074325,179
ozks,0.0044865,43
ozks,0.006255625,138
ozks,0.003325916,1
ozks,0.004502959,26
ozks,0.003338083,5
ozks,0.010091334,234
ozks,0.009423667,76
ozks,0.00386125,18
ozks,0.012795042,392
ozks,0.003461416,6
ozks,0.003593333,8
ozks,0.003216167,4
ozks,0.002666125,0
ozks,0.002884708,1
ozks,0.019130458,664
ozks,0.007745291,139
ozks,0.004339917,24
ozks,0.002862541,1
ozks,0.002914458,2
ozks,0.003160708,6
ozks,0.004028333,20
ozks,0.003240041,6
ozks,0.003107292,3
ozks,0.0045085,56
ozks,0.002423333,0
ozks,0.0053735,74
ozks,0.003192833,6
ozks,0.021706084,808
ozks,0.003389583,4
ozks,0.003165917,7
ozks,0.0040475,17
ozks,0.0035695,13
ozks,0.004531416,56
ozks,0.007051208,152
ozks,0.004604666,54
ozks,0.003193875,3
ozks,0.004328667,43
ozks,0.00713875,146
ozks,0.00374825,18
ozks,0.005015667,66
ozks,0.004891916,60
ozks,0.0024705,0
ozks,0.003450333,9
ozks,0.002363,0
ozks,0.00371625,21
ozks,0.005453875,91
ozks,0.003023834,1
ozks,0.003047334,4
ozks,0.003877417,16
ozks,0.003600166,8
ozks,0.004188042,38
ozks,0.003436125,6
ozks,0.003127167,3
ozks,0.023472542,851
ozks,0.004909833,84
ozks,0.003147833,1
ozks,0.004245708,39
ozks,0.002403458,0
ozks,0.004506125,62
ozks,0.004271917,37
ozks,0.004445542,35
ozks,0.006799417,149
ozks,0.003132,5
ozks,0.003775333,24
ozks,0.002974,3
ozks,0.004242584,24
ozks,0.003057667,2
ozks,0.004068625,24
ozks,0.003186375,5
ozks,0.003824792,31
ozks,0.004039625,29
ozks,0.004060167,36
ozks,0.00326325,1
ozks,0.003294541,8
ozks,0.004368292,38
ozks,0.002953917,1
ozks,0.003482291,13
ozks,0.003318458,1
ozks,0.006952042,107
ozks,0.003032542,2
ozks,0.003394,5
ozks,0.009689542,256
ozks,0.004995916,71
ozks,0.007232708,177
ozks,0.003357833,7
ozks,0.003741833,22
ozks,0.003411291,8
ozks,0.003487667,10
ozks,0.004182041,27
ozks,0.005874709,63
ozks,0.003612125,10
ozks,0.006666875,146
ozks,0.006345334,116
ozks,0.003325709,9
ozks,0.004358291,38
ozks,0.003297083,5
ozks,0.020066125,764
ozks,0.003533292,15
ozks,0.003798584,26
ozks,0.003409666,8
ozks,0.004773333,44
ozks,0.004439292,24
ozks,0.003575667,17
ozks,0.002646458,0
ozks,0.003629959,15
ozks,0.003464125,7
ozks,0.003025416,3
ozks,0.004410958,29
ozks,0.0033085,9
ozks,0.005638458,109
ozks,0.004573084,67
ozks,0.005897875,119
ozks,0.0057085,94
ozks,0.004462625,8
ozks,0.002495792,0
ozks,0.002803084,0
ozks,0.002994792,4
ozks,0.003868625,29
ozks,0.003785167,26
ozks,0.0041445,26
ozks,0.004078458,38
ozks,0.003683958,16
ozks,0.003944833,28
ozks,0.002872333,2
ozks,0.002347125,0
ozks,0.0032385,1
ozks,0.002805333,0
ozks,0.003497416,16
ozks,0.004096541,28
ozks,0.003927125,28
ozks,0.003825625,21
ozks,0.014301708,475
ozks,0.006824167,149
ozks,0.004648791,66
ozks,0.004533541,43
ozks,0.003100083,8
ozks,0.003794291,14
ozks,0.003560959,10
ozks,0.024676125,940
ozks,0.003063291,0
ozks,0.00235375,0
ozks,0.004789458,67
ozks,0.003646583,9
ozks,0.004152875,17
ozks,0.00764825,171
ozks,0.004940833,15
ozks,0.003217917,4
ozks,0.003611542,13
ozks,0.007886708,164
ozks,0.003663666,7
ozks,0.002792875,1
ozks,0.005731125,105
ozks,0.004342709,21
ozks,0.0052875,86
ozks,0.003281708,8
ozks,0.004295042,41
ozks,0.004936458,55
ozks,0.003737,17
ozks,0.00407225,31
ozks,0.0031375,4
ozks,0.004311375,43
ozks,0.003188458,2
ozks,0.004046667,35
ozks,0.011870833,406
ozks,0.006639625,97
ozks,0.003879458,15
ozks,0.004177416,29
ozks,0.003106708,3
ozks,0.005538,92
ozks,0.006711166,146
ozks,0.003368917,3
ozks,0.003812084,29
ozks,0.002985209,3
ozks,0.004639208,37
ozks,0.0035685,14
ozks,0.0048025,55
ozks,0.015751875,521
ozks,0.003702667,7
ozks,0.003732625,26
ozks,0.007678083,172
ozks,0.00831,223
ozks,0.002794833,1
ozks,0.004599542,52
ozks,0.00368125,17
ozks,0.01016775,297
ozks,0.002248459,0
ozks,0.006141708,3
ozks,0.010868625,1
ozks,0.0044615,35
ozks,0.003796459,12
ozks,0.006967917,147
ozks,0.002427083,0
ozks,0.004342417,42
ozks,0.002974334,1
ozks,0.004495208,39
ozks,0.006737583,137
ozks,0.003529334,17
ozks,0.004429666,39
ozks,0.004422875,45
ozks,0.003720584,16
ozks,0.003840708,17
ozks,0.003322834,6
ozks,0.00512775,65
ozks,0.005339833,92
ozks,0.003152625,5
ozks,0.002660333,0
ozks,0.00313775,1
ozks,0.003773209,16
ozks,0.004146166,38
ozks,0.006739417,156
ozks,0.003548,17
ozks,0.004151458,32
ozks,0.003960792,24
ozks,0.009620042,263
ozks,0.003548667,20
ozks,0.016618542,588
ozks,0.003211625,2
ozks,0.005036792,78
ozks,0.004253791,46
ozks,0.002890333,1
ozks,0.006950042,168
ozks,0.006094709,109
ozks,0.00336175,8
ozks,0.00294,1
ozks,0.003831666,17
ozks,0.003088792,3
ozks,0.004192125,47
ozks,0.002940542,3
ozks,0.003388792,14
ozks,0.003258042,1
ozks,0.003175333,8
ozks,0.0034545,11
ozks,0.004226,29
ozks,0.00243325,0
ozks,0.004055625,32
ozks,0.00435875,40
ozks,0.020095958,685
ozks,0.0074685,149
ozks,0.004333,45
ozks,0.004239208,46
ozks,0.007659791,202
ozks,0.010097708,291
ozks,0.004612416,44
ozks,0.009027708,254
ozks,0.002865625,1
ozks,0.004006334,21
ozks,0.00409675,40
ozks,0.018450667,650
ozks,0.006582333,115
ozks,0.00424475,17
ozks,0.003998042,22
ozks,0.00949125,262
ozks,0.003367958,3
ozks,0.002964541,3
ozks,0.004719209,49
ozks,0.004857666,56
ozks,0.003334875,10
ozks,0.003202958,1
ozks,0.003048458,2
ozks,0.003626166,7
ozks,0.005223625,53
ozks,0.003120875,4
ozks,0.004316583,35
ozks,0.003065083,3
ozks,0.003155208,7
ozks,0.002985667,3
ozks,0.00290325,0
ozks,0.020411125,712
ozks,0.005463625,77
ozks,0.0031535,8
ozks,0.003181166,7
ozks,0.004096292,29
ozks,0.00261775,0
ozks,0.003905041,5
ozks,0.015741792,483
ozks,0.003956,17
ozks,0.002435041,0
ozks,0.004740167,48
ozks,0.004062375,22
ozks,0.004807833,62
ozks,0.00256025,0
ozks,0.006363625,143
ozks,0.003311708,9
ozks,0.003351,6
ozks,0.006765834,96
ozks,0.006602625,97
ozks,0.003994417,21
ozks,0.004990625,82
ozks,0.007097792,166
ozks,0.004173875,32
ozks,0.003911375,26
ozks,0.009135708,262
ozks,0.003717708,17
ozks,0.003946791,34
ozks,0.004191125,26
ozks,0.003475,5
ozks,0.005659833,109
ozks,0.003701917,23
ozks,0.026134167,983
ozks,0.002785292,1
ozks,0.003673334,22
ozks,0.004068042,21
ozks,0.004118583,35
ozks,0.002920875,3
ozks,0.003666792,20
ozks,0.003226416,1
ozks,0.003031292,2
ozks,0.004290334,39
ozks,0.009365375,260
ozks,0.004505875,23
ozks,0.003414583,1
ozks,0.003713917,18
ozks,0.003241,1
ozks,0.0048645,80
ozks,0.003529958,9
ozks,0.003200792,8
ozks,0.003234333,8
ozks,0.004511792,43
ozks,0.003728708,12
ozks,0.005037125,62
ozks,0.0100895,324
ozks,0.003246334,2
ozks,0.005924292,83
ozks,0.007253333,22
ozks,0.004774125,59
ozks,0.015626208,518
ozks,0.003279792,8
ozks,0.004761875,54
ozks,0.004898541,68
ozks,0.00348525,9
ozks,0.002985792,1
ozks,0.002832834,1
ozks,0.004396667,29
ozks,0.003900583,17
ozks,0.012055084,343
ozks,0.005785042,103
ozks,0.003447917,12
ozks,0.025245833,948
ozks,0.015191917,517
ozks,0.003883625,16
ozks,0.003791375,17
ozks,0.002682542,0
ozks,0.003888334,24
ozks,0.003552708,9
ozks,0.003431584,6
ozks,0.025806667,880
ozks,0.003285125,3
ozks,0.005955583,24
ozks,0.003313333,1
ozks,0.010984125,328
ozks,0.003110125,1
ozks,0.003029541,4
ozks,0.002495708,0
ozks,0.006069042,121
ozks,0.003547084,12
ozks,0.002896125,1
ozks,0.003252708,4
ozks,0.003198792,4
ozks,0.003325666,4
ozks,0.003270709,6
ozks,0.01509475,541
ozks,0.003580958,9
ozks,0.005057875,82
ozks,0.00428175,49
ozks,0.002776666,0
ozks,0.007081166,146
ozks,0.003471875,10
ozks,0.0041465,29
ozks,0.012079708,384
ozks,0.004168292,12
ozks,0.003573708,11
ozks,0.018080667,637
ozks,0.003480583,8
ozks,0.012749667,413
ozks,0.002299166,0
ozks,0.007952792,195
ozks,0.016639458,606
ozks,0.002939708,1
ozks,0.004119333,42
ozks,0.003147458,7
ozks,0.005350833,77
ozks,0.004363458,21
ozks,0.004663583,49
ozks,0.003645917,2
ozks,0.018973375,663
ozks,0.003662375,20
ozks,0.009835333,290
ozks,0.003112834,2
ozks,0.003124458,4
ozks,0.003973667,27
ozks,0.003271083,8
ozks,0.003147375,4
ozks,0.006662291,137
ozks,0.004336292,39
ozks,0.011993167,330
ozks,0.003587625,7
ozks,0.003286958,4
ozks,0.0025805,0
ozks,0.007708459,182
ozks,0.003209708,1
ozks,0.004170584,32
ozks,0.003663584,20
ozks,0.0030745,2
ozks,0.011647417,363
ozks,0.004189083,44
ozks,0.003226125,2
ozks,0.003727917,6
ozks,0.003083584,4
ozks,0.003987625,25
ozks,0.003906167,19
ozks,0.003438291,13
ozks,0.003093875,6
ozks,0.00304575,4
ozks,0.003787333,12
ozks,0.003064958,6
ozks,0.003522166,15
ozks,0.005368541,82
ozks,0.00395875,26
ozks,0.003434209,8
ozks,0.004327708,40
ozks,0.003962042,35
ozks,0.003876125,13
ozks,0.004502042,43
ozks,0.003609958,20
ozks,0.003271875,2
ozks,0.003465333,12
ozks,0.005449667,99
ozks,0.002996709,1
ozks,0.00452675,59
ozks,0.002639667,0
ozks,0.0030675,1
ozks,0.0034435,9
ozks,0.023854,953
ozks,0.002994833,1
ozks,0.003911375,17
ozks,0.020106875,712
ozks,0.004235208,39
ozks,0.005174917,83
ozks,0.003631458,13
ozks,0.003067458,3
ozks,0.003273375,3
ozks,0.009370792,264
ozks,0.006403042,102
ozks,0.003368875,8
ozks,0.00372825,18
ozks,0.00286125,1
ozks,0.006815375,161
ozks,0.002918333,1
ozks,0.003150541,3
ozks,0.011179875,360
ozks,0.002829042,1
ozks,0.002734459,0
ozks,0.003698542,15
ozks,0.003101416,4
ozks,0.00462825,50
ozks,0.002516333,0
ozks,0.004148792,23
ozks,0.003360041,4
ozks,0.003434,12
ozks,0.003983625,16
ozks,0.019138667,672
ozks,0.004510083,45
ozks,0.003611833,10
ozks,0.00250775,0
ozks,0.026619542,987
ozks,0.003583291,18
ozks,0.003940792,12
ozks,0.004000333,14
ozks,0.003916,7
ozks,0.003984458,21
ozks,0.003401292,9
ozks,0.003454583,3
ozks,0.004780042,60
ozks,0.003802084,22
ozks,0.003191958,4
ozks,0.003430542,5
ozks,0.003099417,5
ozks,0.004290334,30
ozks,0.0033625,8
ozks,0.003877541,18
ozks,0.004348167,18
ozks,0.003743417,2
ozks,0.003329791,1
ozks,0.005375333,82
ozks,0.004197625,21
ozks,0.003555709,10
ozks,0.002591375,0
ozks,0.002983458,1
ozks,0.003298458,6
ozks,0.003756791,13
ozks,0.003175833,6
ozks,0.003873416,14
ozks,0.004684833,27
ozks,0.005066708,43
ozks,0.002911333,1
ozks,0.005550959,91
ozks,0.005212084,75
ozks,0.006764833,128
ozks,0.004367417,11
ozks,0.003549083,15
ozks,0.004399958,35
ozks,0.006532625,135
ozks,0.00875075,238
ozks,0.0031465,1
ozks,0.005766208,91
ozks,0.008034875,148
ozks,0.003963834,28
ozks,0.004883208,74
ozks,0.003122125,1
ozks,0.019293208,692
ozks,0.003060833,3
ozks,0.003732583,20
ozks,0.003388666,2
ozks,0.005053708,70
ozks,0.003451667,11
ozks,0.00491575,70
ozks,0.003568583,17
ozks,0.003446084,10
ozks,0.01406075,409
ozks,0.003422375,5
ozks,0.006339875,112
ozks,0.003782792,14
ozks,0.004584667,48
ozks,0.004611625,60
ozks,0.004291166,44
ozks,0.003658375,18
ozks,0.003547375,17
ozks,0.004059333,29
ozks,0.00313575,4
ozks,0.00498575,65
ozks,0.003548209,9
ozks,0.007220042,143
ozks,0.00434075,34
ozks,0.0051645,81
ozks,0.003341167,10
ozks,0.002449083,0
ozks,0.003339,3
ozks,0.007326834,175
ozks,0.002536333,0
ozks,0.021349209,763
ozks,0.003104417,3
ozks,0.012785333,409
ozks,0.003300125,2
ozks,0.003246208,8
ozks,0.004229084,15
ozks,0.003651333,14
ozks,0.003268416,7
ozks,0.00310925,2
ozks,0.006931167,124
ozks,0.003411208,10
ozks,0.013745667,477
ozks,0.003444166,6
ozks,0.003367791,11
ozks,0.006270625,117
ozks,0.006628333,113
ozks,0.011657459,339
ozks,0.003896541,14
ozks,0.003628375,4
ozks,0.003186375,2
ozks,0.006571,147
ozks,0.00375625,12
ozks,0.003891292,28
ozks,0.00803625,54
ozks,0.015237917,498
ozks,0.010295042,264
ozks,0.003385583,3
ozks,0.005128167,54
ozks,0.003405708,8
ozks,0.00343575,8
ozks,0.00337975,8
ozks,0.003081709,4
ozks,0.005336334,92
ozks,0.006581958,119
ozks,0.004247375,32
ozks,0.003332417,6
ozks,0.002987333,3
ozks,0.007429917,171
ozks,0.003039708,6
ozks,0.004092292,9
ozks,0.002839334,1
ozks,0.003810667,5
ozks,0.0024415,0
ozks,0.011528542,335
ozks,0.024940833,940
ozks,0.003775167,13
ozks,0.003848417,9
ozks,0.003075375,1
ozks,0.002407125,0
ozks,0.002328667,0
ozks,0.002931041,1
ozks,0.013923208,399
ozks,0.003679459,8
ozks,0.0029525,0
ozks,0.003030167,4
ozks,0.006656375,146
ozks,0.002940333,2
ozks,0.003717833,13
ozks,0.002354291,0
ozks,0.015144958,541
ozks,0.003596959,15
ozks,0.006739333,133
ozks,0.005216584,76
ozks,0.003867375,31
ozks,0.00607175,87
ozks,0.003397083,8
ozks,0.003279583,3
ozks,0.002928708,2
ozks,0.003189834,7
ozks,0.024721125,915
ozks,0.005820459,105
ozks,0.003849333,18
ozks,0.002581209,0
ozks,0.006481291,149
ozks,0.00674575,146
ozks,0.004120625,40
ozks,0.00415,34
ozks,0.003177,4
ozks,0.003830916,8
ozks,0.003280834,11
ozks,0.00330825,5
ozks,0.004451083,44
ozks,0.005106834,82
ozks,0.002923042,1
ozks,0.002956208,2
ozks,0.003553125,13
ozks,0.002396042,0
ozks,0.0039395,16
ozks,0.002245,0
ozks,0.005906,66
ozks,0.003221875,2
ozks,0.003923834,9
ozks,0.005609959,99
ozks,0.002865209,1
ozks,0.004099083,38
ozks,0.005153292,81
ozks,0.003861167,16
ozks,0.003938166,32
ozks,0.004419083,39
ozks,0.002732292,1
ozks,0.00398975,28
ozks,0.002977,2
ozks,0.003494959,7
ozks,0.003257333,3
ozks,0.003502458,3
ozks,0.010226208,324
ozks,0.010250042,303
ozks,0.003395291,5
ozks,0.006709417,146
ozks,0.003847584,27
ozks,0.012441416,383
ozks,0.009489791,260
ozks,0.0033555,4
ozks,0.010129625,324
ozks,0.008723375,201
ozks,0.00437775,31
ozks,0.003368291,3
ozks,0.0058325,114
ozks,0.003608083,17
ozks,0.003911542,22
ozks,0.003123542,2
ozks,0.003819458,22
ozks,0.014698083,521
ozks,0.007038125,158
ozks,0.005772875,108
ozks,0.003207917,2
ozks,0.002977625,1
ozks,0.016003167,476
ozks,0.005734917,104
ozks,0.003746458,7
ozks,0.002574166,0
ozks,0.002903,1
ozks,0.002360709,0
ozks,0.006820833,153
ozks,0.004910708,64
ozks,0.003636125,10
ozks,0.003389,8
ozks,0.00359825,11
ozks,0.003500375,8
ozks,0.003037542,5
ozks,0.004108708,10
ozks,0.003657792,2
ozks,0.003370875,8
ozks,0.002993,2
ozks,0.007453083,180
ozks,0.009844708,272
ozks,0.00404575,18
ozks,0.004016417,31
ozks,0.014211916,460
ozks,0.004051334,30
ozks,0.005600625,91
ozks,0.00652175,99
ozks,0.003310625,6
ozks,0.008705625,175
ozks,0.003475792,5
ozks,0.003458583,8
ozks,0.004216167,48
ozks,0.003419416,4
ozks,0.004550375,54
ozks,0.006093291,123
ozks,0.004421667,31
ozks,0.003390334,10
ozks,0.002664541,0
ozks,0.003377166,7
ozks,0.006759458,117
ozks,0.004088333,20
ozks,0.003412708,7
ozks,0.00837125,202
ozks,0.004411959,30
ozks,0.004720791,46
ozks,0.006037,123
ozks,0.004444416,22
ozks,0.024773291,18
ozks,0.007844959,175
ozks,0.003721084,17
ozks,0.002405916,0
ozks,0.004370333,31
ozks,0.004106875,33
ozks,0.003907959,23
ozks,0.011644709,358
ozks,0.004238042,28
ozks,0.003681916,11
ozks,0.002922417,1
ozks,0.003442,9
ozks,0.003371208,11
ozks,0.003533459,8
ozks,0.002963542,2
ozks,0.003636125,20
ozks,0.004055541,40
ozks,0.005405041,88
ozks,0.004806708,47
ozks,0.003758458,12
ozks,0.005867667,121
ozks,0.025191958,1000
ozks,0.006558125,123
ozks,0.003906083,28
ozks,0.005218459,68
ozks,0.003454334,11
ozks,0.00320925,4
ozks,0.004437125,26
ozks,0.005983708,111
ozks,0.006342167,93
ozks,0.003815042,3
ozks,0.008775792,166
ozks,0.002529375,0
ozks,0.005945625,109
ozks,0.003959875,12
ozks,0.021690542,768
ozks,0.007093375,156
ozks,0.010380084,325
ozks,0.003127209,1
ozks,0.008353209,227
ozks,0.023768917,856
ozks,0.004166125,37
ozks,0.003849333,12
ozks,0.003683666,7
ozks,0.003836958,26
ozks,0.012177042,379
ozks,0.0032155,4
ozks,0.003634458,10
ozks,0.002883416,0
ozks,0.003542333,11
ozks,0.011313542,343
ozks,0.025440709,941
ozks,0.003016708,2
ozks,0.003905,21
ozks,0.005578333,55
ozks,0.003868625,16
ozks,0.005056334,60
ozks,0.004965333,56
ozks,0.003386542,1
ozks,0.005560583,101
ozks,0.002430667,0
ozks,0.00352825,17
ozks,0.00874625,251
ozks,0.005029042,68
ozks,0.018552083,633
ozks,0.003837584,17
ozks,0.003634334,20
ozks,0.002715417,0
ozks,0.007047875,153
ozks,0.00373775,2
ozks,0.0056325,70
ozks,0.003463625,8
ozks,0.003060667,2
ozks,0.004289333,36
ozks,0.003254209,3
ozks,0.002513625,0
ozks,0.006645208,149
ozks,0.004257083,39
ozks,0.004234667,28
ozks,0.003510584,6
ozks,0.008819709,208
ozks,0.0035135,4
ozks,0.003755458,19
ozks,0.016103709,542
ozks,0.003550875,9
ozks,0.003181541,1
ozks,0.004076791,35
ozks,0.003647417,18
ozks,0.0031445,1
ozks,0.003190833,5
ozks,0.003322708,2
ozks,0.005489417,55
ozks,0.004682333,58
ozks,0.012107,338
ozks,0.003477917,7
ozks,0.003894208,23
ozks,0.002946875,1
ozks,0.003380584,8
ozks,0.003698583,9
ozks,0.004581292,56
ozks,0.016433833,551
ozks,0.003169666,5
ozks,0.004581875,53
ozks,0.004005292,6
ozks,0.0032315,1
ozks,0.004678625,43
ozks,0.003326166,2
ozks,0.003874083,27
ozks,0.006888709,161
ozks,0.003289167,4
ozks,0.003497292,13
ozks,0.003205334,2
ozks,0.003227958,6
ozks,0.006526666,138
ozks,0.003599208,14
ozks,0.003652125,10
ozks,0.008429042,222
ozks,0.003377709,8
ozks,0.0036235,7
ozks,0.003767167,24
ozks,0.003629292,10
ozks,0.002974791,1
ozks,0.0046115,48
ozks,0.007721375,164
ozks,0.003212416,4
ozks,0.004177375,2
ozks,0.003418875,11
ozks,0.005246458,38
ozks,0.008164,223
ozks,0.003165333,4
ozks,0.003353459,1
ozks,0.004471083,41
ozks,0.00398975,18
ozks,0.004725208,47
ozks,0.00320775,3
ozks,0.004476541,36
ozks,0.003047916,1
ozks,0.003804125,13
ozks,0.003142958,3
ozks,0.004750292,35
ozks,0.003182083,5
ozks,0.003963584,7
ozks,0.003371291,9
ozks,0.003061125,2
ozks,0.00349275,5
ozks,0.004969833,77
ozks,0.010249875,324
ozks,0.006709875,132
ozks,0.00441725,36
ozks,0.003635542,4
ozks,0.003002083,2
ozks,0.005509417,53
ozks,0.003331083,6
ozks,0.003739458,10
ozks,0.00341925,7
ozks,0.00343325,3
ozks,0.004282041,33
ozks,0.005421375,93
ozks,0.003090625,1
ozks,0.002907083,2
ozks,0.003447375,9
ozks,0.003206459,3
ozks,0.004165166,33
ozks,0.0033675,8
ozks,0.004304208,23
ozks,0.003091083,3
ozks,0.00355975,12
ozks,0.005506792,106
ozks,0.007521125,154
ozks,0.003353625,7
ozks,0.004510167,16
ozks,0.002844,0
ozks,0.005123084,62
ozks,0.004352417,30
ozks,0.004305416,21
ozks,0.002979416,0
ozks,0.022918834,876
ozks,0.003751708,17
ozks,0.003368875,9
ozks,0.004199666,25
ozks,0.006189417,124
ozks,0.006523834,123
ozks,0.013724459,438
ozks,0.002584,0
ozks,0.002983,1
ozks,0.004448291,23
ozks,0.003493792,15
ozks,0.004286,18
ozks,0.004163625,28
ozks,0.003938875,14
ozks,0.002993584,1
ozks,0.005466541,79
ozks,0.003898583,23
ozks,0.003886166,26
ozks,0.003612792,17
ozks,0.015699416,524
ozks,0.004530958,48
ozks,0.003568416,9
ozks,0.005097875,24
ozks,0.004431667,23
ozks,0.003583667,1
ozks,0.003274458,3
ozks,0.007275375,136
ozks,0.004448209,45
ozks,0.013019459,410
ozks,0.003261916,4
ozks,0.00826625,199
ozks,0.003236833,1
ozks,0.003815291,26
ozks,0.004480125,49
ozks,0.003334833,10
ozks,0.009533125,257
ozks,0.006402916,109
ozks,0.006890625,140
ozks,0.00361775,10
ozks,0.015593875,529
ozks,0.003083041,8
ozks,0.006914083,161
ozks,0.00566675,97
ozks,0.003854042,5
ozks,0.003305,3
ozks,0.005342625,90
ozks,0.003509333,17
ozks,0.005840417,64
ozks,0.007034209,1
ozks,0.003523584,8
ozks,0.004877833,45
ozks,0.005819625,102
ozks,0.005627,90
ozks,0.004242083,16
ozks,0.003316166,5
ozks,0.003763791,17
ozks,0.003698083,25
ozks,0.003378583,10
ozks,0.007332375,151
ozks,0.006040125,126
ozks,0.004055084,44
ozks,0.0027635,0
ozks,0.007004583,173
ozks,0.005267,50
ozks,0.004110917,18
ozks,0.004766375,50
ozks,0.007274333,156
ozks,0.003226542,1
ozks,0.003695875,18
ozks,0.002962209,4
ozks,0.006968708,162
ozks,0.005782791,100
ozks,0.011888416,350
ozks,0.021309875,761
ozks,0.003352084,8
ozks,0.003889125,28
ozks,0.007278375,133
ozks,0.008790958,231
ozks,0.008323708,212
ozks,0.004225333,46
ozks,0.003381292,9
ozks,0.02589375,983
ozks,0.003222375,7
ozks,0.002952584,1
ozks,0.004174584,45
ozks,0.00396225,36
ozks,0.003897542,31
ozks,0.003117917,2
ozks,0.003783291,6
ozks,0.007808375,209
ozks,0.005519666,100
ozks,0.002878083,1
ozks,0.003121917,8
ozks,0.002761875,1
ozks,0.003122167,3
ozks,0.005215209,84
ozks,0.003078667,0
ozks,0.017195125,608
ozks,0.007808125,209
ozks,0.003651917,6
ozks,0.004052417,38
ozks,0.022444917,849
ozks,0.005007417,63
ozks,0.003715625,14
ozks,0.00324925,7
ozks,0.00320825,1
ozks,0.005966,94
ozks,0.003378292,8
ozks,0.003864583,8
ozks,0.003178083,6
ozks,0.003576791,16
ozks,0.003105417,1
ozks,0.003249958,9
ozks,0.00433925,29
ozks,0.003862541,29
ozks,0.003549083,7
ozks,0.006744292,146
ozks,0.003523875,19
ozks,0.002404791,0
ozks,0.003447958,12
ozks,0.004192917,36
ozks,0.004523833,25
ozks,0.00232575,0
ozks,0.008004,200
ozks,0.003563167,7
ozks,0.004713333,64
ozks,0.00333375,9
ozks,0.005076459,69
ozks,0.003038959,5
ozks,0.003181334,7
ozks,0.003547125,16
ozks,0.003077791,2
ozks,0.003620208,17
ozks,0.010674334,343
ozks,0.003982625,22
ozks,0.010106875,327
ozks,0.003194916,8
ozks,0.003285667,6
ozks,0.003635208,17
ozks,0.004978375,69
ozks,0.00322925,1
ozks,0.003029875,4
ozks,0.006724708,157
ozks,0.003311666,8
ozks,0.007997042,198
ozks,0.003601292,8
ozks,0.003814334,31
ozks,0.007691708,205
ozks,0.003044833,1
ozks,0.003067334,5
ozks,0.002950667,2
ozks,0.004114,25
ozks,0.00371675,15
ozks,0.003448959,8
ozks,0.003749292,21
ozks,0.003262833,4
ozks,0.006679,140
ozks,0.004135917,28
ozks,0.002672125,0
ozks,0.00305975,1
ozks,0.002899417,1
ozks,0.005227083,72
ozks,0.007291583,176
ozks,0.022519291,830
ozks,0.01074,350
ozks,0.00664725,141
ozks,0.002453958,0
ozks,0.003711833,24
ozks,0.007287084,158
ozks,0.00332875,2
ozks,0.003601041,17
ozks,0.026186625,993
ozks,0.004129292,12
ozks,0.003120167,4
ozks,0.003487833,17
ozks,0.004049083,35
ozks,0.003467875,9
ozks,0.003219833,7
ozks,0.005043083,67
ozks,0.003275,2
ozks,0.005232084,92
ozks,0.004859625,76
ozks,0.003596333,19
ozks,0.004263584,43
ozks,0.0035045,8
ozks,0.003489042,9
ozks,0.002921209,1
ozks,0.010446792,304
ozks,0.01225075,382
ozks,0.0034435,9
ozks,0.002451125,0
ozks,0.003895042,17
ozks,0.002882166,1
ozks,0.00230775,0
ozks,0.00255025,0
ozks,0.012002625,379
ozks,0.002929042,3
ozks,0.00432075,35
ozks,0.004423708,29
ozks,0.002664875,0
ozks,0.003116458,6
ozks,0.014672375,476
ozks,0.002546333,0
ozks,0.003039458,3
ozks,0.008797667,234
ozks,0.005622417,69
ozks,0.003988541,6
ozks,0.004423542,17
ozks,0.00249325,0
ozks,0.003592958,6
ozks,0.003165792,1
ozks,0.002730209,1
ozks,0.0031195,8
ozks,0.004980833,60
ozks,0.003279459,2
ozks,0.003330917,9
ozks,0.00221875,0
ozks,0.008354209,201
ozks,0.003879791,14
ozks,0.003031416,5
ozks,0.003727542,8
ozks,0.003669208,13
ozks,0.002917875,1
ozks,0.003333125,1
ozks,0.004087667,35
ozks,0.003249209,7
ozks,0.006695459,147
ozks,0.002287375,0
ozks,0.004988166,59
ozks,0.004884292,51
ozks,0.003930625,25
ozks,0.002845042,2
ozks,0.003010584,2
ozks,0.004800542,76
ozks,0.01395125,438
ozks,0.003086583,8
ozks,0.003656083,11
ozks,0.003381167,10
ozks,0.010163375,297
ozks,0.007200083,153
ozks,0.003013958,5
ozks,0.007025375,152
ozks,0.003095209,4
ozks,0.00275275,0
ozks,0.003604125,2
ozks,0.003041625,6
ozks,0.003920916,16
ozks,0.018876625,647
ozks,0.003172167,2
ozks,0.00347975,13
ozks,0.002951875,2
ozks,0.002599584,0
ozks,0.004610084,64
ozks,0.008156542,206
ozks,0.003726333,15
ozks,0.003986208,35
ozks,0.003908208,9
ozks,0.002954667,1
ozks,0.004101208,33
ozks,0.003052625,3
ozks,0.003751083,13
ozks,0.003240416,2
ozks,0.00843625,202
ozks,0.021300625,353
ozks,0.003024625,3
ozks,0.003229875,3
ozks,0.002804459,0
ozks,0.0035405,3
ozks,0.004477125,29
ozks,0.002918708,0
ozks,0.002972625,2
ozks,0.003217208,7
ozks,0.003512666,17
ozks,0.004060542,34
ozks,0.012141459,382
ozks,0.003211292,4
ozks,0.007405041,157
ozks,0.003221084,5
ozks,0.023086708,907
ozks,0.002382458,0
ozks,0.003745166,13
ozks,0.005646792,64
ozks,0.003336708,11
ozks,0.004188417,25
ozks,0.003201042,7
ozks,0.003367333,11
ozks,0.004626792,59
ozks,0.0036275,17
ozks,0.0022775,0
ozks,0.010170583,327
ozks,0.003231625,2
ozks,0.003086625,4
ozks,0.00381025,20
ozks,0.004478209,39
ozks,0.015294084,541
ozks,0.003464625,17
ozks,0.00314725,8
ozks,0.003643666,13
ozks,0.003552083,8
ozks,0.00371,17
ozks,0.00248475,0
ozks,0.0040575,38
ozks,0.004443333,36
ozks,0.003056917,1
ozks,0.002958209,1
ozks,0.00567825,99
ozks,0.02715475,893
ozks,0.00601525,107
ozks,0.00394175,32
ozks,0.003685,18
ozks,0.004112417,17
ozks,0.00333775,6
ozks,0.004383792,28
ozks,0.007254917,168
ozks,0.006833125,160
ozks,0.004045,15
ozks,0.017502333,634
ozks,0.003359625,5
ozks,0.005625,83
ozks,0.003474667,13
ozks,0.003287291,6
ozks,0.004251625,39
ozks,0.004008541,24
ozks,0.004973125,77
ozks,0.003090542,6
ozks,0.004922042,54
ozks,0.004683208,52
ozks,0.002901584,2
ozks,0.00526375,84
ozks,0.003846166,13
ozks,0.003889291,28
ozks,0.003792666,7
ozks,0.006279583,128
ozks,0.003728625,21
ozks,0.00719825,158
ozks,0.003285,8
ozks,0.007950792,183
ozks,0.011329875,337
ozks,0.002959834,1
ozks,0.003204541,1
ozks,0.003290875,3
ozks,0.005627542,110
ozks,0.003600083,13
ozks,0.003452208,1
ozks,0.007859292,201
ozks,0.003513083,10
ozks,0.002870125,1
ozks,0.003065625,1
ozks,0.002834416,1
ozks,0.00475925,63
ozks,0.004759125,62
ozks,0.003140708,1
ozks,0.003874,11
ozks,0.002965875,1
ozks,0.0031205,8
ozks,0.00321675,2
ozks,0.003271375,8
ozks,0.003620084,10
ozks,0.005148208,43
ozks,0.003515334,6
ozks,0.00354125,10
ozks,0.004016167,10
ozks,0.003376583,8
ozks,0.003687208,8
ozks,0.010152125,325
ozks,0.004100333,14
ozks,0.003205459,8
ozks,0.002687833,0
ozks,0.005680875,95
ozks,0.0023745,0
ozks,0.003519208,8
ozks,0.006632375,146
ozks,0.010267792,307
ozks,0.005982708,100
ozks,0.006400875,135
ozks,0.0056015,92
ozks,0.003208459,4
ozks,0.007261417,134
ozks,0.004827959,53
ozks,0.003675666,13
ozks,0.00524525,49
ozks,0.003360542,8
ozks,0.003157875,1
ozks,0.0050465,57
ozks,0.003588667,15
ozks,0.003287792,7
ozks,0.003294583,8
ozks,0.003389208,6
ozks,0.0032425,6
ozks,0.009020208,250
ozks,0.002941791,4
ozks,0.002317666,0
ozks,0.002964542,1
ozks,0.004083333,10
ozks,0.002975042,2
ozks,0.021602666,770
ozks,0.003407833,8
ozks,0.007007292,142
ozks,0.002990917,1
ozks,0.003183334,1
ozks,0.004294167,46
ozks,0.00437825,34
ozks,0.003706917,8
ozks,0.003493958,8
ozks,0.003645125,18
ozks,0.003198209,1
ozks,0.00417175,12
ozks,0.00719225,129
ozks,0.003241416,1
ozks,0.006531166,2
ozks,0.007084167,159
ozks,0.003383167,6
ozks,0.003164709,1
ozks,0.00313375,2
ozks,0.004998791,52
ozks,0.004131042,14
ozks,0.00400125,26
ozks,0.003080292,4
ozks,0.003635625,15
ozks,0.004184041,21
ozks,0.003493625,9
ozks,0.004759875,69
ozks,0.003474042,16
ozks,0.003114792,4
ozks,0.003865625,23
ozks,0.003039583,4
ozks,0.00227275,0
ozks,0.003104625,2
ozks,0.00354725,10
ozks,0.003532791,8
ozks,0.003405917,3
ozks,0.009477917,214
ozks,0.004009458,31
ozks,0.003733291,11
ozks,0.005899625,92
ozks,0.003938834,26
ozks,0.009060208,256
ozks,0.003236042,1
ozks,0.0040315,30
ozks,0.003238292,6
ozks,0.002994166,2
ozks,0.003300167,9
ozks,0.003062292,4
ozks,0.003609666,21
ozks,0.003627583,19
ozks,0.003187083,0
ozks,0.00521075,77
ozks,0.003775125,14
ozks,0.011020583,288
ozks,0.004418459,36
ozks,0.003856,25
ozks,0.004004583,18
ozks,0.00365825,1
ozks,0.003862042,20
ozks,0.019692791,738
ozks,0.005525708,51
ozks,0.026565708,997
ozks,0.002928792,3
ozks,0.002945041,1
ozks,0.004341125,34
ozks,0.003231,7
ozks,0.002935791,1
ozks,0.01253725,364
ozks,0.003005125,2
ozks,0.003351083,4
ozks,0.005208958,86
ozks,0.002899209,3
ozks,0.006958584,169
ozks,0.003884667,4
ozks,0.003072375,1
ozks,0.003421625,6
ozks,0.003261,5
ozks,0.004110417,28
ozks,0.00307625,1
ozks,0.003028833,2
ozks,0.003693875,9
ozks,0.002349916,0
ozks,0.003598625,8
ozks,0.003407667,10
ozks,0.003655083,9
ozks,0.003661,17
ozks,0.003572708,5
ozks,0.003552333,17
ozks,0.003990625,36
ozks,0.003130166,2
ozks,0.003511,11
ozks,0.004152208,25
ozks,0.002467708,0
ozks,0.003455584,1
ozks,0.009814667,291
ozks,0.004397333,42
ozks,0.003584166,11
ozks,0.003716125,8
ozks,0.006731833,145
ozks,0.004672709,67
ozks,0.00511525,84
ozks,0.003262458,8
ozks,0.003547125,17
ozks,0.003355,4
ozks,0.002832917,1
ozks,0.004092959,17
ozks,0.00231675,0
ozks,0.0035505,10
ozks,0.00338075,8
ozks,0.009490333,272
ozks,0.00595825,111
ozks,0.005086375,81
ozks,0.019790708,664
ozks,0.003449083,3
ozks,0.002783625,1
ozks,0.003494834,10
ozks,0.00564125,99
ozks,0.004378416,25
ozks,0.004486208,15
ozks,0.0045395,49
ozks,0.003196875,7
ozks,0.003988667,20
ozks,0.003260708,10
ozks,0.00330425,6
ozks,0.003606083,12
ozks,0.003179709,2
ozks,0.020586042,746
ozks,0.018169875,646
ozks,0.019438292,685
ozks,0.0040175,33
ozks,0.003582125,8
ozks,0.003848834,24
ozks,0.003386292,8
ozks,0.003021834,3
ozks,0.00389075,8
ozks,0.00341825,1
ozks,0.002932833,1
ozks,0.002893917,1
ozks,0.003366041,2
ozks,0.003256166,8
ozks,0.005597333,109
ozks,0.005629458,66
ozks,0.003501041,15
ozks,0.004540792,23
ozks,0.004225833,33
ozks,0.007545625,193
ozks,0.003779,13
ozks,0.004252625,19
ozks,0.005519292,106
ozks,0.003061375,1
ozks,0.006524083,135
ozks,0.002997333,3
ozks,0.004172917,34
ozks,0.00368625,19
ozks,0.003660166,13
ozks,0.003336417,9
ozks,0.006959458,129
ozks,0.007078583,163
ozks,0.004082125,20
ozks,0.004083459,37
ozks,0.024200583,893
ozks,0.003581208,7
ozks,0.007186334,165
ozks,0.002482417,0
ozks,0.003435375,3
ozks,0.006130458,126
ozks,0.003036792,3
ozks,0.006669041,111
ozks,0.020709625,794
ozks,0.012841417,412
ozks,0.004381167,44
ozks,0.003144625,2
ozks,0.002408583,0
ozks,0.007435041,177
ozks,0.005386292,91
ozks,0.010028542,325
ozks,0.003612917,8
ozks,0.004223833,23
ozks,0.003964333,16
ozks,0.003261708,4
ozks,0.00340725,3
ozks,0.004501333,56
ozks,0.004019375,28
ozks,0.003954125,8
ozks,0.006501125,137
ozks,0.003045583,4
ozks,0.003489875,14
ozks,0.003591292,8
ozks,0.002378917,0
ozks,0.004673375,28
ozks,0.004901833,34
ozks,0.005012209,62
ozks,0.00365825,9
ozks,0.004539417,48
ozks,0.006068875,105
ozks,0.00387675,13
ozks,0.003300667,1
ozks,0.003336292,1
ozks,0.002969833,1
ozks,0.003266958,8
ozks,0.005196292,79
ozks,0.0036415,8
ozks,0.00287725,1
ozks,0.003904459,4
ozks,0.003241666,8
ozks,0.004554333,54
ozks,0.009444375,264
ozks,0.003317625,8
ozks,0.003764417,2
ozks,0.003134583,4
ozks,0.004560541,52
ozks,0.003619917,10
ozks,0.003858667,24
ozks,0.002458375,0
ozks,0.003519833,7
ozks,0.0025495,0
ozks,0.019548917,676
ozks,0.006556583,147
ozks,0.002387667,0
ozks,0.01002425,297
ozks,0.014538708,442
ozks,0.004750041,66
ozks,0.003156125,1
ozks,0.003495583,12
ozks,0.002871792,0
ozks,0.002930208,1
ozks,0.002977917,2
ozks,0.007971334,187
ozks,0.0043925,46
ozks,0.00654725,137
ozks,0.004104875,37
ozks,0.003616375,15
ozks,0.003338208,2
ozks,0.004018917,11
ozks,0.003484042,7
ozks,0.002520209,0
ozks,0.004142375,22
ozks,0.0032215,5
ozks,0.003865167,20
ozks,0.006101166,107
ozks,0.003954375,27
ozks,0.004946459,63
ozks,0.005104208,62
ozks,0.00317875,1
ozks,0.002934291,1
ozks,0.003201333,6
ozks,0.003327333,4
ozks,0.003289583,8
ozks,0.003608459,16
ozks,0.003498625,5
ozks,0.003090208,4
ozks,0.006222792,116
ozks,0.013586333,378
ozks,0.003296458,1
ozks,0.0034735,13
ozks,0.015941667,542
ozks,0.0031025,4
ozks,0.002863917,0
ozks,0.0266955,998
ozks,0.019905167,699
ozks,0.018978083,675
ozks,0.00289925,0
ozks,0.008362459,231
ozks,0.003410125,13
ozks,0.003083208,5
ozks,0.003829833,10
ozks,0.004134834,40
ozks,0.003074791,1
ozks,0.003148333,3
ozks,0.006820458,149
ozks,0.003146708,1
ozks,0.004013833,21
ozks,0.009094667,244
ozks,0.0041585,18
ozks,0.026761125,999
ozks,0.003573625,12
ozks,0.0128745,2
ozks,0.006545542,127
ozks,0.004142959,37
ozks,0.003166625,1
ozks,0.003652125,17
ozks,0.018597458,669
ozks,0.005250584,39
ozks,0.003171125,2
ozks,0.003577958,14
ozks,0.003126208,4
ozks,0.003522875,8
ozks,0.003748666,21
ozks,0.003350958,8
ozks,0.002975541,2
ozks,0.00731025,175
ozks,0.005532959,99
ozks,0.009678833,274
ozks,0.002370333,0
ozks,0.006234,117
ozks,0.003298292,8
ozks,0.003251708,5
ozks,0.003376875,17
ozks,0.003912041,24
ozks,0.004839584,59
ozks,0.003030625,4
ozks,0.0034775,8
ozks,0.006918667,149
ozks,0.006783584,145
ozks,0.002932583,1
ozks,0.003013958,6
ozks,0.002526541,0
ozks,0.012709291,413
ozks,0.006742,159
ozks,0.003300458,8
ozks,0.002608042,0
ozks,0.003874375,30
ozks,0.00421375,28
ozks,0.003367917,13
ozks,0.005371458,58
ozks,0.003122875,7
ozks,0.003951875,32
ozks,0.002824167,1
ozks,0.003809208,17
ozks,0.003518875,14
ozks,0.019312583,734
ozks,0.013216458,425
ozks,0.003297959,7
ozks,0.003457792,16
ozks,0.005408291,0
ozks,0.003203459,1
ozks,0.008756417,237
ozks,0.00296425,1
ozks,0.00409575,28
ozks,0.002938333,2
ozks,0.006782959,128
ozks,0.010064417,252
ozks,0.00310325,2
ozks,0.010439917,325
ozks,0.005649167,104
ozks,0.012095209,384
ozks,0.004697,65
ozks,0.003287959,7
ozks,0.003215083,4
ozks,0.004705667,62
ozks,0.006587708,146
ozks,0.003136042,1
ozks,0.018135209,633
ozks,0.009078834,225
ozks,0.003768917,25
ozks,0.003360209,3
ozks,0.003092792,3
ozks,0.005818875,89
ozks,0.003912959,17
ozks,0.003129541,5
ozks,0.003942084,28
ozks,0.005239125,75
ozks,0.022959792,880
ozks,0.003263,1
ozks,0.003501666,17
ozks,0.005515333,41
ozks,0.003271458,6
ozks,0.004006042,17
ozks,0.005645916,77
ozks,0.003596542,9
ozks,0.003206084,2
ozks,0.002987208,3
ozks,0.003241958,0
ozks,0.007014625,158
ozks,0.004158083,28
ozks,0.006667042,140
ozks,0.003174166,2
ozks,0.006917792,143
ozks,0.0046025,54
ozks,0.002491167,0
ozks,0.00330275,5
ozks,0.003612583,17
ozks,0.003101334,5
ozks,0.0252125,948
ozks,0.008053041,201
ozks,0.00417875,18
ozks,0.003579083,12
ozks,0.003283583,3
ozks,0.006473583,145
ozks,0.003984917,16
ozks,0.009665917,240
ozks,0.013650375,451
ozks,0.008369208,225
ozks,0.0029015,2
ozks,0.008011083,209
ozks,0.004752792,72
ozks,0.003051917,1
ozks,0.003487958,12
ozks,0.008063666,148
ozks,0.004217459,33
ozks,0.003246334,1
ozks,0.003801584,12
ozks,0.013441916,1
ozks,0.002450875,0
ozks,0.002847958,2
ozks,0.003843792,20
ozks,0.003280125,3
ozks,0.003465458,17
ozks,0.004616833,44
ozks,0.0041665,18
ozks,0.004281958,22
ozks,0.003248208,1
ozks,0.003585833,18
ozks,0.003720375,14
ozks,0.003808125,10
ozks,0.003251542,6
ozks,0.006854541,146
ozks,0.012329333,383
ozks,0.004938875,60
ozks,0.003294541,7
ozks,0.00243825,0
ozks,0.005621792,114
ozks,0.003367375,11
ozks,0.003659958,17
ozks,0.00311375,5
ozks,0.003750084,13
ozks,0.004046709,25
ozks,0.003215375,2
ozks,0.004952542,74
ozks,0.003409959,6
ozks,0.002423125,0
ozks,0.004255458,47
ozks,0.003452583,12
ozks,0.010209792,302
ozks,0.016711875,521
ozks,0.002954375,1
ozks,0.019045542,680
ozks,0.004165583,24
ozks,0.006192625,107
ozks,0.004376958,13
ozks,0.004011042,21
ozks,0.003054042,1
ozks,0.012056875,370
ozks,0.003685042,22
ozks,0.003850417,17
ozks,0.003079958,3
ozks,0.003234458,1
ozks,0.003988666,9
ozks,0.003482792,11
ozks,0.00336725,8
ozks,0.003055709,3
ozks,0.005102042,68
ozks,0.006277208,91
ozks,0.004923125,65
ozks,0.00270275,0
ozks,0.003930166,17
ozks,0.00500475,63
ozks,0.004012209,26
ozks,0.005640417,88
ozks,0.004278458,35
ozks,0.005757541,69
ozks,0.012765833,438
ozks,0.003261042,8
ozks,0.003942916,26
ozks,0.003190125,6
ozks,0.00335175,1
ozks,0.003168041,5
ozks,0.025987417,983
ozks,0.003612792,17
ozks,0.003181959,1
ozks,0.00323425,2
ozks,0.026897542,998
ozks,0.003305917,9
ozks,0.004341125,15
ozks,0.003254333,8
ozks,0.002726083,0
ozks,0.0040515,30
ozks,0.003519209,17
ozks,0.00860025,187
ozks,0.003502459,16
ozks,0.003433459,9
ozks,0.003527667,12
ozks,0.003240333,2
ozks,0.003534584,13
ozks,0.020887958,750
ozks,0.018589458,558
ozks,0.003158417,5
ozks,0.003635542,8
ozks,0.016256167,564
ozks,0.003645083,20
ozks,0.003692125,13
ozks,0.006426,131
ozks,0.004000416,21
ozks,0.002878583,1
ozks,0.004010459,22
ozks,0.003003333,2
ozks,0.003764666,13
ozks,0.003085875,2
ozks,0.003401958,1
ozks,0.004536541,19
ozks,0.00339025,3
ozks,0.004040083,28
ozks,0.003680292,12
ozks,0.007388792,134
ozks,0.003585292,8
ozks,0.003611917,18
ozks,0.007257625,158
ozks,0.006984541,158
ozks,0.002359583,0
ozks,0.003808708,17
ozks,0.005241667,54
ozks,0.003177917,1
ozks,0.010063666,324
ozks,0.010865834,342
ozks,0.014574958,488
ozks,0.024136125,881
ozks,0.007809167,164
ozks,0.002990083,2
ozks,0.003947041,25
ozks,0.022050583,825
ozks,0.003816584,16
ozks,0.003838791,13
ozks,0.009243,262
ozks,0.004109167,31
ozks,0.007502083,163
ozks,0.004344917,46
ozks,0.02539725,941
ozks,0.017071458,595
ozks,0.003233792,6
ozks,0.010597208,339
ozks,0.004776375,62
ozks,0.003028958,4
ozks,0.004458333,55
ozks,0.003381209,8
ozks,0.021053833,740
ozks,0.00335,7
ozks,0.014357833,473
ozks,0.003741583,19
ozks,0.003319208,9
ozks,0.020225291,710
ozks,0.0037495,4
ozks,0.003372042,7
ozks,0.003255916,8
ozks,0.003618458,8
ozks,0.00296325,1
ozks,0.004221292,37
ozks,0.002494125,0
ozks,0.0034855,7
ozks,0.004198333,26
ozks,0.003677625,17
ozks,0.007717375,169
ozks,0.020814666,737
ozks,0.003250292,6
ozks,0.003605208,9
ozks,0.002937541,3
ozks,0.0034235,5
ozks,0.003022916,3
ozks,0.007018834,147
ozks,0.004055375,14
ozks,0.002932542,1
ozks,0.004305625,27
ozks,0.002931,1
ozks,0.003328792,5
ozks,0.020816209,782
ozks,0.004179584,36
ozks,0.003209833,8
ozks,0.003939583,8
ozks,0.015387083,520
ozks,0.0030585,4
ozks,0.003316667,1
ozks,0.00252625,0
ozks,0.004916958,76
ozks,0.002926625,2
ozks,0.004290625,31
ozks,0.003387084,7
ozks,0.0032975,5
ozks,0.00324,5
ozks,0.011194667,342
ozks,0.00368425,11
ozks,0.010072167,257
ozks,0.006889084,145
ozks,0.004131833,23
ozks,0.002952958,3
ozks,0.003684167,12
ozks,0.003325292,7
ozks,0.003493875,10
ozks,0.003290792,9
ozks,0.002813042,0
ozks,0.004296125,45
ozks,0.004064792,24
ozks,0.003148458,5
ozks,0.003664625,1
ozks,0.003217375,7
ozks,0.002515917,0
ozks,0.003312541,10
ozks,0.007697333,181
ozks,0.002965958,1
ozks,0.005108542,64
ozks,0.007502458,183
ozks,0.005284583,82
ozks,0.003221041,2
ozks,0.00357875,12
ozks,0.003214042,3
ozks,0.004926125,62
ozks,0.017830333,528
ozks,0.005903333,116
ozks,0.012678917,392
ozks,0.003496792,10
ozks,0.004761667,64
ozks,0.003005584,1
ozks,0.003982833,26
ozks,0.012896333,382
ozks,0.00532875,82
ozks,0.008148041,202
ozks,0.003536416,8
ozks,0.002582625,0
ozks,0.003669625,6
ozks,0.0037015,8
ozks,0.004551959,49
ozks,0.003469667,8
ozks,0.003304041,1
ozks,0.003226916,8
ozks,0.002454292,0
ozks,0.003608583,8
ozks,0.002580958,0
ozks,0.005565,109
ozks,0.00390375,18
ozks,0.002968333,1
ozks,0.00337675,8
ozks,0.024765291,905
ozks,0.009265,234
ozks,0.003944041,24
ozks,0.019856709,700
ozks,0.00618325,135
ozks,0.002377875,0
ozks,0.004729791,48
ozks,0.003187875,1
ozks,0.021490458,769
ozks,0.0037825,14
ozks,0.003846334,29
ozks,0.00369875,11
ozks,0.004277166,33
ozks,0.00360675,10
ozks,0.004392292,49
ozks,0.004347666,48
ozks,0.011756375,355
ozks,0.007839875,147
ozks,0.00328625,2
ozks,0.00386625,28
ozks,0.003299666,9
ozks,0.003993,13
ozks,0.00401375,31
ozks,0.003425208,6
ozks,0.006845,137
ozks,0.003884708,6
ozks,0.00286175,1
ozks,0.003113625,4
ozks,0.015870291,530
ozks,0.003022625,1
ozks,0.004076542,6
ozks,0.0032195,8
ozks,0.004571709,45
ozks,0.00317175,6
ozks,0.003318292,7
ozks,0.004410375,47
ozks,0.003322166,8
ozks,0.01543175,463
ozks,0.005032875,73
ozks,0.003129166,6
ozks,0.004042125,15
ozks,0.003249583,8
ozks,0.012268916,325
ozks,0.005438666,74
ozks,0.006330042,135
ozks,0.0038135,21
ozks,0.005638959,91
ozks,0.00392275,17
ozks,0.00365925,11
ozks,0.004140208,34
ozks,0.006156333,94
ozks,0.00685175,164
ozks,0.015593583,565
ozks,0.003892166,32
ozks,0.004785416,60
ozks,0.003518042,6
ozks,0.007960291,201
ozks,0.002972459,1
ozks,0.004005958,17
ozks,0.006220291,110
ozks,0.002974625,1
ozks,0.003068333,3
ozks,0.003662416,16
ozks,0.00403975,12
ozks,0.003662709,13
ozks,0.003709584,14
ozks,0.003992042,13
ozks,0.003135875,3
ozks,0.0039755,9
ozks,0.003904708,17
ozks,0.004392958,51
ozks,0.00319875,2
ozks,0.002934083,1
ozks,0.004272666,35
ozks,0.005438333,80
ozks,0.003817416,2
ozks,0.002942917,1
ozks,0.00329525,2
ozks,0.003257166,8
ozks,0.003289459,1
ozks,0.00410225,10
ozks,0.004706334,53
ozks,0.004055875,19
ozks,0.002933083,1
ozks,0.003299125,1
ozks,0.002485917,0
ozks,0.004619208,15
ozks,0.004544,32
ozks,0.003299125,4
ozks,0.012337709,383
ozks,0.005111792,55
ozks,0.003156708,6
ozks,0.011394042,344
ozks,0.004177792,15
ozks,0.004697959,58
ozks,0.006854875,140
ozks,0.003247292,7
ozks,0.003439792,1
ozks,0.003692584,17
ozks,0.003495708,10
ozks,0.003655459,7
ozks,0.003131334,2
ozks,0.007060333,155
ozks,0.002413625,0
ozks,0.002725334,0
ozks,0.005200542,84
ozks,0.005597375,110
ozks,0.003197667,5
ozks,0.004549333,46
ozks,0.019754125,762
ozks,0.00240775,0
ozks,0.003324458,9
ozks,0.003686541,10
ozks,0.00948975,69
ozks,0.025965667,983
ozks,0.004122666,21
ozks,0.004580458,63
ozks,0.004960083,74
ozks,0.003995417,9
ozks,0.003867875,22
ozks,0.003107958,6
ozks,0.003310209,9
ozks,0.00346125,4
ozks,0.003367625,10
ozks,0.005523667,72
ozks,0.003398333,7
ozks,0.004423125,17
ozks,0.004134042,23
ozks,0.004612375,45
ozks,0.002389541,0
ozks,0.004073458,34
ozks,0.007758375,173
ozks,0.003276,5
ozks,0.003226042,1
ozks,0.003614292,12
ozks,0.003596208,8
ozks,0.002856083,1
ozks,0.004011167,3
ozks,0.003370417,8
ozks,0.003987,29
ozks,0.003658125,9
ozks,0.003587334,12
ozks,0.0117265,325
ozks,0.003833625,22
ozks,0.004139875,21
ozks,0.00303125,1
ozks,0.00410525,23
ozks,0.005344709,89
ozks,0.003597833,18
ozks,0.003980583,22
ozks,0.004504583,17
ozks,0.003030625,1
ozks,0.005788708,102
ozks,0.004398625,28
ozks,0.002967083,1
ozks,0.003557166,9
ozks,0.006258542,130
ozks,0.004442875,49
ozks,0.005424958,77
ozks,0.002402875,0
ozks,0.003713166,17
ozks,0.003595542,17
ozks,0.003283584,3
ozks,0.005489,76
ozks,0.004513333,52
ozks,0.003782708,13
ozks,0.0048645,61
ozks,0.003754167,4
ozks,0.0034555,5
ozks,0.00345675,2
ozks,0.003401583,9
ozks,0.003989709,13
ozks,0.002942292,1
ozks,0.003499917,8
ozks,0.003382875,8
ozks,0.00397375,17
ozks,0.007270708,170
ozks,0.004352709,23
ozks,0.003937,14
ozks,0.006382042,121
ozks,0.003163083,0
ozks,0.003856542,28
ozks,0.005737291,107
ozks,0.003045542,2
ozks,0.0053625,68
ozks,0.003408958,6
ozks,0.003029667,2
ozks,0.003229834,6
ozks,0.00447975,17
ozks,0.004769875,54
ozks,0.003805583,17
ozks,0.011650917,378
ozks,0.003241458,0
ozks,0.00418425,38
ozks,0.003940292,26
ozks,0.003199125,6
ozks,0.003185792,3
ozks,0.00331625,4
ozks,0.003177292,5
ozks,0.005295209,74
ozks,0.004785583,30
ozks,0.003373042,5
ozks,0.004328708,48
ozks,0.003269917,6
ozks,0.003973125,20
ozks,0.003873125,15
ozks,0.005156625,70
ozks,0.008197667,201
ozks,0.002517584,0
ozks,0.003589,6
ozks,0.004419,49
ozks,0.002473583,0
ozks,0.003236792,2
ozks,0.00382525,10
ozks,0.005008458,68
ozks,0.025072083,991
ozks,0.003125875,1
ozks,0.003861625,26
ozks,0.004767708,60
ozks,0.003348084,8
ozks,0.003119375,5
ozks,0.003045834,2
ozks,0.00403675,34
ozks,0.003464542,8
ozks,0.003857416,26
ozks,0.004198083,15
ozks,0.004276167,30
ozks,0.024679459,929
ozks,0.002303375,0
ozks,0.003422958,3
ozks,0.003961625,22
ozks,0.0036685,9
ozks,0.002350667,0
ozks,0.003528542,12
ozks,0.002464416,0
ozks,0.006679167,141
ozks,0.01508725,521
ozks,0.003328834,8
ozks,0.005822708,66
ozks,0.004883583,65
ozks,0.0056145,106
ozks,0.003589625,17
ozks,0.003935208,9
ozks,0.010920042,343
ozks,0.002985333,1
ozks,0.003126708,5
ozks,0.003576792,8
ozks,0.003207958,8
ozks,0.003865541,13
ozks,0.006296917,127
ozks,0.003118583,4
ozks,0.003670333,15
ozks,0.003274041,1
ozks,0.005520042,76
ozks,0.004653167,53
ozks,0.0040185,7
ozks,0.0033455,9
ozks,0.004463292,44
ozks,0.003186208,4
ozks,0.003359958,10
ozks,0.009617083,273
ozks,0.004206208,30
ozks,0.00242525,0
ozks,0.003696875,6
ozks,0.006692417,140
ozks,0.003956584,20
ozks,0.014444542,521
ozks,0.006084292,97
ozks,0.003496667,10
ozks,0.013604584,451
ozks,0.006163,119
ozks,0.003195,7
ozks,0.003379791,2
ozks,0.003392333,8
ozks,0.004844125,62
ozks,0.007466458,139
ozks,0.003548584,12
ozks,0.00337725,11
ozks,0.004887625,48
ozks,0.0033855,4
ozks,0.003390375,8
ozks,0.002883958,1
ozks,0.004028125,21
ozks,0.003049042,4
ozks,0.008452709,232
ozks,0.004126667,26
ozks,0.003695167,10
ozks,0.003280333,8
ozks,0.002637875,0
ozks,0.003249625,8
ozks,0.003533875,7
ozks,0.010054625,325
ozks,0.004510167,53
ozks,0.003193084,1
ozks,0.02629725,983
ozks,0.016440709,563
ozks,0.002765042,1
ozks,0.006396958,139
ozks,0.003283166,4
ozks,0.008909958,206
ozks,0.020456792,729
ozks,0.002468209,0
ozks,0.002835042,0
ozks,0.003765792,17
ozks,0.004093958,19
ozks,0.008495834,219
ozks,0.004042958,30
ozks,0.00635025,128
ozks,0.00308975,6
ozks,0.002645875,0
ozks,0.00378075,24
ozks,0.005082792,76
ozks,0.010916125,280
ozks,0.005598083,89
ozks,0.005354708,76
ozks,0.006135375,111
ozks,0.003393,3
ozks,0.003409083,9
ozks,0.023337125,852
ozks,0.003810208,13
ozks,0.003405709,10
ozks,0.004486333,33
ozks,0.003042167,1
ozks,0.004007709,24
ozks,0.003510584,6
ozks,0.004433125,39
ozks,0.003971792,29
ozks,0.019386,569
ozks,0.002634458,0
ozks,0.007571125,145
ozks,0.007250125,142
ozks,0.003788458,13
ozks,0.005333208,71
ozks,0.003695666,10
ozks,0.004175334,17
ozks,0.003860375,2
ozks,0.006632667,109
ozks,0.002859958,1
ozks,0.0038535,19
ozks,0.003512625,8
ozks,0.004881666,66
ozks,0.003185083,1
ozks,0.005017,52
ozks,0.002416791,0
ozks,0.003339791,5
ozks,0.003565125,16
ozks,0.011874666,376
ozks,0.006486792,144
ozks,0.003444208,8
ozks,0.003298834,9
ozks,0.004108042,36
ozks,0.004203334,21
ozks,0.00585375,74
ozks,0.005717292,105
ozks,0.008960875,250
ozks,0.00346275,12
ozks,0.023077333,838
ozks,0.004426625,37
ozks,0.002962708,1
ozks,0.0131475,419
ozks,0.004787959,47
ozks,0.004152375,10
ozks,0.00330325,10
ozks,0.010126792,327
ozks,0.006707708,108
ozks,0.005381667,80
ozks,0.007205875,158
ozks,0.004678083,46
ozks,0.004565709,60
ozks,0.004586,55
ozks,0.007671292,197
ozks,0.003262458,8
ozks,0.002951917,1
ozks,0.004476291,44
ozks,0.004319459,15
ozks,0.003487709,8
ozks,0.003570375,13
ozks,0.004178542,33
ozks,0.0068425,140
ozks,0.003266333,4
ozks,0.003384625,3
ozks,0.002895917,1
ozks,0.004178291,38
ozks,0.004294625,42
ozks,0.003783667,17
ozks,0.005575792,62
ozks,0.002919167,1
ozks,0.002711875,0
ozks,0.003387583,1
ozks,0.003402916,8
ozks,0.008423792,225
ozks,0.004085792,24
ozks,0.002450792,0
ozks,0.006222083,106
ozks,0.003384416,5
ozks,0.003728917,16
ozks,0.002849458,0
ozks,0.00347725,9
ozks,0.003786708,20
ozks,0.003911875,21
ozks,0.003595959,8
ozks,0.002457917,0
ozks,0.004160667,19
ozks,0.002724875,0
ozks,0.01624175,559
ozks,0.007380125,160
ozks,0.002973625,2
ozks,0.003230083,6
ozks,0.003836083,13
ozks,0.005079625,58
ozks,0.004432708,15
ozks,0.013628042,451
ozks,0.004107792,29
ozks,0.009130541,252
ozks,0.003064667,2
ozks,0.00256725,0
ozks,0.003292041,9
ozks,0.003975791,15
ozks,0.002478459,0
ozks,0.002511458,0
ozks,0.003126375,4
ozks,0.003648167,1
ozks,0.002692083,0
ozks,0.003623208,11
ozks,0.004536,18
ozks,0.003463166,3
ozks,0.003516875,11
ozks,0.004114875,26
ozks,0.014859083,483
ozks,0.002660541,0
ozks,0.021662375,750
ozks,0.003755916,17
ozks,0.002871958,0
ozks,0.003875459,17
ozks,0.003804042,10
ozks,0.00525275,54
ozks,0.003711167,13
ozks,0.003908042,24
ozks,0.023199084,882
ozks,0.003770375,9
ozks,0.00369925,17
ozks,0.00337775,1
ozks,0.005402625,89
ozks,0.004646541,39
ozks,0.004021666,17
ozks,0.007105334,137
ozks,0.004000208,9
ozks,0.006892417,145
ozks,0.004240167,22
ozks,0.004006083,13
ozks,0.006889125,146
ozks,0.003119583,1
ozks,0.003309708,1
ozks,0.010716875,343
ozks,0.00337375,2
ozks,0.003352,7
ozks,0.004515458,32
ozks,0.004353958,26
ozks,0.003382458,3
ozks,0.003804958,14
ozks,0.003794875,18
ozks,0.003546584,9
ozks,0.003690667,17
ozks,0.007043417,169
ozks,0.00385,19
ozks,0.004007875,12
ozks,0.003105459,3
ozks,0.025553792,958
ozks,0.015209709,500
ozks,0.003038334,2
ozks,0.00689075,146
ozks,0.003170709,1
ozks,0.0029865,1
ozks,0.011154125,352
ozks,0.011691833,362
ozks,0.003794208,18
ozks,0.003441625,3
ozks,0.003359209,5
ozks,0.003527292,8
ozks,0.00340875,2
ozks,0.004312042,38
ozks,0.003531459,5
ozks,0.007317084,152
ozks,0.008107959,210
ozks,0.00374775,11
ozks,0.003144083,4
ozks,0.00752175,157
ozks,0.003439541,9
ozks,0.004826792,48
ozks,0.003634709,9
ozks,0.004060084,20
ozks,0.003241917,2
ozks,0.003637417,18
ozks,0.00339575,5
ozks,0.005154666,71
ozks,0.005416084,78
ozks,0.003137917,5
ozks,0.004102125,9
ozks,0.003611084,15
ozks,0.004037792,26
ozks,0.006860459,147
ozks,0.028392125,222
ozks,0.002764916,0
ozks,0.005147167,82
ozks,0.003084583,1
ozks,0.003161291,5
ozks,0.018420959,642
ozks,0.004086208,9
ozks,0.003256583,3
ozks,0.015902625,535
ozks,0.003224,5
ozks,0.004021417,15
ozks,0.00294,1
ozks,0.005405334,82
ozks,0.002715,0
ozks,0.00314125,4
ozks,0.003246333,1
ozks,0.00796825,195
ozks,0.004977333,72
ozks,0.022554625,819
ozks,0.004804916,52
ozks,0.004983709,35
ozks,0.003360791,4
ozks,0.005060625,75
ozks,0.003483916,9
ozks,0.0215995,805
ozks,0.010487875,324
ozks,0.003022125,2
ozks,0.005597708,100
ozks,0.003168375,5
ozks,0.003772792,25
ozks,0.004362709,46
ozks,0.003752583,16
ozks,0.003060084,2
ozks,0.002467792,0
ozks,0.004215125,23
ozks,0.003025125,3
ozks,0.002339834,0
ozks,0.00252075,0
ozks,0.003375792,4
ozks,0.003389666,4
ozks,0.004292708,43
ozks,0.00434075,38
ozks,0.004419333,46
ozks,0.005925667,121
ozks,0.004080625,10
ozks,0.002355333,0
ozks,0.005541042,65
ozks,0.004285833,42
ozks,0.003520459,13
ozks,0.004043375,24
ozks,0.00309025,1
ozks,0.003163167,3
ozks,0.004984,69
ozks,0.004254209,39
ozks,0.00547125,73
ozks,0.004454833,50
ozks,0.003006041,0
ozks,0.003336,7
ozks,0.004575375,22
ozks,0.007410625,146
ozks,0.004306833,48
ozks,0.002988625,1
ozks,0.004170125,20
ozks,0.006896958,137
ozks,0.002973208,1
ozks,0.003709708,25
ozks,0.003174959,5
ozks,0.003870875,12
ozks,0.0039475,21
ozks,0.007157167,170
ozks,0.003387334,8
ozks,0.0192725,680
ozks,0.005789291,97
ozks,0.004603208,53
ozks,0.002497917,0
ozks,0.006619083,147
ozks,0.004124417,36
ozks,0.003345125,5
ozks,0.016250833,551
ozks,0.002946875,1
ozks,0.0072155,165
ozks,0.002754666,0
ozks,0.00462325,26
ozks,0.002531542,0
ozks,0.004120917,13
ozks,0.0045435,60
ozks,0.009526833,278
ozks,0.003097584,6
ozks,0.004877459,64
ozks,0.003494583,11
ozks,0.003260792,8
ozks,0.003202375,3
ozks,0.002990166,3
ozks,0.003347292,4
ozks,0.002835709,0
ozks,0.023094458,785
ozks,0.003814292,25
ozks,0.014624792,420
ozks,0.005725042,105
ozks,0.003881958,30
ozks,0.010109625,325
ozks,0.0032985,12
ozks,0.003993667,28
ozks,0.014573375,480
ozks,0.004513375,40
ozks,0.007222041,156
ozks,0.003397958,6
ozks,0.004258,29
ozks,0.003880125,12
ozks,0.00554675,87
ozks,0.003594916,1
ozks,0.004979833,71
ozks,0.003606291,5
ozks,0.008193834,212
ozks,0.003434,10
ozks,0.00363875,8
ozks,0.003182833,4
ozks,0.003296042,2
ozks,0.003068667,6
ozks,0.004309792,31
ozks,0.006283875,90
ozks,0.003065666,4
ozks,0.003617167,5
ozks,0.008045875,202
ozks,0.004087,30
ozks,0.002825584,0
ozks,0.003801041,17
ozks,0.005205625,80
ozks,0.003400042,9
ozks,0.006083625,125
ozks,0.004067584,30
ozks,0.003215333,3
ozks,0.003802334,15
ozks,0.00348425,2
ozks,0.002475041,0
ozks,0.004260333,17
ozks,0.004123542,45
ozks,0.023011,872
ozks,0.003044584,5
ozks,0.003704166,14
ozks,0.00392625,19
ozks,0.00791925,206
ozks,0.003161083,3
ozks,0.020385,702
ozks,0.003909459,34
ozks,0.004258125,17
ozks,0.003485958,12
ozks,0.019401875,563
ozks,0.003874,31
ozks,0.003585167,18
ozks,0.003138709,5
ozks,0.004201833,27
ozks,0.002902084,2
ozks,0.003040417,2
ozks,0.003490084,9
ozks,0.003268709,5
ozks,0.002503,0
ozks,0.021918875,792
ozks,0.006094416,119
ozks,0.0036355,24
ozks,0.004440542,22
ozks,0.010268875,325
ozks,0.004479792,48
ozks,0.00348225,12
ozks,0.002829,1
ozks,0.006725834,148
ozks,0.002531833,0
ozks,0.003974584,21
ozks,0.010001416,328
ozks,0.004665416,48
ozks,0.003080875,4
ozks,0.004767833,63
ozks,0.004338916,24
ozks,0.003961417,24
ozks,0.003193083,6
ozks,0.003738125,17
ozks,0.004664334,62
ozks,0.003071,5
ozks,0.002963167,1
ozks,0.003104833,2
ozks,0.003019833,4
ozks,0.012063042,370
ozks,0.003106375,4
ozks,0.004029375,15
ozks,0.00352275,11
ozks,0.003727833,1
ozks,0.003077625,6
ozks,0.003332834,8
ozks,0.005288708,86
ozks,0.003117666,7
ozks,0.002888542,1
ozks,0.003233292,9
ozks,0.005594083,93
ozks,0.005271459,91
ozks,0.00314425,2
ozks,0.003514,17
ozks,0.0030845,6
ozks,0.00567875,96
ozks,0.003036833,3
ozks,0.004210709,31
ozks,0.003078792,1
ozks,0.002465,0
ozks,0.003491625,13
ozks,0.002496708,0
ozks,0.004067416,32
ozks,0.003073333,4
ozks,0.005075584,80
ozks,0.00297825,1
ozks,0.003779667,3
ozks,0.0033195,9
ozks,0.002867292,1
ozks,0.004190625,24
ozks,0.003808417,25
ozks,0.004069458,34
ozks,0.006977083,164
ozks,0.003201958,8
ozks,0.00307375,4
ozks,0.003437709,16
ozks,0.0039215,8
ozks,0.004865417,52
ozks,0.004586958,45
ozks,0.008599083,233
ozks,0.002342916,0
ozks,0.006866542,141
ozks,0.003257875,9
ozks,0.003000542,1
ozks,0.0040985,35
ozks,0.003375041,8
ozks,0.00329875,8
ozks,0.00368275,5
ozks,0.003334375,8
ozks,0.003916625,11
ozks,0.003834792,22
ozks,0.006682166,143
ozks,0.007140208,184
ozks,0.006554875,133
ozks,0.006084833,111
ozks,0.002491542,0
ozks,0.003665875,12
ozks,0.002400834,0
ozks,0.004418708,44
ozks,0.005320917,89
ozks,0.004524083,20
ozks,0.005953083,123
ozks,0.004101166,10
ozks,0.003688083,13
ozks,0.003228959,8
ozks,0.003038875,1
ozks,0.003969458,20
ozks,0.00325325,2
ozks,0.003268166,10
ozks,0.003328333,6
ozks,0.003572459,17
ozks,0.003316917,5
ozks,0.0035505,15
ozks,0.0048675,67
ozks,0.003498875,11
ozks,0.017980542,620
ozks,0.006378917,137
ozks,0.003818625,30
ozks,0.004395792,39
ozks,0.010822375,352
ozks,0.003983958,38
ozks,0.003209542,4
ozks,0.009376792,264
ozks,0.005523208,80
ozks,0.003680708,3
ozks,0.005440708,87
ozks,0.006967875,138
ozks,0.002608417,0
ozks,0.006928959,146
ozks,0.003608458,13
ozks,0.004864209,48
ozks,0.007761625,72
ozks,0.005129333,36
ozks,0.006271333,1
ozks,0.003079917,2
ozks,0.005287625,39
ozks,0.0051225,80
ozks,0.004453458,28
ozks,0.003568875,15
ozks,0.003403917,11
ozks,0.003578,16
ozks,0.003951042,32
ozks,0.006294667,147
ozks,0.003001,1
ozks,0.0036445,13
ozks,0.003989541,28
ozks,0.003598875,18
ozks,0.0038105,20
ozks,0.003114291,6
ozks,0.0046225,55
ozks,0.003580042,3
ozks,0.020136625,700
ozks,0.002831375,2
ozks,0.004437083,59
ozks,0.00525675,78
ozks,0.003661625,13
ozks,0.002893459,1
ozks,0.002646334,0
ozks,0.003296625,9
ozks,0.003775208,18
ozks,0.003213542,10
ozks,0.003693875,23
ozks,0.00549575,82
ozks,0.009311916,246
ozks,0.003369792,1
ozks,0.025653542,961
ozks,0.002843875,1
ozks,0.002282083,0
ozks,0.005916917,127
ozks,0.0023745,0
ozks,0.00358775,15
ozks,0.002356209,0
ozks,0.01078325,327
ozks,0.00326725,8
ozks,0.011898583,370
ozks,0.006158708,110
ozks,0.003796667,1
ozks,0.005174666,66
ozks,0.002380083,0
ozks,0.004207791,35
ozks,0.0039135,23
ozks,0.002892041,1
ozks,0.011744416,361
ozks,0.004975583,65
ozks,0.004246834,29
ozks,0.004041208,37
ozks,0.007238583,128
ozks,0.003780416,27
ozks,0.003686833,7
ozks,0.003905,21
ozks,0.003296125,10
ozks,0.004949792,60
ozks,0.003285583,8
ozks,0.003951833,18
ozks,0.009124416,250
ozks,0.025627667,981
ozks,0.003660375,20
ozks,0.002371292,0
ozks,0.003792916,21
ozks,0.004162084,14
ozks,0.0066315,148
ozks,0.006858792,105
ozks,0.002454167,0
ozks,0.00408525,21
ozks,0.003277542,8
ozks,0.004388709,34
ozks,0.00563725,77
ozks,0.002899458,1
ozks,0.003314042,3
ozks,0.009005708,241
ozks,0.0024355,0
ozks,0.00893275,245
ozks,0.003779917,7
ozks,0.003036458,1
ozks,0.003937,9
ozks,0.003942083,22
ozks,0.003095375,3
ozks,0.017274459,605
ozks,0.004761958,55
ozks,0.003145875,3
ozks,0.003036541,4
ozks,0.0029355,1
ozks,0.003438167,9
ozks,0.003140625,4
ozks,0.003381291,5
ozks,0.002797333,1
ozks,0.007996708,127
ozks,0.006654791,133
ozks,0.003471291,10
ozks,0.003221792,5
ozks,0.019075917,672
ozks,0.003853875,27
ozks,0.002677291,0
ozks,0.003865375,24
ozks,0.003087875,5
ozks,0.014650709,492
ozks,0.004050084,31
ozks,0.002632625,0
ozks,0.002453083,0
ozks,0.004962125,40
ozks,0.003973417,40
ozks,0.0040375,21
ozks,0.003175125,5
ozks,0.003339417,11
ozks,0.003454584,11
ozks,0.002827916,0
ozks,0.003331625,3
ozks,0.013150041,439
ozks,0.004519291,34
ozks,0.020131791,724
ozks,0.004428083,18
ozks,0.003417667,6
ozks,0.004003459,18
ozks,0.003090459,4
ozks,0.006517458,143
ozks,0.0134935,429
ozks,0.002865417,1
ozks,0.003741667,9
ozks,0.008146959,201
ozks,0.00684325,143
ozks,0.0043175,45
ozks,0.007058958,140
ozks,0.006424375,137
ozks,0.004221875,9
ozks,0.006595917,98
ozks,0.006166041,105
ozks,0.003482667,8
ozks,0.00293975,1
ozks,0.003225833,1
ozks,0.00322775,9
ozks,0.005926875,96
ozks,0.004747292,46
ozks,0.003561916,19
ozks,0.004117542,28
ozks,0.004431792,44
ozks,0.003640042,15
ozks,0.002912709,0
ozks,0.0069125,152
ozks,0.003220333,3
ozks,0.008667917,210
ozks,0.008842833,232
ozks,0.003833375,13
ozks,0.0048345,63
ozks,0.02288725,830
ozks,0.0104805,343
ozks,0.002437042,0
ozks,0.002497666,0
ozks,0.006678792,136
ozks,0.003915333,23
ozks,0.003862375,18
ozks,0.003023416,1
ozks,0.003092292,1
ozks,0.004099417,37
ozks,0.003297875,8
ozks,0.007883667,211
ozks,0.006773667,133
ozks,0.003114542,1
ozks,0.003830166,28
ozks,0.002692042,0
ozks,0.003632208,17
ozks,0.003725959,20
ozks,0.01993175,700
ozks,0.003395166,1
ozks,0.010275333,243
ozks,0.003099083,3
ozks,0.002901,1
ozks,0.005195542,77
ozks,0.00689025,148
ozks,0.004245833,40
ozks,0.008813542,252
ozks,0.00753775,182
ozks,0.002496208,0
ozks,0.002434167,0
ozks,0.003957584,19
ozks,0.007653333,153
ozks,0.00399875,30
ozks,0.003116917,2
ozks,0.003726208,15
ozks,0.006644167,129
ozks,0.002691708,0
ozks,0.006801375,173
ozks,0.003007,1
ozks,0.004119958,30
ozks,0.004412708,57
ozks,0.006841,143
ozks,0.003047375,2
ozks,0.002738208,0
ozks,0.003335292,9
ozks,0.003980333,19
ozks,0.003204958,4
ozks,0.002917291,1
ozks,0.004826875,47
ozks,0.003384958,5
ozks,0.01875375,677
ozks,0.004327,56
ozks,0.002973917,4
ozks,0.002885917,1
ozks,0.004122709,38
ozks,0.00422475,18
ozks,0.004373583,25
ozks,0.003955458,33
ozks,0.003285875,8
ozks,0.003497458,13
ozks,0.003479292,5
ozks,0.003368541,7
ozks,0.005364917,77
ozks,0.003611625,14
ozks,0.003326833,8
ozks,0.003796542,26
ozks,0.005411667,97
ozks,0.003847834,20
ozks,0.004697708,40
ozks,0.003407292,17
ozks,0.007262708,155
ozks,0.00300325,7
ozks,0.00373475,14
ozks,0.00339975,8
ozks,0.010191709,327
ozks,0.003968417,28
ozks,0.003197875,7
ozks,0.003946208,36
ozks,0.002956167,3
ozks,0.003240584,5
ozks,0.004166625,14
ozks,0.004069875,14
ozks,0.003437625,13
ozks,0.003165667,8
ozks,0.003532708,9
ozks,0.002819167,1
ozks,0.0039685,23
ozks,0.004141708,45
ozks,0.003945541,21
ozks,0.002829875,1
ozks,0.003529,17
ozks,0.002929459,1
ozks,0.004018208,8
ozks,0.003592667,10
ozks,0.004710958,70
ozks,0.003735583,16
ozks,0.003529375,18
ozks,0.00315875,2
ozks,0.00331,8
ozks,0.003133541,7
ozks,0.00382775,19
ozks,0.009941167,324
ozks,0.008643084,235
ozks,0.00297325,2
ozks,0.002875333,1
ozks,0.003550667,6
ozks,0.003068958,6
ozks,0.002918833,1
ozks,0.00786325,188
ozks,0.004504291,51
ozks,0.00316225,8
ozks,0.003267334,8
ozks,0.019497375,696
ozks,0.003487333,17
ozks,0.002556208,0
ozks,0.010350417,308
ozks,0.003811833,29
ozks,0.004276416,36
ozks,0.007682791,173
ozks,0.003166625,8
ozks,0.002866375,1
ozks,0.005544208,88
ozks,0.002832167,1
ozks,0.009347333,264
ozks,0.005449334,89
ozks,0.002895875,3
ozks,0.007164542,155
ozks,0.00348825,12
ozks,0.004716833,51
ozks,0.003115125,8
ozks,0.003298584,5
ozks,0.003102125,1
ozks,0.003477833,9
ozks,0.018695375,651
ozks,0.015022375,514
ozks,0.004006583,17
ozks,0.002354291,0
ozks,0.014683959,521
ozks,0.002859291,2
ozks,0.003173041,7
ozks,0.005074667,68
ozks,0.002951875,2
ozks,0.00676475,153
ozks,0.009240334,233
ozks,0.004415792,17
ozks,0.004637625,52
ozks,0.002468541,0
ozks,0.0065505,145
ozks,0.002323125,0
ozks,0.003719041,20
ozks,0.00332525,10
ozks,0.00364275,21
ozks,0.002950459,6
ozks,0.002592583,0
ozks,0.003427875,10
ozks,0.002890792,2
ozks,0.020813083,724
ozks,0.002853084,0
ozks,0.003243708,2
ozks,0.003241208,10
ozks,0.003369417,8
ozks,0.003654125,18
ozks,0.004913625,60
ozks,0.003809375,21
ozks,0.00556425,107
ozks,0.004506625,47
ozks,0.003978041,23
ozks,0.004347,33
ozks,0.005115584,67
ozks,0.00569,67
ozks,0.005694375,117
ozks,0.003396916,9
ozks,0.003700083,22
ozks,0.003023292,2
ozks,0.018137167,630
ozks,0.003557125,14
ozks,0.012073,382
ozks,0.003797917,24
ozks,0.003454958,18
ozks,0.004415458,44
ozks,0.003395584,4
ozks,0.002977042,4
ozks,0.007817875,195
ozks,0.0118155,354
ozks,0.002403792,0
ozks,0.008017292,200
ozks,0.00611125,125
ozks,0.002781,1
ozks,0.002367959,0
ozks,0.003402959,1
ozks,0.003165416,9
ozks,0.003461916,7
ozks,0.003604166,15
ozks,0.00286375,1
ozks,0.003453125,14
ozks,0.00324425,7
ozks,0.004476541,51
ozks,0.004077125,36
ozks,0.002537375,0
ozks,0.006772833,149
ozks,0.008426958,0
ozks,0.003507209,10
ozks,0.003107,4
ozks,0.003016583,4
ozks,0.004364083,58
ozks,0.023474208,853
ozks,0.003228166,3
ozks,0.003528834,4
ozks,0.004806167,74
ozks,0.002902292,1
ozks,0.0047815,58
ozks,0.008782,241
ozks,0.007911417,188
ozks,0.003925292,31
ozks,0.006928,146
ozks,0.003077625,4
ozks,0.003013166,6
ozks,0.004056709,36
ozks,0.0037515,4
ozks,0.0031065,1
ozks,0.003069958,4
ozks,0.0096495,268
ozks,0.003489792,13
ozks,0.003835041,30
ozks,0.003416042,6
ozks,0.003271541,8
ozks,0.0039045,34
ozks,0.003748959,14
ozks,0.003071875,7
ozks,0.00936325,253
ozks,0.002655375,0
ozks,0.003363417,1
ozks,0.0069345,105
ozks,0.002938,2
ozks,0.010302542,324
ozks,0.004261875,25
ozks,0.006871208,147
ozks,0.008294709,222
ozks,0.003650542,25
ozks,0.004407,48
ozks,0.025177625,941
ozks,0.011326458,335
ozks,0.00387,13
ozks,0.004674417,39
ozks,0.003480583,10
ozks,0.002969042,2
ozks,0.002960917,2
ozks,0.003295958,10
ozks,0.002910542,1
ozks,0.007186375,158
ozks,0.003849792,22
ozks,0.00320425,8
ozks,0.0029565,2
ozks,0.003946125,26
ozks,0.003790042,10
ozks,0.002704625,0
ozks,0.003023917,1
ozks,0.003379417,7
ozks,0.017098041,627
ozks,0.003130167,5
ozks,0.0033645,7
ozks,0.003532875,15
ozks,0.003592166,17
ozks,0.00236975,0
ozks,0.00446725,54
ozks,0.006476167,140
ozks,0.006216459,75
ozks,0.003728959,23
ozks,0.003551833,13
ozks,0.004041,28
ozks,0.003096125,5
ozks,0.003031459,2
ozks,0.006109917,105
ozks,0.006977375,158
ozks,0.003904125,29
ozks,0.002839917,2
ozks,0.004948416,63
ozks,0.00343825,8
ozks,0.003887333,8
ozks,0.003837,23
ozks,0.008835875,239
ozks,0.007488208,176
ozks,0.002382333,0
ozks,0.004861375,52
ozks,0.012912833,438
ozks,0.004118209,25
ozks,0.005519625,104
ozks,0.011947125,387
ozks,0.005437417,75
ozks,0.004640959,42
ozks,0.005302292,79
ozks,0.003653417,12
ozks,0.005958958,121
ozks,0.007038042,166
ozks,0.00297375,3
ozks,0.003559959,17
ozks,0.003174791,7
ozks,0.003573958,10
ozks,0.00430475,32
ozks,0.005739791,96
ozks,0.004928167,29
ozks,0.005566791,66
ozks,0.003590458,14
ozks,0.004053833,34
ozks,0.002930917,3
ozks,0.007554542,161
ozks,0.005764334,91
ozks,0.003266708,5
ozks,0.0033575,9
ozks,0.003290917,3
ozks,0.004267125,34
ozks,0.022453708,849
ozks,0.026804083,999
ozks,0.003183917,8
ozks,0.019769875,699
ozks,0.003666167,17
ozks,0.005643125,90
ozks,0.013688833,446
ozks,0.0022825,0
ozks,0.003297833,5
ozks,0.002832333,1
ozks,0.003470166,14
ozks,0.025533167,954
ozks,0.004332375,39
ozks,0.004120167,27
ozks,0.003641417,1
ozks,0.005924625,111
ozks,0.003133167,8
ozks,0.0038565,19
ozks,0.003239792,10
ozks,0.004916875,61
ozks,0.002905167,2
ozks,0.004412625,41
ozks,0.006806,162
ozks,0.004763875,56
ozks,0.004108208,22
ozks,0.004677458,60
ozks,0.003778334,8
ozks,0.003753584,3
ozks,0.003870625,9
ozks,0.004927708,56
ozks,0.003575417,16
ozks,0.003576833,8
ozks,0.003894584,20
ozks,0.005853792,101
ozks,0.003244875,1
ozks,0.003914834,28
ozks,0.00725625,169
ozks,0.003330958,3
ozks,0.006693833,102
ozks,0.002749083,0
ozks,0.00335775,9
ozks,0.005228958,83
ozks,0.002699541,0
ozks,0.003202792,4
ozks,0.006656375,140
ozks,0.003812292,18
ozks,0.003011708,1
ozks,0.003500542,13
ozks,0.004033,17
ozks,0.003674875,17
ozks,0.003355583,6
ozks,0.004419958,35
ozks,0.004745833,51
ozks,0.003611125,7
ozks,0.004352542,43
ozks,0.004172792,26
ozks,0.003209333,5
ozks,0.004267042,25
ozks,0.021019542,739
ozks,0.003187667,6
ozks,0.003034708,4
ozks,0.002436667,0
ozks,0.002455417,0
ozks,0.003366417,5
ozks,0.003677583,15
ozks,0.002621958,0
ozks,0.007743792,188
ozks,0.002476042,0
ozks,0.003182167,9
ozks,0.003018,2
ozks,0.00368875,15
ozks,0.003533708,18
ozks,0.003288458,2
ozks,0.00693525,158
ozks,0.003142708,8
ozks,0.003558916,9
ozks,0.004147417,22
ozks,0.003316958,1
ozks,0.003398458,11
ozks,0.002958166,1
ozks,0.006355084,116
ozks,0.003659625,17
ozks,0.003242584,8
ozks,0.006757917,148
ozks,0.003950167,38
ozks,0.003033166,3
ozks,0.003565459,11
ozks,0.003469916,16
ozks,0.00443425,29
ozks,0.003792042,8
ozks,0.003280541,1
ozks,0.004555666,52
ozks,0.003324583,5
ozks,0.00297625,3
ozks,0.003711917,20
ozks,0.003330708,6
ozks,0.003538416,10
ozks,0.003759125,16
ozks,0.003264584,6
ozks,0.003339375,8
ozks,0.023030667,710
ozks,0.003249166,1
ozks,0.003217792,5
ozks,0.003065709,1
ozks,0.003512125,8
ozks,0.018989916,667
ozks,0.003785959,13
ozks,0.019628333,702
ozks,0.003065708,5
ozks,0.015028916,512
ozks,0.005581625,105
ozks,0.0064945,129
ozks,0.004224875,36
ozks,0.005793667,70
ozks,0.003193542,4
ozks,0.003247458,8
ozks,0.003180375,1
ozks,0.017880625,638
ozks,0.003674583,20
ozks,0.003485125,6
ozks,0.003138416,7
ozks,0.003118375,4
ozks,0.002355666,0
ozks,0.006371459,134
ozks,0.003568959,6
ozks,0.003227458,2
ozks,0.003678167,11
ozks,0.003292916,1
ozks,0.007043083,162
ozks,0.002920667,1
ozks,0.004039292,35
ozks,0.00297725,3
ozks,0.00383375,14
ozks,0.004735583,46
ozks,0.003097041,5
ozks,0.003616292,15
ozks,0.003008833,3
ozks,0.004815709,44
ozks,0.003115083,3
ozks,0.003261459,8
ozks,0.025555791,922
ozks,0.003249333,7
ozks,0.003604708,14
ozks,0.0031485,2
ozks,0.006774583,129
ozks,0.003228541,6
ozks,0.003595584,14
ozks,0.004209167,22
ozks,0.003187334,8
ozks,0.004162667,12
ozks,0.004068792,12
ozks,0.003617208,12
ozks,0.003228875,8
ozks,0.003566667,17
ozks,0.004508417,45
ozks,0.002378959,0
ozks,0.00367575,15
ozks,0.008340916,188
ozks,0.003319375,11
ozks,0.007088083,169
ozks,0.004006209,39
ozks,0.003012333,3
ozks,0.004541625,22
ozks,0.003614333,1
ozks,0.002413,0
ozks,0.005788959,93
ozks,0.003146208,7
ozks,0.003001333,3
ozks,0.003659875,19
ozks,0.003380583,7
ozks,0.003913458,27
ozks,0.002566667,0
ozks,0.00355075,9
ozks,0.003428917,10
ozks,0.0077955,169
ozks,0.005488583,62
ozks,0.003291667,9
ozks,0.00415725,25
ozks,0.004384208,30
ozks,0.003518667,10
ozks,0.00307675,4
ozks,0.002672834,0
ozks,0.00289325,1
ozks,0.003247167,8
ozks,0.004434083,36
ozks,0.026908542,993
ozks,0.002686834,0
ozks,0.002843291,1
ozks,0.002931291,1
ozks,0.003861542,17
ozks,0.00463375,61
ozks,0.0041975,35
ozks,0.004736042,50
ozks,0.003690209,21
ozks,0.003210334,4
ozks,0.003885875,28
ozks,0.002449041,0
ozks,0.00309475,2
ozks,0.002479083,0
ozks,0.003722417,3
ozks,0.004405459,29
ozks,0.004375708,36
ozks,0.02000825,734
ozks,0.003302959,4
ozks,0.009330084,264
ozks,0.00567425,97
ozks,0.003927791,18
ozks,0.003226167,8
ozks,0.011848958,362
ozks,0.002437542,0
ozks,0.002363209,0
ozks,0.004041583,16
ozks,0.003760708,10
ozks,0.002398333,0
ozks,0.003481834,14
ozks,0.003198125,1
ozks,0.003623917,22
ozks,0.00402125,38
ozks,0.012139333,385
ozks,0.006503084,136
ozks,0.004381291,31
ozks,0.004155875,37
ozks,0.002404583,0
ozks,0.003446375,8
ozks,0.005630792,59
ozks,0.003504541,2
ozks,0.007453542,0
ozks,0.0037485,28
ozks,0.003007416,2
ozks,0.003689709,25
ozks,0.023528167,929
ozks,0.007113875,158
ozks,0.003127625,7
ozks,0.009236167,255
ozks,0.003177166,6
ozks,0.0024815,0
ozks,0.003100541,2
ozks,0.003181792,5
ozks,0.005748416,74
ozks,0.010440417,325
ozks,0.003249959,9
ozks,0.003228792,8
ozks,0.01023225,304
ozks,0.003702709,21
ozks,0.003209792,1
ozks,0.024892042,919
ozks,0.003260333,5
ozks,0.003719,26
ozks,0.004881458,67
ozks,0.003265167,8
ozks,0.003628834,1
ozks,0.006498791,92
ozks,0.003361875,8
ozks,0.003038959,6
ozks,0.0143255,475
ozks,0.003159334,3
ozks,0.003117667,7
ozks,0.003506208,19
ozks,0.003147417,5
ozks,0.003740375,13
ozks,0.002937834,1
ozks,0.006993166,130
ozks,0.004463334,31
ozks,0.004163916,42
ozks,0.003874041,12
ozks,0.002310583,0
ozks,0.002335833,0
ozks,0.003593666,18
ozks,0.004503958,47
ozks,0.003399292,5
ozks,0.006688375,143
ozks,0.00346225,4
ozks,0.003242125,6
ozks,0.006586709,133
ozks,0.0047915,50
ozks,0.00376175,4
ozks,0.006860541,159
ozks,0.00326275,4
ozks,0.002927792,1
ozks,0.0043045,30
ozks,0.003787,27
ozks,0.003430958,13
ozks,0.004290291,24
ozks,0.00294875,3
ozks,0.003192083,1
ozks,0.004008,31
ozks,0.004855583,60
ozks,0.003132708,2
ozks,0.004043791,8
ozks,0.005434167,70
ozks,0.011933917,369
ozks,0.003411666,5
ozks,0.013178958,430
ozks,0.003309667,3
ozks,0.002980708,3
ozks,0.002382584,0
ozks,0.003525875,15
ozks,0.003556375,6
ozks,0.003443083,2
ozks,0.004573708,36
ozks,0.005376166,84
ozks,0.006969459,139
ozks,0.003383459,8
ozks,0.003053417,4
ozks,0.002675958,0
ozks,0.010380709,306
ozks,0.004073625,23
ozks,0.007015334,159
ozks,0.002329833,0
ozks,0.003528333,11
ozks,0.017049875,510
ozks,0.004255375,39
ozks,0.006438458,140
ozks,0.003256875,4
ozks,0.01155175,352
ozks,0.002493959,0
ozks,0.003398541,13
ozks,0.003219709,3
ozks,0.006365125,120
ozks,0.00491575,65
ozks,0.004189708,4
ozks,0.007168333,173
ozks,0.003310666,5
ozks,0.003950875,27
ozks,0.00335925,0
ozks,0.01327125,408
ozks,0.0042675,35
ozks,0.003819084,25
ozks,0.004037917,39
ozks,0.005550208,93
ozks,0.003206292,1
ozks,0.025899292,942
ozks,0.002548666,0
ozks,0.002849292,3
ozks,0.010539875,312
ozks,0.003648334,9
ozks,0.003121,4
ozks,0.007864334,199
ozks,0.004074042,17
ozks,0.002783458,0
ozks,0.024650083,892
ozks,0.004974375,48
ozks,0.003620375,12
ozks,0.003705959,30
ozks,0.003108708,1
ozks,0.00517475,71
ozks,0.005101416,63
ozks,0.003250209,4
ozks,0.004669791,29
ozks,0.005308917,95
ozks,0.00339475,10
ozks,0.0048965,63
ozks,0.003073875,3
ozks,0.003640291,13
ozks,0.002980792,2
ozks,0.004247959,41
ozks,0.004556791,48
ozks,0.006390791,126
ozks,0.004005917,34
ozks,0.003013958,1
ozks,0.004646875,38
ozks,0.007177792,140
ozks,0.01439775,521
ozks,0.004603583,52
ozks,0.003201875,3
ozks,0.003140833,1
ozks,0.004271,49
ozks,0.003203292,2
ozks,0.003916042,22
ozks,0.004091458,23
ozks,0.003303833,8
ozks,0.003089708,2
ozks,0.002417208,0
ozks,0.003850291,11
ozks,0.002657042,0
ozks,0.00459525,54
ozks,0.015558917,526
ozks,0.003677125,11
ozks,0.010781625,327
ozks,0.003774792,26
ozks,0.024876333,940
ozks,0.006573917,140
ozks,0.003515042,8
ozks,0.003175875,8
ozks,0.003737625,17
ozks,0.00924725,211
ozks,0.00370725,9
ozks,0.003156625,1
ozks,0.003385458,11
ozks,0.004767584,52
ozks,0.003241625,8
ozks,0.003459917,3
ozks,0.003057208,2
ozks,0.0094145,271
ozks,0.014556583,521
ozks,0.003225083,4
ozks,0.005858125,88
ozks,0.003175042,8
ozks,0.0075955,142
ozks,0.003598291,1
ozks,0.009233458,234
ozks,0.0052135,76
ozks,0.004509042,50
ozks,0.004200125,35
ozks,0.005398625,76
ozks,0.003526084,8
ozks,0.004381,36
ozks,0.004888958,63
ozks,0.005372625,80
ozks,0.003219583,7
ozks,0.004578625,23
ozks,0.00299475,1
ozks,0.003381208,4
ozks,0.003760292,21
ozks,0.004660334,53
ozks,0.004372583,34
ozks,0.003214667,6
ozks,0.02261375,899
ozks,0.003855209,9
ozks,0.006521459,136
ozks,0.007357959,158
ozks,0.003310459,7
ozks,0.004231375,25
ozks,0.005826583,85
ozks,0.003029666,1
ozks,0.00334925,7
ozks,0.00391975,20
ozks,0.003030166,3
ozks,0.003793042,13
ozks,0.003160375,3
ozks,0.003029083,1
ozks,0.002649541,0
ozks,0.010240041,303
ozks,0.003110583,5
ozks,0.007159375,154
ozks,0.003248292,2
ozks,0.003575875,9
ozks,0.004077042,34
ozks,0.003004417,3
ozks,0.002348875,0
ozks,0.006845209,149
ozks,0.006142459,111
ozks,0.012997166,412
ozks,0.003730792,15
ozks,0.00328525,9
ozks,0.003220125,4
ozks,0.003163791,6
ozks,0.0034685,12
ozks,0.005305041,80
ozks,0.003362917,12
ozks,0.003197,8
ozks,0.004033166,17
ozks,0.002680959,0
ozks,0.0031415,7
ozks,0.006346208,136
ozks,0.006293666,132
ozks,0.00349275,10
ozks,0.003008083,3
ozks,0.004097833,19
ozks,0.003503666,17
ozks,0.003119042,8
ozks,0.002577083,0
ozks,0.003168167,6
ozks,0.004321875,46
ozks,0.002580042,0
ozks,0.006467208,138
ozks,0.0048625,53
ozks,0.003097875,8
ozks,0.005268667,76
ozks,0.005833458,118
ozks,0.007982625,180
ozks,0.003194042,6
ozks,0.003073458,1
ozks,0.0028225,1
ozks,0.004550666,34
ozks,0.01020875,292
ozks,0.004271083,36
ozks,0.005347291,66
ozks,0.005398333,90
ozks,0.00435125,53
ozks,0.003050041,4
ozks,0.003348834,10
ozks,0.003144083,4
ozks,0.00396175,36
ozks,0.003205125,3
ozks,0.010540917,313
ozks,0.003057959,2
ozks,0.00325275,1
ozks,0.004799208,68
ozks,0.006313625,127
ozks,0.00344125,10
ozks,0.003029417,3
ozks,0.003993292,28
ozks,0.005927666,106
ozks,0.003115208,4
ozks,0.005628,83
ozks,0.003891458,16
ozks,0.003141583,1
ozks,0.002768334,1
ozks,0.002404333,0
ozks,0.003534833,16
ozks,0.004462292,51
ozks,0.003539667,17
ozks,0.003191834,8
ozks,0.003065625,6
ozks,0.004055,27
ozks,0.003385084,6
ozks,0.003138709,4
ozks,0.003599042,6
ozks,0.002821542,1
ozks,0.003606334,17
ozks,0.007503458,140
ozks,0.005463083,99
ozks,0.002896125,1
ozks,0.005474875,88
ozks,0.005217666,62
ozks,0.004261042,34
ozks,0.005671792,69
ozks,0.010390625,292
ozks,0.004730042,46
ozks,0.003630417,17
ozks,0.004355208,49
ozks,0.003262333,11
ozks,0.002474459,0
ozks,0.005558542,46
ozks,0.003634667,11
ozks,0.00379475,16
ozks,0.003792125,14
ozks,0.002392625,0
ozks,0.002456208,0
ozks,0.0034125,6
ozks,0.0025715,0
ozks,0.003923333,22
ozks,0.007574166,140
ozks,0.00304675,3
ozks,0.009931125,276
ozks,0.003589833,21
ozks,0.003496708,16
ozks,0.002508208,0
ozks,0.003127917,7
ozks,0.003286584,2
ozks,0.004940416,80
ozks,0.01632875,569
ozks,0.00317025,1
ozks,0.003471291,11
ozks,0.005224208,74
ozks,0.003169084,5
ozks,0.006177708,122
ozks,0.002680417,0
ozks,0.002721916,0
ozks,0.013043958,417
ozks,0.005223375,97
ozks,0.003366334,12
ozks,0.002701125,0
ozks,0.004134917,41
ozks,0.011428,380
ozks,0.014482959,476
ozks,0.004739458,60
ozks,0.002788958,0
ozks,0.005068125,79
ozks,0.005616417,100
ozks,0.004492708,58
ozks,0.003975416,40
ozks,0.004297042,45
ozks,0.004215917,25
ozks,0.004468083,25
ozks,0.003431542,12
ozks,0.003165334,4
ozks,0.003299166,6
ozks,0.024477,929
ozks,0.004353625,17
ozks,0.023124083,673
ozks,0.004379291,25
ozks,0.003047167,1
ozks,0.003239917,6
ozks,0.016431167,541
ozks,0.003328042,8
ozks,0.004319083,42
ozks,0.0043095,35
ozks,0.004164625,31
ozks,0.003926875,21
ozks,0.003288667,5
ozks,0.003620958,17
ozks,0.019284416,690
ozks,0.00370275,23
ozks,0.002469375,0
ozks,0.002736375,0
ozks,0.004247125,27
ozks,0.004920125,59
ozks,0.006350666,143
ozks,0.003410625,7
ozks,0.005665541,88
ozks,0.012312916,363
ozks,0.002695375,0
ozks,0.024901416,903
ozks,0.005997375,80
ozks,0.013259,415
ozks,0.003680542,13
ozks,0.006080792,116
ozks,0.002987833,3
ozks,0.003180708,1
ozks,0.003241416,2
ozks,0.003569875,10
ozks,0.0033205,7
ozks,0.022809417,874
ozks,0.003177875,4
ozks,0.003972542,8
ozks,0.003032417,2
ozks,0.015884708,540
ozks,0.005012459,74
ozks,0.002940084,1
ozks,0.004117541,35
ozks,0.021166459,773
ozks,0.003214541,11
ozks,0.004068083,25
ozks,0.003402917,9
ozks,0.0033335,7
ozks,0.003841292,30
ozks,0.008016667,129
ozks,0.003461875,10
ozks,0.005439292,88
ozks,0.004351458,27
ozks,0.004108417,43
ozks,0.003814667,26
ozks,0.025770625,948
ozks,0.003474459,17
ozks,0.003792792,17
ozks,0.004046042,27
ozks,0.003170958,7
ozks,0.004370291,36
ozks,0.005040708,53
ozks,0.003076791,3
ozks,0.004531125,49
ozks,0.003442667,2
ozks,0.003920333,33
ozks,0.004378667,46
ozks,0.016335875,561
ozks,0.003363709,1
ozks,0.023553375,883
ozks,0.003719167,12
ozks,0.00395925,10
ozks,0.003443959,9
ozks,0.005716708,115
ozks,0.00439,48
ozks,0.0036595,23
ozks,0.003406125,1
ozks,0.003572959,17
ozks,0.003714459,11
ozks,0.00565025,103
ozks,0.002888209,1
ozks,0.00788675,205
ozks,0.003074791,3
ozks,0.002623292,0
ozks,0.003257208,3
ozks,0.004367084,40
ozks,0.00271675,0
ozks,0.010507291,304
ozks,0.00321725,3
ozks,0.002930042,2
ozks,0.009709083,274
ozks,0.003848375,17
ozks,0.007373042,177
ozks,0.003058583,1
ozks,0.005747583,108
ozks,0.004281541,54
ozks,0.003888417,7
ozks,0.004036166,33
ozks,0.005671916,65
ozks,0.004840958,56
ozks,0.006765083,146
ozks,0.004201,28
ozks,0.002897,1
ozks,0.007743416,198
ozks,0.003624084,11
ozks,0.003461708,11
ozks,0.002553166,0
ozks,0.007055792,144
ozks,0.010525917,343
ozks,0.005867125,78
ozks,0.002978291,3
ozks,0.003430375,10
ozks,0.004064166,28
ozks,0.003220416,2
ozks,0.002529208,0
ozks,0.003224292,9
ozks,0.003406958,6
ozks,0.002475,0
ozks,0.003137625,1
ozks,0.015152042,541
ozks,0.003667542,2
ozks,0.003150958,6
ozks,0.003221542,2
ozks,0.003927459,17
ozks,0.003137875,4
ozks,0.003640083,17
ozks,0.003535875,8
ozks,0.002696125,0
ozks,0.003618875,18
ozks,0.003994375,22
ozks,0.003609917,16
ozks,0.006377208,128
ozks,0.004399208,27
ozks,0.003486,5
ozks,0.005961833,102
ozks,0.007217458,153
ozks,0.005190041,61
ozks,0.003500292,12
ozks,0.003613417,9
ozks,0.006338709,127
ozks,0.005621875,90
ozks,0.004826167,65
ozks,0.007073209,153
ozks,0.003922166,8
ozks,0.004230917,20
ozks,0.004582916,50
ozks,0.014877417,541
ozks,0.004028291,24
ozks,0.006593708,139
ozks,0.00301675,4
ozks,0.009209334,254
ozks,0.004727,47
ozks,0.003316083,4
ozks,0.00317975,4
ozks,0.004249875,39
ozks,0.019356875,734
ozks,0.00293325,3
ozks,0.0039585,22
ozks,0.004815375,77
ozks,0.002965709,1
ozks,0.00407875,18
ozks,0.003925583,21
ozks,0.01041225,303
ozks,0.008189541,201
ozks,0.007505417,168
ozks,0.003226125,8
ozks,0.003134291,6
ozks,0.003053167,4
ozks,0.008223209,194
ozks,0.003307708,1
ozks,0.0097305,279
ozks,0.003164542,5
ozks,0.003274,8
ozks,0.004552209,51
ozks,0.004285666,44
ozks,0.004305917,44
ozks,0.003014542,3
ozks,0.002415541,0
ozks,0.004521417,39
ozks,0.002903458,1
ozks,0.004326417,21
ozks,0.0033925,8
ozks,0.003813666,28
ozks,0.008457583,235
ozks,0.003423291,13
ozks,0.003987208,22
ozks,0.01103475,340
ozks,0.002918709,1
ozks,0.0059585,101
ozks,0.004014334,35
ozks,0.008055667,212
ozks,0.002605125,0
ozks,0.003783209,12
ozks,0.003618125,16
ozks,0.003434417,9
ozks,0.003122833,7
ozks,0.003169042,4
ozks,0.003004959,2
ozks,0.003584833,14
ozks,0.010879875,323
ozks,0.003769042,26
ozks,0.00267675,0
ozks,0.003120666,6
ozks,0.003000625,3
ozks,0.004325125,12
ozks,0.003208542,2
ozks,0.003481708,8
ozks,0.004845959,47
ozks,0.002468416,0
ozks,0.003348709,4
ozks,0.003839292,28
ozks,0.003224083,7
ozks,0.003295083,2
ozks,0.0028735,1
ozks,0.002789792,2
ozks,0.005528291,96
ozks,0.013133083,413
ozks,0.007959208,158
ozks,0.003891542,6
ozks,0.004498375,55
ozks,0.007037791,147
ozks,0.006277667,138
ozks,0.002942,2
ozks,0.00457925,55
ozks,0.006184125,115
ozks,0.0049165,76
ozks,0.004648666,51
ozks,0.014626583,492
ozks,0.002577375,0
ozks,0.002939,1
ozks,0.002601458,0
ozks,0.003164459,7
ozks,0.002928584,2
ozks,0.003326125,11
ozks,0.004014667,25
ozks,0.0066655,145
ozks,0.003309792,3
ozks,0.006879208,146
ozks,0.002776,1
ozks,0.003269083,9
ozks,0.003258166,1
ozks,0.004687875,63
ozks,0.003136166,1
ozks,0.003151166,5
ozks,0.003673709,10
ozks,0.004266084,31
ozks,0.00333525,11
ozks,0.015831125,541
ozks,0.010736,319
ozks,0.003034917,2
ozks,0.003906375,17
ozks,0.002408167,0
ozks,0.003358875,8
ozks,0.003966417,22
ozks,0.004912583,63
ozks,0.006923084,113
ozks,0.005691458,60
ozks,0.004215042,30
ozks,0.003928375,21
ozks,0.005896625,97
ozks,0.003426833,8
ozks,0.004650167,48
ozks,0.008768333,263
ozks,0.002890583,1
ozks,0.003195667,1
ozks,0.003507542,17
ozks,0.003224917,1
ozks,0.003288292,3
ozks,0.007356625,130
ozks,0.004496292,56
ozks,0.00355975,19
ozks,0.007237667,158
ozks,0.0044115,52
ozks,0.003522167,10
ozks,0.01028625,325
ozks,0.00443975,45
ozks,0.003244666,7
ozks,0.006482708,137
ozks,0.025003959,923
ozks,0.009965167,325
ozks,0.016699167,565
ozks,0.00339125,7
ozks,0.003850625,27
ozks,0.003274833,2
ozks,0.003562083,15
ozks,0.003345084,5
ozks,0.002417958,0
ozks,0.003435583,11
ozks,0.002995541,3
ozks,0.003404792,6
ozks,0.004481584,58
ozks,0.006262166,134
ozks,0.005233708,45
ozks,0.004662916,54
ozks,0.00668475,147
ozks,0.003275458,7
ozks,0.003476666,12
ozks,0.002795625,1
ozks,0.003599458,8
ozks,0.002903041,2
ozks,0.008884083,246
ozks,0.002735125,0
ozks,0.004942958,30
ozks,0.004164541,12
ozks,0.002833791,1
ozks,0.003355792,4
ozks,0.00249575,0
ozks,0.00381,24
ozks,0.003120667,4
ozks,0.003092416,3
ozks,0.002950042,3
ozks,0.003315875,3
ozks,0.004324166,45
ozks,0.026275709,967
ozks,0.004242208,39
ozks,0.004001209,8
ozks,0.022116958,728
ozks,0.003396417,5
ozks,0.003609875,13
ozks,0.003199542,6
ozks,0.003230667,4
ozks,0.003585667,17
ozks,0.003137042,4
ozks,0.0226945,845
ozks,0.005345042,93
ozks,0.003340166,7
ozks,0.016736083,590
ozks,0.00438025,26
ozks,0.018135667,558
ozks,0.006332542,124
ozks,0.00326375,1
ozks,0.010639792,320
ozks,0.002608125,0
ozks,0.004194791,34
ozks,0.010252167,325
ozks,0.005280792,86
ozks,0.008612291,234
ozks,0.003744292,17
ozks,0.003887209,23
ozks,0.00377725,10
ozks,0.010086375,290
ozks,0.0032535,7
ozks,0.003731333,17
ozks,0.00599075,105
ozks,0.003423792,9
ozks,0.005589166,81
ozks,0.004824834,59
ozks,0.003098792,1
ozks,0.004446291,51
ozks,0.021424041,801
ozks,0.003748958,5
ozks,0.004779208,54
ozks,0.006154417,126
ozks,0.004479292,19
ozks,0.003388833,7
ozks,0.002939625,1
ozks,0.017113208,634
ozks,0.002719958,0
ozks,0.003315667,2
ozks,0.005438,101
ozks,0.003077209,7
ozks,0.004189708,25
ozks,0.003424625,10
ozks,0.003236833,7
ozks,0.003437625,10
ozks,0.022882583,857
ozks,0.003983709,24
ozks,0.003255125,10
ozks,0.004320375,35
ozks,0.004030333,27
ozks,0.002571958,0
ozks,0.004386,47
ozks,0.003040458,7
ozks,0.004824875,63
ozks,0.003186292,3
ozks,0.004152667,15
ozks,0.003607875,21
ozks,0.003147625,2
ozks,0.003436792,3
ozks,0.003991417,24
ozks,0.004075334,24
ozks,0.004391833,48
ozks,0.002693625,0
ozks,0.003482875,7
ozks,0.003756292,21
ozks,0.007648833,179
ozks,0.003914291,28
ozks,0.005107,92
ozks,0.003862167,6
ozks,0.035679542,6
ozks,0.003461041,10
ozks,0.0042755,23
ozks,0.003013667,1
ozks,0.004751167,61
ozks,0.002715542,0
ozks,0.004149834,31
ozks,0.006698833,146
ozks,0.003650459,10
ozks,0.003935125,33
ozks,0.018905875,678
ozks,0.006900584,171
ozks,0.002450291,0
ozks,0.008947625,236
ozks,0.00357625,1
ozks,0.002894667,1
ozks,0.006419875,139
ozks,0.0032695,11
ozks,0.003254916,5
ozks,0.00309525,1
ozks,0.003019834,3
ozks,0.004007958,39
ozks,0.003292958,10
ozks,0.004477625,48
ozks,0.007022042,123
ozks,0.002383792,0
ozks,0.00352,15
ozks,0.00361075,17
ozks,0.003200041,2
ozks,0.003304458,4
ozks,0.00547025,105
ozks,0.00356325,16
ozks,0.004018209,26
ozks,0.00422275,44
ozks,0.002361833,0
ozks,0.003497458,15
ozks,0.004177792,15
ozks,0.003324333,2
ozks,0.006526042,128
ozks,0.003201416,2
ozks,0.006620417,146
ozks,0.004452708,33
ozks,0.010042042,325
ozks,0.007910125,201
ozks,0.002840208,1
ozks,0.002923334,1
ozks,0.004283833,31
ozks,0.00305025,3
ozks,0.003520709,17
ozks,0.004052042,7
ozks,0.004955792,54
ozks,0.003263333,9
ozks,0.00392525,8
ozks,0.003415542,6
ozks,0.003185375,8
ozks,0.003061166,3
ozks,0.003918875,29
ozks,0.004177166,36
ozks,0.002426917,0
ozks,0.003329458,4
ozks,0.002937375,1
ozks,0.002392,0
ozks,0.005149667,45
ozks,0.003158417,3
ozks,0.004124583,40
ozks,0.003966042,6
ozks,0.004019042,37
ozks,0.003310834,7
ozks,0.003544458,17
ozks,0.014833791,498
ozks,0.002882458,1
ozks,0.004200917,38
ozks,0.003211541,3
ozks,0.002482625,0
ozks,0.005200083,39
ozks,0.003189833,2
ozks,0.003828667,15
ozks,0.005617,94
ozks,0.003876958,25
ozks,0.0072615,156
ozks,0.003757208,24
ozks,0.00291875,1
ozks,0.004188833,33
ozks,0.00677225,146
ozks,0.005845125,101
ozks,0.0137505,489
ozks,0.003861833,13
ozks,0.005026875,45
ozks,0.003943417,23
ozks,0.003330167,1
ozks,0.003058875,3
ozks,0.006396375,137
ozks,0.005175125,78
ozks,0.007949625,171
ozks,0.016766917,608
ozks,0.005849,99
ozks,0.004125917,34
ozks,0.012815,401
ozks,0.010162083,325
ozks,0.004291417,15
ozks,0.005329625,65
ozks,0.006996958,162
ozks,0.003323625,2
ozks,0.004061417,22
ozks,0.003340542,1
ozks,0.002535417,0
ozks,0.003251083,8
ozks,0.007481584,181
ozks,0.003497209,6
ozks,0.00309975,1
ozks,0.003706167,3
ozks,0.003818083,8
ozks,0.002298333,0
ozks,0.002467959,0
ozks,0.004087,38
ozks,0.021783375,807
ozks,0.004098541,37
ozks,0.003984417,24
ozks,0.002810084,1
ozks,0.002610458,0
ozks,0.00342075,5
ozks,0.002911875,2
ozks,0.002302708,0
ozks,0.004575459,46
ozks,0.004423208,16
ozks,0.002398166,0
ozks,0.004852792,45
ozks,0.003414833,2
ozks,0.0033675,1
ozks,0.003020166,1
ozks,0.003035375,1
ozks,0.004383958,49
ozks,0.002636291,0
ozks,0.003406375,11
ozks,0.005736042,105
ozks,0.003326625,11
ozks,0.0058315,78
ozks,0.00357225,10
ozks,0.0036215,10
ozks,0.003719542,6
ozks,0.004209417,38
ozks,0.00469675,51
ozks,0.003057125,5
ozks,0.003023417,1
ozks,0.003262333,9
ozks,0.003582583,10
ozks,0.003807084,14
ozks,0.00303125,6
ozks,0.003489792,10
ozks,0.005203125,58
ozks,0.004003708,23
ozks,0.005784125,105
ozks,0.007007792,146
ozks,0.003916417,22
ozks,0.004669458,47
ozks,0.002978375,1
ozks,0.00758825,188
ozks,0.00410675,21
ozks,0.006546333,133
ozks,0.003916791,19
ozks,0.010788958,342
ozks,0.005496292,105
ozks,0.003988708,9
ozks,0.014044916,438
ozks,0.004961542,64
ozks,0.022231417,772
ozks,0.003841292,26
ozks,0.0034185,8
ozks,0.003616,12
ozks,0.002329708,0
ozks,0.0030565,1
ozks,0.003444333,11
ozks,0.005050083,76
ozks,0.003479958,15
ozks,0.002993458,3
ozks,0.003573459,9
ozks,0.005008333,62
ozks,0.002586167,0
ozks,0.005759334,92
ozks,0.002649791,0
ozks,0.002997834,1
ozks,0.00246625,0
ozks,0.003916208,24
ozks,0.006098084,105
ozks,0.003047125,2
ozks,0.005106875,64
ozks,0.003910708,17
ozks,0.003116666,1
ozks,0.004455875,55
ozks,0.002859416,1
ozks,0.017799208,605
ozks,0.019700375,703
ozks,0.004066708,36
ozks,0.026017208,973
ozks,0.003326292,8
ozks,0.002952875,2
ozks,0.010705833,341
ozks,0.003487334,5
ozks,0.00323575,4
ozks,0.003152458,7
ozks,0.003990209,13
ozks,0.003867917,28
ozks,0.003030959,1
ozks,0.003738167,25
ozks,0.00394125,24
ozks,0.003644458,14
ozks,0.004094041,26
ozks,0.004033083,35
ozks,0.005658958,99
ozks,0.004763042,68
ozks,0.003962084,23
ozks,0.00402975,13
ozks,0.002614417,0
ozks,0.023036833,812
ozks,0.019131125,692
ozks,0.003913042,17
ozks,0.003767709,22
ozks,0.004510125,38
ozks,0.004267916,35
ozks,0.0030005,2
ozks,0.002824291,0
ozks,0.002916625,2
ozks,0.007053041,143
ozks,0.007739542,206
ozks,0.004467333,49
ozks,0.003889333,9
ozks,0.006555459,130
ozks,0.003634167,8
ozks,0.003118292,3
ozks,0.004167417,31
ozks,0.004296083,35
ozks,0.005990375,122
ozks,0.004055209,38
ozks,0.0048215,68
ozks,0.004843834,45
ozks,0.006593708,129
ozks,0.00415175,39
ozks,0.005762333,83
ozks,0.003072167,5
ozks,0.015258584,512
ozks,0.003325417,1
ozks,0.003436125,9
ozks,0.00303075,5
ozks,0.003879,18
ozks,0.0033465,8
ozks,0.006299792,137
ozks,0.002967417,2
ozks,0.003197,7
ozks,0.003734334,21
ozks,0.00763775,175
ozks,0.003858458,1
ozks,0.003009833,2
ozks,0.003741458,13
ozks,0.0030195,2
ozks,0.014364416,521
ozks,0.003196875,8
ozks,0.003535917,8
ozks,0.005422833,92
ozks,0.002901958,2
ozks,0.01202675,379
ozks,0.003972083,28
ozks,0.007615542,209
ozks,0.003268916,4
ozks,0.003474084,1
ozks,0.012991666,412
ozks,0.003432208,9
ozks,0.003808833,26
ozks,0.003444083,8
ozks,0.011710333,354
ozks,0.003034792,1
ozks,0.003364458,7
ozks,0.012689292,401
ozks,0.003847667,19
ozks,0.007504667,187
ozks,0.002433083,0
ozks,0.003551458,2
ozks,0.002954916,3
ozks,0.004010625,18
ozks,0.003393875,1
ozks,0.004042542,22
ozks,0.003458333,12
ozks,0.003869459,27
ozks,0.006803833,149
ozks,0.003870833,26
ozks,0.00311925,5
ozks,0.003775375,20
ozks,0.003030666,3
ozks,0.003867791,27
ozks,0.003491333,10
ozks,0.003181625,3
ozks,0.002327833,0
ozks,0.005786917,76
ozks,0.003201459,3
ozks,0.00303275,5
ozks,0.021077166,745
ozks,0.008951292,232
ozks,0.002915708,1
ozks,0.011487292,357
ozks,0.004405834,56
ozks,0.004868125,62
ozks,0.008724542,181
ozks,0.005628834,88
ozks,0.00279525,1
ozks,0.007599625,133
ozks,0.003817875,26
ozks,0.006659083,140
ozks,0.004528291,62
ozks,0.005744583,101
ozks,0.007022958,70
ozks,0.003278,5
ozks,0.003961375,22
ozks,0.003773875,17
ozks,0.003598542,7
ozks,0.002972042,1
ozks,0.003622875,17
ozks,0.002610167,0
ozks,0.009973167,324
ozks,0.00415625,44
ozks,0.003757125,11
ozks,0.003117584,2
ozks,0.004393584,6
ozks,0.002795125,2
ozks,0.0041755,28
ozks,0.002611916,0
ozks,0.003875459,26
ozks,0.003612791,8
ozks,0.002345166,0
ozks,0.003226458,8
ozks,0.003407041,1
ozks,0.007045458,152
ozks,0.014892834,496
ozks,0.006389459,127
ozks,0.003650166,12
ozks,0.004226958,34
ozks,0.003062334,4
ozks,0.003622209,16
ozks,0.002394959,0
ozks,0.003897625,4
ozks,0.004494291,18
ozks,0.005057875,78
ozks,0.004567459,59
ozks,0.003470791,5
ozks,0.008665125,246
ozks,0.003171917,8
ozks,0.003205458,3
ozks,0.004898292,44
ozks,0.0038435,26
ozks,0.003187625,9
ozks,0.002712208,0
ozks,0.003119167,7
ozks,0.003639709,10
ozks,0.003720042,14
ozks,0.004207667,30
ozks,0.004175416,31
ozks,0.005864916,70
ozks,0.003124,5
ozks,0.003651584,13
ozks,0.003195,2
ozks,0.006756583,141
ozks,0.002866958,2
ozks,0.004429583,41
ozks,0.026824375,910
ozks,0.003740125,12
ozks,0.003018208,1
ozks,0.005437375,92
ozks,0.003257666,6
ozks,0.003151583,3
ozks,0.00376975,26
ozks,0.003220833,4
ozks,0.003947833,38
ozks,0.002332041,0
ozks,0.002933708,1
ozks,0.002923542,3
ozks,0.003233791,3
ozks,0.003205875,8
ozks,0.005860125,113
ozks,0.004311833,22
ozks,0.006498041,146
ozks,0.003177041,2
ozks,0.004155292,25
ozks,0.003469625,18
ozks,0.002697834,0
ozks,0.015898458,548
ozks,0.003664417,10
ozks,0.003255,7
ozks,0.005611292,92
ozks,0.003572958,10
ozks,0.007636125,105
ozks,0.003520166,4
ozks,0.006070542,98
ozks,0.005716209,110
ozks,0.003665084,10
ozks,0.003620666,12
ozks,0.00305725,3
ozks,0.004120541,27
ozks,0.003220167,8
ozks,0.0194285,684
ozks,0.002756167,0
ozks,0.0120745,383
ozks,0.003287417,7
ozks,0.003956125,20
ozks,0.002931625,1
ozks,0.003154,1
ozks,0.003099292,5
ozks,0.007533792,156
ozks,0.006988375,158
ozks,0.004825125,49
ozks,0.002855916,1
ozks,0.004657417,43
ozks,0.003065667,5
ozks,0.003047791,6
ozks,0.003801791,12
ozks,0.004143959,23
ozks,0.005313834,77
ozks,0.017550084,610
ozks,0.0037425,29
ozks,0.003392625,9
ozks,0.002782334,1
ozks,0.004297625,26
ozks,0.003293459,12
ozks,0.002940458,1
ozks,0.003326417,3
ozks,0.015764417,566
ozks,0.004224042,36
ozks,0.004007375,24
ozks,0.003445416,14
ozks,0.003541625,10
ozks,0.005837834,70
ozks,0.010246,327
ozks,0.0054205,95
ozks,0.00358575,22
ozks,0.012303625,384
ozks,0.026108708,976
ozks,0.003347625,5
ozks,0.002406584,0
ozks,0.002941667,1
ozks,0.002587834,0
ozks,0.003286333,9
ozks,0.0029725,2
ozks,0.0227605,830
ozks,0.004627125,28
ozks,0.004379959,47
ozks,0.00399575,23
ozks,0.003444375,10
ozks,0.007334958,158
ozks,0.006039167,102
ozks,0.01731225,596
ozks,0.003651583,17
ozks,0.003923125,22
ozks,0.00684175,140
ozks,0.003567292,17
ozks,0.003537583,16
ozks,0.003046792,4
ozks,0.012498833,342
ozks,0.003623666,9
ozks,0.003262,10
ozks,0.005926792,105
ozks,0.003901375,22
ozks,0.003112,1
ozks,0.005769208,89
ozks,0.004243792,29
ozks,0.003152084,5
ozks,0.003970792,8
ozks,0.003984916,30
ozks,0.00319325,1
ozks,0.004843958,66
ozks,0.003479084,15
ozks,0.004217208,37
ozks,0.004858417,59
ozks,0.003641208,8
ozks,0.003589958,15
ozks,0.004615375,35
ozks,0.003249334,9
ozks,0.004717459,46
ozks,0.003200875,7
ozks,0.004076792,15
ozks,0.003126417,5
ozks,0.003395417,4
ozks,0.002582792,0
ozks,0.003687833,4
ozks,0.003412542,3
ozks,0.003072375,4
ozks,0.003144708,7
ozks,0.003584042,15
ozks,0.003682291,11
ozks,0.006597333,137
ozks,0.011603958,355
ozks,0.003236416,7
ozks,0.003480375,5
ozks,0.003578667,13
ozks,0.002794125,3
ozks,0.00330625,1
ozks,0.008875583,139
ozks,0.003159667,4
ozks,0.0024895,0
ozks,0.00623425,132
ozks,0.003392,10
ozks,0.0034375,9
ozks,0.002884417,1
ozks,0.01267975,401
ozks,0.017891375,620
ozks,0.003919542,11
ozks,0.00345275,11
ozks,0.014032791,482
ozks,0.005272708,93
ozks,0.0041135,9
ozks,0.002962375,2
ozks,0.002681,0
ozks,0.003258417,6
ozks,0.003225792,3
ozks,0.003073417,8
ozks,0.006091834,113
ozks,0.009266625,247
ozks,0.003733875,8
ozks,0.002987542,1
ozks,0.003042417,1
ozks,0.003650667,6
ozks,0.004524417,39
ozks,0.003285583,9
ozks,0.004825625,53
ozks,0.003676792,16
ozks,0.012314459,423
ozks,0.003038458,2
ozks,0.005465209,96
ozks,0.003264666,8
ozks,0.003757834,31
ozks,0.017893084,603
ozks,0.003148041,4
ozks,0.004370791,36
ozks,0.003288875,10
ozks,0.004884166,67
ozks,0.0024335,0
ozks,0.025270625,943
ozks,0.003171917,8
ozks,0.00333,6
ozks,0.002489042,0
ozks,0.002908083,1
ozks,0.0036265,11
ozks,0.004521667,31
ozks,0.003924875,21
ozks,0.003568042,13
ozks,0.010286416,325
ozks,0.003045958,2
ozks,0.003629459,13
ozks,0.016105292,551
ozks,0.0030995,4
ozks,0.003845541,12
ozks,0.004711167,46
ozks,0.004506,42
ozks,0.013705834,438
ozks,0.002567834,0
ozks,0.002970833,1
ozks,0.004306834,46
ozks,0.00267325,0
ozks,0.002750333,1
ozks,0.0046005,43
ozks,0.003263792,9
ozks,0.020744625,749
ozks,0.004576292,38
ozks,0.003041875,4
ozks,0.0035395,7
ozks,0.005627,106
ozks,0.003027833,1
ozks,0.006162208,119
ozks,0.003048625,4
ozks,0.017489209,528
ozks,0.003240667,2
ozks,0.003537958,17
ozks,0.002991458,4
ozks,0.003425,13
ozks,0.004728209,67
ozks,0.005881875,110
ozks,0.015456375,541
ozks,0.003132542,1
ozks,0.004883041,31
ozks,0.002403167,0
ozks,0.010677333,350
ozks,0.002967833,1
ozks,0.004484625,36
ozks,0.003694417,21
ozks,0.002351209,0
ozks,0.007231,157
ozks,0.003381167,6
ozks,0.005812833,114
ozks,0.003952833,17
ozks,0.003883292,13
ozks,0.002674417,0
ozks,0.00311575,4
ozks,0.008906417,251
ozks,0.003499667,9
ozks,0.004198417,17
ozks,0.006661625,147
ozks,0.00438675,38
ozks,0.0030955,4
ozks,0.003364583,2
ozks,0.004046,34
ozks,0.004077,34
ozks,0.003909041,22
ozks,0.002811542,0
ozks,0.004075167,31
ozks,0.004458625,53
ozks,0.025943083,981
ozks,0.002756417,0
ozks,0.019707375,706
ozks,0.021913791,785
ozks,0.003909417,30
ozks,0.004779208,53
ozks,0.004517708,42
ozks,0.003716042,24
ozks,0.004407792,35
ozks,0.003295,5
ozks,0.002921416,1
ozks,0.003204875,8
ozks,0.003483916,9
ozks,0.004676208,44
ozks,0.020601833,670
ozks,0.00428225,44
ozks,0.005932833,114
ozks,0.004418417,44
ozks,0.002873334,1
ozks,0.003521833,13
ozks,0.004440208,35
ozks,0.002951666,2
ozks,0.003743625,7
ozks,0.005447,80
ozks,0.004054834,20
ozks,0.002943959,2
ozks,0.003654708,1
ozks,0.003357084,11
ozks,0.004774292,45
ozks,0.003589542,13
ozks,0.004828417,53
ozks,0.016764375,582
ozks,0.005575458,89
ozks,0.003340334,3
ozks,0.003575875,16
ozks,0.019665417,736
ozks,0.006237083,133
ozks,0.003391875,9
ozks,0.00431075,48
ozks,0.004766541,35
ozks,0.006596792,141
ozks,0.020402458,791
ozks,0.003565334,13
ozks,0.00328725,2
ozks,0.003546584,13
ozks,0.004915042,66
ozks,0.003129917,6
ozks,0.00659325,146
ozks,0.00646925,137
ozks,0.003181625,8
ozks,0.006050792,120
ozks,0.003300792,10
ozks,0.003548375,1
ozks,0.015804042,524
ozks,0.004412083,62
ozks,0.004404708,43
ozks,0.003584583,14
ozks,0.022791042,857
ozks,0.00407125,39
ozks,0.003111584,5
ozks,0.004312083,46
ozks,0.003275542,6
ozks,0.006923459,158
ozks,0.01044975,325
ozks,0.004114125,20
ozks,0.004446875,23
ozks,0.004281166,41
ozks,0.010194209,325
ozks,0.006753583,135
ozks,0.003335625,3
ozks,0.003331167,9
ozks,0.0033,9
ozks,0.003299625,4
ozks,0.004390833,48
ozks,0.006852875,148
ozks,0.003508416,9
ozks,0.003328708,8
ozks,0.005898041,92
ozks,0.006765792,141
ozks,0.003101333,7
ozks,0.004564542,39
ozks,0.003078125,3
ozks,0.004106125,26
ozks,0.002793917,1
ozks,0.003593917,8
ozks,0.004401292,46
ozks,0.004736042,70
ozks,0.002648208,0
ozks,0.003260416,10
ozks,0.005332166,94
ozks,0.023956292,874
ozks,0.003785083,21
ozks,0.00605875,127
ozks,0.0036885,19
ozks,0.004913708,77
ozks,0.003628416,16
ozks,0.003109708,4
ozks,0.003207667,2
ozks,0.020574083,638
ozks,0.009526583,274
ozks,0.004533417,59
ozks,0.003230791,3
ozks,0.003902583,30
ozks,0.020893959,737
ozks,0.005060667,60
ozks,0.006302417,132
ozks,0.005336292,70
ozks,0.002303916,0
ozks,0.004783792,64
ozks,0.004402334,41
ozks,0.003493083,1
ozks,0.003332083,8
ozks,0.003826209,12
ozks,0.011438084,360
ozks,0.007045625,154
ozks,0.003798208,8
ozks,0.024128916,874
ozks,0.00375525,18
ozks,0.002908167,1
ozks,0.003400125,8
ozks,0.003745125,12
ozks,0.003025334,2
ozks,0.004127791,19
ozks,0.008875292,200
ozks,0.003370083,8
ozks,0.005936416,105
ozks,0.003423208,10
ozks,0.01807125,38
ozks,0.004262875,11
ozks,0.003523917,8
ozks,0.00378075,28
ozks,0.006389209,136
ozks,0.003316791,4
ozks,0.002356666,0
ozks,0.002907125,2
ozks,0.003425416,11
ozks,0.003591583,3
ozks,0.005136375,89
ozks,0.01206875,370
ozks,0.003404542,8
ozks,0.005181834,87
ozks,0.003703958,4
ozks,0.003070292,1
ozks,0.002922792,3
ozks,0.00411975,41
ozks,0.019351083,736
ozks,0.007740459,173
ozks,0.003397292,11
ozks,0.003362542,8
ozks,0.011739625,338
ozks,0.003277375,9
ozks,0.003964667,21
ozks,0.004451667,39
ozks,0.002368541,0
ozks,0.003943042,7
ozks,0.003468083,10
ozks,0.003611083,8
ozks,0.003433,10
ozks,0.003344875,13
ozks,0.004318916,28
ozks,0.00341975,8
ozks,0.003887042,28
ozks,0.004343958,39
ozks,0.004377084,45
ozks,0.002872584,1
ozks,0.007522625,176
ozks,0.004479541,48
ozks,0.003821,13
ozks,0.00258,0
ozks,0.002535291,0
ozks,0.003645917,5
ozks,0.00332675,6
ozks,0.003106208,6
ozks,0.006931625,140
ozks,0.003450084,10
ozks,0.006579834,137
ozks,0.003471292,19
ozks,0.004807041,48
ozks,0.007752792,197
ozks,0.007470292,169
ozks,0.003509167,17
ozks,0.005029333,71
ozks,0.003477083,12
ozks,0.005731125,104
ozks,0.00296675,1
ozks,0.003990208,3
ozks,0.002872542,1
ozks,0.003268792,8
ozks,0.003872333,17
ozks,0.002997708,2
ozks,0.0030005,0
ozks,0.003086084,2
ozks,0.003580584,17
ozks,0.004495042,53
ozks,0.005665292,88
ozks,0.003305417,3
ozks,0.003611333,12
ozks,0.024142583,954
ozks,0.005398208,44
ozks,0.003805209,16
ozks,0.0030595,4
ozks,0.004672833,46
ozks,0.004038583,15
ozks,0.004189083,17
ozks,0.0059775,121
ozks,0.002906083,3
ozks,0.003135542,4
ozks,0.003815208,17
ozks,0.006974083,158
ozks,0.011220833,360
ozks,0.005342375,92
ozks,0.00607525,84
ozks,0.0031395,1
ozks,0.004594916,63
ozks,0.004611667,54
ozks,0.002423,0
ozks,0.003643208,1
ozks,0.002466417,0
ozks,0.006465208,121
ozks,0.003305,5
ozks,0.003394041,12
ozks,0.008859542,236
ozks,0.005285333,93
ozks,0.003396583,9
ozks,0.002687958,0
ozks,0.003171292,7
ozks,0.008298209,210
ozks,0.0033285,10
ozks,0.004288708,18
ozks,0.0225585,880
ozks,0.003137583,5
ozks,0.003513083,5
ozks,0.004146375,35
ozks,0.006053292,114
ozks,0.003346459,11
ozks,0.023720833,859
ozks,0.003834333,1
ozks,0.003730666,12
ozks,0.00403675,34
ozks,0.00289225,1
ozks,0.003788208,27
ozks,0.007220833,135
ozks,0.00345325,8
ozks,0.003079542,9
ozks,0.003614625,17
ozks,0.004358417,47
ozks,0.003263833,8
ozks,0.003230833,8
ozks,0.003331833,10
ozks,0.003381,1
ozks,0.004723292,58
ozks,0.0152035,517
ozks,0.00300225,4
ozks,0.018323,590
ozks,0.003743541,20
ozks,0.003313792,6
ozks,0.002856542,1
ozks,0.004492333,35
ozks,0.019313334,690
ozks,0.007956958,201
ozks,0.004436542,22
ozks,0.005494916,82
ozks,0.0120325,382
ozks,0.003387583,2
ozks,0.0028315,1
ozks,0.004534208,28
ozks,0.00327525,8
ozks,0.003745959,13
ozks,0.012371458,401
ozks,0.0035085,12
ozks,0.004315708,29
ozks,0.003151792,8
ozks,0.0064585,137
ozks,0.003551958,7
ozks,0.00395525,23
ozks,0.003694292,10
ozks,0.004099833,17
ozks,0.018373166,601
ozks,0.002422666,0
ozks,0.004957166,65
ozks,0.003117375,6
ozks,0.005061292,65
ozks,0.0047,51
ozks,0.003519834,7
ozks,0.019876916,691
ozks,0.003584167,17
ozks,0.008494417,233
ozks,0.014136458,473
ozks,0.003790917,12
ozks,0.004986,30
ozks,0.005673291,75
ozks,0.005502833,85
ozks,0.003014375,1
ozks,0.006432916,110
ozks,0.004445833,45
ozks,0.003168875,1
ozks,0.007077708,157
ozks,0.003193334,1
ozks,0.003026292,1
ozks,0.014041,466
ozks,0.003825375,19
ozks,0.003043917,1
ozks,0.00337875,8
ozks,0.0060395,107
ozks,0.00547825,89
ozks,0.004245292,37
ozks,0.003645583,17
ozks,0.0047395,57
ozks,0.003471125,6
ozks,0.01172225,324
ozks,0.006059166,129
ozks,0.003841292,27
ozks,0.004145958,19
ozks,0.012680084,385
ozks,0.021392125,665
ozks,0.018081791,633
ozks,0.003162958,4
ozks,0.00320975,5
ozks,0.004217416,37
ozks,0.004019125,22
ozks,0.003629291,8
ozks,0.002915625,2
ozks,0.003612,10
ozks,0.003066875,2
ozks,0.002984416,1
ozks,0.005213792,74
ozks,0.003904625,9
ozks,0.003105541,1
ozks,0.018156833,642
ozks,0.003640666,15
ozks,0.002831375,0
ozks,0.003615917,8
ozks,0.003587667,5
ozks,0.003621084,2
ozks,0.00323325,3
ozks,0.004109083,13
ozks,0.003214083,4
ozks,0.003755333,10
ozks,0.003005875,0
ozks,0.003645459,8
ozks,0.002995125,1
ozks,0.006857917,138
ozks,0.012233792,383
ozks,0.003943125,15
ozks,0.002444625,0
ozks,0.003772167,10
ozks,0.021459958,667
ozks,0.006549792,128
ozks,0.003372417,4
ozks,0.003820083,22
ozks,0.004231959,29
ozks,0.011327208,288
ozks,0.00262275,0
ozks,0.003442042,3
ozks,0.011539416,339
ozks,0.002894666,0
ozks,0.003998542,16
ozks,0.00382075,1
ozks,0.004170833,28
ozks,0.003329875,5
ozks,0.007867583,193
ozks,0.006886667,148
ozks,0.003309375,4
ozks,0.013952,383
ozks,0.01663375,589
ozks,0.005553416,102
ozks,0.003298834,6
ozks,0.004611584,42
ozks,0.003493958,11
ozks,0.004917209,59
ozks,0.00400925,10
ozks,0.005557791,79
ozks,0.003852375,1
ozks,0.004103792,21
ozks,0.003293125,3
ozks,0.002498084,0
ozks,0.004407292,38
ozks,0.003223791,5
ozks,0.0037085,8
ozks,0.004421333,38
ozks,0.004356959,48
ozks,0.0033785,5
ozks,0.006190375,98
ozks,0.010244083,325
ozks,0.00322775,9
ozks,0.005069791,74
ozks,0.004465875,55
ozks,0.002987167,5
ozks,0.003271292,7
ozks,0.00252225,0
ozks,0.002990708,5
ozks,0.006189,117
ozks,0.002528042,0
ozks,0.003011875,5
ozks,0.003409375,11
ozks,0.004309958,22
ozks,0.00473975,52
ozks,0.019827334,743
ozks,0.006631833,146
ozks,0.005307791,90
ozks,0.003410667,12
ozks,0.021973958,814
ozks,0.0031135,1
ozks,0.004151208,29
ozks,0.005940292,112
ozks,0.003119167,7
ozks,0.00300425,2
ozks,0.003515833,14
ozks,0.003427333,1
ozks,0.019528417,738
ozks,0.00302975,3
ozks,0.003253791,1
ozks,0.002857667,2
ozks,0.00358875,17
ozks,0.004168458,13
ozks,0.003599792,12
ozks,0.003745667,12
ozks,0.003137041,4
ozks,0.002709084,0
ozks,0.00510625,83
ozks,0.002895417,1
ozks,0.009340125,273
ozks,0.004664458,67
ozks,0.003901375,18
ozks,0.003391042,9
ozks,0.004005583,17
ozks,0.004567292,61
ozks,0.011230917,274
ozks,0.003203417,7
ozks,0.002925917,2
ozks,0.003402583,1
ozks,0.00255675,0
ozks,0.003511375,11
ozks,0.022659834,872
ozks,0.003302917,9
ozks,0.004137042,41
ozks,0.003206667,4
ozks,0.002365542,0
ozks,0.003865959,28
ozks,0.003206833,5
ozks,0.003575791,8
ozks,0.011776291,366
ozks,0.002427708,0
ozks,0.003083375,4
ozks,0.003682667,20
ozks,0.002488375,0
ozks,0.003820916,10
ozks,0.009431583,262
ozks,0.003708709,12
ozks,0.004508292,42
ozks,0.007422458,182
ozks,0.006742209,137
ozks,0.002498792,0
ozks,0.004776667,46
ozks,0.003143,8
ozks,0.003165875,7
ozks,0.0031975,8
ozks,0.003364167,8
ozks,0.014929209,417
ozks,0.002350584,0
ozks,0.00364525,15
ozks,0.003156041,8
ozks,0.005895083,108
ozks,0.003557416,19
ozks,0.003870083,18
ozks,0.014603791,516
ozks,0.003234542,1
ozks,0.004002667,27
ozks,0.0022515,0
ozks,0.003426208,8
ozks,0.003714875,17
ozks,0.003851708,16
ozks,0.003133792,4
ozks,0.003391375,10
ozks,0.008762958,244
ozks,0.020553875,737
ozks,0.002996167,0
ozks,0.003961208,17
ozks,0.003087667,8
ozks,0.002954916,2
ozks,0.012513916,399
ozks,0.004711208,52
ozks,0.003447334,8
ozks,0.011618833,322
ozks,0.010131208,325
ozks,0.002810208,1
ozks,0.007691125,191
ozks,0.003725958,24
ozks,0.003094084,4
ozks,0.006632333,106
ozks,0.024429792,908
ozks,0.00307125,3
ozks,0.006917125,149
ozks,0.003432459,11
ozks,0.003464959,11
ozks,0.0038425,26
ozks,0.007868917,140
ozks,0.003846166,15
ozks,0.021033834,767
ozks,0.003351625,7
ozks,0.00366875,17
ozks,0.005913375,109
ozks,0.004048916,18
ozks,0.004695583,56
ozks,0.003084042,3
ozks,0.009507042,291
ozks,0.007394583,167
ozks,0.002396959,0
ozks,0.00513825,88
ozks,0.003155125,6
ozks,0.003617,11
ozks,0.004366708,53
ozks,0.01808625,635
ozks,0.010926666,300
ozks,0.004143458,40
ozks,0.012735333,408
ozks,0.004014292,16
ozks,0.002924917,2
ozks,0.002992542,2
ozks,0.002923709,2
ozks,0.004992292,46
ozks,0.004488792,45
ozks,0.004265667,32
ozks,0.010628625,325
ozks,0.002580417,0
ozks,0.007051834,149
ozks,0.004014583,12
ozks,0.003346334,10
ozks,0.003042292,3
ozks,0.004158875,26
ozks,0.010006917,324
ozks,0.003334084,3
ozks,0.003869666,8
ozks,0.003230458,3
ozks,0.003285417,8
ozks,0.003195083,7
ozks,0.002713667,0
ozks,0.004801041,62
ozks,0.0042,17
ozks,0.003404458,10
ozks,0.003311625,11
ozks,0.0060645,113
ozks,0.004375875,43
ozks,0.00985525,268
ozks,0.003224041,1
ozks,0.005257041,84
ozks,0.009771958,291
ozks,0.003542208,10
ozks,0.004317584,44
ozks,0.003022292,3
ozks,0.003782458,5
ozks,0.004100875,24
ozks,0.003560167,16
ozks,0.004460084,43
ozks,0.003488958,8
ozks,0.00311075,2
ozks,0.019516375,734
ozks,0.004407125,24
ozks,0.003083542,7
ozks,0.002544458,0
ozks,0.002459209,0
ozks,0.003831458,27
ozks,0.003498542,17
ozks,0.003954875,17
ozks,0.003199625,3
ozks,0.008641583,238
ozks,0.004169208,26
ozks,0.002978708,1
ozks,0.003159,1
ozks,0.002951042,1
ozks,0.002607916,0
ozks,0.003478333,13
ozks,0.004934833,77
ozks,0.0220645,825
ozks,0.021478042,761
ozks,0.008853208,240
ozks,0.01832525,629
ozks,0.004069,30
ozks,0.003285875,9
ozks,0.019805459,700
ozks,0.003032542,3
ozks,0.003264125,7
ozks,0.003256958,5
ozks,0.003077875,3
ozks,0.004009208,35
ozks,0.003306125,2
ozks,0.019635167,734
ozks,0.006787292,169
ozks,0.004354459,15
ozks,0.004769916,74
ozks,0.003953875,33
ozks,0.003764458,12
ozks,0.003164583,8
ozks,0.003798958,11
ozks,0.003503625,12
ozks,0.004336834,40
ozks,0.005089209,71
ozks,0.003373333,7
ozks,0.002401166,0
ozks,0.002953125,1
ozks,0.00453675,54
ozks,0.003666917,1
ozks,0.007571333,185
ozks,0.002922416,2
ozks,0.003360375,5
ozks,0.00357875,22
ozks,0.002282,0
ozks,0.004793667,26
ozks,0.003047167,2
ozks,0.025134625,922
ozks,0.003889875,22
ozks,0.003793875,21
ozks,0.005940417,120
ozks,0.003580375,1
ozks,0.003263375,8
ozks,0.004884333,65
ozks,0.005220542,87
ozks,0.00360775,20
ozks,0.003127041,3
ozks,0.007722625,165
ozks,0.006393042,128
ozks,0.005214917,76
ozks,0.011413958,378
ozks,0.003988375,19
ozks,0.0030975,8
ozks,0.003250375,5
ozks,0.004040708,12
ozks,0.003411083,10
ozks,0.018331583,668
ozks,0.018368083,670
ozks,0.003383542,8
ozks,0.003215917,11
ozks,0.003819833,21
ozks,0.003177916,3
ozks,0.005516042,86
ozks,0.003173959,7
ozks,0.0087405,227
ozks,0.014002958,487
ozks,0.003166625,7
ozks,0.006527167,96
ozks,0.003790708,13
ozks,0.002369458,0
ozks,0.004619916,50
ozks,0.002969917,2
ozks,0.003391792,8
ozks,0.00342175,4
ozks,0.00316525,2
ozks,0.004136,27
ozks,0.003222625,3
ozks,0.002780916,1
ozks,0.003103666,4
ozks,0.003733458,9
ozks,0.009745667,276
ozks,0.003930292,34
ozks,0.003592416,8
ozks,0.005164417,81
ozks,0.006809083,133
ozks,0.004364458,17
ozks,0.003315875,8
ozks,0.003539542,12
ozks,0.006592584,146
ozks,0.002762458,0
ozks,0.002958167,1
ozks,0.003365542,9
ozks,0.003208833,8
ozks,0.002542792,0
ozks,0.003097375,5
ozks,0.00374225,16
ozks,0.006629458,140
ozks,0.004699333,48
ozks,0.004066292,41
ozks,0.004693042,58
ozks,0.006395792,140
ozks,0.003201042,7
ozks,0.003409,8
ozks,0.006177291,110
ozks,0.004547333,35
ozks,0.002978666,1
ozks,0.003241416,2
ozks,0.008609125,251
ozks,0.02079625,750
ozks,0.002417917,0
ozks,0.004236458,24
ozks,0.004262459,20
ozks,0.003427084,11
ozks,0.004088708,23
ozks,0.005400625,82
ozks,0.017424375,617
ozks,0.0049895,78
ozks,0.00380125,8
ozks,0.002376625,0
ozks,0.009421167,273
ozks,0.006714458,133
ozks,0.017889625,629
ozks,0.003164583,6
ozks,0.004708333,33
ozks,0.003785958,21
ozks,0.00346125,8
ozks,0.004640167,54
ozks,0.006571792,76
ozks,0.003658416,10
ozks,0.006070417,91
ozks,0.002352,0
ozks,0.004143958,16
ozks,0.002368958,0
ozks,0.002922583,1
ozks,0.003308834,8
ozks,0.002753916,0
ozks,0.00422275,27
ozks,0.002780208,0
ozks,0.003981583,29
ozks,0.002332625,0
ozks,0.004242167,23
ozks,0.005340084,82
ozks,0.003426125,3
ozks,0.01016075,300
ozks,0.003245708,9
ozks,0.00341125,9
ozks,0.003364042,1
ozks,0.005401709,83
ozks,0.004764,45
ozks,0.004729,64
ozks,0.003083792,2
ozks,0.004792416,47
ozks,0.004390375,35
ozks,0.002913542,1
ozks,0.003987375,32
ozks,0.027472709,904
ozks,0.005346334,89
ozks,0.003224458,9
ozks,0.003850583,14
ozks,0.003069875,3
ozks,0.003685917,11
ozks,0.005608375,77
ozks,0.003069208,7
ozks,0.003740208,17
ozks,0.004515959,37
ozks,0.004371,52
ozks,0.013298833,410
ozks,0.004387917,22
ozks,0.006492208,141
ozks,0.003905166,17
ozks,0.003493,3
ozks,0.003774042,11
ozks,0.004509208,46
ozks,0.016636625,606
ozks,0.003638958,10
ozks,0.024664334,904
ozks,0.008999125,243
ozks,0.003591291,11
ozks,0.002319042,0
ozks,0.002924,0
ozks,0.003193167,1
ozks,0.003234459,6
ozks,0.003284291,10
ozks,0.004360083,38
ozks,0.003551458,9
ozks,0.011774625,325
ozks,0.003945708,24
ozks,0.003341083,3
ozks,0.002802917,1
ozks,0.003291459,9
ozks,0.003155333,5
ozks,0.003352459,8
ozks,0.008389458,155
ozks,0.004249667,25
ozks,0.014883208,541
ozks,0.0039125,11
ozks,0.003011417,1
ozks,0.003628583,4
ozks,0.007078125,159
ozks,0.026121833,962
ozks,0.003833708,17
ozks,0.016726208,606
ozks,0.003313792,10
ozks,0.003359875,2
ozks,0.003097917,5
ozks,0.004139167,23
ozks,0.003006625,3
ozks,0.003143792,5
ozks,0.003775291,25
ozks,0.005278334,80
ozks,0.011060333,301
ozks,0.004296292,31
ozks,0.00410125,34
ozks,0.003616834,17
ozks,0.004138625,26
ozks,0.021296834,791
ozks,0.011876209,352
ozks,0.004443875,18
ozks,0.003959625,36
ozks,0.003612875,13
ozks,0.004188292,20
ozks,0.003177958,7
ozks,0.003796125,11
ozks,0.003617083,18
ozks,0.003483,9
ozks,0.009995584,274
ozks,0.002953666,2
ozks,0.018679458,695
ozks,0.003977959,18
ozks,0.003811667,24
ozks,0.004172792,10
ozks,0.003743792,14
ozks,0.003598666,9
ozks,0.003532458,16
ozks,0.003689833,10
ozks,0.017348125,602
ozks,0.004063375,24
ozks,0.003289083,2
ozks,0.002595334,0
ozks,0.003089375,4
ozks,0.00406975,39
ozks,0.019889459,714
ozks,0.007493625,158
ozks,0.0032845,8
ozks,0.003091375,3
ozks,0.005554,88
ozks,0.004160792,36
ozks,0.003982625,6
ozks,0.014688042,485
ozks,0.003379833,3
ozks,0.005329625,85
ozks,0.003065959,1
ozks,0.01984525,712
ozks,0.005464125,68
ozks,0.017320084,541
ozks,0.003254708,1
ozks,0.007467166,153
ozks,0.0037235,17
ozks,0.010792375,322
ozks,0.008220917,211
ozks,0.003777916,13
ozks,0.003342958,2
ozks,0.006877042,143
ozks,0.004592333,54
ozks,0.008776875,228
ozks,0.006088291,102
ozks,0.013405292,431
ozks,0.004541,34
ozks,0.003538084,11
ozks,0.003323709,3
ozks,0.003204125,4
ozks,0.003063917,1
ozks,0.0033645,5
ozks,0.012445792,383
ozks,0.003876167,14
ozks,0.013014292,417
ozks,0.003620416,12
ozks,0.010123208,298
ozks,0.0050375,44
ozks,0.003202875,3
ozks,0.00252425,0
ozks,0.007509583,183
ozks,0.0032005,9
ozks,0.003524917,6
ozks,0.004421542,55
ozks,0.004583417,46
ozks,0.005900584,110
ozks,0.00321875,8
ozks,0.010970834,336
ozks,0.0030215,3
ozks,0.002655375,0
ozks,0.003070541,8
ozks,0.005801083,106
ozks,0.00334725,8
ozks,0.003535917,11
ozks,0.004510833,21
ozks,0.003322875,10
ozks,0.009692875,272
ozks,0.003799209,19
ozks,0.004925458,51
ozks,0.003027875,3
ozks,0.003241834,2
ozks,0.009232542,274
ozks,0.005731209,66
ozks,0.003699791,18
ozks,0.002929,1
ozks,0.003547416,11
ozks,0.003837792,8
ozks,0.003796125,23
ozks,0.003164125,8
ozks,0.002645292,0
ozks,0.004378166,36
ozks,0.00551175,88
ozks,0.004479917,58
ozks,0.002601334,0
ozks,0.005148292,39
ozks,0.003407375,6
ozks,0.003860917,26
ozks,0.008581292,236
ozks,0.003769667,3
ozks,0.013686583,445
ozks,0.004947041,76
ozks,0.00425725,41
ozks,0.003590417,9
ozks,0.005594083,81
ozks,0.0040595,14
ozks,0.003665709,13
ozks,0.004716291,26
ozks,0.003818584,16
ozks,0.003677459,13
ozks,0.003034333,4
ozks,0.0044625,16
ozks,0.003550291,12
ozks,0.00328325,3
ozks,0.004664375,56
ozks,0.003248875,1
ozks,0.005416791,91
ozks,0.0240795,934
ozks,0.018669458,643
ozks,0.003235167,1
ozks,0.004911875,35
ozks,0.004116833,44
ozks,0.009799875,276
ozks,0.003360083,6
ozks,0.003093542,1
ozks,0.019191125,687
ozks,0.004292666,41
ozks,0.002990917,2
ozks,0.004795833,53
ozks,0.003151541,5
ozks,0.007439916,175
ozks,0.01074725,340
ozks,0.00324075,7
ozks,0.003791542,18
ozks,0.004694667,53
ozks,0.00329025,3
ozks,0.00304925,3
ozks,0.003778958,17
ozks,0.004235167,36
ozks,0.002423542,0
ozks,0.008684792,240
ozks,0.003182125,3
ozks,0.003438667,13
ozks,0.010168666,256
ozks,0.003779792,4
ozks,0.014996459,498
ozks,0.003126167,1
ozks,0.004825166,45
ozks,0.003678,1
ozks,0.003117125,2
ozks,0.003805292,27
ozks,0.003316917,9
ozks,0.004433958,39
ozks,0.003352708,3
ozks,0.025750583,983
ozks,0.003249666,7
ozks,0.002970542,1
ozks,0.002974916,3
ozks,0.012217166,407
ozks,0.003523667,16
ozks,0.003686417,8
ozks,0.004187167,41
ozks,0.023780708,866
ozks,0.003173459,8
ozks,0.01440325,485
ozks,0.003423875,11
ozks,0.0031405,2
ozks,0.003983417,35
ozks,0.007230583,146
ozks,0.00393075,18
ozks,0.007595917,187
ozks,0.01592,548
ozks,0.004055167,21
ozks,0.003698958,7
ozks,0.003813458,13
ozks,0.0029255,1
ozks,0.006809208,140
ozks,0.0037945,27
ozks,0.0034295,15
ozks,0.010195,280
ozks,0.003677958,7
ozks,0.004951375,78
ozks,0.00419775,24
ozks,0.003414542,8
ozks,0.004079375,22
ozks,0.004507166,26
ozks,0.002959958,1
ozks,0.00527075,83
ozks,0.003449583,8
ozks,0.002548,0
ozks,0.004683667,43
ozks,0.015613333,523
ozks,0.015349834,506
ozks,0.004533166,44
ozks,0.003073333,6
ozks,0.00359475,10
ozks,0.004138709,36
ozks,0.003527334,8
ozks,0.003506458,15
ozks,0.003357958,6
ozks,0.002454375,0
ozks,0.003229917,6
ozks,0.003114,1
ozks,0.003005667,2
ozks,0.009822833,278
ozks,0.011970083,389
ozks,0.003226417,2
ozks,0.003710125,13
ozks,0.003557666,11
ozks,0.00318475,6
ozks,0.003382708,2
ozks,0.006283833,110
ozks,0.003717375,2
ozks,0.0033175,8
ozks,0.00403425,30
ozks,0.003701583,10
ozks,0.003464,8
ozks,0.003123667,3
ozks,0.004807792,43
ozks,0.006899333,164
ozks,0.003834833,18
ozks,0.003276167,7
ozks,0.009936417,245
ozks,0.003365042,1
ozks,0.006023042,110
ozks,0.003252459,6
ozks,0.003285625,1
ozks,0.002960542,1
ozks,0.007092791,158
ozks,0.009365458,262
ozks,0.004929084,45
ozks,0.003387125,4
ozks,0.003233416,6
ozks,0.013186042,442
ozks,0.004317583,47
ozks,0.007011958,123
ozks,0.003135,2
ozks,0.003811834,14
ozks,0.004994708,68
ozks,0.005101459,84
ozks,0.003359167,5
ozks,0.003366416,8
ozks,0.003589,1
ozks,0.004240625,35
ozks,0.004147083,25
ozks,0.002671958,0
ozks,0.002682083,0
ozks,0.003229042,4
ozks,0.003534042,8
ozks,0.004485833,58
ozks,0.011314125,358
ozks,0.00535525,65
ozks,0.002718125,0
ozks,0.003456833,10
ozks,0.004186541,12
ozks,0.003873,19
ozks,0.003555917,8
ozks,0.0033735,9
ozks,0.00648375,128
ozks,0.003864583,5
ozks,0.002955458,1
ozks,0.00310325,3
ozks,0.008277583,225
ozks,0.003136958,5
ozks,0.003155209,6
ozks,0.00315675,6
ozks,0.007559917,182
ozks,0.008833583,182
ozks,0.004054,17
ozks,0.007105708,153
ozks,0.004237167,37
ozks,0.003141583,2
ozks,0.003930792,13
ozks,0.004456708,36
ozks,0.005072167,66
ozks,0.003222375,8
ozks,0.003321208,8
ozks,0.002697917,0
ozks,0.002982583,3
ozks,0.003337833,1
ozks,0.004167917,14
ozks,0.005389333,94
ozks,0.0030405,2
ozks,0.005245375,88
ozks,0.004096125,17
ozks,0.004132708,28
ozks,0.003439792,7
ozks,0.006095625,101
ozks,0.004623958,44
ozks,0.003317875,2
ozks,0.011621084,355
ozks,0.004006,39
ozks,0.003809834,14
ozks,0.0043555,41
ozks,0.004612083,42
ozks,0.004389041,36
ozks,0.003312208,1
ozks,0.003430625,8
ozks,0.00238475,0
ozks,0.003029584,5
ozks,0.002729125,0
ozks,0.003731708,17
ozks,0.003540917,9
ozks,0.003890083,36
ozks,0.003346166,7
ozks,0.002469458,0
ozks,0.006308708,115
ozks,0.003343042,10
ozks,0.002897542,1
ozks,0.005954667,78
ozks,0.003576167,14
ozks,0.003313625,3
ozks,0.003079417,5
ozks,0.003035334,2
ozks,0.019502208,695
ozks,0.004792417,65
ozks,0.003169625,5
ozks,0.003552625,11
ozks,0.002918208,1
ozks,0.003064041,1
ozks,0.004522667,45
ozks,0.003894833,14
ozks,0.003424958,9
ozks,0.005018458,68
ozks,0.003788041,16
ozks,0.003449833,9
ozks,0.006690875,127
ozks,0.003468083,9
ozks,0.005452709,88
ozks,0.003599333,15
ozks,0.002877458,0
ozks,0.00981825,291
ozks,0.002838208,1
ozks,0.003656083,11
ozks,0.002981375,3
ozks,0.00438825,22
ozks,0.005,50
ozks,0.002946708,2
ozks,0.004656208,57
ozks,0.004444667,52
ozks,0.003223708,4
ozks,0.005188292,67
ozks,0.003249916,8
ozks,0.003243958,1
ozks,0.004424125,47
ozks,0.002725666,0
ozks,0.003798625,17
ozks,0.003169959,1
ozks,0.004630917,56
ozks,0.016845,586
ozks,0.004974167,70
ozks,0.003750542,15
ozks,0.005204083,62
ozks,0.004548541,41
ozks,0.01019675,300
ozks,0.003095125,2
ozks,0.003374458,9
ozks,0.005280666,70
ozks,0.005637917,110
ozks,0.002924542,2
ozks,0.004677875,45
ozks,0.002382708,0
ozks,0.003113375,4
ozks,0.004086416,28
ozks,0.004062958,23
ozks,0.003077542,4
ozks,0.004566125,34
ozks,0.003173917,5
ozks,0.003728625,1
ozks,0.003427166,7
ozks,0.004659709,64
ozks,0.004330708,49
ozks,0.004280458,45
ozks,0.003948709,8
ozks,0.0033295,1
ozks,0.002890208,1
ozks,0.003452625,6
ozks,0.00338075,11
ozks,0.003853875,27
ozks,0.002902625,1
ozks,0.003243458,8
ozks,0.00667275,135
ozks,0.003796042,27
ozks,0.00407675,23
ozks,0.003586291,17
ozks,0.003644917,13
ozks,0.003225542,1
ozks,0.00414225,46
ozks,0.005384667,89
ozks,0.003271958,4
ozks,0.003324,9
ozks,0.007593666,193
ozks,0.00392675,25
ozks,0.004045375,20
ozks,0.003219375,7
ozks,0.006735,143
ozks,0.003034417,2
ozks,0.00479975,31
ozks,0.004675167,51
ozks,0.005308042,80
ozks,0.004077583,26
ozks,0.00349575,7
ozks,0.002350833,0
ozks,0.0030015,2
ozks,0.003705875,13
ozks,0.003876583,12
ozks,0.004787083,66
ozks,0.008617875,2
ozks,0.0036615,9
ozks,0.003670333,12
ozks,0.008010334,141
ozks,0.002744167,0
ozks,0.022262292,30
ozks,0.003039875,5
ozks,0.019022792,672
ozks,0.003563875,15
ozks,0.003543042,8
ozks,0.003060709,3
ozks,0.003641875,1
ozks,0.003578083,12
ozks,0.007019791,151
ozks,0.002392208,0
ozks,0.003613375,9
ozks,0.007760834,140
ozks,0.005968583,116
ozks,0.003663084,10
ozks,0.002384041,0
ozks,0.003553334,17
ozks,0.003177875,4
ozks,0.003050166,2
ozks,0.0036735,17
ozks,0.009185625,246
ozks,0.003548542,10
ozks,0.004829166,64
ozks,0.003392458,8
ozks,0.002884333,1
ozks,0.016129375,550
ozks,0.00373125,19
ozks,0.004493334,47
ozks,0.003767583,12
ozks,0.011332625,338
ozks,0.00287075,1
ozks,0.004079625,38
ozks,0.004714625,24
ozks,0.004824292,50
ozks,0.006728375,147
ozks,0.004902875,51
ozks,0.003581917,8
ozks,0.004995125,59
ozks,0.006650708,143
ozks,0.003731334,22
ozks,0.002422708,0
ozks,0.002911334,1
ozks,0.006578417,129
ozks,0.02029575,747
ozks,0.003603833,11
ozks,0.002935375,3
ozks,0.003218666,1
ozks,0.003728917,24
ozks,0.005026875,75
ozks,0.004601709,27
ozks,0.003884667,16
ozks,0.005631875,90
ozks,0.004153042,31
ozks,0.003312542,10
ozks,0.003720084,12
ozks,0.01973,734
ozks,0.0194295,628
ozks,0.003401458,10
ozks,0.002957792,2
ozks,0.003064209,4
ozks,0.002688709,0
ozks,0.003184959,4
ozks,0.002254041,0
ozks,0.003310291,8
ozks,0.003411792,10
ozks,0.003029333,5
ozks,0.002590791,0
ozks,0.015103708,506
ozks,0.0033505,8
ozks,0.004837208,44
ozks,0.008743792,236
ozks,0.003865125,15
ozks,0.005646958,81
ozks,0.004928917,70
ozks,0.003556459,11
ozks,0.003581125,17
ozks,0.012202666,384
ozks,0.021873709,769
ozks,0.002963917,3
ozks,0.002837083,1
ozks,0.003373625,10
ozks,0.0030915,4
ozks,0.004683583,46
ozks,0.003417875,12
ozks,0.003005875,3
ozks,0.003524583,8
ozks,0.003043041,2
ozks,0.003476541,6
ozks,0.00333325,4
ozks,0.003291375,8
ozks,0.004686541,45
ozks,0.024318417,895
ozks,0.003344041,3
ozks,0.003280917,8
ozks,0.006525208,140
ozks,0.00366475,1
ozks,0.003100166,6
ozks,0.003653375,18
ozks,0.003158625,2
ozks,0.004446625,45
ozks,0.002644458,0
ozks,0.002891,1
ozks,0.004722292,54
ozks,0.003417541,8
ozks,0.003005208,3
ozks,0.006792834,147
ozks,0.007041417,168
ozks,0.003866,25
ozks,0.010401917,263
ozks,0.003494625,9
ozks,0.005500625,98
ozks,0.003631917,22
ozks,0.004192708,37
ozks,0.007227208,135
ozks,0.003160875,2
ozks,0.003405875,10
ozks,0.002565292,0
ozks,0.00236575,0
ozks,0.002994292,3
ozks,0.014754584,488
ozks,0.006944666,144
ozks,0.003375375,2
ozks,0.011388834,345
ozks,0.002636,0
ozks,0.026207541,998
ozks,0.006359584,131
ozks,0.003069417,4
ozks,0.003236875,2
ozks,0.003147125,4
ozks,0.002766458,0
ozks,0.003053958,3
ozks,0.004987041,70
ozks,0.002448792,0
ozks,0.006356209,89
ozks,0.003130792,6
ozks,0.0063685,141
ozks,0.003224041,2
ozks,0.004444042,42
ozks,0.004108667,8
ozks,0.003083417,4
ozks,0.003059541,3
ozks,0.019775375,743
ozks,0.011839541,370
ozks,0.004527458,43
ozks,0.003408791,8
ozks,0.003903625,4
ozks,0.003327917,7
ozks,0.004395625,48
ozks,0.003214167,6
ozks,0.005205458,93
ozks,0.003004792,3
ozks,0.003402833,4
ozks,0.018993667,701
ozks,0.003202125,1
ozks,0.002480084,0
ozks,0.005778041,101
ozks,0.00355975,15
ozks,0.003520667,5
ozks,0.006327709,109
ozks,0.003941583,21
ozks,0.004416916,39
ozks,0.0054365,68
ozks,0.007455916,142
ozks,0.003342417,2
ozks,0.003594541,10
ozks,0.003522375,8
ozks,0.006692917,146
ozks,0.006034125,107
ozks,0.003812625,27
ozks,0.026103292,961
ozks,0.010491792,256
ozks,0.02063525,746
ozks,0.004716709,63
ozks,0.002471833,0
ozks,0.019946208,699
ozks,0.004060875,32
ozks,0.004584792,55
ozks,0.006968708,140
ozks,0.002942791,1
ozks,0.004651791,57
ozks,0.005247667,89
ozks,0.007927375,173
ozks,0.008101542,211
ozks,0.003493792,5
ozks,0.003950709,15
ozks,0.002420791,0
ozks,0.002906166,1
ozks,0.003224333,1
ozks,0.004655291,31
ozks,0.003504292,15
ozks,0.006258666,127
ozks,0.003893541,32
ozks,0.003449291,10
ozks,0.005784666,109
ozks,0.004007416,34
ozks,0.003198042,4
ozks,0.004436667,51
ozks,0.003890208,26
ozks,0.004211458,38
ozks,0.01044975,314
ozks,0.003056416,3
ozks,0.003714375,15
ozks,0.003759458,16
ozks,0.003610334,12
ozks,0.004234917,14
ozks,0.00572475,90
ozks,0.003228792,1
ozks,0.003009292,1
ozks,0.004527917,17
ozks,0.003644083,13
ozks,0.00632675,133
ozks,0.003120042,6
ozks,0.004029958,6
ozks,0.007064166,158
ozks,0.004735583,54
ozks,0.003635041,13
ozks,0.003895125,25
ozks,0.003074916,3
ozks,0.0035155,10
ozks,0.003779209,17
ozks,0.01134475,325
ozks,0.005565208,109
ozks,0.002930166,1
ozks,0.00317925,3
ozks,0.003098167,4
ozks,0.004162417,17
ozks,0.002969459,1
ozks,0.003175917,1
ozks,0.004379375,36
ozks,0.005404791,80
ozks,0.003369083,5
ozks,0.015821625,543
ozks,0.003211584,2
ozks,0.003503125,6
ozks,0.005905667,106
ozks,0.002602375,0
ozks,0.00613375,125
ozks,0.0031225,5
ozks,0.003198208,1
ozks,0.005740333,95
ozks,0.0032915,8
ozks,0.004950417,67
ozks,0.003327542,4
ozks,0.004694209,59
ozks,0.003453875,12
ozks,0.003506459,3
ozks,0.009349375,255
ozks,0.003295833,4
ozks,0.005967667,121
ozks,0.004998208,70
ozks,0.003495125,7
ozks,0.026391125,991
ozks,0.005127291,77
ozks,0.003967208,34
ozks,0.007193583,158
ozks,0.003001666,1
ozks,0.004994375,37
ozks,0.003163708,2
ozks,0.004141917,26
ozks,0.003709208,16
ozks,0.003699458,13
ozks,0.004416208,48
ozks,0.003255584,8
ozks,0.003337042,11
ozks,0.003748042,17
ozks,0.005069334,56
ozks,0.003141125,5
ozks,0.004615625,51
ozks,0.019388292,672
ozks,0.004087792,31
ozks,0.004099917,31
ozks,0.004076208,28
ozks,0.005113666,46
ozks,0.005825958,107
ozks,0.004255708,28
ozks,0.026445042,967
ozks,0.00322975,5
ozks,0.005970708,105
ozks,0.007213416,173
ozks,0.004942167,52
ozks,0.0032235,7
ozks,0.003296292,2
ozks,0.003206417,1
ozks,0.003566625,20
ozks,0.003146125,3
ozks,0.005585375,91
ozks,0.0047605,63
ozks,0.003538125,5
ozks,0.011124625,307
ozks,0.014534791,477
ozks,0.00269525,0
ozks,0.003032,3
ozks,0.003638709,4
ozks,0.003933167,17
ozks,0.004112417,9
ozks,0.003493542,10
ozks,0.004808667,48
ozks,0.003227,3
ozks,0.0035105,8
ozks,0.007460458,123
ozks,0.002672667,0
ozks,0.002306,0
ozks,0.022162167,805
ozks,0.005424542,82
ozks,0.003045542,3
ozks,0.005728083,104
ozks,0.003741625,18
ozks,0.004315917,47
ozks,0.003057541,7
ozks,0.006397333,106
ozks,0.004059083,17
ozks,0.005265041,79
ozks,0.003221333,7
ozks,0.003130666,2
ozks,0.003022625,3
ozks,0.009811333,274
ozks,0.003048583,1
ozks,0.009924959,290
ozks,0.004214084,25
ozks,0.004088125,13
ozks,0.005407042,79
ozks,0.004424333,49
ozks,0.004107583,8
ozks,0.003452125,10
ozks,0.002809084,1
ozks,0.003062166,5
ozks,0.002865292,1
ozks,0.003098042,3
ozks,0.003098791,1
ozks,0.003967667,31
ozks,0.002383292,0
ozks,0.004642708,39
ozks,0.003529166,16
ozks,0.004710959,59
ozks,0.013614583,469
ozks,0.005817083,83
ozks,0.00259725,0
ozks,0.004135083,32
ozks,0.002914167,2
ozks,0.003663875,13
ozks,0.0035785,8
ozks,0.002337042,0
ozks,0.006592958,137
ozks,0.003250041,8
ozks,0.002688625,0
ozks,0.004256583,13
ozks,0.008585708,220
ozks,0.008019167,108
ozks,0.00461475,40
ozks,0.01038475,328
ozks,0.003174709,8
ozks,0.002889458,3
ozks,0.004177791,42
ozks,0.006609417,127
ozks,0.003421292,10
ozks,0.003334041,9
ozks,0.003530041,11
ozks,0.003632833,14
ozks,0.004531166,49
ozks,0.003512375,17
ozks,0.004637583,26
ozks,0.004284875,23
ozks,0.003474209,12
ozks,0.003917375,22
ozks,0.00347075,10
ozks,0.004219375,39
ozks,0.003313958,8
ozks,0.003963334,15
ozks,0.003477333,14
ozks,0.0025005,0
ozks,0.003893917,22
ozks,0.005131041,66
ozks,0.004658292,64
ozks,0.003808375,9
ozks,0.003363417,10
ozks,0.008575,207
ozks,0.004014,24
ozks,0.003077167,3
ozks,0.008357834,148
ozks,0.004384084,50
ozks,0.005500125,94
ozks,0.003589375,11
ozks,0.00383725,14
ozks,0.006881708,140
ozks,0.006640958,139
ozks,0.003351167,8
ozks,0.002882916,0
ozks,0.003941792,21
ozks,0.015510792,528
ozks,0.003974333,24
ozks,0.00617575,126
ozks,0.003317958,8
ozks,0.003714708,9
ozks,0.003325792,6
ozks,0.003642875,17
ozks,0.00570425,70
ozks,0.005333417,89
ozks,0.005778084,94
ozks,0.003504333,7
ozks,0.007121667,146
ozks,0.015973167,541
ozks,0.003572791,14
ozks,0.002388375,0
ozks,0.015074542,541
ozks,0.002414667,0
ozks,0.007244625,164
ozks,0.005092542,72
ozks,0.002576792,0
ozks,0.003790375,3
ozks,0.003145958,5
ozks,0.003264167,6
ozks,0.004145292,31
ozks,0.004202083,27
ozks,0.00303875,3
ozks,0.006642333,146
ozks,0.003443292,9
ozks,0.004168625,28
ozks,0.003072417,2
ozks,0.002307125,0
ozks,0.007407416,179
ozks,0.005279459,80
ozks,0.004048375,8
ozks,0.006755417,136
ozks,0.00352575,13
ozks,0.004066542,17
ozks,0.003006833,2
ozks,0.003269916,8
ozks,0.004858417,54
ozks,0.006381042,135
ozks,0.003201459,4
ozks,0.003681292,22
ozks,0.003772792,9
ozks,0.002967125,2
ozks,0.004641583,44
ozks,0.005069209,36
ozks,0.002433583,0
ozks,0.00302,1
ozks,0.003335584,3
ozks,0.00746075,173
ozks,0.006703583,146
ozks,0.007180583,173
ozks,0.003928542,18
ozks,0.006540459,132
ozks,0.003668583,16
ozks,0.004158208,22
ozks,0.003087958,5
ozks,0.003097875,1
ozks,0.00435825,16
ozks,0.006773584,130
ozks,0.004186125,27
ozks,0.004018042,8
ozks,0.005233958,80
ozks,0.003265792,10
ozks,0.013543375,417
ozks,0.003464666,2
ozks,0.003312125,9
ozks,0.003053958,4
ozks,0.013029375,418
ozks,0.018195375,673
ozks,0.003011125,4
ozks,0.002875542,0
ozks,0.003338958,1
ozks,0.015937208,540
ozks,0.013642875,409
ozks,0.004180209,24
ozks,0.006867708,148
ozks,0.011295542,353
ozks,0.004302167,38
ozks,0.004554125,43
ozks,0.003044208,3
ozks,0.004294042,37
ozks,0.0038805,19
ozks,0.003475791,6
ozks,0.024712417,991
ozks,0.002765542,0
ozks,0.005330667,62
ozks,0.022676875,831
ozks,0.002523584,0
ozks,0.003081333,4
ozks,0.006774708,141
ozks,0.003105917,1
ozks,0.003168084,4
ozks,0.004657375,51
ozks,0.004417709,31
ozks,0.006478625,127
ozks,0.002408583,0
ozks,0.012614792,398
ozks,0.003118417,4
ozks,0.004842875,35
ozks,0.009707209,284
ozks,0.014486,483
ozks,0.00319975,5
ozks,0.00915325,264
ozks,0.005799334,105
ozks,0.011644916,370
ozks,0.0037755,17
ozks,0.002951334,1
ozks,0.003636,17
ozks,0.002893125,0
ozks,0.002951083,1
ozks,0.00358675,17
ozks,0.003183292,4
ozks,0.0062315,125
ozks,0.003062625,2
ozks,0.00434475,44
ozks,0.003401875,6
ozks,0.003115875,4
ozks,0.004012041,29
ozks,0.003290625,7
ozks,0.003568333,15
ozks,0.005323583,86
ozks,0.004814625,43
ozks,0.002998625,1
ozks,0.003844917,14
ozks,0.003532875,8
ozks,0.003347916,1
ozks,0.005361042,77
ozks,0.017158875,595
ozks,0.005480625,84
ozks,0.003733208,17
ozks,0.003074083,4
ozks,0.005169708,56
ozks,0.003115583,3
ozks,0.003988583,23
ozks,0.003180542,7
ozks,0.003486208,10
ozks,0.003150833,1
ozks,0.004621708,56
ozks,0.003352333,9
ozks,0.003752042,11
ozks,0.011622875,353
ozks,0.003759167,20
ozks,0.003484042,11
ozks,0.004454,23
ozks,0.007154625,158
ozks,0.003745375,12
ozks,0.024158375,893
ozks,0.003787708,22
ozks,0.00361125,13
ozks,0.002351917,0
ozks,0.003962375,18
ozks,0.003287333,9
ozks,0.004187708,21
ozks,0.003420791,7
ozks,0.013985042,489
ozks,0.005686333,90
ozks,0.002482458,0
ozks,0.023147084,858
ozks,0.006880708,149
ozks,0.003474459,10
ozks,0.006614042,116
ozks,0.00327725,2
ozks,0.003745542,24
ozks,0.020114541,722
ozks,0.002490709,0
ozks,0.004266333,34
ozks,0.003632708,12
ozks,0.006503541,145
ozks,0.00422675,27
ozks,0.003081,2
ozks,0.004006334,22
ozks,0.002497125,0
ozks,0.005044291,72
ozks,0.004210666,29
ozks,0.003142708,5
ozks,0.004266208,33
ozks,0.011185542,352
ozks,0.003806916,25
ozks,0.003778625,12
ozks,0.019873125,699
ozks,0.003481458,5
ozks,0.003064292,5
ozks,0.003185459,2
ozks,0.009627334,280
ozks,0.00641425,140
ozks,0.003458292,10
ozks,0.003481125,15
ozks,0.003672292,17
ozks,0.009670917,257
ozks,0.023358833,853
ozks,0.002393583,0
ozks,0.003849792,23
ozks,0.003446833,13
ozks,0.005210625,85
ozks,0.004071625,40
ozks,0.003811208,7
ozks,0.002837042,0
ozks,0.00369325,18
ozks,0.003226333,4
ozks,0.002429292,0
ozks,0.003772125,26
ozks,0.007526417,188
ozks,0.010151916,324
ozks,0.003150708,1
ozks,0.003763167,18
ozks,0.009471417,247
ozks,0.0133405,413
ozks,0.003534125,5
ozks,0.007925542,202
ozks,0.003248959,4
ozks,0.002801292,1
ozks,0.003195833,1
ozks,0.003176917,5
ozks,0.01675475,582
ozks,0.003417125,8
ozks,0.002430209,0
ozks,0.002918541,1
ozks,0.003685958,14
ozks,0.003466041,8
ozks,0.013666542,476
ozks,0.003366,9
ozks,0.003315084,12
ozks,0.003818958,17
ozks,0.00351275,13
ozks,0.014731709,498
ozks,0.003932416,17
ozks,0.01058025,352
ozks,0.003508084,13
ozks,0.003108,2
ozks,0.007130625,156
ozks,0.003091791,2
ozks,0.00933225,262
ozks,0.003194167,4
ozks,0.002908375,2
ozks,0.003937083,23
ozks,0.003587167,17
ozks,0.003010875,4
ozks,0.003752625,19
ozks,0.00341575,8
ozks,0.002893333,1
ozks,0.004423833,51
ozks,0.004187459,38
ozks,0.002524875,0
ozks,0.0058735,87
ozks,0.004279958,44
ozks,0.00396025,10
ozks,0.004523583,42
ozks,0.009414542,264
ozks,0.002905083,2
ozks,0.007215208,164
ozks,0.002624708,0
ozks,0.00308875,5
ozks,0.003215292,1
ozks,0.00359075,13
ozks,0.008603875,220
ozks,0.003896834,17
ozks,0.002962333,5
ozks,0.005282792,80
ozks,0.004069667,26
ozks,0.004432166,51
ozks,0.005560334,91
ozks,0.003852375,23
ozks,0.003787708,29
ozks,0.004358209,39
ozks,0.006784958,150
ozks,0.015598667,540
ozks,0.007760375,174
ozks,0.004376334,49
ozks,0.004807792,40
ozks,0.00395425,37
ozks,0.003541875,14
ozks,0.004002791,37
ozks,0.006586375,128
ozks,0.00331025,8
ozks,0.003314875,6
ozks,0.003217792,8
ozks,0.002361625,0
ozks,0.012680959,398
ozks,0.003126875,3
ozks,0.003626333,16
ozks,0.003095583,8
ozks,0.003054375,1
ozks,0.004504541,62
ozks,0.003950375,22
ozks,0.002995625,1
ozks,0.004535625,40
ozks,0.003494292,16
ozks,0.024370833,894
ozks,0.005340959,85
ozks,0.004371042,35
ozks,0.002920417,3
ozks,0.00358875,13
ozks,0.004122334,36
ozks,0.002531792,0
ozks,0.005315458,60
ozks,0.003478583,17
ozks,0.003928458,15
ozks,0.00418625,38
ozks,0.003011042,1
ozks,0.003092125,5
ozks,0.026147292,983
ozks,0.002263166,0
ozks,0.006146042,0
ozks,0.002960334,1
ozks,0.00427225,31
ozks,0.004321416,22
ozks,0.004159041,31
ozks,0.004186792,13
ozks,0.005550959,94
ozks,0.006524958,127
ozks,0.003354583,7
ozks,0.002876959,2
ozks,0.002953542,2
ozks,0.008240834,137
ozks,0.006721333,142
ozks,0.003448208,17
ozks,0.003126958,4
ozks,0.006712417,123
ozks,0.003033458,3
ozks,0.003565584,17
ozks,0.0039545,16
ozks,0.008583834,257
ozks,0.003050833,4
ozks,0.011235625,342
ozks,0.0040695,23
ozks,0.0034115,9
ozks,0.007059791,165
ozks,0.002888958,1
ozks,0.003533709,21
ozks,0.0041245,11
ozks,0.021297334,717
ozks,0.005609291,80
ozks,0.010377417,327
ozks,0.004577958,46
ozks,0.003785625,23
ozks,0.013042083,427
ozks,0.002895375,1
ozks,0.003222708,9
ozks,0.003546125,8
ozks,0.003407583,14
ozks,0.009410625,273
ozks,0.003176125,2
ozks,0.005196583,77
ozks,0.007613333,13
ozks,0.003201583,4
ozks,0.00302725,6
ozks,0.003129,2
ozks,0.009040833,251
ozks,0.013251584,438
ozks,0.002652625,0
ozks,0.003859042,32
ozks,0.003251833,10
ozks,0.004503792,36
ozks,0.024585667,903
ozks,0.004156417,46
ozks,0.005283833,80
ozks,0.004550125,54
ozks,0.004672166,51
ozks,0.005400167,88
ozks,0.003137541,7
ozks,0.003356084,11
ozks,0.003786417,21
ozks,0.003584166,21
ozks,0.00351225,10
ozks,0.002726375,1
ozks,0.003430125,12
ozks,0.003508042,16
ozks,0.004406375,46
ozks,0.003199917,9
ozks,0.003902042,28
ozks,0.003273208,8
ozks,0.00604425,107
ozks,0.007617709,191
ozks,0.0067955,147
ozks,0.004022125,38
ozks,0.003042292,1
ozks,0.003202833,8
ozks,0.002587917,0
ozks,0.003591292,1
ozks,0.002875833,3
ozks,0.00338875,1
ozks,0.003074459,6
ozks,0.003143709,8
ozks,0.004118667,32
ozks,0.003694958,9
ozks,0.00349475,7
ozks,0.002368917,0
ozks,0.003226917,5
ozks,0.003470041,17
ozks,0.002883917,1
ozks,0.004565541,19
ozks,0.007870584,201
ozks,0.006676833,101
ozks,0.003849791,29
ozks,0.008926208,246
ozks,0.003051541,4
ozks,0.008596666,240
ozks,0.003733709,18
ozks,0.002938708,1
ozks,0.004172459,39
ozks,0.00366725,14
ozks,0.003475459,11
ozks,0.003627042,13
ozks,0.00418875,19
ozks,0.002757583,0
ozks,0.004038333,17
ozks,0.003393333,13
ozks,0.02379,852
ozks,0.003617,17
ozks,0.004151875,31
ozks,0.003313667,5
ozks,0.007526833,177
ozks,0.003114334,7
ozks,0.005615375,84
ozks,0.019078667,682
ozks,0.003218125,8
ozks,0.005608459,85
ozks,0.003511166,8
ozks,0.003262958,11
ozks,0.002950917,1
ozks,0.003272125,2
ozks,0.002802958,1
ozks,0.005611084,80
ozks,0.003766833,14
ozks,0.005141166,75
ozks,0.009770834,284
ozks,0.003338208,6
ozks,0.002339333,0
ozks,0.003950291,10
ozks,0.003567584,21
ozks,0.0079945,173
ozks,0.002626292,0
ozks,0.003202458,2
ozks,0.003730167,22
ozks,0.005194875,89
ozks,0.004020125,25
ozks,0.0034445,17
ozks,0.00348425,8
ozks,0.002381875,0
ozks,0.003118167,8
ozks,0.003143417,1
ozks,0.003776708,8
ozks,0.0038195,31
ozks,0.0037315,2
ozks,0.003573459,9
ozks,0.002392958,0
ozks,0.005104291,90
ozks,0.002987083,3
ozks,0.003171792,5
ozks,0.00304225,2
ozks,0.002717583,1
ozks,0.003653209,28
ozks,0.002589709,0
ozks,0.016776041,582
ozks,0.002745,0
ozks,0.003453375,5
ozks,0.003318333,6
ozks,0.012298333,336
ozks,0.019379208,59
ozks,0.003108667,1
ozks,0.003230083,8
ozks,0.003291584,9
ozks,0.005213,79
ozks,0.021790792,825
ozks,0.003045125,4
ozks,0.004040959,21
ozks,0.005217375,64
ozks,0.009506125,257
ozks,0.003037666,7
ozks,0.00492325,62
ozks,0.004748875,54
ozks,0.003866,29
ozks,0.003502917,2
ozks,0.003045334,5
ozks,0.004353042,55
ozks,0.003876167,32
ozks,0.002901542,2
ozks,0.003419458,8
ozks,0.018984708,563
ozks,0.00337575,5
ozks,0.026011542,990
ozks,0.004370125,56
ozks,0.003140209,3
ozks,0.003525792,10
ozks,0.002801083,1
ozks,0.002824292,1
ozks,0.002402291,0
ozks,0.004867208,54
ozks,0.003965208,36
ozks,0.003111125,4
ozks,0.018417916,649
ozks,0.004238375,13
ozks,0.006556291,137
ozks,0.018129417,543
ozks,0.003763792,28
ozks,0.002553458,0
ozks,0.003926042,39
ozks,0.007463459,189
ozks,0.00300225,2
ozks,0.006730375,144
ozks,0.003749,22
ozks,0.003867041,17
ozks,0.003154583,3
ozks,0.003127292,7
ozks,0.00387125,6
ozks,0.003206625,8
ozks,0.004094458,24
ozks,0.007996417,195
ozks,0.00622,137
ozks,0.018004708,643
ozks,0.002573458,0
ozks,0.003112875,2
ozks,0.003725375,13
ozks,0.003486542,13
ozks,0.003129625,7
ozks,0.003538667,17
ozks,0.003231042,9
ozks,0.020751125,690
ozks,0.003220292,7
ozks,0.004729417,48
ozks,0.015369708,518
ozks,0.004084958,31
ozks,0.004068083,40
ozks,0.003428416,12
ozks,0.002393209,0
ozks,0.023575666,859
ozks,0.004684584,42
ozks,0.002956458,1
ozks,0.0029225,1
ozks,0.006521583,111
ozks,0.006222583,134
ozks,0.002337333,0
ozks,0.006261375,120
ozks,0.004225791,31
ozks,0.003988708,36
ozks,0.003424125,9
ozks,0.00239375,0
ozks,0.002895584,1
ozks,0.00246,0
ozks,0.005971083,121
ozks,0.004360083,51
ozks,0.016643292,589
ozks,0.003478666,10
ozks,0.00364925,4
ozks,0.010039583,325
ozks,0.00309675,2
ozks,0.00312725,6
ozks,0.003104542,1
ozks,0.00507325,80
ozks,0.003166375,4
ozks,0.003251417,4
ozks,0.004883417,55
ozks,0.003458459,5
ozks,0.010025083,325
ozks,0.019752208,651
ozks,0.004474667,52
ozks,0.004497625,53
ozks,0.003217375,9
ozks,0.010077334,325
ozks,0.005803292,103
ozks,0.005254125,85
ozks,0.003758125,22
ozks,0.004043625,35
ozks,0.00331225,8
ozks,0.00236925,0
ozks,0.004176958,28
ozks,0.003644083,20
ozks,0.004682125,34
ozks,0.003507083,10
ozks,0.003767875,26
ozks,0.003389667,6
ozks,0.003402542,8
ozks,0.003137625,4
ozks,0.004237917,50
ozks,0.003151041,5
ozks,0.005699834,89
ozks,0.01698525,596
ozks,0.004065875,27
ozks,0.024084459,906
ozks,0.003021,2
ozks,0.007869708,158
ozks,0.003924417,19
ozks,0.003568292,10
ozks,0.002857333,2
ozks,0.003166,4
ozks,0.004305167,43
ozks,0.014618792,521
ozks,0.002270583,0
ozks,0.003540292,14
ozks,0.00345175,7
ozks,0.004723125,62
ozks,0.003098375,4
ozks,0.003138083,5
ozks,0.005325375,52
ozks,0.003111667,4
ozks,0.003093625,1
ozks,0.003688542,13
ozks,0.003090625,7
ozks,0.004029375,38
ozks,0.003986792,40
ozks,0.003310791,7
ozks,0.002386084,0
ozks,0.003493958,13
ozks,0.004055458,26
ozks,0.00322375,10
ozks,0.004827875,35
ozks,0.003056959,3
ozks,0.003306,11
ozks,0.002728292,0
ozks,0.003850084,28
ozks,0.00308825,2
ozks,0.003664875,16
ozks,0.005278375,77
ozks,0.003486041,13
ozks,0.005102166,75
ozks,0.003308583,9
ozks,0.00297475,1
ozks,0.004104833,38
ozks,0.005686375,70
ozks,0.003206542,8
ozks,0.003038666,3
ozks,0.017044625,592
ozks,0.003708208,25
ozks,0.009942334,325
ozks,0.003460959,14
ozks,0.003020708,5
ozks,0.003053583,4
ozks,0.014615708,494
ozks,0.003708667,25
ozks,0.003784083,10
ozks,0.00462525,48
ozks,0.004416,48
ozks,0.003351625,7
ozks,0.0088975,244
ozks,0.003165667,3
ozks,0.003377209,4
ozks,0.004418333,53
ozks,0.005315667,99
ozks,0.003470541,11
ozks,0.015027167,541
ozks,0.004693875,69
ozks,0.003424,12
ozks,0.007821208,206
ozks,0.0044735,17
ozks,0.004652041,62
ozks,0.00306,1
ozks,0.004750292,37
ozks,0.003178042,6
ozks,0.006828584,159
ozks,0.003519916,13
ozks,0.003203833,1
ozks,0.003768958,17
ozks,0.003106375,4
ozks,0.004857542,30
ozks,0.004343708,45
ozks,0.003844166,17
ozks,0.003434333,11
ozks,0.003527959,17
ozks,0.00364425,11
ozks,0.00378675,26
ozks,0.003850417,19
ozks,0.003002667,2
ozks,0.007627958,174
ozks,0.024122792,873
ozks,0.00403525,34
ozks,0.003956792,24
ozks,0.003638875,11
ozks,0.003757,11
ozks,0.006778666,142
ozks,0.003872625,31
ozks,0.003603542,11
ozks,0.0043765,36
ozks,0.002897709,1
ozks,0.003082209,6
ozks,0.004601125,43
ozks,0.004830959,47
ozks,0.003285667,10
ozks,0.002627209,0
ozks,0.003999,20
ozks,0.017356541,558
ozks,0.003833375,10
ozks,0.00377075,12
ozks,0.00245275,0
ozks,0.006840458,137
ozks,0.00878925,241
ozks,0.00326225,2
ozks,0.002548083,0
ozks,0.00449725,44
ozks,0.003980209,32
ozks,0.0032285,6
ozks,0.008622708,232
ozks,0.00379125,12
ozks,0.003842084,7
ozks,0.004224709,15
ozks,0.003395792,1
ozks,0.0027555,1
ozks,0.002907083,1
ozks,0.003082042,4
ozks,0.008176083,167
ozks,0.019604084,690
ozks,0.011494041,345
ozks,0.003762625,20
ozks,0.002982041,2
ozks,0.003410208,7
ozks,0.003160625,7
ozks,0.003636125,3
ozks,0.002833125,0
ozks,0.003356375,1
ozks,0.00280475,0
ozks,0.003219834,5
ozks,0.002958417,1
ozks,0.003507125,9
ozks,0.007663583,181
ozks,0.003079584,3
ozks,0.003221625,8
ozks,0.003255792,10
ozks,0.004209,28
ozks,0.003285083,8
ozks,0.002911583,2
ozks,0.003390375,8
ozks,0.003776125,13
ozks,0.003583584,17
ozks,0.003066291,5
ozks,0.00315925,1
ozks,0.003197875,3
ozks,0.003592083,16
ozks,0.003326625,2
ozks,0.003655,12
ozks,0.003051208,2
ozks,0.006893334,149
ozks,0.00492925,50
ozks,0.0076835,139
ozks,0.003356167,5
ozks,0.004794417,65
ozks,0.003492667,16
ozks,0.003103708,4
ozks,0.003077666,4
ozks,0.005202917,79
ozks,0.003107542,4
ozks,0.003694042,27
ozks,0.005336917,83
ozks,0.02095575,767
ozks,0.003666625,19
ozks,0.003039208,7
ozks,0.003189084,8
ozks,0.019430375,734
ozks,0.00319675,5
ozks,0.003160916,1
ozks,0.002926833,3
ozks,0.011595583,345
ozks,0.003091625,1
ozks,0.005648792,81
ozks,0.003300416,5
ozks,0.003919791,30
ozks,0.002624792,0
ozks,0.003462833,7
ozks,0.003367834,7
ozks,0.003820792,23
ozks,0.003446,13
ozks,0.005697333,92
ozks,0.003461708,17
ozks,0.002610834,0
ozks,0.003087333,7
ozks,0.003159792,8
ozks,0.002933208,2
ozks,0.003350208,9
ozks,0.003695041,8
ozks,0.002977417,3
ozks,0.003101625,3
ozks,0.00321025,2
ozks,0.003223875,7
ozks,0.004504167,39
ozks,0.010569875,304
ozks,0.00415375,30
ozks,0.003254709,2
ozks,0.002879959,1
ozks,0.003024458,1
ozks,0.003651917,12
ozks,0.003241125,8
ozks,0.00414525,25
ozks,0.002937,1
ozks,0.003001792,1
ozks,0.004088292,18
ozks,0.00556025,105
ozks,0.003106625,2
ozks,0.00439975,45
ozks,0.00441125,40
ozks,0.005918083,106
ozks,0.00352225,13
ozks,0.005582083,86
ozks,0.003368209,9
ozks,0.013364541,438
ozks,0.00810975,167
ozks,0.002758125,1
ozks,0.008335459,202
ozks,0.003695167,15
ozks,0.002437791,0
ozks,0.004168959,22
ozks,0.0024035,0
ozks,0.008508208,216
ozks,0.004775333,57
ozks,0.003237625,2
ozks,0.003071417,3
ozks,0.00447475,45
ozks,0.003717792,14
ozks,0.004561625,37
ozks,0.00331625,5
ozks,0.002934334,2
ozks,0.008371375,208
ozks,0.003568791,20
ozks,0.0044755,44
ozks,0.004682833,52
ozks,0.007904417,210
ozks,0.0078685,201
ozks,0.018423292,648
ozks,0.004773916,69
ozks,0.003996458,30
ozks,0.005171208,56
ozks,0.0066405,148
ozks,0.020938583,759
ozks,0.006664916,148
ozks,0.003199583,6
ozks,0.003541375,12
ozks,0.003395416,10
ozks,0.004517875,57
ozks,0.002419125,0
ozks,0.022585542,833
ozks,0.003186834,8
ozks,0.005518084,97
ozks,0.002705584,0
ozks,0.003722834,5
ozks,0.003622083,18
ozks,0.010371208,324
ozks,0.002991417,2
ozks,0.005185625,79
ozks,0.004047167,36
ozks,0.003120167,5
ozks,0.003424292,15
ozks,0.00353625,6
ozks,0.00680075,144
ozks,0.003471,10
ozks,0.004440958,35
ozks,0.003398208,8
ozks,0.003977625,9
ozks,0.003589375,16
ozks,0.003442958,8
ozks,0.004603958,38
ozks,0.0038065,17
ozks,0.017810291,665
ozks,0.005330667,99
ozks,0.005667459,88
ozks,0.004579875,55
ozks,0.003339625,8
ozks,0.005800375,90
ozks,0.00284175,1
ozks,0.003256375,8
ozks,0.00430025,19
ozks,0.003674542,18
ozks,0.005073417,68
ozks,0.004104916,27
ozks,0.00352525,8
ozks,0.004078583,34
ozks,0.003966,17
ozks,0.003516916,8
ozks,0.002995959,1
ozks,0.0033725,7
ozks,0.003985833,18
ozks,0.003441459,5
ozks,0.003871667,8
ozks,0.0053925,77
ozks,0.003894208,15
ozks,0.022493916,849
ozks,0.003537834,8
ozks,0.018858209,663
ozks,0.003695709,8
ozks,0.004204959,35
ozks,0.00497075,66
ozks,0.004006333,24
ozks,0.0038165,14
ozks,0.005412583,91
ozks,0.005100292,69
ozks,0.019322041,679
ozks,0.004634792,54
ozks,0.003266917,1
ozks,0.004050292,24
ozks,0.006781709,133
ozks,0.020572667,737
ozks,0.003078166,3
ozks,0.006001167,117
ozks,0.007578375,153
ozks,0.004238708,43
ozks,0.003252583,1
ozks,0.004588834,45
ozks,0.003721125,8
ozks,0.003322708,8
ozks,0.005087958,76
ozks,0.004027625,26
ozks,0.0035525,15
ozks,0.003324416,7
ozks,0.003417958,4
ozks,0.004916209,48
ozks,0.002985875,1
ozks,0.004047416,20
ozks,0.003493792,5
ozks,0.004102917,39
ozks,0.004446625,8
ozks,0.004635708,38
ozks,0.003527459,2
ozks,0.005026917,60
ozks,0.0024755,0
ozks,0.003153459,6
ozks,0.004767583,59
ozks,0.003605541,3
ozks,0.00718325,165
ozks,0.005370792,99
ozks,0.003122583,3
ozks,0.003428875,9
ozks,0.002912125,1
ozks,0.00662425,126
ozks,0.003411417,7
ozks,0.006362958,137
ozks,0.004216833,20
ozks,0.005012375,60
ozks,0.002392167,0
ozks,0.024755708,909
ozks,0.005370458,80
ozks,0.003189875,1
ozks,0.003070334,4
ozks,0.00343525,11
ozks,0.024259792,932
ozks,0.004845334,28
ozks,0.0036645,22
ozks,0.004450959,44
ozks,0.005434292,90
ozks,0.003733708,17
ozks,0.003383209,8
ozks,0.003483666,12
ozks,0.004238291,30
ozks,0.01095625,315
ozks,0.003184833,3
ozks,0.016538708,601
ozks,0.007424959,169
ozks,0.016199667,571
ozks,0.00405875,5
ozks,0.005475958,100
ozks,0.003572375,18
ozks,0.020400042,675
ozks,0.004169834,40
ozks,0.003425584,13
ozks,0.003277667,8
ozks,0.003528667,11
ozks,0.004799042,59
ozks,0.005013458,76
ozks,0.002677292,0
ozks,0.004372541,43
ozks,0.003889708,8
ozks,0.003281333,3
ozks,0.005057458,78
ozks,0.003754666,14
ozks,0.006548292,129
ozks,0.003305125,4
ozks,0.003207625,8
ozks,0.006112625,111
ozks,0.003254708,8
ozks,0.003277209,5
ozks,0.004184292,30
ozks,0.008153333,164
ozks,0.009293,262
ozks,0.010126334,300
ozks,0.004038334,39
ozks,0.004341666,29
ozks,0.003798292,28
ozks,0.004799167,57
ozks,0.003179083,7
ozks,0.005345875,80
ozks,0.003221167,4
ozks,0.005754333,101
ozks,0.004479334,22
ozks,0.003997,17
ozks,0.003362,10
ozks,0.003398542,6
ozks,0.00357575,18
ozks,0.003091541,6
ozks,0.003418333,6
ozks,0.004092875,17
ozks,0.003356792,1
ozks,0.004177291,43
ozks,0.004485458,39
ozks,0.004988084,70
ozks,0.003779,9
ozks,0.003901292,27
ozks,0.002743791,0
ozks,0.002613,0
ozks,0.002392125,0
ozks,0.003611459,15
ozks,0.0038485,12
ozks,0.004183916,44
ozks,0.004282125,23
ozks,0.010259542,325
ozks,0.002954833,1
ozks,0.003049708,2
ozks,0.011240416,328
ozks,0.00418475,14
ozks,0.0035345,17
ozks,0.004117292,22
ozks,0.006217875,109
ozks,0.025895208,973
ozks,0.003475375,13
ozks,0.00321825,10
ozks,0.003053208,3
ozks,0.011563833,354
ozks,0.006002458,99
ozks,0.005169625,93
ozks,0.004758,69
ozks,0.002423875,0
ozks,0.011041292,359
ozks,0.003383333,10
ozks,0.002916583,1
ozks,0.004016875,20
ozks,0.004045708,22
ozks,0.007103166,181
ozks,0.003287917,4
ozks,0.002553917,0
ozks,0.003085416,3
ozks,0.00308125,4
ozks,0.004108375,26
ozks,0.002892125,0
ozks,0.004452875,19
ozks,0.009637875,274
ozks,0.004351416,48
ozks,0.003377958,4
ozks,0.003271208,9
ozks,0.002993541,2
ozks,0.003099583,5
ozks,0.003370708,5
ozks,0.018687875,645
ozks,0.004275542,45
ozks,0.002805417,0
ozks,0.0048295,68
ozks,0.003602875,15
ozks,0.005966708,123
ozks,0.003426792,8
ozks,0.003748,28
ozks,0.003302708,5
ozks,0.003185,4
ozks,0.003263875,4
ozks,0.008297083,214
ozks,0.00317875,8
ozks,0.003802291,15
ozks,0.003304666,10
ozks,0.003092458,2
ozks,0.004028333,25
ozks,0.003502709,9
ozks,0.003095292,3
ozks,0.00423375,43
ozks,0.004154541,38
ozks,0.005765666,111
ozks,0.003160958,7
ozks,0.00283325,0
ozks,0.004465041,42
ozks,0.005734583,93
ozks,0.00399925,40
ozks,0.005659458,98
ozks,0.003655041,13
ozks,0.003911333,5
ozks,0.010324459,324
ozks,0.003602209,12
ozks,0.003229334,6
ozks,0.003853,12
ozks,0.003856625,24
ozks,0.003890459,14
ozks,0.010961667,351
ozks,0.002832917,1
ozks,0.003185958,6
ozks,0.004068,33
ozks,0.007401625,131
ozks,0.004561625,24
ozks,0.00787625,195
ozks,0.003893458,17
ozks,0.003098125,7
ozks,0.00278725,1
ozks,0.003430834,8
ozks,0.00297825,1
ozks,0.003159666,7
ozks,0.003743792,18
ozks,0.006602167,143
ozks,0.00407425,30
ozks,0.003171584,1
ozks,0.003830958,17
ozks,0.002924167,0
ozks,0.005263417,67
ozks,0.004312542,26
ozks,0.005469708,80
ozks,0.004328917,43
ozks,0.004554916,50
ozks,0.003933208,22
ozks,0.004918833,69
ozks,0.00409025,35
ozks,0.004189958,21
ozks,0.014917916,498
ozks,0.003217084,8
ozks,0.00757125,140
ozks,0.005720875,73
ozks,0.007097041,158
ozks,0.008755791,237
ozks,0.006849,147
ozks,0.003376041,8
ozks,0.005860833,91
ozks,0.005436375,90
ozks,0.003626208,11
ozks,0.0034645,2
ozks,0.003093625,3
ozks,0.003791,17
ozks,0.003275541,2
ozks,0.004294208,17
ozks,0.003589125,14
ozks,0.003983834,23
ozks,0.003322458,8
ozks,0.003451417,1
ozks,0.011272542,343
ozks,0.003590667,10
ozks,0.010292,325
ozks,0.01908025,680
ozks,0.004696667,52
ozks,0.002852125,1
ozks,0.00432525,29
ozks,0.003875334,2
ozks,0.003825958,1
ozks,0.003815833,10
ozks,0.003258959,8
ozks,0.003608458,7
ozks,0.003067166,2
ozks,0.003479208,2
ozks,0.002891709,1
ozks,0.00451475,52
ozks,0.004737,57
ozks,0.005782833,91
ozks,0.007759041,169
ozks,0.003197834,2
ozks,0.005305875,66
ozks,0.003201,1
ozks,0.003496083,13
ozks,0.003201084,5
ozks,0.025984959,974
ozks,0.003045083,3
ozks,0.0077045,185
ozks,0.004032791,28
ozks,0.00337725,9
ozks,0.003962625,21
ozks,0.003447917,7
ozks,0.00547925,96
ozks,0.004125458,12
ozks,0.004054625,9
ozks,0.00364625,9
ozks,0.0030945,3
ozks,0.003534875,1
ozks,0.020635,730
ozks,0.003225458,3
ozks,0.00350025,13
ozks,0.003277416,3
ozks,0.003354958,10
ozks,0.005280791,79
ozks,0.004553833,45
ozks,0.003409458,2
ozks,0.005946167,76
ozks,0.007884125,190
ozks,0.003634834,9
ozks,0.002898125,1
ozks,0.002494334,0
ozks,0.003126709,5
ozks,0.00413575,24
ozks,0.003114583,4
ozks,0.004220708,38
ozks,0.003148834,1
ozks,0.00452575,47
ozks,0.01241675,385
ozks,0.002340625,0
ozks,0.011008084,343
ozks,0.003069958,2
ozks,0.004511083,45
ozks,0.005615167,100
ozks,0.003903667,19
ozks,0.004532,31
ozks,0.004335333,44
ozks,0.004209125,38
ozks,0.004090166,28
ozks,0.004194458,32
ozks,0.0176885,616
ozks,0.004825584,52
ozks,0.008381041,184
ozks,0.002734333,0
ozks,0.003150042,5
ozks,0.003111166,1
ozks,0.003361375,2
ozks,0.003465584,12
ozks,0.007097791,149
ozks,0.004142167,37
ozks,0.0036495,8
ozks,0.002951666,2
ozks,0.01180625,378
ozks,0.005680625,99
ozks,0.014652458,495
ozks,0.003917,23
ozks,0.003958958,14
ozks,0.011744291,357
ozks,0.003192125,5
ozks,0.003850625,24
ozks,0.005833375,107
ozks,0.00281375,1
ozks,0.002923708,2
ozks,0.003249333,3
ozks,0.003781209,24
ozks,0.009412708,274
ozks,0.005296917,82
ozks,0.005305334,85
ozks,0.004133208,16
ozks,0.00441825,24
ozks,0.004787167,65
ozks,0.002750375,0
ozks,0.004971333,77
ozks,0.00322575,2
ozks,0.008125333,183
ozks,0.002948334,3
ozks,0.002790417,1
ozks,0.006282125,123
ozks,0.003959083,31
ozks,0.003520209,19
ozks,0.006694083,108
ozks,0.004255625,17
ozks,0.003365084,12
ozks,0.020699583,755
ozks,0.01242175,398
ozks,0.003653917,22
ozks,0.003586833,9
ozks,0.004055958,38
ozks,0.003193208,5
ozks,0.003572959,19
ozks,0.004093792,22
ozks,0.0030955,6
ozks,0.002381834,0
ozks,0.003934167,12
ozks,0.003019625,4
ozks,0.021077875,794
ozks,0.003479583,6
ozks,0.00366725,17
ozks,0.008001333,204
ozks,0.003572333,20
ozks,0.003308167,5
ozks,0.00229725,0
ozks,0.00312025,3
ozks,0.003339125,12
ozks,0.004025833,29
ozks,0.003449292,6
ozks,0.003425833,3
ozks,0.007581333,197
ozks,0.003379459,5
ozks,0.0031865,7
ozks,0.003053417,4
ozks,0.00247325,0
ozks,0.00417425,43
ozks,0.014924917,492
ozks,0.004683125,44
ozks,0.003465125,8
ozks,0.008568916,233
ozks,0.023226292,902
ozks,0.004023625,20
ozks,0.00377475,17
ozks,0.003360958,6
ozks,0.002445167,0
ozks,0.003948416,20
ozks,0.009073208,252
ozks,0.003217125,7
ozks,0.003374833,6
ozks,0.002962042,7
ozks,0.020752834,740
ozks,0.003098,1
ozks,0.005135125,62
ozks,0.003964292,29
ozks,0.002972167,2
ozks,0.004576583,23
ozks,0.002994917,1
ozks,0.003509333,10
ozks,0.002462125,0
ozks,0.002912791,1
ozks,0.010750208,352
ozks,0.019839459,762
ozks,0.005003666,77
ozks,0.002505458,0
ozks,0.005610875,101
ozks,0.00415325,42
ozks,0.0035545,8
ozks,0.005811416,99
ozks,0.005148,44
ozks,0.00355175,11
ozks,0.005877125,129
ozks,0.0064795,140
ozks,0.002844292,1
ozks,0.004584041,41
ozks,0.004718917,51
ozks,0.003432958,14
ozks,0.00340725,9
ozks,0.002874125,2
ozks,0.003201334,3
ozks,0.013252083,361
ozks,0.003228292,7
ozks,0.014300542,482
ozks,0.00364275,19
ozks,0.006490833,128
ozks,0.004025584,34
ozks,0.014371291,436
ozks,0.003066709,3
ozks,0.004466167,49
ozks,0.012944,425
ozks,0.0029375,1
ozks,0.00309725,6
ozks,0.006058208,105
ozks,0.003701167,1
ozks,0.003823667,5
ozks,0.004448584,46
ozks,0.003397792,7
ozks,0.033056666,890
ozks,0.003268417,12
ozks,0.002999625,3
ozks,0.00488275,68
ozks,0.003513167,13
ozks,0.004188,38
ozks,0.002998125,2
ozks,0.002446292,0
ozks,0.005223541,44
ozks,0.004161291,35
ozks,0.003005625,3
ozks,0.004769959,65
ozks,0.003804833,26
ozks,0.003618375,9
ozks,0.003330667,8
ozks,0.002369875,0
ozks,0.003229834,11
ozks,0.004871042,70
ozks,0.0036175,17
ozks,0.007448416,175
ozks,0.00356275,13
ozks,0.003738125,1
ozks,0.003666833,10
ozks,0.010208125,325
ozks,0.003255333,4
ozks,0.004869542,45
ozks,0.003466667,10
ozks,0.003808,24
ozks,0.008247125,194
ozks,0.008485666,231
ozks,0.0033645,12
ozks,0.008150917,201
ozks,0.0032205,3
ozks,0.00477875,61
ozks,0.004152167,39
ozks,0.002876875,2
ozks,0.00290375,1
ozks,0.004287458,44
ozks,0.003446875,10
ozks,0.003151208,8
ozks,0.002396542,0
ozks,0.00323275,3
ozks,0.003184834,2
ozks,0.006544583,140
ozks,0.006447042,120
ozks,0.00800825,147
ozks,0.00331125,3
ozks,0.002390333,0
ozks,0.003228125,10
ozks,0.0038185,17
ozks,0.005505708,86
ozks,0.003794958,13
ozks,0.003238958,7
ozks,0.006469666,133
ozks,0.003573708,17
ozks,0.003417041,7
ozks,0.006471125,128
ozks,0.003263667,7
ozks,0.002858792,0
ozks,0.003412375,11
ozks,0.003409208,12
ozks,0.005786959,111
ozks,0.003011417,2
ozks,0.00253225,0
ozks,0.010091291,290
ozks,0.003189125,4
ozks,0.004402792,39
ozks,0.004393208,39
ozks,0.003983792,25
ozks,0.002514875,0
ozks,0.003918875,16
ozks,0.00373925,7
ozks,0.011006583,325
ozks,0.00280925,2
ozks,0.005500834,94
ozks,0.003199667,8
ozks,0.011837792,363
ozks,0.003693584,13
ozks,0.003119666,4
ozks,0.003907792,17
ozks,0.004579834,55
ozks,0.003454459,10
ozks,0.003033333,4
ozks,0.023870042,859
ozks,0.020990208,746
ozks,0.009163375,254
ozks,0.00481525,59
ozks,0.003397208,8
ozks,0.003646625,17
ozks,0.006140625,117
ozks,0.003107709,4
ozks,0.00357375,14
ozks,0.004676417,51
ozks,0.003272041,1
ozks,0.003560375,12
ozks,0.002435542,0
ozks,0.004206458,33
ozks,0.007514791,134
ozks,0.002394916,0
ozks,0.00356325,10
ozks,0.006836292,141
ozks,0.003705583,13
ozks,0.00404125,24
ozks,0.013499375,472
ozks,0.002955458,2
ozks,0.002439875,0
ozks,0.004714417,49
ozks,0.003495833,3
ozks,0.003226542,3
ozks,0.005887416,68
ozks,0.003009333,1
ozks,0.00332625,3
ozks,0.006803333,136
ozks,0.002409375,0
ozks,0.002440333,0
ozks,0.003936125,27
ozks,0.005539375,106
ozks,0.002910583,3
ozks,0.0032405,6
ozks,0.010187333,324
ozks,0.003577792,19
ozks,0.002698125,0
ozks,0.005791417,71
ozks,0.004303959,37
ozks,0.00316175,6
ozks,0.009374459,254
ozks,0.003236333,8
ozks,0.003531833,9
ozks,0.004944708,54
ozks,0.002942041,2
ozks,0.002988166,1
ozks,0.003800458,21
ozks,0.018107208,631
ozks,0.015673292,528
ozks,0.0029775,0
ozks,0.004014917,26
ozks,0.003753083,13
ozks,0.003251083,2
ozks,0.007969708,201
ozks,0.002979833,1
ozks,0.023008208,876
ozks,0.018641292,643
ozks,0.004053541,29
ozks,0.00383275,15
ozks,0.00328525,11
ozks,0.004676875,51
ozks,0.003703459,1
ozks,0.002421916,0
ozks,0.004113292,35
ozks,0.00434875,48
ozks,0.002616708,0
ozks,0.0039605,29
ozks,0.007293166,178
ozks,0.006424917,143
ozks,0.003830917,26
ozks,0.003395625,10
ozks,0.003720917,16
ozks,0.004121083,26
ozks,0.004866459,52
ozks,0.003329458,5
ozks,0.004180667,26
ozks,0.003116792,5
ozks,0.003315417,3
ozks,0.006840375,152
ozks,0.010024417,324
ozks,0.003077125,3
ozks,0.003767,17
ozks,0.003944583,27
ozks,0.003657625,29
ozks,0.002469208,0
ozks,0.020766667,708
ozks,0.002889375,0
ozks,0.014916709,496
ozks,0.003007375,2
ozks,0.003195917,7
ozks,0.021155833,801
ozks,0.0031385,2
ozks,0.007576334,188
ozks,0.003746625,14
ozks,0.003300667,8
ozks,0.003927792,25
ozks,0.003917209,20
ozks,0.006730458,164
ozks,0.003246958,3
ozks,0.004196417,18
ozks,0.00942175,262
ozks,0.003582208,8
ozks,0.005212583,80
ozks,0.003045083,5
ozks,0.019031708,686
ozks,0.003929667,15
ozks,0.002934667,1
ozks,0.003457708,3
ozks,0.003115,4
ozks,0.0129055,410
ozks,0.005332166,62
ozks,0.002454917,0
ozks,0.013217167,429
ozks,0.005550958,107
ozks,0.003133666,7
ozks,0.003168541,6
ozks,0.004299,44
ozks,0.002946291,2
ozks,0.002360166,0
ozks,0.003463542,8
ozks,0.002984917,1
ozks,0.00490525,77
ozks,0.002342709,0
ozks,0.002902042,1
ozks,0.003610333,5
ozks,0.008037375,211
ozks,0.003136584,3
ozks,0.008396708,206
ozks,0.003183083,8
ozks,0.00366275,11
ozks,0.003169959,1
ozks,0.0035035,10
ozks,0.003021875,4
ozks,0.002335125,0
ozks,0.00243175,0
ozks,0.030385667,1000
ozks,0.003131,1
ozks,0.011393583,337
ozks,0.02001775,706
ozks,0.009777292,280
ozks,0.005912917,111
ozks,0.003534333,11
ozks,0.002599542,0
ozks,0.002451333,0
ozks,0.004371583,41
ozks,0.003841,15
ozks,0.007013834,150
ozks,0.003181834,9
ozks,0.005779208,76
ozks,0.003149667,8
ozks,0.002984333,1
ozks,0.006716375,140
ozks,0.009829791,276
ozks,0.003502375,9
ozks,0.003264416,2
ozks,0.003144917,7
ozks,0.011144625,339
ozks,0.003589416,14
ozks,0.004551333,24
ozks,0.006911875,144
ozks,0.004939917,68
ozks,0.006636334,152
ozks,0.003279083,4
ozks,0.003468667,7
ozks,0.002579708,0
ozks,0.003070792,4
ozks,0.003254625,8
ozks,0.00421975,31
ozks,0.003941209,27
ozks,0.006658625,129
ozks,0.004011458,13
ozks,0.003715,18
ozks,0.003876333,2
ozks,0.005604042,99
ozks,0.003011125,2
ozks,0.003430875,7
ozks,0.003918333,26
ozks,0.003332792,5
ozks,0.004727167,52
ozks,0.003741292,9
ozks,0.00300475,3
ozks,0.004970333,60
ozks,0.024060416,833
ozks,0.004081375,21
ozks,0.003812084,17
ozks,0.002929625,1
ozks,0.003053083,2
ozks,0.007214625,158
ozks,0.002485833,0
ozks,0.003550375,14
ozks,0.003446083,6
ozks,0.003300834,13
ozks,0.004172542,30
ozks,0.006885708,146
ozks,0.007841125,146
ozks,0.003697334,18
ozks,0.00456425,23
ozks,0.002349541,0
ozks,0.005289417,80
ozks,0.0103885,325
ozks,0.006702375,142
ozks,0.017158333,620
ozks,0.015990708,540
ozks,0.003554584,17
ozks,0.003492333,8
ozks,0.003727875,21
ozks,0.003537958,8
ozks,0.002922541,2
ozks,0.010784458,261
ozks,0.003248667,1
ozks,0.00339725,10
ozks,0.009089083,246
ozks,0.0040795,30
ozks,0.003531708,6
ozks,0.004069833,27
ozks,0.003706,12
ozks,0.002460042,0
ozks,0.003625,14
ozks,0.003256959,3
ozks,0.005587917,109
ozks,0.0052355,65
ozks,0.005789709,105
ozks,0.002933375,2
ozks,0.003281,7
ozks,0.0037125,12
ozks,0.004274417,31
ozks,0.003013375,3
ozks,0.002777125,0
ozks,0.011746458,378
ozks,0.003162083,7
ozks,0.004331709,13
ozks,0.003024708,5
ozks,0.003182792,2
ozks,0.002925916,0
ozks,0.004867916,55
ozks,0.003901167,32
ozks,0.003398333,8
ozks,0.002503209,0
ozks,0.003583541,17
ozks,0.003721709,11
ozks,0.003359916,6
ozks,0.003529458,7
ozks,0.003839292,12
ozks,0.025461792,885
ozks,0.003297125,1
ozks,0.003975,8
ozks,0.008381375,227
ozks,0.002355166,0
ozks,0.003870542,21
ozks,0.003056292,6
ozks,0.013295875,431
ozks,0.003201167,7
ozks,0.003301459,6
ozks,0.005657791,94
ozks,0.006582709,138
ozks,0.004312166,39
ozks,0.003545458,4
ozks,0.004326916,19
ozks,0.00410675,27
ozks,0.003468375,10
ozks,0.003397916,4
ozks,0.007047875,149
ozks,0.009203542,22
ozks,0.006378875,129
ozks,0.004388667,43
ozks,0.0045875,56
ozks,0.003124833,3
ozks,0.004606125,40
ozks,0.005388792,87
ozks,0.007951459,146
ozks,0.004526459,51
ozks,0.003302333,8
ozks,0.004468125,44
ozks,0.003218958,1
ozks,0.003250875,5
ozks,0.005001916,58
ozks,0.003702667,20
ozks,0.005564291,96
ozks,0.004470125,29
ozks,0.0066255,140
ozks,0.003865917,13
ozks,0.004087792,11
ozks,0.006759375,137
ozks,0.0025265,0
ozks,0.0033935,2
ozks,0.005384167,54
ozks,0.003941167,15
ozks,0.003085458,2
ozks,0.003446416,7
ozks,0.002944583,1
ozks,0.004439583,26
ozks,0.021968375,819
ozks,0.003913958,28
ozks,0.003978667,5
ozks,0.014874208,541
ozks,0.003386917,3
ozks,0.015364917,541
ozks,0.009918583,280
ozks,0.007719042,187
ozks,0.002992292,1
ozks,0.003191292,1
ozks,0.003608083,17
ozks,0.0060885,114
ozks,0.005713917,101
ozks,0.003500166,11
ozks,0.004241667,19
ozks,0.003207625,4
ozks,0.005351,75
ozks,0.003298542,4
ozks,0.007659875,185
ozks,0.022478584,866
ozks,0.0034315,2
ozks,0.007358416,160
ozks,0.004421041,34
ozks,0.003987042,22
ozks,0.005448208,54
ozks,0.007643959,148
ozks,0.006908208,145
ozks,0.003800458,10
ozks,0.004752333,51
ozks,0.005329666,81
ozks,0.004614584,48
ozks,0.0036635,11
ozks,0.004350458,31
ozks,0.003353125,5
ozks,0.003261333,7
ozks,0.003308917,5
ozks,0.004779542,62
ozks,0.004155292,5
ozks,0.006046334,74
ozks,0.009770459,233
ozks,0.003731375,12
ozks,0.004219792,33
ozks,0.007092167,140
ozks,0.004511375,38
ozks,0.003106209,2
ozks,0.003968041,15
ozks,0.002469667,0
ozks,0.003328542,3
ozks,0.004986583,52
ozks,0.003327625,4
ozks,0.015420375,547
ozks,0.007871083,179
ozks,0.003633917,10
ozks,0.004849125,49
ozks,0.007051042,149
ozks,0.003361583,1
ozks,0.003119375,1
ozks,0.009074375,228
ozks,0.00320525,6
ozks,0.003191208,2
ozks,0.00452775,43
ozks,0.002620333,0
ozks,0.008397167,150
ozks,0.005101042,72
ozks,0.00325125,1
ozks,0.005581916,68
ozks,0.004796916,40
ozks,0.003593334,4
ozks,0.005286709,76
ozks,0.003486584,5
ozks,0.006191917,115
ozks,0.004028833,31
ozks,0.003688917,11
ozks,0.005603833,43
ozks,0.017539792,510
ozks,0.00328825,1
ozks,0.003562958,14
ozks,0.021294375,688
ozks,0.005795583,107
ozks,0.003472917,9
ozks,0.017976125,559
ozks,0.005475542,80
ozks,0.014793583,521
ozks,0.003338708,3
ozks,0.004457958,47
ozks,0.00517275,65
ozks,0.002685875,0
ozks,0.002954791,1
ozks,0.009327708,264
ozks,0.0052285,75
ozks,0.003963291,17
ozks,0.004733209,68
ozks,0.007276959,157
ozks,0.003274625,2
ozks,0.003695792,14
ozks,0.00371025,8
ozks,0.004358625,31
ozks,0.003084042,2
ozks,0.003858,12
ozks,0.004031875,31
ozks,0.003220625,5
ozks,0.003699042,14
ozks,0.024032959,856
ozks,0.002919542,0
ozks,0.00423875,40
ozks,0.003243,1
ozks,0.003331334,1
ozks,0.003385333,8
ozks,0.0043055,35
ozks,0.003442792,8
ozks,0.003621416,9
ozks,0.004405667,50
ozks,0.004009417,18
ozks,0.003456917,7
ozks,0.0055085,93
ozks,0.004664208,59
ozks,0.004697875,45
ozks,0.003897042,23
ozks,0.003906333,14
ozks,0.004561375,48
ozks,0.002949292,1
ozks,0.003917583,12
ozks,0.002381375,0
ozks,0.003687375,20
ozks,0.00325125,1
ozks,0.012738041,382
ozks,0.003676875,17
ozks,0.003567333,9
ozks,0.003113708,7
ozks,0.002726375,0
ozks,0.003347458,4
ozks,0.003115959,1
ozks,0.003248292,6
ozks,0.003263625,1
ozks,0.004290458,38
ozks,0.004454125,43
ozks,0.004325459,37
ozks,0.003112791,2
ozks,0.004660833,52
ozks,0.003690625,10
ozks,0.005474166,95
ozks,0.003816541,26
ozks,0.003329,2
ozks,0.002978458,3
ozks,0.003694458,12
ozks,0.003279084,9
ozks,0.004254,25
ozks,0.0033735,11
ozks,0.003855667,22
ozks,0.003315167,6
ozks,0.006571041,116
ozks,0.004190958,24
ozks,0.015171417,541
ozks,0.010376084,325
ozks,0.003631167,17
ozks,0.0032595,2
ozks,0.003491708,12
ozks,0.003363416,10
ozks,0.005441083,86
ozks,0.003949459,25
ozks,0.0041665,17
ozks,0.004298084,31
ozks,0.002797,0
ozks,0.003706834,15
ozks,0.005882125,107
ozks,0.004041042,23
ozks,0.004167,18
ozks,0.005963417,103
ozks,0.0039345,7
ozks,0.003490292,8
ozks,0.006329,113
ozks,0.005006667,64
ozks,0.00389225,12
ozks,0.020501209,729
ozks,0.004778583,57
ozks,0.003702583,12
ozks,0.006962125,162
ozks,0.00326775,3
ozks,0.004011959,21
ozks,0.0100665,290
ozks,0.00504675,35
ozks,0.006656625,139
ozks,0.012126625,363
ozks,0.00302075,1
ozks,0.004238709,25
ozks,0.003886208,16
ozks,0.00760625,127
ozks,0.003812292,24
ozks,0.003528334,6
ozks,0.00423375,40
ozks,0.004279125,44
ozks,0.006269333,108
ozks,0.006185542,134
ozks,0.00374525,12
ozks,0.003081291,3
ozks,0.010332792,302
ozks,0.004114333,25
ozks,0.003730291,23
ozks,0.003271583,7
ozks,0.004182625,37
ozks,0.006758541,135
ozks,0.003353708,7
ozks,0.012786417,442
ozks,0.020451125,742
ozks,0.003635584,16
ozks,0.003598,6
ozks,0.005331542,88
ozks,0.004325208,49
ozks,0.003042709,1
ozks,0.0031105,6
ozks,0.002445333,0
ozks,0.017254583,541
ozks,0.00352325,15
ozks,0.010815416,228
ozks,0.003427625,13
ozks,0.002620667,0
ozks,0.00300175,1
ozks,0.003083958,4
ozks,0.003249875,8
ozks,0.002961083,2
ozks,0.003606667,17
ozks,0.003468083,15
ozks,0.00303625,1
ozks,0.004545542,21
ozks,0.003912542,15
ozks,0.003028334,1
ozks,0.005303167,68
ozks,0.003246917,1
ozks,0.002449916,0
ozks,0.002376083,0
ozks,0.003482584,5
ozks,0.021448959,749
ozks,0.004024125,22
ozks,0.003976833,17
ozks,0.003804625,24
ozks,0.003497291,2
ozks,0.003291042,8
ozks,0.003029125,1
ozks,0.006848167,140
ozks,0.018186167,637
ozks,0.003428333,7
ozks,0.00288725,1
ozks,0.003303375,0
ozks,0.003529958,13
ozks,0.0033725,2
ozks,0.004083459,34
ozks,0.006849875,143
ozks,0.003304,5
ozks,0.002847125,2
ozks,0.004216375,28
ozks,0.00347325,10
ozks,0.004690625,52
ozks,0.003178083,4
ozks,0.002677292,0
ozks,0.00344,8
ozks,0.006609084,105
ozks,0.003485458,5
ozks,0.003192792,2
ozks,0.006114458,110
ozks,0.005030792,51
ozks,0.003729792,17
ozks,0.003561833,8
ozks,0.004199792,35
ozks,0.00359,15
ozks,0.004900625,65
ozks,0.003311791,7
ozks,0.011161,280
ozks,0.002601834,0
ozks,0.003399333,8
ozks,0.003352375,9
ozks,0.002615542,0
ozks,0.003816958,10
ozks,0.00693125,153
ozks,0.002889833,1
ozks,0.003502125,4
ozks,0.003123291,1
ozks,0.003315667,9
ozks,0.003542291,8
ozks,0.003271375,7
ozks,0.007210709,120
ozks,0.009043916,245
ozks,0.025835708,983
ozks,0.003440666,10
ozks,0.005261542,84
ozks,0.003855375,27
ozks,0.003513125,8
ozks,0.0031515,6
ozks,0.00321125,4
ozks,0.004889875,52
ozks,0.003321,1
ozks,0.003588459,13
ozks,0.004014208,20
ozks,0.003173583,3
ozks,0.003708333,12
ozks,0.005198875,76
ozks,0.003122333,3
ozks,0.003502042,12
ozks,0.003651166,11
ozks,0.003633291,12
ozks,0.003912875,13
ozks,0.003172625,6
ozks,0.003467333,15
ozks,0.00264725,0
ozks,0.004873709,54
ozks,0.003087542,5
ozks,0.002908584,2
ozks,0.003577459,7
ozks,0.003376667,8
ozks,0.003807541,17
ozks,0.002999459,2
ozks,0.003034083,2
ozks,0.00369725,13
ozks,0.005625959,81
ozks,0.002720542,0
ozks,0.003215375,2
ozks,0.002516208,0
ozks,0.003217334,4
ozks,0.003259459,1
ozks,0.004193375,49
ozks,0.00417,19
ozks,0.00298875,3
ozks,0.0163675,541
ozks,0.003464709,9
ozks,0.002978416,3
ozks,0.016098958,550
ozks,0.002597958,0
ozks,0.00337875,17
ozks,0.003130042,7
ozks,0.004212708,38
ozks,0.00413625,13
ozks,0.002393083,0
ozks,0.026323333,974
ozks,0.003788125,22
ozks,0.015433792,558
ozks,0.009587084,216
ozks,0.005320292,85
ozks,0.003199791,4
ozks,0.003241042,7
ozks,0.003118334,1
ozks,0.013909708,486
ozks,0.00375975,24
ozks,0.00316275,5
ozks,0.005117334,77
ozks,0.010735375,302
ozks,0.010105334,324
ozks,0.003006708,1
ozks,0.017773667,542
ozks,0.004599542,31
ozks,0.003152958,7
ozks,0.006753583,133
ozks,0.003509542,8
ozks,0.005517209,80
ozks,0.003835916,23
ozks,0.003443625,1
ozks,0.002995208,2
ozks,0.005749541,99
ozks,0.003881416,14
ozks,0.003615917,17
ozks,0.005761292,100
ozks,0.009669542,268
ozks,0.011723291,369
ozks,0.003599291,13
ozks,0.003199833,4
ozks,0.00288025,1
ozks,0.003543083,14
ozks,0.003555209,15
ozks,0.004246417,18
ozks,0.01322275,427
ozks,0.0065285,131
ozks,0.007595084,178
ozks,0.003126375,1
ozks,0.002485292,0
ozks,0.00487175,69
ozks,0.003305167,7
ozks,0.003818833,23
ozks,0.025876375,967
ozks,0.00274375,1
ozks,0.003577208,16
ozks,0.006786,147
ozks,0.004045291,25
ozks,0.002851458,1
ozks,0.003979083,35
ozks,0.005748416,80
ozks,0.00993375,276
ozks,0.002846125,1
ozks,0.003005709,4
ozks,0.003257125,8
ozks,0.002837167,1
ozks,0.004024208,22
ozks,0.005444042,79
ozks,0.004243625,17
ozks,0.003800125,20
ozks,0.003781375,22
ozks,0.003004875,3
ozks,0.011503333,378
ozks,0.00351775,6
ozks,0.007026958,158
ozks,0.006572042,131
ozks,0.00312325,4
ozks,0.004225458,30
ozks,0.003198625,9
ozks,0.003228041,7
ozks,0.003321792,2
ozks,0.006903542,148
ozks,0.005986292,103
ozks,0.010449208,308
ozks,0.002487875,0
ozks,0.025765709,954
ozks,0.003145375,5
ozks,0.006428167,146
ozks,0.007333875,167
ozks,0.003583333,16
ozks,0.0036835,6
ozks,0.015260208,517
ozks,0.003225083,3
ozks,0.017251125,595
ozks,0.003220917,2
ozks,0.006813833,134
ozks,0.002968083,2
ozks,0.002985,2
ozks,0.003695792,5
ozks,0.003127,4
ozks,0.004264791,38
ozks,0.003637708,17
ozks,0.003480375,4
ozks,0.0023605,0
ozks,0.002872375,1
ozks,0.00411025,43
ozks,0.005481667,67
ozks,0.003950334,22
ozks,0.003076792,1
ozks,0.003272958,10
ozks,0.027743416,991
ozks,0.01933075,691
ozks,0.002974958,1
ozks,0.004742834,51
ozks,0.02610425,972
ozks,0.004837209,52
ozks,0.003761958,14
ozks,0.010531333,306
ozks,0.020453625,719
ozks,0.006288791,117
ozks,0.005392625,85
ozks,0.015870875,57
ozks,0.004109875,8
ozks,0.007027958,30
ozks,0.005297708,6
ozks,0.003976917,3
ozks,0.00398725,8
ozks,0.017993458,615
ozks,0.005119583,1
ozks,0.004472333,13
ozks,0.002993208,0
ozks,0.003883875,5
ozks,0.004592958,28
ozks,0.007213334,144
ozks,0.0061625,38
ozks,0.004084,10
ozks,0.003962667,16
ozks,0.004131833,13
ozks,0.003526208,4
ozks,0.004778083,4
ozks,0.002341875,0
ozks,0.004191375,21
ozks,0.003068625,4
ozks,0.003245666,8
ozks,0.0029725,1
ozks,0.003387292,6
ozks,0.002934042,2
ozks,0.003260875,6
ozks,0.006108667,92
ozks,0.005109833,77
ozks,0.003263583,8
ozks,0.014959375,502
ozks,0.003366667,4
ozks,0.003756542,13
ozks,0.003818625,8
ozks,0.003841083,24
ozks,0.003220209,7
ozks,0.004485084,52
ozks,0.003559666,8
ozks,0.003093291,4
ozks,0.009600791,257
ozks,0.018038833,629
ozks,0.017607583,618
ozks,0.003137125,2
ozks,0.003981917,26
ozks,0.003148875,7
ozks,0.004089833,26
ozks,0.003464417,4
ozks,0.003683708,19
ozks,0.003583875,12
ozks,0.002676333,0
ozks,0.003231292,3
ozks,0.003774125,19
ozks,0.010516125,306
ozks,0.004626709,22
ozks,0.004781,52
ozks,0.002769375,0
ozks,0.003406541,8
ozks,0.0054845,71
ozks,0.003558292,1
ozks,0.006021542,109
ozks,0.005044375,57
ozks,0.003583625,15
ozks,0.003163875,2
ozks,0.007710917,180
ozks,0.012392375,383
ozks,0.003549458,7
ozks,0.00345425,7
ozks,0.020373083,769
ozks,0.005260458,81
ozks,0.003384,8
ozks,0.006851,144
ozks,0.003996667,9
ozks,0.003990375,23
ozks,0.003698917,16
ozks,0.011988292,377
ozks,0.004033833,22
ozks,0.004001584,19
ozks,0.003276458,6
ozks,0.006181084,94
ozks,0.003004167,2
ozks,0.004893584,62
ozks,0.008495125,233
ozks,0.009323708,262
ozks,0.003399916,8
ozks,0.0032175,4
ozks,0.006975458,164
ozks,0.0027145,0
ozks,0.002336083,0
ozks,0.003590083,16
ozks,0.003362833,4
ozks,0.002902791,1
ozks,0.003201334,4
ozks,0.002523959,0
ozks,0.003582416,10
ozks,0.0075565,183
ozks,0.003309208,1
ozks,0.006740583,156
ozks,0.003698625,11
ozks,0.00371975,20
ozks,0.005513667,93
ozks,0.004146416,21
ozks,0.003462334,2
ozks,0.004171625,33
ozks,0.0028195,2
ozks,0.010625792,325
ozks,0.018594625,648
ozks,0.00740175,156
ozks,0.003317333,8
ozks,0.010340292,302
ozks,0.002487333,0
ozks,0.003441916,10
ozks,0.021758541,785
ozks,0.00325675,8
ozks,0.003541834,8
ozks,0.005612375,70
ozks,0.003176,4
ozks,0.0033635,8
ozks,0.002417166,0
ozks,0.005386583,97
ozks,0.005679,52
ozks,0.025025958,941
ozks,0.002868125,1
ozks,0.004431875,31
ozks,0.003032083,2
ozks,0.005353041,85
ozks,0.002967208,1
ozks,0.003719042,8
ozks,0.003802625,16
ozks,0.003668625,10
ozks,0.0032615,7
ozks,0.004311708,32
ozks,0.003412667,10
ozks,0.003292875,8
ozks,0.007822792,187
ozks,0.003627625,17
ozks,0.003482584,5
ozks,0.003439792,11
ozks,0.002744875,0
ozks,0.003401333,7
ozks,0.007639209,147
ozks,0.010703959,351
ozks,0.003370708,10
ozks,0.005080333,78
ozks,0.003544959,15
ozks,0.008120083,212
ozks,0.003116709,8
ozks,0.003246625,5
ozks,0.00351275,2
ozks,0.013070834,431
ozks,0.004163167,38
ozks,0.003186625,2
ozks,0.003572208,13
ozks,0.02379,782
ozks,0.003559958,8
ozks,0.022640167,845
ozks,0.003463375,2
ozks,0.006071084,116
ozks,0.010393208,303
ozks,0.003999541,20
ozks,0.016329375,583
ozks,0.004156542,26
ozks,0.003327916,4
ozks,0.003727583,17
ozks,0.012211292,411
ozks,0.003409792,7
ozks,0.003302542,10
ozks,0.004689125,58
ozks,0.003235416,1
ozks,0.003236334,7
ozks,0.002969458,2
ozks,0.003139708,5
ozks,0.008570208,222
ozks,0.003197042,2
ozks,0.0024935,0
ozks,0.00700825,151
ozks,0.013714917,453
ozks,0.00366375,10
ozks,0.007682333,209
ozks,0.003810042,20
ozks,0.016326875,563
ozks,0.006764667,133
ozks,0.002845,1
ozks,0.009188209,207
ozks,0.003292542,1
ozks,0.017507541,650
ozks,0.003360958,9
ozks,0.003264042,7
ozks,0.008156542,225
ozks,0.003050417,2
ozks,0.003460791,1
ozks,0.002739542,0
ozks,0.003817208,15
ozks,0.003121333,7
ozks,0.003356333,5
ozks,0.003102416,6
ozks,0.004710459,24
ozks,0.010246834,324
ozks,0.00357275,17
ozks,0.003344875,4
ozks,0.003591375,18
ozks,0.003730042,12
ozks,0.009327458,255
ozks,0.004196375,30
ozks,0.003056791,4
ozks,0.002906125,1
ozks,0.00262,0
ozks,0.005364292,80
ozks,0.004002417,30
ozks,0.004111208,26
ozks,0.004616291,58
ozks,0.003219083,5
ozks,0.00356225,15
ozks,0.005768208,104
ozks,0.003505,8
ozks,0.0037415,18
ozks,0.003999542,13
ozks,0.015345875,524
ozks,0.005984875,111
ozks,0.002428583,0
ozks,0.004843166,69
ozks,0.005784667,94
ozks,0.003518,7
ozks,0.003678084,17
ozks,0.015054166,506
ozks,0.006020084,117
ozks,0.003525667,16
ozks,0.003425709,11
ozks,0.003208083,6
ozks,0.003968042,17
ozks,0.002928125,2
ozks,0.003427166,10
ozks,0.003024417,3
ozks,0.005072792,80
ozks,0.004531667,27
ozks,0.003923792,25
ozks,0.003665167,19
ozks,0.00376625,25
ozks,0.00285275,1
ozks,0.003892208,17
ozks,0.002241833,0
ozks,0.008461875,217
ozks,0.003545541,13
ozks,0.003072792,4
ozks,0.003169041,3
ozks,0.003095083,8
ozks,0.00691775,147
ozks,0.012777208,438
ozks,0.004262792,38
ozks,0.004115917,37
ozks,0.002760375,0
ozks,0.004719167,58
ozks,0.018754083,678
ozks,0.004176,41
ozks,0.003736875,17
ozks,0.003190708,1
ozks,0.00355325,15
ozks,0.003236375,3
ozks,0.005436375,88
ozks,0.003245833,5
ozks,0.010010209,290
ozks,0.004102625,24
ozks,0.002990542,3
ozks,0.003895458,29
ozks,0.003284167,9
ozks,0.002939542,1
ozks,0.003590584,13
ozks,0.0050675,36
ozks,0.003243417,5
ozks,0.006596917,135
ozks,0.003403375,7
ozks,0.002459916,0
ozks,0.004338833,32
ozks,0.003495625,20
ozks,0.004209958,27
ozks,0.005477583,80
ozks,0.00338675,8
ozks,0.004523208,58
ozks,0.0032815,6
ozks,0.007485584,140
ozks,0.0224895,830
ozks,0.003604917,10
ozks,0.003139375,1
ozks,0.003242208,9
ozks,0.004633208,48
ozks,0.004066041,9
ozks,0.003222916,8
ozks,0.003228541,1
ozks,0.003192625,8
ozks,0.002963041,1
ozks,0.003367334,6
ozks,0.0026145,0
ozks,0.003543042,1
ozks,0.002984667,1
ozks,0.003237541,2
ozks,0.004515625,52
ozks,0.002408625,0
ozks,0.007341375,176
ozks,0.013581417,473
ozks,0.018205958,646
ozks,0.007103416,162
ozks,0.003076,4
ozks,0.003234792,7
ozks,0.005252458,66
ozks,0.003198458,3
ozks,0.00271625,0
ozks,0.011282667,345
ozks,0.014125416,456
ozks,0.0036055,8
ozks,0.003465792,13
ozks,0.003148583,4
ozks,0.003453959,11
ozks,0.010214958,325
ozks,0.003351875,6
ozks,0.0032875,8
ozks,0.003995125,1
ozks,0.004766833,49
ozks,0.003416125,9
ozks,0.00240325,0
ozks,0.007052916,167
ozks,0.004027875,34
ozks,0.004209375,14
ozks,0.003451375,8
ozks,0.007153833,160
ozks,0.003618291,9
ozks,0.003144,6
ozks,0.006721083,137
ozks,0.009162292,226
ozks,0.003888375,17
ozks,0.002890541,1
ozks,0.002926084,3
ozks,0.003597875,11
ozks,0.007202083,158
ozks,0.011105417,352
ozks,0.004549709,50
ozks,0.026549458,998
ozks,0.003206291,8
ozks,0.003103792,5
ozks,0.003601667,7
ozks,0.007819042,201
ozks,0.006296291,133
ozks,0.002504709,0
ozks,0.003092834,2
ozks,0.004290875,35
ozks,0.003350917,5
ozks,0.004028833,38
ozks,0.003954459,38
ozks,0.016746458,307
ozks,0.003350042,1
ozks,0.002694292,0
ozks,0.004846125,62
ozks,0.002900625,2
ozks,0.003472708,3
ozks,0.003693917,21
ozks,0.004592625,45
ozks,0.003545291,2
ozks,0.004136542,36
ozks,0.022824375,734
ozks,0.00357425,9
ozks,0.00309425,3
ozks,0.003498166,10
ozks,0.003794833,30
ozks,0.005122833,81
ozks,0.017346458,606
ozks,0.003378875,9
ozks,0.004467167,20
ozks,0.006828417,149
ozks,0.003764167,22
ozks,0.00379525,13
ozks,0.003236417,9
ozks,0.003783916,16
ozks,0.002399875,0
ozks,0.004434959,52
ozks,0.003621333,17
ozks,0.003766208,13
ozks,0.002994125,4
ozks,0.005089292,71
ozks,0.005453375,90
ozks,0.008248167,158
ozks,0.005158834,78
ozks,0.004023833,31
ozks,0.003757292,18
ozks,0.004389125,36
ozks,0.003326959,8
ozks,0.003898875,19
ozks,0.003418125,17
ozks,0.005144584,78
ozks,0.005282917,85
ozks,0.003772042,16
ozks,0.003082917,4
ozks,0.005188333,38
ozks,0.024417208,910
ozks,0.005185167,65
ozks,0.003236959,2
ozks,0.002987208,3
ozks,0.003493542,4
ozks,0.0030755,5
ozks,0.003418125,9
ozks,0.003022708,1
ozks,0.003040833,3
ozks,0.002983042,1
ozks,0.004140292,35
ozks,0.026856959,929
ozks,0.002556208,0
ozks,0.005565625,84
ozks,0.004154541,29
ozks,0.003195792,8
ozks,0.007282084,127
ozks,0.003996959,30
ozks,0.006791666,147
ozks,0.002316958,0
ozks,0.003599375,8
ozks,0.004110209,31
ozks,0.006583167,141
ozks,0.004760958,54
ozks,0.003404417,1
ozks,0.017106917,592
ozks,0.023163583,880
ozks,0.003135542,6
ozks,0.003285416,9
ozks,0.00367425,3
ozks,0.003320834,9
ozks,0.003309166,1
ozks,0.00302675,3
ozks,0.003024958,3
ozks,0.004438125,43
ozks,0.006024416,114
ozks,0.003489542,12
ozks,0.014745834,524
ozks,0.011225583,343
ozks,0.003312375,9
ozks,0.013265625,419
ozks,0.004324875,49
ozks,0.003297875,1
ozks,0.003532334,20
ozks,0.004356709,40
ozks,0.003891375,30
ozks,0.003201791,2
ozks,0.004058375,37
ozks,0.0044545,44
ozks,0.003498042,8
ozks,0.003706416,3
ozks,0.005023666,55
ozks,0.0030915,3
ozks,0.003066375,3
ozks,0.002962875,1
ozks,0.006107791,116
ozks,0.003899792,15
ozks,0.003142875,5
ozks,0.003271584,10
ozks,0.003081166,4
ozks,0.003784375,20
ozks,0.004330958,55
ozks,0.004015167,17
ozks,0.005098875,67
ozks,0.002646208,0
ozks,0.003181292,8
ozks,0.003364167,10
ozks,0.003025167,1
ozks,0.003620541,15
ozks,0.003018417,1
ozks,0.00389375,25
ozks,0.003268709,1
ozks,0.012861,442
ozks,0.003089708,2
ozks,0.003338542,1
ozks,0.007049292,178
ozks,0.004383875,33
ozks,0.011884958,361
ozks,0.002811792,1
ozks,0.004962625,56
ozks,0.002978666,2
ozks,0.003794,13
ozks,0.00412725,37
ozks,0.003180125,1
ozks,0.004735333,63
ozks,0.004290208,42
ozks,0.004732125,53
ozks,0.00332125,7
ozks,0.003719958,12
ozks,0.006814583,147
ozks,0.003388416,14
ozks,0.020516958,755
ozks,0.004041708,29
ozks,0.002971375,2
ozks,0.003402041,8
ozks,0.003431375,8
ozks,0.00601125,113
ozks,0.003465166,13
ozks,0.003142292,1
ozks,0.003742125,25
ozks,0.006561875,148
ozks,0.004328791,41
ozks,0.024746916,940
ozks,0.004515625,54
ozks,0.002324791,0
ozks,0.003766833,24
ozks,0.004013792,23
ozks,0.003724916,13
ozks,0.003344041,1
ozks,0.002809166,1
ozks,0.004344333,49
ozks,0.002858375,1
ozks,0.003380084,11
ozks,0.003249917,3
ozks,0.009969292,240
ozks,0.006602542,127
ozks,0.003728083,22
ozks,0.003371708,5
ozks,0.004863625,71
ozks,0.005511875,83
ozks,0.007568208,158
ozks,0.003130084,5
ozks,0.003199166,5
ozks,0.003060833,1
ozks,0.003375917,4
ozks,0.003511666,13
ozks,0.002466542,0
ozks,0.00360525,17
ozks,0.003495375,8
ozks,0.016487958,582
ozks,0.004989459,70
ozks,0.006529709,134
ozks,0.010388208,302
ozks,0.010944125,320
ozks,0.003315083,7
ozks,0.003116375,3
ozks,0.004488083,39
ozks,0.009530958,261
ozks,0.005125791,72
ozks,0.007486583,138
ozks,0.004838833,77
ozks,0.003029917,3
ozks,0.00399825,27
ozks,0.005200625,80
ozks,0.002475291,0
ozks,0.022344625,805
ozks,0.003226375,4
ozks,0.005544792,99
ozks,0.003512875,13
ozks,0.005092083,69
ozks,0.003057375,4
ozks,0.005486,91
ozks,0.00539975,86
ozks,0.003082417,1
ozks,0.025098375,991
ozks,0.003884292,23
ozks,0.003074667,7
ozks,0.004427625,36
ozks,0.003088375,4
ozks,0.018822083,667
ozks,0.0032915,6
ozks,0.004428958,35
ozks,0.004680167,45
ozks,0.004187958,8
ozks,0.002499625,0
ozks,0.007498792,164
ozks,0.00571825,80
ozks,0.004732625,62
ozks,0.003203792,3
ozks,0.003054458,0
ozks,0.005673666,109
ozks,0.003812708,17
ozks,0.004356083,30
ozks,0.002409042,0
ozks,0.003961709,16
ozks,0.00378775,5
ozks,0.011529667,361
ozks,0.003589125,1
ozks,0.003257334,8
ozks,0.004103625,34
ozks,0.003109917,4
ozks,0.004703458,37
ozks,0.003553917,12
ozks,0.003288916,1
ozks,0.003633042,18
ozks,0.0129995,408
ozks,0.008966667,252
ozks,0.014409208,477
ozks,0.004060958,5
ozks,0.005426125,85
ozks,0.003728292,14
ozks,0.003786666,27
ozks,0.003521209,4
ozks,0.006167916,130
ozks,0.024653583,883
ozks,0.003511292,6
ozks,0.016342042,550
ozks,0.003918375,18
ozks,0.003923958,18
ozks,0.003453042,5
ozks,0.002510959,0
ozks,0.003307958,7
ozks,0.004205125,24
ozks,0.002890708,0
ozks,0.003336791,1
ozks,0.002413417,0
ozks,0.003729625,3
ozks,0.00949975,256
ozks,0.004135291,30
ozks,0.003310166,8
ozks,0.003524542,4
ozks,0.004192041,21
ozks,0.003580917,13
ozks,0.01037625,327
ozks,0.003046542,1
ozks,0.004958916,53
ozks,0.004095167,29
ozks,0.003601041,17
ozks,0.004957667,48
ozks,0.004179916,21
ozks,0.003191833,4
ozks,0.003322458,4
ozks,0.006509292,121
ozks,0.008618709,240
ozks,0.004999625,43
ozks,0.007155333,161
ozks,0.003901292,26
ozks,0.003456333,11
ozks,0.007370208,176
ozks,0.00380325,11
ozks,0.003955125,8
ozks,0.00525975,80
ozks,0.003045458,2
ozks,0.003583541,10
ozks,0.010120083,325
ozks,0.00309975,1
ozks,0.003147542,2
ozks,0.0065255,140
ozks,0.004914,62
ozks,0.003351542,11
ozks,0.004390208,26
ozks,0.00367325,13
ozks,0.004677291,64
ozks,0.00326975,2
ozks,0.00232475,0
ozks,0.005581125,86
ozks,0.006493042,139
ozks,0.003196334,8
ozks,0.003397042,9
ozks,0.007597583,140
ozks,0.002921125,1
ozks,0.00654,142
ozks,0.003507041,11
ozks,0.006391084,143
ozks,0.021457708,773
ozks,0.003081125,5
ozks,0.011233792,325
ozks,0.004042,17
ozks,0.003231375,9
ozks,0.003014667,6
ozks,0.002700708,0
ozks,0.0034155,5
ozks,0.006753792,127
ozks,0.018297458,644
ozks,0.003028625,3
ozks,0.004003917,32
ozks,0.004400708,36
ozks,0.002988708,5
ozks,0.00497425,77
ozks,0.002984333,1
ozks,0.002408583,0
ozks,0.0031575,2
ozks,0.002593167,0
ozks,0.002854416,1
ozks,0.002552667,0
ozks,0.004381416,26
ozks,0.003380167,10
ozks,0.003828167,16
ozks,0.004117666,34
ozks,0.003349666,11
ozks,0.002297459,0
ozks,0.005373792,45
ozks,0.006059458,111
ozks,0.002826,1
ozks,0.004417541,57
ozks,0.012756583,410
ozks,0.003150167,8
ozks,0.003352375,8
ozks,0.003182834,2
ozks,0.003200708,7
ozks,0.002979375,3
ozks,0.003566,17
ozks,0.003595625,11
ozks,0.008664833,213
ozks,0.024587958,881
ozks,0.004138667,30
ozks,0.005265792,81
ozks,0.00476025,68
ozks,0.012713375,412
ozks,0.003433542,9
ozks,0.014853875,521
ozks,0.007487292,190
ozks,0.002548583,0
ozks,0.004272333,35
ozks,0.003025791,4
ozks,0.0036565,18
ozks,0.010216625,325
ozks,0.003785667,23
ozks,0.003759584,22
ozks,0.003260166,3
ozks,0.00389525,17
ozks,0.005426959,56
ozks,0.005818834,105
ozks,0.0030655,3
ozks,0.003428167,9
ozks,0.004197959,20
ozks,0.0068695,137
ozks,0.004040291,43
ozks,0.023477416,748
ozks,0.010516042,313
ozks,0.00301175,2
ozks,0.003215042,2
ozks,0.003529042,16
ozks,0.003980125,26
ozks,0.003615083,11
ozks,0.004640708,46
ozks,0.003567708,17
ozks,0.003380875,8
ozks,0.0035465,10
ozks,0.003050625,3
ozks,0.015234583,502
ozks,0.020341625,734
ozks,0.003925834,18
ozks,0.0047785,57
ozks,0.003014791,2
ozks,0.0046395,21
ozks,0.020024125,706
ozks,0.006570792,134
ozks,0.006907584,152
ozks,0.003501209,5
ozks,0.003390166,13
ozks,0.004251333,35
ozks,0.035167875,11
ozks,0.003506667,2
ozks,0.003466167,13
ozks,0.003908333,28
ozks,0.00458,52
ozks,0.003636625,8
ozks,0.005768417,106
ozks,0.004723958,71
ozks,0.002958084,2
ozks,0.004298833,50
ozks,0.0136935,427
ozks,0.004217458,31
ozks,0.003701375,15
ozks,0.004037916,13
ozks,0.010621875,330
ozks,0.00311125,6
ozks,0.004145959,48
ozks,0.007137791,153
ozks,0.007654125,128
ozks,0.003618333,9
ozks,0.003631542,11
ozks,0.004415375,48
ozks,0.004351125,35
ozks,0.003760291,23
ozks,0.004659916,61
ozks,0.004035041,35
ozks,0.004246375,36
ozks,0.004419583,52
ozks,0.004105458,29
ozks,0.01030375,325
ozks,0.005430666,91
ozks,0.003311459,4
ozks,0.004938417,77
ozks,0.003257959,4
ozks,0.003762042,28
ozks,0.00321375,8
ozks,0.004244292,22
ozks,0.016011666,551
ozks,0.002978,2
ozks,0.0043095,16
ozks,0.006600834,147
ozks,0.003341916,10
ozks,0.005068875,63
ozks,0.002923791,2
ozks,0.0051985,39
ozks,0.003702875,13
ozks,0.004352833,44
ozks,0.003951292,11
ozks,0.004195375,23
ozks,0.009665416,264
ozks,0.003330958,6
ozks,0.002984291,4
ozks,0.004210959,41
ozks,0.002649709,0
ozks,0.0035505,17
ozks,0.00360175,8
ozks,0.003152333,6
ozks,0.003041083,3
ozks,0.010085208,324
ozks,0.003671917,18
ozks,0.005311084,85
ozks,0.003331291,9
ozks,0.003444333,11
ozks,0.003575292,16
ozks,0.006488583,99
ozks,0.004102458,37
ozks,0.002962542,2
ozks,0.003261416,8
ozks,0.002463917,0
ozks,0.004619459,44
ozks,0.002634875,0
ozks,0.003269583,9
ozks,0.004276375,39
ozks,0.004562333,51
ozks,0.003948458,22
ozks,0.00938575,272
ozks,0.023839292,929
ozks,0.004113166,20
ozks,0.005999833,97
ozks,0.009817083,274
ozks,0.006868,162
ozks,0.003500292,20
ozks,0.0028625,2
ozks,0.003223166,8
ozks,0.003003542,1
ozks,0.004506875,51
ozks,0.005813541,107
ozks,0.002882834,1
ozks,0.003137541,6
ozks,0.003679875,17
ozks,0.006124708,129
ozks,0.003745083,18
ozks,0.003212083,9
ozks,0.002624833,0
ozks,0.004933459,39
ozks,0.004789333,60
ozks,0.004536334,53
ozks,0.003560709,9
ozks,0.003205125,6
ozks,0.003086625,1
ozks,0.00430025,45
ozks,0.003122208,2
ozks,0.003470291,10
ozks,0.005951792,109
ozks,0.003405666,14
ozks,0.003204833,8
ozks,0.003118875,2
ozks,0.004617875,35
ozks,0.003342584,8
ozks,0.004518583,39
ozks,0.00312975,7
ozks,0.003414833,1
ozks,0.003953458,24
ozks,0.003659459,17
ozks,0.017932083,637
ozks,0.004283583,28
ozks,0.014706,541
ozks,0.00242675,0
ozks,0.00346875,9
ozks,0.002917833,1
ozks,0.003422541,7
ozks,0.003403667,15
ozks,0.00376475,17
ozks,0.003399625,9
ozks,0.004485375,39
ozks,0.002695166,0
ozks,0.003413542,6
ozks,0.003685875,9
ozks,0.004401583,41
ozks,0.003572208,13
ozks,0.00298275,2
ozks,0.005784875,92
ozks,0.003289208,9
ozks,0.003164583,7
ozks,0.003168833,9
ozks,0.007592458,171
ozks,0.003640959,16
ozks,0.013310792,430
ozks,0.002941291,1
ozks,0.003177042,5
ozks,0.005210167,80
ozks,0.004249,37
ozks,0.003073875,2
ozks,0.014520459,483
ozks,0.003797625,15
ozks,0.024029,874
ozks,0.003480625,8
ozks,0.005469125,81
ozks,0.009328542,262
ozks,0.002560292,0
ozks,0.002901792,3
ozks,0.003206125,1
ozks,0.003915541,15
ozks,0.005782792,97
ozks,0.008575,233
ozks,0.004342583,45
ozks,0.003601875,4
ozks,0.007728208,193
ozks,0.003190792,8
ozks,0.002705333,0
ozks,0.004383792,55
ozks,0.003546,12
ozks,0.005380541,85
ozks,0.003105125,1
ozks,0.004292625,49
ozks,0.006341667,91
ozks,0.003646333,10
ozks,0.016248334,563
ozks,0.003302833,3
ozks,0.004468,24
ozks,0.003461792,14
ozks,0.003025208,1
ozks,0.010735333,314
ozks,0.011733708,361
ozks,0.003008167,2
ozks,0.00385775,21
ozks,0.003212875,9
ozks,0.004021875,21
ozks,0.003158458,7
ozks,0.006849125,158
ozks,0.003201583,3
ozks,0.020335041,730
ozks,0.00649425,134
ozks,0.002903875,2
ozks,0.00286175,1
ozks,0.0055275,95
ozks,0.003261209,8
ozks,0.003350833,7
ozks,0.004011042,28
ozks,0.003769834,20
ozks,0.003108833,1
ozks,0.003142125,6
ozks,0.002987375,1
ozks,0.003043666,1
ozks,0.003762375,17
ozks,0.010014167,291
ozks,0.003747666,16
ozks,0.00239075,0
ozks,0.003479333,3
ozks,0.005583667,100
ozks,0.0063825,138
ozks,0.0035855,18
ozks,0.002933375,0
ozks,0.004437708,47
ozks,0.002437292,0
ozks,0.003446708,7
ozks,0.002425333,0
ozks,0.016423417,620
ozks,0.010698917,339
ozks,0.003446084,10
ozks,0.002546125,0
ozks,0.004421375,45
ozks,0.003248125,5
ozks,0.003653417,13
ozks,0.003110625,1
ozks,0.003974125,14
ozks,0.002964917,3
ozks,0.003555666,14
ozks,0.003423041,8
ozks,0.0035165,17
ozks,0.011950625,329
ozks,0.00472225,64
ozks,0.019335042,692
ozks,0.025018208,922
ozks,0.0044075,42
ozks,0.003221875,1
ozks,0.003155292,6
ozks,0.007008666,155
ozks,0.004102917,14
ozks,0.003876334,29
ozks,0.00336525,5
ozks,0.006653958,134
ozks,0.023789875,907
ozks,0.003486959,6
ozks,0.003380834,6
ozks,0.003275208,9
ozks,0.003536083,15
ozks,0.003987,28
ozks,0.003043708,3
ozks,0.002423708,0
ozks,0.003186292,3
ozks,0.006636875,160
ozks,0.003259042,4
ozks,0.002559583,0
ozks,0.002629208,0
ozks,0.011602083,350
ozks,0.003246416,3
ozks,0.003982666,29
ozks,0.003143417,1
ozks,0.003304292,8
ozks,0.003409667,4
ozks,0.003877375,25
ozks,0.003000166,2
ozks,0.002520292,0
ozks,0.004010916,29
ozks,0.002385708,0
ozks,0.002714167,0
ozks,0.004193958,34
ozks,0.003267333,1
ozks,0.002928458,2
ozks,0.005724333,99
ozks,0.003557417,19
ozks,0.004402083,33
ozks,0.007849,200
ozks,0.002917292,1
ozks,0.004033958,18
ozks,0.003337584,1
ozks,0.003396791,6
ozks,0.003849125,18
ozks,0.003779833,20
ozks,0.002877,3
ozks,0.004419792,36
ozks,0.00319475,4
ozks,0.003203084,6
ozks,0.014639625,516
ozks,0.024704,990
ozks,0.005591958,106
ozks,0.003623583,10
ozks,0.003473625,4
ozks,0.003893792,19
ozks,0.010013917,293
ozks,0.004905042,59
ozks,0.004434125,20
ozks,0.011301125,339
ozks,0.00458925,48
ozks,0.007953291,201
ozks,0.003917917,25
ozks,0.002314958,0
ozks,0.00452975,39
ozks,0.011770916,359
ozks,0.005284917,74
ozks,0.004200875,28
ozks,0.004434167,35
ozks,0.014837333,494
ozks,0.005605083,99
ozks,0.00707575,113
ozks,0.003169333,4
ozks,0.00310675,1
ozks,0.005614583,85
ozks,0.006860458,146
ozks,0.003155834,3
ozks,0.003139209,1
ozks,0.016883709,588
ozks,0.019686958,717
ozks,0.004344458,30
ozks,0.003412334,4
ozks,0.008673959,235
ozks,0.003515833,7
ozks,0.007475041,179
ozks,0.003731042,13
ozks,0.002526083,0
ozks,0.003843875,13
ozks,0.0034735,9
ozks,0.015644916,541
ozks,0.003070875,3
ozks,0.0037955,9
ozks,0.00319625,1
ozks,0.003684542,15
ozks,0.004129042,23
ozks,0.0063165,77
ozks,0.002502333,0
ozks,0.003184958,5
ozks,0.004542834,51
ozks,0.003547583,15
ozks,0.0105025,302
ozks,0.003381542,1
ozks,0.003240666,8
ozks,0.00438675,36
ozks,0.003031459,0
ozks,0.003390208,7
ozks,0.024087708,885
ozks,0.0048375,50
ozks,0.004851792,30
ozks,0.005536792,89
ozks,0.003567833,14
ozks,0.004041083,18
ozks,0.002494791,0
ozks,0.005578792,91
ozks,0.003902417,28
ozks,0.003932459,26
ozks,0.004183083,35
ozks,0.003564125,3
ozks,0.004331792,28
ozks,0.004065625,17
ozks,0.003735416,18
ozks,0.006772292,116
ozks,0.003821584,22
ozks,0.005786292,108
ozks,0.002365416,0
ozks,0.005162125,64
ozks,0.003565583,6
ozks,0.003701333,19
ozks,0.007635584,188
ozks,0.006127708,116
ozks,0.011886833,322
ozks,0.00469725,56
ozks,0.021224125,773
ozks,0.006812042,143
ozks,0.004845666,36
ozks,0.005228459,79
ozks,0.004027583,34
ozks,0.014458375,483
ozks,0.002908625,1
ozks,0.003675292,8
ozks,0.003689292,10
ozks,0.003655708,15
ozks,0.003059125,1
ozks,0.00391475,7
ozks,0.003461417,1
ozks,0.016558417,571
ozks,0.00346575,6
ozks,0.007511,176
ozks,0.004873417,71
ozks,0.003729292,18
ozks,0.003135209,6
ozks,0.003103125,2
ozks,0.003203125,6
ozks,0.00322575,4
ozks,0.008095959,206
ozks,0.003682916,8
ozks,0.004881708,50
ozks,0.003448,4
ozks,0.003415792,8
ozks,0.003922875,3
ozks,0.003201208,6
ozks,0.003245042,2
ozks,0.013847084,472
ozks,0.003384792,3
ozks,0.006978458,151
ozks,0.003463458,10
ozks,0.005484375,77
ozks,0.004805667,60
ozks,0.010554292,325
ozks,0.003840833,12
ozks,0.003279625,7
ozks,0.002825042,0
ozks,0.003593459,13
ozks,0.003551958,10
ozks,0.003258875,6
ozks,0.010959541,328
ozks,0.003359916,2
ozks,0.003681042,13
ozks,0.005048917,70
ozks,0.003133291,3
ozks,0.0036355,1
ozks,0.00324675,2
ozks,0.004877083,47
ozks,0.00390275,4
ozks,0.003371708,3
ozks,0.003438708,11
ozks,0.003771542,14
ozks,0.003496,1
ozks,0.00331975,1
ozks,0.0029275,1
ozks,0.00427425,35
ozks,0.00317125,2
ozks,0.005489958,70
ozks,0.003308916,8
ozks,0.004170208,28
ozks,0.005773,75
ozks,0.010838584,263
ozks,0.004970375,67
ozks,0.008288708,225
ozks,0.015415917,518
ozks,0.003555959,10
ozks,0.009673667,256
ozks,0.0065795,128
ozks,0.003010084,2
ozks,0.003843833,16
ozks,0.00344675,3
ozks,0.002405709,0
ozks,0.003593208,8
ozks,0.003020459,2
ozks,0.003590959,12
ozks,0.005505458,88
ozks,0.002493917,0
ozks,0.0030485,2
ozks,0.0032205,4
ozks,0.003760791,14
ozks,0.003964375,10
ozks,0.01347825,423
ozks,0.004812,34
ozks,0.007318958,170
ozks,0.003515542,6
ozks,0.003800917,17
ozks,0.0149345,521
ozks,0.00523775,79
ozks,0.003461167,5
ozks,0.003475,9
ozks,0.00304025,1
ozks,0.003320458,9
ozks,0.004134875,36
ozks,0.00445675,36
ozks,0.003337834,3
ozks,0.003089833,3
ozks,0.003738208,12
ozks,0.003615209,14
ozks,0.008498417,183
ozks,0.003164875,5
ozks,0.003505917,8
ozks,0.008246791,70
ozks,0.0030315,2
ozks,0.004366208,35
ozks,0.004436,27
ozks,0.003155041,5
ozks,0.004173375,18
ozks,0.003468709,9
ozks,0.003851667,4
ozks,0.003792166,20
ozks,0.003584792,9
ozks,0.003395958,3
ozks,0.003459625,10
ozks,0.004499875,55
ozks,0.002423167,0
ozks,0.003279792,8
ozks,0.004070708,25
ozks,0.003051875,1
ozks,0.003508833,10
ozks,0.002943584,1
ozks,0.002673625,0
ozks,0.004007291,18
ozks,0.003360125,6
ozks,0.002508417,0
ozks,0.002808875,0
ozks,0.003309375,4
ozks,0.00355525,17
ozks,0.004246,46
ozks,0.003483,1
ozks,0.003550875,21
ozks,0.004847459,71
ozks,0.003283375,7
ozks,0.002893416,1
ozks,0.002514459,0
ozks,0.003829708,19
ozks,0.007116167,142
ozks,0.003188959,1
ozks,0.009776916,274
ozks,0.003276875,8
ozks,0.003551208,11
ozks,0.0030805,3
ozks,0.024828083,895
ozks,0.003441583,8
ozks,0.004852333,58
ozks,0.003895334,30
ozks,0.015510875,506
ozks,0.010127958,246
ozks,0.006562208,137
ozks,0.002915208,1
ozks,0.003326083,8
ozks,0.004351708,37
ozks,0.003276875,7
ozks,0.002561042,0
ozks,0.003065166,7
ozks,0.004295,34
ozks,0.003462,8
ozks,0.003303417,9
ozks,0.0030515,6
ozks,0.004452375,23
ozks,0.00332525,9
ozks,0.00376725,14
ozks,0.007740041,149
ozks,0.004294292,40
ozks,0.005212917,58
ozks,0.023676292,929
ozks,0.00414975,32
ozks,0.005254292,76
ozks,0.003688875,18
ozks,0.002998958,1
ozks,0.004826375,45
ozks,0.006189625,124
ozks,0.003686625,11
ozks,0.003609625,18
ozks,0.003306125,10
ozks,0.014071459,463
ozks,0.004125416,40
ozks,0.005066125,76
ozks,0.002869709,1
ozks,0.00372775,23
ozks,0.003160875,1
ozks,0.009503292,273
ozks,0.002348,0
ozks,0.003237208,1
ozks,0.00483175,71
ozks,0.00317475,8
ozks,0.004064833,23
ozks,0.009201791,235
ozks,0.003512041,11
ozks,0.002887292,1
ozks,0.004361833,39
ozks,0.011771167,370
ozks,0.009479667,245
ozks,0.011177584,353
ozks,0.00307675,1
ozks,0.008319917,214
ozks,0.003104458,3
ozks,0.005971542,121
ozks,0.005330208,78
ozks,0.003656417,18
ozks,0.003495667,10
ozks,0.002958541,2
ozks,0.003347167,7
ozks,0.002284375,0
ozks,0.003606125,8
ozks,0.00297275,1
ozks,0.003793208,25
ozks,0.003790666,18
ozks,0.004558958,43
ozks,0.0028935,0
ozks,0.004175125,40
ozks,0.005335958,99
ozks,0.010893458,274
ozks,0.00409475,21
ozks,0.00310375,5
ozks,0.006701375,144
ozks,0.0035995,19
ozks,0.003321833,8
ozks,0.004831167,53
ozks,0.002478,0
ozks,0.003936833,15
ozks,0.003529792,15
ozks,0.003596917,1
ozks,0.003281042,8
ozks,0.00568775,101
ozks,0.00305525,4
ozks,0.003035708,3
ozks,0.00330675,1
ozks,0.003726667,23
ozks,0.006955791,150
ozks,0.006091958,129
ozks,0.003172084,7
ozks,0.006667167,148
ozks,0.010741958,322
ozks,0.006787334,148
ozks,0.003660042,1
ozks,0.003055583,6
ozks,0.003130583,3
ozks,0.002907,2
ozks,0.014952,498
ozks,0.0034065,10
ozks,0.002971333,3
ozks,0.004457542,54
ozks,0.003105292,5
ozks,0.003895458,13
ozks,0.003561125,18
ozks,0.014788209,483
ozks,0.002309208,0
ozks,0.011228875,346
ozks,0.003303584,10
ozks,0.003724583,1
ozks,0.00312875,7
ozks,0.026087,961
ozks,0.006248625,133
ozks,0.003173417,7
ozks,0.003820958,20
ozks,0.003116708,2
ozks,0.003559583,14
ozks,0.004251042,28
ozks,0.003377375,10
ozks,0.003884333,19
ozks,0.004544,54
ozks,0.0029435,1
ozks,0.023513958,882
ozks,0.004192125,42
ozks,0.003621667,17
ozks,0.005040375,68
ozks,0.003029625,1
ozks,0.005269334,71
ozks,0.002527042,0
ozks,0.003254917,6
ozks,0.004584375,59
ozks,0.00700025,170
ozks,0.004170459,16
ozks,0.007568875,171
ozks,0.007725667,177
ozks,0.004189,29
ozks,0.00486525,62
ozks,0.003138666,2
ozks,0.003385708,3
ozks,0.003673375,17
ozks,0.003655291,13
ozks,0.003962042,19
ozks,0.003028333,3
ozks,0.0025885,0
ozks,0.003612959,20
ozks,0.004656916,68
ozks,0.007026292,72
ozks,0.011819125,233
ozks,0.003141416,4
ozks,0.0066585,146
ozks,0.003025583,1
ozks,0.003582291,17
ozks,0.003149042,1
ozks,0.009669167,276
ozks,0.003056666,5
ozks,0.00308025,2
ozks,0.011294,336
ozks,0.006832125,95
ozks,0.003302084,5
ozks,0.002591125,0
ozks,0.003223875,6
ozks,0.004008125,18
ozks,0.0200995,678
ozks,0.002284666,0
ozks,0.003571291,8
ozks,0.003186834,5
ozks,0.007300125,157
ozks,0.016870583,627
ozks,0.002655875,0
ozks,0.00327525,9
ozks,0.029097708,866
ozks,0.014659583,541
ozks,0.003391416,4
ozks,0.003092083,1
ozks,0.004618875,68
ozks,0.004280125,54
ozks,0.003695833,14
ozks,0.0038955,20
ozks,0.003302584,10
ozks,0.026154041,852
ozks,0.003325792,8
ozks,0.004153083,45
ozks,0.003551458,13
ozks,0.0042605,6
ozks,0.009942334,233
ozks,0.003346083,2
ozks,0.00396425,30
ozks,0.003734417,16
ozks,0.003071375,1
ozks,0.003084959,6
ozks,0.003163875,1
ozks,0.004509875,41
ozks,0.002973375,2
ozks,0.002944584,2
ozks,0.008790375,246
ozks,0.004535084,14
ozks,0.002897125,0
ozks,0.002366792,0
ozks,0.005845583,91
ozks,0.003932375,27
ozks,0.003171916,2
ozks,0.004545791,29
ozks,0.007340416,158
ozks,0.003256833,5
ozks,0.002974417,2
ozks,0.0041535,35
ozks,0.0036255,10
ozks,0.003189666,3
ozks,0.003819083,36
ozks,0.004157375,44
ozks,0.003145334,2
ozks,0.006394917,135
ozks,0.002930458,1
ozks,0.003764834,20
ozks,0.019068042,672
ozks,0.002874166,2
ozks,0.003610333,8
ozks,0.003834459,13
ozks,0.008636458,241
ozks,0.002886333,1
ozks,0.004989,62
ozks,0.021028083,665
ozks,0.006270375,121
ozks,0.005625833,52
ozks,0.003168,1
ozks,0.003606417,17
ozks,0.003635583,18
ozks,0.005059292,80
ozks,0.002761917,0
ozks,0.003387875,10
ozks,0.003400542,10
ozks,0.003605292,10
ozks,0.002941125,3
ozks,0.0034585,3
ozks,0.002937042,1
ozks,0.002829,0
ozks,0.0135685,449
ozks,0.003862792,19
ozks,0.004558583,42
ozks,0.005237667,82
ozks,0.0031105,1
ozks,0.003880916,19
ozks,0.003505916,15
ozks,0.003574083,8
ozks,0.01406825,482
ozks,0.0034995,13
ozks,0.0066325,49
ozks,0.003772792,11
ozks,0.003312167,8
ozks,0.011900584,389
ozks,0.006589458,147
ozks,0.003711083,20
ozks,0.004399417,40
ozks,0.003195292,4
ozks,0.003529167,14
ozks,0.006699,146
ozks,0.003548458,17
ozks,0.004081125,36
ozks,0.004123084,30
ozks,0.00508575,41
ozks,0.003873791,19
ozks,0.003318791,11
ozks,0.015207042,541
ozks,0.006723125,137
ozks,0.003570583,17
ozks,0.00388175,12
ozks,0.005013875,78
ozks,0.004279875,47
ozks,0.00569275,100
ozks,0.003569292,17
ozks,0.00584925,109
ozks,0.0048095,29
ozks,0.006919667,113
ozks,0.003819916,31
ozks,0.003224375,4
ozks,0.007077458,158
ozks,0.006642167,137
ozks,0.005130583,76
ozks,0.004155208,39
ozks,0.008247333,201
ozks,0.003239541,5
ozks,0.009504083,268
ozks,0.003626916,1
ozks,0.003173667,4
ozks,0.004903916,67
ozks,0.003037708,2
ozks,0.026948083,998
ozks,0.021268083,791
ozks,0.006795375,158
ozks,0.003438667,8
ozks,0.007604708,165
ozks,0.00886725,237
ozks,0.0032225,1
ozks,0.003085584,5
ozks,0.005077583,50
ozks,0.003566333,13
ozks,0.003363458,1
ozks,0.002850208,2
ozks,0.003903542,24
ozks,0.003114208,7
ozks,0.002880792,1
ozks,0.004556125,34
ozks,0.003172334,8
ozks,0.004202375,25
ozks,0.004040292,35
ozks,0.003312583,3
ozks,0.003708375,7
ozks,0.003551709,8
ozks,0.003300584,10
ozks,0.008564958,17
ozks,0.012754666,412
ozks,0.003368875,2
ozks,0.003243292,7
ozks,0.002981208,1
ozks,0.005421292,77
ozks,0.003652083,9
ozks,0.022768625,845
ozks,0.004185166,22
ozks,0.004695084,18
ozks,0.003212875,1
ozks,0.003313917,8
ozks,0.003254292,3
ozks,0.002993542,3
ozks,0.013044041,412
ozks,0.003117875,3
ozks,0.002719375,0
ozks,0.015445541,541
ozks,0.011234042,360
ozks,0.0046135,61
ozks,0.003565209,13
ozks,0.003806,7
ozks,0.016884,596
ozks,0.005605166,88
ozks,0.003595458,11
ozks,0.005759333,109
ozks,0.003600167,8
ozks,0.003287916,8
ozks,0.003883417,21
ozks,0.004236791,34
ozks,0.006572458,129
ozks,0.006311334,143
ozks,0.002326416,0
ozks,0.01488175,506
ozks,0.004831333,40
ozks,0.028080458,2
ozks,0.00371475,15
ozks,0.002327042,0
ozks,0.002590208,0
ozks,0.003089708,1
ozks,0.0034715,12
ozks,0.002668083,0
ozks,0.00324725,1
ozks,0.006962125,140
ozks,0.010265917,300
ozks,0.0043555,50
ozks,0.005125917,54
ozks,0.004426166,20
ozks,0.0098565,254
ozks,0.004026042,31
ozks,0.003079084,3
ozks,0.004453417,34
ozks,0.027787209,983
ozks,0.002898125,1
ozks,0.005070959,58
ozks,0.003169667,7
ozks,0.00570525,101
ozks,0.003300916,1
ozks,0.019433833,677
ozks,0.003573167,13
ozks,0.002847292,2
ozks,0.003600208,18
ozks,0.004769041,60
ozks,0.00374725,18
ozks,0.003555208,9
ozks,0.003084333,4
ozks,0.006397042,135
ozks,0.003617,19
ozks,0.002816416,1
ozks,0.003454792,2
ozks,0.005103792,58
ozks,0.005564625,61
ozks,0.003814417,28
ozks,0.003963583,29
ozks,0.003300833,1
ozks,0.010978125,321
ozks,0.003473292,13
ozks,0.002974208,1
ozks,0.0031885,6
ozks,0.004813333,58
ozks,0.003575667,17
ozks,0.004160125,39
ozks,0.004551542,30
ozks,0.003831958,7
ozks,0.00312075,5
ozks,0.003543334,8
ozks,0.009967125,324
ozks,0.0023785,0
ozks,0.004258833,36
ozks,0.008495625,246
ozks,0.003476792,6
ozks,0.003166917,5
ozks,0.011128125,360
ozks,0.005212125,78
ozks,0.003116542,6
ozks,0.00462275,33
ozks,0.004515917,20
ozks,0.003070084,7
ozks,0.003851416,14
ozks,0.007633459,206
ozks,0.003032708,1
ozks,0.004415417,44
ozks,0.003645125,10
ozks,0.002957625,1
ozks,0.003659334,18
ozks,0.004250208,34
ozks,0.003713959,22
ozks,0.003707,19
ozks,0.004159542,14
ozks,0.003324,2
ozks,0.006650792,129
ozks,0.005477541,103
ozks,0.004235083,47
ozks,0.00735225,179
ozks,0.003039166,4
ozks,0.004409791,28
ozks,0.00239,0
ozks,0.010141833,292
ozks,0.003255,7
ozks,0.002595667,0
ozks,0.003261625,10
ozks,0.019760958,661
ozks,0.002706833,0
ozks,0.004616708,57
ozks,0.003523875,13
ozks,0.0047475,68
ozks,0.004963459,67
ozks,0.00378425,17
ozks,0.002404792,0
ozks,0.002391333,0
ozks,0.003821625,21
ozks,0.006513958,131
ozks,0.003554375,1
ozks,0.004575167,41
ozks,0.002711583,0
ozks,0.002530167,0
ozks,0.003341167,11
ozks,0.003473292,8
ozks,0.004139042,22
ozks,0.003193167,5
ozks,0.025248875,974
ozks,0.004276125,28
ozks,0.003483375,4
ozks,0.003321417,5
ozks,0.004445917,23
ozks,0.004676625,53
ozks,0.005139459,38
ozks,0.004307208,36
ozks,0.004606666,36
ozks,0.020228875,742
ozks,0.003417209,11
ozks,0.013843292,448
ozks,0.003000666,3
ozks,0.006664208,133
ozks,0.004079834,27
ozks,0.003542458,3
ozks,0.004613333,58
ozks,0.00718625,142
ozks,0.003439708,12
ozks,0.02244925,769
ozks,0.003159792,6
ozks,0.004422458,30
ozks,0.004900625,77
ozks,0.00435225,50
ozks,0.0068995,152
ozks,0.003268458,3
ozks,0.002572875,0
ozks,0.003525125,11
ozks,0.003309,3
ozks,0.006889917,142
ozks,0.018336958,617
ozks,0.027286417,983
ozks,0.004909458,38
ozks,0.003608,6
ozks,0.004134875,26
ozks,0.004642,43
ozks,0.00381175,19
ozks,0.003845625,11
ozks,0.003912084,25
ozks,0.006718458,130
ozks,0.013713167,428
ozks,0.003801417,12
ozks,0.003678917,8
ozks,0.005031666,62
ozks,0.003858333,14
ozks,0.003629417,5
ozks,0.003798834,15
ozks,0.013416958,415
ozks,0.012332625,411
ozks,0.003415833,7
ozks,0.004013542,34
ozks,0.002943333,2
ozks,0.003447292,8
ozks,0.003864042,11
ozks,0.006894167,146
ozks,0.003930167,12
ozks,0.004654041,59
ozks,0.007724334,151
ozks,0.005956875,107
ozks,0.003368916,1
ozks,0.00336175,1
ozks,0.006756833,133
ozks,0.003207875,1
ozks,0.006644291,144
ozks,0.003331875,8
ozks,0.022558542,819
ozks,0.004087875,24
ozks,0.00317825,4
ozks,0.00453625,32
ozks,0.003072875,7
ozks,0.006475208,91
ozks,0.00298475,1
ozks,0.003078917,5
ozks,0.003517209,17
ozks,0.021923208,805
ozks,0.003484375,5
ozks,0.003876542,27
ozks,0.00736775,155
ozks,0.00311,2
ozks,0.003891791,20
ozks,0.003062458,2
ozks,0.005200625,64
ozks,0.003464084,7
ozks,0.022080833,791
ozks,0.0071535,147
ozks,0.003190208,3
ozks,0.0033085,7
ozks,0.00306675,1
ozks,0.002368125,0
ozks,0.003504041,4
ozks,0.0041065,32
ozks,0.004352042,30
ozks,0.00329975,3
ozks,0.023648208,746
ozks,0.003359834,7
ozks,0.004641875,51
ozks,0.005856,93
ozks,0.003265333,1
ozks,0.003666208,24
ozks,0.00350325,4
ozks,0.003402667,4
ozks,0.003227375,3
ozks,0.003461083,7
ozks,0.002532792,0
ozks,0.003324708,7
ozks,0.004764958,27
ozks,0.004632125,39
ozks,0.003351625,8
ozks,0.003356875,4
ozks,0.00480025,52
ozks,0.003619959,9
ozks,0.00334475,10
ozks,0.003446333,4
ozks,0.006601291,143
ozks,0.003600209,8
ozks,0.0029515,1
ozks,0.003639625,6
ozks,0.010342916,328
ozks,0.015292458,500
ozks,0.003074125,1
ozks,0.006139958,123
ozks,0.003233208,6
ozks,0.004890292,65
ozks,0.020401833,724
ozks,0.00351,7
ozks,0.003183584,1
ozks,0.0028195,0
ozks,0.003481333,6
ozks,0.01291425,339
ozks,0.003459209,13
ozks,0.003689458,5
ozks,0.013016084,438
ozks,0.004850042,59
ozks,0.003483042,3
ozks,0.00244325,0
ozks,0.002995709,1
ozks,0.00318275,4
ozks,0.005112333,53
ozks,0.002999958,3
ozks,0.005160458,62
ozks,0.013697375,451
ozks,0.003232833,1
ozks,0.003579375,9
ozks,0.007079791,141
ozks,0.003352291,3
ozks,0.003374917,11
ozks,0.003812042,13
ozks,0.003824166,20
ozks,0.003671791,9
ozks,0.0047195,59
ozks,0.004269583,35
ozks,0.004812792,66
ozks,0.003387875,5
ozks,0.003462417,11
ozks,0.003293625,3
ozks,0.003413667,10
ozks,0.004330917,41
ozks,0.003733208,17
ozks,0.004059,20
ozks,0.003204417,6
ozks,0.003224584,1
ozks,0.006669459,145
ozks,0.006773417,146
ozks,0.00680425,140
ozks,0.007566417,178
ozks,0.00823125,158
ozks,0.009930334,280
ozks,0.003942542,2
ozks,0.002693292,0
ozks,0.003621375,7
ozks,0.00402225,28
ozks,0.003455583,10
ozks,0.002655958,0
ozks,0.0032775,8
ozks,0.0030235,2
ozks,0.005039292,62
ozks,0.004371583,37
ozks,0.004127583,6
ozks,0.00307175,1
ozks,0.003838375,1
ozks,0.003340458,9
ozks,0.003231709,1
ozks,0.0033885,9
ozks,0.003428209,8
ozks,0.003589167,12
ozks,0.004524375,37
ozks,0.00251,0
ozks,0.003009292,1
ozks,0.003378667,4
ozks,0.006852958,130
ozks,0.003719709,3
ozks,0.003026167,1
ozks,0.007751958,137
ozks,0.003203959,3
ozks,0.005674458,90
ozks,0.002694042,0
ozks,0.003619792,7
ozks,0.003196333,3
ozks,0.003584041,7
ozks,0.003847125,29
ozks,0.004038,17
ozks,0.003427834,8
ozks,0.003849542,23
ozks,0.008158208,158
ozks,0.010068583,288
ozks,0.017071208,541
ozks,0.003403834,2
ozks,0.00304075,4
ozks,0.003325792,8
ozks,0.003493208,8
ozks,0.003164792,7
ozks,0.006539584,134
ozks,0.00285625,1
ozks,0.003314417,8
ozks,0.003367333,3
ozks,0.003140375,3
ozks,0.003786208,9
ozks,0.012629625,412
ozks,0.004884209,44
ozks,0.005948042,111
ozks,0.015383709,522
ozks,0.003251417,2
ozks,0.002925875,2
ozks,0.003174167,6
ozks,0.00392775,23
ozks,0.003181459,5
ozks,0.00338475,8
ozks,0.0056205,90
ozks,0.003840167,24
ozks,0.004687375,32
ozks,0.003484959,10
ozks,0.021068,669
ozks,0.003559292,8
ozks,0.003685,17
ozks,0.005353625,92
ozks,0.003544958,19
ozks,0.003865458,16
ozks,0.006934041,142
ozks,0.002844333,0
ozks,0.023109,830
ozks,0.002495708,0
ozks,0.003525041,18
ozks,0.004522208,27
ozks,0.003231292,5
ozks,0.003433542,2
ozks,0.003261625,8
ozks,0.00342775,9
ozks,0.005407625,82
ozks,0.0032645,1
ozks,0.002461167,0
ozks,0.003144583,6
ozks,0.003549458,9
ozks,0.0039895,32
ozks,0.006828917,148
ozks,0.003997542,34
ozks,0.003622417,2
ozks,0.003984792,17
ozks,0.003300833,10
ozks,0.003321042,6
ozks,0.004173291,27
ozks,0.0032015,6
ozks,0.0034935,8
ozks,0.002524,0
ozks,0.002397708,0
ozks,0.003177875,3
ozks,0.003064708,4
ozks,0.003467041,8
ozks,0.003886958,17
ozks,0.003314375,9
ozks,0.00327175,0
ozks,0.005309083,69
ozks,0.003134209,1
ozks,0.003091458,2
ozks,0.011637125,378
ozks,0.02588075,991
ozks,0.003092292,1
ozks,0.007696042,172
ozks,0.004252958,37
ozks,0.003646209,17
ozks,0.022153792,780
ozks,0.00345425,12
ozks,0.003037291,2
ozks,0.004450166,32
ozks,0.004154292,34
ozks,0.003596959,15
ozks,0.010736084,327
ozks,0.00562075,101
ozks,0.003343375,8
ozks,0.003931417,26
ozks,0.006405625,140
ozks,0.002467666,0
ozks,0.002913,1
ozks,0.003237459,3
ozks,0.002398959,0
ozks,0.004660042,44
ozks,0.002715458,0
ozks,0.008495,233
ozks,0.003435375,7
ozks,0.004044542,35
ozks,0.008037083,202
ozks,0.003326708,8
ozks,0.003942959,23
ozks,0.002941458,0
ozks,0.004059416,38
ozks,0.003121167,2
ozks,0.003051458,1
ozks,0.003279916,9
ozks,0.003126292,4
ozks,0.003279917,8
ozks,0.012342959,383
ozks,0.004132333,22
ozks,0.002431542,0
ozks,0.004238041,44
ozks,0.003051,6
ozks,0.003365042,1
ozks,0.003964875,34
ozks,0.00421925,22
ozks,0.004590083,49
ozks,0.003117041,4
ozks,0.005728458,105
ozks,0.002467709,0
ozks,0.005111625,72
ozks,0.003219042,5
ozks,0.002912542,1
ozks,0.005306875,75
ozks,0.00715375,166
ozks,0.00938975,263
ozks,0.015774875,463
ozks,0.003386167,2
ozks,0.00405,9
ozks,0.005581709,110
ozks,0.010684416,346
ozks,0.002955208,1
ozks,0.003257833,3
ozks,0.004716583,46
ozks,0.003228875,9
ozks,0.002385375,0
ozks,0.002993958,2
ozks,0.022209458,825
ozks,0.006607541,129
ozks,0.003943084,3
ozks,0.003848625,28
ozks,0.01191475,302
ozks,0.009179167,257
ozks,0.003322875,8
ozks,0.002456875,0
ozks,0.004636041,54
ozks,0.003503833,12
ozks,0.003536708,5
ozks,0.003128167,4
ozks,0.005935625,83
ozks,0.002922167,1
ozks,0.017696625,137
ozks,0.004316208,11
ozks,0.003304083,6
ozks,0.006749208,91
ozks,0.003159667,3
ozks,0.003705834,18
ozks,0.004042166,38
ozks,0.011329458,342
ozks,0.005379292,89
ozks,0.002467541,0
ozks,0.005433,99
ozks,0.003216375,6
ozks,0.003681,13
ozks,0.002506625,0
ozks,0.003654125,19
ozks,0.003557,4
ozks,0.0040835,23
ozks,0.002988292,1
ozks,0.0027155,1
ozks,0.003029833,1
ozks,0.00368875,10
ozks,0.002992875,5
ozks,0.003828458,19
ozks,0.018711625,665
ozks,0.006846166,137
ozks,0.005497417,92
ozks,0.010256958,325
ozks,0.00434975,42
ozks,0.003753042,17
ozks,0.00359425,8
ozks,0.004447875,45
ozks,0.003001875,4
ozks,0.004733125,52
ozks,0.002747375,0
ozks,0.0036995,11
ozks,0.006027375,107
ozks,0.007595375,185
ozks,0.018933042,663
ozks,0.003614958,20
ozks,0.0083115,170
ozks,0.011265167,338
ozks,0.010261875,325
ozks,0.003865167,22
ozks,0.004064792,17
ozks,0.004583125,37
ozks,0.0025285,0
ozks,0.006713542,137
ozks,0.006380292,128
ozks,0.002965583,2
ozks,0.004188667,22
ozks,0.005423167,76
ozks,0.003984375,13
ozks,0.004954583,78
ozks,0.003881792,28
ozks,0.007140709,170
ozks,0.004923333,68
ozks,0.011857334,388
ozks,0.004107292,26
ozks,0.003818375,21
ozks,0.0046755,63
ozks,0.0037415,22
ozks,0.00388025,30
ozks,0.003611875,1
ozks,0.003335,1
ozks,0.003000875,2
ozks,0.005402708,84
ozks,0.003799458,20
ozks,0.003776542,16
ozks,0.003870916,13
ozks,0.005362125,69
ozks,0.003758834,22
ozks,0.003501541,17
ozks,0.003115625,6
ozks,0.002983,3
ozks,0.002462417,0
ozks,0.003201708,0
ozks,0.004466542,36
ozks,0.003826583,5
ozks,0.003862292,24
ozks,0.004069375,18
ozks,0.003550542,7
ozks,0.003654292,18
ozks,0.003633667,15
ozks,0.004151208,35
ozks,0.007566041,169
ozks,0.00378675,18
ozks,0.010897917,351
ozks,0.005380917,80
ozks,0.002670791,0
ozks,0.004025833,34
ozks,0.003104583,3
ozks,0.004587625,50
ozks,0.002932041,4
ozks,0.005174625,64
ozks,0.003870958,28
ozks,0.003230084,6
ozks,0.003662875,11
ozks,0.003554916,12
ozks,0.003783042,21
ozks,0.004066792,14
ozks,0.007501875,151
ozks,0.0030335,3
ozks,0.004589833,24
ozks,0.006464709,137
ozks,0.003100333,4
ozks,0.007232208,149
ozks,0.02283125,840
ozks,0.0100985,279
ozks,0.004477459,49
ozks,0.003471875,10
ozks,0.0181965,673
ozks,0.003632666,7
ozks,0.003996917,4
ozks,0.003657291,7
ozks,0.003044791,1
ozks,0.003285083,8
ozks,0.005020334,56
ozks,0.00321725,8
ozks,0.003103208,1
ozks,0.003060708,1
ozks,0.004047,31
ozks,0.00343575,11
ozks,0.00725325,158
ozks,0.004775583,43
ozks,0.022874834,899
ozks,0.003651042,12
ozks,0.00303675,2
ozks,0.003266458,3
ozks,0.00348975,4
ozks,0.008266333,205
ozks,0.003674208,15
ozks,0.008103709,213
ozks,0.003599666,13
ozks,0.004119625,30
ozks,0.003373,6
ozks,0.004524958,35
ozks,0.003621125,13
ozks,0.002934959,1
ozks,0.003060917,2
ozks,0.003188208,1
ozks,0.003089125,4
ozks,0.002964083,1
ozks,0.006041,109
ozks,0.003596083,15
ozks,0.006296666,125
ozks,0.021269334,763
ozks,0.00308675,2
ozks,0.003173584,6
ozks,0.003626417,2
ozks,0.003568958,17
ozks,0.005023208,51
ozks,0.00406575,23
ozks,0.003403,9
ozks,0.002727542,0
ozks,0.005023375,52
ozks,0.002549542,0
ozks,0.0036195,15
ozks,0.003237833,7
ozks,0.007520084,190
ozks,0.003697542,9
ozks,0.0035135,3
ozks,0.003502875,3
ozks,0.00306075,3
ozks,0.003476,1
ozks,0.003401334,8
ozks,0.003985958,34
ozks,0.004074041,32
ozks,0.0035275,11
ozks,0.00373225,20
ozks,0.002929541,1
ozks,0.00336625,9
ozks,0.00351075,8
ozks,0.003229125,5
ozks,0.003532292,9
ozks,0.007129042,140
ozks,0.00322375,3
ozks,0.011221791,325
ozks,0.003222292,8
ozks,0.003436417,8
ozks,0.003363708,1
ozks,0.004122167,24
ozks,0.006674667,137
ozks,0.005008958,69
ozks,0.002984417,2
ozks,0.008405708,210
ozks,0.0032865,9
ozks,0.003794875,6
ozks,0.004685125,58
ozks,0.004291167,14
ozks,0.006260583,110
ozks,0.003982625,23
ozks,0.003256834,4
ozks,0.005134292,58
ozks,0.003161,7
ozks,0.003578916,13
ozks,0.0033535,7
ozks,0.003491375,13
ozks,0.008205666,191
ozks,0.003766792,13
ozks,0.003164875,5
ozks,0.014650208,460
ozks,0.003867916,24
ozks,0.003413792,8
ozks,0.003236125,10
ozks,0.004932708,67
ozks,0.003361458,11
ozks,0.004048,38
ozks,0.002432958,0
ozks,0.003030209,3
ozks,0.005940041,115
ozks,0.003523,6
ozks,0.008189625,210
ozks,0.003078833,5
ozks,0.004775291,61
ozks,0.002953084,1
ozks,0.002956833,2
ozks,0.003104833,5
ozks,0.003249,10
ozks,0.011047834,337
ozks,0.002998875,1
ozks,0.006052042,106
ozks,0.003835917,17
ozks,0.003087625,5
ozks,0.003472,6
ozks,0.004033416,18
ozks,0.003353666,8
ozks,0.002937042,2
ozks,0.004083125,37
ozks,0.010814333,329
ozks,0.003474375,2
ozks,0.003778,21
ozks,0.003634375,13
ozks,0.004395917,53
ozks,0.003364959,8
ozks,0.015983708,541
ozks,0.0062095,84
ozks,0.003361916,5
ozks,0.004254458,38
ozks,0.019705166,762
ozks,0.003907042,31
ozks,0.007752,197
ozks,0.0080795,185
ozks,0.003789875,11
ozks,0.003555375,13
ozks,0.00523075,81
ozks,0.003746709,22
ozks,0.002875042,1
ozks,0.003894417,8
ozks,0.006595042,146
ozks,0.004668334,23
ozks,0.004679208,43
ozks,0.024192833,943
ozks,0.003511666,15
ozks,0.005367084,70
ozks,0.002410458,0
ozks,0.0059605,101
ozks,0.008949583,254
ozks,0.002860667,1
ozks,0.0058455,110
ozks,0.003196958,1
ozks,0.003531667,17
ozks,0.005118416,60
ozks,0.004461125,31
ozks,0.003471042,12
ozks,0.0029105,1
ozks,0.003081333,5
ozks,0.004164,36
ozks,0.004495791,46
ozks,0.003778792,32
ozks,0.003368708,3
ozks,0.00397275,18
ozks,0.003390334,10
ozks,0.004620333,43
ozks,0.006789541,173
ozks,0.003764667,11
ozks,0.004161875,41
ozks,0.00470825,41
ozks,0.002987208,3
ozks,0.004534542,37
ozks,0.003861292,30
ozks,0.010608125,342
ozks,0.002445125,0
ozks,0.003161833,4
ozks,0.003447708,11
ozks,0.003892042,5
ozks,0.005208,71
ozks,0.003973958,20
ozks,0.003607208,8
ozks,0.003568333,16
ozks,0.003925667,26
ozks,0.0029385,2
ozks,0.014054708,324
ozks,0.002548459,0
ozks,0.007043167,142
ozks,0.002953875,2
ozks,0.003255166,1
ozks,0.003644416,17
ozks,0.005727042,80
ozks,0.004965875,72
ozks,0.003852083,24
ozks,0.007906958,173
ozks,0.002873,2
ozks,0.003165292,5
ozks,0.003203375,10
ozks,0.002828458,1
ozks,0.005676333,110
ozks,0.006540375,128
ozks,0.003743667,17
ozks,0.009831375,274
ozks,0.002526459,0
ozks,0.019728875,743
ozks,0.002406041,0
ozks,0.006455791,127
ozks,0.004256584,17
ozks,0.002640542,0
ozks,0.003520291,12
ozks,0.002573333,0
ozks,0.007577292,189
ozks,0.005230833,93
ozks,0.003105709,1
ozks,0.003083958,1
ozks,0.020415667,724
ozks,0.003713584,23
ozks,0.003654667,8
ozks,0.010866833,311
ozks,0.005417791,65
ozks,0.003528792,7
ozks,0.003213875,8
ozks,0.006505333,124
ozks,0.004879625,64
ozks,0.004198708,24
ozks,0.007385458,149
ozks,0.004397334,43
ozks,0.003880125,7
ozks,0.004043917,24
ozks,0.003538625,10
ozks,0.00311325,1
ozks,0.006769458,137
ozks,0.003731625,8
ozks,0.004098875,21
ozks,0.003442584,4
ozks,0.004337417,43
ozks,0.022810083,822
ozks,0.006979167,160
ozks,0.004142916,43
ozks,0.005055333,68
ozks,0.003538042,3
ozks,0.014574791,6
ozks,0.003049958,1
ozks,0.002900917,1
ozks,0.002969459,2
ozks,0.003155292,6
ozks,0.002941917,1
ozks,0.003480333,12
ozks,0.003114875,6
ozks,0.003334834,6
ozks,0.003604833,18
ozks,0.002916334,1
ozks,0.00476,50
ozks,0.006921083,164
ozks,0.003726,19
ozks,0.004431625,48
ozks,0.007784208,168
ozks,0.003379875,13
ozks,0.003055333,3
ozks,0.003082125,4
ozks,0.005452125,91
ozks,0.003166375,6
ozks,0.003442709,6
ozks,0.004927125,55
ozks,0.005585416,110
ozks,0.003956292,4
ozks,0.00441975,26
ozks,0.006377459,92
ozks,0.003693667,17
ozks,0.014453625,483
ozks,0.0031415,4
ozks,0.005308208,80
ozks,0.003460042,17
ozks,0.015515625,541
ozks,0.003026875,2
ozks,0.003237416,7
ozks,0.018049416,548
ozks,0.003488709,10
ozks,0.003246458,6
ozks,0.003751125,17
ozks,0.003753,5
ozks,0.002503541,0
ozks,0.004899,77
ozks,0.004537791,32
ozks,0.002488042,0
ozks,0.00293575,1
ozks,0.003790833,25
ozks,0.003524917,8
ozks,0.0031905,8
ozks,0.0031,5
ozks,0.013874125,448
ozks,0.02409475,895
ozks,0.003039834,4
ozks,0.0037005,8
ozks,0.003271917,8
ozks,0.003938125,14
ozks,0.007436958,183
ozks,0.008120875,199
ozks,0.0029075,2
ozks,0.002646667,0
ozks,0.002961584,1
ozks,0.005457958,90
ozks,0.002669583,0
ozks,0.003509125,12
ozks,0.003559458,15
ozks,0.003313666,2
ozks,0.003683042,16
ozks,0.004505166,52
ozks,0.010804292,313
ozks,0.003185084,6
ozks,0.00322575,8
ozks,0.0125955,401
ozks,0.00371275,17
ozks,0.004923875,64
ozks,0.011170333,352
ozks,0.004674458,31
ozks,0.003172584,9
ozks,0.003777916,17
ozks,0.003628458,12
ozks,0.003047459,1
ozks,0.0024655,0
ozks,0.004329334,26
ozks,0.006688,147
ozks,0.00340975,10
ozks,0.00491875,59
ozks,0.004410791,53
ozks,0.003826542,17
ozks,0.003603375,11
ozks,0.004094333,40
ozks,0.002945833,2
ozks,0.003476833,3
ozks,0.014379167,473
ozks,0.003545625,15
ozks,0.002331333,0
ozks,0.003283916,8
ozks,0.003466333,8
ozks,0.003542667,14
ozks,0.00453925,57
ozks,0.003329875,8
ozks,0.004185916,44
ozks,0.003840541,20
ozks,0.003159166,5
ozks,0.0033795,3
ozks,0.00405325,23
ozks,0.003303375,9
ozks,0.004812125,54
ozks,0.003589459,17
ozks,0.003515125,15
ozks,0.003075959,2
ozks,0.003360833,7
ozks,0.004039917,32
ozks,0.00597625,92
ozks,0.003551167,6
ozks,0.003299041,7
ozks,0.003989375,32
ozks,0.003286791,6
ozks,0.015762083,538
ozks,0.0039105,31
ozks,0.002959375,1
ozks,0.004259041,43
ozks,0.00298875,1
ozks,0.010715458,315
ozks,0.003529792,11
ozks,0.003634209,19
ozks,0.003907,11
ozks,0.018611625,665
ozks,0.003316167,8
ozks,0.00807825,196
ozks,0.003424459,1
ozks,0.003200791,1
ozks,0.002442583,0
ozks,0.003357208,8
ozks,0.003403875,9
ozks,0.005079792,71
ozks,0.005082083,71
ozks,0.003104166,2
ozks,0.007031334,94
ozks,0.006871417,50
ozks,0.003898083,17
ozks,0.004084334,6
ozks,0.003988708,2
ozks,0.003261375,0
ozks,0.012859417,360
ozks,0.004397541,33
ozks,0.025287,856
ozks,0.005206375,9
ozks,0.006527292,28
ozks,0.005072833,2
ozks,0.004015958,13
ozks,0.0037005,8
ozks,0.003490084,3
ozks,0.003873334,9
ozks,0.003229959,1
ozks,0.007325084,115
ozks,0.003736083,10
ozks,0.006218083,91
ozks,0.0105545,325
ozks,0.003059583,1
ozks,0.003339375,3
ozks,0.006549334,136
ozks,0.003308791,3
ozks,0.011861125,338
ozks,0.009867959,6
ozks,0.003919333,28
ozks,0.004790833,75
ozks,0.00333775,8
ozks,0.020177042,793
ozks,0.004526208,50
ozks,0.003253167,4
ozks,0.006720833,117
ozks,0.003735125,22
ozks,0.003886334,30
ozks,0.003605584,14
ozks,0.003477458,13
ozks,0.002409708,0
ozks,0.003258792,10
ozks,0.006468084,123
ozks,0.003798959,17
ozks,0.003926875,6
ozks,0.002895833,1
ozks,0.003242625,8
ozks,0.003269125,2
ozks,0.0036325,14
ozks,0.002945292,1
ozks,0.005055083,92
ozks,0.007217917,184
ozks,0.006585,143
ozks,0.005323334,69
ozks,0.002550291,0
ozks,0.002895709,1
ozks,0.002960167,2
ozks,0.003759417,8
ozks,0.005311792,77
ozks,0.006644584,140
ozks,0.006453,140
ozks,0.002970959,4
ozks,0.003255375,8
ozks,0.003823333,17
ozks,0.003181,8
ozks,0.027873666,965
ozks,0.003211083,9
ozks,0.004195666,48
ozks,0.005696167,86
ozks,0.003417209,10
ozks,0.019553541,712
ozks,0.01741825,607
ozks,0.002825083,1
ozks,0.004338,45
ozks,0.007161625,150
ozks,0.007440208,182
ozks,0.00920825,228
ozks,0.00245325,0
ozks,0.004471041,34
ozks,0.003831084,31
ozks,0.003820416,19
ozks,0.003524458,15
ozks,0.00356975,2
ozks,0.002737125,1
ozks,0.003822667,20
ozks,0.003204709,8
ozks,0.002879584,1
ozks,0.005050708,92
ozks,0.00246125,0
ozks,0.003038083,5
ozks,0.00382125,8
ozks,0.003083167,4
ozks,0.00292725,3
ozks,0.003180583,2
ozks,0.00858475,227
ozks,0.003521208,20
ozks,0.004050417,39
ozks,0.002302292,0
ozks,0.007675542,202
ozks,0.002878542,1
ozks,0.003265583,10
ozks,0.003719458,24
ozks,0.003196375,6
ozks,0.005253708,68
ozks,0.002204,0
ozks,0.004288167,59
ozks,0.003171542,9
ozks,0.00368425,29
ozks,0.005357833,56
ozks,0.003522667,18
ozks,0.003170167,8
ozks,0.00319075,8
ozks,0.026439208,993
ozks,0.002324208,0
ozks,0.002961,4
ozks,0.003716125,31
ozks,0.002646708,0
ozks,0.003945625,34
ozks,0.003028542,5
ozks,0.002855625,2
ozks,0.006151709,127
ozks,0.005974667,90
ozks,0.003791042,22
ozks,0.012384417,398
ozks,0.004767875,48
ozks,0.003168792,10
ozks,0.003495625,19
ozks,0.0033575,13
ozks,0.003107875,3
ozks,0.003756875,13
ozks,0.004601166,67
ozks,0.003817125,26
ozks,0.003265541,10
ozks,0.00373675,22
ozks,0.005597333,56
ozks,0.003008917,2
ozks,0.002871041,1
ozks,0.002261791,0
ozks,0.005371709,104
ozks,0.003482167,16
ozks,0.026007958,967
ozks,0.004185084,26
ozks,0.003035875,5
ozks,0.006297125,114
ozks,0.00384075,28
ozks,0.003201833,8
ozks,0.002998417,0
ozks,0.002269416,0
ozks,0.026347833,984
ozks,0.022701833,840
ozks,0.005791459,99
ozks,0.003496833,13
ozks,0.011091666,342
ozks,0.003283625,11
ozks,0.004180125,11
ozks,0.002390417,0
ozks,0.003513167,12
ozks,0.004099083,46
ozks,0.0053675,79
ozks,0.004532708,36
ozks,0.004148416,49
ozks,0.003115083,2
ozks,0.00313575,8
ozks,0.003118042,3
ozks,0.006201583,111
ozks,0.003925375,33
ozks,0.003352459,10
ozks,0.003766458,4
ozks,0.006114292,116
ozks,0.00575875,8
ozks,0.002918958,2
ozks,0.027354416,896
ozks,0.00274475,1
ozks,0.003418625,11
ozks,0.003383583,12
ozks,0.003715459,20
ozks,0.002841166,2
ozks,0.003032125,5
ozks,0.008014709,194
ozks,0.003230167,1
ozks,0.002975625,5
ozks,0.002322916,0
ozks,0.003449125,8
ozks,0.003072458,8
ozks,0.006145917,107
ozks,0.006020083,103
ozks,0.007507666,201
ozks,0.00512975,71
ozks,0.004504209,54
ozks,0.003734792,23
ozks,0.018412792,669
ozks,0.003506708,9
ozks,0.003143583,9
ozks,0.003781667,21
ozks,0.004972667,62
ozks,0.023278,852
ozks,0.003466208,6
ozks,0.003281416,7
ozks,0.004268833,54
ozks,0.003619375,15
ozks,0.009995542,324
ozks,0.002236916,0
ozks,0.003066625,2
ozks,0.003646,3
ozks,0.008353334,194
ozks,0.003491583,17
ozks,0.002848084,3
ozks,0.0115555,360
ozks,0.0043045,25
ozks,0.0069255,146
ozks,0.002823375,1
ozks,0.003432708,12
ozks,0.002879959,1
ozks,0.002282541,0
ozks,0.004918083,56
ozks,0.004444,51
ozks,0.002987458,1
ozks,0.00407275,27
ozks,0.002754916,2
ozks,0.002311833,0
ozks,0.00457175,38
ozks,0.002306542,0
ozks,0.003241459,7
ozks,0.003082125,4
ozks,0.005377458,87
ozks,0.003062584,6
ozks,0.003346959,6
ozks,0.00305025,7
ozks,0.004169458,40
ozks,0.003040417,5
ozks,0.00330475,9
ozks,0.002869167,1
ozks,0.019023833,673
ozks,0.002958125,3
ozks,0.003444583,17
ozks,0.004317958,52
ozks,0.003570792,20
ozks,0.003342625,8
ozks,0.002786292,1
ozks,0.005705083,116
ozks,0.00299725,5
ozks,0.006248583,105
ozks,0.00376425,18
ozks,0.003379708,8
ozks,0.014971666,512
ozks,0.00310575,3
ozks,0.005130833,55
ozks,0.004866083,47
ozks,0.004298292,44
ozks,0.005872042,111
ozks,0.010563417,343
ozks,0.003055375,8
ozks,0.003723334,17
ozks,0.002724125,1
ozks,0.003897875,35
ozks,0.008960041,246
ozks,0.003168875,8
ozks,0.00280625,1
ozks,0.003250667,8
ozks,0.003698542,18
ozks,0.005483083,80
ozks,0.003738833,22
ozks,0.003036959,1
ozks,0.003024375,7
ozks,0.00305,1
ozks,0.003919958,36
ozks,0.002898,4
ozks,0.005585542,72
ozks,0.002864875,1
ozks,0.003843916,30
ozks,0.003591208,16
ozks,0.003828625,30
ozks,0.004787375,36
ozks,0.002791959,1
ozks,0.003400125,13
ozks,0.004001125,38
ozks,0.003397417,13
ozks,0.003199833,7
ozks,0.003343875,16
ozks,0.003304792,3
ozks,0.007363167,153
ozks,0.002346416,0
ozks,0.006752833,156
ozks,0.003472791,18
ozks,0.004834791,53
ozks,0.003943583,36
ozks,0.015279542,518
ozks,0.0032165,9
ozks,0.016910333,613
ozks,0.002878125,2
ozks,0.003616333,22
ozks,0.0037355,24
ozks,0.003294917,2
ozks,0.002990875,5
ozks,0.005223958,92
ozks,0.003662958,21
ozks,0.003034333,1
ozks,0.003994834,15
ozks,0.005984583,109
ozks,0.0029685,3
ozks,0.003896958,25
ozks,0.00286525,3
ozks,0.003770583,18
ozks,0.005196458,75
ozks,0.005496459,89
ozks,0.003230167,6
ozks,0.004821416,79
ozks,0.008556458,233
ozks,0.005752,121
ozks,0.003032625,4
ozks,0.0038755,8
ozks,0.004784917,56
ozks,0.003048084,6
ozks,0.004017292,34
ozks,0.003315125,12
ozks,0.003858125,20
ozks,0.003035834,5
ozks,0.003614084,1
ozks,0.004198333,36
ozks,0.00371875,18
ozks,0.005289083,89
ozks,0.003358834,10
ozks,0.003465709,3
ozks,0.003001458,4
ozks,0.004574291,62
ozks,0.003427958,9
ozks,0.003794625,17
ozks,0.003504,8
ozks,0.00219175,0
ozks,0.003165459,4
ozks,0.005288458,66
ozks,0.003069708,5
ozks,0.00305375,3
ozks,0.002309583,0
ozks,0.003164625,8
ozks,0.010257041,308
ozks,0.004357417,60
ozks,0.003052083,4
ozks,0.004117084,36
ozks,0.004005709,26
ozks,0.003290167,7
ozks,0.003271625,1
ozks,0.003687375,21
ozks,0.003240792,6
ozks,0.018091792,644
ozks,0.004455083,57
ozks,0.002861584,1
ozks,0.003237167,8
ozks,0.003131708,0
ozks,0.003116209,4
ozks,0.002484083,0
ozks,0.002837583,3
ozks,0.0238395,859
ozks,0.00310175,7
ozks,0.003760208,19
ozks,0.007088875,140
ozks,0.002557583,0
ozks,0.012155209,423
ozks,0.003619125,12
ozks,0.003267,9
ozks,0.004008625,12
ozks,0.005329833,83
ozks,0.002576333,0
ozks,0.003051208,3
ozks,0.00461225,59
ozks,0.006843792,159
ozks,0.002812791,1
ozks,0.0189665,635
ozks,0.004171125,34
ozks,0.003831208,24
ozks,0.002772459,1
ozks,0.003065708,1
ozks,0.002886083,4
ozks,0.010058833,324
ozks,0.003314125,6
ozks,0.003051041,2
ozks,0.002857416,1
ozks,0.003574791,20
ozks,0.002559416,0
ozks,0.003296708,8
ozks,0.003599625,1
ozks,0.003459625,11
ozks,0.003559459,13
ozks,0.02502725,1000
ozks,0.005735125,69
ozks,0.003994375,29
ozks,0.006978,158
ozks,0.003001208,6
ozks,0.010856625,313
ozks,0.00251675,0
ozks,0.003221709,4
ozks,0.003644958,21
ozks,0.003588333,17
ozks,0.003941916,33
ozks,0.006609542,137
ozks,0.021372458,763
ozks,0.004605291,43
ozks,0.003368834,13
ozks,0.003055458,4
ozks,0.003258708,7
ozks,0.003800542,29
ozks,0.004601959,58
ozks,0.003532333,11
ozks,0.021110083,807
ozks,0.020019542,700
ozks,0.006835333,143
ozks,0.003163083,7
ozks,0.004342334,34
ozks,0.003657416,17
ozks,0.002313583,0
ozks,0.003322208,11
ozks,0.003375209,10
ozks,0.00333725,8
ozks,0.004182916,45
ozks,0.008806791,231
ozks,0.002994625,2
ozks,0.002344041,0
ozks,0.004065167,28
ozks,0.006333,144
ozks,0.00272225,1
ozks,0.003170209,3
ozks,0.007570167,177
ozks,0.01944975,691
ozks,0.005175292,65
ozks,0.002944625,2
ozks,0.003368625,8
ozks,0.003397334,13
ozks,0.005260208,89
ozks,0.003829333,14
ozks,0.0042855,31
ozks,0.01583375,551
ozks,0.003935083,32
ozks,0.003218916,8
ozks,0.003026833,2
ozks,0.00382225,22
ozks,0.003189959,5
ozks,0.024301875,890
ozks,0.003557375,11
ozks,0.003106333,6
ozks,0.003164,3
ozks,0.003469084,8
ozks,0.003755333,24
ozks,0.003625208,3
ozks,0.006453125,129
ozks,0.003012125,1
ozks,0.010417833,351
ozks,0.004340458,34
ozks,0.003179458,9
ozks,0.002461959,0
ozks,0.007153709,155
ozks,0.003941416,31
ozks,0.002250125,0
ozks,0.003046792,1
ozks,0.004784208,60
ozks,0.003903084,18
ozks,0.007264916,153
ozks,0.004587958,45
ozks,0.003005458,5
ozks,0.003199667,8
ozks,0.004001958,15
ozks,0.003545709,19
ozks,0.004108583,34
ozks,0.005325625,76
ozks,0.003324125,14
ozks,0.004160458,52
ozks,0.00231475,0
ozks,0.003284834,11
ozks,0.004300167,36
ozks,0.003357917,10
ozks,0.005991583,93
ozks,0.006413,145
ozks,0.0047215,70
ozks,0.003374125,8
ozks,0.007278,169
ozks,0.003279375,10
ozks,0.003561167,21
ozks,0.003433542,17
ozks,0.00524675,92
ozks,0.003355708,11
ozks,0.003471583,11
ozks,0.007768542,188
ozks,0.003127583,2
ozks,0.00306775,4
ozks,0.003108834,8
ozks,0.003509709,19
ozks,0.005264875,70
ozks,0.006363584,138
ozks,0.00286275,1
ozks,0.002956458,4
ozks,0.006527209,141
ozks,0.003215541,1
ozks,0.003547084,2
ozks,0.002804292,2
ozks,0.025330042,942
ozks,0.003392959,14
ozks,0.006552834,122
ozks,0.003555417,8
ozks,0.006558667,134
ozks,0.021574583,789
ozks,0.003640542,14
ozks,0.008694958,240
ozks,0.005208875,91
ozks,0.0031605,6
ozks,0.008561583,232
ozks,0.003909708,8
ozks,0.004847167,55
ozks,0.003823833,30
ozks,0.022028083,792
ozks,0.003510833,14
ozks,0.0042425,23
ozks,0.004273917,45
ozks,0.003098541,8
ozks,0.004650542,56
ozks,0.003201,9
ozks,0.004063333,32
ozks,0.003078958,4
ozks,0.003472791,10
ozks,0.00231475,0
ozks,0.004796292,80
ozks,0.002939417,3
ozks,0.012331875,342
ozks,0.003155375,9
ozks,0.004816375,50
ozks,0.002255333,0
ozks,0.003009958,2
ozks,0.009539125,254
ozks,0.00451625,45
ozks,0.004315875,50
ozks,0.003521,1
ozks,0.003895875,36
ozks,0.004460334,48
ozks,0.004521166,44
ozks,0.004357916,43
ozks,0.003861667,9
ozks,0.006485042,130
ozks,0.00370775,21
ozks,0.00585625,99
ozks,0.003573542,16
ozks,0.003161917,5
ozks,0.002786958,1
ozks,0.0039425,31
ozks,0.004555084,28
ozks,0.00380675,26
ozks,0.003377667,11
ozks,0.00287475,2
ozks,0.003790167,17
ozks,0.004007416,12
ozks,0.003836084,27
ozks,0.007056916,154
ozks,0.003831834,27
ozks,0.003571916,15
ozks,0.004470584,65
ozks,0.023227583,840
ozks,0.003849083,34
ozks,0.002399667,0
ozks,0.021472042,799
ozks,0.004194833,42
ozks,0.004028625,26
ozks,0.005394083,88
ozks,0.003774375,8
ozks,0.00504675,65
ozks,0.00350275,13
ozks,0.00431075,37
ozks,0.020628083,750
ozks,0.002906125,1
ozks,0.003587166,10
ozks,0.003745167,10
ozks,0.008167875,194
ozks,0.017429083,628
ozks,0.003083291,5
ozks,0.003222125,7
ozks,0.004369709,30
ozks,0.008285958,215
ozks,0.002225541,0
ozks,0.004031542,34
ozks,0.003568792,17
ozks,0.004672666,49
ozks,0.004300333,32
ozks,0.004113417,23
ozks,0.003137708,6
ozks,0.00544475,88
ozks,0.003716208,27
ozks,0.003175667,7
ozks,0.004273875,48
ozks,0.0094655,268
ozks,0.002971208,2
ozks,0.003242375,11
ozks,0.002393084,0
ozks,0.003172875,5
ozks,0.005101875,66
ozks,0.003263,8
ozks,0.002955625,2
ozks,0.002358667,0
ozks,0.003636625,8
ozks,0.002325167,0
ozks,0.003435459,4
ozks,0.003280083,10
ozks,0.003961875,36
ozks,0.002623667,0
ozks,0.002850208,2
ozks,0.004670083,53
ozks,0.006438,133
ozks,0.004287583,25
ozks,0.010114666,304
ozks,0.004131083,36
ozks,0.003266208,8
ozks,0.003729292,11
ozks,0.004787792,52
ozks,0.006310042,137
ozks,0.003709125,25
ozks,0.002982083,5
ozks,0.003137834,7
ozks,0.015441542,517
ozks,0.00326575,8
ozks,0.020070625,764
ozks,0.003792958,30
ozks,0.004054125,40
ozks,0.019865625,724
ozks,0.003053042,4
ozks,0.0026235,0
ozks,0.003406958,11
ozks,0.003090583,5
ozks,0.003480958,11
ozks,0.002881375,1
ozks,0.005392584,80
ozks,0.003232375,8
ozks,0.003203042,7
ozks,0.008030291,223
ozks,0.003893209,22
ozks,0.003247,6
ozks,0.003722125,10
ozks,0.004924583,57
ozks,0.002548042,0
ozks,0.003598792,14
ozks,0.002927833,2
ozks,0.004444584,49
ozks,0.021010833,744
ozks,0.002957875,7
ozks,0.006655834,146
ozks,0.003566584,12
ozks,0.003574333,25
ozks,0.00437225,51
ozks,0.003594875,17
ozks,0.003019667,5
ozks,0.0034275,10
ozks,0.003285375,7
ozks,0.005861709,127
ozks,0.003385625,5
ozks,0.00315675,9
ozks,0.003648042,14
ozks,0.002942167,3
ozks,0.003479459,13
ozks,0.003066417,7
ozks,0.002892125,2
ozks,0.003025875,4
ozks,0.006901125,140
ozks,0.004139,14
ozks,0.00537575,73
ozks,0.003338333,7
ozks,0.007070917,168
ozks,0.003070583,6
ozks,0.004799042,55
ozks,0.024870875,929
ozks,0.002267666,0
ozks,0.003688333,13
ozks,0.003476834,16
ozks,0.00379075,17
ozks,0.002810792,1
ozks,0.003659667,12
ozks,0.006297334,127
ozks,0.003613541,13
ozks,0.003673917,19
ozks,0.003663375,17
ozks,0.004705917,45
ozks,0.003368167,11
ozks,0.003008125,4
ozks,0.007026458,138
ozks,0.003080917,7
ozks,0.003180583,4
ozks,0.005992417,128
ozks,0.007417667,178
ozks,0.004082292,12
ozks,0.003562334,14
ozks,0.002895875,1
ozks,0.003285917,4
ozks,0.00320575,9
ozks,0.01519225,523
ozks,0.003375625,7
ozks,0.00336025,6
ozks,0.00309525,4
ozks,0.003170125,6
ozks,0.003071792,4
ozks,0.00356025,15
ozks,0.003272542,6
ozks,0.002881625,4
ozks,0.012566917,342
ozks,0.003141917,2
ozks,0.003197875,6
ozks,0.003069083,1
ozks,0.003148125,3
ozks,0.003890042,15
ozks,0.003885167,8
ozks,0.003239375,3
ozks,0.003526,17
ozks,0.002956375,4
ozks,0.004972375,78
ozks,0.020891125,794
ozks,0.0028195,1
ozks,0.003069875,7
ozks,0.003958917,36
ozks,0.00266775,1
ozks,0.003485792,17
ozks,0.003650667,24
ozks,0.003966125,34
ozks,0.00596475,76
ozks,0.003096958,6
ozks,0.004396333,34
ozks,0.002847125,1
ozks,0.004568,51
ozks,0.002658459,0
ozks,0.003929916,26
ozks,0.004566291,47
ozks,0.026708375,1000
ozks,0.003123625,10
ozks,0.00407025,45
ozks,0.003569958,12
ozks,0.00902925,231
ozks,0.012330875,344
ozks,0.003387958,18
ozks,0.002654667,1
ozks,0.003035291,1
ozks,0.002957875,4
ozks,0.003220583,1
ozks,0.002852833,1
ozks,0.003241333,4
ozks,0.004370416,31
ozks,0.003028333,2
ozks,0.0062685,136
ozks,0.013375584,431
ozks,0.003495583,8
ozks,0.003453958,10
ozks,0.00527975,101
ozks,0.004489167,38
ozks,0.003204875,3
ozks,0.01241325,324
ozks,0.00362125,15
ozks,0.003896834,28
ozks,0.005260167,68
ozks,0.005022542,80
ozks,0.003415833,10
ozks,0.004569959,64
ozks,0.0033795,7
ozks,0.003990708,7
ozks,0.004572375,67
ozks,0.003296375,5
ozks,0.007421458,166
ozks,0.007243334,127
ozks,0.003072958,6
ozks,0.003046084,6
ozks,0.005860042,101
ozks,0.004014334,19
ozks,0.007955667,210
ozks,0.003915625,38
ozks,0.026960708,932
ozks,0.003001125,3
ozks,0.0037315,17
ozks,0.002397042,0
ozks,0.006688792,143
ozks,0.004546,51
ozks,0.005965792,112
ozks,0.003238625,10
ozks,0.003328208,11
ozks,0.003468,18
ozks,0.002888209,1
ozks,0.00311975,9
ozks,0.022733291,857
ozks,0.004332208,26
ozks,0.005212583,85
ozks,0.015112417,49
ozks,0.002845583,2
ozks,0.003430875,9
ozks,0.00314725,3
ozks,0.003191958,1
ozks,0.003863958,34
ozks,0.003215792,6
ozks,0.004003084,38
ozks,0.003296125,9
ozks,0.003760292,30
ozks,0.012912459,451
ozks,0.0086795,201
ozks,0.00232625,0
ozks,0.002953417,1
ozks,0.004462834,52
ozks,0.002904333,1
ozks,0.005766542,64
ozks,0.012608291,438
ozks,0.007521917,189
ozks,0.002390583,0
ozks,0.015575958,541
ozks,0.003253667,11
ozks,0.003547666,12
ozks,0.0192215,690
ozks,0.002453917,0
ozks,0.003222166,7
ozks,0.003300666,2
ozks,0.011051208,343
ozks,0.003980333,22
ozks,0.003884375,11
ozks,0.002523084,0
ozks,0.007849375,181
ozks,0.003173334,7
ozks,0.004350208,40
ozks,0.004048,34
ozks,0.003819917,19
ozks,0.005920792,94
ozks,0.00395275,10
ozks,0.006712167,143
ozks,0.003544416,11
ozks,0.006704792,136
ozks,0.005221375,84
ozks,0.003746667,4
ozks,0.003091625,1
ozks,0.003591167,15
ozks,0.003717167,12
ozks,0.003030375,3
ozks,0.004518583,59
ozks,0.003998667,29
ozks,0.004627,56
ozks,0.007366166,141
ozks,0.005061125,76
ozks,0.003206542,6
ozks,0.003181916,2
ozks,0.0030445,3
ozks,0.005631,50
ozks,0.003501333,1
ozks,0.003067917,3
ozks,0.003136375,4
ozks,0.003904208,20
ozks,0.004541208,54
ozks,0.003074917,2
ozks,0.003892,27
ozks,0.00466425,63
ozks,0.003693292,17
ozks,0.003101792,3
ozks,0.003837459,25
ozks,0.003587458,13
ozks,0.002921,3
ozks,0.003460875,9
ozks,0.002368417,0
ozks,0.003400458,10
ozks,0.003386208,8
ozks,0.003425958,8
ozks,0.0041975,33
ozks,0.019820042,642
ozks,0.012055834,369
ozks,0.003514542,11
ozks,0.003197916,7
ozks,0.0036235,12
ozks,0.00368975,8
ozks,0.003770458,24
ozks,0.003036,1
ozks,0.003952,20
ozks,0.003539375,16
ozks,0.0068325,158
ozks,0.003628792,18
ozks,0.006591917,117
ozks,0.00298925,3
ozks,0.002834625,1
ozks,0.003985375,24
ozks,0.002274084,0
ozks,0.003477625,10
ozks,0.00231475,0
ozks,0.004497125,32
ozks,0.004917917,53
ozks,0.002458542,0
ozks,0.003092792,3
ozks,0.004112625,39
ozks,0.025450292,954
ozks,0.003899125,8
ozks,0.003712584,13
ozks,0.009889334,316
ozks,0.0023505,0
ozks,0.006964416,152
ozks,0.00428475,16
ozks,0.003267625,2
ozks,0.003422584,13
ozks,0.004407834,45
ozks,0.023784833,865
ozks,0.002994084,1
ozks,0.003754833,14
ozks,0.003692042,21
ozks,0.016028917,540
ozks,0.004033958,22
ozks,0.003476833,6
ozks,0.004066875,28
ozks,0.003868792,17
ozks,0.003472958,6
ozks,0.010508625,320
ozks,0.003006583,2
ozks,0.003118417,4
ozks,0.013209958,439
ozks,0.005492,89
ozks,0.006598208,139
ozks,0.003560083,5
ozks,0.002371542,0
ozks,0.002983583,1
ozks,0.011051125,327
ozks,0.004153084,45
ozks,0.003419958,9
ozks,0.003230542,1
ozks,0.006417375,122
ozks,0.019127958,680
ozks,0.002953875,2
ozks,0.003010584,1
ozks,0.002463333,0
ozks,0.003298667,1
ozks,0.01111875,312
ozks,0.014105417,504
ozks,0.0056755,93
ozks,0.003759625,17
ozks,0.006696625,140
ozks,0.009896875,268
ozks,0.004278625,25
ozks,0.003412542,9
ozks,0.005658666,87
ozks,0.023300625,846
ozks,0.010668625,303
ozks,0.006063084,98
ozks,0.00397125,17
ozks,0.004087416,30
ozks,0.004258584,35
ozks,0.00710825,181
ozks,0.003013417,3
ozks,0.005466792,84
ozks,0.006688333,135
ozks,0.00297225,1
ozks,0.0040695,22
ozks,0.003789958,13
ozks,0.00304975,2
ozks,0.002307709,0
ozks,0.003773125,19
ozks,0.006002167,95
ozks,0.00230925,0
ozks,0.004787541,44
ozks,0.003309833,6
ozks,0.00609075,107
ozks,0.006941583,108
ozks,0.003069875,3
ozks,0.005101,70
ozks,0.026335291,983
ozks,0.003522666,12
ozks,0.004260584,39
ozks,0.003086292,2
ozks,0.013699917,486
ozks,0.0070465,113
ozks,0.004698375,51
ozks,0.00340575,11
ozks,0.0032615,8
ozks,0.003312125,1
ozks,0.005780291,93
ozks,0.003356625,3
ozks,0.003068,3
ozks,0.00325875,3
ozks,0.003135958,1
ozks,0.016892583,606
ozks,0.002828792,1
ozks,0.002799667,0
ozks,0.003164042,1
ozks,0.006485709,141
ozks,0.003442458,10
ozks,0.004163291,31
ozks,0.003266042,7
ozks,0.004242,26
ozks,0.003157458,6
ozks,0.003298666,4
ozks,0.005001667,77
ozks,0.003349541,1
ozks,0.003499125,17
ozks,0.003673542,14
ozks,0.003747291,12
ozks,0.002830125,3
ozks,0.0063895,127
ozks,0.002301666,0
ozks,0.00386325,20
ozks,0.003636958,9
ozks,0.003861084,14
ozks,0.024405417,931
ozks,0.009510458,272
ozks,0.009795708,254
ozks,0.010655416,325
ozks,0.002659416,0
ozks,0.004280458,19
ozks,0.003800125,23
ozks,0.003160708,7
ozks,0.005043959,92
ozks,0.003750916,9
ozks,0.003301667,6
ozks,0.002809667,1
ozks,0.005358542,88
ozks,0.004018959,24
ozks,0.006491167,136
ozks,0.003486042,11
ozks,0.003527791,8
ozks,0.004405166,35
ozks,0.004894042,68
ozks,0.005151125,81
ozks,0.004498417,60
ozks,0.024349792,893
ozks,0.004194916,13
ozks,0.00296625,1
ozks,0.002954875,1
ozks,0.003581208,19
ozks,0.010276333,297
ozks,0.003534083,17
ozks,0.006912875,165
ozks,0.003921333,9
ozks,0.0073605,168
ozks,0.009967917,325
ozks,0.003542208,14
ozks,0.006670875,153
ozks,0.005501083,109
ozks,0.003761083,6
ozks,0.003945,27
ozks,0.004898208,67
ozks,0.003918083,13
ozks,0.004758125,45
ozks,0.018135667,673
ozks,0.0029095,2
ozks,0.020165458,711
ozks,0.004578583,60
ozks,0.002975208,3
ozks,0.004560417,48
ozks,0.004256584,43
ozks,0.022523458,741
ozks,0.002543834,0
ozks,0.003081,5
ozks,0.003537542,8
ozks,0.006785583,140
ozks,0.003628,16
ozks,0.003764333,11
ozks,0.003603333,17
ozks,0.004048,15
ozks,0.003068458,4
ozks,0.024551584,966
ozks,0.003091167,2
ozks,0.003001708,5
ozks,0.006448625,111
ozks,0.003047,5
ozks,0.00242625,0
ozks,0.003057291,3
ozks,0.002533417,0
ozks,0.002876667,1
ozks,0.007738709,181
ozks,0.002391166,0
ozks,0.003920542,31
ozks,0.00332425,4
ozks,0.023891125,856
ozks,0.006523708,139
ozks,0.0024085,0
ozks,0.003272458,9
ozks,0.004461416,50
ozks,0.003257666,10
ozks,0.0027645,1
ozks,0.003522542,18
ozks,0.00643775,115
ozks,0.003575916,19
ozks,0.00546025,82
ozks,0.002979292,3
ozks,0.00384325,26
ozks,0.022437292,819
ozks,0.002446166,0
ozks,0.003513875,7
ozks,0.010067334,324
ozks,0.0034555,9
ozks,0.003114667,4
ozks,0.003238333,8
ozks,0.008615167,244
ozks,0.002965541,3
ozks,0.003734292,22
ozks,0.002399416,0
ozks,0.002885958,1
ozks,0.005572167,72
ozks,0.006284667,122
ozks,0.006495417,115
ozks,0.003133917,3
ozks,0.003031209,5
ozks,0.003501167,13
ozks,0.004154291,35
ozks,0.003102958,3
ozks,0.002950375,0
ozks,0.002304833,0
ozks,0.003086875,1
ozks,0.003488875,16
ozks,0.003508708,7
ozks,0.003548792,2
ozks,0.007618917,170
ozks,0.0053055,68
ozks,0.00299425,5
ozks,0.011174542,360
ozks,0.004652375,43
ozks,0.003101333,7
ozks,0.005332542,80
ozks,0.00295725,0
ozks,0.004301666,50
ozks,0.00523325,79
ozks,0.003929042,20
ozks,0.01917675,681
ozks,0.006121875,134
ozks,0.004986958,63
ozks,0.00445275,45
ozks,0.003572916,9
ozks,0.004434916,56
ozks,0.0033495,11
ozks,0.003068,4
ozks,0.003013708,6
ozks,0.013424791,383
ozks,0.002896125,3
ozks,0.009407,274
ozks,0.008866,239
ozks,0.00549975,55
ozks,0.009328042,268
ozks,0.003310208,8
ozks,0.003114042,3
ozks,0.003708667,28
ozks,0.003123,4
ozks,0.004906166,51
ozks,0.011081542,340
ozks,0.003618375,3
ozks,0.014365375,521
ozks,0.003652625,23
ozks,0.003720834,24
ozks,0.00500975,54
ozks,0.013160375,408
ozks,0.006164916,123
ozks,0.015322625,523
ozks,0.003056042,1
ozks,0.006351375,140
ozks,0.003010583,2
ozks,0.00317225,6
ozks,0.003905458,3
ozks,0.005147917,76
ozks,0.002965333,1
ozks,0.0038435,29
ozks,0.004173917,12
ozks,0.003628208,13
ozks,0.003368041,11
ozks,0.007364833,184
ozks,0.007255541,163
ozks,0.003623583,14
ozks,0.004696042,59
ozks,0.017845625,633
ozks,0.005556833,69
ozks,0.003605959,22
ozks,0.003151875,6
ozks,0.003445958,1
ozks,0.003980084,35
ozks,0.006633291,149
ozks,0.004072875,43
ozks,0.003303375,2
ozks,0.005380292,98
ozks,0.003089334,4
ozks,0.006922333,155
ozks,0.003019917,2
ozks,0.004053208,24
ozks,0.013549042,445
ozks,0.003545958,3
ozks,0.003529541,11
ozks,0.003269417,8
ozks,0.002388625,0
ozks,0.003033583,3
ozks,0.007394666,164
ozks,0.006462625,129
ozks,0.003288958,9
ozks,0.002353958,0
ozks,0.003472042,10
ozks,0.005539208,103
ozks,0.004161459,43
ozks,0.00387725,26
ozks,0.003100042,8
ozks,0.0044135,27
ozks,0.003181167,6
ozks,0.004714959,66
ozks,0.003057334,3
ozks,0.004032292,25
ozks,0.003005625,1
ozks,0.008376333,212
ozks,0.003479208,8
ozks,0.004244625,23
ozks,0.002249958,0
ozks,0.004363042,44
ozks,0.00386025,26
ozks,0.005274042,84
ozks,0.007283791,165
ozks,0.00352775,17
ozks,0.003680208,19
ozks,0.003049959,4
ozks,0.002294375,0
ozks,0.003456125,13
ozks,0.003555625,13
ozks,0.006961958,144
ozks,0.003549542,12
ozks,0.004067375,5
ozks,0.004313416,37
ozks,0.019528959,743
ozks,0.003506583,10
ozks,0.003473084,8
ozks,0.003671083,19
ozks,0.003370208,5
ozks,0.012639167,408
ozks,0.002569416,0
ozks,0.004347208,47
ozks,0.003286125,9
ozks,0.002357625,0
ozks,0.003654208,2
ozks,0.003130209,7
ozks,0.004172667,24
ozks,0.003357834,2
ozks,0.004442541,22
ozks,0.003992625,31
ozks,0.003037208,5
ozks,0.025412708,943
ozks,0.004136167,21
ozks,0.00314175,7
ozks,0.004363708,35
ozks,0.025466042,991
ozks,0.015942791,564
ozks,0.003009709,3
ozks,0.004719625,66
ozks,0.004119,23
ozks,0.003145709,7
ozks,0.002984209,1
ozks,0.002863417,3
ozks,0.003958625,31
ozks,0.002903167,2
ozks,0.006555583,151
ozks,0.006587166,48
ozks,0.004012834,15
ozks,0.002799666,1
ozks,0.026116,983
ozks,0.00368525,23
ozks,0.003195042,7
ozks,0.003007833,2
ozks,0.00302675,2
ozks,0.005012708,74
ozks,0.005826667,96
ozks,0.003151417,6
ozks,0.003456875,13
ozks,0.00369325,22
ozks,0.003257709,4
ozks,0.0040055,39
ozks,0.00281625,0
ozks,0.003803125,26
ozks,0.005098625,79
ozks,0.004462375,31
ozks,0.004537209,41
ozks,0.003557625,11
ozks,0.003123709,3
ozks,0.002939791,1
ozks,0.0031815,8
ozks,0.006954958,158
ozks,0.004223208,35
ozks,0.003541334,11
ozks,0.003186833,1
ozks,0.009787584,268
ozks,0.003236417,10
ozks,0.002784333,1
ozks,0.014532875,491
ozks,0.00669225,146
ozks,0.003515333,7
ozks,0.003157167,4
ozks,0.003254875,8
ozks,0.003993458,17
ozks,0.004601167,49
ozks,0.004656875,55
ozks,0.003447833,9
ozks,0.002683125,0
ozks,0.007653708,142
ozks,0.00383575,25
ozks,0.004375875,51
ozks,0.005681709,82
ozks,0.003884084,33
ozks,0.003020375,5
ozks,0.003582042,17
ozks,0.004696667,65
ozks,0.004018167,18
ozks,0.00321775,6
ozks,0.004573292,68
ozks,0.003563416,6
ozks,0.002894833,2
ozks,0.008174792,190
ozks,0.003055375,2
ozks,0.012953958,369
ozks,0.002970291,1
ozks,0.002923333,1
ozks,0.003086041,4
ozks,0.005397875,95
ozks,0.003862458,29
ozks,0.012864125,415
ozks,0.003086917,1
ozks,0.00289375,2
ozks,0.003882625,33
ozks,0.003929083,29
ozks,0.003336542,1
ozks,0.0028955,1
ozks,0.003880792,13
ozks,0.003403208,10
ozks,0.004757584,67
ozks,0.015278791,523
ozks,0.003395625,7
ozks,0.002695042,0
ozks,0.003713041,17
ozks,0.003810167,11
ozks,0.004213292,24
ozks,0.005304,65
ozks,0.004102792,22
ozks,0.003644542,5
ozks,0.003927709,14
ozks,0.003591833,8
ozks,0.003370709,2
ozks,0.003052125,3
ozks,0.003962458,29
ozks,0.003189875,1
ozks,0.002984375,5
ozks,0.003511833,9
ozks,0.015079917,498
ozks,0.00313475,5
ozks,0.003342416,2
ozks,0.023375416,904
ozks,0.002671917,0
ozks,0.003632583,8
ozks,0.003602208,12
ozks,0.00372775,12
ozks,0.006448292,143
ozks,0.006421125,143
ozks,0.003436834,9
ozks,0.003466542,4
ozks,0.003906708,28
ozks,0.006100209,83
ozks,0.00524625,91
ozks,0.007677292,183
ozks,0.005545208,54
ozks,0.0030105,1
ozks,0.006353792,104
ozks,0.003992375,28
ozks,0.004122292,34
ozks,0.003323,8
ozks,0.005279459,92
ozks,0.003052667,4
ozks,0.003152541,1
ozks,0.0043595,18
ozks,0.004218166,37
ozks,0.006188,121
ozks,0.002910875,0
ozks,0.002928583,1
ozks,0.003172125,4
ozks,0.016229375,574
ozks,0.003908584,17
ozks,0.004011875,17
ozks,0.003657959,20
ozks,0.00455025,58
ozks,0.004530042,64
ozks,0.002519333,0
ozks,0.003151209,3
ozks,0.004040292,34
ozks,0.0033655,6
ozks,0.006496083,130
ozks,0.003657917,17
ozks,0.003035208,1
ozks,0.00360425,16
ozks,0.003683792,17
ozks,0.002787208,1
ozks,0.006283375,117
ozks,0.004327125,36
ozks,0.003150709,6
ozks,0.004350542,15
ozks,0.002916125,1
ozks,0.003603291,7
ozks,0.00291025,0
ozks,0.003492,5
ozks,0.00313175,5
ozks,0.004536,45
ozks,0.003839334,18
ozks,0.002369583,0
ozks,0.002986875,2
ozks,0.003075833,2
ozks,0.003303958,9
ozks,0.004843042,27
ozks,0.003807375,13
ozks,0.006579417,141
ozks,0.007175584,169
ozks,0.003930458,19
ozks,0.00336725,7
ozks,0.003309125,8
ozks,0.002982084,1
ozks,0.0105835,267
ozks,0.003634125,13
ozks,0.002637125,0
ozks,0.00846025,206
ozks,0.005783459,53
ozks,0.003480875,1
ozks,0.003167417,5
ozks,0.005145625,46
ozks,0.004039333,13
ozks,0.003114834,5
ozks,0.004748167,62
ozks,0.002918875,1
ozks,0.004095125,28
ozks,0.0105145,312
ozks,0.003062417,3
ozks,0.003858042,24
ozks,0.007935334,164
ozks,0.003415708,6
ozks,0.003201958,5
ozks,0.026057625,882
ozks,0.003697875,15
ozks,0.003176292,3
ozks,0.002519083,0
ozks,0.002520333,0
ozks,0.003607334,8
ozks,0.007993375,197
ozks,0.002802958,1
ozks,0.003875667,25
ozks,0.004373958,49
ozks,0.006611917,116
ozks,0.00298625,2
ozks,0.005027875,68
ozks,0.003856167,2
ozks,0.003353166,10
ozks,0.003217958,8
ozks,0.003383958,2
ozks,0.003905708,35
ozks,0.022315333,812
ozks,0.003204958,1
ozks,0.002929209,2
ozks,0.004244292,48
ozks,0.003099,7
ozks,0.005802875,67
ozks,0.006686667,162
ozks,0.003965042,33
ozks,0.003300583,1
ozks,0.004484875,54
ozks,0.003733083,24
ozks,0.003438666,18
ozks,0.009907333,291
ozks,0.003222666,8
ozks,0.003405833,14
ozks,0.007567667,166
ozks,0.003883875,19
ozks,0.003712166,19
ozks,0.004345416,18
ozks,0.003474708,7
ozks,0.00363625,15
ozks,0.003496375,16
ozks,0.003104375,2
ozks,0.002514458,0
ozks,0.003615292,21
ozks,0.003676792,10
ozks,0.004300375,42
ozks,0.003783958,11
ozks,0.003316583,9
ozks,0.00343875,9
ozks,0.004700459,62
ozks,0.004327083,23
ozks,0.003753583,21
ozks,0.004255042,30
ozks,0.017465542,650
ozks,0.004235208,17
ozks,0.003044333,1
ozks,0.003856375,18
ozks,0.002853917,2
ozks,0.006452708,142
ozks,0.003282375,7
ozks,0.003735042,28
ozks,0.004035208,35
ozks,0.003399291,3
ozks,0.003463208,6
ozks,0.003260708,9
ozks,0.006037958,80
ozks,0.002564125,0
ozks,0.0037685,28
ozks,0.009443125,245
ozks,0.003516958,13
ozks,0.00486725,54
ozks,0.004303459,46
ozks,0.004238375,40
ozks,0.00314275,6
ozks,0.003217917,8
ozks,0.004295,17
ozks,0.023356083,853
ozks,0.010750791,338
ozks,0.005789833,91
ozks,0.003299125,3
ozks,0.008547167,223
ozks,0.003396166,11
ozks,0.003240416,8
ozks,0.004953833,63
ozks,0.003710208,9
ozks,0.003963208,34
ozks,0.003398459,9
ozks,0.002807333,1
ozks,0.005834416,97
ozks,0.003045375,4
ozks,0.009023458,234
ozks,0.00253,0
ozks,0.006808875,152
ozks,0.002877792,1
ozks,0.003426791,14
ozks,0.002908541,1
ozks,0.00957475,256
ozks,0.00377925,25
ozks,0.004140083,24
ozks,0.004463625,31
ozks,0.003128625,6
ozks,0.004225916,17
ozks,0.0030805,6
ozks,0.004845084,54
ozks,0.003429792,11
ozks,0.00464325,62
ozks,0.003284917,7
ozks,0.003304042,6
ozks,0.00362625,21
ozks,0.003480583,12
ozks,0.004978292,77
ozks,0.007091958,181
ozks,0.003501,10
ozks,0.003364792,5
ozks,0.00478825,74
ozks,0.002813542,1
ozks,0.002648542,0
ozks,0.004503333,37
ozks,0.012512333,438
ozks,0.003349417,11
ozks,0.00285725,1
ozks,0.003680375,17
ozks,0.0033385,7
ozks,0.004217083,45
ozks,0.003960209,7
ozks,0.002468458,0
ozks,0.006477375,150
ozks,0.011465459,343
ozks,0.005222958,68
ozks,0.003849834,23
ozks,0.003538625,10
ozks,0.006811,141
ozks,0.004344375,28
ozks,0.0047655,34
ozks,0.024755417,919
ozks,0.007633042,195
ozks,0.003105,5
ozks,0.0031535,1
ozks,0.011134416,337
ozks,0.003610209,16
ozks,0.003724125,9
ozks,0.003416792,17
ozks,0.013443084,440
ozks,0.004295833,29
ozks,0.010182417,328
ozks,0.002841792,1
ozks,0.020537958,739
ozks,0.002434792,0
ozks,0.008399459,169
ozks,0.003837541,28
ozks,0.002336458,0
ozks,0.0030655,1
ozks,0.002847167,1
ozks,0.005809542,88
ozks,0.006674667,146
ozks,0.004011125,29
ozks,0.0025395,0
ozks,0.004868417,44
ozks,0.003816583,4
ozks,0.010139583,325
ozks,0.003977959,13
ozks,0.006674875,146
ozks,0.023992958,894
ozks,0.003549584,9
ozks,0.00308525,5
ozks,0.003460333,3
ozks,0.003054166,3
ozks,0.003335834,7
ozks,0.003078875,4
ozks,0.003023708,3
ozks,0.003528792,11
ozks,0.003287125,10
ozks,0.00287475,1
ozks,0.0050245,59
ozks,0.002862041,1
ozks,0.006652917,133
ozks,0.003089,8
ozks,0.003011667,1
ozks,0.017114875,628
ozks,0.003812667,20
ozks,0.003054583,6
ozks,0.003644417,13
ozks,0.003484708,3
ozks,0.002421667,0
ozks,0.010456708,328
ozks,0.020548667,692
ozks,0.003819959,25
ozks,0.008367667,235
ozks,0.002989708,1
ozks,0.003211792,1
ozks,0.00235025,0
ozks,0.00433775,38
ozks,0.003292917,7
ozks,0.0057965,94
ozks,0.003112417,1
ozks,0.003053833,0
ozks,0.004699792,58
ozks,0.019736167,743
ozks,0.00304875,2
ozks,0.010217625,324
ozks,0.0188755,675
ozks,0.004306833,28
ozks,0.003851125,25
ozks,0.027882458,6
ozks,0.009496667,270
ozks,0.003086667,3
ozks,0.003223125,6
ozks,0.005699167,91
ozks,0.003037708,2
ozks,0.004336209,38
ozks,0.004127084,38
ozks,0.003130083,3
ozks,0.004058584,17
ozks,0.003709916,24
ozks,0.005359583,83
ozks,0.008896208,264
ozks,0.002941875,2
ozks,0.003309917,9
ozks,0.007005458,139
ozks,0.002936208,1
ozks,0.002937375,2
ozks,0.018484916,656
ozks,0.004519125,53
ozks,0.003273958,10
ozks,0.003605166,15
ozks,0.006100334,103
ozks,0.005325708,86
ozks,0.004108334,35
ozks,0.0032755,9
ozks,0.003876875,33
ozks,0.00381,29
ozks,0.006174334,86
ozks,0.004015917,39
ozks,0.004131625,13
ozks,0.003606625,18
ozks,0.00322125,4
ozks,0.024305333,894
ozks,0.003807125,26
ozks,0.019584458,743
ozks,0.020865208,768
ozks,0.003025792,1
ozks,0.003015375,5
ozks,0.014055791,460
ozks,0.006698292,142
ozks,0.004178875,36
ozks,0.003618459,9
ozks,0.002404459,0
ozks,0.002435792,0
ozks,0.0030755,2
ozks,0.015027042,541
ozks,0.0034355,8
ozks,0.003144666,8
ozks,0.003405083,8
ozks,0.00442225,50
ozks,0.003386334,10
ozks,0.00388,18
ozks,0.00233225,0
ozks,0.003822292,27
ozks,0.002517042,0
ozks,0.023875209,931
ozks,0.003061583,5
ozks,0.004779667,68
ozks,0.006814791,134
ozks,0.003415958,9
ozks,0.003133875,3
ozks,0.003141125,6
ozks,0.004158125,35
ozks,0.003901167,25
ozks,0.003746042,23
ozks,0.004337041,23
ozks,0.004019167,17
ozks,0.004169334,21
ozks,0.003302083,9
ozks,0.004203833,42
ozks,0.00363,14
ozks,0.003618542,18
ozks,0.003341709,11
ozks,0.00417375,39
ozks,0.002472083,0
ozks,0.004465375,47
ozks,0.004602791,37
ozks,0.002959792,3
ozks,0.00637775,110
ozks,0.016358542,557
ozks,0.003954375,6
ozks,0.00351925,10
ozks,0.004088042,36
ozks,0.003434625,12
ozks,0.025217083,943
ozks,0.004975125,56
ozks,0.0053635,93
ozks,0.003688833,16
ozks,0.006723583,140
ozks,0.006557916,126
ozks,0.00370325,10
ozks,0.011714291,387
ozks,0.002984459,1
ozks,0.00447425,43
ozks,0.00240025,0
ozks,0.002432875,0
ozks,0.015393583,541
ozks,0.006223041,114
ozks,0.003733625,21
ozks,0.004092,35
ozks,0.003701375,14
ozks,0.00377425,16
ozks,0.004388083,46
ozks,0.004355292,29
ozks,0.0040705,19
ozks,0.002312917,0
ozks,0.005026792,85
ozks,0.006942667,147
ozks,0.003668417,14
ozks,0.004311125,40
ozks,0.0053905,88
ozks,0.0079555,9
ozks,0.003382834,7
ozks,0.003151,1
ozks,0.0147635,521
ozks,0.003506166,3
ozks,0.002814917,1
ozks,0.003922,8
ozks,0.005066583,81
ozks,0.003118167,7
ozks,0.002605333,0
ozks,0.003415792,17
ozks,0.003171167,6
ozks,0.003930042,22
ozks,0.004767875,65
ozks,0.003958042,31
ozks,0.002928583,3
ozks,0.00554025,109
ozks,0.003856667,34
ozks,0.004054875,34
ozks,0.003514083,14
ozks,0.003618625,11
ozks,0.002644542,0
ozks,0.003485583,17
ozks,0.0158515,541
ozks,0.00367725,14
ozks,0.003331667,2
ozks,0.006454542,127
ozks,0.003044,1
ozks,0.003635916,10
ozks,0.003066459,4
ozks,0.005488,56
ozks,0.00358075,12
ozks,0.002427834,0
ozks,0.004841292,45
ozks,0.00362375,8
ozks,0.014328125,478
ozks,0.003451208,12
ozks,0.003151542,4
ozks,0.003254666,3
ozks,0.003811209,30
ozks,0.005328667,90
ozks,0.002625042,0
ozks,0.003816875,25
ozks,0.004424625,28
ozks,0.005644542,92
ozks,0.005369917,76
ozks,0.004354542,36
ozks,0.002393542,0
ozks,0.00246025,0
ozks,0.015585166,529
ozks,0.003563541,1
ozks,0.003127125,2
ozks,0.003677042,16
ozks,0.006454458,131
ozks,0.00326075,4
ozks,0.003334709,9
ozks,0.003802833,12
ozks,0.003546958,16
ozks,0.018597166,661
ozks,0.005443209,95
ozks,0.003169416,4
ozks,0.0033125,4
ozks,0.006942667,149
ozks,0.003282,1
ozks,0.026749708,998
ozks,0.012868875,419
ozks,0.003288042,5
ozks,0.003036792,4
ozks,0.003795125,24
ozks,0.003550084,17
ozks,0.0033645,3
ozks,0.002587,0
ozks,0.004393959,47
ozks,0.003100375,1
ozks,0.003866667,17
ozks,0.003483666,11
ozks,0.0143365,438
ozks,0.026002292,991
ozks,0.007624167,178
ozks,0.005323375,80
ozks,0.003224875,2
ozks,0.016272958,569
ozks,0.003483708,13
ozks,0.024282083,890
ozks,0.003500583,9
ozks,0.005891375,121
ozks,0.004197541,32
ozks,0.006885,125
ozks,0.0025825,0
ozks,0.005632042,82
ozks,0.003549666,8
ozks,0.002441166,0
ozks,0.00422375,42
ozks,0.003447375,9
ozks,0.003464958,9
ozks,0.003641667,17
ozks,0.003336916,1
ozks,0.012494584,383
ozks,0.003792583,13
ozks,0.005684,59
ozks,0.003157125,5
ozks,0.003040125,2
ozks,0.022677333,833
ozks,0.003703542,6
ozks,0.003884166,29
ozks,0.003819625,12
ozks,0.006644833,141
ozks,0.003900792,14
ozks,0.004230958,42
ozks,0.003002875,2
ozks,0.002927834,1
ozks,0.0051235,45
ozks,0.003258667,2
ozks,0.003383417,8
ozks,0.003769333,18
ozks,0.003522083,15
ozks,0.004366292,46
ozks,0.003379416,9
ozks,0.004162333,42
ozks,0.002524709,0
ozks,0.02420175,879
ozks,0.003037625,3
ozks,0.003524625,16
ozks,0.004906667,51
ozks,0.003554875,2
ozks,0.013020542,335
ozks,0.003461084,8
ozks,0.002933333,2
ozks,0.003798834,20
ozks,0.003353209,11
ozks,0.003675084,8
ozks,0.002908583,2
ozks,0.003907834,17
ozks,0.003030792,2
ozks,0.004075792,17
ozks,0.005153084,64
ozks,0.003071875,3
ozks,0.003348458,5
ozks,0.004957417,71
ozks,0.003557375,17
ozks,0.003975083,15
ozks,0.003419792,1
ozks,0.004545291,39
ozks,0.004681875,62
ozks,0.004231333,40
ozks,0.005647208,85
ozks,0.004111792,29
ozks,0.002571916,0
ozks,0.005640625,67
ozks,0.003082791,3
ozks,0.003106208,7
ozks,0.004744041,53
ozks,0.007803917,209
ozks,0.003763583,28
ozks,0.0170595,582
ozks,0.003039792,2
ozks,0.004083542,40
ozks,0.003119375,7
ozks,0.002947625,3
ozks,0.007440833,195
ozks,0.0023985,0
ozks,0.003974291,34
ozks,0.006070875,67
ozks,0.004915875,79
ozks,0.003408042,6
ozks,0.003720875,17
ozks,0.003263,10
ozks,0.003452167,7
ozks,0.003379208,14
ozks,0.002807625,1
ozks,0.003190416,1
ozks,0.003080583,8
ozks,0.002520291,0
ozks,0.0057335,70
ozks,0.004761792,41
ozks,0.003134166,6
ozks,0.004706917,38
ozks,0.003035541,5
ozks,0.003427625,12
ozks,0.006403542,123
ozks,0.00414725,23
ozks,0.002821666,1
ozks,0.003555125,20
ozks,0.003587041,8
ozks,0.003223,8
ozks,0.004123083,38
ozks,0.006605167,92
ozks,0.003476125,11
ozks,0.002941,1
ozks,0.00298425,2
ozks,0.003137709,3
ozks,0.003572209,21
ozks,0.004817541,56
ozks,0.00378725,28
ozks,0.002970625,2
ozks,0.0042035,35
ozks,0.002870875,2
ozks,0.006155583,106
ozks,0.008131875,162
ozks,0.004002833,39
ozks,0.002365333,0
ozks,0.015172417,519
ozks,0.003278292,9
ozks,0.002343,0
ozks,0.006876,130
ozks,0.002355125,0
ozks,0.003076125,2
ozks,0.003012666,3
ozks,0.004810792,53
ozks,0.004509291,35
ozks,0.005280583,45
ozks,0.002942333,2
ozks,0.003244167,8
ozks,0.004479875,55
ozks,0.00297575,5
ozks,0.0029585,1
ozks,0.004149791,30
ozks,0.004743709,71
ozks,0.003663375,10
ozks,0.003618583,8
ozks,0.003034417,5
ozks,0.003254292,9
ozks,0.003556417,12
ozks,0.003767042,2
ozks,0.00441625,35
ozks,0.003254209,1
ozks,0.003739958,19
ozks,0.002916542,2
ozks,0.004784208,48
ozks,0.003037375,4
ozks,0.003473541,5
ozks,0.00442125,37
ozks,0.003122208,5
ozks,0.00462,69
ozks,0.002997958,2
ozks,0.00532075,73
ozks,0.003276208,5
ozks,0.003729875,26
ozks,0.002989042,2
ozks,0.002549625,0
ozks,0.003207916,2
ozks,0.003837167,33
ozks,0.002415875,0
ozks,0.003006584,2
ozks,0.002618958,0
ozks,0.026468459,983
ozks,0.006756,145
ozks,0.003434041,10
ozks,0.014689958,492
ozks,0.004885,69
ozks,0.003960791,17
ozks,0.007176958,155
ozks,0.003140125,1
ozks,0.003662125,18
ozks,0.003398542,18
ozks,0.003514542,8
ozks,0.003081917,6
ozks,0.003069084,3
ozks,0.006200792,110
ozks,0.003536125,18
ozks,0.003390542,8
ozks,0.002872292,1
ozks,0.00302525,4
ozks,0.003002375,4
ozks,0.018013083,641
ozks,0.004656,47
ozks,0.004255208,46
ozks,0.002967166,3
ozks,0.009185084,246
ozks,0.003225541,7
ozks,0.004153375,19
ozks,0.003253417,9
ozks,0.008398166,183
ozks,0.004019958,13
ozks,0.004464209,35
ozks,0.010503292,301
ozks,0.004135125,37
ozks,0.003212125,7
ozks,0.002405625,0
ozks,0.003641333,13
ozks,0.003278875,9
ozks,0.003674958,13
ozks,0.005804584,92
ozks,0.003948791,22
ozks,0.013904458,413
ozks,0.003506667,5
ozks,0.004218833,48
ozks,0.003412334,6
ozks,0.002232916,0
ozks,0.004032875,32
ozks,0.006763667,131
ozks,0.004427917,38
ozks,0.003042541,6
ozks,0.00407225,39
ozks,0.003151,8
ozks,0.002896167,2
ozks,0.004766875,46
ozks,0.003196375,7
ozks,0.00813875,197
ozks,0.002274875,0
ozks,0.003524833,14
ozks,0.005650542,100
ozks,0.0042545,25
ozks,0.015900917,537
ozks,0.003417667,7
ozks,0.002360708,0
ozks,0.004078625,31
ozks,0.003933916,16
ozks,0.007533459,141
ozks,0.005984,110
ozks,0.004927625,77
ozks,0.0031425,6
ozks,0.003826834,25
ozks,0.003580292,18
ozks,0.003185292,4
ozks,0.003235292,9
ozks,0.003426583,4
ozks,0.021479875,777
ozks,0.008202875,211
ozks,0.004098458,32
ozks,0.0029195,3
ozks,0.004617542,21
ozks,0.004021083,39
ozks,0.014956709,510
ozks,0.004715833,69
ozks,0.002918792,3
ozks,0.003441959,6
ozks,0.003469375,11
ozks,0.003565458,11
ozks,0.003457292,12
ozks,0.023674083,859
ozks,0.002996041,3
ozks,0.003392041,12
ozks,0.003726958,25
ozks,0.003661791,2
ozks,0.00321775,2
ozks,0.003493291,18
ozks,0.002915084,1
ozks,0.003244,10
ozks,0.003008292,6
ozks,0.002689458,0
ozks,0.003598833,13
ozks,0.003044667,3
ozks,0.002423791,0
ozks,0.004957833,56
ozks,0.007170459,1
ozks,0.00355225,16
ozks,0.003100084,5
ozks,0.002945583,2
ozks,0.003082417,1
ozks,0.0056195,105
ozks,0.002393334,0
ozks,0.010701709,303
ozks,0.007097208,140
ozks,0.0035325,19
ozks,0.004355542,52
ozks,0.003828292,26
ozks,0.003447125,10
ozks,0.006938167,137
ozks,0.002915541,1
ozks,0.002971583,1
ozks,0.022763,833
ozks,0.004985792,65
ozks,0.003949083,34
ozks,0.0042065,42
ozks,0.008107625,201
ozks,0.004256458,31
ozks,0.004338667,50
ozks,0.00370775,17
ozks,0.003609291,17
ozks,0.003645875,14
ozks,0.003091375,1
ozks,0.003886417,4
ozks,0.004954959,61
ozks,0.004051959,21
ozks,0.003629916,21
ozks,0.003540459,14
ozks,0.002950375,1
ozks,0.007787917,193
ozks,0.003294458,3
ozks,0.004863875,52
ozks,0.003283541,1
ozks,0.003235833,7
ozks,0.003186125,7
ozks,0.003639625,14
ozks,0.002952417,2
ozks,0.00358925,10
ozks,0.003011708,4
ozks,0.003950375,24
ozks,0.003281583,7
ozks,0.004445875,51
ozks,0.004928167,59
ozks,0.004296417,43
ozks,0.004614042,52
ozks,0.003457083,6
ozks,0.003040542,2
ozks,0.002905375,2
ozks,0.004037375,22
ozks,0.004198916,42
ozks,0.0048465,42
ozks,0.003344791,10
ozks,0.003838375,14
ozks,0.004147917,35
ozks,0.003441041,13
ozks,0.003506792,17
ozks,0.002389208,0
ozks,0.007264291,149
ozks,0.004688792,43
ozks,0.003751209,25
ozks,0.002942667,3
ozks,0.002368167,0
ozks,0.006837916,143
ozks,0.002870209,1
ozks,0.005102,85
ozks,0.008523667,235
ozks,0.005156917,57
ozks,0.003977167,22
ozks,0.003509333,10
ozks,0.003119917,1
ozks,0.00379825,24
ozks,0.004334875,52
ozks,0.019662333,734
ozks,0.004006625,13
ozks,0.003071,3
ozks,0.003301625,2
ozks,0.004603125,42
ozks,0.003827791,28
ozks,0.003903666,23
ozks,0.004975208,70
ozks,0.0030785,5
ozks,0.008754416,235
ozks,0.003293875,6
ozks,0.002941833,4
ozks,0.0053835,93
ozks,0.004473666,30
ozks,0.004123583,13
ozks,0.003570458,3
ozks,0.004046708,18
ozks,0.003833542,26
ozks,0.020598,734
ozks,0.003369916,7
ozks,0.00306575,2
ozks,0.006767917,131
ozks,0.003475458,14
ozks,0.0038765,28
ozks,0.004861584,45
ozks,0.0050815,76
ozks,0.004457542,17
ozks,0.003706542,12
ozks,0.003315333,8
ozks,0.00357825,16
ozks,0.0023735,0
ozks,0.012777,423
ozks,0.002353542,0
ozks,0.010203917,324
ozks,0.004281542,47
ozks,0.003583542,14
ozks,0.004309041,22
ozks,0.003480334,11
ozks,0.018201833,655
ozks,0.013539375,467
ozks,0.003060041,5
ozks,0.003816042,23
ozks,0.010539958,324
ozks,0.004120708,32
ozks,0.004105834,36
ozks,0.005173,72
ozks,0.003252666,6
ozks,0.002905,1
ozks,0.00305675,2
ozks,0.003062541,5
ozks,0.027692084,956
ozks,0.003263708,1
ozks,0.003969417,35
ozks,0.004035708,22
ozks,0.006424708,146
ozks,0.003091333,3
ozks,0.005384292,100
ozks,0.004315959,50
ozks,0.003277,1
ozks,0.004187333,43
ozks,0.009813667,290
ozks,0.004101875,18
ozks,0.017522958,488
ozks,0.003019083,4
ozks,0.008756083,245
ozks,0.002707,0
ozks,0.00317875,8
ozks,0.003639958,11
ozks,0.004584166,58
ozks,0.004035167,23
ozks,0.004154375,45
ozks,0.0024035,0
ozks,0.003877917,13
ozks,0.005093459,68
ozks,0.015596542,530
ozks,0.003684,17
ozks,0.002336958,0
ozks,0.002604042,0
ozks,0.004613583,63
ozks,0.00305975,3
ozks,0.003388541,10
ozks,0.003617542,17
ozks,0.00697825,149
ozks,0.0054315,69
ozks,0.005284459,79
ozks,0.00301575,3
ozks,0.004102791,34
ozks,0.004210709,43
ozks,0.002949583,1
ozks,0.0025775,0
ozks,0.005837833,100
ozks,0.003504375,11
ozks,0.0047965,44
ozks,0.006771667,140
ozks,0.003453375,18
ozks,0.003890792,33
ozks,0.008511166,231
ozks,0.003307458,8
ozks,0.004307875,39
ozks,0.004816792,62
ozks,0.018501209,565
ozks,0.0030565,3
ozks,0.003013333,1
ozks,0.003065125,4
ozks,0.005128,67
ozks,0.002446,0
ozks,0.004325625,23
ozks,0.004997584,67
ozks,0.009933708,274
ozks,0.003145,4
ozks,0.0103355,303
ozks,0.003606917,15
ozks,0.003181416,7
ozks,0.007884834,130
ozks,0.00322825,8
ozks,0.003707541,17
ozks,0.002987084,1
ozks,0.003591084,10
ozks,0.004237167,23
ozks,0.010512084,325
ozks,0.005294708,88
ozks,0.006775541,148
ozks,0.004228416,23
ozks,0.00429725,33
ozks,0.003854667,17
ozks,0.002278,0
ozks,0.004626,17
ozks,0.011621125,346
ozks,0.0071725,146
ozks,0.002905,1
ozks,0.003184125,4
ozks,0.0062225,109
ozks,0.003401916,9
ozks,0.007675333,197
ozks,0.003388959,8
ozks,0.003595375,12
ozks,0.003797041,19
ozks,0.003260083,9
ozks,0.004119625,39
ozks,0.005326833,44
ozks,0.005446792,92
ozks,0.00703175,158
ozks,0.010022042,328
ozks,0.008254208,219
ozks,0.003626417,8
ozks,0.003138125,8
ozks,0.004646417,42
ozks,0.002912833,2
ozks,0.003221167,10
ozks,0.007082416,153
ozks,0.006949208,144
ozks,0.003154917,7
ozks,0.003843708,3
ozks,0.006076083,98
ozks,0.004787625,64
ozks,0.002451292,0
ozks,0.003460542,17
ozks,0.0030605,1
ozks,0.0023695,0
ozks,0.002412958,0
ozks,0.01525675,541
ozks,0.002585791,0
ozks,0.003112791,4
ozks,0.002997834,3
ozks,0.005421917,101
ozks,0.006887125,107
ozks,0.010408375,308
ozks,0.006776167,139
ozks,0.003482875,8
ozks,0.003270084,3
ozks,0.004824583,54
ozks,0.003610375,17
ozks,0.005808958,115
ozks,0.004894458,78
ozks,0.003269666,4
ozks,0.003780542,35
ozks,0.004428042,31
ozks,0.024133208,906
ozks,0.005545833,45
ozks,0.006612583,143
ozks,0.00390375,26
ozks,0.011121708,337
ozks,0.004390292,46
ozks,0.002938417,1
ozks,0.002908166,1
ozks,0.004782167,70
ozks,0.002616,0
ozks,0.003334875,6
ozks,0.002894625,1
ozks,0.0069245,146
ozks,0.008028083,134
ozks,0.003596958,11
ozks,0.003493792,15
ozks,0.006487917,139
ozks,0.010831458,288
ozks,0.003924958,16
ozks,0.004547084,43
ozks,0.004278291,44
ozks,0.00328675,7
ozks,0.0031115,5
ozks,0.002663959,0
ozks,0.004242833,43
ozks,0.0024145,0
ozks,0.011424375,268
ozks,0.006329291,122
ozks,0.025721792,958
ozks,0.012503333,384
ozks,0.005691625,84
ozks,0.003710917,12
ozks,0.004244375,28
ozks,0.003453,13
ozks,0.007296084,162
ozks,0.003536042,10
ozks,0.00243825,0
ozks,0.016950084,627
ozks,0.015815875,516
ozks,0.003446167,12
ozks,0.005282542,90
ozks,0.002537042,0
ozks,0.003350791,8
ozks,0.00322575,6
ozks,0.00319325,8
ozks,0.003061166,1
ozks,0.002816875,1
ozks,0.003343084,4
ozks,0.005814333,101
ozks,0.003165875,2
ozks,0.003351666,4
ozks,0.00297725,1
ozks,0.004223875,46
ozks,0.005549083,90
ozks,0.003332417,4
ozks,0.002337208,0
ozks,0.003624791,19
ozks,0.002828375,1
ozks,0.00331075,10
ozks,0.014871166,476
ozks,0.003540042,15
ozks,0.002955958,5
ozks,0.003429375,16
ozks,0.0268455,899
ozks,0.002397375,0
ozks,0.003428958,12
ozks,0.008287333,218
ozks,0.002839875,2
ozks,0.00455875,64
ozks,0.007119292,158
ozks,0.00420475,22
ozks,0.003426375,15
ozks,0.003330583,6
ozks,0.010663792,322
ozks,0.003499875,13
ozks,0.003880833,4
ozks,0.006134667,111
ozks,0.003539916,13
ozks,0.002333791,0
ozks,0.00309975,5
ozks,0.005476958,88
ozks,0.020767625,780
ozks,0.0031275,6
ozks,0.010378541,302
ozks,0.003246916,5
ozks,0.00594275,116
ozks,0.003193709,3
ozks,0.003453708,6
ozks,0.007523375,136
ozks,0.002481875,0
ozks,0.003267375,8
ozks,0.003484625,14
ozks,0.003974167,33
ozks,0.018913583,682
ozks,0.005826041,108
ozks,0.003273833,9
ozks,0.0033025,2
ozks,0.00396275,24
ozks,0.003180416,2
ozks,0.004209542,49
ozks,0.004105958,22
ozks,0.003842584,4
ozks,0.002982042,3
ozks,0.003327417,8
ozks,0.003957834,35
ozks,0.024415542,991
ozks,0.004687833,54
ozks,0.003250625,7
ozks,0.003036375,2
ozks,0.005210834,78
ozks,0.008131042,202
ozks,0.00381225,21
ozks,0.0029385,3
ozks,0.003640667,8
ozks,0.00317225,8
ozks,0.002560958,0
ozks,0.003113166,7
ozks,0.004505292,54
ozks,0.003588792,12
ozks,0.00474075,42
ozks,0.003251041,9
ozks,0.003235666,2
ozks,0.00399075,14
ozks,0.00309225,4
ozks,0.005542041,106
ozks,0.002368458,0
ozks,0.002677291,0
ozks,0.006618916,146
ozks,0.003596125,12
ozks,0.004480375,34
ozks,0.003686667,21
ozks,0.003535541,13
ozks,0.006079417,134
ozks,0.004348125,45
ozks,0.002745375,0
ozks,0.003709042,10
ozks,0.003815375,30
ozks,0.002943542,3
ozks,0.004137208,26
ozks,0.005091291,88
ozks,0.003047291,7
ozks,0.003021625,3
ozks,0.013978542,418
ozks,0.004259083,35
ozks,0.0070535,153
ozks,0.003258833,7
ozks,0.003353041,11
ozks,0.004606959,56
ozks,0.003948125,22
ozks,0.003352917,7
ozks,0.003612459,22
ozks,0.003830584,10
ozks,0.006119542,80
ozks,0.003566667,11
ozks,0.003986,31
ozks,0.004198666,21
ozks,0.00393475,17
ozks,0.004157458,31
ozks,0.003273,10
ozks,0.016317875,476
ozks,0.007125667,145
ozks,0.004495041,33
ozks,0.0042755,47
ozks,0.00459975,43
ozks,0.00388375,3
ozks,0.003413458,4
ozks,0.004871375,19
ozks,0.008495417,201
ozks,0.007644875,194
ozks,0.002941667,1
ozks,0.003127166,1
ozks,0.016060833,542
ozks,0.019916917,729
ozks,0.023407458,883
ozks,0.003074667,2
ozks,0.004459875,22
ozks,0.00350125,12
ozks,0.004363916,30
ozks,0.005284666,97
ozks,0.004154042,31
ozks,0.00373675,15
ozks,0.019037334,690
ozks,0.003335959,5
ozks,0.003972709,36
ozks,0.003422625,15
ozks,0.003044667,5
ozks,0.00329975,4
ozks,0.00529425,62
ozks,0.023331833,866
ozks,0.0040775,35
ozks,0.003610042,16
ozks,0.003022417,4
ozks,0.004392542,36
ozks,0.002944125,2
ozks,0.003215208,3
ozks,0.002869375,2
ozks,0.00295325,2
ozks,0.00298725,1
ozks,0.00336425,5
ozks,0.003516417,6
ozks,0.003653916,16
ozks,0.003321625,7
ozks,0.004118292,38
ozks,0.004841209,68
ozks,0.003420208,13
ozks,0.004722583,52
ozks,0.006551584,129
ozks,0.003451792,11
ozks,0.009412208,262
ozks,0.003123041,7
ozks,0.003254792,5
ozks,0.006107834,136
ozks,0.004148417,6
ozks,0.006565417,133
ozks,0.003637708,4
ozks,0.00383125,19
ozks,0.003426458,11
ozks,0.003040667,3
ozks,0.003515209,9
ozks,0.002618375,0
ozks,0.0024495,0
ozks,0.002895167,1
ozks,0.0040605,39
ozks,0.005519459,83
ozks,0.003231,4
ozks,0.00877725,237
ozks,0.00307675,5
ozks,0.002668458,0
ozks,0.003437833,13
ozks,0.003127333,3
ozks,0.005946583,129
ozks,0.003671416,17
ozks,0.008077041,201
ozks,0.004686625,62
ozks,0.004823708,63
ozks,0.003385292,9
ozks,0.006354458,143
ozks,0.00294875,1
ozks,0.008317375,158
ozks,0.006867125,129
ozks,0.00375625,2
ozks,0.00362,13
ozks,0.003011584,2
ozks,0.00383525,17
ozks,0.003746125,18
ozks,0.003652709,8
ozks,0.003083041,1
ozks,0.004427375,34
ozks,0.003273042,8
ozks,0.003224042,4
ozks,0.003423792,6
ozks,0.003027333,1
ozks,0.005065875,72
ozks,0.002938291,2
ozks,0.003717709,17
ozks,0.003127667,5
ozks,0.003364625,13
ozks,0.002393209,0
ozks,0.003688166,10
ozks,0.002970916,4
ozks,0.002555042,0
ozks,0.002672,0
ozks,0.019860666,700
ozks,0.003632875,20
ozks,0.003231,4
ozks,0.004531,66
ozks,0.003104708,7
ozks,0.003285291,10
ozks,0.003886375,31
ozks,0.002311791,0
ozks,0.003149833,1
ozks,0.003151542,8
ozks,0.002289208,0
ozks,0.003178375,4
ozks,0.002275417,0
ozks,0.011269584,328
ozks,0.002400666,0
ozks,0.002861458,2
ozks,0.003743208,23
ozks,0.002934958,1
ozks,0.003850417,30
ozks,0.014399042,485
ozks,0.003987917,42
ozks,0.003713791,29
ozks,0.003823916,25
ozks,0.003778958,30
ozks,0.011177666,324
ozks,0.004167459,35
ozks,0.003216959,3
ozks,0.006418083,137
ozks,0.003277667,9
ozks,0.021865375,785
ozks,0.00262325,0
ozks,0.010383917,313
ozks,0.002900584,2
ozks,0.003351583,5
ozks,0.003931167,38
ozks,0.003436958,16
ozks,0.01067875,339
ozks,0.002866208,0
ozks,0.0038875,30
ozks,0.004024209,11
ozks,0.002964375,1
ozks,0.002859166,4
ozks,0.0032525,10
ozks,0.003093333,1
ozks,0.002829334,1
ozks,0.003697208,30
ozks,0.002844333,1
ozks,0.002340666,0
ozks,0.0030795,7
ozks,0.00349625,10
ozks,0.003129542,6
ozks,0.003791166,17
ozks,0.003407083,12
ozks,0.010477792,325
ozks,0.00353225,14
ozks,0.004089792,48
ozks,0.002807375,1
ozks,0.002909875,2
ozks,0.007608916,169
ozks,0.003718125,12
ozks,0.0035855,24
ozks,0.006855166,110
ozks,0.002846334,1
ozks,0.023214042,847
ozks,0.007264584,191
ozks,0.002402958,0
ozks,0.0030785,2
ozks,0.009662583,263
ozks,0.014872083,541
ozks,0.019639875,747
ozks,0.003018208,4
ozks,0.004550833,56
ozks,0.004446958,56
ozks,0.002823959,1
ozks,0.004758709,36
ozks,0.005076417,68
ozks,0.007934625,195
ozks,0.00370775,10
ozks,0.003480583,17
ozks,0.00285075,1
ozks,0.024444583,922
ozks,0.002932417,1
ozks,0.002812917,1
ozks,0.006427166,139
ozks,0.003484375,16
ozks,0.003038417,4
ozks,0.00301275,4
ozks,0.002309458,0
ozks,0.002862625,1
ozks,0.009964,325
ozks,0.003231083,3
ozks,0.011488208,354
ozks,0.003470625,19
ozks,0.00298375,4
ozks,0.003497333,13
ozks,0.003439625,12
ozks,0.005984208,99
ozks,0.003603167,15
ozks,0.005889625,101
ozks,0.003617875,3
ozks,0.004893334,77
ozks,0.00414775,36
ozks,0.002958042,2
ozks,0.003467125,12
ozks,0.004203375,55
ozks,0.003447042,8
ozks,0.002997208,4
ozks,0.003203167,5
ozks,0.006650875,136
ozks,0.003788584,22
ozks,0.003763708,27
ozks,0.007218,163
ozks,0.003730542,9
ozks,0.003282125,8
ozks,0.003481917,8
ozks,0.026012125,967
ozks,0.003492125,13
ozks,0.007754583,195
ozks,0.00557025,99
ozks,0.004582167,69
ozks,0.002908042,1
ozks,0.006472042,141
ozks,0.00481875,73
ozks,0.003618583,17
ozks,0.003959209,22
ozks,0.004302791,27
ozks,0.0035245,14
ozks,0.004132334,18
ozks,0.007865209,191
ozks,0.01039575,324
ozks,0.002948167,2
ozks,0.003448,14
ozks,0.004874,67
ozks,0.002990792,1
ozks,0.01035275,313
ozks,0.002408,0
ozks,0.006012292,111
ozks,0.002990875,2
ozks,0.002936917,4
ozks,0.012348875,328
ozks,0.005981958,109
ozks,0.003310542,6
ozks,0.003661375,17
ozks,0.004592292,46
ozks,0.002282208,0
ozks,0.005852875,93
ozks,0.004159459,30
ozks,0.003369417,18
ozks,0.005858375,102
ozks,0.023009375,856
ozks,0.003146291,8
ozks,0.010890792,270
ozks,0.003259667,8
ozks,0.023470584,876
ozks,0.005341208,100
ozks,0.006404208,140
ozks,0.012303792,385
ozks,0.004825916,65
ozks,0.01727325,605
ozks,0.002939833,3
ozks,0.007058791,149
ozks,0.00606725,84
ozks,0.002905,1
ozks,0.003210875,10
ozks,0.012169,351
ozks,0.01000925,324
ozks,0.004137792,39
ozks,0.006831917,164
ozks,0.004913167,50
ozks,0.003500167,10
ozks,0.003766,18
ozks,0.007449375,185
ozks,0.005230625,65
ozks,0.003711125,9
ozks,0.005785541,102
ozks,0.004352875,50
ozks,0.004338916,24
ozks,0.002804459,1
ozks,0.002842041,1
ozks,0.003111708,6
ozks,0.003236916,8
ozks,0.002278625,0
ozks,0.002917083,3
ozks,0.003053792,3
ozks,0.004565875,63
ozks,0.014246834,475
ozks,0.003557417,14
ozks,0.004726292,45
ozks,0.010226125,328
ozks,0.014943375,498
ozks,0.003610292,14
ozks,0.003226042,10
ozks,0.006538083,146
ozks,0.003538459,16
ozks,0.002589917,0
ozks,0.002815209,1
ozks,0.00555125,93
ozks,0.003889208,22
ozks,0.002965292,4
ozks,0.005239167,88
ozks,0.002938917,0
ozks,0.002673125,0
ozks,0.004302875,43
ozks,0.003112875,7
ozks,0.003650084,25
ozks,0.004169292,41
ozks,0.006339416,140
ozks,0.002782167,1
ozks,0.003415292,12
ozks,0.007373042,159
ozks,0.003380417,10
ozks,0.012210833,423
ozks,0.003645791,19
ozks,0.005595083,101
ozks,0.003626959,17
ozks,0.00333075,7
ozks,0.003717292,23
ozks,0.004317625,45
ozks,0.002927584,4
ozks,0.00292625,3
ozks,0.003595,11
ozks,0.011009125,328
ozks,0.003852125,25
ozks,0.003205208,10
ozks,0.010809791,341
ozks,0.003255375,8
ozks,0.005294042,94
ozks,0.003165125,5
ozks,0.003184833,8
ozks,0.00493875,67
ozks,0.00394825,33
ozks,0.002846,2
ozks,0.008656625,235
ozks,0.002962083,4
ozks,0.007217709,117
ozks,0.003309667,8
ozks,0.003235625,9
ozks,0.003416875,1
ozks,0.00286325,2
ozks,0.006410584,148
ozks,0.003251084,9
ozks,0.003551584,15
ozks,0.009292125,262
ozks,0.005993167,114
ozks,0.003408375,11
ozks,0.006302,122
ozks,0.002382125,0
ozks,0.005572667,76
ozks,0.006215041,111
ozks,0.003296667,6
ozks,0.005551542,70
ozks,0.003411166,10
ozks,0.003247916,8
ozks,0.002930167,2
ozks,0.004429334,53
ozks,0.003072083,5
ozks,0.004653125,60
ozks,0.023935167,908
ozks,0.004639292,55
ozks,0.003920208,15
ozks,0.002825958,1
ozks,0.008156125,202
ozks,0.014493791,445
ozks,0.003541708,15
ozks,0.003312583,11
ozks,0.002321709,0
ozks,0.002943291,3
ozks,0.002998458,1
ozks,0.003299292,6
ozks,0.003062958,8
ozks,0.003254083,9
ozks,0.006855292,169
ozks,0.003519917,1
ozks,0.003608791,24
ozks,0.01129525,361
ozks,0.004239666,18
ozks,0.003044833,5
ozks,0.003166084,3
ozks,0.010318208,351
ozks,0.006321667,142
ozks,0.002893125,5
ozks,0.003988792,43
ozks,0.002853709,2
ozks,0.004890875,64
ozks,0.003964833,35
ozks,0.004856417,54
ozks,0.002854583,2
ozks,0.003061291,5
ozks,0.003345083,12
ozks,0.003813,26
ozks,0.004614334,43
ozks,0.0071985,168
ozks,0.00306275,2
ozks,0.004743291,74
ozks,0.004975,71
ozks,0.003323209,12
ozks,0.008351583,186
ozks,0.003497667,7
ozks,0.003200125,8
ozks,0.026015292,997
ozks,0.010401916,229
ozks,0.00243175,0
ozks,0.003778,25
ozks,0.003609041,18
ozks,0.002298583,0
ozks,0.004377583,52
ozks,0.003336875,11
ozks,0.003896292,28
ozks,0.002773333,2
ozks,0.005516459,101
ozks,0.00556275,116
ozks,0.002475083,0
ozks,0.00257725,0
ozks,0.007079625,146
ozks,0.004785875,62
ozks,0.021939,749
ozks,0.002583625,0
ozks,0.004995083,60
ozks,0.00299475,5
ozks,0.002985917,1
ozks,0.003164375,3
ozks,0.004163417,21
ozks,0.004403375,62
ozks,0.003310917,11
ozks,0.002928291,2
ozks,0.002998375,4
ozks,0.003246916,3
ozks,0.02315275,734
ozks,0.003033792,4
ozks,0.002989833,2
ozks,0.008585041,241
ozks,0.004858041,59
ozks,0.003701208,21
ozks,0.005763,98
ozks,0.003595417,20
ozks,0.003289125,3
ozks,0.003490625,13
ozks,0.003270417,5
ozks,0.003480292,14
ozks,0.004272333,53
ozks,0.002973,5
ozks,0.002341041,0
ozks,0.003571,16
ozks,0.0030065,2
ozks,0.00472725,57
ozks,0.00348025,17
ozks,0.004496375,37
ozks,0.004183208,43
ozks,0.015391,528
ozks,0.002302,0
ozks,0.003081917,5
ozks,0.005072958,92
ozks,0.003672209,29
ozks,0.004539125,39
ozks,0.010196542,325
ozks,0.002477042,0
ozks,0.008930916,233
ozks,0.003402834,10
ozks,0.003229583,9
ozks,0.003399167,10
ozks,0.002369792,0
ozks,0.003570125,19
ozks,0.023419875,901
ozks,0.003314417,1
ozks,0.00315825,5
ozks,0.003533667,16
ozks,0.003393125,10
ozks,0.004044,41
ozks,0.003628375,17
ozks,0.003754458,21
ozks,0.004749708,72
ozks,0.003818375,5
ozks,0.00289025,1
ozks,0.003192375,8
ozks,0.003206583,4
ozks,0.002845666,1
ozks,0.003165334,5
ozks,0.003889916,27
ozks,0.007481708,197
ozks,0.003376083,9
ozks,0.019686333,692
ozks,0.00371775,20
ozks,0.003363833,11
ozks,0.00355325,13
ozks,0.003798334,6
ozks,0.002863833,1
ozks,0.003429834,17
ozks,0.003644666,9
ozks,0.002492708,0
ozks,0.003168666,9
ozks,0.003456542,8
ozks,0.002290291,0
ozks,0.005538167,92
ozks,0.003181208,3
ozks,0.003516875,19
ozks,0.003176459,8
ozks,0.005667333,71
ozks,0.004536459,35
ozks,0.003602583,9
ozks,0.003250459,10
ozks,0.003827833,28
ozks,0.00357175,19
ozks,0.006720792,144
ozks,0.006819166,137
ozks,0.00227875,0
ozks,0.00242125,0
ozks,0.003026458,6
ozks,0.00691425,171
ozks,0.024684375,931
ozks,0.0073885,190
ozks,0.00350675,8
ozks,0.003215292,8
ozks,0.003062875,5
ozks,0.003730459,25
ozks,0.006460625,138
ozks,0.007523917,173
ozks,0.003171375,6
ozks,0.006181375,97
ozks,0.004418958,55
ozks,0.004193709,53
ozks,0.003693208,16
ozks,0.006037833,127
ozks,0.022482667,831
ozks,0.003021917,7
ozks,0.003125416,5
ozks,0.022383041,828
ozks,0.002978542,5
ozks,0.003091125,3
ozks,0.003423042,17
ozks,0.004830292,78
ozks,0.023180541,836
ozks,0.003289667,10
ozks,0.0100925,256
ozks,0.0054185,65
ozks,0.005586458,82
ozks,0.003870875,21
ozks,0.003181125,8
ozks,0.015754083,538
ozks,0.003157834,7
ozks,0.003278709,4
ozks,0.006461333,143
ozks,0.003380791,6
ozks,0.00399,41
ozks,0.005137792,65
ozks,0.017442167,561
ozks,0.004242084,27
ozks,0.021178333,807
ozks,0.003590291,17
ozks,0.005337958,74
ozks,0.022876375,833
ozks,0.004242209,27
ozks,0.003156,2
ozks,0.012610459,411
ozks,0.003161542,7
ozks,0.008058542,176
ozks,0.003173209,7
ozks,0.019387417,690
ozks,0.002949292,1
ozks,0.004159708,35
ozks,0.011726791,357
ozks,0.00531525,72
ozks,0.007146334,149
ozks,0.003510542,15
ozks,0.003788041,26
ozks,0.004378916,40
ozks,0.003285958,8
ozks,0.009357917,247
ozks,0.00432775,27
ozks,0.003215584,5
ozks,0.004206834,26
ozks,0.003489959,15
ozks,0.003476708,15
ozks,0.002887416,1
ozks,0.013387042,417
ozks,0.003278667,9
ozks,0.004360875,39
ozks,0.002282583,0
ozks,0.003727,12
ozks,0.005025334,78
ozks,0.002511542,0
ozks,0.003480916,6
ozks,0.003525166,16
ozks,0.0033855,15
ozks,0.004476833,44
ozks,0.005038791,83
ozks,0.002948208,2
ozks,0.004402166,45
ozks,0.003263916,1
ozks,0.010302166,324
ozks,0.00251675,0
ozks,0.004129792,10
ozks,0.003874667,28
ozks,0.009424042,265
ozks,0.006667125,139
ozks,0.003602708,17
ozks,0.003954833,28
ozks,0.003144583,2
ozks,0.003008917,4
ozks,0.002424583,0
ozks,0.003783417,25
ozks,0.00669125,149
ozks,0.003897583,32
ozks,0.020486084,743
ozks,0.003581916,2
ozks,0.003707459,1
ozks,0.016981792,608
ozks,0.0036935,20
ozks,0.007881625,192
ozks,0.003606083,14
ozks,0.003152333,5
ozks,0.003486916,13
ozks,0.003085209,3
ozks,0.007051375,147
ozks,0.003339667,11
ozks,0.0034325,11
ozks,0.003628833,11
ozks,0.006307708,110
ozks,0.023194042,812
ozks,0.003028833,2
ozks,0.005400917,88
ozks,0.003296125,8
ozks,0.003218958,11
ozks,0.003996583,44
ozks,0.002856958,1
ozks,0.00426075,38
ozks,0.003745209,16
ozks,0.0244875,905
ozks,0.004790875,65
ozks,0.002975292,6
ozks,0.00366775,8
ozks,0.003170708,2
ozks,0.017358833,650
ozks,0.00372525,17
ozks,0.024852958,929
ozks,0.010156208,293
ozks,0.00314325,2
ozks,0.003033542,3
ozks,0.004007542,36
ozks,0.003800291,24
ozks,0.002850416,1
ozks,0.002906083,2
ozks,0.002917042,2
ozks,0.008068292,158
ozks,0.00319425,8
ozks,0.004520208,68
ozks,0.006365958,143
ozks,0.002833542,1
ozks,0.006894792,149
ozks,0.003121667,6
ozks,0.007370375,160
ozks,0.004322083,30
ozks,0.006630708,159
ozks,0.021982291,849
ozks,0.011252375,337
ozks,0.015785375,475
ozks,0.004296167,24
ozks,0.006762709,152
ozks,0.00341725,13
ozks,0.005918875,109
ozks,0.022513083,833
ozks,0.002491583,0
ozks,0.00729875,176
ozks,0.003171084,8
ozks,0.002318417,0
ozks,0.003089083,6
ozks,0.006131458,105
ozks,0.004515875,68
ozks,0.003625791,4
ozks,0.00547975,58
ozks,0.002930209,3
ozks,0.004616334,67
ozks,0.00699225,149
ozks,0.003177125,2
ozks,0.003196958,6
ozks,0.003353167,7
ozks,0.00368025,17
ozks,0.003749959,17
ozks,0.003633167,21
ozks,0.016485458,551
ozks,0.003278708,2
ozks,0.004387917,30
ozks,0.004638542,59
ozks,0.006043167,101
ozks,0.004134333,28
ozks,0.003744208,18
ozks,0.003941458,30
ozks,0.003506166,6
ozks,0.005691125,90
ozks,0.01389025,467
ozks,0.004372375,52
ozks,0.00322375,9
ozks,0.014843166,498
ozks,0.005584042,99
ozks,0.003716709,18
ozks,0.004145,31
ozks,0.01053125,343
ozks,0.003177375,9
ozks,0.003879916,28
ozks,0.006678833,137
ozks,0.007044917,140
ozks,0.009439958,264
ozks,0.003231833,3
ozks,0.007877459,201
ozks,0.003037458,4
ozks,0.002729666,0
ozks,0.007045875,129
ozks,0.003986584,39
ozks,0.003872875,26
ozks,0.002825583,1
ozks,0.009964959,302
ozks,0.003194166,5
ozks,0.004013041,38
ozks,0.004279958,28
ozks,0.006154917,127
ozks,0.00427075,38
ozks,0.003406917,13
ozks,0.002990625,2
ozks,0.003830708,9
ozks,0.003570208,1
ozks,0.003523,13
ozks,0.012291458,401
ozks,0.003260792,11
ozks,0.005656,101
ozks,0.004847417,76
ozks,0.002939875,2
ozks,0.003640083,13
ozks,0.004467416,55
ozks,0.003736542,17
ozks,0.003208333,7
ozks,0.003754583,8
ozks,0.00323225,8
ozks,0.003083584,4
ozks,0.00470925,71
ozks,0.002910291,2
ozks,0.020076333,791
ozks,0.002871291,3
ozks,0.004801,52
ozks,0.022611959,872
ozks,0.006548792,129
ozks,0.003332583,1
ozks,0.005753834,87
ozks,0.004145583,14
ozks,0.004567125,38
ozks,0.003436916,13
ozks,0.005450458,100
ozks,0.002349541,0
ozks,0.007550583,155
ozks,0.00542475,83
ozks,0.004535625,55
ozks,0.002967417,2
ozks,0.00325725,7
ozks,0.004651084,51
ozks,0.003107875,4
ozks,0.009989916,291
ozks,0.004165291,13
ozks,0.00254275,0
ozks,0.00412475,38
ozks,0.003627625,12
ozks,0.002900583,1
ozks,0.002856875,2
ozks,0.002481125,0
ozks,0.007331041,181
ozks,0.007403541,7
ozks,0.003185917,1
ozks,0.004577584,40
ozks,0.009948083,291
ozks,0.004503791,22
ozks,0.004283458,47
ozks,0.004066292,34
ozks,0.006647292,133
ozks,0.002508042,0
ozks,0.003784875,27
ozks,0.003213,3
ozks,0.003112458,4
ozks,0.004240917,35
ozks,0.003465041,7
ozks,0.004331375,35
ozks,0.003128042,4
ozks,0.003587958,8
ozks,0.003245,10
ozks,0.005806584,104
ozks,0.003282375,5
ozks,0.004554042,55
ozks,0.003560125,17
ozks,0.007765417,206
ozks,0.003067542,1
ozks,0.003535125,8
ozks,0.003902667,28
ozks,0.005443125,99
ozks,0.005607583,94
ozks,0.003811709,13
ozks,0.003478834,10
ozks,0.005236375,96
ozks,0.003288,4
ozks,0.003415,12
ozks,0.002289875,0
ozks,0.0111885,343
ozks,0.006389458,139
ozks,0.003136166,4
ozks,0.004357917,43
ozks,0.003054417,4
ozks,0.018919875,695
ozks,0.003981958,29
ozks,0.003824541,2
ozks,0.002609333,0
ozks,0.0025705,0
ozks,0.003327,8
ozks,0.003043208,4
ozks,0.003497709,11
ozks,0.003156291,5
ozks,0.006748708,147
ozks,0.003749334,9
ozks,0.003555,13
ozks,0.002653041,0
ozks,0.003447291,5
ozks,0.003686334,4
ozks,0.003388792,10
ozks,0.00474825,72
ozks,0.004394667,40
ozks,0.019830333,2
ozks,0.003773625,23
ozks,0.00244575,0
ozks,0.004252458,45
ozks,0.004304208,37
ozks,0.003122042,1
ozks,0.014016083,461
ozks,0.00402375,31
ozks,0.002999417,3
ozks,0.003876875,3
ozks,0.0032695,10
ozks,0.003458,10
ozks,0.003713375,18
ozks,0.006045833,119
ozks,0.003623958,22
ozks,0.003189792,10
ozks,0.026749167,993
ozks,0.003410541,8
ozks,0.003300625,9
ozks,0.005233208,99
ozks,0.004016583,20
ozks,0.004252125,28
ozks,0.003866542,6
ozks,0.003410041,10
ozks,0.003334166,11
ozks,0.010793625,340
ozks,0.003547792,17
ozks,0.003846625,31
ozks,0.004594583,58
ozks,0.003848459,27
ozks,0.003726583,29
ozks,0.004527625,67
ozks,0.02058625,746
ozks,0.00233025,0
ozks,0.004867625,33
ozks,0.003724292,21
ozks,0.003264208,10
ozks,0.00518575,77
ozks,0.003515875,17
ozks,0.004258833,38
ozks,0.004365708,36
ozks,0.019658916,703
ozks,0.002847625,1
ozks,0.002877833,4
ozks,0.002479417,0
ozks,0.003014667,5
ozks,0.003365375,9
ozks,0.004836959,63
ozks,0.003420208,13
ozks,0.002289417,0
ozks,0.025031,927
ozks,0.002988625,5
ozks,0.004678,44
ozks,0.0048,22
ozks,0.00641275,18
ozks,0.003207041,2
ozks,0.006514417,72
ozks,0.006630541,140
ozks,0.003461709,1
ozks,0.003541791,5
ozks,0.0047495,53
ozks,0.004264958,26
ozks,0.005096208,50
ozks,0.002767375,0
ozks,0.004292042,40
ozks,0.00458825,37
ozks,0.004980083,54
ozks,0.004237334,17
ozks,0.004359292,5
ozks,0.004119417,11
ozks,0.007458458,158
ozks,0.012887667,384
ozks,0.002466625,0
ozks,0.003866,17
ozks,0.003087709,1
ozks,0.003372041,5
ozks,0.005215041,51
ozks,0.004618459,43
ozks,0.003252583,3
ozks,0.019739833,668
ozks,0.004266333,22
ozks,0.004059667,1
ozks,0.002843458,0
ozks,0.003401417,3
ozks,0.003626708,12
ozks,0.017506,586
ozks,0.003008792,5
ozks,0.006640375,140
ozks,0.003220542,3
ozks,0.004576625,59
ozks,0.003044167,3
ozks,0.014245083,262
ozks,0.009674875,291
ozks,0.002746792,0
ozks,0.003836042,27
ozks,0.003349792,10
ozks,0.026068625,967
ozks,0.003363375,8
ozks,0.003319292,10
ozks,0.003471792,11
ozks,0.004095667,34
ozks,0.02416475,874
ozks,0.006435792,139
ozks,0.003482333,11
ozks,0.003355416,8
ozks,0.004835916,31
ozks,0.003777541,16
ozks,0.005648042,107
ozks,0.003550958,7
ozks,0.003127208,1
ozks,0.003824042,13
ozks,0.003787291,17
ozks,0.0044175,33
ozks,0.004807459,49
ozks,0.004592125,40
ozks,0.004894375,45
ozks,0.003375709,1
ozks,0.01385825,389
ozks,0.003396917,3
ozks,0.006808667,123
ozks,0.025650625,991
ozks,0.003550542,13
ozks,0.003507916,8
ozks,0.005549667,107
ozks,0.003105166,8
ozks,0.004214458,43
ozks,0.002642583,0
ozks,0.002388041,0
ozks,0.004165833,25
ozks,0.003306792,9
ozks,0.002344125,0
ozks,0.003312709,7
ozks,0.003216959,4
ozks,0.003058083,3
ozks,0.004566041,62
ozks,0.003505667,8
ozks,0.003457416,16
ozks,0.003246958,6
ozks,0.004474875,56
ozks,0.007807209,165
ozks,0.014903833,541
ozks,0.003296584,5
ozks,0.015320916,516
ozks,0.003352125,7
ozks,0.006834042,148
ozks,0.003721084,12
ozks,0.005126667,72
ozks,0.003442375,8
ozks,0.003246,9
ozks,0.00643,140
ozks,0.004331958,53
ozks,0.005732917,77
ozks,0.003030209,1
ozks,0.004227417,29
ozks,0.006689791,147
ozks,0.003296166,11
ozks,0.003194,3
ozks,0.004399875,36
ozks,0.010180459,291
ozks,0.003158083,7
ozks,0.004049083,35
ozks,0.004792,68
ozks,0.004645083,56
ozks,0.007835417,197
ozks,0.003696375,6
ozks,0.002847958,0
ozks,0.005681416,105
ozks,0.003419333,6
ozks,0.003633333,21
ozks,0.004306791,28
ozks,0.009685625,268
ozks,0.003169792,6
ozks,0.006058708,125
ozks,0.004047458,38
ozks,0.002975375,4
ozks,0.006492583,138
ozks,0.006985125,158
ozks,0.003196583,2
ozks,0.002931625,1
ozks,0.003006042,2
ozks,0.003233583,1
ozks,0.00364575,8
ozks,0.00363775,19
ozks,0.012895833,410
ozks,0.003167125,4
ozks,0.005503917,97
ozks,0.003272458,9
ozks,0.003254208,3
ozks,0.002478542,0
ozks,0.003800542,5
ozks,0.004787917,35
ozks,0.005672167,99
ozks,0.003047708,7
ozks,0.016532167,538
ozks,0.005040375,69
ozks,0.003097542,4
ozks,0.005982875,110
ozks,0.00310125,3
ozks,0.004032417,17
ozks,0.003715291,23
ozks,0.004332083,20
ozks,0.004498542,35
ozks,0.005004208,45
ozks,0.003599042,4
ozks,0.002693083,0
ozks,0.002683,0
ozks,0.023917417,790
ozks,0.003145792,2
ozks,0.002930375,4
ozks,0.004061,23
ozks,0.004263375,29
ozks,0.003996958,11
ozks,0.005341,70
ozks,0.004693084,11
ozks,0.003770042,10
ozks,0.003875708,9
ozks,0.0043285,34
ozks,0.003451334,11
ozks,0.0043025,50
ozks,0.003512916,8
ozks,0.002814,3
ozks,0.003193459,6
ozks,0.00446675,39
ozks,0.00667625,140
ozks,0.006503125,139
ozks,0.002400708,0
ozks,0.011315333,342
ozks,0.003413709,9
ozks,0.003885666,30
ozks,0.003254917,9
ozks,0.003199209,3
ozks,0.014690541,521
ozks,0.008081084,205
ozks,0.004861334,70
ozks,0.016083792,561
ozks,0.003863375,30
ozks,0.00411125,35
ozks,0.00306275,1
ozks,0.003224125,1
ozks,0.004164459,36
ozks,0.003591333,14
ozks,0.003540292,12
ozks,0.00245475,0
ozks,0.003198875,5
ozks,0.003586541,14
ozks,0.003328542,3
ozks,0.004721833,65
ozks,0.004042,22
ozks,0.00404575,16
ozks,0.003705417,19
ozks,0.003724459,1
ozks,0.004683083,55
ozks,0.003239833,2
ozks,0.003566792,13
ozks,0.00409975,24
ozks,0.013046042,100
ozks,0.002992458,6
ozks,0.003683792,9
ozks,0.003760583,22
ozks,0.00332675,9
ozks,0.020289209,690
ozks,0.003610875,20
ozks,0.007823334,162
ozks,0.016082584,561
ozks,0.003393542,13
ozks,0.004092167,39
ozks,0.010216084,328
ozks,0.003784834,23
ozks,0.003251958,3
ozks,0.003114084,4
ozks,0.004298834,39
ozks,0.017020084,596
ozks,0.003498542,14
ozks,0.003642875,20
ozks,0.003477208,9
ozks,0.005356333,84
ozks,0.004472125,54
ozks,0.002333209,0
ozks,0.005477917,105
ozks,0.002482542,0
ozks,0.002350834,0
ozks,0.0044705,45
ozks,0.003560833,10
ozks,0.003311208,7
ozks,0.004365334,47
ozks,0.003199542,3
ozks,0.004355708,43
ozks,0.01836625,651
ozks,0.004020417,40
ozks,0.004165459,44
ozks,0.003799209,17
ozks,0.004061667,39
ozks,0.003463416,11
ozks,0.003276375,3
ozks,0.003251959,5
ozks,0.00358725,15
ozks,0.002337584,0
ozks,0.003092833,4
ozks,0.019896791,606
ozks,0.003040333,5
ozks,0.004004083,36
ozks,0.004147167,28
ozks,0.002892291,2
ozks,0.003412709,12
ozks,0.003719125,14
ozks,0.003092041,6
ozks,0.003713625,26
ozks,0.004534875,40
ozks,0.002588875,0
ozks,0.002753084,0
ozks,0.003734333,3
ozks,0.011094125,330
ozks,0.004996792,72
ozks,0.00462325,55
ozks,0.003442416,9
ozks,0.003896334,8
ozks,0.003400291,5
ozks,0.01243675,398
ozks,0.002983125,2
ozks,0.003561417,11
ozks,0.003992,29
ozks,0.002989583,1
ozks,0.003415167,2
ozks,0.003913125,16
ozks,0.01847025,661
ozks,0.004122416,35
ozks,0.003272542,7
ozks,0.016237625,550
ozks,0.003673,11
ozks,0.003181042,6
ozks,0.00391525,11
ozks,0.00389125,12
ozks,0.023234834,852
ozks,0.004157208,11
ozks,0.003197584,8
ozks,0.004896625,68
ozks,0.003206666,4
ozks,0.00301775,3
ozks,0.003601208,9
ozks,0.00281775,2
ozks,0.005127042,87
ozks,0.003187125,1
ozks,0.007471125,138
ozks,0.002913083,3
ozks,0.003796584,3
ozks,0.003283375,4
ozks,0.0032065,7
ozks,0.003653292,23
ozks,0.005499417,96
ozks,0.003688958,28
ozks,0.003588625,18
ozks,0.002895958,2
ozks,0.004012208,26
ozks,0.0033135,2
ozks,0.0131645,362
ozks,0.003670959,17
ozks,0.004548583,48
ozks,0.003220833,9
ozks,0.004120667,18
ozks,0.003882458,31
ozks,0.004406583,40
ozks,0.003834291,28
ozks,0.007283792,182
ozks,0.005571583,104
ozks,0.003354917,8
ozks,0.008560542,223
ozks,0.007647667,144
ozks,0.003991292,21
ozks,0.009364041,252
ozks,0.006208875,134
ozks,0.00296375,2
ozks,0.003558208,18
ozks,0.024006708,890
ozks,0.004442375,41
ozks,0.006769584,143
ozks,0.00341575,4
ozks,0.00400775,29
ozks,0.003882375,17
ozks,0.00834925,187
ozks,0.002377292,0
ozks,0.004114875,42
ozks,0.003706917,17
ozks,0.0187145,675
ozks,0.00302425,3
ozks,0.003367958,6
ozks,0.005253042,84
ozks,0.025973333,983
ozks,0.0222915,866
ozks,0.021019917,749
ozks,0.02266575,845
ozks,0.002826792,1
ozks,0.003225917,2
ozks,0.004793541,42
ozks,0.003424208,9
ozks,0.00246625,0
ozks,0.002848959,1
ozks,0.0025245,0
ozks,0.004903791,54
ozks,0.002931333,1
ozks,0.002956792,1
ozks,0.005512083,83
ozks,0.013895375,456
ozks,0.003458666,5
ozks,0.008955875,228
ozks,0.002502084,0
ozks,0.004304334,34
ozks,0.002373334,0
ozks,0.025557083,955
ozks,0.024881209,908
ozks,0.005748542,116
ozks,0.0022735,0
ozks,0.004824875,52
ozks,0.003437958,15
ozks,0.003355333,6
ozks,0.006421,137
ozks,0.004532125,41
ozks,0.003380333,3
ozks,0.005367,67
ozks,0.00408725,38
ozks,0.003324917,6
ozks,0.012605,420
ozks,0.00914825,262
ozks,0.004914041,74
ozks,0.003631458,21
ozks,0.00593025,107
ozks,0.00306125,5
ozks,0.007360166,126
ozks,0.00314925,3
ozks,0.015468125,528
ozks,0.003646625,1
ozks,0.003550208,7
ozks,0.003466375,13
ozks,0.005933708,107
ozks,0.002918834,2
ozks,0.003196625,5
ozks,0.006238792,129
ozks,0.003201417,3
ozks,0.002745875,1
ozks,0.004176875,11
ozks,0.00356025,9
ozks,0.004598667,63
ozks,0.014248542,429
ozks,0.005579917,60
ozks,0.003145625,3
ozks,0.003357916,8
ozks,0.005504875,85
ozks,0.00531675,77
ozks,0.00326675,5
ozks,0.004562875,42
ozks,0.003473375,14
ozks,0.003529209,2
ozks,0.00414375,37
ozks,0.003435541,6
ozks,0.003415333,11
ozks,0.002884833,0
ozks,0.02064175,729
ozks,0.004949417,62
ozks,0.003395416,5
ozks,0.009661291,274
ozks,0.004626666,66
ozks,0.002905833,1
ozks,0.0240695,905
ozks,0.00649075,104
ozks,0.00271425,0
ozks,0.003170125,6
ozks,0.003829208,24
ozks,0.003161958,4
ozks,0.010872334,323
ozks,0.003742791,15
ozks,0.012354166,369
ozks,0.018604375,682
ozks,0.003507875,15
ozks,0.004921083,56
ozks,0.003423458,2
ozks,0.017311666,634
ozks,0.00454075,31
ozks,0.0031425,6
ozks,0.002567792,0
ozks,0.0031965,4
ozks,0.01925475,649
ozks,0.003598208,17
ozks,0.005062833,80
ozks,0.004676625,64
ozks,0.012845458,417
ozks,0.005189709,60
ozks,0.007114791,165
ozks,0.00317125,3
ozks,0.002347791,0
ozks,0.003173542,1
ozks,0.006882209,134
ozks,0.003147958,7
ozks,0.003188625,8
ozks,0.004747084,30
ozks,0.006640542,149
ozks,0.004035667,29
ozks,0.00337275,8
ozks,0.003469291,6
ozks,0.020481709,739
ozks,0.003864375,17
ozks,0.006506416,140
ozks,0.007070084,140
ozks,0.002338333,0
ozks,0.004045041,22
ozks,0.002934209,1
ozks,0.005970375,101
ozks,0.004871208,71
ozks,0.004063333,27
ozks,0.003172083,6
ozks,0.003518291,8
ozks,0.004101667,33
ozks,0.003013167,4
ozks,0.004744916,59
ozks,0.006533791,128
ozks,0.002384042,0
ozks,0.003361875,5
ozks,0.003682958,27
ozks,0.005136458,46
ozks,0.005630458,92
ozks,0.003537583,9
ozks,0.0030095,4
ozks,0.004061291,16
ozks,0.005654459,108
ozks,0.002933459,1
ozks,0.00418175,30
ozks,0.003842792,12
ozks,0.022269083,814
ozks,0.003093667,1
ozks,0.002926917,1
ozks,0.004381584,30
ozks,0.005126166,78
ozks,0.005146875,59
ozks,0.004281291,43
ozks,0.003356625,12
ozks,0.014577041,521
ozks,0.003525333,15
ozks,0.004213125,26
ozks,0.003677375,17
ozks,0.003947125,8
ozks,0.003237375,8
ozks,0.003516083,7
ozks,0.004104375,36
ozks,0.003104208,2
ozks,0.00557925,80
ozks,0.003534625,9
ozks,0.00304375,5
ozks,0.00897275,246
ozks,0.002514333,0
ozks,0.002978416,3
ozks,0.004036833,29
ozks,0.004004167,26
ozks,0.003183959,0
ozks,0.003637042,17
ozks,0.026224875,967
ozks,0.003184917,7
ozks,0.003942833,18
ozks,0.004290417,39
ozks,0.00293,1
ozks,0.004038916,22
ozks,0.024660334,991
ozks,0.005687,94
ozks,0.004625167,38
ozks,0.002888709,3
ozks,0.004412667,17
ozks,0.0043965,36
ozks,0.0061315,117
ozks,0.021250959,768
ozks,0.0032375,8
ozks,0.003626,10
ozks,0.002990541,2
ozks,0.003065541,4
ozks,0.003005458,2
ozks,0.005002,67
ozks,0.004138834,35
ozks,0.005634916,87
ozks,0.003309333,3
ozks,0.007757833,202
ozks,0.007690875,173
ozks,0.005045583,69
ozks,0.007976625,165
ozks,0.003617083,15
ozks,0.004069292,16
ozks,0.007744417,190
ozks,0.003272,8
ozks,0.003489291,14
ozks,0.002387625,0
ozks,0.003864792,26
ozks,0.003364542,1
ozks,0.003332958,5
ozks,0.003216667,5
ozks,0.003447666,11
ozks,0.005331834,58
ozks,0.004213167,35
ozks,0.003765417,16
ozks,0.007660083,174
ozks,0.003039208,1
ozks,0.003409709,10
ozks,0.0083675,216
ozks,0.00273,0
ozks,0.003243542,3
ozks,0.017608625,620
ozks,0.004351958,35
ozks,0.004776875,45
ozks,0.002873542,0
ozks,0.003391583,10
ozks,0.004060792,16
ozks,0.002357583,0
ozks,0.003864792,18
ozks,0.004631625,48
ozks,0.003354167,1
ozks,0.014737833,470
ozks,0.003988167,24
ozks,0.006883959,142
ozks,0.003520625,5
ozks,0.006125958,127
ozks,0.003169958,4
ozks,0.003904833,19
ozks,0.003390917,8
ozks,0.00403525,17
ozks,0.0041675,36
ozks,0.00321525,6
ozks,0.003182625,6
ozks,0.003680916,12
ozks,0.003392542,4
ozks,0.002793334,0
ozks,0.006656958,143
ozks,0.003835375,26
ozks,0.003018208,1
ozks,0.006890333,138
ozks,0.008835,263
ozks,0.007452875,177
ozks,0.003105,3
ozks,0.003253667,8
ozks,0.003821584,10
ozks,0.002987708,2
ozks,0.004927584,54
ozks,0.003994167,17
ozks,0.010222542,288
ozks,0.003573708,6
ozks,0.003524125,10
ozks,0.002774958,0
ozks,0.006200292,89
ozks,0.0043555,26
ozks,0.006765166,160
ozks,0.003122917,1
ozks,0.003799,13
ozks,0.003391875,2
ozks,0.003561416,13
ozks,0.003350667,3
ozks,0.014494667,173
ozks,0.007025083,159
ozks,0.005220583,57
ozks,0.003340333,9
ozks,0.004221375,36
ozks,0.005698166,80
ozks,0.003453917,6
ozks,0.002979959,1
ozks,0.007317125,164
ozks,0.0026095,0
ozks,0.017212833,590
ozks,0.006417167,140
ozks,0.003626084,3
ozks,0.002553875,0
ozks,0.004532125,39
ozks,0.003226917,8
ozks,0.008455875,190
ozks,0.00347025,4
ozks,0.015512583,523
ozks,0.004028875,17
ozks,0.003819208,18
ozks,0.003577083,8
ozks,0.003162334,7
ozks,0.003254708,3
ozks,0.003073708,1
ozks,0.003978458,9
ozks,0.005754834,92
ozks,0.0024975,0
ozks,0.014113209,453
ozks,0.003750417,6
ozks,0.003078541,2
ozks,0.004225625,33
ozks,0.003762458,9
ozks,0.014633084,488
ozks,0.004446667,47
ozks,0.003408125,2
ozks,0.003189,5
ozks,0.003301542,2
ozks,0.005280792,80
ozks,0.0033405,3
ozks,0.003990459,16
ozks,0.00380475,2
ozks,0.004049667,28
ozks,0.003643958,9
ozks,0.003049833,1
ozks,0.006205667,103
ozks,0.003448875,7
ozks,0.002971792,1
ozks,0.003024458,2
ozks,0.016986166,602
ozks,0.004061166,26
ozks,0.003737,8
ozks,0.003560042,8
ozks,0.008001334,201
ozks,0.01132475,276
ozks,0.003562459,17
ozks,0.003438958,6
ozks,0.012285083,382
ozks,0.00512325,69
ozks,0.004096917,29
ozks,0.004596958,36
ozks,0.003989333,29
ozks,0.002454,0
ozks,0.006645834,145
ozks,0.004295709,36
ozks,0.003438083,6
ozks,0.004094458,9
ozks,0.009355167,263
ozks,0.004139208,19
ozks,0.005816,106
ozks,0.003410584,11
ozks,0.0032245,8
ozks,0.002659416,0
ozks,0.005633625,84
ozks,0.003640667,6
ozks,0.006843584,134
ozks,0.003511833,9
ozks,0.004980125,63
ozks,0.003144334,1
ozks,0.003485917,3
ozks,0.003557292,6
ozks,0.022825834,828
ozks,0.003313292,9
ozks,0.004246584,31
ozks,0.004308917,43
ozks,0.004401208,48
ozks,0.003264292,8
ozks,0.002372125,0
ozks,0.003631542,19
ozks,0.004740417,53
ozks,0.0038325,26
ozks,0.004035458,26
ozks,0.003002292,1
ozks,0.003261875,3
ozks,0.00327275,8
ozks,0.00356,6
ozks,0.024735709,908
ozks,0.004255333,39
ozks,0.006396167,103
ozks,0.003845667,13
ozks,0.004669459,59
ozks,0.003111167,1
ozks,0.006963083,146
ozks,0.003543209,17
ozks,0.004362708,44
ozks,0.004139,35
ozks,0.003368417,4
ozks,0.003992125,26
ozks,0.014943416,541
ozks,0.003954916,17
ozks,0.004261167,44
ozks,0.003936833,25
ozks,0.004292167,4
ozks,0.0039365,26
ozks,0.003607459,8
ozks,0.003400625,2
ozks,0.003122542,3
ozks,0.00377025,10
ozks,0.003134167,3
ozks,0.003503292,12
ozks,0.005231333,85
ozks,0.00266975,0
ozks,0.004536875,53
ozks,0.003901667,23
ozks,0.003692458,11
ozks,0.003925125,14
ozks,0.004023459,30
ozks,0.002618458,0
ozks,0.006628292,143
ozks,0.002496833,0
ozks,0.004753791,42
ozks,0.006614208,137
ozks,0.002738791,0
ozks,0.003278625,8
ozks,0.003395417,2
ozks,0.003326708,9
ozks,0.003205167,6
ozks,0.003284459,4
ozks,0.003587333,13
ozks,0.0025985,0
ozks,0.005463583,65
ozks,0.00339575,2
ozks,0.003142792,1
ozks,0.007744084,182
ozks,0.003294542,2
ozks,0.01015775,325
ozks,0.002512,0
ozks,0.003090667,4
ozks,0.004770083,26
ozks,0.003346125,5
ozks,0.0050095,72
ozks,0.003262125,5
ozks,0.003540583,1
ozks,0.004171583,31
ozks,0.003413042,4
ozks,0.005058708,71
ozks,0.004365,41
ozks,0.003779875,17
ozks,0.006970833,147
ozks,0.003360583,5
ozks,0.003491459,1
ozks,0.004201041,31
ozks,0.003408833,9
ozks,0.019605084,734
ozks,0.009627417,228
ozks,0.00306275,3
ozks,0.0037815,31
ozks,0.003607042,11
ozks,0.005174791,72
ozks,0.0030995,5
ozks,0.003138791,1
ozks,0.003415458,9
ozks,0.004465709,46
ozks,0.007490083,110
ozks,0.004075,17
ozks,0.003055875,3
ozks,0.003832125,14
ozks,0.003425209,11
ozks,0.003231792,8
ozks,0.003523584,11
ozks,0.003551084,11
ozks,0.003231584,2
ozks,0.006099833,116
ozks,0.003904542,16
ozks,0.005645916,62
ozks,0.002929541,3
ozks,0.004675166,54
ozks,0.002995,6
ozks,0.00388175,8
ozks,0.006325667,121
ozks,0.003687708,23
ozks,0.004648667,40
ozks,0.003278,1
ozks,0.003464458,9
ozks,0.004114208,36
ozks,0.018484417,695
ozks,0.006512334,137
ozks,0.00372925,22
ozks,0.002683083,0
ozks,0.013214625,442
ozks,0.010269083,256
ozks,0.003807209,13
ozks,0.003451667,11
ozks,0.015046167,502
ozks,0.009934542,220
ozks,0.018174375,667
ozks,0.006214083,103
ozks,0.003027625,6
ozks,0.003823708,12
ozks,0.004000834,34
ozks,0.007420666,173
ozks,0.021423292,769
ozks,0.003833875,13
ozks,0.003248625,10
ozks,0.003195958,8
ozks,0.003321833,7
ozks,0.002666375,0
ozks,0.003601125,10
ozks,0.00333575,10
ozks,0.007076625,175
ozks,0.010222292,268
ozks,0.003493,17
ozks,0.003878916,13
ozks,0.005623,88
ozks,0.01085125,327
ozks,0.004009458,14
ozks,0.002873708,2
ozks,0.004231542,34
ozks,0.004311917,29
ozks,0.003819625,30
ozks,0.006323708,128
ozks,0.005797917,118
ozks,0.003053625,6
ozks,0.00513875,44
ozks,0.008182458,78
ozks,0.005138,50
ozks,0.008321834,202
ozks,0.004978625,62
ozks,0.004856291,56
ozks,0.003772167,28
ozks,0.004249209,27
ozks,0.002444458,0
ozks,0.005244708,48
ozks,0.00303425,5
ozks,0.003379583,3
ozks,0.002411792,0
ozks,0.003625,10
ozks,0.003946375,31
ozks,0.003300042,4
ozks,0.007016208,48
ozks,0.004634458,15
ozks,0.003710375,9
ozks,0.004031083,14
ozks,0.004161208,21
ozks,0.003599875,1
ozks,0.003798709,15
ozks,0.006784625,150
ozks,0.004922125,68
ozks,0.003148,1
ozks,0.004864833,58
ozks,0.007477166,157
ozks,0.002792333,1
ozks,0.004318167,31
ozks,0.005727458,65
ozks,0.003748125,15
ozks,0.00734425,154
ozks,0.008956167,214
ozks,0.002347958,0
ozks,0.003522542,9
ozks,0.007293084,149
ozks,0.008879625,240
ozks,0.006055833,129
ozks,0.00273025,1
ozks,0.002980875,6
ozks,0.004075916,29
ozks,0.015456666,558
ozks,0.010068708,305
ozks,0.004555583,57
ozks,0.005636833,81
ozks,0.006980584,165
ozks,0.003684584,5
ozks,0.004324166,19
ozks,0.003840375,6
ozks,0.004823875,52
ozks,0.003201541,7
ozks,0.002943292,2
ozks,0.003110084,1
ozks,0.004718459,47
ozks,0.004055708,22
ozks,0.00358,7
ozks,0.008084458,5
ozks,0.008044291,201
ozks,0.006992583,99
ozks,0.003335583,1
ozks,0.00356825,10
ozks,0.004331417,21
ozks,0.003677875,5
ozks,0.005759792,93
ozks,0.0041925,27
ozks,0.003034125,2
ozks,0.003951125,23
ozks,0.003758167,8
ozks,0.004959458,54
ozks,0.003560541,1
ozks,0.004891584,64
ozks,0.011164292,325
ozks,0.029958958,908
ozks,0.027609625,893
ozks,0.003580333,9
ozks,0.002762833,0
ozks,0.004608208,26
ozks,0.00766125,181
ozks,0.003942083,22
ozks,0.002965792,1
ozks,0.003316167,0
ozks,0.003857667,9
ozks,0.006365958,81
ozks,0.003930459,17
ozks,0.004122,22
ozks,0.02884275,991
ozks,0.030523875,856
ozks,0.003543958,0
ozks,0.005718,1
ozks,0.002804917,0
ozks,0.003812083,11
ozks,0.006621417,45
ozks,0.0051435,48
ozks,0.003989792,14
ozks,0.00413125,26
ozks,0.003378083,8
ozks,0.003354541,1
ozks,0.002865042,0
ozks,0.009267917,133
ozks,0.005020042,17
ozks,0.004292958,37
ozks,0.011420625,274
ozks,0.003176125,2
ozks,0.004433709,45
ozks,0.003260584,4
ozks,0.0056855,11
ozks,0.003897208,18
ozks,0.015953292,442
ozks,0.008039333,141
ozks,0.003832916,17
ozks,0.006243792,108
ozks,0.003667084,14
ozks,0.002664292,0
ozks,0.003855791,32
ozks,0.006442417,141
ozks,0.005646916,77
ozks,0.0037475,10
ozks,0.00344675,11
ozks,0.004043125,31
ozks,0.010454625,223
ozks,0.003219042,3
ozks,0.008788083,201
ozks,0.003046334,2
ozks,0.007888083,174
ozks,0.002744,0
ozks,0.008720709,210
ozks,0.002738625,0
ozks,0.003526208,9
ozks,0.005022084,65
ozks,0.004078416,11
ozks,0.004400334,42
ozks,0.003126584,4
ozks,0.004614709,44
ozks,0.002921708,3
ozks,0.021539333,742
ozks,0.004143708,23
ozks,0.006276375,127
ozks,0.003251333,1
ozks,0.003588292,17
ozks,0.004848625,52
ozks,0.003395292,5
ozks,0.003369542,9
ozks,0.005261875,71
ozks,0.003381709,4
ozks,0.003048334,1
ozks,0.003935042,35
ozks,0.016441,563
ozks,0.022315625,789
ozks,0.0031125,8
ozks,0.010028333,300
ozks,0.002630459,0
ozks,0.003031542,2
ozks,0.004231833,30
ozks,0.013263,415
ozks,0.004061458,35
ozks,0.00377375,14
ozks,0.008698916,198
ozks,0.002935542,3
ozks,0.004652541,43
ozks,0.002878292,1
ozks,0.003322709,8
ozks,0.00398025,18
ozks,0.003526291,13
ozks,0.003979458,14
ozks,0.005761042,117
ozks,0.004253,28
ozks,0.004230667,18
ozks,0.015592334,541
ozks,0.003432625,5
ozks,0.004649542,27
ozks,0.003642583,8
ozks,0.003235709,7
ozks,0.00306025,2
ozks,0.003156792,1
ozks,0.002439792,0
ozks,0.003491958,17
ozks,0.00552825,105
ozks,0.002592708,0
ozks,0.002914375,1
ozks,0.003816125,10
ozks,0.003058417,6
ozks,0.003372917,8
ozks,0.003650667,5
ozks,0.003470916,6
ozks,0.003173166,6
ozks,0.002901917,4
ozks,0.003764583,17
ozks,0.004436875,43
ozks,0.004462416,45
ozks,0.003235292,7
ozks,0.0041495,27
ozks,0.002879833,2
ozks,0.003088375,1
ozks,0.00334825,2
ozks,0.005493709,94
ozks,0.009670083,252
ozks,0.006661542,130
ozks,0.003096042,6
ozks,0.003544125,15
ozks,0.005450208,99
ozks,0.018211708,650
ozks,0.004743,69
ozks,0.003506667,8
ozks,0.002333792,0
ozks,0.002808708,2
ozks,0.003559542,15
ozks,0.003890833,28
ozks,0.002322167,0
ozks,0.004916459,53
ozks,0.003904417,33
ozks,0.004699,69
ozks,0.003409917,8
ozks,0.023215958,883
ozks,0.003599666,16
ozks,0.003353333,8
ozks,0.006651125,148
ozks,0.002853125,1
ozks,0.004755833,50
ozks,0.004471959,38
ozks,0.006332875,130
ozks,0.006882208,159
ozks,0.020721583,746
ozks,0.003508,6
ozks,0.003368583,10
ozks,0.003326667,2
ozks,0.002819625,2
ozks,0.004168916,36
ozks,0.004052041,31
ozks,0.00375375,12
ozks,0.009459084,213
ozks,0.004109584,27
ozks,0.007370625,179
ozks,0.003186208,4
ozks,0.002523791,0
ozks,0.003710292,18
ozks,0.005501375,89
ozks,0.002530583,0
ozks,0.004758583,68
ozks,0.00375275,19
ozks,0.0036375,14
ozks,0.00294375,1
ozks,0.021524125,743
ozks,0.003557917,10
ozks,0.024346042,892
ozks,0.004204084,37
ozks,0.0098345,278
ozks,0.003309583,1
ozks,0.003765042,22
ozks,0.004377625,40
ozks,0.003858459,15
ozks,0.0023745,0
ozks,0.003328209,10
ozks,0.010331208,314
ozks,0.003291417,8
ozks,0.003963542,30
ozks,0.019285,274
ozks,0.002586958,0
ozks,0.004044833,17
ozks,0.00253,0
ozks,0.00314275,6
ozks,0.004003834,24
ozks,0.003555708,15
ozks,0.003611791,8
ozks,0.00664575,131
ozks,0.003493209,17
ozks,0.002339666,0
ozks,0.0040875,36
ozks,0.004391375,25
ozks,0.002897542,1
ozks,0.003295125,9
ozks,0.007544916,168
ozks,0.003819291,17
ozks,0.004610209,52
ozks,0.00339575,5
ozks,0.003390875,8
ozks,0.00593125,115
ozks,0.003314625,11
ozks,0.004620459,36
ozks,0.007165583,156
ozks,0.007141584,153
ozks,0.003502125,3
ozks,0.005212875,89
ozks,0.002277666,0
ozks,0.003994291,25
ozks,0.004055333,35
ozks,0.003202375,2
ozks,0.003446167,8
ozks,0.004705041,68
ozks,0.002326542,0
ozks,0.014534958,521
ozks,0.004143375,17
ozks,0.003101125,6
ozks,0.004784792,59
ozks,0.004065208,14
ozks,0.004494084,58
ozks,0.003352959,4
ozks,0.003406,9
ozks,0.002991625,3
ozks,0.004603958,36
ozks,0.002851959,1
ozks,0.008899708,247
ozks,0.003326625,6
ozks,0.003505084,17
ozks,0.006400959,91
ozks,0.004779792,65
ozks,0.003144875,9
ozks,0.003683667,1
ozks,0.002467084,0
ozks,0.007185541,153
ozks,0.003083625,1
ozks,0.006645125,152
ozks,0.003634667,13
ozks,0.007144792,1
ozks,0.00278775,1
ozks,0.004039875,26
ozks,0.003996083,26
ozks,0.004293083,17
ozks,0.002653708,0
ozks,0.004046833,17
ozks,0.014078084,472
ozks,0.003323833,8
ozks,0.002838042,1
ozks,0.002886458,1
ozks,0.00338025,14
ozks,0.014110542,476
ozks,0.010167291,325
ozks,0.026857209,998
ozks,0.003161,1
ozks,0.004380459,17
ozks,0.003220042,3
ozks,0.012751458,358
ozks,0.003533667,17
ozks,0.004417959,44
ozks,0.005323917,83
ozks,0.002320375,0
ozks,0.004044,36
ozks,0.005695334,104
ozks,0.012635958,398
ozks,0.003298042,3
ozks,0.0059315,118
ozks,0.0284265,998
ozks,0.004277542,47
ozks,0.004036583,17
ozks,0.00363975,18
ozks,0.004290208,32
ozks,0.003756208,8
ozks,0.00355375,12
ozks,0.003941792,36
ozks,0.004407,40
ozks,0.003310583,8
ozks,0.00325875,1
ozks,0.002950334,3
ozks,0.002479209,0
ozks,0.003005292,1
ozks,0.005232834,76
ozks,0.003756375,3
ozks,0.003477708,8
ozks,0.003150958,4
ozks,0.003714416,10
ozks,0.011170917,342
ozks,0.003377625,2
ozks,0.003071375,1
ozks,0.003111666,2
ozks,0.004325084,48
ozks,0.00263525,0
ozks,0.00618925,71
ozks,0.003089334,3
ozks,0.003824958,9
ozks,0.007606666,182
ozks,0.003798708,10
ozks,0.003906583,31
ozks,0.007998458,201
ozks,0.003137333,6
ozks,0.002811916,2
ozks,0.004211958,33
ozks,0.003305375,10
ozks,0.003145083,8
ozks,0.003282084,3
ozks,0.003523458,21
ozks,0.003163709,6
ozks,0.003158333,6
ozks,0.005411833,94
ozks,0.0030015,1
ozks,0.011649834,370
ozks,0.003020625,4
ozks,0.012519917,442
ozks,0.003071125,3
ozks,0.006493291,137
ozks,0.003856708,12
ozks,0.003936208,31
ozks,0.0034045,2
ozks,0.010200125,324
ozks,0.014836209,446
ozks,0.003329167,8
ozks,0.002584042,0
ozks,0.003004792,3
ozks,0.003999125,36
ozks,0.005842625,98
ozks,0.002551583,0
ozks,0.005877,117
ozks,0.004731334,65
ozks,0.004836166,69
ozks,0.007801667,179
ozks,0.0038385,24
ozks,0.003258791,4
ozks,0.003311375,6
ozks,0.008096708,214
ozks,0.003718458,23
ozks,0.004433708,31
ozks,0.0031025,3
ozks,0.004077416,37
ozks,0.013371625,438
ozks,0.00311625,4
ozks,0.008581875,210
ozks,0.004289125,49
ozks,0.003802625,17
ozks,0.006340208,105
ozks,0.003392709,10
ozks,0.003629625,12
ozks,0.003565375,8
ozks,0.003321917,11
ozks,0.004072375,28
ozks,0.002983375,5
ozks,0.003669208,17
ozks,0.003625959,15
ozks,0.009325208,263
ozks,0.003108208,0
ozks,0.003393875,7
ozks,0.00519625,53
ozks,0.004369416,35
ozks,0.004463208,35
ozks,0.003040125,3
ozks,0.003237333,3
ozks,0.003562875,18
ozks,0.00353175,6
ozks,0.003632125,13
ozks,0.011101,350
ozks,0.003614958,11
ozks,0.003322583,8
ozks,0.003672708,2
ozks,0.004781583,45
ozks,0.003770291,7
ozks,0.003846125,22
ozks,0.014558584,494
ozks,0.002295208,0
ozks,0.003378167,8
ozks,0.006585291,146
ozks,0.006563708,131
ozks,0.003321083,9
ozks,0.0033135,5
ozks,0.002731917,1
ozks,0.014186625,475
ozks,0.003541375,17
ozks,0.002981416,3
ozks,0.003328792,7
ozks,0.002249208,0
ozks,0.003824625,16
ozks,0.003215125,8
ozks,0.004723333,54
ozks,0.002373584,0
ozks,0.00226125,0
ozks,0.003678667,12
ozks,0.003360708,10
ozks,0.003154625,7
ozks,0.003119542,8
ozks,0.004217583,11
ozks,0.002884333,2
ozks,0.002591625,0
ozks,0.002974292,1
ozks,0.003644125,17
ozks,0.003776125,21
ozks,0.004421792,56
ozks,0.003583167,11
ozks,0.004756666,52
ozks,0.003623708,10
ozks,0.002946416,1
ozks,0.003941083,34
ozks,0.002266167,0
ozks,0.003684917,19
ozks,0.005626875,90
ozks,0.003163875,8
ozks,0.003843792,16
ozks,0.003193375,8
ozks,0.003251584,7
ozks,0.011095833,350
ozks,0.002956,2
ozks,0.004890625,72
ozks,0.003381584,9
ozks,0.003113958,8
ozks,0.004054792,27
ozks,0.004082375,10
ozks,0.00477475,31
ozks,0.004094834,34
ozks,0.00678925,137
ozks,0.009301709,262
ozks,0.008848458,252
ozks,0.008964416,243
ozks,0.004146667,31
ozks,0.002764792,0
ozks,0.003183208,5
ozks,0.006576292,142
ozks,0.003983958,35
ozks,0.004833,72
ozks,0.003418792,14
ozks,0.002379833,0
ozks,0.003651458,26
ozks,0.006675667,141
ozks,0.002419542,0
ozks,0.003362875,8
ozks,0.002447542,0
ozks,0.00599325,118
ozks,0.003327917,8
ozks,0.006355458,124
ozks,0.003980125,37
ozks,0.018683959,590
ozks,0.004195542,37
ozks,0.004723416,65
ozks,0.004508375,44
ozks,0.003261625,13
ozks,0.004482791,56
ozks,0.0029625,1
ozks,0.003231792,8
ozks,0.00409325,36
ozks,0.002871084,1
ozks,0.003667792,11
ozks,0.003233083,8
ozks,0.003749541,2
ozks,0.005941959,123
ozks,0.00382275,12
ozks,0.003071167,3
ozks,0.017793375,650
ozks,0.003201333,4
ozks,0.0028615,1
ozks,0.003985458,31
ozks,0.016510542,608
ozks,0.005659416,94
ozks,0.023469208,767
ozks,0.004451458,39
ozks,0.004821167,47
ozks,0.003897542,19
ozks,0.003218959,7
ozks,0.003246959,8
ozks,0.003290708,10
ozks,0.011164625,353
ozks,0.006989875,145
ozks,0.014897292,541
ozks,0.004177917,34
ozks,0.004303292,45
ozks,0.003179791,4
ozks,0.00370675,26
ozks,0.003682625,22
ozks,0.0034475,2
ozks,0.003665666,14
ozks,0.003888709,19
ozks,0.003166,7
ozks,0.004250292,35
ozks,0.00295675,4
ozks,0.002315708,0
ozks,0.002244834,0
ozks,0.005493584,95
ozks,0.003896791,17
ozks,0.002636875,0
ozks,0.003521917,14
ozks,0.003489125,1
ozks,0.0039195,13
ozks,0.003043875,1
ozks,0.00371,14
ozks,0.00400625,30
ozks,0.003374042,8
ozks,0.0034085,11
ozks,0.003536667,12
ozks,0.004067084,19
ozks,0.003470959,15
ozks,0.003315833,8
ozks,0.003954666,25
ozks,0.0038385,25
ozks,0.003266167,3
ozks,0.003491792,15
ozks,0.004577583,59
ozks,0.003209208,5
ozks,0.003010041,2
ozks,0.004488959,37
ozks,0.004955792,76
ozks,0.004179666,13
ozks,0.003731166,26
ozks,0.005023208,70
ozks,0.003532542,11
ozks,0.004452333,55
ozks,0.003618333,11
ozks,0.005439875,86
ozks,0.014276334,483
ozks,0.00307475,7
ozks,0.018844958,677
ozks,0.01052225,342
ozks,0.00404925,26
ozks,0.002850791,1
ozks,0.004374333,44
ozks,0.004050958,27
ozks,0.003713958,20
ozks,0.003889875,15
ozks,0.003554041,8
ozks,0.002364792,0
ozks,0.003255125,3
ozks,0.005281167,62
ozks,0.003437125,3
ozks,0.003199208,6
ozks,0.003830083,24
ozks,0.004008084,29
ozks,0.003659625,6
ozks,0.002511916,0
ozks,0.00430875,41
ozks,0.002823,1
ozks,0.003086208,2
ozks,0.003410458,6
ozks,0.005006458,68
ozks,0.007513459,185
ozks,0.004241542,39
ozks,0.0047435,76
ozks,0.004315,28
ozks,0.010251458,328
ozks,0.005396,49
ozks,0.002852792,1
ozks,0.003379916,8
ozks,0.003083291,4
ozks,0.002670459,0
ozks,0.003256125,5
ozks,0.002907,1
ozks,0.003530042,8
ozks,0.003003042,1
ozks,0.006160958,111
ozks,0.003236209,1
ozks,0.003846084,22
ozks,0.003261792,2
ozks,0.014585708,438
ozks,0.0030055,1
ozks,0.002430625,0
ozks,0.004637959,52
ozks,0.0050625,81
ozks,0.004599208,67
ozks,0.004234875,50
ozks,0.004796792,49
ozks,0.003808041,16
ozks,0.003243833,8
ozks,0.006954916,154
ozks,0.016389875,574
ozks,0.003382667,9
ozks,0.024015833,953
ozks,0.003540042,12
ozks,0.006597708,135
ozks,0.002944125,1
ozks,0.004021458,15
ozks,0.00498475,71
ozks,0.020362209,732
ozks,0.003473292,7
ozks,0.006141542,90
ozks,0.0051295,83
ozks,0.005848875,107
ozks,0.01924325,676
ozks,0.003568917,18
ozks,0.005206667,80
ozks,0.003439209,18
ozks,0.002928542,2
ozks,0.00374625,22
ozks,0.013526125,448
ozks,0.004464084,50
ozks,0.002409166,0
ozks,0.003764208,3
ozks,0.010218875,312
ozks,0.003306875,7
ozks,0.00372225,3
ozks,0.004455042,55
ozks,0.0030695,5
ozks,0.0028745,1
ozks,0.005387083,84
ozks,0.003070459,2
ozks,0.006320375,142
ozks,0.012073125,369
ozks,0.003772667,18
ozks,0.004490458,28
ozks,0.029418417,692
ozks,0.003224125,8
ozks,0.003893334,13
ozks,0.003702125,7
ozks,0.003224625,6
ozks,0.011598792,378
ozks,0.003056334,1
ozks,0.004271208,50
ozks,0.007151791,175
ozks,0.003151292,1
ozks,0.002920375,2
ozks,0.004906291,83
ozks,0.003160792,0
ozks,0.002996417,2
ozks,0.003444417,9
ozks,0.003398917,8
ozks,0.004350833,24
ozks,0.002805625,1
ozks,0.003338625,6
ozks,0.003586959,10
ozks,0.007081667,158
ozks,0.002828667,1
ozks,0.003628166,15
ozks,0.0033635,1
ozks,0.002752166,1
ozks,0.004963292,85
ozks,0.014703375,541
ozks,0.003391917,3
ozks,0.004826875,66
ozks,0.003362584,17
ozks,0.00293575,3
ozks,0.003137375,6
ozks,0.003991667,31
ozks,0.007543792,171
ozks,0.015417792,541
ozks,0.004505333,55
ozks,0.004425708,52
ozks,0.0035935,6
ozks,0.003128833,3
ozks,0.00459425,65
ozks,0.003594167,14
ozks,0.005584125,59
ozks,0.003336125,9
ozks,0.003387416,12
ozks,0.003735333,15
ozks,0.003030542,6
ozks,0.013908125,463
ozks,0.002951709,3
ozks,0.002906375,1
ozks,0.003688875,12
ozks,0.011307,322
ozks,0.003736375,19
ozks,0.015632625,541
ozks,0.025728541,983
ozks,0.003401083,2
ozks,0.003244583,9
ozks,0.011341625,342
ozks,0.003617167,20
ozks,0.014382542,480
ozks,0.003156167,1
ozks,0.003534458,14
ozks,0.003794333,20
ozks,0.003669041,19
ozks,0.00379825,3
ozks,0.0042075,29
ozks,0.003058166,4
ozks,0.002569708,0
ozks,0.003687042,6
ozks,0.002897125,3
ozks,0.005005292,58
ozks,0.006729417,146
ozks,0.003650083,19
ozks,0.003884833,17
ozks,0.003273125,10
ozks,0.00287325,1
ozks,0.004499375,54
ozks,0.003330541,3
ozks,0.020057833,715
ozks,0.005523459,97
ozks,0.00441775,58
ozks,0.003426042,7
ozks,0.010285958,313
ozks,0.002721,0
ozks,0.003117458,2
ozks,0.006888208,144
ozks,0.00232425,0
ozks,0.002990542,4
ozks,0.005562666,91
ozks,0.00471025,56
ozks,0.003631209,14
ozks,0.014391375,484
ozks,0.003300459,2
ozks,0.003669334,23
ozks,0.004619708,44
ozks,0.003325584,2
ozks,0.002394042,0
ozks,0.011168125,361
ozks,0.003114209,2
ozks,0.00223475,0
ozks,0.002319625,0
ozks,0.0050865,83
ozks,0.003427334,9
ozks,0.003242375,6
ozks,0.002960542,2
ozks,0.003233042,9
ozks,0.002907291,2
ozks,0.01968525,652
ozks,0.019419291,743
ozks,0.003079542,5
ozks,0.004235042,43
ozks,0.003084292,7
ozks,0.003686,20
ozks,0.002938334,2
ozks,0.010359958,327
ozks,0.006687417,146
ozks,0.005189167,60
ozks,0.00411625,39
ozks,0.004174083,48
ozks,0.003483709,10
ozks,0.003559917,12
ozks,0.003119542,4
ozks,0.003330125,2
ozks,0.003365625,10
ozks,0.003526583,8
ozks,0.003143917,4
ozks,0.003670208,23
ozks,0.003285042,5
ozks,0.007038625,138
ozks,0.009831125,254
ozks,0.003552209,15
ozks,0.002849583,1
ozks,0.003216583,8
ozks,0.003871667,17
ozks,0.004546,43
ozks,0.004271333,43
ozks,0.002372417,0
ozks,0.004058292,36
ozks,0.003111833,1
ozks,0.005669,112
ozks,0.003061667,3
ozks,0.003090625,1
ozks,0.004395625,46
ozks,0.012725375,412
ozks,0.003040459,4
ozks,0.023068959,833
ozks,0.003280084,7
ozks,0.003331125,9
ozks,0.002622417,0
ozks,0.003006916,3
ozks,0.006255708,107
ozks,0.003176542,6
ozks,0.003182875,5
ozks,0.008191375,158
ozks,0.002989459,3
ozks,0.004232292,25
ozks,0.002461209,0
ozks,0.003227375,1
ozks,0.003365292,9
ozks,0.00324175,10
ozks,0.006465542,142
ozks,0.002940167,2
ozks,0.003567458,16
ozks,0.007753,193
ozks,0.024398875,915
ozks,0.003905584,34
ozks,0.003349083,9
ozks,0.003911334,22
ozks,0.003089083,6
ozks,0.00364625,7
ozks,0.006772334,146
ozks,0.003220458,7
ozks,0.007254792,164
ozks,0.003344833,5
ozks,0.019235541,685
ozks,0.003469458,17
ozks,0.006789042,157
ozks,0.0034685,17
ozks,0.003387833,8
ozks,0.002805084,1
ozks,0.003045291,4
ozks,0.003478583,4
ozks,0.003409833,11
ozks,0.002887708,2
ozks,0.0037065,28
ozks,0.0145765,485
ozks,0.003022,1
ozks,0.0046115,62
ozks,0.003249084,1
ozks,0.003540208,1
ozks,0.005175708,83
ozks,0.009362541,27
ozks,0.022322,1
ozks,0.002975834,1
ozks,0.006648958,15
ozks,0.005110083,67
ozks,0.003414125,8
ozks,0.004204083,37
ozks,0.002530625,0
ozks,0.0166205,582
ozks,0.004746834,59
ozks,0.002590625,0
ozks,0.003056791,0
ozks,0.00331875,1
ozks,0.00271325,0
ozks,0.007124,158
ozks,0.002655583,0
ozks,0.002912083,1
ozks,0.018209375,644
ozks,0.006545666,133
ozks,0.003849416,13
ozks,0.003732125,25
ozks,0.004288792,26
ozks,0.004832292,75
ozks,0.003606667,13
ozks,0.003104625,6
ozks,0.0067295,156
ozks,0.008290583,211
ozks,0.003125917,0
ozks,0.00326675,5
ozks,0.002202125,0
ozks,0.0067495,142
ozks,0.002432167,0
ozks,0.006759083,131
ozks,0.004917333,76
ozks,0.003079416,1
ozks,0.00322075,8
ozks,0.003788708,4
ozks,0.002472625,0
ozks,0.0042,30
ozks,0.003569167,17
ozks,0.003675291,12
ozks,0.00364275,10
ozks,0.004336083,50
ozks,0.003224959,5
ozks,0.00325775,3
ozks,0.002839416,1
ozks,0.004839583,78
ozks,0.0037245,18
ozks,0.004493417,45
ozks,0.005092,45
ozks,0.010158584,325
ozks,0.005880209,129
ozks,0.0039475,3
ozks,0.003325792,3
ozks,0.004973666,57
ozks,0.0028905,1
ozks,0.019640917,690
ozks,0.002910125,1
ozks,0.016494125,555
ozks,0.002525708,0
ozks,0.002414125,0
ozks,0.026385375,983
ozks,0.008107167,183
ozks,0.003297833,6
ozks,0.00771375,137
ozks,0.003782625,22
ozks,0.015358541,512
ozks,0.003160959,3
ozks,0.023428416,929
ozks,0.00319,2
ozks,0.0040735,42
ozks,0.003975875,31
ozks,0.00395725,22
ozks,0.004623208,35
ozks,0.003132667,2
ozks,0.003221,9
ozks,0.00569025,96
ozks,0.003579958,11
ozks,0.00356225,3
ozks,0.003027958,5
ozks,0.006056584,114
ozks,0.004416167,58
ozks,0.003923417,4
ozks,0.006402542,132
ozks,0.003027542,6
ozks,0.002814583,0
ozks,0.007174,158
ozks,0.005513,106
ozks,0.006998708,149
ozks,0.008904625,229
ozks,0.00358575,15
ozks,0.0033275,8
ozks,0.004019875,26
ozks,0.003514375,8
ozks,0.002665583,0
ozks,0.003429875,7
ozks,0.003817,24
ozks,0.003923208,24
ozks,0.003916541,22
ozks,0.003414042,11
ozks,0.003276916,9
ozks,0.004113542,34
ozks,0.003309417,10
ozks,0.003347208,10
ozks,0.0033895,9
ozks,0.002853084,1
ozks,0.003143833,6
ozks,0.00444625,44
ozks,0.00315525,9
ozks,0.002977125,1
ozks,0.005727875,82
ozks,0.006322292,134
ozks,0.003244,8
ozks,0.002983,4
ozks,0.003791208,18
ozks,0.004057666,24
ozks,0.002817875,1
ozks,0.003754,27
ozks,0.002439542,0
ozks,0.002215209,0
ozks,0.003005,6
ozks,0.00344425,8
ozks,0.003203041,8
ozks,0.009656875,288
ozks,0.005007583,62
ozks,0.00427325,38
ozks,0.003584958,18
ozks,0.004263833,35
ozks,0.004126042,34
ozks,0.003139167,2
ozks,0.003351,8
ozks,0.005169792,85
ozks,0.007565542,133
ozks,0.00495425,78
ozks,0.003729916,17
ozks,0.013519917,382
ozks,0.003153916,3
ozks,0.004026625,36
ozks,0.003129875,5
ozks,0.009055583,241
ozks,0.005008208,59
ozks,0.002845709,3
ozks,0.004916792,66
ozks,0.003489792,7
ozks,0.003075708,6
ozks,0.002957666,4
ozks,0.005429792,97
ozks,0.003990584,26
ozks,0.0024045,0
ozks,0.010283667,324
ozks,0.017804667,620
ozks,0.003226167,9
ozks,0.003272084,4
ozks,0.003024708,2
ozks,0.003226625,9
ozks,0.006679541,150
ozks,0.013689125,446
ozks,0.003274,2
ozks,0.004946625,72
ozks,0.002397042,0
ozks,0.002854375,1
ozks,0.003658166,9
ozks,0.006592708,137
ozks,0.004497333,42
ozks,0.00320525,9
ozks,0.003245292,4
ozks,0.003020541,3
ozks,0.003246125,9
ozks,0.003766916,22
ozks,0.003473708,12
ozks,0.002956208,1
ozks,0.003420958,6
ozks,0.003252542,2
ozks,0.003866209,10
ozks,0.002401667,0
ozks,0.003163583,5
ozks,0.003232208,6
ozks,0.003253167,3
ozks,0.007187375,178
ozks,0.003749834,12
ozks,0.025786416,970
ozks,0.005392583,80
ozks,0.00312025,2
ozks,0.0029545,3
ozks,0.003666208,18
ozks,0.003768167,3
ozks,0.0032685,9
ozks,0.002795167,2
ozks,0.004651917,47
ozks,0.003806958,23
ozks,0.00328775,6
ozks,0.003943917,28
ozks,0.003770041,14
ozks,0.004519166,48
ozks,0.022594,827
ozks,0.010870833,321
ozks,0.002962042,2
ozks,0.002338125,0
ozks,0.011153875,338
ozks,0.004708875,71
ozks,0.003638417,21
ozks,0.003124584,1
ozks,0.003341167,11
ozks,0.003154959,5
ozks,0.003182166,1
ozks,0.005330334,65
ozks,0.006139625,90
ozks,0.003486875,17
ozks,0.002922125,1
ozks,0.006353083,101
ozks,0.004217292,31
ozks,0.002958459,1
ozks,0.003417667,8
ozks,0.003215375,5
ozks,0.004732167,59
ozks,0.002855458,3
ozks,0.003170416,5
ozks,0.002325042,0
ozks,0.003614875,15
ozks,0.003112292,3
ozks,0.005051208,72
ozks,0.005574541,106
ozks,0.003087875,2
ozks,0.005834583,121
ozks,0.003591958,15
ozks,0.00494075,68
ozks,0.003915125,16
ozks,0.003143209,7
ozks,0.003618791,10
ozks,0.003342583,9
ozks,0.006997209,136
ozks,0.003767333,22
ozks,0.003562792,12
ozks,0.004217417,28
ozks,0.006159208,115
ozks,0.005330583,89
ozks,0.002850416,2
ozks,0.005174333,78
ozks,0.003226292,4
ozks,0.002772,1
ozks,0.003879875,25
ozks,0.002921625,1
ozks,0.002886833,1
ozks,0.003618292,19
ozks,0.00794075,201
ozks,0.003594541,5
ozks,0.003145792,7
ozks,0.02335975,851
ozks,0.002941083,2
ozks,0.003843375,28
ozks,0.0063985,21
ozks,0.00683425,145
ozks,0.004286167,9
ozks,0.00353025,18
ozks,0.004260167,34
ozks,0.005001834,72
ozks,0.003018625,3
ozks,0.023285625,883
ozks,0.005395959,67
ozks,0.008718958,204
ozks,0.010626375,339
ozks,0.002785125,1
ozks,0.003415459,12
ozks,0.007031083,159
ozks,0.004536292,45
ozks,0.003733125,11
ozks,0.003282834,9
ozks,0.0052935,79
ozks,0.003480459,9
ozks,0.003197042,6
ozks,0.004683042,39
ozks,0.004652458,44
ozks,0.003991917,25
ozks,0.002963959,1
ozks,0.002870792,1
ozks,0.002654708,0
ozks,0.004208333,45
ozks,0.003823791,21
ozks,0.003927667,8
ozks,0.00441725,39
ozks,0.003014,2
ozks,0.003271917,3
ozks,0.007219375,142
ozks,0.00333575,4
ozks,0.010313,324
ozks,0.004322833,55
ozks,0.003167375,7
ozks,0.018288291,670
ozks,0.004516667,55
ozks,0.004327292,36
ozks,0.00230075,0
ozks,0.00854875,184
ozks,0.004697208,69
ozks,0.003694125,22
ozks,0.003649333,13
ozks,0.005901042,96
ozks,0.005068,66
ozks,0.003005208,3
ozks,0.004100083,28
ozks,0.002596083,0
ozks,0.004048625,31
ozks,0.005257125,83
ozks,0.003368792,9
ozks,0.003317292,2
ozks,0.003177916,4
ozks,0.003725583,13
ozks,0.003921083,32
ozks,0.003687208,12
ozks,0.003836833,8
ozks,0.004574,54
ozks,0.002904083,1
ozks,0.003255375,8
ozks,0.002609958,0
ozks,0.002801458,1
ozks,0.010967541,304
ozks,0.002953833,2
ozks,0.020210625,742
ozks,0.004021375,6
ozks,0.003129709,2
ozks,0.003014875,2
ozks,0.003149291,3
ozks,0.005041291,62
ozks,0.003331833,8
ozks,0.003486959,7
ozks,0.004279875,43
ozks,0.003308209,7
ozks,0.003267333,8
ozks,0.003534042,10
ozks,0.003734709,15
ozks,0.003197416,7
ozks,0.005440125,58
ozks,0.003572875,14
ozks,0.005060084,71
ozks,0.006834375,107
ozks,0.003248792,4
ozks,0.003436542,4
ozks,0.002496916,0
ozks,0.003402125,8
ozks,0.018127292,631
ozks,0.00502725,58
ozks,0.003429916,3
ozks,0.005865875,114
ozks,0.002547834,0
ozks,0.004337583,23
ozks,0.003517333,12
ozks,0.004483,20
ozks,0.02195825,791
ozks,0.003286208,3
ozks,0.005445167,94
ozks,0.005751792,90
ozks,0.002648375,0
ozks,0.004239958,41
ozks,0.006165542,117
ozks,0.003333583,6
ozks,0.00379525,5
ozks,0.005639791,92
ozks,0.004404541,31
ozks,0.004042875,10
ozks,0.004223916,26
ozks,0.003592666,17
ozks,0.003279292,8
ozks,0.002582625,0
ozks,0.003844667,13
ozks,0.002992208,2
ozks,0.00341625,2
ozks,0.003853334,18
ozks,0.004063709,28
ozks,0.006458709,129
ozks,0.004767458,64
ozks,0.003732125,21
ozks,0.003477584,10
ozks,0.004493125,42
ozks,0.003459458,3
ozks,0.004913167,70
ozks,0.003636417,19
ozks,0.003439666,1
ozks,0.003235666,6
ozks,0.004517542,44
ozks,0.004139125,37
ozks,0.004158375,12
ozks,0.003185625,5
ozks,0.005254,87
ozks,0.004650791,35
ozks,0.002568417,0
ozks,0.003198833,3
ozks,0.004175083,36
ozks,0.0038565,10
ozks,0.003173417,3
ozks,0.003781084,13
ozks,0.002664042,0
ozks,0.015913083,574
ozks,0.003504709,3
ozks,0.003027417,3
ozks,0.0040025,28
ozks,0.003183459,3
ozks,0.0040595,15
ozks,0.003095166,3
ozks,0.004811208,44
ozks,0.003274458,5
ozks,0.003457958,4
ozks,0.003602041,9
ozks,0.003403542,9
ozks,0.007767083,199
ozks,0.0031735,4
ozks,0.005613541,97
ozks,0.003412333,2
ozks,0.004362334,44
ozks,0.004204792,19
ozks,0.013151708,425
ozks,0.003250125,8
ozks,0.019545709,738
ozks,0.003171833,1
ozks,0.005129167,71
ozks,0.00288275,1
ozks,0.003763917,13
ozks,0.002365417,0
ozks,0.003202625,8
ozks,0.003214667,4
ozks,0.006023792,99
ozks,0.008123375,182
ozks,0.003125834,8
ozks,0.003928583,13
ozks,0.003207167,8
ozks,0.003430334,3
ozks,0.004482875,45
ozks,0.003373667,11
ozks,0.003327542,10
ozks,0.003642208,11
ozks,0.004399375,57
ozks,0.003772959,14
ozks,0.005549125,88
ozks,0.00922025,245
ozks,0.006136584,84
ozks,0.00359025,9
ozks,0.002754583,1
ozks,0.003617917,20
ozks,0.003115083,1
ozks,0.003091042,5
ozks,0.005923334,111
ozks,0.003049625,2
ozks,0.003583916,4
ozks,0.004715167,60
ozks,0.00287975,1
ozks,0.003203167,8
ozks,0.003538917,5
ozks,0.0031275,6
ozks,0.002662667,0
ozks,0.003257292,5
ozks,0.003582959,17
ozks,0.003071667,4
ozks,0.002892542,2
ozks,0.003575375,12
ozks,0.002315125,0
ozks,0.004272959,20
ozks,0.003291334,8
ozks,0.004034833,12
ozks,0.002845833,1
ozks,0.004268291,17
ozks,0.004409208,48
ozks,0.005337,89
ozks,0.006070083,111
ozks,0.003172042,1
ozks,0.004270834,46
ozks,0.00349025,11
ozks,0.003610125,21
ozks,0.003545916,17
ozks,0.006611,104
ozks,0.003043583,1
ozks,0.0037525,21
ozks,0.003545083,16
ozks,0.003541208,3
ozks,0.006879041,158
ozks,0.003502833,17
ozks,0.003280375,3
ozks,0.003347458,10
ozks,0.00389625,14
ozks,0.002953625,3
ozks,0.013414417,421
ozks,0.003786334,18
ozks,0.004883834,26
ozks,0.005978709,117
ozks,0.004864167,58
ozks,0.002297,0
ozks,0.004288709,15
ozks,0.003663458,18
ozks,0.002712125,0
ozks,0.008174667,206
ozks,0.005392833,93
ozks,0.003239833,1
ozks,0.024581291,908
ozks,0.006882084,149
ozks,0.003582875,14
ozks,0.024704875,915
ozks,0.004198375,41
ozks,0.00336275,5
ozks,0.003439209,6
ozks,0.003494292,12
ozks,0.00379475,26
ozks,0.004203542,38
ozks,0.003096042,3
ozks,0.003368292,7
ozks,0.005864291,106
ozks,0.005928334,93
ozks,0.003090625,8
ozks,0.003691834,13
ozks,0.002875834,1
ozks,0.002335959,0
ozks,0.003448625,10
ozks,0.004638625,53
ozks,0.003746917,15
ozks,0.025632,981
ozks,0.003079042,1
ozks,0.004153958,29
ozks,0.00905075,240
ozks,0.00639675,137
ozks,0.003405625,4
ozks,0.006514167,128
ozks,0.00340175,10
ozks,0.009070125,256
ozks,0.003601334,9
ozks,0.003563542,12
ozks,0.003513292,1
ozks,0.008257209,210
ozks,0.004723292,48
ozks,0.005479833,88
ozks,0.003336875,3
ozks,0.003440125,11
ozks,0.003225208,8
ozks,0.007169125,149
ozks,0.003594959,19
ozks,0.004121834,18
ozks,0.002888708,1
ozks,0.003822959,13
ozks,0.00289575,2
ozks,0.014690583,7
ozks,0.00488475,56
ozks,0.002773125,0
ozks,0.003136959,2
ozks,0.009077042,254
ozks,0.003779208,25
ozks,0.004901209,64
ozks,0.003814167,12
ozks,0.004221666,13
ozks,0.003727083,18
ozks,0.002902208,1
ozks,0.006491958,139
ozks,0.003994584,37
ozks,0.003417417,12
ozks,0.00650475,140
ozks,0.005127458,64
ozks,0.005349584,85
ozks,0.003288084,9
ozks,0.004182666,32
ozks,0.002350333,0
ozks,0.003398292,8
ozks,0.003584083,13
ozks,0.00711825,167
ozks,0.006197416,120
ozks,0.003272917,7
ozks,0.005964375,105
ozks,0.0033585,8
ozks,0.006468125,142
ozks,0.002894166,2
ozks,0.004956833,43
ozks,0.004847458,47
ozks,0.002865333,1
ozks,0.003863709,16
ozks,0.002537334,0
ozks,0.006419791,140
ozks,0.002887417,3
ozks,0.019837041,734
ozks,0.003445416,16
ozks,0.003610792,11
ozks,0.004936334,97
ozks,0.004754166,67
ozks,0.002876958,1
ozks,0.010455416,248
ozks,0.003681791,25
ozks,0.016458083,578
ozks,0.003970541,28
ozks,0.003859292,23
ozks,0.01814175,648
ozks,0.002325667,0
ozks,0.003123167,9
ozks,0.0046435,46
ozks,0.003368166,11
ozks,0.004035125,25
ozks,0.00337075,13
ozks,0.003230333,8
ozks,0.003559583,18
ozks,0.002621166,0
ozks,0.002838667,2
ozks,0.004758458,51
ozks,0.003405209,5
ozks,0.005273292,90
ozks,0.00342625,8
ozks,0.003228958,7
ozks,0.004086458,26
ozks,0.003035166,4
ozks,0.004360708,28
ozks,0.00283125,1
ozks,0.005367583,64
ozks,0.015978542,538
ozks,0.005403125,93
ozks,0.003572625,7
ozks,0.00362275,17
ozks,0.003565,9
ozks,0.002921167,4
ozks,0.0025395,0
ozks,0.006723542,146
ozks,0.003513792,8
ozks,0.005540708,84
ozks,0.009507458,220
ozks,0.005119125,71
ozks,0.003694834,21
ozks,0.003354459,8
ozks,0.007762375,145
ozks,0.002991584,4
ozks,0.022772125,882
ozks,0.003513458,17
ozks,0.005233792,93
ozks,0.003139583,5
ozks,0.003500833,6
ozks,0.003802166,24
ozks,0.014812333,521
ozks,0.002809875,1
ozks,0.004388958,30
ozks,0.004298542,42
ozks,0.002873792,0
ozks,0.005054792,85
ozks,0.003683042,15
ozks,0.004332542,23
ozks,0.00567175,82
ozks,0.006615333,127
ozks,0.003801208,13
ozks,0.004999334,42
ozks,0.023388042,836
ozks,0.0043625,46
ozks,0.00594375,129
ozks,0.015811334,521
ozks,0.003371042,5
ozks,0.0040445,25
ozks,0.003937083,28
ozks,0.005420792,84
ozks,0.005459041,93
ozks,0.003619708,17
ozks,0.003334458,6
ozks,0.006166125,105
ozks,0.004116167,27
ozks,0.006512375,134
ozks,0.020636458,734
ozks,0.004211125,28
ozks,0.00452525,13
ozks,0.003084166,4
ozks,0.003666125,10
ozks,0.003426625,3
ozks,0.003274,4
ozks,0.003437917,8
ozks,0.0038845,15
ozks,0.003089083,2
ozks,0.003745041,2
ozks,0.003285,9
ozks,0.023649125,929
ozks,0.00325325,7
ozks,0.012890791,382
ozks,0.006155625,90
ozks,0.003121875,5
ozks,0.005686083,102
ozks,0.003236583,3
ozks,0.017519792,606
ozks,0.003201375,3
ozks,0.005128542,65
ozks,0.004590666,48
ozks,0.006659875,99
ozks,0.004328666,43
ozks,0.003689792,13
ozks,0.003956667,29
ozks,0.003061208,2
ozks,0.00387275,2
ozks,0.003786292,11
ozks,0.003586666,14
ozks,0.004415208,36
ozks,0.010259917,325
ozks,0.006471333,150
ozks,0.004084666,21
ozks,0.003316167,2
ozks,0.005125875,52
ozks,0.004456084,29
ozks,0.005548,78
ozks,0.003332375,5
ozks,0.003283333,5
ozks,0.003391291,2
ozks,0.00352325,10
ozks,0.003756333,9
ozks,0.00367975,12
ozks,0.00381925,15
ozks,0.003626,8
ozks,0.00300875,2
ozks,0.003699584,17
ozks,0.003697417,21
ozks,0.003956625,17
ozks,0.004134584,38
ozks,0.006033541,102
ozks,0.003897667,21
ozks,0.003448666,10
ozks,0.0025405,0
ozks,0.004268459,2
ozks,0.007697041,188
ozks,0.010396084,272
ozks,0.002583916,0
ozks,0.003779541,14
ozks,0.004301334,15
ozks,0.004292541,7
ozks,0.003856667,8
ozks,0.00572925,86
ozks,0.00833875,201
ozks,0.002493625,0
ozks,0.004428125,34
ozks,0.003017958,1
ozks,0.003239167,6
ozks,0.003992208,18
ozks,0.003324834,1
ozks,0.004609834,26
ozks,0.005901458,23
ozks,0.014233417,308
ozks,0.009815167,191
ozks,0.005565833,13
ozks,0.0050705,8
ozks,0.006700833,84
ozks,0.008072166,13
ozks,0.004996125,1
ozks,0.0132815,8
ozks,0.005297167,10
ozks,0.004918792,1
ozks,0.006841041,81
ozks,0.009947209,156
ozks,0.005159,2
ozks,0.005572625,30
ozks,0.009342167,166
ozks,0.004189208,0
ozks,0.005134167,8
ozks,0.005297208,0
ozks,0.028499333,931
ozks,0.007574333,169
ozks,0.003709041,14
ozks,0.003748458,9
ozks,0.004913125,56
ozks,0.012031625,352
ozks,0.005622834,4
ozks,0.0075785,118
ozks,0.005137875,9
ozks,0.005378542,15
ozks,0.004975083,3
ozks,0.005135917,2
ozks,0.006353291,49
ozks,0.004610791,1
ozks,0.00368,0
ozks,0.014630375,206
ozks,0.005869083,34
ozks,0.00561225,4
ozks,0.010214416,41
ozks,0.008491125,142
ozks,0.005080375,4
ozks,0.026975125,962
ozks,0.003721625,17
ozks,0.003187667,5
ozks,0.00362975,7
ozks,0.004602542,54
ozks,0.002460625,0
ozks,0.003653125,21
ozks,0.003191625,1
ozks,0.003217083,7
ozks,0.024335542,903
ozks,0.003365792,0
ozks,0.00368325,15
ozks,0.0046685,42
ozks,0.006545167,137
ozks,0.010348125,312
ozks,0.005458583,80
ozks,0.005742167,71
ozks,0.003924833,31
ozks,0.006295959,128
ozks,0.00335075,7
ozks,0.003037,1
ozks,0.004262459,29
ozks,0.003449125,6
ozks,0.003718208,11
ozks,0.004273709,27
ozks,0.006671542,146
ozks,0.019350833,734
ozks,0.003073458,3
ozks,0.003314541,8
ozks,0.003337708,8
ozks,0.007691292,188
ozks,0.002821292,1
ozks,0.004781042,58
ozks,0.003447209,7
ozks,0.011826417,324
ozks,0.003203042,5
ozks,0.003604542,16
ozks,0.003474458,8
ozks,0.004667125,50
ozks,0.010772583,323
ozks,0.00317475,1
ozks,0.003612708,17
ozks,0.003380125,11
ozks,0.025777125,981
ozks,0.003616875,15
ozks,0.003523584,8
ozks,0.004381041,29
ozks,0.003601292,9
ozks,0.002987125,1
ozks,0.004915542,70
ozks,0.01185025,383
ozks,0.006118292,2
ozks,0.007391125,156
ozks,0.012230917,325
ozks,0.004492334,49
ozks,0.003142208,1
ozks,0.004289417,26
ozks,0.014132125,461
ozks,0.003386375,6
ozks,0.003614125,13
ozks,0.003273709,7
ozks,0.002646042,0
ozks,0.00538675,76
ozks,0.005358125,65
ozks,0.003264334,3
ozks,0.003640208,14
ozks,0.003052667,2
ozks,0.00390075,26
ozks,0.003315333,4
ozks,0.00330225,9
ozks,0.017597459,627
ozks,0.003518375,4
ozks,0.005269417,72
ozks,0.006802792,151
ozks,0.0031635,7
ozks,0.003389875,3
ozks,0.003599541,16
ozks,0.003803333,12
ozks,0.007505792,173
ozks,0.004082958,21
ozks,0.003421041,13
ozks,0.003576375,19
ozks,0.002696459,1
ozks,0.003017208,4
ozks,0.003418958,6
ozks,0.003598125,12
ozks,0.005243875,71
ozks,0.005314833,77
ozks,0.003029916,1
ozks,0.002928375,2
ozks,0.007368125,167
ozks,0.002777833,1
ozks,0.003981875,27
ozks,0.0075895,170
ozks,0.003230584,4
ozks,0.004270709,26
ozks,0.003101,3
ozks,0.002929042,1
ozks,0.003062375,1
ozks,0.00422725,7
ozks,0.003697625,15
ozks,0.006667583,140
ozks,0.005575541,85
ozks,0.003811375,15
ozks,0.013394167,413
ozks,0.003092542,2
ozks,0.002462708,0
ozks,0.003733042,10
ozks,0.00426125,34
ozks,0.004330708,45
ozks,0.003951917,27
ozks,0.003804,11
ozks,0.003280708,9
ozks,0.002478125,0
ozks,0.0034505,5
ozks,0.003258958,8
ozks,0.007507542,185
ozks,0.004484875,20
ozks,0.00263175,0
ozks,0.003535209,11
ozks,0.004703375,54
ozks,0.00291625,0
ozks,0.003885875,19
ozks,0.002454709,0
ozks,0.002535959,0
ozks,0.009773041,274
ozks,0.003091959,3
ozks,0.003614417,10
ozks,0.004156209,25
ozks,0.020357083,737
ozks,0.003159125,4
ozks,0.002419458,0
ozks,0.004681209,54
ozks,0.003108209,1
ozks,0.005705875,110
ozks,0.003645417,16
ozks,0.003212166,2
ozks,0.004206667,42
ozks,0.015040083,541
ozks,0.003965334,19
ozks,0.003939625,28
ozks,0.003307916,7
ozks,0.00353825,9
ozks,0.004471334,47
ozks,0.004339333,48
ozks,0.006169875,133
ozks,0.004202416,27
ozks,0.005293333,82
ozks,0.003552916,10
ozks,0.006037209,125
ozks,0.003607,17
ozks,0.006101583,93
ozks,0.005529375,99
ozks,0.003269209,6
ozks,0.002495167,0
ozks,0.003198167,1
ozks,0.003559334,12
ozks,0.002953916,3
ozks,0.003287458,0
ozks,0.00623775,123
ozks,0.003364917,5
ozks,0.003492667,5
ozks,0.003395875,8
ozks,0.00507125,64
ozks,0.014357916,474
ozks,0.012164208,268
ozks,0.004128833,17
ozks,0.0058505,96
ozks,0.003639083,13
ozks,0.003235542,5
ozks,0.006610958,140
ozks,0.00329625,8
ozks,0.004132,25
ozks,0.003290792,6
ozks,0.00496425,68
ozks,0.00371975,4
ozks,0.003473542,9
ozks,0.00462875,60
ozks,0.003211125,8
ozks,0.002350208,0
ozks,0.002981334,3
ozks,0.004109709,37
ozks,0.0038225,7
ozks,0.00683225,148
ozks,0.00354725,15
ozks,0.003286291,11
ozks,0.003548084,11
ozks,0.003823542,13
ozks,0.004755417,35
ozks,0.00495975,72
ozks,0.004892583,76
ozks,0.003270083,7
ozks,0.00301125,1
ozks,0.011550417,350
ozks,0.003154125,4
ozks,0.004334583,42
ozks,0.004731625,52
ozks,0.003185,1
ozks,0.003353,4
ozks,0.003182958,8
ozks,0.006750292,159
ozks,0.006490125,143
ozks,0.003066625,4
ozks,0.004428583,44
ozks,0.003191708,3
ozks,0.004061458,36
ozks,0.003038791,1
ozks,0.00298175,1
ozks,0.003396042,10
ozks,0.003814708,13
ozks,0.005330291,65
ozks,0.012140917,382
ozks,0.003114958,3
ozks,0.002982542,2
ozks,0.003598875,15
ozks,0.003212375,1
ozks,0.00328725,10
ozks,0.003455208,8
ozks,0.00364775,1
ozks,0.002646833,0
ozks,0.003171792,6
ozks,0.003320959,6
ozks,0.003124875,4
ozks,0.003243708,2
ozks,0.003702042,8
ozks,0.007088875,181
ozks,0.00424175,34
ozks,0.003720625,19
ozks,0.003668917,13
ozks,0.006672416,140
ozks,0.003797,12
ozks,0.005589417,43
ozks,0.003425125,6
ozks,0.003322792,6
ozks,0.00332625,8
ozks,0.003045666,2
ozks,0.004062375,26
ozks,0.003083125,2
ozks,0.003417625,8
ozks,0.002617792,0
ozks,0.0071245,158
ozks,0.004911083,66
ozks,0.003289875,1
ozks,0.002931125,3
ozks,0.007345042,135
ozks,0.007003333,164
ozks,0.003147417,2
ozks,0.003856416,17
ozks,0.005750917,103
ozks,0.00303025,2
ozks,0.007279666,140
ozks,0.006452042,130
ozks,0.003386125,7
ozks,0.0036795,16
ozks,0.003271792,2
ozks,0.0062745,111
ozks,0.004508208,46
ozks,0.003188166,1
ozks,0.003647125,17
ozks,0.004248375,24
ozks,0.004657667,59
ozks,0.016749292,580
ozks,0.005550875,88
ozks,0.003368458,8
ozks,0.002979833,2
ozks,0.007973042,206
ozks,0.003062458,3
ozks,0.004434125,39
ozks,0.004204667,17
ozks,0.007093583,137
ozks,0.003230959,1
ozks,0.00365475,13
ozks,0.00250175,0
ozks,0.003711208,13
ozks,0.003126791,6
ozks,0.003270333,7
ozks,0.002975291,1
ozks,0.003864583,12
ozks,0.003008333,2
ozks,0.006131,111
ozks,0.002940416,1
ozks,0.002641333,0
ozks,0.004479166,49
ozks,0.026637583,999
ozks,0.006687958,140
ozks,0.003463042,8
ozks,0.00323675,5
ozks,0.003581459,8
ozks,0.003523,8
ozks,0.022106458,825
ozks,0.002338125,0
ozks,0.003758791,19
ozks,0.007137875,158
ozks,0.004584833,37
ozks,0.003082584,2
ozks,0.005395875,81
ozks,0.002464208,0
ozks,0.0049855,62
ozks,0.003391666,3
ozks,0.024588709,880
ozks,0.003878916,15
ozks,0.003357333,8
ozks,0.006562625,150
ozks,0.004234542,30
ozks,0.008582584,180
ozks,0.004421,48
ozks,0.003502625,9
ozks,0.002508791,0
ozks,0.003049959,5
ozks,0.006191542,127
ozks,0.0037015,21
ozks,0.0031385,6
ozks,0.004477625,14
ozks,0.006440459,131
ozks,0.004650375,46
ozks,0.0028615,1
ozks,0.003475292,8
ozks,0.003136292,2
ozks,0.003825042,30
ozks,0.003379458,11
ozks,0.003306583,9
ozks,0.004407458,45
ozks,0.003266875,1
ozks,0.003187125,2
ozks,0.003569166,3
ozks,0.004027208,23
ozks,0.018284584,668
ozks,0.006535958,139
ozks,0.003055791,6
ozks,0.004640167,45
ozks,0.006534333,133
ozks,0.003678541,12
ozks,0.003170875,8
ozks,0.003274166,6
ozks,0.00285375,1
ozks,0.003109208,6
ozks,0.003274291,6
ozks,0.016743,541
ozks,0.003276416,9
ozks,0.003482083,14
ozks,0.00451825,44
ozks,0.00300675,2
ozks,0.004529417,14
ozks,0.00411225,26
ozks,0.002944667,2
ozks,0.002928375,1
ozks,0.003303375,7
ozks,0.003413917,5
ozks,0.003046416,5
ozks,0.00609425,86
ozks,0.003347167,10
ozks,0.004378167,36
ozks,0.002967792,3
ozks,0.007904083,201
ozks,0.0102055,274
ozks,0.003214542,2
ozks,0.003576,19
ozks,0.003733,25
ozks,0.003862833,22
ozks,0.002380875,0
ozks,0.002422083,0
ozks,0.003491625,9
ozks,0.003841375,14
ozks,0.006291291,140
ozks,0.004193166,31
ozks,0.003574708,6
ozks,0.002999875,3
ozks,0.004139042,31
ozks,0.003460209,14
ozks,0.002976833,1
ozks,0.003701791,12
ozks,0.004841083,55
ozks,0.008716542,245
ozks,0.013201292,439
ozks,0.003056792,6
ozks,0.003655375,15
ozks,0.003987708,23
ozks,0.003226417,3
ozks,0.002327667,0
ozks,0.002483792,0
ozks,0.002431209,0
ozks,0.003649916,19
ozks,0.003096958,2
ozks,0.005835917,92
ozks,0.005562583,94
ozks,0.003738875,5
ozks,0.003116542,1
ozks,0.003205708,8
ozks,0.004515833,46
ozks,0.00328075,2
ozks,0.0035315,12
ozks,0.003351625,4
ozks,0.002421833,0
ozks,0.004456167,47
ozks,0.00700125,158
ozks,0.004175042,38
ozks,0.005529459,92
ozks,0.004152375,6
ozks,0.003745125,24
ozks,0.014426875,477
ozks,0.006638667,140
ozks,0.004237,13
ozks,0.003256,9
ozks,0.003937459,21
ozks,0.003522208,10
ozks,0.016666459,580
ozks,0.003110792,6
ozks,0.00446925,50
ozks,0.003375792,6
ozks,0.008291667,201
ozks,0.002975417,2
ozks,0.0049195,73
ozks,0.009950834,291
ozks,0.004132834,28
ozks,0.003230333,2
ozks,0.004357625,39
ozks,0.004479,46
ozks,0.005531625,90
ozks,0.003884959,14
ozks,0.004021875,36
ozks,0.003815875,10
ozks,0.006927334,149
ozks,0.003300042,5
ozks,0.003277833,9
ozks,0.014749416,502
ozks,0.016644875,541
ozks,0.0037225,15
ozks,0.003042666,3
ozks,0.009037292,36
ozks,0.004956709,75
ozks,0.004463083,50
ozks,0.003966666,24
ozks,0.003461542,6
ozks,0.003201625,3
ozks,0.003361083,3
ozks,0.003062333,6
ozks,0.0036245,16
ozks,0.003901667,28
ozks,0.003205375,5
ozks,0.002288792,0
ozks,0.003662417,13
ozks,0.025302334,981
ozks,0.002969083,2
ozks,0.002565167,0
ozks,0.005535542,104
ozks,0.002835916,1
ozks,0.005930375,122
ozks,0.003652459,17
ozks,0.00291875,0
ozks,0.003060458,1
ozks,0.0061665,122
ozks,0.005512375,96
ozks,0.0039245,27
ozks,0.003377375,10
ozks,0.003356834,4
ozks,0.003155625,5
ozks,0.004012458,10
ozks,0.003251333,8
ozks,0.003742541,27
ozks,0.002897416,1
ozks,0.003099125,5
ozks,0.003776333,4
ozks,0.003988958,21
ozks,0.005557625,95
ozks,0.009901541,268
ozks,0.003712333,14
ozks,0.003068208,4
ozks,0.003035917,2
ozks,0.005362875,74
ozks,0.003125416,8
ozks,0.006650459,133
ozks,0.00542225,79
ozks,0.003576084,16
ozks,0.00334775,9
ozks,0.003338541,8
ozks,0.004561875,37
ozks,0.00463375,53
ozks,0.004078459,35
ozks,0.004616583,59
ozks,0.002936792,3
ozks,0.003315667,5
ozks,0.006949792,173
ozks,0.00469,45
ozks,0.003046666,4
ozks,0.003194292,2
ozks,0.00296425,3
ozks,0.004006958,22
ozks,0.003412667,10
ozks,0.003522958,16
ozks,0.014867708,502
ozks,0.008539875,235
ozks,0.003542,17
ozks,0.005061,67
ozks,0.003733959,1
ozks,0.018957875,663
ozks,0.003940041,35
ozks,0.004316459,36
ozks,0.004514375,54
ozks,0.00333325,8
ozks,0.003521875,9
ozks,0.003281333,1
ozks,0.012433417,398
ozks,0.006297292,105
ozks,0.004152084,30
ozks,0.005260708,82
ozks,0.004132792,23
ozks,0.00319725,2
ozks,0.007655208,177
ozks,0.002977,3
ozks,0.002296917,0
ozks,0.023446625,812
ozks,0.003849,35
ozks,0.00320575,8
ozks,0.002888417,3
ozks,0.003177833,8
ozks,0.006408666,149
ozks,0.002828083,1
ozks,0.004422209,39
ozks,0.003840375,25
ozks,0.006648417,148
ozks,0.021696667,769
ozks,0.010680833,308
ozks,0.003098959,7
ozks,0.012978208,408
ozks,0.003204666,2
ozks,0.003392542,5
ozks,0.004356458,38
ozks,0.003364666,8
ozks,0.010657833,325
ozks,0.005821625,80
ozks,0.003083583,1
ozks,0.003146541,4
ozks,0.002735625,1
ozks,0.0029125,2
ozks,0.003991459,7
ozks,0.003385125,5
ozks,0.003113625,4
ozks,0.003686,12
ozks,0.004190875,39
ozks,0.005519959,105
ozks,0.003371833,11
ozks,0.002861791,3
ozks,0.008352125,235
ozks,0.002930834,2
ozks,0.006684458,151
ozks,0.009305666,263
ozks,0.004079416,28
ozks,0.00431525,47
ozks,0.010166125,303
ozks,0.005163375,85
ozks,0.003183084,7
ozks,0.007309,158
ozks,0.003706375,14
ozks,0.011298792,324
ozks,0.003434333,7
ozks,0.003208958,9
ozks,0.0059235,110
ozks,0.003092542,4
ozks,0.004027875,25
ozks,0.002870167,1
ozks,0.00319375,6
ozks,0.004122583,42
ozks,0.003107,1
ozks,0.003836417,15
ozks,0.002423875,0
ozks,0.003818042,28
ozks,0.003877666,28
ozks,0.010762416,323
ozks,0.024471208,874
ozks,0.002996125,1
ozks,0.003175083,7
ozks,0.014113042,418
ozks,0.003054375,3
ozks,0.004780667,68
ozks,0.002818625,1
ozks,0.0033945,8
ozks,0.003092583,3
ozks,0.00230875,0
ozks,0.003328542,11
ozks,0.002880875,1
ozks,0.003293041,2
ozks,0.003887833,30
ozks,0.002339208,0
ozks,0.0023375,0
ozks,0.005857042,118
ozks,0.003707,17
ozks,0.004683541,58
ozks,0.003964708,30
ozks,0.003358625,9
ozks,0.003608333,19
ozks,0.00501425,79
ozks,0.004846208,62
ozks,0.00331425,4
ozks,0.002881167,1
ozks,0.004454459,44
ozks,0.003769583,13
ozks,0.003001375,6
ozks,0.007668375,127
ozks,0.003705792,20
ozks,0.013580584,472
ozks,0.003592916,11
ozks,0.003608917,16
ozks,0.005877166,107
ozks,0.006435625,144
ozks,0.023744375,768
ozks,0.003747084,26
ozks,0.003049333,2
ozks,0.0045,50
ozks,0.003405458,9
ozks,0.003072208,4
ozks,0.004421917,46
ozks,0.003901333,26
ozks,0.004279833,36
ozks,0.003346833,9
ozks,0.005405833,99
ozks,0.005658791,96
ozks,0.003383166,10
ozks,0.017132416,541
ozks,0.003525084,11
ozks,0.003185958,6
ozks,0.003780959,15
ozks,0.017436084,628
ozks,0.003271625,2
ozks,0.003159083,2
ozks,0.0154255,517
ozks,0.004425458,35
ozks,0.003166625,4
ozks,0.00356475,17
ozks,0.003812542,3
ozks,0.004402125,39
ozks,0.008854459,222
ozks,0.037189792,66
ozks,0.003097625,3
ozks,0.005327333,29
ozks,0.016574666,146
ozks,0.003696542,1
ozks,0.006923708,8
ozks,0.028800083,853
ozks,0.009414333,178
ozks,0.005399584,7
ozks,0.005771,26
ozks,0.004921917,11
ozks,0.007679875,126
ozks,0.00507075,9
ozks,0.006777958,3
ozks,0.006096292,21
ozks,0.0051935,3
ozks,0.003774917,24
ozks,0.003171375,1
ozks,0.004600291,39
ozks,0.003689834,20
ozks,0.007146,147
ozks,0.00363575,8
ozks,0.004212875,31
ozks,0.003207625,1
ozks,0.010478208,320
ozks,0.002960625,0
ozks,0.00227275,0
ozks,0.006864792,149
ozks,0.003301833,2
ozks,0.003449625,8
ozks,0.002943333,3
ozks,0.003567042,21
ozks,0.007464625,23
ozks,0.003119042,2
ozks,0.00334225,6
ozks,0.006187292,110
ozks,0.005112333,64
ozks,0.003272875,3
ozks,0.003532125,3
ozks,0.006824334,128
ozks,0.009339958,255
ozks,0.004286417,55
ozks,0.003290917,9
ozks,0.002540375,0
ozks,0.02251975,880
ozks,0.003174125,6
ozks,0.018681167,668
ozks,0.005073042,49
ozks,0.003443167,7
ozks,0.002341875,0
ozks,0.002569208,0
ozks,0.003304042,4
ozks,0.003142125,6
ozks,0.004314541,34
ozks,0.013060333,431
ozks,0.019046917,667
ozks,0.007909667,195
ozks,0.003072042,6
ozks,0.003803667,13
ozks,0.003481583,7
ozks,0.002513084,0
ozks,0.0032925,7
ozks,0.003329125,4
ozks,0.003676541,13
ozks,0.003957375,19
ozks,0.007080917,158
ozks,0.003364834,11
ozks,0.00326525,1
ozks,0.003386875,8
ozks,0.004446,40
ozks,0.004154625,23
ozks,0.007734208,180
ozks,0.004384375,39
ozks,0.003414959,18
ozks,0.004174166,30
ozks,0.004587125,64
ozks,0.003538833,12
ozks,0.003340125,12
ozks,0.003417375,3
ozks,0.023468208,929
ozks,0.006300542,112
ozks,0.006388333,137
ozks,0.003621959,4
ozks,0.009828041,254
ozks,0.005840083,117
ozks,0.002300167,0
ozks,0.00439675,44
ozks,0.003506458,7
ozks,0.003807292,33
ozks,0.0032785,8
ozks,0.002813334,1
ozks,0.003402583,5
ozks,0.004197625,45
ozks,0.002995583,1
ozks,0.003155084,8
ozks,0.004303084,35
ozks,0.003457125,2
ozks,0.003561875,13
ozks,0.003344041,10
ozks,0.002901041,1
ozks,0.0038,11
ozks,0.003387917,8
ozks,0.002551041,0
ozks,0.0111445,336
ozks,0.005791084,97
ozks,0.003037167,4
ozks,0.005884916,117
ozks,0.004623541,52
ozks,0.004154792,28
ozks,0.003353541,9
ozks,0.003350125,9
ozks,0.003346459,8
ozks,0.005887875,80
ozks,0.002933334,1
ozks,0.002476875,0
ozks,0.003454708,13
ozks,0.008398125,228
ozks,0.008028584,201
ozks,0.01421425,473
ozks,0.004026542,22
ozks,0.006239792,130
ozks,0.003138,1
ozks,0.003005292,4
ozks,0.005083667,79
ozks,0.003259333,9
ozks,0.003029541,2
ozks,0.008856791,235
ozks,0.002380042,0
ozks,0.003028292,1
ozks,0.005953917,109
ozks,0.002913625,1
ozks,0.002825875,1
ozks,0.00577575,104
ozks,0.003080375,5
ozks,0.0041385,13
ozks,0.0040755,28
ozks,0.003622292,11
ozks,0.00375075,29
ozks,0.0041405,12
ozks,0.003704375,12
ozks,0.003411333,7
ozks,0.006703,139
ozks,0.004008708,38
ozks,0.004736666,66
ozks,0.003463542,17
ozks,0.003152292,5
ozks,0.00385825,10
ozks,0.007186583,176
ozks,0.003355334,6
ozks,0.004918334,70
ozks,0.0034665,8
ozks,0.003088167,6
ozks,0.002830541,2
ozks,0.004891416,69
ozks,0.003514041,9
ozks,0.020945208,811
ozks,0.003783167,21
ozks,0.003595959,12
ozks,0.003467292,9
ozks,0.0154835,529
ozks,0.005183041,70
ozks,0.003129708,6
ozks,0.003663792,13
ozks,0.003422875,9
ozks,0.004101208,31
ozks,0.003634208,20
ozks,0.0043095,44
ozks,0.003619208,18
ozks,0.003374,7
ozks,0.002993792,1
ozks,0.00287825,1
ozks,0.005705542,106
ozks,0.013371958,439
ozks,0.003530125,10
ozks,0.003434042,8
ozks,0.00471425,31
ozks,0.003340875,8
ozks,0.002592916,0
ozks,0.003522125,14
ozks,0.003467125,8
ozks,0.004591541,40
ozks,0.003006583,1
ozks,0.003786542,16
ozks,0.005712042,96
ozks,0.003666875,13
ozks,0.004783083,62
ozks,0.00330475,5
ozks,0.002966292,3
ozks,0.007835542,161
ozks,0.002443,0
ozks,0.004057542,29
ozks,0.003516959,10
ozks,0.003342417,10
ozks,0.004497833,44
ozks,0.003003292,3
ozks,0.003903167,17
ozks,0.00459625,31
ozks,0.003128834,7
ozks,0.003658708,14
ozks,0.004012833,16
ozks,0.003753834,8
ozks,0.003643625,11
ozks,0.00342925,12
ozks,0.004169375,35
ozks,0.0043525,26
ozks,0.003776583,15
ozks,0.003720458,19
ozks,0.003226792,8
ozks,0.003810458,23
ozks,0.0050495,51
ozks,0.003834417,24
ozks,0.003483959,13
ozks,0.003903,17
ozks,0.003960958,9
ozks,0.002364583,0
ozks,0.004747625,57
ozks,0.004078917,21
ozks,0.002618708,0
ozks,0.011114375,337
ozks,0.003579916,6
ozks,0.003375666,11
ozks,0.003887917,7
ozks,0.002873167,1
ozks,0.003638334,24
ozks,0.003738417,24
ozks,0.004873958,24
ozks,0.003407583,1
ozks,0.004754041,64
ozks,0.002910375,3
ozks,0.003535583,11
ozks,0.007015042,146
ozks,0.003401583,6
ozks,0.00306775,1
ozks,0.004746875,48
ozks,0.003856708,26
ozks,0.004016042,40
ozks,0.003673375,13
ozks,0.009214541,244
ozks,0.005002458,45
ozks,0.00503725,88
ozks,0.008288834,223
ozks,0.002870458,1
ozks,0.003090542,1
ozks,0.00693275,146
ozks,0.007813291,209
ozks,0.002361875,0
ozks,0.0039745,1
ozks,0.005969666,105
ozks,0.004494709,51
ozks,0.003026584,5
ozks,0.004291125,43
ozks,0.005514708,108
ozks,0.002987667,4
ozks,0.003131667,1
ozks,0.003996375,36
ozks,0.005642167,100
ozks,0.002720542,1
ozks,0.005468875,83
ozks,0.003191167,8
ozks,0.004786834,50
ozks,0.021419041,763
ozks,0.003775208,21
ozks,0.003300416,9
ozks,0.003369708,8
ozks,0.015081125,502
ozks,0.003598,20
ozks,0.005510208,106
ozks,0.003144291,8
ozks,0.009852583,274
ozks,0.008739167,240
ozks,0.003489459,12
ozks,0.002311583,0
ozks,0.003404875,3
ozks,0.009535667,254
ozks,0.00334825,6
ozks,0.002809875,1
ozks,0.003503792,8
ozks,0.003654875,17
ozks,0.004720167,57
ozks,0.003485209,13
ozks,0.00355925,13
ozks,0.003079666,1
ozks,0.008063375,146
ozks,0.005140083,76
ozks,0.003332041,9
ozks,0.003917667,9
ozks,0.002911208,2
ozks,0.003497417,17
ozks,0.003517417,8
ozks,0.004168292,35
ozks,0.003665334,18
ozks,0.003861792,14
ozks,0.003579334,19
ozks,0.003968542,25
ozks,0.003459,10
ozks,0.003324458,8
ozks,0.003188333,4
ozks,0.003991916,6
ozks,0.004000958,18
ozks,0.00327475,4
ozks,0.003165583,2
ozks,0.006427125,76
ozks,0.004947583,71
ozks,0.006355084,126
ozks,0.00576625,106
ozks,0.002662916,0
ozks,0.019973375,711
ozks,0.004582958,54
ozks,0.003168583,3
ozks,0.003798959,17
ozks,0.005069417,92
ozks,0.004899875,43
ozks,0.004333459,24
ozks,0.004043333,13
ozks,0.003616208,9
ozks,0.004905958,59
ozks,0.006344875,137
ozks,0.004241208,28
ozks,0.00640525,123
ozks,0.003733791,15
ozks,0.003422667,13
ozks,0.002593667,0
ozks,0.004870041,40
ozks,0.0034455,8
ozks,0.006712959,141
ozks,0.003362041,1
ozks,0.003801417,23
ozks,0.003558584,8
ozks,0.00325025,2
ozks,0.006849667,152
ozks,0.009505583,268
ozks,0.00328075,9
ozks,0.00341775,8
ozks,0.01828775,633
ozks,0.003828209,16
ozks,0.004188584,29
ozks,0.008525375,234
ozks,0.003060625,3
ozks,0.003559042,7
ozks,0.0066015,134
ozks,0.00720625,155
ozks,0.011393584,343
ozks,0.003251833,4
ozks,0.003056166,4
ozks,0.004523375,48
ozks,0.003833291,16
ozks,0.003695667,11
ozks,0.0042755,47
ozks,0.01127125,346
ozks,0.01447,480
ozks,0.002798416,1
ozks,0.004125542,30
ozks,0.003788459,17
ozks,0.003079042,6
ozks,0.00460825,51
ozks,0.00408975,20
ozks,0.004027583,37
ozks,0.003604625,17
ozks,0.00277025,0
ozks,0.0032415,3
ozks,0.005209833,69
ozks,0.004638833,59
ozks,0.004896583,49
ozks,0.021582417,734
ozks,0.003287667,1
ozks,0.004403541,47
ozks,0.003217292,1
ozks,0.008044958,187
ozks,0.003744583,24
ozks,0.003379417,8
ozks,0.003943625,34
ozks,0.003118542,0
ozks,0.003041208,4
ozks,0.003304792,6
ozks,0.005386959,55
ozks,0.003928209,24
ozks,0.004672334,67
ozks,0.002954375,3
ozks,0.00322,3
ozks,0.003349125,3
ozks,0.003227,7
ozks,0.020016708,710
ozks,0.01605375,551
ozks,0.003601583,5
ozks,0.002584666,0
ozks,0.004428584,51
ozks,0.003561917,13
ozks,0.022995667,814
ozks,0.004255792,33
ozks,0.003449791,13
ozks,0.004700875,52
ozks,0.003668125,13
ozks,0.003208083,8
ozks,0.003183291,4
ozks,0.003015542,5
ozks,0.003280625,5
ozks,0.00344425,1
ozks,0.00318975,8
ozks,0.004236334,39
ozks,0.003355542,1
ozks,0.007933083,140
ozks,0.010277458,303
ozks,0.0039835,29
ozks,0.00336775,1
ozks,0.003451625,7
ozks,0.003570125,8
ozks,0.006630459,143
ozks,0.003582583,12
ozks,0.004532209,28
ozks,0.004948625,51
ozks,0.00299,3
ozks,0.003427,7
ozks,0.00319,2
ozks,0.003600375,8
ozks,0.004507042,14
ozks,0.006547542,142
ozks,0.025971583,983
ozks,0.003150209,2
ozks,0.003449792,8
ozks,0.004076542,18
ozks,0.003663292,9
ozks,0.003850959,17
ozks,0.003469458,13
ozks,0.003168167,4
ozks,0.002436542,0
ozks,0.006402042,137
ozks,0.00453225,48
ozks,0.003579083,17
ozks,0.022697167,857
ozks,0.003241041,9
ozks,0.003413084,7
ozks,0.004073667,36
ozks,0.003258334,4
ozks,0.003683292,3
ozks,0.004069458,39
ozks,0.003115166,1
ozks,0.003677667,26
ozks,0.004038958,17
ozks,0.003220416,2
ozks,0.004802541,45
ozks,0.003131875,3
ozks,0.0041325,40
ozks,0.003784792,17
ozks,0.003223917,8
ozks,0.003353333,8
ozks,0.003596791,18
ozks,0.003694,12
ozks,0.006823458,149
ozks,0.004674833,68
ozks,0.002693209,0
ozks,0.005157916,86
ozks,0.002861125,1
ozks,0.003324833,6
ozks,0.003003125,5
ozks,0.002365166,0
ozks,0.00697175,161
ozks,0.003864917,8
ozks,0.003273,2
ozks,0.002201416,0
ozks,0.004649667,52
ozks,0.020855209,641
ozks,0.003177,6
ozks,0.003570875,8
ozks,0.018394334,642
ozks,0.00571025,86
ozks,0.003525708,8
ozks,0.00297775,3
ozks,0.006258291,129
ozks,0.003607959,15
ozks,0.00268625,0
ozks,0.002873917,1
ozks,0.003887709,29
ozks,0.003471042,4
ozks,0.003115083,7
ozks,0.003658375,10
ozks,0.003913042,16
ozks,0.003571917,8
ozks,0.003226375,6
ozks,0.00385425,17
ozks,0.00243675,0
ozks,0.003961833,6
ozks,0.003625666,17
ozks,0.006038917,121
ozks,0.004009167,13
ozks,0.003930167,24
ozks,0.003249292,2
ozks,0.004371667,47
ozks,0.003490042,11
ozks,0.003610917,20
ozks,0.010364375,304
ozks,0.002994166,2
ozks,0.003294791,4
ozks,0.0037315,12
ozks,0.003872459,27
ozks,0.003366,8
ozks,0.012560917,408
ozks,0.004964583,33
ozks,0.004281958,30
ozks,0.002894834,1
ozks,0.002968,1
ozks,0.00295475,4
ozks,0.003501667,13
ozks,0.003465542,8
ozks,0.003392709,10
ozks,0.004358792,35
ozks,0.007901375,158
ozks,0.003817708,17
ozks,0.00306075,3
ozks,0.002430791,0
ozks,0.005660959,106
ozks,0.003969792,37
ozks,0.012409334,382
ozks,0.003791792,12
ozks,0.002451791,0
ozks,0.003225708,9
ozks,0.003499708,8
ozks,0.003303875,1
ozks,0.003838542,19
ozks,0.026096209,955
ozks,0.00297625,1
ozks,0.003877458,21
ozks,0.00323875,1
ozks,0.002858666,0
ozks,0.003323042,8
ozks,0.003385417,7
ozks,0.00322025,9
ozks,0.003013875,1
ozks,0.00320575,5
ozks,0.019532833,690
ozks,0.00406175,9
ozks,0.004042333,29
ozks,0.003088458,2
ozks,0.006509334,140
ozks,0.006931125,146
ozks,0.007300666,182
ozks,0.00416775,34
ozks,0.003908292,17
ozks,0.002366708,0
ozks,0.002837083,1
ozks,0.003593417,17
ozks,0.014566709,484
ozks,0.004303792,30
ozks,0.004494875,48
ozks,0.00420825,43
ozks,0.006727958,161
ozks,0.003500042,10
ozks,0.00537,89
ozks,0.004055,36
ozks,0.002948792,2
ozks,0.004761167,51
ozks,0.003973208,26
ozks,0.003247958,3
ozks,0.003132875,6
ozks,0.026645792,987
ozks,0.004296916,16
ozks,0.004942167,85
ozks,0.005162333,82
ozks,0.003431167,4
ozks,0.003329417,2
ozks,0.003979792,27
ozks,0.003338291,3
ozks,0.003038291,3
ozks,0.003654125,8
ozks,0.003925708,26
ozks,0.002572917,0
ozks,0.007182125,142
ozks,0.003848459,10
ozks,0.005962416,101
ozks,0.00331325,9
ozks,0.003678166,17
ozks,0.0034785,5
ozks,0.008143583,201
ozks,0.003039709,5
ozks,0.003091084,5
ozks,0.019984917,724
ozks,0.006663583,135
ozks,0.005406958,85
ozks,0.007566542,134
ozks,0.005045083,62
ozks,0.003961417,14
ozks,0.00391,15
ozks,0.003185084,4
ozks,0.003387666,7
ozks,0.002853666,2
ozks,0.005690125,96
ozks,0.003537833,19
ozks,0.004032667,17
ozks,0.002879667,1
ozks,0.003187542,1
ozks,0.003622084,20
ozks,0.020187583,702
ozks,0.005212375,80
ozks,0.004172541,36
ozks,0.00392825,10
ozks,0.003422375,11
ozks,0.00306975,5
ozks,0.00304325,2
ozks,0.002899916,2
ozks,0.003043959,1
ozks,0.006038333,110
ozks,0.004367583,48
ozks,0.0045155,56
ozks,0.004427292,21
ozks,0.004419834,61
ozks,0.021878333,805
ozks,0.004151834,11
ozks,0.003082625,8
ozks,0.002494708,0
ozks,0.003336792,13
ozks,0.006682167,144
ozks,0.003867334,23
ozks,0.003133667,1
ozks,0.004143958,37
ozks,0.005803,106
ozks,0.006004458,110
ozks,0.003583833,12
ozks,0.004038625,44
ozks,0.003714542,2
ozks,0.002751375,1
ozks,0.0032315,1
ozks,0.002645375,0
ozks,0.003332167,11
ozks,0.011878458,369
ozks,0.003800875,26
ozks,0.00403925,36
ozks,0.00302675,5
ozks,0.005053708,56
ozks,0.00554925,111
ozks,0.003069833,6
ozks,0.003074417,3
ozks,0.003485416,2
ozks,0.002932708,1
ozks,0.002919416,1
ozks,0.003533084,18
ozks,0.003301917,3
ozks,0.003005375,5
ozks,0.005438834,101
ozks,0.002932375,2
ozks,0.00379625,17
ozks,0.005128834,55
ozks,0.003004209,6
ozks,0.025873292,991
ozks,0.022744708,750
ozks,0.003139667,3
ozks,0.003255958,6
ozks,0.0037225,11
ozks,0.003685,17
ozks,0.003352375,2
ozks,0.002635292,0
ozks,0.003663,21
ozks,0.00317675,6
ozks,0.00319025,5
ozks,0.024567833,904
ozks,0.003789334,27
ozks,0.004852917,62
ozks,0.003472292,13
ozks,0.002388625,0
ozks,0.002882583,1
ozks,0.003734959,24
ozks,0.002555375,0
ozks,0.002289292,0
ozks,0.003521125,7
ozks,0.00695525,148
ozks,0.003183167,8
ozks,0.002870333,1
ozks,0.004021334,37
ozks,0.003001917,2
ozks,0.00495375,64
ozks,0.002422,0
ozks,0.01726925,607
ozks,0.004361041,35
ozks,0.004335375,45
ozks,0.015169166,512
ozks,0.02238425,825
ozks,0.019950166,644
ozks,0.002323959,0
ozks,0.002276,0
ozks,0.004327583,32
ozks,0.002295875,0
ozks,0.002929958,1
ozks,0.003675292,13
ozks,0.003421667,9
ozks,0.004664833,46
ozks,0.002842291,1
ozks,0.002907208,2
ozks,0.003317375,9
ozks,0.016168125,559
ozks,0.002585875,0
ozks,0.003455459,14
ozks,0.003238583,1
ozks,0.003495208,8
ozks,0.003157958,9
ozks,0.003442833,14
ozks,0.006236125,133
ozks,0.002452708,0
ozks,0.0039095,20
ozks,0.003030208,7
ozks,0.003153042,8
ozks,0.003102458,3
ozks,0.0039345,24
ozks,0.00436225,30
ozks,0.003247625,7
ozks,0.003067833,5
ozks,0.002780917,1
ozks,0.003493708,6
ozks,0.006726917,158
ozks,0.003090042,1
ozks,0.004058959,28
ozks,0.002954083,1
ozks,0.003996958,36
ozks,0.0032675,8
ozks,0.003972625,39
ozks,0.020856291,741
ozks,0.003247416,8
ozks,0.004173667,23
ozks,0.003374375,8
ozks,0.003750542,21
ozks,0.003613084,10
ozks,0.003285042,8
ozks,0.00372425,21
ozks,0.004075834,38
ozks,0.003008291,4
ozks,0.003451875,13
ozks,0.002941875,2
ozks,0.003242292,7
ozks,0.003516458,8
ozks,0.007045416,158
ozks,0.004025709,27
ozks,0.003536667,19
ozks,0.004047334,35
ozks,0.003901333,16
ozks,0.002909958,2
ozks,0.003015125,4
ozks,0.004129625,40
ozks,0.00313575,6
ozks,0.002900875,2
ozks,0.003591667,16
ozks,0.01261275,353
ozks,0.003430833,7
ozks,0.002604208,0
ozks,0.003063667,6
ozks,0.003215416,2
ozks,0.003208542,8
ozks,0.003072333,3
ozks,0.004231708,39
ozks,0.023713875,873
ozks,0.005163458,90
ozks,0.004415375,47
ozks,0.006394083,137
ozks,0.00383525,4
ozks,0.006449375,133
ozks,0.003135333,1
ozks,0.002802167,1
ozks,0.002283042,0
ozks,0.003573458,13
ozks,0.003874,20
ozks,0.004014208,23
ozks,0.00300875,4
ozks,0.003123583,8
ozks,0.006333083,141
ozks,0.0030825,5
ozks,0.011573458,327
ozks,0.004165625,29
ozks,0.005216084,62
ozks,0.00307125,6
ozks,0.005209875,68
ozks,0.002851959,1
ozks,0.003940792,25
ozks,0.003145708,8
ozks,0.002255875,0
ozks,0.004202209,28
ozks,0.003088166,7
ozks,0.004433959,48
ozks,0.003682458,11
ozks,0.003480125,15
ozks,0.003507416,11
ozks,0.011484625,378
ozks,0.003168208,7
ozks,0.010470334,312
ozks,0.004827541,55
ozks,0.008161833,205
ozks,0.026097416,970
ozks,0.002324416,0
ozks,0.007444791,190
ozks,0.00313275,3
ozks,0.021356291,764
ozks,0.003161333,6
ozks,0.003525208,25
ozks,0.006393792,36
ozks,0.004930416,69
ozks,0.003594583,8
ozks,0.003813333,31
ozks,0.006487292,141
ozks,0.004773042,62
ozks,0.004324209,52
ozks,0.00396575,37
ozks,0.003110917,1
ozks,0.005079,83
ozks,0.011107166,302
ozks,0.011921958,389
ozks,0.002448833,0
ozks,0.00308175,6
ozks,0.00304025,4
ozks,0.003119834,8
ozks,0.00307375,4
ozks,0.003814125,21
ozks,0.003710667,20
ozks,0.003685292,18
ozks,0.003506208,9
ozks,0.002997041,3
ozks,0.005002459,65
ozks,0.003179792,3
ozks,0.008184167,211
ozks,0.003055208,3
ozks,0.006788333,144
ozks,0.003134125,1
ozks,0.003067583,5
ozks,0.020728916,732
ozks,0.005922791,106
ozks,0.002344792,0
ozks,0.003094834,6
ozks,0.004211041,43
ozks,0.003109,3
ozks,0.003709667,6
ozks,0.003067292,2
ozks,0.005232875,54
ozks,0.003068833,1
ozks,0.003487875,17
ozks,0.003277542,9
ozks,0.005309583,92
ozks,0.003011667,7
ozks,0.020875833,750
ozks,0.003994792,36
ozks,0.003246167,1
ozks,0.0065995,137
ozks,0.004060167,36
ozks,0.006933917,171
ozks,0.003289083,5
ozks,0.006284417,128
ozks,0.006310959,125
ozks,0.002635417,0
ozks,0.003354,4
ozks,0.003076708,4
ozks,0.003583833,13
ozks,0.002643375,0
ozks,0.002855709,4
ozks,0.003095917,2
ozks,0.003584292,19
ozks,0.003032458,6
ozks,0.013717417,460
ozks,0.0040595,35
ozks,0.00369375,10
ozks,0.003517708,17
ozks,0.012599542,398
ozks,0.007543458,191
ozks,0.003788667,17
ozks,0.00786175,40
ozks,0.003997375,19
ozks,0.004143458,45
ozks,0.003501041,13
ozks,0.002984125,2
ozks,0.010842584,328
ozks,0.004418292,31
ozks,0.003208666,10
ozks,0.006891333,139
ozks,0.009432,263
ozks,0.008258667,212
ozks,0.004856708,68
ozks,0.002996917,3
ozks,0.003354083,1
ozks,0.003867333,17
ozks,0.019841667,717
ozks,0.004112208,21
ozks,0.003522167,4
ozks,0.011288958,345
ozks,0.017712209,543
ozks,0.0024445,0
ozks,0.002867625,2
ozks,0.0032195,5
ozks,0.003532,12
ozks,0.003147458,1
ozks,0.003147209,4
ozks,0.003074625,4
ozks,0.020177875,494
ozks,0.004114666,38
ozks,0.003775875,25
ozks,0.003950625,24
ozks,0.010182917,302
ozks,0.003319291,1
ozks,0.018129042,667
ozks,0.003704959,19
ozks,0.006548083,134
ozks,0.002956958,3
ozks,0.003604917,19
ozks,0.002850417,1
ozks,0.003553459,20
ozks,0.011916375,382
ozks,0.003098833,4
ozks,0.002964916,1
ozks,0.002341083,0
ozks,0.003907291,19
ozks,0.003514625,15
ozks,0.00312825,1
ozks,0.002848167,1
ozks,0.003272917,9
ozks,0.006971459,158
ozks,0.010665542,340
ozks,0.003084125,2
ozks,0.016494,494
ozks,0.003915209,27
ozks,0.004222583,17
ozks,0.002989583,2
ozks,0.005769959,99
ozks,0.024769291,919
ozks,0.002700042,1
ozks,0.01493575,494
ozks,0.002948625,3
ozks,0.00489125,52
ozks,0.012716333,410
ozks,0.003648958,16
ozks,0.003477834,1
ozks,0.020295791,732
ozks,0.012523459,411
ozks,0.003277625,8
ozks,0.004752125,69
ozks,0.002273667,0
ozks,0.003303583,8
ozks,0.011223959,354
ozks,0.00414675,47
ozks,0.003614125,17
ozks,0.004069375,19
ozks,0.009311083,247
ozks,0.003623542,18
ozks,0.0040945,16
ozks,0.004309708,36
ozks,0.002874833,1
ozks,0.003006625,5
ozks,0.02054425,739
ozks,0.004532375,51
ozks,0.003060083,2
ozks,0.004102417,36
ozks,0.003603958,14
ozks,0.004290667,32
ozks,0.006337458,135
ozks,0.003797,23
ozks,0.017731792,665
ozks,0.003174959,3
ozks,0.003057125,3
ozks,0.006936833,137
ozks,0.003014083,2
ozks,0.006437208,122
ozks,0.004293208,47
ozks,0.0038735,18
ozks,0.003859167,22
ozks,0.002448125,0
ozks,0.002931875,1
ozks,0.003058041,2
ozks,0.0043865,28
ozks,0.003102959,3
ozks,0.002838083,2
ozks,0.003584083,11
ozks,0.003481959,13
ozks,0.003393125,8
ozks,0.006897458,149
ozks,0.003434333,12
ozks,0.004586708,46
ozks,0.007529709,167
ozks,0.003458875,12
ozks,0.002829167,1
ozks,0.0046515,21
ozks,0.003530916,7
ozks,0.002918167,2
ozks,0.003689041,22
ozks,0.004132958,40
ozks,0.002185209,0
ozks,0.0052155,78
ozks,0.003515584,14
ozks,0.003395708,13
ozks,0.002990375,2
ozks,0.004911166,62
ozks,0.004156458,28
ozks,0.003172125,4
ozks,0.0027575,0
ozks,0.019362625,685
ozks,0.003065,1
ozks,0.003109916,6
ozks,0.002902,2
ozks,0.002948458,2
ozks,0.002649708,0
ozks,0.004084583,40
ozks,0.003431,15
ozks,0.002772375,1
ozks,0.005650375,89
ozks,0.003161375,1
ozks,0.003651958,8
ozks,0.002796625,3
ozks,0.011201458,337
ozks,0.013668209,472
ozks,0.006241791,129
ozks,0.003069542,6
ozks,0.002958208,1
ozks,0.003216375,7
ozks,0.006942916,158
ozks,0.00328575,7
ozks,0.002353584,0
ozks,0.003699625,1
ozks,0.005864541,105
ozks,0.002830625,1
ozks,0.003418042,8
ozks,0.003040292,1
ozks,0.022613541,826
ozks,0.0038715,36
ozks,0.011912541,369
ozks,0.010259917,328
ozks,0.004100792,48
ozks,0.009417125,256
ozks,0.002799042,2
ozks,0.016327208,521
ozks,0.004412083,47
ozks,0.0023225,0
ozks,0.003567084,19
ozks,0.003319583,7
ozks,0.003772459,16
ozks,0.004443458,47
ozks,0.005748792,103
ozks,0.003351625,4
ozks,0.004641709,66
ozks,0.003416125,10
ozks,0.003218958,9
ozks,0.004123375,24
ozks,0.003735875,8
ozks,0.002667333,0
ozks,0.006552042,159
ozks,0.008055458,223
ozks,0.00346225,16
ozks,0.002945125,1
ozks,0.005000208,83
ozks,0.005564667,107
ozks,0.005228291,95
ozks,0.002971625,3
ozks,0.002798166,2
ozks,0.003549708,17
ozks,0.002448125,0
ozks,0.005640542,71
ozks,0.003359208,10
ozks,0.0025795,0
ozks,0.02464075,905
ozks,0.003935375,31
ozks,0.004472541,55
ozks,0.019763833,715
ozks,0.004435834,54
ozks,0.004680625,57
ozks,0.003375291,4
ozks,0.023240834,929
ozks,0.020577875,714
ozks,0.003438292,8
ozks,0.003849875,17
ozks,0.003361459,11
ozks,0.0080955,219
ozks,0.003144792,5
ozks,0.004629209,43
ozks,0.004799375,66
ozks,0.003551084,17
ozks,0.0023695,0
ozks,0.003601459,8
ozks,0.00306525,4
ozks,0.006285375,130
ozks,0.00637075,127
ozks,0.003718458,17
ozks,0.00740225,170
ozks,0.00284175,1
ozks,0.003285167,7
ozks,0.003838542,18
ozks,0.003476291,17
ozks,0.003354917,10
ozks,0.004178667,42
ozks,0.003575667,17
ozks,0.003464167,13
ozks,0.008912667,240
ozks,0.003640708,10
ozks,0.003112125,8
ozks,0.008194125,183
ozks,0.004343583,47
ozks,0.003165292,8
ozks,0.003901208,24
ozks,0.006672791,161
ozks,0.026084833,954
ozks,0.003797667,13
ozks,0.002276333,0
ozks,0.002979375,2
ozks,0.004436458,41
ozks,0.002388583,0
ozks,0.00249875,0
ozks,0.003715375,16
ozks,0.00269675,0
ozks,0.0034385,9
ozks,0.00347675,8
ozks,0.005814959,121
ozks,0.005434709,76
ozks,0.004870459,68
ozks,0.003124208,7
ozks,0.021218583,750
ozks,0.0042105,32
ozks,0.016207625,542
ozks,0.002393292,0
ozks,0.003248125,8
ozks,0.012802291,409
ozks,0.004694458,31
ozks,0.003629417,15
ozks,0.008029166,214
ozks,0.0042015,43
ozks,0.011267083,358
ozks,0.003220417,8
ozks,0.005584291,109
ozks,0.0023945,0
ozks,0.006238792,122
ozks,0.003168292,6
ozks,0.002420792,0
ozks,0.005413458,88
ozks,0.003153584,2
ozks,0.00545575,48
ozks,0.002859958,2
ozks,0.003378583,8
ozks,0.0023545,0
ozks,0.003229459,10
ozks,0.00391925,21
ozks,0.003419625,8
ozks,0.004832917,44
ozks,0.003898709,11
ozks,0.016326542,559
ozks,0.004820083,59
ozks,0.00315875,5
ozks,0.003498708,6
ozks,0.003720541,20
ozks,0.0072295,164
ozks,0.004286375,38
ozks,0.00485875,72
ozks,0.004776458,78
ozks,0.003092125,3
ozks,0.003077917,2
ozks,0.003095083,2
ozks,0.010296792,301
ozks,0.003481042,8
ozks,0.003398,16
ozks,0.008145625,158
ozks,0.003247541,8
ozks,0.00687575,139
ozks,0.00317275,5
ozks,0.003608334,13
ozks,0.0037905,19
ozks,0.003489208,8
ozks,0.004626583,64
ozks,0.0032955,6
ozks,0.026296292,981
ozks,0.003062708,3
ozks,0.003215584,8
ozks,0.003457458,11
ozks,0.004308584,29
ozks,0.004372833,17
ozks,0.003135458,5
ozks,0.0038495,22
ozks,0.004066125,22
ozks,0.003582792,11
ozks,0.003847416,22
ozks,0.004329875,41
ozks,0.003961375,17
ozks,0.003758875,23
ozks,0.003789333,15
ozks,0.003619375,15
ozks,0.003719,19
ozks,0.003225209,2
ozks,0.009081541,202
ozks,0.004253958,40
ozks,0.00420075,36
ozks,0.007022625,144
ozks,0.007689792,212
ozks,0.006384709,93
ozks,0.003114084,2
ozks,0.003101458,2
ozks,0.004695458,17
ozks,0.003149959,6
ozks,0.004500334,53
ozks,0.006558875,140
ozks,0.004012458,8
ozks,0.0028685,1
ozks,0.012690625,392
ozks,0.00341575,15
ozks,0.00335825,7
ozks,0.0034955,4
ozks,0.012982334,350
ozks,0.009703042,239
ozks,0.00265225,0
ozks,0.021093,708
ozks,0.009296292,262
ozks,0.008337292,201
ozks,0.003474875,2
ozks,0.004013333,15
ozks,0.004779458,54
ozks,0.004814708,70
ozks,0.003053084,5
ozks,0.003509666,10
ozks,0.003600542,13
ozks,0.008977416,248
ozks,0.003242792,9
ozks,0.004429458,59
ozks,0.005773208,113
ozks,0.002714417,1
ozks,0.003856209,12
ozks,0.003085208,6
ozks,0.004137333,43
ozks,0.003435708,11
ozks,0.003805125,34
ozks,0.002454125,0
ozks,0.003200917,3
ozks,0.00315,8
ozks,0.00344325,16
ozks,0.004061167,34
ozks,0.004130209,44
ozks,0.019483666,728
ozks,0.012348875,369
ozks,0.002938,2
ozks,0.004939875,57
ozks,0.004777917,65
ozks,0.006565958,145
ozks,0.003261208,7
ozks,0.006553208,134
ozks,0.003352583,5
ozks,0.004366125,36
ozks,0.00240375,0
ozks,0.01527825,520
ozks,0.003408917,17
ozks,0.003051333,6
ozks,0.019729208,710
ozks,0.005261917,58
ozks,0.003692458,13
ozks,0.020678167,750
ozks,0.00356175,17
ozks,0.004015,30
ozks,0.002814833,1
ozks,0.0034,13
ozks,0.003844833,12
ozks,0.003498167,11
ozks,0.003471583,15
ozks,0.004566417,58
ozks,0.002945041,1
ozks,0.006583042,147
ozks,0.003295875,3
ozks,0.003416041,10
ozks,0.003011417,1
ozks,0.003849667,14
ozks,0.003731667,15
ozks,0.002396875,0
ozks,0.004207208,31
ozks,0.002895333,1
ozks,0.003041042,5
ozks,0.003387875,8
ozks,0.003760834,13
ozks,0.004850542,44
ozks,0.003041833,5
ozks,0.025516875,983
ozks,0.003469708,17
ozks,0.003726834,12
ozks,0.008909833,244
ozks,0.006651625,150
ozks,0.004935041,77
ozks,0.003134959,6
ozks,0.003080833,1
ozks,0.004229458,43
ozks,0.005306541,66
ozks,0.02079375,651
ozks,0.005688375,90
ozks,0.002974417,3
ozks,0.0049355,67
ozks,0.00713775,159
ozks,0.003064583,6
ozks,0.002930084,2
ozks,0.00495075,69
ozks,0.003234875,7
ozks,0.006756875,166
ozks,0.004936375,54
ozks,0.003794292,21
ozks,0.003308208,9
ozks,0.00501575,81
ozks,0.006560875,147
ozks,0.003423375,13
ozks,0.003902167,13
ozks,0.002213958,0
ozks,0.002419833,0
ozks,0.003783791,19
ozks,0.0198595,738
ozks,0.003274708,3
ozks,0.004182125,38
ozks,0.00340625,4
ozks,0.004460208,51
ozks,0.025815958,958
ozks,0.003491167,12
ozks,0.00282975,1
ozks,0.002917084,1
ozks,0.006416625,143
ozks,0.003079458,1
ozks,0.003565042,15
ozks,0.0034835,15
ozks,0.002498625,0
ozks,0.004342042,14
ozks,0.005706583,107
ozks,0.002944958,3
ozks,0.004500875,35
ozks,0.003237333,2
ozks,0.003476416,17
ozks,0.003185167,8
ozks,0.002914208,1
ozks,0.003717667,17
ozks,0.003592208,9
ozks,0.005977292,108
ozks,0.003972291,28
ozks,0.002339542,0
ozks,0.002560792,0
ozks,0.003795584,27
ozks,0.003450875,10
ozks,0.003471,2
ozks,0.003927417,19
ozks,0.003701417,27
ozks,0.006027333,114
ozks,0.004241959,45
ozks,0.003615583,13
ozks,0.01329175,412
ozks,0.003531958,11
ozks,0.018770334,694
ozks,0.003298833,9
ozks,0.003286708,1
ozks,0.002930792,5
ozks,0.006787375,140
ozks,0.006786708,140
ozks,0.002407292,0
ozks,0.003282041,10
ozks,0.003426583,13
ozks,0.003827208,21
ozks,0.004169375,47
ozks,0.026308875,983
ozks,0.0036355,19
ozks,0.004135167,25
ozks,0.010081666,262
ozks,0.00333575,9
ozks,0.004393041,44
ozks,0.004831416,56
ozks,0.0032355,8
ozks,0.004541583,49
ozks,0.003128125,3
ozks,0.003235,8
ozks,0.003908666,21
ozks,0.002950458,4
ozks,0.003855792,27
ozks,0.003462542,8
ozks,0.006546625,133
ozks,0.003996875,18
ozks,0.003551209,17
ozks,0.004111875,38
ozks,0.006606584,148
ozks,0.003811334,19
ozks,0.003043875,6
ozks,0.019715625,707
ozks,0.004787167,68
ozks,0.004083542,18
ozks,0.003468875,14
ozks,0.003050542,4
ozks,0.003376125,14
ozks,0.003840916,8
ozks,0.003107166,5
ozks,0.00337575,10
ozks,0.00664025,153
ozks,0.003175,8
ozks,0.005138917,70
ozks,0.003514,13
ozks,0.004136541,28
ozks,0.002879834,2
ozks,0.004523,45
ozks,0.006766291,146
ozks,0.004283834,23
ozks,0.002338958,0
ozks,0.003023041,2
ozks,0.026132875,997
ozks,0.009673333,291
ozks,0.002901958,1
ozks,0.002188167,0
ozks,0.01963125,734
ozks,0.003330083,8
ozks,0.005183125,93
ozks,0.004078417,39
ozks,0.003862542,17
ozks,0.003118084,8
ozks,0.003241625,8
ozks,0.016447208,541
ozks,0.007745083,200
ozks,0.003894083,16
ozks,0.017043625,631
ozks,0.003809583,22
ozks,0.003520917,12
ozks,0.004176875,29
ozks,0.003102875,4
ozks,0.002976959,3
ozks,0.00336975,7
ozks,0.003752083,8
ozks,0.004352209,45
ozks,0.002970625,3
ozks,0.0040305,26
ozks,0.003058167,6
ozks,0.00511575,79
ozks,0.003031959,4
ozks,0.002788958,1
ozks,0.00318925,7
ozks,0.005610083,97
ozks,0.003055625,7
ozks,0.005664917,100
ozks,0.002924125,3
ozks,0.00555975,85
ozks,0.002857916,1
ozks,0.003542792,17
ozks,0.003003625,1
ozks,0.003321,9
ozks,0.004762084,47
ozks,0.002415834,0
ozks,0.002723708,1
ozks,0.002392417,0
ozks,0.003878292,28
ozks,0.003043417,6
ozks,0.003931291,10
ozks,0.02023875,760
ozks,0.0041515,32
ozks,0.00346425,4
ozks,0.005553875,68
ozks,0.003207708,5
ozks,0.003114875,5
ozks,0.003574625,12
ozks,0.008834084,245
ozks,0.003879541,20
ozks,0.003865333,17
ozks,0.003541458,17
ozks,0.003696208,8
ozks,0.003350375,10
ozks,0.00317875,6
ozks,0.005791875,112
ozks,0.003790333,25
ozks,0.003606625,17
ozks,0.00318875,1
ozks,0.003137625,4
ozks,0.006613833,143
ozks,0.003227875,9
ozks,0.003173375,9
ozks,0.003318833,9
ozks,0.003422625,16
ozks,0.005519209,64
ozks,0.003508875,2
ozks,0.003211458,7
ozks,0.003124625,1
ozks,0.003914041,29
ozks,0.013066625,424
ozks,0.006961541,149
ozks,0.003360625,9
ozks,0.005841417,115
ozks,0.003629459,12
ozks,0.005558791,112
ozks,0.004114792,40
ozks,0.003863542,4
ozks,0.00672375,145
ozks,0.003628792,8
ozks,0.00223475,0
ozks,0.002363541,0
ozks,0.002876458,2
ozks,0.002617417,0
ozks,0.003976875,29
ozks,0.008603083,1
ozks,0.003186583,9
ozks,0.00322575,3
ozks,0.005050375,75
ozks,0.003116792,4
ozks,0.005242916,79
ozks,0.007241709,153
ozks,0.004211833,37
ozks,0.003894959,18
ozks,0.004802916,68
ozks,0.004092375,30
ozks,0.003167291,1
ozks,0.006122416,110
ozks,0.003435,5
ozks,0.002933958,3
ozks,0.006797041,146
ozks,0.003499167,5
ozks,0.003298959,10
ozks,0.004156167,35
ozks,0.003762,15
ozks,0.0033465,9
ozks,0.00340825,8
ozks,0.005111125,79
ozks,0.004491291,54
ozks,0.006791958,137
ozks,0.0042525,39
ozks,0.006616208,126
ozks,0.005114042,82
ozks,0.003853416,8
ozks,0.005506917,92
ozks,0.002911708,2
ozks,0.002890667,1
ozks,0.003431209,3
ozks,0.002417666,0
ozks,0.0034585,11
ozks,0.010406083,302
ozks,0.007260291,175
ozks,0.003200625,5
ozks,0.003225458,9
ozks,0.002791,0
ozks,0.002656375,0
ozks,0.003438667,6
ozks,0.003161666,3
ozks,0.002803834,1
ozks,0.00429125,35
ozks,0.003584916,14
ozks,0.003307667,1
ozks,0.003360125,10
ozks,0.006382666,133
ozks,0.002356875,0
ozks,0.005332625,93
ozks,0.003152417,1
ozks,0.002941917,1
ozks,0.0032665,9
ozks,0.003256959,1
ozks,0.011012666,342
ozks,0.0062485,134
ozks,0.002896792,1
ozks,0.003185375,8
ozks,0.00376825,14
ozks,0.002876959,2
ozks,0.002355334,0
ozks,0.003337416,7
ozks,0.006403958,127
ozks,0.00450275,48
ozks,0.002605208,0
ozks,0.003311167,5
ozks,0.005385125,76
ozks,0.005925167,69
ozks,0.003242917,0
ozks,0.014138583,463
ozks,0.002946167,4
ozks,0.004020625,34
ozks,0.004302167,51
ozks,0.003009583,4
ozks,0.003405041,10
ozks,0.003522916,4
ozks,0.003112583,6
ozks,0.003239334,3
ozks,0.006544667,140
ozks,0.006916125,145
ozks,0.004037541,37
ozks,0.004218709,39
ozks,0.004577875,42
ozks,0.002424584,0
ozks,0.010183916,292
ozks,0.003300125,5
ozks,0.00312375,2
ozks,0.010151459,328
ozks,0.012304792,379
ozks,0.0040175,15
ozks,0.003514958,15
ozks,0.004423333,22
ozks,0.002695959,0
ozks,0.003337542,6
ozks,0.003644458,19
ozks,0.003103667,1
ozks,0.003525833,17
ozks,0.003288958,2
ozks,0.00649275,122
ozks,0.003288584,4
ozks,0.003559333,1
ozks,0.0178425,638
ozks,0.003878625,8
ozks,0.005442166,57
ozks,0.003435083,10
ozks,0.002343208,0
ozks,0.002362292,0
ozks,0.003891584,21
ozks,0.003512125,8
ozks,0.003826875,23
ozks,0.023320875,853
ozks,0.002873042,1
ozks,0.00732575,171
ozks,0.005601834,57
ozks,0.002437917,0
ozks,0.01085925,327
ozks,0.004233667,46
ozks,0.004930458,69
ozks,0.00395775,32
ozks,0.002538666,0
ozks,0.002894958,2
ozks,0.004199666,26
ozks,0.003285208,3
ozks,0.002433917,0
ozks,0.006608375,130
ozks,0.003890791,17
ozks,0.003596166,10
ozks,0.003678209,17
ozks,0.003763292,14
ozks,0.003509667,13
ozks,0.010331542,324
ozks,0.003612959,20
ozks,0.004404583,47
ozks,0.002881041,2
ozks,0.004764791,56
ozks,0.003269125,1
ozks,0.003275834,2
ozks,0.008818709,243
ozks,0.005309541,84
ozks,0.004001625,30
ozks,0.003210875,4
ozks,0.004585208,45
ozks,0.003648084,9
ozks,0.003693042,17
ozks,0.005294875,89
ozks,0.00273525,0
ozks,0.002706666,0
ozks,0.005743791,109
ozks,0.003519166,3
ozks,0.003104084,3
ozks,0.003272416,2
ozks,0.003504708,17
ozks,0.002912375,1
ozks,0.003130333,1
ozks,0.0069905,154
ozks,0.003585167,1
ozks,0.025343375,932
ozks,0.012858625,415
ozks,0.003742958,12
ozks,0.003264208,6
ozks,0.003175333,2
ozks,0.012875459,304
ozks,0.01205,384
ozks,0.003120167,5
ozks,0.003431958,6
ozks,0.004468458,56
ozks,0.003181125,5
ozks,0.003813125,27
ozks,0.004872125,63
ozks,0.004070833,20
ozks,0.007004083,144
ozks,0.012919958,410
ozks,0.010090125,324
ozks,0.00377,11
ozks,0.00298025,3
ozks,0.003224,3
ozks,0.003113292,5
ozks,0.003103916,1
ozks,0.003035583,3
ozks,0.004096084,34
ozks,0.003772167,21
ozks,0.003206833,8
ozks,0.003215125,1
ozks,0.003817208,17
ozks,0.0068905,162
ozks,0.005766875,65
ozks,0.003778333,30
ozks,0.003173958,2
ozks,0.015070583,541
ozks,0.014152334,475
ozks,0.002923666,2
ozks,0.004304875,52
ozks,0.003498791,12
ozks,0.00705575,155
ozks,0.002671667,0
ozks,0.003383708,8
ozks,0.002995667,1
ozks,0.005568833,70
ozks,0.003646083,18
ozks,0.003544166,11
ozks,0.0032775,6
ozks,0.003196875,5
ozks,0.005628833,88
ozks,0.00672575,139
ozks,0.002930916,2
ozks,0.006575666,139
ozks,0.006654416,139
ozks,0.021215084,749
ozks,0.024036834,893
ozks,0.006283042,139
ozks,0.003886791,4
ozks,0.003480542,12
ozks,0.003677209,16
ozks,0.003304042,5
ozks,0.003366542,4
ozks,0.004441708,53
ozks,0.010011542,291
ozks,0.00295625,1
ozks,0.018762,657
ozks,0.003261041,8
ozks,0.007005625,166
ozks,0.018419959,540
ozks,0.006741708,164
ozks,0.002725625,0
ozks,0.003632125,12
ozks,0.0125405,399
ozks,0.002667083,0
ozks,0.010891083,329
ozks,0.003561458,9
ozks,0.003232917,7
ozks,0.006105542,129
ozks,0.012059792,383
ozks,0.006770209,146
ozks,0.003230542,9
ozks,0.006758042,92
ozks,0.003652,15
ozks,0.008430125,202
ozks,0.002378875,0
ozks,0.003269459,8
ozks,0.003925875,25
ozks,0.00318825,3
ozks,0.01518375,512
ozks,0.004161667,36
ozks,0.003091334,4
ozks,0.003257958,3
ozks,0.004469167,51
ozks,0.003430083,3
ozks,0.00302125,3
ozks,0.007033583,164
ozks,0.005845,105
ozks,0.022837,838
ozks,0.003998917,21
ozks,0.003697583,19
ozks,0.004207333,38
ozks,0.003858542,22
ozks,0.011673833,389
ozks,0.00377225,12
ozks,0.003649167,23
ozks,0.006398458,76
ozks,0.003725709,25
ozks,0.002398208,0
ozks,0.003501125,8
ozks,0.00654,133
ozks,0.003589,17
ozks,0.006301209,134
ozks,0.002931,1
ozks,0.005769916,105
ozks,0.005069583,76
ozks,0.003545,9
ozks,0.005236709,76
ozks,0.003503584,2
ozks,0.003510208,10
ozks,0.0045965,45
ozks,0.003821167,16
ozks,0.006699708,137
ozks,0.005791708,93
ozks,0.003431958,8
ozks,0.005935291,116
ozks,0.002911458,2
ozks,0.0028745,1
ozks,0.002455208,0
ozks,0.004051666,17
ozks,0.006119416,125
ozks,0.004778834,67
ozks,0.006363334,139
ozks,0.002657708,0
ozks,0.002893417,2
ozks,0.003524042,13
ozks,0.005823292,115
ozks,0.005081542,72
ozks,0.002749959,0
ozks,0.004792375,70
ozks,0.002571042,0
ozks,0.004156792,47
ozks,0.004300917,16
ozks,0.00321825,1
ozks,0.022154791,706
ozks,0.003624584,20
ozks,0.003715209,19
ozks,0.011131958,292
ozks,0.003165583,3
ozks,0.004608292,48
ozks,0.004459709,55
ozks,0.003272875,9
ozks,0.010033625,291
ozks,0.003173417,7
ozks,0.003281667,6
ozks,0.004043667,8
ozks,0.002604083,0
ozks,0.005609584,107
ozks,0.003087125,5
ozks,0.003567625,15
ozks,0.016747959,588
ozks,0.003361083,11
ozks,0.003921166,22
ozks,0.00411825,17
ozks,0.003243292,8
ozks,0.00332525,5
ozks,0.004559541,67
ozks,0.008103791,150
ozks,0.003023417,4
ozks,0.005028541,79
ozks,0.003296209,2
ozks,0.003133667,6
ozks,0.002938916,2
ozks,0.003509667,7
ozks,0.004432,37
ozks,0.0031155,8
ozks,0.003189708,6
ozks,0.014913,541
ozks,0.003256584,7
ozks,0.002517,0
ozks,0.004318917,31
ozks,0.003135708,1
ozks,0.0025235,0
ozks,0.003151834,8
ozks,0.004306125,38
ozks,0.004019292,32
ozks,0.003368166,5
ozks,0.003361625,10
ozks,0.003995541,34
ozks,0.00314975,6
ozks,0.002572958,0
ozks,0.0037195,18
ozks,0.010619542,51
ozks,0.003733,13
ozks,0.003117584,7
ozks,0.004198333,45
ozks,0.00409925,20
ozks,0.002984708,2
ozks,0.00330125,7
ozks,0.023251542,930
ozks,0.004774625,62
ozks,0.005028041,72
ozks,0.006438458,139
ozks,0.00315675,6
ozks,0.007119042,134
ozks,0.004374125,52
ozks,0.003143917,6
ozks,0.003121708,8
ozks,0.003291833,9
ozks,0.003984167,28
ozks,0.003365917,3
ozks,0.002645042,0
ozks,0.004805042,65
ozks,0.003394375,11
ozks,0.003736583,21
ozks,0.00468725,37
ozks,0.003033917,3
ozks,0.004132125,29
ozks,0.002839541,1
ozks,0.004606833,47
ozks,0.002954458,3
ozks,0.021635041,808
ozks,0.003406791,8
ozks,0.003278291,1
ozks,0.00351375,11
ozks,0.002812625,1
ozks,0.003601458,13
ozks,0.003258625,5
ozks,0.004830083,45
ozks,0.002425834,0
ozks,0.0037935,26
ozks,0.003832125,21
ozks,0.006706666,140
ozks,0.003944125,34
ozks,0.006661458,148
ozks,0.00324375,8
ozks,0.003631,12
ozks,0.0035775,12
ozks,0.003960208,23
ozks,0.020611708,740
ozks,0.003815666,7
ozks,0.003171625,8
ozks,0.003876584,13
ozks,0.009575042,273
ozks,0.021413125,767
ozks,0.003981375,3
ozks,0.003658,17
ozks,0.005232834,82
ozks,0.002397958,0
ozks,0.0048255,47
ozks,0.003310916,9
ozks,0.00303825,3
ozks,0.004484667,26
ozks,0.0035915,17
ozks,0.002916167,1
ozks,0.00251075,0
ozks,0.002909583,1
ozks,0.011217666,335
ozks,0.003377042,5
ozks,0.004024958,34
ozks,0.00391125,17
ozks,0.003570125,11
ozks,0.024345333,881
ozks,0.003502416,13
ozks,0.009909666,256
ozks,0.004533584,33
ozks,0.003865042,34
ozks,0.00472675,56
ozks,0.003966,27
ozks,0.002304917,0
ozks,0.003622834,17
ozks,0.003863208,14
ozks,0.003036209,5
ozks,0.006720209,173
ozks,0.002835583,1
ozks,0.006497625,143
ozks,0.003272417,1
ozks,0.005276917,45
ozks,0.003028958,1
ozks,0.0027195,0
ozks,0.003933875,32
ozks,0.006234875,108
ozks,0.003920791,24
ozks,0.003168959,2
ozks,0.003958667,23
ozks,0.003164125,9
ozks,0.003152959,4
ozks,0.002580916,0
ozks,0.024271208,906
ozks,0.004404833,28
ozks,0.004718833,30
ozks,0.006528208,133
ozks,0.003489958,8
ozks,0.004329375,43
ozks,0.004369292,55
ozks,0.003311625,6
ozks,0.011235958,340
ozks,0.003406833,10
ozks,0.005468125,77
ozks,0.003368083,8
ozks,0.003001167,1
ozks,0.003569541,8
ozks,0.004400833,29
ozks,0.00482525,34
ozks,0.003059916,3
ozks,0.003495583,13
ozks,0.00396,27
ozks,0.005384,102
ozks,0.003577166,16
ozks,0.00315125,1
ozks,0.003672125,26
ozks,0.005181167,61
ozks,0.00874325,246
ozks,0.00724375,158
ozks,0.004605458,24
ozks,0.003807166,7
ozks,0.003002541,2
ozks,0.0033675,7
ozks,0.003534792,13
ozks,0.005731083,109
ozks,0.005245,82
ozks,0.002883125,1
ozks,0.010035333,307
ozks,0.004140875,26
ozks,0.003503542,8
ozks,0.004802333,76
ozks,0.003573125,15
ozks,0.014934709,541
ozks,0.004117,17
ozks,0.004019375,31
ozks,0.003291375,3
ozks,0.003588958,5
ozks,0.009081708,25
ozks,0.00307525,2
ozks,0.003029042,3
ozks,0.002593333,0
ozks,0.00384975,28
ozks,0.00368375,16
ozks,0.0028845,1
ozks,0.004672792,54
ozks,0.003766708,6
ozks,0.002288583,0
ozks,0.003534042,11
ozks,0.003239125,7
ozks,0.002571084,0
ozks,0.007076625,146
ozks,0.006269208,135
ozks,0.003521708,6
ozks,0.008308208,214
ozks,0.007976916,202
ozks,0.003507,9
ozks,0.002466708,0
ozks,0.003448375,15
ozks,0.018483416,643
ozks,0.023404083,865
ozks,0.005920458,123
ozks,0.007960667,201
ozks,0.003492875,15
ozks,0.023511792,856
ozks,0.004311458,54
ozks,0.003165875,5
ozks,0.002915083,3
ozks,0.003957291,26
ozks,0.003380959,2
ozks,0.00558475,107
ozks,0.003503416,2
ozks,0.002527041,0
ozks,0.004636458,61
ozks,0.009997625,325
ozks,0.004175625,30
ozks,0.003541167,19
ozks,0.003866792,20
ozks,0.00234975,0
ozks,0.005671,91
ozks,0.003812459,19
ozks,0.0067795,146
ozks,0.00387575,16
ozks,0.00410225,39
ozks,0.005527416,74
ozks,0.002311583,0
ozks,0.009530833,274
ozks,0.003710666,24
ozks,0.003738291,17
ozks,0.006702042,143
ozks,0.0078945,201
ozks,0.003132917,1
ozks,0.003946458,38
ozks,0.004062292,25
ozks,0.0036635,14
ozks,0.003106208,1
ozks,0.004134458,39
ozks,0.004634292,34
ozks,0.009506334,264
ozks,0.006753417,149
ozks,0.003569,10
ozks,0.004831125,76
ozks,0.006081125,117
ozks,0.002866709,1
ozks,0.004458292,40
ozks,0.003167708,1
ozks,0.003239333,3
ozks,0.003813709,8
ozks,0.003255625,3
ozks,0.003788709,26
ozks,0.005039583,30
ozks,0.020427584,737
ozks,0.002862125,1
ozks,0.016012417,555
ozks,0.010772917,322
ozks,0.002835083,1
ozks,0.003708417,12
ozks,0.00317625,5
ozks,0.002854041,2
ozks,0.018986542,672
ozks,0.005844375,123
ozks,0.003504792,10
ozks,0.003898291,11
ozks,0.004639958,49
ozks,0.004531584,44
ozks,0.004086792,27
ozks,0.004085125,17
ozks,0.006380542,137
ozks,0.003174375,2
ozks,0.004581416,64
ozks,0.004762333,52
ozks,0.003132125,9
ozks,0.004450042,20
ozks,0.006684583,137
ozks,0.004540958,51
ozks,0.003927375,8
ozks,0.003572458,10
ozks,0.002881125,2
ozks,0.003085958,6
ozks,0.002900041,1
ozks,0.00312775,1
ozks,0.00390575,30
ozks,0.003416875,11
ozks,0.00376475,20
ozks,0.003167208,8
ozks,0.003778792,8
ozks,0.002909292,1
ozks,0.003233583,5
ozks,0.0032315,1
ozks,0.003008084,6
ozks,0.002876292,2
ozks,0.004150167,28
ozks,0.003582083,17
ozks,0.004921041,72
ozks,0.002308875,0
ozks,0.006744792,160
ozks,0.002929042,3
ozks,0.002427042,0
ozks,0.004295875,25
ozks,0.002870417,2
ozks,0.013251334,424
ozks,0.004531459,22
ozks,0.009311084,254
ozks,0.003112625,2
ozks,0.003186208,1
ozks,0.003827291,26
ozks,0.003920708,28
ozks,0.005520667,91
ozks,0.003316125,3
ozks,0.002744583,0
ozks,0.00367625,5
ozks,0.00303975,6
ozks,0.003921459,28
ozks,0.0089485,245
ozks,0.004044625,35
ozks,0.005182666,91
ozks,0.00237325,0
ozks,0.003214875,4
ozks,0.004473375,51
ozks,0.007243125,145
ozks,0.004544709,44
ozks,0.004056334,12
ozks,0.00310675,5
ozks,0.002541,0
ozks,0.004107958,13
ozks,0.005419,90
ozks,0.039883208,999
ozks,0.004537833,45
ozks,0.003203333,5
ozks,0.003391709,4
ozks,0.013527375,431
ozks,0.003109459,2
ozks,0.004161042,44
ozks,0.007025667,144
ozks,0.00321675,3
ozks,0.002862375,1
ozks,0.004798833,52
ozks,0.002423,0
ozks,0.003304042,3
ozks,0.0035845,11
ozks,0.004425458,44
ozks,0.005709458,102
ozks,0.003323916,9
ozks,0.003399833,5
ozks,0.004054625,35
ozks,0.003285417,6
ozks,0.004019083,17
ozks,0.004475875,49
ozks,0.003106875,5
ozks,0.00330875,1
ozks,0.010181958,302
ozks,0.003992958,23
ozks,0.002607833,0
ozks,0.00344725,8
ozks,0.003151334,2
ozks,0.003294125,8
ozks,0.00784825,201
ozks,0.003266333,3
ozks,0.00394975,35
ozks,0.003945083,9
ozks,0.00443775,54
ozks,0.006359958,143
ozks,0.010521875,273
ozks,0.003769917,14
ozks,0.0029205,1
ozks,0.003303041,3
ozks,0.002393334,0
ozks,0.004651333,68
ozks,0.004373042,43
ozks,0.002639958,0
ozks,0.003721625,12
ozks,0.003410375,18
ozks,0.003889041,6
ozks,0.003765166,17
ozks,0.003203916,8
ozks,0.005044292,70
ozks,0.006888459,145
ozks,0.003313459,3
ozks,0.003042167,2
ozks,0.00323725,8
ozks,0.0075175,179
ozks,0.003827,13
ozks,0.008403042,223
ozks,0.021500167,763
ozks,0.004485541,45
ozks,0.0046075,26
ozks,0.004092375,22
ozks,0.006168541,95
ozks,0.0065645,140
ozks,0.003699041,11
ozks,0.003794583,12
ozks,0.004261291,25
ozks,0.002372541,0
ozks,0.00228725,0
ozks,0.002365166,0
ozks,0.0036865,20
ozks,0.003746416,16
ozks,0.003273875,8
ozks,0.004240042,14
ozks,0.003469125,2
ozks,0.005591875,105
ozks,0.003392791,10
ozks,0.003970209,14
ozks,0.003358833,9
ozks,0.01874325,668
ozks,0.017930542,620
ozks,0.0030355,3
ozks,0.005691083,101
ozks,0.003433917,5
ozks,0.003812292,21
ozks,0.003912875,8
ozks,0.008606625,210
ozks,0.003164375,2
ozks,0.009544375,236
ozks,0.003090708,3
ozks,0.005988791,107
ozks,0.00510525,84
ozks,0.0034095,9
ozks,0.013832166,482
ozks,0.005019291,68
ozks,0.004054541,17
ozks,0.003414542,5
ozks,0.00412275,11
ozks,0.003464667,9
ozks,0.006230167,84
ozks,0.003098667,4
ozks,0.00712275,165
ozks,0.01984475,699
ozks,0.005956375,105
ozks,0.002786708,0
ozks,0.003216583,8
ozks,0.018217958,641
ozks,0.003546875,6
ozks,0.004098959,35
ozks,0.003294959,1
ozks,0.0038885,5
ozks,0.004155916,17
ozks,0.006869667,129
ozks,0.00361075,8
ozks,0.004458375,52
ozks,0.005155334,68
ozks,0.003319834,1
ozks,0.008649292,227
ozks,0.0037975,17
ozks,0.004982625,43
ozks,0.013174709,431
ozks,0.007643667,199
ozks,0.009280583,255
ozks,0.003580333,5
ozks,0.003202417,7
ozks,0.003648917,19
ozks,0.006441958,137
ozks,0.005030584,74
ozks,0.003260875,8
ozks,0.002738625,0
ozks,0.003437583,8
ozks,0.002623791,0
ozks,0.005535042,86
ozks,0.003691792,18
ozks,0.003363708,6
ozks,0.002975417,4
ozks,0.004506875,30
ozks,0.0040145,35
ozks,0.003239,0
ozks,0.002887625,1
ozks,0.003859666,23
ozks,0.00394525,19
ozks,0.003336709,8
ozks,0.008964459,231
ozks,0.006129,138
ozks,0.002914916,1
ozks,0.002384292,0
ozks,0.0038315,17
ozks,0.006706833,137
ozks,0.005622875,59
ozks,0.003532667,9
ozks,0.003253416,9
ozks,0.004129375,23
ozks,0.010272792,324
ozks,0.005912375,110
ozks,0.004433625,56
ozks,0.0026785,0
ozks,0.003389584,8
ozks,0.002709333,0
ozks,0.003218458,2
ozks,0.004362166,29
ozks,0.002991917,1
ozks,0.005305791,44
ozks,0.002521792,0
ozks,0.002996292,1
ozks,0.016424417,583
ozks,0.003216875,8
ozks,0.00335275,2
ozks,0.003222333,8
ozks,0.004274834,35
ozks,0.003748291,17
ozks,0.004317166,50
ozks,0.004034084,30
ozks,0.004639125,53
ozks,0.004057708,5
ozks,0.0030835,1
ozks,0.003265291,8
ozks,0.003991708,17
ozks,0.003743625,29
ozks,0.003988125,18
ozks,0.0039135,19
ozks,0.00472925,49
ozks,0.00326825,7
ozks,0.002663,0
ozks,0.006530333,128
ozks,0.009454042,202
ozks,0.002377083,0
ozks,0.003762708,13
ozks,0.003105833,2
ozks,0.011310084,358
ozks,0.025411833,948
ozks,0.003448167,8
ozks,0.00372625,16
ozks,0.002917166,1
ozks,0.00538525,2
ozks,0.003458667,3
ozks,0.007525375,177
ozks,0.004015333,8
ozks,0.004402375,47
ozks,0.003443125,1
ozks,0.003743084,13
ozks,0.004174042,42
ozks,0.00293775,2
ozks,0.022632208,827
ozks,0.002681416,0
ozks,0.004576333,51
ozks,0.003218458,10
ozks,0.002813958,1
ozks,0.003029625,3
ozks,0.003204666,1
ozks,0.003351,1
ozks,0.003273625,10
ozks,0.011603208,156
ozks,0.002256333,0
ozks,0.004580042,34
ozks,0.003242958,8
ozks,0.003752084,9
ozks,0.004449833,49
ozks,0.005397667,80
ozks,0.007011833,152
ozks,0.005685834,103
ozks,0.003828,25
ozks,0.0055705,70
ozks,0.006607208,132
ozks,0.00355325,4
ozks,0.004144167,36
ozks,0.004919708,65
ozks,0.003336834,1
ozks,0.003952709,30
ozks,0.003016,1
ozks,0.003070125,4
ozks,0.015960791,548
ozks,0.0025425,0
ozks,0.003965833,21
ozks,0.004505,55
ozks,0.004273167,43
ozks,0.0048765,71
ozks,0.003055208,5
ozks,0.004271916,26
ozks,0.009367666,265
ozks,0.006205959,111
ozks,0.003720791,17
ozks,0.004161208,31
ozks,0.004452584,49
ozks,0.005296625,86
ozks,0.004393333,44
ozks,0.004436917,48
ozks,0.00298075,1
ozks,0.003916041,16
ozks,0.002344292,0
ozks,0.003055209,1
ozks,0.002785417,0
ozks,0.010116333,328
ozks,0.00363025,15
ozks,0.00236325,0
ozks,0.003814542,11
ozks,0.00331275,9
ozks,0.003742416,18
ozks,0.004599292,54
ozks,0.003552834,10
ozks,0.005303458,67
ozks,0.003603083,17
ozks,0.004185292,16
ozks,0.002968625,3
ozks,0.004156417,25
ozks,0.003274,10
ozks,0.020549125,739
ozks,0.004182,24
ozks,0.010867625,351
ozks,0.003077042,4
ozks,0.025489542,948
ozks,0.003662417,18
ozks,0.00265025,0
ozks,0.00388075,12
ozks,0.003010708,6
ozks,0.002463667,0
ozks,0.00329225,1
ozks,0.002645042,0
ozks,0.003601542,13
ozks,0.003244084,4
ozks,0.003555375,12
ozks,0.004520875,36
ozks,0.014739458,541
ozks,0.002620292,0
ozks,0.007302875,156
ozks,0.00238275,0
ozks,0.0032875,10
ozks,0.01620575,583
ozks,0.004580125,53
ozks,0.004472333,59
ozks,0.0033445,9
ozks,0.003277625,10
ozks,0.008914083,218
ozks,0.003018667,6
ozks,0.02285925,831
ozks,0.002825084,0
ozks,0.003519,12
ozks,0.010232584,278
ozks,0.017718209,620
ozks,0.004980625,83
ozks,0.004275708,55
ozks,0.003140458,1
ozks,0.004062625,39
ozks,0.003267333,8
ozks,0.002786833,1
ozks,0.008232334,209
ozks,0.004155542,42
ozks,0.006791125,140
ozks,0.005713208,74
ozks,0.003561959,20
ozks,0.004653833,25
ozks,0.003031417,2
ozks,0.003345958,5
ozks,0.002998583,3
ozks,0.006455292,140
ozks,0.003893625,28
ozks,0.004495167,53
ozks,0.005536291,88
ozks,0.003366834,1
ozks,0.003074666,5
ozks,0.003307625,4
ozks,0.003537667,10
ozks,0.004170208,27
ozks,0.019794459,687
ozks,0.003681125,18
ozks,0.003709167,12
ozks,0.003161625,3
ozks,0.002876834,2
ozks,0.004040625,33
ozks,0.00470425,55
ozks,0.00380475,11
ozks,0.004056667,25
ozks,0.003079334,5
ozks,0.002947708,2
ozks,0.004443791,29
ozks,0.003475834,12
ozks,0.003459375,7
ozks,0.004168542,40
ozks,0.00291725,2
ozks,0.00348325,10
ozks,0.002299167,0
ozks,0.010113166,259
ozks,0.003689958,14
ozks,0.016046,578
ozks,0.005932375,82
ozks,0.012024042,8
ozks,0.015984084,369
ozks,0.0070835,141
ozks,0.003154167,0
ozks,0.004650875,0
ozks,0.00414475,19
ozks,0.00359875,10
ozks,0.002755541,0
ozks,0.004225584,22
ozks,0.003209791,5
ozks,0.00313475,6
ozks,0.005235958,11
ozks,0.0045185,39
ozks,0.011898167,246
ozks,0.027450959,983
ozks,0.003577875,3
ozks,0.003675959,2
ozks,0.005370916,57
ozks,0.005439583,33
ozks,0.003417667,1
ozks,0.020665167,736
ozks,0.020277375,705
ozks,0.004274,29
ozks,0.005168416,61
ozks,0.005215375,56
ozks,0.003260375,3
ozks,0.006946875,149
ozks,0.002963917,3
ozks,0.003375209,3
ozks,0.003389375,8
ozks,0.006706,127
ozks,0.003016875,0
ozks,0.003337542,7
ozks,0.003145125,6
ozks,0.004279167,49
ozks,0.009981583,8
ozks,0.005304209,87
ozks,0.003207291,1
ozks,0.008791292,48
ozks,0.030861375,551
ozks,0.004735375,24
ozks,0.003460458,6
ozks,0.005296459,66
ozks,0.002340666,0
ozks,0.003320125,10
ozks,0.003732834,27
ozks,0.004524042,45
ozks,0.002866833,2
ozks,0.004346709,28
ozks,0.003488458,5
ozks,0.00290325,1
ozks,0.021567666,767
ozks,0.00617775,109
ozks,0.003230584,3
ozks,0.004853917,56
ozks,0.008185167,223
ozks,0.003909583,26
ozks,0.003197833,1
ozks,0.002949125,1
ozks,0.006246083,117
ozks,0.01307575,438
ozks,0.020379125,747
ozks,0.003411959,8
ozks,0.012989292,36
ozks,0.022820292,801
ozks,0.005983291,117
ozks,0.003345542,9
ozks,0.024683958,957
ozks,0.003069875,1
ozks,0.002831875,1
ozks,0.003884625,33
ozks,0.002383,0
ozks,0.00776425,6
ozks,0.0064815,64
ozks,0.003744375,8
ozks,0.003134875,1
ozks,0.003753333,26
ozks,0.004799166,66
ozks,0.003819916,18
ozks,0.003510084,19
ozks,0.020614625,741
ozks,0.003373666,6
ozks,0.004015583,8
ozks,0.003329875,9
ozks,0.005415167,79
ozks,0.005392375,45
ozks,0.002814709,1
ozks,0.004801125,69
ozks,0.012626916,442
ozks,0.003491917,7
ozks,0.013247541,439
ozks,0.004608083,47
ozks,0.016607625,606
ozks,0.002873,1
ozks,0.003671125,8
ozks,0.003551375,1
ozks,0.003545791,16
ozks,0.024105292,895
ozks,0.004119583,33
ozks,0.0043215,35
ozks,0.00305625,5
ozks,0.003196125,2
ozks,0.002893,2
ozks,0.003432375,4
ozks,0.003305458,4
ozks,0.003247125,6
ozks,0.0039955,37
ozks,0.00287225,1
ozks,0.012556333,366
ozks,0.005914416,109
ozks,0.0034255,6
ozks,0.006117792,73
ozks,0.005398625,91
ozks,0.006465791,123
ozks,0.003929666,13
ozks,0.003514042,15
ozks,0.003687292,20
ozks,0.003816917,13
ozks,0.003474291,13
ozks,0.003117166,7
ozks,0.017154667,635
ozks,0.015462209,474
ozks,0.003276083,1
ozks,0.004932625,77
ozks,0.011124167,252
ozks,0.00251325,0
ozks,0.01641075,543
ozks,0.007041125,128
ozks,0.015556666,565
ozks,0.00374625,14
ozks,0.003540166,12
ozks,0.018909875,672
ozks,0.003568625,16
ozks,0.005814583,72
ozks,0.006221125,126
ozks,0.003691833,15
ozks,0.003177708,6
ozks,0.008293375,207
ozks,0.003177792,4
ozks,0.003869375,28
ozks,0.0044245,43
ozks,0.003195459,8
ozks,0.00326125,9
ozks,0.004408125,37
ozks,0.00346775,8
ozks,0.003258125,7
ozks,0.003638792,24
ozks,0.004335542,16
ozks,0.003314292,9
ozks,0.00405375,33
ozks,0.003841042,17
ozks,0.004195334,42
ozks,0.003852208,11
ozks,0.003372083,8
ozks,0.003210042,8
ozks,0.003053459,6
ozks,0.006324292,98
ozks,0.003993584,18
ozks,0.003341958,8
ozks,0.003966167,39
ozks,0.002568625,1
ozks,0.0047405,47
ozks,0.004212459,36
ozks,0.013415541,448
ozks,0.004748625,62
ozks,0.003859875,20
ozks,0.005138792,83
ozks,0.003531708,9
ozks,0.002670417,1
ozks,0.006958084,143
ozks,0.004744041,41
ozks,0.016159959,602
ozks,0.003421917,8
ozks,0.003209083,10
ozks,0.010243667,303
ozks,0.003609709,14
ozks,0.003021542,4
ozks,0.009310625,273
ozks,0.002934958,3
ozks,0.004480625,35
ozks,0.003454083,16
ozks,0.004394917,33
ozks,0.002954792,1
ozks,0.010905,361
ozks,0.003458167,8
ozks,0.003525709,6
ozks,0.004726875,36
ozks,0.005632709,109
ozks,0.006201834,108
ozks,0.0040205,22
ozks,0.0034655,10
ozks,0.004313667,31
ozks,0.002850458,1
ozks,0.003672459,23
ozks,0.003488084,8
ozks,0.019340334,734
ozks,0.0023795,0
ozks,0.00618575,104
ozks,0.004359375,48
ozks,0.0029195,4
ozks,0.00349,12
ozks,0.022299959,824
ozks,0.003424834,8
ozks,0.0028345,3
ozks,0.004036292,11
ozks,0.002976042,2
ozks,0.002918084,1
ozks,0.002944834,0
ozks,0.020813292,768
ozks,0.004526625,60
ozks,0.003116042,6
ozks,0.003416417,13
ozks,0.006853167,131
ozks,0.005306917,60
ozks,0.003510041,13
ozks,0.00283275,1
ozks,0.003698417,8
ozks,0.003513208,19
ozks,0.002847084,1
ozks,0.002689375,0
ozks,0.005059375,76
ozks,0.005063667,59
ozks,0.019417208,702
ozks,0.005561791,101
ozks,0.003105084,7
ozks,0.002858208,1
ozks,0.004000125,23
ozks,0.004663792,57
ozks,0.003051458,1
ozks,0.004895416,33
ozks,0.004247916,33
ozks,0.003597292,17
ozks,0.00307075,5
ozks,0.003591542,11
ozks,0.004804542,72
ozks,0.003763125,30
ozks,0.003279625,8
ozks,0.01043,303
ozks,0.003218292,8
ozks,0.00365625,12
ozks,0.00478875,57
ozks,0.003838458,28
ozks,0.003851291,12
ozks,0.00437725,25
ozks,0.004015166,30
ozks,0.002557417,0
ozks,0.004102333,35
ozks,0.004047083,37
ozks,0.006769791,158
ozks,0.003609167,6
ozks,0.004986625,84
ozks,0.006842625,132
ozks,0.003217667,3
ozks,0.004786333,56
ozks,0.025797334,33
ozks,0.005143208,53
ozks,0.008554583,79
ozks,0.003019209,1
ozks,0.004978875,74
ozks,0.003168167,3
ozks,0.003114917,2
ozks,0.002637625,0
ozks,0.003158167,7
ozks,0.002992125,0
ozks,0.004250958,39
ozks,0.004280959,46
ozks,0.00593,114
ozks,0.003134042,6
ozks,0.006623833,139
ozks,0.007563083,170
ozks,0.007137792,145
ozks,0.003639417,8
ozks,0.016118,551
ozks,0.002593333,0
ozks,0.006440333,150
ozks,0.004384041,45
ozks,0.003258292,3
ozks,0.00334575,11
ozks,0.002824208,1
ozks,0.018945334,675
ozks,0.003004208,1
ozks,0.004436625,54
ozks,0.003937875,15
ozks,0.005031959,83
ozks,0.003239458,6
ozks,0.002856542,3
ozks,0.0035525,7
ozks,0.002976375,3
ozks,0.003609959,3
ozks,0.009156916,257
ozks,0.004102208,16
ozks,0.006217334,139
ozks,0.003921417,33
ozks,0.003047875,3
