ozks,69632,21
ozks,225280,233
ozks,57344,3
ozks,57344,10
ozks,163840,140
ozks,57344,1
ozks,57344,0
ozks,65536,20
ozks,147456,113
ozks,450560,541
ozks,98304,58
ozks,57344,5
ozks,65536,14
ozks,57344,3
ozks,57344,1
ozks,98304,54
ozks,155648,133
ozks,299008,321
ozks,622592,791
ozks,57344,0
ozks,57344,0
ozks,65536,13
ozks,57344,3
ozks,57344,8
ozks,57344,10
ozks,57344,1
ozks,57344,1
ozks,57344,2
ozks,155648,128
ozks,57344,5
ozks,57344,3
ozks,57344,7
ozks,188416,173
ozks,65536,18
ozks,65536,19
ozks,159744,135
ozks,57344,8
ozks,69632,26
ozks,57344,8
ozks,65536,18
ozks,110592,75
ozks,57344,0
ozks,323584,353
ozks,57344,9
ozks,57344,2
ozks,57344,1
ozks,57344,9
ozks,57344,1
ozks,102400,71
ozks,65536,16
ozks,57344,8
ozks,57344,1
ozks,57344,8
ozks,700416,881
ozks,98304,54
ozks,57344,1
ozks,57344,3
ozks,69632,23
ozks,114688,80
ozks,57344,6
ozks,57344,0
ozks,90112,41
ozks,73728,35
ozks,98304,56
ozks,57344,0
ozks,155648,128
ozks,65536,13
ozks,98304,60
ozks,65536,21
ozks,208896,197
ozks,610304,767
ozks,65536,13
ozks,57344,8
ozks,57344,1
ozks,94208,46
ozks,57344,3
ozks,69632,30
ozks,65536,20
ozks,57344,1
ozks,57344,8
ozks,57344,10
ozks,155648,124
ozks,57344,11
ozks,98304,60
ozks,176128,158
ozks,57344,0
ozks,57344,0
ozks,57344,3
ozks,270336,302
ozks,57344,1
ozks,143360,112
ozks,65536,13
ozks,512000,638
ozks,110592,75
ozks,57344,5
ozks,57344,8
ozks,57344,10
ozks,94208,44
ozks,65536,15
ozks,110592,75
ozks,57344,3
ozks,57344,2
ozks,57344,10
ozks,94208,47
ozks,65536,13
ozks,471040,568
ozks,57344,6
ozks,57344,2
ozks,57344,1
ozks,57344,8
ozks,561152,717
ozks,57344,9
ozks,159744,139
ozks,57344,5
ozks,65536,13
ozks,69632,28
ozks,69632,26
ozks,57344,10
ozks,57344,5
ozks,57344,3
ozks,57344,2
ozks,69632,29
ozks,57344,3
ozks,57344,2
ozks,94208,43
ozks,57344,1
ozks,94208,47
ozks,57344,8
ozks,131072,88
ozks,73728,36
ozks,57344,6
ozks,57344,11
ozks,65536,21
ozks,692224,883
ozks,57344,0
ozks,110592,77
ozks,57344,3
ozks,135168,93
ozks,57344,1
ozks,65536,15
ozks,315392,340
ozks,57344,0
ozks,57344,0
ozks,57344,8
ozks,57344,11
ozks,409600,486
ozks,57344,4
ozks,143360,109
ozks,57344,1
ozks,73728,34
ozks,57344,7
ozks,176128,158
ozks,57344,3
ozks,94208,48
ozks,57344,10
ozks,69632,22
ozks,516096,638
ozks,57344,7
ozks,57344,1
ozks,57344,7
ozks,73728,36
ozks,57344,6
ozks,217088,211
ozks,57344,3
ozks,65536,15
ozks,65536,20
ozks,57344,6
ozks,57344,0
ozks,98304,60
ozks,65536,14
ozks,229376,228
ozks,57344,3
ozks,57344,1
ozks,647168,822
ozks,57344,10
ozks,65536,14
ozks,57344,0
ozks,57344,1
ozks,57344,0
ozks,57344,0
ozks,57344,0
ozks,200704,183
ozks,57344,2
ozks,57344,8
ozks,57344,3
ozks,102400,66
ozks,73728,32
ozks,57344,2
ozks,57344,4
ozks,73728,35
ozks,57344,5
ozks,102400,69
ozks,122880,85
ozks,720896,922
ozks,57344,1
ozks,69632,28
ozks,69632,27
ozks,356352,414
ozks,57344,3
ozks,57344,1
ozks,57344,7
ozks,57344,8
ozks,69632,24
ozks,57344,3
ozks,57344,3
ozks,180224,169
ozks,57344,9
ozks,163840,140
ozks,57344,7
ozks,57344,1
ozks,57344,4
ozks,57344,8
ozks,57344,1
ozks,57344,5
ozks,57344,1
ozks,57344,1
ozks,69632,24
ozks,671744,851
ozks,65536,20
ozks,155648,137
ozks,172032,149
ozks,57344,9
ozks,528384,665
ozks,57344,7
ozks,81920,39
ozks,729088,929
ozks,65536,15
ozks,69632,28
ozks,57344,5
ozks,413696,495
ozks,57344,4
ozks,65536,17
ozks,57344,10
ozks,118784,84
ozks,57344,4
ozks,57344,8
ozks,155648,136
ozks,57344,3
ozks,204800,198
ozks,57344,2
ozks,188416,167
ozks,143360,111
ozks,57344,4
ozks,81920,37
ozks,57344,9
ozks,73728,35
ozks,57344,0
ozks,69632,28
ozks,57344,2
ozks,69632,28
ozks,159744,136
ozks,57344,8
ozks,57344,8
ozks,57344,2
ozks,57344,8
ozks,180224,164
ozks,57344,5
ozks,98304,52
ozks,57344,8
ozks,65536,12
ozks,102400,63
ozks,57344,11
ozks,57344,7
ozks,57344,5
ozks,69632,23
ozks,57344,9
ozks,303104,339
ozks,57344,4
ozks,57344,0
ozks,159744,133
ozks,98304,51
ozks,380928,442
ozks,57344,7
ozks,57344,2
ozks,102400,68
ozks,57344,9
ozks,57344,10
ozks,57344,2
ozks,98304,61
ozks,57344,4
ozks,57344,8
ozks,180224,163
ozks,65536,12
ozks,159744,137
ozks,57344,2
ozks,155648,123
ozks,69632,29
ozks,57344,1
ozks,57344,1
ozks,151552,119
ozks,139264,107
ozks,372736,429
ozks,57344,0
ozks,65536,16
ozks,57344,9
ozks,57344,3
ozks,57344,7
ozks,57344,7
ozks,307200,325
ozks,98304,60
ozks,98304,58
ozks,57344,10
ozks,57344,8
ozks,57344,2
ozks,57344,1
ozks,102400,65
ozks,94208,49
ozks,73728,36
ozks,69632,30
ozks,253952,274
ozks,57344,10
ozks,57344,7
ozks,782336,991
ozks,532480,667
ozks,65536,13
ozks,65536,15
ozks,57344,2
ozks,57344,2
ozks,139264,104
ozks,73728,34
ozks,118784,85
ozks,94208,50
ozks,57344,8
ozks,65536,16
ozks,57344,1
ozks,147456,121
ozks,69632,22
ozks,397312,461
ozks,131072,97
ozks,593920,739
ozks,57344,6
ozks,57344,9
ozks,65536,21
ozks,57344,8
ozks,622592,791
ozks,180224,164
ozks,172032,147
ozks,57344,8
ozks,335872,387
ozks,65536,14
ozks,98304,57
ozks,65536,15
ozks,57344,0
ozks,249856,252
ozks,393216,464
ozks,57344,0
ozks,57344,1
ozks,176128,157
ozks,65536,12
ozks,438272,521
ozks,65536,19
ozks,57344,8
ozks,430080,512
ozks,57344,1
ozks,139264,109
ozks,57344,1
ozks,57344,8
ozks,270336,278
ozks,65536,14
ozks,110592,74
ozks,294912,324
ozks,57344,7
ozks,57344,5
ozks,57344,1
ozks,73728,34
ozks,69632,24
ozks,57344,0
ozks,69632,30
ozks,585728,734
ozks,94208,49
ozks,73728,33
ozks,249856,263
ozks,57344,1
ozks,69632,23
ozks,626688,789
ozks,98304,54
ozks,57344,10
ozks,69632,26
ozks,57344,1
ozks,57344,8
ozks,57344,1
ozks,57344,1
ozks,65536,20
ozks,57344,10
ozks,57344,7
ozks,57344,6
ozks,57344,10
ozks,65536,13
ozks,135168,95
ozks,98304,51
ozks,94208,46
ozks,708608,899
ozks,57344,3
ozks,57344,1
ozks,94208,45
ozks,57344,9
ozks,65536,17
ozks,94208,48
ozks,57344,8
ozks,102400,59
ozks,786432,998
ozks,69632,26
ozks,57344,3
ozks,102400,63
ozks,57344,0
ozks,57344,3
ozks,65536,13
ozks,139264,103
ozks,176128,158
ozks,155648,128
ozks,69632,28
ozks,98304,55
ozks,57344,0
ozks,57344,10
ozks,135168,95
ozks,94208,45
ozks,57344,6
ozks,172032,155
ozks,57344,0
ozks,57344,1
ozks,57344,2
ozks,57344,4
ozks,57344,1
ozks,57344,6
ozks,57344,10
ozks,69632,26
ozks,73728,31
ozks,172032,146
ozks,65536,17
ozks,159744,140
ozks,98304,56
ozks,69632,30
ozks,57344,3
ozks,57344,4
ozks,57344,1
ozks,65536,19
ozks,57344,7
ozks,57344,8
ozks,57344,11
ozks,57344,8
ozks,102400,66
ozks,57344,7
ozks,57344,8
ozks,69632,31
ozks,217088,207
ozks,458752,564
ozks,57344,4
ozks,57344,1
ozks,69632,22
ozks,57344,1
ozks,110592,74
ozks,57344,3
ozks,57344,1
ozks,176128,158
ozks,65536,17
ozks,57344,5
ozks,57344,1
ozks,409600,488
ozks,57344,7
ozks,57344,0
ozks,65536,16
ozks,81920,38
ozks,57344,4
ozks,57344,3
ozks,172032,149
ozks,57344,8
ozks,757760,970
ozks,57344,9
ozks,65536,18
ozks,57344,6
ozks,114688,75
ozks,65536,16
ozks,57344,5
ozks,98304,57
ozks,208896,201
ozks,139264,111
ozks,65536,17
ozks,667648,851
ozks,167936,144
ozks,57344,7
ozks,102400,70
ozks,94208,46
ozks,57344,3
ozks,139264,110
ozks,57344,5
ozks,217088,214
ozks,487424,596
ozks,57344,7
ozks,57344,6
ozks,57344,9
ozks,57344,8
ozks,73728,34
ozks,69632,31
ozks,57344,3
ozks,57344,3
ozks,73728,36
ozks,143360,112
ozks,57344,6
ozks,57344,7
ozks,57344,1
ozks,163840,139
ozks,65536,13
ozks,57344,3
ozks,69632,30
ozks,188416,173
ozks,57344,0
ozks,73728,34
ozks,65536,12
ozks,155648,131
ozks,57344,7
ozks,57344,4
ozks,147456,121
ozks,69632,25
ozks,65536,17
ozks,487424,578
ozks,57344,6
ozks,167936,149
ozks,69632,28
ozks,57344,3
ozks,155648,129
ozks,57344,2
ozks,126976,91
ozks,57344,10
ozks,172032,147
ozks,94208,50
ozks,94208,48
ozks,81920,39
ozks,94208,48
ozks,57344,6
ozks,172032,148
ozks,69632,29
ozks,94208,44
ozks,569344,710
ozks,69632,26
ozks,647168,831
ozks,65536,12
ozks,57344,3
ozks,65536,17
ozks,57344,0
ozks,159744,135
ozks,69632,22
ozks,176128,153
ozks,155648,128
ozks,102400,64
ozks,110592,77
ozks,57344,0
ozks,65536,16
ozks,102400,64
ozks,69632,24
ozks,69632,29
ozks,57344,5
ozks,57344,9
ozks,57344,3
ozks,135168,95
ozks,57344,5
ozks,57344,1
ozks,90112,40
ozks,69632,30
ozks,57344,1
ozks,172032,161
ozks,69632,23
ozks,57344,8
ozks,57344,6
ozks,208896,200
ozks,69632,24
ozks,57344,1
ozks,57344,8
ozks,73728,36
ozks,266240,284
ozks,65536,12
ozks,716800,910
ozks,544768,682
ozks,57344,1
ozks,57344,9
ozks,94208,48
ozks,94208,47
ozks,65536,20
ozks,57344,2
ozks,139264,106
ozks,512000,633
ozks,57344,6
ozks,102400,72
ozks,57344,11
ozks,69632,22
ozks,57344,10
ozks,57344,10
ozks,454656,541
ozks,69632,26
ozks,57344,5
ozks,65536,17
ozks,57344,1
ozks,73728,32
ozks,57344,5
ozks,57344,1
ozks,57344,0
ozks,57344,6
ozks,65536,17
ozks,57344,1
ozks,57344,1
ozks,57344,8
ozks,274432,302
ozks,57344,0
ozks,65536,19
ozks,73728,36
ozks,57344,5
ozks,114688,80
ozks,57344,1
ozks,98304,60
ozks,94208,46
ozks,360448,418
ozks,163840,140
ozks,102400,71
ozks,364544,415
ozks,57344,1
ozks,139264,104
ozks,57344,9
ozks,65536,12
ozks,94208,43
ozks,94208,48
ozks,159744,135
ozks,274432,298
ozks,98304,53
ozks,200704,189
ozks,57344,4
ozks,57344,5
ozks,65536,14
ozks,57344,0
ozks,57344,2
ozks,57344,5
ozks,204800,197
ozks,57344,3
ozks,57344,11
ozks,647168,821
ozks,57344,4
ozks,57344,1
ozks,57344,7
ozks,159744,141
ozks,65536,17
ozks,57344,3
ozks,57344,8
ozks,65536,19
ozks,81920,37
ozks,57344,10
ozks,57344,0
ozks,65536,21
ozks,73728,36
ozks,69632,24
ozks,57344,1
ozks,57344,1
ozks,110592,76
ozks,57344,8
ozks,65536,16
ozks,57344,3
ozks,69632,30
ozks,380928,448
ozks,57344,9
ozks,57344,8
ozks,147456,116
ozks,57344,11
ozks,159744,141
ozks,65536,17
ozks,94208,48
ozks,81920,38
ozks,57344,9
ozks,135168,94
ozks,65536,19
ozks,57344,3
ozks,65536,17
ozks,110592,78
ozks,57344,7
ozks,57344,1
ozks,98304,60
ozks,57344,2
ozks,573440,712
ozks,57344,10
ozks,196608,187
ozks,57344,5
ozks,73728,35
ozks,57344,10
ozks,65536,15
ozks,450560,541
ozks,57344,3
ozks,65536,17
ozks,98304,57
ozks,552960,681
ozks,57344,3
ozks,57344,11
ozks,151552,121
ozks,57344,6
ozks,217088,213
ozks,176128,158
ozks,475136,574
ozks,151552,123
ozks,65536,12
ozks,57344,0
ozks,159744,140
ozks,57344,0
ozks,57344,1
ozks,151552,122
ozks,69632,31
ozks,57344,6
ozks,65536,13
ozks,57344,8
ozks,65536,14
ozks,57344,1
ozks,57344,8
ozks,135168,107
ozks,753664,955
ozks,73728,36
ozks,98304,58
ozks,98304,56
ozks,65536,12
ozks,57344,3
ozks,57344,4
ozks,57344,6
ozks,57344,9
ozks,57344,1
ozks,65536,17
ozks,69632,28
ozks,65536,14
ozks,65536,13
ozks,163840,142
ozks,57344,1
ozks,196608,174
ozks,131072,97
ozks,172032,146
ozks,57344,2
ozks,172032,158
ozks,143360,110
ozks,368640,425
ozks,69632,29
ozks,57344,0
ozks,69632,27
ozks,253952,272
ozks,57344,3
ozks,57344,0
ozks,110592,77
ozks,57344,6
ozks,57344,1
ozks,57344,4
ozks,69632,28
ozks,217088,208
ozks,57344,1
ozks,126976,89
ozks,155648,132
ozks,57344,1
ozks,69632,26
ozks,57344,9
ozks,69632,28
ozks,65536,17
ozks,57344,9
ozks,57344,1
ozks,196608,180
ozks,69632,26
ozks,98304,60
ozks,57344,11
ozks,57344,4
ozks,57344,2
ozks,57344,8
ozks,65536,17
ozks,454656,541
ozks,69632,28
ozks,73728,34
ozks,57344,3
ozks,57344,4
ozks,65536,14
ozks,57344,5
ozks,57344,0
ozks,57344,3
ozks,65536,15
ozks,122880,82
ozks,110592,78
ozks,155648,139
ozks,102400,66
ozks,57344,8
ozks,57344,1
ozks,94208,47
ozks,528384,667
ozks,57344,0
ozks,69632,29
ozks,65536,15
ozks,331776,383
ozks,65536,13
ozks,57344,1
ozks,57344,5
ozks,57344,7
ozks,57344,3
ozks,69632,31
ozks,57344,8
ozks,118784,85
ozks,65536,14
ozks,135168,95
ozks,57344,2
ozks,98304,53
ozks,98304,58
ozks,81920,37
ozks,57344,6
ozks,57344,4
ozks,57344,4
ozks,57344,5
ozks,110592,76
ozks,65536,19
ozks,204800,201
ozks,172032,149
ozks,57344,9
ozks,57344,1
ozks,57344,3
ozks,167936,149
ozks,65536,21
ozks,57344,2
ozks,57344,1
ozks,81920,38
ozks,65536,15
ozks,57344,2
ozks,57344,11
ozks,155648,123
ozks,57344,8
ozks,57344,1
ozks,57344,5
ozks,65536,14
ozks,57344,10
ozks,73728,35
ozks,57344,1
ozks,73728,36
ozks,57344,2
ozks,57344,1
ozks,151552,125
ozks,57344,1
ozks,73728,35
ozks,65536,17
ozks,65536,17
ozks,65536,19
ozks,65536,19
ozks,57344,0
ozks,65536,14
ozks,65536,13
ozks,65536,17
ozks,57344,1
ozks,57344,11
ozks,229376,234
ozks,102400,66
ozks,57344,7
ozks,327680,370
ozks,65536,20
ozks,57344,4
ozks,57344,10
ozks,57344,1
ozks,188416,175
ozks,172032,162
ozks,65536,17
ozks,57344,0
ozks,94208,46
ozks,57344,1
ozks,57344,3
ozks,57344,0
ozks,172032,148
ozks,69632,22
ozks,69632,31
ozks,57344,2
ozks,233472,244
ozks,57344,5
ozks,57344,1
ozks,102400,72
ozks,57344,1
ozks,65536,18
ozks,598016,743
ozks,69632,25
ozks,69632,23
ozks,126976,92
ozks,57344,7
ozks,57344,9
ozks,65536,15
ozks,90112,41
ozks,65536,12
ozks,57344,9
ozks,581632,734
ozks,57344,1
ozks,102400,66
ozks,57344,10
ozks,266240,273
ozks,57344,1
ozks,57344,11
ozks,69632,26
ozks,65536,20
ozks,57344,7
ozks,57344,8
ozks,57344,2
ozks,167936,143
ozks,57344,1
ozks,57344,4
ozks,69632,30
ozks,57344,9
ozks,139264,105
ozks,98304,54
ozks,57344,6
ozks,57344,2
ozks,602112,747
ozks,57344,10
ozks,57344,0
ozks,57344,9
ozks,57344,0
ozks,57344,5
ozks,57344,3
ozks,57344,0
ozks,217088,212
ozks,102400,70
ozks,57344,7
ozks,81920,38
ozks,57344,1
ozks,69632,30
ozks,69632,27
ozks,69632,24
ozks,102400,65
ozks,69632,29
ozks,57344,0
ozks,204800,201
ozks,57344,8
ozks,65536,19
ozks,65536,21
ozks,626688,791
ozks,69632,23
ozks,57344,5
ozks,114688,81
ozks,69632,27
ozks,290816,312
ozks,311296,354
ozks,270336,284
ozks,65536,17
ozks,57344,3
ozks,126976,88
ozks,94208,47
ozks,57344,10
ozks,102400,63
ozks,176128,154
ozks,57344,10
ozks,102400,65
ozks,532480,661
ozks,65536,12
ozks,98304,59
ozks,69632,23
ozks,114688,80
ozks,65536,15
ozks,262144,262
ozks,57344,8
ozks,57344,4
ozks,65536,19
ozks,217088,209
ozks,98304,53
ozks,102400,62
ozks,167936,146
ozks,57344,8
ozks,57344,1
ozks,57344,9
ozks,69632,27
ozks,57344,5
ozks,57344,1
ozks,155648,130
ozks,57344,10
ozks,57344,8
ozks,765952,991
ozks,57344,11
ozks,69632,31
ozks,57344,4
ozks,57344,3
ozks,57344,0
ozks,135168,108
ozks,57344,0
ozks,57344,2
ozks,57344,7
ozks,65536,20
ozks,57344,9
ozks,65536,21
ozks,65536,18
ozks,262144,262
ozks,167936,143
ozks,225280,228
ozks,57344,1
ozks,57344,4
ozks,147456,115
ozks,57344,0
ozks,57344,3
ozks,65536,20
ozks,491520,602
ozks,57344,0
ozks,65536,21
ozks,57344,1
ozks,57344,8
ozks,57344,4
ozks,81920,39
ozks,57344,1
ozks,65536,15
ozks,102400,64
ozks,57344,1
ozks,57344,1
ozks,94208,43
ozks,65536,17
ozks,65536,12
ozks,65536,17
ozks,405504,480
ozks,155648,130
ozks,196608,182
ozks,65536,18
ozks,57344,0
ozks,57344,2
ozks,65536,14
ozks,81920,39
ozks,233472,240
ozks,94208,45
ozks,102400,71
ozks,155648,130
ozks,69632,30
ozks,118784,84
ozks,65536,13
ozks,73728,35
ozks,258048,276
ozks,57344,0
ozks,65536,13
ozks,151552,119
ozks,176128,158
ozks,90112,40
ozks,94208,47
ozks,65536,15
ozks,65536,21
ozks,57344,5
ozks,630784,803
ozks,397312,475
ozks,65536,13
ozks,57344,5
ozks,544768,677
ozks,589824,738
ozks,94208,48
ozks,102400,69
ozks,167936,146
ozks,65536,17
ozks,57344,10
ozks,57344,3
ozks,139264,106
ozks,57344,0
ozks,57344,8
ozks,57344,4
ozks,57344,5
ozks,57344,4
ozks,57344,5
ozks,102400,51
ozks,65536,14
ozks,57344,0
ozks,65536,13
ozks,57344,3
ozks,57344,0
ozks,65536,13
ozks,57344,4
ozks,184320,170
ozks,69632,23
ozks,98304,53
ozks,73728,34
ozks,94208,44
ozks,57344,5
ozks,65536,17
ozks,139264,110
ozks,163840,141
ozks,94208,51
ozks,94208,48
ozks,57344,5
ozks,126976,92
ozks,180224,163
ozks,65536,13
ozks,69632,25
ozks,57344,8
ozks,57344,0
ozks,57344,8
ozks,126976,90
ozks,57344,1
ozks,57344,1
ozks,57344,9
ozks,57344,2
ozks,81920,39
ozks,589824,740
ozks,73728,35
ozks,294912,325
ozks,57344,3
ozks,73728,36
ozks,65536,16
ozks,65536,13
ozks,110592,73
ozks,57344,6
ozks,57344,4
ozks,57344,1
ozks,225280,231
ozks,118784,104
ozks,57344,8
ozks,57344,8
ozks,57344,9
ozks,57344,4
ozks,57344,6
ozks,94208,51
ozks,57344,9
ozks,81920,37
ozks,90112,41
ozks,65536,20
ozks,57344,0
ozks,65536,14
ozks,667648,836
ozks,57344,6
ozks,57344,2
ozks,634880,814
ozks,57344,0
ozks,57344,8
ozks,81920,39
ozks,57344,10
ozks,172032,161
ozks,57344,11
ozks,69632,29
ozks,57344,2
ozks,57344,2
ozks,65536,18
ozks,57344,7
ozks,65536,13
ozks,94208,44
ozks,57344,11
ozks,102400,70
ozks,229376,241
ozks,57344,7
ozks,172032,146
ozks,692224,882
ozks,90112,41
ozks,81920,38
ozks,65536,13
ozks,475136,571
ozks,65536,21
ozks,69632,25
ozks,176128,158
ozks,57344,6
ozks,57344,3
ozks,57344,10
ozks,57344,4
ozks,229376,237
ozks,65536,17
ozks,647168,822
ozks,57344,1
ozks,311296,351
ozks,102400,59
ozks,69632,22
ozks,65536,21
ozks,57344,6
ozks,57344,5
ozks,65536,20
ozks,57344,1
ozks,65536,13
ozks,57344,0
ozks,57344,5
ozks,57344,1
ozks,57344,4
ozks,94208,42
ozks,65536,17
ozks,94208,42
ozks,176128,166
ozks,57344,6
ozks,102400,70
ozks,65536,14
ozks,69632,27
ozks,118784,83
ozks,57344,0
ozks,57344,6
ozks,65536,15
ozks,147456,116
ozks,57344,1
ozks,65536,14
ozks,94208,50
ozks,57344,0
ozks,69632,30
ozks,57344,6
ozks,57344,0
ozks,57344,2
ozks,307200,352
ozks,57344,9
ozks,110592,78
ozks,98304,55
ozks,311296,339
ozks,98304,52
ozks,98304,57
ozks,57344,1
ozks,57344,1
ozks,57344,9
ozks,172032,147
ozks,94208,45
ozks,372736,434
ozks,634880,801
ozks,94208,51
ozks,229376,243
ozks,57344,6
ozks,57344,11
ozks,360448,419
ozks,421888,500
ozks,57344,8
ozks,118784,84
ozks,57344,1
ozks,57344,5
ozks,73728,36
ozks,57344,5
ozks,57344,1
ozks,65536,12
ozks,65536,21
ozks,57344,2
ozks,57344,7
ozks,180224,165
ozks,69632,31
ozks,57344,6
ozks,57344,6
ozks,69632,30
ozks,110592,75
ozks,57344,3
ozks,155648,136
ozks,516096,637
ozks,57344,10
ozks,65536,21
ozks,151552,123
ozks,110592,76
ozks,57344,0
ozks,57344,1
ozks,94208,43
ozks,266240,284
ozks,634880,801
ozks,57344,0
ozks,69632,26
ozks,290816,324
ozks,65536,20
ozks,57344,11
ozks,245760,257
ozks,552960,685
ozks,57344,1
ozks,65536,14
ozks,65536,21
ozks,57344,1
ozks,69632,26
ozks,65536,13
ozks,57344,9
ozks,57344,8
ozks,57344,4
ozks,98304,53
ozks,57344,9
ozks,69632,23
ozks,155648,133
ozks,65536,17
ozks,57344,0
ozks,57344,11
ozks,57344,6
ozks,143360,112
ozks,65536,12
ozks,237568,253
ozks,57344,1
ozks,155648,130
ozks,73728,35
ozks,57344,0
ozks,57344,5
ozks,770048,991
ozks,581632,730
ozks,57344,3
ozks,57344,6
ozks,57344,1
ozks,57344,0
ozks,57344,0
ozks,765952,983
ozks,57344,10
ozks,311296,343
ozks,57344,5
ozks,65536,15
ozks,294912,325
ozks,73728,35
ozks,159744,139
ozks,57344,1
ozks,57344,7
ozks,270336,296
ozks,57344,8
ozks,57344,11
ozks,57344,3
ozks,65536,14
ozks,159744,140
ozks,450560,541
ozks,294912,314
ozks,94208,42
ozks,57344,7
ozks,57344,10
ozks,65536,15
ozks,57344,11
ozks,57344,6
ozks,57344,0
ozks,65536,17
ozks,65536,17
ozks,172032,147
ozks,57344,1
ozks,57344,1
ozks,57344,8
ozks,188416,173
ozks,147456,113
ozks,229376,241
ozks,57344,5
ozks,57344,4
ozks,98304,57
ozks,57344,5
ozks,57344,3
ozks,102400,63
ozks,69632,22
ozks,737280,940
ozks,57344,2
ozks,57344,1
ozks,57344,0
ozks,57344,2
ozks,69632,26
ozks,65536,14
ozks,524288,656
ozks,57344,1
ozks,98304,59
ozks,57344,0
ozks,69632,24
ozks,151552,131
ozks,98304,56
ozks,57344,4
ozks,57344,2
ozks,57344,2
ozks,57344,2
ozks,65536,19
ozks,139264,107
ozks,102400,70
ozks,57344,8
ozks,69632,25
ozks,57344,7
ozks,98304,57
ozks,286720,316
ozks,69632,24
ozks,159744,135
ozks,94208,50
ozks,94208,50
ozks,163840,140
ozks,65536,12
ozks,380928,451
ozks,90112,40
ozks,229376,239
ozks,57344,6
ozks,94208,48
ozks,57344,3
ozks,65536,13
ozks,65536,13
ozks,57344,2
ozks,57344,11
ozks,57344,6
ozks,57344,8
ozks,57344,8
ozks,57344,11
ozks,57344,3
ozks,159744,137
ozks,65536,18
ozks,57344,1
ozks,57344,4
ozks,98304,52
ozks,65536,16
ozks,57344,1
ozks,57344,8
ozks,57344,0
ozks,57344,3
ozks,290816,325
ozks,110592,77
ozks,65536,12
ozks,102400,66
ozks,57344,10
ozks,102400,70
ozks,57344,0
ozks,450560,538
ozks,57344,10
ozks,65536,17
ozks,57344,3
ozks,307200,351
ozks,57344,1
ozks,65536,13
ozks,65536,13
ozks,81920,38
ozks,57344,0
ozks,94208,46
ozks,57344,4
ozks,57344,7
ozks,57344,8
ozks,57344,7
ozks,774144,997
ozks,708608,906
ozks,69632,22
ozks,57344,8
ozks,65536,20
ozks,139264,110
ozks,98304,56
ozks,65536,18
ozks,57344,1
ozks,155648,131
ozks,147456,116
ozks,151552,123
ozks,294912,324
ozks,102400,62
ozks,57344,4
ozks,57344,10
ozks,712704,908
ozks,69632,25
ozks,57344,0
ozks,57344,3
ozks,57344,0
ozks,57344,1
ozks,73728,33
ozks,57344,5
ozks,57344,11
ozks,69632,31
ozks,69632,24
ozks,466944,564
ozks,69632,29
ozks,102400,67
ozks,57344,3
ozks,57344,10
ozks,65536,17
ozks,57344,1
ozks,98304,62
ozks,733184,932
ozks,57344,1
ozks,57344,10
ozks,69632,26
ozks,57344,3
ozks,57344,1
ozks,65536,16
ozks,57344,5
ozks,106496,72
ozks,73728,36
ozks,57344,6
ozks,98304,56
ozks,65536,12
ozks,57344,4
ozks,57344,1
ozks,57344,7
ozks,57344,8
ozks,57344,5
ozks,434176,524
ozks,57344,1
ozks,110592,78
ozks,57344,7
ozks,98304,56
ozks,65536,20
ozks,57344,0
ozks,700416,893
ozks,65536,15
ozks,176128,156
ozks,65536,15
ozks,57344,1
ozks,57344,4
ozks,110592,77
ozks,110592,76
ozks,303104,322
ozks,69632,26
ozks,57344,8
ozks,69632,29
ozks,57344,5
ozks,57344,4
ozks,65536,13
ozks,155648,128
ozks,65536,18
ozks,57344,8
ozks,57344,2
ozks,94208,51
ozks,81920,37
ozks,65536,14
ozks,176128,158
ozks,237568,247
ozks,81920,39
ozks,712704,910
ozks,65536,17
ozks,430080,510
ozks,155648,138
ozks,73728,33
ozks,57344,2
ozks,90112,41
ozks,57344,3
ozks,65536,20
ozks,65536,14
ozks,57344,0
ozks,540672,667
ozks,57344,0
ozks,57344,4
ozks,57344,4
ozks,57344,10
ozks,57344,0
ozks,57344,0
ozks,65536,15
ozks,405504,477
ozks,57344,8
ozks,233472,237
ozks,57344,7
ozks,57344,1
ozks,57344,0
ozks,110592,75
ozks,57344,0
ozks,270336,293
ozks,57344,6
ozks,147456,117
ozks,290816,324
ozks,57344,1
ozks,57344,8
ozks,176128,163
ozks,69632,22
ozks,57344,8
ozks,57344,0
ozks,57344,5
ozks,73728,36
ozks,57344,0
ozks,57344,1
ozks,57344,9
ozks,176128,160
ozks,57344,0
ozks,57344,3
ozks,57344,4
ozks,57344,11
ozks,57344,3
ozks,57344,1
ozks,57344,7
ozks,339968,389
ozks,57344,4
ozks,57344,10
ozks,110592,75
ozks,286720,325
ozks,73728,32
ozks,57344,3
ozks,57344,6
ozks,65536,17
ozks,57344,7
ozks,57344,0
ozks,65536,14
ozks,749568,958
ozks,69632,29
ozks,69632,29
ozks,57344,2
ozks,94208,50
ozks,151552,118
ozks,57344,1
ozks,57344,9
ozks,73728,33
ozks,73728,33
ozks,57344,1
ozks,65536,15
ozks,57344,3
ozks,57344,3
ozks,57344,8
ozks,126976,87
ozks,57344,9
ozks,315392,337
ozks,57344,7
ozks,57344,1
ozks,249856,263
ozks,118784,84
ozks,102400,70
ozks,57344,1
ozks,69632,23
ozks,114688,80
ozks,98304,58
ozks,335872,378
ozks,57344,8
ozks,57344,7
ozks,184320,164
ozks,57344,10
ozks,57344,9
ozks,65536,13
ozks,57344,9
ozks,57344,10
ozks,65536,14
ozks,446464,541
ozks,81920,38
ozks,57344,8
ozks,286720,324
ozks,81920,38
ozks,98304,61
ozks,73728,32
ozks,159744,132
ozks,57344,4
ozks,520192,643
ozks,57344,7
ozks,94208,51
ozks,57344,3
ozks,385024,448
ozks,135168,96
ozks,98304,61
ozks,57344,3
ozks,126976,86
ozks,57344,9
ozks,57344,1
ozks,65536,16
ozks,57344,2
ozks,57344,1
ozks,57344,8
ozks,98304,54
ozks,339968,389
ozks,57344,4
ozks,98304,60
ozks,94208,48
ozks,57344,5
ozks,110592,77
ozks,57344,6
ozks,167936,146
ozks,57344,6
ozks,57344,6
ozks,98304,51
ozks,57344,1
ozks,57344,10
ozks,131072,99
ozks,57344,9
ozks,57344,11
ozks,57344,0
ozks,380928,446
ozks,57344,1
ozks,73728,34
ozks,57344,8
ozks,102400,71
ozks,110592,77
ozks,65536,21
ozks,57344,1
ozks,57344,6
ozks,57344,6
ozks,57344,6
ozks,90112,41
ozks,57344,4
ozks,57344,7
ozks,65536,15
ozks,90112,40
ozks,57344,1
ozks,69632,22
ozks,741376,942
ozks,90112,40
ozks,57344,11
ozks,57344,8
ozks,57344,3
ozks,57344,0
ozks,73728,35
ozks,57344,0
ozks,57344,8
ozks,110592,79
ozks,81920,38
ozks,126976,90
ozks,57344,3
ozks,102400,64
ozks,57344,5
ozks,57344,9
ozks,163840,142
ozks,102400,62
ozks,73728,36
ozks,57344,3
ozks,69632,28
ozks,57344,11
ozks,94208,49
ozks,57344,4
ozks,57344,8
ozks,446464,541
ozks,118784,83
ozks,57344,8
ozks,286720,325
ozks,57344,10
ozks,94208,44
ozks,65536,17
ozks,57344,2
ozks,65536,16
ozks,163840,146
ozks,57344,2
ozks,114688,81
ozks,176128,159
ozks,65536,16
ozks,167936,147
ozks,57344,7
ozks,528384,667
ozks,270336,296
ozks,94208,42
ozks,94208,45
ozks,679936,862
ozks,73728,36
ozks,57344,9
ozks,65536,14
ozks,57344,4
ozks,126976,92
ozks,57344,1
ozks,57344,10
ozks,192512,248
ozks,176128,163
ozks,57344,0
ozks,221184,222
ozks,57344,8
ozks,73728,36
ozks,57344,4
ozks,57344,6
ozks,126976,86
ozks,180224,169
ozks,57344,8
ozks,57344,6
ozks,90112,40
ozks,57344,8
ozks,57344,2
ozks,65536,14
ozks,57344,8
ozks,389120,461
ozks,57344,5
ozks,65536,21
ozks,57344,1
ozks,57344,3
ozks,69632,31
ozks,57344,2
ozks,57344,1
ozks,176128,160
ozks,57344,2
ozks,57344,8
ozks,57344,6
ozks,57344,2
ozks,65536,21
ozks,57344,0
ozks,290816,325
ozks,94208,47
ozks,155648,136
ozks,57344,0
ozks,65536,21
ozks,131072,98
ozks,290816,325
ozks,57344,1
ozks,65536,15
ozks,167936,146
ozks,102400,62
ozks,69632,22
ozks,147456,116
ozks,94208,42
ozks,57344,8
ozks,57344,7
ozks,57344,6
ozks,110592,79
ozks,65536,12
ozks,65536,13
ozks,69632,28
ozks,65536,17
ozks,65536,17
ozks,57344,2
ozks,81920,38
ozks,118784,84
ozks,69632,24
ozks,65536,20
ozks,57344,0
ozks,57344,3
ozks,57344,1
ozks,102400,70
ozks,413696,494
ozks,102400,62
ozks,57344,4
ozks,57344,4
ozks,57344,0
ozks,69632,24
ozks,57344,9
ozks,368640,434
ozks,94208,45
ozks,57344,2
ozks,57344,6
ozks,217088,208
ozks,57344,8
ozks,57344,11
ozks,65536,17
ozks,69632,23
ozks,57344,1
ozks,57344,10
ozks,65536,14
ozks,98304,53
ozks,65536,17
ozks,57344,4
ozks,69632,23
ozks,65536,13
ozks,126976,88
ozks,73728,34
ozks,57344,3
ozks,208896,201
ozks,589824,734
ozks,57344,1
ozks,57344,8
ozks,57344,0
ozks,131072,88
ozks,57344,3
ozks,69632,26
ozks,57344,1
ozks,57344,4
ozks,65536,14
ozks,57344,11
ozks,94208,43
ozks,98304,60
ozks,65536,14
ozks,57344,8
ozks,57344,2
ozks,57344,1
ozks,57344,11
ozks,421888,489
ozks,69632,28
ozks,135168,95
ozks,65536,13
ozks,229376,234
ozks,241664,247
ozks,57344,11
ozks,57344,9
ozks,57344,4
ozks,69632,30
ozks,65536,17
ozks,176128,158
ozks,114688,77
ozks,65536,17
ozks,102400,71
ozks,57344,8
ozks,57344,7
ozks,69632,28
ozks,73728,32
ozks,57344,3
ozks,57344,8
ozks,57344,11
ozks,57344,9
ozks,69632,22
ozks,319488,360
ozks,57344,0
ozks,65536,16
ozks,98304,52
ozks,659456,831
ozks,167936,150
ozks,131072,96
ozks,94208,46
ozks,65536,14
ozks,102400,70
ozks,94208,44
ozks,98304,58
ozks,471040,568
ozks,69632,22
ozks,57344,1
ozks,65536,16
ozks,57344,8
ozks,57344,4
ozks,57344,8
ozks,65536,12
ozks,65536,17
ozks,135168,95
ozks,65536,15
ozks,57344,8
ozks,57344,11
ozks,69632,30
ozks,466944,564
ozks,57344,9
ozks,102400,69
ozks,57344,3
ozks,57344,9
ozks,57344,5
ozks,57344,6
ozks,57344,8
ozks,98304,59
ozks,184320,170
ozks,622592,791
ozks,57344,8
ozks,430080,517
ozks,221184,223
ozks,57344,5
ozks,139264,105
ozks,417792,500
ozks,57344,1
ozks,57344,3
ozks,155648,131
ozks,57344,9
ozks,57344,10
ozks,98304,58
ozks,253952,274
ozks,57344,10
ozks,57344,3
ozks,180224,168
ozks,57344,5
ozks,65536,12
ozks,57344,5
ozks,57344,2
ozks,57344,1
ozks,57344,7
ozks,57344,9
ozks,135168,95
ozks,73728,35
ozks,57344,11
ozks,57344,11
ozks,163840,146
ozks,65536,12
ozks,57344,0
ozks,57344,1
ozks,57344,2
ozks,57344,2
ozks,57344,0
ozks,57344,2
ozks,57344,2
ozks,65536,12
ozks,602112,741
ozks,69632,48
ozks,176128,158
ozks,57344,1
ozks,528384,668
ozks,69632,22
ozks,57344,10
ozks,57344,8
ozks,94208,46
ozks,57344,1
ozks,69632,24
ozks,57344,7
ozks,110592,76
ozks,57344,9
ozks,163840,142
ozks,73728,35
ozks,57344,8
ozks,57344,4
ozks,57344,1
ozks,57344,10
ozks,139264,106
ozks,94208,45
ozks,57344,5
ozks,94208,51
ozks,65536,14
ozks,57344,7
ozks,65536,13
ozks,65536,18
ozks,65536,18
ozks,94208,47
ozks,442368,538
ozks,221184,222
ozks,65536,21
ozks,57344,5
ozks,65536,13
ozks,200704,188
ozks,57344,1
ozks,57344,10
ozks,73728,36
ozks,98304,52
ozks,69632,30
ozks,69632,27
ozks,135168,107
ozks,233472,236
ozks,98304,54
ozks,253952,268
ozks,634880,803
ozks,57344,1
ozks,57344,7
ozks,57344,0
ozks,57344,1
ozks,139264,104
ozks,57344,5
ozks,167936,145
ozks,57344,9
ozks,57344,8
ozks,57344,0
ozks,65536,16
ozks,69632,23
ozks,57344,4
ozks,57344,8
ozks,94208,42
ozks,552960,683
ozks,57344,5
ozks,57344,1
ozks,126976,90
ozks,57344,0
ozks,69632,31
ozks,57344,0
ozks,217088,214
ozks,57344,3
ozks,57344,8
ozks,57344,1
ozks,167936,151
ozks,57344,5
ozks,57344,8
ozks,503808,619
ozks,102400,64
ozks,172032,148
ozks,57344,0
ozks,229376,227
ozks,94208,42
ozks,57344,4
ozks,57344,2
ozks,708608,893
ozks,692224,880
ozks,65536,14
ozks,126976,91
ozks,57344,4
ozks,671744,862
ozks,57344,4
ozks,458752,541
ozks,57344,6
ozks,57344,3
ozks,98304,52
ozks,57344,1
ozks,57344,3
ozks,155648,130
ozks,57344,1
ozks,57344,11
ozks,57344,3
ozks,286720,325
ozks,696320,893
ozks,102400,70
ozks,491520,608
ozks,65536,21
ozks,57344,0
ozks,159744,139
ozks,57344,7
ozks,155648,123
ozks,118784,80
ozks,274432,303
ozks,204800,202
ozks,122880,85
ozks,581632,734
ozks,69632,27
ozks,94208,43
ozks,69632,23
ozks,159744,139
ozks,57344,8
ozks,57344,0
ozks,57344,2
ozks,765952,983
ozks,135168,107
ozks,57344,0
ozks,659456,830
ozks,57344,0
ozks,720896,905
ozks,278528,302
ozks,139264,107
ozks,57344,2
ozks,671744,848
ozks,110592,78
ozks,57344,7
ozks,143360,111
ozks,163840,142
ozks,57344,0
ozks,57344,0
ozks,57344,6
ozks,65536,19
ozks,57344,1
ozks,57344,0
ozks,65536,17
ozks,94208,49
ozks,57344,3
ozks,118784,85
ozks,57344,0
ozks,57344,9
ozks,57344,4
ozks,57344,9
ozks,69632,30
ozks,57344,6
ozks,69632,28
ozks,610304,767
ozks,196608,182
ozks,131072,99
ozks,57344,5
ozks,65536,12
ozks,57344,6
ozks,57344,0
ozks,57344,2
ozks,135168,103
ozks,57344,1
ozks,57344,0
ozks,69632,27
ozks,65536,20
ozks,57344,6
ozks,57344,4
ozks,57344,1
ozks,57344,3
ozks,57344,2
ozks,57344,3
ozks,94208,49
ozks,65536,17
ozks,102400,65
ozks,274432,302
ozks,90112,41
ozks,57344,11
ozks,237568,248
ozks,57344,1
ozks,57344,2
ozks,131072,88
ozks,57344,8
ozks,57344,0
ozks,94208,46
ozks,57344,10
ozks,155648,130
ozks,57344,5
ozks,376832,445
ozks,57344,3
ozks,57344,10
ozks,577536,706
ozks,102400,68
ozks,57344,2
ozks,57344,9
ozks,57344,10
ozks,253952,274
ozks,57344,0
ozks,57344,6
ozks,65536,20
ozks,110592,73
ozks,69632,25
ozks,81920,37
ozks,57344,0
ozks,98304,52
ozks,69632,27
ozks,663552,830
ozks,155648,138
ozks,57344,4
ozks,57344,9
ozks,65536,15
ozks,57344,10
ozks,57344,1
ozks,151552,132
ozks,57344,4
ozks,65536,21
ozks,65536,13
ozks,274432,303
ozks,98304,54
ozks,69632,23
ozks,655360,831
ozks,65536,17
ozks,57344,0
ozks,622592,791
ozks,57344,9
ozks,57344,8
ozks,57344,0
ozks,57344,8
ozks,57344,9
ozks,73728,36
ozks,73728,34
ozks,94208,49
ozks,135168,99
ozks,57344,8
ozks,176128,158
ozks,69632,24
ozks,65536,17
ozks,65536,19
ozks,110592,77
ozks,57344,4
ozks,57344,4
ozks,65536,13
ozks,81920,38
ozks,94208,51
ozks,270336,293
ozks,57344,7
ozks,57344,6
ozks,540672,670
ozks,65536,14
ozks,626688,790
ozks,147456,117
ozks,57344,2
ozks,57344,0
ozks,57344,8
ozks,151552,121
ozks,57344,7
ozks,57344,1
ozks,57344,6
ozks,94208,48
ozks,57344,10
ozks,57344,6
ozks,57344,7
ozks,57344,8
ozks,57344,6
ozks,94208,42
ozks,65536,13
ozks,57344,4
ozks,81920,38
ozks,57344,8
ozks,57344,1
ozks,57344,1
ozks,102400,68
ozks,94208,44
ozks,57344,0
ozks,57344,2
ozks,57344,2
ozks,57344,6
ozks,69632,23
ozks,151552,118
ozks,57344,0
ozks,94208,50
ozks,57344,11
ozks,65536,20
ozks,57344,1
ozks,143360,115
ozks,479232,582
ozks,57344,0
ozks,708608,904
ozks,65536,18
ozks,462848,559
ozks,57344,6
ozks,57344,10
ozks,57344,11
ozks,610304,771
ozks,57344,6
ozks,57344,2
ozks,65536,19
ozks,57344,1
ozks,446464,540
ozks,94208,45
ozks,57344,4
ozks,57344,1
ozks,102400,70
ozks,118784,83
ozks,94208,46
ozks,73728,35
ozks,69632,22
ozks,57344,11
ozks,57344,0
ozks,57344,1
ozks,57344,1
ozks,98304,60
ozks,57344,1
ozks,57344,1
ozks,126976,90
ozks,401408,472
ozks,139264,105
ozks,57344,1
ozks,65536,20
ozks,57344,1
ozks,266240,296
ozks,118784,83
ozks,57344,1
ozks,499712,602
ozks,57344,10
ozks,94208,46
ozks,57344,1
ozks,57344,8
ozks,57344,4
ozks,65536,17
ozks,69632,24
ozks,159744,142
ozks,81920,38
ozks,69632,24
ozks,57344,0
ozks,57344,8
ozks,65536,17
ozks,65536,12
ozks,57344,7
ozks,65536,15
ozks,65536,17
ozks,57344,1
ozks,57344,1
ozks,65536,18
ozks,57344,9
ozks,57344,1
ozks,73728,34
ozks,249856,263
ozks,57344,3
ozks,528384,653
ozks,57344,2
ozks,57344,8
ozks,102400,72
ozks,450560,541
ozks,102400,68
ozks,65536,15
ozks,98304,59
ozks,57344,11
ozks,94208,45
ozks,98304,59
ozks,65536,15
ozks,98304,57
ozks,57344,8
ozks,57344,8
ozks,57344,0
ozks,94208,45
ozks,57344,3
ozks,98304,57
ozks,57344,0
ozks,57344,1
ozks,98304,57
ozks,57344,0
ozks,638976,790
ozks,57344,10
ozks,57344,4
ozks,65536,12
ozks,57344,5
ozks,57344,0
ozks,405504,488
ozks,65536,20
ozks,65536,17
ozks,69632,28
ozks,57344,0
ozks,57344,1
ozks,65536,17
ozks,65536,18
ozks,102400,70
ozks,65536,13
ozks,520192,648
ozks,57344,8
ozks,57344,6
ozks,606208,767
ozks,57344,1
ozks,126976,91
ozks,57344,5
ozks,57344,4
ozks,65536,14
ozks,57344,2
ozks,57344,0
ozks,57344,1
ozks,65536,18
ozks,57344,11
ozks,57344,11
ozks,57344,3
ozks,155648,123
ozks,233472,241
ozks,57344,7
ozks,159744,138
ozks,57344,1
ozks,57344,3
ozks,57344,6
ozks,57344,6
ozks,57344,0
ozks,57344,3
ozks,57344,0
ozks,57344,0
ozks,57344,1
ozks,69632,26
ozks,57344,8
ozks,65536,12
ozks,57344,8
ozks,81920,39
ozks,65536,13
ozks,57344,1
ozks,299008,343
ozks,57344,1
ozks,65536,17
ozks,172032,148
ozks,57344,0
ozks,98304,60
ozks,155648,130
ozks,57344,3
ozks,57344,0
ozks,167936,151
ozks,65536,17
ozks,155648,123
ozks,57344,1
ozks,69632,28
ozks,65536,16
ozks,57344,0
ozks,65536,13
ozks,57344,3
ozks,65536,15
ozks,65536,13
ozks,57344,7
ozks,57344,3
ozks,57344,5
ozks,57344,2
ozks,65536,13
ozks,57344,1
ozks,200704,185
ozks,73728,35
ozks,159744,140
ozks,57344,1
ozks,65536,19
ozks,57344,2
ozks,479232,588
ozks,57344,1
ozks,212992,206
ozks,155648,132
ozks,229376,241
ozks,57344,11
ozks,65536,12
ozks,155648,127
ozks,57344,4
ozks,65536,15
ozks,57344,7
ozks,69632,24
ozks,401408,483
ozks,57344,4
ozks,65536,20
ozks,135168,101
ozks,131072,92
ozks,57344,3
ozks,57344,8
ozks,90112,40
ozks,163840,141
ozks,159744,133
ozks,651264,833
ozks,57344,10
ozks,57344,10
ozks,69632,31
ozks,57344,1
ozks,73728,36
ozks,57344,1
ozks,57344,7
ozks,749568,974
ozks,65536,15
ozks,69632,29
ozks,69632,21
ozks,57344,8
ozks,57344,4
ozks,102400,63
ozks,94208,42
ozks,65536,17
ozks,200704,187
ozks,65536,15
ozks,155648,128
ozks,159744,137
ozks,610304,764
ozks,102400,66
ozks,98304,56
ozks,65536,19
ozks,73728,36
ozks,57344,5
ozks,57344,1
ozks,57344,8
ozks,114688,77
ozks,159744,134
ozks,57344,0
ozks,57344,7
ozks,69632,22
ozks,69632,22
ozks,57344,9
ozks,57344,0
ozks,249856,264
ozks,57344,5
ozks,569344,706
ozks,90112,41
ozks,57344,7
ozks,102400,71
ozks,65536,14
ozks,57344,0
ozks,155648,127
ozks,204800,184
ozks,57344,7
ozks,81920,38
ozks,126976,86
ozks,81920,37
ozks,258048,274
ozks,339968,382
ozks,57344,8
ozks,65536,17
ozks,167936,146
ozks,102400,71
ozks,65536,17
ozks,57344,1
ozks,94208,42
ozks,65536,13
ozks,57344,2
ozks,65536,18
ozks,57344,6
ozks,57344,1
ozks,57344,10
ozks,69632,22
ozks,290816,325
ozks,57344,2
ozks,57344,1
ozks,57344,9
ozks,57344,7
ozks,94208,49
ozks,57344,3
ozks,57344,1
ozks,102400,69
ozks,57344,2
ozks,65536,17
ozks,57344,0
ozks,57344,9
ozks,57344,10
ozks,118784,84
ozks,57344,1
ozks,413696,495
ozks,57344,9
ozks,57344,2
ozks,94208,50
ozks,57344,0
ozks,57344,3
ozks,65536,21
ozks,167936,148
ozks,94208,43
ozks,98304,58
ozks,237568,246
ozks,57344,2
ozks,94208,46
ozks,65536,19
ozks,57344,6
ozks,57344,1
ozks,69632,26
ozks,57344,1
ozks,65536,19
ozks,65536,14
ozks,57344,0
ozks,65536,16
ozks,65536,13
ozks,57344,0
ozks,57344,8
ozks,57344,10
ozks,454656,558
ozks,57344,2
ozks,57344,7
ozks,57344,0
ozks,249856,263
ozks,98304,56
ozks,290816,325
ozks,73728,33
ozks,94208,50
ozks,57344,6
ozks,57344,3
ozks,425984,502
ozks,217088,206
ozks,430080,512
ozks,290816,324
ozks,57344,6
ozks,126976,92
ozks,57344,10
ozks,98304,55
ozks,57344,2
ozks,176128,164
ozks,172032,162
ozks,401408,476
ozks,126976,90
ozks,114688,80
ozks,57344,9
ozks,57344,0
ozks,65536,12
ozks,69632,26
ozks,57344,7
ozks,65536,15
ozks,57344,9
ozks,65536,21
ozks,69632,28
ozks,73728,32
ozks,57344,3
ozks,98304,56
ozks,57344,1
ozks,176128,158
ozks,131072,89
ozks,131072,93
ozks,57344,8
ozks,57344,8
ozks,65536,18
ozks,57344,1
ozks,57344,10
ozks,57344,3
ozks,81920,39
ozks,151552,132
ozks,57344,8
ozks,684032,872
ozks,57344,6
ozks,98304,53
ozks,57344,4
ozks,57344,2
ozks,94208,45
ozks,73728,35
ozks,208896,205
ozks,57344,1
ozks,65536,18
ozks,176128,160
ozks,57344,4
ozks,57344,4
ozks,57344,4
ozks,57344,8
ozks,548864,672
ozks,57344,8
ozks,57344,8
ozks,102400,65
ozks,57344,4
ozks,57344,6
ozks,65536,15
ozks,294912,324
ozks,57344,0
ozks,774144,997
ozks,57344,3
ozks,57344,3
ozks,65536,20
ozks,57344,9
ozks,94208,42
ozks,69632,29
ozks,684032,865
ozks,548864,684
ozks,167936,147
ozks,57344,1
ozks,65536,19
ozks,339968,383
ozks,94208,47
ozks,98304,55
ozks,65536,18
ozks,65536,12
ozks,434176,529
ozks,65536,13
ozks,69632,23
ozks,69632,28
ozks,57344,1
ozks,98304,52
ozks,57344,3
ozks,57344,10
ozks,290816,324
ozks,98304,53
ozks,73728,32
ozks,98304,59
ozks,57344,4
ozks,167936,149
ozks,69632,22
ozks,57344,8
ozks,57344,1
ozks,57344,10
ozks,57344,10
ozks,57344,0
ozks,65536,20
ozks,167936,148
ozks,65536,16
ozks,57344,7
ozks,57344,1
ozks,135168,101
ozks,122880,85
ozks,57344,8
ozks,102400,72
ozks,57344,3
ozks,57344,6
ozks,57344,2
ozks,57344,2
ozks,57344,4
ozks,65536,14
ozks,65536,13
ozks,204800,185
ozks,57344,6
ozks,57344,4
ozks,57344,8
ozks,57344,4
ozks,69632,25
ozks,57344,0
ozks,131072,93
ozks,57344,10
ozks,225280,233
ozks,65536,17
ozks,57344,0
ozks,57344,8
ozks,57344,10
ozks,98304,54
ozks,57344,6
ozks,57344,1
ozks,57344,0
ozks,200704,181
ozks,57344,0
ozks,110592,76
ozks,57344,7
ozks,147456,115
ozks,57344,6
ozks,57344,5
ozks,266240,285
ozks,69632,26
ozks,57344,3
ozks,57344,8
ozks,94208,47
ozks,57344,7
ozks,57344,9
ozks,577536,728
ozks,57344,6
ozks,98304,53
ozks,204800,198
ozks,57344,9
ozks,57344,8
ozks,229376,234
ozks,65536,12
ozks,638976,807
ozks,57344,9
ozks,65536,13
ozks,65536,13
ozks,569344,702
ozks,69632,31
ozks,774144,993
ozks,57344,5
ozks,65536,16
ozks,57344,4
ozks,720896,919
ozks,57344,5
ozks,135168,92
ozks,57344,0
ozks,57344,0
ozks,634880,799
ozks,311296,354
ozks,102400,63
ozks,155648,123
ozks,57344,8
ozks,57344,1
ozks,57344,6
ozks,57344,4
ozks,57344,8
ozks,143360,110
ozks,65536,15
ozks,65536,17
ozks,57344,1
ozks,155648,136
ozks,57344,11
ozks,94208,44
ozks,65536,17
ozks,65536,17
ozks,57344,9
ozks,57344,10
ozks,176128,159
ozks,57344,11
ozks,65536,17
ozks,65536,15
ozks,57344,3
ozks,57344,2
ozks,57344,1
ozks,249856,262
ozks,163840,142
ozks,65536,15
ozks,102400,68
ozks,57344,11
ozks,57344,2
ozks,57344,10
ozks,57344,7
ozks,57344,1
ozks,65536,13
ozks,69632,22
ozks,294912,328
ozks,57344,1
ozks,57344,6
ozks,69632,29
ozks,57344,3
ozks,73728,33
ozks,233472,245
ozks,172032,149
ozks,57344,5
ozks,69632,28
ozks,126976,92
ozks,65536,17
ozks,524288,646
ozks,57344,9
ozks,659456,830
ozks,73728,36
ozks,65536,18
ozks,69632,27
ozks,57344,5
ozks,57344,3
ozks,303104,322
ozks,98304,59
ozks,57344,1
ozks,102400,67
ozks,335872,383
ozks,57344,8
ozks,57344,1
ozks,98304,61
ozks,57344,1
ozks,65536,15
ozks,73728,31
ozks,57344,6
ozks,57344,8
ozks,57344,2
ozks,57344,9
ozks,65536,13
ozks,94208,42
ozks,57344,11
ozks,159744,142
ozks,57344,8
ozks,57344,6
ozks,94208,43
ozks,57344,3
ozks,57344,8
ozks,720896,931
ozks,57344,0
ozks,65536,18
ozks,57344,6
ozks,131072,98
ozks,274432,303
ozks,73728,34
ozks,110592,76
ozks,57344,0
ozks,57344,0
ozks,57344,8
ozks,69632,27
ozks,57344,6
ozks,94208,43
ozks,73728,35
ozks,98304,57
ozks,450560,545
ozks,57344,1
ozks,57344,11
ozks,65536,13
ozks,98304,58
ozks,57344,5
ozks,57344,3
ozks,57344,2
ozks,65536,13
ozks,81920,39
ozks,135168,101
ozks,114688,80
ozks,57344,8
ozks,57344,0
ozks,57344,1
ozks,57344,3
ozks,65536,15
ozks,57344,3
ozks,65536,14
ozks,65536,13
ozks,65536,13
ozks,69632,31
ozks,57344,8
ozks,155648,134
ozks,57344,9
ozks,57344,0
ozks,65536,13
ozks,57344,1
ozks,598016,759
ozks,57344,2
ozks,57344,6
ozks,57344,7
ozks,57344,5
ozks,57344,7
ozks,69632,22
ozks,65536,17
ozks,57344,0
ozks,57344,11
ozks,126976,86
ozks,172032,149
ozks,65536,21
ozks,65536,17
ozks,94208,44
ozks,69632,25
ozks,69632,30
ozks,57344,6
ozks,57344,8
ozks,98304,51
ozks,94208,46
ozks,65536,12
ozks,57344,10
ozks,249856,257
ozks,57344,6
ozks,69632,24
ozks,102400,67
ozks,114688,81
ozks,356352,398
ozks,65536,17
ozks,57344,1
ozks,57344,8
ozks,69632,26
ozks,57344,2
ozks,65536,20
ozks,147456,117
ozks,69632,26
ozks,155648,126
ozks,90112,40
ozks,126976,91
ozks,57344,4
ozks,57344,2
ozks,69632,26
ozks,81920,37
ozks,73728,36
ozks,57344,10
ozks,57344,11
ozks,57344,0
ozks,69632,28
ozks,94208,50
ozks,57344,10
ozks,475136,578
ozks,65536,21
ozks,57344,2
ozks,94208,45
ozks,57344,0
ozks,155648,139
ozks,57344,10
ozks,57344,11
ozks,151552,121
ozks,57344,3
ozks,57344,1
ozks,253952,268
ozks,294912,325
ozks,57344,0
ozks,126976,89
ozks,57344,6
ozks,114688,80
ozks,57344,6
ozks,57344,7
ozks,159744,141
ozks,217088,213
ozks,98304,56
ozks,393216,463
ozks,57344,1
ozks,102400,65
ozks,151552,123
ozks,94208,80
ozks,65536,20
ozks,57344,0
ozks,135168,99
ozks,57344,0
ozks,57344,10
ozks,69632,28
ozks,122880,83
ozks,57344,10
ozks,126976,86
ozks,65536,18
ozks,57344,2
ozks,602112,769
ozks,57344,8
ozks,81920,39
ozks,57344,2
ozks,98304,55
ozks,57344,0
ozks,229376,229
ozks,516096,649
ozks,65536,18
ozks,274432,303
ozks,131072,88
ozks,65536,21
ozks,102400,70
ozks,167936,152
ozks,159744,134
ozks,57344,10
ozks,434176,528
ozks,57344,0
ozks,57344,4
ozks,57344,10
ozks,57344,2
ozks,57344,7
ozks,65536,21
ozks,69632,22
ozks,69632,23
ozks,69632,25
ozks,57344,9
ozks,57344,8
ozks,57344,3
ozks,57344,8
ozks,143360,110
ozks,69632,31
ozks,135168,101
ozks,81920,37
ozks,155648,128
ozks,65536,17
ozks,69632,23
ozks,57344,9
ozks,57344,1
ozks,380928,441
ozks,65536,13
ozks,151552,129
ozks,65536,17
ozks,57344,0
ozks,57344,4
ozks,155648,125
ozks,65536,13
ozks,57344,1
ozks,454656,541
ozks,307200,342
ozks,57344,8
ozks,290816,322
ozks,65536,12
ozks,57344,3
ozks,57344,1
ozks,65536,17
ozks,57344,4
ozks,57344,2
ozks,57344,8
ozks,57344,8
ozks,438272,518
ozks,57344,8
ozks,118784,84
ozks,278528,302
ozks,196608,181
ozks,65536,17
ozks,94208,50
ozks,57344,0
ozks,65536,20
ozks,57344,0
ozks,225280,225
ozks,57344,2
ozks,57344,2
ozks,73728,35
ozks,258048,274
ozks,57344,4
ozks,462848,565
ozks,323584,370
ozks,159744,142
ozks,65536,16
ozks,65536,20
ozks,57344,11
ozks,57344,2
ozks,69632,23
ozks,65536,12
ozks,94208,43
ozks,57344,1
ozks,57344,2
ozks,765952,983
ozks,159744,140
ozks,192512,185
ozks,57344,2
ozks,65536,21
ozks,577536,714
ozks,57344,0
ozks,57344,4
ozks,94208,46
ozks,155648,132
ozks,65536,15
ozks,57344,4
ozks,139264,104
ozks,57344,0
ozks,69632,23
ozks,430080,504
ozks,57344,5
ozks,557056,685
ozks,253952,268
ozks,69632,26
ozks,69632,26
ozks,172032,147
ozks,331776,384
ozks,65536,13
ozks,57344,6
ozks,57344,0
ozks,102400,71
ozks,98304,52
ozks,65536,16
ozks,65536,13
ozks,102400,68
ozks,57344,9
ozks,98304,52
ozks,131072,88
ozks,57344,5
ozks,126976,92
ozks,102400,68
ozks,176128,158
ozks,65536,15
ozks,57344,10
ozks,262144,273
ozks,57344,0
ozks,57344,2
ozks,57344,8
ozks,57344,3
ozks,57344,11
ozks,57344,7
ozks,57344,1
ozks,303104,342
ozks,57344,5
ozks,57344,9
ozks,94208,47
ozks,94208,44
ozks,57344,9
ozks,65536,17
ozks,57344,9
ozks,131072,98
ozks,65536,20
ozks,57344,3
ozks,65536,14
ozks,65536,17
ozks,630784,790
ozks,57344,1
ozks,57344,10
ozks,700416,885
ozks,57344,2
ozks,360448,420
ozks,57344,2
ozks,57344,11
ozks,57344,8
ozks,200704,193
ozks,57344,2
ozks,57344,2
ozks,585728,734
ozks,57344,10
ozks,57344,6
ozks,114688,80
ozks,57344,3
ozks,65536,19
ozks,57344,6
ozks,57344,8
ozks,57344,0
ozks,57344,0
ozks,65536,19
ozks,57344,11
ozks,73728,32
ozks,94208,45
ozks,57344,5
ozks,745472,953
ozks,73728,36
ozks,589824,742
ozks,57344,1
ozks,57344,0
ozks,81920,39
ozks,57344,8
ozks,94208,49
ozks,57344,0
ozks,69632,31
ozks,57344,8
ozks,491520,607
ozks,57344,1
ozks,57344,0
ozks,65536,12
ozks,73728,32
ozks,98304,56
ozks,57344,3
ozks,65536,13
ozks,69632,26
ozks,344064,389
ozks,102400,66
ozks,57344,6
ozks,102400,66
ozks,57344,1
ozks,98304,54
ozks,57344,8
ozks,159744,140
ozks,57344,1
ozks,69632,30
ozks,57344,3
ozks,94208,42
ozks,94208,49
ozks,57344,5
ozks,57344,8
ozks,57344,0
ozks,65536,13
ozks,135168,93
ozks,225280,226
ozks,65536,21
ozks,307200,338
ozks,57344,4
ozks,57344,8
ozks,135168,107
ozks,180224,164
ozks,57344,9
ozks,167936,149
ozks,65536,18
ozks,679936,866
ozks,73728,33
ozks,131072,92
ozks,57344,7
ozks,69632,26
ozks,57344,4
ozks,593920,737
ozks,176128,163
ozks,57344,1
ozks,57344,3
ozks,69632,30
ozks,110592,78
ozks,249856,263
ozks,114688,80
ozks,57344,1
ozks,65536,21
ozks,69632,28
ozks,69632,28
ozks,57344,1
ozks,57344,4
ozks,65536,17
ozks,57344,0
ozks,65536,21
ozks,102400,65
ozks,65536,12
ozks,139264,110
ozks,57344,2
ozks,450560,541
ozks,688128,874
ozks,126976,91
ozks,135168,97
ozks,57344,3
ozks,221184,218
ozks,57344,1
ozks,172032,149
ozks,57344,0
ozks,139264,104
ozks,57344,3
ozks,57344,0
ozks,65536,13
ozks,90112,41
ozks,229376,239
ozks,405504,475
ozks,57344,8
ozks,102400,70
ozks,65536,19
ozks,126976,90
ozks,131072,97
ozks,57344,6
ozks,57344,1
ozks,57344,4
ozks,57344,8
ozks,126976,87
ozks,57344,5
ozks,65536,20
ozks,110592,79
ozks,57344,2
ozks,57344,6
ozks,57344,6
ozks,73728,34
ozks,65536,12
ozks,110592,76
ozks,94208,43
ozks,57344,0
ozks,57344,8
ozks,57344,8
ozks,65536,12
ozks,57344,0
ozks,57344,4
ozks,57344,2
ozks,192512,175
ozks,102400,65
ozks,102400,69
ozks,196608,185
ozks,69632,26
ozks,57344,4
ozks,57344,7
ozks,57344,2
ozks,57344,3
ozks,57344,2
ozks,65536,17
ozks,139264,111
ozks,147456,115
ozks,57344,1
ozks,69632,25
ozks,73728,32
ozks,151552,119
ozks,278528,295
ozks,57344,9
ozks,573440,715
ozks,57344,8
ozks,57344,5
ozks,65536,17
ozks,69632,23
ozks,57344,9
ozks,57344,5
ozks,241664,253
ozks,57344,0
ozks,57344,3
ozks,81920,38
ozks,65536,14
ozks,155648,132
ozks,94208,42
ozks,323584,357
ozks,57344,0
ozks,94208,51
ozks,94208,50
ozks,131072,93
ozks,94208,49
ozks,57344,2
ozks,94208,49
ozks,57344,3
ozks,57344,1
ozks,57344,6
ozks,73728,33
ozks,180224,169
ozks,69632,29
ozks,65536,16
ozks,94208,44
ozks,57344,4
ozks,57344,10
ozks,73728,34
ozks,57344,3
ozks,319488,360
ozks,94208,50
ozks,57344,3
ozks,94208,49
ozks,57344,2
ozks,581632,734
ozks,65536,13
ozks,57344,8
ozks,204800,201
ozks,94208,46
ozks,516096,635
ozks,57344,0
ozks,585728,734
ozks,57344,8
ozks,57344,7
ozks,57344,4
ozks,57344,1
ozks,57344,8
ozks,57344,7
ozks,290816,324
ozks,69632,21
ozks,135168,99
ozks,253952,268
ozks,57344,4
ozks,102400,69
ozks,57344,3
ozks,118784,83
ozks,57344,3
ozks,65536,17
ozks,57344,3
ozks,90112,40
ozks,98304,59
ozks,524288,651
ozks,434176,521
ozks,65536,12
ozks,151552,127
ozks,57344,0
ozks,335872,382
ozks,57344,10
ozks,102400,66
ozks,65536,15
ozks,163840,143
ozks,69632,26
ozks,57344,2
ozks,57344,1
ozks,69632,23
ozks,606208,764
ozks,57344,9
ozks,126976,86
ozks,270336,278
ozks,155648,123
ozks,57344,4
ozks,57344,9
ozks,425984,500
ozks,159744,140
ozks,536576,665
ozks,57344,3
ozks,57344,0
ozks,98304,56
ozks,57344,1
ozks,57344,7
ozks,200704,180
ozks,544768,663
ozks,413696,494
ozks,221184,219
ozks,69632,22
ozks,57344,0
ozks,57344,0
ozks,57344,5
ozks,65536,14
ozks,94208,45
ozks,405504,472
ozks,172032,150
ozks,102400,71
ozks,73728,36
ozks,237568,240
ozks,98304,56
ozks,446464,541
ozks,57344,4
ozks,69632,24
ozks,135168,104
ozks,65536,13
ozks,192512,179
ozks,65536,19
ozks,57344,6
ozks,65536,14
ozks,57344,7
ozks,57344,3
ozks,102400,62
ozks,94208,50
ozks,176128,158
ozks,90112,41
ozks,65536,14
ozks,57344,2
ozks,65536,16
ozks,139264,109
ozks,139264,106
ozks,69632,22
ozks,57344,9
ozks,98304,61
ozks,159744,137
ozks,57344,0
ozks,172032,147
ozks,57344,3
ozks,57344,10
ozks,57344,0
ozks,724992,932
ozks,57344,8
ozks,331776,369
ozks,57344,6
ozks,57344,2
ozks,57344,3
ozks,118784,84
ozks,65536,16
ozks,57344,5
ozks,69632,26
ozks,98304,52
ozks,114688,80
ozks,131072,91
ozks,73728,35
ozks,57344,1
ozks,323584,361
ozks,94208,45
ozks,65536,15
ozks,274432,303
ozks,270336,296
ozks,65536,18
ozks,57344,8
ozks,57344,3
ozks,57344,7
ozks,57344,5
ozks,159744,141
ozks,155648,141
ozks,57344,1
ozks,98304,55
ozks,126976,89
ozks,57344,2
ozks,65536,14
ozks,57344,7
ozks,143360,110
ozks,57344,2
ozks,57344,1
ozks,57344,1
ozks,57344,5
ozks,57344,0
ozks,57344,11
ozks,225280,223
ozks,57344,0
ozks,57344,5
ozks,57344,3
ozks,73728,36
ozks,221184,217
ozks,57344,0
ozks,57344,4
ozks,131072,92
ozks,94208,42
ozks,57344,4
ozks,57344,9
ozks,57344,7
ozks,57344,4
ozks,57344,1
ozks,65536,13
ozks,98304,60
ozks,57344,0
ozks,65536,13
ozks,73728,35
ozks,65536,15
ozks,57344,6
ozks,57344,11
ozks,57344,8
ozks,57344,4
ozks,57344,3
ozks,688128,880
ozks,57344,1
ozks,376832,445
ozks,57344,5
ozks,57344,1
ozks,81920,37
ozks,94208,43
ozks,118784,84
ozks,57344,7
ozks,57344,11
ozks,57344,4
ozks,57344,3
ozks,278528,290
ozks,57344,6
ozks,73728,36
ozks,57344,7
ozks,57344,2
ozks,94208,46
ozks,57344,2
ozks,57344,1
ozks,69632,28
ozks,147456,115
ozks,118784,85
ozks,65536,13
ozks,57344,0
ozks,57344,5
ozks,57344,9
ozks,69632,22
ozks,65536,18
ozks,57344,1
ozks,57344,0
ozks,98304,56
ozks,57344,2
ozks,57344,4
ozks,57344,0
ozks,57344,8
ozks,364544,411
ozks,57344,0
ozks,73728,31
ozks,57344,10
ozks,135168,99
ozks,81920,37
ozks,94208,50
ozks,57344,11
ozks,167936,146
ozks,57344,8
ozks,57344,6
ozks,57344,9
ozks,65536,14
ozks,57344,0
ozks,57344,7
ozks,57344,1
ozks,57344,1
ozks,57344,2
ozks,73728,34
ozks,57344,0
ozks,57344,8
ozks,57344,7
ozks,114688,81
ozks,176128,158
ozks,253952,268
ozks,94208,49
ozks,57344,10
ozks,135168,100
ozks,57344,2
ozks,65536,13
ozks,57344,1
ozks,81920,37
ozks,65536,21
ozks,57344,4
ozks,57344,0
ozks,65536,21
ozks,65536,20
ozks,204800,190
ozks,57344,9
ozks,57344,3
ozks,73728,35
ozks,65536,18
ozks,57344,8
ozks,57344,3
ozks,94208,43
ozks,57344,3
ozks,69632,31
ozks,651264,812
ozks,57344,7
ozks,229376,233
ozks,57344,6
ozks,57344,11
ozks,57344,10
ozks,65536,17
ozks,65536,12
ozks,135168,99
ozks,176128,159
ozks,57344,8
ozks,167936,147
ozks,57344,4
ozks,57344,2
ozks,176128,158
ozks,57344,7
ozks,57344,9
ozks,102400,68
ozks,90112,40
ozks,57344,6
ozks,483328,586
ozks,65536,13
ozks,126976,90
ozks,622592,791
ozks,57344,2
ozks,135168,95
ozks,57344,5
ozks,69632,23
ozks,151552,127
ozks,57344,3
ozks,57344,4
ozks,57344,3
ozks,98304,58
ozks,57344,10
ozks,172032,162
ozks,274432,303
ozks,98304,60
ozks,57344,0
ozks,94208,49
ozks,110592,79
ozks,57344,0
ozks,102400,62
ozks,65536,12
ozks,57344,2
ozks,94208,46
ozks,57344,0
ozks,65536,17
ozks,57344,10
ozks,65536,21
ozks,65536,17
ozks,57344,10
ozks,57344,5
ozks,65536,13
ozks,98304,57
ozks,90112,40
ozks,69632,22
ozks,512000,634
ozks,69632,31
ozks,176128,158
ozks,57344,0
ozks,57344,1
ozks,57344,1
ozks,507904,620
ozks,57344,4
ozks,176128,158
ozks,57344,8
ozks,110592,76
ozks,57344,6
ozks,65536,17
ozks,253952,272
ozks,57344,8
ozks,57344,3
ozks,73728,35
ozks,114688,80
ozks,57344,11
ozks,65536,20
ozks,57344,8
ozks,57344,11
ozks,57344,5
ozks,57344,8
ozks,57344,3
ozks,221184,217
ozks,73728,35
ozks,57344,1
ozks,57344,8
ozks,102400,68
ozks,380928,430
ozks,110592,76
ozks,57344,0
ozks,57344,11
ozks,57344,10
ozks,524288,641
ozks,57344,8
ozks,94208,42
ozks,131072,96
ozks,65536,13
ozks,69632,28
ozks,57344,6
ozks,65536,15
ozks,184320,176
ozks,57344,7
ozks,57344,2
ozks,212992,208
ozks,73728,32
ozks,294912,325
ozks,65536,13
ozks,294912,325
ozks,278528,302
ozks,172032,163
ozks,57344,0
ozks,57344,3
ozks,57344,0
ozks,102400,65
ozks,57344,1
ozks,57344,5
ozks,176128,154
ozks,69632,22
ozks,159744,137
ozks,73728,36
ozks,57344,8
ozks,131072,99
ozks,98304,62
ozks,57344,2
ozks,102400,68
ozks,118784,85
ozks,65536,17
ozks,98304,58
ozks,65536,12
ozks,188416,175
ozks,57344,0
ozks,135168,99
ozks,131072,99
ozks,65536,13
ozks,57344,4
ozks,73728,35
ozks,65536,17
ozks,57344,8
ozks,81920,39
ozks,57344,3
ozks,94208,46
ozks,122880,85
ozks,258048,264
ozks,57344,1
ozks,57344,11
ozks,57344,1
ozks,233472,243
ozks,65536,14
ozks,483328,596
ozks,69632,26
ozks,57344,7
ozks,139264,107
ozks,65536,18
ozks,57344,0
ozks,57344,8
ozks,57344,3
ozks,57344,1
ozks,57344,7
ozks,57344,5
ozks,131072,99
ozks,716800,915
ozks,557056,683
ozks,65536,14
ozks,172032,147
ozks,57344,0
ozks,65536,12
ozks,98304,52
ozks,57344,4
ozks,290816,325
ozks,57344,2
ozks,57344,4
ozks,65536,12
ozks,155648,129
ozks,57344,5
ozks,757760,983
ozks,57344,9
ozks,57344,10
ozks,438272,522
ozks,69632,26
ozks,57344,6
ozks,253952,274
ozks,159744,137
ozks,176128,158
ozks,57344,10
ozks,57344,5
ozks,102400,64
ozks,57344,8
ozks,69632,25
ozks,65536,17
ozks,57344,0
ozks,176128,157
ozks,69632,25
ozks,57344,11
ozks,81920,38
ozks,57344,3
ozks,57344,4
ozks,57344,0
ozks,57344,0
ozks,57344,10
ozks,57344,1
ozks,57344,10
ozks,98304,53
ozks,221184,218
ozks,176128,158
ozks,69632,24
ozks,679936,852
ozks,356352,413
ozks,69632,22
ozks,57344,9
ozks,57344,1
ozks,172032,146
ozks,528384,650
ozks,57344,3
ozks,581632,724
ozks,65536,12
ozks,143360,115
ozks,180224,165
ozks,57344,10
ozks,69632,26
ozks,57344,1
ozks,57344,8
ozks,57344,1
ozks,110592,75
ozks,65536,12
ozks,57344,7
ozks,675840,866
ozks,81920,38
ozks,94208,48
ozks,225280,227
ozks,65536,13
ozks,57344,2
ozks,57344,4
ozks,139264,110
ozks,143360,113
ozks,65536,13
ozks,102400,69
ozks,585728,734
ozks,118784,84
ozks,65536,13
ozks,327680,355
ozks,143360,111
ozks,57344,8
ozks,57344,4
ozks,65536,17
ozks,57344,9
ozks,143360,109
ozks,57344,11
ozks,65536,17
ozks,172032,146
ozks,57344,6
ozks,65536,13
ozks,73728,35
ozks,57344,8
ozks,114688,77
ozks,65536,13
ozks,159744,137
ozks,65536,12
ozks,57344,1
ozks,57344,7
ozks,57344,0
ozks,499712,617
ozks,57344,1
ozks,57344,1
ozks,73728,35
ozks,57344,8
ozks,57344,1
ozks,57344,6
ozks,57344,0
ozks,69632,28
ozks,65536,19
ozks,57344,3
ozks,57344,3
ozks,749568,958
ozks,57344,0
ozks,57344,2
ozks,57344,3
ozks,94208,42
ozks,57344,7
ozks,180224,169
ozks,57344,11
ozks,57344,2
ozks,536576,665
ozks,65536,17
ozks,57344,1
ozks,65536,17
ozks,57344,9
ozks,81920,39
ozks,57344,4
ozks,94208,45
ozks,94208,42
ozks,94208,45
ozks,57344,1
ozks,176128,158
ozks,98304,57
ozks,516096,635
ozks,274432,302
ozks,69632,26
ozks,94208,46
ozks,57344,6
ozks,69632,27
ozks,65536,17
ozks,94208,44
ozks,532480,656
ozks,57344,2
ozks,65536,12
ozks,65536,17
ozks,286720,319
ozks,57344,6
ozks,57344,6
ozks,659456,838
ozks,57344,1
ozks,65536,12
ozks,94208,47
ozks,200704,191
ozks,57344,2
ozks,57344,7
ozks,57344,6
ozks,65536,13
ozks,65536,13
ozks,94208,42
ozks,57344,1
ozks,135168,107
ozks,102400,70
ozks,57344,8
ozks,57344,8
ozks,57344,10
ozks,57344,0
ozks,57344,9
ozks,57344,3
ozks,57344,1
ozks,69632,29
ozks,94208,44
ozks,57344,2
ozks,114688,81
ozks,94208,46
ozks,126976,86
ozks,57344,4
ozks,57344,4
ozks,462848,564
ozks,57344,1
ozks,57344,5
ozks,167936,147
ozks,94208,48
ozks,290816,325
ozks,65536,14
ozks,57344,2
ozks,73728,35
ozks,57344,9
ozks,57344,0
ozks,57344,11
ozks,65536,14
ozks,65536,16
ozks,155648,140
ozks,57344,0
ozks,139264,104
ozks,466944,568
ozks,65536,17
ozks,57344,11
ozks,65536,14
ozks,331776,383
ozks,700416,894
ozks,69632,22
ozks,65536,15
ozks,94208,44
ozks,57344,2
ozks,57344,0
ozks,57344,9
ozks,57344,3
ozks,94208,50
ozks,57344,0
ozks,65536,21
ozks,65536,13
ozks,57344,1
ozks,155648,125
ozks,57344,8
ozks,57344,6
ozks,57344,11
ozks,126976,92
ozks,69632,29
ozks,57344,3
ozks,57344,3
ozks,69632,27
ozks,57344,1
ozks,57344,7
ozks,69632,26
ozks,57344,0
ozks,81920,39
ozks,57344,9
ozks,57344,4
ozks,57344,3
ozks,65536,12
ozks,57344,0
ozks,65536,15
ozks,57344,7
ozks,253952,264
ozks,110592,75
ozks,69632,28
ozks,57344,6
ozks,57344,10
ozks,225280,228
ozks,57344,6
ozks,57344,3
ozks,65536,12
ozks,233472,248
ozks,57344,7
ozks,393216,464
ozks,81920,38
ozks,57344,10
ozks,98304,56
ozks,65536,21
ozks,57344,2
ozks,57344,5
ozks,57344,7
ozks,57344,2
ozks,81920,38
ozks,65536,17
ozks,114688,80
ozks,122880,85
ozks,192512,179
ozks,57344,5
ozks,57344,1
ozks,57344,1
ozks,94208,44
ozks,65536,17
ozks,69632,25
ozks,65536,13
ozks,90112,40
ozks,147456,113
ozks,684032,880
ozks,57344,2
ozks,65536,13
ozks,114688,81
ozks,94208,50
ozks,552960,695
ozks,73728,32
ozks,57344,3
ozks,69632,30
ozks,282624,300
ozks,57344,0
ozks,57344,11
ozks,774144,1000
ozks,65536,16
ozks,299008,325
ozks,65536,15
ozks,57344,1
ozks,65536,12
ozks,335872,385
ozks,98304,60
ozks,110592,76
ozks,65536,20
ozks,57344,3
ozks,57344,0
ozks,389120,461
ozks,65536,19
ozks,131072,93
ozks,57344,0
ozks,94208,43
ozks,65536,17
ozks,98304,56
ozks,57344,3
ozks,102400,67
ozks,647168,828
ozks,139264,111
ozks,57344,1
ozks,57344,11
ozks,57344,2
ozks,57344,5
ozks,65536,20
ozks,57344,5
ozks,57344,6
ozks,94208,43
ozks,65536,15
ozks,94208,46
ozks,65536,18
ozks,57344,1
ozks,102400,68
ozks,57344,11
ozks,172032,155
ozks,368640,431
ozks,286720,315
ozks,131072,88
ozks,57344,5
ozks,94208,49
ozks,57344,10
ozks,159744,139
ozks,57344,3
ozks,57344,0
ozks,98304,54
ozks,57344,0
ozks,57344,0
ozks,65536,19
ozks,57344,2
ozks,57344,6
ozks,57344,10
ozks,90112,40
ozks,65536,13
ozks,57344,2
ozks,69632,27
ozks,57344,1
ozks,65536,20
ozks,716800,907
ozks,57344,3
ozks,69632,22
ozks,69632,24
ozks,94208,44
ozks,57344,8
ozks,163840,145
ozks,98304,52
ozks,65536,20
ozks,94208,44
ozks,69632,26
ozks,57344,11
ozks,57344,3
ozks,131072,88
ozks,57344,8
ozks,352256,410
ozks,57344,1
ozks,57344,8
ozks,200704,182
ozks,724992,932
ozks,57344,5
ozks,110592,77
ozks,188416,178
ozks,57344,8
ozks,475136,583
ozks,57344,1
ozks,57344,1
ozks,57344,3
ozks,57344,4
ozks,155648,136
ozks,57344,4
ozks,413696,495
ozks,98304,59
ozks,57344,9
ozks,126976,89
ozks,700416,904
ozks,57344,5
ozks,131072,100
ozks,57344,6
ozks,303104,342
ozks,65536,21
ozks,57344,11
ozks,57344,5
ozks,65536,15
ozks,69632,22
ozks,65536,17
ozks,159744,135
ozks,57344,1
ozks,81920,38
ozks,57344,0
ozks,102400,65
ozks,167936,147
ozks,94208,51
ozks,65536,14
ozks,57344,3
ozks,98304,59
ozks,114688,80
ozks,57344,1
ozks,204800,199
ozks,57344,11
ozks,57344,8
ozks,65536,15
ozks,69632,29
ozks,57344,10
ozks,94208,44
ozks,65536,17
ozks,57344,9
ozks,552960,691
ozks,118784,84
ozks,69632,26
ozks,57344,7
ozks,102400,63
ozks,81920,38
ozks,57344,0
ozks,57344,1
ozks,65536,13
ozks,118784,82
ozks,65536,15
ozks,630784,794
ozks,135168,95
ozks,57344,6
ozks,57344,1
ozks,57344,2
ozks,57344,5
ozks,57344,6
ozks,57344,1
ozks,155648,128
ozks,765952,991
ozks,94208,48
ozks,57344,8
ozks,57344,8
ozks,57344,1
ozks,98304,57
ozks,57344,3
ozks,57344,1
ozks,57344,1
ozks,57344,7
ozks,155648,130
ozks,184320,176
ozks,118784,83
ozks,69632,25
ozks,57344,1
ozks,57344,1
ozks,57344,5
ozks,286720,308
ozks,94208,47
ozks,94208,43
ozks,57344,7
ozks,81920,38
ozks,102400,69
ozks,57344,3
ozks,557056,694
ozks,376832,429
ozks,65536,13
ozks,102400,65
ozks,253952,272
ozks,57344,3
ozks,106496,72
ozks,253952,256
ozks,57344,0
ozks,57344,0
ozks,57344,4
ozks,552960,683
ozks,135168,104
ozks,65536,14
ozks,102400,66
ozks,57344,10
ozks,57344,0
ozks,65536,12
ozks,376832,442
ozks,57344,4
ozks,57344,1
ozks,57344,7
ozks,90112,52
ozks,102400,67
ozks,57344,6
ozks,57344,7
ozks,57344,3
ozks,94208,50
ozks,57344,2
ozks,159744,133
ozks,57344,10
ozks,69632,25
ozks,155648,128
ozks,143360,114
ozks,57344,1
ozks,65536,20
ozks,57344,9
ozks,577536,724
ozks,122880,84
ozks,65536,17
ozks,57344,11
ozks,98304,56
ozks,126976,90
ozks,57344,1
ozks,57344,2
ozks,57344,1
ozks,57344,0
ozks,65536,12
ozks,69632,24
ozks,57344,10
ozks,57344,5
ozks,778240,999
ozks,57344,1
ozks,57344,8
ozks,385024,456
ozks,135168,99
ozks,57344,8
ozks,57344,9
ozks,311296,352
ozks,204800,184
ozks,69632,25
ozks,573440,715
ozks,57344,9
ozks,765952,983
ozks,57344,7
ozks,65536,13
ozks,69632,24
ozks,65536,21
ozks,708608,905
ozks,57344,8
ozks,57344,0
ozks,57344,2
ozks,135168,96
ozks,69632,23
ozks,57344,0
ozks,57344,1
ozks,94208,48
ozks,57344,10
ozks,57344,0
ozks,57344,1
ozks,57344,10
ozks,57344,8
ozks,57344,3
ozks,65536,17
ozks,57344,8
ozks,65536,17
ozks,57344,3
ozks,65536,15
ozks,159744,139
ozks,176128,156
ozks,65536,12
ozks,57344,1
ozks,94208,51
ozks,94208,42
ozks,57344,9
ozks,73728,34
ozks,389120,438
ozks,57344,2
ozks,528384,665
ozks,385024,438
ozks,204800,201
ozks,57344,0
ozks,57344,9
ozks,65536,21
ozks,102400,70
ozks,57344,3
ozks,139264,110
ozks,69632,26
ozks,57344,4
ozks,57344,1
ozks,73728,35
ozks,57344,9
ozks,57344,5
ozks,696320,880
ozks,57344,7
ozks,225280,234
ozks,57344,0
ozks,131072,93
ozks,65536,19
ozks,57344,3
ozks,450560,543
ozks,65536,17
ozks,151552,123
ozks,57344,11
ozks,69632,24
ozks,65536,20
ozks,57344,6
ozks,57344,0
ozks,425984,510
ozks,102400,68
ozks,57344,0
ozks,57344,5
ozks,57344,3
ozks,57344,0
ozks,57344,7
ozks,110592,77
ozks,57344,1
ozks,57344,11
ozks,94208,45
ozks,659456,833
ozks,151552,122
ozks,704512,894
ozks,65536,12
ozks,176128,157
ozks,57344,2
ozks,57344,0
ozks,57344,8
ozks,57344,3
ozks,57344,3
ozks,94208,48
ozks,57344,0
ozks,57344,4
ozks,65536,18
ozks,57344,1
ozks,57344,7
ozks,159744,137
ozks,65536,18
ozks,57344,5
ozks,94208,49
ozks,57344,1
ozks,110592,73
ozks,204800,187
ozks,94208,49
ozks,323584,361
ozks,57344,0
ozks,172032,148
ozks,57344,1
ozks,57344,5
ozks,163840,144
ozks,69632,22
ozks,81920,37
ozks,102400,62
ozks,57344,10
ozks,65536,17
ozks,57344,3
ozks,57344,9
ozks,57344,1
ozks,618496,780
ozks,69632,22
ozks,57344,8
ozks,81920,37
ozks,65536,21
ozks,57344,0
ozks,57344,2
ozks,94208,51
ozks,57344,5
ozks,57344,0
ozks,102400,68
ozks,69632,22
ozks,57344,0
ozks,135168,104
ozks,65536,13
ozks,73728,36
ozks,102400,67
ozks,69632,30
ozks,57344,9
ozks,241664,251
ozks,479232,590
ozks,81920,39
ozks,57344,6
ozks,106496,72
ozks,57344,2
ozks,434176,524
ozks,57344,7
ozks,94208,45
ozks,57344,1
ozks,290816,306
ozks,57344,8
ozks,155648,134
ozks,761856,981
ozks,65536,17
ozks,65536,13
ozks,94208,48
ozks,65536,13
ozks,57344,6
ozks,57344,1
ozks,98304,60
ozks,57344,10
ozks,135168,97
ozks,65536,19
ozks,159744,140
ozks,57344,8
ozks,57344,2
ozks,69632,22
ozks,57344,3
ozks,65536,18
ozks,159744,139
ozks,65536,13
ozks,57344,8
ozks,155648,133
ozks,679936,858
ozks,69632,21
ozks,57344,3
ozks,65536,12
ozks,57344,11
ozks,65536,17
ozks,57344,3
ozks,69632,27
ozks,98304,59
ozks,57344,7
ozks,73728,35
ozks,65536,14
ozks,266240,291
ozks,57344,8
ozks,57344,11
ozks,57344,1
ozks,262144,279
ozks,57344,6
ozks,57344,1
ozks,159744,140
ozks,57344,1
ozks,57344,9
ozks,229376,234
ozks,57344,2
ozks,495616,619
ozks,57344,7
ozks,57344,0
ozks,57344,9
ozks,151552,124
ozks,94208,48
ozks,57344,5
ozks,94208,48
ozks,634880,807
ozks,151552,121
ozks,57344,5
ozks,57344,5
ozks,155648,126
ozks,364544,419
ozks,110592,75
ozks,57344,4
ozks,65536,17
ozks,98304,55
ozks,290816,325
ozks,57344,9
ozks,147456,116
ozks,151552,122
ozks,65536,12
ozks,69632,21
ozks,57344,4
ozks,143360,111
ozks,102400,62
ozks,69632,26
ozks,98304,51
ozks,57344,10
ozks,69632,25
ozks,57344,2
ozks,139264,101
ozks,57344,3
ozks,69632,28
ozks,69632,22
ozks,57344,3
ozks,446464,530
ozks,73728,36
ozks,548864,682
ozks,577536,715
ozks,81920,39
ozks,606208,764
ozks,57344,3
ozks,98304,52
ozks,733184,943
ozks,57344,10
ozks,131072,93
ozks,57344,11
ozks,57344,1
ozks,126976,89
ozks,57344,8
ozks,65536,16
ozks,102400,72
ozks,57344,6
ozks,94208,47
ozks,135168,101
ozks,57344,6
ozks,73728,34
ozks,57344,2
ozks,73728,35
ozks,167936,148
ozks,192512,178
ozks,159744,137
ozks,184320,173
ozks,520192,635
ozks,102400,70
ozks,57344,8
ozks,73728,35
ozks,57344,7
ozks,57344,8
ozks,98304,55
ozks,57344,0
ozks,634880,799
ozks,57344,6
ozks,131072,92
ozks,57344,2
ozks,172032,153
ozks,57344,7
ozks,200704,188
ozks,770048,991
ozks,172032,147
ozks,57344,8
ozks,151552,131
ozks,69632,25
ozks,57344,1
ozks,57344,0
ozks,57344,5
ozks,57344,8
ozks,479232,583
ozks,159744,137
ozks,102400,64
ozks,65536,15
ozks,299008,329
ozks,57344,10
ozks,65536,14
ozks,57344,6
ozks,294912,325
ozks,57344,1
ozks,65536,14
ozks,57344,2
ozks,57344,7
ozks,57344,4
ozks,57344,1
ozks,155648,129
ozks,57344,0
ozks,73728,32
ozks,65536,18
ozks,65536,20
ozks,69632,27
ozks,57344,4
ozks,65536,14
ozks,57344,11
ozks,65536,17
ozks,57344,1
ozks,57344,9
ozks,57344,9
ozks,57344,6
ozks,57344,10
ozks,57344,8
ozks,98304,57
ozks,57344,3
ozks,65536,17
ozks,65536,15
ozks,65536,12
ozks,57344,0
ozks,65536,12
ozks,118784,84
ozks,307200,341
ozks,57344,8
ozks,57344,5
ozks,57344,10
ozks,69632,31
ozks,57344,4
ozks,57344,1
ozks,57344,1
ozks,544768,672
ozks,57344,10
ozks,65536,13
ozks,159744,137
ozks,65536,20
ozks,618496,773
ozks,69632,26
ozks,69632,23
ozks,102400,67
ozks,57344,3
ozks,69632,28
ozks,163840,139
ozks,94208,42
ozks,57344,1
ozks,57344,0
ozks,151552,122
ozks,94208,47
ozks,102400,63
ozks,65536,15
ozks,73728,35
ozks,65536,13
ozks,57344,10
ozks,57344,2
ozks,122880,84
ozks,57344,4
ozks,98304,59
ozks,57344,2
ozks,159744,140
ozks,135168,95
ozks,69632,22
ozks,520192,641
ozks,57344,8
ozks,69632,29
ozks,135168,105
ozks,57344,1
ozks,65536,18
ozks,94208,44
ozks,57344,10
ozks,57344,3
ozks,57344,0
ozks,57344,1
ozks,65536,17
ozks,405504,483
ozks,57344,3
ozks,65536,15
ozks,69632,31
ozks,69632,30
ozks,73728,33
ozks,73728,36
ozks,57344,0
ozks,57344,0
ozks,159744,135
ozks,57344,4
ozks,57344,2
ozks,81920,38
ozks,65536,20
ozks,65536,21
ozks,249856,262
ozks,57344,2
ozks,57344,9
ozks,208896,201
ozks,389120,438
ozks,98304,56
ozks,90112,40
ozks,294912,322
ozks,598016,750
ozks,135168,108
ozks,65536,12
ozks,151552,121
ozks,69632,26
ozks,57344,2
ozks,57344,5
ozks,57344,11
ozks,57344,11
ozks,57344,7
ozks,65536,15
ozks,233472,246
ozks,528384,664
ozks,151552,121
ozks,57344,0
ozks,65536,14
ozks,57344,3
ozks,94208,49
ozks,73728,34
ozks,57344,4
ozks,57344,6
ozks,57344,6
ozks,57344,3
ozks,57344,8
ozks,57344,2
ozks,364544,419
ozks,110592,77
ozks,65536,19
ozks,57344,2
ozks,69632,22
ozks,57344,1
ozks,57344,9
ozks,65536,12
ozks,57344,4
ozks,81920,38
ozks,57344,3
ozks,286720,325
ozks,57344,10
ozks,69632,23
ozks,57344,3
ozks,69632,27
ozks,57344,2
ozks,57344,10
ozks,94208,47
ozks,102400,71
ozks,73728,35
ozks,94208,50
ozks,57344,4
ozks,299008,325
ozks,167936,147
ozks,151552,129
ozks,65536,15
ozks,65536,13
ozks,94208,44
ozks,131072,102
ozks,290816,325
ozks,57344,2
ozks,57344,3
ozks,57344,1
ozks,536576,667
ozks,290816,324
ozks,57344,8
ozks,57344,0
ozks,73728,36
ozks,57344,1
ozks,94208,45
ozks,57344,10
ozks,65536,17
ozks,274432,297
ozks,57344,3
ozks,282624,308
ozks,270336,289
ozks,98304,53
ozks,57344,11
ozks,57344,3
ozks,65536,17
ozks,57344,7
ozks,172032,146
ozks,139264,105
ozks,98304,55
ozks,98304,53
ozks,57344,4
ozks,65536,13
ozks,57344,7
ozks,65536,13
ozks,57344,0
ozks,57344,0
ozks,57344,0
ozks,65536,18
ozks,73728,35
ozks,57344,1
ozks,57344,11
ozks,73728,35
ozks,57344,3
ozks,94208,47
ozks,65536,15
ozks,57344,1
ozks,94208,49
ozks,151552,124
ozks,98304,56
ozks,110592,78
ozks,57344,4
ozks,57344,10
ozks,204800,191
ozks,757760,974
ozks,692224,873
ozks,69632,23
ozks,192512,177
ozks,57344,1
ozks,57344,1
ozks,57344,0
ozks,176128,154
ozks,57344,4
ozks,69632,25
ozks,102400,68
ozks,57344,4
ozks,69632,25
ozks,57344,3
ozks,57344,2
ozks,57344,0
ozks,69632,25
ozks,65536,21
ozks,57344,1
ozks,110592,78
ozks,57344,2
ozks,163840,141
ozks,57344,4
ozks,65536,13
ozks,57344,3
ozks,57344,3
ozks,57344,4
ozks,57344,9
ozks,262144,276
ozks,69632,23
ozks,65536,12
ozks,229376,238
ozks,73728,34
ozks,65536,17
ozks,57344,3
ozks,57344,0
ozks,225280,231
ozks,65536,14
ozks,57344,10
ozks,57344,6
ozks,57344,10
ozks,417792,498
ozks,290816,324
ozks,167936,147
ozks,65536,17
ozks,57344,8
ozks,57344,1
ozks,65536,15
ozks,65536,20
ozks,57344,8
ozks,57344,1
ozks,57344,0
ozks,57344,5
ozks,671744,849
ozks,57344,4
ozks,180224,166
ozks,57344,8
ozks,65536,21
ozks,57344,0
ozks,57344,0
ozks,69632,25
ozks,57344,10
ozks,57344,4
ozks,126976,91
ozks,102400,69
ozks,274432,291
ozks,69632,30
ozks,57344,0
ozks,57344,4
ozks,65536,15
ozks,57344,2
ozks,286720,323
ozks,57344,0
ozks,73728,35
ozks,57344,1
ozks,57344,10
ozks,57344,6
ozks,98304,54
ozks,57344,0
ozks,57344,1
ozks,57344,7
ozks,57344,0
ozks,65536,13
ozks,73728,36
ozks,131072,97
ozks,65536,19
ozks,57344,0
ozks,69632,22
ozks,73728,32
ozks,57344,6
ozks,57344,8
ozks,57344,1
ozks,57344,8
ozks,57344,9
ozks,102400,71
ozks,57344,1
ozks,57344,8
ozks,634880,791
ozks,442368,538
ozks,57344,8
ozks,249856,263
ozks,57344,3
ozks,102400,66
ozks,57344,7
ozks,57344,1
ozks,73728,34
ozks,196608,181
ozks,57344,11
ozks,57344,0
ozks,69632,26
ozks,57344,8
ozks,57344,9
ozks,57344,3
ozks,57344,11
ozks,81920,37
ozks,65536,16
ozks,749568,966
ozks,57344,8
ozks,65536,17
ozks,57344,2
ozks,57344,11
ozks,57344,11
ozks,57344,3
ozks,57344,0
ozks,57344,1
ozks,73728,33
ozks,237568,243
ozks,57344,0
ozks,155648,128
ozks,57344,0
ozks,294912,323
ozks,143360,111
ozks,98304,62
ozks,446464,538
ozks,57344,5
ozks,98304,53
ozks,229376,235
ozks,57344,11
ozks,102400,66
ozks,126976,90
ozks,131072,99
ozks,135168,107
ozks,69632,28
ozks,69632,30
ozks,159744,139
ozks,57344,6
ozks,57344,2
ozks,57344,7
ozks,585728,730
ozks,65536,15
ozks,258048,279
ozks,57344,8
ozks,57344,1
ozks,57344,7
ozks,626688,799
ozks,57344,0
ozks,57344,6
ozks,69632,23
ozks,57344,3
ozks,57344,6
ozks,57344,8
ozks,135168,99
ozks,143360,109
ozks,57344,0
ozks,249856,254
ozks,57344,4
ozks,176128,169
ozks,217088,212
ozks,770048,991
ozks,57344,1
ozks,57344,4
ozks,102400,63
ozks,57344,5
ozks,69632,22
ozks,57344,4
ozks,94208,46
ozks,57344,8
ozks,57344,6
ozks,151552,125
ozks,57344,3
ozks,57344,8
ozks,57344,0
ozks,233472,241
ozks,200704,189
ozks,69632,23
ozks,94208,44
ozks,57344,10
ozks,57344,8
ozks,57344,8
ozks,57344,4
ozks,57344,8
ozks,73728,33
ozks,57344,3
ozks,65536,16
ozks,249856,264
ozks,167936,144
ozks,57344,1
ozks,57344,0
ozks,98304,52
ozks,151552,125
ozks,65536,12
ozks,57344,0
ozks,57344,0
ozks,65536,16
ozks,73728,34
ozks,172032,152
ozks,65536,17
ozks,81920,39
ozks,135168,99
ozks,167936,149
ozks,57344,1
ozks,65536,15
ozks,57344,2
ozks,131072,102
ozks,57344,4
ozks,65536,12
ozks,65536,16
ozks,57344,0
ozks,761856,981
ozks,65536,17
ozks,65536,18
ozks,57344,0
ozks,57344,3
ozks,65536,20
ozks,102400,65
ozks,57344,10
ozks,57344,6
ozks,57344,11
ozks,90112,41
ozks,65536,17
ozks,98304,60
ozks,69632,25
ozks,57344,4
ozks,57344,8
ozks,102400,62
ozks,94208,43
ozks,57344,10
ozks,172032,149
ozks,65536,19
ozks,126976,91
ozks,57344,11
ozks,57344,2
ozks,57344,1
ozks,57344,5
ozks,57344,3
ozks,94208,45
ozks,57344,10
ozks,69632,25
ozks,163840,140
ozks,200704,188
ozks,745472,958
ozks,131072,90
ozks,94208,46
ozks,131072,92
ozks,147456,117
ozks,65536,17
ozks,57344,4
ozks,57344,8
ozks,57344,11
ozks,438272,521
ozks,57344,1
ozks,65536,19
ozks,65536,12
ozks,69632,30
ozks,57344,8
ozks,57344,11
ozks,57344,2
ozks,57344,1
ozks,73728,32
ozks,65536,13
ozks,69632,26
ozks,208896,210
ozks,57344,2
ozks,192512,182
ozks,65536,15
ozks,114688,81
ozks,57344,1
ozks,57344,7
ozks,73728,36
ozks,131072,91
ozks,57344,2
ozks,65536,15
ozks,163840,143
ozks,57344,10
ozks,65536,13
ozks,253952,274
ozks,98304,60
ozks,57344,2
ozks,57344,9
ozks,57344,6
ozks,57344,8
ozks,57344,1
ozks,684032,865
ozks,262144,263
ozks,65536,12
ozks,57344,7
ozks,65536,14
ozks,98304,52
ozks,57344,6
ozks,57344,1
ozks,57344,2
ozks,135168,105
ozks,57344,6
ozks,65536,18
ozks,143360,117
ozks,69632,30
ozks,57344,0
ozks,73728,36
ozks,65536,13
ozks,57344,11
ozks,57344,0
ozks,57344,3
ozks,57344,2
ozks,212992,208
ozks,57344,1
ozks,57344,2
ozks,94208,51
ozks,65536,21
ozks,57344,2
ozks,57344,4
ozks,57344,0
ozks,65536,16
ozks,204800,184
ozks,172032,147
ozks,65536,16
ozks,225280,217
ozks,57344,4
ozks,98304,54
ozks,126976,91
ozks,57344,10
ozks,163840,143
ozks,57344,0
ozks,487424,597
ozks,57344,0
ozks,65536,18
ozks,172032,148
ozks,57344,7
ozks,155648,129
ozks,69632,29
ozks,151552,127
ozks,57344,4
ozks,94208,48
ozks,57344,1
ozks,65536,13
ozks,57344,1
ozks,176128,159
ozks,57344,1
ozks,65536,19
ozks,94208,44
ozks,57344,5
ozks,139264,109
ozks,57344,11
ozks,57344,4
ozks,176128,155
ozks,172032,150
ozks,73728,35
ozks,57344,0
ozks,57344,1
ozks,65536,20
ozks,167936,146
ozks,434176,528
ozks,135168,93
ozks,65536,17
ozks,81920,39
ozks,57344,10
ozks,57344,6
ozks,253952,272
ozks,65536,14
ozks,69632,21
ozks,98304,61
ozks,57344,5
ozks,167936,146
ozks,57344,8
ozks,73728,36
ozks,57344,7
ozks,69632,30
ozks,57344,0
ozks,57344,1
ozks,110592,77
ozks,167936,149
ozks,57344,0
ozks,57344,0
ozks,57344,2
ozks,65536,21
ozks,57344,3
ozks,679936,858
ozks,81920,39
ozks,57344,1
ozks,57344,6
ozks,135168,94
ozks,155648,132
ozks,57344,6
ozks,57344,6
ozks,65536,17
ozks,65536,15
ozks,65536,19
ozks,57344,0
ozks,733184,929
ozks,126976,91
ozks,65536,18
ozks,65536,12
ozks,57344,10
ozks,57344,6
ozks,167936,144
ozks,163840,143
ozks,57344,4
ozks,57344,5
ozks,303104,343
ozks,65536,14
ozks,65536,20
ozks,57344,3
ozks,98304,54
ozks,57344,4
ozks,57344,6
ozks,57344,8
ozks,65536,18
ozks,57344,1
ozks,204800,194
ozks,65536,16
ozks,69632,24
ozks,57344,4
ozks,102400,68
ozks,57344,5
ozks,57344,5
ozks,94208,43
ozks,57344,3
ozks,57344,0
ozks,81920,39
ozks,98304,56
ozks,98304,56
ozks,57344,10
ozks,57344,2
ozks,69632,23
ozks,69632,26
ozks,294912,325
ozks,57344,1
ozks,57344,2
ozks,65536,17
ozks,65536,17
ozks,65536,17
ozks,65536,17
ozks,73728,34
ozks,57344,6
ozks,57344,4
ozks,65536,12
ozks,57344,0
ozks,331776,378
ozks,102400,68
ozks,57344,9
ozks,57344,9
ozks,65536,17
ozks,57344,11
ozks,57344,8
ozks,335872,382
ozks,172032,149
ozks,397312,480
ozks,102400,62
ozks,57344,1
ozks,69632,22
ozks,57344,7
ozks,57344,2
ozks,57344,7
ozks,57344,6
ozks,57344,8
ozks,57344,1
ozks,57344,6
ozks,57344,1
ozks,57344,8
ozks,65536,12
ozks,204800,192
ozks,57344,0
ozks,151552,121
ozks,172032,149
ozks,65536,13
ozks,57344,1
ozks,57344,10
ozks,94208,45
ozks,57344,3
ozks,65536,17
ozks,57344,1
ozks,57344,1
ozks,57344,8
ozks,57344,1
ozks,57344,8
ozks,65536,17
ozks,102400,67
ozks,573440,717
ozks,94208,46
ozks,57344,8
ozks,57344,9
ozks,65536,16
ozks,73728,34
ozks,57344,8
ozks,548864,672
ozks,57344,2
ozks,57344,9
ozks,176128,160
ozks,98304,54
ozks,102400,64
ozks,65536,13
ozks,57344,1
ozks,118784,84
ozks,57344,3
ozks,65536,19
ozks,69632,24
ozks,57344,0
ozks,57344,0
ozks,65536,21
ozks,73728,33
ozks,98304,56
ozks,57344,0
ozks,65536,12
ozks,65536,17
ozks,204800,199
ozks,57344,5
ozks,57344,3
ozks,417792,498
ozks,57344,4
ozks,73728,34
ozks,663552,836
ozks,65536,19
ozks,98304,60
ozks,712704,908
ozks,57344,0
ozks,57344,3
ozks,57344,1
ozks,65536,13
ozks,569344,708
ozks,57344,4
ozks,94208,44
ozks,65536,14
ozks,57344,9
ozks,65536,20
ozks,57344,0
ozks,69632,22
ozks,610304,767
ozks,57344,0
ozks,57344,2
ozks,69632,26
ozks,57344,8
ozks,57344,3
ozks,65536,17
ozks,69632,31
ozks,57344,2
ozks,65536,16
ozks,57344,1
ozks,176128,156
ozks,57344,6
ozks,69632,30
ozks,139264,110
ozks,94208,46
ozks,172032,149
ozks,57344,4
ozks,57344,1
ozks,57344,1
ozks,65536,20
ozks,65536,17
ozks,57344,8
ozks,69632,31
ozks,57344,3
ozks,57344,1
ozks,180224,165
ozks,131072,99
ozks,57344,1
ozks,167936,143
ozks,69632,25
ozks,69632,29
ozks,57344,2
ozks,327680,361
ozks,65536,21
ozks,57344,7
ozks,57344,6
ozks,57344,1
ozks,57344,1
ozks,73728,34
ozks,57344,6
ozks,57344,9
ozks,196608,177
ozks,421888,516
ozks,69632,26
ozks,57344,5
ozks,57344,7
ozks,57344,6
ozks,155648,143
ozks,151552,122
ozks,114688,81
ozks,372736,436
ozks,57344,1
ozks,503808,616
ozks,57344,8
ozks,57344,3
ozks,253952,252
ozks,131072,86
ozks,131072,92
ozks,65536,21
ozks,57344,8
ozks,57344,3
ozks,65536,15
ozks,57344,1
ozks,57344,3
ozks,57344,8
ozks,774144,998
ozks,655360,826
ozks,102400,66
ozks,237568,247
ozks,65536,17
ozks,81920,39
ozks,102400,63
ozks,368640,425
ozks,65536,18
ozks,57344,9
ozks,57344,0
ozks,393216,463
ozks,57344,0
ozks,57344,8
ozks,57344,1
ozks,57344,9
ozks,69632,24
ozks,90112,40
ozks,69632,24
ozks,57344,2
ozks,57344,9
ozks,94208,42
ozks,94208,44
ozks,118784,81
ozks,57344,3
ozks,57344,5
ozks,139264,109
ozks,413696,498
ozks,73728,36
ozks,57344,3
ozks,397312,464
ozks,57344,5
ozks,57344,0
ozks,69632,28
ozks,172032,147
ozks,65536,17
ozks,57344,3
ozks,57344,5
ozks,155648,127
ozks,57344,10
ozks,57344,1
ozks,57344,0
ozks,57344,1
ozks,57344,2
ozks,114688,80
ozks,94208,43
ozks,98304,56
ozks,57344,2
ozks,65536,16
ozks,65536,13
ozks,57344,1
ozks,57344,8
ozks,335872,383
ozks,57344,8
ozks,81920,39
ozks,163840,147
ozks,73728,34
ozks,57344,4
ozks,57344,9
ozks,57344,2
ozks,57344,3
ozks,57344,8
ozks,57344,5
ozks,57344,7
ozks,65536,14
ozks,57344,0
ozks,294912,325
ozks,57344,0
ozks,57344,6
ozks,73728,34
ozks,65536,16
ozks,69632,30
ozks,65536,18
ozks,94208,49
ozks,65536,12
ozks,57344,11
ozks,65536,17
ozks,57344,5
ozks,57344,3
ozks,94208,48
ozks,57344,6
ozks,65536,12
ozks,57344,2
ozks,65536,13
ozks,663552,826
ozks,57344,0
ozks,57344,8
ozks,57344,11
ozks,98304,56
ozks,98304,57
ozks,65536,13
ozks,65536,16
ozks,176128,158
ozks,57344,8
ozks,57344,11
ozks,102400,63
ozks,57344,0
ozks,307200,335
ozks,57344,0
ozks,65536,13
ozks,57344,10
ozks,57344,8
ozks,110592,74
ozks,98304,52
ozks,90112,40
ozks,90112,41
ozks,57344,0
ozks,57344,9
ozks,110592,78
ozks,200704,180
ozks,57344,10
ozks,57344,0
ozks,57344,6
ozks,356352,413
ozks,98304,57
ozks,57344,9
ozks,94208,46
ozks,57344,8
ozks,57344,9
ozks,57344,9
ozks,65536,14
ozks,155648,126
ozks,65536,13
ozks,57344,8
ozks,110592,76
ozks,114688,80
ozks,172032,149
ozks,704512,885
ozks,135168,105
ozks,126976,86
ozks,69632,24
ozks,598016,749
ozks,57344,1
ozks,69632,22
ozks,180224,169
ozks,65536,15
ozks,135168,94
ozks,57344,3
ozks,57344,7
ozks,57344,0
ozks,57344,1
ozks,102400,66
ozks,65536,15
ozks,405504,482
ozks,65536,13
ozks,81920,39
ozks,221184,214
ozks,57344,1
ozks,102400,63
ozks,65536,17
ozks,65536,20
ozks,94208,43
ozks,57344,10
ozks,172032,160
ozks,57344,10
ozks,94208,47
ozks,155648,125
ozks,94208,52
ozks,188416,176
ozks,65536,20
ozks,65536,20
ozks,118784,82
ozks,155648,134
ozks,454656,541
ozks,73728,34
ozks,65536,19
ozks,57344,1
ozks,57344,8
ozks,57344,3
ozks,81920,38
ozks,57344,7
ozks,57344,6
ozks,57344,1
ozks,65536,12
ozks,57344,0
ozks,57344,9
ozks,110592,73
ozks,57344,0
ozks,98304,55
ozks,94208,46
ozks,65536,14
ozks,110592,75
ozks,57344,1
ozks,57344,9
ozks,327680,378
ozks,57344,8
ozks,57344,5
ozks,57344,0
ozks,73728,36
ozks,57344,1
ozks,57344,0
ozks,57344,3
ozks,57344,0
ozks,57344,1
ozks,237568,240
ozks,155648,140
ozks,57344,9
ozks,69632,28
ozks,57344,10
ozks,69632,22
ozks,57344,6
ozks,65536,14
ozks,57344,5
ozks,57344,8
ozks,69632,28
ozks,462848,565
ozks,102400,66
ozks,57344,2
ozks,57344,1
ozks,159744,141
ozks,81920,38
ozks,57344,0
ozks,131072,97
ozks,577536,724
ozks,249856,264
ozks,413696,492
ozks,57344,10
ozks,131072,88
ozks,106496,72
ozks,57344,2
ozks,57344,8
ozks,57344,3
ozks,57344,0
ozks,65536,21
ozks,102400,71
ozks,57344,1
ozks,57344,4
ozks,454656,541
ozks,57344,2
ozks,57344,8
ozks,573440,714
ozks,65536,15
ozks,69632,26
ozks,57344,1
ozks,73728,36
ozks,73728,36
ozks,65536,14
ozks,57344,1
ozks,651264,830
ozks,57344,10
ozks,57344,9
ozks,65536,20
ozks,57344,6
ozks,65536,19
ozks,65536,13
ozks,94208,43
ozks,122880,85
ozks,65536,15
ozks,57344,4
ozks,57344,1
ozks,139264,103
ozks,57344,0
ozks,286720,314
ozks,245760,252
ozks,57344,3
ozks,57344,11
ozks,65536,12
ozks,69632,25
ozks,65536,17
ozks,57344,10
ozks,57344,0
ozks,57344,6
ozks,57344,3
ozks,57344,11
ozks,69632,26
ozks,57344,2
ozks,159744,135
ozks,57344,5
ozks,73728,31
ozks,57344,9
ozks,57344,11
ozks,73728,33
ozks,65536,20
ozks,577536,730
ozks,57344,7
ozks,65536,16
ozks,90112,40
ozks,57344,1
ozks,57344,8
ozks,65536,20
ozks,466944,565
ozks,102400,71
ozks,57344,0
ozks,131072,89
ozks,57344,1
ozks,57344,8
ozks,57344,1
ozks,73728,35
ozks,163840,143
ozks,610304,763
ozks,57344,10
ozks,65536,20
ozks,57344,0
ozks,57344,1
ozks,57344,1
ozks,57344,0
ozks,57344,6
ozks,69632,28
ozks,159744,140
ozks,425984,511
ozks,65536,18
ozks,57344,4
ozks,57344,5
ozks,307200,343
ozks,57344,10
ozks,65536,17
ozks,94208,51
ozks,303104,337
ozks,57344,9
ozks,57344,10
ozks,159744,135
ozks,57344,4
ozks,65536,17
ozks,180224,164
ozks,733184,929
ozks,98304,58
ozks,65536,18
ozks,94208,44
ozks,57344,7
ozks,143360,117
ozks,57344,2
ozks,57344,10
ozks,57344,2
ozks,73728,34
ozks,65536,17
ozks,356352,417
ozks,57344,8
ozks,163840,143
ozks,57344,2
ozks,57344,2
ozks,57344,6
ozks,167936,149
ozks,57344,2
ozks,598016,751
ozks,57344,10
ozks,57344,1
ozks,94208,44
ozks,57344,8
ozks,57344,4
ozks,417792,498
ozks,98304,54
ozks,57344,2
ozks,65536,12
ozks,65536,12
ozks,57344,4
ozks,57344,0
ozks,57344,2
ozks,73728,35
ozks,81920,38
ozks,139264,103
ozks,73728,36
ozks,57344,6
ozks,73728,36
ozks,159744,135
ozks,57344,11
ozks,143360,111
ozks,159744,133
ozks,57344,2
ozks,57344,6
ozks,339968,385
ozks,94208,48
ozks,57344,1
ozks,65536,13
ozks,69632,24
ozks,65536,18
ozks,57344,6
ozks,65536,13
ozks,69632,29
ozks,57344,3
ozks,57344,0
ozks,155648,123
ozks,65536,17
ozks,69632,24
ozks,57344,1
ozks,65536,16
ozks,57344,6
ozks,81920,38
ozks,57344,8
ozks,159744,136
ozks,57344,4
ozks,102400,66
ozks,73728,36
ozks,90112,41
ozks,110592,76
ozks,57344,2
ozks,212992,207
ozks,57344,10
ozks,139264,110
ozks,135168,101
ozks,122880,85
ozks,57344,3
ozks,57344,6
ozks,69632,22
ozks,57344,2
ozks,266240,278
ozks,57344,6
ozks,581632,738
ozks,143360,110
ozks,81920,39
ozks,57344,8
ozks,163840,142
ozks,458752,550
ozks,57344,10
ozks,57344,8
ozks,57344,8
ozks,483328,596
ozks,589824,741
ozks,57344,10
ozks,450560,541
ozks,69632,29
ozks,57344,0
ozks,102400,67
ozks,57344,2
ozks,57344,0
ozks,69632,30
ozks,94208,43
ozks,57344,5
ozks,176128,166
ozks,65536,12
ozks,98304,52
ozks,532480,665
ozks,131072,94
ozks,69632,25
ozks,57344,7
ozks,57344,0
ozks,94208,46
ozks,73728,34
ozks,57344,7
ozks,73728,32
ozks,90112,41
ozks,65536,17
ozks,57344,3
ozks,94208,43
ozks,57344,9
ozks,57344,1
ozks,94208,43
ozks,57344,6
ozks,57344,7
ozks,57344,0
ozks,57344,1
ozks,57344,7
ozks,57344,1
ozks,65536,13
ozks,114688,80
ozks,57344,4
ozks,73728,36
ozks,57344,4
ozks,65536,21
ozks,139264,107
ozks,57344,9
ozks,57344,3
ozks,57344,11
ozks,143360,112
ozks,57344,4
ozks,184320,165
ozks,57344,0
ozks,57344,0
ozks,151552,125
ozks,65536,13
ozks,57344,1
ozks,299008,324
ozks,65536,14
ozks,65536,18
ozks,57344,0
ozks,262144,276
ozks,57344,6
ozks,98304,56
ozks,65536,12
ozks,57344,3
ozks,57344,0
ozks,94208,45
ozks,65536,12
ozks,57344,7
ozks,98304,60
ozks,57344,3
ozks,57344,9
ozks,81920,37
ozks,69632,23
ozks,57344,7
ozks,143360,114
ozks,172032,162
ozks,65536,12
ozks,98304,55
ozks,65536,19
ozks,57344,1
ozks,57344,2
ozks,65536,21
ozks,94208,43
ozks,57344,0
ozks,57344,2
ozks,159744,135
ozks,135168,106
ozks,159744,135
ozks,57344,8
ozks,69632,23
ozks,57344,5
ozks,65536,12
ozks,167936,143
ozks,57344,0
ozks,180224,157
ozks,65536,17
ozks,73728,33
ozks,176128,160
ozks,57344,2
ozks,57344,2
ozks,57344,7
ozks,57344,5
ozks,65536,17
ozks,57344,2
ozks,65536,12
ozks,94208,45
ozks,143360,114
ozks,65536,14
ozks,73728,33
ozks,65536,17
ozks,69632,30
ozks,159744,133
ozks,57344,4
ozks,172032,146
ozks,94208,43
ozks,135168,93
ozks,434176,523
ozks,323584,361
ozks,57344,0
ozks,65536,12
ozks,57344,3
ozks,57344,3
ozks,98304,54
ozks,65536,14
ozks,57344,9
ozks,57344,2
ozks,57344,8
ozks,139264,103
ozks,69632,27
ozks,57344,4
ozks,57344,8
ozks,81920,39
ozks,57344,7
ozks,102400,67
ozks,430080,512
ozks,57344,1
ozks,221184,214
ozks,57344,8
ozks,57344,5
ozks,143360,116
ozks,159744,142
ozks,69632,25
ozks,57344,0
ozks,57344,4
ozks,98304,56
ozks,57344,6
ozks,131072,99
ozks,110592,76
ozks,184320,165
ozks,57344,5
ozks,57344,4
ozks,57344,8
ozks,65536,17
ozks,65536,17
ozks,57344,1
ozks,204800,201
ozks,57344,6
ozks,65536,14
ozks,57344,2
ozks,57344,1
ozks,65536,13
ozks,98304,61
ozks,65536,20
ozks,155648,126
ozks,57344,11
ozks,114688,81
ozks,454656,541
ozks,585728,734
ozks,69632,22
ozks,65536,17
ozks,57344,10
ozks,94208,47
ozks,69632,29
ozks,65536,13
ozks,69632,24
ozks,229376,240
ozks,69632,27
ozks,159744,143
ozks,102400,63
ozks,57344,5
ozks,667648,833
ozks,69632,29
ozks,57344,5
ozks,102400,65
ozks,57344,2
ozks,57344,4
ozks,466944,574
ozks,57344,3
ozks,57344,1
ozks,57344,4
ozks,167936,146
ozks,65536,13
ozks,57344,10
ozks,65536,14
ozks,57344,7
ozks,57344,0
ozks,57344,6
ozks,286720,301
ozks,212992,211
ozks,65536,17
ozks,57344,11
ozks,57344,1
ozks,159744,133
ozks,57344,0
ozks,69632,31
ozks,69632,23
ozks,143360,111
ozks,57344,6
ozks,57344,8
ozks,98304,56
ozks,73728,36
ozks,69632,29
ozks,57344,2
ozks,65536,14
ozks,57344,9
ozks,139264,105
ozks,98304,56
ozks,139264,106
ozks,147456,121
ozks,65536,18
ozks,81920,38
ozks,65536,15
ozks,94208,44
ozks,126976,87
ozks,102400,59
ozks,65536,13
ozks,69632,25
ozks,57344,10
ozks,57344,0
ozks,143360,109
ozks,69632,23
ozks,94208,51
ozks,98304,56
ozks,90112,41
ozks,57344,0
ozks,135168,99
ozks,167936,152
ozks,65536,15
ozks,724992,930
ozks,249856,256
ozks,94208,51
ozks,57344,8
ozks,57344,0
ozks,57344,8
ozks,57344,1
ozks,180224,168
ozks,716800,904
ozks,143360,112
ozks,57344,6
ozks,65536,18
ozks,69632,26
ozks,65536,13
ozks,57344,6
ozks,65536,18
ozks,73728,35
ozks,69632,24
ozks,57344,4
ozks,57344,1
ozks,57344,6
ozks,69632,25
ozks,57344,6
ozks,770048,991
ozks,323584,370
ozks,57344,1
ozks,57344,1
ozks,192512,178
ozks,57344,5
ozks,155648,136
ozks,172032,158
ozks,57344,5
ozks,73728,32
ozks,65536,18
ozks,57344,10
ozks,532480,663
ozks,65536,13
ozks,118784,83
ozks,57344,7
ozks,57344,6
ozks,57344,7
ozks,98304,55
ozks,57344,9
ozks,577536,711
ozks,57344,0
ozks,57344,8
ozks,110592,75
ozks,65536,16
ozks,118784,83
ozks,57344,1
ozks,57344,0
ozks,57344,7
ozks,57344,2
ozks,57344,1
ozks,102400,65
ozks,57344,2
ozks,57344,6
ozks,131072,93
ozks,110592,76
ozks,172032,146
ozks,57344,7
ozks,204800,201
ozks,303104,343
ozks,57344,6
ozks,65536,17
ozks,65536,14
ozks,69632,24
ozks,135168,99
ozks,65536,20
ozks,57344,4
ozks,57344,4
ozks,69632,21
ozks,69632,31
ozks,57344,0
ozks,65536,19
ozks,57344,8
ozks,65536,12
ozks,69632,22
ozks,57344,8
ozks,57344,1
ozks,331776,382
ozks,57344,4
ozks,57344,2
ozks,622592,791
ozks,57344,11
ozks,57344,3
ozks,167936,146
ozks,65536,20
ozks,65536,13
ozks,81920,37
ozks,176128,158
ozks,57344,1
ozks,57344,10
ozks,57344,9
ozks,57344,10
ozks,65536,17
ozks,73728,36
ozks,94208,42
ozks,57344,4
ozks,65536,19
ozks,57344,2
ozks,159744,137
ozks,57344,3
ozks,57344,1
ozks,57344,11
ozks,454656,541
ozks,286720,319
ozks,98304,56
ozks,69632,22
ozks,57344,0
ozks,135168,93
ozks,57344,3
ozks,57344,0
ozks,139264,106
ozks,81920,37
ozks,57344,11
ozks,57344,6
ozks,57344,4
ozks,446464,541
ozks,57344,9
ozks,57344,3
ozks,57344,8
ozks,90112,40
ozks,98304,57
ozks,98304,51
ozks,69632,22
ozks,94208,49
ozks,57344,9
ozks,94208,46
ozks,208896,201
ozks,94208,46
ozks,57344,4
ozks,204800,201
ozks,176128,158
ozks,57344,6
ozks,57344,11
ozks,69632,23
ozks,442368,538
ozks,57344,6
ozks,57344,2
ozks,65536,16
ozks,57344,6
ozks,69632,25
ozks,57344,8
ozks,57344,9
ozks,57344,7
ozks,57344,3
ozks,684032,876
ozks,65536,15
ozks,409600,489
ozks,98304,58
ozks,57344,4
ozks,94208,42
ozks,57344,4
ozks,57344,10
ozks,389120,457
ozks,57344,11
ozks,57344,0
ozks,57344,5
ozks,57344,9
ozks,98304,59
ozks,57344,4
ozks,57344,0
ozks,57344,6
ozks,139264,107
ozks,155648,132
ozks,57344,8
ozks,94208,47
ozks,65536,16
ozks,57344,8
ozks,675840,857
ozks,57344,0
ozks,98304,54
ozks,57344,8
ozks,65536,13
ozks,294912,325
ozks,57344,11
ozks,65536,16
ozks,57344,8
ozks,172032,153
ozks,57344,0
ozks,98304,52
ozks,57344,1
ozks,57344,5
ozks,73728,32
ozks,479232,588
ozks,94208,48
ozks,57344,0
ozks,65536,16
ozks,57344,9
ozks,69632,27
ozks,630784,790
ozks,57344,0
ozks,159744,139
ozks,65536,14
ozks,57344,3
ozks,57344,7
ozks,57344,3
ozks,73728,36
ozks,57344,8
ozks,184320,166
ozks,73728,36
ozks,57344,3
ozks,65536,14
ozks,73728,35
ozks,57344,1
ozks,57344,1
ozks,57344,9
ozks,57344,6
ozks,299008,325
ozks,57344,8
ozks,229376,244
ozks,421888,506
ozks,57344,5
ozks,57344,0
ozks,57344,1
ozks,57344,2
ozks,57344,1
ozks,57344,8
ozks,57344,6
ozks,57344,8
ozks,57344,7
ozks,98304,57
ozks,69632,27
ozks,57344,1
ozks,434176,521
ozks,200704,182
ozks,69632,26
ozks,57344,6
ozks,57344,5
ozks,57344,2
ozks,401408,472
ozks,94208,48
ozks,57344,6
ozks,69632,24
ozks,57344,2
ozks,163840,143
ozks,139264,111
ozks,57344,8
ozks,57344,10
ozks,118784,82
ozks,69632,31
ozks,65536,16
ozks,118784,85
ozks,57344,11
ozks,237568,245
ozks,65536,13
ozks,65536,17
ozks,57344,11
ozks,57344,3
ozks,258048,279
ozks,65536,20
ozks,65536,20
ozks,57344,2
ozks,57344,6
ozks,57344,0
ozks,385024,458
ozks,57344,1
ozks,69632,31
ozks,57344,1
ozks,57344,7
ozks,57344,2
ozks,233472,234
ozks,57344,2
ozks,65536,16
ozks,65536,17
ozks,323584,355
ozks,57344,3
ozks,692224,880
ozks,57344,8
ozks,65536,15
ozks,57344,0
ozks,57344,8
ozks,131072,89
ozks,57344,1
ozks,172032,162
ozks,102400,64
ozks,229376,238
ozks,167936,147
ozks,278528,304
ozks,69632,25
ozks,57344,6
ozks,98304,56
ozks,57344,10
ozks,110592,73
ozks,118784,84
ozks,98304,55
ozks,57344,5
ozks,57344,6
ozks,57344,6
ozks,749568,961
ozks,167936,149
ozks,98304,61
ozks,57344,0
ozks,69632,30
ozks,200704,187
ozks,69632,30
ozks,57344,2
ozks,57344,11
ozks,57344,8
ozks,57344,6
ozks,57344,6
ozks,57344,5
ozks,102400,64
ozks,217088,205
ozks,57344,8
ozks,57344,0
ozks,57344,0
ozks,57344,9
ozks,65536,20
ozks,57344,0
ozks,454656,557
ozks,131072,102
ozks,57344,2
ozks,65536,17
ozks,57344,1
ozks,311296,350
ozks,73728,36
ozks,57344,0
ozks,57344,5
ozks,102400,64
ozks,57344,8
ozks,57344,2
ozks,57344,2
ozks,57344,10
ozks,57344,10
ozks,299008,325
ozks,57344,8
ozks,57344,1
ozks,57344,1
ozks,57344,6
ozks,94208,48
ozks,253952,274
ozks,253952,262
ozks,135168,106
ozks,81920,37
ozks,81920,38
ozks,81920,38
ozks,172032,146
ozks,339968,388
ozks,118784,84
ozks,57344,0
ozks,57344,0
ozks,114688,80
ozks,73728,35
ozks,65536,13
ozks,69632,24
ozks,126976,92
ozks,65536,12
ozks,126976,89
ozks,323584,357
ozks,57344,3
ozks,81920,38
ozks,94208,50
ozks,94208,48
ozks,57344,4
ozks,69632,25
ozks,57344,10
ozks,69632,23
ozks,135168,101
ozks,57344,6
ozks,57344,3
ozks,57344,2
ozks,57344,0
ozks,57344,9
ozks,57344,5
ozks,57344,6
ozks,434176,524
ozks,57344,9
ozks,417792,500
ozks,159744,137
ozks,57344,6
ozks,57344,2
ozks,69632,23
ozks,65536,14
ozks,65536,12
ozks,57344,2
ozks,57344,0
ozks,344064,389
ozks,131072,93
ozks,94208,45
ozks,69632,23
ozks,57344,10
ozks,290816,325
ozks,73728,35
ozks,57344,6
ozks,65536,15
ozks,499712,617
ozks,57344,8
ozks,69632,30
ozks,65536,14
ozks,69632,26
ozks,65536,13
ozks,94208,50
ozks,57344,2
ozks,94208,46
ozks,69632,25
ozks,200704,181
ozks,57344,3
ozks,159744,139
ozks,57344,9
ozks,57344,0
ozks,69632,22
ozks,65536,16
ozks,69632,31
ozks,57344,1
ozks,753664,955
ozks,94208,45
ozks,57344,11
ozks,57344,6
ozks,65536,17
ozks,57344,8
ozks,81920,39
ozks,610304,763
ozks,176128,158
ozks,155648,136
ozks,65536,13
ozks,249856,264
ozks,57344,8
ozks,102400,69
ozks,57344,4
ozks,69632,30
ozks,57344,4
ozks,65536,21
ozks,327680,369
ozks,73728,33
ozks,69632,28
ozks,147456,116
ozks,126976,89
ozks,73728,36
ozks,57344,10
ozks,274432,291
ozks,139264,108
ozks,65536,16
ozks,57344,0
ozks,57344,1
ozks,57344,7
ozks,65536,17
ozks,65536,13
ozks,57344,1
ozks,65536,17
ozks,65536,12
ozks,57344,1
ozks,57344,1
ozks,57344,6
ozks,155648,124
ozks,110592,75
ozks,65536,13
ozks,65536,12
ozks,57344,9
ozks,90112,40
ozks,69632,27
ozks,57344,6
ozks,65536,21
ozks,311296,352
ozks,57344,7
ozks,73728,34
ozks,65536,19
ozks,57344,0
ozks,98304,56
ozks,135168,103
ozks,57344,0
ozks,57344,9
ozks,176128,158
ozks,57344,0
ozks,57344,1
ozks,57344,10
ozks,139264,111
ozks,57344,8
ozks,69632,22
ozks,65536,14
ozks,57344,1
ozks,57344,3
ozks,57344,2
ozks,110592,76
ozks,57344,4
ozks,65536,13
ozks,57344,1
ozks,57344,0
ozks,401408,475
ozks,57344,8
ozks,57344,1
ozks,57344,2
ozks,57344,8
ozks,57344,0
ozks,102400,69
ozks,57344,0
ozks,110592,77
ozks,69632,30
ozks,57344,0
ozks,98304,52
ozks,57344,8
ozks,57344,4
ozks,94208,46
ozks,94208,44
ozks,57344,8
ozks,274432,292
ozks,57344,10
ozks,188416,176
ozks,69632,26
ozks,102400,62
ozks,57344,3
ozks,57344,6
ozks,237568,244
ozks,73728,33
ozks,102400,67
ozks,135168,108
ozks,65536,20
ozks,65536,15
ozks,81920,37
ozks,237568,243
ozks,73728,32
ozks,73728,32
ozks,57344,0
ozks,131072,97
ozks,57344,6
ozks,57344,10
ozks,73728,32
ozks,98304,53
ozks,57344,1
ozks,98304,56
ozks,102400,71
ozks,73728,35
ozks,57344,6
ozks,57344,3
ozks,73728,34
ozks,98304,55
ozks,57344,0
ozks,57344,1
ozks,57344,1
ozks,65536,13
ozks,57344,9
ozks,57344,8
ozks,57344,1
ozks,724992,932
ozks,139264,109
ozks,57344,0
ozks,57344,0
ozks,73728,36
ozks,503808,629
ozks,65536,17
ozks,69632,28
ozks,339968,387
ozks,69632,23
ozks,65536,17
ozks,65536,18
ozks,57344,3
ozks,65536,17
ozks,69632,28
ozks,57344,1
ozks,57344,1
ozks,290816,325
ozks,57344,9
ozks,110592,74
ozks,98304,52
ozks,65536,12
ozks,57344,8
ozks,94208,47
ozks,110592,77
ozks,155648,134
ozks,65536,14
ozks,57344,0
ozks,57344,3
ozks,57344,1
ozks,57344,11
ozks,299008,324
ozks,57344,3
ozks,475136,571
ozks,57344,0
ozks,143360,110
ozks,212992,210
ozks,69632,31
ozks,57344,10
ozks,348160,399
ozks,57344,5
ozks,552960,673
ozks,57344,10
ozks,585728,741
ozks,94208,52
ozks,57344,2
ozks,217088,213
ozks,73728,36
ozks,57344,6
ozks,65536,13
ozks,282624,291
ozks,57344,5
ozks,57344,11
ozks,204800,184
ozks,57344,8
ozks,131072,92
ozks,114688,80
ozks,57344,2
ozks,69632,27
ozks,57344,1
ozks,57344,4
ozks,81920,39
ozks,684032,882
ozks,94208,47
ozks,94208,44
ozks,491520,607
ozks,69632,24
ozks,249856,262
ozks,110592,75
ozks,57344,11
ozks,110592,76
ozks,176128,160
ozks,57344,2
ozks,57344,9
ozks,94208,45
ozks,57344,8
ozks,57344,1
ozks,57344,10
ozks,192512,177
ozks,57344,3
ozks,69632,23
ozks,57344,1
ozks,184320,173
ozks,57344,2
ozks,69632,30
ozks,57344,5
ozks,57344,6
ozks,69632,22
ozks,57344,8
ozks,753664,958
ozks,94208,43
ozks,532480,663
ozks,57344,9
ozks,94208,43
ozks,69632,29
ozks,65536,12
ozks,126976,86
ozks,65536,13
ozks,57344,6
ozks,57344,8
ozks,69632,27
ozks,57344,7
ozks,159744,144
ozks,65536,17
ozks,57344,0
ozks,57344,8
ozks,57344,2
ozks,626688,791
ozks,69632,26
ozks,69632,22
ozks,81920,38
ozks,98304,53
ozks,57344,8
ozks,65536,19
ozks,151552,131
ozks,57344,6
ozks,57344,0
ozks,65536,14
ozks,57344,8
ozks,73728,36
ozks,65536,20
ozks,135168,107
ozks,57344,3
ozks,57344,8
ozks,73728,32
ozks,57344,10
ozks,65536,15
ozks,65536,13
ozks,557056,695
ozks,57344,4
ozks,57344,3
ozks,520192,651
ozks,57344,7
ozks,57344,7
ozks,98304,53
ozks,57344,5
ozks,94208,50
ozks,57344,8
ozks,57344,0
ozks,57344,6
ozks,57344,1
ozks,102400,68
ozks,57344,8
ozks,57344,8
ozks,57344,4
ozks,57344,8
ozks,135168,100
ozks,778240,1000
ozks,57344,10
ozks,126976,86
ozks,57344,2
ozks,57344,1
ozks,57344,4
ozks,167936,149
ozks,57344,6
ozks,176128,158
ozks,57344,3
ozks,57344,4
ozks,57344,1
ozks,65536,21
ozks,57344,2
ozks,118784,84
ozks,315392,355
ozks,270336,287
ozks,65536,12
ozks,65536,17
ozks,262144,285
ozks,57344,3
ozks,65536,19
ozks,57344,1
ozks,102400,69
ozks,98304,53
ozks,69632,22
ozks,155648,123
ozks,57344,9
ozks,57344,3
ozks,65536,20
ozks,69632,24
ozks,57344,9
ozks,57344,8
ozks,57344,8
ozks,57344,1
ozks,57344,5
ozks,151552,123
ozks,94208,44
ozks,57344,10
ozks,57344,6
ozks,65536,16
ozks,57344,1
ozks,73728,35
ozks,57344,2
ozks,204800,202
ozks,57344,8
ozks,65536,12
ozks,57344,0
ozks,155648,138
ozks,290816,321
ozks,65536,20
ozks,495616,605
ozks,57344,0
ozks,57344,0
ozks,65536,15
ozks,57344,7
ozks,69632,23
ozks,57344,7
ozks,57344,1
ozks,131072,88
ozks,57344,1
ozks,98304,52
ozks,73728,35
ozks,65536,17
ozks,57344,2
ozks,57344,9
ozks,57344,7
ozks,90112,41
ozks,57344,11
ozks,57344,3
ozks,57344,4
ozks,57344,4
ozks,69632,28
ozks,57344,1
ozks,57344,1
ozks,94208,51
ozks,106496,72
ozks,57344,4
ozks,73728,32
ozks,102400,66
ozks,65536,20
ozks,323584,361
ozks,57344,4
ozks,57344,10
ozks,65536,12
ozks,57344,0
ozks,159744,137
ozks,57344,5
ozks,69632,27
ozks,57344,9
ozks,65536,15
ozks,57344,3
ozks,57344,9
ozks,65536,14
ozks,552960,673
ozks,57344,4
ozks,57344,0
ozks,57344,7
ozks,532480,669
ozks,503808,613
ozks,335872,379
ozks,282624,311
ozks,94208,42
ozks,159744,140
ozks,249856,256
ozks,585728,738
ozks,57344,6
ozks,57344,9
ozks,65536,12
ozks,65536,12
ozks,69632,31
ozks,57344,1
ozks,94208,47
ozks,114688,82
ozks,57344,8
ozks,126976,89
ozks,65536,17
ozks,57344,11
ozks,65536,17
ozks,57344,3
ozks,204800,190
ozks,81920,39
ozks,57344,3
ozks,94208,44
ozks,57344,6
ozks,126976,92
ozks,57344,11
ozks,65536,19
ozks,65536,13
ozks,57344,8
ozks,188416,173
ozks,57344,4
ozks,57344,1
ozks,589824,732
ozks,57344,8
ozks,57344,7
ozks,69632,23
ozks,172032,145
ozks,147456,114
ozks,65536,18
ozks,57344,1
ozks,57344,6
ozks,57344,3
ozks,57344,2
ozks,716800,904
ozks,69632,27
ozks,57344,8
ozks,155648,139
ozks,57344,3
ozks,98304,54
ozks,249856,255
ozks,69632,25
ozks,69632,25
ozks,118784,83
ozks,57344,2
ozks,81920,37
ozks,274432,296
ozks,57344,1
ozks,57344,1
ozks,57344,5
ozks,69632,23
ozks,57344,0
ozks,57344,6
ozks,57344,2
ozks,159744,134
ozks,65536,15
ozks,57344,1
ozks,57344,1
ozks,110592,76
ozks,155648,123
ozks,69632,31
ozks,110592,76
ozks,520192,644
ozks,73728,35
ozks,57344,0
ozks,57344,11
ozks,73728,33
ozks,299008,336
ozks,57344,1
ozks,57344,10
ozks,57344,1
ozks,569344,710
ozks,57344,8
ozks,65536,13
ozks,57344,3
ozks,65536,13
ozks,69632,26
ozks,339968,369
ozks,102400,65
ozks,65536,12
ozks,94208,45
ozks,73728,36
ozks,57344,0
ozks,57344,7
ozks,495616,605
ozks,294912,328
ozks,57344,1
ozks,57344,1
ozks,57344,0
ozks,57344,5
ozks,57344,6
ozks,270336,293
ozks,69632,26
ozks,57344,0
ozks,57344,3
ozks,110592,76
ozks,57344,11
ozks,57344,0
ozks,69632,23
ozks,65536,13
ozks,57344,0
ozks,57344,1
ozks,73728,35
ozks,372736,419
ozks,94208,43
ozks,65536,12
ozks,65536,16
ozks,229376,228
ozks,57344,2
ozks,57344,8
ozks,57344,7
ozks,143360,118
ozks,65536,19
ozks,57344,1
ozks,57344,1
ozks,57344,4
ozks,57344,9
ozks,65536,20
ozks,57344,3
ozks,90112,42
ozks,65536,15
ozks,65536,15
ozks,458752,561
ozks,57344,2
ozks,65536,15
ozks,57344,3
ozks,57344,1
ozks,69632,22
ozks,176128,163
ozks,65536,17
ozks,65536,14
ozks,110592,74
ozks,57344,3
ozks,57344,8
ozks,65536,15
ozks,57344,4
ozks,65536,12
ozks,65536,19
ozks,57344,1
ozks,81920,37
ozks,81920,37
ozks,69632,22
ozks,73728,31
ozks,98304,61
ozks,139264,111
ozks,65536,21
ozks,737280,942
ozks,57344,7
ozks,65536,18
ozks,110592,77
ozks,679936,856
ozks,65536,18
ozks,57344,0
ozks,57344,5
ozks,57344,0
ozks,94208,48
ozks,69632,29
ozks,73728,32
ozks,57344,3
ozks,57344,5
ozks,65536,15
ozks,221184,217
ozks,57344,5
ozks,114688,82
ozks,159744,140
ozks,548864,670
ozks,438272,521
ozks,208896,199
ozks,65536,15
ozks,57344,11
ozks,118784,84
ozks,57344,4
ozks,57344,10
ozks,57344,0
ozks,57344,10
ozks,57344,1
ozks,57344,7
ozks,57344,1
ozks,57344,4
ozks,57344,3
ozks,73728,34
ozks,589824,743
ozks,73728,35
ozks,126976,91
ozks,57344,2
ozks,57344,9
ozks,69632,23
ozks,57344,1
ozks,57344,11
ozks,57344,1
ozks,176128,154
ozks,290816,324
ozks,450560,548
ozks,65536,17
ozks,57344,1
ozks,57344,1
ozks,57344,8
ozks,69632,22
ozks,81920,38
ozks,81920,39
ozks,57344,8
ozks,57344,0
ozks,57344,10
ozks,57344,1
ozks,57344,11
ozks,155648,141
ozks,65536,15
ozks,81920,38
ozks,57344,0
ozks,69632,22
ozks,81920,39
ozks,65536,16
ozks,65536,20
ozks,69632,31
ozks,65536,21
ozks,102400,65
ozks,57344,1
ozks,131072,89
ozks,65536,19
ozks,200704,193
ozks,57344,5
ozks,94208,48
ozks,65536,17
ozks,69632,29
ozks,57344,7
ozks,57344,7
ozks,57344,0
ozks,65536,13
ozks,69632,29
ozks,65536,20
ozks,102400,68
ozks,339968,389
ozks,57344,5
ozks,155648,136
ozks,65536,17
ozks,294912,320
ozks,65536,19
ozks,73728,34
ozks,57344,2
ozks,57344,2
ozks,57344,5
ozks,114688,80
ozks,57344,4
ozks,65536,16
ozks,57344,0
ozks,57344,1
ozks,57344,5
ozks,57344,10
ozks,57344,4
ozks,98304,61
ozks,57344,10
ozks,57344,4
ozks,57344,0
ozks,57344,0
ozks,163840,142
ozks,57344,1
ozks,69632,24
ozks,614400,769
ozks,102400,69
ozks,57344,4
ozks,57344,7
ozks,57344,11
ozks,172032,147
ozks,57344,0
ozks,57344,8
ozks,69632,30
ozks,57344,6
ozks,57344,1
ozks,57344,8
ozks,81920,39
ozks,57344,8
ozks,57344,4
ozks,94208,44
ozks,57344,0
ozks,65536,15
ozks,73728,33
ozks,98304,60
ozks,73728,35
ozks,69632,28
ozks,57344,0
ozks,274432,291
ozks,94208,48
ozks,114688,80
ozks,57344,9
ozks,69632,28
ozks,69632,25
ozks,57344,5
ozks,69632,27
ozks,69632,30
ozks,94208,42
ozks,81920,37
ozks,57344,2
ozks,65536,20
ozks,311296,343
ozks,57344,3
ozks,65536,13
ozks,57344,9
ozks,57344,2
ozks,57344,2
ozks,57344,0
ozks,303104,338
ozks,90112,40
ozks,57344,2
ozks,450560,541
ozks,147456,117
ozks,65536,14
ozks,57344,5
ozks,102400,71
ozks,65536,16
ozks,57344,2
ozks,69632,23
ozks,57344,1
ozks,155648,128
ozks,57344,8
ozks,65536,12
ozks,589824,743
ozks,57344,3
ozks,65536,16
ozks,65536,13
ozks,696320,881
ozks,106496,72
ozks,249856,256
ozks,57344,8
ozks,57344,5
ozks,139264,108
ozks,57344,0
ozks,57344,2
ozks,57344,1
ozks,57344,0
ozks,94208,50
ozks,65536,12
ozks,65536,21
ozks,69632,25
ozks,98304,60
ozks,159744,141
ozks,143360,111
ozks,57344,7
ozks,131072,100
ozks,65536,13
ozks,57344,4
ozks,65536,12
ozks,520192,648
ozks,81920,38
ozks,499712,619
ozks,126976,91
ozks,57344,4
ozks,131072,98
ozks,176128,158
ozks,57344,6
ozks,57344,0
ozks,90112,41
ozks,57344,10
ozks,454656,541
ozks,69632,22
ozks,69632,22
ozks,57344,3
ozks,499712,606
ozks,73728,36
ozks,57344,1
ozks,98304,54
ozks,425984,508
ozks,81920,37
ozks,57344,4
ozks,57344,2
ozks,57344,10
ozks,57344,1
ozks,172032,147
ozks,57344,1
ozks,57344,10
ozks,65536,15
ozks,151552,120
ozks,462848,548
ozks,98304,61
ozks,102400,67
ozks,65536,20
ozks,135168,103
ozks,94208,42
ozks,159744,140
ozks,98304,52
ozks,192512,178
ozks,57344,6
ozks,57344,6
ozks,147456,115
ozks,65536,15
ozks,57344,3
ozks,65536,13
ozks,94208,44
ozks,94208,42
ozks,450560,541
ozks,57344,3
ozks,65536,13
ozks,57344,8
ozks,57344,8
ozks,65536,15
ozks,155648,141
ozks,94208,43
ozks,135168,105
ozks,57344,1
ozks,57344,8
ozks,81920,39
ozks,479232,586
ozks,57344,1
ozks,57344,1
ozks,159744,139
ozks,57344,1
ozks,57344,10
ozks,94208,48
ozks,57344,8
ozks,57344,1
ozks,57344,1
ozks,57344,3
ozks,122880,85
ozks,65536,20
ozks,712704,906
ozks,69632,29
ozks,57344,5
ozks,57344,3
ozks,651264,822
ozks,57344,2
ozks,57344,8
ozks,143360,111
ozks,69632,30
ozks,65536,20
ozks,749568,954
ozks,102400,64
ozks,126976,90
ozks,69632,26
ozks,102400,64
ozks,139264,107
ozks,57344,2
ozks,69632,29
ozks,94208,47
ozks,65536,17
ozks,57344,2
ozks,57344,1
ozks,139264,106
ozks,57344,9
ozks,57344,8
ozks,253952,268
ozks,581632,734
ozks,57344,5
ozks,57344,4
ozks,102400,64
ozks,65536,20
ozks,57344,1
ozks,73728,35
ozks,65536,17
ozks,57344,1
ozks,188416,173
ozks,102400,70
ozks,57344,4
ozks,151552,120
ozks,450560,530
ozks,176128,158
ozks,57344,9
ozks,65536,13
ozks,57344,9
ozks,57344,8
ozks,598016,743
ozks,65536,17
ozks,126976,90
ozks,69632,27
ozks,57344,2
ozks,229376,233
ozks,98304,58
ozks,57344,1
ozks,57344,7
ozks,57344,3
ozks,110592,75
ozks,65536,17
ozks,94208,46
ozks,57344,11
ozks,57344,10
ozks,65536,13
ozks,159744,137
ozks,98304,60
ozks,57344,4
ozks,151552,125
ozks,102400,63
ozks,417792,500
ozks,102400,70
ozks,135168,99
ozks,57344,4
ozks,65536,17
ozks,65536,20
ozks,69632,30
ozks,106496,72
ozks,57344,3
ozks,57344,3
ozks,286720,325
ozks,139264,107
ozks,159744,137
ozks,57344,1
ozks,57344,5
ozks,466944,568
ozks,57344,2
ozks,614400,780
ozks,65536,17
ozks,176128,158
ozks,65536,21
ozks,69632,23
ozks,57344,4
ozks,57344,6
ozks,90112,40
ozks,143360,110
ozks,81920,37
ozks,602112,749
ozks,69632,26
ozks,57344,3
ozks,372736,434
ozks,65536,12
ozks,57344,2
ozks,57344,3
ozks,307200,343
ozks,57344,0
ozks,81920,39
ozks,73728,35
ozks,73728,35
ozks,65536,20
ozks,57344,5
ozks,176128,158
ozks,57344,8
ozks,114688,80
ozks,57344,7
ozks,151552,133
ozks,57344,0
ozks,131072,95
ozks,94208,44
ozks,69632,25
ozks,671744,865
ozks,57344,4
ozks,57344,6
ozks,57344,1
ozks,356352,398
ozks,65536,17
ozks,57344,3
ozks,118784,82
ozks,57344,0
ozks,65536,17
ozks,57344,2
ozks,376832,446
ozks,57344,2
ozks,65536,15
ozks,65536,17
ozks,57344,5
ozks,57344,2
ozks,57344,0
ozks,65536,13
ozks,57344,1
ozks,57344,1
ozks,57344,2
ozks,57344,0
ozks,290816,324
ozks,98304,58
ozks,65536,17
ozks,57344,7
ozks,81920,39
ozks,303104,327
ozks,57344,7
ozks,57344,6
ozks,65536,12
ozks,57344,1
ozks,57344,0
ozks,262144,274
ozks,65536,17
ozks,57344,11
ozks,57344,8
ozks,94208,49
ozks,98304,58
ozks,69632,26
ozks,65536,18
ozks,57344,9
ozks,90112,40
ozks,69632,21
ozks,57344,0
ozks,163840,144
ozks,57344,3
ozks,94208,51
ozks,450560,541
ozks,57344,6
ozks,147456,119
ozks,57344,0
ozks,57344,6
ozks,155648,124
ozks,65536,21
ozks,135168,95
ozks,57344,10
ozks,65536,14
ozks,98304,56
ozks,57344,9
ozks,81920,38
ozks,57344,0
ozks,57344,1
ozks,110592,78
ozks,352256,406
ozks,65536,20
ozks,163840,140
ozks,102400,62
ozks,94208,47
ozks,57344,3
ozks,57344,3
ozks,57344,9
ozks,94208,43
ozks,65536,14
ozks,65536,18
ozks,69632,22
ozks,81920,37
ozks,57344,2
ozks,110592,76
ozks,57344,6
ozks,57344,11
ozks,118784,83
ozks,57344,1
ozks,290816,306
ozks,57344,8
ozks,225280,225
ozks,73728,32
ozks,57344,1
ozks,131072,91
ozks,57344,1
ozks,57344,1
ozks,57344,1
ozks,65536,17
ozks,57344,10
ozks,98304,52
ozks,98304,52
ozks,729088,922
ozks,65536,21
ozks,57344,2
ozks,65536,16
ozks,57344,3
ozks,57344,3
ozks,57344,0
ozks,143360,110
ozks,69632,25
ozks,57344,11
ozks,90112,40
ozks,102400,70
ozks,57344,1
ozks,57344,6
ozks,57344,9
ozks,110592,75
ozks,69632,31
ozks,73728,34
ozks,57344,9
ozks,176128,158
ozks,65536,17
ozks,155648,127
ozks,57344,7
ozks,135168,94
ozks,57344,4
ozks,286720,325
ozks,98304,57
ozks,73728,31
ozks,73728,34
ozks,69632,23
ozks,143360,110
ozks,57344,3
ozks,69632,24
ozks,57344,10
ozks,176128,158
ozks,57344,0
ozks,57344,2
ozks,57344,8
ozks,69632,26
ozks,57344,8
ozks,57344,2
ozks,57344,9
ozks,57344,1
ozks,65536,19
ozks,110592,76
ozks,159744,135
ozks,69632,26
ozks,57344,1
ozks,57344,5
ozks,57344,10
ozks,319488,361
ozks,57344,10
ozks,57344,1
ozks,65536,18
ozks,630784,807
ozks,65536,13
ozks,159744,134
ozks,57344,11
ozks,57344,10
ozks,94208,48
ozks,110592,75
ozks,57344,5
ozks,57344,0
ozks,94208,45
ozks,57344,8
ozks,57344,3
ozks,98304,53
ozks,81920,38
ozks,73728,32
ozks,102400,67
ozks,757760,981
ozks,65536,17
ozks,57344,7
ozks,65536,15
ozks,139264,109
ozks,57344,3
ozks,167936,151
ozks,69632,27
ozks,368640,419
ozks,57344,7
ozks,69632,23
ozks,94208,50
ozks,57344,8
ozks,69632,25
ozks,147456,115
ozks,57344,3
ozks,57344,5
ozks,434176,529
ozks,57344,1
ozks,73728,60
ozks,57344,8
ozks,81920,39
ozks,57344,2
ozks,65536,12
ozks,57344,0
ozks,57344,3
ozks,57344,1
ozks,204800,190
ozks,57344,4
ozks,335872,382
ozks,69632,25
ozks,73728,33
ozks,65536,12
ozks,73728,35
ozks,69632,28
ozks,57344,0
ozks,65536,12
ozks,548864,683
ozks,57344,0
ozks,57344,0
ozks,270336,292
ozks,155648,131
ozks,57344,2
ozks,57344,4
ozks,57344,0
ozks,57344,8
ozks,57344,10
ozks,176128,160
ozks,57344,1
ozks,73728,36
ozks,147456,117
ozks,57344,1
ozks,319488,361
ozks,69632,29
ozks,65536,20
ozks,57344,2
ozks,65536,14
ozks,57344,2
ozks,65536,15
ozks,73728,34
ozks,57344,3
ozks,98304,59
ozks,57344,5
ozks,69632,30
ozks,94208,50
ozks,151552,125
ozks,57344,4
ozks,65536,18
ozks,57344,3
ozks,57344,1
ozks,57344,11
ozks,143360,110
ozks,69632,23
ozks,57344,6
ozks,69632,26
ozks,262144,273
ozks,57344,3
ozks,57344,9
ozks,57344,4
ozks,57344,10
ozks,131072,99
ozks,65536,13
ozks,57344,9
ozks,167936,146
ozks,65536,17
ozks,57344,8
ozks,57344,1
ozks,57344,4
ozks,102400,62
ozks,57344,2
ozks,57344,4
ozks,57344,5
ozks,700416,890
ozks,57344,8
ozks,57344,3
ozks,98304,58
ozks,57344,8
ozks,57344,4
ozks,65536,18
ozks,65536,15
ozks,90112,40
ozks,57344,10
ozks,65536,15
ozks,57344,6
ozks,208896,202
ozks,57344,6
ozks,98304,56
ozks,294912,324
ozks,573440,714
ozks,57344,2
ozks,176128,158
ozks,135168,105
ozks,65536,19
ozks,57344,1
ozks,634880,807
ozks,57344,4
ozks,413696,494
ozks,69632,27
ozks,57344,2
ozks,65536,17
ozks,151552,119
ozks,57344,3
ozks,57344,4
ozks,65536,12
ozks,57344,6
ozks,159744,141
ozks,65536,15
ozks,57344,4
ozks,131072,99
ozks,57344,4
ozks,57344,7
ozks,57344,7
ozks,57344,3
ozks,249856,264
ozks,57344,1
ozks,94208,43
ozks,98304,51
ozks,57344,1
ozks,73728,32
ozks,57344,1
ozks,94208,51
ozks,57344,5
ozks,360448,419
ozks,221184,223
ozks,57344,8
ozks,57344,8
ozks,102400,71
ozks,57344,9
ozks,94208,44
ozks,57344,4
ozks,57344,3
ozks,69632,22
ozks,57344,9
ozks,57344,8
ozks,57344,10
ozks,65536,13
ozks,57344,3
ozks,57344,4
ozks,65536,17
ozks,57344,4
ozks,69632,26
ozks,57344,0
ozks,57344,0
ozks,65536,12
ozks,475136,580
ozks,57344,5
ozks,73728,34
ozks,69632,31
ozks,69632,30
ozks,57344,7
ozks,57344,1
ozks,65536,20
ozks,94208,47
ozks,65536,15
ozks,118784,83
ozks,57344,2
ozks,65536,13
ozks,98304,57
ozks,65536,19
ozks,94208,49
ozks,307200,327
ozks,57344,9
ozks,81920,38
ozks,65536,17
ozks,200704,188
ozks,65536,18
ozks,57344,9
ozks,458752,551
ozks,69632,30
ozks,57344,3
ozks,98304,55
ozks,57344,4
ozks,81920,39
ozks,57344,9
ozks,57344,4
ozks,57344,11
ozks,57344,3
ozks,57344,5
ozks,65536,19
ozks,57344,7
ozks,69632,23
ozks,57344,3
ozks,57344,1
ozks,135168,99
ozks,57344,8
ozks,57344,9
ozks,69632,25
ozks,135168,94
ozks,57344,1
ozks,57344,11
ozks,163840,140
ozks,57344,1
ozks,159744,142
ozks,94208,50
ozks,434176,528
ozks,159744,133
ozks,57344,2
ozks,98304,55
ozks,65536,18
ozks,57344,0
ozks,69632,30
ozks,65536,12
ozks,57344,7
ozks,581632,724
ozks,57344,10
ozks,65536,18
ozks,102400,67
ozks,57344,2
ozks,65536,12
ozks,708608,906
ozks,73728,36
ozks,57344,4
ozks,688128,876
ozks,57344,5
ozks,57344,4
ozks,471040,568
ozks,139264,106
ozks,57344,10
ozks,57344,0
ozks,57344,9
ozks,131072,89
ozks,57344,10
ozks,65536,20
ozks,65536,17
ozks,81920,37
ozks,57344,3
ozks,57344,11
ozks,57344,9
ozks,524288,635
ozks,94208,47
ozks,69632,25
ozks,81920,38
ozks,57344,3
ozks,65536,12
ozks,65536,18
ozks,73728,32
ozks,69632,22
ozks,57344,2
ozks,167936,143
ozks,57344,10
ozks,135168,100
ozks,65536,15
ozks,57344,0
ozks,65536,14
ozks,151552,131
ozks,65536,19
ozks,57344,2
ozks,69632,31
ozks,57344,5
ozks,57344,9
ozks,507904,622
ozks,57344,2
ozks,69632,22
ozks,73728,33
ozks,57344,1
ozks,57344,1
ozks,57344,7
ozks,159744,141
ozks,57344,9
ozks,57344,3
ozks,507904,631
ozks,57344,0
ozks,57344,0
ozks,167936,144
ozks,57344,5
ozks,81920,39
ozks,159744,137
ozks,499712,602
ozks,57344,11
ozks,69632,25
ozks,57344,10
ozks,94208,44
ozks,69632,25
ozks,94208,42
ozks,57344,1
ozks,57344,5
ozks,57344,2
ozks,69632,29
ozks,69632,23
ozks,491520,606
ozks,491520,596
ozks,57344,11
ozks,57344,5
ozks,94208,44
ozks,131072,97
ozks,57344,7
ozks,73728,34
ozks,98304,53
ozks,90112,41
ozks,94208,46
ozks,159744,140
ozks,57344,8
ozks,57344,9
ozks,69632,30
ozks,98304,60
ozks,479232,589
ozks,155648,131
ozks,172032,145
ozks,57344,3
ozks,57344,0
ozks,94208,47
ozks,131072,88
ozks,65536,13
ozks,65536,17
ozks,57344,2
ozks,57344,1
ozks,69632,22
ozks,57344,6
ozks,57344,0
ozks,57344,6
ozks,57344,3
ozks,57344,4
ozks,65536,14
ozks,430080,521
ozks,131072,101
ozks,65536,17
ozks,57344,4
ozks,516096,641
ozks,81920,38
ozks,57344,2
ozks,57344,6
ozks,372736,435
ozks,57344,9
ozks,65536,17
ozks,65536,14
ozks,57344,1
ozks,57344,1
ozks,417792,492
ozks,57344,3
ozks,57344,0
ozks,65536,19
ozks,94208,43
ozks,94208,44
ozks,217088,206
ozks,57344,0
ozks,57344,11
ozks,57344,3
ozks,57344,1
ozks,69632,22
ozks,659456,827
ozks,122880,85
ozks,720896,915
ozks,57344,3
ozks,69632,25
ozks,69632,25
ozks,102400,64
ozks,98304,59
ozks,151552,125
ozks,237568,246
ozks,57344,7
ozks,94208,49
ozks,57344,1
ozks,172032,150
ozks,57344,2
ozks,57344,11
ozks,81920,39
ozks,57344,8
ozks,81920,37
ozks,65536,18
ozks,98304,56
ozks,57344,7
ozks,69632,24
ozks,65536,16
ozks,65536,17
ozks,57344,9
ozks,94208,43
ozks,57344,1
ozks,94208,49
ozks,57344,1
ozks,57344,2
ozks,57344,1
ozks,57344,1
ozks,57344,5
ozks,122880,84
ozks,303104,329
ozks,57344,0
ozks,65536,14
ozks,102400,63
ozks,57344,3
ozks,73728,32
ozks,65536,14
ozks,73728,33
ozks,352256,398
ozks,57344,6
ozks,450560,541
ozks,57344,11
ozks,155648,140
ozks,184320,165
ozks,57344,10
ozks,57344,1
ozks,57344,8
ozks,69632,27
ozks,57344,0
ozks,81920,37
ozks,57344,9
ozks,57344,6
ozks,65536,13
ozks,57344,1
ozks,348160,394
ozks,57344,9
ozks,65536,15
ozks,57344,0
ozks,57344,4
ozks,57344,3
ozks,57344,6
ozks,57344,9
ozks,57344,1
ozks,65536,17
ozks,65536,18
ozks,65536,15
ozks,57344,9
ozks,57344,0
ozks,69632,21
ozks,57344,3
ozks,65536,12
ozks,57344,4
ozks,57344,2
ozks,57344,10
ozks,65536,16
ozks,110592,79
ozks,57344,9
ozks,57344,2
ozks,65536,18
ozks,102400,69
ozks,57344,6
ozks,57344,6
ozks,57344,1
ozks,65536,19
ozks,69632,24
ozks,57344,3
ozks,65536,19
ozks,57344,4
ozks,393216,464
ozks,733184,919
ozks,659456,830
ozks,57344,1
ozks,57344,4
ozks,69632,28
ozks,57344,1
ozks,57344,1
ozks,176128,158
ozks,57344,3
ozks,65536,13
ozks,151552,122
ozks,98304,54
ozks,200704,185
ozks,159744,137
ozks,167936,146
ozks,94208,45
ozks,57344,1
ozks,65536,12
ozks,339968,385
ozks,57344,4
ozks,57344,5
ozks,57344,11
ozks,57344,8
ozks,57344,0
ozks,753664,974
ozks,65536,12
ozks,249856,263
ozks,57344,1
ozks,73728,35
ozks,57344,7
ozks,65536,15
ozks,57344,2
ozks,102400,70
ozks,57344,7
ozks,536576,669
ozks,57344,6
ozks,69632,28
ozks,290816,324
ozks,69632,25
ozks,241664,246
ozks,65536,21
ozks,65536,17
ozks,57344,3
ozks,57344,2
ozks,159744,136
ozks,499712,617
ozks,208896,199
ozks,65536,14
ozks,671744,849
ozks,57344,11
ozks,303104,337
ozks,172032,146
ozks,57344,9
ozks,81920,39
ozks,94208,43
ozks,57344,0
ozks,348160,392
ozks,57344,11
ozks,135168,94
ozks,65536,15
ozks,135168,101
ozks,57344,0
ozks,69632,23
ozks,65536,12
ozks,69632,24
ozks,57344,7
ozks,57344,1
ozks,57344,1
ozks,102400,64
ozks,229376,230
ozks,69632,29
ozks,65536,17
ozks,745472,942
ozks,212992,206
ozks,57344,2
ozks,57344,2
ozks,69632,22
ozks,65536,14
ozks,114688,80
ozks,73728,34
ozks,65536,17
ozks,94208,48
ozks,135168,108
ozks,585728,734
ozks,65536,21
ozks,57344,6
ozks,57344,8
ozks,57344,4
ozks,135168,106
ozks,176128,160
ozks,675840,857
ozks,204800,199
ozks,57344,0
ozks,57344,8
ozks,65536,13
ozks,69632,28
ozks,57344,9
ozks,57344,3
ozks,65536,14
ozks,65536,14
ozks,69632,26
ozks,352256,399
ozks,57344,0
ozks,57344,6
ozks,57344,5
ozks,73728,33
ozks,57344,8
ozks,69632,31
ozks,135168,107
ozks,57344,0
ozks,69632,25
ozks,57344,0
ozks,57344,9
ozks,57344,10
ozks,69632,26
ozks,57344,4
ozks,57344,4
ozks,57344,7
ozks,57344,8
ozks,131072,91
ozks,65536,13
ozks,57344,11
ozks,57344,2
ozks,65536,13
ozks,69632,29
ozks,57344,1
ozks,57344,6
ozks,585728,734
ozks,98304,56
ozks,69632,25
ozks,98304,61
ozks,94208,52
ozks,57344,3
ozks,65536,17
ozks,290816,325
ozks,57344,7
ozks,57344,7
ozks,114688,81
ozks,69632,26
ozks,57344,9
ozks,69632,30
ozks,65536,17
ozks,57344,9
ozks,57344,10
ozks,73728,36
ozks,151552,123
ozks,57344,0
ozks,253952,274
ozks,65536,13
ozks,253952,268
ozks,176128,156
ozks,57344,5
ozks,57344,11
ozks,57344,4
ozks,712704,908
ozks,57344,5
ozks,57344,3
ozks,65536,13
ozks,65536,12
ozks,663552,830
ozks,57344,0
ozks,69632,31
ozks,57344,3
ozks,65536,19
ozks,163840,140
ozks,94208,47
ozks,57344,11
ozks,98304,54
ozks,57344,1
ozks,57344,2
ozks,143360,110
ozks,65536,13
ozks,81920,39
ozks,57344,1
ozks,65536,14
ozks,57344,5
ozks,253952,268
ozks,421888,502
ozks,65536,14
ozks,258048,260
ozks,139264,109
ozks,57344,1
ozks,57344,0
ozks,323584,362
ozks,57344,9
ozks,65536,17
ozks,57344,4
ozks,57344,11
ozks,761856,981
ozks,237568,245
ozks,57344,5
ozks,57344,1
ozks,65536,20
ozks,57344,8
ozks,118784,85
ozks,57344,7
ozks,143360,117
ozks,69632,22
ozks,65536,13
ozks,147456,118
ozks,81920,39
ozks,102400,66
ozks,372736,442
ozks,65536,17
ozks,65536,13
ozks,57344,0
ozks,81920,37
ozks,57344,4
ozks,548864,680
ozks,57344,8
ozks,57344,1
ozks,163840,140
ozks,65536,12
ozks,57344,1
ozks,110592,76
ozks,176128,158
ozks,57344,1
ozks,98304,60
ozks,65536,15
ozks,57344,11
ozks,57344,8
ozks,57344,10
ozks,57344,4
ozks,90112,40
ozks,57344,7
ozks,57344,1
ozks,176128,155
ozks,356352,411
ozks,57344,1
ozks,155648,123
ozks,57344,5
ozks,57344,1
ozks,57344,1
ozks,126976,91
ozks,57344,1
ozks,65536,17
ozks,278528,288
ozks,196608,181
ozks,57344,6
ozks,81920,38
ozks,57344,9
ozks,57344,10
ozks,57344,3
ozks,57344,2
ozks,65536,15
ozks,57344,4
ozks,94208,49
ozks,57344,8
ozks,94208,49
ozks,434176,521
ozks,57344,1
ozks,65536,13
ozks,356352,408
ozks,167936,152
ozks,57344,9
ozks,98304,56
ozks,94208,45
ozks,655360,838
ozks,90112,41
ozks,98304,54
ozks,65536,21
ozks,69632,23
ozks,57344,9
ozks,57344,0
ozks,114688,80
ozks,57344,9
ozks,69632,25
ozks,65536,16
ozks,57344,9
ozks,102400,64
ozks,167936,147
ozks,253952,272
ozks,57344,7
ozks,65536,17
ozks,57344,1
ozks,110592,76
ozks,57344,8
ozks,135168,95
ozks,65536,21
ozks,126976,91
ozks,69632,28
ozks,57344,6
ozks,69632,27
ozks,65536,12
ozks,69632,23
ozks,65536,17
ozks,385024,446
ozks,57344,1
ozks,65536,18
ozks,57344,2
ozks,57344,4
ozks,57344,1
ozks,65536,15
ozks,57344,1
ozks,176128,166
ozks,65536,12
ozks,147456,116
ozks,131072,102
ozks,65536,20
ozks,65536,13
ozks,57344,8
ozks,57344,0
ozks,57344,7
ozks,69632,26
ozks,192512,179
ozks,57344,2
ozks,81920,39
ozks,57344,3
ozks,57344,6
ozks,65536,13
ozks,57344,1
ozks,450560,541
ozks,57344,0
ozks,638976,808
ozks,151552,123
ozks,520192,650
ozks,241664,246
ozks,606208,769
ozks,102400,67
ozks,65536,12
ozks,98304,60
ozks,294912,324
ozks,57344,0
ozks,483328,590
ozks,143360,109
ozks,57344,0
ozks,94208,50
ozks,81920,37
ozks,57344,1
ozks,57344,3
ozks,57344,9
ozks,57344,8
ozks,57344,8
ozks,69632,22
ozks,57344,4
ozks,155648,128
ozks,57344,5
ozks,65536,14
ozks,159744,140
ozks,57344,5
ozks,102400,63
ozks,57344,3
ozks,57344,8
ozks,73728,33
ozks,90112,40
ozks,57344,4
ozks,57344,1
ozks,65536,17
ozks,65536,14
ozks,110592,77
ozks,65536,17
ozks,131072,97
ozks,172032,145
ozks,65536,18
ozks,65536,14
ozks,94208,45
ozks,434176,521
ozks,94208,42
ozks,65536,14
ozks,73728,35
ozks,155648,130
ozks,294912,325
ozks,69632,25
ozks,593920,741
ozks,98304,55
ozks,57344,3
ozks,688128,866
ozks,57344,1
ozks,69632,24
ozks,69632,27
ozks,159744,142
ozks,57344,1
ozks,397312,472
ozks,57344,1
ozks,57344,2
ozks,110592,76
ozks,73728,32
ozks,217088,207
ozks,65536,12
ozks,73728,35
ozks,65536,16
ozks,57344,5
ozks,57344,4
ozks,57344,5
ozks,172032,149
ozks,57344,11
ozks,69632,22
ozks,585728,734
ozks,57344,8
ozks,94208,43
ozks,57344,9
ozks,57344,1
ozks,159744,139
ozks,278528,302
ozks,135168,104
ozks,253952,274
ozks,729088,929
ozks,69632,27
ozks,94208,42
ozks,57344,0
ozks,462848,565
ozks,57344,0
ozks,57344,9
ozks,503808,619
ozks,167936,146
ozks,57344,2
ozks,57344,9
ozks,98304,54
ozks,57344,0
ozks,98304,58
ozks,122880,85
ozks,69632,28
ozks,94208,46
ozks,159744,137
ozks,65536,13
ozks,57344,6
ozks,57344,5
ozks,94208,45
ozks,57344,10
ozks,57344,3
ozks,172032,145
ozks,57344,0
ozks,57344,10
ozks,57344,3
ozks,57344,0
ozks,376832,431
ozks,204800,201
ozks,667648,830
ozks,102400,62
ozks,454656,551
ozks,69632,27
ozks,57344,8
ozks,196608,181
ozks,57344,3
ozks,131072,93
ozks,57344,7
ozks,65536,21
ozks,184320,166
ozks,139264,103
ozks,57344,3
ozks,57344,9
ozks,278528,307
ozks,655360,826
ozks,57344,0
ozks,110592,79
ozks,569344,707
ozks,57344,5
ozks,57344,7
ozks,57344,6
ozks,172032,160
ozks,65536,17
ozks,57344,11
ozks,434176,521
ozks,65536,13
ozks,57344,1
ozks,94208,45
ozks,65536,19
ozks,57344,1
ozks,102400,65
ozks,57344,0
ozks,57344,7
ozks,57344,1
ozks,90112,41
ozks,167936,144
ozks,65536,13
ozks,94208,46
ozks,131072,99
ozks,307200,352
ozks,57344,11
ozks,65536,21
ozks,65536,17
ozks,73728,36
ozks,57344,11
ozks,57344,3
ozks,139264,105
ozks,131072,88
ozks,57344,2
ozks,57344,1
ozks,57344,0
ozks,57344,5
ozks,57344,6
ozks,57344,0
ozks,57344,4
ozks,57344,2
ozks,57344,9
ozks,147456,115
ozks,57344,10
ozks,57344,6
ozks,57344,4
ozks,57344,1
ozks,65536,14
ozks,483328,580
ozks,57344,4
ozks,57344,8
ozks,57344,7
ozks,57344,6
ozks,102400,70
ozks,94208,43
ozks,57344,1
ozks,57344,1
ozks,57344,4
ozks,57344,2
ozks,57344,8
ozks,98304,52
ozks,57344,9
ozks,69632,22
ozks,172032,149
ozks,69632,25
ozks,57344,1
ozks,65536,16
ozks,57344,10
ozks,57344,9
ozks,57344,9
ozks,57344,11
ozks,57344,1
ozks,94208,43
ozks,65536,17
ozks,57344,11
ozks,57344,6
ozks,57344,2
ozks,57344,9
ozks,65536,17
ozks,143360,111
ozks,73728,32
ozks,65536,16
ozks,65536,17
ozks,81920,39
ozks,57344,8
ozks,57344,6
ozks,69632,23
ozks,57344,2
ozks,94208,46
ozks,57344,2
ozks,65536,13
ozks,196608,177
ozks,98304,56
ozks,57344,11
ozks,57344,7
ozks,65536,12
ozks,57344,3
ozks,446464,541
ozks,57344,7
ozks,94208,43
ozks,253952,274
ozks,57344,9
ozks,69632,26
ozks,57344,7
ozks,57344,11
ozks,65536,19
ozks,65536,20
ozks,94208,45
ozks,73728,35
ozks,57344,4
ozks,172032,152
ozks,57344,1
ozks,57344,8
ozks,57344,4
ozks,102400,66
ozks,57344,4
ozks,65536,17
ozks,65536,13
ozks,57344,8
ozks,69632,25
ozks,143360,116
ozks,200704,185
ozks,57344,10
ozks,212992,212
ozks,57344,5
ozks,57344,9
ozks,90112,40
ozks,196608,175
ozks,65536,15
ozks,69632,26
ozks,57344,10
ozks,57344,1
ozks,57344,1
ozks,57344,9
ozks,57344,10
ozks,57344,1
ozks,73728,35
ozks,94208,43
ozks,57344,10
ozks,303104,342
ozks,57344,8
ozks,135168,95
ozks,176128,158
ozks,65536,20
ozks,73728,36
ozks,94208,46
ozks,184320,166
ozks,65536,15
ozks,57344,2
ozks,57344,2
ozks,65536,13
ozks,57344,9
ozks,57344,1
ozks,57344,10
ozks,57344,0
ozks,176128,157
ozks,57344,8
ozks,409600,494
ozks,73728,36
ozks,57344,11
ozks,253952,268
ozks,57344,3
ozks,98304,60
ozks,69632,22
ozks,81920,37
ozks,57344,11
ozks,94208,50
ozks,65536,14
ozks,94208,45
ozks,102400,64
ozks,155648,125
ozks,200704,191
ozks,65536,17
ozks,57344,4
ozks,598016,749
ozks,57344,9
ozks,57344,6
ozks,57344,2
ozks,57344,5
ozks,57344,1
ozks,57344,0
ozks,98304,56
ozks,57344,6
ozks,57344,1
ozks,98304,60
ozks,102400,65
ozks,69632,30
ozks,102400,65
ozks,65536,18
ozks,65536,14
ozks,57344,0
ozks,65536,12
ozks,167936,149
ozks,57344,1
ozks,57344,1
ozks,749568,966
ozks,102400,62
ozks,57344,1
ozks,258048,263
ozks,69632,22
ozks,57344,9
ozks,159744,133
ozks,65536,17
ozks,57344,0
ozks,57344,8
ozks,110592,74
ozks,98304,52
ozks,421888,498
ozks,65536,18
ozks,57344,1
ozks,65536,12
ozks,57344,11
ozks,57344,2
ozks,57344,4
ozks,57344,0
ozks,73728,35
ozks,237568,245
ozks,57344,1
ozks,73728,36
ozks,65536,17
ozks,57344,3
ozks,163840,140
ozks,172032,149
ozks,65536,14
ozks,57344,0
ozks,57344,1
ozks,65536,17
ozks,57344,3
ozks,593920,750
ozks,65536,14
ozks,57344,8
ozks,57344,0
ozks,57344,1
ozks,57344,5
ozks,69632,24
ozks,94208,50
ozks,98304,60
ozks,57344,9
ozks,618496,785
ozks,69632,31
ozks,401408,473
ozks,57344,0
ozks,69632,22
ozks,57344,1
ozks,172032,146
ozks,69632,22
ozks,73728,36
ozks,57344,6
ozks,57344,1
ozks,73728,35
ozks,57344,0
ozks,159744,140
ozks,65536,18
ozks,155648,137
ozks,208896,201
ozks,57344,6
ozks,57344,1
ozks,73728,36
ozks,69632,22
ozks,57344,2
ozks,57344,0
ozks,73728,36
ozks,57344,0
ozks,57344,7
ozks,634880,808
ozks,516096,634
ozks,102400,62
ozks,57344,1
ozks,57344,10
ozks,57344,2
ozks,98304,56
ozks,65536,19
ozks,57344,2
ozks,102400,69
ozks,487424,601
ozks,57344,2
ozks,253952,270
ozks,57344,7
ozks,176128,156
ozks,155648,137
ozks,57344,11
ozks,208896,201
ozks,57344,8
ozks,122880,85
ozks,401408,473
ozks,57344,5
ozks,114688,80
ozks,57344,10
ozks,69632,25
ozks,421888,498
ozks,155648,125
ozks,274432,304
ozks,57344,11
ozks,65536,20
ozks,126976,90
ozks,733184,940
ozks,94208,47
ozks,65536,14
ozks,57344,0
ozks,159744,143
ozks,102400,64
ozks,57344,8
ozks,155648,139
ozks,331776,378
ozks,65536,12
ozks,69632,28
ozks,98304,61
ozks,98304,56
ozks,172032,163
ozks,176128,153
ozks,139264,103
ozks,69632,29
ozks,65536,15
ozks,57344,9
ozks,98304,52
ozks,65536,13
ozks,57344,0
ozks,57344,6
ozks,57344,2
ozks,57344,5
ozks,589824,729
ozks,118784,82
ozks,57344,10
ozks,94208,47
ozks,69632,44
ozks,303104,343
ozks,57344,11
ozks,126976,88
ozks,57344,10
ozks,57344,1
ozks,200704,181
ozks,57344,5
ozks,98304,54
ozks,454656,538
ozks,401408,475
ozks,65536,20
ozks,73728,35
ozks,299008,328
ozks,57344,7
ozks,65536,13
ozks,57344,0
ozks,638976,807
ozks,57344,11
ozks,98304,59
ozks,217088,209
ozks,73728,34
ozks,57344,11
ozks,180224,169
ozks,57344,0
ozks,73728,34
ozks,65536,12
ozks,638976,805
ozks,483328,590
ozks,57344,4
ozks,69632,30
ozks,57344,1
ozks,65536,12
ozks,94208,51
ozks,69632,30
ozks,73728,34
ozks,126976,92
ozks,57344,2
ozks,65536,21
ozks,65536,13
ozks,94208,43
ozks,57344,9
ozks,57344,1
ozks,57344,0
ozks,57344,0
ozks,106496,72
ozks,90112,40
ozks,57344,2
ozks,425984,516
ozks,65536,12
ozks,131072,95
ozks,196608,175
ozks,163840,141
ozks,57344,1
ozks,57344,10
ozks,69632,27
ozks,65536,16
ozks,65536,12
ozks,167936,143
ozks,57344,0
ozks,57344,6
ozks,102400,64
ozks,57344,0
ozks,94208,45
ozks,65536,21
ozks,69632,28
ozks,155648,127
ozks,614400,770
ozks,57344,8
ozks,647168,819
ozks,65536,12
ozks,69632,25
ozks,65536,14
ozks,94208,42
ozks,57344,0
ozks,73728,32
ozks,57344,4
ozks,57344,7
ozks,57344,8
ozks,57344,8
ozks,57344,1
ozks,98304,52
ozks,57344,8
ozks,57344,10
ozks,57344,8
ozks,57344,0
ozks,110592,78
ozks,57344,2
ozks,155648,131
ozks,159744,134
ozks,57344,5
ozks,499712,613
ozks,65536,17
ozks,57344,1
ozks,57344,7
ozks,98304,56
ozks,57344,0
ozks,266240,285
ozks,57344,8
ozks,274432,305
ozks,143360,110
ozks,65536,21
ozks,172032,146
ozks,741376,941
ozks,65536,12
ozks,139264,107
ozks,57344,8
ozks,65536,18
ozks,57344,6
ozks,249856,252
ozks,98304,58
ozks,57344,3
ozks,65536,14
ozks,102400,66
ozks,57344,9
ozks,57344,8
ozks,57344,0
ozks,155648,123
ozks,94208,43
ozks,69632,22
ozks,65536,14
ozks,57344,2
ozks,135168,95
ozks,94208,50
ozks,94208,45
ozks,57344,9
ozks,57344,3
ozks,69632,22
ozks,65536,17
ozks,57344,0
ozks,98304,60
ozks,73728,32
ozks,462848,558
ozks,155648,128
ozks,57344,1
ozks,425984,502
ozks,57344,2
ozks,65536,13
ozks,65536,13
ozks,57344,1
ozks,57344,5
ozks,102400,68
ozks,57344,6
ozks,139264,104
ozks,65536,20
ozks,57344,1
ozks,57344,8
ozks,69632,26
ozks,57344,7
ozks,598016,749
ozks,65536,16
ozks,65536,13
ozks,98304,55
ozks,331776,369
ozks,69632,28
ozks,57344,3
ozks,73728,32
ozks,172032,146
ozks,81920,39
ozks,65536,16
ozks,57344,0
ozks,57344,1
ozks,57344,0
ozks,65536,19
ozks,57344,2
ozks,475136,583
ozks,90112,40
ozks,73728,33
ozks,94208,46
ozks,69632,22
ozks,65536,17
ozks,57344,7
ozks,98304,57
ozks,57344,9
ozks,81920,39
ozks,57344,9
ozks,57344,1
ozks,57344,1
ozks,57344,4
ozks,282624,315
ozks,81920,39
ozks,57344,0
ozks,57344,0
ozks,57344,3
ozks,57344,2
ozks,65536,15
ozks,208896,212
ozks,57344,0
ozks,57344,6
ozks,57344,0
ozks,57344,1
ozks,57344,2
ozks,57344,9
ozks,57344,8
ozks,102400,69
ozks,57344,8
ozks,102400,68
ozks,65536,16
ozks,290816,323
ozks,57344,6
ozks,102400,66
ozks,65536,13
ozks,651264,827
ozks,57344,1
ozks,163840,144
ozks,57344,8
ozks,102400,64
ozks,65536,17
ozks,57344,1
ozks,274432,303
ozks,57344,10
ozks,65536,20
ozks,65536,17
ozks,135168,99
ozks,57344,5
ozks,356352,412
ozks,90112,40
ozks,57344,4
ozks,57344,0
ozks,311296,354
ozks,57344,2
ozks,516096,641
ozks,73728,34
ozks,57344,7
ozks,57344,6
ozks,57344,0
ozks,57344,6
ozks,57344,8
ozks,57344,0
ozks,155648,123
ozks,57344,10
ozks,733184,943
ozks,65536,20
ozks,73728,32
ozks,98304,51
ozks,176128,158
ozks,319488,357
ozks,69632,25
ozks,73728,33
ozks,696320,899
ozks,57344,2
ozks,57344,1
ozks,544768,678
ozks,65536,15
ozks,102400,70
ozks,65536,14
ozks,57344,4
ozks,81920,39
ozks,471040,569
ozks,57344,1
ozks,98304,53
ozks,159744,141
ozks,57344,8
ozks,57344,8
ozks,339968,379
ozks,57344,2
ozks,57344,5
ozks,57344,3
ozks,159744,137
ozks,57344,5
ozks,57344,9
ozks,69632,26
ozks,155648,125
ozks,65536,21
ozks,57344,10
ozks,135168,94
ozks,57344,0
ozks,57344,9
ozks,73728,33
ozks,155648,122
ozks,57344,0
ozks,81920,38
ozks,81920,38
ozks,65536,13
ozks,57344,3
ozks,57344,1
ozks,143360,117
ozks,57344,4
ozks,57344,3
ozks,57344,6
ozks,57344,7
ozks,57344,8
ozks,57344,0
ozks,606208,768
ozks,81920,37
ozks,57344,1
ozks,57344,11
ozks,57344,5
ozks,106496,72
ozks,57344,11
ozks,69632,31
ozks,57344,6
ozks,98304,60
ozks,57344,7
ozks,65536,21
ozks,102400,63
ozks,57344,0
ozks,57344,9
ozks,57344,6
ozks,69632,28
ozks,57344,1
ozks,81920,37
ozks,159744,142
ozks,204800,201
ozks,159744,141
ozks,102400,68
ozks,57344,9
ozks,57344,1
ozks,57344,8
ozks,57344,9
ozks,57344,9
ozks,65536,17
ozks,94208,44
ozks,57344,10
ozks,57344,1
ozks,69632,26
ozks,126976,86
ozks,65536,19
ozks,143360,111
ozks,102400,70
ozks,57344,2
ozks,69632,26
ozks,176128,156
ozks,57344,8
ozks,57344,0
ozks,65536,14
ozks,57344,4
ozks,57344,6
ozks,57344,1
ozks,126976,88
ozks,69632,31
ozks,57344,1
ozks,65536,17
ozks,57344,8
ozks,57344,1
ozks,57344,8
ozks,57344,9
ozks,94208,46
ozks,172032,150
ozks,65536,12
ozks,57344,2
ozks,172032,152
ozks,57344,0
ozks,139264,108
ozks,589824,737
ozks,155648,142
ozks,57344,9
ozks,57344,8
ozks,57344,9
ozks,65536,12
ozks,57344,8
ozks,57344,0
ozks,385024,453
ozks,65536,19
ozks,65536,15
ozks,57344,1
ozks,57344,1
ozks,155648,139
ozks,57344,8
ozks,507904,633
ozks,290816,325
ozks,57344,10
ozks,98304,53
ozks,65536,16
ozks,102400,66
ozks,57344,3
ozks,57344,1
ozks,65536,13
ozks,57344,8
ozks,57344,1
ozks,90112,41
ozks,57344,9
ozks,135168,108
ozks,151552,121
ozks,65536,17
ozks,94208,43
ozks,217088,218
ozks,65536,17
ozks,98304,58
ozks,57344,5
ozks,65536,20
ozks,69632,28
ozks,57344,1
ozks,90112,40
ozks,446464,530
ozks,57344,2
ozks,65536,13
ozks,57344,4
ozks,57344,5
ozks,159744,143
ozks,65536,17
ozks,57344,1
ozks,65536,18
ozks,65536,15
ozks,94208,50
ozks,225280,233
ozks,57344,2
ozks,57344,0
ozks,516096,649
ozks,65536,15
ozks,65536,17
ozks,57344,1
ozks,57344,10
ozks,73728,35
ozks,98304,53
ozks,57344,3
ozks,57344,3
ozks,159744,137
ozks,155648,123
ozks,102400,65
ozks,69632,23
ozks,57344,4
ozks,57344,3
ozks,57344,1
ozks,155648,141
ozks,688128,859
ozks,57344,0
ozks,57344,8
ozks,98304,60
ozks,57344,6
ozks,81920,39
ozks,57344,4
ozks,57344,6
ozks,65536,15
ozks,57344,2
ozks,94208,42
ozks,57344,4
ozks,65536,13
ozks,65536,17
ozks,57344,5
ozks,249856,268
ozks,102400,71
ozks,135168,94
ozks,131072,92
ozks,69632,27
ozks,57344,6
ozks,57344,11
ozks,438272,521
ozks,57344,0
ozks,94208,49
ozks,73728,32
ozks,57344,6
ozks,172032,146
ozks,57344,0
ozks,675840,873
ozks,65536,15
ozks,69632,31
ozks,69632,23
ozks,57344,3
ozks,57344,8
ozks,233472,237
ozks,98304,54
ozks,57344,1
ozks,73728,35
ozks,69632,26
ozks,69632,23
ozks,81920,39
ozks,118784,83
ozks,479232,582
ozks,65536,17
ozks,57344,1
ozks,483328,589
ozks,102400,65
ozks,102400,68
ozks,81920,37
ozks,65536,12
ozks,73728,35
ozks,65536,18
ozks,57344,7
ozks,57344,0
ozks,57344,0
ozks,65536,15
ozks,593920,738
ozks,69632,27
ozks,65536,19
ozks,57344,6
ozks,65536,17
ozks,253952,252
ozks,65536,17
ozks,57344,4
ozks,65536,12
ozks,65536,17
ozks,57344,10
ozks,57344,1
ozks,57344,3
ozks,57344,7
ozks,57344,10
ozks,159744,134
ozks,57344,6
ozks,303104,335
ozks,98304,55
ozks,57344,8
ozks,57344,10
ozks,704512,893
ozks,131072,94
ozks,65536,12
ozks,57344,8
ozks,65536,15
ozks,65536,17
ozks,57344,8
ozks,57344,0
ozks,57344,6
ozks,94208,48
ozks,135168,96
ozks,57344,7
ozks,69632,30
ozks,57344,0
ozks,299008,328
ozks,57344,3
ozks,81920,37
ozks,73728,32
ozks,225280,223
ozks,57344,9
ozks,81920,39
ozks,155648,123
ozks,176128,158
ozks,65536,17
ozks,65536,12
ozks,57344,10
ozks,57344,1
ozks,126976,92
ozks,417792,492
ozks,57344,0
ozks,57344,0
ozks,94208,45
ozks,65536,19
ozks,57344,1
ozks,135168,99
ozks,176128,160
ozks,57344,7
ozks,57344,0
ozks,524288,635
ozks,69632,29
ozks,57344,10
ozks,57344,0
ozks,57344,9
ozks,401408,474
ozks,69632,22
ozks,192512,175
ozks,73728,36
ozks,139264,106
ozks,57344,1
ozks,57344,3
ozks,57344,0
ozks,438272,526
ozks,65536,13
ozks,376832,445
ozks,704512,885
ozks,57344,11
ozks,139264,104
ozks,81920,38
ozks,57344,4
ozks,57344,9
ozks,57344,4
ozks,122880,82
ozks,57344,3
ozks,69632,29
ozks,94208,45
ozks,57344,6
ozks,69632,24
ozks,57344,1
ozks,57344,0
ozks,57344,9
ozks,57344,3
ozks,65536,14
ozks,57344,0
ozks,176128,155
ozks,69632,29
ozks,155648,139
ozks,57344,1
ozks,57344,4
ozks,69632,26
ozks,155648,133
ozks,65536,12
ozks,139264,107
ozks,65536,13
ozks,57344,0
ozks,65536,21
ozks,65536,17
ozks,65536,21
ozks,98304,54
ozks,172032,146
ozks,454656,551
ozks,73728,36
ozks,159744,137
ozks,286720,324
ozks,159744,133
ozks,57344,9
ozks,159744,135
ozks,401408,478
ozks,512000,618
ozks,733184,938
ozks,57344,10
ozks,712704,904
ozks,69632,28
ozks,102400,70
ozks,118784,83
ozks,57344,3
ozks,323584,370
ozks,73728,36
ozks,69632,26
ozks,57344,0
ozks,57344,2
ozks,69632,29
ozks,65536,15
ozks,57344,5
ozks,57344,8
ozks,225280,220
ozks,57344,1
ozks,57344,7
ozks,155648,128
ozks,98304,52
ozks,57344,8
ozks,65536,15
ozks,98304,54
ozks,57344,6
ozks,65536,15
ozks,57344,2
ozks,151552,124
ozks,57344,2
ozks,65536,17
ozks,57344,6
ozks,57344,7
ozks,151552,118
ozks,57344,0
ozks,57344,7
ozks,102400,65
ozks,200704,190
ozks,69632,30
ozks,131072,92
ozks,57344,9
ozks,57344,6
ozks,57344,2
ozks,65536,17
ozks,135168,95
ozks,57344,1
ozks,131072,97
ozks,57344,7
ozks,69632,22
ozks,57344,4
ozks,57344,1
ozks,73728,35
ozks,69632,26
ozks,57344,0
ozks,65536,17
ozks,65536,19
ozks,57344,5
ozks,65536,15
ozks,57344,1
ozks,663552,830
ozks,155648,128
ozks,81920,38
ozks,507904,628
ozks,57344,0
ozks,339968,369
ozks,258048,279
ozks,57344,8
ozks,163840,147
ozks,172032,163
ozks,57344,8
ozks,139264,110
ozks,69632,22
ozks,69632,23
ozks,57344,5
ozks,57344,3
ozks,90112,41
ozks,65536,17
ozks,172032,146
ozks,65536,12
ozks,57344,5
ozks,57344,6
ozks,65536,15
ozks,57344,1
ozks,57344,8
ozks,135168,102
ozks,57344,2
ozks,65536,16
ozks,57344,4
ozks,303104,342
ozks,57344,1
ozks,57344,1
ozks,57344,2
ozks,73728,36
ozks,118784,82
ozks,65536,17
ozks,151552,133
ozks,73728,32
ozks,57344,4
ozks,69632,25
ozks,114688,81
ozks,57344,0
ozks,57344,2
ozks,57344,8
ozks,786432,997
ozks,57344,6
ozks,81920,37
ozks,98304,60
ozks,98304,58
ozks,57344,1
ozks,57344,9
ozks,57344,0
ozks,57344,1
ozks,372736,431
ozks,561152,691
ozks,98304,56
ozks,57344,1
ozks,57344,2
ozks,745472,941
ozks,57344,2
ozks,69632,24
ozks,253952,268
ozks,57344,0
ozks,536576,664
ozks,167936,150
ozks,73728,35
ozks,94208,42
ozks,98304,58
ozks,217088,209
ozks,503808,629
ozks,65536,21
ozks,286720,308
ozks,57344,6
ozks,69632,29
ozks,57344,3
ozks,102400,63
ozks,176128,158
ozks,57344,8
ozks,57344,10
ozks,307200,343
ozks,671744,849
ozks,57344,0
ozks,241664,252
ozks,450560,541
ozks,57344,0
ozks,221184,217
ozks,65536,17
ozks,102400,63
ozks,69632,21
ozks,65536,14
ozks,69632,25
ozks,94208,48
ozks,507904,631
ozks,102400,67
ozks,94208,51
ozks,57344,4
ozks,57344,2
ozks,57344,8
ozks,57344,8
ozks,57344,6
ozks,159744,134
ozks,57344,10
ozks,57344,2
ozks,57344,6
ozks,65536,12
ozks,57344,1
ozks,200704,183
ozks,110592,77
ozks,73728,32
ozks,188416,173
ozks,57344,4
ozks,65536,12
ozks,159744,137
ozks,94208,50
ozks,131072,90
ozks,65536,12
ozks,57344,3
ozks,110592,76
ozks,258048,263
ozks,57344,1
ozks,73728,33
ozks,57344,10
ozks,602112,743
ozks,65536,19
ozks,163840,140
ozks,745472,958
ozks,57344,5
ozks,57344,6
ozks,114688,80
ozks,57344,3
ozks,69632,22
ozks,57344,8
ozks,57344,8
ozks,94208,43
ozks,57344,1
ozks,102400,67
ozks,229376,223
ozks,172032,146
ozks,118784,84
ozks,57344,6
ozks,57344,1
ozks,57344,8
ozks,57344,2
ozks,57344,4
ozks,65536,13
ozks,495616,607
ozks,65536,18
ozks,57344,0
ozks,57344,5
ozks,114688,81
ozks,57344,1
ozks,102400,68
ozks,69632,27
ozks,57344,9
ozks,57344,10
ozks,176128,158
ozks,57344,2
ozks,286720,325
ozks,57344,1
ozks,57344,1
ozks,81920,38
ozks,57344,7
ozks,98304,59
ozks,65536,12
ozks,110592,79
ozks,57344,11
ozks,57344,3
ozks,57344,8
ozks,57344,6
ozks,319488,361
ozks,57344,2
ozks,57344,9
ozks,65536,16
ozks,94208,45
ozks,57344,8
ozks,57344,0
ozks,57344,1
ozks,98304,52
ozks,114688,82
ozks,65536,21
ozks,94208,45
ozks,69632,24
ozks,65536,15
ozks,131072,101
ozks,57344,2
ozks,630784,790
ozks,57344,4
ozks,69632,31
ozks,57344,11
ozks,69632,26
ozks,131072,92
ozks,57344,10
ozks,57344,2
ozks,57344,0
ozks,94208,46
ozks,57344,3
ozks,57344,8
ozks,57344,10
ozks,57344,3
ozks,57344,8
ozks,57344,0
ozks,69632,30
ozks,57344,6
ozks,159744,137
ozks,57344,0
ozks,356352,408
ozks,57344,1
ozks,57344,8
ozks,118784,81
ozks,65536,15
ozks,57344,2
ozks,65536,20
ozks,450560,541
ozks,57344,9
ozks,57344,3
ozks,57344,2
ozks,65536,16
ozks,57344,7
ozks,57344,5
ozks,69632,31
ozks,126976,86
ozks,57344,3
ozks,57344,3
ozks,57344,8
ozks,143360,109
ozks,57344,2
ozks,69632,25
ozks,57344,1
ozks,57344,0
ozks,57344,3
ozks,585728,721
ozks,73728,35
ozks,143360,111
ozks,57344,9
ozks,57344,1
ozks,69632,24
ozks,679936,865
ozks,696320,894
ozks,65536,17
ozks,57344,11
ozks,65536,18
ozks,57344,1
ozks,57344,10
ozks,155648,136
ozks,69632,28
ozks,57344,0
ozks,57344,2
ozks,57344,0
ozks,57344,8
ozks,167936,146
ozks,172032,145
ozks,102400,66
ozks,57344,4
ozks,57344,1
ozks,57344,8
ozks,57344,6
ozks,57344,4
ozks,57344,9
ozks,57344,1
ozks,69632,28
ozks,57344,10
ozks,65536,17
ozks,69632,30
ozks,94208,45
ozks,65536,18
ozks,57344,1
ozks,57344,0
ozks,69632,22
ozks,110592,73
ozks,147456,115
ozks,131072,101
ozks,57344,3
ozks,65536,13
ozks,65536,13
ozks,114688,81
ozks,757760,973
ozks,57344,7
ozks,102400,62
ozks,303104,339
ozks,57344,10
ozks,512000,630
ozks,57344,1
ozks,102400,70
ozks,69632,30
ozks,57344,8
ozks,57344,9
ozks,69632,22
ozks,126976,92
ozks,98304,58
ozks,73728,36
ozks,57344,1
ozks,57344,1
ozks,237568,240
ozks,151552,127
ozks,65536,19
ozks,397312,467
ozks,69632,23
ozks,73728,35
ozks,454656,551
ozks,57344,0
ozks,65536,21
ozks,57344,4
ozks,65536,18
ozks,57344,1
ozks,204800,193
ozks,57344,8
ozks,57344,0
ozks,135168,96
ozks,94208,46
ozks,258048,272
ozks,57344,1
ozks,65536,18
ozks,69632,23
ozks,73728,32
ozks,57344,8
ozks,57344,7
ozks,98304,56
ozks,73728,36
ozks,57344,8
ozks,65536,15
ozks,90112,41
ozks,57344,7
ozks,57344,9
ozks,57344,6
ozks,69632,22
ozks,176128,158
ozks,188416,177
ozks,225280,231
ozks,57344,9
ozks,294912,321
ozks,57344,0
ozks,57344,3
ozks,57344,1
ozks,94208,42
ozks,319488,358
ozks,57344,5
ozks,57344,2
ozks,57344,9
ozks,425984,504
ozks,57344,6
ozks,57344,5
ozks,65536,17
ozks,57344,1
ozks,57344,7
ozks,98304,55
ozks,159744,135
ozks,57344,5
ozks,69632,26
ozks,57344,1
ozks,94208,52
ozks,57344,2
ozks,98304,58
ozks,57344,10
ozks,421888,494
ozks,69632,29
ozks,69632,23
ozks,167936,144
ozks,57344,8
ozks,57344,0
ozks,57344,6
ozks,65536,13
ozks,57344,8
ozks,204800,201
ozks,57344,1
ozks,94208,45
ozks,57344,0
ozks,57344,5
ozks,57344,0
ozks,57344,2
ozks,57344,2
ozks,73728,33
ozks,57344,1
ozks,57344,2
ozks,65536,16
ozks,57344,2
ozks,57344,10
ozks,65536,15
ozks,57344,8
ozks,57344,6
ozks,57344,9
ozks,57344,10
ozks,57344,9
ozks,57344,7
ozks,57344,4
ozks,57344,5
ozks,90112,41
ozks,57344,8
ozks,65536,14
ozks,57344,10
ozks,69632,22
ozks,57344,1
ozks,176128,152
ozks,94208,48
ozks,90112,40
ozks,57344,7
ozks,57344,11
ozks,57344,4
ozks,262144,273
ozks,57344,7
ozks,57344,7
ozks,65536,13
ozks,65536,18
ozks,131072,92
ozks,73728,34
ozks,57344,8
ozks,65536,14
ozks,69632,26
ozks,69632,29
ozks,57344,0
ozks,98304,59
ozks,434176,521
ozks,57344,6
ozks,57344,9
ozks,65536,12
ozks,139264,110
ozks,57344,3
ozks,57344,7
ozks,57344,0
ozks,57344,9
ozks,94208,51
ozks,57344,11
ozks,176128,158
ozks,57344,2
ozks,57344,2
ozks,65536,17
ozks,94208,46
ozks,57344,4
ozks,57344,5
ozks,57344,2
ozks,94208,48
ozks,65536,18
ozks,733184,942
ozks,65536,13
ozks,139264,109
ozks,69632,22
ozks,57344,8
ozks,81920,38
ozks,57344,6
ozks,73728,32
ozks,65536,17
ozks,69632,25
ozks,81920,37
ozks,569344,705
ozks,94208,48
ozks,65536,16
ozks,253952,260
ozks,65536,17
ozks,57344,2
ozks,57344,3
ozks,57344,0
ozks,163840,144
ozks,57344,9
ozks,57344,10
ozks,114688,82
ozks,65536,19
ozks,249856,262
ozks,57344,0
ozks,434176,526
ozks,540672,664
ozks,65536,20
ozks,118784,84
ozks,57344,5
ozks,57344,2
ozks,57344,5
ozks,65536,17
ozks,57344,0
ozks,57344,1
ozks,57344,1
ozks,57344,2
ozks,57344,2
ozks,602112,751
ozks,57344,2
ozks,679936,866
ozks,57344,4
ozks,225280,231
ozks,110592,78
ozks,57344,3
ozks,57344,2
ozks,57344,1
ozks,57344,8
ozks,102400,71
ozks,65536,20
ozks,57344,1
ozks,57344,6
ozks,65536,13
ozks,172032,152
ozks,69632,22
ozks,57344,2
ozks,102400,68
ozks,143360,116
ozks,57344,3
ozks,159744,142
ozks,57344,5
ozks,360448,414
ozks,57344,8
ozks,172032,152
ozks,65536,19
ozks,57344,3
ozks,139264,107
ozks,57344,8
ozks,57344,1
ozks,65536,17
ozks,69632,27
ozks,69632,22
ozks,528384,664
ozks,356352,413
ozks,57344,11
ozks,57344,0
ozks,57344,7
ozks,65536,12
ozks,57344,0
ozks,249856,257
ozks,65536,14
ozks,167936,149
ozks,57344,1
ozks,57344,4
ozks,126976,88
ozks,65536,17
ozks,57344,7
ozks,57344,11
ozks,65536,12
ozks,57344,7
ozks,98304,54
ozks,65536,12
ozks,73728,35
ozks,57344,4
ozks,57344,1
ozks,65536,14
ozks,57344,7
ozks,57344,4
ozks,57344,11
ozks,454656,541
ozks,69632,23
ozks,65536,16
ozks,57344,6
ozks,65536,16
ozks,57344,7
ozks,94208,44
ozks,167936,147
ozks,57344,0
ozks,163840,143
ozks,135168,99
ozks,57344,0
ozks,659456,828
ozks,57344,1
ozks,110592,74
ozks,57344,1
ozks,57344,2
ozks,65536,18
ozks,57344,6
ozks,69632,23
ozks,114688,80
ozks,57344,0
ozks,204800,197
ozks,57344,0
ozks,57344,9
ozks,647168,828
ozks,57344,4
ozks,57344,4
ozks,598016,743
ozks,110592,78
ozks,479232,586
ozks,98304,56
ozks,294912,320
ozks,94208,43
ozks,749568,973
ozks,57344,2
ozks,57344,0
ozks,57344,0
ozks,57344,5
ozks,585728,741
ozks,57344,9
ozks,57344,10
ozks,57344,0
ozks,57344,3
ozks,57344,7
ozks,57344,2
ozks,159744,140
ozks,57344,8
ozks,65536,14
ozks,139264,108
ozks,102400,69
ozks,57344,2
ozks,57344,2
ozks,102400,64
ozks,81920,38
ozks,57344,8
ozks,98304,55
ozks,57344,3
ozks,585728,737
ozks,131072,86
ozks,57344,8
ozks,90112,40
ozks,57344,1
ozks,57344,6
ozks,102400,65
ozks,65536,15
ozks,65536,18
ozks,94208,49
ozks,57344,9
ozks,57344,5
ozks,753664,954
ozks,196608,181
ozks,57344,4
ozks,57344,0
ozks,229376,234
ozks,57344,4
ozks,299008,328
ozks,57344,5
ozks,57344,8
ozks,57344,6
ozks,135168,103
ozks,163840,144
ozks,65536,13
ozks,57344,0
ozks,57344,6
ozks,57344,10
ozks,57344,6
ozks,69632,27
ozks,57344,1
ozks,110592,78
ozks,57344,3
ozks,90112,41
ozks,57344,2
ozks,57344,3
ozks,57344,10
ozks,57344,11
ozks,57344,8
ozks,57344,9
ozks,57344,2
ozks,147456,113
ozks,57344,6
ozks,65536,20
ozks,57344,6
ozks,81920,39
ozks,69632,22
ozks,57344,8
ozks,69632,26
ozks,57344,0
ozks,57344,4
ozks,65536,14
ozks,65536,13
ozks,69632,21
ozks,172032,148
ozks,69632,27
ozks,57344,9
ozks,65536,19
ozks,57344,10
ozks,126976,90
ozks,69632,26
ozks,69632,26
ozks,69632,21
ozks,57344,1
ozks,57344,5
ozks,57344,6
ozks,57344,0
ozks,57344,10
ozks,65536,19
ozks,65536,18
ozks,249856,257
ozks,57344,3
ozks,57344,6
ozks,57344,8
ozks,323584,362
ozks,69632,27
ozks,57344,2
ozks,57344,9
ozks,303104,343
ozks,319488,363
ozks,57344,0
ozks,57344,0
ozks,57344,2
ozks,98304,60
ozks,57344,2
ozks,57344,1
ozks,671744,851
ozks,57344,2
ozks,172032,146
ozks,57344,5
ozks,65536,17
ozks,57344,8
ozks,57344,8
ozks,94208,50
ozks,114688,80
ozks,57344,0
ozks,57344,4
ozks,57344,4
ozks,57344,4
ozks,98304,62
ozks,73728,34
ozks,196608,177
ozks,69632,22
ozks,94208,50
ozks,65536,13
ozks,397312,470
ozks,389120,461
ozks,57344,1
ozks,57344,7
ozks,57344,8
ozks,200704,185
ozks,98304,55
ozks,57344,4
ozks,57344,1
ozks,57344,1
ozks,57344,0
ozks,57344,2
ozks,65536,17
ozks,73728,34
ozks,57344,1
ozks,679936,879
ozks,57344,4
ozks,69632,26
ozks,110592,77
ozks,57344,1
ozks,57344,5
ozks,57344,1
ozks,57344,5
ozks,155648,130
ozks,57344,3
ozks,57344,6
ozks,57344,10
ozks,90112,40
ozks,57344,7
ozks,57344,1
ozks,126976,89
ozks,57344,2
ozks,57344,1
ozks,94208,50
ozks,57344,10
ozks,57344,1
ozks,57344,1
ozks,57344,0
ozks,57344,1
ozks,57344,11
ozks,57344,6
ozks,65536,14
ozks,69632,22
ozks,57344,8
ozks,57344,1
ozks,102400,68
ozks,102400,71
ozks,65536,17
ozks,57344,2
ozks,69632,24
ozks,65536,19
ozks,98304,61
ozks,307200,338
ozks,65536,17
ozks,57344,0
ozks,110592,77
ozks,118784,85
ozks,57344,2
ozks,57344,8
ozks,159744,137
ozks,98304,59
ozks,57344,2
ozks,57344,10
ozks,65536,19
ozks,94208,42
ozks,57344,8
ozks,65536,15
ozks,696320,893
ozks,131072,102
ozks,65536,18
ozks,57344,4
ozks,57344,8
ozks,57344,0
ozks,69632,30
ozks,69632,25
ozks,57344,8
ozks,57344,0
ozks,102400,68
ozks,73728,33
ozks,65536,16
ozks,335872,378
ozks,57344,6
ozks,57344,1
ozks,57344,8
ozks,73728,35
ozks,69632,22
ozks,155648,128
ozks,57344,1
ozks,57344,3
ozks,57344,1
ozks,102400,68
ozks,57344,7
ozks,65536,12
ozks,57344,6
ozks,69632,25
ozks,528384,661
ozks,57344,8
ozks,57344,3
ozks,57344,0
ozks,57344,8
ozks,57344,0
ozks,57344,10
ozks,602112,759
ozks,57344,1
ozks,69632,22
ozks,266240,287
ozks,57344,2
ozks,57344,6
ozks,65536,20
ozks,57344,4
ozks,57344,6
ozks,57344,8
ozks,94208,42
ozks,69632,27
ozks,57344,8
ozks,204800,198
ozks,57344,1
ozks,69632,28
ozks,65536,17
ozks,65536,18
ozks,94208,45
ozks,294912,324
ozks,225280,233
ozks,229376,234
ozks,57344,0
ozks,327680,369
ozks,393216,464
ozks,57344,1
ozks,69632,27
ozks,65536,15
ozks,188416,174
ozks,81920,39
ozks,69632,28
ozks,69632,24
ozks,163840,140
ozks,69632,23
ozks,65536,19
ozks,57344,6
ozks,65536,14
ozks,65536,12
ozks,57344,4
ozks,176128,154
ozks,159744,137
ozks,69632,30
ozks,176128,158
ozks,57344,8
ozks,65536,18
ozks,131072,96
ozks,684032,872
ozks,524288,656
ozks,610304,769
ozks,65536,15
ozks,57344,10
ozks,208896,205
ozks,65536,17
ozks,57344,4
ozks,57344,3
ozks,65536,17
ozks,724992,919
ozks,57344,3
ozks,110592,76
ozks,774144,991
ozks,57344,6
ozks,233472,244
ozks,57344,9
ozks,323584,369
ozks,286720,315
ozks,57344,6
ozks,57344,0
ozks,765952,991
ozks,315392,337
ozks,57344,1
ozks,65536,17
ozks,65536,16
ozks,65536,17
ozks,57344,2
ozks,69632,23
ozks,585728,741
ozks,65536,15
ozks,57344,8
ozks,57344,8
ozks,57344,0
ozks,454656,541
ozks,540672,666
ozks,57344,1
ozks,57344,8
ozks,155648,130
ozks,57344,4
ozks,135168,97
ozks,69632,30
ozks,57344,5
ozks,57344,8
ozks,94208,50
ozks,593920,740
ozks,126976,86
ozks,139264,104
ozks,57344,1
ozks,57344,2
ozks,94208,47
ozks,155648,140
ozks,57344,1
ozks,421888,496
ozks,57344,3
ozks,65536,17
ozks,57344,5
ozks,69632,24
ozks,94208,46
ozks,225280,233
ozks,65536,17
ozks,57344,7
ozks,462848,562
ozks,73728,34
ozks,73728,35
ozks,57344,2
ozks,65536,16
ozks,110592,78
ozks,102400,71
ozks,94208,44
ozks,57344,10
ozks,65536,13
ozks,57344,0
ozks,57344,8
ozks,65536,20
ozks,94208,47
ozks,57344,6
ozks,57344,0
ozks,57344,1
ozks,57344,10
ozks,73728,35
ozks,57344,0
ozks,57344,3
ozks,69632,25
ozks,65536,17
ozks,81920,39
ozks,57344,0
ozks,57344,1
ozks,323584,360
ozks,57344,11
ozks,98304,60
ozks,352256,398
ozks,57344,3
ozks,94208,47
ozks,65536,17
ozks,65536,21
ozks,393216,464
ozks,65536,13
ozks,131072,99
ozks,69632,26
ozks,98304,55
ozks,778240,998
ozks,65536,13
ozks,57344,8
ozks,94208,47
ozks,102400,67
ozks,57344,10
ozks,73728,35
ozks,200704,181
ozks,57344,1
ozks,57344,3
ozks,57344,0
ozks,57344,10
ozks,73728,33
ozks,98304,55
ozks,57344,9
ozks,98304,57
ozks,184320,165
ozks,57344,1
ozks,65536,19
ozks,303104,343
ozks,57344,8
ozks,57344,1
ozks,57344,2
ozks,81920,37
ozks,356352,413
ozks,253952,268
ozks,69632,22
ozks,131072,94
ozks,98304,53
ozks,729088,929
ozks,57344,0
ozks,69632,30
ozks,57344,1
ozks,65536,13
ozks,57344,11
ozks,57344,0
ozks,57344,0
ozks,761856,983
ozks,69632,27
ozks,98304,55
ozks,184320,168
ozks,569344,699
ozks,155648,130
ozks,57344,8
ozks,57344,8
ozks,98304,60
ozks,57344,2
ozks,57344,6
ozks,57344,7
ozks,57344,2
ozks,81920,38
ozks,172032,150
ozks,167936,143
ozks,57344,11
ozks,73728,34
ozks,102400,63
ozks,57344,7
ozks,81920,39
ozks,57344,0
ozks,57344,2
ozks,57344,4
ozks,57344,9
ozks,57344,5
ozks,65536,14
ozks,57344,3
ozks,57344,11
ozks,57344,8
ozks,184320,173
ozks,167936,146
ozks,212992,210
ozks,102400,67
ozks,290816,325
ozks,57344,1
ozks,65536,19
ozks,57344,6
ozks,57344,1
ozks,196608,179
ozks,65536,14
ozks,249856,268
ozks,57344,1
ozks,65536,13
ozks,57344,11
ozks,69632,26
ozks,57344,6
ozks,266240,284
ozks,57344,0
ozks,57344,4
ozks,57344,5
ozks,757760,970
ozks,57344,6
ozks,57344,5
ozks,57344,0
ozks,729088,941
ozks,65536,16
ozks,176128,160
ozks,57344,2
ozks,335872,382
ozks,102400,68
ozks,57344,1
ozks,114688,80
ozks,94208,46
ozks,65536,15
ozks,147456,115
ozks,57344,8
ozks,167936,146
ozks,167936,143
ozks,69632,31
ozks,159744,143
ozks,57344,8
ozks,90112,40
ozks,65536,15
ozks,57344,2
ozks,57344,1
ozks,57344,9
ozks,102400,62
ozks,98304,61
ozks,757760,958
ozks,57344,10
ozks,57344,6
ozks,57344,1
ozks,94208,42
ozks,57344,3
ozks,57344,6
ozks,57344,8
ozks,57344,6
ozks,98304,61
ozks,163840,143
ozks,69632,23
ozks,57344,1
ozks,69632,24
ozks,65536,14
ozks,122880,85
ozks,479232,582
ozks,57344,8
ozks,110592,73
ozks,57344,10
ozks,65536,12
ozks,286720,308
ozks,122880,85
ozks,57344,4
ozks,131072,86
ozks,57344,0
ozks,69632,23
ozks,57344,6
ozks,73728,32
ozks,147456,113
ozks,57344,0
ozks,57344,9
ozks,69632,31
ozks,98304,53
ozks,286720,323
ozks,155648,123
ozks,57344,10
ozks,57344,0
ozks,172032,146
ozks,57344,0
ozks,528384,650
ozks,57344,8
ozks,442368,535
ozks,73728,36
ozks,57344,0
ozks,69632,26
ozks,57344,0
ozks,65536,13
ozks,57344,6
ozks,110592,76
ozks,102400,67
ozks,57344,5
ozks,65536,16
ozks,135168,103
ozks,188416,176
ozks,65536,17
ozks,335872,385
ozks,57344,0
ozks,57344,7
ozks,65536,20
ozks,57344,1
ozks,57344,1
ozks,290816,323
ozks,200704,187
ozks,57344,2
ozks,94208,48
ozks,94208,43
ozks,126976,91
ozks,65536,12
ozks,159744,137
ozks,57344,0
ozks,65536,13
ozks,65536,13
ozks,446464,542
ozks,65536,14
ozks,57344,2
ozks,69632,28
ozks,57344,8
ozks,57344,6
ozks,57344,8
ozks,57344,10
ozks,57344,0
ozks,57344,10
ozks,57344,10
ozks,57344,8
ozks,131072,97
ozks,65536,13
ozks,94208,43
ozks,155648,125
ozks,159744,136
ozks,57344,7
ozks,495616,601
ozks,57344,10
ozks,172032,149
ozks,65536,18
ozks,65536,12
ozks,98304,62
ozks,65536,12
ozks,114688,80
ozks,65536,15
ozks,65536,17
ozks,57344,9
ozks,102400,71
ozks,159744,134
ozks,57344,2
ozks,57344,8
ozks,163840,147
ozks,65536,12
ozks,102400,70
ozks,57344,0
ozks,73728,32
ozks,57344,4
ozks,98304,56
ozks,176128,154
ozks,98304,58
ozks,65536,17
ozks,57344,6
ozks,102400,62
ozks,57344,3
ozks,57344,0
ozks,65536,16
ozks,57344,8
ozks,57344,4
ozks,57344,2
ozks,57344,0
ozks,311296,350
ozks,90112,41
ozks,69632,31
ozks,81920,39
ozks,57344,5
ozks,102400,69
ozks,57344,8
ozks,57344,4
ozks,94208,42
ozks,57344,2
ozks,57344,1
ozks,57344,0
ozks,102400,64
ozks,69632,24
ozks,57344,2
ozks,57344,5
ozks,69632,28
ozks,299008,328
ozks,65536,18
ozks,57344,0
ozks,57344,11
ozks,65536,18
ozks,65536,17
ozks,57344,2
ozks,208896,195
ozks,65536,14
ozks,57344,9
ozks,57344,10
ozks,57344,4
ozks,57344,9
ozks,417792,500
ozks,57344,7
ozks,57344,3
ozks,65536,17
ozks,94208,47
ozks,139264,105
ozks,94208,43
ozks,131072,98
ozks,57344,5
ozks,65536,12
ozks,651264,822
ozks,98304,62
ozks,98304,61
ozks,65536,13
ozks,57344,7
ozks,57344,3
ozks,110592,78
ozks,65536,17
ozks,57344,0
ozks,155648,126
ozks,94208,42
ozks,57344,3
ozks,57344,0
ozks,167936,147
ozks,98304,59
ozks,57344,9
ozks,57344,7
ozks,274432,284
ozks,57344,9
ozks,57344,1
ozks,57344,9
ozks,57344,4
ozks,57344,9
ozks,65536,17
ozks,57344,1
ozks,69632,28
ozks,57344,8
ozks,65536,20
ozks,159744,140
ozks,360448,413
ozks,57344,5
ozks,57344,5
ozks,57344,10
ozks,94208,49
ozks,65536,13
ozks,65536,20
ozks,151552,122
ozks,65536,14
ozks,131072,86
ozks,143360,111
ozks,57344,5
ozks,94208,47
ozks,57344,1
ozks,131072,100
ozks,57344,4
ozks,57344,1
ozks,57344,3
ozks,94208,43
ozks,65536,17
ozks,57344,8
ozks,57344,1
ozks,57344,9
ozks,57344,3
ozks,57344,11
ozks,69632,30
ozks,57344,3
ozks,172032,152
ozks,335872,382
ozks,57344,1
ozks,65536,13
ozks,167936,146
ozks,57344,4
ozks,102400,67
ozks,69632,21
ozks,73728,34
ozks,585728,734
ozks,57344,6
ozks,507904,634
ozks,65536,17
ozks,110592,73
ozks,57344,8
ozks,57344,5
ozks,57344,2
ozks,90112,42
ozks,57344,4
ozks,65536,13
ozks,389120,456
ozks,159744,139
ozks,126976,89
ozks,57344,5
ozks,57344,9
ozks,57344,1
ozks,57344,0
ozks,57344,0
ozks,69632,30
ozks,57344,7
ozks,110592,79
ozks,98304,58
ozks,57344,2
ozks,57344,7
ozks,57344,0
ozks,65536,16
ozks,57344,1
ozks,57344,4
ozks,57344,9
ozks,57344,9
ozks,57344,0
ozks,57344,0
ozks,57344,6
ozks,159744,134
ozks,65536,13
ozks,57344,5
ozks,57344,4
ozks,94208,47
ozks,57344,2
ozks,57344,7
ozks,155648,130
ozks,393216,464
ozks,57344,4
ozks,65536,19
ozks,57344,0
ozks,57344,8
ozks,290816,308
ozks,73728,36
ozks,65536,17
ozks,57344,6
ozks,69632,30
ozks,57344,3
ozks,638976,801
ozks,57344,1
ozks,57344,5
ozks,65536,17
ozks,233472,240
ozks,229376,234
ozks,65536,13
ozks,172032,149
ozks,57344,1
ozks,65536,14
ozks,57344,6
ozks,57344,1
ozks,655360,830
ozks,57344,1
ozks,118784,82
ozks,69632,29
ozks,57344,6
ozks,98304,52
ozks,57344,8
ozks,57344,5
ozks,57344,8
ozks,69632,23
ozks,155648,129
ozks,94208,48
ozks,94208,44
ozks,69632,25
ozks,163840,140
ozks,65536,17
ozks,57344,9
ozks,57344,8
ozks,290816,324
ozks,102400,69
ozks,65536,13
ozks,69632,24
ozks,57344,3
ozks,102400,69
ozks,98304,58
ozks,126976,86
ozks,57344,4
ozks,716800,903
ozks,65536,16
ozks,57344,8
ozks,65536,30
ozks,135168,93
ozks,65536,20
ozks,57344,0
ozks,65536,13
ozks,65536,13
ozks,139264,109
ozks,65536,13
ozks,512000,633
ozks,790528,1000
ozks,57344,9
ozks,57344,8
ozks,57344,1
ozks,126976,88
ozks,57344,6
ozks,73728,34
ozks,81920,39
ozks,57344,0
ozks,57344,10
ozks,65536,14
ozks,57344,4
ozks,233472,241
ozks,155648,128
ozks,57344,0
ozks,57344,4
ozks,57344,2
ozks,57344,10
ozks,700416,901
ozks,69632,29
ozks,69632,28
ozks,57344,9
ozks,57344,9
ozks,167936,149
ozks,147456,121
ozks,155648,129
ozks,159744,140
ozks,417792,500
ozks,90112,41
ozks,151552,124
ozks,65536,13
ozks,69632,24
ozks,65536,21
ozks,69632,28
ozks,200704,181
ozks,69632,25
ozks,65536,15
ozks,57344,0
ozks,94208,42
ozks,69632,30
ozks,745472,954
ozks,57344,2
ozks,159744,141
ozks,176128,158
ozks,249856,262
ozks,57344,4
ozks,57344,1
ozks,57344,1
ozks,176128,159
ozks,57344,1
ozks,57344,0
ozks,57344,3
ozks,69632,26
ozks,94208,49
ozks,102400,71
ozks,69632,26
ozks,65536,19
ozks,139264,107
ozks,57344,8
ozks,57344,1
ozks,307200,344
ozks,98304,54
ozks,65536,18
ozks,73728,35
ozks,69632,29
ozks,69632,23
ozks,57344,1
ozks,172032,153
ozks,69632,21
ozks,434176,522
ozks,65536,13
ozks,110592,79
ozks,57344,1
ozks,98304,58
ozks,57344,3
ozks,57344,10
ozks,208896,205
ozks,290816,314
ozks,126976,88
ozks,98304,56
ozks,57344,4
ozks,143360,110
ozks,57344,9
ozks,57344,5
ozks,90112,41
ozks,57344,8
ozks,94208,44
ozks,163840,143
ozks,69632,27
ozks,536576,669
ozks,69632,24
ozks,708608,895
ozks,98304,55
ozks,57344,11
ozks,102400,65
ozks,356352,410
ozks,102400,70
ozks,544768,679
ozks,57344,6
ozks,57344,7
ozks,57344,0
ozks,57344,2
ozks,65536,16
ozks,94208,45
ozks,57344,4
ozks,65536,21
ozks,102400,71
ozks,98304,62
ozks,57344,0
ozks,69632,23
ozks,73728,36
ozks,94208,47
ozks,57344,3
ozks,143360,110
ozks,57344,0
ozks,339968,389
ozks,57344,4
ozks,81920,39
ozks,57344,4
ozks,69632,26
ozks,94208,51
ozks,57344,8
ozks,94208,47
ozks,94208,43
ozks,57344,9
ozks,57344,6
ozks,57344,7
ozks,131072,88
ozks,69632,28
ozks,57344,2
ozks,57344,10
ozks,65536,18
ozks,57344,4
ozks,57344,2
ozks,57344,10
ozks,57344,2
ozks,57344,11
ozks,192512,173
ozks,94208,50
ozks,102400,65
ozks,57344,3
ozks,196608,175
ozks,471040,574
ozks,57344,1
ozks,126976,86
ozks,69632,25
ozks,69632,27
ozks,552960,672
ozks,57344,9
ozks,81920,39
ozks,360448,420
ozks,57344,8
ozks,405504,473
ozks,69632,31
ozks,94208,42
ozks,65536,13
ozks,57344,3
ozks,57344,11
ozks,98304,57
ozks,57344,4
ozks,569344,700
ozks,57344,3
ozks,65536,17
ozks,102400,62
ozks,69632,31
ozks,81920,37
ozks,65536,18
ozks,57344,2
ozks,65536,18
ozks,65536,19
ozks,57344,8
ozks,110592,74
ozks,57344,4
ozks,94208,46
ozks,397312,470
ozks,57344,1
ozks,98304,52
ozks,421888,498
ozks,135168,95
ozks,65536,19
ozks,57344,0
ozks,65536,18
ozks,466944,569
ozks,139264,105
ozks,65536,14
ozks,126976,90
ozks,57344,6
ozks,57344,6
ozks,57344,9
ozks,98304,60
ozks,98304,53
ozks,57344,3
ozks,57344,2
ozks,57344,2
ozks,315392,352
ozks,65536,12
ozks,57344,5
ozks,126976,86
ozks,98304,60
ozks,73728,36
ozks,57344,0
ozks,311296,351
ozks,102400,68
ozks,180224,164
ozks,57344,0
ozks,57344,1
ozks,57344,7
ozks,65536,17
ozks,57344,9
ozks,57344,9
ozks,57344,9
ozks,57344,7
ozks,57344,1
ozks,167936,150
ozks,57344,8
ozks,360448,418
ozks,90112,40
ozks,57344,0
ozks,57344,6
ozks,65536,17
ozks,614400,768
ozks,57344,1
ozks,57344,1
ozks,65536,14
ozks,73728,35
ozks,155648,141
ozks,94208,42
ozks,57344,3
ozks,65536,17
ozks,57344,10
ozks,57344,1
ozks,57344,1
ozks,57344,2
ozks,57344,9
ozks,176128,158
ozks,98304,60
ozks,57344,6
ozks,253952,273
ozks,57344,10
ozks,618496,769
ozks,57344,6
ozks,57344,8
ozks,188416,173
ozks,57344,9
ozks,81920,38
ozks,163840,140
ozks,69632,22
ozks,57344,8
ozks,606208,763
ozks,57344,3
ozks,57344,1
ozks,57344,9
ozks,765952,991
ozks,90112,41
ozks,57344,7
ozks,57344,1
ozks,65536,20
ozks,69632,31
ozks,69632,27
ozks,57344,3
ozks,172032,147
ozks,57344,2
ozks,57344,5
ozks,57344,0
ozks,57344,0
ozks,114688,81
ozks,110592,79
ozks,155648,138
ozks,102400,72
ozks,57344,4
ozks,57344,2
ozks,421888,498
ozks,253952,270
ozks,65536,17
ozks,69632,30
ozks,57344,2
ozks,57344,1
ozks,57344,8
ozks,57344,1
ozks,69632,27
ozks,57344,9
ozks,57344,9
ozks,69632,26
ozks,176128,162
ozks,65536,16
ozks,163840,140
ozks,57344,3
ozks,57344,1
ozks,135168,107
ozks,65536,20
ozks,57344,0
ozks,57344,5
ozks,73728,36
ozks,57344,2
ozks,57344,9
ozks,69632,27
ozks,57344,5
ozks,143360,110
ozks,94208,49
ozks,57344,3
ozks,57344,11
ozks,57344,8
ozks,139264,106
ozks,57344,8
ozks,499712,606
ozks,81920,37
ozks,57344,1
ozks,57344,2
ozks,65536,14
ozks,57344,9
ozks,69632,29
ozks,57344,8
ozks,65536,17
ozks,57344,6
ozks,135168,103
ozks,57344,8
ozks,110592,77
ozks,65536,16
ozks,90112,41
ozks,73728,35
ozks,139264,110
ozks,65536,18
ozks,57344,0
ozks,65536,17
ozks,237568,241
ozks,221184,218
ozks,176128,160
ozks,110592,79
ozks,458752,541
ozks,94208,48
ozks,57344,2
ozks,65536,18
ozks,184320,165
ozks,65536,17
ozks,102400,67
ozks,98304,56
ozks,57344,0
ozks,65536,17
ozks,159744,134
ozks,57344,1
ozks,94208,48
ozks,57344,2
ozks,57344,1
ozks,114688,81
ozks,65536,17
ozks,57344,7
ozks,69632,27
ozks,167936,144
ozks,57344,9
ozks,155648,133
ozks,57344,0
ozks,57344,8
ozks,57344,0
ozks,155648,131
ozks,57344,4
ozks,270336,291
ozks,57344,8
ozks,57344,1
ozks,57344,7
ozks,303104,339
ozks,57344,0
ozks,57344,3
ozks,57344,7
ozks,57344,2
ozks,57344,2
ozks,57344,1
ozks,69632,26
ozks,57344,5
ozks,98304,55
ozks,57344,6
ozks,69632,23
ozks,57344,3
ozks,98304,59
ozks,57344,7
ozks,172032,150
ozks,57344,8
ozks,69632,22
ozks,57344,6
ozks,65536,16
ozks,69632,27
ozks,57344,0
ozks,204800,192
ozks,57344,10
ozks,274432,302
ozks,57344,0
ozks,770048,991
ozks,188416,174
ozks,65536,14
ozks,258048,260
ozks,57344,1
ozks,98304,61
ozks,57344,3
ozks,110592,78
ozks,110592,78
ozks,286720,312
ozks,57344,6
ozks,94208,51
ozks,57344,10
ozks,274432,304
ozks,57344,1
ozks,57344,3
ozks,57344,8
ozks,454656,541
ozks,290816,325
ozks,57344,8
ozks,57344,0
ozks,65536,17
ozks,188416,173
ozks,57344,4
ozks,65536,15
ozks,94208,45
ozks,57344,4
ozks,352256,399
ozks,135168,108
ozks,57344,1
ozks,81920,37
ozks,94208,50
ozks,65536,13
ozks,294912,328
ozks,57344,3
ozks,69632,28
ozks,102400,69
ozks,73728,35
ozks,57344,11
ozks,114688,80
ozks,57344,1
ozks,73728,32
ozks,65536,16
ozks,57344,4
ozks,57344,8
ozks,98304,52
ozks,69632,23
ozks,94208,44
ozks,57344,8
ozks,131072,93
ozks,57344,0
ozks,65536,15
ozks,57344,6
ozks,65536,19
ozks,57344,4
ozks,167936,149
ozks,65536,19
ozks,57344,2
ozks,57344,1
ozks,57344,5
ozks,69632,28
ozks,696320,895
ozks,131072,97
ozks,57344,7
ozks,57344,6
ozks,98304,53
ozks,110592,76
ozks,57344,9
ozks,368640,429
ozks,57344,3
ozks,57344,0
ozks,139264,107
ozks,69632,28
ozks,65536,20
ozks,135168,93
ozks,57344,3
ozks,57344,0
ozks,69632,27
ozks,57344,8
ozks,557056,683
ozks,57344,5
ozks,57344,5
ozks,57344,1
ozks,57344,1
ozks,65536,14
ozks,98304,60
ozks,69632,24
ozks,237568,240
ozks,57344,1
ozks,57344,6
ozks,180224,170
ozks,73728,35
ozks,65536,13
ozks,172032,149
ozks,65536,13
ozks,57344,5
ozks,57344,10
ozks,57344,2
ozks,57344,1
ozks,69632,23
ozks,102400,70
ozks,65536,16
ozks,245760,250
ozks,57344,8
ozks,57344,7
ozks,581632,732
ozks,57344,11
ozks,57344,11
ozks,57344,6
ozks,69632,26
ozks,57344,6
ozks,65536,12
ozks,151552,119
ozks,274432,303
ozks,65536,20
ozks,57344,1
ozks,57344,10
ozks,57344,3
ozks,143360,111
ozks,151552,132
ozks,57344,8
ozks,65536,17
ozks,57344,4
ozks,176128,153
ozks,225280,231
ozks,356352,409
ozks,90112,40
ozks,57344,10
ozks,57344,8
ozks,65536,18
ozks,176128,157
ozks,57344,11
ozks,57344,9
ozks,57344,6
ozks,69632,28
ozks,57344,7
ozks,176128,160
ozks,57344,3
ozks,114688,80
ozks,57344,5
ozks,57344,8
ozks,385024,456
ozks,57344,3
ozks,57344,0
ozks,69632,22
ozks,69632,30
ozks,106496,72
ozks,57344,7
ozks,57344,7
ozks,57344,9
ozks,73728,36
ozks,65536,12
ozks,69632,22
ozks,73728,36
ozks,94208,50
ozks,57344,11
ozks,57344,0
ozks,65536,17
ozks,57344,0
ozks,57344,3
ozks,65536,15
ozks,69632,28
ozks,65536,13
ozks,94208,43
ozks,57344,1
ozks,57344,5
ozks,65536,15
ozks,65536,17
ozks,69632,30
ozks,57344,8
ozks,57344,10
ozks,69632,27
ozks,69632,26
ozks,57344,3
ozks,163840,140
ozks,57344,1
ozks,81920,39
ozks,81920,37
ozks,65536,12
ozks,73728,33
ozks,131072,97
ozks,135168,94
ozks,57344,10
ozks,57344,3
ozks,57344,10
ozks,577536,729
ozks,151552,120
ozks,69632,24
ozks,57344,1
ozks,57344,8
ozks,155648,131
ozks,663552,830
ozks,65536,15
ozks,57344,9
ozks,65536,13
ozks,73728,36
ozks,57344,9
ozks,65536,17
ozks,65536,13
ozks,65536,17
ozks,65536,17
ozks,57344,3
ozks,172032,147
ozks,57344,5
ozks,57344,2
ozks,135168,106
ozks,57344,7
ozks,57344,0
ozks,57344,11
ozks,57344,0
ozks,65536,15
ozks,57344,2
ozks,69632,25
ozks,65536,18
ozks,57344,6
ozks,57344,3
ozks,163840,145
ozks,57344,8
ozks,57344,8
ozks,126976,90
ozks,57344,8
ozks,98304,52
ozks,172032,146
ozks,94208,45
ozks,249856,261
ozks,57344,0
ozks,57344,2
ozks,102400,65
ozks,69632,26
ozks,57344,2
ozks,57344,0
ozks,57344,5
ozks,94208,50
ozks,81920,37
ozks,94208,43
ozks,57344,1
ozks,102400,69
ozks,172032,146
ozks,147456,117
ozks,57344,8
ozks,688128,876
ozks,57344,1
ozks,151552,124
ozks,57344,11
ozks,139264,104
ozks,225280,216
ozks,57344,10
ozks,57344,1
ozks,139264,106
ozks,94208,50
ozks,57344,1
ozks,69632,29
ozks,143360,114
ozks,307200,327
ozks,311296,352
ozks,94208,48
ozks,57344,8
ozks,212992,201
ozks,57344,1
ozks,65536,12
ozks,57344,8
ozks,102400,71
ozks,65536,15
ozks,151552,119
ozks,69632,25
ozks,57344,8
ozks,57344,0
ozks,57344,2
ozks,65536,17
ozks,57344,6
ozks,102400,70
ozks,294912,324
ozks,57344,2
ozks,98304,58
ozks,69632,24
ozks,57344,3
ozks,294912,324
ozks,155648,131
ozks,73728,32
ozks,57344,0
ozks,57344,8
ozks,73728,36
ozks,65536,12
ozks,57344,5
ozks,57344,1
ozks,57344,3
ozks,57344,1
ozks,65536,17
ozks,57344,5
ozks,69632,23
ozks,69632,27
ozks,57344,0
ozks,57344,2
ozks,57344,1
ozks,57344,1
ozks,155648,129
ozks,159744,137
ozks,65536,17
ozks,73728,36
ozks,57344,9
ozks,163840,140
ozks,57344,8
ozks,57344,8
ozks,69632,31
ozks,442368,537
ozks,57344,1
ozks,135168,100
ozks,184320,171
ozks,57344,8
ozks,524288,642
ozks,57344,0
ozks,675840,852
ozks,90112,40
ozks,503808,630
ozks,81920,37
ozks,200704,188
ozks,81920,38
ozks,57344,8
ozks,65536,20
ozks,118784,83
ozks,57344,5
ozks,98304,54
ozks,98304,60
ozks,57344,1
ozks,57344,11
ozks,94208,42
ozks,323584,366
ozks,57344,0
ozks,65536,21
ozks,57344,2
ozks,143360,111
ozks,57344,3
ozks,65536,13
ozks,102400,67
ozks,73728,33
ozks,69632,25
ozks,135168,95
ozks,57344,4
ozks,57344,0
ozks,57344,11
ozks,102400,68
ozks,57344,2
ozks,65536,14
ozks,344064,389
ozks,69632,29
ozks,102400,70
ozks,172032,147
ozks,73728,34
ozks,57344,0
ozks,69632,25
ozks,65536,21
ozks,57344,3
ozks,57344,8
ozks,143360,109
ozks,69632,23
ozks,81920,38
ozks,57344,6
ozks,57344,4
ozks,69632,22
ozks,57344,0
ozks,172032,146
ozks,69632,29
ozks,57344,8
ozks,57344,7
ozks,57344,4
ozks,57344,10
ozks,204800,201
ozks,57344,11
ozks,69632,25
ozks,102400,69
ozks,57344,5
ozks,57344,1
ozks,94208,51
ozks,57344,0
ozks,65536,18
ozks,57344,2
ozks,69632,28
ozks,69632,21
ozks,57344,9
ozks,98304,52
ozks,303104,341
ozks,65536,12
ozks,57344,4
ozks,57344,8
ozks,397312,464
ozks,233472,231
ozks,57344,2
ozks,57344,1
ozks,57344,0
ozks,65536,13
ozks,57344,3
ozks,135168,92
ozks,57344,4
ozks,98304,56
ozks,98304,58
ozks,94208,45
ozks,57344,0
ozks,69632,24
ozks,98304,58
ozks,57344,7
ozks,565248,712
ozks,102400,66
ozks,290816,324
ozks,65536,15
ozks,499712,612
ozks,57344,7
ozks,94208,47
ozks,57344,0
ozks,57344,11
ozks,94208,51
ozks,282624,311
ozks,65536,12
ozks,57344,3
ozks,290816,313
ozks,57344,1
ozks,57344,1
ozks,57344,1
ozks,57344,1
ozks,57344,4
ozks,69632,31
ozks,155648,130
ozks,65536,17
ozks,69632,30
ozks,57344,9
ozks,57344,1
ozks,159744,139
ozks,57344,6
ozks,94208,49
ozks,57344,1
ozks,57344,7
ozks,57344,10
ozks,98304,54
ozks,57344,0
ozks,57344,4
ozks,57344,4
ozks,57344,2
ozks,720896,926
ozks,57344,0
ozks,458752,561
ozks,692224,859
ozks,57344,1
ozks,57344,9
ozks,57344,0
ozks,200704,193
ozks,57344,10
ozks,65536,17
ozks,57344,0
ozks,90112,41
ozks,90112,40
ozks,65536,14
ozks,57344,6
ozks,98304,54
ozks,57344,4
ozks,65536,17
ozks,110592,81
ozks,65536,18
ozks,57344,6
ozks,98304,59
ozks,57344,8
ozks,139264,107
ozks,225280,233
ozks,143360,111
ozks,81920,37
ozks,65536,18
ozks,81920,37
ozks,57344,1
ozks,57344,8
ozks,110592,74
ozks,69632,24
ozks,57344,0
ozks,159744,143
ozks,94208,50
ozks,135168,94
ozks,69632,28
ozks,102400,70
ozks,57344,1
ozks,159744,133
ozks,57344,1
ozks,57344,8
ozks,57344,0
ozks,131072,94
ozks,94208,44
ozks,57344,3
ozks,65536,19
ozks,65536,19
ozks,57344,3
ozks,57344,11
ozks,69632,28
ozks,57344,2
ozks,98304,58
ozks,147456,117
ozks,65536,12
ozks,65536,18
ozks,102400,62
ozks,135168,93
ozks,57344,9
ozks,57344,2
ozks,57344,2
ozks,290816,325
ozks,69632,23
ozks,135168,93
ozks,73728,33
ozks,73728,35
ozks,57344,1
ozks,57344,9
ozks,57344,3
ozks,57344,9
ozks,102400,65
ozks,57344,1
ozks,57344,1
ozks,57344,3
ozks,57344,2
ozks,65536,21
ozks,57344,0
ozks,65536,12
ozks,69632,26
ozks,307200,352
ozks,57344,5
ozks,106496,72
ozks,57344,3
ozks,159744,137
ozks,57344,3
ozks,57344,0
ozks,57344,9
ozks,57344,0
ozks,57344,3
ozks,94208,47
ozks,57344,1
ozks,57344,1
ozks,57344,9
ozks,57344,1
ozks,69632,29
ozks,57344,3
ozks,135168,99
ozks,57344,3
ozks,65536,12
ozks,57344,9
ozks,57344,8
ozks,454656,541
ozks,57344,10
ozks,770048,997
ozks,102400,66
ozks,65536,18
ozks,57344,2
ozks,57344,3
ozks,69632,25
ozks,73728,34
ozks,208896,205
ozks,745472,953
ozks,241664,246
ozks,65536,12
ozks,98304,59
ozks,180224,165
ozks,65536,17
ozks,548864,690
ozks,73728,35
ozks,65536,12
ozks,57344,5
ozks,57344,2
ozks,57344,5
ozks,65536,14
ozks,65536,17
ozks,421888,502
ozks,57344,1
ozks,57344,10
ozks,65536,13
ozks,57344,3
ozks,57344,1
ozks,65536,19
ozks,65536,18
ozks,57344,1
ozks,65536,14
ozks,94208,44
ozks,184320,173
ozks,57344,8
ozks,57344,8
ozks,65536,18
ozks,57344,0
ozks,65536,15
ozks,192512,176
ozks,73728,35
ozks,65536,12
ozks,65536,17
ozks,65536,21
ozks,57344,0
ozks,57344,3
ozks,69632,27
ozks,69632,26
ozks,483328,582
ozks,57344,3
ozks,69632,23
ozks,57344,10
ozks,69632,27
ozks,204800,201
ozks,65536,17
ozks,69632,24
ozks,180224,164
ozks,65536,19
ozks,217088,206
ozks,98304,54
ozks,57344,9
ozks,57344,1
ozks,57344,0
ozks,266240,280
ozks,57344,8
ozks,151552,129
ozks,102400,67
ozks,57344,11
ozks,253952,264
ozks,57344,0
ozks,73728,32
ozks,69632,21
ozks,57344,6
ozks,290816,325
ozks,159744,137
ozks,57344,0
ozks,57344,5
ozks,65536,14
ozks,57344,0
ozks,65536,20
ozks,114688,80
ozks,57344,3
ozks,155648,133
ozks,57344,1
ozks,57344,10
ozks,483328,595
ozks,589824,737
ozks,65536,13
ozks,57344,3
ozks,69632,26
ozks,57344,3
ozks,57344,2
ozks,69632,31
ozks,159744,135
ozks,73728,34
ozks,57344,8
ozks,131072,102
ozks,65536,17
ozks,151552,119
ozks,57344,1
ozks,65536,17
ozks,57344,8
ozks,69632,25
ozks,57344,9
ozks,69632,26
ozks,57344,8
ozks,122880,82
ozks,69632,23
ozks,57344,2
ozks,65536,12
ozks,163840,143
ozks,446464,541
ozks,57344,0
ozks,57344,0
ozks,159744,136
ozks,163840,140
ozks,172032,147
ozks,57344,8
ozks,57344,9
ozks,57344,0
ozks,65536,12
ozks,65536,20
ozks,126976,88
ozks,98304,56
ozks,57344,2
ozks,57344,7
ozks,57344,10
ozks,348160,397
ozks,81920,39
ozks,57344,1
ozks,94208,47
ozks,94208,50
ozks,65536,14
ozks,57344,0
ozks,524288,650
ozks,65536,17
ozks,94208,47
ozks,57344,1
ozks,94208,50
ozks,73728,34
ozks,57344,3
ozks,417792,485
ozks,147456,116
ozks,57344,4
ozks,335872,383
ozks,57344,8
ozks,65536,13
ozks,155648,141
ozks,204800,201
ozks,57344,2
ozks,69632,31
ozks,98304,58
ozks,118784,80
ozks,81920,39
ozks,65536,12
ozks,57344,1
ozks,94208,51
ozks,69632,22
ozks,69632,29
ozks,159744,139
ozks,159744,134
ozks,98304,55
ozks,57344,0
ozks,57344,11
ozks,98304,59
ozks,167936,153
ozks,65536,21
ozks,126976,91
ozks,73728,34
ozks,57344,9
ozks,102400,63
ozks,57344,7
ozks,57344,3
ozks,57344,3
ozks,57344,9
ozks,57344,2
ozks,65536,17
ozks,57344,6
ozks,57344,2
ozks,454656,547
ozks,57344,2
ozks,225280,227
ozks,176128,158
ozks,57344,10
ozks,57344,3
ozks,102400,69
ozks,57344,7
ozks,65536,16
ozks,57344,1
ozks,81920,39
ozks,57344,0
ozks,102400,64
ozks,57344,4
ozks,73728,35
ozks,131072,97
ozks,57344,4
ozks,65536,20
ozks,581632,731
ozks,65536,20
ozks,57344,4
ozks,98304,59
ozks,57344,6
ozks,57344,4
ozks,90112,40
ozks,57344,6
ozks,159744,134
ozks,94208,43
ozks,57344,9
ozks,57344,0
ozks,69632,26
ozks,282624,302
ozks,69632,28
ozks,69632,22
ozks,434176,521
ozks,57344,10
ozks,73728,34
ozks,126976,88
ozks,151552,127
ozks,57344,4
ozks,98304,54
ozks,65536,20
ozks,57344,5
ozks,57344,8
ozks,57344,3
ozks,360448,417
ozks,69632,31
ozks,57344,0
ozks,57344,8
ozks,163840,140
ozks,65536,21
ozks,57344,5
ozks,69632,23
ozks,65536,14
ozks,102400,67
ozks,94208,45
ozks,204800,197
ozks,69632,22
ozks,57344,9
ozks,57344,1
ozks,348160,405
ozks,57344,6
ozks,98304,54
ozks,57344,6
ozks,57344,1
ozks,69632,27
ozks,204800,187
ozks,155648,130
ozks,57344,0
ozks,57344,7
ozks,65536,19
ozks,57344,8
ozks,65536,17
ozks,57344,9
ozks,57344,7
ozks,159744,134
ozks,253952,274
ozks,81920,37
ozks,73728,35
ozks,282624,311
ozks,327680,358
ozks,114688,80
ozks,151552,120
ozks,176128,157
ozks,57344,5
ozks,245760,254
ozks,57344,0
ozks,155648,138
ozks,57344,7
ozks,200704,193
ozks,532480,664
ozks,65536,17
ozks,65536,12
ozks,200704,189
ozks,139264,104
ozks,69632,25
ozks,65536,13
ozks,57344,4
ozks,131072,93
ozks,94208,45
ozks,57344,8
ozks,57344,9
ozks,57344,0
ozks,65536,15
ozks,307200,343
ozks,69632,25
ozks,159744,140
ozks,65536,13
ozks,102400,66
ozks,57344,1
ozks,57344,8
ozks,69632,25
ozks,57344,3
ozks,73728,35
ozks,57344,0
ozks,57344,0
ozks,57344,1
ozks,57344,5
ozks,69632,23
ozks,90112,41
ozks,81920,39
ozks,57344,3
ozks,57344,5
ozks,155648,124
ozks,57344,5
ozks,57344,3
ozks,57344,1
ozks,679936,862
ozks,98304,61
ozks,57344,1
ozks,143360,116
ozks,57344,10
ozks,69632,25
ozks,57344,7
ozks,98304,56
ozks,57344,0
ozks,65536,13
ozks,94208,47
ozks,57344,8
ozks,57344,3
ozks,69632,24
ozks,57344,5
ozks,65536,13
ozks,65536,15
ozks,57344,7
ozks,73728,32
ozks,57344,8
ozks,106496,72
ozks,163840,139
ozks,57344,0
ozks,57344,9
ozks,57344,9
ozks,110592,75
ozks,73728,33
ozks,614400,769
ozks,57344,8
ozks,57344,0
ozks,57344,0
ozks,57344,4
ozks,57344,1
ozks,57344,2
ozks,98304,55
ozks,57344,4
ozks,155648,130
ozks,155648,131
ozks,57344,7
ozks,98304,52
ozks,65536,17
ozks,57344,2
ozks,57344,6
ozks,69632,23
ozks,69632,24
ozks,57344,8
ozks,69632,26
ozks,57344,1
ozks,57344,2
ozks,65536,17
ozks,110592,77
ozks,57344,4
ozks,57344,2
ozks,167936,147
ozks,98304,56
ozks,57344,10
ozks,73728,34
ozks,65536,15
ozks,57344,3
ozks,69632,22
ozks,57344,4
ozks,57344,1
ozks,65536,18
ozks,684032,872
ozks,98304,58
ozks,57344,0
ozks,65536,18
ozks,98304,58
ozks,57344,0
ozks,167936,152
ozks,118784,84
ozks,69632,31
ozks,57344,4
ozks,65536,12
ozks,155648,123
ozks,65536,15
ozks,69632,27
ozks,495616,613
ozks,57344,10
ozks,57344,5
ozks,73728,35
ozks,512000,624
ozks,69632,25
ozks,57344,8
ozks,69632,23
ozks,65536,14
ozks,57344,4
ozks,57344,7
ozks,57344,1
ozks,102400,67
ozks,94208,43
ozks,143360,116
ozks,155648,139
ozks,57344,2
ozks,57344,7
ozks,73728,35
ozks,57344,10
ozks,139264,109
ozks,94208,43
ozks,94208,43
ozks,57344,4
ozks,65536,14
ozks,65536,18
ozks,57344,3
ozks,57344,1
ozks,57344,4
ozks,57344,9
ozks,98304,56
ozks,520192,642
ozks,69632,29
ozks,159744,140
ozks,110592,75
ozks,69632,24
ozks,241664,250
ozks,57344,3
ozks,57344,3
ozks,98304,55
ozks,98304,56
ozks,65536,21
ozks,57344,1
ozks,65536,21
ozks,57344,3
ozks,57344,8
ozks,114688,80
ozks,114688,80
ozks,57344,5
ozks,57344,1
ozks,65536,17
ozks,57344,9
ozks,626688,807
ozks,57344,6
ozks,57344,4
ozks,57344,0
ozks,94208,42
ozks,65536,19
ozks,57344,7
ozks,57344,3
ozks,57344,0
ozks,65536,20
ozks,57344,7
ozks,57344,9
ozks,94208,42
ozks,57344,1
ozks,94208,48
ozks,57344,4
ozks,65536,13
ozks,65536,18
ozks,57344,8
ozks,94208,50
ozks,57344,1
ozks,57344,6
ozks,57344,0
ozks,57344,4
ozks,65536,14
ozks,65536,19
ozks,65536,15
ozks,65536,14
ozks,69632,24
ozks,94208,45
ozks,229376,233
ozks,57344,1
ozks,331776,383
ozks,94208,44
ozks,286720,325
ozks,65536,19
ozks,69632,25
ozks,57344,2
ozks,57344,4
ozks,65536,17
ozks,65536,21
ozks,57344,3
ozks,73728,32
ozks,57344,3
ozks,57344,10
ozks,155648,127
ozks,57344,7
ozks,65536,12
ozks,65536,19
ozks,65536,21
ozks,57344,10
ozks,110592,78
ozks,69632,23
ozks,69632,27
ozks,65536,18
ozks,573440,715
ozks,114688,80
ozks,57344,1
ozks,65536,12
ozks,81920,37
ozks,94208,45
ozks,65536,19
ozks,57344,8
ozks,65536,15
ozks,94208,47
ozks,331776,382
ozks,159744,139
ozks,57344,0
ozks,65536,17
ozks,57344,3
ozks,57344,2
ozks,57344,9
ozks,57344,11
ozks,65536,17
ozks,57344,3
ozks,290816,325
ozks,155648,142
ozks,57344,0
ozks,634880,807
ozks,65536,18
ozks,57344,0
ozks,57344,4
ozks,286720,324
ozks,57344,4
ozks,110592,75
ozks,69632,31
ozks,532480,661
ozks,786432,999
ozks,57344,1
ozks,65536,12
ozks,110592,78
ozks,69632,31
ozks,520192,638
ozks,57344,2
ozks,65536,18
ozks,57344,9
ozks,65536,14
ozks,57344,8
ozks,57344,8
ozks,57344,1
ozks,57344,1
ozks,57344,7
ozks,57344,3
ozks,204800,192
ozks,65536,21
ozks,94208,45
ozks,57344,3
ozks,139264,109
ozks,57344,6
ozks,57344,5
ozks,57344,6
ozks,57344,1
ozks,294912,315
ozks,57344,9
ozks,57344,1
ozks,57344,10
ozks,57344,0
ozks,73728,35
ozks,65536,17
ozks,57344,1
ozks,57344,1
ozks,176128,158
ozks,57344,3
ozks,57344,0
ozks,126976,91
ozks,57344,8
ozks,434176,521
ozks,57344,4
ozks,57344,10
ozks,57344,0
ozks,69632,28
ozks,155648,124
ozks,57344,0
ozks,81920,37
ozks,290816,325
ozks,69632,25
ozks,57344,4
ozks,57344,6
ozks,57344,0
ozks,57344,5
ozks,57344,3
ozks,57344,1
ozks,57344,4
ozks,57344,3
ozks,65536,18
ozks,65536,17
ozks,524288,646
ozks,57344,0
ozks,57344,10
ozks,65536,17
ozks,65536,20
ozks,57344,5
ozks,57344,3
ozks,233472,240
ozks,65536,15
ozks,520192,654
ozks,57344,8
ozks,57344,0
ozks,135168,104
ozks,57344,11
ozks,102400,62
ozks,364544,423
ozks,98304,54
ozks,176128,160
ozks,57344,8
ozks,98304,56
ozks,647168,812
ozks,69632,22
ozks,65536,16
ozks,57344,3
ozks,65536,14
ozks,65536,13
ozks,135168,97
ozks,208896,200
ozks,98304,56
ozks,57344,8
ozks,69632,28
ozks,57344,8
ozks,516096,635
ozks,57344,1
ozks,57344,9
ozks,57344,5
ozks,360448,417
ozks,57344,5
ozks,204800,201
ozks,57344,2
ozks,409600,484
ozks,438272,522
ozks,147456,117
ozks,180224,165
ozks,94208,43
ozks,57344,1
ozks,69632,23
ozks,57344,3
ozks,131072,96
ozks,57344,1
ozks,65536,21
ozks,69632,28
ozks,65536,17
ozks,57344,11
ozks,57344,8
ozks,65536,18
ozks,57344,3
ozks,65536,13
ozks,65536,18
ozks,94208,44
ozks,57344,5
ozks,57344,7
ozks,102400,71
ozks,98304,53
ozks,57344,2
ozks,57344,1
ozks,57344,0
ozks,65536,14
ozks,65536,12
ozks,299008,325
ozks,57344,9
ozks,274432,302
ozks,57344,2
ozks,57344,10
ozks,57344,8
ozks,200704,183
ozks,98304,53
ozks,65536,14
ozks,69632,24
ozks,57344,8
ozks,57344,3
ozks,69632,23
ozks,57344,10
ozks,57344,4
ozks,102400,66
ozks,69632,29
ozks,57344,0
ozks,57344,9
ozks,57344,1
ozks,118784,84
ozks,237568,234
ozks,155648,126
ozks,69632,29
ozks,57344,10
ozks,57344,4
ozks,57344,9
ozks,57344,2
ozks,159744,138
ozks,57344,11
ozks,462848,561
ozks,94208,45
ozks,57344,0
ozks,57344,0
ozks,172032,149
ozks,102400,65
ozks,65536,21
ozks,57344,9
ozks,102400,71
ozks,57344,8
ozks,57344,4
ozks,196608,179
ozks,57344,1
ozks,131072,97
ozks,57344,0
ozks,57344,5
ozks,69632,28
ozks,659456,840
ozks,57344,3
ozks,57344,6
ozks,360448,423
ozks,57344,6
ozks,57344,3
ozks,208896,201
ozks,159744,137
ozks,73728,35
ozks,57344,6
ozks,57344,0
ozks,159744,134
ozks,57344,10
ozks,57344,8
ozks,172032,146
ozks,57344,1
ozks,274432,303
ozks,57344,5
ozks,155648,127
ozks,98304,55
ozks,57344,1
ozks,389120,462
ozks,57344,3
ozks,65536,17
ozks,65536,14
ozks,57344,5
ozks,69632,22
ozks,65536,17
ozks,65536,13
ozks,159744,140
ozks,65536,21
ozks,65536,15
ozks,94208,49
ozks,65536,13
ozks,94208,43
ozks,65536,17
ozks,303104,343
ozks,57344,11
ozks,69632,22
ozks,184320,167
ozks,57344,8
ozks,372736,430
ozks,57344,8
ozks,102400,68
ozks,81920,39
ozks,65536,15
ozks,57344,3
ozks,593920,734
ozks,65536,15
ozks,147456,116
ozks,286720,312
ozks,57344,0
ozks,65536,16
ozks,126976,88
ozks,57344,6
ozks,57344,1
ozks,57344,7
ozks,57344,8
ozks,69632,26
ozks,57344,0
ozks,393216,463
ozks,57344,9
ozks,57344,0
ozks,57344,1
ozks,192512,176
ozks,65536,16
ozks,57344,9
ozks,81920,39
ozks,69632,30
ozks,57344,1
ozks,57344,1
ozks,102400,72
ozks,65536,17
ozks,57344,4
ozks,57344,9
ozks,57344,2
ozks,57344,6
ozks,57344,0
ozks,73728,36
ozks,73728,36
ozks,159744,141
ozks,65536,14
ozks,73728,34
ozks,57344,0
ozks,57344,5
ozks,139264,104
ozks,610304,764
ozks,65536,20
ozks,73728,36
ozks,94208,44
ozks,57344,4
ozks,57344,1
ozks,57344,8
ozks,57344,8
ozks,65536,16
ozks,57344,1
ozks,57344,2
ozks,98304,55
ozks,57344,7
ozks,155648,139
ozks,135168,99
ozks,184320,171
ozks,372736,429
ozks,102400,65
ozks,65536,15
ozks,118784,83
ozks,57344,8
ozks,65536,14
ozks,57344,5
ozks,712704,903
ozks,700416,905
ozks,110592,74
ozks,155648,128
ozks,57344,1
ozks,57344,8
ozks,192512,178
ozks,163840,140
ozks,65536,15
ozks,73728,36
ozks,155648,132
ozks,307200,352
ozks,102400,68
ozks,57344,3
ozks,167936,152
ozks,57344,1
ozks,135168,105
ozks,69632,23
ozks,57344,3
ozks,454656,541
ozks,57344,9
ozks,57344,3
ozks,114688,81
ozks,368640,415
ozks,57344,2
ozks,65536,14
ozks,57344,6
ozks,208896,201
ozks,57344,10
ozks,57344,1
ozks,57344,3
ozks,65536,17
ozks,180224,165
ozks,57344,1
ozks,94208,49
ozks,548864,669
ozks,552960,683
ozks,94208,45
ozks,65536,17
ozks,73728,36
ozks,65536,17
ozks,69632,23
ozks,65536,13
ozks,57344,6
ozks,57344,8
ozks,57344,0
ozks,69632,22
ozks,65536,13
ozks,57344,6
ozks,98304,61
ozks,57344,8
ozks,57344,8
ozks,57344,0
ozks,57344,9
ozks,57344,11
ozks,454656,541
ozks,57344,2
ozks,94208,43
ozks,57344,7
ozks,65536,16
ozks,335872,385
ozks,589824,732
ozks,57344,1
ozks,57344,5
ozks,69632,23
ozks,69632,22
ozks,57344,1
ozks,561152,685
ozks,634880,799
ozks,69632,24
ozks,57344,9
ozks,143360,110
ozks,73728,36
ozks,57344,8
ozks,57344,5
ozks,299008,337
ozks,65536,20
ozks,102400,68
ozks,57344,5
ozks,57344,0
ozks,94208,44
ozks,57344,3
ozks,57344,4
ozks,57344,1
ozks,57344,2
ozks,57344,6
ozks,81920,39
ozks,65536,19
ozks,57344,1
ozks,118784,82
ozks,65536,17
ozks,57344,1
ozks,94208,46
ozks,57344,1
ozks,57344,3
ozks,57344,9
ozks,475136,574
ozks,131072,95
ozks,98304,54
ozks,57344,1
ozks,57344,2
ozks,172032,146
ozks,98304,61
ozks,245760,262
ozks,528384,645
ozks,57344,3
ozks,147456,121
ozks,57344,0
ozks,57344,7
ozks,172032,147
ozks,57344,8
ozks,94208,48
ozks,65536,16
ozks,57344,0
ozks,69632,28
ozks,57344,10
ozks,65536,17
ozks,57344,0
ozks,147456,115
ozks,57344,7
ozks,176128,158
ozks,233472,240
ozks,57344,1
ozks,176128,157
ozks,57344,0
ozks,65536,14
ozks,65536,17
ozks,57344,8
ozks,69632,23
ozks,299008,325
ozks,98304,58
ozks,69632,25
ozks,65536,19
ozks,69632,30
ozks,258048,274
ozks,57344,7
ozks,81920,38
ozks,57344,0
ozks,69632,24
ozks,57344,4
ozks,57344,1
ozks,57344,2
ozks,57344,5
ozks,57344,5
ozks,57344,0
ozks,69632,25
ozks,57344,0
ozks,270336,289
ozks,172032,146
ozks,57344,0
ozks,69632,30
ozks,57344,2
ozks,65536,15
ozks,57344,3
ozks,57344,3
ozks,65536,17
ozks,69632,25
ozks,57344,10
ozks,69632,31
ozks,57344,0
ozks,57344,1
ozks,69632,27
ozks,57344,5
ozks,81920,38
ozks,69632,26
ozks,57344,2
ozks,57344,10
ozks,57344,1
ozks,155648,122
ozks,81920,39
ozks,188416,170
ozks,65536,17
ozks,57344,6
ozks,131072,100
ozks,65536,17
ozks,430080,512
ozks,126976,90
ozks,73728,32
ozks,143360,114
ozks,57344,7
ozks,180224,170
ozks,57344,7
ozks,69632,28
ozks,69632,27
ozks,57344,9
ozks,57344,1
ozks,94208,51
ozks,253952,272
ozks,57344,0
ozks,98304,62
ozks,57344,0
ozks,57344,1
ozks,57344,0
ozks,65536,13
ozks,466944,565
ozks,229376,231
ozks,81920,38
ozks,155648,132
ozks,57344,11
ozks,65536,16
ozks,57344,10
ozks,139264,107
ozks,57344,0
ozks,57344,6
ozks,57344,5
ozks,69632,26
ozks,65536,12
ozks,57344,0
ozks,225280,225
ozks,57344,4
ozks,57344,1
ozks,57344,1
ozks,65536,21
ozks,98304,62
ozks,57344,4
ozks,446464,541
ozks,57344,11
ozks,57344,9
ozks,57344,5
ozks,57344,0
ozks,73728,36
ozks,94208,51
ozks,57344,11
ozks,57344,4
ozks,57344,1
ozks,155648,135
ozks,65536,16
ozks,167936,146
ozks,102400,70
ozks,204800,195
ozks,57344,0
ozks,57344,1
ozks,57344,5
ozks,57344,4
ozks,57344,4
ozks,65536,12
ozks,73728,35
ozks,98304,57
ozks,69632,22
ozks,57344,8
ozks,57344,2
ozks,65536,17
ozks,57344,0
ozks,159744,140
ozks,671744,852
ozks,57344,8
ozks,57344,2
ozks,57344,2
ozks,98304,52
ozks,57344,4
ozks,65536,12
ozks,57344,4
ozks,69632,22
ozks,69632,27
ozks,57344,9
ozks,65536,17
ozks,98304,58
ozks,147456,113
ozks,57344,8
ozks,69632,25
ozks,69632,27
ozks,57344,6
ozks,73728,32
ozks,57344,1
ozks,114688,80
ozks,94208,44
ozks,57344,6
ozks,65536,13
ozks,57344,8
ozks,57344,3
ozks,57344,1
ozks,57344,2
ozks,57344,8
ozks,69632,26
ozks,69632,25
ozks,65536,17
ozks,94208,46
ozks,483328,582
ozks,69632,29
ozks,57344,0
ozks,65536,16
ozks,159744,133
ozks,57344,1
ozks,159744,133
ozks,73728,34
ozks,57344,5
ozks,94208,45
ozks,57344,0
ozks,81920,37
ozks,57344,5
ozks,57344,5
ozks,577536,731
ozks,454656,541
ozks,57344,4
ozks,135168,95
ozks,102400,66
ozks,102400,69
ozks,69632,31
ozks,57344,0
ozks,57344,6
ozks,57344,11
ozks,98304,54
ozks,131072,96
ozks,57344,9
ozks,421888,502
ozks,65536,14
ozks,200704,182
ozks,65536,19
ozks,57344,5
ozks,57344,9
ozks,69632,28
ozks,57344,1
ozks,57344,10
ozks,57344,0
ozks,57344,1
ozks,69632,26
ozks,57344,8
ozks,57344,2
ozks,106496,72
ozks,368640,431
ozks,69632,23
ozks,57344,3
ozks,69632,22
ozks,65536,17
ozks,65536,18
ozks,57344,3
ozks,135168,103
ozks,102400,63
ozks,57344,3
ozks,57344,1
ozks,57344,3
ozks,57344,8
ozks,139264,110
ozks,94208,49
ozks,65536,17
ozks,102400,70
ozks,438272,521
ozks,544768,682
ozks,57344,2
ozks,57344,4
ozks,57344,9
ozks,57344,1
ozks,204800,202
ozks,69632,23
ozks,81920,38
ozks,131072,94
ozks,57344,8
ozks,57344,1
ozks,57344,8
ozks,57344,6
ozks,69632,22
ozks,57344,4
ozks,57344,8
ozks,671744,853
ozks,65536,12
ozks,65536,18
ozks,57344,5
ozks,69632,31
ozks,69632,26
ozks,65536,17
ozks,57344,4
ozks,57344,0
ozks,94208,44
ozks,57344,3
ozks,290816,319
ozks,57344,1
ozks,57344,1
ozks,65536,12
ozks,98304,59
ozks,110592,74
ozks,372736,445
ozks,57344,0
ozks,65536,17
ozks,495616,607
ozks,94208,46
ozks,57344,3
ozks,57344,7
ozks,57344,6
ozks,57344,2
ozks,622592,764
ozks,65536,17
ozks,69632,30
ozks,57344,3
ozks,57344,5
ozks,57344,1
ozks,65536,14
ozks,69632,29
ozks,57344,10
ozks,73728,35
ozks,450560,541
ozks,65536,21
ozks,94208,49
ozks,57344,0
ozks,57344,7
ozks,94208,45
ozks,57344,3
ozks,274432,302
ozks,57344,2
ozks,65536,12
ozks,57344,10
ozks,65536,16
ozks,57344,3
ozks,57344,7
ozks,65536,15
ozks,65536,12
ozks,57344,1
ozks,65536,18
ozks,69632,30
ozks,90112,40
ozks,172032,146
ozks,57344,2
ozks,57344,5
ozks,57344,4
ozks,65536,17
ozks,172032,149
ozks,65536,19
ozks,65536,18
ozks,57344,1
ozks,57344,2
ozks,57344,0
ozks,73728,35
ozks,57344,6
ozks,57344,0
ozks,73728,34
ozks,57344,8
ozks,544768,677
ozks,57344,3
ozks,57344,1
ozks,65536,20
ozks,57344,8
ozks,94208,48
ozks,102400,70
ozks,118784,81
ozks,126976,89
ozks,577536,734
ozks,57344,0
ozks,155648,128
ozks,57344,3
ozks,69632,31
ozks,65536,19
ozks,57344,10
ozks,57344,1
ozks,94208,43
ozks,57344,0
ozks,696320,892
ozks,499712,616
ozks,57344,4
ozks,217088,214
ozks,57344,2
ozks,126976,90
ozks,110592,77
ozks,57344,11
ozks,65536,14
ozks,159744,137
ozks,57344,4
ozks,397312,467
ozks,172032,146
ozks,172032,148
ozks,65536,15
ozks,110592,77
ozks,176128,159
ozks,602112,745
ozks,57344,6
ozks,282624,302
ozks,712704,903
ozks,159744,137
ozks,57344,1
ozks,204800,202
ozks,57344,2
ozks,69632,24
ozks,249856,262
ozks,57344,0
ozks,167936,143
ozks,57344,2
ozks,57344,4
ozks,135168,101
ozks,65536,17
ozks,57344,1
ozks,69632,24
ozks,65536,17
ozks,57344,0
ozks,65536,12
ozks,57344,8
ozks,69632,29
ozks,69632,23
ozks,114688,81
ozks,65536,18
ozks,57344,3
ozks,57344,8
ozks,65536,15
ozks,57344,3
ozks,57344,11
ozks,65536,17
ozks,626688,791
ozks,57344,11
ozks,69632,22
ozks,69632,23
ozks,196608,177
ozks,57344,2
ozks,65536,13
ozks,65536,19
ozks,57344,6
ozks,57344,4
ozks,73728,33
ozks,151552,127
ozks,57344,10
ozks,520192,648
ozks,446464,542
ozks,57344,7
ozks,57344,8
ozks,98304,55
ozks,65536,14
ozks,57344,7
ozks,167936,149
ozks,69632,23
ozks,65536,12
ozks,57344,4
ozks,634880,791
ozks,57344,8
ozks,57344,0
ozks,57344,3
ozks,233472,240
ozks,172032,146
ozks,233472,243
ozks,57344,8
ozks,57344,2
ozks,294912,321
ozks,57344,1
ozks,57344,9
ozks,98304,59
ozks,57344,0
ozks,204800,193
ozks,65536,20
ozks,57344,8
ozks,606208,751
ozks,57344,1
ozks,57344,2
ozks,65536,17
ozks,196608,185
ozks,57344,1
ozks,323584,355
ozks,57344,4
ozks,57344,9
ozks,57344,2
ozks,57344,8
ozks,57344,8
ozks,65536,20
ozks,65536,13
ozks,57344,0
ozks,98304,55
ozks,57344,1
ozks,552960,686
ozks,65536,17
ozks,69632,28
ozks,57344,2
ozks,57344,0
ozks,155648,133
ozks,57344,1
ozks,57344,1
ozks,57344,6
ozks,663552,833
ozks,57344,8
ozks,192512,180
ozks,57344,3
ozks,516096,637
ozks,114688,80
ozks,65536,14
ozks,57344,1
ozks,57344,1
ozks,98304,53
ozks,57344,11
ozks,65536,20
ozks,552960,692
ozks,57344,3
ozks,233472,236
ozks,65536,13
ozks,57344,0
ozks,57344,0
ozks,57344,8
ozks,57344,1
ozks,139264,107
ozks,69632,28
ozks,57344,0
ozks,57344,11
ozks,57344,7
ozks,57344,3
ozks,57344,1
ozks,131072,92
ozks,65536,15
ozks,57344,3
ozks,94208,48
ozks,57344,11
ozks,57344,2
ozks,57344,0
ozks,65536,16
ozks,204800,201
ozks,65536,12
ozks,94208,47
ozks,98304,53
ozks,102400,62
ozks,98304,60
ozks,159744,133
ozks,94208,47
ozks,73728,36
ozks,90112,42
ozks,57344,8
ozks,139264,105
ozks,126976,90
ozks,57344,2
ozks,118784,85
ozks,172032,149
ozks,57344,2
ozks,188416,173
ozks,131072,90
ozks,73728,35
ozks,57344,8
ozks,94208,44
ozks,94208,44
ozks,151552,129
ozks,57344,4
ozks,65536,17
ozks,81920,37
ozks,655360,831
ozks,57344,3
ozks,643072,808
ozks,57344,4
ozks,57344,1
ozks,57344,7
ozks,229376,232
ozks,102400,72
ozks,102400,67
ozks,151552,129
ozks,69632,22
ozks,323584,362
ozks,57344,0
ozks,57344,1
ozks,143360,110
ozks,57344,3
ozks,176128,157
ozks,94208,47
ozks,618496,773
ozks,57344,4
ozks,57344,5
ozks,57344,10
ozks,57344,0
ozks,57344,0
ozks,69632,31
ozks,57344,6
ozks,65536,16
ozks,69632,22
ozks,126976,89
ozks,81920,37
ozks,65536,13
ozks,466944,568
ozks,57344,1
ozks,57344,2
ozks,69632,25
ozks,81920,39
ozks,57344,7
ozks,57344,7
ozks,65536,18
ozks,57344,7
ozks,57344,8
ozks,73728,35
ozks,69632,31
ozks,159744,141
ozks,69632,29
ozks,57344,11
ozks,69632,23
ozks,65536,17
ozks,65536,17
ozks,159744,140
ozks,57344,3
ozks,65536,18
ozks,167936,146
ozks,131072,88
ozks,57344,9
ozks,499712,607
ozks,57344,8
ozks,94208,43
ozks,57344,10
ozks,147456,115
ozks,57344,8
ozks,57344,6
ozks,57344,7
ozks,98304,52
ozks,69632,28
ozks,57344,6
ozks,102400,64
ozks,774144,991
ozks,57344,10
ozks,167936,143
ozks,69632,25
ozks,57344,8
ozks,57344,8
ozks,57344,2
ozks,69632,29
ozks,57344,8
ozks,57344,5
ozks,94208,48
ozks,57344,7
ozks,57344,10
ozks,65536,18
ozks,57344,6
ozks,98304,61
ozks,65536,16
ozks,57344,0
ozks,57344,0
ozks,65536,16
ozks,57344,8
ozks,57344,5
ozks,57344,6
ozks,65536,20
ozks,57344,9
ozks,270336,292
ozks,327680,372
ozks,614400,768
ozks,94208,49
ozks,94208,44
ozks,57344,0
ozks,57344,0
ozks,200704,189
ozks,57344,0
ozks,57344,11
ozks,57344,0
ozks,57344,10
ozks,57344,9
ozks,118784,83
ozks,94208,45
ozks,57344,6
ozks,65536,21
ozks,98304,60
ozks,110592,78
ozks,102400,65
ozks,57344,1
ozks,57344,1
ozks,57344,3
ozks,57344,2
ozks,81920,37
ozks,57344,7
ozks,659456,825
ozks,69632,25
ozks,57344,2
ozks,57344,3
ozks,57344,3
ozks,57344,11
ozks,303104,336
ozks,69632,28
ozks,110592,77
ozks,65536,12
ozks,73728,36
ozks,57344,3
ozks,57344,8
ozks,57344,1
ozks,98304,54
ozks,151552,132
ozks,57344,8
ozks,57344,3
ozks,57344,8
ozks,57344,3
ozks,659456,826
ozks,65536,15
ozks,135168,95
ozks,110592,77
ozks,57344,3
ozks,57344,3
ozks,57344,7
ozks,172032,145
ozks,65536,17
ozks,57344,4
ozks,57344,9
ozks,81920,38
ozks,65536,14
ozks,57344,10
ozks,57344,1
ozks,65536,14
ozks,57344,0
ozks,65536,12
ozks,57344,1
ozks,57344,0
ozks,696320,893
ozks,65536,13
ozks,57344,3
ozks,135168,95
ozks,98304,53
ozks,69632,23
ozks,176128,158
ozks,57344,9
ozks,73728,36
ozks,65536,13
ozks,57344,3
ozks,65536,17
ozks,278528,312
ozks,57344,5
ozks,114688,80
ozks,57344,0
ozks,94208,50
ozks,65536,13
ozks,65536,20
ozks,57344,0
ozks,65536,12
ozks,65536,20
ozks,57344,5
ozks,258048,270
ozks,57344,2
ozks,155648,138
ozks,57344,2
ozks,73728,35
ozks,65536,15
ozks,57344,3
ozks,65536,16
ozks,69632,31
ozks,65536,13
ozks,126976,88
ozks,102400,64
ozks,57344,4
ozks,307200,328
ozks,69632,22
ozks,131072,91
ozks,65536,15
ozks,290816,325
ozks,69632,26
ozks,57344,6
ozks,57344,7
ozks,57344,1
ozks,57344,1
ozks,69632,28
ozks,57344,2
ozks,73728,34
ozks,57344,1
ozks,57344,0
ozks,81920,38
ozks,65536,14
ozks,69632,31
ozks,57344,0
ozks,167936,149
ozks,57344,8
ozks,131072,91
ozks,225280,235
ozks,57344,4
ozks,57344,6
ozks,57344,0
ozks,94208,47
ozks,765952,983
ozks,57344,0
ozks,57344,8
ozks,57344,10
ozks,69632,26
ozks,524288,646
ozks,139264,110
ozks,57344,1
ozks,57344,5
ozks,57344,8
ozks,57344,1
ozks,57344,8
ozks,73728,36
ozks,159744,139
ozks,57344,1
ozks,94208,44
ozks,94208,48
ozks,57344,0
ozks,57344,9
ozks,57344,3
ozks,94208,47
ozks,57344,2
ozks,57344,2
ozks,57344,7
ozks,57344,11
ozks,57344,0
ozks,65536,13
ozks,57344,2
ozks,57344,9
ozks,69632,30
ozks,65536,17
ozks,57344,11
ozks,155648,128
ozks,167936,147
ozks,57344,10
ozks,65536,16
ozks,65536,17
ozks,131072,95
ozks,57344,8
ozks,102400,65
ozks,131072,97
ozks,57344,1
ozks,57344,6
ozks,65536,19
ozks,757760,958
ozks,65536,12
ozks,176128,157
ozks,57344,9
ozks,57344,8
ozks,135168,93
ozks,73728,32
ozks,73728,32
ozks,155648,131
ozks,57344,5
ozks,73728,32
ozks,57344,10
ozks,65536,17
ozks,57344,2
ozks,57344,0
ozks,65536,13
ozks,57344,8
ozks,57344,11
ozks,57344,10
ozks,180224,165
ozks,81920,38
ozks,729088,932
ozks,57344,0
ozks,65536,16
ozks,69632,24
ozks,94208,45
ozks,69632,29
ozks,69632,23
ozks,176128,158
ozks,98304,54
ozks,90112,40
ozks,57344,1
ozks,57344,1
ozks,57344,4
ozks,57344,3
ozks,57344,6
ozks,57344,2
ozks,57344,8
ozks,98304,53
ozks,225280,233
ozks,57344,4
ozks,73728,33
ozks,65536,12
ozks,57344,8
ozks,159744,141
ozks,57344,8
ozks,57344,1
ozks,57344,1
ozks,360448,417
ozks,57344,0
ozks,57344,10
ozks,57344,9
ozks,57344,6
ozks,57344,0
ozks,57344,1
ozks,69632,25
ozks,204800,201
ozks,159744,140
ozks,57344,10
ozks,102400,67
ozks,57344,8
ozks,94208,43
ozks,57344,1
ozks,65536,18
ozks,69632,24
ozks,135168,95
ozks,57344,6
ozks,614400,767
ozks,159744,140
ozks,65536,17
ozks,57344,2
ozks,425984,517
ozks,65536,14
ozks,57344,5
ozks,57344,1
ozks,98304,56
ozks,57344,0
ozks,65536,17
ozks,57344,5
ozks,57344,0
ozks,65536,12
ozks,65536,15
ozks,69632,23
ozks,57344,8
ozks,421888,496
ozks,57344,5
ozks,57344,11
ozks,258048,268
ozks,65536,13
ozks,479232,580
ozks,57344,3
ozks,249856,256
ozks,94208,43
ozks,94208,42
ozks,65536,12
ozks,94208,47
ozks,65536,20
ozks,606208,763
ozks,102400,68
ozks,167936,147
ozks,57344,8
ozks,102400,69
ozks,57344,5
ozks,65536,12
ozks,258048,263
ozks,57344,1
ozks,57344,0
ozks,57344,10
ozks,102400,67
ozks,57344,3
ozks,57344,3
ozks,368640,427
ozks,57344,0
ozks,57344,1
ozks,110592,75
ozks,425984,502
ozks,57344,5
ozks,57344,1
ozks,57344,10
ozks,376832,439
ozks,286720,325
ozks,159744,134
ozks,147456,115
ozks,700416,893
ozks,57344,1
ozks,57344,6
ozks,73728,32
ozks,65536,12
ozks,65536,13
ozks,57344,7
ozks,57344,9
ozks,57344,6
ozks,135168,102
ozks,57344,3
ozks,57344,3
ozks,155648,140
ozks,65536,17
ozks,65536,18
ozks,65536,18
ozks,102400,69
ozks,163840,147
ozks,57344,10
ozks,679936,873
ozks,180224,165
ozks,131072,93
ozks,57344,6
ozks,65536,20
ozks,65536,12
ozks,57344,0
ozks,57344,0
ozks,163840,144
ozks,135168,102
ozks,69632,24
ozks,348160,401
ozks,102400,70
ozks,65536,20
ozks,73728,36
ozks,184320,169
ozks,57344,1
ozks,65536,19
ozks,57344,7
ozks,57344,8
ozks,98304,54
ozks,65536,16
ozks,110592,78
ozks,57344,8
ozks,143360,111
ozks,57344,1
ozks,696320,882
ozks,94208,44
ozks,65536,16
ozks,57344,8
ozks,299008,325
ozks,57344,5
ozks,57344,3
ozks,512000,635
ozks,65536,19
ozks,651264,831
ozks,65536,18
ozks,57344,1
ozks,57344,9
ozks,57344,0
ozks,57344,3
ozks,57344,3
ozks,65536,16
ozks,57344,0
ozks,221184,219
ozks,57344,5
ozks,57344,3
ozks,57344,8
ozks,131072,99
ozks,69632,23
ozks,65536,18
ozks,65536,16
ozks,57344,3
ozks,69632,31
ozks,589824,732
ozks,98304,53
ozks,57344,0
ozks,65536,19
ozks,102400,69
ozks,65536,17
ozks,57344,3
ozks,57344,6
ozks,73728,32
ozks,98304,59
ozks,57344,7
ozks,65536,17
ozks,57344,3
ozks,110592,76
ozks,135168,104
ozks,57344,0
ozks,57344,2
ozks,69632,31
ozks,176128,156
ozks,155648,126
ozks,57344,0
ozks,57344,3
ozks,233472,245
ozks,57344,3
ozks,65536,17
ozks,57344,8
ozks,176128,158
ozks,57344,6
ozks,57344,4
ozks,65536,20
ozks,98304,57
ozks,69632,27
ozks,57344,7
ozks,131072,100
ozks,458752,558
ozks,57344,2
ozks,57344,2
ozks,663552,838
ozks,57344,11
ozks,57344,6
ozks,57344,10
ozks,65536,17
ozks,57344,1
ozks,65536,17
ozks,69632,21
ozks,65536,18
ozks,73728,36
ozks,57344,1
ozks,102400,68
ozks,65536,17
ozks,69632,28
ozks,57344,8
ozks,143360,110
ozks,65536,12
ozks,557056,691
ozks,69632,23
ozks,303104,341
ozks,565248,690
ozks,57344,2
ozks,598016,749
ozks,57344,7
ozks,94208,47
ozks,147456,117
ozks,552960,673
ozks,57344,1
ozks,139264,106
ozks,57344,0
ozks,69632,28
ozks,65536,19
ozks,57344,2
ozks,57344,5
ozks,65536,19
ozks,65536,19
ozks,57344,1
ozks,69632,24
ozks,159744,141
ozks,57344,8
ozks,57344,0
ozks,57344,11
ozks,139264,106
ozks,57344,5
ozks,57344,0
ozks,65536,16
ozks,65536,17
ozks,126976,92
ozks,159744,137
ozks,57344,2
ozks,57344,10
ozks,258048,264
ozks,73728,34
ozks,57344,2
ozks,57344,9
ozks,65536,15
ozks,778240,991
ozks,57344,0
ozks,155648,125
ozks,290816,314
ozks,57344,8
ozks,118784,82
ozks,57344,7
ozks,57344,11
ozks,573440,729
ozks,57344,1
ozks,57344,0
ozks,57344,10
ozks,65536,17
ozks,57344,1
ozks,65536,17
ozks,57344,6
ozks,69632,22
ozks,229376,229
ozks,69632,27
ozks,176128,156
ozks,69632,25
ozks,65536,14
ozks,147456,113
ozks,57344,0
ozks,57344,1
ozks,69632,26
ozks,65536,17
ozks,69632,28
ozks,57344,8
ozks,98304,57
ozks,57344,1
ozks,102400,64
ozks,57344,3
ozks,57344,6
ozks,57344,0
ozks,65536,18
ozks,114688,81
ozks,57344,8
ozks,57344,0
ozks,69632,26
ozks,262144,262
ozks,57344,1
ozks,65536,13
ozks,57344,0
ozks,69632,22
ozks,57344,11
ozks,65536,15
ozks,102400,66
ozks,126976,86
ozks,602112,746
ozks,57344,0
ozks,102400,65
ozks,57344,4
ozks,57344,1
ozks,98304,52
ozks,57344,6
ozks,69632,28
ozks,155648,142
ozks,57344,1
ozks,159744,137
ozks,57344,0
ozks,57344,1
ozks,57344,2
ozks,57344,11
ozks,57344,7
ozks,131072,92
ozks,126976,92
ozks,57344,9
ozks,57344,5
ozks,57344,7
ozks,57344,3
ozks,57344,11
ozks,57344,2
ozks,57344,5
ozks,65536,18
ozks,57344,10
ozks,57344,8
ozks,65536,14
ozks,159744,135
ozks,65536,14
ozks,57344,5
ozks,57344,6
ozks,65536,14
ozks,65536,15
ozks,57344,10
ozks,57344,9
ozks,65536,19
ozks,57344,1
ozks,57344,0
ozks,102400,65
ozks,57344,1
ozks,65536,17
ozks,57344,8
ozks,65536,12
ozks,69632,27
ozks,57344,10
ozks,589824,736
ozks,69632,28
ozks,94208,50
ozks,81920,38
ozks,385024,453
ozks,176128,159
ozks,94208,45
ozks,57344,1
ozks,57344,3
ozks,57344,0
ozks,57344,7
ozks,454656,550
ozks,57344,9
ozks,57344,5
ozks,94208,51
ozks,57344,4
ozks,57344,0
ozks,57344,11
ozks,57344,1
ozks,98304,56
ozks,57344,6
ozks,98304,60
ozks,57344,7
ozks,65536,19
ozks,98304,58
ozks,57344,6
ozks,69632,28
ozks,57344,11
ozks,90112,40
ozks,57344,1
ozks,65536,15
ozks,57344,1
ozks,249856,263
ozks,90112,40
ozks,57344,1
ozks,57344,4
ozks,57344,3
ozks,57344,11
ozks,57344,2
ozks,229376,244
ozks,57344,7
ozks,102400,72
ozks,57344,8
ozks,57344,5
ozks,622592,799
ozks,57344,7
ozks,90112,40
ozks,57344,6
ozks,57344,7
ozks,237568,248
ozks,57344,6
ozks,57344,0
ozks,131072,89
ozks,159744,139
ozks,57344,0
ozks,65536,13
ozks,57344,0
ozks,57344,8
ozks,57344,4
ozks,102400,66
ozks,57344,7
ozks,57344,1
ozks,90112,40
ozks,65536,14
ozks,73728,33
ozks,643072,819
ozks,69632,24
ozks,69632,25
ozks,57344,0
ozks,57344,4
ozks,57344,4
ozks,94208,42
ozks,65536,15
ozks,57344,0
ozks,65536,17
ozks,729088,932
ozks,57344,10
ozks,57344,4
ozks,237568,252
ozks,69632,24
ozks,126976,86
ozks,57344,3
ozks,57344,1
ozks,110592,76
ozks,57344,5
ozks,57344,1
ozks,57344,3
ozks,94208,43
ozks,139264,108
ozks,221184,225
ozks,57344,5
ozks,57344,1
ozks,155648,131
ozks,512000,630
ozks,57344,0
ozks,94208,45
ozks,126976,90
ozks,57344,6
ozks,65536,12
ozks,65536,17
ozks,69632,30
ozks,57344,8
ozks,57344,0
ozks,438272,535
ozks,270336,289
ozks,65536,12
ozks,135168,99
ozks,69632,25
ozks,57344,0
ozks,94208,45
ozks,102400,70
ozks,57344,2
ozks,94208,48
ozks,233472,240
ozks,57344,8
ozks,430080,526
ozks,69632,30
ozks,65536,16
ozks,217088,214
ozks,57344,9
ozks,65536,20
ozks,57344,2
ozks,299008,325
ozks,417792,500
ozks,57344,2
ozks,65536,17
ozks,126976,87
ozks,57344,11
ozks,94208,50
ozks,57344,8
ozks,94208,44
ozks,81920,39
ozks,65536,13
ozks,102400,72
ozks,118784,80
ozks,57344,10
ozks,57344,9
ozks,57344,11
ozks,69632,23
ozks,57344,5
ozks,57344,0
ozks,94208,44
ozks,57344,7
ozks,57344,11
ozks,57344,1
ozks,57344,1
ozks,57344,1
ozks,315392,366
ozks,147456,117
ozks,172032,145
ozks,57344,0
ozks,176128,164
ozks,192512,175
ozks,57344,0
ozks,57344,5
ozks,57344,8
ozks,327680,361
ozks,57344,7
ozks,57344,9
ozks,102400,64
ozks,69632,23
ozks,57344,3
ozks,135168,103
ozks,192512,178
ozks,65536,13
ozks,405504,485
ozks,57344,1
ozks,65536,19
ozks,131072,101
ozks,397312,476
ozks,376832,442
ozks,491520,606
ozks,65536,12
ozks,118784,83
ozks,65536,17
ozks,135168,101
ozks,57344,1
ozks,69632,25
ozks,57344,9
ozks,69632,23
ozks,155648,130
ozks,65536,20
ozks,172032,148
ozks,57344,9
ozks,57344,2
ozks,73728,35
ozks,102400,70
ozks,57344,2
ozks,581632,724
ozks,397312,480
ozks,65536,20
ozks,57344,6
ozks,401408,460
ozks,655360,840
ozks,57344,0
ozks,299008,325
ozks,73728,33
ozks,102400,70
ozks,57344,9
ozks,57344,10
ozks,512000,627
ozks,57344,4
ozks,135168,101
ozks,57344,2
ozks,90112,41
ozks,385024,456
ozks,57344,0
ozks,57344,8
ozks,114688,80
ozks,57344,0
ozks,98304,55
ozks,110592,75
ozks,143360,111
ozks,94208,49
ozks,98304,53
ozks,200704,188
ozks,57344,5
ozks,57344,6
ozks,94208,44
ozks,94208,43
ozks,159744,140
ozks,57344,8
ozks,69632,24
ozks,110592,78
ozks,176128,158
ozks,57344,7
ozks,57344,10
ozks,57344,0
ozks,57344,7
ozks,159744,139
ozks,57344,1
ozks,65536,17
ozks,69632,25
ozks,57344,3
ozks,57344,0
ozks,172032,149
ozks,102400,65
ozks,532480,669
ozks,65536,13
ozks,65536,21
ozks,57344,4
ozks,65536,13
ozks,483328,578
ozks,159744,135
ozks,73728,35
ozks,57344,0
ozks,81920,39
ozks,69632,24
ozks,73728,35
ozks,94208,49
ozks,57344,0
ozks,102400,72
ozks,57344,4
ozks,57344,8
ozks,495616,613
ozks,176128,158
ozks,65536,20
ozks,57344,1
ozks,57344,3
ozks,57344,1
ozks,81920,37
ozks,69632,24
ozks,69632,22
ozks,57344,1
ozks,57344,2
ozks,176128,158
ozks,73728,36
ozks,471040,565
ozks,98304,53
ozks,139264,107
ozks,208896,212
ozks,57344,0
ozks,81920,38
ozks,57344,8
ozks,69632,28
ozks,131072,102
ozks,69632,28
ozks,131072,101
ozks,57344,4
ozks,204800,195
ozks,57344,6
ozks,65536,13
ozks,57344,10
ozks,131072,92
ozks,57344,2
ozks,57344,0
ozks,57344,6
ozks,57344,10
ozks,503808,619
ozks,102400,64
ozks,114688,80
ozks,57344,0
ozks,57344,1
ozks,57344,9
ozks,57344,2
ozks,57344,6
ozks,57344,10
ozks,610304,764
ozks,65536,17
ozks,430080,521
ozks,98304,56
ozks,69632,22
ozks,65536,19
ozks,151552,127
ozks,65536,13
ozks,65536,19
ozks,65536,12
ozks,57344,9
ozks,57344,0
ozks,57344,11
ozks,65536,17
ozks,65536,18
ozks,57344,8
ozks,98304,59
ozks,745472,973
ozks,57344,7
ozks,69632,31
ozks,188416,178
ozks,57344,9
ozks,94208,42
ozks,57344,5
ozks,294912,324
ozks,110592,74
ozks,57344,11
ozks,163840,140
ozks,221184,219
ozks,57344,3
ozks,57344,7
ozks,57344,3
ozks,57344,8
ozks,57344,1
ozks,73728,35
ozks,151552,122
ozks,65536,14
ozks,57344,0
ozks,184320,167
ozks,57344,3
ozks,176128,160
ozks,57344,3
ozks,57344,0
ozks,65536,13
ozks,57344,1
ozks,69632,25
ozks,135168,101
ozks,57344,1
ozks,57344,8
ozks,585728,737
ozks,172032,150
ozks,122880,85
ozks,73728,36
ozks,65536,17
ozks,69632,27
ozks,65536,13
ozks,65536,13
ozks,65536,21
ozks,262144,276
ozks,57344,4
ozks,57344,1
ozks,167936,150
ozks,98304,53
ozks,57344,4
ozks,159744,141
ozks,57344,6
ozks,57344,0
ozks,65536,12
ozks,438272,521
ozks,57344,8
ozks,57344,0
ozks,253952,270
ozks,65536,15
ozks,57344,1
ozks,303104,339
ozks,57344,11
ozks,57344,1
ozks,98304,54
ozks,57344,4
ozks,110592,78
ozks,102400,64
ozks,57344,0
ozks,57344,0
ozks,131072,95
ozks,712704,905
ozks,548864,691
ozks,57344,3
ozks,57344,10
ozks,69632,30
ozks,98304,52
ozks,253952,268
ozks,139264,106
ozks,65536,17
ozks,69632,25
ozks,73728,32
ozks,131072,91
ozks,57344,0
ozks,57344,1
ozks,57344,8
ozks,69632,26
ozks,57344,5
ozks,57344,2
ozks,102400,67
ozks,98304,55
ozks,57344,3
ozks,98304,55
ozks,98304,58
ozks,57344,8
ozks,81920,37
ozks,73728,32
ozks,69632,26
ozks,69632,26
ozks,69632,25
ozks,57344,6
ozks,57344,6
ozks,57344,6
ozks,57344,1
ozks,57344,0
ozks,69632,31
ozks,65536,20
ozks,69632,23
ozks,65536,17
ozks,57344,7
ozks,57344,7
ozks,110592,77
ozks,65536,12
ozks,65536,13
ozks,57344,5
ozks,57344,2
ozks,102400,63
ozks,57344,2
ozks,155648,133
ozks,741376,942
ozks,57344,4
ozks,684032,873
ozks,57344,0
ozks,98304,58
ozks,708608,905
ozks,135168,106
ozks,57344,1
ozks,81920,39
ozks,311296,340
ozks,446464,541
ozks,57344,3
ozks,57344,2
ozks,65536,16
ozks,57344,2
ozks,57344,4
ozks,57344,0
ozks,118784,84
ozks,69632,26
ozks,65536,17
ozks,57344,9
ozks,57344,4
ozks,69632,31
ozks,65536,15
ozks,765952,983
ozks,69632,30
ozks,356352,417
ozks,65536,14
ozks,102400,64
ozks,110592,76
ozks,98304,59
ozks,253952,268
ozks,57344,8
ozks,131072,88
ozks,180224,164
ozks,155648,131
ozks,57344,1
ozks,65536,19
ozks,57344,5
ozks,69632,22
ozks,69632,29
ozks,81920,39
ozks,303104,331
ozks,57344,8
ozks,65536,13
ozks,57344,1
ozks,65536,20
ozks,159744,143
ozks,81920,37
ozks,69632,23
ozks,131072,98
ozks,57344,5
ozks,290816,325
ozks,57344,8
ozks,81920,37
ozks,65536,17
ozks,516096,635
ozks,57344,8
ozks,57344,2
ozks,155648,128
ozks,57344,0
ozks,57344,0
ozks,299008,343
ozks,245760,254
ozks,65536,20
ozks,610304,767
ozks,65536,16
ozks,139264,105
ozks,69632,31
ozks,57344,8
ozks,57344,6
ozks,204800,196
ozks,118784,85
ozks,159744,143
ozks,57344,5
ozks,57344,5
ozks,57344,1
ozks,163840,142
ozks,57344,8
ozks,57344,0
ozks,278528,291
ozks,65536,16
ozks,139264,105
ozks,233472,240
ozks,57344,2
ozks,69632,25
ozks,73728,35
ozks,57344,5
ozks,65536,17
ozks,413696,494
ozks,57344,1
ozks,65536,25
ozks,102400,66
ozks,126976,87
ozks,159744,139
ozks,94208,42
ozks,57344,1
ozks,335872,382
ozks,147456,115
ozks,57344,0
ozks,69632,26
ozks,98304,52
ozks,65536,16
ozks,73728,36
ozks,57344,3
ozks,57344,8
ozks,57344,1
ozks,253952,274
ozks,69632,22
ozks,57344,2
ozks,90112,41
ozks,57344,2
ozks,159744,135
ozks,57344,1
ozks,57344,6
ozks,102400,62
ozks,57344,3
ozks,57344,9
ozks,65536,18
ozks,57344,9
ozks,65536,17
ozks,65536,19
ozks,122880,83
ozks,65536,15
ozks,139264,109
ozks,73728,34
ozks,57344,6
ozks,139264,110
ozks,57344,3
ozks,57344,6
ozks,69632,27
ozks,258048,279
ozks,274432,300
ozks,81920,39
ozks,110592,77
ozks,57344,10
ozks,65536,15
ozks,69632,31
ozks,57344,8
ozks,57344,8
ozks,57344,10
ozks,716800,905
ozks,466944,565
ozks,57344,7
ozks,69632,27
ozks,69632,27
ozks,69632,31
ozks,102400,64
ozks,57344,0
ozks,57344,1
ozks,57344,8
ozks,458752,541
ozks,57344,11
ozks,69632,27
ozks,57344,5
ozks,110592,76
ozks,114688,80
ozks,442368,535
ozks,159744,133
ozks,57344,10
ozks,225280,231
ozks,724992,923
ozks,57344,2
ozks,57344,2
ozks,716800,910
ozks,65536,16
ozks,57344,11
ozks,73728,36
ozks,159744,137
ozks,57344,1
ozks,57344,1
ozks,159744,140
ozks,552960,688
ozks,90112,40
ozks,57344,7
ozks,159744,140
ozks,57344,7
ozks,69632,28
ozks,57344,4
ozks,57344,8
ozks,57344,6
ozks,126976,90
ozks,167936,146
ozks,57344,8
ozks,98304,54
ozks,65536,12
ozks,57344,0
ozks,57344,1
ozks,221184,216
ozks,57344,2
ozks,57344,0
ozks,57344,9
ozks,69632,25
ozks,131072,100
ozks,65536,17
ozks,57344,9
ozks,57344,4
ozks,65536,12
ozks,57344,9
ozks,57344,1
ozks,57344,4
ozks,57344,0
ozks,57344,4
ozks,65536,17
ozks,57344,1
ozks,65536,17
ozks,65536,12
ozks,73728,34
ozks,176128,156
ozks,57344,9
ozks,303104,336
ozks,57344,7
ozks,57344,3
ozks,57344,1
ozks,94208,46
ozks,65536,15
ozks,65536,20
ozks,57344,4
ozks,417792,498
ozks,57344,4
ozks,57344,9
ozks,696320,882
ozks,65536,15
ozks,69632,22
ozks,192512,173
ozks,180224,169
ozks,139264,105
ozks,69632,29
ozks,57344,3
ozks,57344,6
ozks,73728,60
ozks,102400,64
ozks,73728,34
ozks,102400,70
ozks,57344,3
ozks,57344,8
ozks,131072,99
ozks,57344,8
ozks,102400,68
ozks,69632,25
ozks,57344,4
ozks,94208,48
ozks,57344,9
ozks,57344,2
ozks,94208,51
ozks,65536,17
ozks,90112,40
ozks,57344,0
ozks,57344,1
ozks,94208,44
ozks,57344,3
ozks,57344,0
ozks,69632,26
ozks,57344,4
ozks,94208,48
ozks,81920,37
ozks,204800,201
ozks,73728,32
ozks,57344,5
ozks,57344,8
ozks,122880,84
ozks,65536,17
ozks,69632,31
ozks,57344,5
ozks,57344,1
ozks,57344,5
ozks,69632,27
ozks,57344,6
ozks,57344,8
ozks,286720,325
ozks,57344,7
ozks,65536,18
ozks,57344,2
ozks,57344,0
ozks,57344,1
ozks,258048,276
ozks,57344,2
ozks,778240,993
ozks,94208,48
ozks,98304,54
ozks,57344,6
ozks,57344,6
ozks,65536,13
ozks,208896,201
ozks,73728,36
ozks,57344,8
ozks,57344,0
ozks,65536,15
ozks,69632,29
ozks,65536,15
ozks,57344,3
ozks,81920,38
ozks,102400,69
ozks,57344,0
ozks,69632,23
ozks,69632,31
ozks,585728,734
ozks,724992,932
ozks,81920,38
ozks,81920,39
ozks,57344,1
ozks,290816,325
ozks,94208,42
ozks,65536,13
ozks,57344,1
ozks,81920,39
ozks,57344,1
ozks,57344,8
ozks,69632,26
ozks,405504,483
ozks,69632,26
ozks,69632,24
ozks,57344,3
ozks,102400,64
ozks,65536,20
ozks,57344,3
ozks,307200,344
ozks,167936,152
ozks,57344,5
ozks,57344,0
ozks,57344,5
ozks,90112,40
ozks,57344,3
ozks,258048,276
ozks,110592,76
ozks,57344,6
ozks,139264,110
ozks,65536,17
ozks,57344,4
ozks,81920,39
ozks,94208,45
ozks,57344,8
ozks,65536,20
ozks,114688,80
ozks,57344,0
ozks,57344,1
ozks,57344,2
ozks,380928,452
ozks,671744,857
ozks,57344,1
ozks,57344,0
ozks,294912,322
ozks,151552,129
ozks,389120,463
ozks,81920,39
ozks,397312,474
ozks,139264,105
ozks,57344,8
ozks,57344,9
ozks,57344,0
ozks,327680,355
ozks,65536,13
ozks,290816,325
ozks,311296,352
ozks,57344,5
ozks,65536,17
ozks,69632,22
ozks,675840,865
ozks,57344,0
ozks,65536,14
ozks,413696,494
ozks,57344,4
ozks,65536,20
ozks,57344,5
ozks,69632,28
ozks,57344,9
ozks,65536,14
ozks,57344,10
ozks,290816,325
ozks,57344,0
ozks,57344,5
ozks,462848,558
ozks,94208,45
ozks,69632,22
ozks,94208,49
ozks,73728,35
ozks,57344,2
ozks,57344,2
ozks,57344,4
ozks,475136,582
ozks,57344,4
ozks,65536,17
ozks,65536,16
ozks,57344,2
ozks,372736,439
ozks,110592,76
ozks,57344,3
ozks,57344,10
ozks,102400,68
ozks,65536,14
ozks,69632,27
ozks,57344,2
ozks,57344,9
ozks,57344,1
ozks,69632,30
ozks,57344,0
ozks,57344,6
ozks,65536,13
ozks,57344,2
ozks,57344,0
ozks,73728,34
ozks,548864,680
ozks,57344,6
ozks,159744,134
ozks,167936,146
ozks,155648,141
ozks,57344,10
ozks,57344,9
ozks,94208,44
ozks,483328,590
ozks,65536,17
ozks,81920,37
ozks,65536,17
ozks,57344,1
ozks,131072,89
ozks,155648,128
ozks,57344,0
ozks,57344,0
ozks,57344,10
ozks,733184,943
ozks,65536,15
ozks,98304,56
ozks,57344,10
ozks,57344,1
ozks,57344,0
ozks,57344,3
ozks,65536,14
ozks,69632,23
ozks,139264,104
ozks,65536,12
ozks,126976,87
ozks,57344,3
ozks,708608,905
ozks,69632,24
ozks,57344,3
ozks,65536,17
ozks,57344,8
ozks,57344,11
ozks,81920,37
ozks,57344,8
ozks,57344,7
ozks,65536,14
ozks,57344,10
ozks,69632,29
ozks,57344,4
ozks,118784,82
ozks,303104,342
ozks,57344,8
ozks,57344,7
ozks,90112,41
ozks,397312,467
ozks,57344,6
ozks,126976,86
ozks,73728,32
ozks,573440,722
ozks,94208,47
ozks,65536,17
ozks,57344,6
ozks,73728,36
ozks,57344,1
ozks,57344,1
ozks,57344,5
ozks,57344,11
ozks,94208,46
ozks,57344,2
ozks,65536,14
ozks,73728,36
ozks,57344,5
ozks,65536,16
ozks,69632,26
ozks,57344,1
ozks,57344,10
ozks,176128,162
ozks,57344,8
ozks,57344,1
ozks,114688,80
ozks,57344,1
ozks,57344,1
ozks,94208,52
ozks,704512,907
ozks,102400,66
ozks,57344,3
ozks,118784,84
ozks,57344,0
ozks,57344,3
ozks,65536,17
ozks,507904,630
ozks,57344,2
ozks,520192,643
ozks,114688,77
ozks,233472,247
ozks,118784,85
ozks,57344,8
ozks,57344,10
ozks,65536,14
ozks,98304,53
ozks,57344,10
ozks,69632,26
ozks,57344,3
ozks,57344,7
ozks,57344,0
ozks,57344,1
ozks,176128,157
ozks,94208,46
ozks,57344,1
ozks,57344,0
ozks,73728,34
ozks,155648,140
ozks,188416,175
ozks,94208,43
ozks,98304,56
ozks,57344,0
ozks,57344,4
ozks,57344,7
ozks,69632,30
ozks,57344,8
ozks,90112,40
ozks,57344,5
ozks,57344,9
ozks,401408,482
ozks,69632,31
ozks,69632,26
ozks,57344,8
ozks,65536,20
ozks,335872,385
ozks,135168,95
ozks,139264,107
ozks,57344,1
ozks,65536,21
ozks,270336,291
ozks,69632,29
ozks,176128,158
ozks,57344,8
ozks,57344,10
ozks,233472,246
ozks,163840,142
ozks,65536,18
ozks,98304,54
ozks,102400,67
ozks,69632,26
ozks,98304,55
ozks,57344,11
ozks,81920,38
ozks,217088,213
ozks,94208,51
ozks,57344,3
ozks,57344,1
ozks,57344,5
ozks,57344,8
ozks,57344,4
ozks,57344,9
ozks,57344,2
ozks,131072,101
ozks,57344,8
ozks,65536,12
ozks,57344,1
ozks,57344,2
ozks,57344,1
ozks,57344,2
ozks,708608,904
ozks,143360,110
ozks,561152,699
ozks,57344,2
ozks,65536,17
ozks,65536,12
ozks,65536,15
ozks,57344,10
ozks,110592,76
ozks,57344,11
ozks,57344,0
ozks,65536,16
ozks,65536,14
ozks,57344,7
ozks,57344,5
ozks,102400,64
ozks,57344,1
ozks,57344,6
ozks,57344,2
ozks,98304,52
ozks,65536,17
ozks,94208,45
ozks,57344,4
ozks,57344,8
ozks,57344,1
ozks,57344,9
ozks,57344,5
ozks,69632,31
ozks,90112,40
ozks,102400,68
ozks,393216,463
ozks,155648,128
ozks,147456,115
ozks,57344,7
ozks,126976,89
ozks,655360,831
ozks,102400,64
ozks,155648,128
ozks,57344,3
ozks,57344,1
ozks,98304,52
ozks,57344,9
ozks,57344,7
ozks,65536,12
ozks,69632,27
ozks,73728,36
ozks,81920,38
ozks,57344,2
ozks,57344,8
ozks,102400,71
ozks,602112,742
ozks,290816,325
ozks,139264,108
ozks,278528,307
ozks,475136,580
ozks,69632,25
ozks,57344,1
ozks,65536,17
ozks,65536,13
ozks,57344,3
ozks,118784,83
ozks,65536,18
ozks,57344,3
ozks,57344,0
ozks,57344,1
ozks,65536,16
ozks,57344,8
ozks,118784,85
ozks,57344,1
ozks,57344,3
ozks,65536,17
ozks,184320,164
ozks,57344,2
ozks,57344,7
ozks,69632,29
ozks,69632,27
ozks,57344,0
ozks,237568,246
ozks,192512,177
ozks,69632,28
ozks,73728,34
ozks,57344,5
ozks,57344,0
ozks,69632,31
ozks,163840,141
ozks,475136,574
ozks,57344,4
ozks,233472,245
ozks,69632,24
ozks,299008,320
ozks,102400,67
ozks,131072,101
ozks,110592,74
ozks,57344,9
ozks,176128,158
ozks,151552,123
ozks,397312,475
ozks,65536,13
ozks,135168,102
ozks,417792,495
ozks,69632,23
ozks,102400,66
ozks,69632,28
ozks,98304,58
ozks,151552,118
ozks,57344,9
ozks,57344,0
ozks,557056,687
ozks,65536,21
ozks,65536,20
ozks,69632,28
ozks,196608,179
ozks,65536,12
ozks,57344,0
ozks,57344,3
ozks,57344,3
ozks,57344,4
ozks,176128,155
ozks,69632,28
ozks,57344,1
ozks,57344,5
ozks,184320,165
ozks,65536,17
ozks,65536,20
ozks,147456,117
ozks,94208,42
ozks,57344,8
ozks,65536,13
ozks,65536,18
ozks,81920,37
ozks,57344,11
ozks,73728,36
ozks,167936,149
ozks,57344,11
ozks,57344,1
ozks,65536,13
ozks,57344,1
ozks,57344,1
ozks,57344,0
ozks,180224,167
ozks,589824,742
ozks,57344,3
ozks,57344,9
ozks,57344,5
ozks,57344,2
ozks,57344,8
ozks,57344,2
ozks,73728,36
ozks,57344,1
ozks,57344,2
ozks,143360,114
ozks,155648,128
ozks,110592,75
ozks,57344,7
ozks,57344,1
ozks,57344,10
ozks,57344,0
ozks,65536,12
ozks,65536,17
ozks,131072,101
ozks,589824,749
ozks,65536,17
ozks,69632,25
ozks,131072,88
ozks,98304,53
ozks,57344,6
ozks,98304,55
ozks,65536,17
ozks,102400,62
ozks,57344,9
ozks,57344,3
ozks,81920,37
ozks,69632,25
ozks,57344,5
ozks,57344,0
ozks,454656,541
ozks,81920,39
ozks,57344,0
ozks,65536,14
ozks,57344,1
ozks,57344,8
ozks,65536,17
ozks,69632,23
ozks,73728,36
ozks,253952,274
ozks,57344,1
ozks,57344,1
ozks,69632,29
ozks,57344,1
ozks,57344,2
ozks,57344,11
ozks,110592,74
ozks,65536,14
ozks,57344,8
ozks,57344,8
ozks,675840,852
ozks,73728,35
ozks,57344,2
ozks,57344,1
ozks,57344,0
ozks,57344,8
ozks,57344,0
ozks,73728,32
ozks,69632,27
ozks,69632,23
ozks,57344,10
ozks,57344,2
ozks,151552,121
ozks,73728,36
ozks,208896,201
ozks,65536,17
ozks,57344,7
ozks,57344,6
ozks,65536,17
ozks,57344,1
ozks,73728,36
ozks,57344,2
ozks,69632,26
ozks,73728,34
ozks,57344,3
ozks,65536,14
ozks,102400,63
ozks,57344,11
ozks,253952,272
ozks,57344,8
ozks,139264,106
ozks,69632,22
ozks,102400,65
ozks,172032,149
ozks,57344,10
ozks,65536,19
ozks,94208,44
ozks,307200,346
ozks,65536,17
ozks,57344,8
ozks,57344,5
ozks,57344,8
ozks,81920,37
ozks,69632,22
ozks,131072,99
ozks,69632,26
ozks,57344,9
ozks,57344,8
ozks,65536,15
ozks,57344,1
ozks,65536,14
ozks,69632,23
ozks,57344,0
ozks,65536,17
ozks,180224,167
ozks,192512,173
ozks,167936,147
ozks,57344,1
ozks,57344,3
ozks,700416,892
ozks,57344,2
ozks,69632,28
ozks,69632,24
ozks,57344,4
ozks,716800,905
ozks,57344,6
ozks,57344,6
ozks,446464,541
ozks,65536,20
ozks,57344,8
ozks,118784,83
ozks,81920,37
ozks,57344,4
ozks,57344,7
ozks,98304,61
ozks,65536,13
ozks,57344,4
ozks,57344,8
ozks,57344,1
ozks,57344,0
ozks,57344,1
ozks,249856,252
ozks,65536,21
ozks,69632,27
ozks,57344,3
ozks,249856,262
ozks,65536,17
ozks,57344,10
ozks,57344,10
ozks,57344,1
ozks,57344,0
ozks,57344,1
ozks,110592,73
ozks,57344,9
ozks,57344,0
ozks,65536,13
ozks,98304,59
ozks,147456,115
ozks,65536,13
ozks,57344,1
ozks,102400,68
ozks,57344,6
ozks,57344,9
ozks,397312,460
ozks,57344,0
ozks,155648,130
ozks,69632,28
ozks,57344,1
ozks,57344,0
ozks,57344,1
ozks,57344,9
ozks,57344,3
ozks,57344,8
ozks,335872,384
ozks,73728,35
ozks,57344,4
ozks,57344,2
ozks,245760,254
ozks,65536,12
ozks,233472,240
ozks,65536,20
ozks,65536,17
ozks,118784,84
ozks,135168,101
ozks,57344,1
ozks,270336,284
ozks,57344,11
ozks,73728,32
ozks,102400,70
ozks,475136,574
ozks,65536,13
ozks,57344,1
ozks,57344,8
ozks,180224,170
ozks,331776,382
ozks,81920,37
ozks,65536,21
ozks,57344,7
ozks,57344,6
ozks,110592,78
ozks,57344,5
ozks,57344,2
ozks,65536,17
ozks,102400,63
ozks,65536,13
ozks,57344,3
ozks,110592,74
ozks,65536,15
ozks,57344,5
ozks,69632,30
ozks,57344,7
ozks,57344,3
ozks,278528,303
ozks,57344,8
ozks,73728,35
ozks,57344,1
ozks,57344,2
ozks,73728,34
ozks,94208,44
ozks,307200,351
ozks,57344,8
ozks,57344,0
ozks,57344,9
ozks,204800,188
ozks,57344,8
ozks,57344,9
ozks,57344,1
ozks,57344,2
ozks,57344,10
ozks,57344,5
ozks,57344,6
ozks,180224,168
ozks,57344,0
ozks,94208,45
ozks,73728,35
ozks,102400,67
ozks,65536,20
ozks,57344,4
ozks,57344,3
ozks,98304,51
ozks,65536,13
ozks,81920,39
ozks,57344,8
ozks,57344,0
ozks,65536,16
ozks,57344,8
ozks,57344,11
ozks,331776,369
ozks,57344,8
ozks,57344,11
ozks,69632,26
ozks,65536,15
ozks,303104,341
ozks,57344,7
ozks,57344,9
ozks,57344,7
ozks,57344,10
ozks,65536,14
ozks,57344,1
ozks,69632,29
ozks,57344,5
ozks,57344,3
ozks,81920,39
ozks,147456,116
ozks,57344,0
ozks,57344,1
ozks,57344,4
ozks,65536,12
ozks,139264,109
ozks,102400,66
ozks,69632,24
ozks,155648,128
ozks,73728,35
ozks,69632,26
ozks,65536,17
ozks,57344,0
ozks,57344,10
ozks,57344,0
ozks,98304,52
ozks,65536,18
ozks,65536,19
ozks,69632,27
ozks,57344,10
ozks,307200,327
ozks,57344,5
ozks,57344,4
ozks,57344,1
ozks,57344,8
ozks,57344,6
ozks,69632,25
ozks,94208,43
ozks,57344,3
ozks,57344,2
ozks,65536,20
ozks,57344,4
ozks,65536,18
ozks,57344,6
ozks,57344,5
ozks,57344,9
ozks,684032,866
ozks,57344,1
ozks,57344,0
ozks,98304,54
ozks,57344,6
ozks,57344,2
ozks,176128,160
ozks,57344,8
ozks,57344,10
ozks,57344,9
ozks,290816,325
ozks,57344,3
ozks,94208,50
ozks,131072,93
ozks,688128,880
ozks,131072,91
ozks,57344,3
ozks,557056,692
ozks,57344,3
ozks,57344,4
ozks,65536,15
ozks,57344,8
ozks,65536,18
ozks,57344,1
ozks,65536,17
ozks,65536,16
ozks,274432,297
ozks,65536,18
ozks,65536,17
ozks,57344,8
ozks,57344,4
ozks,98304,54
ozks,69632,31
ozks,184320,166
ozks,98304,62
ozks,57344,5
ozks,73728,34
ozks,90112,41
ozks,57344,5
ozks,131072,93
ozks,57344,9
ozks,57344,2
ozks,90112,41
ozks,81920,37
ozks,73728,36
ozks,204800,183
ozks,172032,162
ozks,57344,1
ozks,69632,24
ozks,57344,0
ozks,57344,7
ozks,57344,6
ozks,81920,37
ozks,65536,20
ozks,69632,24
ozks,90112,41
ozks,73728,35
ozks,57344,3
ozks,98304,52
ozks,102400,69
ozks,65536,12
ozks,180224,165
ozks,57344,5
ozks,57344,9
ozks,69632,22
ozks,57344,7
ozks,57344,8
ozks,57344,1
ozks,57344,0
ozks,57344,4
ozks,57344,11
ozks,65536,14
ozks,69632,25
ozks,126976,90
ozks,57344,2
ozks,102400,64
ozks,69632,29
ozks,57344,5
ozks,167936,144
ozks,155648,138
ozks,65536,13
ozks,299008,329
ozks,163840,143
ozks,57344,8
ozks,69632,22
ozks,139264,108
ozks,57344,1
ozks,57344,0
ozks,57344,4
ozks,708608,904
ozks,131072,99
ozks,57344,4
ozks,335872,382
ozks,57344,2
ozks,65536,16
ozks,57344,6
ozks,57344,7
ozks,57344,7
ozks,57344,4
ozks,57344,0
ozks,57344,2
ozks,266240,285
ozks,57344,9
ozks,69632,24
ozks,57344,0
ozks,270336,285
ozks,57344,1
ozks,65536,17
ozks,483328,596
ozks,118784,84
ozks,69632,26
ozks,69632,29
ozks,57344,1
ozks,65536,16
ozks,65536,12
ozks,57344,1
ozks,73728,35
ozks,57344,1
ozks,81920,37
ozks,57344,8
ozks,57344,1
ozks,65536,17
ozks,65536,14
ozks,81920,38
ozks,57344,0
ozks,57344,8
ozks,192512,179
ozks,57344,1
ozks,57344,2
ozks,65536,20
ozks,57344,10
ozks,81920,39
ozks,102400,71
ozks,57344,0
ozks,57344,3
ozks,65536,12
ozks,307200,346
ozks,57344,2
ozks,172032,148
ozks,57344,5
ozks,69632,28
ozks,65536,15
ozks,65536,12
ozks,57344,0
ozks,65536,17
ozks,94208,48
ozks,69632,31
ozks,57344,3
ozks,65536,19
ozks,57344,0
ozks,57344,9
ozks,102400,67
ozks,405504,470
ozks,94208,50
ozks,131072,92
ozks,57344,1
ozks,282624,302
ozks,57344,5
ozks,57344,1
ozks,135168,94
ozks,258048,282
ozks,606208,759
ozks,69632,26
ozks,57344,1
ozks,65536,18
ozks,212992,205
ozks,81920,39
ozks,57344,10
ozks,57344,3
ozks,57344,1
ozks,57344,6
ozks,159744,136
ozks,94208,44
ozks,98304,59
ozks,69632,25
ozks,57344,6
ozks,57344,5
ozks,151552,122
ozks,155648,128
ozks,57344,8
ozks,69632,23
ozks,159744,140
ozks,65536,17
ozks,98304,52
ozks,151552,127
ozks,102400,68
ozks,57344,5
ozks,57344,1
ozks,73728,35
ozks,323584,360
ozks,57344,2
ozks,57344,2
ozks,57344,0
ozks,57344,1
ozks,57344,6
ozks,65536,12
ozks,57344,4
ozks,57344,3
ozks,65536,15
ozks,57344,1
ozks,65536,13
ozks,57344,10
ozks,57344,8
ozks,204800,201
ozks,57344,0
ozks,57344,5
ozks,159744,142
ozks,57344,10
ozks,57344,1
ozks,81920,38
ozks,274432,297
ozks,159744,135
ozks,57344,10
ozks,57344,9
ozks,57344,10
ozks,94208,43
ozks,57344,8
ozks,573440,706
ozks,69632,28
ozks,155648,127
ozks,57344,0
ozks,65536,13
ozks,57344,0
ozks,57344,10
ozks,57344,1
ozks,69632,22
ozks,57344,0
ozks,57344,3
ozks,126976,90
ozks,397312,464
ozks,94208,50
ozks,57344,0
ozks,57344,0
ozks,57344,7
ozks,172032,149
ozks,57344,10
ozks,57344,1
ozks,57344,10
ozks,57344,0
ozks,65536,19
ozks,65536,17
ozks,57344,0
ozks,57344,10
ozks,98304,56
ozks,65536,17
ozks,167936,145
ozks,708608,908
ozks,57344,10
ozks,98304,55
ozks,57344,0
ozks,57344,1
ozks,57344,7
ozks,57344,1
ozks,57344,0
ozks,286720,325
ozks,73728,33
ozks,65536,15
ozks,69632,28
ozks,57344,2
ozks,204800,201
ozks,57344,8
ozks,57344,0
ozks,233472,233
ozks,65536,12
ozks,57344,7
ozks,159744,137
ozks,139264,104
ozks,286720,325
ozks,57344,2
ozks,57344,11
ozks,57344,1
ozks,57344,0
ozks,118784,83
ozks,102400,62
ozks,73728,35
ozks,65536,20
ozks,65536,21
ozks,192512,178
ozks,65536,16
ozks,65536,21
ozks,73728,33
ozks,69632,28
ozks,139264,110
ozks,57344,1
ozks,98304,58
ozks,65536,13
ozks,65536,20
ozks,57344,2
ozks,90112,40
ozks,172032,151
ozks,57344,0
ozks,57344,8
ozks,57344,3
ozks,57344,0
ozks,532480,661
ozks,57344,2
ozks,57344,0
ozks,299008,320
ozks,229376,244
ozks,57344,11
ozks,57344,1
ozks,507904,620
ozks,57344,4
ozks,65536,17
ozks,57344,0
ozks,69632,26
ozks,155648,127
ozks,57344,3
ozks,126976,86
ozks,98304,60
ozks,614400,764
ozks,57344,1
ozks,73728,32
ozks,57344,2
ozks,69632,22
ozks,274432,297
ozks,57344,1
ozks,73728,36
ozks,57344,7
ozks,57344,1
ozks,94208,48
ozks,65536,13
ozks,57344,1
ozks,57344,1
ozks,126976,88
ozks,57344,2
ozks,57344,0
ozks,200704,187
ozks,98304,55
ozks,57344,4
ozks,57344,0
ozks,172032,158
ozks,57344,6
ozks,253952,273
ozks,69632,30
ozks,69632,27
ozks,286720,325
ozks,65536,17
ozks,290816,325
ozks,65536,14
ozks,57344,4
ozks,102400,68
ozks,98304,56
ozks,57344,10
ozks,69632,27
ozks,290816,323
ozks,57344,7
ozks,69632,26
ozks,65536,12
ozks,57344,6
ozks,65536,17
ozks,57344,6
ozks,69632,22
ozks,98304,55
ozks,106496,72
ozks,57344,1
ozks,774144,997
ozks,69632,22
ozks,155648,138
ozks,118784,83
ozks,65536,14
ozks,294912,324
ozks,57344,8
ozks,638976,808
ozks,94208,50
ozks,98304,52
ozks,81920,37
ozks,57344,6
ozks,57344,5
ozks,57344,11
ozks,57344,8
ozks,307200,352
ozks,65536,14
ozks,65536,17
ozks,65536,20
ozks,57344,3
ozks,98304,55
ozks,57344,9
ozks,270336,291
ozks,65536,13
ozks,57344,4
ozks,204800,199
ozks,65536,19
ozks,425984,510
ozks,65536,17
ozks,659456,833
ozks,98304,51
ozks,57344,5
ozks,57344,8
ozks,65536,17
ozks,57344,0
ozks,57344,4
ozks,98304,53
ozks,57344,9
ozks,585728,734
ozks,57344,1
ozks,57344,1
ozks,57344,2
ozks,65536,17
ozks,212992,210
ozks,155648,139
ozks,57344,10
ozks,73728,36
ozks,57344,4
ozks,557056,680
ozks,135168,101
ozks,57344,9
ozks,57344,3
ozks,69632,26
ozks,131072,99
ozks,114688,80
ozks,94208,45
ozks,69632,24
ozks,81920,38
ozks,102400,64
ozks,90112,40
ozks,57344,0
ozks,57344,3
ozks,126976,91
ozks,761856,981
ozks,57344,1
ozks,65536,12
ozks,57344,9
ozks,147456,116
ozks,57344,4
ozks,57344,10
ozks,159744,137
ozks,57344,0
ozks,57344,0
ozks,65536,17
ozks,57344,1
ozks,57344,0
ozks,57344,3
ozks,57344,8
ozks,225280,227
ozks,57344,4
ozks,126976,90
ozks,57344,0
ozks,69632,25
ozks,57344,1
ozks,102400,69
ozks,57344,1
ozks,73728,35
ozks,57344,3
ozks,57344,8
ozks,69632,26
ozks,114688,80
ozks,57344,6
ozks,155648,127
ozks,155648,133
ozks,421888,494
ozks,114688,81
ozks,65536,15
ozks,57344,11
ozks,57344,0
ozks,159744,135
ozks,65536,20
ozks,57344,4
ozks,57344,0
ozks,65536,14
ozks,73728,34
ozks,57344,1
ozks,57344,10
ozks,69632,25
ozks,73728,33
ozks,167936,147
ozks,548864,678
ozks,65536,12
ozks,249856,261
ozks,57344,1
ozks,57344,1
ozks,135168,103
ozks,57344,8
ozks,610304,767
ozks,57344,6
ozks,167936,152
ozks,126976,89
ozks,118784,85
ozks,102400,71
ozks,57344,1
ozks,57344,5
ozks,57344,3
ozks,98304,53
ozks,94208,43
ozks,65536,20
ozks,57344,2
ozks,57344,8
ozks,57344,8
ozks,65536,18
ozks,143360,110
ozks,761856,983
ozks,57344,3
ozks,57344,8
ozks,57344,5
ozks,57344,0
ozks,192512,176
ozks,73728,36
ozks,57344,3
ozks,57344,0
ozks,65536,17
ozks,94208,51
ozks,675840,836
ozks,69632,26
ozks,57344,2
ozks,57344,7
ozks,679936,862
ozks,57344,1
ozks,57344,0
ozks,57344,0
ozks,57344,1
ozks,57344,1
ozks,65536,12
ozks,57344,6
ozks,57344,5
ozks,57344,1
ozks,135168,95
ozks,335872,385
ozks,94208,42
ozks,712704,904
ozks,57344,1
ozks,57344,8
ozks,577536,729
ozks,57344,1
ozks,57344,0
ozks,311296,352
ozks,69632,22
ozks,81920,37
ozks,57344,7
ozks,57344,5
ozks,69632,29
ozks,188416,167
ozks,671744,856
ozks,389120,466
ozks,57344,8
ozks,57344,3
ozks,57344,0
ozks,57344,3
ozks,90112,40
ozks,73728,35
ozks,65536,19
ozks,176128,158
ozks,73728,36
ozks,57344,1
ozks,57344,1
ozks,102400,66
ozks,110592,75
ozks,57344,2
ozks,57344,0
ozks,57344,1
ozks,57344,6
ozks,57344,9
ozks,204800,199
ozks,102400,67
ozks,102400,65
ozks,421888,496
ozks,57344,1
ozks,69632,25
ozks,65536,12
ozks,57344,3
ozks,65536,14
ozks,65536,15
ozks,65536,17
ozks,151552,130
ozks,57344,2
ozks,94208,47
ozks,57344,3
ozks,65536,12
ozks,57344,2
ozks,192512,177
ozks,57344,3
ozks,57344,8
ozks,57344,7
ozks,81920,38
ozks,376832,442
ozks,57344,1
ozks,57344,1
ozks,102400,68
ozks,57344,1
ozks,57344,3
ozks,159744,142
ozks,290816,325
ozks,65536,14
ozks,57344,8
ozks,65536,12
ozks,57344,8
ozks,57344,1
ozks,69632,22
ozks,57344,8
ozks,65536,13
ozks,57344,3
ozks,65536,18
ozks,57344,8
ozks,335872,383
ozks,57344,2
ozks,143360,109
ozks,57344,0
ozks,57344,5
ozks,724992,915
ozks,65536,20
ozks,233472,235
ozks,57344,1
ozks,163840,139
ozks,65536,20
ozks,57344,8
ozks,118784,82
ozks,57344,2
ozks,57344,1
ozks,692224,892
ozks,57344,1
ozks,57344,1
ozks,94208,44
ozks,225280,223
ozks,57344,1
ozks,57344,8
ozks,483328,578
ozks,57344,0
ozks,57344,0
ozks,102400,65
ozks,290816,324
ozks,57344,1
ozks,57344,0
ozks,57344,7
ozks,352256,399
ozks,290816,322
ozks,94208,44
ozks,65536,20
ozks,57344,8
ozks,94208,44
ozks,57344,0
ozks,57344,5
ozks,69632,31
ozks,57344,9
ozks,57344,11
ozks,90112,40
ozks,57344,1
ozks,57344,2
ozks,417792,489
ozks,57344,4
ozks,57344,2
ozks,57344,1
ozks,65536,12
ozks,65536,13
ozks,159744,141
ozks,57344,9
ozks,57344,1
ozks,57344,9
ozks,57344,7
ozks,98304,60
ozks,65536,14
ozks,155648,123
ozks,135168,106
ozks,57344,5
ozks,94208,45
ozks,81920,39
ozks,65536,20
ozks,69632,24
ozks,98304,52
ozks,69632,26
ozks,180224,152
ozks,65536,12
ozks,57344,7
ozks,65536,16
ozks,65536,14
ozks,69632,28
ozks,57344,9
ozks,57344,1
ozks,65536,13
ozks,81920,37
ozks,114688,81
ozks,57344,1
ozks,159744,137
ozks,57344,7
ozks,69632,25
ozks,90112,40
ozks,102400,66
ozks,57344,2
ozks,69632,29
ozks,98304,60
ozks,118784,83
ozks,57344,9
ozks,57344,3
ozks,65536,17
ozks,69632,28
ozks,69632,25
ozks,57344,1
ozks,176128,158
ozks,57344,7
ozks,532480,641
ozks,57344,0
ozks,65536,21
ozks,57344,1
ozks,57344,3
ozks,73728,34
ozks,57344,4
ozks,733184,939
ozks,57344,0
ozks,65536,16
ozks,57344,3
ozks,57344,9
ozks,159744,133
ozks,102400,64
ozks,57344,0
ozks,57344,0
ozks,65536,18
ozks,65536,17
ozks,57344,8
ozks,98304,61
ozks,57344,1
ozks,57344,4
ozks,155648,123
ozks,57344,1
ozks,57344,3
ozks,139264,105
ozks,69632,28
ozks,655360,827
ozks,98304,59
ozks,356352,409
ozks,417792,500
ozks,65536,17
ozks,57344,0
ozks,57344,3
ozks,57344,0
ozks,69632,44
ozks,57344,0
ozks,57344,1
ozks,57344,1
ozks,57344,8
ozks,57344,0
ozks,716800,904
ozks,57344,8
ozks,57344,1
ozks,57344,1
ozks,57344,0
ozks,65536,17
ozks,528384,665
ozks,69632,30
ozks,57344,10
ozks,57344,4
ozks,94208,43
ozks,57344,9
ozks,57344,5
ozks,57344,2
ozks,176128,156
ozks,122880,85
ozks,57344,11
ozks,57344,4
ozks,57344,2
ozks,65536,13
ozks,73728,36
ozks,57344,0
ozks,57344,2
ozks,159744,140
ozks,57344,5
ozks,57344,2
ozks,57344,8
ozks,57344,7
ozks,57344,0
ozks,73728,36
ozks,102400,67
ozks,65536,15
ozks,69632,31
ozks,57344,1
ozks,57344,2
ozks,57344,5
ozks,98304,59
ozks,172032,147
ozks,57344,4
ozks,102400,70
ozks,65536,19
ozks,73728,32
ozks,57344,8
ozks,69632,29
ozks,57344,0
ozks,57344,1
ozks,757760,983
ozks,180224,167
ozks,81920,39
ozks,73728,35
ozks,57344,8
ozks,57344,7
ozks,57344,9
ozks,700416,885
ozks,65536,14
ozks,57344,8
ozks,65536,14
ozks,65536,17
ozks,126976,89
ozks,57344,4
ozks,57344,10
ozks,57344,2
ozks,188416,173
ozks,57344,1
ozks,176128,154
ozks,98304,60
ozks,159744,139
ozks,57344,1
ozks,65536,14
ozks,180224,164
ozks,57344,9
ozks,114688,82
ozks,94208,42
ozks,73728,33
ozks,57344,5
ozks,57344,1
ozks,65536,17
ozks,131072,92
ozks,57344,9
ozks,57344,5
ozks,65536,13
ozks,151552,124
ozks,57344,1
ozks,102400,66
ozks,602112,759
ozks,741376,948
ozks,73728,35
ozks,65536,20
ozks,57344,4
ozks,143360,109
ozks,57344,4
ozks,57344,6
ozks,65536,17
ozks,159744,140
ozks,65536,15
ozks,98304,51
ozks,163840,140
ozks,57344,5
ozks,159744,140
ozks,65536,14
ozks,704512,907
ozks,671744,852
ozks,57344,9
ozks,65536,19
ozks,98304,59
ozks,229376,227
ozks,98304,51
ozks,57344,8
ozks,57344,11
ozks,143360,111
ozks,57344,8
ozks,204800,192
ozks,65536,20
ozks,126976,88
ozks,225280,231
ozks,155648,130
ozks,65536,21
ozks,81920,37
ozks,57344,5
ozks,57344,9
ozks,65536,17
ozks,57344,7
ozks,94208,50
ozks,65536,12
ozks,299008,325
ozks,69632,26
ozks,90112,40
ozks,524288,645
ozks,102400,72
ozks,483328,589
ozks,69632,30
ozks,57344,0
ozks,73728,35
ozks,57344,0
ozks,98304,58
ozks,57344,8
ozks,65536,18
ozks,57344,4
ozks,126976,86
ozks,327680,369
ozks,65536,12
ozks,65536,13
ozks,57344,9
ozks,208896,201
ozks,57344,5
ozks,57344,1
ozks,65536,16
ozks,57344,1
ozks,176128,158
ozks,94208,42
ozks,65536,14
ozks,57344,1
ozks,57344,10
ozks,57344,3
ozks,598016,743
ozks,57344,11
ozks,57344,0
ozks,102400,68
ozks,143360,116
ozks,57344,0
ozks,65536,18
ozks,57344,8
ozks,69632,30
ozks,57344,1
ozks,65536,17
ozks,57344,3
ozks,65536,16
ozks,57344,3
ozks,81920,39
ozks,57344,1
ozks,94208,45
ozks,57344,1
ozks,57344,2
ozks,139264,108
ozks,172032,146
ozks,57344,1
ozks,57344,1
ozks,57344,11
ozks,57344,5
ozks,69632,25
ozks,65536,16
ozks,65536,18
ozks,65536,15
ozks,110592,76
ozks,69632,30
ozks,98304,61
ozks,57344,9
ozks,135168,93
ozks,65536,13
ozks,126976,90
ozks,57344,5
ozks,540672,675
ozks,65536,16
ozks,57344,8
ozks,110592,77
ozks,65536,13
ozks,57344,7
ozks,57344,8
ozks,57344,0
ozks,57344,8
ozks,65536,12
ozks,167936,146
ozks,94208,49
ozks,57344,1
ozks,57344,4
ozks,98304,53
ozks,57344,11
ozks,65536,14
ozks,135168,105
ozks,57344,8
ozks,65536,12
ozks,147456,117
ozks,102400,67
ozks,57344,9
ozks,57344,0
ozks,57344,2
ozks,65536,16
ozks,57344,3
ozks,720896,915
ozks,73728,36
ozks,57344,4
ozks,139264,108
ozks,167936,146
ozks,57344,1
ozks,65536,13
ozks,126976,87
ozks,188416,176
ozks,57344,1
ozks,57344,4
ozks,57344,4
ozks,57344,9
ozks,65536,15
ozks,57344,1
ozks,57344,5
ozks,155648,126
ozks,172032,145
ozks,57344,11
ozks,102400,69
ozks,450560,538
ozks,57344,6
ozks,155648,127
ozks,57344,1
ozks,65536,21
ozks,65536,19
ozks,65536,20
ozks,57344,6
ozks,65536,19
ozks,57344,6
ozks,57344,4
ozks,98304,51
ozks,57344,2
ozks,57344,6
ozks,65536,15
ozks,69632,31
ozks,131072,93
ozks,98304,53
ozks,65536,12
ozks,69632,26
ozks,114688,81
ozks,57344,8
ozks,131072,101
ozks,57344,8
ozks,57344,1
ozks,729088,940
ozks,69632,23
ozks,69632,25
ozks,102400,68
ozks,102400,66
ozks,65536,20
ozks,274432,302
ozks,69632,23
ozks,57344,1
ozks,57344,1
ozks,57344,2
ozks,65536,17
ozks,69632,31
ozks,57344,1
ozks,57344,3
ozks,143360,117
ozks,57344,4
ozks,73728,36
ozks,344064,389
ozks,65536,17
ozks,57344,5
ozks,65536,17
ozks,57344,10
ozks,65536,17
ozks,57344,2
ozks,57344,5
ozks,69632,27
ozks,73728,36
ozks,57344,5
ozks,65536,13
ozks,57344,6
ozks,57344,10
ozks,57344,3
ozks,57344,6
ozks,57344,3
ozks,745472,961
ozks,65536,17
ozks,114688,80
ozks,57344,0
ozks,65536,13
ozks,57344,0
ozks,57344,8
ozks,57344,6
ozks,57344,3
ozks,57344,2
ozks,135168,105
ozks,57344,9
ozks,65536,12
ozks,57344,4
ozks,94208,42
ozks,65536,12
ozks,57344,3
ozks,589824,734
ozks,65536,13
ozks,69632,25
ozks,57344,1
ozks,102400,64
ozks,131072,96
ozks,57344,5
ozks,57344,8
ozks,229376,230
ozks,57344,0
ozks,57344,0
ozks,131072,92
ozks,57344,2
ozks,98304,54
ozks,671744,856
ozks,131072,92
ozks,57344,11
ozks,57344,1
ozks,397312,470
ozks,65536,18
ozks,57344,3
ozks,303104,340
ozks,114688,77
ozks,69632,25
ozks,65536,15
ozks,57344,3
ozks,57344,1
ozks,57344,1
ozks,65536,20
ozks,57344,8
ozks,659456,831
ozks,57344,0
ozks,356352,414
ozks,65536,15
ozks,118784,80
ozks,57344,5
ozks,65536,17
ozks,81920,37
ozks,57344,10
ozks,598016,739
ozks,57344,9
ozks,57344,10
ozks,69632,26
ozks,57344,0
ozks,94208,49
ozks,57344,3
ozks,65536,19
ozks,69632,27
ozks,782336,995
ozks,57344,5
ozks,57344,7
ozks,131072,102
ozks,143360,114
ozks,81920,38
ozks,98304,52
ozks,196608,181
ozks,94208,46
ozks,65536,13
ozks,94208,50
ozks,57344,0
ozks,57344,1
ozks,102400,72
ozks,65536,13
ozks,57344,0
ozks,57344,8
ozks,143360,117
ozks,57344,4
ozks,65536,18
ozks,675840,854
ozks,94208,43
ozks,57344,0
ozks,65536,12
ozks,65536,14
ozks,81920,37
ozks,131072,96
ozks,65536,12
ozks,151552,120
ozks,114688,81
ozks,94208,51
ozks,671744,858
ozks,94208,44
ozks,57344,3
ozks,356352,409
ozks,192512,179
ozks,176128,163
ozks,57344,3
ozks,65536,14
ozks,65536,14
ozks,65536,17
ozks,57344,7
ozks,57344,5
ozks,81920,39
ozks,69632,22
ozks,233472,243
ozks,57344,6
ozks,135168,93
ozks,126976,91
ozks,65536,17
ozks,57344,2
ozks,57344,8
ozks,352256,412
ozks,57344,11
ozks,65536,19
ozks,73728,34
ozks,57344,5
ozks,57344,3
ozks,57344,2
ozks,135168,94
ozks,757760,983
ozks,57344,0
ozks,57344,3
ozks,57344,5
ozks,90112,41
ozks,188416,175
ozks,57344,6
ozks,57344,9
ozks,57344,0
ozks,65536,12
ozks,57344,8
ozks,69632,22
ozks,73728,35
ozks,57344,8
ozks,57344,9
ozks,57344,2
ozks,143360,116
ozks,57344,5
ozks,57344,3
ozks,81920,38
ozks,208896,202
ozks,180224,167
ozks,65536,20
ozks,163840,140
ozks,57344,0
ozks,57344,5
ozks,98304,54
ozks,69632,23
ozks,172032,146
ozks,69632,25
ozks,69632,29
ozks,131072,94
ozks,57344,3
ozks,57344,8
ozks,622592,791
ozks,602112,763
ozks,102400,68
ozks,57344,1
ozks,57344,10
ozks,57344,8
ozks,57344,0
ozks,57344,0
ozks,57344,8
ozks,65536,12
ozks,65536,20
ozks,65536,12
ozks,57344,1
ozks,57344,6
ozks,65536,15
ozks,94208,44
ozks,94208,43
ozks,57344,2
ozks,57344,1
ozks,57344,1
ozks,65536,17
ozks,356352,410
ozks,57344,3
ozks,57344,5
ozks,405504,485
ozks,57344,10
ozks,57344,9
ozks,626688,789
ozks,57344,9
ozks,57344,5
ozks,65536,14
ozks,143360,117
ozks,57344,5
ozks,57344,8
ozks,57344,3
ozks,57344,1
ozks,172032,147
ozks,57344,1
ozks,65536,17
ozks,65536,16
ozks,98304,56
ozks,57344,8
ozks,503808,628
ozks,421888,500
ozks,69632,25
ozks,57344,4
ozks,57344,1
ozks,57344,3
ozks,57344,7
ozks,65536,15
ozks,57344,8
ozks,57344,4
ozks,65536,19
ozks,94208,52
ozks,57344,0
ozks,69632,25
ozks,139264,105
ozks,57344,3
ozks,131072,102
ozks,110592,78
ozks,57344,3
ozks,172032,153
ozks,110592,77
ozks,172032,149
ozks,57344,1
ozks,303104,341
ozks,57344,1
ozks,57344,2
ozks,65536,19
ozks,57344,7
ozks,69632,22
ozks,65536,14
ozks,65536,18
ozks,110592,74
ozks,163840,140
ozks,176128,159
ozks,495616,605
ozks,57344,0
ozks,65536,15
ozks,57344,3
ozks,57344,4
ozks,278528,288
ozks,90112,40
ozks,102400,63
ozks,65536,12
ozks,536576,662
ozks,389120,463
ozks,69632,26
ozks,57344,1
ozks,57344,0
ozks,557056,692
ozks,81920,37
ozks,655360,836
ozks,57344,8
ozks,131072,95
ozks,57344,1
ozks,151552,122
ozks,57344,3
ozks,57344,1
ozks,57344,0
ozks,90112,40
ozks,57344,6
ozks,57344,11
ozks,65536,20
ozks,81920,37
ozks,65536,19
ozks,57344,0
ozks,65536,13
ozks,69632,26
ozks,155648,137
ozks,57344,1
ozks,110592,76
ozks,65536,20
ozks,57344,3
ozks,57344,11
ozks,225280,225
ozks,159744,140
ozks,65536,13
ozks,69632,25
ozks,65536,14
ozks,57344,1
ozks,65536,17
ozks,57344,1
ozks,94208,44
ozks,57344,1
ozks,159744,133
ozks,57344,8
ozks,57344,5
ozks,57344,5
ozks,57344,8
ozks,90112,40
ozks,94208,50
ozks,65536,17
ozks,118784,84
ozks,57344,1
ozks,57344,2
ozks,57344,7
ozks,81920,39
ozks,69632,24
ozks,98304,52
ozks,57344,1
ozks,253952,256
ozks,65536,17
ozks,139264,104
ozks,94208,48
ozks,94208,43
ozks,110592,76
ozks,65536,12
ozks,102400,66
ozks,241664,252
ozks,65536,12
ozks,155648,138
ozks,450560,538
ozks,57344,9
ozks,98304,61
ozks,57344,4
ozks,57344,7
ozks,57344,8
ozks,57344,6
ozks,135168,93
ozks,57344,6
ozks,94208,43
ozks,458752,551
ozks,57344,3
ozks,204800,191
ozks,57344,0
ozks,593920,747
ozks,81920,37
ozks,57344,1
ozks,94208,42
ozks,57344,2
ozks,57344,3
ozks,249856,261
ozks,65536,19
ozks,57344,4
ozks,57344,8
ozks,65536,18
ozks,65536,12
ozks,65536,16
ozks,57344,2
ozks,114688,80
ozks,65536,13
ozks,405504,476
ozks,57344,0
ozks,57344,2
ozks,57344,7
ozks,126976,88
ozks,73728,34
ozks,98304,59
ozks,57344,1
ozks,65536,21
ozks,57344,4
ozks,81920,38
ozks,57344,2
ozks,102400,67
ozks,69632,26
ozks,69632,30
ozks,57344,1
ozks,57344,4
ozks,57344,1
ozks,65536,17
ozks,57344,2
ozks,57344,4
ozks,57344,0
ozks,65536,20
ozks,69632,30
ozks,57344,11
ozks,65536,17
ozks,57344,2
ozks,57344,6
ozks,749568,958
ozks,57344,6
ozks,212992,206
ozks,69632,24
ozks,172032,149
ozks,57344,0
ozks,65536,12
ozks,73728,34
ozks,65536,16
ozks,65536,12
ozks,57344,7
ozks,155648,141
ozks,69632,23
ozks,57344,7
ozks,94208,45
ozks,98304,52
ozks,57344,5
ozks,57344,6
ozks,69632,26
ozks,65536,18
ozks,57344,1
ozks,69632,27
ozks,69632,25
ozks,65536,12
ozks,430080,518
ozks,65536,13
ozks,184320,170
ozks,69632,24
ozks,65536,17
ozks,57344,2
ozks,57344,6
ozks,57344,5
ozks,65536,12
ozks,212992,207
ozks,65536,15
ozks,57344,1
ozks,135168,97
ozks,393216,467
ozks,57344,9
ozks,57344,11
ozks,73728,35
ozks,57344,9
ozks,233472,231
ozks,65536,13
ozks,69632,30
ozks,81920,37
ozks,69632,31
ozks,176128,158
ozks,237568,245
ozks,81920,37
ozks,65536,19
ozks,94208,45
ozks,94208,44
ozks,57344,9
ozks,155648,131
ozks,143360,114
ozks,57344,9
ozks,65536,19
ozks,73728,34
ozks,118784,82
ozks,303104,342
ozks,151552,129
ozks,57344,7
ozks,57344,8
ozks,69632,23
ozks,57344,0
ozks,57344,4
ozks,57344,6
ozks,274432,303
ozks,69632,26
ozks,57344,10
ozks,376832,439
ozks,69632,28
ozks,57344,8
ozks,65536,18
ozks,94208,48
ozks,57344,1
ozks,98304,57
ozks,81920,37
ozks,102400,68
ozks,81920,39
ozks,94208,46
ozks,57344,1
ozks,94208,43
ozks,73728,35
ozks,65536,18
ozks,143360,110
ozks,57344,9
ozks,57344,1
ozks,57344,8
ozks,65536,19
ozks,118784,84
ozks,69632,26
ozks,69632,31
ozks,57344,10
ozks,364544,424
ozks,208896,202
ozks,159744,141
ozks,65536,17
ozks,57344,0
ozks,81920,39
ozks,69632,31
ozks,176128,160
ozks,73728,36
ozks,57344,5
ozks,94208,42
ozks,491520,595
ozks,57344,0
ozks,65536,15
ozks,57344,4
ozks,81920,39
ozks,57344,1
ozks,69632,28
ozks,57344,0
ozks,147456,122
ozks,57344,9
ozks,57344,1
ozks,57344,8
ozks,102400,68
ozks,159744,139
ozks,118784,82
ozks,294912,325
ozks,692224,882
ozks,57344,2
ozks,65536,13
ozks,65536,14
ozks,69632,28
ozks,536576,665
ozks,57344,6
ozks,69632,25
ozks,73728,32
ozks,57344,4
ozks,57344,8
ozks,69632,22
ozks,73728,34
ozks,57344,6
ozks,57344,1
ozks,94208,51
ozks,258048,276
ozks,253952,268
ozks,565248,712
ozks,372736,427
ozks,102400,64
ozks,81920,38
ozks,57344,5
ozks,73728,35
ozks,163840,146
ozks,57344,5
ozks,57344,6
ozks,57344,0
ozks,278528,307
ozks,57344,6
ozks,57344,7
ozks,57344,3
ozks,57344,8
ozks,208896,195
ozks,102400,72
ozks,73728,34
ozks,430080,512
ozks,57344,0
ozks,57344,8
ozks,57344,4
ozks,57344,1
ozks,65536,17
ozks,155648,128
ozks,143360,111
ozks,57344,5
ozks,57344,3
ozks,57344,8
ozks,65536,19
ozks,57344,0
ozks,57344,2
ozks,69632,31
ozks,57344,8
ozks,57344,7
ozks,57344,6
ozks,57344,11
ozks,69632,29
ozks,57344,0
ozks,69632,23
ozks,57344,5
ozks,57344,1
ozks,57344,1
ozks,69632,30
ozks,57344,0
ozks,57344,7
ozks,57344,8
ozks,303104,342
ozks,278528,311
ozks,94208,44
ozks,65536,16
ozks,176128,156
ozks,57344,5
ozks,57344,10
ozks,94208,49
ozks,180224,162
ozks,73728,36
ozks,57344,1
ozks,73728,35
ozks,69632,30
ozks,102400,62
ozks,57344,6
ozks,110592,76
ozks,294912,327
ozks,253952,268
ozks,57344,6
ozks,167936,143
ozks,57344,3
ozks,462848,565
ozks,69632,31
ozks,57344,10
ozks,98304,56
ozks,69632,26
ozks,57344,0
ozks,57344,1
ozks,57344,6
ozks,102400,62
ozks,57344,1
ozks,110592,76
ozks,57344,7
ozks,57344,8
ozks,57344,3
ozks,69632,25
ozks,57344,1
ozks,536576,669
ozks,94208,51
ozks,57344,3
ozks,57344,2
ozks,65536,17
ozks,57344,1
ozks,57344,0
ozks,65536,13
ozks,253952,268
ozks,102400,62
ozks,57344,4
ozks,65536,17
ozks,57344,2
ozks,57344,8
ozks,417792,496
ozks,57344,1
ozks,57344,1
ozks,57344,10
ozks,57344,0
ozks,57344,11
ozks,69632,46
ozks,516096,640
ozks,65536,21
ozks,90112,41
ozks,57344,7
ozks,81920,38
ozks,69632,28
ozks,57344,0
ozks,57344,6
ozks,131072,102
ozks,57344,10
ozks,57344,7
ozks,118784,83
ozks,143360,111
ozks,69632,26
ozks,57344,8
ozks,57344,9
ozks,57344,5
ozks,65536,17
ozks,57344,4
ozks,57344,4
ozks,69632,22
ozks,57344,7
ozks,57344,10
ozks,110592,74
ozks,57344,1
ozks,217088,209
ozks,57344,1
ozks,57344,2
ozks,65536,14
ozks,57344,2
ozks,65536,16
ozks,110592,74
ozks,126976,90
ozks,176128,162
ozks,57344,7
ozks,57344,2
ozks,69632,27
ozks,81920,38
ozks,630784,799
ozks,57344,8
ozks,57344,9
ozks,73728,32
ozks,110592,76
ozks,57344,0
ozks,57344,0
ozks,69632,31
ozks,94208,45
ozks,57344,9
ozks,57344,0
ozks,122880,85
ozks,57344,4
ozks,98304,55
ozks,57344,1
ozks,581632,724
ozks,434176,528
ozks,118784,85
ozks,57344,1
ozks,114688,80
ozks,57344,4
ozks,65536,19
ozks,69632,24
ozks,65536,16
ozks,57344,7
ozks,57344,0
ozks,57344,0
ozks,294912,324
ozks,139264,104
ozks,57344,2
ozks,65536,12
ozks,57344,11
ozks,188416,171
ozks,57344,3
ozks,69632,26
ozks,131072,102
ozks,368640,434
ozks,94208,44
ozks,57344,11
ozks,512000,634
ozks,69632,26
ozks,57344,1
ozks,57344,3
ozks,57344,4
ozks,57344,6
ozks,339968,389
ozks,245760,256
ozks,57344,3
ozks,57344,5
ozks,57344,1
ozks,172032,146
ozks,118784,85
ozks,102400,66
ozks,102400,64
ozks,57344,9
ozks,69632,27
ozks,233472,240
ozks,57344,5
ozks,167936,152
ozks,94208,45
ozks,57344,8
ozks,65536,13
ozks,57344,0
ozks,69632,22
ozks,57344,2
ozks,57344,1
ozks,770048,991
ozks,57344,11
ozks,303104,343
ozks,139264,104
ozks,172032,152
ozks,57344,8
ozks,278528,311
ozks,704512,915
ozks,372736,431
ozks,98304,61
ozks,679936,866
ozks,57344,8
ozks,57344,7
ozks,69632,23
ozks,204800,201
ozks,131072,95
ozks,57344,6
ozks,172032,146
ozks,57344,3
ozks,143360,116
ozks,147456,116
ozks,69632,31
ozks,57344,1
ozks,503808,629
ozks,65536,15
ozks,57344,9
ozks,102400,68
ozks,69632,25
ozks,57344,5
ozks,65536,15
ozks,57344,0
ozks,57344,1
ozks,65536,17
ozks,65536,17
ozks,69632,26
ozks,65536,17
ozks,94208,50
ozks,57344,8
ozks,57344,3
ozks,372736,434
ozks,167936,147
ozks,57344,2
ozks,557056,692
ozks,57344,0
ozks,57344,7
ozks,471040,568
ozks,290816,325
ozks,57344,8
ozks,69632,26
ozks,94208,47
ozks,282624,311
ozks,94208,48
ozks,57344,0
ozks,65536,13
ozks,57344,1
ozks,57344,0
ozks,57344,3
ozks,57344,6
ozks,65536,21
ozks,57344,5
ozks,229376,228
ozks,65536,13
ozks,57344,7
ozks,233472,246
ozks,167936,146
ozks,69632,23
ozks,57344,3
ozks,57344,9
ozks,94208,48
ozks,57344,1
ozks,65536,18
ozks,57344,0
ozks,57344,7
ozks,303104,346
ozks,65536,17
ozks,98304,59
ozks,57344,0
ozks,57344,4
ozks,57344,10
ozks,57344,0
ozks,57344,3
ozks,57344,3
ozks,57344,6
ozks,94208,51
ozks,454656,541
ozks,57344,10
ozks,487424,596
ozks,237568,251
ozks,57344,3
ozks,57344,1
ozks,155648,128
ozks,65536,17
ozks,237568,246
ozks,282624,313
ozks,102400,67
ozks,184320,171
ozks,94208,51
ozks,57344,10
ozks,57344,4
ozks,102400,67
ozks,102400,65
ozks,69632,29
ozks,765952,991
ozks,65536,14
ozks,65536,17
ozks,73728,32
ozks,94208,47
ozks,81920,39
ozks,135168,97
ozks,65536,12
ozks,65536,18
ozks,610304,763
ozks,73728,31
ozks,57344,9
ozks,143360,111
ozks,57344,4
ozks,94208,47
ozks,65536,14
ozks,57344,8
ozks,692224,883
ozks,57344,4
ozks,57344,11
ozks,57344,7
ozks,65536,17
ozks,57344,8
ozks,57344,8
ozks,65536,18
ozks,65536,21
ozks,204800,190
ozks,65536,17
ozks,57344,4
ozks,57344,3
ozks,57344,0
ozks,110592,75
ozks,258048,260
ozks,57344,0
ozks,114688,80
ozks,69632,27
ozks,434176,522
ozks,405504,482
ozks,81920,38
ozks,57344,2
ozks,65536,19
ozks,102400,63
ozks,57344,1
ozks,102400,67
ozks,57344,8
ozks,57344,2
ozks,98304,61
ozks,57344,0
ozks,114688,80
ozks,57344,3
ozks,57344,1
ozks,57344,1
ozks,57344,0
ozks,57344,1
ozks,94208,47
ozks,57344,2
ozks,65536,17
ozks,458752,558
ozks,65536,17
ozks,69632,27
ozks,57344,7
ozks,57344,11
ozks,110592,78
ozks,65536,17
ozks,57344,10
ozks,81920,37
ozks,57344,8
ozks,57344,4
ozks,425984,502
ozks,69632,29
ozks,57344,10
ozks,81920,37
ozks,69632,26
ozks,110592,77
ozks,102400,69
ozks,57344,0
ozks,57344,5
ozks,184320,170
ozks,57344,1
ozks,102400,62
ozks,57344,9
ozks,65536,13
ozks,110592,77
ozks,57344,1
ozks,73728,36
ozks,57344,0
ozks,57344,4
ozks,131072,91
ozks,303104,345
ozks,69632,27
ozks,57344,8
ozks,57344,5
ozks,458752,559
ozks,81920,38
ozks,69632,24
ozks,57344,8
ozks,98304,61
ozks,65536,12
ozks,57344,0
ozks,253952,274
ozks,98304,51
ozks,57344,0
ozks,57344,7
ozks,65536,20
ozks,65536,14
ozks,102400,66
ozks,90112,41
ozks,131072,91
ozks,311296,352
ozks,65536,18
ozks,65536,15
ozks,659456,827
ozks,65536,13
ozks,94208,51
ozks,57344,7
ozks,98304,54
ozks,57344,7
ozks,57344,10
ozks,57344,1
ozks,65536,14
ozks,196608,177
ozks,90112,40
ozks,69632,26
ozks,585728,736
ozks,57344,1
ozks,118784,84
ozks,57344,3
ozks,69632,31
ozks,528384,655
ozks,73728,36
ozks,139264,108
ozks,57344,1
ozks,139264,110
ozks,57344,9
ozks,221184,223
ozks,450560,541
ozks,57344,1
ozks,65536,15
ozks,69632,31
ozks,57344,5
ozks,94208,48
ozks,57344,1
ozks,98304,54
ozks,57344,3
ozks,118784,83
ozks,118784,84
ozks,94208,43
ozks,57344,1
ozks,57344,1
ozks,69632,27
ozks,57344,8
ozks,57344,3
ozks,94208,44
ozks,57344,8
ozks,73728,35
ozks,65536,16
ozks,65536,20
ozks,57344,8
ozks,65536,15
ozks,65536,16
ozks,155648,134
ozks,65536,13
ozks,57344,4
ozks,81920,37
ozks,57344,1
ozks,65536,14
ozks,57344,9
ozks,57344,0
ozks,94208,43
ozks,286720,325
ozks,57344,3
ozks,57344,0
ozks,57344,1
ozks,122880,85
ozks,57344,9
ozks,69632,22
ozks,57344,7
ozks,98304,56
ozks,57344,5
ozks,98304,53
ozks,98304,57
ozks,294912,325
ozks,176128,158
ozks,331776,383
ozks,57344,0
ozks,57344,1
ozks,274432,296
ozks,155648,128
ozks,65536,12
ozks,57344,2
ozks,774144,998
ozks,69632,26
ozks,57344,8
ozks,208896,206
ozks,98304,58
ozks,57344,1
ozks,65536,16
ozks,57344,9
ozks,57344,2
ozks,233472,237
ozks,57344,11
ozks,57344,9
ozks,57344,8
ozks,335872,376
ozks,131072,89
ozks,110592,76
ozks,69632,28
ozks,57344,8
ozks,57344,5
ozks,430080,512
ozks,589824,734
ozks,102400,69
ozks,65536,17
ozks,57344,9
ozks,57344,1
ozks,131072,98
ozks,65536,12
ozks,57344,0
ozks,65536,18
ozks,565248,692
ozks,57344,4
ozks,65536,17
ozks,69632,23
ozks,598016,747
ozks,147456,113
ozks,81920,38
ozks,65536,15
ozks,94208,51
ozks,57344,6
ozks,57344,7
ozks,57344,0
ozks,57344,2
ozks,57344,10
ozks,69632,25
ozks,57344,5
ozks,69632,31
ozks,114688,80
ozks,446464,530
ozks,57344,3
ozks,57344,5
ozks,196608,187
ozks,57344,7
ozks,73728,36
ozks,57344,10
ozks,73728,36
ozks,155648,133
ozks,65536,18
ozks,57344,2
ozks,532480,651
ozks,57344,0
ozks,57344,9
ozks,249856,250
ozks,57344,5
ozks,466944,568
ozks,176128,158
ozks,57344,6
ozks,270336,284
ozks,516096,649
ozks,57344,0
ozks,69632,28
ozks,57344,0
ozks,102400,70
ozks,110592,78
ozks,159744,137
ozks,135168,106
ozks,57344,7
ozks,57344,4
ozks,57344,7
ozks,65536,18
ozks,135168,93
ozks,69632,25
ozks,57344,6
ozks,57344,1
ozks,57344,11
ozks,102400,64
ozks,69632,27
ozks,65536,16
ozks,57344,2
ozks,57344,4
ozks,81920,39
ozks,57344,5
ozks,57344,3
ozks,155648,128
ozks,69632,25
ozks,57344,8
ozks,65536,17
ozks,65536,21
ozks,110592,77
ozks,753664,970
ozks,57344,10
ozks,212992,210
ozks,57344,1
ozks,57344,0
ozks,69632,22
ozks,57344,0
ozks,307200,338
ozks,94208,48
ozks,57344,0
ozks,335872,382
ozks,69632,25
ozks,57344,8
ozks,57344,9
ozks,57344,5
ozks,69632,26
ozks,65536,14
ozks,69632,28
ozks,65536,20
ozks,57344,3
ozks,339968,389
ozks,57344,4
ozks,159744,134
ozks,102400,62
ozks,65536,13
ozks,159744,141
ozks,57344,10
ozks,57344,4
ozks,102400,67
ozks,180224,164
ozks,65536,19
ozks,57344,1
ozks,102400,64
ozks,57344,1
ozks,57344,7
ozks,90112,40
ozks,57344,10
ozks,65536,12
ozks,57344,2
ozks,57344,1
ozks,57344,2
ozks,69632,31
ozks,57344,0
ozks,57344,0
ozks,57344,8
ozks,368640,431
ozks,65536,21
ozks,81920,38
ozks,57344,7
ozks,139264,106
ozks,385024,453
ozks,57344,9
ozks,73728,34
ozks,155648,141
ozks,57344,4
ozks,98304,58
ozks,57344,0
ozks,172032,146
ozks,98304,59
ozks,57344,9
ozks,65536,19
ozks,65536,14
ozks,57344,0
ozks,57344,9
ozks,57344,7
ozks,110592,76
ozks,675840,853
ozks,135168,93
ozks,69632,23
ozks,57344,0
ozks,69632,27
ozks,65536,19
ozks,102400,70
ozks,57344,11
ozks,65536,17
ozks,94208,42
ozks,57344,4
ozks,57344,1
ozks,57344,5
ozks,65536,19
ozks,69632,27
ozks,65536,21
ozks,57344,1
ozks,94208,50
ozks,102400,70
ozks,65536,17
ozks,581632,730
ozks,163840,150
ozks,98304,52
ozks,57344,0
ozks,69632,29
ozks,57344,1
ozks,65536,15
ozks,57344,8
ozks,57344,1
ozks,65536,16
ozks,69632,22
ozks,98304,57
ozks,135168,106
ozks,65536,13
ozks,65536,17
ozks,159744,137
ozks,65536,19
ozks,65536,15
ozks,57344,2
ozks,69632,24
ozks,57344,10
ozks,57344,8
ozks,163840,143
ozks,163840,143
ozks,57344,10
ozks,65536,15
ozks,65536,19
ozks,159744,139
ozks,57344,7
ozks,73728,36
ozks,69632,23
ozks,172032,149
ozks,57344,2
ozks,57344,0
ozks,69632,24
ozks,69632,28
ozks,290816,324
ozks,57344,7
ozks,98304,53
ozks,135168,97
ozks,114688,80
ozks,69632,23
ozks,139264,109
ozks,57344,11
ozks,65536,17
ozks,65536,14
ozks,98304,51
ozks,98304,54
ozks,57344,4
ozks,253952,263
ozks,57344,1
ozks,69632,31
ozks,720896,922
ozks,65536,18
ozks,57344,8
ozks,57344,4
ozks,765952,991
ozks,155648,128
ozks,118784,83
ozks,57344,8
ozks,57344,4
ozks,65536,17
ozks,57344,10
ozks,299008,325
ozks,57344,1
ozks,65536,13
ozks,335872,384
ozks,57344,0
ozks,57344,1
ozks,57344,6
ozks,94208,43
ozks,81920,37
ozks,98304,55
ozks,57344,9
ozks,57344,1
ozks,57344,1
ozks,57344,0
ozks,102400,69
ozks,212992,211
ozks,73728,35
ozks,65536,18
ozks,712704,910
ozks,212992,206
ozks,57344,8
ozks,102400,71
ozks,57344,9
ozks,307200,338
ozks,143360,111
ozks,57344,10
ozks,126976,91
ozks,69632,22
ozks,57344,1
ozks,69632,27
ozks,163840,140
ozks,258048,274
ozks,65536,17
ozks,69632,21
ozks,57344,8
ozks,57344,4
ozks,143360,110
ozks,434176,518
ozks,57344,8
ozks,692224,882
ozks,73728,33
ozks,65536,18
ozks,57344,6
ozks,57344,1
ozks,65536,17
ozks,65536,17
ozks,57344,0
ozks,126976,86
ozks,65536,16
ozks,57344,10
ozks,98304,61
ozks,155648,133
ozks,69632,24
ozks,57344,6
ozks,630784,803
ozks,65536,15
ozks,57344,0
ozks,450560,535
ozks,57344,7
ozks,159744,137
ozks,94208,42
ozks,57344,1
ozks,57344,0
ozks,73728,36
ozks,57344,1
ozks,143360,116
ozks,81920,37
ozks,57344,11
ozks,69632,25
ozks,57344,2
ozks,57344,2
ozks,176128,158
ozks,102400,67
ozks,204800,187
ozks,122880,85
ozks,94208,45
ozks,57344,2
ozks,73728,32
ozks,65536,20
ozks,65536,14
ozks,94208,49
ozks,65536,16
ozks,73728,33
ozks,57344,5
ozks,98304,58
ozks,65536,17
ozks,65536,17
ozks,65536,13
ozks,57344,3
ozks,57344,3
ozks,57344,0
ozks,57344,1
ozks,167936,143
ozks,606208,764
ozks,135168,103
ozks,57344,3
ozks,57344,8
ozks,299008,328
ozks,159744,141
ozks,57344,0
ozks,57344,3
ozks,102400,68
ozks,57344,7
ozks,57344,1
ozks,610304,751
ozks,57344,8
ozks,57344,6
ozks,151552,122
ozks,57344,0
ozks,135168,102
ozks,159744,143
ozks,94208,48
ozks,94208,42
ozks,204800,201
ozks,73728,35
ozks,720896,922
ozks,69632,22
ozks,139264,109
ozks,57344,7
ozks,110592,74
ozks,520192,643
ozks,57344,3
ozks,454656,541
ozks,94208,46
ozks,311296,344
ozks,65536,12
ozks,630784,799
ozks,57344,1
ozks,57344,3
ozks,57344,4
ozks,57344,4
ozks,73728,32
ozks,57344,3
ozks,65536,18
ozks,143360,109
ozks,57344,1
ozks,188416,171
ozks,57344,8
ozks,65536,13
ozks,139264,105
ozks,258048,263
ozks,57344,0
ozks,65536,14
ozks,643072,822
ozks,57344,5
ozks,172032,149
ozks,57344,2
ozks,327680,369
ozks,57344,8
ozks,159744,134
ozks,65536,14
ozks,57344,8
ozks,94208,49
ozks,167936,145
ozks,57344,2
ozks,57344,2
ozks,57344,7
ozks,139264,109
ozks,229376,239
ozks,98304,52
ozks,57344,10
ozks,90112,40
ozks,57344,1
ozks,94208,44
ozks,69632,27
ozks,139264,104
ozks,57344,0
ozks,57344,10
ozks,57344,8
ozks,557056,690
ozks,163840,143
ozks,208896,195
ozks,290816,323
ozks,57344,3
ozks,65536,13
ozks,57344,2
ozks,57344,8
ozks,57344,2
ozks,57344,2
ozks,57344,2
ozks,126976,88
ozks,57344,11
ozks,159744,137
ozks,57344,10
ozks,98304,58
ozks,274432,297
ozks,118784,83
ozks,57344,6
ozks,57344,2
ozks,57344,8
ozks,65536,17
ozks,57344,0
ozks,57344,7
ozks,602112,770
ozks,69632,30
ozks,57344,0
ozks,598016,750
ozks,57344,2
ozks,81920,39
ozks,57344,8
ozks,118784,84
ozks,73728,34
ozks,57344,8
ozks,57344,11
ozks,57344,4
ozks,57344,4
ozks,106496,72
ozks,57344,10
ozks,98304,53
ozks,57344,5
ozks,135168,102
ozks,98304,55
ozks,57344,8
ozks,57344,3
ozks,98304,52
ozks,69632,24
ozks,57344,0
ozks,57344,10
ozks,163840,142
ozks,221184,223
ozks,335872,385
ozks,69632,24
ozks,307200,344
ozks,155648,143
ozks,94208,45
ozks,65536,19
ozks,69632,26
ozks,57344,3
ozks,65536,18
ozks,57344,1
ozks,57344,5
ozks,57344,1
ozks,290816,325
ozks,65536,12
ozks,73728,35
ozks,229376,231
ozks,65536,19
ozks,139264,106
ozks,57344,11
ozks,466944,565
ozks,102400,70
ozks,57344,11
ozks,274432,302
ozks,139264,103
ozks,98304,55
ozks,57344,3
ozks,126976,86
ozks,73728,32
ozks,57344,9
ozks,57344,3
ozks,98304,56
ozks,57344,2
ozks,131072,101
ozks,188416,176
ozks,65536,16
ozks,57344,0
ozks,57344,6
ozks,430080,526
ozks,159744,140
ozks,126976,89
ozks,729088,932
ozks,204800,202
ozks,69632,25
ozks,57344,0
ozks,69632,21
ozks,57344,7
ozks,57344,3
ozks,57344,6
ozks,73728,34
ozks,65536,12
ozks,57344,1
ozks,126976,91
ozks,57344,6
ozks,155648,142
ozks,57344,8
ozks,57344,0
ozks,57344,1
ozks,167936,144
ozks,57344,3
ozks,102400,66
ozks,65536,12
ozks,57344,4
ozks,69632,31
ozks,65536,17
ozks,57344,3
ozks,159744,135
ozks,57344,1
ozks,131072,95
ozks,131072,99
ozks,57344,1
ozks,65536,21
ozks,81920,37
ozks,356352,410
ozks,69632,31
ozks,249856,262
ozks,73728,36
ozks,94208,48
ozks,57344,7
ozks,57344,5
ozks,65536,16
ozks,155648,127
ozks,69632,26
ozks,94208,48
ozks,57344,2
ozks,507904,631
ozks,69632,22
ozks,57344,0
ozks,57344,4
ozks,57344,1
ozks,57344,4
ozks,94208,44
ozks,172032,158
ozks,57344,9
ozks,57344,3
ozks,57344,0
ozks,57344,9
ozks,57344,8
ozks,94208,44
ozks,57344,3
ozks,274432,297
ozks,65536,14
ozks,57344,2
ozks,94208,48
ozks,139264,106
ozks,57344,2
ozks,57344,8
ozks,57344,1
ozks,57344,3
ozks,57344,1
ozks,102400,69
ozks,57344,4
ozks,712704,905
ozks,57344,2
ozks,57344,11
ozks,94208,45
ozks,172032,161
ozks,57344,11
ozks,65536,17
ozks,57344,9
ozks,131072,90
ozks,118784,83
ozks,94208,44
ozks,176128,158
ozks,200704,183
ozks,57344,9
ozks,94208,44
ozks,622592,799
ozks,57344,4
ozks,57344,5
ozks,57344,0
ozks,57344,11
ozks,57344,11
ozks,69632,23
ozks,65536,17
ozks,57344,7
ozks,57344,4
ozks,57344,4
ozks,172032,145
ozks,57344,11
ozks,98304,54
ozks,204800,184
ozks,696320,896
ozks,65536,17
ozks,57344,5
ozks,159744,134
ozks,57344,7
ozks,57344,10
ozks,69632,28
ozks,65536,16
ozks,57344,4
ozks,57344,2
ozks,57344,9
ozks,311296,351
ozks,102400,64
ozks,57344,9
ozks,57344,0
ozks,65536,20
ozks,65536,18
ozks,57344,3
ozks,57344,1
ozks,102400,68
ozks,57344,9
ozks,57344,1
ozks,57344,11
ozks,69632,23
ozks,57344,0
ozks,57344,8
ozks,172032,161
ozks,57344,8
ozks,135168,105
ozks,57344,7
ozks,57344,3
ozks,57344,5
ozks,57344,6
ozks,155648,126
ozks,57344,1
ozks,57344,0
ozks,65536,17
ozks,262144,274
ozks,57344,0
ozks,69632,30
ozks,69632,26
ozks,57344,2
ozks,57344,6
ozks,57344,8
ozks,65536,17
ozks,57344,1
ozks,135168,104
ozks,131072,97
ozks,57344,9
ozks,65536,12
ozks,155648,123
ozks,57344,1
ozks,81920,39
ozks,57344,2
ozks,167936,147
ozks,57344,8
ozks,65536,13
ozks,299008,336
ozks,69632,23
ozks,237568,246
ozks,57344,3
ozks,57344,1
ozks,69632,30
ozks,65536,15
ozks,147456,116
ozks,671744,856
ozks,94208,42
ozks,692224,882
ozks,57344,0
ozks,299008,327
ozks,57344,8
ozks,172032,161
ozks,102400,70
ozks,57344,9
ozks,57344,2
ozks,94208,48
ozks,57344,1
ozks,65536,15
ozks,98304,51
ozks,57344,2
ozks,65536,19
ozks,102400,71
ozks,65536,20
ozks,57344,5
ozks,57344,1
ozks,57344,8
ozks,65536,19
ozks,57344,2
ozks,90112,40
ozks,57344,7
ozks,266240,285
ozks,57344,3
ozks,57344,3
ozks,155648,127
ozks,65536,17
ozks,57344,1
ozks,57344,5
ozks,57344,1
ozks,126976,89
ozks,81920,39
ozks,98304,58
ozks,81920,38
ozks,65536,17
ozks,57344,0
ozks,57344,8
ozks,73728,35
ozks,57344,5
ozks,65536,12
ozks,94208,42
ozks,57344,10
ozks,69632,25
ozks,57344,0
ozks,94208,44
ozks,73728,35
ozks,57344,2
ozks,57344,2
ozks,57344,11
ozks,323584,366
ozks,57344,7
ozks,57344,8
ozks,57344,2
ozks,69632,28
ozks,57344,2
ozks,151552,130
ozks,65536,18
ozks,65536,17
ozks,159744,133
ozks,65536,14
ozks,57344,0
ozks,278528,302
ozks,57344,1
ozks,155648,130
ozks,57344,9
ozks,57344,3
ozks,57344,3
ozks,57344,1
ozks,135168,108
ozks,90112,40
ozks,126976,90
ozks,159744,137
ozks,69632,31
ozks,57344,1
ozks,57344,9
ozks,57344,5
ozks,57344,5
ozks,57344,0
ozks,778240,998
ozks,57344,2
ozks,335872,369
ozks,57344,1
ozks,73728,33
ozks,57344,10
ozks,57344,9
ozks,57344,0
ozks,294912,325
ozks,176128,158
ozks,57344,1
ozks,413696,492
ozks,172032,147
ozks,69632,31
ozks,65536,17
ozks,65536,13
ozks,57344,9
ozks,81920,37
ozks,57344,3
ozks,69632,29
ozks,69632,24
ozks,397312,466
ozks,98304,57
ozks,57344,4
ozks,73728,34
ozks,57344,10
ozks,57344,1
ozks,69632,26
ozks,57344,3
ozks,94208,51
ozks,397312,470
ozks,57344,0
ozks,73728,36
ozks,102400,69
ozks,196608,173
ozks,57344,1
ozks,57344,4
ozks,73728,34
ozks,102400,72
ozks,65536,21
ozks,688128,873
ozks,102400,70
ozks,102400,66
ozks,57344,8
ozks,57344,7
ozks,94208,47
ozks,57344,4
ozks,135168,101
ozks,57344,0
ozks,57344,0
ozks,57344,1
ozks,102400,66
ozks,385024,451
ozks,57344,0
ozks,57344,7
ozks,57344,2
ozks,73728,33
ozks,57344,1
ozks,73728,34
ozks,57344,11
ozks,548864,691
ozks,65536,16
ozks,57344,0
ozks,155648,127
ozks,753664,973
ozks,372736,436
ozks,57344,0
ozks,217088,211
ozks,65536,13
ozks,57344,0
ozks,57344,11
ozks,229376,238
ozks,237568,246
ozks,57344,8
ozks,258048,268
ozks,69632,48
ozks,135168,95
ozks,57344,2
ozks,65536,18
ozks,65536,16
ozks,135168,105
ozks,73728,35
ozks,81920,38
ozks,57344,1
ozks,57344,0
ozks,57344,7
ozks,65536,20
ozks,57344,1
ozks,57344,3
ozks,57344,6
ozks,65536,18
ozks,163840,142
ozks,57344,2
ozks,57344,6
ozks,94208,48
ozks,90112,40
ozks,200704,184
ozks,94208,49
ozks,98304,55
ozks,57344,1
ozks,139264,108
ozks,57344,0
ozks,102400,66
ozks,57344,9
ozks,69632,22
ozks,57344,0
ozks,57344,3
ozks,65536,14
ozks,102400,65
ozks,57344,0
ozks,57344,8
ozks,57344,1
ozks,225280,223
ozks,69632,23
ozks,69632,24
ozks,65536,21
ozks,417792,495
ozks,57344,0
ozks,368640,406
ozks,290816,325
ozks,65536,13
ozks,57344,9
ozks,57344,2
ozks,212992,205
ozks,65536,12
ozks,69632,27
ozks,57344,9
ozks,135168,105
ozks,65536,14
ozks,57344,1
ozks,102400,67
ozks,303104,328
ozks,69632,22
ozks,73728,36
ozks,65536,19
ozks,94208,48
ozks,565248,711
ozks,57344,6
ozks,139264,110
ozks,65536,14
ozks,57344,9
ozks,57344,0
ozks,65536,33
ozks,57344,5
ozks,98304,54
ozks,57344,5
ozks,114688,80
ozks,135168,95
ozks,143360,117
ozks,57344,8
ozks,151552,122
ozks,69632,23
ozks,352256,396
ozks,122880,85
ozks,57344,10
ozks,57344,5
ozks,57344,5
ozks,57344,7
ozks,69632,27
ozks,65536,17
ozks,57344,3
ozks,57344,8
ozks,90112,40
ozks,135168,107
ozks,114688,80
ozks,57344,6
ozks,65536,14
ozks,57344,0
ozks,65536,12
ozks,110592,78
ozks,65536,18
ozks,57344,2
ozks,172032,146
ozks,57344,2
ozks,65536,15
ozks,69632,23
ozks,65536,16
ozks,73728,35
ozks,102400,70
ozks,57344,6
ozks,569344,717
ozks,401408,467
ozks,139264,104
ozks,102400,69
ozks,94208,41
ozks,167936,146
ozks,81920,37
ozks,57344,0
ozks,57344,5
ozks,69632,30
ozks,106496,72
ozks,57344,1
ozks,167936,143
ozks,57344,4
ozks,57344,5
ozks,73728,34
ozks,57344,9
ozks,57344,0
ozks,155648,128
ozks,126976,92
ozks,331776,383
ozks,57344,3
ozks,57344,0
ozks,94208,51
ozks,57344,8
ozks,57344,1
ozks,81920,39
ozks,57344,5
ozks,176128,169
ozks,57344,5
ozks,57344,1
ozks,450560,555
ozks,57344,3
ozks,65536,16
ozks,69632,24
ozks,65536,20
ozks,159744,137
ozks,57344,10
ozks,69632,25
ozks,57344,0
ozks,57344,7
ozks,290816,324
ozks,57344,0
ozks,69632,23
ozks,81920,37
ozks,81920,37
ozks,69632,31
ozks,57344,0
ozks,65536,16
ozks,98304,53
ozks,65536,16
ozks,106496,72
ozks,397312,473
ozks,98304,51
ozks,57344,3
ozks,159744,142
ozks,143360,109
ozks,225280,233
ozks,57344,9
ozks,57344,1
ozks,57344,10
ozks,57344,2
ozks,69632,31
ozks,65536,15
ozks,65536,13
ozks,57344,3
ozks,143360,111
ozks,57344,7
ozks,57344,0
ozks,57344,7
ozks,57344,7
ozks,57344,9
ozks,57344,3
ozks,57344,10
ozks,110592,78
ozks,143360,111
ozks,65536,14
ozks,57344,7
ozks,73728,34
ozks,118784,84
ozks,69632,26
ozks,69632,29
ozks,69632,22
ozks,57344,10
ozks,57344,8
ozks,57344,4
ozks,385024,438
ozks,65536,21
ozks,405504,460
ozks,73728,36
ozks,57344,0
ozks,151552,126
ozks,69632,29
ozks,81920,38
ozks,57344,5
ozks,249856,262
ozks,684032,852
ozks,57344,4
ozks,569344,710
ozks,57344,3
ozks,57344,2
ozks,57344,1
ozks,102400,64
ozks,57344,1
ozks,65536,13
ozks,155648,136
ozks,102400,67
ozks,65536,14
ozks,172032,250
ozks,57344,9
ozks,57344,5
ozks,57344,8
ozks,57344,5
ozks,282624,312
ozks,57344,1
ozks,57344,1
ozks,57344,5
ozks,57344,7
ozks,65536,17
ozks,94208,47
ozks,57344,1
ozks,192512,177
ozks,57344,11
ozks,212992,209
ozks,65536,14
ozks,57344,5
ozks,208896,202
ozks,57344,1
ozks,102400,71
ozks,57344,3
ozks,65536,17
ozks,69632,26
ozks,73728,35
ozks,57344,6
ozks,114688,80
ozks,57344,8
ozks,57344,11
ozks,114688,80
ozks,57344,2
ozks,57344,2
ozks,57344,3
ozks,69632,22
ozks,204800,201
ozks,118784,82
ozks,94208,51
ozks,131072,94
ozks,98304,58
ozks,57344,8
ozks,57344,8
ozks,57344,0
ozks,57344,9
ozks,57344,5
ozks,466944,565
ozks,528384,663
ozks,131072,93
ozks,69632,28
ozks,57344,11
ozks,57344,3
ozks,57344,0
ozks,94208,48
ozks,118784,82
ozks,57344,5
ozks,102400,64
ozks,57344,0
ozks,94208,42
ozks,90112,40
ozks,57344,6
ozks,57344,8
ozks,94208,49
ozks,57344,0
ozks,57344,1
ozks,81920,38
ozks,57344,5
ozks,65536,14
ozks,57344,5
ozks,167936,152
ozks,57344,2
ozks,65536,16
ozks,65536,12
ozks,65536,19
ozks,90112,41
ozks,57344,3
ozks,57344,9
ozks,69632,23
ozks,114688,82
ozks,57344,2
ozks,110592,76
ozks,57344,5
ozks,57344,0
ozks,57344,3
ozks,57344,8
ozks,118784,83
ozks,487424,595
ozks,65536,15
ozks,57344,2
ozks,57344,0
ozks,290816,324
ozks,81920,37
ozks,57344,1
ozks,126976,91
ozks,69632,27
ozks,57344,0
ozks,57344,0
ozks,98304,52
ozks,98304,53
ozks,57344,0
ozks,57344,0
ozks,57344,1
ozks,65536,21
ozks,65536,13
ozks,57344,3
ozks,57344,7
ozks,94208,46
ozks,598016,743
ozks,57344,8
ozks,73728,33
ozks,57344,0
ozks,73728,33
ozks,65536,20
ozks,229376,227
ozks,57344,2
ozks,278528,293
ozks,581632,719
ozks,81920,37
ozks,57344,0
ozks,57344,0
ozks,73728,33
ozks,180224,164
ozks,81920,37
ozks,57344,8
ozks,172032,147
ozks,57344,9
ozks,57344,8
ozks,57344,8
ozks,57344,4
ozks,155648,128
ozks,65536,13
ozks,57344,10
ozks,57344,8
ozks,69632,25
ozks,57344,1
ozks,454656,550
ozks,57344,4
ozks,65536,16
ozks,94208,48
ozks,57344,10
ozks,311296,352
ozks,57344,0
ozks,73728,35
ozks,65536,17
ozks,118784,104
ozks,69632,24
ozks,57344,1
ozks,57344,9
ozks,57344,8
ozks,651264,824
ozks,430080,517
ozks,65536,12
ozks,57344,4
ozks,57344,3
ozks,57344,9
ozks,524288,643
ozks,90112,41
ozks,65536,17
ozks,102400,62
ozks,126976,92
ozks,69632,24
ozks,65536,14
ozks,81920,37
ozks,57344,7
ozks,57344,1
ozks,741376,954
ozks,57344,4
ozks,57344,6
ozks,57344,10
ozks,57344,9
ozks,98304,55
ozks,57344,5
ozks,57344,4
ozks,57344,5
ozks,57344,5
ozks,114688,80
ozks,57344,1
ozks,57344,8
ozks,57344,2
ozks,57344,1
ozks,65536,15
ozks,57344,2
ozks,102400,64
ozks,65536,17
ozks,69632,23
ozks,57344,3
ozks,626688,789
ozks,159744,140
ozks,57344,1
ozks,57344,1
ozks,471040,571
ozks,57344,8
ozks,397312,476
ozks,479232,574
ozks,94208,48
ozks,57344,0
ozks,57344,11
ozks,143360,111
ozks,94208,44
ozks,57344,2
ozks,65536,21
ozks,65536,15
ozks,57344,1
ozks,135168,105
ozks,57344,1
ozks,57344,1
ozks,57344,8
ozks,69632,23
ozks,65536,13
ozks,57344,7
ozks,155648,127
ozks,57344,11
ozks,65536,17
ozks,57344,8
ozks,57344,7
ozks,57344,6
ozks,65536,18
ozks,417792,496
ozks,57344,5
ozks,98304,56
ozks,65536,17
ozks,294912,325
ozks,65536,17
ozks,57344,0
ozks,57344,1
ozks,57344,3
ozks,57344,10
ozks,307200,346
ozks,155648,127
ozks,155648,129
ozks,57344,7
ozks,57344,10
ozks,385024,453
ozks,57344,5
ozks,57344,6
ozks,65536,14
ozks,57344,1
ozks,69632,23
ozks,208896,195
ozks,192512,176
ozks,65536,12
ozks,94208,45
ozks,98304,54
ozks,69632,31
ozks,69632,30
ozks,69632,22
ozks,98304,51
ozks,57344,8
ozks,65536,16
ozks,73728,34
ozks,57344,2
ozks,335872,382
ozks,69632,29
ozks,94208,45
ozks,65536,13
ozks,57344,11
ozks,57344,3
ozks,57344,0
ozks,450560,541
ozks,73728,34
ozks,57344,4
ozks,57344,0
ozks,57344,1
ozks,65536,17
ozks,286720,325
ozks,57344,10
ozks,208896,197
ozks,94208,45
ozks,65536,17
ozks,57344,0
ozks,286720,324
ozks,65536,20
ozks,57344,2
ozks,143360,114
ozks,176128,158
ozks,233472,241
ozks,94208,44
ozks,516096,633
ozks,94208,51
ozks,57344,7
ozks,102400,61
ozks,135168,104
ozks,57344,4
ozks,69632,28
ozks,57344,8
ozks,69632,30
ozks,57344,0
ozks,450560,541
ozks,274432,304
ozks,57344,2
ozks,65536,18
ozks,110592,78
ozks,57344,4
ozks,57344,8
ozks,57344,6
ozks,57344,8
ozks,720896,915
ozks,57344,1
ozks,135168,106
ozks,102400,66
ozks,69632,23
ozks,139264,105
ozks,753664,967
ozks,57344,7
ozks,65536,12
ozks,65536,15
ozks,135168,106
ozks,57344,11
ozks,57344,4
ozks,57344,7
ozks,57344,8
ozks,73728,32
ozks,65536,13
ozks,57344,3
ozks,286720,324
ozks,258048,263
ozks,57344,7
ozks,57344,8
ozks,598016,750
ozks,69632,22
ozks,57344,0
ozks,131072,101
ozks,102400,62
ozks,200704,180
ozks,57344,1
ozks,135168,94
ozks,65536,17
ozks,57344,0
ozks,126976,86
ozks,200704,181
ozks,57344,7
ozks,57344,0
ozks,57344,11
ozks,57344,8
ozks,131072,97
ozks,176128,157
ozks,57344,8
ozks,94208,50
ozks,57344,10
ozks,65536,13
ozks,65536,17
ozks,253952,274
ozks,57344,3
ozks,290816,324
ozks,57344,2
ozks,57344,1
ozks,57344,4
ozks,57344,0
ozks,524288,635
ozks,57344,4
ozks,176128,158
ozks,57344,0
ozks,57344,1
ozks,57344,3
ozks,57344,0
ozks,65536,13
ozks,65536,12
ozks,397312,464
ozks,57344,9
ozks,57344,7
ozks,57344,4
ozks,102400,65
ozks,569344,715
ozks,90112,41
ozks,57344,1
ozks,57344,2
ozks,139264,109
ozks,57344,2
ozks,98304,55
ozks,98304,52
ozks,172032,158
ozks,413696,494
ozks,57344,8
ozks,57344,8
ozks,57344,5
ozks,65536,17
ozks,405504,483
ozks,442368,535
ozks,57344,1
ozks,114688,81
ozks,208896,204
ozks,57344,0
ozks,69632,27
ozks,57344,1
ozks,225280,216
ozks,57344,0
ozks,57344,1
ozks,110592,77
ozks,69632,24
ozks,57344,9
ozks,131072,93
ozks,81920,37
ozks,110592,73
ozks,57344,4
ozks,57344,1
ozks,102400,71
ozks,57344,1
ozks,57344,7
ozks,57344,8
ozks,57344,2
ozks,57344,8
ozks,57344,7
ozks,69632,25
ozks,94208,44
ozks,65536,12
ozks,57344,0
ozks,57344,7
ozks,81920,37
ozks,65536,14
ozks,57344,2
ozks,65536,18
ozks,65536,13
ozks,98304,61
ozks,122880,85
ozks,57344,1
ozks,57344,4
ozks,57344,3
ozks,446464,537
ozks,98304,59
ozks,57344,6
ozks,487424,597
ozks,192512,175
ozks,57344,8
ozks,98304,55
ozks,57344,3
ozks,57344,8
ozks,57344,3
ozks,131072,97
ozks,176128,159
ozks,520192,648
ozks,57344,10
ozks,110592,74
ozks,69632,30
ozks,155648,127
ozks,57344,5
ozks,98304,57
ozks,65536,19
ozks,102400,66
ozks,57344,4
ozks,57344,4
ozks,176128,158
ozks,57344,8
ozks,69632,31
ozks,57344,0
ozks,57344,10
ozks,57344,10
ozks,57344,8
ozks,57344,1
ozks,57344,2
ozks,352256,398
ozks,73728,36
ozks,57344,8
ozks,81920,37
ozks,57344,1
ozks,57344,1
ozks,155648,133
ozks,57344,1
ozks,65536,19
ozks,69632,30
ozks,69632,22
ozks,65536,12
ozks,57344,6
ozks,94208,46
ozks,69632,30
ozks,167936,149
ozks,69632,24
ozks,57344,0
ozks,69632,25
ozks,57344,4
ozks,69632,31
ozks,65536,13
ozks,57344,0
ozks,65536,17
ozks,57344,0
ozks,57344,3
ozks,188416,167
ozks,65536,17
ozks,57344,0
ozks,65536,17
ozks,413696,492
ozks,65536,15
ozks,151552,118
ozks,57344,2
ozks,57344,6
ozks,57344,0
ozks,98304,52
ozks,57344,1
ozks,57344,8
ozks,57344,6
ozks,57344,7
ozks,57344,8
ozks,266240,285
ozks,57344,0
ozks,131072,92
ozks,57344,1
ozks,90112,40
ozks,65536,18
ozks,57344,8
ozks,57344,9
ozks,57344,8
ozks,98304,56
ozks,57344,0
ozks,659456,845
ozks,65536,18
ozks,57344,7
ozks,57344,11
ozks,98304,53
ozks,65536,21
ozks,69632,29
ozks,126976,90
ozks,172032,148
ozks,94208,45
ozks,131072,96
ozks,475136,582
ozks,57344,5
ozks,57344,2
ozks,57344,0
ozks,57344,4
ozks,344064,392
ozks,57344,4
ozks,65536,13
ozks,544768,677
ozks,57344,6
ozks,57344,7
ozks,57344,2
ozks,65536,18
ozks,69632,22
ozks,57344,3
ozks,708608,908
ozks,262144,283
ozks,57344,11
ozks,57344,4
ozks,65536,18
ozks,98304,61
ozks,57344,0
ozks,176128,159
ozks,57344,4
ozks,57344,10
ozks,630784,799
ozks,57344,6
ozks,57344,1
ozks,69632,22
ozks,57344,8
ozks,69632,21
ozks,57344,0
ozks,98304,57
ozks,167936,143
ozks,65536,20
ozks,192512,179
ozks,57344,3
ozks,57344,1
ozks,73728,36
ozks,57344,1
ozks,57344,9
ozks,749568,954
ozks,57344,4
ozks,69632,23
ozks,172032,146
ozks,102400,71
ozks,65536,17
ozks,73728,33
ozks,360448,413
ozks,94208,45
ozks,65536,19
ozks,57344,0
ozks,57344,0
ozks,57344,1
ozks,57344,1
ozks,57344,1
ozks,57344,3
ozks,57344,7
ozks,57344,8
ozks,57344,1
ozks,65536,17
ozks,57344,9
ozks,180224,166
ozks,98304,58
ozks,155648,138
ozks,57344,10
ozks,65536,12
ozks,57344,0
ozks,159744,141
ozks,311296,343
ozks,73728,34
ozks,94208,47
ozks,73728,33
ozks,57344,10
ozks,131072,99
ozks,102400,67
ozks,57344,9
ozks,98304,55
ozks,65536,13
ozks,155648,125
ozks,57344,6
ozks,57344,5
ozks,57344,1
ozks,57344,1
ozks,548864,678
ozks,430080,512
ozks,241664,254
ozks,65536,16
ozks,57344,5
ozks,102400,72
ozks,565248,711
ozks,57344,1
ozks,57344,3
ozks,57344,5
ozks,110592,74
ozks,131072,88
ozks,217088,214
ozks,57344,9
ozks,57344,3
ozks,57344,9
ozks,65536,15
ozks,57344,7
ozks,65536,14
ozks,57344,2
ozks,233472,239
ozks,57344,4
ozks,102400,66
ozks,57344,4
ozks,57344,0
ozks,69632,29
ozks,102400,65
ozks,57344,8
ozks,57344,0
ozks,57344,8
ozks,176128,158
ozks,131072,94
ozks,258048,279
ozks,57344,6
ozks,57344,7
ozks,188416,176
ozks,57344,5
ozks,57344,4
ozks,57344,0
ozks,57344,5
ozks,57344,8
ozks,57344,6
ozks,57344,1
ozks,352256,398
ozks,163840,143
ozks,90112,40
ozks,69632,26
ozks,139264,111
ozks,57344,0
ozks,552960,692
ozks,57344,10
ozks,69632,30
ozks,57344,8
ozks,57344,5
ozks,57344,11
ozks,65536,17
ozks,585728,737
ozks,57344,0
ozks,57344,1
ozks,57344,1
ozks,581632,716
ozks,131072,100
ozks,57344,2
ozks,69632,23
ozks,65536,15
ozks,69632,25
ozks,57344,9
ozks,65536,12
ozks,155648,140
ozks,114688,80
ozks,57344,8
ozks,57344,7
ozks,65536,18
ozks,151552,124
ozks,98304,53
ozks,65536,20
ozks,155648,128
ozks,577536,724
ozks,94208,43
ozks,69632,26
ozks,57344,9
ozks,57344,9
ozks,57344,0
ozks,57344,0
ozks,98304,51
ozks,94208,43
ozks,57344,7
ozks,102400,70
ozks,65536,14
ozks,57344,8
ozks,57344,3
ozks,135168,93
ozks,778240,998
ozks,57344,0
ozks,368640,434
ozks,57344,9
ozks,176128,158
ozks,69632,29
ozks,57344,11
ozks,65536,17
ozks,57344,10
ozks,57344,1
ozks,69632,31
ozks,57344,3
ozks,57344,0
ozks,57344,0
ozks,57344,0
ozks,57344,2
ozks,57344,2
ozks,98304,57
ozks,143360,110
ozks,98304,54
ozks,57344,9
ozks,57344,1
ozks,81920,39
ozks,131072,96
ozks,57344,9
ozks,57344,4
ozks,57344,10
ozks,57344,3
ozks,65536,20
ozks,57344,1
ozks,57344,1
ozks,57344,0
ozks,73728,35
ozks,126976,90
ozks,65536,18
ozks,57344,2
ozks,65536,16
ozks,57344,9
ozks,159744,140
ozks,57344,1
ozks,57344,1
ozks,102400,65
ozks,94208,50
ozks,303104,342
ozks,57344,4
ozks,65536,13
ozks,90112,41
ozks,98304,57
ozks,167936,150
ozks,159744,140
ozks,167936,152
ozks,57344,11
ozks,65536,17
ozks,172032,149
ozks,57344,10
ozks,57344,0
ozks,73728,33
ozks,94208,46
ozks,299008,343
ozks,163840,142
ozks,102400,70
ozks,57344,2
ozks,57344,3
ozks,258048,260
ozks,94208,46
ozks,57344,5
ozks,102400,62
ozks,65536,13
ozks,65536,17
ozks,69632,24
ozks,57344,2
ozks,253952,256
ozks,65536,14
ozks,57344,9
ozks,57344,3
ozks,94208,45
ozks,155648,136
ozks,401408,475
ozks,57344,7
ozks,57344,8
ozks,57344,11
ozks,81920,38
ozks,524288,656
ozks,57344,10
ozks,65536,16
ozks,180224,164
ozks,57344,0
ozks,57344,8
ozks,57344,11
ozks,696320,893
ozks,57344,4
ozks,90112,40
ozks,102400,67
ozks,98304,54
ozks,57344,0
ozks,94208,43
ozks,208896,210
ozks,520192,644
ozks,57344,7
ozks,458752,550
ozks,57344,1
ozks,65536,15
ozks,204800,193
ozks,118784,83
ozks,57344,1
ozks,69632,26
ozks,57344,8
ozks,94208,44
ozks,57344,3
ozks,65536,15
ozks,57344,5
ozks,180224,167
ozks,57344,8
ozks,57344,1
ozks,57344,10
ozks,65536,13
ozks,126976,89
ozks,65536,18
ozks,57344,1
ozks,57344,11
ozks,98304,59
ozks,65536,17
ozks,57344,1
ozks,57344,11
ozks,65536,17
ozks,569344,714
ozks,65536,17
ozks,57344,7
ozks,57344,0
ozks,57344,2
ozks,57344,2
ozks,57344,2
ozks,98304,52
ozks,57344,0
ozks,57344,1
ozks,765952,981
ozks,339968,392
ozks,57344,9
ozks,57344,5
ozks,102400,62
ozks,200704,190
ozks,720896,929
ozks,57344,0
ozks,94208,49
ozks,57344,0
ozks,65536,19
ozks,57344,0
ozks,57344,0
ozks,73728,36
ozks,98304,58
ozks,577536,720
ozks,57344,0
ozks,65536,17
ozks,57344,9
ozks,225280,222
ozks,65536,21
ozks,57344,2
ozks,57344,2
ozks,57344,8
ozks,57344,1
ozks,57344,1
ozks,266240,289
ozks,57344,0
ozks,172032,149
ozks,57344,1
ozks,57344,8
ozks,57344,9
ozks,65536,13
ozks,65536,16
ozks,65536,15
ozks,57344,2
ozks,98304,58
ozks,73728,32
ozks,57344,4
ozks,241664,254
ozks,57344,10
ozks,57344,7
ozks,102400,67
ozks,118784,83
ozks,57344,3
ozks,110592,79
ozks,110592,77
ozks,69632,31
ozks,57344,1
ozks,57344,0
ozks,573440,714
ozks,57344,4
ozks,65536,20
ozks,57344,5
ozks,131072,97
ozks,176128,153
ozks,102400,66
ozks,57344,0
ozks,57344,1
ozks,65536,20
ozks,57344,4
ozks,57344,0
ozks,57344,1
ozks,73728,35
ozks,102400,63
ozks,57344,0
ozks,57344,1
ozks,118784,82
ozks,69632,30
ozks,155648,131
ozks,339968,389
ozks,172032,146
ozks,73728,32
ozks,143360,109
ozks,57344,8
ozks,561152,707
ozks,73728,34
ozks,237568,245
ozks,57344,0
ozks,57344,9
ozks,65536,13
ozks,176128,155
ozks,778240,998
ozks,65536,16
ozks,724992,919
ozks,360448,412
ozks,57344,1
ozks,94208,45
ozks,139264,107
ozks,57344,6
ozks,253952,263
ozks,135168,104
ozks,65536,20
ozks,57344,2
ozks,57344,4
ozks,65536,14
ozks,57344,3
ozks,57344,1
ozks,57344,0
ozks,57344,2
ozks,57344,0
ozks,69632,23
ozks,491520,602
ozks,69632,22
ozks,57344,9
ozks,57344,0
ozks,94208,43
ozks,69632,26
ozks,110592,78
ozks,98304,58
ozks,57344,3
ozks,57344,0
ozks,65536,14
ozks,57344,6
ozks,57344,0
ozks,69632,22
ozks,57344,3
ozks,172032,145
ozks,745472,957
ozks,65536,16
ozks,57344,7
ozks,65536,20
ozks,57344,6
ozks,57344,11
ozks,57344,4
ozks,102400,62
ozks,139264,110
ozks,57344,0
ozks,258048,279
ozks,69632,23
ozks,57344,3
ozks,69632,30
ozks,57344,6
ozks,57344,2
ozks,73728,34
ozks,94208,48
ozks,57344,2
ozks,57344,4
ozks,65536,17
ozks,163840,143
ozks,290816,324
ozks,290816,325
ozks,286720,319
ozks,73728,36
ozks,57344,0
ozks,57344,0
ozks,249856,252
ozks,57344,8
ozks,57344,10
ozks,81920,38
ozks,57344,0
ozks,57344,8
ozks,57344,3
ozks,73728,35
ozks,147456,117
ozks,57344,3
ozks,655360,826
ozks,57344,5
ozks,65536,15
ozks,69632,22
ozks,176128,160
ozks,118784,83
ozks,57344,2
ozks,94208,51
ozks,454656,558
ozks,131072,100
ozks,57344,8
ozks,69632,25
ozks,184320,169
ozks,57344,0
ozks,335872,383
ozks,65536,12
ozks,57344,1
ozks,57344,0
ozks,552960,692
ozks,253952,274
ozks,57344,2
ozks,57344,0
ozks,57344,6
ozks,73728,32
ozks,57344,0
ozks,69632,26
ozks,192512,179
ozks,57344,0
ozks,110592,74
ozks,57344,1
ozks,765952,983
ozks,81920,37
ozks,57344,8
ozks,57344,1
ozks,73728,36
ozks,57344,5
ozks,65536,17
ozks,57344,1
ozks,57344,11
ozks,57344,0
ozks,57344,8
ozks,65536,17
ozks,57344,0
ozks,65536,21
ozks,65536,16
ozks,69632,22
ozks,159744,135
ozks,94208,42
ozks,94208,43
ozks,176128,158
ozks,131072,98
ozks,94208,42
ozks,311296,339
ozks,57344,3
ozks,114688,81
ozks,159744,137
ozks,634880,801
ozks,69632,25
ozks,69632,31
ozks,249856,262
ozks,57344,7
ozks,126976,86
ozks,57344,2
ozks,57344,3
ozks,65536,21
ozks,57344,5
ozks,57344,8
ozks,102400,63
ozks,409600,494
ozks,57344,9
ozks,159744,137
ozks,65536,13
ozks,57344,2
ozks,57344,3
ozks,65536,17
ozks,57344,5
ozks,57344,4
ozks,57344,3
ozks,57344,1
ozks,65536,17
ozks,139264,104
ozks,110592,74
ozks,57344,6
ozks,57344,2
ozks,57344,9
ozks,110592,79
ozks,57344,0
ozks,65536,15
ozks,180224,165
ozks,57344,1
ozks,57344,1
ozks,69632,31
ozks,73728,33
ozks,57344,1
ozks,90112,41
ozks,57344,5
ozks,57344,1
ozks,57344,4
ozks,57344,9
ozks,69632,22
ozks,57344,10
ozks,57344,4
ozks,57344,0
ozks,65536,13
ozks,176128,160
ozks,69632,27
ozks,675840,856
ozks,249856,260
ozks,126976,88
ozks,65536,19
ozks,94208,50
ozks,126976,89
ozks,57344,6
ozks,159744,137
ozks,151552,129
ozks,110592,73
ozks,57344,11
ozks,69632,23
ozks,450560,542
ozks,57344,2
ozks,118784,80
ozks,102400,71
ozks,57344,4
ozks,65536,17
ozks,57344,4
ozks,57344,1
ozks,94208,48
ozks,57344,3
ozks,57344,10
ozks,57344,8
ozks,57344,10
ozks,57344,1
ozks,143360,116
ozks,57344,0
ozks,65536,21
ozks,57344,9
ozks,65536,14
ozks,110592,74
ozks,630784,799
ozks,57344,1
ozks,172032,149
ozks,57344,2
ozks,57344,3
ozks,57344,3
ozks,57344,0
ozks,135168,100
ozks,57344,6
ozks,57344,8
ozks,57344,7
ozks,57344,9
ozks,57344,7
ozks,57344,0
ozks,57344,1
ozks,57344,0
ozks,57344,3
ozks,57344,9
ozks,57344,7
ozks,565248,703
ozks,65536,17
ozks,57344,10
ozks,57344,6
ozks,65536,17
ozks,57344,4
ozks,57344,3
ozks,65536,21
ozks,57344,10
ozks,57344,1
ozks,65536,18
ozks,761856,983
ozks,630784,808
ozks,151552,123
ozks,204800,184
ozks,57344,0
ozks,159744,140
ozks,57344,6
ozks,57344,10
ozks,57344,6
ozks,69632,25
ozks,65536,19
ozks,155648,128
ozks,81920,39
ozks,57344,9
ozks,65536,15
ozks,57344,3
ozks,204800,202
ozks,57344,7
ozks,57344,3
ozks,102400,66
ozks,65536,12
ozks,65536,20
ozks,94208,48
ozks,253952,261
ozks,57344,1
ozks,65536,19
ozks,57344,3
ozks,65536,21
ozks,57344,8
ozks,57344,8
ozks,552960,686
ozks,65536,17
ozks,57344,1
ozks,57344,0
ozks,57344,6
ozks,98304,52
ozks,57344,0
ozks,98304,55
ozks,225280,225
ozks,98304,55
ozks,57344,2
ozks,65536,18
ozks,495616,613
ozks,57344,2
ozks,446464,541
ozks,57344,7
ozks,57344,6
ozks,57344,1
ozks,65536,17
ozks,65536,13
ozks,507904,631
ozks,65536,13
ozks,57344,6
ozks,65536,12
ozks,57344,11
ozks,57344,2
ozks,57344,4
ozks,57344,3
ozks,57344,2
ozks,57344,1
ozks,69632,28
ozks,57344,1
ozks,135168,107
ozks,57344,9
ozks,102400,69
ozks,65536,19
ozks,65536,17
ozks,57344,9
ozks,192512,176
ozks,94208,44
ozks,57344,4
ozks,98304,55
ozks,98304,55
ozks,57344,3
ozks,69632,23
ozks,167936,150
ozks,57344,3
ozks,57344,11
ozks,65536,14
ozks,729088,929
ozks,57344,8
ozks,57344,2
ozks,57344,1
ozks,233472,248
ozks,69632,24
ozks,331776,383
ozks,397312,464
ozks,196608,181
ozks,57344,0
ozks,57344,4
ozks,126976,89
ozks,57344,3
ozks,69632,22
ozks,159744,134
ozks,339968,387
ozks,319488,360
ozks,249856,262
ozks,57344,3
ozks,57344,8
ozks,65536,16
ozks,69632,31
ozks,65536,18
ozks,65536,17
ozks,290816,324
ozks,57344,9
ozks,98304,57
ozks,589824,734
ozks,69632,27
ozks,704512,896
ozks,65536,15
ozks,57344,5
ozks,65536,13
ozks,57344,0
ozks,167936,147
ozks,69632,29
ozks,98304,55
ozks,81920,38
ozks,57344,0
ozks,159744,144
ozks,98304,61
ozks,94208,43
ozks,155648,130
ozks,98304,62
ozks,57344,0
ozks,65536,17
ozks,57344,4
ozks,57344,2
ozks,57344,0
ozks,57344,2
ozks,57344,5
ozks,57344,5
ozks,98304,55
ozks,57344,3
ozks,57344,3
ozks,65536,12
ozks,65536,18
ozks,102400,65
ozks,159744,134
ozks,212992,204
ozks,184320,168
ozks,57344,8
ozks,57344,6
ozks,57344,1
ozks,69632,30
ozks,57344,8
ozks,57344,3
ozks,593920,734
ozks,57344,2
ozks,57344,0
ozks,98304,59
ozks,57344,3
ozks,65536,16
ozks,57344,4
ozks,57344,1
ozks,311296,343
ozks,57344,2
ozks,241664,246
ozks,57344,11
ozks,57344,1
ozks,65536,17
ozks,565248,700
ozks,376832,430
ozks,65536,17
ozks,335872,389
ozks,65536,14
ozks,57344,11
ozks,94208,44
ozks,57344,0
ozks,159744,140
ozks,155648,131
ozks,229376,234
ozks,57344,7
ozks,65536,20
ozks,253952,268
ozks,172032,147
ozks,57344,3
ozks,237568,245
ozks,94208,43
ozks,57344,8
ozks,57344,3
ozks,57344,4
ozks,73728,33
ozks,720896,932
ozks,278528,303
ozks,57344,5
ozks,57344,4
ozks,94208,45
ozks,57344,1
ozks,57344,7
ozks,57344,1
ozks,73728,34
ozks,65536,15
ozks,57344,1
ozks,167936,153
ozks,94208,42
ozks,200704,193
ozks,57344,2
ozks,139264,109
ozks,57344,0
ozks,57344,7
ozks,479232,582
ozks,57344,3
ozks,57344,1
ozks,57344,2
ozks,57344,9
ozks,57344,0
ozks,73728,36
ozks,159744,140
ozks,57344,6
ozks,331776,378
ozks,57344,3
ozks,765952,987
ozks,98304,60
ozks,57344,9
ozks,135168,94
ozks,139264,109
ozks,155648,128
ozks,69632,22
ozks,233472,238
ozks,57344,0
ozks,57344,0
ozks,102400,71
ozks,57344,0
ozks,57344,3
ozks,69632,23
ozks,73728,34
ozks,69632,27
ozks,57344,0
ozks,65536,12
ozks,57344,1
ozks,163840,140
ozks,57344,8
ozks,94208,48
ozks,131072,93
ozks,65536,16
ozks,57344,6
ozks,57344,9
ozks,98304,53
ozks,139264,104
ozks,57344,3
ozks,94208,43
ozks,57344,3
ozks,57344,2
ozks,159744,139
ozks,286720,312
ozks,57344,6
ozks,200704,183
ozks,65536,15
ozks,57344,8
ozks,131072,97
ozks,618496,780
ozks,57344,2
ozks,249856,263
ozks,57344,3
ozks,81920,37
ozks,57344,1
ozks,176128,158
ozks,57344,4
ozks,57344,8
ozks,176128,153
ozks,57344,5
ozks,135168,103
ozks,249856,263
ozks,65536,12
ozks,57344,6
ozks,65536,21
ozks,589824,736
ozks,57344,10
ozks,155648,127
ozks,94208,47
ozks,57344,8
ozks,688128,890
ozks,65536,16
ozks,57344,1
ozks,57344,6
ozks,122880,84
ozks,57344,0
ozks,147456,116
ozks,57344,10
ozks,237568,240
ozks,159744,135
ozks,102400,65
ozks,57344,7
ozks,69632,25
ozks,69632,25
ozks,65536,12
ozks,57344,10
ozks,57344,3
ozks,684032,883
ozks,98304,59
ozks,90112,42
ozks,65536,16
ozks,65536,20
ozks,454656,551
ozks,618496,769
ozks,57344,1
ozks,57344,2
ozks,176128,158
ozks,118784,82
ozks,73728,32
ozks,94208,42
ozks,151552,122
ozks,57344,7
ozks,57344,0
ozks,65536,13
ozks,159744,139
ozks,57344,1
ozks,102400,64
ozks,57344,10
ozks,94208,47
ozks,57344,10
ozks,57344,3
ozks,65536,13
ozks,65536,17
ozks,69632,23
ozks,98304,58
ozks,147456,117
ozks,401408,485
ozks,57344,5
ozks,57344,8
ozks,57344,0
ozks,57344,6
ozks,57344,2
ozks,131072,93
ozks,65536,20
ozks,69632,25
ozks,81920,39
ozks,102400,66
ozks,471040,571
ozks,90112,41
ozks,73728,33
ozks,57344,1
ozks,57344,9
ozks,69632,21
ozks,225280,217
ozks,57344,0
ozks,65536,14
ozks,98304,53
ozks,294912,325
ozks,65536,17
ozks,57344,7
ozks,708608,908
ozks,630784,799
ozks,757760,961
ozks,57344,7
ozks,65536,13
ozks,65536,12
ozks,69632,24
ozks,65536,18
ozks,98304,53
ozks,237568,257
ozks,65536,12
ozks,98304,61
ozks,57344,8
ozks,167936,153
ozks,65536,17
ozks,73728,36
ozks,57344,2
ozks,159744,139
ozks,114688,80
ozks,57344,0
ozks,73728,34
ozks,65536,16
ozks,131072,98
ozks,57344,11
ozks,131072,93
ozks,57344,1
ozks,57344,8
ozks,57344,4
ozks,339968,383
ozks,57344,9
ozks,315392,340
ozks,57344,6
ozks,73728,36
ozks,69632,25
ozks,94208,51
ozks,98304,53
ozks,102400,70
ozks,57344,8
ozks,65536,13
ozks,57344,6
ozks,675840,865
ozks,65536,13
ozks,176128,164
ozks,73728,35
ozks,57344,1
ozks,589824,740
ozks,57344,0
ozks,94208,50
ozks,57344,0
ozks,57344,4
ozks,57344,1
ozks,65536,14
ozks,57344,9
ozks,57344,1
ozks,139264,110
ozks,655360,831
ozks,57344,8
ozks,57344,0
ozks,57344,8
ozks,57344,8
ozks,131072,93
ozks,94208,45
ozks,159744,139
ozks,57344,1
ozks,57344,1
ozks,57344,2
ozks,184320,164
ozks,57344,6
ozks,57344,4
ozks,57344,8
ozks,176128,158
ozks,57344,0
ozks,65536,15
ozks,159744,138
ozks,57344,2
ozks,57344,2
ozks,57344,5
ozks,57344,3
ozks,57344,1
ozks,57344,8
ozks,57344,8
ozks,57344,8
ozks,57344,0
ozks,57344,7
ozks,135168,108
ozks,65536,13
ozks,57344,4
ozks,57344,6
ozks,73728,34
ozks,57344,6
ozks,73728,34
ozks,57344,5
ozks,294912,327
ozks,102400,66
ozks,94208,49
ozks,57344,0
ozks,65536,14
ozks,155648,128
ozks,57344,0
ozks,57344,4
ozks,57344,11
ozks,94208,43
ozks,65536,16
ozks,57344,6
ozks,57344,0
ozks,204800,200
ozks,57344,1
ozks,57344,11
ozks,73728,36
ozks,57344,0
ozks,98304,61
ozks,57344,0
ozks,65536,16
ozks,94208,45
ozks,73728,36
ozks,57344,4
ozks,65536,13
ozks,65536,23
ozks,57344,1
ozks,69632,23
ozks,57344,8
ozks,57344,0
ozks,57344,0
ozks,118784,85
ozks,69632,31
ozks,57344,11
ozks,57344,1
ozks,57344,2
ozks,110592,81
ozks,57344,1
ozks,57344,10
ozks,57344,9
ozks,94208,42
ozks,57344,0
ozks,524288,642
ozks,155648,123
ozks,167936,148
ozks,57344,2
ozks,57344,1
ozks,69632,23
ozks,765952,991
ozks,102400,69
ozks,102400,68
ozks,57344,3
ozks,139264,107
ozks,57344,2
ozks,65536,14
ozks,57344,1
ozks,65536,15
ozks,57344,9
ozks,69632,28
ozks,712704,908
ozks,65536,17
ozks,98304,56
ozks,57344,8
ozks,94208,47
ozks,94208,42
ozks,65536,16
ozks,57344,1
ozks,57344,6
ozks,69632,27
ozks,57344,3
ozks,98304,55
ozks,57344,0
ozks,57344,3
ozks,57344,7
ozks,102400,66
ozks,167936,146
ozks,57344,1
ozks,466944,565
ozks,65536,12
ozks,57344,3
ozks,57344,9
ozks,57344,8
ozks,57344,5
ozks,65536,21
ozks,65536,12
ozks,57344,7
ozks,57344,0
ozks,57344,11
ozks,319488,363
ozks,57344,9
ozks,57344,1
ozks,135168,99
ozks,57344,6
ozks,57344,8
ozks,57344,3
ozks,94208,50
ozks,57344,6
ozks,57344,8
ozks,65536,15
ozks,69632,26
ozks,69632,29
ozks,106496,72
ozks,81920,37
ozks,57344,0
ozks,65536,18
ozks,69632,25
ozks,57344,6
ozks,110592,77
ozks,69632,26
ozks,94208,48
ozks,57344,6
ozks,69632,27
ozks,57344,0
ozks,57344,8
ozks,57344,2
ozks,57344,6
ozks,57344,1
ozks,126976,91
ozks,94208,42
ozks,180224,164
ozks,204800,201
ozks,57344,11
ozks,81920,38
ozks,57344,2
ozks,237568,243
ozks,69632,23
ozks,57344,3
ozks,57344,5
ozks,614400,769
ozks,69632,30
ozks,94208,50
ozks,57344,10
ozks,81920,37
ozks,57344,0
ozks,69632,26
ozks,98304,52
ozks,286720,308
ozks,65536,17
ozks,176128,157
ozks,212992,211
ozks,65536,12
ozks,118784,84
ozks,335872,382
ozks,65536,13
ozks,663552,836
ozks,57344,3
ozks,57344,10
ozks,94208,45
ozks,110592,78
ozks,159744,140
ozks,65536,17
ozks,102400,70
ozks,57344,3
ozks,65536,21
ozks,442368,532
ozks,94208,52
ozks,57344,9
ozks,65536,13
ozks,57344,0
ozks,98304,55
ozks,65536,15
ozks,57344,3
ozks,57344,4
ozks,73728,34
ozks,159744,133
ozks,57344,0
ozks,454656,558
ozks,57344,8
ozks,323584,357
ozks,57344,1
ozks,57344,1
ozks,65536,15
ozks,65536,13
ozks,57344,10
ozks,90112,40
ozks,65536,17
ozks,155648,134
ozks,57344,0
ozks,65536,12
ozks,57344,10
ozks,69632,24
ozks,57344,1
ozks,57344,1
ozks,188416,175
ozks,69632,25
ozks,69632,27
ozks,57344,4
ozks,57344,7
ozks,65536,17
ozks,69632,23
ozks,57344,1
ozks,69632,27
ozks,249856,256
ozks,57344,0
ozks,57344,0
ozks,65536,21
ozks,57344,8
ozks,360448,417
ozks,57344,3
ozks,57344,1
ozks,57344,5
ozks,593920,750
ozks,57344,3
ozks,126976,90
ozks,65536,13
ozks,94208,48
ozks,57344,3
ozks,57344,1
ozks,57344,0
ozks,65536,17
ozks,65536,17
ozks,94208,48
ozks,94208,48
ozks,57344,3
ozks,57344,8
ozks,159744,135
ozks,65536,13
ozks,131072,101
ozks,69632,26
ozks,57344,8
ozks,98304,52
ozks,200704,185
ozks,81920,37
ozks,57344,7
ozks,57344,4
ozks,135168,101
ozks,57344,3
ozks,98304,54
ozks,69632,22
ozks,561152,685
ozks,253952,268
ozks,65536,18
ozks,57344,3
ozks,57344,1
ozks,65536,20
ozks,57344,6
ozks,139264,108
ozks,57344,0
ozks,57344,10
ozks,98304,62
ozks,94208,45
ozks,69632,44
ozks,65536,17
ozks,69632,27
ozks,69632,24
ozks,73728,36
ozks,65536,15
ozks,69632,26
ozks,57344,8
ozks,765952,991
ozks,57344,7
ozks,135168,97
ozks,98304,60
ozks,102400,64
ozks,69632,28
ozks,57344,10
ozks,311296,350
ozks,57344,11
ozks,69632,23
ozks,57344,1
ozks,69632,29
ozks,172032,162
ozks,57344,0
ozks,380928,445
ozks,81920,38
ozks,417792,494
ozks,94208,50
ozks,65536,21
ozks,65536,14
ozks,81920,38
ozks,57344,0
ozks,57344,2
ozks,65536,14
ozks,57344,8
ozks,65536,15
ozks,180224,164
ozks,57344,9
ozks,57344,6
ozks,57344,3
ozks,155648,127
ozks,57344,0
ozks,94208,42
ozks,57344,4
ozks,57344,3
ozks,69632,26
ozks,139264,105
ozks,57344,0
ozks,65536,17
ozks,57344,2
ozks,69632,22
ozks,65536,17
ozks,69632,28
ozks,212992,209
ozks,65536,18
ozks,65536,15
ozks,446464,530
ozks,274432,293
ozks,57344,8
ozks,94208,48
ozks,778240,1000
ozks,57344,8
ozks,249856,257
ozks,65536,14
ozks,57344,0
ozks,323584,355
ozks,65536,17
ozks,57344,1
ozks,184320,173
ozks,57344,1
ozks,131072,97
ozks,57344,5
ozks,57344,5
ozks,73728,35
ozks,69632,29
ozks,512000,633
ozks,57344,3
ozks,57344,0
ozks,81920,38
ozks,57344,0
ozks,57344,1
ozks,65536,20
ozks,172032,146
ozks,139264,109
ozks,438272,521
ozks,57344,3
ozks,57344,3
ozks,57344,11
ozks,57344,9
ozks,151552,126
ozks,57344,9
ozks,290816,324
ozks,57344,1
ozks,81920,37
ozks,102400,62
ozks,434176,528
ozks,73728,36
ozks,57344,6
ozks,57344,1
ozks,57344,1
ozks,57344,9
ozks,598016,751
ozks,57344,1
ozks,57344,5
ozks,57344,0
ozks,69632,24
ozks,57344,6
ozks,57344,0
ozks,94208,50
ozks,712704,904
ozks,425984,510
ozks,57344,4
ozks,57344,1
ozks,57344,1
ozks,57344,11
ozks,655360,828
ozks,57344,0
ozks,196608,181
ozks,135168,97
ozks,69632,31
ozks,57344,8
ozks,65536,17
ozks,57344,3
ozks,434176,529
ozks,57344,1
ozks,65536,15
ozks,57344,0
ozks,69632,23
ozks,57344,11
ozks,98304,59
ozks,139264,105
ozks,57344,6
ozks,65536,18
ozks,233472,240
ozks,69632,29
ozks,81920,37
ozks,65536,19
ozks,57344,10
ozks,753664,955
ozks,135168,94
ozks,65536,13
ozks,57344,5
ozks,57344,0
ozks,159744,137
ozks,65536,17
ozks,98304,55
ozks,65536,15
ozks,57344,0
ozks,57344,1
ozks,57344,8
ozks,57344,1
ozks,57344,6
ozks,57344,6
ozks,57344,10
ozks,57344,0
ozks,184320,169
ozks,94208,43
ozks,65536,13
ozks,57344,10
ozks,159744,133
ozks,454656,541
ozks,65536,20
ozks,139264,105
ozks,57344,1
ozks,143360,109
ozks,65536,17
ozks,102400,62
ozks,57344,1
ozks,57344,4
ozks,65536,14
ozks,57344,3
ozks,57344,5
ozks,57344,0
ozks,81920,37
ozks,155648,141
ozks,131072,99
ozks,602112,743
ozks,57344,1
ozks,57344,1
ozks,57344,9
ozks,57344,5
ozks,65536,16
ozks,73728,35
ozks,65536,16
ozks,155648,130
ozks,94208,45
ozks,57344,8
ozks,57344,11
ozks,114688,80
ozks,69632,26
ozks,188416,175
ozks,57344,2
ozks,57344,0
ozks,57344,0
ozks,57344,2
ozks,610304,770
ozks,57344,9
ozks,57344,5
ozks,65536,13
ozks,65536,16
ozks,57344,7
ozks,57344,2
ozks,581632,722
ozks,57344,6
ozks,131072,89
ozks,151552,125
ozks,163840,140
ozks,69632,24
ozks,184320,173
ozks,57344,1
ozks,65536,12
ozks,81920,37
ozks,57344,7
ozks,65536,18
ozks,57344,3
ozks,57344,0
ozks,65536,12
ozks,57344,4
ozks,126976,89
ozks,172032,153
ozks,774144,991
ozks,57344,4
ozks,57344,1
ozks,749568,954
ozks,110592,73
ozks,57344,9
ozks,57344,11
ozks,94208,42
ozks,57344,0
ozks,102400,67
ozks,65536,13
ozks,94208,44
ozks,57344,0
ozks,57344,3
ozks,57344,10
ozks,65536,14
ozks,57344,6
ozks,57344,3
ozks,172032,145
ozks,57344,4
ozks,57344,3
ozks,102400,65
ozks,131072,97
ozks,57344,5
ozks,73728,32
ozks,57344,1
ozks,57344,11
ozks,188416,173
ozks,155648,128
ozks,57344,0
ozks,57344,3
ozks,94208,46
ozks,65536,14
ozks,65536,13
ozks,94208,44
ozks,65536,14
ozks,217088,212
ozks,81920,37
ozks,69632,23
ozks,102400,72
ozks,73728,36
ozks,57344,0
ozks,69632,29
ozks,57344,5
ozks,65536,16
ozks,57344,6
ozks,102400,66
ozks,241664,253
ozks,57344,2
ozks,69632,23
ozks,110592,77
ozks,57344,4
ozks,57344,1
ozks,57344,1
ozks,57344,3
ozks,319488,361
ozks,57344,2
ozks,57344,5
ozks,57344,5
ozks,57344,1
ozks,94208,43
ozks,57344,11
ozks,57344,1
ozks,471040,569
ozks,81920,38
ozks,57344,7
ozks,57344,8
ozks,339968,389
ozks,57344,6
ozks,57344,8
ozks,57344,6
ozks,65536,21
ozks,81920,38
ozks,98304,56
ozks,278528,312
ozks,57344,6
ozks,57344,8
ozks,208896,201
ozks,57344,8
ozks,57344,10
ozks,102400,69
ozks,65536,17
ozks,57344,9
ozks,65536,17
ozks,200704,191
ozks,69632,29
ozks,57344,1
ozks,94208,42
ozks,57344,1
ozks,57344,6
ozks,274432,302
ozks,57344,6
ozks,57344,5
ozks,606208,767
ozks,188416,173
ozks,94208,50
ozks,57344,8
ozks,57344,11
ozks,368640,429
ozks,57344,5
ozks,253952,273
ozks,241664,246
ozks,69632,23
ozks,69632,23
ozks,159744,137
ozks,643072,819
ozks,57344,8
ozks,163840,139
ozks,147456,115
ozks,110592,78
ozks,163840,140
ozks,299008,325
ozks,102400,68
ozks,282624,313
ozks,57344,0
ozks,290816,324
ozks,57344,6
ozks,57344,10
ozks,57344,1
ozks,147456,117
ozks,57344,8
ozks,57344,2
ozks,114688,81
ozks,57344,6
ozks,98304,53
ozks,65536,19
ozks,65536,21
ozks,57344,4
ozks,57344,1
ozks,73728,32
ozks,65536,14
ozks,57344,0
ozks,57344,7
ozks,57344,3
ozks,135168,96
ozks,57344,0
ozks,139264,104
ozks,69632,31
ozks,102400,72
ozks,57344,6
ozks,131072,97
ozks,159744,140
ozks,57344,6
ozks,65536,21
ozks,102400,64
ozks,57344,3
ozks,65536,18
ozks,57344,5
ozks,65536,15
ozks,135168,93
ozks,614400,770
ozks,65536,17
ozks,65536,17
ozks,102400,70
ozks,233472,244
ozks,94208,48
ozks,155648,127
ozks,765952,991
ozks,94208,48
ozks,114688,77
ozks,65536,17
ozks,57344,1
ozks,57344,0
ozks,94208,45
ozks,57344,8
ozks,102400,62
ozks,69632,22
ozks,65536,12
ozks,110592,77
ozks,57344,1
ozks,81920,37
ozks,94208,47
ozks,110592,77
ozks,57344,0
ozks,57344,5
ozks,57344,0
ozks,57344,4
ozks,94208,47
ozks,57344,0
ozks,69632,27
ozks,57344,4
ozks,57344,1
ozks,57344,1
ozks,57344,5
ozks,57344,1
ozks,655360,831
ozks,65536,13
ozks,65536,17
ozks,57344,6
ozks,73728,35
ozks,57344,1
ozks,172032,149
ozks,286720,319
ozks,57344,11
ozks,65536,20
ozks,638976,799
ozks,73728,33
ozks,65536,18
ozks,57344,3
ozks,57344,1
ozks,57344,1
ozks,57344,5
ozks,520192,643
ozks,126976,88
ozks,57344,8
ozks,57344,9
ozks,57344,10
ozks,65536,12
ozks,94208,45
ozks,57344,2
ozks,102400,71
ozks,65536,17
ozks,65536,20
ozks,57344,8
ozks,57344,0
ozks,155648,131
ozks,57344,0
ozks,98304,52
ozks,57344,3
ozks,57344,7
ozks,57344,4
ozks,65536,21
ozks,73728,31
ozks,286720,315
ozks,102400,70
ozks,57344,4
ozks,57344,9
ozks,65536,16
ozks,81920,37
ozks,57344,7
ozks,770048,991
ozks,69632,22
ozks,172032,150
ozks,57344,0
ozks,57344,0
ozks,57344,2
ozks,94208,43
ozks,73728,36
ozks,57344,4
ozks,196608,183
ozks,118784,83
ozks,65536,14
ozks,94208,48
ozks,57344,8
ozks,57344,11
ozks,57344,5
ozks,57344,2
ozks,57344,3
ozks,122880,82
ozks,57344,8
ozks,57344,1
ozks,57344,0
ozks,57344,11
ozks,135168,103
ozks,110592,74
ozks,57344,5
ozks,364544,424
ozks,57344,9
ozks,81920,37
ozks,57344,8
ozks,143360,116
ozks,569344,695
ozks,65536,14
ozks,57344,8
ozks,57344,1
ozks,73728,36
ozks,114688,80
ozks,65536,14
ozks,57344,3
ozks,57344,1
ozks,57344,0
ozks,417792,493
ozks,155648,140
ozks,57344,3
ozks,172032,146
ozks,57344,1
ozks,98304,55
ozks,131072,92
ozks,57344,1
ozks,57344,7
ozks,69632,26
ozks,184320,171
ozks,65536,12
ozks,65536,19
ozks,57344,1
ozks,57344,9
ozks,98304,52
ozks,57344,3
ozks,57344,8
ozks,327680,369
ozks,65536,16
ozks,81920,39
ozks,57344,0
ozks,57344,0
ozks,57344,8
ozks,577536,716
ozks,69632,24
ozks,57344,11
ozks,57344,7
ozks,57344,3
ozks,65536,17
ozks,307200,344
ozks,65536,17
ozks,65536,14
ozks,65536,15
ozks,57344,1
ozks,65536,17
ozks,126976,89
ozks,458752,551
ozks,98304,60
ozks,57344,5
ozks,57344,8
ozks,176128,158
ozks,57344,3
ozks,57344,5
ozks,57344,2
ozks,57344,2
ozks,208896,202
ozks,57344,4
ozks,184320,164
ozks,65536,12
ozks,57344,11
ozks,57344,0
ozks,57344,8
ozks,69632,25
ozks,65536,17
ozks,73728,32
ozks,57344,4
ozks,57344,7
ozks,57344,0
ozks,57344,2
ozks,368640,419
ozks,65536,13
ozks,65536,19
ozks,57344,4
ozks,57344,0
ozks,57344,3
ozks,57344,10
ozks,135168,103
ozks,57344,11
ozks,57344,0
ozks,57344,4
ozks,57344,10
ozks,233472,241
ozks,73728,32
ozks,466944,568
ozks,57344,0
ozks,69632,23
ozks,126976,89
ozks,335872,384
ozks,270336,293
ozks,57344,8
ozks,57344,1
ozks,155648,133
ozks,151552,129
ozks,57344,0
ozks,606208,764
ozks,143360,111
ozks,286720,325
ozks,294912,325
ozks,69632,22
ozks,57344,6
ozks,57344,6
ozks,172032,146
ozks,155648,126
ozks,65536,13
ozks,57344,10
ozks,57344,10
ozks,434176,526
ozks,57344,2
ozks,57344,10
ozks,57344,9
ozks,102400,70
ozks,155648,126
ozks,57344,9
ozks,57344,0
ozks,57344,2
ozks,94208,47
ozks,229376,231
ozks,69632,30
ozks,102400,64
ozks,81920,37
ozks,630784,803
ozks,102400,70
ozks,57344,8
ozks,249856,263
ozks,126976,90
ozks,57344,3
ozks,69632,28
ozks,57344,3
ozks,102400,62
ozks,98304,52
ozks,73728,34
ozks,90112,40
ozks,65536,20
ozks,65536,17
ozks,159744,134
ozks,69632,28
ozks,110592,77
ozks,65536,17
ozks,57344,1
ozks,229376,235
ozks,57344,4
ozks,65536,18
ozks,57344,5
ozks,73728,34
ozks,57344,2
ozks,57344,0
ozks,536576,656
ozks,57344,9
ozks,516096,633
ozks,57344,1
ozks,57344,0
ozks,663552,830
ozks,57344,1
ozks,139264,111
ozks,57344,4
ozks,57344,3
ozks,65536,14
ozks,81920,38
ozks,69632,23
ozks,65536,17
ozks,94208,50
ozks,65536,17
ozks,57344,8
ozks,606208,763
ozks,155648,123
ozks,57344,10
ozks,69632,27
ozks,65536,13
ozks,57344,1
ozks,65536,19
ozks,65536,17
ozks,57344,8
ozks,57344,2
ozks,143360,111
ozks,69632,28
ozks,57344,7
ozks,102400,66
ozks,57344,9
ozks,81920,37
ozks,57344,4
ozks,114688,80
ozks,57344,0
ozks,57344,6
ozks,73728,35
ozks,126976,90
ozks,69632,29
ozks,69632,26
ozks,57344,1
ozks,73728,36
ozks,98304,54
ozks,73728,35
ozks,180224,170
ozks,57344,10
ozks,102400,62
ozks,81920,39
ozks,65536,18
ozks,65536,17
ozks,159744,139
ozks,638976,799
ozks,192512,176
ozks,57344,9
ozks,98304,57
ozks,57344,0
ozks,94208,49
ozks,159744,137
ozks,57344,1
ozks,131072,91
ozks,57344,3
ozks,98304,58
ozks,409600,494
ozks,65536,17
ozks,57344,4
ozks,57344,9
ozks,614400,773
ozks,94208,48
ozks,57344,2
ozks,57344,8
ozks,65536,17
ozks,110592,77
ozks,135168,94
ozks,57344,10
ozks,65536,21
ozks,155648,132
ozks,65536,20
ozks,225280,228
ozks,122880,84
ozks,57344,1
ozks,69632,25
ozks,94208,46
ozks,69632,28
ozks,102400,65
ozks,57344,8
ozks,57344,0
ozks,69632,22
ozks,57344,8
ozks,65536,15
ozks,57344,5
ozks,65536,14
ozks,151552,127
ozks,57344,8
ozks,65536,13
ozks,57344,0
ozks,249856,257
ozks,544768,672
ozks,65536,13
ozks,102400,71
ozks,57344,9
ozks,356352,410
ozks,417792,487
ozks,98304,62
ozks,57344,4
ozks,57344,7
ozks,290816,325
ozks,57344,2
ozks,131072,98
ozks,167936,153
ozks,65536,13
ozks,57344,11
ozks,57344,6
ozks,69632,28
ozks,65536,12
ozks,94208,45
ozks,57344,10
ozks,290816,324
ozks,57344,9
ozks,204800,201
ozks,57344,0
ozks,176128,160
ozks,159744,135
ozks,131072,97
ozks,57344,10
ozks,167936,150
ozks,94208,46
ozks,57344,7
ozks,94208,46
ozks,475136,569
ozks,57344,4
ozks,57344,8
ozks,57344,7
ozks,57344,1
ozks,81920,38
ozks,57344,8
ozks,57344,4
ozks,94208,45
ozks,94208,49
ozks,57344,6
ozks,57344,8
ozks,69632,26
ozks,73728,35
ozks,57344,0
ozks,65536,12
ozks,65536,15
ozks,102400,68
ozks,57344,0
ozks,73728,35
ozks,57344,7
ozks,57344,11
ozks,200704,181
ozks,57344,9
ozks,69632,22
ozks,98304,55
ozks,57344,8
ozks,57344,9
ozks,487424,589
ozks,65536,15
ozks,73728,35
ozks,57344,0
ozks,69632,25
ozks,155648,131
ozks,94208,51
ozks,57344,1
ozks,159744,135
ozks,65536,17
ozks,57344,1
ozks,57344,10
ozks,57344,10
ozks,57344,8
ozks,69632,27
ozks,241664,254
ozks,69632,27
ozks,98304,59
ozks,57344,1
ozks,65536,19
ozks,57344,6
ozks,57344,7
ozks,57344,1
ozks,57344,9
ozks,135168,101
ozks,57344,6
ozks,57344,5
ozks,217088,209
ozks,57344,5
ozks,57344,5
ozks,102400,63
ozks,65536,17
ozks,110592,77
ozks,57344,3
ozks,57344,6
ozks,57344,0
ozks,131072,97
ozks,94208,48
ozks,372736,431
ozks,65536,14
ozks,69632,29
ozks,65536,15
ozks,69632,31
ozks,73728,36
ozks,155648,126
ozks,94208,46
ozks,73728,33
ozks,65536,12
ozks,65536,17
ozks,180224,164
ozks,57344,1
ozks,57344,5
ozks,57344,1
ozks,397312,474
ozks,114688,80
ozks,294912,328
ozks,57344,8
ozks,57344,4
ozks,57344,0
ozks,65536,12
ozks,57344,11
ozks,57344,0
ozks,57344,7
ozks,69632,31
ozks,57344,0
ozks,57344,1
ozks,57344,8
ozks,131072,99
ozks,221184,223
ozks,94208,46
ozks,684032,866
ozks,196608,183
ozks,57344,1
ozks,57344,9
ozks,57344,3
ozks,98304,58
ozks,57344,11
ozks,311296,340
ozks,57344,1
ozks,57344,10
ozks,528384,642
ozks,57344,8
ozks,57344,4
ozks,57344,1
ozks,57344,8
ozks,57344,11
ozks,57344,9
ozks,188416,173
ozks,57344,1
ozks,69632,26
ozks,57344,8
ozks,57344,4
ozks,57344,2
ozks,516096,637
ozks,110592,77
ozks,757760,970
ozks,57344,7
ozks,69632,30
ozks,110592,75
ozks,57344,8
ozks,69632,31
ozks,729088,931
ozks,65536,21
ozks,159744,143
ozks,57344,0
ozks,98304,55
ozks,94208,42
ozks,69632,23
ozks,192512,178
ozks,65536,15
ozks,57344,3
ozks,69632,26
ozks,57344,8
ozks,65536,14
ozks,57344,1
ozks,155648,142
ozks,57344,10
ozks,65536,15
ozks,57344,0
ozks,65536,17
ozks,434176,521
ozks,139264,109
ozks,118784,82
ozks,65536,17
ozks,614400,774
ozks,565248,715
ozks,57344,11
ozks,57344,5
ozks,81920,37
ozks,69632,26
ozks,65536,19
ozks,57344,9
ozks,241664,252
ozks,57344,1
ozks,155648,132
ozks,57344,9
ozks,57344,3
ozks,57344,1
ozks,585728,741
ozks,65536,19
ozks,57344,10
ozks,57344,3
ozks,57344,2
ozks,73728,33
ozks,57344,6
ozks,237568,243
ozks,65536,21
ozks,57344,1
ozks,57344,3
ozks,57344,7
ozks,57344,3
ozks,65536,13
ozks,249856,252
ozks,57344,1
ozks,131072,99
ozks,294912,324
ozks,65536,12
ozks,57344,10
ozks,57344,8
ozks,151552,125
ozks,57344,0
ozks,57344,8
ozks,65536,17
ozks,57344,1
ozks,208896,205
ozks,57344,8
ozks,65536,17
ozks,57344,1
ozks,57344,1
ozks,98304,59
ozks,57344,0
ozks,589824,734
ozks,114688,82
ozks,57344,7
ozks,69632,30
ozks,57344,3
ozks,57344,0
ozks,94208,43
ozks,98304,51
ozks,69632,22
ozks,57344,0
ozks,57344,4
ozks,110592,79
ozks,98304,58
ozks,110592,79
ozks,57344,2
ozks,65536,17
ozks,57344,2
ozks,69632,26
ozks,57344,6
ozks,57344,3
ozks,57344,9
ozks,126976,91
ozks,159744,137
ozks,102400,70
ozks,57344,6
ozks,57344,9
ozks,57344,0
ozks,57344,8
ozks,69632,25
ozks,57344,2
ozks,360448,424
ozks,57344,10
ozks,151552,119
ozks,57344,3
ozks,69632,25
ozks,57344,1
ozks,57344,0
ozks,57344,8
ozks,57344,2
ozks,57344,8
ozks,57344,7
ozks,57344,11
ozks,69632,26
ozks,57344,0
ozks,57344,3
ozks,65536,17
ozks,65536,21
ozks,589824,734
ozks,73728,33
ozks,57344,5
ozks,200704,181
ozks,57344,9
ozks,57344,4
ozks,57344,4
ozks,253952,270
ozks,217088,211
ozks,57344,8
ozks,57344,8
ozks,69632,25
ozks,65536,17
ozks,155648,139
ozks,57344,8
ozks,552960,692
ozks,57344,6
ozks,57344,0
ozks,57344,8
ozks,57344,1
ozks,57344,1
ozks,708608,912
ozks,57344,0
ozks,315392,366
ozks,94208,50
ozks,65536,13
ozks,57344,0
ozks,57344,3
ozks,491520,596
ozks,57344,6
ozks,57344,1
ozks,65536,20
ozks,65536,13
ozks,57344,3
ozks,57344,0
ozks,249856,257
ozks,57344,7
ozks,57344,1
ozks,57344,8
ozks,57344,4
ozks,57344,8
ozks,364544,420
ozks,57344,5
ozks,81920,37
ozks,57344,1
ozks,94208,45
ozks,65536,19
ozks,65536,13
ozks,176128,158
ozks,65536,19
ozks,57344,0
ozks,65536,13
ozks,167936,149
ozks,110592,73
ozks,65536,16
ozks,57344,11
ozks,57344,0
ozks,65536,21
ozks,57344,2
ozks,200704,188
ozks,638976,814
ozks,196608,177
ozks,155648,130
ozks,94208,45
ozks,57344,0
ozks,73728,33
ozks,57344,7
ozks,57344,6
ozks,57344,1
ozks,65536,17
ozks,57344,2
ozks,57344,1
ozks,57344,0
ozks,598016,749
ozks,69632,24
ozks,69632,26
ozks,176128,158
ozks,57344,0
ozks,57344,6
ozks,98304,55
ozks,57344,0
ozks,151552,125
ozks,57344,3
ozks,57344,1
ozks,126976,91
ozks,69632,28
ozks,65536,13
ozks,65536,18
ozks,57344,8
ozks,335872,384
ozks,98304,59
ozks,57344,4
ozks,65536,20
ozks,98304,61
ozks,65536,13
ozks,65536,18
ozks,57344,1
ozks,57344,7
ozks,638976,807
ozks,65536,13
ozks,57344,4
ozks,139264,103
ozks,200704,183
ozks,135168,102
ozks,57344,0
ozks,57344,9
ozks,57344,1
ozks,57344,3
ozks,57344,7
ozks,57344,4
ozks,57344,0
ozks,57344,10
ozks,65536,20
ozks,57344,9
ozks,65536,16
ozks,552960,672
ozks,192512,173
ozks,65536,19
ozks,57344,3
ozks,57344,3
ozks,69632,24
ozks,57344,3
ozks,57344,3
ozks,65536,12
ozks,102400,62
ozks,57344,2
ozks,57344,4
ozks,65536,17
ozks,57344,9
ozks,98304,59
ozks,155648,126
ozks,57344,1
ozks,225280,216
ozks,57344,11
ozks,57344,10
ozks,131072,88
ozks,57344,2
ozks,176128,156
ozks,57344,3
ozks,57344,0
ozks,225280,222
ozks,172032,148
ozks,81920,39
ozks,131072,101
ozks,131072,100
ozks,249856,262
ozks,57344,0
ozks,73728,34
ozks,65536,17
ozks,57344,1
ozks,57344,7
ozks,585728,734
ozks,94208,43
ozks,438272,521
ozks,65536,21
ozks,57344,1
ozks,65536,12
ozks,622592,785
ozks,73728,36
ozks,311296,354
ozks,57344,0
ozks,57344,1
ozks,57344,8
ozks,65536,14
ozks,57344,9
ozks,94208,50
ozks,57344,3
ozks,57344,6
ozks,57344,0
ozks,57344,8
ozks,69632,26
ozks,102400,67
ozks,57344,10
ozks,110592,75
ozks,417792,500
ozks,163840,143
ozks,69632,27
ozks,651264,828
ozks,98304,54
ozks,401408,474
ozks,94208,43
ozks,126976,90
ozks,57344,1
ozks,73728,36
ozks,57344,0
ozks,57344,9
ozks,114688,80
ozks,57344,2
ozks,57344,5
ozks,57344,1
ozks,94208,49
ozks,204800,189
ozks,69632,28
ozks,57344,3
ozks,69632,24
ozks,73728,35
ozks,69632,28
ozks,57344,5
ozks,57344,1
ozks,57344,2
ozks,57344,3
ozks,57344,5
ozks,200704,182
ozks,57344,8
ozks,57344,5
ozks,69632,31
ozks,81920,39
ozks,98304,51
ozks,57344,0
ozks,57344,2
ozks,57344,0
ozks,557056,682
ozks,81920,39
ozks,57344,7
ozks,69632,27
ozks,57344,10
ozks,253952,272
ozks,57344,0
ozks,57344,7
ozks,57344,8
ozks,65536,12
ozks,57344,8
ozks,69632,25
ozks,114688,80
ozks,143360,111
ozks,323584,361
ozks,57344,8
ozks,57344,10
ozks,57344,10
ozks,204800,202
ozks,57344,1
ozks,98304,58
ozks,69632,23
ozks,57344,0
ozks,98304,60
ozks,57344,6
ozks,65536,15
ozks,593920,739
ozks,110592,78
ozks,106496,72
ozks,69632,28
ozks,81920,39
ozks,57344,8
ozks,57344,4
ozks,57344,0
ozks,110592,76
ozks,139264,103
ozks,94208,50
ozks,57344,4
ozks,65536,17
ozks,57344,4
ozks,94208,42
ozks,57344,8
ozks,65536,16
ozks,57344,8
ozks,409600,477
ozks,65536,15
ozks,69632,25
ozks,57344,0
ozks,155648,136
ozks,675840,862
ozks,704512,881
ozks,167936,144
ozks,57344,4
ozks,110592,75
ozks,57344,5
ozks,331776,369
ozks,57344,10
ozks,57344,1
ozks,57344,6
ozks,69632,24
ozks,57344,0
ozks,94208,42
ozks,81920,37
ozks,102400,63
ozks,57344,0
ozks,57344,11
ozks,57344,9
ozks,57344,1
ozks,311296,338
ozks,57344,1
ozks,81920,39
ozks,102400,65
ozks,57344,7
ozks,65536,17
ozks,65536,17
ozks,196608,181
ozks,65536,18
ozks,176128,157
ozks,57344,3
ozks,57344,0
ozks,118784,85
ozks,139264,109
ozks,483328,596
ozks,57344,3
ozks,131072,97
ozks,57344,5
ozks,249856,257
ozks,57344,11
ozks,65536,17
ozks,57344,1
ozks,57344,1
ozks,57344,2
ozks,155648,133
ozks,57344,6
ozks,585728,734
ozks,233472,234
ozks,69632,29
ozks,65536,15
ozks,73728,35
ozks,90112,40
ozks,323584,362
ozks,102400,68
ozks,57344,3
ozks,57344,5
ozks,57344,1
ozks,765952,991
ozks,57344,0
ozks,57344,1
ozks,65536,19
ozks,114688,80
ozks,57344,3
ozks,57344,5
ozks,65536,12
ozks,65536,15
ozks,679936,858
ozks,57344,11
ozks,57344,2
ozks,69632,24
ozks,65536,15
ozks,69632,30
ozks,143360,117
ozks,65536,17
ozks,69632,23
ozks,532480,663
ozks,417792,494
ozks,155648,125
ozks,73728,36
ozks,294912,328
ozks,57344,1
ozks,57344,0
ozks,65536,18
ozks,69632,25
ozks,57344,5
ozks,327680,357
ozks,180224,163
ozks,57344,1
ozks,65536,17
ozks,65536,19
ozks,57344,1
ozks,57344,8
ozks,57344,8
ozks,57344,0
ozks,57344,10
ozks,57344,3
ozks,65536,14
ozks,65536,14
ozks,57344,1
ozks,98304,56
ozks,57344,5
ozks,94208,45
ozks,65536,13
ozks,65536,13
ozks,401408,476
ozks,151552,129
ozks,57344,7
ozks,57344,2
ozks,57344,3
ozks,163840,142
ozks,57344,10
ozks,57344,5
ozks,69632,30
ozks,57344,11
ozks,69632,31
ozks,65536,15
ozks,57344,2
ozks,69632,26
ozks,94208,43
ozks,57344,7
ozks,57344,7
ozks,208896,194
ozks,57344,8
ozks,69632,26
ozks,57344,0
ozks,57344,3
ozks,57344,0
ozks,57344,3
ozks,57344,2
ozks,57344,2
ozks,65536,16
ozks,757760,974
ozks,81920,39
ozks,229376,240
ozks,57344,11
ozks,176128,160
ozks,57344,3
ozks,94208,45
ozks,413696,492
ozks,57344,1
ozks,167936,151
ozks,57344,0
ozks,131072,92
ozks,57344,0
ozks,57344,3
ozks,57344,7
ozks,57344,3
ozks,57344,1
ozks,57344,0
ozks,57344,10
ozks,69632,29
ozks,290816,325
ozks,57344,9
ozks,57344,1
ozks,528384,650
ozks,57344,8
ozks,159744,137
ozks,450560,541
ozks,57344,3
ozks,57344,4
ozks,65536,15
ozks,73728,35
ozks,57344,0
ozks,65536,17
ozks,73728,35
ozks,69632,25
ozks,57344,3
ozks,57344,0
ozks,57344,2
ozks,57344,1
ozks,69632,24
ozks,57344,2
ozks,69632,22
ozks,167936,143
ozks,503808,627
ozks,73728,32
ozks,172032,145
ozks,57344,5
ozks,98304,54
ozks,57344,9
ozks,401408,482
ozks,98304,61
ozks,57344,0
ozks,57344,1
ozks,69632,29
ozks,131072,98
ozks,57344,8
ozks,57344,2
ozks,57344,1
ozks,57344,4
ozks,65536,14
ozks,65536,17
ozks,73728,33
ozks,57344,0
ozks,155648,138
ozks,65536,14
ozks,57344,4
ozks,57344,4
ozks,98304,59
ozks,57344,6
ozks,57344,7
ozks,69632,29
ozks,172032,149
ozks,57344,10
ozks,110592,76
ozks,57344,2
ozks,65536,12
ozks,274432,303
ozks,57344,5
ozks,57344,1
ozks,57344,0
ozks,98304,53
ozks,290816,306
ozks,147456,113
ozks,57344,1
ozks,57344,0
ozks,102400,68
ozks,65536,12
ozks,57344,10
ozks,94208,49
ozks,131072,93
ozks,503808,619
ozks,57344,5
ozks,278528,303
ozks,57344,3
ozks,200704,181
ozks,167936,147
ozks,65536,17
ozks,65536,20
ozks,65536,17
ozks,172032,145
ozks,65536,15
ozks,57344,8
ozks,65536,16
ozks,57344,11
ozks,57344,1
ozks,81920,37
ozks,94208,47
ozks,606208,762
ozks,69632,23
ozks,69632,28
ozks,57344,1
ozks,262144,276
ozks,57344,0
ozks,73728,32
ozks,73728,34
ozks,65536,13
ozks,102400,63
ozks,57344,1
ozks,57344,11
ozks,73728,32
ozks,57344,1
ozks,114688,80
ozks,151552,132
ozks,57344,8
ozks,57344,2
ozks,57344,1
ozks,57344,9
ozks,69632,31
ozks,65536,17
ozks,57344,3
ozks,65536,13
ozks,57344,8
ozks,118784,84
ozks,57344,5
ozks,65536,17
ozks,57344,1
ozks,57344,9
ozks,114688,80
ozks,90112,41
ozks,131072,86
ozks,57344,2
ozks,98304,54
ozks,155648,123
ozks,290816,325
ozks,57344,2
ozks,57344,8
ozks,65536,12
ozks,57344,1
ozks,57344,2
ozks,57344,8
ozks,73728,36
ozks,65536,17
ozks,376832,438
ozks,57344,3
ozks,114688,80
ozks,57344,0
ozks,98304,58
ozks,319488,362
ozks,139264,111
ozks,57344,10
ozks,761856,983
ozks,57344,8
ozks,57344,10
ozks,65536,15
ozks,135168,107
ozks,675840,852
ozks,65536,19
ozks,65536,12
ozks,229376,241
ozks,57344,0
ozks,65536,12
ozks,135168,95
ozks,69632,27
ozks,94208,42
ozks,57344,1
ozks,65536,18
ozks,57344,3
ozks,757760,970
ozks,57344,5
ozks,57344,2
ozks,69632,25
ozks,770048,991
ozks,69632,25
ozks,57344,8
ozks,65536,18
ozks,159744,137
ozks,69632,23
ozks,159744,133
ozks,98304,60
ozks,57344,5
ozks,57344,3
ozks,57344,2
ozks,57344,4
ozks,57344,9
ozks,69632,23
ozks,57344,11
ozks,57344,10
ozks,57344,2
ozks,57344,5
ozks,65536,17
ozks,581632,722
ozks,94208,46
ozks,233472,236
ozks,57344,0
ozks,303104,343
ozks,57344,2
ozks,593920,743
ozks,69632,22
ozks,126976,90
ozks,57344,4
ozks,692224,882
ozks,303104,328
ozks,57344,8
ozks,57344,1
ozks,57344,5
ozks,57344,0
ozks,57344,0
ozks,65536,17
ozks,65536,16
ozks,311296,345
ozks,69632,29
ozks,57344,0
ozks,65536,16
ozks,57344,5
ozks,131072,102
ozks,188416,172
ozks,167936,148
ozks,192512,173
ozks,307200,335
ozks,65536,13
ozks,57344,8
ozks,57344,0
ozks,57344,0
ozks,57344,3
ozks,57344,8
ozks,57344,8
ozks,159744,140
ozks,126976,88
ozks,143360,110
ozks,69632,25
ozks,57344,0
ozks,57344,9
ozks,65536,16
ozks,65536,16
ozks,57344,10
ozks,135168,95
ozks,57344,8
ozks,102400,67
ozks,57344,3
ozks,57344,11
ozks,602112,759
ozks,155648,127
ozks,102400,68
ozks,57344,6
ozks,57344,9
ozks,57344,5
ozks,57344,1
ozks,102400,69
ozks,126976,86
ozks,102400,68
ozks,69632,27
ozks,299008,324
ozks,69632,25
ozks,57344,8
ozks,57344,0
ozks,57344,5
ozks,57344,5
ozks,57344,1
ozks,57344,11
ozks,57344,8
ozks,57344,1
ozks,98304,58
ozks,57344,10
ozks,57344,1
ozks,57344,1
ozks,94208,45
ozks,94208,45
ozks,69632,25
ozks,155648,130
ozks,57344,1
ozks,65536,19
ozks,57344,1
ozks,57344,8
ozks,548864,683
ozks,159744,140
ozks,57344,5
ozks,225280,225
ozks,135168,94
ozks,110592,77
ozks,57344,8
ozks,65536,17
ozks,57344,4
ozks,98304,54
ozks,57344,4
ozks,102400,62
ozks,57344,6
ozks,65536,13
ozks,57344,0
ozks,102400,70
ozks,57344,4
ozks,57344,10
ozks,69632,28
ozks,57344,8
ozks,57344,4
ozks,57344,1
ozks,65536,17
ozks,57344,0
ozks,57344,0
ozks,69632,27
ozks,69632,21
ozks,225280,220
ozks,159744,137
ozks,57344,0
ozks,57344,5
ozks,81920,37
ozks,172032,146
ozks,57344,10
ozks,57344,10
ozks,65536,18
ozks,57344,1
ozks,57344,11
ozks,57344,4
ozks,57344,1
ozks,57344,3
ozks,57344,9
ozks,102400,65
ozks,57344,8
ozks,69632,28
ozks,57344,3
ozks,57344,8
ozks,57344,2
ozks,303104,343
ozks,57344,1
ozks,118784,84
ozks,57344,8
ozks,57344,8
ozks,57344,0
ozks,57344,8
ozks,57344,3
ozks,69632,24
ozks,57344,0
ozks,94208,45
ozks,57344,5
ozks,57344,10
ozks,57344,0
ozks,143360,116
ozks,65536,15
ozks,131072,99
ozks,90112,40
ozks,57344,8
ozks,57344,6
ozks,57344,7
ozks,57344,10
ozks,200704,190
ozks,57344,4
ozks,69632,31
ozks,57344,4
ozks,94208,44
ozks,69632,29
ozks,94208,43
ozks,57344,1
ozks,57344,8
ozks,57344,11
ozks,73728,35
ozks,57344,5
ozks,102400,72
ozks,57344,8
ozks,69632,24
ozks,65536,14
ozks,167936,150
ozks,688128,880
ozks,94208,42
ozks,57344,6
ozks,65536,18
ozks,57344,5
ozks,585728,734
ozks,57344,4
ozks,57344,0
ozks,221184,218
ozks,94208,47
ozks,180224,161
ozks,532480,664
ozks,57344,1
ozks,65536,16
ozks,65536,17
ozks,65536,13
ozks,57344,10
ozks,110592,74
ozks,69632,24
ozks,176128,158
ozks,57344,1
ozks,94208,44
ozks,57344,3
ozks,98304,56
ozks,57344,3
ozks,65536,16
ozks,57344,6
ozks,65536,17
ozks,90112,41
ozks,57344,9
ozks,65536,13
ozks,57344,7
ozks,57344,3
ozks,323584,361
ozks,65536,12
ozks,57344,8
ozks,159744,133
ozks,65536,17
ozks,57344,1
ozks,57344,2
ozks,57344,10
ozks,57344,1
ozks,57344,6
ozks,65536,13
ozks,57344,4
ozks,57344,3
ozks,208896,195
ozks,57344,2
ozks,57344,9
ozks,57344,7
ozks,65536,15
ozks,57344,2
ozks,69632,27
ozks,94208,45
ozks,57344,0
ozks,69632,25
ozks,110592,76
ozks,57344,9
ozks,65536,21
ozks,102400,72
ozks,176128,166
ozks,69632,27
ozks,430080,522
ozks,102400,62
ozks,65536,14
ozks,57344,0
ozks,57344,2
ozks,57344,3
ozks,69632,28
ozks,57344,1
ozks,147456,121
ozks,290816,324
ozks,57344,9
ozks,602112,751
ozks,258048,274
ozks,57344,3
ozks,57344,0
ozks,679936,866
ozks,57344,7
ozks,57344,1
ozks,57344,0
ozks,143360,115
ozks,57344,2
ozks,57344,3
ozks,319488,350
ozks,57344,2
ozks,57344,0
ozks,196608,174
ozks,69632,30
ozks,65536,12
ozks,94208,48
ozks,98304,57
ozks,368640,427
ozks,57344,8
ozks,139264,103
ozks,155648,140
ozks,65536,14
ozks,102400,63
ozks,114688,80
ozks,65536,18
ozks,57344,1
ozks,57344,2
ozks,57344,0
ozks,57344,7
ozks,65536,12
ozks,438272,521
ozks,57344,3
ozks,73728,36
ozks,69632,26
ozks,81920,39
ozks,57344,1
ozks,69632,23
ozks,94208,45
ozks,57344,0
ozks,65536,16
ozks,212992,211
ozks,114688,80
ozks,57344,0
ozks,57344,10
ozks,479232,582
ozks,65536,20
ozks,69632,26
ozks,69632,25
ozks,65536,17
ozks,57344,1
ozks,98304,55
ozks,57344,4
ozks,57344,2
ozks,57344,1
ozks,540672,665
ozks,98304,60
ozks,81920,37
ozks,69632,23
ozks,65536,17
ozks,65536,18
ozks,65536,17
ozks,143360,109
ozks,520192,635
ozks,65536,15
ozks,475136,574
ozks,159744,140
ozks,172032,161
ozks,57344,6
ozks,65536,16
ozks,602112,751
ozks,57344,1
ozks,65536,17
ozks,65536,15
ozks,57344,1
ozks,57344,1
ozks,65536,13
ozks,57344,0
ozks,57344,4
ozks,57344,4
ozks,602112,766
ozks,57344,1
ozks,57344,0
ozks,65536,15
ozks,65536,13
ozks,57344,8
ozks,65536,17
ozks,57344,0
ozks,57344,0
ozks,446464,538
ozks,73728,31
ozks,57344,2
ozks,65536,16
ozks,57344,8
ozks,57344,0
ozks,57344,6
ozks,65536,14
ozks,94208,43
ozks,57344,2
ozks,57344,3
ozks,57344,10
ozks,69632,23
ozks,98304,53
ozks,69632,29
ozks,65536,13
ozks,57344,9
ozks,57344,1
ozks,57344,8
ozks,57344,0
ozks,57344,5
ozks,57344,5
ozks,65536,13
ozks,57344,8
ozks,65536,13
ozks,110592,78
ozks,135168,99
ozks,57344,0
ozks,57344,4
ozks,200704,183
ozks,94208,49
ozks,57344,6
ozks,57344,11
ozks,69632,29
ozks,98304,53
ozks,126976,92
ozks,65536,15
ozks,73728,35
ozks,73728,36
ozks,311296,350
ozks,57344,7
ozks,778240,998
ozks,110592,73
ozks,69632,29
ozks,565248,702
ozks,57344,2
ozks,57344,2
ozks,69632,26
ozks,57344,3
ozks,57344,8
ozks,57344,0
ozks,57344,8
ozks,57344,1
ozks,65536,14
ozks,57344,3
ozks,57344,1
ozks,57344,1
ozks,778240,998
ozks,110592,73
ozks,57344,5
ozks,200704,183
ozks,73728,35
ozks,65536,14
ozks,290816,325
ozks,69632,26
ozks,69632,30
ozks,57344,2
ozks,69632,23
ozks,147456,116
ozks,69632,25
ozks,57344,2
ozks,57344,2
ozks,81920,37
ozks,65536,17
ozks,65536,16
ozks,94208,42
ozks,57344,1
ozks,397312,464
ozks,57344,8
ozks,65536,20
ozks,57344,7
ozks,57344,4
ozks,69632,30
ozks,630784,808
ozks,57344,0
ozks,94208,44
ozks,98304,53
ozks,57344,0
ozks,57344,1
ozks,593920,734
ozks,57344,1
ozks,544768,672
ozks,139264,111
ozks,65536,21
ozks,69632,30
ozks,57344,1
ozks,69632,22
ozks,57344,9
ozks,65536,13
ozks,176128,155
ozks,69632,30
ozks,176128,153
ozks,57344,0
ozks,57344,0
ozks,57344,0
ozks,57344,10
ozks,65536,15
ozks,57344,4
ozks,618496,789
ozks,626688,785
ozks,57344,10
ozks,69632,25
ozks,65536,18
ozks,401408,483
ozks,57344,5
ozks,57344,6
ozks,192512,173
ozks,98304,55
ozks,73728,32
ozks,57344,4
ozks,167936,147
ozks,94208,42
ozks,57344,4
ozks,765952,991
ozks,57344,11
ozks,413696,494
ozks,57344,4
ozks,65536,16
ozks,57344,11
ozks,57344,2
ozks,73728,35
ozks,339968,389
ozks,65536,14
ozks,110592,77
ozks,57344,5
ozks,503808,618
ozks,102400,68
ozks,57344,0
ozks,57344,7
ozks,65536,19
ozks,57344,0
ozks,65536,19
ozks,180224,168
ozks,57344,1
ozks,438272,522
ozks,81920,39
ozks,57344,1
ozks,167936,146
ozks,57344,6
ozks,57344,11
ozks,172032,149
ozks,57344,3
ozks,73728,33
ozks,57344,3
ozks,69632,30
ozks,65536,18
ozks,57344,4
ozks,57344,3
ozks,65536,17
ozks,745472,954
ozks,73728,34
ozks,57344,2
ozks,57344,3
ozks,253952,272
ozks,69632,26
ozks,69632,26
ozks,57344,3
ozks,57344,4
ozks,57344,0
ozks,57344,1
ozks,57344,1
ozks,57344,0
ozks,57344,0
ozks,69632,23
ozks,425984,516
ozks,69632,27
ozks,57344,10
ozks,73728,34
ozks,151552,127
ozks,438272,521
ozks,495616,601
ozks,131072,102
ozks,57344,2
ozks,159744,141
ozks,57344,9
ozks,65536,12
ozks,57344,3
ozks,69632,26
ozks,57344,8
ozks,57344,2
ozks,577536,720
ozks,73728,36
ozks,57344,1
ozks,57344,9
ozks,57344,0
ozks,176128,160
ozks,57344,2
ozks,135168,104
ozks,65536,13
ozks,57344,2
ozks,258048,279
ozks,700416,894
ozks,57344,3
ozks,126976,86
ozks,57344,2
ozks,69632,22
ozks,57344,2
ozks,163840,143
ozks,65536,13
ozks,73728,36
ozks,69632,22
ozks,180224,169
ozks,131072,95
ozks,102400,59
ozks,57344,0
ozks,98304,54
ozks,57344,10
ozks,69632,25
ozks,69632,26
ozks,65536,19
ozks,69632,28
ozks,57344,9
ozks,73728,36
ozks,57344,4
ozks,57344,0
ozks,57344,3
ozks,241664,247
ozks,57344,1
ozks,57344,1
ozks,57344,1
ozks,73728,32
ozks,65536,19
ozks,57344,3
ozks,69632,27
ozks,57344,2
ozks,196608,177
ozks,65536,17
ozks,65536,14
ozks,57344,10
ozks,757760,983
ozks,159744,140
ozks,57344,2
ozks,57344,0
ozks,57344,9
ozks,102400,63
ozks,65536,14
ozks,159744,134
ozks,98304,60
ozks,57344,6
ozks,57344,11
ozks,81920,39
ozks,57344,5
ozks,94208,45
ozks,57344,2
ozks,135168,107
ozks,90112,41
ozks,602112,755
ozks,585728,734
ozks,282624,302
ozks,176128,156
ozks,90112,41
ozks,57344,9
ozks,57344,7
ozks,57344,1
ozks,94208,48
ozks,180224,165
ozks,57344,2
ozks,57344,11
ozks,102400,65
ozks,57344,6
ozks,69632,29
ozks,200704,190
ozks,57344,1
ozks,57344,8
ozks,258048,260
ozks,110592,74
ozks,81920,39
ozks,69632,27
ozks,57344,10
ozks,57344,8
ozks,57344,7
ozks,172032,148
ozks,57344,8
ozks,155648,140
ozks,57344,4
ozks,135168,103
ozks,81920,38
ozks,647168,822
ozks,57344,8
ozks,57344,6
ozks,98304,61
ozks,372736,429
ozks,57344,2
ozks,57344,3
ozks,188416,173
ozks,57344,4
ozks,294912,325
ozks,57344,3
ozks,57344,9
ozks,57344,0
ozks,57344,8
ozks,303104,342
ozks,57344,6
ozks,73728,36
ozks,57344,1
ozks,65536,15
ozks,147456,114
ozks,139264,105
ozks,106496,72
ozks,81920,37
ozks,172032,148
ozks,94208,42
ozks,57344,8
ozks,90112,40
ozks,57344,1
ozks,98304,60
ozks,57344,10
ozks,57344,6
ozks,57344,0
ozks,73728,33
ozks,57344,0
ozks,57344,5
ozks,73728,33
ozks,94208,48
ozks,151552,121
ozks,57344,0
ozks,98304,55
ozks,57344,10
ozks,57344,1
ozks,57344,1
ozks,57344,3
ozks,69632,26
ozks,57344,3
ozks,94208,44
ozks,57344,10
ozks,57344,0
ozks,94208,51
ozks,57344,3
ozks,57344,3
ozks,57344,2
ozks,131072,97
ozks,94208,44
ozks,90112,40
ozks,106496,72
ozks,57344,1
ozks,147456,122
ozks,167936,145
ozks,548864,690
ozks,57344,11
ozks,57344,4
ozks,81920,38
ozks,57344,1
ozks,57344,2
ozks,57344,1
ozks,294912,324
ozks,102400,67
ozks,233472,243
ozks,94208,49
ozks,200704,183
ozks,57344,0
ozks,57344,2
ozks,110592,74
ozks,65536,17
ozks,57344,11
ozks,57344,2
ozks,57344,8
ozks,98304,55
ozks,679936,866
ozks,172032,158
ozks,57344,8
ozks,172032,162
ozks,139264,104
ozks,57344,5
ozks,57344,0
ozks,57344,11
ozks,57344,7
ozks,159744,137
ozks,294912,321
ozks,57344,4
ozks,69632,25
ozks,57344,10
ozks,65536,17
ozks,57344,3
ozks,225280,223
ozks,430080,512
ozks,65536,15
ozks,57344,2
ozks,94208,45
ozks,180224,169
ozks,57344,0
ozks,57344,0
ozks,81920,39
ozks,69632,28
ozks,458752,561
ozks,81920,39
ozks,155648,141
ozks,57344,6
ozks,778240,998
ozks,57344,8
ozks,57344,4
ozks,131072,95
ozks,57344,6
ozks,57344,2
ozks,454656,541
ozks,294912,325
ozks,495616,616
ozks,126976,88
ozks,57344,2
ozks,57344,4
ozks,143360,111
ozks,57344,8
ozks,69632,23
ozks,57344,8
ozks,57344,1
ozks,65536,12
ozks,65536,17
ozks,81920,39
ozks,135168,102
ozks,65536,17
ozks,229376,229
ozks,200704,187
ozks,57344,1
ozks,155648,123
ozks,73728,35
ozks,163840,140
ozks,98304,56
ozks,430080,510
ozks,110592,77
ozks,69632,29
ozks,57344,2
ozks,69632,25
ozks,57344,0
ozks,57344,1
ozks,196608,183
ozks,57344,0
ozks,188416,173
ozks,102400,67
ozks,90112,40
ozks,69632,21
ozks,57344,9
ozks,69632,22
ozks,69632,31
ozks,503808,613
ozks,225280,227
ozks,98304,52
ozks,57344,8
ozks,110592,78
ozks,57344,2
ozks,57344,6
ozks,57344,8
ozks,57344,1
ozks,65536,16
ozks,94208,46
ozks,65536,17
ozks,57344,8
ozks,57344,9
ozks,413696,495
ozks,57344,6
ozks,655360,822
ozks,57344,10
ozks,757760,983
ozks,81920,39
ozks,81920,37
ozks,57344,1
ozks,57344,4
ozks,57344,6
ozks,57344,4
ozks,65536,17
ozks,57344,0
ozks,57344,1
ozks,57344,6
ozks,57344,0
ozks,81920,38
ozks,57344,0
ozks,57344,1
ozks,57344,4
ozks,172032,153
ozks,450560,541
ozks,131072,97
ozks,65536,15
ozks,57344,1
ozks,57344,2
ozks,57344,1
ozks,163840,146
ozks,749568,955
ozks,57344,2
ozks,57344,10
ozks,69632,29
ozks,57344,0
ozks,57344,3
ozks,196608,175
ozks,65536,17
ozks,69632,29
ozks,102400,68
ozks,57344,9
ozks,151552,133
ozks,57344,10
ozks,57344,9
ozks,57344,10
ozks,57344,9
ozks,204800,184
ozks,479232,588
ozks,69632,30
ozks,765952,981
ozks,57344,0
ozks,69632,24
ozks,65536,13
ozks,57344,5
ozks,57344,1
ozks,94208,43
ozks,65536,17
ozks,57344,7
ozks,57344,6
ozks,221184,214
ozks,57344,2
ozks,57344,2
ozks,65536,13
ozks,73728,36
ozks,208896,197
ozks,65536,16
ozks,442368,543
ozks,94208,47
ozks,65536,14
ozks,57344,8
ozks,102400,67
ozks,479232,586
ozks,131072,88
ozks,57344,5
ozks,57344,2
ozks,163840,146
ozks,57344,4
ozks,57344,5
ozks,102400,64
ozks,598016,747
ozks,675840,862
ozks,57344,8
ozks,57344,3
ozks,520192,642
ozks,90112,41
ozks,57344,5
ozks,73728,36
ozks,57344,2
ozks,57344,9
ozks,57344,0
ozks,65536,15
ozks,57344,1
ozks,57344,1
ozks,73728,35
ozks,65536,16
ozks,57344,1
ozks,57344,2
ozks,69632,30
ozks,180224,167
ozks,102400,70
ozks,102400,71
ozks,57344,9
ozks,65536,12
ozks,57344,11
ozks,57344,0
ozks,69632,28
ozks,69632,25
ozks,65536,16
ozks,57344,0
ozks,73728,35
ozks,155648,130
ozks,65536,17
ozks,159744,135
ozks,155648,136
ozks,65536,13
ozks,57344,4
ozks,131072,98
ozks,176128,153
ozks,102400,66
ozks,90112,41
ozks,65536,14
ozks,65536,17
ozks,57344,8
ozks,65536,19
ozks,94208,44
ozks,270336,289
ozks,69632,22
ozks,57344,0
ozks,65536,12
ozks,151552,129
ozks,57344,0
ozks,57344,7
ozks,57344,1
ozks,102400,68
ozks,237568,244
ozks,557056,695
ozks,57344,4
ozks,94208,45
ozks,745472,958
ozks,73728,35
ozks,69632,28
ozks,57344,8
ozks,57344,8
ozks,57344,4
ozks,57344,4
ozks,548864,686
ozks,57344,7
ozks,57344,8
ozks,73728,34
ozks,712704,910
ozks,73728,36
ozks,98304,57
ozks,57344,10
ozks,163840,140
ozks,450560,530
ozks,73728,36
ozks,135168,100
ozks,184320,169
ozks,126976,90
ozks,81920,38
ozks,65536,12
ozks,57344,1
ozks,102400,67
ozks,57344,3
ozks,143360,116
ozks,98304,61
ozks,290816,325
ozks,57344,0
ozks,98304,53
ozks,90112,40
ozks,172032,155
ozks,69632,23
ozks,57344,8
ozks,69632,27
ozks,266240,274
ozks,155648,127
ozks,98304,52
ozks,65536,13
ozks,65536,12
ozks,57344,0
ozks,94208,45
ozks,450560,546
ozks,94208,46
ozks,94208,43
ozks,151552,121
ozks,57344,9
ozks,57344,0
ozks,57344,8
ozks,65536,12
ozks,57344,0
ozks,57344,1
ozks,69632,25
ozks,180224,164
ozks,65536,21
ozks,188416,175
ozks,57344,8
ozks,143360,117
ozks,110592,79
ozks,94208,44
ozks,65536,16
ozks,57344,6
ozks,81920,38
ozks,57344,10
ozks,90112,40
ozks,69632,22
ozks,65536,18
ozks,57344,1
ozks,57344,11
ozks,57344,7
ozks,57344,0
ozks,94208,47
ozks,81920,38
ozks,69632,30
ozks,69632,31
ozks,57344,1
ozks,57344,4
ozks,684032,878
ozks,155648,131
ozks,65536,19
ozks,57344,1
ozks,249856,256
ozks,229376,244
ozks,159744,141
ozks,57344,6
ozks,57344,1
ozks,57344,11
ozks,57344,10
ozks,69632,25
ozks,57344,8
ozks,98304,55
ozks,512000,620
ozks,139264,104
ozks,57344,1
ozks,57344,8
ozks,57344,2
ozks,57344,4
ozks,65536,20
ozks,57344,9
ozks,380928,449
ozks,57344,3
ozks,368640,425
ozks,57344,11
ozks,393216,463
ozks,57344,2
ozks,65536,13
ozks,69632,22
ozks,360448,424
ozks,679936,858
ozks,503808,630
ozks,57344,8
ozks,65536,17
ozks,65536,21
ozks,69632,30
ozks,57344,8
ozks,159744,139
ozks,135168,100
ozks,65536,13
ozks,57344,8
ozks,57344,0
ozks,57344,2
ozks,69632,26
ozks,57344,9
ozks,135168,105
ozks,57344,8
ozks,57344,10
ozks,57344,0
ozks,57344,8
ozks,704512,908
ozks,57344,1
ozks,65536,14
ozks,57344,4
ozks,225280,228
ozks,585728,728
ozks,81920,38
ozks,151552,129
ozks,65536,14
ozks,69632,26
ozks,57344,9
ozks,69632,22
ozks,278528,313
ozks,57344,0
ozks,73728,35
ozks,65536,16
ozks,110592,77
ozks,57344,8
ozks,57344,4
ozks,57344,7
ozks,69632,26
ozks,376832,442
ozks,65536,14
ozks,69632,28
ozks,73728,36
ozks,102400,66
ozks,155648,124
ozks,57344,9
ozks,176128,158
ozks,90112,41
ozks,57344,4
ozks,172032,149
ozks,57344,10
ozks,155648,126
ozks,69632,28
ozks,81920,39
ozks,57344,8
ozks,69632,31
ozks,57344,1
ozks,57344,8
ozks,57344,5
ozks,57344,3
ozks,57344,1
ozks,65536,15
ozks,57344,2
ozks,290816,325
ozks,57344,1
ozks,69632,26
ozks,65536,17
ozks,520192,635
ozks,57344,7
ozks,548864,678
ozks,643072,813
ozks,57344,8
ozks,57344,8
ozks,69632,27
ozks,663552,836
ozks,57344,1
ozks,57344,10
ozks,516096,634
ozks,69632,25
ozks,69632,23
ozks,57344,1
ozks,94208,46
ozks,57344,0
ozks,159744,139
ozks,204800,201
ozks,57344,0
ozks,94208,46
ozks,69632,28
ozks,69632,31
ozks,57344,8
ozks,57344,6
ozks,69632,31
ozks,57344,7
ozks,229376,233
ozks,65536,18
ozks,57344,9
ozks,69632,30
ozks,57344,8
ozks,69632,27
ozks,65536,17
ozks,73728,36
ozks,65536,17
ozks,57344,0
ozks,155648,141
ozks,57344,1
ozks,311296,343
ozks,57344,4
ozks,57344,2
ozks,57344,11
ozks,57344,5
ozks,57344,11
ozks,57344,3
ozks,90112,41
ozks,204800,197
ozks,57344,3
ozks,761856,980
ozks,167936,152
ozks,151552,121
ozks,413696,489
ozks,57344,2
ozks,57344,0
ozks,102400,70
ozks,57344,0
ozks,65536,15
ozks,69632,31
ozks,57344,0
ozks,65536,20
ozks,57344,1
ozks,98304,57
ozks,57344,1
ozks,176128,160
ozks,57344,0
ozks,57344,5
ozks,126976,90
ozks,69632,25
ozks,114688,80
ozks,57344,5
ozks,57344,5
ozks,57344,1
ozks,57344,9
ozks,57344,2
ozks,57344,0
ozks,57344,7
ozks,69632,25
ozks,135168,105
ozks,57344,7
ozks,57344,10
ozks,65536,17
ozks,110592,75
ozks,770048,991
ozks,57344,7
ozks,69632,23
ozks,65536,17
ozks,135168,106
ozks,57344,0
ozks,159744,141
ozks,573440,717
ozks,57344,5
ozks,102400,64
ozks,98304,54
ozks,57344,5
ozks,57344,4
ozks,57344,2
ozks,57344,11
ozks,372736,430
ozks,131072,100
ozks,94208,44
ozks,290816,325
ozks,57344,0
ozks,57344,2
ozks,57344,0
ozks,602112,741
ozks,57344,7
ozks,94208,48
ozks,57344,1
ozks,94208,42
ozks,57344,1
ozks,57344,3
ozks,73728,35
ozks,57344,7
ozks,196608,182
ozks,110592,77
ozks,716800,906
ozks,57344,6
ozks,110592,74
ozks,94208,45
ozks,65536,17
ozks,81920,38
ozks,65536,12
ozks,139264,106
ozks,57344,1
ozks,417792,500
ozks,57344,0
ozks,57344,0
ozks,57344,1
ozks,57344,3
ozks,98304,53
ozks,69632,31
ozks,57344,3
ozks,610304,755
ozks,57344,8
ozks,69632,26
ozks,172032,146
ozks,65536,16
ozks,516096,638
ozks,57344,1
ozks,57344,6
ozks,57344,8
ozks,65536,17
ozks,102400,71
ozks,94208,42
ozks,589824,737
ozks,110592,77
ozks,200704,182
ozks,69632,29
ozks,65536,12
ozks,57344,0
ozks,73728,36
ozks,102400,62
ozks,172032,153
ozks,57344,0
ozks,176128,160
ozks,335872,388
ozks,368640,434
ozks,65536,12
ozks,135168,93
ozks,327680,383
ozks,376832,438
ozks,147456,114
ozks,57344,1
ozks,524288,649
ozks,57344,8
ozks,98304,57
ozks,73728,32
ozks,634880,807
ozks,114688,80
ozks,65536,18
ozks,139264,104
ozks,57344,5
ozks,57344,1
ozks,57344,3
ozks,57344,8
ozks,57344,1
ozks,57344,1
ozks,57344,2
ozks,212992,212
ozks,57344,11
ozks,73728,33
ozks,57344,1
ozks,57344,5
ozks,65536,19
ozks,94208,45
ozks,57344,8
ozks,81920,39
ozks,65536,13
ozks,94208,50
ozks,57344,3
ozks,139264,104
ozks,57344,6
ozks,90112,40
ozks,57344,9
ozks,65536,12
ozks,110592,79
ozks,200704,188
ozks,114688,80
ozks,81920,37
ozks,679936,864
ozks,65536,12
ozks,135168,95
ozks,98304,55
ozks,65536,16
ozks,57344,8
ozks,57344,0
ozks,57344,6
ozks,57344,4
ozks,65536,12
ozks,57344,0
ozks,65536,16
ozks,69632,23
ozks,73728,36
ozks,229376,233
ozks,65536,18
ozks,180224,166
ozks,65536,12
ozks,57344,8
ozks,102400,65
ozks,118784,85
ozks,102400,70
ozks,69632,31
ozks,57344,5
ozks,65536,12
ozks,57344,7
ozks,57344,1
ozks,65536,21
ozks,57344,2
ozks,126976,90
ozks,258048,268
ozks,122880,85
ozks,57344,4
ozks,98304,55
ozks,73728,32
ozks,57344,0
ozks,57344,4
ozks,270336,297
ozks,135168,101
ozks,155648,134
ozks,57344,8
ozks,409600,492
ozks,102400,59
ozks,303104,325
ozks,73728,35
ozks,57344,1
ozks,81920,37
ozks,57344,6
ozks,57344,3
ozks,57344,1
ozks,69632,27
ozks,98304,59
ozks,57344,10
ozks,65536,14
ozks,147456,115
ozks,303104,339
ozks,57344,8
ozks,98304,58
ozks,57344,3
ozks,57344,0
ozks,65536,19
ozks,69632,25
ozks,65536,30
ozks,57344,8
ozks,57344,3
ozks,241664,250
ozks,57344,2
ozks,65536,14
ozks,102400,69
ozks,135168,99
ozks,57344,1
ozks,57344,0
ozks,69632,21
ozks,65536,21
ozks,159744,141
ozks,65536,19
ozks,57344,2
ozks,57344,8
ozks,651264,822
ozks,278528,293
ozks,57344,3
ozks,57344,3
ozks,163840,140
ozks,57344,1
ozks,57344,1
ozks,167936,147
ozks,700416,892
ozks,57344,4
ozks,57344,11
ozks,57344,9
ozks,57344,2
ozks,57344,4
ozks,294912,325
ozks,98304,53
ozks,57344,4
ozks,94208,47
ozks,65536,13
ozks,69632,30
ozks,57344,2
ozks,57344,2
ozks,57344,4
ozks,57344,3
ozks,98304,59
ozks,65536,21
ozks,57344,0
ozks,57344,8
ozks,405504,477
ozks,65536,17
ozks,135168,94
ozks,94208,42
ozks,65536,13
ozks,69632,23
ozks,57344,0
ozks,69632,23
ozks,110592,76
ozks,57344,0
ozks,143360,117
ozks,544768,677
ozks,57344,8
ozks,57344,5
ozks,57344,9
ozks,57344,8
ozks,57344,11
ozks,57344,11
ozks,57344,10
ozks,184320,170
ozks,159744,133
ozks,69632,27
ozks,57344,2
ozks,57344,2
ozks,57344,1
ozks,57344,9
ozks,131072,102
ozks,65536,17
ozks,57344,2
ozks,65536,19
ozks,57344,8
ozks,57344,3
ozks,110592,74
ozks,65536,17
ozks,57344,8
ozks,57344,0
ozks,323584,360
ozks,73728,35
ozks,57344,6
ozks,69632,25
ozks,94208,43
ozks,57344,2
ozks,716800,915
ozks,57344,6
ozks,57344,1
ozks,57344,1
ozks,57344,5
ozks,57344,8
ozks,57344,5
ozks,110592,75
ozks,57344,0
ozks,606208,755
ozks,69632,22
ozks,57344,1
ozks,57344,5
ozks,57344,2
ozks,65536,17
ozks,57344,1
ozks,69632,23
ozks,57344,3
ozks,57344,8
ozks,98304,53
ozks,65536,13
ozks,57344,0
ozks,57344,0
ozks,65536,15
ozks,57344,1
ozks,57344,0
ozks,65536,17
ozks,155648,127
ozks,57344,8
ozks,57344,0
ozks,73728,36
ozks,110592,75
ozks,106496,72
ozks,57344,4
ozks,57344,6
ozks,143360,116
ozks,102400,65
ozks,65536,20
ozks,94208,45
ozks,94208,45
ozks,57344,4
ozks,102400,69
ozks,634880,807
ozks,598016,763
ozks,131072,94
ozks,458752,561
ozks,159744,137
ozks,65536,15
ozks,733184,939
ozks,57344,9
ozks,65536,17
ozks,69632,29
ozks,57344,2
ozks,57344,4
ozks,57344,0
ozks,114688,81
ozks,57344,3
ozks,57344,1
ozks,57344,1
ozks,57344,7
ozks,102400,63
ozks,65536,17
ozks,675840,866
ozks,102400,68
ozks,57344,4
ozks,57344,4
ozks,139264,107
ozks,57344,6
ozks,110592,75
ozks,503808,620
ozks,57344,6
ozks,57344,6
ozks,57344,6
ozks,57344,9
ozks,180224,166
ozks,65536,17
ozks,57344,1
ozks,94208,51
ozks,65536,20
ozks,57344,1
ozks,57344,8
ozks,94208,43
ozks,65536,12
ozks,57344,8
ozks,57344,2
ozks,65536,14
ozks,155648,132
ozks,57344,2
ozks,57344,8
ozks,94208,51
ozks,110592,79
ozks,110592,78
ozks,57344,1
ozks,57344,0
ozks,102400,62
ozks,65536,12
ozks,139264,106
ozks,65536,12
ozks,172032,149
ozks,159744,140
ozks,81920,39
ozks,57344,1
ozks,57344,0
ozks,69632,24
ozks,57344,1
ozks,65536,16
ozks,159744,137
ozks,65536,17
ozks,65536,17
ozks,65536,17
ozks,69632,23
ozks,65536,13
ozks,577536,724
ozks,348160,398
ozks,57344,0
ozks,57344,8
ozks,258048,279
ozks,57344,9
ozks,57344,1
ozks,90112,41
ozks,57344,0
ozks,69632,28
ozks,65536,17
ozks,57344,8
ozks,135168,94
ozks,196608,179
ozks,57344,1
ozks,57344,0
ozks,57344,0
ozks,102400,66
ozks,258048,274
ozks,69632,31
ozks,57344,5
ozks,65536,17
ozks,57344,8
ozks,102400,65
ozks,131072,96
ozks,94208,49
ozks,57344,3
ozks,131072,96
ozks,233472,243
ozks,102400,68
ozks,65536,21
ozks,57344,1
ozks,57344,4
ozks,118784,83
ozks,73728,34
ozks,69632,24
ozks,126976,90
ozks,65536,15
ozks,57344,1
ozks,290816,324
ozks,569344,706
ozks,57344,1
ozks,102400,65
ozks,69632,25
ozks,57344,2
ozks,57344,5
ozks,57344,2
ozks,57344,4
ozks,73728,35
ozks,81920,38
ozks,69632,29
ozks,65536,17
ozks,57344,9
ozks,102400,68
ozks,102400,66
ozks,98304,59
ozks,69632,26
ozks,57344,2
ozks,274432,302
ozks,69632,28
ozks,94208,44
ozks,65536,18
ozks,270336,289
ozks,94208,47
ozks,69632,25
ozks,57344,6
ozks,110592,77
ozks,57344,9
ozks,221184,219
ozks,57344,0
ozks,57344,4
ozks,200704,188
ozks,57344,1
ozks,491520,606
ozks,57344,4
ozks,65536,12
ozks,57344,0
ozks,57344,9
ozks,94208,51
ozks,57344,3
ozks,57344,1
ozks,98304,59
ozks,139264,104
ozks,294912,328
ozks,307200,327
ozks,196608,175
ozks,495616,607
ozks,98304,53
ozks,57344,1
ozks,57344,0
ozks,57344,0
ozks,69632,23
ozks,225280,233
ozks,131072,99
ozks,57344,9
ozks,57344,5
ozks,57344,8
ozks,143360,116
ozks,290816,324
ozks,81920,37
ozks,57344,0
ozks,57344,4
ozks,57344,11
ozks,57344,0
ozks,57344,4
ozks,131072,97
ozks,73728,32
ozks,57344,7
ozks,57344,1
ozks,57344,1
ozks,57344,4
ozks,65536,17
ozks,249856,257
ozks,57344,1
ozks,102400,64
ozks,57344,2
ozks,57344,1
ozks,110592,79
ozks,57344,4
ozks,57344,4
ozks,57344,5
ozks,65536,18
ozks,69632,26
ozks,69632,30
ozks,65536,18
ozks,57344,0
ozks,114688,80
ozks,65536,12
ozks,94208,45
ozks,57344,3
ozks,57344,5
ozks,57344,7
ozks,69632,24
ozks,73728,35
ozks,57344,0
ozks,69632,27
ozks,57344,10
ozks,57344,1
ozks,57344,8
ozks,57344,4
ozks,57344,0
ozks,57344,0
ozks,57344,6
ozks,262144,274
ozks,57344,8
ozks,290816,323
ozks,57344,1
ozks,57344,10
ozks,172032,146
ozks,57344,8
ozks,200704,181
ozks,65536,21
ozks,610304,770
ozks,159744,143
ozks,204800,200
ozks,57344,8
ozks,57344,11
ozks,57344,1
ozks,126976,86
ozks,126976,88
ozks,131072,96
ozks,73728,36
ozks,57344,9
ozks,204800,187
ozks,57344,9
ozks,413696,492
ozks,294912,324
ozks,57344,9
ozks,65536,12
ozks,102400,65
ozks,57344,1
ozks,684032,853
ozks,69632,23
ozks,57344,5
ozks,57344,5
ozks,57344,3
ozks,65536,12
ozks,159744,141
ozks,57344,0
ozks,57344,5
ozks,57344,9
ozks,65536,19
ozks,57344,5
ozks,65536,15
ozks,57344,1
ozks,57344,4
ozks,139264,109
ozks,57344,11
ozks,118784,84
ozks,65536,16
ozks,69632,23
ozks,221184,223
ozks,57344,2
ozks,65536,13
ozks,69632,25
ozks,69632,25
ozks,102400,62
ozks,57344,1
ozks,65536,20
ozks,57344,6
ozks,57344,1
ozks,122880,85
ozks,98304,57
ozks,57344,2
ozks,151552,122
ozks,57344,9
ozks,57344,4
ozks,57344,4
ozks,339968,387
ozks,126976,86
ozks,81920,39
ozks,172032,163
ozks,98304,60
ozks,65536,15
ozks,57344,1
ozks,65536,20
ozks,57344,8
ozks,90112,41
ozks,57344,1
ozks,126976,87
ozks,65536,13
ozks,57344,1
ozks,57344,2
ozks,57344,4
ozks,57344,0
ozks,57344,0
ozks,65536,12
ozks,73728,33
ozks,57344,1
ozks,98304,60
ozks,69632,24
ozks,57344,4
ozks,57344,1
ozks,434176,528
ozks,65536,17
ozks,57344,3
ozks,57344,8
ozks,57344,7
ozks,65536,15
ozks,81920,38
ozks,57344,0
ozks,69632,26
ozks,57344,5
ozks,57344,9
ozks,69632,24
ozks,57344,8
ozks,69632,27
ozks,249856,264
ozks,65536,12
ozks,57344,0
ozks,57344,1
ozks,163840,143
ozks,65536,16
ozks,135168,102
ozks,57344,3
ozks,65536,19
ozks,57344,2
ozks,65536,13
ozks,57344,9
ozks,57344,8
ozks,69632,28
ozks,65536,14
ozks,94208,42
ozks,176128,158
ozks,57344,1
ozks,98304,54
ozks,73728,36
ozks,57344,8
ozks,98304,57
ozks,176128,158
ozks,57344,7
ozks,57344,9
ozks,540672,670
ozks,487424,596
ozks,581632,734
ozks,57344,2
ozks,65536,19
ozks,151552,123
ozks,57344,4
ozks,65536,17
ozks,57344,4
ozks,57344,7
ozks,69632,23
ozks,98304,53
ozks,69632,27
ozks,81920,39
ozks,57344,0
ozks,57344,3
ozks,98304,54
ozks,69632,30
ozks,65536,17
ozks,159744,134
ozks,57344,4
ozks,364544,419
ozks,266240,293
ozks,69632,26
ozks,57344,10
ozks,708608,907
ozks,90112,40
ozks,315392,350
ozks,114688,80
ozks,307200,351
ozks,139264,104
ozks,73728,35
ozks,65536,17
ozks,57344,5
ozks,57344,1
ozks,299008,329
ozks,57344,1
ozks,57344,5
ozks,57344,0
ozks,57344,6
ozks,57344,6
ozks,57344,4
ozks,57344,11
ozks,671744,851
ozks,94208,45
ozks,65536,17
ozks,69632,28
ozks,65536,17
ozks,57344,9
ozks,69632,29
ozks,69632,24
ozks,253952,274
ozks,450560,541
ozks,65536,16
ozks,225280,220
ozks,57344,1
ozks,69632,26
ozks,57344,9
ozks,57344,4
ozks,57344,8
ozks,98304,55
ozks,57344,1
ozks,507904,631
ozks,57344,1
ozks,57344,1
ozks,172032,149
ozks,159744,137
ozks,57344,7
ozks,57344,1
ozks,450560,539
ozks,102400,62
ozks,57344,1
ozks,57344,8
ozks,57344,0
ozks,57344,6
ozks,237568,251
ozks,57344,2
ozks,368640,430
ozks,65536,12
ozks,151552,131
ozks,65536,17
ozks,57344,6
ozks,139264,104
ozks,57344,3
ozks,57344,0
ozks,147456,119
ozks,57344,1
ozks,499712,617
ozks,327680,370
ozks,57344,1
ozks,131072,88
ozks,57344,8
ozks,98304,59
ozks,57344,4
ozks,81920,37
ozks,57344,8
ozks,57344,2
ozks,610304,769
ozks,57344,6
ozks,94208,49
ozks,57344,4
ozks,57344,9
ozks,57344,2
ozks,159744,133
ozks,688128,876
ozks,57344,2
ozks,73728,36
ozks,69632,23
ozks,139264,103
ozks,57344,1
ozks,69632,25
ozks,94208,46
ozks,57344,0
ozks,286720,308
ozks,163840,140
ozks,57344,2
ozks,69632,23
ozks,69632,28
ozks,57344,10
ozks,69632,23
ozks,102400,64
ozks,57344,1
ozks,94208,46
ozks,57344,0
ozks,118784,83
ozks,98304,56
ozks,57344,1
ozks,57344,11
ozks,65536,17
ozks,135168,93
ozks,57344,1
ozks,196608,183
ozks,57344,9
ozks,73728,36
ozks,69632,30
ozks,57344,5
ozks,57344,0
ozks,57344,2
ozks,110592,76
ozks,200704,190
ozks,57344,1
ozks,57344,4
ozks,712704,903
ozks,294912,325
ozks,229376,227
ozks,57344,6
ozks,159744,140
ozks,57344,2
ozks,57344,6
ozks,65536,13
ozks,90112,40
ozks,57344,2
ozks,626688,785
ozks,258048,279
ozks,208896,201
ozks,57344,6
ozks,65536,14
ozks,73728,33
ozks,57344,1
ozks,57344,2
ozks,65536,20
ozks,57344,7
ozks,57344,0
ozks,57344,3
ozks,57344,4
ozks,57344,0
ozks,65536,18
ozks,675840,852
ozks,57344,8
ozks,65536,16
ozks,57344,1
ozks,98304,53
ozks,57344,7
ozks,512000,633
ozks,57344,2
ozks,94208,42
ozks,57344,8
ozks,139264,109
ozks,57344,0
ozks,65536,17
ozks,57344,1
ozks,57344,2
ozks,94208,44
ozks,57344,0
ozks,495616,608
ozks,200704,182
ozks,57344,1
ozks,57344,8
ozks,90112,41
ozks,65536,18
ozks,81920,37
ozks,57344,7
ozks,65536,19
ozks,90112,40
ozks,495616,606
ozks,65536,14
ozks,102400,69
ozks,94208,44
ozks,65536,15
ozks,69632,23
ozks,176128,159
ozks,57344,0
ozks,57344,7
ozks,57344,8
ozks,225280,216
ozks,57344,3
ozks,94208,42
ozks,94208,49
ozks,57344,9
ozks,69632,29
ozks,57344,9
ozks,57344,9
ozks,57344,3
ozks,57344,2
ozks,552960,683
ozks,57344,4
ozks,69632,24
ozks,69632,28
ozks,69632,26
ozks,131072,93
ozks,57344,1
ozks,65536,18
ozks,90112,41
ozks,57344,3
ozks,69632,24
ozks,57344,2
ozks,483328,578
ozks,57344,8
ozks,94208,44
ozks,65536,19
ozks,57344,10
ozks,69632,23
ozks,135168,100
ozks,57344,6
ozks,57344,0
ozks,417792,498
ozks,69632,25
ozks,65536,17
ozks,57344,1
ozks,81920,38
ozks,57344,6
ozks,57344,0
ozks,57344,8
ozks,319488,361
ozks,401408,472
ozks,65536,20
ozks,749568,958
ozks,81920,38
ozks,57344,6
ozks,57344,3
ozks,57344,7
ozks,65536,21
ozks,65536,16
ozks,90112,41
ozks,69632,31
ozks,172032,146
ozks,98304,52
ozks,712704,908
ozks,57344,10
ozks,258048,264
ozks,73728,32
ozks,57344,5
ozks,143360,109
ozks,65536,20
ozks,69632,31
ozks,57344,0
ozks,81920,39
ozks,81920,37
ozks,69632,22
ozks,57344,8
ozks,73728,34
ozks,57344,11
ozks,57344,4
ozks,663552,838
ozks,65536,18
ozks,65536,18
ozks,57344,9
ozks,184320,169
ozks,57344,8
ozks,57344,8
ozks,69632,22
ozks,110592,78
ozks,368640,419
ozks,57344,0
ozks,65536,16
ozks,57344,0
ozks,147456,112
ozks,57344,4
ozks,57344,5
ozks,57344,0
ozks,131072,96
ozks,671744,845
ozks,65536,15
ozks,57344,8
ozks,630784,803
ozks,81920,38
ozks,155648,130
ozks,57344,8
ozks,65536,18
ozks,73728,32
ozks,81920,39
ozks,69632,22
ozks,102400,70
ozks,57344,1
ozks,634880,803
ozks,65536,17
ozks,65536,16
ozks,57344,0
ozks,57344,0
ozks,667648,854
ozks,57344,6
ozks,57344,3
ozks,163840,141
ozks,57344,4
ozks,57344,3
ozks,159744,143
ozks,126976,88
ozks,159744,136
ozks,65536,14
ozks,294912,322
ozks,98304,58
ozks,57344,11
ozks,65536,17
ozks,65536,13
ozks,94208,44
ozks,57344,5
ozks,57344,4
ozks,57344,2
ozks,57344,2
ozks,102400,70
ozks,65536,17
ozks,147456,122
ozks,69632,25
ozks,57344,3
ozks,65536,15
ozks,159744,139
ozks,65536,17
ozks,65536,18
ozks,57344,10
ozks,102400,64
ozks,57344,10
ozks,57344,4
ozks,94208,50
ozks,208896,202
ozks,81920,39
ozks,69632,23
ozks,57344,1
ozks,57344,7
ozks,57344,0
ozks,57344,9
ozks,57344,4
ozks,454656,541
ozks,110592,81
ozks,81920,39
ozks,69632,24
ozks,57344,9
ozks,110592,74
ozks,69632,25
ozks,135168,101
ozks,65536,16
ozks,57344,1
ozks,98304,59
ozks,69632,23
ozks,57344,2
ozks,57344,1
ozks,135168,102
ozks,73728,32
ozks,57344,0
ozks,176128,158
ozks,114688,80
ozks,57344,2
ozks,57344,4
ozks,65536,17
ozks,253952,272
ozks,593920,743
ozks,57344,2
ozks,57344,1
ozks,94208,44
ozks,65536,13
ozks,57344,7
ozks,98304,56
ozks,57344,1
ozks,69632,23
ozks,98304,53
ozks,204800,184
ozks,65536,18
ozks,57344,11
ozks,65536,17
ozks,57344,10
ozks,57344,7
ozks,57344,5
ozks,57344,0
ozks,73728,32
ozks,90112,40
ozks,57344,0
ozks,204800,194
ozks,73728,36
ozks,57344,0
ozks,57344,0
ozks,57344,4
ozks,65536,12
ozks,69632,24
ozks,114688,80
ozks,65536,13
ozks,65536,14
ozks,57344,2
ozks,57344,0
ozks,81920,39
ozks,647168,814
ozks,98304,56
ozks,65536,15
ozks,458752,559
ozks,73728,36
ozks,360448,420
ozks,57344,5
ozks,131072,93
ozks,57344,9
ozks,98304,54
ozks,57344,8
ozks,389120,449
ozks,57344,8
ozks,98304,54
ozks,204800,202
ozks,294912,321
ozks,188416,179
ozks,94208,43
ozks,155648,138
ozks,57344,1
ozks,69632,26
ozks,57344,5
ozks,229376,234
ozks,110592,76
ozks,65536,18
ozks,344064,392
ozks,57344,6
ozks,57344,8
ozks,57344,4
ozks,57344,0
ozks,57344,1
ozks,540672,664
ozks,159744,139
ozks,69632,24
ozks,57344,1
ozks,57344,2
ozks,57344,6
ozks,65536,20
ozks,57344,6
ozks,57344,3
ozks,98304,56
ozks,57344,0
ozks,110592,74
ozks,57344,6
ozks,630784,808
ozks,57344,4
ozks,57344,7
ozks,65536,17
ozks,65536,13
ozks,98304,56
ozks,172032,152
ozks,98304,54
ozks,57344,3
ozks,94208,43
ozks,167936,146
ozks,65536,18
ozks,102400,66
ozks,98304,60
ozks,57344,0
ozks,57344,9
ozks,57344,0
ozks,69632,21
ozks,131072,91
ozks,57344,1
ozks,57344,4
ozks,65536,16
ozks,57344,8
ozks,81920,38
ozks,57344,6
ozks,57344,3
ozks,667648,851
ozks,118784,84
ozks,57344,1
ozks,81920,39
ozks,57344,0
ozks,102400,62
ozks,81920,37
ozks,73728,35
ozks,167936,149
ozks,57344,5
ozks,69632,24
ozks,57344,3
ozks,69632,24
ozks,57344,2
ozks,69632,24
ozks,57344,5
ozks,69632,31
ozks,69632,29
ozks,73728,36
ozks,57344,1
ozks,57344,8
ozks,81920,38
ozks,57344,1
ozks,65536,13
ozks,57344,1
ozks,139264,107
ozks,57344,2
ozks,57344,5
ozks,253952,256
ozks,102400,71
ozks,192512,177
ozks,57344,7
ozks,69632,22
ozks,57344,8
ozks,57344,10
ozks,69632,27
ozks,102400,63
ozks,57344,10
ozks,167936,146
ozks,147456,116
ozks,57344,9
ozks,81920,38
ozks,57344,5
ozks,610304,764
ozks,65536,15
ozks,69632,26
ozks,57344,8
ozks,94208,44
ozks,69632,24
ozks,65536,17
ozks,57344,0
ozks,65536,15
ozks,57344,7
ozks,57344,3
ozks,69632,29
ozks,57344,9
ozks,143360,109
ozks,102400,67
ozks,147456,119
ozks,135168,94
ozks,57344,8
ozks,57344,0
ozks,57344,0
ozks,57344,4
ozks,69632,29
ozks,69632,26
ozks,69632,26
ozks,81920,38
ozks,65536,16
ozks,69632,28
ozks,57344,2
ozks,57344,0
ozks,57344,1
ozks,57344,0
ozks,65536,16
ozks,69632,28
ozks,69632,28
ozks,65536,21
ozks,405504,475
ozks,172032,149
ozks,102400,66
ozks,94208,43
ozks,57344,8
ozks,65536,14
ozks,57344,10
ozks,733184,940
ozks,57344,0
ozks,57344,0
ozks,102400,67
ozks,57344,9
ozks,65536,17
ozks,180224,171
ozks,65536,15
ozks,57344,4
ozks,65536,13
ozks,180224,164
ozks,57344,7
ozks,57344,1
ozks,139264,105
ozks,65536,21
ozks,131072,86
ozks,57344,8
ozks,90112,41
ozks,98304,55
ozks,65536,17
ozks,69632,31
ozks,57344,4
ozks,94208,43
ozks,57344,2
ozks,73728,35
ozks,356352,406
ozks,131072,97
ozks,65536,15
ozks,69632,29
ozks,57344,3
ozks,126976,92
ozks,172032,146
ozks,57344,3
ozks,69632,29
ozks,57344,3
ozks,81920,37
ozks,65536,14
ozks,98304,55
ozks,438272,521
ozks,57344,7
ozks,69632,26
ozks,192512,172
ozks,225280,223
ozks,57344,1
ozks,98304,52
ozks,65536,17
ozks,274432,297
ozks,57344,0
ozks,57344,3
ozks,57344,1
ozks,73728,35
ozks,65536,12
ozks,167936,147
ozks,57344,0
ozks,94208,42
ozks,57344,1
ozks,81920,39
ozks,159744,137
ozks,65536,17
ozks,81920,39
ozks,94208,45
ozks,65536,16
ozks,65536,17
ozks,57344,6
ozks,102400,65
ozks,131072,92
ozks,57344,5
ozks,57344,0
ozks,57344,1
ozks,65536,16
ozks,81920,38
ozks,176128,156
ozks,65536,17
ozks,73728,32
ozks,69632,24
ozks,258048,263
ozks,65536,20
ozks,483328,588
ozks,57344,2
ozks,110592,78
ozks,94208,46
ozks,57344,1
ozks,184320,168
ozks,139264,109
ozks,57344,8
ozks,57344,1
ozks,65536,17
ozks,57344,3
ozks,94208,47
ozks,57344,3
ozks,65536,14
ozks,57344,1
ozks,57344,8
ozks,57344,11
ozks,69632,29
ozks,57344,0
ozks,73728,32
ozks,90112,40
ozks,565248,685
ozks,172032,150
ozks,94208,45
ozks,94208,46
ozks,204800,202
ozks,270336,291
ozks,94208,44
ozks,241664,254
ozks,57344,1
ozks,65536,21
ozks,90112,40
ozks,524288,650
ozks,147456,115
ozks,65536,17
ozks,69632,22
ozks,262144,262
ozks,57344,3
ozks,57344,3
ozks,94208,49
ozks,98304,56
ozks,57344,10
ozks,57344,1
ozks,57344,2
ozks,57344,7
ozks,98304,53
ozks,57344,4
ozks,73728,35
ozks,57344,3
ozks,57344,7
ozks,57344,3
ozks,57344,0
ozks,565248,712
ozks,110592,77
ozks,57344,8
ozks,57344,7
ozks,69632,29
ozks,57344,0
ozks,57344,5
ozks,421888,485
ozks,65536,17
ozks,57344,0
ozks,94208,48
ozks,69632,22
ozks,102400,62
ozks,57344,0
ozks,167936,143
ozks,57344,9
ozks,57344,6
ozks,131072,96
ozks,131072,97
ozks,65536,21
ozks,118784,82
ozks,176128,166
ozks,73728,32
ozks,69632,26
ozks,249856,262
ozks,65536,17
ozks,73728,34
ozks,69632,26
ozks,57344,5
ozks,139264,109
ozks,69632,23
ozks,761856,983
ozks,57344,1
ozks,69632,22
ozks,65536,21
ozks,73728,35
ozks,57344,3
ozks,65536,20
ozks,57344,1
ozks,57344,2
ozks,81920,39
ozks,258048,260
ozks,69632,23
ozks,57344,1
ozks,65536,18
ozks,57344,1
ozks,118784,80
ozks,57344,9
ozks,57344,8
ozks,57344,8
ozks,94208,43
ozks,65536,12
ozks,102400,62
ozks,286720,324
ozks,57344,2
ozks,118784,83
ozks,69632,22
ozks,98304,59
ozks,425984,518
ozks,57344,8
ozks,98304,54
ozks,102400,68
ozks,57344,9
ozks,57344,1
ozks,57344,1
ozks,69632,29
ozks,65536,17
ozks,303104,343
ozks,139264,103
ozks,65536,12
ozks,737280,948
ozks,434176,517
ozks,65536,16
ozks,65536,17
ozks,57344,0
ozks,69632,24
ozks,57344,9
ozks,57344,6
ozks,692224,880
ozks,57344,3
ozks,69632,24
ozks,57344,1
ozks,294912,328
ozks,57344,1
ozks,57344,4
ozks,57344,0
ozks,147456,121
ozks,65536,12
ozks,57344,1
ozks,57344,4
ozks,57344,4
ozks,57344,4
ozks,57344,6
ozks,454656,541
ozks,57344,9
ozks,122880,82
ozks,94208,49
ozks,57344,0
ozks,167936,146
ozks,57344,10
ozks,69632,29
ozks,335872,384
ozks,65536,12
ozks,57344,11
ozks,524288,637
ozks,57344,8
ozks,352256,413
ozks,57344,0
ozks,208896,195
ozks,495616,606
ozks,57344,1
ozks,94208,42
ozks,57344,7
ozks,110592,77
ozks,65536,21
ozks,94208,49
ozks,57344,2
ozks,532480,663
ozks,65536,20
ozks,278528,290
ozks,57344,2
ozks,57344,4
ozks,69632,27
ozks,57344,8
ozks,57344,4
ozks,159744,137
ozks,81920,39
ozks,307200,330
ozks,57344,7
ozks,57344,4
ozks,57344,0
ozks,196608,182
ozks,57344,1
ozks,73728,32
ozks,65536,20
ozks,57344,2
ozks,323584,363
ozks,94208,44
ozks,57344,2
ozks,57344,6
ozks,57344,4
ozks,69632,25
ozks,65536,19
ozks,65536,13
ozks,57344,6
ozks,57344,4
ozks,65536,12
ozks,57344,6
ozks,65536,15
ozks,118784,82
ozks,69632,26
ozks,57344,8
ozks,90112,40
ozks,73728,35
ozks,65536,13
ozks,94208,43
ozks,65536,20
ozks,57344,2
ozks,65536,12
ozks,135168,99
ozks,57344,1
ozks,98304,59
ozks,57344,0
ozks,57344,1
ozks,57344,9
ozks,749568,953
ozks,57344,1
ozks,65536,17
ozks,569344,712
ozks,81920,39
ozks,122880,83
ozks,65536,13
ozks,57344,3
ozks,57344,3
ozks,258048,264
ozks,135168,102
ozks,57344,8
ozks,65536,18
ozks,57344,1
ozks,172032,161
ozks,57344,1
ozks,57344,3
ozks,319488,360
ozks,57344,1
ozks,57344,0
ozks,65536,15
ozks,57344,4
ozks,94208,50
ozks,57344,0
ozks,69632,23
ozks,57344,4
ozks,65536,12
ozks,65536,16
ozks,544768,672
ozks,94208,45
ozks,57344,10
ozks,57344,0
ozks,765952,987
ozks,65536,18
ozks,65536,12
ozks,65536,14
ozks,57344,7
ozks,65536,21
ozks,57344,9
ozks,57344,3
ozks,98304,60
ozks,69632,22
ozks,57344,4
ozks,57344,5
ozks,57344,5
ozks,69632,30
ozks,57344,8
ozks,65536,18
ozks,65536,18
ozks,57344,2
ozks,57344,1
ozks,118784,82
ozks,65536,21
ozks,57344,10
ozks,57344,0
ozks,57344,1
ozks,57344,6
ozks,65536,13
ozks,57344,6
ozks,65536,14
ozks,69632,27
ozks,94208,43
ozks,57344,1
ozks,131072,91
ozks,110592,75
ozks,155648,128
ozks,57344,11
ozks,65536,15
ozks,73728,35
ozks,159744,135
ozks,229376,238
ozks,57344,1
ozks,126976,91
ozks,167936,148
ozks,69632,28
ozks,110592,74
ozks,57344,1
ozks,561152,692
ozks,57344,3
ozks,65536,20
ozks,57344,2
ozks,102400,70
ozks,57344,11
ozks,102400,70
ozks,65536,17
ozks,57344,10
ozks,356352,409
ozks,57344,5
ozks,143360,112
ozks,65536,14
ozks,94208,48
ozks,98304,60
ozks,94208,44
ozks,65536,18
ozks,65536,17
ozks,69632,29
ozks,57344,4
ozks,102400,66
ozks,57344,9
ozks,167936,143
ozks,73728,34
ozks,114688,81
ozks,57344,10
ozks,57344,0
ozks,57344,3
ozks,192512,175
ozks,57344,0
ozks,606208,763
ozks,57344,3
ozks,356352,409
ozks,57344,2
ozks,57344,8
ozks,65536,15
ozks,65536,14
ozks,57344,7
ozks,57344,2
ozks,155648,124
ozks,57344,10
ozks,393216,477
ozks,57344,6
ozks,57344,11
ozks,143360,117
ozks,147456,113
ozks,307200,339
ozks,65536,14
ozks,57344,4
ozks,57344,2
ozks,167936,147
ozks,65536,12
ozks,69632,28
ozks,98304,54
ozks,417792,498
ozks,253952,264
ozks,57344,3
ozks,98304,54
ozks,57344,8
ozks,57344,8
ozks,57344,8
ozks,57344,4
ozks,135168,92
ozks,151552,119
ozks,73728,32
ozks,57344,6
ozks,57344,3
ozks,188416,171
ozks,57344,6
ozks,57344,9
ozks,57344,1
ozks,57344,5
ozks,57344,0
ozks,307200,335
ozks,724992,940
ozks,65536,13
ozks,57344,9
ozks,57344,1
ozks,57344,0
ozks,57344,0
ozks,57344,1
ozks,348160,399
ozks,57344,8
ozks,57344,0
ozks,57344,4
ozks,167936,146
ozks,57344,2
ozks,65536,13
ozks,57344,0
ozks,458752,541
ozks,65536,15
ozks,159744,133
ozks,110592,76
ozks,69632,31
ozks,126976,87
ozks,57344,8
ozks,57344,3
ozks,57344,2
ozks,57344,7
ozks,720896,915
ozks,139264,105
ozks,65536,19
ozks,57344,0
ozks,172032,149
ozks,167936,146
ozks,90112,40
ozks,73728,34
ozks,57344,4
ozks,57344,8
ozks,57344,11
ozks,57344,5
ozks,94208,44
ozks,118784,82
ozks,57344,1
ozks,57344,2
ozks,65536,13
ozks,57344,0
ozks,65536,16
ozks,57344,0
ozks,102400,66
ozks,57344,2
ozks,57344,9
ozks,131072,99
ozks,57344,1
ozks,81920,38
ozks,114688,81
ozks,65536,16
ozks,73728,32
ozks,81920,39
ozks,57344,1
ozks,69632,28
ozks,57344,2
ozks,57344,7
ozks,57344,3
ozks,57344,3
ozks,290816,324
ozks,274432,303
ozks,57344,5
ozks,172032,146
ozks,69632,27
ozks,331776,383
ozks,258048,260
ozks,57344,4
ozks,290816,324
ozks,204800,201
ozks,73728,31
ozks,57344,3
ozks,143360,114
ozks,65536,17
ozks,69632,22
ozks,57344,2
ozks,69632,22
ozks,434176,521
ozks,176128,158
ozks,139264,108
ozks,57344,2
ozks,57344,1
ozks,401408,476
ozks,135168,104
ozks,57344,7
ozks,57344,0
ozks,57344,1
ozks,57344,0
ozks,176128,153
ozks,102400,64
ozks,57344,10
ozks,57344,8
ozks,57344,11
ozks,57344,8
ozks,57344,5
ozks,57344,10
ozks,57344,2
ozks,57344,8
ozks,57344,2
ozks,200704,180
ozks,258048,272
ozks,65536,18
ozks,69632,31
ozks,401408,460
ozks,69632,30
ozks,126976,91
ozks,131072,99
ozks,57344,6
ozks,188416,175
ozks,57344,5
ozks,57344,8
ozks,94208,48
ozks,57344,4
ozks,98304,54
ozks,155648,123
ozks,69632,31
ozks,57344,10
ozks,57344,0
ozks,57344,7
ozks,143360,117
ozks,65536,20
ozks,57344,7
ozks,204800,202
ozks,69632,30
ozks,94208,46
ozks,155648,123
ozks,69632,22
ozks,65536,18
ozks,192512,175
ozks,65536,17
ozks,57344,0
ozks,69632,31
ozks,73728,33
ozks,69632,23
ozks,319488,358
ozks,69632,28
ozks,57344,11
ozks,57344,1
ozks,57344,9
ozks,57344,11
ozks,57344,8
ozks,57344,2
ozks,65536,20
ozks,90112,40
ozks,126976,88
ozks,94208,47
ozks,65536,12
ozks,147456,121
ozks,786432,1000
ozks,155648,123
ozks,69632,28
ozks,102400,68
ozks,57344,11
ozks,57344,4
ozks,69632,26
ozks,143360,111
ozks,131072,93
ozks,57344,3
ozks,176128,166
ozks,57344,0
ozks,139264,109
ozks,65536,12
ozks,602112,768
ozks,176128,156
ozks,286720,325
ozks,57344,1
ozks,229376,227
ozks,684032,856
ozks,81920,37
ozks,65536,12
ozks,57344,7
ozks,69632,26
ozks,335872,379
ozks,57344,4
ozks,57344,10
ozks,57344,0
ozks,57344,11
ozks,311296,343
ozks,741376,941
ozks,57344,2
ozks,69632,21
ozks,98304,55
ozks,65536,16
ozks,98304,60
ozks,98304,56
ozks,57344,1
ozks,135168,101
ozks,57344,0
ozks,65536,17
ozks,241664,251
ozks,102400,68
ozks,512000,633
ozks,65536,17
ozks,65536,20
ozks,57344,0
ozks,172032,153
ozks,57344,2
ozks,102400,70
ozks,57344,8
ozks,57344,2
ozks,73728,36
ozks,57344,3
ozks,57344,0
ozks,172032,149
ozks,81920,39
ozks,69632,28
ozks,57344,6
ozks,217088,208
ozks,57344,4
ozks,65536,19
ozks,454656,542
ozks,57344,9
ozks,57344,1
ozks,73728,35
ozks,65536,18
ozks,57344,1
ozks,57344,5
ozks,57344,2
ozks,98304,55
ozks,98304,58
ozks,311296,338
ozks,57344,7
ozks,69632,23
ozks,57344,1
ozks,57344,8
ozks,57344,9
ozks,98304,56
ozks,450560,551
ozks,57344,5
ozks,98304,53
ozks,57344,6
ozks,57344,1
ozks,94208,43
ozks,57344,2
ozks,69632,27
ozks,172032,161
ozks,57344,4
ozks,65536,13
ozks,57344,2
ozks,57344,6
ozks,155648,138
ozks,65536,14
ozks,57344,10
ozks,221184,222
ozks,57344,8
ozks,57344,7
ozks,69632,24
ozks,57344,10
ozks,57344,1
ozks,94208,48
ozks,188416,166
ozks,57344,4
ozks,57344,2
ozks,57344,11
ozks,81920,38
ozks,229376,223
ozks,57344,4
ozks,57344,2
ozks,90112,41
ozks,65536,18
ozks,94208,47
ozks,57344,3
ozks,73728,36
ozks,57344,1
ozks,65536,13
ozks,57344,3
ozks,73728,35
ozks,57344,5
ozks,57344,7
ozks,57344,9
ozks,57344,2
ozks,57344,5
ozks,110592,77
ozks,294912,324
ozks,155648,132
ozks,73728,36
ozks,57344,4
ozks,57344,2
ozks,98304,53
ozks,57344,6
ozks,57344,10
ozks,57344,7
ozks,57344,3
ozks,73728,33
ozks,135168,93
ozks,57344,1
ozks,57344,2
ozks,57344,9
ozks,57344,3
ozks,73728,33
ozks,57344,8
ozks,69632,23
ozks,57344,3
ozks,65536,12
ozks,139264,106
ozks,176128,154
ozks,57344,7
ozks,65536,16
ozks,57344,0
ozks,102400,62
ozks,69632,30
ozks,65536,21
ozks,57344,0
ozks,688128,876
ozks,65536,17
ozks,57344,9
ozks,69632,25
ozks,151552,124
ozks,151552,123
ozks,376832,438
ozks,57344,0
ozks,57344,1
ozks,69632,23
ozks,65536,15
ozks,65536,18
ozks,69632,28
ozks,65536,14
ozks,57344,1
ozks,110592,79
ozks,69632,23
ozks,69632,26
ozks,65536,17
ozks,434176,524
ozks,94208,48
ozks,57344,9
ozks,69632,24
ozks,69632,23
ozks,57344,1
ozks,57344,3
ozks,155648,136
ozks,94208,45
ozks,356352,410
ozks,57344,4
ozks,208896,199
ozks,57344,1
ozks,69632,26
ozks,94208,49
ozks,57344,10
ozks,245760,257
ozks,143360,109
ozks,159744,140
ozks,57344,10
ozks,434176,529
ozks,57344,8
ozks,172032,161
ozks,135168,97
ozks,57344,5
ozks,57344,3
ozks,131072,90
ozks,65536,17
ozks,102400,64
ozks,57344,1
ozks,57344,8
ozks,94208,45
ozks,131072,102
ozks,126976,90
ozks,65536,16
ozks,57344,5
ozks,65536,17
ozks,69632,25
ozks,57344,10
ozks,172032,151
ozks,155648,126
ozks,94208,44
ozks,57344,0
ozks,188416,173
ozks,94208,50
ozks,65536,18
ozks,94208,50
ozks,176128,156
ozks,57344,1
ozks,65536,18
ozks,57344,4
ozks,176128,162
ozks,135168,100
ozks,311296,350
ozks,598016,761
ozks,57344,8
ozks,69632,28
ozks,155648,133
ozks,229376,231
ozks,212992,212
ozks,94208,46
ozks,57344,9
ozks,765952,983
ozks,57344,7
ozks,57344,1
ozks,94208,45
ozks,73728,36
ozks,69632,31
ozks,57344,2
ozks,57344,6
ozks,212992,209
ozks,131072,100
ozks,57344,1
ozks,57344,8
ozks,57344,1
ozks,57344,3
ozks,118784,84
ozks,57344,0
ozks,491520,608
ozks,217088,209
ozks,57344,6
ozks,81920,38
ozks,679936,849
ozks,102400,63
ozks,65536,14
ozks,57344,7
ozks,57344,1
ozks,135168,94
ozks,57344,8
ozks,57344,8
ozks,57344,6
ozks,65536,16
ozks,57344,1
ozks,57344,9
ozks,69632,29
ozks,69632,29
ozks,57344,7
ozks,172032,146
ozks,65536,19
ozks,57344,0
ozks,65536,12
ozks,73728,36
ozks,69632,25
ozks,57344,0
ozks,204800,200
ozks,57344,7
ozks,102400,64
ozks,57344,9
ozks,102400,69
ozks,57344,5
ozks,57344,7
ozks,65536,16
ozks,57344,2
ozks,65536,17
ozks,303104,343
ozks,69632,22
ozks,294912,327
ozks,57344,8
ozks,57344,6
ozks,65536,17
ozks,102400,69
ozks,57344,1
ozks,57344,4
ozks,176128,157
ozks,57344,8
ozks,204800,198
ozks,57344,8
ozks,69632,31
ozks,212992,205
ozks,57344,1
ozks,57344,5
ozks,57344,2
ozks,69632,25
ozks,65536,15
ozks,57344,8
ozks,65536,21
ozks,57344,4
ozks,163840,140
ozks,69632,28
ozks,57344,0
ozks,57344,1
ozks,57344,1
ozks,106496,72
ozks,188416,176
ozks,655360,830
ozks,311296,350
ozks,159744,141
ozks,57344,0
ozks,69632,24
ozks,176128,158
ozks,57344,2
ozks,65536,17
ozks,778240,993
ozks,65536,12
ozks,57344,4
ozks,65536,17
ozks,73728,35
ozks,57344,9
ozks,57344,7
ozks,102400,67
ozks,57344,2
ozks,126976,92
ozks,110592,76
ozks,65536,19
ozks,94208,43
ozks,57344,8
ozks,57344,9
ozks,57344,1
ozks,274432,304
ozks,335872,382
ozks,57344,9
ozks,57344,0
ozks,65536,17
ozks,57344,1
ozks,57344,0
ozks,57344,0
ozks,335872,379
ozks,57344,3
ozks,73728,35
ozks,69632,29
ozks,57344,0
ozks,57344,6
ozks,401408,476
ozks,57344,0
ozks,57344,3
ozks,229376,234
ozks,102400,69
ozks,57344,6
ozks,65536,17
ozks,57344,0
ozks,57344,6
ozks,57344,1
ozks,57344,1
ozks,57344,8
ozks,98304,60
ozks,57344,2
ozks,57344,9
ozks,57344,0
ozks,204800,201
ozks,65536,14
ozks,57344,5
ozks,57344,8
ozks,65536,13
ozks,57344,1
ozks,57344,1
ozks,73728,35
ozks,57344,7
ozks,167936,147
ozks,57344,0
ozks,98304,59
ozks,98304,51
ozks,69632,25
ozks,57344,2
ozks,57344,2
ozks,110592,76
ozks,372736,438
ozks,57344,8
ozks,57344,11
ozks,57344,10
ozks,274432,297
ozks,176128,153
ozks,57344,5
ozks,167936,152
ozks,57344,4
ozks,57344,0
ozks,57344,2
ozks,57344,6
ozks,65536,16
ozks,528384,647
ozks,57344,2
ozks,65536,13
ozks,57344,2
ozks,57344,0
ozks,102400,64
ozks,208896,206
ozks,65536,15
ozks,73728,35
ozks,57344,9
ozks,57344,1
ozks,73728,33
ozks,57344,3
ozks,65536,13
ozks,57344,2
ozks,204800,202
ozks,319488,353
ozks,57344,3
ozks,57344,3
ozks,57344,0
ozks,57344,3
ozks,69632,48
ozks,57344,0
ozks,57344,2
ozks,57344,7
ozks,65536,17
ozks,73728,34
ozks,335872,382
ozks,57344,4
ozks,176128,157
ozks,57344,5
ozks,704512,907
ozks,57344,0
ozks,65536,13
ozks,102400,64
ozks,57344,11
ozks,69632,25
ozks,57344,7
ozks,57344,11
ozks,98304,59
ozks,65536,17
ozks,57344,0
ozks,299008,327
ozks,57344,2
ozks,57344,4
ozks,65536,20
ozks,81920,39
ozks,446464,541
ozks,65536,17
ozks,57344,8
ozks,65536,13
ozks,57344,8
ozks,65536,17
ozks,57344,0
ozks,81920,38
ozks,73728,36
ozks,57344,1
ozks,57344,1
ozks,131072,99
ozks,704512,893
ozks,139264,107
ozks,73728,32
ozks,65536,18
ozks,65536,17
ozks,57344,6
ozks,69632,28
ozks,180224,168
ozks,176128,160
ozks,65536,15
ozks,512000,634
ozks,57344,5
ozks,118784,83
ozks,65536,13
ozks,57344,6
ozks,81920,39
ozks,69632,24
ozks,110592,77
ozks,57344,6
ozks,98304,54
ozks,98304,52
ozks,57344,2
ozks,118784,84
ozks,65536,13
ozks,69632,28
ozks,57344,7
ozks,155648,128
ozks,65536,21
ozks,176128,158
ozks,57344,8
ozks,200704,183
ozks,303104,337
ozks,57344,1
ozks,57344,1
ozks,57344,3
ozks,143360,110
ozks,65536,13
ozks,57344,1
ozks,204800,201
ozks,57344,10
ozks,57344,1
ozks,57344,1
ozks,57344,1
ozks,102400,63
ozks,102400,62
ozks,57344,1
ozks,57344,11
ozks,57344,1
ozks,57344,8
ozks,57344,2
ozks,57344,8
ozks,57344,10
ozks,94208,43
ozks,57344,6
ozks,57344,10
ozks,57344,10
ozks,57344,8
ozks,57344,8
ozks,294912,325
ozks,65536,14
ozks,57344,8
ozks,57344,0
ozks,131072,95
ozks,57344,0
ozks,57344,8
ozks,163840,146
ozks,278528,307
ozks,135168,100
ozks,159744,135
ozks,126976,92
ozks,57344,4
ozks,159744,134
ozks,98304,53
ozks,65536,13
ozks,94208,49
ozks,57344,8
ozks,57344,1
ozks,98304,57
ozks,65536,15
ozks,57344,7
ozks,57344,8
ozks,57344,6
ozks,57344,6
ozks,245760,250
ozks,57344,4
ozks,57344,0
ozks,57344,1
ozks,57344,10
ozks,57344,2
ozks,606208,770
ozks,57344,8
ozks,159744,142
ozks,57344,1
ozks,57344,1
ozks,94208,46
ozks,73728,34
ozks,57344,8
ozks,57344,8
ozks,65536,18
ozks,57344,1
ozks,65536,12
ozks,155648,129
ozks,57344,1
ozks,57344,2
ozks,176128,159
ozks,57344,6
ozks,57344,1
ozks,57344,2
ozks,98304,52
ozks,65536,14
ozks,69632,26
ozks,57344,4
ozks,65536,15
ozks,65536,21
ozks,57344,9
ozks,102400,69
ozks,65536,16
ozks,57344,4
ozks,69632,23
ozks,57344,4
ozks,57344,0
ozks,57344,2
ozks,57344,10
ozks,57344,8
ozks,57344,3
ozks,217088,214
ozks,69632,31
ozks,57344,11
ozks,135168,92
ozks,69632,26
ozks,245760,256
ozks,57344,1
ozks,69632,30
ozks,57344,6
ozks,57344,2
ozks,57344,9
ozks,57344,4
ozks,69632,21
ozks,65536,19
ozks,57344,0
ozks,110592,77
ozks,65536,14
ozks,274432,288
ozks,73728,36
ozks,69632,25
ozks,65536,18
ozks,57344,1
ozks,65536,20
ozks,581632,738
ozks,98304,51
ozks,774144,997
ozks,57344,3
ozks,57344,1
ozks,73728,34
ozks,57344,7
ozks,57344,1
ozks,331776,364
ozks,57344,2
ozks,57344,4
ozks,126976,86
ozks,57344,3
ozks,180224,169
ozks,57344,4
ozks,57344,1
ozks,57344,6
ozks,57344,5
ozks,69632,28
ozks,57344,1
ozks,57344,2
ozks,57344,9
ozks,57344,0
ozks,57344,8
ozks,57344,10
ozks,57344,9
ozks,65536,17
ozks,57344,5
ozks,65536,17
ozks,73728,36
ozks,57344,2
ozks,57344,11
ozks,69632,25
ozks,57344,0
ozks,57344,1
ozks,282624,291
ozks,94208,42
ozks,57344,11
ozks,57344,8
ozks,172032,145
ozks,102400,67
ozks,118784,84
ozks,57344,8
ozks,65536,17
ozks,57344,4
ozks,57344,1
ozks,65536,17
ozks,57344,0
ozks,57344,10
ozks,57344,8
ozks,262144,272
ozks,143360,111
ozks,114688,81
ozks,532480,664
ozks,57344,3
ozks,57344,1
ozks,57344,10
ozks,135168,99
ozks,69632,25
ozks,65536,15
ozks,94208,49
ozks,57344,7
ozks,65536,20
ozks,57344,10
ozks,57344,6
ozks,65536,12
ozks,57344,2
ozks,602112,746
ozks,524288,646
ozks,561152,685
ozks,73728,33
ozks,57344,8
ozks,69632,24
ozks,57344,8
ozks,57344,3
ozks,57344,8
ozks,57344,1
ozks,57344,1
ozks,57344,1
ozks,57344,2
ozks,57344,8
ozks,143360,109
ozks,102400,66
ozks,65536,15
ozks,69632,23
ozks,73728,33
ozks,204800,193
ozks,65536,13
ozks,65536,19
ozks,135168,106
ozks,57344,1
ozks,159744,135
ozks,57344,3
ozks,73728,34
ozks,65536,19
ozks,65536,13
ozks,57344,9
ozks,155648,129
ozks,180224,163
ozks,65536,20
ozks,81920,37
ozks,708608,893
ozks,57344,7
ozks,180224,165
ozks,57344,0
ozks,57344,3
ozks,155648,126
ozks,57344,3
ozks,139264,111
ozks,626688,794
ozks,356352,412
ozks,94208,44
ozks,57344,2
ozks,57344,0
ozks,192512,177
ozks,126976,91
ozks,286720,325
ozks,57344,8
ozks,69632,23
ozks,65536,16
ozks,57344,4
ozks,57344,3
ozks,98304,56
ozks,69632,28
ozks,57344,8
ozks,159744,137
ozks,57344,4
ozks,65536,14
ozks,57344,8
ozks,57344,0
ozks,69632,137
ozks,73728,34
ozks,102400,62
ozks,57344,9
ozks,94208,48
ozks,139264,105
ozks,65536,13
ozks,57344,1
ozks,57344,1
ozks,57344,1
ozks,57344,8
ozks,110592,79
ozks,57344,8
ozks,57344,1
ozks,57344,4
ozks,57344,8
ozks,98304,54
ozks,249856,264
ozks,57344,8
ozks,57344,2
ozks,57344,4
ozks,98304,52
ozks,57344,10
ozks,69632,24
ozks,57344,0
ozks,57344,7
ozks,57344,0
ozks,540672,676
ozks,172032,147
ozks,57344,0
ozks,274432,297
ozks,380928,442
ozks,102400,66
ozks,57344,2
ozks,65536,12
ozks,57344,0
ozks,57344,1
ozks,57344,2
ozks,200704,187
ozks,94208,46
ozks,155648,137
ozks,81920,37
ozks,65536,15
ozks,57344,2
ozks,57344,11
ozks,57344,7
ozks,57344,0
ozks,69632,22
ozks,57344,5
ozks,65536,20
ozks,139264,107
ozks,69632,27
ozks,102400,63
ozks,102400,62
ozks,57344,1
ozks,57344,1
ozks,57344,6
ozks,57344,4
ozks,57344,8
ozks,65536,16
ozks,57344,5
ozks,57344,4
ozks,143360,116
ozks,339968,378
ozks,57344,1
ozks,65536,13
ozks,454656,542
ozks,57344,4
ozks,57344,0
ozks,782336,998
ozks,561152,699
ozks,544768,675
ozks,57344,0
ozks,225280,231
ozks,65536,13
ozks,57344,5
ozks,57344,10
ozks,90112,40
ozks,57344,1
ozks,57344,3
ozks,172032,149
ozks,57344,1
ozks,65536,21
ozks,237568,244
ozks,65536,18
ozks,774144,999
ozks,65536,12
ozks,57344,2
ozks,155648,127
ozks,81920,37
ozks,57344,1
ozks,65536,17
ozks,528384,669
ozks,81920,39
ozks,57344,2
ozks,65536,14
ozks,57344,4
ozks,57344,8
ozks,65536,21
ozks,57344,8
ozks,57344,2
ozks,188416,175
ozks,131072,99
ozks,253952,274
ozks,57344,0
ozks,147456,117
ozks,57344,8
ozks,57344,5
ozks,65536,17
ozks,69632,24
ozks,98304,59
ozks,57344,4
ozks,57344,8
ozks,167936,149
ozks,167936,145
ozks,57344,1
ozks,57344,6
ozks,57344,0
ozks,356352,413
ozks,176128,159
ozks,57344,8
ozks,57344,0
ozks,69632,30
ozks,69632,28
ozks,65536,13
ozks,98304,58
ozks,57344,7
ozks,73728,32
ozks,57344,1
ozks,65536,17
ozks,65536,14
ozks,585728,734
ozks,368640,425
ozks,57344,7
ozks,65536,16
ozks,57344,0
ozks,57344,1
ozks,229376,237
ozks,57344,1
ozks,69632,28
ozks,57344,2
ozks,155648,128
ozks,237568,252
ozks,57344,2
ozks,294912,325
ozks,135168,104
ozks,331776,384
ozks,102400,65
ozks,57344,7
ozks,57344,4
ozks,102400,62
ozks,172032,146
ozks,57344,1
ozks,512000,633
ozks,225280,225
ozks,69632,25
ozks,57344,3
ozks,57344,3
ozks,126976,89
ozks,65536,17
ozks,57344,5
ozks,69632,28
ozks,110592,75
ozks,688128,880
ozks,57344,1
ozks,65536,17
ozks,90112,41
ozks,57344,6
ozks,65536,17
ozks,110592,81
ozks,57344,9
ozks,57344,2
ozks,57344,3
ozks,57344,0
ozks,176128,158
ozks,69632,28
ozks,163840,140
ozks,57344,2
ozks,163840,143
ozks,98304,54
ozks,57344,0
ozks,57344,5
ozks,65536,17
ozks,57344,5
ozks,737280,948
ozks,204800,201
ozks,65536,18
ozks,65536,12
ozks,57344,3
ozks,172032,145
ozks,65536,16
ozks,233472,240
ozks,385024,451
ozks,229376,225
ozks,57344,2
ozks,212992,209
ozks,106496,72
ozks,57344,1
ozks,65536,12
ozks,172032,149
ozks,73728,33
ozks,57344,1
ozks,65536,12
ozks,57344,1
ozks,57344,0
ozks,57344,2
ozks,65536,20
ozks,57344,3
ozks,65536,17
ozks,94208,44
ozks,65536,18
ozks,69632,22
ozks,57344,1
ozks,65536,18
ozks,65536,14
ozks,57344,10
ozks,57344,6
ozks,172032,146
ozks,335872,383
ozks,98304,60
ozks,57344,7
ozks,57344,0
ozks,147456,114
ozks,57344,11
ozks,65536,17
ozks,57344,5
ozks,65536,13
ozks,69632,25
ozks,57344,2
ozks,110592,74
ozks,57344,6
ozks,57344,0
ozks,94208,47
ozks,65536,12
ozks,274432,302
ozks,434176,521
ozks,57344,1
ozks,548864,680
ozks,69632,24
ozks,139264,107
ozks,65536,13
ozks,65536,21
ozks,57344,1
ozks,327680,370
ozks,69632,22
ozks,65536,17
ozks,57344,3
ozks,57344,1
ozks,57344,9
ozks,57344,11
ozks,57344,8
ozks,57344,3
ozks,102400,68
ozks,126976,91
ozks,102400,65
ozks,57344,0
ozks,65536,17
ozks,102400,63
ozks,69632,26
ozks,126976,88
ozks,73728,35
ozks,102400,69
ozks,376832,438
ozks,57344,8
ozks,69632,26
ozks,57344,6
ozks,57344,1
ozks,57344,5
ozks,757760,983
ozks,65536,17
ozks,57344,1
ozks,57344,2
ozks,770048,998
ozks,57344,9
ozks,65536,15
ozks,57344,8
ozks,57344,0
ozks,69632,30
ozks,65536,17
ozks,200704,187
ozks,65536,16
ozks,57344,9
ozks,65536,12
ozks,57344,2
ozks,65536,13
ozks,598016,750
ozks,458752,558
ozks,57344,5
ozks,57344,8
ozks,462848,564
ozks,65536,20
ozks,65536,13
ozks,155648,131
ozks,65536,21
ozks,57344,1
ozks,69632,22
ozks,57344,2
ozks,65536,13
ozks,57344,2
ozks,57344,1
ozks,65536,19
ozks,57344,3
ozks,69632,28
ozks,65536,12
ozks,155648,134
ozks,57344,8
ozks,65536,18
ozks,176128,158
ozks,176128,158
ozks,57344,0
ozks,65536,17
ozks,98304,54
ozks,57344,1
ozks,290816,324
ozks,299008,342
ozks,405504,488
ozks,696320,881
ozks,184320,164
ozks,57344,2
ozks,69632,25
ozks,655360,825
ozks,65536,16
ozks,65536,13
ozks,249856,262
ozks,69632,31
ozks,180224,163
ozks,94208,46
ozks,741376,941
ozks,491520,595
ozks,57344,6
ozks,303104,339
ozks,102400,62
ozks,57344,4
ozks,98304,55
ozks,57344,8
ozks,589824,740
ozks,57344,7
ozks,401408,473
ozks,65536,19
ozks,57344,9
ozks,561152,710
ozks,57344,4
ozks,57344,7
ozks,57344,8
ozks,57344,8
ozks,57344,1
ozks,81920,37
ozks,57344,0
ozks,57344,7
ozks,69632,26
ozks,65536,17
ozks,180224,170
ozks,589824,737
ozks,57344,6
ozks,57344,9
ozks,57344,3
ozks,57344,5
ozks,57344,3
ozks,172032,147
ozks,65536,14
ozks,57344,1
ozks,69632,27
ozks,57344,1
ozks,57344,5
ozks,622592,782
ozks,73728,36
ozks,57344,8
ozks,57344,8
ozks,434176,520
ozks,57344,4
ozks,57344,1
ozks,57344,0
ozks,110592,76
ozks,57344,2
ozks,69632,31
ozks,57344,7
ozks,57344,5
ozks,57344,5
ozks,299008,342
ozks,57344,11
ozks,249856,257
ozks,167936,145
ozks,69632,23
ozks,57344,3
ozks,65536,12
ozks,57344,7
ozks,57344,10
ozks,57344,9
ozks,57344,0
ozks,94208,45
ozks,69632,24
ozks,57344,5
ozks,57344,1
ozks,57344,7
ozks,57344,0
ozks,57344,10
ozks,192512,181
ozks,57344,1
ozks,102400,64
ozks,196608,183
ozks,114688,82
ozks,57344,2
ozks,65536,12
ozks,57344,3
ozks,102400,62
ozks,430080,528
ozks,147456,116
ozks,348160,392
ozks,57344,10
ozks,102400,64
ozks,57344,1
ozks,69632,26
ozks,335872,382
ozks,114688,82
ozks,204800,202
ozks,57344,8
ozks,57344,0
ozks,57344,6
ozks,57344,8
ozks,94208,49
ozks,57344,8
ozks,57344,1
ozks,57344,8
ozks,57344,0
ozks,57344,8
ozks,57344,0
ozks,139264,109
ozks,65536,18
ozks,57344,1
ozks,57344,8
ozks,708608,905
ozks,233472,234
ozks,69632,24
ozks,557056,700
ozks,159744,135
ozks,57344,0
ozks,94208,48
ozks,57344,1
ozks,614400,769
ozks,65536,14
ozks,69632,29
ozks,57344,11
ozks,73728,33
ozks,57344,10
ozks,94208,49
ozks,94208,48
ozks,327680,355
ozks,172032,147
ozks,57344,2
ozks,69632,28
ozks,57344,9
ozks,65536,13
ozks,69632,31
ozks,57344,6
ozks,159744,137
ozks,57344,6
ozks,57344,1
ozks,57344,4
ozks,446464,530
ozks,57344,1
ozks,57344,6
ozks,57344,8
ozks,94208,45
ozks,57344,6
ozks,57344,7
ozks,94208,47
ozks,57344,8
ozks,393216,463
ozks,110592,73
ozks,57344,6
ozks,65536,15
ozks,57344,8
ozks,294912,325
ozks,110592,74
ozks,159744,135
ozks,65536,21
ozks,126976,91
ozks,65536,17
ozks,57344,11
ozks,73728,34
ozks,131072,94
ozks,176128,164
ozks,471040,568
ozks,73728,32
ozks,98304,60
ozks,57344,6
ozks,204800,201
ozks,57344,1
ozks,65536,17
ozks,143360,110
ozks,57344,1
ozks,57344,3
ozks,65536,16
ozks,65536,12
ozks,65536,13
ozks,65536,14
ozks,65536,13
ozks,57344,3
ozks,57344,9
ozks,65536,17
ozks,94208,51
ozks,57344,2
ozks,57344,1
ozks,73728,35
ozks,114688,80
ozks,57344,2
ozks,57344,1
ozks,57344,2
ozks,57344,8
ozks,57344,1
ozks,57344,10
ozks,98304,53
ozks,65536,19
ozks,57344,1
ozks,57344,1
ozks,57344,0
ozks,65536,15
ozks,73728,32
ozks,57344,4
ozks,335872,383
ozks,98304,55
ozks,57344,6
ozks,311296,344
ozks,65536,15
ozks,98304,58
ozks,159744,140
ozks,57344,7
ozks,57344,1
ozks,65536,17
ozks,57344,10
ozks,57344,7
ozks,57344,2
ozks,172032,155
ozks,57344,0
ozks,57344,0
ozks,118784,84
ozks,139264,110
ozks,57344,5
ozks,94208,46
ozks,606208,762
ozks,57344,0
ozks,57344,9
ozks,57344,10
ozks,102400,69
ozks,761856,983
ozks,65536,21
ozks,102400,63
ozks,110592,74
ozks,57344,9
ozks,69632,22
ozks,57344,6
ozks,57344,9
ozks,57344,4
ozks,57344,10
ozks,106496,72
ozks,57344,7
ozks,65536,17
ozks,69632,23
ozks,94208,45
ozks,57344,0
ozks,73728,34
ozks,188416,173
ozks,57344,5
ozks,57344,1
ozks,65536,12
ozks,57344,8
ozks,57344,1
ozks,57344,3
ozks,57344,8
ozks,69632,29
ozks,57344,9
ozks,65536,12
ozks,294912,325
ozks,69632,22
ozks,65536,21
ozks,57344,1
ozks,69632,23
ozks,131072,89
ozks,65536,18
ozks,69632,22
ozks,65536,17
ozks,57344,1
ozks,131072,102
ozks,69632,28
ozks,57344,1
ozks,57344,9
ozks,155648,130
ozks,94208,49
ozks,110592,77
ozks,57344,0
ozks,65536,17
ozks,65536,17
ozks,57344,3
ozks,110592,76
ozks,98304,52
ozks,65536,13
ozks,98304,61
ozks,57344,4
ozks,57344,5
ozks,57344,2
ozks,57344,9
ozks,65536,13
ozks,57344,1
ozks,57344,8
ozks,57344,8
ozks,65536,17
ozks,180224,170
ozks,69632,23
ozks,65536,14
ozks,151552,121
ozks,57344,0
ozks,69632,28
ozks,135168,107
ozks,57344,2
ozks,102400,68
ozks,57344,6
ozks,57344,2
ozks,57344,6
ozks,65536,17
ozks,98304,54
ozks,65536,17
ozks,335872,378
ozks,57344,0
ozks,81920,38
ozks,69632,26
ozks,57344,6
ozks,57344,3
ozks,57344,4
ozks,57344,5
ozks,110592,74
ozks,69632,30
ozks,57344,5
ozks,94208,49
ozks,57344,6
ozks,65536,20
ozks,65536,15
ozks,102400,70
ozks,204800,201
ozks,57344,0
ozks,57344,6
ozks,94208,49
ozks,57344,0
ozks,57344,2
ozks,57344,10
ozks,102400,68
ozks,765952,991
ozks,57344,1
ozks,69632,26
ozks,98304,60
ozks,57344,8
ozks,57344,5
ozks,57344,2
ozks,73728,34
ozks,57344,8
ozks,69632,26
ozks,65536,15
ozks,69632,30
ozks,724992,929
ozks,57344,0
ozks,57344,3
ozks,69632,22
ozks,57344,9
ozks,57344,0
ozks,65536,12
ozks,57344,0
ozks,155648,141
ozks,434176,521
ozks,57344,8
ozks,102400,66
ozks,102400,65
ozks,135168,106
ozks,65536,17
ozks,57344,9
ozks,307200,343
ozks,57344,1
ozks,57344,5
ozks,57344,8
ozks,57344,8
ozks,65536,13
ozks,151552,127
ozks,57344,4
ozks,65536,15
ozks,57344,1
ozks,110592,76
ozks,98304,53
ozks,57344,7
ozks,57344,9
ozks,94208,44
ozks,57344,4
ozks,57344,10
ozks,262144,273
ozks,69632,30
ozks,57344,0
ozks,57344,6
ozks,163840,140
ozks,65536,20
ozks,434176,521
ozks,131072,97
ozks,57344,10
ozks,380928,451
ozks,151552,119
ozks,57344,7
ozks,57344,2
ozks,57344,8
ozks,98304,62
ozks,159744,139
ozks,65536,12
ozks,57344,11
ozks,94208,48
ozks,57344,4
ozks,57344,8
ozks,57344,1
ozks,65536,21
ozks,57344,4
ozks,229376,232
ozks,69632,26
ozks,57344,10
ozks,57344,8
ozks,57344,0
ozks,57344,8
ozks,57344,7
ozks,294912,325
ozks,98304,53
ozks,57344,1
ozks,765952,983
ozks,466944,563
ozks,57344,1
ozks,155648,139
ozks,57344,4
ozks,208896,206
ozks,573440,729
ozks,57344,0
ozks,57344,0
ozks,65536,17
ozks,65536,19
ozks,225280,219
ozks,69632,30
ozks,155648,128
ozks,57344,6
ozks,57344,0
ozks,69632,24
ozks,110592,76
ozks,270336,281
ozks,126976,89
ozks,110592,76
ozks,143360,111
ozks,57344,3
ozks,57344,9
ozks,671744,852
ozks,65536,13
ozks,57344,10
ozks,73728,33
ozks,57344,1
ozks,69632,24
ozks,57344,6
ozks,81920,39
ozks,69632,29
ozks,479232,569
ozks,57344,0
ozks,172032,146
ozks,159744,142
ozks,65536,13
ozks,102400,71
ozks,57344,10
ozks,65536,17
ozks,57344,2
ozks,143360,109
ozks,57344,1
ozks,65536,19
ozks,57344,8
ozks,102400,66
ozks,57344,1
ozks,98304,52
ozks,57344,0
ozks,57344,5
ozks,65536,16
ozks,335872,376
ozks,167936,144
ozks,57344,8
ozks,57344,9
ozks,73728,36
ozks,65536,21
ozks,110592,74
ozks,139264,105
ozks,245760,250
ozks,65536,12
ozks,663552,838
ozks,81920,37
ozks,57344,1
ozks,360448,419
ozks,94208,47
ozks,57344,10
ozks,57344,10
ozks,294912,327
ozks,139264,108
ozks,114688,80
ozks,176128,158
ozks,94208,46
ozks,98304,60
ozks,98304,55
ozks,204800,197
ozks,57344,8
ozks,57344,1
ozks,94208,44
ozks,65536,15
ozks,57344,8
ozks,65536,13
ozks,73728,33
ozks,159744,140
ozks,57344,4
ozks,57344,3
ozks,57344,1
ozks,81920,38
ozks,94208,42
ozks,65536,17
ozks,102400,62
ozks,57344,1
ozks,57344,0
ozks,57344,1
ozks,57344,8
ozks,225280,225
ozks,69632,24
ozks,57344,0
ozks,139264,106
ozks,57344,5
ozks,65536,16
ozks,57344,0
ozks,57344,9
ozks,65536,20
ozks,65536,21
ozks,57344,8
ozks,57344,0
ozks,65536,19
ozks,57344,0
ozks,462848,559
ozks,176128,160
ozks,57344,2
ozks,57344,6
ozks,65536,13
ozks,98304,58
ozks,65536,15
ozks,380928,451
ozks,69632,29
ozks,249856,252
ozks,57344,2
ozks,57344,0
ozks,57344,9
ozks,65536,15
ozks,57344,0
ozks,57344,0
ozks,57344,4
ozks,57344,1
ozks,57344,0
ozks,57344,11
ozks,65536,18
ozks,57344,3
ozks,57344,11
ozks,69632,26
ozks,401408,483
ozks,57344,0
ozks,606208,750
ozks,65536,17
ozks,57344,0
ozks,65536,17
ozks,57344,25
ozks,98304,54
ozks,65536,13
ozks,69632,24
ozks,696320,882
ozks,57344,9
ozks,65536,17
ozks,57344,1
ozks,126976,89
ozks,81920,39
ozks,65536,17
ozks,159744,137
ozks,57344,9
ozks,172032,145
ozks,69632,22
ozks,65536,13
ozks,172032,146
ozks,57344,1
ozks,57344,1
ozks,303104,343
ozks,57344,2
ozks,57344,7
ozks,73728,32
ozks,69632,26
ozks,57344,3
ozks,65536,14
ozks,65536,19
ozks,57344,9
ozks,65536,17
ozks,176128,169
ozks,65536,19
ozks,65536,12
ozks,57344,3
ozks,749568,958
ozks,421888,500
ozks,57344,2
ozks,172032,146
ozks,57344,1
ozks,57344,1
ozks,307200,352
ozks,319488,362
ozks,65536,18
ozks,57344,3
ozks,57344,5
ozks,57344,8
ozks,57344,2
ozks,81920,38
ozks,57344,5
ozks,167936,152
ozks,212992,210
ozks,57344,11
ozks,57344,4
ozks,176128,157
ozks,57344,9
ozks,94208,48
ozks,57344,9
ozks,65536,20
ozks,57344,2
ozks,65536,18
ozks,57344,5
ozks,102400,71
ozks,110592,78
ozks,57344,5
ozks,57344,9
ozks,65536,15
ozks,69632,26
ozks,172032,147
ozks,217088,222
ozks,57344,0
ozks,122880,82
ozks,57344,1
ozks,57344,5
ozks,524288,642
ozks,57344,9
ozks,57344,3
ozks,446464,535
ozks,57344,5
ozks,65536,15
ozks,57344,1
ozks,118784,82
ozks,57344,0
ozks,57344,4
ozks,57344,1
ozks,212992,195
ozks,102400,72
ozks,647168,819
ozks,98304,52
ozks,73728,35
ozks,57344,4
ozks,110592,75
ozks,57344,9
ozks,634880,805
ozks,294912,324
ozks,57344,2
ozks,135168,100
ozks,57344,5
ozks,69632,25
ozks,94208,46
ozks,65536,16
ozks,57344,2
ozks,57344,0
ozks,69632,23
ozks,57344,3
ozks,57344,0
ozks,57344,0
ozks,57344,4
ozks,57344,4
ozks,94208,43
ozks,81920,38
ozks,94208,46
ozks,151552,121
ozks,57344,10
ozks,57344,0
ozks,102400,65
ozks,94208,42
ozks,65536,13
ozks,69632,24
ozks,57344,1
ozks,57344,3
ozks,102400,69
ozks,81920,39
ozks,110592,73
ozks,94208,50
ozks,57344,0
ozks,57344,7
ozks,69632,22
ozks,172032,146
ozks,94208,48
ozks,57344,1
ozks,65536,20
ozks,159744,137
ozks,57344,1
ozks,69632,25
ozks,57344,5
ozks,65536,12
ozks,69632,21
ozks,184320,170
ozks,57344,8
ozks,548864,680
ozks,135168,97
ozks,98304,53
ozks,57344,0
ozks,172032,147
ozks,73728,36
ozks,57344,5
ozks,454656,551
ozks,57344,1
ozks,188416,165
ozks,57344,0
ozks,69632,26
ozks,57344,0
ozks,65536,13
ozks,98304,60
ozks,266240,278
ozks,57344,6
ozks,102400,64
ozks,57344,11
ozks,57344,8
ozks,57344,3
ozks,57344,3
ozks,57344,4
ozks,57344,0
ozks,618496,785
ozks,69632,25
ozks,364544,420
ozks,139264,105
ozks,69632,30
ozks,294912,325
ozks,65536,12
ozks,69632,28
ozks,405504,480
ozks,90112,40
ozks,176128,156
ozks,57344,6
ozks,69632,29
ozks,65536,12
ozks,126976,87
ozks,57344,1
ozks,102400,71
ozks,57344,5
ozks,212992,212
ozks,57344,10
ozks,57344,8
ozks,57344,4
ozks,57344,2
ozks,57344,6
ozks,69632,31
ozks,126976,90
ozks,57344,4
ozks,57344,5
ozks,204800,202
ozks,69632,30
ozks,57344,0
ozks,65536,17
ozks,114688,80
ozks,57344,9
ozks,155648,125
ozks,69632,30
ozks,57344,3
ozks,65536,15
ozks,57344,2
ozks,57344,0
ozks,65536,17
ozks,94208,45
ozks,675840,872
ozks,57344,5
ozks,65536,14
ozks,65536,19
ozks,212992,206
ozks,57344,3
ozks,565248,702
ozks,73728,34
ozks,65536,17
ozks,65536,12
ozks,458752,563
ozks,69632,31
ozks,65536,18
ozks,57344,5
ozks,69632,27
ozks,57344,2
ozks,57344,2
ozks,57344,9
ozks,57344,5
ozks,57344,0
ozks,626688,792
ozks,147456,119
ozks,69632,24
ozks,69632,22
ozks,290816,325
ozks,94208,48
ozks,65536,12
ozks,57344,1
ozks,167936,148
ozks,57344,0
ozks,65536,21
ozks,294912,328
ozks,94208,48
ozks,57344,4
ozks,102400,63
ozks,69632,24
ozks,69632,24
ozks,57344,6
ozks,65536,17
ozks,102400,62
ozks,57344,5
ozks,57344,1
ozks,57344,2
ozks,57344,4
ozks,323584,370
ozks,57344,4
ozks,65536,15
ozks,57344,11
ozks,57344,1
ozks,57344,6
ozks,57344,8
ozks,126976,86
ozks,57344,7
ozks,57344,1
ozks,57344,9
ozks,131072,93
ozks,126976,91
ozks,57344,2
ozks,65536,17
ozks,57344,6
ozks,135168,96
ozks,57344,3
ozks,69632,31
ozks,57344,1
ozks,57344,0
ozks,65536,13
ozks,57344,0
ozks,73728,32
ozks,57344,4
ozks,114688,80
ozks,57344,1
ozks,57344,3
ozks,57344,9
ozks,57344,1
ozks,69632,24
ozks,69632,25
ozks,73728,34
ozks,180224,164
ozks,57344,8
ozks,57344,4
ozks,65536,16
ozks,57344,8
ozks,98304,52
ozks,94208,45
ozks,229376,233
ozks,57344,0
ozks,159744,141
ozks,57344,9
ozks,57344,1
ozks,73728,35
ozks,57344,8
ozks,57344,8
ozks,57344,5
ozks,57344,8
ozks,57344,11
ozks,69632,22
ozks,163840,143
ozks,204800,184
ozks,159744,133
ozks,143360,111
ozks,57344,0
ozks,65536,12
ozks,57344,0
ozks,94208,44
ozks,126976,89
ozks,65536,20
ozks,151552,123
ozks,57344,10
ozks,65536,13
ozks,57344,8
ozks,57344,1
ozks,65536,20
ozks,57344,2
ozks,57344,10
ozks,57344,6
ozks,65536,17
ozks,57344,5
ozks,65536,15
ozks,102400,67
ozks,57344,11
ozks,503808,620
ozks,155648,137
ozks,69632,30
ozks,81920,39
ozks,307200,352
ozks,81920,38
ozks,57344,4
ozks,249856,264
ozks,114688,80
ozks,57344,3
ozks,126976,87
ozks,155648,138
ozks,57344,0
ozks,172032,146
ozks,65536,13
ozks,94208,48
ozks,102400,72
ozks,73728,36
ozks,57344,1
ozks,57344,2
ozks,81920,39
ozks,114688,80
ozks,69632,28
ozks,65536,15
ozks,57344,11
ozks,65536,16
ozks,73728,32
ozks,167936,147
ozks,57344,1
ozks,65536,13
ozks,69632,28
ozks,65536,18
ozks,65536,20
ozks,57344,6
ozks,98304,55
ozks,57344,3
ozks,573440,700
ozks,57344,2
ozks,98304,59
ozks,110592,78
ozks,65536,13
ozks,57344,1
ozks,57344,0
ozks,57344,9
ozks,65536,18
ozks,57344,10
ozks,69632,23
ozks,118784,82
ozks,237568,246
ozks,57344,1
ozks,757760,961
ozks,57344,1
ozks,57344,0
ozks,151552,127
ozks,57344,0
ozks,65536,15
ozks,57344,0
ozks,303104,327
ozks,57344,8
ozks,331776,370
ozks,143360,110
ozks,57344,1
ozks,102400,66
ozks,57344,0
ozks,73728,35
ozks,69632,23
ozks,57344,1
ozks,319488,361
ozks,102400,65
ozks,69632,29
ozks,81920,37
ozks,155648,128
ozks,69632,27
ozks,57344,7
ozks,65536,21
ozks,57344,10
ozks,98304,60
ozks,57344,8
ozks,65536,18
ozks,245760,250
ozks,765952,981
ozks,65536,20
ozks,57344,0
ozks,65536,21
ozks,65536,14
ozks,172032,148
ozks,139264,105
ozks,57344,0
ozks,69632,21
ozks,57344,8
ozks,73728,34
ozks,110592,77
ozks,57344,1
ozks,57344,3
ozks,233472,241
ozks,57344,0
ozks,233472,245
ozks,57344,7
ozks,57344,1
ozks,57344,9
ozks,69632,22
ozks,57344,3
ozks,495616,605
ozks,98304,55
ozks,57344,3
ozks,57344,4
ozks,57344,1
ozks,57344,9
ozks,57344,4
ozks,57344,5
ozks,57344,1
ozks,155648,127
ozks,155648,133
ozks,57344,10
ozks,57344,5
ozks,552960,672
ozks,69632,27
ozks,57344,0
ozks,69632,24
ozks,57344,5
ozks,413696,492
ozks,69632,31
ozks,57344,0
ozks,57344,0
ozks,90112,40
ozks,90112,40
ozks,65536,21
ozks,57344,5
ozks,57344,11
ozks,57344,11
ozks,57344,0
ozks,57344,3
ozks,376832,439
ozks,73728,34
ozks,581632,724
ozks,65536,18
ozks,57344,6
ozks,65536,18
ozks,57344,4
ozks,163840,143
ozks,372736,429
ozks,57344,1
ozks,57344,9
ozks,204800,201
ozks,167936,143
ozks,94208,45
ozks,163840,140
ozks,155648,137
ozks,57344,9
ozks,131072,98
ozks,139264,105
ozks,57344,8
ozks,57344,1
ozks,57344,1
ozks,57344,9
ozks,135168,96
ozks,94208,46
ozks,65536,19
ozks,69632,28
ozks,94208,44
ozks,65536,15
ozks,57344,0
ozks,167936,152
ozks,57344,3
ozks,217088,210
ozks,225280,232
ozks,65536,13
ozks,102400,63
ozks,655360,830
ozks,303104,343
ozks,57344,0
ozks,57344,0
ozks,159744,136
ozks,69632,23
ozks,65536,18
ozks,57344,1
ozks,57344,1
ozks,81920,37
ozks,57344,8
ozks,208896,211
ozks,159744,133
ozks,57344,1
ozks,69632,28
ozks,57344,0
ozks,65536,17
ozks,65536,20
ozks,565248,700
ozks,57344,1
ozks,229376,243
ozks,57344,3
ozks,57344,1
ozks,110592,77
ozks,172032,149
ozks,90112,40
ozks,249856,252
ozks,200704,182
ozks,57344,0
ozks,57344,0
ozks,65536,19
ozks,172032,153
ozks,69632,30
ozks,57344,2
ozks,65536,15
ozks,151552,129
ozks,57344,0
ozks,188416,173
ozks,57344,1
ozks,69632,30
ozks,98304,57
ozks,163840,143
ozks,57344,2
ozks,57344,0
ozks,57344,9
ozks,65536,19
ozks,57344,4
ozks,57344,1
ozks,94208,47
ozks,57344,5
ozks,548864,677
ozks,98304,56
ozks,57344,4
ozks,57344,1
ozks,81920,38
ozks,65536,18
ozks,69632,25
ozks,73728,33
ozks,57344,8
ozks,65536,13
ozks,57344,5
ozks,57344,7
ozks,110592,77
ozks,65536,14
ozks,57344,8
ozks,69632,26
ozks,131072,97
ozks,65536,20
ozks,90112,40
ozks,65536,17
ozks,176128,155
ozks,57344,7
ozks,65536,14
ozks,57344,8
ozks,299008,327
ozks,69632,28
ozks,57344,7
ozks,73728,36
ozks,57344,3
ozks,57344,5
ozks,65536,14
ozks,65536,14
ozks,65536,13
ozks,57344,8
ozks,57344,9
ozks,57344,1
ozks,69632,23
ozks,94208,45
ozks,69632,21
ozks,57344,1
ozks,65536,17
ozks,57344,1
ozks,57344,8
ozks,57344,10
ozks,102400,70
ozks,65536,16
ozks,65536,18
ozks,57344,2
ozks,57344,8
ozks,57344,7
ozks,65536,19
ozks,294912,324
ozks,233472,235
ozks,57344,2
ozks,57344,1
ozks,57344,6
ozks,57344,6
ozks,57344,1
ozks,200704,188
ozks,98304,51
ozks,57344,8
ozks,57344,8
ozks,557056,696
ozks,65536,17
ozks,57344,0
ozks,278528,308
ozks,69632,29
ozks,73728,36
ozks,188416,174
ozks,57344,8
ozks,57344,1
ozks,131072,88
ozks,57344,1
ozks,249856,264
ozks,126976,89
ozks,57344,3
ozks,176128,155
ozks,65536,12
ozks,98304,51
ozks,57344,8
ozks,57344,5
ozks,57344,1
ozks,57344,9
ozks,528384,651
ozks,425984,514
ozks,65536,17
ozks,57344,0
ozks,438272,521
ozks,57344,2
ozks,57344,7
ozks,102400,68
ozks,57344,2
ozks,167936,153
ozks,229376,233
ozks,65536,17
ozks,98304,52
ozks,57344,0
ozks,172032,145
ozks,57344,0
ozks,65536,20
ozks,57344,10
ozks,65536,21
ozks,57344,6
ozks,57344,0
ozks,57344,10
ozks,57344,2
ozks,581632,724
ozks,57344,0
ozks,57344,2
ozks,57344,10
ozks,57344,8
ozks,65536,18
ozks,98304,60
ozks,65536,21
ozks,135168,107
ozks,94208,47
ozks,69632,23
ozks,73728,33
ozks,102400,67
ozks,102400,67
ozks,143360,117
ozks,57344,9
ozks,69632,22
ozks,57344,2
ozks,512000,630
ozks,65536,14
ozks,327680,382
ozks,69632,24
ozks,65536,18
ozks,94208,44
ozks,57344,4
ozks,57344,4
ozks,204800,195
ozks,315392,354
ozks,57344,0
ozks,208896,200
ozks,151552,125
ozks,57344,1
ozks,57344,0
ozks,57344,1
ozks,57344,9
ozks,57344,7
ozks,65536,15
ozks,57344,1
ozks,65536,14
ozks,57344,7
ozks,102400,51
ozks,73728,36
ozks,57344,0
ozks,167936,149
ozks,57344,0
ozks,57344,10
ozks,57344,4
ozks,57344,4
ozks,98304,58
ozks,675840,853
ozks,57344,3
ozks,57344,4
ozks,110592,74
ozks,57344,1
ozks,98304,58
ozks,229376,241
ozks,200704,188
ozks,69632,31
ozks,167936,146
ozks,57344,4
ozks,57344,6
ozks,73728,36
ozks,57344,4
ozks,57344,1
ozks,57344,4
ozks,253952,268
ozks,65536,13
ozks,69632,30
ozks,57344,6
ozks,57344,8
ozks,73728,34
ozks,65536,14
ozks,57344,7
ozks,237568,253
ozks,57344,0
ozks,57344,1
ozks,139264,105
ozks,57344,2
ozks,294912,324
ozks,69632,25
ozks,167936,147
ozks,221184,222
ozks,69632,25
ozks,94208,48
ozks,737280,941
ozks,307200,335
ozks,65536,13
ozks,81920,39
ozks,57344,10
ozks,57344,2
ozks,57344,2
ozks,57344,10
ozks,57344,1
ozks,176128,158
ozks,69632,22
ozks,57344,8
ozks,57344,2
ozks,69632,26
ozks,57344,10
ozks,57344,0
ozks,57344,1
ozks,57344,7
ozks,503808,627
ozks,57344,5
ozks,57344,7
ozks,65536,15
ozks,65536,17
ozks,57344,0
ozks,98304,54
ozks,159744,140
ozks,110592,75
ozks,69632,23
ozks,65536,13
ozks,69632,28
ozks,57344,5
ozks,57344,2
ozks,139264,105
ozks,176128,158
ozks,69632,29
ozks,57344,2
ozks,102400,63
ozks,57344,8
ozks,57344,8
ozks,69632,23
ozks,229376,239
ozks,188416,176
ozks,57344,0
ozks,94208,52
ozks,376832,438
ozks,69632,25
ozks,139264,106
ozks,335872,387
ozks,110592,75
ozks,94208,42
ozks,110592,79
ozks,65536,12
ozks,147456,121
ozks,176128,166
ozks,57344,3
ozks,65536,17
ozks,57344,7
ozks,57344,10
ozks,73728,32
ozks,131072,96
ozks,69632,29
ozks,102400,66
ozks,65536,14
ozks,73728,34
ozks,57344,3
ozks,176128,162
ozks,126976,91
ozks,57344,5
ozks,57344,9
ozks,57344,3
ozks,73728,34
ozks,671744,849
ozks,774144,999
ozks,57344,8
ozks,561152,699
ozks,65536,17
ozks,126976,90
ozks,380928,446
ozks,57344,0
ozks,57344,5
ozks,57344,1
ozks,65536,14
ozks,749568,954
ozks,81920,39
ozks,69632,27
ozks,57344,1
ozks,143360,111
ozks,57344,8
ozks,65536,19
ozks,57344,10
ozks,98304,61
ozks,57344,2
ozks,90112,41
ozks,176128,162
ozks,98304,56
ozks,69632,22
ozks,98304,60
ozks,57344,8
ozks,57344,3
ozks,57344,9
ozks,98304,56
ozks,65536,16
ozks,57344,8
ozks,65536,20
ozks,135168,101
ozks,57344,1
ozks,69632,28
ozks,180224,169
ozks,57344,3
ozks,131072,102
ozks,57344,0
ozks,57344,9
ozks,122880,83
ozks,57344,0
ozks,57344,4
ozks,163840,140
ozks,65536,18
ozks,57344,1
ozks,65536,13
ozks,65536,17
ozks,65536,17
ozks,57344,6
ozks,73728,35
ozks,98304,51
ozks,57344,7
ozks,94208,43
ozks,69632,26
ozks,57344,5
ozks,69632,25
ozks,589824,739
ozks,57344,6
ozks,57344,4
ozks,57344,0
ozks,57344,0
ozks,57344,5
ozks,65536,15
ozks,57344,0
ozks,200704,188
ozks,57344,0
ozks,57344,9
ozks,57344,2
ozks,65536,15
ozks,65536,18
ozks,57344,2
ozks,176128,158
ozks,57344,8
ozks,57344,9
ozks,69632,22
ozks,57344,1
ozks,57344,11
ozks,57344,1
ozks,147456,116
ozks,65536,17
ozks,57344,8
ozks,172032,148
ozks,81920,38
ozks,57344,3
ozks,57344,11
ozks,65536,16
ozks,69632,29
ozks,57344,8
ozks,57344,1
ozks,98304,52
ozks,57344,5
ozks,57344,3
ozks,65536,20
ozks,57344,6
ozks,57344,10
ozks,65536,16
ozks,57344,6
ozks,57344,8
ozks,569344,710
ozks,57344,1
ozks,57344,5
ozks,57344,1
ozks,57344,8
ozks,536576,667
ozks,65536,13
ozks,565248,702
ozks,57344,5
ozks,430080,512
ozks,135168,105
ozks,155648,129
ozks,73728,36
ozks,102400,70
ozks,57344,4
ozks,57344,8
ozks,57344,1
ozks,507904,638
ozks,65536,20
ozks,57344,6
ozks,57344,7
ozks,57344,4
ozks,57344,0
ozks,159744,134
ozks,57344,6
ozks,57344,2
ozks,57344,11
ozks,57344,1
ozks,172032,162
ozks,57344,1
ozks,73728,35
ozks,57344,3
ozks,65536,14
ozks,94208,46
ozks,57344,5
ozks,65536,15
ozks,57344,3
ozks,94208,44
ozks,57344,3
ozks,57344,8
ozks,720896,922
ozks,57344,7
ozks,65536,14
ozks,57344,2
ozks,155648,129
ozks,57344,6
ozks,65536,14
ozks,69632,22
ozks,57344,8
ozks,65536,12
ozks,65536,12
ozks,65536,12
ozks,57344,8
ozks,65536,17
ozks,94208,45
ozks,57344,0
ozks,65536,15
ozks,204800,188
ozks,57344,11
ozks,180224,169
ozks,81920,39
ozks,57344,3
ozks,69632,22
ozks,57344,1
ozks,57344,0
ozks,135168,94
ozks,57344,7
ozks,57344,3
ozks,65536,19
ozks,57344,7
ozks,69632,27
ozks,57344,0
ozks,57344,9
ozks,57344,10
ozks,180224,169
ozks,102400,62
ozks,57344,9
ozks,69632,25
ozks,69632,30
ozks,57344,10
ozks,57344,4
ozks,57344,0
ozks,57344,1
ozks,57344,8
ozks,73728,36
ozks,770048,993
ozks,57344,0
ozks,57344,1
ozks,57344,1
ozks,65536,17
ozks,98304,61
ozks,73728,35
ozks,94208,50
ozks,65536,21
ozks,57344,4
ozks,69632,28
ozks,57344,0
ozks,57344,2
ozks,57344,0
ozks,57344,3
ozks,69632,29
ozks,73728,36
ozks,589824,734
ozks,57344,4
ozks,262144,264
ozks,131072,97
ozks,65536,18
ozks,57344,8
ozks,319488,362
ozks,57344,0
ozks,57344,0
ozks,65536,16
ozks,57344,10
ozks,57344,0
ozks,65536,14
ozks,57344,1
ozks,69632,22
ozks,81920,38
ozks,331776,385
ozks,159744,136
ozks,69632,31
ozks,81920,37
ozks,57344,0
ozks,57344,8
ozks,98304,59
ozks,57344,2
ozks,57344,0
ozks,69632,28
ozks,57344,2
ozks,69632,25
ozks,724992,929
ozks,176128,158
ozks,57344,7
ozks,249856,255
ozks,57344,6
ozks,57344,0
ozks,57344,2
ozks,57344,5
ozks,110592,74
ozks,294912,325
ozks,57344,9
ozks,57344,8
ozks,278528,304
ozks,65536,21
ozks,57344,1
ozks,724992,919
ozks,57344,5
ozks,69632,26
ozks,102400,67
ozks,57344,8
ozks,57344,1
ozks,135168,92
ozks,57344,8
ozks,57344,6
ozks,397312,475
ozks,57344,3
ozks,57344,7
ozks,65536,19
ozks,57344,5
ozks,65536,13
ozks,57344,1
ozks,155648,130
ozks,69632,31
ozks,94208,42
ozks,65536,12
ozks,57344,0
ozks,57344,0
ozks,65536,18
ozks,94208,47
ozks,57344,5
ozks,167936,143
ozks,57344,4
ozks,57344,6
ozks,159744,133
ozks,94208,50
ozks,57344,4
ozks,176128,159
ozks,57344,4
ozks,57344,1
ozks,69632,30
ozks,69632,27
ozks,65536,13
ozks,69632,24
ozks,57344,3
ozks,57344,1
ozks,69632,31
ozks,98304,60
ozks,57344,2
ozks,57344,8
ozks,102400,70
ozks,327680,369
ozks,57344,5
ozks,368640,430
ozks,57344,3
ozks,57344,3
ozks,57344,0
ozks,65536,15
ozks,57344,6
ozks,57344,2
ozks,73728,36
ozks,118784,84
ozks,163840,139
ozks,57344,8
ozks,57344,4
ozks,57344,0
ozks,286720,306
ozks,69632,23
ozks,176128,159
ozks,57344,0
ozks,57344,11
ozks,421888,510
ozks,81920,39
ozks,163840,140
ozks,57344,4
ozks,311296,352
ozks,57344,0
ozks,65536,13
ozks,57344,3
ozks,151552,120
ozks,102400,65
ozks,57344,4
ozks,192512,173
ozks,57344,5
ozks,69632,27
ozks,57344,0
ozks,360448,408
ozks,73728,35
ozks,69632,25
ozks,81920,39
ozks,131072,93
ozks,57344,1
ozks,737280,942
ozks,57344,0
ozks,57344,3
ozks,282624,312
ozks,57344,9
ozks,57344,4
ozks,208896,199
ozks,65536,17
ozks,57344,0
ozks,696320,892
ozks,94208,49
ozks,65536,12
ozks,69632,30
ozks,57344,1
ozks,102400,71
ozks,102400,63
ozks,57344,4
ozks,69632,29
ozks,135168,95
ozks,57344,10
ozks,102400,63
ozks,57344,3
ozks,65536,13
ozks,57344,2
ozks,90112,41
ozks,94208,48
ozks,155648,126
ozks,73728,34
ozks,57344,1
ozks,81920,38
ozks,155648,140
ozks,430080,521
ozks,98304,52
ozks,57344,3
ozks,57344,1
ozks,94208,49
ozks,57344,2
ozks,69632,22
ozks,69632,23
ozks,57344,8
ozks,57344,2
ozks,57344,0
ozks,57344,11
ozks,57344,0
ozks,98304,54
ozks,430080,526
ozks,57344,11
ozks,303104,327
ozks,69632,26
ozks,733184,940
ozks,163840,140
ozks,57344,8
ozks,57344,8
ozks,65536,17
ozks,212992,211
ozks,57344,9
ozks,57344,1
ozks,57344,11
ozks,98304,52
ozks,57344,8
ozks,57344,3
ozks,57344,2
ozks,266240,271
ozks,442368,521
ozks,57344,4
ozks,131072,88
ozks,57344,8
ozks,163840,142
ozks,57344,1
ozks,237568,234
ozks,110592,76
ozks,94208,50
ozks,73728,35
ozks,110592,76
ozks,57344,8
ozks,73728,36
ozks,102400,63
ozks,114688,80
ozks,57344,7
ozks,69632,23
ozks,57344,1
ozks,57344,4
ozks,65536,21
ozks,98304,53
ozks,73728,34
ozks,57344,6
ozks,708608,899
ozks,57344,9
ozks,155648,136
ozks,176128,158
ozks,57344,7
ozks,69632,25
ozks,118784,85
ozks,57344,1
ozks,57344,7
ozks,65536,20
ozks,57344,3
ozks,65536,13
ozks,57344,3
ozks,57344,1
ozks,57344,0
ozks,278528,303
ozks,57344,5
ozks,176128,154
ozks,57344,2
ozks,57344,9
ozks,73728,34
ozks,57344,3
ozks,57344,0
ozks,172032,150
ozks,143360,111
ozks,360448,412
ozks,65536,15
ozks,57344,9
ozks,57344,4
ozks,57344,6
ozks,65536,12
ozks,114688,80
ozks,65536,12
ozks,57344,8
ozks,65536,17
ozks,57344,0
ozks,57344,7
ozks,155648,136
ozks,159744,132
ozks,57344,10
ozks,57344,3
ozks,65536,19
ozks,65536,17
ozks,57344,8
ozks,57344,0
ozks,57344,6
ozks,94208,46
ozks,57344,0
ozks,155648,138
ozks,98304,53
ozks,57344,8
ozks,110592,76
ozks,147456,118
ozks,200704,180
ozks,57344,6
ozks,57344,1
ozks,57344,1
ozks,73728,34
ozks,270336,292
ozks,73728,36
ozks,102400,66
ozks,126976,90
ozks,98304,53
ozks,57344,4
ozks,57344,10
ozks,57344,4
ozks,73728,36
ozks,57344,3
ozks,290816,313
ozks,57344,2
ozks,57344,1
ozks,102400,68
ozks,155648,127
ozks,57344,10
ozks,57344,3
ozks,69632,28
ozks,139264,106
ozks,57344,4
ozks,118784,83
ozks,65536,16
ozks,57344,1
ozks,57344,1
ozks,57344,0
ozks,65536,16
ozks,94208,51
ozks,65536,17
ozks,57344,8
ozks,57344,6
ozks,69632,27
ozks,57344,6
ozks,57344,4
ozks,57344,6
ozks,57344,1
ozks,65536,17
ozks,159744,140
ozks,131072,99
ozks,57344,1
ozks,126976,88
ozks,102400,62
ozks,73728,34
ozks,102400,69
ozks,274432,292
ozks,94208,46
ozks,65536,17
ozks,94208,49
ozks,57344,11
ozks,57344,0
ozks,94208,46
ozks,57344,11
ozks,65536,16
ozks,65536,14
ozks,57344,0
ozks,57344,0
ozks,57344,6
ozks,57344,0
ozks,69632,22
ozks,163840,140
ozks,57344,3
ozks,262144,276
ozks,65536,21
ozks,65536,16
ozks,57344,0
ozks,57344,7
ozks,57344,2
ozks,114688,80
ozks,471040,569
ozks,57344,1
ozks,57344,11
ozks,110592,74
ozks,57344,5
ozks,147456,122
ozks,57344,0
ozks,57344,0
ozks,364544,417
ozks,131072,97
ozks,65536,12
ozks,57344,0
ozks,90112,41
ozks,339968,380
ozks,401408,476
ozks,98304,60
ozks,57344,0
ozks,110592,79
ozks,135168,100
ozks,98304,58
ozks,90112,40
ozks,94208,45
ozks,69632,25
ozks,69632,25
ozks,65536,12
ozks,57344,4
ozks,57344,6
ozks,720896,929
ozks,65536,17
ozks,552960,673
ozks,69632,25
ozks,57344,1
ozks,57344,6
ozks,446464,541
ozks,57344,8
ozks,94208,42
ozks,73728,35
ozks,69632,31
ozks,65536,21
ozks,57344,5
ozks,65536,17
ozks,544768,690
ozks,69632,23
ozks,57344,0
ozks,57344,0
ozks,69632,27
ozks,98304,59
ozks,163840,143
ozks,57344,7
ozks,126976,88
ozks,323584,363
ozks,57344,0
ozks,712704,903
ozks,114688,80
ozks,368640,415
ozks,65536,13
ozks,147456,116
ozks,57344,3
ozks,57344,1
ozks,57344,2
ozks,57344,10
ozks,57344,7
ozks,684032,874
ozks,57344,4
ozks,57344,8
ozks,57344,2
ozks,450560,540
ozks,110592,74
ozks,57344,1
ozks,73728,35
ozks,618496,773
ozks,57344,11
ozks,69632,25
ozks,57344,9
ozks,57344,7
ozks,69632,30
ozks,155648,129
ozks,57344,10
ozks,126976,88
ozks,69632,27
ozks,94208,43
ozks,69632,26
ozks,737280,948
ozks,65536,17
ozks,65536,17
ozks,69632,27
ozks,57344,7
ozks,73728,36
ozks,98304,53
ozks,57344,3
ozks,94208,49
ozks,57344,2
ozks,73728,33
ozks,94208,46
ozks,466944,561
ozks,57344,1
ozks,688128,883
ozks,65536,12
ozks,57344,10
ozks,57344,9
ozks,147456,115
ozks,94208,48
ozks,69632,23
ozks,57344,1
ozks,65536,17
ozks,57344,11
ozks,131072,103
ozks,57344,1
ozks,217088,205
ozks,57344,3
ozks,57344,0
ozks,57344,3
ozks,90112,40
ozks,57344,0
ozks,278528,304
ozks,57344,3
ozks,57344,2
ozks,253952,274
ozks,65536,17
ozks,192512,177
ozks,57344,1
ozks,139264,108
ozks,98304,54
ozks,57344,7
ozks,73728,33
ozks,102400,65
ozks,98304,56
ozks,167936,146
ozks,69632,28
ozks,57344,1
ozks,204800,198
ozks,57344,11
ozks,57344,11
ozks,57344,0
ozks,163840,144
ozks,307200,343
ozks,110592,78
ozks,57344,3
ozks,57344,10
ozks,69632,28
ozks,57344,2
ozks,57344,0
ozks,57344,9
ozks,57344,6
ozks,57344,0
ozks,57344,1
ozks,454656,541
ozks,57344,2
ozks,57344,6
ozks,57344,2
ozks,65536,17
ozks,57344,4
ozks,65536,17
ozks,57344,8
ozks,57344,0
ozks,65536,18
ozks,69632,22
ozks,65536,16
ozks,155648,128
ozks,69632,27
ozks,57344,5
ozks,131072,102
ozks,172032,153
ozks,98304,61
ozks,65536,12
ozks,57344,9
ozks,155648,127
ozks,126976,90
ozks,102400,65
ozks,172032,153
ozks,57344,8
ozks,65536,20
ozks,94208,50
ozks,454656,541
ozks,69632,24
ozks,159744,139
ozks,57344,4
ozks,241664,254
ozks,94208,47
ozks,57344,4
ozks,57344,4
ozks,81920,39
ozks,585728,734
ozks,57344,3
ozks,69632,22
ozks,110592,77
ozks,57344,1
ozks,65536,18
ozks,65536,21
ozks,274432,303
ozks,208896,201
ozks,180224,168
ozks,57344,8
ozks,57344,6
ozks,57344,4
ozks,200704,194
ozks,57344,1
ozks,258048,279
ozks,57344,5
ozks,57344,8
ozks,98304,51
ozks,94208,44
ozks,94208,44
ozks,57344,3
ozks,57344,0
ozks,81920,39
ozks,57344,1
ozks,65536,21
ozks,57344,8
ozks,69632,28
ozks,229376,235
ozks,65536,13
ozks,69632,22
ozks,311296,340
ozks,57344,1
ozks,135168,101
ozks,73728,35
ozks,217088,212
ozks,57344,0
ozks,65536,12
ozks,65536,16
ozks,57344,9
ozks,57344,7
ozks,57344,4
ozks,57344,2
ozks,65536,14
ozks,290816,323
ozks,69632,26
ozks,57344,0
ozks,57344,6
ozks,57344,3
ozks,65536,12
ozks,57344,2
ozks,57344,8
ozks,94208,47
ozks,57344,0
ozks,57344,4
ozks,69632,28
ozks,57344,7
ozks,57344,2
ozks,57344,1
ozks,57344,2
ozks,131072,96
ozks,360448,413
ozks,176128,158
ozks,57344,6
ozks,98304,55
ozks,172032,147
ozks,155648,138
ozks,57344,2
ozks,98304,55
ozks,143360,115
ozks,110592,76
ozks,94208,51
ozks,413696,492
ozks,57344,0
ozks,57344,1
ozks,57344,0
ozks,57344,7
ozks,57344,2
ozks,57344,11
ozks,69632,25
ozks,172032,145
ozks,57344,3
ozks,172032,146
ozks,57344,1
ozks,57344,9
ozks,57344,1
ozks,102400,63
ozks,57344,1
ozks,57344,5
ozks,57344,10
ozks,69632,31
ozks,57344,11
ozks,450560,541
ozks,282624,319
ozks,57344,2
ozks,65536,17
ozks,57344,0
ozks,57344,8
ozks,69632,22
ozks,102400,63
ozks,147456,114
ozks,98304,60
ozks,69632,30
ozks,69632,21
ozks,131072,97
ozks,57344,8
ozks,94208,48
ozks,249856,263
ozks,57344,1
ozks,57344,1
ozks,65536,17
ozks,57344,1
ozks,57344,3
ozks,151552,130
ozks,98304,56
ozks,65536,19
ozks,176128,158
ozks,98304,52
ozks,57344,10
ozks,294912,325
ozks,94208,45
ozks,57344,7
ozks,159744,137
ozks,729088,923
ozks,290816,325
ozks,471040,565
ozks,57344,7
ozks,69632,27
ozks,57344,2
ozks,65536,15
ozks,57344,5
ozks,57344,0
ozks,57344,11
ozks,57344,3
ozks,57344,6
ozks,98304,58
ozks,159744,134
ozks,94208,45
ozks,98304,54
ozks,172032,147
ozks,57344,7
ozks,65536,12
ozks,57344,1
ozks,57344,8
ozks,57344,2
ozks,237568,246
ozks,57344,0
ozks,69632,30
ozks,65536,12
ozks,57344,1
ozks,57344,4
ozks,57344,0
ozks,69632,24
ozks,57344,4
ozks,57344,3
ozks,57344,3
ozks,57344,3
ozks,94208,45
ozks,761856,967
ozks,81920,39
ozks,57344,8
ozks,581632,728
ozks,57344,5
ozks,65536,13
ozks,57344,6
ozks,57344,4
ozks,65536,17
ozks,57344,4
ozks,667648,845
ozks,135168,93
ozks,57344,7
ozks,491520,590
ozks,69632,26
ozks,458752,558
ozks,151552,124
ozks,57344,1
ozks,294912,320
ozks,57344,0
ozks,73728,34
ozks,290816,325
ozks,126976,86
ozks,233472,234
ozks,65536,17
ozks,69632,23
ozks,57344,10
ozks,278528,290
ozks,57344,7
ozks,65536,17
ozks,135168,105
ozks,57344,9
ozks,118784,81
ozks,98304,59
ozks,57344,1
ozks,98304,51
ozks,638976,801
ozks,57344,5
ozks,98304,54
ozks,155648,126
ozks,65536,19
ozks,57344,7
ozks,57344,1
ozks,516096,634
ozks,57344,0
ozks,57344,2
ozks,131072,101
ozks,57344,7
ozks,69632,25
ozks,57344,10
ozks,57344,7
ozks,57344,10
ozks,675840,857
ozks,69632,24
ozks,57344,10
ozks,73728,35
ozks,69632,27
ozks,57344,0
ozks,94208,47
ozks,57344,7
ozks,102400,63
ozks,57344,3
ozks,65536,15
ozks,65536,21
ozks,57344,2
ozks,57344,3
ozks,69632,24
ozks,69632,24
ozks,94208,48
ozks,57344,0
ozks,57344,7
ozks,65536,21
ozks,192512,179
ozks,69632,28
ozks,126976,92
ozks,57344,6
ozks,57344,6
ozks,57344,10
ozks,69632,23
ozks,57344,1
ozks,98304,61
ozks,57344,0
ozks,73728,31
ozks,172032,146
ozks,57344,10
ozks,73728,33
ozks,544768,678
ozks,192512,171
ozks,57344,0
ozks,237568,236
ozks,57344,1
ozks,57344,1
ozks,159744,139
ozks,57344,11
ozks,57344,5
ozks,57344,1
ozks,57344,3
ozks,81920,39
ozks,57344,10
ozks,94208,48
ozks,155648,123
ozks,57344,0
ozks,65536,15
ozks,65536,17
ozks,57344,2
ozks,57344,4
ozks,139264,105
ozks,65536,16
ozks,69632,26
ozks,94208,44
ozks,57344,0
ozks,65536,15
ozks,65536,15
ozks,57344,2
ozks,155648,128
ozks,57344,2
ozks,167936,146
ozks,73728,33
ozks,286720,325
ozks,204800,201
ozks,57344,1
ozks,57344,1
ozks,69632,31
ozks,57344,3
ozks,65536,17
ozks,57344,7
ozks,98304,54
ozks,57344,9
ozks,57344,8
ozks,57344,6
ozks,57344,8
ozks,57344,3
ozks,69632,29
ozks,73728,36
ozks,57344,0
ozks,57344,4
ozks,57344,1
ozks,57344,0
ozks,94208,45
ozks,57344,3
ozks,90112,40
ozks,57344,6
ozks,81920,37
ozks,57344,7
ozks,65536,17
ozks,417792,498
ozks,57344,1
ozks,81920,38
ozks,57344,3
ozks,57344,0
ozks,81920,39
ozks,57344,2
ozks,65536,15
ozks,131072,94
ozks,69632,25
ozks,176128,156
ozks,69632,24
ozks,57344,1
ozks,73728,33
ozks,172032,146
ozks,135168,101
ozks,417792,489
ozks,65536,13
ozks,94208,45
ozks,69632,23
ozks,57344,1
ozks,57344,3
ozks,159744,137
ozks,110592,78
ozks,184320,171
ozks,495616,608
ozks,131072,99
ozks,73728,34
ozks,352256,401
ozks,286720,325
ozks,65536,15
ozks,102400,65
ozks,172032,162
ozks,57344,2
ozks,69632,22
ozks,57344,1
ozks,57344,0
ozks,57344,8
ozks,200704,181
ozks,57344,6
ozks,57344,1
ozks,57344,3
ozks,57344,8
ozks,57344,0
ozks,57344,0
ozks,81920,38
ozks,638976,807
ozks,81920,37
ozks,69632,24
ozks,57344,1
ozks,57344,0
ozks,57344,5
ozks,57344,2
ozks,57344,0
ozks,94208,46
ozks,65536,16
ozks,57344,0
ozks,94208,45
ozks,57344,2
ozks,57344,1
ozks,57344,1
ozks,57344,1
ozks,94208,49
ozks,57344,0
ozks,57344,11
ozks,139264,105
ozks,57344,11
ozks,110592,78
ozks,57344,10
ozks,57344,10
ozks,57344,6
ozks,81920,38
ozks,94208,51
ozks,57344,5
ozks,57344,1
ozks,57344,9
ozks,57344,10
ozks,65536,14
ozks,57344,6
ozks,57344,10
ozks,98304,58
ozks,69632,23
ozks,139264,105
ozks,167936,146
ozks,69632,22
ozks,94208,47
ozks,57344,1
ozks,200704,188
ozks,69632,21
ozks,159744,133
ozks,65536,19
ozks,303104,342
ozks,135168,105
ozks,57344,9
ozks,368640,438
ozks,102400,64
ozks,610304,772
ozks,69632,26
ozks,57344,8
ozks,65536,12
ozks,57344,0
ozks,57344,1
ozks,57344,11
ozks,110592,76
ozks,65536,15
ozks,57344,3
ozks,57344,9
ozks,102400,62
ozks,57344,0
ozks,131072,92
ozks,57344,0
ozks,57344,1
ozks,57344,0
ozks,69632,24
ozks,139264,105
ozks,57344,2
ozks,102400,64
ozks,65536,17
ozks,57344,1
ozks,98304,55
ozks,57344,1
ozks,495616,605
ozks,569344,703
ozks,73728,36
ozks,757760,973
ozks,57344,8
ozks,57344,2
ozks,303104,341
ozks,57344,5
ozks,57344,4
ozks,57344,7
ozks,65536,13
ozks,69632,28
ozks,57344,1
ozks,69632,25
ozks,69632,24
ozks,65536,14
ozks,69632,26
ozks,73728,35
ozks,131072,99
ozks,102400,68
ozks,69632,23
ozks,65536,13
ozks,57344,0
ozks,647168,812
ozks,552960,692
ozks,65536,17
ozks,69632,22
ozks,81920,38
ozks,73728,35
ozks,57344,2
ozks,57344,0
ozks,57344,2
ozks,163840,143
ozks,208896,206
ozks,94208,49
ozks,57344,9
ozks,155648,130
ozks,57344,8
ozks,57344,3
ozks,73728,31
ozks,73728,35
ozks,147456,122
ozks,81920,38
ozks,102400,68
ozks,94208,45
ozks,155648,129
ozks,81920,39
ozks,118784,83
ozks,57344,5
ozks,430080,512
ozks,57344,1
ozks,57344,9
ozks,57344,5
ozks,65536,18
ozks,57344,8
ozks,155648,137
ozks,57344,2
ozks,57344,7
ozks,69632,21
ozks,188416,175
ozks,57344,1
ozks,57344,2
ozks,65536,13
ozks,57344,2
ozks,434176,521
ozks,57344,8
ozks,57344,8
ozks,131072,92
ozks,57344,2
ozks,335872,379
ozks,69632,28
ozks,212992,209
ozks,57344,4
ozks,57344,1
ozks,360448,412
ozks,57344,9
ozks,69632,26
ozks,57344,8
ozks,315392,354
ozks,57344,1
ozks,57344,7
ozks,352256,401
ozks,65536,19
ozks,204800,187
ozks,57344,0
ozks,57344,2
ozks,57344,3
ozks,65536,18
ozks,57344,1
ozks,69632,22
ozks,65536,12
ozks,69632,27
ozks,167936,149
ozks,69632,26
ozks,57344,5
ozks,65536,20
ozks,57344,3
ozks,69632,27
ozks,57344,10
ozks,57344,3
ozks,57344,0
ozks,110592,76
ozks,57344,3
ozks,57344,5
ozks,589824,745
ozks,225280,232
ozks,57344,1
ozks,327680,357
ozks,98304,56
ozks,102400,62
ozks,200704,181
ozks,126976,88
ozks,57344,1
ozks,159744,133
ozks,69632,26
ozks,163840,140
ozks,102400,62
ozks,135168,101
ozks,102400,70
ozks,57344,5
ozks,69632,22
ozks,65536,17
ozks,57344,7
ozks,57344,1
ozks,65536,17
ozks,57344,0
ozks,294912,324
ozks,94208,44
ozks,57344,11
ozks,57344,2
ozks,57344,6
ozks,57344,2
ozks,69632,28
ozks,57344,0
ozks,69632,26
ozks,57344,8
ozks,57344,0
ozks,57344,8
ozks,57344,1
ozks,167936,152
ozks,417792,496
ozks,155648,127
ozks,65536,12
ozks,73728,34
ozks,57344,4
ozks,65536,16
ozks,57344,0
ozks,57344,4
ozks,65536,18
ozks,110592,78
ozks,98304,59
ozks,57344,5
ozks,237568,246
ozks,57344,8
ozks,57344,3
ozks,94208,44
ozks,69632,26
ozks,57344,9
ozks,57344,0
ozks,57344,7
ozks,57344,10
ozks,65536,14
ozks,69632,30
ozks,69632,31
ozks,102400,70
ozks,57344,5
ozks,65536,13
ozks,57344,2
ozks,159744,141
ozks,57344,2
ozks,90112,41
ozks,720896,910
ozks,65536,12
ozks,57344,1
ozks,135168,92
ozks,57344,6
ozks,57344,3
ozks,69632,26
ozks,57344,4
ozks,81920,38
ozks,57344,0
ozks,57344,1
ozks,57344,3
ozks,57344,3
ozks,57344,8
ozks,147456,113
ozks,69632,22
ozks,172032,146
ozks,57344,2
ozks,69632,25
ozks,65536,18
ozks,57344,0
ozks,454656,548
ozks,57344,10
ozks,57344,7
ozks,131072,92
ozks,57344,10
ozks,135168,105
ozks,57344,4
ozks,131072,98
ozks,143360,110
ozks,57344,10
ozks,65536,12
ozks,57344,3
ozks,69632,27
ozks,57344,8
ozks,548864,684
ozks,57344,0
ozks,327680,383
ozks,57344,7
ozks,65536,20
ozks,57344,1
ozks,57344,1
ozks,57344,5
ozks,176128,156
ozks,176128,158
ozks,94208,49
ozks,57344,1
ozks,94208,43
ozks,57344,5
ozks,57344,6
ozks,65536,12
ozks,69632,23
ozks,110592,77
ozks,503808,610
ozks,69632,29
ozks,57344,9
ozks,57344,1
ozks,69632,26
ozks,65536,12
ozks,57344,1
ozks,57344,3
ozks,471040,566
ozks,73728,36
ozks,69632,24
ozks,65536,14
ozks,57344,10
ozks,102400,70
ozks,294912,327
ozks,135168,95
ozks,69632,22
ozks,339968,384
ozks,761856,976
ozks,57344,5
ozks,57344,0
ozks,57344,1
ozks,57344,0
ozks,57344,9
ozks,57344,2
ozks,655360,830
ozks,69632,28
ozks,94208,47
ozks,69632,23
ozks,57344,10
ozks,176128,158
ozks,135168,102
ozks,479232,596
ozks,65536,17
ozks,69632,22
ozks,163840,140
ozks,65536,17
ozks,65536,16
ozks,57344,4
ozks,303104,342
ozks,57344,9
ozks,57344,10
ozks,139264,105
ozks,69632,22
ozks,57344,1
ozks,126976,89
ozks,69632,29
ozks,57344,5
ozks,57344,8
ozks,69632,30
ozks,57344,1
ozks,102400,66
ozks,65536,15
ozks,81920,37
ozks,98304,59
ozks,57344,8
ozks,65536,15
ozks,73728,35
ozks,57344,9
ozks,94208,46
ozks,57344,7
ozks,65536,15
ozks,57344,5
ozks,57344,4
ozks,57344,0
ozks,57344,4
ozks,57344,3
ozks,57344,4
ozks,57344,7
ozks,65536,15
ozks,57344,11
ozks,155648,137
ozks,327680,355
ozks,57344,7
ozks,57344,5
ozks,65536,13
ozks,57344,3
ozks,57344,1
ozks,159744,139
ozks,57344,4
ozks,57344,0
ozks,151552,132
ozks,57344,10
ozks,57344,9
ozks,57344,1
ozks,352256,401
ozks,507904,620
ozks,57344,11
ozks,57344,11
ozks,409600,482
ozks,131072,93
ozks,57344,9
ozks,57344,2
ozks,57344,0
ozks,57344,6
ozks,57344,3
ozks,57344,8
ozks,147456,113
ozks,237568,247
ozks,57344,8
ozks,57344,1
ozks,57344,1
ozks,57344,6
ozks,81920,39
ozks,57344,9
ozks,98304,53
ozks,65536,16
ozks,360448,423
ozks,57344,2
ozks,131072,96
ozks,57344,8
ozks,69632,31
ozks,499712,603
ozks,57344,4
ozks,73728,36
ozks,57344,10
ozks,102400,67
ozks,57344,0
ozks,733184,943
ozks,57344,8
ozks,57344,6
ozks,57344,0
ozks,57344,1
ozks,57344,11
ozks,69632,31
ozks,65536,21
ozks,65536,13
ozks,290816,325
ozks,57344,2
ozks,65536,13
ozks,458752,551
ozks,57344,4
ozks,65536,12
ozks,94208,46
ozks,94208,42
ozks,372736,438
ozks,57344,0
ozks,57344,1
ozks,94208,46
ozks,57344,0
ozks,57344,1
ozks,94208,43
ozks,57344,9
ozks,602112,749
ozks,81920,38
ozks,57344,4
ozks,57344,7
ozks,139264,106
ozks,57344,1
ozks,151552,119
ozks,57344,4
ozks,434176,528
ozks,57344,2
ozks,65536,17
ozks,57344,4
ozks,65536,13
ozks,102400,67
ozks,139264,110
ozks,450560,541
ozks,57344,1
ozks,69632,31
ozks,57344,0
ozks,315392,350
ozks,57344,1
ozks,73728,36
ozks,65536,21
ozks,57344,0
ozks,176128,157
ozks,57344,6
ozks,147456,114
ozks,65536,17
ozks,65536,13
ozks,57344,0
ozks,57344,4
ozks,241664,251
ozks,57344,9
ozks,65536,17
ozks,172032,147
ozks,81920,38
ozks,57344,4
ozks,57344,2
ozks,73728,34
ozks,73728,34
ozks,69632,22
ozks,57344,0
ozks,69632,31
ozks,98304,53
ozks,757760,981
ozks,57344,0
ozks,573440,706
ozks,626688,785
ozks,69632,30
ozks,98304,53
ozks,94208,42
ozks,69632,24
ozks,73728,35
ozks,57344,5
ozks,57344,1
ozks,57344,8
ozks,57344,9
ozks,94208,44
ozks,544768,670
ozks,94208,44
ozks,143360,114
ozks,94208,44
ozks,57344,1
ozks,65536,13
ozks,73728,35
ozks,57344,2
ozks,57344,7
ozks,114688,80
ozks,65536,20
ozks,57344,2
ozks,57344,1
ozks,57344,11
ozks,94208,45
ozks,65536,13
ozks,98304,53
ozks,483328,582
ozks,126976,89
ozks,57344,3
ozks,65536,16
ozks,585728,736
ozks,155648,133
ozks,57344,9
ozks,94208,48
ozks,73728,35
ozks,155648,141
ozks,622592,791
ozks,65536,13
ozks,57344,2
ozks,65536,13
ozks,102400,66
ozks,57344,6
ozks,172032,146
ozks,163840,137
ozks,57344,8
ozks,147456,120
ozks,57344,10
ozks,57344,1
ozks,438272,524
ozks,98304,62
ozks,94208,43
ozks,65536,14
ozks,667648,857
ozks,81920,39
ozks,57344,5
ozks,94208,46
ozks,57344,6
ozks,176128,158
ozks,299008,325
ozks,65536,20
ozks,69632,23
ozks,90112,41
ozks,290816,325
ozks,159744,135
ozks,57344,3
ozks,57344,9
ozks,57344,9
ozks,57344,4
ozks,94208,48
ozks,172032,148
ozks,57344,9
ozks,57344,8
ozks,126976,92
ozks,155648,141
ozks,57344,7
ozks,81920,39
ozks,57344,3
ozks,69632,26
ozks,57344,1
ozks,57344,8
ozks,94208,46
ozks,102400,70
ozks,57344,0
ozks,57344,10
ozks,131072,94
ozks,692224,874
ozks,65536,21
ozks,151552,127
ozks,65536,19
ozks,110592,77
ozks,65536,16
ozks,57344,4
ozks,57344,2
ozks,512000,638
ozks,266240,274
ozks,98304,59
ozks,57344,3
ozks,69632,30
ozks,585728,737
ozks,98304,60
ozks,151552,132
ozks,102400,70
ozks,57344,0
ozks,102400,64
ozks,90112,41
ozks,57344,1
ozks,57344,8
ozks,65536,12
ozks,323584,360
ozks,176128,154
ozks,57344,8
ozks,688128,874
ozks,65536,18
ozks,57344,1
ozks,57344,8
ozks,65536,12
ozks,57344,2
ozks,65536,19
ozks,204800,200
ozks,57344,8
ozks,139264,105
ozks,57344,10
ozks,81920,38
ozks,57344,11
ozks,57344,8
ozks,69632,28
ozks,155648,136
ozks,57344,4
ozks,57344,0
ozks,57344,2
ozks,57344,11
ozks,57344,3
ozks,131072,89
ozks,331776,370
ozks,57344,8
ozks,126976,87
ozks,57344,4
ozks,57344,1
ozks,57344,3
ozks,90112,41
ozks,585728,736
ozks,196608,174
ozks,57344,11
ozks,57344,8
ozks,307200,338
ozks,57344,9
ozks,65536,21
ozks,81920,39
ozks,57344,0
ozks,57344,7
ozks,57344,10
ozks,57344,8
ozks,57344,10
ozks,65536,13
ozks,69632,28
ozks,57344,8
ozks,69632,28
ozks,81920,39
ozks,94208,45
ozks,57344,1
ozks,188416,176
ozks,94208,48
ozks,65536,13
ozks,57344,0
ozks,57344,0
ozks,57344,5
ozks,57344,6
ozks,57344,6
ozks,159744,140
ozks,57344,10
ozks,159744,137
ozks,65536,19
ozks,94208,48
ozks,204800,197
ozks,180224,169
ozks,65536,17
ozks,102400,71
ozks,65536,12
ozks,139264,104
ozks,57344,1
ozks,57344,3
ozks,57344,1
ozks,57344,8
ozks,65536,17
ozks,57344,2
ozks,57344,0
ozks,57344,2
ozks,65536,17
ozks,98304,53
ozks,126976,88
ozks,57344,3
ozks,65536,12
ozks,749568,954
ozks,94208,44
ozks,65536,16
ozks,57344,4
ozks,94208,46
ozks,65536,15
ozks,65536,17
ozks,147456,121
ozks,57344,3
ozks,57344,4
ozks,65536,17
ozks,176128,158
ozks,327680,360
ozks,131072,92
ozks,118784,84
ozks,57344,1
ozks,102400,63
ozks,98304,54
ozks,57344,0
ozks,57344,1
ozks,57344,0
ozks,151552,121
ozks,57344,5
ozks,65536,12
ozks,233472,236
ozks,131072,93
ozks,57344,9
ozks,57344,0
ozks,57344,7
ozks,212992,210
ozks,57344,10
ozks,65536,18
ozks,688128,880
ozks,57344,5
ozks,57344,5
ozks,73728,35
ozks,143360,114
ozks,57344,11
ozks,684032,859
ozks,57344,1
ozks,65536,12
ozks,73728,34
ozks,57344,1
ozks,69632,27
ozks,159744,135
ozks,57344,8
ozks,57344,9
ozks,65536,17
ozks,94208,47
ozks,57344,8
ozks,57344,8
ozks,57344,10
ozks,57344,1
ozks,98304,58
ozks,425984,517
ozks,57344,4
ozks,487424,590
ozks,65536,20
ozks,57344,6
ozks,57344,1
ozks,73728,35
ozks,544768,690
ozks,204800,201
ozks,69632,22
ozks,118784,82
ozks,335872,382
ozks,57344,2
ozks,57344,1
ozks,69632,28
ozks,57344,8
ozks,65536,13
ozks,352256,401
ozks,65536,12
ozks,69632,29
ozks,57344,8
ozks,159744,137
ozks,57344,7
ozks,69632,23
ozks,57344,10
ozks,65536,17
ozks,495616,601
ozks,57344,0
ozks,102400,65
ozks,57344,6
ozks,102400,65
ozks,94208,51
ozks,57344,7
ozks,557056,691
ozks,65536,17
ozks,225280,233
ozks,401408,473
ozks,65536,12
ozks,69632,30
ozks,110592,75
ozks,122880,85
ozks,57344,1
ozks,143360,110
ozks,94208,45
ozks,57344,1
ozks,176128,157
ozks,57344,1
ozks,57344,1
ozks,389120,466
ozks,65536,19
ozks,57344,1
ozks,57344,8
ozks,139264,107
ozks,126976,89
ozks,81920,37
ozks,65536,17
ozks,98304,57
ozks,57344,6
ozks,294912,324
ozks,151552,129
ozks,69632,27
ozks,65536,19
ozks,335872,385
ozks,536576,665
ozks,507904,633
ozks,57344,4
ozks,57344,5
ozks,81920,37
ozks,69632,22
ozks,57344,8
ozks,57344,2
ozks,57344,10
ozks,57344,2
ozks,57344,1
ozks,110592,74
ozks,57344,9
ozks,57344,1
ozks,524288,642
ozks,65536,15
ozks,57344,0
ozks,57344,8
ozks,57344,5
ozks,57344,2
ozks,57344,3
ozks,65536,13
ozks,57344,4
ozks,57344,10
ozks,57344,0
ozks,57344,8
ozks,57344,1
ozks,159744,138
ozks,331776,383
ozks,65536,15
ozks,57344,0
ozks,57344,10
ozks,536576,667
ozks,155648,130
ozks,57344,4
ozks,69632,22
ozks,69632,29
ozks,274432,288
ozks,57344,0
ozks,57344,3
ozks,307200,339
ozks,57344,0
ozks,65536,16
ozks,57344,1
ozks,69632,28
ozks,57344,5
ozks,204800,193
ozks,167936,148
ozks,57344,4
ozks,331776,383
ozks,483328,589
ozks,135168,102
ozks,57344,6
ozks,94208,42
ozks,57344,11
ozks,98304,59
ozks,57344,10
ozks,110592,79
ozks,57344,1
ozks,65536,21
ozks,57344,3
ozks,57344,0
ozks,81920,38
ozks,57344,5
ozks,57344,8
ozks,81920,38
ozks,94208,48
ozks,57344,5
ozks,131072,98
ozks,294912,325
ozks,57344,9
ozks,110592,74
ozks,98304,55
ozks,57344,5
ozks,57344,7
ozks,57344,0
ozks,57344,5
ozks,147456,117
ozks,57344,0
ozks,57344,5
ozks,57344,11
ozks,69632,22
ozks,98304,52
ozks,589824,743
ozks,167936,146
ozks,126976,90
ozks,65536,12
ozks,643072,814
ozks,57344,1
ozks,69632,29
ozks,147456,112
ozks,57344,7
ozks,57344,2
ozks,65536,14
ozks,57344,1
ozks,581632,738
ozks,57344,3
ozks,57344,1
ozks,57344,2
ozks,65536,17
ozks,65536,13
ozks,65536,12
ozks,65536,12
ozks,57344,4
ozks,57344,0
ozks,118784,83
ozks,57344,1
ozks,253952,273
ozks,102400,67
ozks,65536,18
ozks,57344,9
ozks,65536,17
ozks,98304,61
ozks,253952,274
ozks,57344,7
ozks,57344,2
ozks,57344,1
ozks,57344,0
ozks,57344,11
ozks,671744,872
ozks,57344,9
ozks,90112,41
ozks,57344,4
ozks,57344,0
ozks,69632,28
ozks,57344,5
ozks,57344,8
ozks,323584,366
ozks,57344,0
ozks,57344,4
ozks,65536,20
ozks,57344,0
ozks,57344,10
ozks,249856,262
ozks,65536,12
ozks,94208,42
ozks,200704,182
ozks,159744,137
ozks,57344,0
ozks,94208,46
ozks,57344,8
ozks,57344,7
ozks,57344,8
ozks,57344,8
ozks,364544,417
ozks,57344,0
ozks,65536,15
ozks,57344,8
ozks,139264,108
ozks,65536,19
ozks,65536,18
ozks,425984,516
ozks,57344,1
ozks,69632,27
ozks,57344,0
ozks,57344,8
ozks,65536,17
ozks,65536,16
ozks,57344,4
ozks,57344,10
ozks,229376,244
ozks,589824,737
ozks,57344,0
ozks,65536,17
ozks,57344,8
ozks,57344,2
ozks,348160,399
ozks,98304,52
ozks,57344,8
ozks,303104,322
ozks,294912,325
ozks,57344,1
ozks,204800,191
ozks,69632,24
ozks,57344,4
ozks,139264,106
ozks,712704,908
ozks,57344,3
ozks,172032,149
ozks,57344,11
ozks,57344,11
ozks,69632,26
ozks,163840,140
ozks,65536,15
ozks,610304,767
ozks,57344,7
ozks,65536,17
ozks,139264,109
ozks,65536,18
ozks,98304,56
ozks,57344,3
ozks,270336,291
ozks,180224,167
ozks,57344,0
ozks,126976,88
ozks,57344,6
ozks,57344,11
ozks,98304,53
ozks,528384,635
ozks,274432,300
ozks,90112,40
ozks,356352,408
ozks,65536,16
ozks,57344,2
ozks,57344,2
ozks,57344,2
ozks,94208,46
ozks,94208,45
ozks,73728,32
ozks,290816,325
ozks,57344,0
ozks,172032,149
ozks,65536,12
ozks,57344,10
ozks,57344,3
ozks,69632,26
ozks,294912,324
ozks,57344,3
ozks,57344,8
ozks,57344,3
ozks,57344,8
ozks,57344,7
ozks,57344,0
ozks,98304,62
ozks,65536,17
ozks,57344,10
ozks,57344,11
ozks,147456,113
ozks,94208,43
ozks,253952,268
ozks,57344,1
ozks,118784,84
ozks,274432,291
ozks,57344,10
ozks,94208,44
ozks,57344,3
ozks,57344,5
ozks,69632,24
ozks,65536,16
ozks,94208,43
ozks,57344,8
ozks,57344,2
ozks,585728,734
ozks,69632,24
ozks,57344,7
ozks,57344,0
ozks,57344,0
ozks,69632,27
ozks,65536,17
ozks,65536,17
ozks,57344,3
ozks,229376,238
ozks,69632,26
ozks,57344,1
ozks,57344,1
ozks,57344,1
ozks,57344,0
ozks,65536,13
ozks,114688,77
ozks,655360,825
ozks,598016,761
ozks,233472,240
ozks,503808,629
ozks,69632,30
ozks,57344,9
ozks,565248,700
ozks,57344,3
ozks,57344,7
ozks,57344,5
ozks,57344,3
ozks,73728,35
ozks,57344,2
ozks,589824,734
ozks,180224,169
ozks,65536,15
ozks,110592,74
ozks,73728,33
ozks,65536,12
ozks,57344,8
ozks,57344,11
ozks,65536,12
ozks,90112,40
ozks,102400,71
ozks,57344,7
ozks,57344,0
ozks,57344,2
ozks,98304,54
ozks,57344,1
ozks,200704,185
ozks,57344,2
ozks,57344,5
ozks,69632,22
ozks,57344,0
ozks,69632,26
ozks,57344,2
ozks,724992,922
ozks,69632,22
ozks,65536,21
ozks,151552,120
ozks,57344,1
ozks,57344,8
ozks,102400,65
ozks,126976,87
ozks,65536,20
ozks,57344,3
ozks,180224,165
ozks,155648,128
ozks,110592,76
ozks,335872,378
ozks,65536,19
ozks,57344,8
ozks,57344,5
ozks,65536,12
ozks,57344,10
ozks,536576,668
ozks,544768,670
ozks,57344,8
ozks,57344,11
ozks,65536,21
ozks,57344,3
ozks,126976,86
ozks,57344,7
ozks,229376,227
ozks,409600,487
ozks,57344,7
ozks,131072,96
ozks,65536,13
ozks,57344,0
ozks,94208,50
ozks,57344,2
ozks,57344,8
ozks,57344,4
ozks,57344,2
ozks,69632,27
ozks,57344,3
ozks,57344,1
ozks,57344,4
ozks,57344,9
ozks,266240,276
ozks,73728,34
ozks,57344,8
ozks,114688,81
ozks,159744,133
ozks,65536,17
ozks,57344,8
ozks,65536,12
ozks,172032,146
ozks,57344,0
ozks,57344,1
ozks,57344,9
ozks,57344,8
ozks,57344,0
ozks,57344,5
ozks,65536,16
ozks,159744,140
ozks,94208,48
ozks,90112,41
ozks,98304,58
ozks,159744,140
ozks,57344,7
ozks,57344,8
ozks,139264,110
ozks,73728,35
ozks,57344,1
ozks,57344,2
ozks,241664,251
ozks,598016,750
ozks,57344,0
ozks,69632,24
ozks,65536,20
ozks,57344,11
ozks,69632,23
ozks,118784,82
ozks,499712,617
ozks,110592,78
ozks,57344,8
ozks,57344,0
ozks,253952,273
ozks,159744,133
ozks,503808,629
ozks,57344,6
ozks,73728,33
ozks,65536,21
ozks,57344,8
ozks,98304,54
ozks,110592,76
ozks,57344,10
ozks,126976,91
ozks,57344,0
ozks,65536,16
ozks,57344,0
ozks,57344,1
ozks,57344,8
ozks,57344,0
ozks,69632,27
ozks,57344,0
ozks,69632,29
ozks,57344,0
ozks,69632,23
ozks,114688,82
ozks,57344,3
ozks,274432,300
ozks,57344,9
ozks,57344,9
ozks,57344,1
ozks,118784,83
ozks,94208,45
ozks,102400,64
ozks,57344,2
ozks,94208,47
ozks,73728,35
ozks,57344,1
ozks,73728,32
ozks,704512,904
ozks,126976,89
ozks,57344,9
ozks,65536,14
ozks,57344,3
ozks,57344,11
ozks,110592,77
ozks,57344,7
ozks,65536,17
ozks,81920,37
ozks,98304,52
ozks,356352,410
ozks,69632,22
ozks,159744,141
ozks,65536,17
ozks,57344,3
ozks,57344,11
ozks,94208,46
ozks,495616,606
ozks,57344,10
ozks,720896,904
ozks,233472,243
ozks,57344,11
ozks,57344,0
ozks,57344,0
ozks,57344,1
ozks,57344,6
ozks,57344,10
ozks,81920,38
ozks,57344,9
ozks,290816,325
ozks,69632,24
ozks,57344,3
ozks,57344,1
ozks,57344,9
ozks,57344,5
ozks,57344,8
ozks,176128,155
ozks,69632,25
ozks,446464,541
ozks,57344,11
ozks,57344,1
ozks,57344,4
ozks,176128,159
ozks,753664,962
ozks,65536,17
ozks,495616,606
ozks,57344,10
ozks,57344,2
ozks,57344,5
ozks,69632,23
ozks,57344,3
ozks,57344,5
ozks,69632,25
ozks,114688,80
ozks,274432,301
ozks,69632,31
ozks,73728,34
ozks,65536,17
ozks,69632,26
ozks,622592,791
ozks,315392,352
ozks,65536,18
ozks,73728,36
ozks,65536,13
ozks,65536,20
ozks,57344,7
ozks,57344,11
ozks,65536,18
ozks,57344,9
ozks,253952,274
ozks,57344,2
ozks,552960,695
ozks,65536,18
ozks,69632,24
ozks,57344,10
ozks,65536,14
ozks,57344,9
ozks,65536,16
ozks,57344,10
ozks,491520,602
ozks,69632,24
ozks,57344,2
ozks,57344,0
ozks,57344,4
ozks,81920,39
ozks,569344,714
ozks,176128,158
ozks,57344,8
ozks,57344,3
ozks,126976,88
ozks,73728,36
ozks,57344,6
ozks,397312,485
ozks,57344,3
ozks,122880,85
ozks,57344,1
ozks,577536,712
ozks,102400,68
ozks,450560,541
ozks,57344,1
ozks,172032,153
ozks,65536,17
ozks,290816,322
ozks,212992,211
ozks,65536,13
ozks,57344,2
ozks,163840,143
ozks,98304,54
ozks,225280,228
ozks,135168,102
ozks,372736,431
ozks,73728,34
ozks,57344,11
ozks,57344,3
ozks,57344,4
ozks,57344,1
ozks,57344,5
ozks,331776,383
ozks,65536,14
ozks,356352,417
ozks,65536,12
ozks,274432,298
ozks,94208,44
ozks,57344,3
ozks,57344,0
ozks,200704,183
ozks,57344,9
ozks,57344,6
ozks,98304,55
ozks,94208,46
ozks,143360,110
ozks,57344,8
ozks,299008,336
ozks,57344,3
ozks,57344,0
ozks,57344,8
ozks,139264,106
ozks,57344,8
ozks,57344,11
ozks,65536,21
ozks,57344,10
ozks,253952,272
ozks,65536,19
ozks,94208,51
ozks,57344,3
ozks,57344,2
ozks,266240,274
ozks,102400,66
ozks,65536,18
ozks,57344,1
ozks,57344,11
ozks,57344,8
ozks,69632,23
ozks,57344,8
ozks,57344,0
ozks,73728,36
ozks,126976,88
ozks,98304,58
ozks,57344,0
ozks,81920,39
ozks,57344,6
ozks,69632,26
ozks,233472,236
ozks,57344,3
ozks,380928,445
ozks,110592,76
ozks,90112,41
ozks,57344,9
ozks,114688,81
ozks,65536,14
ozks,65536,13
ozks,69632,26
ozks,65536,16
ozks,65536,13
ozks,57344,4
ozks,65536,16
ozks,65536,12
ozks,57344,3
ozks,98304,56
ozks,57344,1
ozks,131072,91
ozks,737280,934
ozks,516096,643
ozks,57344,1
ozks,73728,35
ozks,94208,44
ozks,258048,276
ozks,57344,6
ozks,57344,1
ozks,548864,687
ozks,90112,41
ozks,57344,2
ozks,98304,53
ozks,57344,5
ozks,192512,175
ozks,303104,340
ozks,57344,7
ozks,65536,18
ozks,98304,53
ozks,57344,3
ozks,57344,3
ozks,65536,17
ozks,73728,36
ozks,57344,0
ozks,237568,240
ozks,57344,3
ozks,65536,13
ozks,249856,256
ozks,57344,4
ozks,417792,498
ozks,57344,1
ozks,94208,45
ozks,57344,1
ozks,57344,2
ozks,69632,27
ozks,57344,9
ozks,81920,39
ozks,57344,3
ozks,753664,983
ozks,57344,7
ozks,57344,1
ozks,57344,3
ozks,356352,407
ozks,65536,16
ozks,57344,8
ozks,90112,41
ozks,684032,866
ozks,57344,8
ozks,409600,485
ozks,57344,11
ozks,57344,2
ozks,73728,35
ozks,167936,146
ozks,65536,18
ozks,204800,187
ozks,450560,548
ozks,65536,21
ozks,57344,7
ozks,65536,13
ozks,57344,1
ozks,163840,140
ozks,69632,27
ozks,65536,15
ozks,266240,280
ozks,57344,7
ozks,110592,78
ozks,69632,24
ozks,57344,8
ozks,69632,22
ozks,69632,26
ozks,57344,1
ozks,118784,83
ozks,57344,8
ozks,57344,0
ozks,94208,43
ozks,434176,523
ozks,421888,506
ozks,94208,44
ozks,57344,6
ozks,57344,10
ozks,73728,36
ozks,57344,8
ozks,65536,15
ozks,57344,6
ozks,57344,0
ozks,57344,6
ozks,57344,1
ozks,57344,2
ozks,266240,278
ozks,339968,389
ozks,57344,2
ozks,65536,13
ozks,57344,11
ozks,57344,6
ozks,57344,2
ozks,139264,110
ozks,57344,2
ozks,57344,8
ozks,69632,30
ozks,57344,10
ozks,57344,8
ozks,57344,3
ozks,94208,43
ozks,180224,164
ozks,65536,18
ozks,57344,7
ozks,237568,245
ozks,57344,1
ozks,143360,110
ozks,57344,6
ozks,57344,1
ozks,57344,1
ozks,176128,158
ozks,249856,262
ozks,94208,45
ozks,57344,4
ozks,57344,6
ozks,385024,442
ozks,94208,47
ozks,151552,123
ozks,57344,2
ozks,65536,14
ozks,102400,68
ozks,118784,84
ozks,57344,5
ozks,57344,8
ozks,57344,1
ozks,73728,35
ozks,69632,25
ozks,57344,0
ozks,57344,0
ozks,57344,4
ozks,57344,8
ozks,98304,58
ozks,323584,358
ozks,102400,65
ozks,57344,0
ozks,57344,10
ozks,65536,12
ozks,65536,19
ozks,57344,8
ozks,57344,9
ozks,155648,128
ozks,57344,5
ozks,57344,1
ozks,57344,3
ozks,225280,225
ozks,57344,5
ozks,57344,6
ozks,57344,6
ozks,196608,182
ozks,200704,182
ozks,65536,17
ozks,176128,153
ozks,81920,37
ozks,57344,2
ozks,65536,13
ozks,73728,36
ozks,102400,66
ozks,57344,8
ozks,57344,8
ozks,57344,0
ozks,57344,3
ozks,57344,1
ozks,65536,14
ozks,131072,94
ozks,57344,2
ozks,126976,88
ozks,65536,17
ozks,69632,28
ozks,57344,7
ozks,131072,101
ozks,94208,44
ozks,57344,2
ozks,319488,355
ozks,81920,39
ozks,65536,14
ozks,90112,41
ozks,94208,42
ozks,73728,36
ozks,57344,1
ozks,57344,8
ozks,57344,0
ozks,57344,5
ozks,57344,0
ozks,65536,17
ozks,57344,9
ozks,73728,36
ozks,57344,7
ozks,57344,0
ozks,147456,116
ozks,57344,10
ozks,57344,1
ozks,110592,78
ozks,65536,14
ozks,57344,3
ozks,57344,5
ozks,57344,2
ozks,561152,695
ozks,102400,65
ozks,57344,5
ozks,57344,11
ozks,57344,1
ozks,57344,1
ozks,94208,45
ozks,65536,14
ozks,57344,9
ozks,102400,68
ozks,65536,16
ozks,57344,9
ozks,155648,127
ozks,57344,9
ozks,131072,88
ozks,65536,15
ozks,57344,0
ozks,282624,291
ozks,57344,1
ozks,57344,11
ozks,57344,3
ozks,69632,22
ozks,94208,50
ozks,57344,2
ozks,98304,57
ozks,98304,52
ozks,57344,4
ozks,102400,67
ozks,57344,8
ozks,57344,1
ozks,94208,47
ozks,57344,0
ozks,65536,17
ozks,57344,1
ozks,98304,56
ozks,479232,586
ozks,102400,70
ozks,65536,15
ozks,102400,62
ozks,90112,41
ozks,274432,300
ozks,57344,2
ozks,57344,9
ozks,102400,70
ozks,139264,110
ozks,57344,2
ozks,94208,45
ozks,57344,0
ozks,57344,4
ozks,69632,28
ozks,69632,23
ozks,57344,4
ozks,73728,34
ozks,57344,5
ozks,57344,1
ozks,57344,7
ozks,102400,64
ozks,94208,49
ozks,94208,45
ozks,57344,8
ozks,57344,1
ozks,57344,1
ozks,57344,6
ozks,57344,11
ozks,69632,27
ozks,57344,1
ozks,57344,8
ozks,159744,135
ozks,69632,27
ozks,69632,23
ozks,65536,17
ozks,65536,13
ozks,57344,1
ozks,94208,46
ozks,131072,89
ozks,57344,4
ozks,57344,9
ozks,204800,193
ozks,69632,25
ozks,65536,20
ozks,57344,7
ozks,167936,143
ozks,57344,2
ozks,69632,31
ozks,94208,51
ozks,114688,80
ozks,69632,26
ozks,57344,7
ozks,57344,0
ozks,57344,2
ozks,65536,13
ozks,65536,12
ozks,102400,66
ozks,57344,2
ozks,57344,9
ozks,65536,12
ozks,155648,141
ozks,57344,0
ozks,69632,30
ozks,57344,5
ozks,548864,672
ozks,65536,15
ozks,57344,8
ozks,57344,3
ozks,57344,1
ozks,65536,12
ozks,172032,151
ozks,57344,0
ozks,57344,9
ozks,159744,140
ozks,147456,116
ozks,57344,10
ozks,57344,0
ozks,65536,17
ozks,57344,4
ozks,57344,2
ozks,65536,17
ozks,233472,246
ozks,57344,10
ozks,102400,64
ozks,57344,8
ozks,57344,1
ozks,462848,550
ozks,65536,19
ozks,94208,47
ozks,65536,12
ozks,307200,338
ozks,57344,1
ozks,81920,38
ozks,69632,24
ozks,94208,50
ozks,172032,147
ozks,98304,51
ozks,57344,8
ozks,98304,59
ozks,163840,143
ozks,69632,22
ozks,57344,0
ozks,57344,1
ozks,155648,129
ozks,602112,747
ozks,57344,11
ozks,57344,3
ozks,57344,1
ozks,69632,24
ozks,110592,75
ozks,69632,27
ozks,65536,16
ozks,126976,90
ozks,69632,31
ozks,57344,10
ozks,65536,12
ozks,585728,734
ozks,503808,628
ozks,57344,10
ozks,57344,2
ozks,57344,4
ozks,57344,0
ozks,57344,4
ozks,57344,0
ozks,57344,8
ozks,57344,10
ozks,57344,5
ozks,57344,0
ozks,425984,506
ozks,57344,8
ozks,94208,44
ozks,237568,236
ozks,65536,15
ozks,114688,81
ozks,102400,70
ozks,57344,11
ozks,65536,17
ozks,339968,384
ozks,602112,769
ozks,57344,3
ozks,57344,1
ozks,57344,10
ozks,57344,4
ozks,94208,46
ozks,65536,12
ozks,57344,3
ozks,57344,8
ozks,57344,2
ozks,57344,6
ozks,57344,4
ozks,57344,8
ozks,94208,45
ozks,692224,895
ozks,57344,3
ozks,57344,8
ozks,159744,140
ozks,57344,1
ozks,57344,6
ozks,65536,18
ozks,57344,2
ozks,94208,45
ozks,57344,0
ozks,57344,1
ozks,98304,54
ozks,57344,8
ozks,57344,3
ozks,172032,147
ozks,184320,168
ozks,69632,25
ozks,249856,263
ozks,57344,9
ozks,131072,98
ozks,69632,22
ozks,81920,37
ozks,159744,135
ozks,57344,2
ozks,57344,10
ozks,57344,0
ozks,57344,0
ozks,57344,3
ozks,409600,488
ozks,167936,144
ozks,57344,2
ozks,311296,345
ozks,57344,0
ozks,770048,998
ozks,155648,131
ozks,57344,4
ozks,57344,2
ozks,57344,4
ozks,57344,0
ozks,57344,3
ozks,102400,70
ozks,57344,0
ozks,126976,89
ozks,57344,6
ozks,155648,141
ozks,57344,2
ozks,94208,42
ozks,57344,8
ozks,57344,4
ozks,57344,3
ozks,589824,743
ozks,323584,370
ozks,94208,43
ozks,57344,8
ozks,57344,4
ozks,57344,7
ozks,94208,48
ozks,57344,6
ozks,135168,93
ozks,57344,3
ozks,57344,4
ozks,561152,701
ozks,57344,1
ozks,57344,0
ozks,135168,101
ozks,65536,15
ozks,57344,5
ozks,143360,109
ozks,65536,21
ozks,81920,39
ozks,106496,68
ozks,163840,142
ozks,57344,2
ozks,57344,10
ozks,57344,8
ozks,167936,146
ozks,139264,107
ozks,69632,27
ozks,749568,961
ozks,253952,256
ozks,598016,746
ozks,102400,63
ozks,57344,0
ozks,565248,699
ozks,73728,32
ozks,98304,55
ozks,163840,140
ozks,57344,1
ozks,98304,57
ozks,131072,89
ozks,192512,173
ozks,212992,211
ozks,57344,5
ozks,65536,15
ozks,57344,0
ozks,57344,1
ozks,57344,1
ozks,69632,31
ozks,65536,15
ozks,151552,127
ozks,73728,32
ozks,57344,10
ozks,139264,109
ozks,73728,34
ozks,57344,4
ozks,94208,51
ozks,69632,26
ozks,81920,38
ozks,286720,314
ozks,57344,3
ozks,65536,15
ozks,65536,16
ozks,65536,12
ozks,65536,14
ozks,126976,90
ozks,57344,1
ozks,57344,1
ozks,65536,17
ozks,65536,13
ozks,151552,133
ozks,57344,6
ozks,57344,6
ozks,176128,158
ozks,98304,54
ozks,65536,13
ozks,69632,25
ozks,57344,3
ozks,57344,10
ozks,65536,17
ozks,294912,325
ozks,139264,109
ozks,57344,1
ozks,57344,3
ozks,57344,4
ozks,65536,17
ozks,57344,1
ozks,57344,1
ozks,73728,36
ozks,114688,80
ozks,57344,5
ozks,450560,543
ozks,57344,2
ozks,57344,6
ozks,135168,106
ozks,57344,0
ozks,151552,125
ozks,57344,5
ozks,57344,1
ozks,135168,95
ozks,57344,8
ozks,102400,67
ozks,57344,4
ozks,98304,59
ozks,65536,12
ozks,57344,3
ozks,249856,255
ozks,57344,4
ozks,147456,121
ozks,102400,70
ozks,57344,7
ozks,774144,991
ozks,110592,77
ozks,73728,34
ozks,176128,158
ozks,57344,1
ozks,81920,37
ozks,57344,2
ozks,69632,26
ozks,65536,16
ozks,65536,13
ozks,94208,48
ozks,57344,8
ozks,57344,11
ozks,65536,17
ozks,98304,56
ozks,57344,5
ozks,98304,51
ozks,552960,672
ozks,69632,31
ozks,69632,31
ozks,69632,28
ozks,94208,46
ozks,139264,107
ozks,69632,28
ozks,770048,967
ozks,57344,5
ozks,139264,105
ozks,188416,173
ozks,98304,52
ozks,57344,7
ozks,57344,2
ozks,57344,1
ozks,65536,20
ozks,57344,3
ozks,131072,91
ozks,102400,63
ozks,57344,5
ozks,278528,307
ozks,405504,477
ozks,57344,0
ozks,57344,3
ozks,57344,4
ozks,65536,17
ozks,57344,9
ozks,57344,10
ozks,94208,48
ozks,57344,3
ozks,57344,8
ozks,155648,123
ozks,57344,0
ozks,57344,0
ozks,630784,805
ozks,118784,82
ozks,57344,3
ozks,139264,104
ozks,65536,18
ozks,94208,47
ozks,57344,7
ozks,139264,106
ozks,65536,17
ozks,110592,79
ozks,57344,7
ozks,57344,2
ozks,57344,3
ozks,253952,274
ozks,57344,1
ozks,278528,290
ozks,69632,25
ozks,65536,13
ozks,110592,79
ozks,94208,49
ozks,57344,8
ozks,57344,10
ozks,57344,1
ozks,57344,5
ozks,57344,1
ozks,57344,3
ozks,57344,1
ozks,69632,31
ozks,57344,0
ozks,81920,39
ozks,65536,16
ozks,98304,59
ozks,397312,469
ozks,118784,83
ozks,57344,0
ozks,73728,32
ozks,57344,2
ozks,65536,13
ozks,57344,8
ozks,57344,0
ozks,159744,137
ozks,57344,8
ozks,57344,0
ozks,65536,13
ozks,225280,220
ozks,139264,108
ozks,90112,40
ozks,299008,328
ozks,57344,8
ozks,57344,3
ozks,94208,42
ozks,155648,127
ozks,57344,10
ozks,57344,9
ozks,57344,11
ozks,65536,14
ozks,94208,49
ozks,65536,17
ozks,69632,26
ozks,69632,23
ozks,65536,12
ozks,69632,22
ozks,57344,10
ozks,81920,39
ozks,57344,8
ozks,65536,15
ozks,65536,14
ozks,57344,0
ozks,69632,22
ozks,102400,66
ozks,102400,64
ozks,57344,9
ozks,57344,10
ozks,212992,207
ozks,69632,24
ozks,57344,3
ozks,172032,148
ozks,94208,50
ozks,135168,94
ozks,57344,11
ozks,65536,14
ozks,159744,140
ozks,163840,139
ozks,57344,8
ozks,57344,0
ozks,65536,21
ozks,430080,528
ozks,69632,24
ozks,155648,126
ozks,57344,8
ozks,57344,9
ozks,57344,6
ozks,65536,17
ozks,102400,70
ozks,131072,89
ozks,135168,94
ozks,57344,7
ozks,172032,146
ozks,450560,541
ozks,65536,14
ozks,57344,0
ozks,450560,541
ozks,57344,0
ozks,180224,164
ozks,106496,72
ozks,57344,0
ozks,57344,3
ozks,57344,5
ozks,57344,6
ozks,69632,31
ozks,69632,27
ozks,57344,3
ozks,172032,146
ozks,57344,9
ozks,69632,28
ozks,57344,2
ozks,57344,0
ozks,192512,179
ozks,114688,80
ozks,57344,8
ozks,155648,136
ozks,65536,13
ozks,65536,17
ozks,57344,2
ozks,57344,8
ozks,98304,54
ozks,159744,135
ozks,57344,4
ozks,69632,23
ozks,57344,9
ozks,57344,2
ozks,94208,44
ozks,73728,36
ozks,57344,0
ozks,57344,1
ozks,57344,3
ozks,188416,173
ozks,167936,146
ozks,188416,173
ozks,65536,18
ozks,155648,132
ozks,65536,16
ozks,69632,22
ozks,57344,5
ozks,57344,1
ozks,65536,16
ozks,155648,130
ozks,69632,27
ozks,57344,8
ozks,114688,80
ozks,57344,10
ozks,360448,417
ozks,57344,2
ozks,57344,9
ozks,57344,4
ozks,360448,418
ozks,548864,673
ozks,57344,4
ozks,57344,0
ozks,57344,1
ozks,450560,540
ozks,356352,409
ozks,69632,24
ozks,167936,148
ozks,323584,353
ozks,81920,38
ozks,94208,43
ozks,57344,3
ozks,81920,37
ozks,65536,19
ozks,57344,6
ozks,770048,991
ozks,57344,0
ozks,98304,62
ozks,651264,831
ozks,57344,0
ozks,57344,4
ozks,155648,141
ozks,57344,1
ozks,57344,4
ozks,94208,51
ozks,69632,31
ozks,155648,127
ozks,57344,0
ozks,356352,398
ozks,57344,4
ozks,73728,35
ozks,270336,284
ozks,401408,483
ozks,57344,5
ozks,249856,264
ozks,139264,105
ozks,319488,370
ozks,65536,17
ozks,57344,1
ozks,65536,17
ozks,57344,0
ozks,57344,1
ozks,65536,17
ozks,57344,4
ozks,155648,125
ozks,57344,2
ozks,94208,44
ozks,57344,6
ozks,57344,4
ozks,69632,29
ozks,57344,7
ozks,65536,15
ozks,126976,86
ozks,94208,43
ozks,57344,1
ozks,65536,14
ozks,57344,8
ozks,57344,1
ozks,110592,77
ozks,487424,595
ozks,118784,84
ozks,65536,17
ozks,57344,4
ozks,98304,56
ozks,57344,3
ozks,69632,23
ozks,57344,7
ozks,57344,10
ozks,57344,1
ozks,98304,56
ozks,57344,9
ozks,57344,11
ozks,323584,353
ozks,65536,20
ozks,57344,11
ozks,69632,23
ozks,176128,158
ozks,65536,12
ozks,712704,893
ozks,69632,22
ozks,65536,13
ozks,57344,0
ozks,65536,18
ozks,57344,9
ozks,65536,21
ozks,57344,7
ozks,413696,489
ozks,126976,90
ozks,57344,0
ozks,679936,858
ozks,172032,149
ozks,57344,10
ozks,143360,116
ozks,57344,2
ozks,69632,24
ozks,577536,722
ozks,57344,0
ozks,73728,34
ozks,65536,12
ozks,167936,145
ozks,69632,27
ozks,57344,2
ozks,69632,22
ozks,57344,0
ozks,102400,72
ozks,69632,29
ozks,57344,5
ozks,73728,33
ozks,307200,352
ozks,69632,25
ozks,65536,12
ozks,557056,699
ozks,57344,5
ozks,57344,5
ozks,57344,2
ozks,270336,280
ozks,159744,140
ozks,57344,10
ozks,65536,15
ozks,65536,17
ozks,249856,257
ozks,679936,853
ozks,57344,0
ozks,69632,23
ozks,65536,13
ozks,122880,85
ozks,90112,40
ozks,57344,7
ozks,57344,0
ozks,65536,18
ozks,57344,4
ozks,57344,0
ozks,69632,26
ozks,200704,188
ozks,294912,324
ozks,57344,1
ozks,65536,18
ozks,241664,247
ozks,356352,413
ozks,57344,5
ozks,204800,202
ozks,57344,4
ozks,57344,1
ozks,57344,1
ozks,57344,5
ozks,479232,582
ozks,57344,8
ozks,57344,0
ozks,57344,1
ozks,65536,14
ozks,57344,8
ozks,393216,476
ozks,57344,9
ozks,65536,12
ozks,65536,17
ozks,65536,13
ozks,417792,498
ozks,65536,17
ozks,307200,352
ozks,65536,13
ozks,57344,2
ozks,176128,156
ozks,57344,2
ozks,245760,262
ozks,57344,4
ozks,57344,2
ozks,69632,23
ozks,65536,17
ozks,57344,4
ozks,65536,19
ozks,57344,8
ozks,57344,1
ozks,94208,51
ozks,81920,38
ozks,57344,0
ozks,126976,87
ozks,94208,44
ozks,57344,10
ozks,94208,42
ozks,249856,264
ozks,57344,2
ozks,180224,164
ozks,57344,0
ozks,57344,5
ozks,57344,1
ozks,65536,13
ozks,225280,220
ozks,65536,17
ozks,57344,5
ozks,118784,80
ozks,69632,26
ozks,94208,51
ozks,126976,91
ozks,69632,23
ozks,69632,29
ozks,81920,39
ozks,167936,150
ozks,446464,540
ozks,196608,185
ozks,94208,49
ozks,90112,40
ozks,81920,37
ozks,65536,14
ozks,81920,37
ozks,155648,128
ozks,57344,8
ozks,57344,6
ozks,57344,8
ozks,57344,0
ozks,352256,398
ozks,57344,3
ozks,65536,16
ozks,57344,8
ozks,57344,1
ozks,102400,62
ozks,69632,22
ozks,57344,1
ozks,90112,40
ozks,65536,16
ozks,700416,894
ozks,122880,85
ozks,73728,35
ozks,57344,3
ozks,65536,13
ozks,73728,36
ozks,57344,0
ozks,98304,60
ozks,65536,17
ozks,65536,15
ozks,81920,38
ozks,57344,1
ozks,57344,5
ozks,761856,983
ozks,57344,0
ozks,57344,0
ozks,57344,1
ozks,73728,31
ozks,69632,22
ozks,69632,32
ozks,65536,13
ozks,131072,94
ozks,155648,127
ozks,57344,7
ozks,57344,2
ozks,57344,2
ozks,159744,137
ozks,163840,142
ozks,65536,17
ozks,57344,4
ozks,151552,123
ozks,57344,3
ozks,65536,17
ozks,65536,16
ozks,245760,257
ozks,57344,4
ozks,303104,342
ozks,69632,23
ozks,57344,9
ozks,184320,165
ozks,57344,1
ozks,69632,21
ozks,57344,11
ozks,569344,717
ozks,114688,80
ozks,290816,327
ozks,94208,46
ozks,69632,23
ozks,368640,427
ozks,57344,1
ozks,57344,9
ozks,57344,8
ozks,65536,14
ozks,253952,273
ozks,57344,2
ozks,110592,77
ozks,65536,13
ozks,57344,4
ozks,57344,6
ozks,57344,2
ozks,237568,251
ozks,376832,438
ozks,57344,0
ozks,73728,32
ozks,57344,10
ozks,73728,36
ozks,724992,903
ozks,94208,46
ozks,114688,80
ozks,98304,54
ozks,94208,51
ozks,131072,88
ozks,57344,7
ozks,57344,11
ozks,69632,21
ozks,65536,21
ozks,57344,10
ozks,57344,1
ozks,65536,12
ozks,65536,16
ozks,94208,46
ozks,57344,9
ozks,69632,28
ozks,57344,8
ozks,139264,109
ozks,200704,191
ozks,172032,147
ozks,81920,38
ozks,57344,1
ozks,57344,8
ozks,57344,0
ozks,57344,1
ozks,57344,3
ozks,57344,1
ozks,57344,6
ozks,57344,8
ozks,73728,32
ozks,57344,9
ozks,57344,7
ozks,57344,0
ozks,57344,5
ozks,65536,17
ozks,57344,1
ozks,65536,19
ozks,204800,201
ozks,135168,101
ozks,69632,29
ozks,237568,246
ozks,57344,4
ozks,233472,240
ozks,65536,18
ozks,57344,1
ozks,81920,39
ozks,65536,14
ozks,57344,11
ozks,65536,13
ozks,65536,19
ozks,57344,0
ozks,65536,17
ozks,65536,13
ozks,667648,852
ozks,65536,17
ozks,69632,31
ozks,57344,5
ozks,196608,177
ozks,57344,7
ozks,118784,84
ozks,540672,682
ozks,57344,8
ozks,118784,85
ozks,57344,8
ozks,57344,11
ozks,57344,1
ozks,57344,2
ozks,57344,1
ozks,114688,80
ozks,65536,14
ozks,110592,75
ozks,274432,284
ozks,57344,6
ozks,57344,0
ozks,57344,10
ozks,65536,21
ozks,188416,173
ozks,57344,0
ozks,57344,2
ozks,69632,22
ozks,131072,89
ozks,69632,25
ozks,65536,17
ozks,57344,8
ozks,57344,0
ozks,57344,8
ozks,57344,1
ozks,57344,8
ozks,69632,31
ozks,57344,2
ozks,57344,9
ozks,57344,0
ozks,126976,90
ozks,57344,3
ozks,57344,5
ozks,57344,2
ozks,57344,1
ozks,69632,28
ozks,57344,0
ozks,475136,582
ozks,57344,0
ozks,57344,5
ozks,57344,6
ozks,303104,337
ozks,98304,59
ozks,57344,1
ozks,57344,8
ozks,57344,9
ozks,110592,79
ozks,655360,825
ozks,57344,4
ozks,65536,21
ozks,102400,64
ozks,249856,257
ozks,57344,7
ozks,102400,62
ozks,98304,54
ozks,69632,29
ozks,57344,2
ozks,57344,5
ozks,98304,55
ozks,73728,32
ozks,57344,2
ozks,57344,8
ozks,458752,563
ozks,57344,5
ozks,778240,990
ozks,98304,56
ozks,57344,3
ozks,57344,10
ozks,57344,1
ozks,57344,1
ozks,57344,0
ozks,98304,54
ozks,73728,36
ozks,57344,4
ozks,520192,649
ozks,65536,13
ozks,159744,137
ozks,446464,543
ozks,69632,28
ozks,57344,0
ozks,81920,39
ozks,200704,189
ozks,57344,2
ozks,167936,144
ozks,69632,22
ozks,65536,17
ozks,57344,3
ozks,57344,7
ozks,57344,6
ozks,57344,8
ozks,69632,24
ozks,204800,195
ozks,155648,137
ozks,524288,643
ozks,57344,0
ozks,57344,2
ozks,65536,13
ozks,65536,13
ozks,57344,7
ozks,65536,17
ozks,57344,9
ozks,557056,690
ozks,57344,7
ozks,94208,48
ozks,438272,518
ozks,73728,31
ozks,90112,40
ozks,65536,12
ozks,57344,0
ozks,684032,859
ozks,94208,42
ozks,57344,1
ozks,57344,1
ozks,143360,111
ozks,155648,134
ozks,57344,0
ozks,151552,120
ozks,69632,31
ozks,73728,36
ozks,57344,9
ozks,57344,0
ozks,57344,1
ozks,57344,0
ozks,151552,121
ozks,94208,51
ozks,479232,589
ozks,57344,10
ozks,57344,4
ozks,286720,325
ozks,57344,2
ozks,57344,6
ozks,57344,1
ozks,114688,80
ozks,57344,4
ozks,57344,4
ozks,98304,55
ozks,57344,5
ozks,290816,325
ozks,524288,651
ozks,98304,52
ozks,98304,53
ozks,57344,9
ozks,290816,325
ozks,139264,104
ozks,122880,85
ozks,69632,22
ozks,73728,35
ozks,57344,8
ozks,57344,0
ozks,69632,28
ozks,65536,20
ozks,73728,34
ozks,57344,10
ozks,69632,26
ozks,57344,6
ozks,57344,8
ozks,57344,4
ozks,94208,50
ozks,57344,5
ozks,126976,89
ozks,483328,596
ozks,69632,27
ozks,704512,906
ozks,57344,2
ozks,176128,158
ozks,65536,19
ozks,57344,10
ozks,57344,2
ozks,57344,4
ozks,94208,43
ozks,434176,521
ozks,57344,0
ozks,65536,14
ozks,57344,7
ozks,102400,62
ozks,57344,4
ozks,57344,5
ozks,98304,52
ozks,57344,4
ozks,57344,1
ozks,65536,13
ozks,57344,7
ozks,81920,38
ozks,90112,40
ozks,57344,7
ozks,57344,0
ozks,65536,13
ozks,69632,26
ozks,57344,10
ozks,73728,35
ozks,57344,3
ozks,57344,11
ozks,57344,0
ozks,69632,28
ozks,57344,2
ozks,65536,16
ozks,110592,77
ozks,65536,13
ozks,110592,75
ozks,57344,9
ozks,57344,1
ozks,81920,38
ozks,102400,70
ozks,57344,8
ozks,57344,3
ozks,483328,592
ozks,69632,25
ozks,299008,325
ozks,65536,14
ozks,57344,5
ozks,57344,4
ozks,405504,494
ozks,69632,25
ozks,57344,10
ozks,94208,48
ozks,94208,48
ozks,57344,7
ozks,237568,244
ozks,57344,3
ozks,57344,4
ozks,98304,53
ozks,135168,99
ozks,57344,11
ozks,450560,541
ozks,102400,69
ozks,65536,12
ozks,208896,206
ozks,65536,17
ozks,102400,62
ozks,57344,1
ozks,81920,37
ozks,57344,6
ozks,176128,159
ozks,65536,13
ozks,57344,1
ozks,65536,17
ozks,57344,4
ozks,69632,30
ozks,94208,45
ozks,65536,17
ozks,57344,11
ozks,65536,17
ozks,57344,11
ozks,69632,26
ozks,65536,19
ozks,57344,2
ozks,192512,174
ozks,688128,873
ozks,73728,34
ozks,69632,24
ozks,57344,11
ozks,57344,11
ozks,163840,142
ozks,69632,31
ozks,57344,11
ozks,73728,36
ozks,57344,1
ozks,57344,6
ozks,94208,43
ozks,94208,47
ozks,57344,10
ozks,57344,0
ozks,65536,20
ozks,458752,558
ozks,57344,10
ozks,65536,12
ozks,57344,0
ozks,159744,137
ozks,229376,241
ozks,57344,2
ozks,57344,0
ozks,94208,44
ozks,73728,32
ozks,57344,6
ozks,229376,232
ozks,65536,12
ozks,57344,7
ozks,65536,15
ozks,57344,1
ozks,57344,1
ozks,57344,1
ozks,57344,4
ozks,184320,167
ozks,552960,690
ozks,311296,345
ozks,65536,20
ozks,57344,2
ozks,57344,7
ozks,57344,7
ozks,57344,3
ozks,57344,0
ozks,57344,1
ozks,57344,0
ozks,57344,5
ozks,57344,1
ozks,57344,9
ozks,200704,181
ozks,57344,3
ozks,57344,8
ozks,57344,10
ozks,69632,28
ozks,57344,8
ozks,57344,2
ozks,57344,8
ozks,65536,13
ozks,65536,17
ozks,57344,5
ozks,57344,1
ozks,57344,3
ozks,65536,16
ozks,57344,2
ozks,65536,12
ozks,57344,2
ozks,172032,149
ozks,94208,50
ozks,163840,139
ozks,57344,5
ozks,102400,65
ozks,65536,16
ozks,57344,4
ozks,57344,4
ozks,110592,79
ozks,57344,4
ozks,69632,27
ozks,118784,83
ozks,606208,767
ozks,65536,19
ozks,57344,7
ozks,57344,8
ozks,585728,734
ozks,57344,5
ozks,57344,1
ozks,57344,3
ozks,307200,345
ozks,57344,1
ozks,118784,81
ozks,57344,5
ozks,69632,30
ozks,57344,0
ozks,57344,7
ozks,57344,7
ozks,69632,23
ozks,65536,13
ozks,126976,92
ozks,65536,17
ozks,57344,0
ozks,57344,7
ozks,57344,8
ozks,57344,2
ozks,57344,9
ozks,57344,8
ozks,57344,3
ozks,57344,3
ozks,57344,2
ozks,57344,7
ozks,81920,39
ozks,270336,304
ozks,69632,30
ozks,57344,2
ozks,57344,1
ozks,57344,1
ozks,65536,12
ozks,57344,8
ozks,69632,25
ozks,57344,1
ozks,57344,1
ozks,65536,18
ozks,135168,105
ozks,57344,2
ozks,94208,45
ozks,90112,40
ozks,139264,106
ozks,65536,13
ozks,126976,86
ozks,57344,9
ozks,376832,438
ozks,184320,167
ozks,57344,1
ozks,212992,202
ozks,65536,15
ozks,57344,0
ozks,69632,22
ozks,57344,0
ozks,225280,216
ozks,98304,57
ozks,57344,2
ozks,57344,3
ozks,94208,45
ozks,65536,14
ozks,81920,37
ozks,57344,5
ozks,57344,2
ozks,217088,208
ozks,65536,20
ozks,94208,45
ozks,98304,52
ozks,208896,210
ozks,204800,201
ozks,516096,648
ozks,102400,69
ozks,69632,30
ozks,98304,56
ozks,167936,148
ozks,602112,759
ozks,167936,148
ozks,57344,6
ozks,65536,12
ozks,57344,10
ozks,98304,57
ozks,57344,0
ozks,655360,833
ozks,57344,8
ozks,131072,97
ozks,57344,0
ozks,57344,5
ozks,65536,18
ozks,290816,324
ozks,57344,2
ozks,110592,79
ozks,73728,36
ozks,57344,5
ozks,65536,15
ozks,57344,6
ozks,167936,144
ozks,57344,10
ozks,73728,35
ozks,57344,8
ozks,57344,9
ozks,65536,16
ozks,57344,8
ozks,81920,38
ozks,65536,17
ozks,536576,665
ozks,131072,99
ozks,131072,88
ozks,98304,55
ozks,57344,8
ozks,131072,90
ozks,57344,1
ozks,57344,8
ozks,65536,19
ozks,65536,18
ozks,102400,68
ozks,69632,27
ozks,57344,8
ozks,73728,34
ozks,65536,17
ozks,57344,8
ozks,57344,1
ozks,57344,7
ozks,65536,18
ozks,57344,5
ozks,57344,8
ozks,110592,77
ozks,65536,15
ozks,671744,849
ozks,57344,8
ozks,532480,663
ozks,57344,8
ozks,73728,35
ozks,102400,66
ozks,69632,24
ozks,65536,14
ozks,126976,91
ozks,102400,69
ozks,544768,679
ozks,98304,54
ozks,57344,1
ozks,69632,24
ozks,155648,133
ozks,585728,737
ozks,57344,3
ozks,143360,117
ozks,176128,153
ozks,94208,43
ozks,57344,1
ozks,94208,48
ozks,57344,8
ozks,57344,8
ozks,110592,76
ozks,69632,26
ozks,65536,15
ozks,57344,7
ozks,57344,4
ozks,94208,48
ozks,57344,1
ozks,65536,20
ozks,57344,5
ozks,81920,39
ozks,57344,8
ozks,81920,38
ozks,57344,2
ozks,98304,60
ozks,57344,0
ozks,57344,6
ozks,98304,59
ozks,57344,3
ozks,184320,165
ozks,135168,99
ozks,57344,3
ozks,57344,9
ozks,57344,1
ozks,151552,126
ozks,57344,7
ozks,155648,137
ozks,65536,20
ozks,98304,60
ozks,57344,0
ozks,720896,909
ozks,114688,80
ozks,57344,1
ozks,57344,4
ozks,57344,11
ozks,733184,932
ozks,69632,28
ozks,69632,22
ozks,94208,44
ozks,126976,90
ozks,65536,17
ozks,57344,8
ozks,65536,12
ozks,69632,30
ozks,290816,315
ozks,57344,3
ozks,487424,601
ozks,184320,169
ozks,475136,571
ozks,57344,5
ozks,135168,100
ozks,65536,18
ozks,544768,675
ozks,90112,40
ozks,65536,13
ozks,57344,8
ozks,57344,11
ozks,98304,59
ozks,110592,76
ozks,57344,0
ozks,94208,43
ozks,57344,8
ozks,57344,3
ozks,110592,78
ozks,65536,14
ozks,151552,129
ozks,57344,4
ozks,57344,8
ozks,143360,111
ozks,57344,8
ozks,57344,5
ozks,69632,30
ozks,180224,164
ozks,249856,262
ozks,274432,300
ozks,81920,39
ozks,69632,48
ozks,69632,28
ozks,98304,57
ozks,57344,7
ozks,114688,80
ozks,57344,4
ozks,131072,101
ozks,69632,22
ozks,65536,17
ozks,57344,10
ozks,57344,6
ozks,65536,18
ozks,57344,6
ozks,57344,6
ozks,65536,17
ozks,57344,1
ozks,94208,43
ozks,81920,39
ozks,102400,70
ozks,57344,9
ozks,69632,27
ozks,57344,0
ozks,57344,0
ozks,57344,0
ozks,65536,15
ozks,65536,12
ozks,94208,44
ozks,69632,23
ozks,299008,325
ozks,57344,1
ozks,57344,2
ozks,299008,328
ozks,65536,14
ozks,65536,17
ozks,69632,22
ozks,139264,109
ozks,757760,973
ozks,65536,13
ozks,57344,10
ozks,57344,3
ozks,315392,354
ozks,131072,99
ozks,135168,93
ozks,102400,69
ozks,57344,0
ozks,319488,359
ozks,57344,10
ozks,57344,1
ozks,65536,20
ozks,69632,22
ozks,200704,181
ozks,57344,4
ozks,57344,0
ozks,57344,3
ozks,57344,4
ozks,69632,26
ozks,57344,0
ozks,65536,19
ozks,253952,274
ozks,94208,48
ozks,57344,4
ozks,57344,9
ozks,57344,2
ozks,57344,5
ozks,57344,5
ozks,524288,645
ozks,94208,45
ozks,57344,0
ozks,102400,68
ozks,65536,15
ozks,155648,123
ozks,57344,8
ozks,69632,28
ozks,57344,5
ozks,57344,4
ozks,57344,4
ozks,212992,214
ozks,57344,8
ozks,65536,15
ozks,57344,10
ozks,57344,2
ozks,69632,25
ozks,57344,9
ozks,57344,3
ozks,94208,43
ozks,81920,38
ozks,139264,111
ozks,57344,7
ozks,57344,0
ozks,94208,42
ozks,135168,93
ozks,90112,40
ozks,131072,98
ozks,65536,13
ozks,57344,5
ozks,294912,324
ozks,65536,12
ozks,57344,6
ozks,65536,12
ozks,69632,24
ozks,65536,14
ozks,311296,351
ozks,57344,1
ozks,57344,6
ozks,73728,33
ozks,155648,131
ozks,69632,24
ozks,208896,195
ozks,65536,17
ozks,57344,7
ozks,57344,1
ozks,57344,8
ozks,57344,1
ozks,57344,7
ozks,65536,18
ozks,155648,143
ozks,69632,30
ozks,57344,1
ozks,65536,17
ozks,57344,0
ozks,102400,67
ozks,69632,26
ozks,114688,80
ozks,94208,43
ozks,94208,50
ozks,69632,22
ozks,102400,69
ozks,73728,35
ozks,65536,21
ozks,421888,498
ozks,57344,8
ozks,159744,140
ozks,110592,73
ozks,176128,158
ozks,233472,237
ozks,172032,147
ozks,57344,8
ozks,126976,91
ozks,126976,90
ozks,57344,11
ozks,57344,2
ozks,57344,3
ozks,65536,17
ozks,57344,2
ozks,65536,17
ozks,65536,14
ozks,69632,23
ozks,57344,8
ozks,57344,1
ozks,307200,343
ozks,57344,10
ozks,294912,325
ozks,552960,680
ozks,98304,52
ozks,57344,1
ozks,69632,29
ozks,57344,2
ozks,57344,1
ozks,57344,10
ozks,57344,8
ozks,57344,7
ozks,57344,2
ozks,57344,2
ozks,57344,1
ozks,98304,52
ozks,98304,57
ozks,126976,91
ozks,180224,169
ozks,57344,2
ozks,102400,66
ozks,57344,1
ozks,65536,13
ozks,57344,5
ozks,761856,974
ozks,57344,3
ozks,200704,185
ozks,69632,28
ozks,57344,9
ozks,65536,21
ozks,57344,7
ozks,135168,96
ozks,65536,12
ozks,57344,9
ozks,57344,9
ozks,57344,3
ozks,57344,1
ozks,581632,730
ozks,57344,3
ozks,65536,13
ozks,57344,3
ozks,57344,10
ozks,110592,79
ozks,94208,45
ozks,57344,2
ozks,110592,76
ozks,204800,190
ozks,57344,9
ozks,57344,1
ozks,57344,0
ozks,57344,5
ozks,69632,24
ozks,57344,4
ozks,81920,38
ozks,57344,1
ozks,94208,47
ozks,331776,385
ozks,57344,0
ozks,303104,343
ozks,57344,2
ozks,94208,45
ozks,131072,100
ozks,65536,19
ozks,69632,31
ozks,94208,44
ozks,81920,38
ozks,69632,28
ozks,73728,32
ozks,499712,616
ozks,98304,52
ozks,204800,184
ozks,57344,0
ozks,57344,5
ozks,57344,1
ozks,57344,2
ozks,65536,12
ozks,172032,149
ozks,81920,37
ozks,57344,8
ozks,57344,2
ozks,331776,378
ozks,135168,99
ozks,413696,495
ozks,69632,23
ozks,65536,14
ozks,323584,357
ozks,57344,5
ozks,69632,24
ozks,139264,109
ozks,57344,1
ozks,57344,2
ozks,57344,3
ozks,69632,24
ozks,258048,274
ozks,118784,82
ozks,122880,85
ozks,65536,16
ozks,69632,24
ozks,102400,65
ozks,57344,0
ozks,110592,77
ozks,57344,2
ozks,200704,184
ozks,57344,3
ozks,57344,1
ozks,155648,123
ozks,69632,31
ozks,65536,19
ozks,135168,108
ozks,65536,17
ozks,65536,12
ozks,606208,755
ozks,356352,398
ozks,69632,22
ozks,57344,9
ozks,81920,38
ozks,57344,5
ozks,65536,19
ozks,69632,22
ozks,57344,6
ozks,57344,0
ozks,65536,12
ozks,57344,4
ozks,626688,794
ozks,57344,6
ozks,65536,17
ozks,212992,204
ozks,65536,20
ozks,57344,5
ozks,57344,0
ozks,57344,3
ozks,65536,12
ozks,69632,29
ozks,57344,6
ozks,57344,3
ozks,208896,197
ozks,57344,5
ozks,57344,7
ozks,57344,4
ozks,57344,0
ozks,94208,43
ozks,409600,492
ozks,94208,44
ozks,57344,8
ozks,229376,233
ozks,704512,902
ozks,65536,20
ozks,65536,17
ozks,57344,6
ozks,57344,0
ozks,65536,20
ozks,241664,252
ozks,57344,7
ozks,57344,6
ozks,57344,7
ozks,593920,740
ozks,57344,1
ozks,98304,62
ozks,69632,29
ozks,57344,2
ozks,69632,23
ozks,57344,1
ozks,57344,10
ozks,57344,0
ozks,57344,1
ozks,307200,352
ozks,606208,762
ozks,110592,77
ozks,57344,0
ozks,131072,101
ozks,94208,42
ozks,57344,8
ozks,131072,99
ozks,94208,44
ozks,57344,11
ozks,155648,129
ozks,159744,140
ozks,57344,1
ozks,90112,41
ozks,94208,51
ozks,65536,14
ozks,57344,9
ozks,57344,2
ozks,57344,3
ozks,323584,361
ozks,57344,7
ozks,401408,482
ozks,65536,19
ozks,155648,128
ozks,73728,34
ozks,372736,436
ozks,57344,3
ozks,94208,49
ozks,372736,425
ozks,57344,1
ozks,57344,6
ozks,139264,105
ozks,57344,1
ozks,57344,5
ozks,94208,46
ozks,57344,7
ozks,696320,890
ozks,65536,12
ozks,57344,3
ozks,102400,68
ozks,65536,13
ozks,81920,38
ozks,57344,2
ozks,57344,0
ozks,94208,44
ozks,73728,35
ozks,57344,3
ozks,102400,65
ozks,69632,26
ozks,57344,9
ozks,57344,8
ozks,57344,0
ozks,57344,11
ozks,102400,70
ozks,65536,17
ozks,192512,175
ozks,65536,13
ozks,57344,1
ozks,57344,10
ozks,290816,325
ozks,57344,4
ozks,94208,45
ozks,57344,10
ozks,69632,24
ozks,204800,194
ozks,233472,231
ozks,65536,12
ozks,208896,201
ozks,57344,3
ozks,98304,61
ozks,81920,39
ozks,57344,2
ozks,57344,1
ozks,94208,44
ozks,57344,10
ozks,57344,8
ozks,57344,0
ozks,57344,3
ozks,57344,2
ozks,159744,140
ozks,151552,120
ozks,172032,147
ozks,57344,3
ozks,57344,0
ozks,57344,10
ozks,65536,17
ozks,126976,86
ozks,65536,13
ozks,57344,7
ozks,155648,133
ozks,65536,17
ozks,57344,7
ozks,155648,128
ozks,57344,7
ozks,57344,0
ozks,57344,11
ozks,65536,12
ozks,139264,111
ozks,57344,2
ozks,57344,0
ozks,278528,290
ozks,57344,4
ozks,81920,39
ozks,81920,39
ozks,69632,25
ozks,57344,0
ozks,65536,16
ozks,57344,7
ozks,294912,325
ozks,57344,2
ozks,135168,94
ozks,57344,8
ozks,319488,363
ozks,65536,13
ozks,57344,4
ozks,65536,17
ozks,98304,55
ozks,57344,10
ozks,57344,4
ozks,675840,859
ozks,598016,746
ozks,245760,254
ozks,98304,59
ozks,57344,8
ozks,65536,17
ozks,147456,117
ozks,57344,4
ozks,65536,14
ozks,94208,51
ozks,57344,1
ozks,65536,12
ozks,57344,0
ozks,73728,33
ozks,159744,134
ozks,57344,0
ozks,57344,10
ozks,163840,141
ozks,65536,13
ozks,69632,24
ozks,401408,472
ozks,57344,2
ozks,57344,0
ozks,94208,49
ozks,57344,3
ozks,57344,3
ozks,102400,68
ozks,57344,1
ozks,57344,3
ozks,155648,136
ozks,57344,0
ozks,57344,0
ozks,69632,27
ozks,139264,106
ozks,57344,3
ozks,57344,6
ozks,294912,324
ozks,65536,19
ozks,57344,0
ozks,102400,71
ozks,81920,37
ozks,57344,6
ozks,241664,254
ozks,57344,8
ozks,57344,9
ozks,98304,54
ozks,57344,2
ozks,57344,1
ozks,65536,21
ozks,512000,631
ozks,434176,528
ozks,57344,0
ozks,69632,26
ozks,65536,13
ozks,57344,2
ozks,204800,201
ozks,57344,1
ozks,684032,876
ozks,520192,643
ozks,69632,29
ozks,65536,15
ozks,57344,11
ozks,94208,51
ozks,57344,1
ozks,57344,0
ozks,73728,35
ozks,94208,48
ozks,57344,0
ozks,69632,29
ozks,192512,178
ozks,159744,143
ozks,69632,26
ozks,57344,10
ozks,65536,16
ozks,69632,26
ozks,98304,52
ozks,57344,5
ozks,69632,26
ozks,57344,5
ozks,57344,3
ozks,176128,152
ozks,290816,324
ozks,57344,3
ozks,65536,17
ozks,69632,27
ozks,69632,29
ozks,57344,0
ozks,569344,708
ozks,57344,0
ozks,417792,496
ozks,57344,2
ozks,57344,7
ozks,634880,801
ozks,57344,2
ozks,200704,188
ozks,65536,14
ozks,57344,8
ozks,69632,25
ozks,65536,20
ozks,180224,164
ozks,57344,3
ozks,65536,18
ozks,249856,262
ozks,57344,8
ozks,114688,80
ozks,57344,5
ozks,552960,686
ozks,65536,15
ozks,57344,1
ozks,57344,3
ozks,57344,4
ozks,360448,410
ozks,98304,62
ozks,57344,0
ozks,368640,429
ozks,135168,107
ozks,57344,7
ozks,57344,6
ozks,94208,44
ozks,57344,2
ozks,57344,0
ozks,57344,8
ozks,57344,1
ozks,110592,77
ozks,57344,0
ozks,57344,1
ozks,57344,5
ozks,217088,211
ozks,57344,3
ozks,212992,206
ozks,57344,8
ozks,57344,11
ozks,57344,1
ozks,57344,10
ozks,57344,4
ozks,57344,0
ozks,57344,0
ozks,782336,1000
ozks,57344,1
ozks,311296,337
ozks,569344,706
ozks,266240,280
ozks,143360,111
ozks,57344,11
ozks,57344,0
ozks,57344,0
ozks,90112,41
ozks,65536,15
ozks,167936,150
ozks,57344,9
ozks,110592,76
ozks,57344,8
ozks,57344,1
ozks,159744,140
ozks,266240,276
ozks,57344,9
ozks,57344,2
ozks,57344,7
ozks,307200,339
ozks,65536,14
ozks,69632,24
ozks,167936,144
ozks,102400,68
ozks,167936,152
ozks,57344,4
ozks,57344,7
ozks,57344,0
ozks,57344,4
ozks,57344,8
ozks,69632,31
ozks,69632,27
ozks,155648,129
ozks,65536,13
ozks,65536,18
ozks,57344,2
ozks,131072,99
ozks,57344,2
ozks,57344,7
ozks,69632,26
ozks,57344,5
ozks,98304,52
ozks,57344,9
ozks,57344,3
ozks,98304,60
ozks,659456,833
ozks,65536,21
ozks,65536,17
ozks,57344,1
ozks,57344,2
ozks,176128,158
ozks,57344,0
ozks,65536,14
ozks,57344,6
ozks,65536,13
ozks,69632,30
ozks,167936,146
ozks,167936,146
ozks,65536,18
ozks,69632,23
ozks,57344,0
ozks,114688,80
ozks,290816,325
ozks,155648,142
ozks,503808,620
ozks,450560,540
ozks,65536,17
ozks,57344,8
ozks,65536,21
ozks,57344,8
ozks,57344,2
ozks,249856,261
ozks,57344,1
ozks,57344,10
ozks,237568,246
ozks,69632,30
ozks,57344,6
ozks,69632,27
ozks,65536,12
ozks,57344,0
ozks,65536,14
ozks,57344,3
ozks,139264,109
ozks,102400,65
ozks,139264,105
ozks,57344,2
ozks,57344,7
ozks,65536,12
ozks,69632,31
ozks,57344,3
ozks,57344,0
ozks,331776,378
ozks,57344,7
ozks,65536,13
ozks,57344,5
ozks,57344,2
ozks,57344,0
ozks,98304,55
ozks,73728,32
ozks,57344,8
ozks,57344,0
ozks,65536,17
ozks,57344,11
ozks,57344,6
ozks,57344,7
ozks,65536,12
ozks,696320,885
ozks,57344,1
ozks,57344,8
ozks,225280,227
ozks,57344,0
ozks,65536,21
ozks,57344,6
ozks,368640,431
ozks,57344,7
ozks,57344,6
ozks,131072,94
ozks,159744,138
ozks,81920,39
ozks,57344,4
ozks,65536,19
ozks,69632,27
ozks,57344,10
ozks,57344,4
ozks,172032,149
ozks,69632,22
ozks,151552,129
ozks,94208,43
ozks,98304,56
ozks,57344,3
ozks,90112,40
ozks,126976,87
ozks,172032,146
ozks,98304,51
ozks,57344,8
ozks,94208,44
ozks,57344,1
ozks,57344,5
ozks,98304,58
ozks,65536,20
ozks,135168,96
ozks,69632,29
ozks,163840,140
ozks,65536,13
ozks,57344,11
ozks,159744,137
ozks,57344,0
ozks,57344,2
ozks,98304,54
ozks,65536,15
ozks,57344,2
ozks,57344,7
ozks,57344,1
ozks,69632,26
ozks,643072,819
ozks,69632,28
ozks,57344,5
ozks,450560,541
ozks,57344,3
ozks,450560,541
ozks,266240,280
ozks,204800,187
ozks,57344,1
ozks,57344,1
ozks,65536,17
ozks,143360,114
ozks,135168,101
ozks,57344,11
ozks,65536,19
ozks,57344,4
ozks,110592,75
ozks,57344,4
ozks,200704,185
ozks,688128,866
ozks,57344,2
ozks,176128,160
ozks,73728,34
ozks,69632,22
ozks,98304,54
ozks,172032,148
ozks,167936,145
ozks,57344,10
ozks,98304,51
ozks,118784,81
ozks,94208,48
ozks,57344,11
ozks,69632,31
ozks,57344,5
ozks,57344,7
ozks,57344,5
ozks,102400,62
ozks,57344,5
ozks,110592,74
ozks,229376,233
ozks,65536,12
ozks,73728,33
ozks,159744,140
ozks,81920,38
ozks,57344,2
ozks,65536,15
ozks,57344,0
ozks,57344,3
ozks,98304,52
ozks,57344,4
ozks,450560,547
ozks,192512,179
ozks,57344,10
ozks,94208,49
ozks,172032,149
ozks,57344,1
ozks,57344,1
ozks,225280,228
ozks,57344,6
ozks,57344,2
ozks,94208,43
ozks,57344,0
ozks,172032,150
ozks,106496,72
ozks,57344,1
ozks,102400,68
ozks,90112,40
ozks,57344,4
ozks,110592,76
ozks,57344,5
ozks,147456,116
ozks,69632,31
ozks,57344,11
ozks,94208,43
ozks,425984,510
ozks,57344,1
ozks,65536,14
ozks,557056,688
ozks,135168,107
ozks,57344,9
ozks,466944,559
ozks,114688,80
ozks,434176,521
ozks,57344,3
ozks,94208,47
ozks,102400,65
ozks,57344,0
ozks,57344,1
ozks,262144,264
ozks,110592,75
ozks,65536,17
ozks,102400,68
ozks,176128,157
ozks,57344,2
ozks,65536,14
ozks,57344,8
ozks,69632,31
ozks,57344,2
ozks,65536,12
ozks,73728,31
ozks,57344,5
ozks,65536,14
ozks,679936,856
ozks,57344,0
ozks,90112,40
ozks,57344,1
ozks,57344,1
ozks,57344,8
ozks,73728,35
ozks,57344,8
ozks,57344,9
ozks,94208,50
ozks,65536,18
ozks,57344,7
ozks,135168,93
ozks,98304,59
ozks,94208,45
ozks,69632,23
ozks,65536,14
ozks,94208,48
ozks,57344,1
ozks,65536,12
ozks,57344,0
ozks,65536,20
ozks,57344,1
ozks,335872,382
ozks,65536,17
ozks,57344,9
ozks,57344,7
ozks,57344,0
ozks,57344,4
ozks,57344,1
ozks,57344,6
ozks,57344,1
ozks,81920,38
ozks,94208,43
ozks,81920,37
ozks,57344,2
ozks,98304,52
ozks,57344,10
ozks,135168,95
ozks,69632,26
ozks,57344,2
ozks,57344,3
ozks,65536,12
ozks,57344,9
ozks,69632,25
ozks,57344,11
ozks,69632,22
ozks,57344,6
ozks,143360,116
ozks,69632,24
ozks,450560,541
ozks,294912,325
ozks,65536,17
ozks,57344,2
ozks,65536,12
ozks,57344,10
ozks,126976,86
ozks,69632,25
ozks,65536,17
ozks,69632,31
ozks,57344,0
ozks,65536,15
ozks,139264,107
ozks,69632,23
ozks,65536,18
ozks,139264,103
ozks,57344,7
ozks,57344,8
ozks,147456,114
ozks,102400,64
ozks,65536,12
ozks,581632,729
ozks,98304,57
ozks,65536,12
ozks,176128,162
ozks,57344,3
ozks,65536,21
ozks,278528,290
ozks,73728,35
ozks,159744,139
ozks,327680,363
ozks,57344,1
ozks,69632,25
ozks,65536,16
ozks,155648,127
ozks,69632,24
ozks,57344,6
ozks,90112,40
ozks,94208,44
ozks,139264,109
ozks,155648,134
ozks,65536,12
ozks,57344,3
ozks,274432,302
ozks,69632,25
ozks,69632,23
ozks,57344,7
ozks,81920,37
ozks,159744,135
ozks,57344,7
ozks,376832,442
ozks,593920,742
ozks,65536,16
ozks,57344,6
ozks,126976,88
ozks,94208,49
ozks,57344,1
ozks,57344,6
ozks,57344,0
ozks,446464,541
ozks,65536,15
ozks,229376,228
ozks,65536,13
ozks,57344,0
ozks,57344,1
ozks,57344,4
ozks,57344,8
ozks,57344,2
ozks,65536,17
ozks,65536,15
ozks,57344,1
ozks,65536,21
ozks,65536,15
ozks,57344,1
ozks,102400,68
ozks,57344,1
ozks,57344,0
ozks,57344,0
ozks,57344,5
ozks,589824,749
ozks,69632,22
ozks,65536,17
ozks,69632,24
ozks,57344,2
ozks,57344,8
ozks,57344,1
ozks,159744,140
ozks,512000,637
ozks,57344,7
ozks,57344,1
ozks,57344,0
ozks,65536,13
ozks,57344,2
ozks,73728,34
ozks,159744,143
ozks,57344,5
ozks,57344,2
ozks,69632,28
ozks,57344,10
ozks,98304,52
ozks,57344,4
ozks,57344,0
ozks,57344,8
ozks,139264,105
ozks,57344,5
ozks,57344,2
ozks,143360,110
ozks,94208,51
ozks,65536,17
ozks,57344,8
ozks,73728,35
ozks,65536,15
ozks,102400,65
ozks,57344,7
ozks,270336,280
ozks,57344,0
ozks,57344,8
ozks,57344,9
ozks,57344,0
ozks,57344,10
ozks,167936,153
ozks,57344,1
ozks,57344,4
ozks,57344,1
ozks,57344,9
ozks,57344,8
ozks,57344,7
ozks,151552,120
ozks,233472,245
ozks,757760,983
ozks,57344,10
ozks,118784,84
ozks,69632,27
ozks,57344,8
ozks,57344,6
ozks,57344,4
ozks,98304,52
ozks,57344,1
ozks,65536,13
ozks,65536,20
ozks,57344,3
ozks,65536,12
ozks,110592,76
ozks,57344,3
ozks,65536,12
ozks,57344,11
ozks,65536,12
ozks,65536,13
ozks,57344,6
ozks,65536,15
ozks,57344,0
ozks,98304,54
ozks,57344,5
ozks,57344,2
ozks,57344,7
ozks,57344,8
ozks,65536,17
ozks,57344,2
ozks,57344,2
ozks,65536,13
ozks,114688,81
ozks,57344,0
ozks,57344,2
ozks,57344,0
ozks,57344,4
ozks,57344,1
ozks,94208,49
ozks,65536,19
ozks,57344,3
ozks,454656,541
ozks,57344,9
ozks,57344,3
ozks,454656,550
ozks,57344,0
ozks,65536,17
ozks,57344,7
ozks,81920,38
ozks,65536,13
ozks,57344,0
ozks,749568,974
ozks,69632,22
ozks,462848,558
ozks,225280,216
ozks,122880,85
ozks,57344,4
ozks,57344,7
ozks,57344,1
ozks,417792,486
ozks,69632,24
ozks,57344,5
ozks,110592,77
ozks,274432,302
ozks,294912,324
ozks,57344,1
ozks,446464,542
ozks,69632,31
ozks,57344,7
ozks,159744,133
ozks,57344,8
ozks,114688,80
ozks,69632,23
ozks,57344,1
ozks,57344,2
ozks,135168,99
ozks,65536,14
ozks,65536,17
ozks,131072,100
ozks,253952,268
ozks,327680,369
ozks,65536,13
ozks,57344,4
ozks,57344,1
ozks,65536,14
ozks,65536,15
ozks,65536,18
ozks,368640,427
ozks,155648,131
ozks,188416,178
ozks,57344,1
ozks,57344,0
ozks,102400,69
ozks,57344,7
ozks,69632,23
ozks,757760,967
ozks,57344,1
ozks,65536,16
ozks,167936,147
ozks,69632,25
ozks,57344,1
ozks,73728,35
ozks,114688,80
ozks,258048,276
ozks,57344,1
ozks,57344,4
ozks,57344,8
ozks,57344,1
ozks,69632,22
ozks,110592,79
ozks,65536,17
ozks,65536,20
ozks,69632,22
ozks,57344,3
ozks,335872,378
ozks,57344,6
ozks,176128,158
ozks,155648,131
ozks,57344,4
ozks,69632,30
ozks,57344,9
ozks,57344,7
ozks,57344,2
ozks,172032,148
ozks,139264,103
ozks,282624,308
ozks,57344,0
ozks,753664,954
ozks,57344,5
ozks,167936,146
ozks,184320,167
ozks,65536,16
ozks,57344,6
ozks,434176,517
ozks,57344,3
ozks,479232,595
ozks,57344,2
ozks,159744,134
ozks,57344,2
ozks,57344,2
ozks,57344,5
ozks,57344,4
ozks,81920,38
ozks,65536,17
ozks,57344,4
ozks,57344,0
ozks,57344,1
ozks,94208,43
ozks,102400,67
ozks,69632,22
ozks,57344,1
ozks,57344,10
ozks,770048,991
ozks,552960,691
ozks,57344,1
ozks,94208,51
ozks,753664,972
ozks,98304,52
ozks,65536,14
ozks,282624,306
ozks,573440,719
ozks,147456,117
ozks,122880,85
ozks,98304,57
ozks,57344,8
ozks,69632,30
ozks,57344,6
ozks,57344,3
ozks,57344,8
ozks,495616,615
ozks,57344,1
ozks,65536,13
ozks,57344,0
ozks,57344,5
ozks,69632,28
ozks,167936,144
ozks,81920,38
ozks,57344,10
ozks,65536,16
ozks,65536,13
ozks,57344,4
ozks,57344,4
ozks,57344,0
ozks,65536,21
ozks,57344,4
ozks,57344,8
ozks,57344,1
ozks,57344,6
ozks,57344,2
ozks,57344,6
ozks,126976,92
ozks,110592,77
ozks,57344,8
ozks,421888,502
ozks,57344,4
ozks,65536,13
ozks,57344,8
ozks,69632,24
ozks,57344,7
ozks,98304,52
ozks,57344,8
ozks,57344,4
ozks,249856,257
ozks,503808,629
ozks,499712,618
ozks,57344,2
ozks,69632,26
ozks,57344,7
ozks,69632,26
ozks,57344,4
ozks,65536,19
ozks,65536,12
ozks,57344,0
ozks,57344,3
ozks,65536,19
ozks,286720,306
ozks,69632,22
ozks,98304,52
ozks,57344,0
ozks,57344,8
ozks,102400,71
ozks,57344,1
ozks,143360,109
ozks,98304,57
ozks,65536,15
ozks,57344,2
ozks,200704,180
ozks,331776,383
ozks,57344,7
ozks,57344,7
ozks,614400,769
ozks,114688,81
ozks,57344,8
ozks,167936,144
ozks,57344,9
ozks,69632,23
ozks,65536,16
ozks,335872,377
ozks,69632,22
ozks,65536,19
ozks,57344,6
ozks,135168,94
ozks,57344,2
ozks,102400,62
ozks,229376,233
ozks,249856,262
ozks,57344,8
ozks,57344,4
ozks,180224,164
ozks,57344,0
ozks,57344,0
ozks,65536,16
ozks,57344,4
ozks,57344,1
ozks,57344,4
ozks,57344,0
ozks,57344,10
ozks,200704,183
ozks,57344,1
ozks,176128,156
ozks,57344,11
ozks,65536,20
ozks,131072,93
ozks,65536,21
ozks,57344,2
ozks,73728,33
ozks,57344,2
ozks,299008,325
ozks,528384,648
ozks,176128,156
ozks,57344,8
ozks,274432,302
ozks,57344,0
ozks,57344,10
ozks,630784,785
ozks,57344,8
ozks,57344,8
ozks,102400,70
ozks,57344,4
ozks,57344,8
ozks,57344,0
ozks,131072,97
ozks,98304,52
ozks,737280,941
ozks,57344,1
ozks,69632,31
ozks,57344,2
ozks,118784,85
ozks,57344,1
ozks,57344,8
ozks,65536,16
ozks,57344,10
ozks,57344,7
ozks,73728,32
ozks,57344,10
ozks,57344,8
ozks,204800,187
ozks,65536,17
ozks,57344,5
ozks,57344,11
ozks,57344,0
ozks,57344,7
ozks,172032,147
ozks,311296,351
ozks,57344,10
ozks,110592,78
ozks,65536,15
ozks,212992,212
ozks,57344,8
ozks,57344,5
ozks,57344,2
ozks,372736,431
ozks,81920,38
ozks,57344,2
ozks,65536,13
ozks,618496,782
ozks,57344,8
ozks,663552,845
ozks,57344,2
ozks,143360,116
ozks,274432,303
ozks,65536,20
ozks,479232,583
ozks,69632,26
ozks,57344,4
ozks,65536,17
ozks,356352,411
ozks,57344,7
ozks,57344,10
ozks,98304,58
ozks,57344,1
ozks,57344,7
ozks,57344,2
ozks,57344,5
ozks,221184,222
ozks,57344,2
ozks,57344,0
ozks,172032,151
ozks,380928,453
ozks,57344,10
ozks,212992,209
ozks,65536,20
ozks,462848,563
ozks,155648,133
ozks,57344,1
ozks,212992,207
ozks,57344,1
ozks,524288,650
ozks,57344,9
ozks,57344,7
ozks,225280,225
ozks,57344,2
ozks,57344,1
ozks,57344,0
ozks,65536,15
ozks,57344,7
ozks,57344,5
ozks,57344,6
ozks,69632,24
ozks,294912,324
ozks,65536,17
ozks,57344,4
ozks,65536,18
ozks,65536,12
ozks,249856,255
ozks,69632,30
ozks,57344,4
ozks,57344,1
ozks,57344,0
ozks,114688,80
ozks,69632,30
ozks,69632,26
ozks,98304,58
ozks,57344,5
ozks,65536,15
ozks,139264,104
ozks,57344,8
ozks,65536,18
ozks,65536,13
ozks,434176,524
ozks,143360,111
ozks,57344,0
ozks,102400,69
ozks,135168,94
ozks,57344,7
ozks,65536,17
ozks,421888,506
ozks,143360,117
ozks,65536,16
ozks,57344,11
ozks,57344,6
ozks,65536,17
ozks,57344,2
ozks,57344,10
ozks,57344,3
ozks,114688,80
ozks,69632,27
ozks,69632,25
ozks,65536,19
ozks,69632,25
ozks,57344,1
ozks,65536,17
ozks,57344,0
ozks,221184,217
ozks,65536,13
ozks,57344,4
ozks,57344,3
ozks,57344,8
ozks,172032,147
ozks,380928,438
ozks,81920,38
ozks,81920,37
ozks,57344,0
ozks,98304,58
ozks,552960,678
ozks,90112,41
ozks,65536,17
ozks,57344,1
ozks,65536,15
ozks,57344,3
ozks,126976,88
ozks,57344,5
ozks,278528,290
ozks,69632,24
ozks,57344,3
ozks,69632,29
ozks,57344,9
ozks,57344,1
ozks,65536,13
ozks,73728,36
ozks,57344,5
ozks,155648,135
ozks,57344,7
ozks,57344,0
ozks,73728,32
ozks,65536,20
ozks,69632,27
ozks,114688,80
ozks,57344,8
ozks,98304,58
ozks,57344,6
ozks,159744,140
ozks,659456,830
ozks,57344,10
ozks,57344,1
ozks,57344,9
ozks,94208,48
ozks,57344,9
ozks,57344,8
ozks,57344,1
ozks,57344,8
ozks,57344,1
ozks,57344,6
ozks,57344,0
ozks,57344,1
ozks,57344,1
ozks,57344,2
ozks,98304,52
ozks,57344,0
ozks,188416,176
ozks,401408,473
ozks,520192,646
ozks,172032,162
ozks,57344,4
ozks,57344,7
ozks,102400,66
ozks,57344,3
ozks,57344,0
ozks,315392,345
ozks,389120,456
ozks,57344,8
ozks,65536,13
ozks,57344,4
ozks,57344,11
ozks,294912,325
ozks,57344,6
ozks,57344,8
ozks,57344,1
ozks,94208,49
ozks,57344,9
ozks,57344,0
ozks,180224,167
ozks,73728,34
ozks,65536,14
ozks,57344,8
ozks,176128,160
ozks,57344,9
ozks,57344,6
ozks,159744,137
ozks,233472,227
ozks,65536,17
ozks,57344,1
ozks,57344,3
ozks,57344,11
ozks,176128,158
ozks,307200,352
ozks,94208,50
ozks,778240,998
ozks,57344,8
ozks,57344,5
ozks,57344,7
ozks,204800,201
ozks,155648,133
ozks,57344,0
ozks,57344,2
ozks,73728,35
ozks,57344,5
ozks,81920,38
ozks,81920,38
ozks,278528,307
ozks,57344,1
ozks,57344,0
ozks,102400,62
ozks,57344,2
ozks,57344,3
ozks,65536,21
ozks,94208,45
ozks,57344,2
ozks,73728,36
ozks,581632,734
ozks,57344,9
ozks,57344,3
ozks,57344,10
ozks,69632,30
ozks,114688,81
ozks,499712,606
ozks,57344,9
ozks,65536,20
ozks,167936,149
ozks,69632,22
ozks,65536,13
ozks,57344,9
ozks,65536,16
ozks,57344,0
ozks,98304,52
ozks,65536,17
ozks,65536,13
ozks,57344,4
ozks,102400,71
ozks,126976,90
ozks,176128,158
ozks,110592,78
ozks,69632,31
ozks,65536,18
ozks,73728,36
ozks,57344,8
ozks,65536,19
ozks,65536,17
ozks,110592,78
ozks,118784,85
ozks,65536,16
ozks,57344,4
ozks,81920,38
ozks,712704,910
ozks,102400,65
ozks,57344,2
ozks,57344,3
ozks,57344,4
ozks,57344,5
ozks,57344,9
ozks,57344,1
ozks,57344,3
ozks,57344,1
ozks,73728,35
ozks,724992,929
ozks,57344,0
ozks,118784,84
ozks,69632,29
ozks,57344,8
ozks,155648,127
ozks,69632,30
ozks,167936,147
ozks,57344,0
ozks,57344,8
ozks,69632,31
ozks,155648,141
ozks,98304,54
ozks,57344,1
ozks,483328,592
ozks,692224,880
ozks,57344,6
ozks,57344,9
ozks,57344,3
ozks,57344,9
ozks,57344,1
ozks,57344,3
ozks,57344,3
ozks,94208,43
ozks,147456,114
ozks,65536,12
ozks,434176,524
ozks,303104,343
ozks,57344,9
ozks,360448,419
ozks,94208,49
ozks,57344,1
ozks,65536,20
ozks,90112,40
ozks,69632,30
ozks,57344,2
ozks,81920,37
ozks,94208,44
ozks,57344,8
ozks,57344,3
ozks,98304,55
ozks,57344,3
ozks,57344,3
ozks,57344,1
ozks,143360,116
ozks,65536,15
ozks,57344,5
ozks,57344,10
ozks,57344,4
ozks,65536,20
ozks,98304,55
ozks,65536,17
ozks,102400,67
ozks,57344,0
ozks,57344,8
ozks,57344,10
ozks,57344,1
ozks,65536,15
ozks,57344,1
ozks,69632,25
ozks,57344,1
ozks,376832,442
ozks,57344,2
ozks,57344,1
ozks,196608,178
ozks,73728,33
ozks,323584,361
ozks,57344,1
ozks,98304,56
ozks,57344,2
ozks,65536,13
ozks,81920,37
ozks,57344,1
ozks,102400,63
ozks,94208,42
ozks,98304,53
ozks,57344,7
ozks,65536,12
ozks,167936,147
ozks,65536,14
ozks,610304,755
ozks,69632,29
ozks,57344,2
ozks,57344,8
ozks,57344,8
ozks,147456,113
ozks,65536,13
ozks,57344,1
ozks,69632,25
ozks,167936,148
ozks,90112,41
ozks,737280,940
ozks,98304,54
ozks,57344,0
ozks,69632,24
ozks,69632,23
ozks,65536,13
ozks,57344,1
ozks,57344,1
ozks,94208,49
ozks,57344,1
ozks,57344,11
ozks,57344,3
ozks,233472,240
ozks,155648,127
ozks,69632,22
ozks,57344,5
ozks,102400,71
ozks,118784,83
ozks,176128,158
ozks,57344,5
ozks,57344,5
ozks,57344,1
ozks,57344,4
ozks,65536,13
ozks,57344,0
ozks,65536,17
ozks,57344,8
ozks,475136,582
ozks,102400,70
ozks,159744,134
ozks,282624,302
ozks,294912,320
ozks,57344,7
ozks,57344,3
ozks,81920,39
ozks,249856,261
ozks,106496,72
ozks,159744,138
ozks,110592,77
ozks,57344,3
ozks,69632,27
ozks,114688,80
ozks,57344,0
ozks,643072,805
ozks,57344,4
ozks,135168,99
ozks,65536,13
ozks,102400,69
ozks,57344,4
ozks,126976,91
ozks,126976,86
ozks,57344,1
ozks,770048,991
ozks,69632,23
ozks,57344,7
ozks,73728,36
ozks,57344,4
ozks,536576,667
ozks,57344,6
ozks,73728,35
ozks,94208,45
ozks,57344,8
ozks,57344,0
ozks,180224,164
ozks,114688,80
ozks,102400,62
ozks,57344,3
ozks,57344,0
ozks,139264,109
ozks,65536,17
ozks,69632,30
ozks,57344,0
ozks,65536,16
ozks,57344,5
ozks,323584,361
ozks,57344,1
ozks,57344,8
ozks,73728,34
ozks,57344,4
ozks,81920,37
ozks,65536,12
ozks,57344,1
ozks,65536,18
ozks,356352,408
ozks,253952,252
ozks,409600,477
ozks,57344,5
ozks,122880,85
ozks,65536,14
ozks,69632,27
ozks,57344,4
ozks,155648,130
ozks,692224,883
ozks,57344,6
ozks,458752,550
ozks,65536,18
ozks,65536,18
ozks,57344,5
ozks,57344,0
ozks,57344,7
ozks,69632,24
ozks,57344,0
ozks,57344,1
ozks,57344,0
ozks,57344,3
ozks,258048,256
ozks,69632,30
ozks,57344,8
ozks,57344,4
ozks,65536,21
ozks,65536,13
ozks,290816,327
ozks,57344,1
ozks,98304,53
ozks,69632,29
ozks,65536,17
ozks,94208,48
ozks,65536,21
ozks,57344,4
ozks,57344,4
ozks,151552,121
ozks,233472,240
ozks,94208,43
ozks,172032,161
ozks,69632,26
ozks,57344,11
ozks,188416,176
ozks,57344,11
ozks,57344,8
ozks,114688,80
ozks,57344,2
ozks,57344,10
ozks,286720,325
ozks,57344,1
ozks,57344,2
ozks,163840,140
ozks,98304,62
ozks,57344,11
ozks,69632,26
ozks,65536,13
ozks,102400,64
ozks,57344,2
ozks,57344,0
ozks,126976,86
ozks,159744,139
ozks,57344,8
ozks,57344,9
ozks,163840,140
ozks,57344,1
ozks,159744,142
ozks,57344,11
ozks,163840,143
ozks,622592,773
ozks,57344,5
ozks,290816,325
ozks,65536,17
ozks,57344,9
ozks,57344,6
ozks,57344,0
ozks,57344,5
ozks,155648,127
ozks,524288,644
ozks,57344,3
ozks,73728,32
ozks,73728,36
ozks,57344,5
ozks,110592,77
ozks,57344,1
ozks,57344,0
ozks,57344,2
ozks,57344,0
ozks,57344,1
ozks,57344,0
ozks,69632,26
ozks,57344,10
ozks,65536,16
ozks,73728,34
ozks,57344,11
ozks,57344,0
ozks,94208,45
ozks,143360,111
ozks,57344,1
ozks,98304,57
ozks,360448,410
ozks,57344,8
ozks,57344,8
ozks,57344,2
ozks,57344,7
ozks,57344,3
ozks,65536,17
ozks,57344,11
ozks,221184,213
ozks,696320,881
ozks,69632,30
ozks,114688,81
ozks,102400,68
ozks,352256,412
ozks,57344,9
ozks,434176,521
ozks,204800,190
ozks,57344,0
ozks,73728,35
ozks,57344,4
ozks,65536,18
ozks,290816,325
ozks,69632,23
ozks,69632,22
ozks,57344,3
ozks,65536,17
ozks,98304,56
ozks,139264,105
ozks,57344,3
ozks,57344,9
ozks,65536,20
ozks,159744,137
ozks,94208,43
ozks,598016,748
ozks,278528,313
ozks,57344,2
ozks,57344,2
ozks,65536,16
ozks,69632,26
ozks,57344,11
ozks,94208,46
ozks,65536,17
ozks,57344,8
ozks,57344,10
ozks,57344,3
ozks,421888,502
ozks,593920,734
ozks,65536,18
ozks,98304,57
ozks,57344,2
ozks,65536,21
ozks,573440,706
ozks,159744,134
ozks,167936,152
ozks,57344,5
ozks,65536,13
ozks,73728,35
ozks,57344,11
ozks,57344,2
ozks,65536,13
ozks,69632,28
ozks,94208,52
ozks,57344,8
ozks,135168,106
ozks,102400,71
ozks,57344,2
ozks,94208,50
ozks,372736,427
ozks,69632,31
ozks,65536,15
ozks,65536,13
ozks,299008,330
ozks,57344,6
ozks,94208,48
ozks,176128,153
ozks,155648,128
ozks,57344,9
ozks,57344,11
ozks,94208,48
ozks,73728,35
ozks,69632,23
ozks,98304,61
ozks,73728,35
ozks,73728,36
ozks,94208,52
ozks,69632,29
ozks,294912,325
ozks,126976,91
ozks,57344,4
ozks,110592,77
ozks,57344,4
ozks,69632,28
ozks,57344,8
ozks,69632,22
ozks,454656,551
ozks,57344,2
ozks,65536,16
ozks,167936,147
ozks,57344,10
ozks,102400,63
ozks,57344,2
ozks,81920,39
ozks,65536,13
ozks,94208,44
ozks,57344,11
ozks,69632,23
ozks,262144,264
ozks,57344,6
ozks,57344,4
ozks,90112,52
ozks,57344,0
ozks,65536,17
ozks,57344,8
ozks,57344,6
ozks,57344,3
ozks,290816,324
ozks,65536,18
ozks,118784,85
ozks,57344,9
ozks,57344,11
ozks,65536,16
ozks,131072,99
ozks,81920,37
ozks,57344,2
ozks,57344,8
ozks,57344,0
ozks,94208,44
ozks,57344,0
ozks,57344,9
ozks,81920,39
ozks,94208,51
ozks,69632,22
ozks,253952,272
ozks,729088,929
ozks,65536,20
ozks,131072,97
ozks,253952,274
ozks,172032,162
ozks,65536,20
ozks,57344,2
ozks,57344,8
ozks,57344,1
ozks,94208,51
ozks,139264,107
ozks,57344,1
ozks,57344,6
ozks,65536,17
ozks,151552,129
ozks,65536,18
ozks,57344,9
ozks,57344,0
ozks,81920,39
ozks,98304,60
ozks,98304,53
ozks,57344,9
ozks,57344,6
ozks,57344,1
ozks,94208,45
ozks,57344,2
ozks,57344,10
ozks,139264,109
ozks,65536,14
ozks,57344,8
ozks,57344,2
ozks,73728,35
ozks,57344,8
ozks,81920,39
ozks,57344,7
ozks,57344,1
ozks,69632,24
ozks,65536,17
ozks,516096,637
ozks,69632,28
ozks,446464,541
ozks,57344,0
ozks,57344,9
ozks,57344,1
ozks,57344,7
ozks,65536,15
ozks,65536,17
ozks,57344,9
ozks,81920,39
ozks,57344,0
ozks,57344,6
ozks,57344,9
ozks,90112,41
ozks,65536,13
ozks,57344,2
ozks,126976,92
ozks,57344,9
ozks,57344,7
ozks,57344,9
ozks,188416,171
ozks,65536,16
ozks,372736,430
ozks,57344,1
ozks,57344,5
ozks,114688,80
ozks,81920,37
ozks,57344,2
ozks,405504,483
ozks,65536,15
ozks,688128,874
ozks,57344,8
ozks,114688,81
ozks,249856,262
ozks,57344,0
ozks,57344,3
ozks,57344,1
ozks,65536,15
ozks,135168,97
ozks,225280,233
ozks,94208,45
ozks,57344,4
ozks,200704,193
ozks,57344,8
ozks,57344,0
ozks,98304,55
ozks,65536,12
ozks,118784,85
ozks,57344,1
ozks,94208,49
ozks,126976,91
ozks,57344,10
ozks,462848,563
ozks,57344,3
ozks,69632,24
ozks,65536,14
ozks,57344,1
ozks,290816,314
ozks,323584,361
ozks,57344,2
ozks,69632,21
ozks,57344,9
ozks,65536,21
ozks,57344,7
ozks,176128,158
ozks,57344,3
ozks,581632,730
ozks,159744,134
ozks,57344,2
ozks,57344,1
ozks,131072,95
ozks,57344,8
ozks,57344,7
ozks,69632,28
ozks,65536,20
ozks,57344,1
ozks,57344,6
ozks,57344,1
ozks,57344,1
ozks,65536,17
ozks,282624,291
ozks,65536,16
ozks,57344,0
ozks,57344,3
ozks,135168,100
ozks,155648,138
ozks,65536,18
ozks,57344,0
ozks,94208,47
ozks,57344,0
ozks,57344,7
ozks,57344,0
ozks,512000,620
ozks,303104,339
ozks,57344,10
ozks,57344,0
ozks,94208,45
ozks,57344,5
ozks,65536,13
ozks,57344,1
ozks,65536,14
ozks,57344,3
ozks,65536,14
ozks,57344,8
ozks,65536,17
ozks,307200,329
ozks,102400,64
ozks,552960,692
ozks,720896,922
ozks,94208,42
ozks,57344,1
ozks,57344,6
ozks,176128,155
ozks,65536,14
ozks,69632,29
ozks,57344,5
ozks,159744,134
ozks,708608,907
ozks,57344,6
ozks,57344,6
ozks,57344,9
ozks,65536,15
ozks,69632,28
ozks,57344,3
ozks,57344,0
ozks,57344,3
ozks,176128,160
ozks,57344,4
ozks,57344,0
ozks,57344,0
ozks,311296,350
ozks,57344,3
ozks,69632,29
ozks,57344,1
ozks,57344,8
ozks,57344,4
ozks,69632,25
ozks,57344,2
ozks,57344,0
ozks,69632,29
ozks,57344,0
ozks,57344,0
ozks,73728,34
ozks,57344,1
ozks,57344,2
ozks,135168,99
ozks,65536,19
ozks,73728,33
ozks,204800,200
ozks,57344,1
ozks,65536,18
ozks,57344,1
ozks,57344,6
ozks,65536,18
ozks,65536,20
ozks,57344,3
ozks,73728,36
ozks,57344,4
ozks,57344,6
ozks,425984,516
ozks,774144,990
ozks,135168,106
ozks,57344,10
ozks,57344,4
ozks,65536,19
ozks,274432,293
ozks,98304,59
ozks,65536,20
ozks,303104,339
ozks,94208,48
ozks,208896,201
ozks,69632,25
ozks,57344,0
ozks,81920,39
ozks,319488,359
ozks,110592,74
ozks,69632,28
ozks,73728,35
ozks,413696,494
ozks,135168,99
ozks,147456,113
ozks,57344,4
ozks,57344,1
ozks,118784,85
ozks,172032,146
ozks,57344,3
ozks,57344,1
ozks,479232,588
ozks,569344,717
ozks,69632,30
ozks,57344,4
ozks,229376,235
ozks,57344,7
ozks,192512,179
ozks,65536,13
ozks,57344,0
ozks,65536,13
ozks,57344,9
ozks,446464,541
ozks,57344,3
ozks,57344,9
ozks,57344,1
ozks,65536,15
ozks,69632,23
ozks,114688,77
ozks,57344,0
ozks,57344,5
ozks,94208,51
ozks,65536,15
ozks,282624,302
ozks,57344,1
ozks,57344,8
ozks,73728,36
ozks,57344,0
ozks,57344,7
ozks,704512,885
ozks,94208,50
ozks,69632,30
ozks,126976,89
ozks,65536,14
ozks,65536,18
ozks,57344,0
ozks,126976,91
ozks,69632,28
ozks,69632,26
ozks,73728,35
ozks,57344,3
ozks,69632,28
ozks,65536,17
ozks,65536,18
ozks,143360,116
ozks,69632,22
ozks,135168,108
ozks,57344,0
ozks,102400,64
ozks,57344,6
ozks,65536,19
ozks,200704,188
ozks,147456,116
ozks,303104,322
ozks,98304,56
ozks,610304,773
ozks,167936,143
ozks,73728,36
ozks,110592,79
ozks,73728,34
ozks,405504,483
ozks,57344,1
ozks,57344,8
ozks,57344,10
ozks,65536,15
ozks,57344,1
ozks,57344,7
ozks,57344,1
ozks,466944,571
ozks,57344,6
ozks,192512,176
ozks,102400,71
ozks,65536,18
ozks,57344,6
ozks,57344,2
ozks,57344,6
ozks,57344,4
ozks,212992,206
ozks,57344,8
ozks,94208,50
ozks,57344,4
ozks,57344,8
ozks,57344,3
ozks,57344,6
ozks,57344,2
ozks,397312,472
ozks,57344,3
ozks,172032,151
ozks,57344,10
ozks,110592,81
ozks,98304,60
ozks,294912,325
ozks,65536,12
ozks,57344,7
ozks,57344,0
ozks,65536,13
ozks,57344,10
ozks,57344,6
ozks,303104,328
ozks,57344,2
ozks,65536,13
ozks,102400,70
ozks,57344,3
ozks,57344,1
ozks,57344,2
ozks,94208,47
ozks,57344,4
ozks,57344,3
ozks,57344,11
ozks,65536,14
ozks,57344,1
ozks,57344,1
ozks,57344,1
ozks,73728,35
ozks,57344,2
ozks,102400,70
ozks,57344,8
ozks,69632,28
ozks,110592,75
ozks,253952,263
ozks,102400,67
ozks,225280,225
ozks,434176,518
ozks,57344,10
ozks,253952,256
ozks,155648,128
ozks,57344,2
ozks,65536,16
ozks,57344,3
ozks,57344,0
ozks,57344,8
ozks,57344,2
ozks,65536,12
ozks,126976,88
ozks,57344,0
ozks,57344,2
ozks,57344,4
ozks,65536,14
ozks,57344,10
ozks,360448,423
ozks,73728,34
ozks,188416,170
ozks,57344,6
ozks,65536,17
ozks,438272,521
ozks,110592,79
ozks,57344,5
ozks,57344,9
ozks,57344,1
ozks,57344,9
ozks,73728,36
ozks,73728,36
ozks,57344,3
ozks,57344,3
ozks,65536,12
ozks,65536,14
ozks,196608,183
ozks,57344,5
ozks,57344,8
ozks,102400,70
ozks,57344,2
ozks,73728,35
ozks,69632,27
ozks,57344,5
ozks,65536,18
ozks,57344,9
ozks,57344,4
ozks,65536,20
ozks,57344,9
ozks,57344,3
ozks,57344,10
ozks,98304,55
ozks,57344,0
ozks,57344,8
ozks,69632,25
ozks,57344,1
ozks,57344,10
ozks,57344,1
ozks,57344,0
ozks,65536,18
ozks,57344,6
ozks,57344,0
ozks,57344,0
ozks,57344,4
ozks,65536,17
ozks,94208,46
ozks,57344,1
ozks,65536,21
ozks,106496,71
ozks,57344,7
ozks,57344,1
ozks,57344,0
ozks,65536,19
ozks,159744,142
ozks,57344,1
ozks,266240,274
ozks,57344,8
ozks,57344,11
ozks,57344,3
ozks,708608,895
ozks,57344,8
ozks,98304,58
ozks,69632,30
ozks,421888,506
ozks,237568,246
ozks,155648,137
ozks,57344,1
ozks,57344,8
ozks,81920,37
ozks,57344,7
ozks,57344,0
ozks,57344,7
ozks,73728,34
ozks,57344,8
ozks,57344,9
ozks,57344,6
ozks,69632,23
ozks,57344,9
ozks,65536,14
ozks,172032,149
ozks,90112,40
ozks,98304,58
ozks,720896,929
ozks,73728,32
ozks,110592,76
ozks,65536,18
ozks,57344,1
ozks,94208,45
ozks,151552,124
ozks,57344,11
ozks,65536,18
ozks,57344,10
ozks,397312,463
ozks,90112,40
ozks,110592,76
ozks,57344,1
ozks,69632,23
ozks,57344,1
ozks,266240,273
ozks,57344,0
ozks,57344,1
ozks,102400,71
ozks,57344,8
ozks,69632,23
ozks,229376,235
ozks,57344,11
ozks,57344,1
ozks,81920,39
ozks,323584,370
ozks,237568,245
ozks,319488,353
ozks,57344,1
ozks,217088,214
ozks,57344,3
ozks,151552,121
ozks,110592,78
ozks,65536,18
ozks,57344,10
ozks,57344,2
ozks,57344,7
ozks,57344,0
ozks,57344,8
ozks,57344,1
ozks,69632,25
ozks,65536,18
ozks,94208,43
ozks,57344,0
ozks,90112,40
ozks,135168,99
ozks,253952,274
ozks,65536,21
ozks,57344,5
ozks,167936,144
ozks,65536,19
ozks,57344,8
ozks,98304,53
ozks,57344,0
ozks,65536,15
ozks,65536,15
ozks,57344,1
ozks,57344,8
ozks,135168,101
ozks,57344,4
ozks,57344,3
ozks,57344,1
ozks,69632,23
ozks,167936,150
ozks,151552,129
ozks,57344,7
ozks,163840,148
ozks,290816,322
ozks,172032,148
ozks,57344,1
ozks,57344,6
ozks,57344,3
ozks,57344,2
ozks,417792,498
ozks,57344,10
ozks,57344,3
ozks,98304,54
ozks,57344,5
ozks,65536,13
ozks,65536,18
ozks,409600,483
ozks,57344,0
ozks,307200,346
ozks,57344,10
ozks,57344,1
ozks,57344,7
ozks,749568,961
ozks,159744,133
ozks,57344,7
ozks,65536,20
ozks,57344,2
ozks,65536,14
ozks,69632,28
ozks,57344,10
ozks,65536,19
ozks,98304,54
ozks,57344,1
ozks,692224,882
ozks,94208,42
ozks,65536,17
ozks,102400,68
ozks,57344,1
ozks,102400,71
ozks,57344,0
ozks,57344,6
ozks,98304,59
ozks,188416,170
ozks,65536,16
ozks,180224,171
ozks,196608,177
ozks,69632,29
ozks,102400,62
ozks,57344,2
ozks,57344,3
ozks,65536,17
ozks,65536,13
ozks,65536,19
ozks,57344,3
ozks,57344,0
ozks,65536,20
ozks,102400,68
ozks,102400,72
ozks,225280,233
ozks,57344,4
ozks,172032,146
ozks,57344,1
ozks,65536,17
ozks,57344,1
ozks,262144,276
ozks,57344,5
ozks,57344,2
ozks,307200,336
ozks,135168,95
ozks,57344,5
ozks,57344,0
ozks,57344,6
ozks,65536,18
ozks,548864,678
ozks,57344,0
ozks,57344,8
ozks,57344,5
ozks,176128,157
ozks,507904,627
ozks,57344,0
ozks,57344,9
ozks,671744,866
ozks,454656,541
ozks,57344,4
ozks,57344,1
ozks,102400,68
ozks,98304,54
ozks,65536,14
ozks,65536,20
ozks,57344,10
ozks,675840,852
ozks,57344,8
ozks,94208,45
ozks,65536,13
ozks,57344,6
ozks,225280,233
ozks,57344,2
ozks,69632,30
ozks,65536,16
ozks,57344,1
ozks,57344,6
ozks,57344,1
ozks,90112,41
ozks,57344,2
ozks,57344,2
ozks,237568,246
ozks,65536,14
ozks,57344,0
ozks,57344,0
ozks,126976,91
ozks,69632,27
ozks,57344,2
ozks,69632,29
ozks,176128,158
ozks,57344,5
ozks,57344,2
ozks,73728,35
ozks,57344,10
ozks,57344,3
ozks,73728,36
ozks,94208,44
ozks,57344,2
ozks,159744,135
ozks,57344,1
ozks,65536,20
ozks,557056,672
ozks,57344,2
ozks,57344,8
ozks,65536,13
ozks,233472,241
ozks,57344,1
ozks,102400,62
ozks,536576,665
ozks,147456,121
ozks,98304,52
ozks,57344,1
ozks,65536,17
ozks,65536,18
ozks,114688,80
ozks,57344,0
ozks,57344,10
ozks,57344,10
ozks,57344,10
ozks,57344,3
ozks,57344,3
ozks,57344,1
ozks,57344,0
ozks,380928,449
ozks,65536,19
ozks,94208,42
ozks,118784,82
ozks,57344,1
ozks,65536,19
ozks,65536,15
ozks,57344,8
ozks,409600,482
ozks,65536,13
ozks,94208,49
ozks,57344,11
ozks,57344,8
ozks,339968,389
ozks,167936,147
ozks,65536,20
ozks,90112,40
ozks,57344,4
ozks,65536,14
ozks,172032,146
ozks,65536,17
ozks,73728,36
ozks,69632,30
ozks,90112,41
ozks,65536,19
ozks,57344,11
ozks,450560,541
ozks,159744,137
ozks,65536,17
ozks,65536,12
ozks,110592,78
ozks,94208,47
ozks,135168,100
ozks,65536,17
ozks,143360,109
ozks,69632,29
ozks,143360,114
ozks,69632,31
ozks,57344,4
ozks,176128,158
ozks,159744,137
ozks,110592,76
ozks,81920,39
ozks,204800,201
ozks,57344,5
ozks,253952,268
ozks,57344,1
ozks,57344,4
ozks,102400,67
ozks,57344,2
ozks,782336,998
ozks,626688,791
ozks,176128,158
ozks,57344,8
ozks,184320,165
ozks,233472,237
ozks,57344,1
ozks,57344,5
ozks,94208,50
ozks,65536,13
ozks,57344,1
ozks,57344,2
ozks,69632,24
ozks,57344,7
ozks,57344,1
ozks,73728,34
ozks,57344,8
ozks,69632,25
ozks,73728,35
ozks,57344,3
ozks,57344,7
ozks,57344,8
ozks,57344,10
ozks,65536,17
ozks,356352,412
ozks,57344,2
ozks,57344,7
ozks,57344,1
ozks,114688,77
ozks,57344,9
ozks,663552,845
ozks,69632,22
ozks,65536,18
ozks,57344,1
ozks,57344,8
ozks,57344,3
ozks,57344,3
ozks,360448,412
ozks,57344,3
ozks,57344,0
ozks,450560,541
ozks,323584,360
ozks,98304,61
ozks,65536,13
ozks,57344,7
ozks,483328,596
ozks,126976,88
ozks,57344,11
ozks,139264,109
ozks,57344,8
ozks,57344,8
ozks,65536,21
ozks,73728,34
ozks,155648,129
ozks,163840,143
ozks,57344,0
ozks,421888,506
ozks,90112,40
ozks,57344,2
ozks,65536,15
ozks,57344,0
ozks,57344,0
ozks,57344,1
ozks,65536,12
ozks,57344,0
ozks,57344,1
ozks,159744,140
ozks,274432,300
ozks,94208,50
ozks,98304,54
ozks,65536,20
ozks,245760,254
ozks,69632,31
ozks,57344,3
ozks,73728,34
ozks,765952,983
ozks,57344,1
ozks,98304,58
ozks,57344,7
ozks,135168,101
ozks,57344,1
ozks,540672,677
ozks,65536,13
ozks,57344,2
ozks,65536,18
ozks,98304,60
ozks,65536,18
ozks,57344,9
ozks,57344,4
ozks,159744,135
ozks,65536,19
ozks,57344,1
ozks,57344,2
ozks,98304,58
ozks,98304,61
ozks,69632,28
ozks,69632,29
ozks,57344,1
ozks,290816,321
ozks,65536,13
ozks,57344,1
ozks,57344,6
ozks,98304,58
ozks,65536,17
ozks,81920,39
ozks,69632,30
ozks,57344,7
ozks,57344,5
ozks,57344,8
ozks,286720,324
ozks,57344,0
ozks,73728,36
ozks,233472,246
ozks,57344,6
ozks,57344,5
ozks,319488,360
ozks,110592,78
ozks,57344,6
ozks,73728,33
ozks,65536,20
ozks,57344,7
ozks,65536,14
ozks,208896,206
ozks,57344,1
ozks,94208,44
ozks,57344,10
ozks,57344,1
ozks,65536,18
ozks,73728,34
ozks,69632,22
ozks,65536,19
ozks,65536,14
ozks,57344,2
ozks,155648,129
ozks,139264,103
ozks,94208,47
ozks,192512,179
ozks,57344,4
ozks,69632,28
ozks,57344,0
ozks,266240,292
ozks,57344,7
ozks,57344,0
ozks,57344,10
ozks,532480,661
ozks,57344,0
ozks,98304,57
ozks,65536,13
ozks,102400,68
ozks,102400,67
ozks,65536,17
ozks,57344,0
ozks,57344,0
ozks,65536,21
ozks,155648,131
ozks,57344,1
ozks,90112,41
ozks,57344,0
ozks,57344,0
ozks,57344,11
ozks,57344,8
ozks,69632,22
ozks,57344,5
ozks,753664,974
ozks,69632,28
ozks,57344,4
ozks,57344,5
ozks,69632,23
ozks,98304,53
ozks,81920,38
ozks,73728,36
ozks,73728,36
ozks,589824,742
ozks,57344,11
ozks,385024,448
ozks,57344,3
ozks,155648,133
ozks,69632,27
ozks,57344,3
ozks,98304,58
ozks,159744,142
ozks,65536,12
ozks,610304,769
ozks,57344,6
ozks,69632,30
ozks,110592,77
ozks,94208,50
ozks,172032,152
ozks,57344,3
ozks,57344,0
ozks,57344,11
ozks,57344,3
ozks,163840,142
ozks,499712,617
ozks,753664,983
ozks,81920,38
ozks,57344,6
ozks,69632,26
ozks,94208,43
ozks,65536,19
ozks,57344,11
ozks,69632,25
ozks,155648,130
ozks,364544,428
ozks,65536,12
ozks,57344,8
ozks,102400,62
ozks,65536,14
ozks,57344,5
ozks,65536,15
ozks,364544,415
ozks,356352,411
ozks,57344,7
ozks,73728,34
ozks,57344,2
ozks,57344,8
ozks,57344,11
ozks,172032,146
ozks,65536,12
ozks,98304,59
ozks,172032,151
ozks,139264,107
ozks,57344,1
ozks,57344,1
ozks,155648,133
ozks,57344,1
ozks,163840,144
ozks,57344,8
ozks,647168,819
ozks,69632,24
ozks,57344,4
ozks,73728,32
ozks,57344,7
ozks,131072,91
ozks,57344,1
ozks,57344,5
ozks,65536,17
ozks,634880,805
ozks,57344,5
ozks,69632,27
ozks,176128,155
ozks,57344,2
ozks,65536,20
ozks,57344,2
ozks,102400,64
ozks,57344,7
ozks,626688,791
ozks,167936,147
ozks,57344,3
ozks,57344,7
ozks,57344,1
ozks,57344,0
ozks,57344,4
ozks,73728,32
ozks,69632,30
ozks,57344,3
ozks,602112,746
ozks,57344,7
ozks,94208,51
ozks,131072,93
ozks,57344,1
ozks,69632,24
ozks,57344,4
ozks,57344,4
ozks,57344,3
ozks,57344,7
ozks,57344,0
ozks,57344,7
ozks,69632,27
ozks,81920,39
ozks,57344,8
ozks,57344,4
ozks,98304,52
ozks,57344,9
ozks,57344,10
ozks,57344,4
ozks,163840,143
ozks,57344,8
ozks,57344,1
ozks,57344,6
ozks,299008,328
ozks,421888,500
ozks,57344,1
ozks,155648,123
ozks,57344,6
ozks,102400,65
ozks,581632,724
ozks,57344,7
ozks,57344,1
ozks,57344,0
ozks,57344,6
ozks,307200,339
ozks,65536,13
ozks,57344,5
ozks,372736,438
ozks,98304,59
ozks,57344,3
ozks,57344,0
ozks,57344,1
ozks,57344,4
ozks,98304,53
ozks,57344,3
ozks,102400,62
ozks,380928,451
ozks,57344,1
ozks,57344,9
ozks,163840,141
ozks,57344,3
ozks,57344,11
ozks,65536,13
ozks,65536,20
ozks,57344,9
ozks,98304,59
ozks,73728,35
ozks,102400,66
ozks,57344,5
ozks,57344,11
ozks,57344,3
ozks,57344,10
ozks,90112,41
ozks,65536,17
ozks,65536,20
ozks,57344,6
ozks,57344,1
ozks,172032,145
ozks,172032,146
ozks,163840,140
ozks,188416,178
ozks,176128,158
ozks,266240,280
ozks,57344,2
ozks,57344,0
ozks,57344,7
ozks,69632,28
ozks,57344,10
ozks,57344,0
ozks,57344,8
ozks,57344,2
ozks,102400,62
ozks,81920,37
ozks,57344,6
ozks,57344,1
ozks,57344,1
ozks,57344,9
ozks,57344,1
ozks,57344,9
ozks,57344,8
ozks,65536,12
ozks,81920,37
ozks,57344,0
ozks,57344,1
ozks,57344,4
ozks,155648,130
ozks,57344,3
ozks,57344,1
ozks,159744,137
ozks,57344,3
ozks,126976,90
ozks,57344,0
ozks,57344,7
ozks,57344,3
ozks,57344,7
ozks,69632,29
ozks,65536,17
ozks,57344,8
ozks,69632,23
ozks,176128,158
ozks,278528,288
ozks,454656,541
ozks,57344,2
ozks,57344,4
ozks,57344,8
ozks,57344,8
ozks,57344,7
ozks,159744,134
ozks,57344,1
ozks,57344,8
ozks,57344,3
ozks,57344,3
ozks,57344,9
ozks,356352,412
ozks,94208,44
ozks,143360,111
ozks,434176,522
ozks,57344,2
ozks,57344,2
ozks,57344,6
ozks,69632,23
ozks,57344,5
ozks,57344,8
ozks,126976,90
ozks,69632,24
ozks,73728,32
ozks,57344,10
ozks,532480,669
ozks,57344,8
ozks,65536,17
ozks,131072,92
ozks,65536,19
ozks,65536,16
ozks,159744,142
ozks,57344,0
ozks,663552,830
ozks,57344,0
ozks,65536,18
ozks,69632,27
ozks,57344,5
ozks,57344,2
ozks,57344,8
ozks,57344,9
ozks,118784,82
ozks,57344,1
ozks,57344,0
ozks,57344,6
ozks,57344,9
ozks,73728,32
ozks,167936,148
ozks,73728,34
ozks,57344,2
ozks,65536,17
ozks,57344,10
ozks,57344,6
ozks,69632,27
ozks,57344,6
ozks,57344,8
ozks,57344,0
ozks,57344,0
ozks,57344,3
ozks,57344,4
ozks,57344,8
ozks,65536,17
ozks,57344,9
ozks,57344,0
ozks,102400,69
ozks,57344,1
ozks,57344,2
ozks,327680,378
ozks,765952,991
ozks,57344,1
ozks,192512,172
ozks,81920,37
ozks,65536,17
ozks,618496,780
ozks,65536,12
ozks,57344,2
ozks,73728,32
ozks,73728,34
ozks,65536,15
ozks,307200,327
ozks,135168,101
ozks,57344,8
ozks,69632,26
ozks,159744,140
ozks,57344,0
ozks,57344,1
ozks,57344,3
ozks,57344,0
ozks,94208,44
ozks,57344,0
ozks,225280,233
ozks,57344,7
ozks,73728,35
ozks,204800,202
ozks,57344,8
ozks,69632,23
ozks,57344,0
ozks,81920,38
ozks,57344,2
ozks,57344,1
ozks,57344,9
ozks,57344,4
ozks,57344,8
ozks,335872,383
ozks,69632,22
ozks,57344,0
ozks,94208,44
ozks,57344,6
ozks,57344,1
ozks,73728,34
ozks,69632,22
ozks,94208,49
ozks,57344,4
ozks,135168,105
ozks,57344,0
ozks,102400,72
ozks,57344,5
ozks,57344,1
ozks,110592,75
ozks,176128,166
ozks,249856,263
ozks,393216,463
ozks,57344,2
ozks,57344,9
ozks,139264,110
ozks,315392,346
ozks,57344,1
ozks,57344,3
ozks,94208,46
ozks,57344,9
ozks,57344,0
ozks,57344,2
ozks,655360,825
ozks,151552,129
ozks,57344,3
ozks,69632,28
ozks,274432,302
ozks,249856,257
ozks,57344,8
ozks,57344,0
ozks,98304,54
ozks,65536,12
ozks,57344,5
ozks,57344,4
ozks,118784,83
ozks,57344,1
ozks,155648,137
ozks,57344,11
ozks,57344,6
ozks,126976,91
ozks,57344,3
ozks,65536,18
ozks,81920,38
ozks,303104,342
ozks,126976,89
ozks,57344,0
ozks,131072,99
ozks,57344,6
ozks,65536,13
ozks,57344,0
ozks,65536,19
ozks,57344,4
ozks,69632,23
ozks,57344,1
ozks,57344,1
ozks,57344,1
ozks,57344,10
ozks,57344,5
ozks,65536,19
ozks,540672,665
ozks,159744,137
ozks,126976,92
ozks,294912,325
ozks,94208,42
ozks,65536,17
ozks,57344,8
ozks,94208,45
ozks,57344,4
ozks,98304,52
ozks,57344,0
ozks,57344,11
ozks,139264,107
ozks,200704,185
ozks,528384,663
ozks,65536,20
ozks,184320,170
ozks,307200,338
ozks,290816,325
ozks,69632,22
ozks,65536,17
ozks,81920,37
ozks,57344,0
ozks,159744,137
ozks,155648,128
ozks,57344,2
ozks,69632,22
ozks,110592,76
ozks,65536,13
ozks,110592,78
ozks,69632,28
ozks,180224,170
ozks,102400,68
ozks,339968,388
ozks,69632,26
ozks,65536,21
ozks,102400,63
ozks,69632,22
ozks,69632,30
ozks,57344,1
ozks,57344,1
ozks,57344,2
ozks,118784,84
ozks,65536,20
ozks,65536,16
ozks,65536,13
ozks,102400,69
ozks,69632,22
ozks,65536,17
ozks,57344,6
ozks,57344,3
ozks,57344,0
ozks,57344,0
ozks,73728,36
ozks,57344,5
ozks,69632,24
ozks,65536,18
ozks,57344,7
ozks,65536,18
ozks,65536,15
ozks,73728,35
ozks,180224,169
ozks,65536,18
ozks,307200,351
ozks,114688,80
ozks,57344,0
ozks,73728,34
ozks,57344,3
ozks,94208,50
ozks,57344,4
ozks,102400,64
ozks,69632,28
ozks,57344,6
ozks,57344,11
ozks,65536,12
ozks,65536,21
ozks,65536,14
ozks,172032,151
ozks,57344,3
ozks,69632,24
ozks,159744,137
ozks,57344,4
ozks,172032,150
ozks,655360,840
ozks,258048,279
ozks,94208,49
ozks,57344,10
ozks,552960,673
ozks,57344,7
ozks,57344,4
ozks,57344,7
ozks,57344,1
ozks,57344,8
ozks,98304,56
ozks,57344,8
ozks,57344,1
ozks,57344,1
ozks,69632,31
ozks,57344,11
ozks,176128,158
ozks,94208,43
ozks,704512,903
ozks,65536,12
ozks,57344,2
ozks,57344,3
ozks,57344,4
ozks,208896,205
ozks,65536,23
ozks,221184,213
ozks,65536,13
ozks,69632,30
ozks,57344,6
ozks,73728,35
ozks,65536,13
ozks,57344,1
ozks,57344,2
ozks,57344,1
ozks,57344,4
ozks,57344,1
ozks,143360,109
ozks,65536,15
ozks,151552,125
ozks,610304,763
ozks,57344,2
ozks,57344,6
ozks,57344,2
ozks,65536,17
ozks,98304,51
ozks,69632,23
ozks,57344,9
ozks,57344,0
ozks,98304,52
ozks,57344,0
ozks,65536,15
ozks,57344,7
ozks,200704,190
ozks,57344,9
ozks,57344,3
ozks,57344,3
ozks,57344,3
ozks,57344,1
ozks,57344,8
ozks,73728,34
ozks,73728,32
ozks,57344,11
ozks,65536,20
ozks,57344,1
ozks,57344,9
ozks,57344,8
ozks,57344,5
ozks,57344,9
ozks,163840,140
ozks,57344,3
ozks,290816,325
ozks,57344,8
ozks,57344,8
ozks,57344,1
ozks,69632,24
ozks,159744,137
ozks,102400,69
ozks,57344,2
ozks,212992,210
ozks,57344,9
ozks,57344,6
ozks,98304,58
ozks,65536,14
ozks,139264,110
ozks,69632,23
ozks,57344,4
ozks,98304,58
ozks,57344,7
ozks,65536,13
ozks,57344,7
ozks,65536,13
ozks,204800,191
ozks,65536,13
ozks,57344,5
ozks,405504,460
ozks,69632,24
ozks,57344,8
ozks,57344,10
ozks,102400,67
ozks,57344,11
ozks,81920,38
ozks,57344,0
ozks,57344,3
ozks,143360,115
ozks,57344,6
ozks,208896,210
ozks,57344,5
ozks,98304,61
ozks,57344,1
ozks,57344,2
ozks,57344,5
ozks,57344,10
ozks,303104,337
ozks,57344,1
ozks,135168,106
ozks,65536,17
ozks,57344,5
ozks,57344,6
ozks,65536,18
ozks,57344,8
ozks,57344,2
ozks,81920,37
ozks,299008,329
ozks,57344,2
ozks,65536,21
ozks,65536,13
ozks,98304,53
ozks,57344,8
ozks,450560,541
ozks,118784,84
ozks,57344,5
ozks,81920,38
ozks,610304,762
ozks,69632,31
ozks,208896,197
ozks,200704,185
ozks,57344,11
ozks,65536,13
ozks,118784,81
ozks,69632,22
ozks,57344,1
ozks,57344,8
ozks,172032,146
ozks,69632,23
ozks,94208,43
ozks,733184,943
ozks,65536,15
ozks,102400,70
ozks,57344,0
ozks,135168,101
ozks,237568,254
ozks,57344,1
ozks,139264,110
ozks,57344,1
ozks,65536,17
ozks,98304,60
ozks,69632,31
ozks,65536,12
ozks,57344,1
ozks,57344,5
ozks,73728,36
ozks,94208,46
ozks,73728,32
ozks,57344,3
ozks,65536,18
ozks,57344,10
ozks,94208,43
ozks,184320,173
ozks,57344,11
ozks,90112,41
ozks,90112,41
ozks,57344,3
ozks,81920,37
ozks,69632,30
ozks,303104,342
ozks,57344,0
ozks,57344,4
ozks,57344,11
ozks,57344,5
ozks,102400,71
ozks,65536,20
ozks,57344,8
ozks,65536,16
ozks,69632,26
ozks,57344,2
ozks,290816,324
ozks,57344,0
ozks,163840,142
ozks,57344,2
ozks,57344,1
ozks,65536,17
ozks,114688,80
ozks,106496,72
ozks,69632,24
ozks,192512,173
ozks,57344,2
ozks,57344,5
ozks,57344,10
ozks,57344,1
ozks,139264,110
ozks,155648,128
ozks,65536,17
ozks,253952,274
ozks,57344,0
ozks,598016,743
ozks,57344,0
ozks,155648,127
ozks,65536,17
ozks,57344,0
ozks,65536,12
ozks,57344,0
ozks,200704,189
ozks,131072,93
ozks,57344,1
ozks,57344,1
ozks,577536,724
ozks,69632,23
ozks,57344,8
ozks,282624,311
ozks,102400,65
ozks,57344,7
ozks,57344,8
ozks,151552,124
ozks,102400,64
ozks,69632,24
ozks,167936,149
ozks,94208,43
ozks,57344,7
ozks,69632,24
ozks,57344,10
ozks,57344,1
ozks,159744,137
ozks,57344,8
ozks,69632,21
ozks,57344,4
ozks,94208,43
ozks,651264,822
ozks,176128,160
ozks,94208,43
ozks,102400,68
ozks,57344,3
ozks,57344,6
ozks,57344,1
ozks,57344,1
ozks,57344,2
ozks,57344,6
ozks,57344,1
ozks,65536,12
ozks,57344,6
ozks,57344,6
ozks,65536,18
ozks,57344,1
ozks,94208,50
ozks,180224,164
ozks,65536,19
ozks,94208,48
ozks,180224,168
ozks,65536,13
ozks,57344,3
ozks,57344,4
ozks,131072,91
ozks,57344,6
ozks,57344,6
ozks,98304,55
ozks,139264,110
ozks,57344,4
ozks,69632,26
ozks,131072,92
ozks,65536,17
ozks,405504,483
ozks,57344,4
ozks,114688,80
ozks,65536,17
ozks,450560,541
ozks,57344,2
ozks,57344,7
ozks,446464,548
ozks,57344,10
ozks,57344,6
ozks,65536,17
ozks,57344,5
ozks,57344,0
ozks,110592,77
ozks,73728,32
ozks,57344,0
ozks,57344,1
ozks,69632,25
ozks,57344,8
ozks,57344,8
ozks,57344,5
ozks,385024,448
ozks,704512,895
ozks,57344,4
ozks,57344,8
ozks,57344,8
ozks,65536,14
ozks,200704,183
ozks,204800,199
ozks,57344,2
ozks,57344,0
ozks,57344,1
ozks,126976,90
ozks,57344,0
ozks,65536,12
ozks,65536,15
ozks,57344,2
ozks,65536,16
ozks,98304,52
ozks,282624,313
ozks,57344,6
ozks,57344,8
ozks,348160,401
ozks,65536,17
ozks,102400,64
ozks,311296,352
ozks,69632,31
ozks,57344,9
ozks,65536,17
ozks,65536,12
ozks,57344,1
ozks,57344,0
ozks,69632,26
ozks,172032,147
ozks,57344,10
ozks,98304,59
ozks,98304,53
ozks,65536,17
ozks,57344,11
ozks,90112,40
ozks,57344,2
ozks,57344,3
ozks,405504,473
ozks,65536,15
ozks,57344,0
ozks,57344,8
ozks,57344,8
ozks,65536,14
ozks,98304,57
ozks,57344,8
ozks,94208,44
ozks,65536,20
ozks,57344,5
ozks,57344,3
ozks,69632,23
ozks,57344,9
ozks,98304,54
ozks,65536,17
ozks,65536,15
ozks,57344,2
ozks,57344,7
ozks,73728,32
ozks,131072,92
ozks,57344,6
ozks,57344,7
ozks,73728,32
ozks,57344,6
ozks,454656,538
ozks,69632,31
ozks,57344,1
ozks,94208,43
ozks,57344,1
ozks,286720,315
ozks,57344,11
ozks,65536,19
ozks,57344,11
ozks,532480,665
ozks,57344,8
ozks,204800,196
ozks,57344,1
ozks,57344,1
ozks,57344,0
ozks,57344,8
ozks,57344,9
ozks,102400,71
ozks,102400,71
ozks,57344,2
ozks,135168,94
ozks,94208,50
ozks,65536,17
ozks,57344,6
ozks,57344,2
ozks,57344,0
ozks,319488,360
ozks,73728,33
ozks,671744,856
ozks,57344,9
ozks,69632,28
ozks,57344,2
ozks,65536,13
ozks,57344,8
ozks,57344,3
ozks,57344,9
ozks,57344,1
ozks,147456,115
ozks,57344,10
ozks,131072,91
ozks,299008,325
ozks,57344,1
ozks,57344,3
ozks,155648,136
ozks,57344,3
ozks,307200,338
ozks,57344,6
ozks,69632,28
ozks,110592,75
ozks,57344,8
ozks,622592,793
ozks,94208,50
ozks,57344,4
ozks,147456,117
ozks,69632,22
ozks,69632,30
ozks,65536,14
ozks,65536,13
ozks,57344,0
ozks,57344,10
ozks,155648,123
ozks,65536,17
ozks,57344,6
ozks,57344,1
ozks,57344,8
ozks,57344,2
ozks,65536,14
ozks,57344,1
ozks,131072,92
ozks,204800,184
ozks,167936,143
ozks,102400,69
ozks,57344,0
ozks,57344,1
ozks,57344,2
ozks,57344,8
ozks,110592,77
ozks,159744,140
ozks,159744,140
ozks,57344,4
ozks,57344,8
ozks,65536,17
ozks,57344,8
ozks,749568,965
ozks,57344,9
ozks,94208,48
ozks,126976,86
ozks,57344,10
ozks,577536,712
ozks,495616,607
ozks,57344,1
ozks,94208,45
ozks,172032,150
ozks,200704,182
ozks,229376,228
ozks,57344,0
ozks,73728,34
ozks,69632,31
ozks,65536,19
ozks,65536,15
ozks,57344,2
ozks,57344,1
ozks,65536,20
ozks,57344,8
ozks,57344,1
ozks,131072,92
ozks,57344,0
ozks,57344,5
ozks,57344,8
ozks,57344,4
ozks,57344,3
ozks,57344,2
ozks,229376,227
ozks,65536,20
ozks,81920,39
ozks,57344,0
ozks,208896,202
ozks,57344,1
ozks,57344,10
ozks,69632,24
ozks,57344,6
ozks,102400,68
ozks,57344,0
ozks,98304,59
ozks,57344,9
ozks,69632,29
ozks,98304,56
ozks,65536,18
ozks,57344,8
ozks,57344,8
ozks,765952,993
ozks,57344,0
ozks,57344,4
ozks,69632,31
ozks,57344,0
ozks,73728,34
ozks,57344,5
ozks,57344,2
ozks,155648,127
ozks,131072,90
ozks,69632,22
ozks,356352,398
ozks,94208,48
ozks,57344,10
ozks,65536,19
ozks,65536,13
ozks,57344,3
ozks,65536,13
ozks,102400,67
ozks,69632,26
ozks,57344,10
ozks,69632,22
ozks,98304,56
ozks,57344,2
ozks,57344,1
ozks,57344,0
ozks,139264,104
ozks,65536,16
ozks,761856,967
ozks,69632,26
ozks,57344,5
ozks,147456,114
ozks,69632,28
ozks,57344,8
ozks,57344,0
ozks,57344,0
ozks,765952,984
ozks,663552,840
ozks,131072,99
ozks,65536,13
ozks,303104,342
ozks,57344,11
ozks,57344,11
ozks,57344,0
ozks,65536,12
ozks,94208,46
ozks,110592,79
ozks,73728,36
ozks,94208,49
ozks,57344,2
ozks,57344,8
ozks,57344,3
ozks,143360,111
ozks,73728,33
ozks,57344,10
ozks,57344,4
ozks,147456,116
ozks,57344,8
ozks,57344,2
ozks,700416,896
ozks,57344,1
ozks,57344,11
ozks,65536,12
ozks,65536,20
ozks,57344,2
ozks,57344,5
ozks,204800,194
ozks,57344,1
ozks,57344,5
ozks,57344,0
ozks,57344,8
ozks,57344,8
ozks,139264,107
ozks,135168,103
ozks,204800,201
ozks,102400,71
ozks,98304,54
ozks,69632,23
ozks,528384,669
ozks,57344,9
ozks,57344,9
ozks,65536,21
ozks,102400,62
ozks,671744,852
ozks,57344,6
ozks,57344,7
ozks,98304,54
ozks,65536,15
ozks,290816,324
ozks,57344,0
ozks,57344,2
ozks,57344,3
ozks,208896,194
ozks,65536,17
ozks,57344,3
ozks,319488,360
ozks,69632,25
ozks,172032,146
ozks,57344,1
ozks,65536,12
ozks,57344,1
ozks,57344,0
ozks,98304,56
ozks,94208,51
ozks,57344,1
ozks,69632,27
ozks,57344,2
ozks,57344,0
ozks,81920,38
ozks,57344,0
ozks,57344,7
ozks,57344,4
ozks,126976,87
ozks,57344,6
ozks,57344,6
ozks,57344,7
ozks,90112,40
ozks,57344,5
ozks,57344,9
ozks,57344,1
ozks,544768,673
ozks,57344,3
ozks,65536,17
ozks,94208,52
ozks,65536,20
ozks,57344,8
ozks,57344,1
ozks,147456,116
ozks,57344,5
ozks,139264,105
ozks,65536,18
ozks,57344,8
ozks,430080,512
ozks,57344,3
ozks,98304,55
ozks,94208,47
ozks,94208,44
ozks,143360,111
ozks,299008,343
ozks,57344,8
ozks,65536,17
ozks,57344,1
ozks,73728,35
ozks,237568,246
ozks,57344,8
ozks,57344,1
ozks,57344,8
ozks,65536,18
ozks,114688,80
ozks,69632,22
ozks,57344,1
ozks,57344,7
ozks,57344,1
ozks,73728,36
ozks,57344,4
ozks,106496,72
ozks,57344,1
ozks,69632,30
ozks,65536,16
ozks,69632,30
ozks,73728,36
ozks,57344,1
ozks,65536,13
ozks,81920,38
ozks,65536,13
ozks,57344,7
ozks,65536,16
ozks,57344,3
ozks,176128,153
ozks,57344,0
ozks,176128,156
ozks,65536,18
ozks,98304,53
ozks,73728,36
ozks,434176,518
ozks,57344,9
ozks,499712,613
ozks,57344,2
ozks,69632,22
ozks,69632,24
ozks,57344,2
ozks,57344,5
ozks,131072,92
ozks,69632,21
ozks,57344,1
ozks,65536,15
ozks,143360,109
ozks,57344,3
ozks,69632,25
ozks,57344,3
ozks,65536,18
ozks,110592,75
ozks,131072,89
ozks,57344,6
ozks,110592,79
ozks,229376,257
ozks,151552,121
ozks,57344,4
ozks,57344,8
ozks,98304,56
ozks,57344,6
ozks,73728,34
ozks,65536,12
ozks,65536,20
ozks,57344,5
ozks,57344,1
ozks,73728,36
ozks,65536,18
ozks,126976,89
ozks,57344,25
ozks,57344,3
ozks,57344,4
ozks,98304,62
ozks,57344,9
ozks,65536,17
ozks,57344,8
ozks,57344,0
ozks,57344,4
ozks,102400,66
ozks,57344,5
ozks,57344,3
ozks,57344,0
ozks,57344,8
ozks,286720,308
ozks,98304,60
ozks,57344,4
ozks,73728,36
ozks,69632,26
ozks,57344,7
ozks,57344,1
ozks,65536,21
ozks,57344,6
ozks,520192,644
ozks,98304,57
ozks,57344,1
ozks,57344,8
ozks,57344,0
ozks,57344,4
ozks,57344,0
ozks,57344,3
ozks,684032,859
ozks,57344,7
ozks,65536,19
ozks,155648,140
ozks,57344,0
ozks,364544,423
ozks,65536,12
ozks,57344,9
ozks,65536,12
ozks,118784,83
ozks,57344,0
ozks,57344,3
ozks,102400,59
ozks,176128,159
ozks,57344,1
ozks,507904,635
ozks,73728,34
ozks,69632,24
ozks,57344,1
ozks,57344,1
ozks,57344,4
ozks,294912,324
ozks,57344,6
ozks,57344,2
ozks,57344,1
ozks,65536,20
ozks,57344,0
ozks,57344,8
ozks,57344,1
ozks,57344,11
ozks,65536,13
ozks,786432,1000
ozks,102400,69
ozks,69632,29
ozks,176128,158
ozks,57344,6
ozks,286720,313
ozks,57344,0
ozks,57344,4
ozks,65536,21
ozks,65536,17
ozks,73728,33
ozks,159744,137
ozks,606208,763
ozks,94208,43
ozks,65536,13
ozks,57344,4
ozks,57344,7
ozks,69632,29
ozks,98304,58
ozks,57344,11
ozks,638976,807
ozks,561152,700
ozks,167936,143
ozks,57344,7
ozks,73728,34
ozks,65536,17
ozks,57344,0
ozks,57344,11
ozks,57344,10
ozks,57344,8
ozks,94208,45
ozks,225280,231
ozks,57344,2
ozks,57344,0
ozks,69632,28
ozks,167936,144
ozks,57344,1
ozks,57344,3
ozks,192512,177
ozks,552960,691
ozks,102400,66
ozks,57344,2
ozks,57344,8
ozks,65536,13
ozks,126976,89
ozks,65536,14
ozks,69632,31
ozks,454656,551
ozks,73728,32
ozks,57344,8
ozks,57344,2
ozks,69632,22
ozks,57344,5
ozks,692224,890
ozks,57344,11
ozks,57344,6
ozks,57344,3
ozks,57344,8
ozks,69632,24
ozks,57344,3
ozks,151552,129
ozks,57344,1
ozks,307200,351
ozks,73728,34
ozks,57344,9
ozks,57344,0
ozks,172032,155
ozks,69632,31
ozks,57344,0
ozks,57344,1
ozks,98304,60
ozks,65536,18
ozks,172032,153
ozks,94208,45
ozks,57344,5
ozks,57344,8
ozks,65536,15
ozks,65536,19
ozks,73728,34
ozks,110592,76
ozks,65536,14
ozks,98304,52
ozks,57344,0
ozks,57344,11
ozks,73728,36
ozks,57344,10
ozks,131072,93
ozks,167936,145
ozks,102400,70
ozks,57344,8
ozks,180224,169
ozks,57344,10
ozks,65536,21
ozks,65536,17
ozks,126976,92
ozks,57344,11
ozks,57344,11
ozks,200704,188
ozks,57344,2
ozks,57344,4
ozks,57344,8
ozks,65536,19
ozks,102400,70
ozks,159744,138
ozks,57344,1
ozks,57344,4
ozks,159744,141
ozks,57344,1
ozks,57344,2
ozks,57344,2
ozks,737280,942
ozks,65536,14
ozks,151552,124
ozks,57344,8
ozks,159744,134
ozks,626688,789
ozks,65536,14
ozks,233472,240
ozks,126976,91
ozks,57344,6
ozks,225280,232
ozks,57344,8
ozks,98304,55
ozks,69632,30
ozks,634880,792
ozks,65536,14
ozks,69632,23
ozks,94208,45
ozks,57344,8
ozks,98304,56
ozks,57344,9
ozks,73728,32
ozks,57344,4
ozks,57344,10
ozks,57344,0
ozks,114688,80
ozks,57344,3
ozks,299008,342
ozks,57344,9
ozks,94208,50
ozks,57344,0
ozks,57344,2
ozks,249856,507
ozks,94208,45
ozks,94208,50
ozks,57344,1
ozks,73728,36
ozks,94208,48
ozks,94208,44
ozks,94208,43
ozks,57344,9
ozks,155648,130
ozks,65536,21
ozks,131072,99
ozks,65536,16
ozks,57344,5
ozks,57344,1
ozks,69632,31
ozks,69632,28
ozks,69632,26
ozks,57344,11
ozks,57344,2
ozks,65536,17
ozks,65536,12
ozks,69632,27
ozks,176128,154
ozks,69632,27
ozks,65536,15
ozks,102400,65
ozks,663552,840
ozks,73728,34
ozks,57344,0
ozks,626688,799
ozks,94208,42
ozks,69632,26
ozks,126976,88
ozks,57344,8
ozks,102400,65
ozks,65536,13
ozks,81920,37
ozks,598016,750
ozks,57344,1
ozks,57344,10
ozks,57344,10
ozks,200704,194
ozks,503808,628
ozks,57344,5
ozks,57344,7
ozks,69632,30
ozks,221184,215
ozks,57344,0
ozks,73728,34
ozks,65536,17
ozks,94208,49
ozks,73728,32
ozks,69632,23
ozks,57344,6
ozks,126976,88
ozks,69632,27
ozks,57344,7
ozks,94208,48
ozks,253952,268
ozks,57344,2
ozks,57344,11
ozks,57344,0
ozks,57344,5
ozks,102400,66
ozks,57344,8
ozks,57344,2
ozks,57344,0
ozks,57344,8
ozks,57344,0
ozks,57344,4
ozks,57344,10
ozks,73728,36
ozks,57344,0
ozks,57344,2
ozks,98304,53
ozks,159744,133
ozks,69632,25
ozks,274432,304
ozks,73728,36
ozks,57344,8
ozks,57344,11
ozks,98304,52
ozks,159744,137
ozks,69632,25
ozks,57344,5
ozks,57344,7
ozks,425984,517
ozks,57344,8
ozks,606208,764
ozks,69632,30
ozks,90112,40
ozks,581632,724
ozks,57344,4
ozks,57344,0
ozks,57344,11
ozks,57344,5
ozks,57344,11
ozks,57344,1
ozks,114688,80
ozks,57344,8
ozks,57344,7
ozks,225280,223
ozks,69632,22
ozks,57344,6
ozks,57344,10
ozks,98304,57
ozks,57344,0
ozks,65536,14
ozks,57344,2
ozks,94208,49
ozks,602112,744
ozks,57344,7
ozks,172032,146
ozks,65536,12
ozks,69632,25
ozks,94208,51
ozks,65536,17
ozks,57344,5
ozks,57344,10
ozks,57344,7
ozks,151552,127
ozks,57344,5
ozks,57344,9
ozks,65536,14
ozks,57344,3
ozks,65536,13
ozks,57344,7
ozks,57344,2
ozks,57344,4
ozks,159744,140
ozks,65536,14
ozks,110592,73
ozks,57344,7
ozks,180224,168
ozks,57344,6
ozks,98304,55
ozks,720896,929
ozks,57344,0
ozks,65536,13
ozks,65536,16
ozks,65536,17
ozks,57344,1
ozks,65536,12
ozks,155648,127
ozks,65536,13
ozks,65536,19
ozks,65536,17
ozks,94208,45
ozks,57344,11
ozks,57344,4
ozks,159744,138
ozks,57344,7
ozks,57344,4
ozks,155648,128
ozks,192512,178
ozks,65536,12
ozks,65536,14
ozks,57344,1
ozks,57344,4
ozks,57344,9
ozks,434176,523
ozks,57344,7
ozks,57344,6
ozks,57344,4
ozks,57344,6
ozks,57344,4
ozks,65536,15
ozks,57344,6
ozks,57344,4
ozks,303104,342
ozks,57344,2
ozks,57344,6
ozks,57344,1
ozks,57344,3
ozks,65536,15
ozks,57344,8
ozks,57344,3
ozks,65536,17
ozks,57344,4
ozks,110592,78
ozks,626688,794
ozks,57344,1
ozks,57344,7
ozks,73728,36
ozks,57344,1
ozks,65536,17
ozks,69632,24
ozks,73728,34
ozks,110592,76
ozks,57344,6
ozks,73728,34
ozks,57344,1
ozks,94208,51
ozks,57344,0
ozks,69632,26
ozks,94208,47
ozks,782336,1000
ozks,57344,10
ozks,94208,45
ozks,65536,12
ozks,225280,231
ozks,307200,344
ozks,65536,18
ozks,57344,1
ozks,57344,1
ozks,57344,4
ozks,57344,1
ozks,57344,1
ozks,57344,4
ozks,73728,31
ozks,57344,2
ozks,155648,136
ozks,372736,431
ozks,57344,8
ozks,57344,10
ozks,131072,101
ozks,81920,38
ozks,57344,3
ozks,290816,324
ozks,65536,15
ozks,69632,28
ozks,102400,68
ozks,114688,80
ozks,57344,10
ozks,102400,64
ozks,57344,7
ozks,57344,7
ozks,102400,67
ozks,57344,5
ozks,184320,166
ozks,151552,127
ozks,57344,6
ozks,57344,6
ozks,135168,101
ozks,65536,19
ozks,212992,210
ozks,81920,38
ozks,720896,932
ozks,57344,3
ozks,65536,17
ozks,57344,0
ozks,163840,143
ozks,102400,51
ozks,143360,112
ozks,57344,10
ozks,57344,11
ozks,65536,18
ozks,57344,1
ozks,57344,9
ozks,671744,857
ozks,69632,26
ozks,122880,85
ozks,94208,49
ozks,57344,2
ozks,57344,9
ozks,57344,3
ozks,57344,1
ozks,73728,34
ozks,57344,6
ozks,81920,38
ozks,57344,9
ozks,69632,30
ozks,380928,451
ozks,208896,201
ozks,57344,0
ozks,57344,1
ozks,98304,52
ozks,57344,1
ozks,102400,64
ozks,385024,438
ozks,200704,189
ozks,57344,0
ozks,454656,541
ozks,57344,11
ozks,65536,12
ozks,552960,690
ozks,57344,0
ozks,57344,7
ozks,57344,2
ozks,303104,343
ozks,69632,22
ozks,57344,11
ozks,57344,0
ozks,196608,181
ozks,57344,7
ozks,90112,40
ozks,73728,34
ozks,65536,19
ozks,135168,94
ozks,57344,10
ozks,167936,143
ozks,57344,11
ozks,155648,136
ozks,118784,84
ozks,57344,4
ozks,57344,1
ozks,65536,15
ozks,65536,12
ozks,57344,3
ozks,98304,59
ozks,69632,29
ozks,98304,56
ozks,163840,141
ozks,110592,76
ozks,57344,6
ozks,57344,2
ozks,57344,3
ozks,94208,50
ozks,57344,1
ozks,57344,3
ozks,57344,4
ozks,65536,20
ozks,98304,54
ozks,57344,2
ozks,69632,27
ozks,102400,63
ozks,65536,17
ozks,57344,3
ozks,69632,25
ozks,65536,13
ozks,57344,3
ozks,57344,9
ozks,57344,0
ozks,57344,10
ozks,57344,8
ozks,57344,8
ozks,73728,33
ozks,520192,642
ozks,323584,369
ozks,57344,11
ozks,57344,7
ozks,65536,12
ozks,57344,8
ozks,69632,24
ozks,57344,1
ozks,65536,20
ozks,65536,16
ozks,176128,158
ozks,65536,18
ozks,147456,117
ozks,57344,3
ozks,57344,1
ozks,69632,24
ozks,57344,0
ozks,57344,10
ozks,57344,0
ozks,73728,32
ozks,98304,53
ozks,57344,0
ozks,57344,3
ozks,81920,39
ozks,761856,954
ozks,57344,8
ozks,65536,13
ozks,286720,316
ozks,57344,0
ozks,167936,152
ozks,65536,16
ozks,57344,2
ozks,65536,13
ozks,94208,45
ozks,679936,865
ozks,57344,1
ozks,65536,14
ozks,65536,21
ozks,450560,540
ozks,69632,22
ozks,57344,6
ozks,69632,28
ozks,65536,17
ozks,57344,6
ozks,290816,320
ozks,57344,2
ozks,57344,4
ozks,376832,439
ozks,131072,89
ozks,159744,139
ozks,57344,5
ozks,57344,0
ozks,57344,1
ozks,303104,327
ozks,94208,45
ozks,57344,9
ozks,57344,1
ozks,151552,122
ozks,552960,680
ozks,57344,2
ozks,57344,1
ozks,57344,0
ozks,57344,1
ozks,278528,312
ozks,425984,504
ozks,131072,93
ozks,65536,17
ozks,163840,140
ozks,258048,268
ozks,69632,25
ozks,57344,9
ozks,126976,87
ozks,659456,846
ozks,278528,303
ozks,131072,98
ozks,65536,17
ozks,69632,30
ozks,73728,35
ozks,200704,181
ozks,57344,3
ozks,118784,84
ozks,159744,135
ozks,57344,1
ozks,69632,22
ozks,65536,13
ozks,57344,2
ozks,57344,0
ozks,65536,19
ozks,131072,95
ozks,57344,0
ozks,94208,44
ozks,57344,6
ozks,139264,107
ozks,139264,109
ozks,57344,3
ozks,102400,70
ozks,761856,983
ozks,65536,12
ozks,81920,39
ozks,57344,2
ozks,413696,486
ozks,147456,114
ozks,94208,51
ozks,57344,11
ozks,57344,8
ozks,57344,1
ozks,135168,93
ozks,57344,3
ozks,57344,3
ozks,57344,3
ozks,57344,1
ozks,495616,606
ozks,57344,1
ozks,57344,0
ozks,57344,1
ozks,155648,141
ozks,57344,10
ozks,73728,31
ozks,57344,7
ozks,69632,26
ozks,57344,6
ozks,57344,4
ozks,114688,77
ozks,57344,1
ozks,65536,17
ozks,65536,14
ozks,65536,12
ozks,57344,3
ozks,151552,127
ozks,57344,0
ozks,65536,20
ozks,57344,9
ozks,65536,14
ozks,724992,931
ozks,253952,272
ozks,253952,507
ozks,294912,325
ozks,57344,0
ozks,65536,19
ozks,69632,23
ozks,57344,7
ozks,131072,92
ozks,57344,9
ozks,57344,6
ozks,57344,1
ozks,126976,88
ozks,69632,24
ozks,159744,136
ozks,57344,11
ozks,57344,8
ozks,73728,35
ozks,102400,68
ozks,114688,81
ozks,98304,60
ozks,700416,893
ozks,65536,13
ozks,57344,1
ozks,57344,1
ozks,65536,19
ozks,274432,297
ozks,65536,17
ozks,180224,165
ozks,57344,9
ozks,184320,168
ozks,286720,325
ozks,65536,14
ozks,167936,153
ozks,143360,109
ozks,57344,6
ozks,69632,27
ozks,102400,67
ozks,65536,13
ozks,94208,45
ozks,540672,673
ozks,57344,2
ozks,573440,711
ozks,98304,60
ozks,57344,3
ozks,94208,48
ozks,94208,43
ozks,606208,741
ozks,57344,0
ozks,57344,5
ozks,57344,8
ozks,159744,140
ozks,65536,16
ozks,57344,11
ozks,65536,17
ozks,65536,15
ozks,57344,4
ozks,749568,966
ozks,57344,2
ozks,57344,5
ozks,143360,111
ozks,57344,5
ozks,57344,0
ozks,57344,3
ozks,57344,0
ozks,57344,1
ozks,200704,181
ozks,57344,0
ozks,69632,31
ozks,57344,4
ozks,684032,856
ozks,159744,139
ozks,57344,0
ozks,57344,9
ozks,94208,50
ozks,57344,10
ozks,57344,1
ozks,65536,18
ozks,143360,115
ozks,65536,19
ozks,114688,82
ozks,57344,3
ozks,69632,26
ozks,651264,819
ozks,57344,0
ozks,57344,7
ozks,286720,324
ozks,57344,9
ozks,57344,4
ozks,57344,8
ozks,237568,244
ozks,57344,3
ozks,69632,22
ozks,57344,0
ozks,57344,1
ozks,102400,72
ozks,151552,122
ozks,147456,116
ozks,57344,3
ozks,57344,5
ozks,65536,13
ozks,73728,35
ozks,57344,3
ozks,57344,0
ozks,57344,0
ozks,57344,1
ozks,65536,16
ozks,57344,7
ozks,57344,2
ozks,184320,170
ozks,102400,68
ozks,57344,5
ozks,319488,360
ozks,94208,43
ozks,57344,7
ozks,114688,80
ozks,57344,0
ozks,94208,50
ozks,110592,79
ozks,65536,20
ozks,552960,681
ozks,155648,134
ozks,102400,63
ozks,94208,45
ozks,57344,9
ozks,98304,56
ozks,57344,11
ozks,57344,4
ozks,57344,6
ozks,339968,383
ozks,57344,3
ozks,253952,274
ozks,229376,239
ozks,98304,55
ozks,253952,268
ozks,57344,8
ozks,57344,3
ozks,69632,28
ozks,57344,4
ozks,94208,51
ozks,303104,340
ozks,57344,3
ozks,438272,521
ozks,69632,23
ozks,69632,24
ozks,98304,54
ozks,356352,408
ozks,151552,123
ozks,434176,523
ozks,57344,1
ozks,159744,140
ozks,57344,2
ozks,57344,6
ozks,57344,3
ozks,110592,76
ozks,57344,1
ozks,69632,29
ozks,65536,12
ozks,65536,13
ozks,57344,11
ozks,204800,184
ozks,176128,163
ozks,65536,14
ozks,98304,59
ozks,512000,633
ozks,102400,69
ozks,69632,22
ozks,57344,6
ozks,57344,1
ozks,73728,35
ozks,172032,149
ozks,94208,43
ozks,57344,2
ozks,131072,98
ozks,57344,4
ozks,172032,155
ozks,57344,2
ozks,69632,24
ozks,380928,445
ozks,57344,3
ozks,57344,11
ozks,57344,8
ozks,57344,0
ozks,57344,3
ozks,180224,164
ozks,155648,129
ozks,57344,9
ozks,57344,0
ozks,57344,10
ozks,135168,103
ozks,94208,43
ozks,69632,26
ozks,57344,8
ozks,69632,27
ozks,57344,6
ozks,102400,66
ozks,57344,3
ozks,69632,25
ozks,57344,1
ozks,212992,212
ozks,57344,8
ozks,69632,23
ozks,57344,0
ozks,94208,44
ozks,69632,26
ozks,118784,84
ozks,180224,165
ozks,65536,17
ozks,65536,19
ozks,57344,4
ozks,57344,0
ozks,65536,13
ozks,65536,13
ozks,163840,144
ozks,65536,12
ozks,57344,5
ozks,81920,37
ozks,593920,743
ozks,57344,10
ozks,57344,8
ozks,65536,19
ozks,57344,5
ozks,356352,408
ozks,57344,0
ozks,94208,47
ozks,57344,9
ozks,57344,0
ozks,57344,2
ozks,57344,7
ozks,69632,24
ozks,57344,2
ozks,69632,22
ozks,69632,31
ozks,57344,5
ozks,733184,943
ozks,65536,21
ozks,57344,7
ozks,73728,35
ozks,774144,991
ozks,462848,564
ozks,57344,3
ozks,102400,66
ozks,69632,23
ozks,57344,7
ozks,57344,1
ozks,57344,3
ozks,69632,31
ozks,57344,2
ozks,172032,151
ozks,94208,48
ozks,65536,15
ozks,57344,1
ozks,765952,983
ozks,69632,23
ozks,57344,7
ozks,57344,2
ozks,57344,2
ozks,110592,74
ozks,131072,96
ozks,57344,6
ozks,65536,13
ozks,69632,22
ozks,57344,4
ozks,81920,39
ozks,57344,0
ozks,69632,26
ozks,110592,79
ozks,69632,31
ozks,90112,41
ozks,57344,11
ozks,57344,3
ozks,57344,1
ozks,57344,8
ozks,176128,158
ozks,73728,35
ozks,57344,11
ozks,57344,1
ozks,253952,268
ozks,57344,10
ozks,57344,1
ozks,413696,491
ozks,167936,146
ozks,57344,7
ozks,57344,4
ozks,57344,8
ozks,65536,17
ozks,94208,50
ozks,98304,55
ozks,57344,9
ozks,57344,0
ozks,163840,142
ozks,69632,25
ozks,94208,51
ozks,118784,82
ozks,73728,33
ozks,57344,5
ozks,65536,17
ozks,102400,65
ozks,65536,18
ozks,57344,6
ozks,102400,68
ozks,57344,6
ozks,57344,2
ozks,204800,190
ozks,57344,2
ozks,331776,369
ozks,57344,1
ozks,57344,1
ozks,57344,4
ozks,135168,95
ozks,69632,29
ozks,364544,415
ozks,57344,1
ozks,57344,2
ozks,73728,33
ozks,69632,29
ozks,57344,1
ozks,57344,1
ozks,65536,13
ozks,57344,10
ozks,102400,67
ozks,438272,523
ozks,57344,7
ozks,57344,0
ozks,65536,17
ozks,57344,11
ozks,69632,24
ozks,102400,65
ozks,69632,22
ozks,57344,5
ozks,65536,14
ozks,57344,8
ozks,57344,2
ozks,57344,3
ozks,69632,29
ozks,57344,1
ozks,57344,5
ozks,57344,9
ozks,413696,498
ozks,57344,5
ozks,57344,2
ozks,704512,904
ozks,57344,0
ozks,57344,8
ozks,65536,12
ozks,65536,12
ozks,159744,143
ozks,163840,143
ozks,57344,9
ozks,57344,4
ozks,69632,28
ozks,118784,83
ozks,126976,91
ozks,200704,183
ozks,98304,54
ozks,57344,1
ozks,135168,104
ozks,69632,28
ozks,73728,34
ozks,57344,8
ozks,126976,92
ozks,57344,4
ozks,57344,1
ozks,65536,19
ozks,81920,37
ozks,151552,121
ozks,57344,0
ozks,57344,1
ozks,57344,4
ozks,475136,574
ozks,65536,17
ozks,65536,17
ozks,65536,20
ozks,98304,58
ozks,102400,64
ozks,57344,0
ozks,57344,3
ozks,73728,34
ozks,57344,6
ozks,155648,130
ozks,65536,17
ozks,57344,1
ozks,65536,16
ozks,65536,17
ozks,57344,1
ozks,147456,117
ozks,73728,36
ozks,57344,6
ozks,65536,15
ozks,57344,1
ozks,57344,7
ozks,57344,0
ozks,57344,5
ozks,57344,5
ozks,94208,45
ozks,65536,18
ozks,57344,0
ozks,57344,2
ozks,57344,2
ozks,57344,9
ozks,69632,27
ozks,65536,13
ozks,159744,141
ozks,176128,169
ozks,65536,19
ozks,57344,7
ozks,57344,8
ozks,57344,1
ozks,262144,269
ozks,65536,13
ozks,57344,0
ozks,212992,206
ozks,98304,53
ozks,57344,1
ozks,57344,5
ozks,94208,46
ozks,65536,13
ozks,57344,5
ozks,102400,62
ozks,57344,1
ozks,69632,28
ozks,290816,312
ozks,57344,3
ozks,69632,24
ozks,180224,164
ozks,57344,6
ozks,57344,5
ozks,700416,882
ozks,65536,15
ozks,57344,3
ozks,57344,0
ozks,57344,0
ozks,57344,8
ozks,208896,197
ozks,57344,1
ozks,69632,25
ozks,94208,49
ozks,147456,116
ozks,57344,2
ozks,102400,68
ozks,57344,2
ozks,57344,10
ozks,57344,8
ozks,57344,2
ozks,73728,35
ozks,651264,812
ozks,57344,1
ozks,57344,2
ozks,94208,48
ozks,57344,7
ozks,102400,67
ozks,176128,162
ozks,73728,33
ozks,57344,1
ozks,98304,54
ozks,69632,24
ozks,65536,18
ozks,278528,291
ozks,57344,8
ozks,65536,14
ozks,176128,166
ozks,65536,19
ozks,65536,19
ozks,65536,18
ozks,57344,7
ozks,65536,15
ozks,65536,16
ozks,57344,2
ozks,57344,0
ozks,69632,21
ozks,57344,10
ozks,94208,42
ozks,57344,11
ozks,57344,9
ozks,57344,9
ozks,102400,62
ozks,69632,23
ozks,65536,21
ozks,69632,30
ozks,524288,650
ozks,65536,17
ozks,57344,1
ozks,65536,18
ozks,57344,2
ozks,159744,142
ozks,57344,7
ozks,69632,28
ozks,73728,35
ozks,57344,3
ozks,57344,6
ozks,57344,9
ozks,114688,80
ozks,57344,0
ozks,69632,28
ozks,233472,245
ozks,65536,13
ozks,98304,54
ozks,94208,46
ozks,90112,40
ozks,57344,6
ozks,57344,8
ozks,65536,17
ozks,675840,853
ozks,307200,338
ozks,126976,91
ozks,57344,3
ozks,229376,223
ozks,57344,11
ozks,57344,8
ozks,102400,63
ozks,57344,9
ozks,73728,34
ozks,57344,9
ozks,57344,1
ozks,131072,97
ozks,57344,4
ozks,229376,234
ozks,57344,0
ozks,167936,152
ozks,57344,1
ozks,65536,14
ozks,57344,1
ozks,249856,256
ozks,69632,25
ozks,69632,24
ozks,69632,31
ozks,57344,6
ozks,65536,17
ozks,57344,6
ozks,98304,54
ozks,57344,11
ozks,98304,62
ozks,57344,7
ozks,57344,6
ozks,65536,21
ozks,65536,12
ozks,114688,77
ozks,200704,181
ozks,57344,10
ozks,57344,5
ozks,110592,74
ozks,57344,1
ozks,57344,0
ozks,81920,37
ozks,376832,438
ozks,57344,11
ozks,57344,1
ozks,65536,17
ozks,57344,7
ozks,94208,45
ozks,57344,7
ozks,57344,0
ozks,167936,150
ozks,311296,343
ozks,106496,68
ozks,69632,23
ozks,57344,10
ozks,163840,141
ozks,69632,28
ozks,73728,34
ozks,729088,919
ozks,212992,195
ozks,57344,5
ozks,57344,1
ozks,307200,337
ozks,65536,16
ozks,57344,9
ozks,65536,17
ozks,372736,440
ozks,69632,29
ozks,290816,328
ozks,57344,1
ozks,589824,739
ozks,57344,0
ozks,180224,169
ozks,69632,28
ozks,57344,0
ozks,57344,1
ozks,57344,1
ozks,131072,88
ozks,167936,146
ozks,69632,29
ozks,57344,0
ozks,94208,44
ozks,57344,4
ozks,294912,325
ozks,65536,13
ozks,172032,146
ozks,700416,894
ozks,57344,9
ozks,57344,5
ozks,57344,3
ozks,57344,3
ozks,57344,7
ozks,57344,4
ozks,57344,3
ozks,57344,11
ozks,57344,10
ozks,57344,1
ozks,98304,59
ozks,57344,1
ozks,159744,133
ozks,57344,8
ozks,57344,1
ozks,499712,628
ozks,65536,20
ozks,57344,6
ozks,65536,13
ozks,57344,3
ozks,57344,0
ozks,294912,328
ozks,561152,692
ozks,69632,25
ozks,229376,235
ozks,57344,1
ozks,57344,1
ozks,57344,0
ozks,81920,38
ozks,57344,7
ozks,131072,94
ozks,57344,1
ozks,57344,0
ozks,98304,58
ozks,589824,743
ozks,57344,2
ozks,294912,324
ozks,540672,675
ozks,69632,28
ozks,69632,25
ozks,57344,6
ozks,253952,270
ozks,57344,3
ozks,57344,6
ozks,126976,91
ozks,57344,2
ozks,81920,38
ozks,81920,38
ozks,57344,3
ozks,65536,17
ozks,69632,24
ozks,118784,83
ozks,249856,264
ozks,57344,2
ozks,57344,9
ozks,159744,139
ozks,57344,1
ozks,57344,2
ozks,528384,656
ozks,98304,53
ozks,57344,10
ozks,65536,15
ozks,139264,103
ozks,126976,86
ozks,73728,35
ozks,57344,9
ozks,73728,33
ozks,69632,29
ozks,126976,86
ozks,81920,39
ozks,65536,13
ozks,65536,18
ozks,57344,4
ozks,700416,894
ozks,69632,26
ozks,589824,743
ozks,606208,768
ozks,57344,1
ozks,57344,5
ozks,405504,460
ozks,163840,142
ozks,73728,36
ozks,57344,9
ozks,57344,0
ozks,57344,0
ozks,57344,2
ozks,450560,541
ozks,57344,8
ozks,57344,8
ozks,57344,8
ozks,94208,50
ozks,57344,10
ozks,65536,18
ozks,57344,0
ozks,69632,27
ozks,57344,0
ozks,729088,931
ozks,57344,5
ozks,102400,68
ozks,159744,134
ozks,57344,9
ozks,57344,3
ozks,57344,6
ozks,73728,35
ozks,69632,25
ozks,69632,23
ozks,69632,23
ozks,65536,17
ozks,65536,21
ozks,57344,9
ozks,94208,42
ozks,65536,14
ozks,65536,18
ozks,57344,11
ozks,81920,39
ozks,57344,0
ozks,94208,47
ozks,81920,37
ozks,57344,3
ozks,143360,110
ozks,450560,557
ozks,57344,6
ozks,57344,10
ozks,73728,36
ozks,65536,12
ozks,729088,943
ozks,98304,56
ozks,131072,93
ozks,65536,16
ozks,159744,140
ozks,155648,126
ozks,57344,10
ozks,335872,387
ozks,57344,1
ozks,94208,43
ozks,57344,0
ozks,57344,0
ozks,446464,541
ozks,143360,114
ozks,69632,21
ozks,73728,35
ozks,65536,14
ozks,65536,16
ozks,94208,46
ozks,69632,29
ozks,65536,19
ozks,57344,0
ozks,122880,85
ozks,163840,147
ozks,65536,14
ozks,90112,40
ozks,131072,88
ozks,57344,9
ozks,57344,7
ozks,57344,1
ozks,434176,521
ozks,57344,3
ozks,57344,1
ozks,57344,8
ozks,114688,81
ozks,57344,7
ozks,57344,0
ozks,65536,17
ozks,57344,6
ozks,69632,22
ozks,102400,65
ozks,73728,31
ozks,57344,3
ozks,139264,109
ozks,73728,34
ozks,73728,34
ozks,65536,14
ozks,57344,11
ozks,57344,0
ozks,65536,17
ozks,450560,541
ozks,65536,14
ozks,57344,2
ozks,151552,127
ozks,57344,1
ozks,57344,10
ozks,57344,4
ozks,98304,56
ozks,65536,12
ozks,57344,0
ozks,94208,45
ozks,57344,8
ozks,397312,478
ozks,65536,12
ozks,57344,4
ozks,57344,3
ozks,69632,30
ozks,126976,90
ozks,57344,0
ozks,69632,25
ozks,69632,28
ozks,135168,92
ozks,110592,76
ozks,73728,36
ozks,57344,0
ozks,57344,0
ozks,434176,529
ozks,57344,1
ozks,57344,2
ozks,65536,16
ozks,155648,131
ozks,57344,4
ozks,57344,9
ozks,65536,12
ozks,65536,16
ozks,532480,661
ozks,131072,95
ozks,57344,4
ozks,57344,4
ozks,172032,149
ozks,57344,1
ozks,782336,998
ozks,364544,419
ozks,57344,5
ozks,57344,4
ozks,69632,24
ozks,65536,17
ozks,57344,3
ozks,57344,0
ozks,94208,47
ozks,57344,1
ozks,65536,17
ozks,57344,11
ozks,376832,438
ozks,770048,991
ozks,188416,178
ozks,114688,80
ozks,57344,2
ozks,471040,569
ozks,65536,13
ozks,692224,890
ozks,57344,9
ozks,151552,121
ozks,73728,32
ozks,155648,125
ozks,57344,0
ozks,114688,82
ozks,57344,8
ozks,57344,0
ozks,94208,42
ozks,57344,9
ozks,57344,9
ozks,65536,17
ozks,57344,1
ozks,335872,383
ozks,65536,13
ozks,98304,59
ozks,57344,5
ozks,57344,2
ozks,667648,833
ozks,57344,6
ozks,69632,29
ozks,65536,12
ozks,163840,141
ozks,65536,14
ozks,94208,42
ozks,57344,2
ozks,57344,1
ozks,94208,45
ozks,57344,2
ozks,57344,8
ozks,65536,18
ozks,65536,15
ozks,94208,46
ozks,57344,9
ozks,94208,42
ozks,57344,0
ozks,692224,879
ozks,57344,3
ozks,65536,16
ozks,98304,51
ozks,57344,2
ozks,307200,335
ozks,57344,8
ozks,57344,2
ozks,65536,20
ozks,57344,11
ozks,57344,8
ozks,57344,2
ozks,65536,17
ozks,57344,2
ozks,65536,17
ozks,102400,64
ozks,57344,3
ozks,57344,5
ozks,102400,71
ozks,65536,17
ozks,65536,15
ozks,57344,1
ozks,81920,39
ozks,98304,62
ozks,90112,40
ozks,118784,85
ozks,69632,29
ozks,57344,0
ozks,102400,67
ozks,57344,3
ozks,57344,7
ozks,98304,53
ozks,212992,209
ozks,69632,28
ozks,475136,582
ozks,57344,2
ozks,90112,40
ozks,57344,7
ozks,57344,3
ozks,208896,195
ozks,57344,0
ozks,73728,34
ozks,102400,67
ozks,110592,79
ozks,57344,6
ozks,65536,17
ozks,57344,10
ozks,57344,7
ozks,65536,14
ozks,57344,1
ozks,57344,1
ozks,57344,8
ozks,57344,0
ozks,102400,70
ozks,90112,41
ozks,57344,6
ozks,81920,38
ozks,57344,5
ozks,65536,12
ozks,155648,123
ozks,69632,23
ozks,57344,1
ozks,65536,20
ozks,57344,8
ozks,57344,8
ozks,81920,38
ozks,126976,92
ozks,57344,11
ozks,57344,1
ozks,57344,2
ozks,57344,3
ozks,65536,21
ozks,98304,56
ozks,69632,28
ozks,57344,2
ozks,73728,35
ozks,57344,2
ozks,139264,106
ozks,172032,162
ozks,81920,39
ozks,57344,0
ozks,430080,519
ozks,57344,9
ozks,57344,0
ozks,155648,130
ozks,57344,0
ozks,57344,2
ozks,57344,3
ozks,98304,53
ozks,73728,35
ozks,94208,45
ozks,57344,2
ozks,57344,8
ozks,98304,55
ozks,57344,5
ozks,57344,1
ozks,69632,30
ozks,102400,71
ozks,57344,10
ozks,57344,8
ozks,57344,5
ozks,57344,9
ozks,65536,12
ozks,57344,2
ozks,73728,35
ozks,57344,1
ozks,65536,19
ozks,57344,2
ozks,94208,48
ozks,57344,4
ozks,57344,5
ozks,81920,37
ozks,57344,5
ozks,102400,69
ozks,57344,2
ozks,110592,73
ozks,57344,5
ozks,69632,26
ozks,57344,2
ozks,57344,0
ozks,57344,2
ozks,73728,33
ozks,57344,0
ozks,57344,2
ozks,57344,0
ozks,757760,983
ozks,172032,145
ozks,57344,10
ozks,409600,492
ozks,102400,69
ozks,65536,17
ozks,176128,155
ozks,57344,1
ozks,65536,18
ozks,65536,18
ozks,57344,8
ozks,57344,6
ozks,57344,3
ozks,143360,110
ozks,65536,18
ozks,57344,8
ozks,57344,1
ozks,57344,4
ozks,57344,4
ozks,520192,641
ozks,94208,47
ozks,94208,46
ozks,57344,3
ozks,237568,246
ozks,57344,7
ozks,65536,19
ozks,57344,9
ozks,200704,184
ozks,65536,13
ozks,73728,35
ozks,274432,301
ozks,81920,37
ozks,57344,7
ozks,57344,0
ozks,65536,13
ozks,57344,9
ozks,65536,13
ozks,131072,92
ozks,69632,22
ozks,356352,413
ozks,57344,5
ozks,94208,48
ozks,57344,6
ozks,57344,0
ozks,73728,32
ozks,155648,131
ozks,81920,38
ozks,57344,6
ozks,81920,39
ozks,57344,8
ozks,57344,2
ozks,94208,46
ozks,57344,7
ozks,204800,197
ozks,57344,0
ozks,65536,14
ozks,135168,100
ozks,69632,25
ozks,450560,537
ozks,57344,7
ozks,57344,0
ozks,73728,31
ozks,65536,16
ozks,155648,141
ozks,143360,110
ozks,110592,77
ozks,57344,6
ozks,69632,25
ozks,65536,18
ozks,57344,4
ozks,57344,9
ozks,57344,4
ozks,626688,777
ozks,212992,211
ozks,73728,32
ozks,57344,3
ozks,65536,21
ozks,81920,39
ozks,430080,510
ozks,102400,69
ozks,57344,3
ozks,57344,6
ozks,57344,11
ozks,57344,11
ozks,65536,12
ozks,675840,859
ozks,57344,3
ozks,65536,12
ozks,69632,25
ozks,57344,2
ozks,57344,2
ozks,65536,18
ozks,57344,1
ozks,57344,10
ozks,57344,6
ozks,57344,0
ozks,65536,13
ozks,57344,3
ozks,57344,0
ozks,98304,56
ozks,57344,1
ozks,65536,16
ozks,57344,5
ozks,57344,2
ozks,57344,1
ozks,135168,105
ozks,57344,0
ozks,274432,303
ozks,163840,140
ozks,65536,19
ozks,98304,52
ozks,69632,26
ozks,57344,10
ozks,159744,137
ozks,57344,1
ozks,57344,1
ozks,671744,833
ozks,102400,65
ozks,73728,34
ozks,94208,42
ozks,204800,201
ozks,69632,31
ozks,94208,50
ozks,65536,17
ozks,65536,17
ozks,65536,14
ozks,57344,1
ozks,57344,4
ozks,98304,61
ozks,65536,21
ozks,65536,21
ozks,65536,14
ozks,57344,1
ozks,204800,193
ozks,57344,3
ozks,98304,52
ozks,57344,1
ozks,57344,7
ozks,57344,7
ozks,65536,14
ozks,57344,2
ozks,57344,10
ozks,57344,4
ozks,69632,24
ozks,57344,7
ozks,94208,51
ozks,98304,59
ozks,94208,43
ozks,98304,52
ozks,57344,6
ozks,57344,2
ozks,57344,2
ozks,69632,22
ozks,94208,42
ozks,94208,42
ozks,57344,10
ozks,65536,14
ozks,73728,35
ozks,65536,13
ozks,65536,17
ozks,57344,0
ozks,172032,149
ozks,94208,43
ozks,69632,25
ozks,57344,3
ozks,57344,0
ozks,167936,143
ozks,57344,1
ozks,122880,85
ozks,229376,235
ozks,98304,57
ozks,69632,22
ozks,57344,10
ozks,57344,1
ozks,69632,24
ozks,98304,52
ozks,589824,734
ozks,65536,13
ozks,57344,3
ozks,57344,2
ozks,94208,42
ozks,69632,28
ozks,69632,23
ozks,102400,70
ozks,57344,5
ozks,229376,235
ozks,57344,6
ozks,57344,4
ozks,135168,93
ozks,69632,30
ozks,65536,13
ozks,57344,3
ozks,65536,18
ozks,69632,26
ozks,589824,734
ozks,57344,7
ozks,57344,2
ozks,155648,131
ozks,65536,14
ozks,69632,28
ozks,94208,45
ozks,110592,76
ozks,65536,17
ozks,65536,12
ozks,57344,8
ozks,65536,16
ozks,57344,0
ozks,360448,423
ozks,57344,0
ozks,294912,324
ozks,94208,47
ozks,65536,14
ozks,69632,22
ozks,57344,11
ozks,528384,655
ozks,393216,467
ozks,57344,5
ozks,69632,23
ozks,290816,324
ozks,73728,32
ozks,73728,36
ozks,102400,72
ozks,57344,6
ozks,57344,1
ozks,57344,2
ozks,57344,5
ozks,749568,956
ozks,57344,1
ozks,73728,35
ozks,69632,22
ozks,172032,146
ozks,57344,3
ozks,135168,100
ozks,94208,50
ozks,57344,1
ozks,94208,43
ozks,274432,290
ozks,65536,18
ozks,409600,488
ozks,57344,4
ozks,241664,245
ozks,57344,0
ozks,57344,8
ozks,57344,11
ozks,98304,58
ozks,69632,23
ozks,94208,45
ozks,57344,0
ozks,65536,13
ozks,102400,68
ozks,446464,530
ozks,65536,17
ozks,57344,0
ozks,57344,0
ozks,102400,63
ozks,57344,3
ozks,57344,10
ozks,65536,17
ozks,172032,149
ozks,102400,69
ozks,110592,79
ozks,57344,3
ozks,73728,34
ozks,94208,43
ozks,57344,1
ozks,57344,0
ozks,131072,100
ozks,57344,11
ozks,94208,44
ozks,159744,140
ozks,65536,18
ozks,73728,33
ozks,229376,231
ozks,57344,8
ozks,81920,39
ozks,102400,62
ozks,475136,568
ozks,57344,3
ozks,57344,1
ozks,57344,4
ozks,102400,67
ozks,57344,0
ozks,69632,23
ozks,102400,67
ozks,253952,274
ozks,57344,4
ozks,274432,303
ozks,65536,15
ozks,57344,7
ozks,155648,130
ozks,57344,8
ozks,65536,17
ozks,57344,1
ozks,57344,10
ozks,69632,23
ozks,294912,325
ozks,126976,88
ozks,167936,148
ozks,69632,23
ozks,73728,33
ozks,65536,17
ozks,57344,0
ozks,65536,17
ozks,307200,346
ozks,167936,146
ozks,57344,1
ozks,57344,4
ozks,143360,109
ozks,57344,9
ozks,208896,197
ozks,57344,8
ozks,65536,12
ozks,65536,19
ozks,57344,9
ozks,81920,39
ozks,94208,44
ozks,131072,92
ozks,176128,158
ozks,299008,328
ozks,217088,219
ozks,57344,8
ozks,57344,8
ozks,94208,42
ozks,57344,2
ozks,57344,10
ozks,172032,153
ozks,163840,144
ozks,57344,7
ozks,57344,3
ozks,131072,98
ozks,102400,64
ozks,57344,0
ozks,65536,17
ozks,57344,1
ozks,57344,0
ozks,57344,0
ozks,450560,541
ozks,57344,0
ozks,57344,4
ozks,57344,3
ozks,135168,101
ozks,135168,107
ozks,290816,308
ozks,163840,139
ozks,57344,8
ozks,57344,3
ozks,98304,54
ozks,65536,17
ozks,143360,115
ozks,110592,78
ozks,57344,4
ozks,73728,35
ozks,73728,31
ozks,708608,906
ozks,94208,45
ozks,167936,143
ozks,69632,26
ozks,315392,337
ozks,94208,46
ozks,57344,1
ozks,57344,1
ozks,102400,70
ozks,57344,0
ozks,57344,6
ozks,57344,1
ozks,172032,146
ozks,159744,134
ozks,57344,11
ozks,65536,15
ozks,159744,139
ozks,278528,289
ozks,65536,16
ozks,94208,43
ozks,94208,44
ozks,57344,7
ozks,57344,5
ozks,57344,0
ozks,94208,43
ozks,57344,0
ozks,253952,268
ozks,151552,124
ozks,749568,958
ozks,335872,384
ozks,118784,84
ozks,65536,12
ozks,69632,28
ozks,65536,13
ozks,176128,162
ozks,57344,10
ozks,57344,0
ozks,512000,627
ozks,430080,516
ozks,65536,12
ozks,126976,90
ozks,57344,0
ozks,57344,8
ozks,57344,6
ozks,57344,8
ozks,57344,1
ozks,57344,1
ozks,57344,4
ozks,135168,101
ozks,57344,2
ozks,57344,4
ozks,57344,1
ozks,94208,46
ozks,126976,90
ozks,57344,4
ozks,57344,0
ozks,65536,19
ozks,57344,1
ozks,57344,10
ozks,401408,476
ozks,65536,15
ozks,57344,5
ozks,65536,16
ozks,704512,899
ozks,57344,0
ozks,65536,12
ozks,221184,218
ozks,57344,2
ozks,102400,64
ozks,176128,158
ozks,69632,22
ozks,65536,15
ozks,57344,6
ozks,294912,322
ozks,65536,13
ozks,57344,4
ozks,143360,111
ozks,65536,13
ozks,57344,0
ozks,57344,5
ozks,126976,88
ozks,618496,780
ozks,57344,6
ozks,278528,302
ozks,57344,5
ozks,147456,116
ozks,57344,3
ozks,57344,6
ozks,159744,136
ozks,57344,0
ozks,57344,8
ozks,65536,14
ozks,73728,33
ozks,548864,682
ozks,139264,108
ozks,57344,9
ozks,57344,2
ozks,69632,24
ozks,57344,2
ozks,94208,49
ozks,69632,22
ozks,57344,4
ozks,57344,3
ozks,57344,8
ozks,73728,35
ozks,770048,991
ozks,98304,55
ozks,57344,7
ozks,57344,2
ozks,110592,78
ozks,204800,202
ozks,65536,21
ozks,57344,3
ozks,57344,8
ozks,57344,8
ozks,57344,0
ozks,57344,7
ozks,98304,54
ozks,65536,12
ozks,94208,42
ozks,57344,9
ozks,57344,2
ozks,65536,14
ozks,57344,4
ozks,135168,106
ozks,57344,0
ozks,57344,0
ozks,172032,146
ozks,65536,12
ozks,73728,34
ozks,65536,21
ozks,65536,13
ozks,159744,134
ozks,94208,45
ozks,57344,0
ozks,57344,10
ozks,69632,30
ozks,57344,3
ozks,69632,26
ozks,126976,88
ozks,57344,7
ozks,57344,3
ozks,372736,419
ozks,73728,35
ozks,176128,153
ozks,57344,7
ozks,57344,11
ozks,98304,56
ozks,69632,22
ozks,57344,7
ozks,69632,22
ozks,57344,10
ozks,114688,80
ozks,57344,11
ozks,73728,31
ozks,69632,21
ozks,65536,17
ozks,69632,31
ozks,57344,10
ozks,401408,476
ozks,167936,145
ozks,73728,33
ozks,94208,47
ozks,94208,43
ozks,57344,3
ozks,57344,4
ozks,65536,19
ozks,204800,201
ozks,204800,194
ozks,57344,1
ozks,57344,1
ozks,454656,542
ozks,606208,729
ozks,692224,883
ozks,57344,2
ozks,69632,22
ozks,65536,12
ozks,69632,30
ozks,131072,97
ozks,69632,31
ozks,65536,15
ozks,548864,690
ozks,57344,5
ozks,73728,36
ozks,65536,15
ozks,57344,5
ozks,57344,4
ozks,102400,62
ozks,675840,866
ozks,73728,35
ozks,65536,16
ozks,57344,4
ozks,73728,36
ozks,57344,2
ozks,57344,3
ozks,57344,2
ozks,57344,2
ozks,57344,1
ozks,57344,5
ozks,57344,6
ozks,65536,16
ozks,57344,7
ozks,81920,38
ozks,102400,68
ozks,65536,13
ozks,98304,52
ozks,155648,129
ozks,57344,11
ozks,249856,262
ozks,57344,7
ozks,57344,5
ozks,159744,136
ozks,57344,6
ozks,155648,133
ozks,57344,4
ozks,65536,19
ozks,57344,11
ozks,57344,3
ozks,57344,9
ozks,57344,0
ozks,57344,0
ozks,57344,1
ozks,81920,39
ozks,118784,83
ozks,57344,4
ozks,233472,237
ozks,57344,5
ozks,57344,0
ozks,65536,13
ozks,57344,3
ozks,151552,129
ozks,65536,17
ozks,204800,201
ozks,102400,62
ozks,102400,63
ozks,57344,9
ozks,155648,143
ozks,57344,1
ozks,172032,158
ozks,155648,129
ozks,57344,2
ozks,65536,13
ozks,57344,2
ozks,65536,17
ozks,65536,18
ozks,57344,8
ozks,57344,1
ozks,73728,34
ozks,57344,8
ozks,57344,4
ozks,57344,6
ozks,57344,1
ozks,106496,72
ozks,57344,2
ozks,65536,17
ozks,57344,5
ozks,65536,13
ozks,57344,0
ozks,57344,10
ozks,57344,4
ozks,57344,0
ozks,57344,0
ozks,569344,700
ozks,65536,20
ozks,57344,4
ozks,102400,66
ozks,57344,7
ozks,57344,10
ozks,69632,31
ozks,57344,0
ozks,57344,1
ozks,57344,8
ozks,57344,0
ozks,57344,4
ozks,57344,0
ozks,294912,328
ozks,57344,0
ozks,57344,2
ozks,69632,23
ozks,57344,1
ozks,69632,30
ozks,405504,485
ozks,94208,42
ozks,69632,29
ozks,69632,25
ozks,69632,30
ozks,286720,324
ozks,73728,35
ozks,57344,3
ozks,159744,137
ozks,57344,9
ozks,626688,785
ozks,57344,0
ozks,290816,313
ozks,57344,2
ozks,57344,5
ozks,81920,38
ozks,65536,16
ozks,299008,339
ozks,57344,0
ozks,69632,30
ozks,57344,11
ozks,57344,1
ozks,57344,4
ozks,57344,10
ozks,57344,1
ozks,57344,1
ozks,69632,30
ozks,57344,1
ozks,57344,0
ozks,57344,7
ozks,57344,10
ozks,57344,6
ozks,65536,17
ozks,65536,12
ozks,294912,325
ozks,65536,14
ozks,94208,48
ozks,57344,1
ozks,57344,2
ozks,180224,169
ozks,65536,12
ozks,69632,24
ozks,143360,110
ozks,57344,1
ozks,667648,847
ozks,204800,191
ozks,57344,0
ozks,57344,2
ozks,249856,263
ozks,454656,541
ozks,593920,747
ozks,57344,4
ozks,98304,56
ozks,98304,56
ozks,57344,1
ozks,73728,36
ozks,102400,68
ozks,208896,195
ozks,57344,10
ozks,65536,17
ozks,57344,1
ozks,724992,922
ozks,57344,1
ozks,57344,1
ozks,155648,139
ozks,65536,16
ozks,57344,4
ozks,57344,4
ozks,57344,0
ozks,57344,1
ozks,294912,325
ozks,57344,3
ozks,315392,354
ozks,65536,19
ozks,57344,4
ozks,65536,13
ozks,65536,12
ozks,131072,99
ozks,65536,15
ozks,135168,101
ozks,57344,3
ozks,110592,77
ozks,73728,36
ozks,57344,2
ozks,65536,12
ozks,98304,55
ozks,57344,8
ozks,57344,4
ozks,57344,5
ozks,159744,136
ozks,69632,22
ozks,69632,27
ozks,176128,163
ozks,57344,9
ozks,57344,8
ozks,57344,8
ozks,765952,967
ozks,65536,13
ozks,208896,195
ozks,131072,99
ozks,102400,69
ozks,57344,1
ozks,155648,141
ozks,110592,73
ozks,65536,17
ozks,69632,22
ozks,69632,27
ozks,65536,14
ozks,65536,18
ozks,204800,191
ozks,290816,324
ozks,57344,2
ozks,65536,14
ozks,102400,67
ozks,57344,1
ozks,290816,313
ozks,57344,0
ozks,143360,111
ozks,57344,2
ozks,57344,4
ozks,299008,328
ozks,143360,109
ozks,57344,6
ozks,65536,17
ozks,94208,46
ozks,57344,0
ozks,131072,93
ozks,69632,30
ozks,65536,18
ozks,135168,102
ozks,671744,856
ozks,57344,8
ozks,258048,270
ozks,57344,8
ozks,679936,876
ozks,131072,100
ozks,163840,140
ozks,331776,385
ozks,102400,65
ozks,495616,605
ozks,57344,3
ozks,172032,149
ozks,118784,84
ozks,57344,1
ozks,57344,10
ozks,307200,351
ozks,294912,324
ozks,81920,39
ozks,180224,164
ozks,94208,50
ozks,57344,10
ozks,65536,18
ozks,200704,185
ozks,102400,65
ozks,57344,9
ozks,135168,102
ozks,94208,50
ozks,69632,24
ozks,57344,1
ozks,57344,1
ozks,57344,6
ozks,57344,8
ozks,57344,0
ozks,57344,3
ozks,57344,3
ozks,102400,63
ozks,397312,475
ozks,65536,14
ozks,94208,45
ozks,294912,328
ozks,417792,498
ozks,65536,14
ozks,57344,10
ozks,167936,146
ozks,65536,16
ozks,57344,0
ozks,57344,1
ozks,131072,93
ozks,69632,22
ozks,57344,4
ozks,126976,88
ozks,57344,0
ozks,57344,0
ozks,94208,43
ozks,57344,7
ozks,69632,25
ozks,90112,41
ozks,159744,140
ozks,57344,1
ozks,65536,12
ozks,176128,159
ozks,57344,10
ozks,364544,423
ozks,65536,19
ozks,131072,101
ozks,65536,17
ozks,57344,7
ozks,69632,23
ozks,94208,45
ozks,57344,4
ozks,57344,3
ozks,57344,11
ozks,303104,328
ozks,69632,25
ozks,57344,10
ozks,303104,341
ozks,57344,8
ozks,131072,94
ozks,57344,5
ozks,57344,8
ozks,102400,67
ozks,73728,33
ozks,57344,2
ozks,229376,235
ozks,57344,4
ozks,147456,117
ozks,57344,8
ozks,57344,9
ozks,57344,1
ozks,57344,2
ozks,172032,148
ozks,57344,9
ozks,65536,15
ozks,262144,262
ozks,147456,115
ozks,57344,11
ozks,151552,124
ozks,57344,0
ozks,110592,76
ozks,139264,111
ozks,57344,6
ozks,102400,70
ozks,57344,10
ozks,57344,8
ozks,57344,2
ozks,98304,53
ozks,57344,7
ozks,98304,60
ozks,716800,908
ozks,98304,55
ozks,65536,15
ozks,57344,1
ozks,204800,202
ozks,380928,445
ozks,65536,15
ozks,57344,11
ozks,57344,0
ozks,57344,3
ozks,57344,1
ozks,57344,6
ozks,57344,8
ozks,57344,9
ozks,176128,169
ozks,57344,1
ozks,69632,24
ozks,319488,361
ozks,65536,18
ozks,57344,5
ozks,57344,3
ozks,307200,351
ozks,155648,142
ozks,57344,5
ozks,94208,43
ozks,57344,2
ozks,102400,64
ozks,73728,35
ozks,98304,54
ozks,57344,2
ozks,57344,5
ozks,65536,12
ozks,69632,26
ozks,94208,43
ozks,180224,168
ozks,57344,2
ozks,110592,74
ozks,102400,71
ozks,65536,12
ozks,200704,186
ozks,57344,7
ozks,57344,8
ozks,770048,997
ozks,229376,229
ozks,57344,0
ozks,69632,25
ozks,65536,18
ozks,57344,0
ozks,98304,52
ozks,57344,11
ozks,69632,28
ozks,57344,2
ozks,135168,101
ozks,147456,116
ozks,57344,0
ozks,57344,0
ozks,172032,146
ozks,102400,62
ozks,598016,749
ozks,57344,0
ozks,98304,60
ozks,57344,5
ozks,57344,1
ozks,57344,3
ozks,65536,21
ozks,102400,62
ozks,57344,11
ozks,57344,2
ozks,57344,4
ozks,57344,3
ozks,589824,734
ozks,57344,4
ozks,57344,2
ozks,233472,241
ozks,98304,59
ozks,65536,21
ozks,131072,98
ozks,65536,20
ozks,57344,3
ozks,65536,13
ozks,57344,5
ozks,65536,14
ozks,98304,53
ozks,57344,5
ozks,57344,0
ozks,65536,16
ozks,57344,2
ozks,98304,57
ozks,65536,17
ozks,81920,37
ozks,94208,43
ozks,434176,528
ozks,57344,0
ozks,57344,5
ozks,131072,92
ozks,69632,29
ozks,81920,39
ozks,294912,325
ozks,57344,0
ozks,225280,233
ozks,57344,10
ozks,57344,9
ozks,57344,10
ozks,57344,0
ozks,65536,19
ozks,700416,901
ozks,57344,1
ozks,57344,5
ozks,65536,16
ozks,57344,10
ozks,90112,41
ozks,65536,17
ozks,65536,21
ozks,102400,72
ozks,57344,5
ozks,57344,1
ozks,57344,8
ozks,57344,4
ozks,57344,1
ozks,57344,5
ozks,69632,27
ozks,208896,197
ozks,57344,9
ozks,552960,692
ozks,65536,20
ozks,57344,11
ozks,65536,13
ozks,57344,6
ozks,57344,1
ozks,65536,17
ozks,57344,9
ozks,57344,0
ozks,57344,9
ozks,57344,8
ozks,57344,0
ozks,126976,92
ozks,57344,3
ozks,65536,19
ozks,57344,8
ozks,102400,71
ozks,73728,35
ozks,57344,9
ozks,57344,10
ozks,69632,28
ozks,65536,19
ozks,167936,144
ozks,159744,137
ozks,57344,0
ozks,57344,0
ozks,57344,6
ozks,184320,171
ozks,729088,931
ozks,204800,190
ozks,57344,8
ozks,57344,8
ozks,57344,5
ozks,69632,25
ozks,159744,138
ozks,184320,173
ozks,57344,6
ozks,131072,97
ozks,98304,55
ozks,98304,53
ozks,65536,16
ozks,151552,127
ozks,651264,831
ozks,57344,7
ozks,57344,5
ozks,647168,828
ozks,57344,5
ozks,57344,3
ozks,65536,17
ozks,110592,78
ozks,663552,836
ozks,57344,10
ozks,249856,256
ozks,102400,65
ozks,114688,82
ozks,65536,21
ozks,57344,8
ozks,450560,538
ozks,57344,7
ozks,57344,4
ozks,163840,143
ozks,57344,6
ozks,90112,41
ozks,102400,65
ozks,466944,561
ozks,69632,27
ozks,638976,807
ozks,65536,17
ozks,110592,74
ozks,659456,833
ozks,69632,27
ozks,57344,2
ozks,352256,411
ozks,57344,7
ozks,188416,176
ozks,57344,7
ozks,548864,690
ozks,57344,1
ozks,73728,35
ozks,323584,357
ozks,102400,72
ozks,167936,149
ozks,65536,15
ozks,69632,26
ozks,90112,40
ozks,57344,8
ozks,241664,247
ozks,69632,27
ozks,57344,5
ozks,69632,26
ozks,65536,15
ozks,65536,15
ozks,57344,1
ozks,364544,417
ozks,57344,9
ozks,81920,39
ozks,57344,0
ozks,65536,12
ozks,110592,78
ozks,57344,0
ozks,57344,6
ozks,65536,16
ozks,65536,15
ozks,94208,44
ozks,122880,83
ozks,57344,2
ozks,94208,45
ozks,57344,1
ozks,290816,324
ozks,57344,0
ozks,57344,10
ozks,69632,28
ozks,258048,265
ozks,159744,139
ozks,65536,17
ozks,69632,28
ozks,57344,2
ozks,57344,4
ozks,57344,0
ozks,69632,25
ozks,172032,149
ozks,73728,32
ozks,598016,743
ozks,57344,2
ozks,57344,1
ozks,491520,608
ozks,65536,20
ozks,204800,192
ozks,65536,14
ozks,57344,5
ozks,65536,13
ozks,57344,3
ozks,172032,147
ozks,57344,11
ozks,57344,11
ozks,57344,11
ozks,139264,110
ozks,655360,812
ozks,57344,2
ozks,131072,88
ozks,57344,8
ozks,57344,11
ozks,94208,44
ozks,57344,1
ozks,81920,38
ozks,65536,16
ozks,708608,905
ozks,102400,65
ozks,57344,6
ozks,57344,8
ozks,57344,2
ozks,528384,650
ozks,65536,17
ozks,720896,929
ozks,270336,293
ozks,57344,2
ozks,57344,3
ozks,73728,36
ozks,69632,24
ozks,57344,1
ozks,57344,2
ozks,57344,2
ozks,176128,158
ozks,57344,8
ozks,102400,68
ozks,163840,143
ozks,57344,1
ozks,172032,149
ozks,57344,6
ozks,176128,160
ozks,69632,30
ozks,176128,159
ozks,671744,849
ozks,307200,337
ozks,401408,475
ozks,69632,24
ozks,167936,152
ozks,65536,13
ozks,139264,109
ozks,663552,833
ozks,57344,0
ozks,188416,176
ozks,57344,8
ozks,57344,0
ozks,57344,6
ozks,139264,105
ozks,102400,68
ozks,57344,4
ozks,98304,58
ozks,57344,3
ozks,102400,67
ozks,172032,149
ozks,57344,2
ozks,57344,6
ozks,57344,7
ozks,65536,17
ozks,65536,17
ozks,65536,21
ozks,458752,551
ozks,57344,2
ozks,69632,30
ozks,98304,59
ozks,135168,101
ozks,69632,28
ozks,65536,18
ozks,69632,30
ozks,57344,6
ozks,126976,90
ozks,389120,467
ozks,98304,52
ozks,57344,9
ozks,421888,498
ozks,131072,99
ozks,65536,18
ozks,69632,31
ozks,303104,343
ozks,57344,9
ozks,69632,28
ozks,159744,137
ozks,163840,140
ozks,249856,264
ozks,57344,3
ozks,204800,201
ozks,57344,4
ozks,57344,0
ozks,151552,129
ozks,81920,39
ozks,69632,26
ozks,57344,1
ozks,274432,302
ozks,57344,5
ozks,81920,38
ozks,69632,28
ozks,155648,127
ozks,81920,38
ozks,65536,13
ozks,57344,2
ozks,57344,9
ozks,57344,1
ozks,65536,13
ozks,348160,401
ozks,57344,11
ozks,131072,101
ozks,110592,76
ozks,57344,2
ozks,65536,13
ozks,98304,55
ozks,65536,17
ozks,57344,7
ozks,57344,8
ozks,57344,8
ozks,57344,4
ozks,102400,71
ozks,57344,2
ozks,634880,791
ozks,57344,3
ozks,98304,52
ozks,684032,872
ozks,155648,129
ozks,57344,1
ozks,126976,87
ozks,65536,14
ozks,81920,38
ozks,65536,13
ozks,135168,100
ozks,57344,0
ozks,176128,155
ozks,118784,83
ozks,98304,55
ozks,57344,2
ozks,57344,7
ozks,98304,51
ozks,57344,4
ozks,270336,291
ozks,65536,13
ozks,57344,0
ozks,81920,38
ozks,65536,12
ozks,57344,1
ozks,57344,2
ozks,57344,0
ozks,200704,181
ozks,57344,7
ozks,57344,1
ozks,90112,40
ozks,282624,291
ozks,69632,22
ozks,94208,47
ozks,73728,34
ozks,155648,133
ozks,57344,0
ozks,69632,27
ozks,57344,3
ozks,57344,4
ozks,73728,35
ozks,57344,7
ozks,73728,35
ozks,57344,4
ozks,57344,8
ozks,57344,10
ozks,139264,104
ozks,57344,5
ozks,98304,55
ozks,65536,17
ozks,212992,206
ozks,57344,1
ozks,57344,8
ozks,69632,28
ozks,131072,99
ozks,131072,94
ozks,65536,13
ozks,57344,10
ozks,135168,96
ozks,57344,4
ozks,65536,12
ozks,57344,0
ozks,303104,343
ozks,155648,139
ozks,57344,4
ozks,94208,43
ozks,57344,4
ozks,552960,695
ozks,69632,29
ozks,57344,2
ozks,57344,0
ozks,57344,0
ozks,57344,8
ozks,57344,4
ozks,57344,11
ozks,57344,5
ozks,172032,147
ozks,57344,9
ozks,65536,13
ozks,57344,0
ozks,57344,5
ozks,57344,4
ozks,57344,10
ozks,106496,72
ozks,90112,40
ozks,57344,2
ozks,69632,23
ozks,57344,0
ozks,94208,45
ozks,81920,37
ozks,57344,1
ozks,393216,461
ozks,69632,31
ozks,57344,3
ozks,57344,3
ozks,57344,10
ozks,57344,10
ozks,65536,18
ozks,151552,119
ozks,69632,22
ozks,57344,10
ozks,778240,993
ozks,57344,8
ozks,57344,9
ozks,131072,99
ozks,65536,20
ozks,69632,28
ozks,57344,6
ozks,57344,10
ozks,57344,11
ozks,303104,340
ozks,65536,17
ozks,69632,31
ozks,98304,58
ozks,69632,27
ozks,69632,29
ozks,102400,67
ozks,593920,746
ozks,57344,0
ozks,73728,33
ozks,65536,21
ozks,57344,10
ozks,110592,77
ozks,65536,17
ozks,81920,38
ozks,73728,36
ozks,565248,703
ozks,57344,1
ozks,57344,4
ozks,57344,0
ozks,57344,5
ozks,57344,9
ozks,102400,63
ozks,65536,13
ozks,57344,0
ozks,724992,927
ozks,57344,5
ozks,94208,44
ozks,69632,22
ozks,65536,18
ozks,57344,2
ozks,106496,72
ozks,155648,140
ozks,57344,1
ozks,57344,5
ozks,98304,53
ozks,69632,26
ozks,94208,50
ozks,57344,0
ozks,90112,40
ozks,81920,37
ozks,98304,54
ozks,65536,17
ozks,57344,5
ozks,57344,11
ozks,172032,158
ozks,339968,384
ozks,57344,0
ozks,65536,17
ozks,57344,1
ozks,57344,5
ozks,94208,51
ozks,94208,43
ozks,57344,3
ozks,532480,668
ozks,69632,22
ozks,57344,1
ozks,57344,0
ozks,57344,3
ozks,65536,12
ozks,475136,586
ozks,57344,5
ozks,159744,140
ozks,57344,3
ozks,98304,59
ozks,57344,3
ozks,253952,262
ozks,282624,291
ozks,57344,0
ozks,69632,27
ozks,57344,10
ozks,761856,967
ozks,57344,8
ozks,57344,10
ozks,57344,11
ozks,73728,34
ozks,700416,874
ozks,155648,139
ozks,57344,11
ozks,57344,8
ozks,69632,31
ozks,65536,16
ozks,135168,107
ozks,57344,7
ozks,57344,1
ozks,65536,13
ozks,65536,17
ozks,73728,33
ozks,94208,49
ozks,90112,40
ozks,94208,45
ozks,57344,1
ozks,339968,389
ozks,57344,3
ozks,155648,123
ozks,774144,991
ozks,65536,13
ozks,57344,8
ozks,135168,107
ozks,57344,8
ozks,94208,43
ozks,57344,0
ozks,57344,0
ozks,69632,25
ozks,57344,9
ozks,57344,0
ozks,57344,7
ozks,57344,4
ozks,57344,3
ozks,98304,62
ozks,57344,8
ozks,65536,16
ozks,57344,6
ozks,98304,56
ozks,180224,165
ozks,454656,541
ozks,57344,5
ozks,425984,516
ozks,57344,7
ozks,172032,148
ozks,65536,12
ozks,106496,72
ozks,57344,8
ozks,57344,9
ozks,159744,140
ozks,98304,53
ozks,110592,77
ozks,57344,1
ozks,69632,29
ozks,172032,147
ozks,57344,11
ozks,57344,3
ozks,73728,36
ozks,270336,291
ozks,57344,7
ozks,73728,35
ozks,102400,68
ozks,98304,56
ozks,204800,197
ozks,57344,6
ozks,57344,0
ozks,139264,105
ozks,57344,6
ozks,65536,21
ozks,69632,28
ozks,253952,268
ozks,57344,6
ozks,155648,125
ozks,81920,38
ozks,57344,4
ozks,155648,138
ozks,176128,158
ozks,57344,2
ozks,57344,1
ozks,57344,2
ozks,57344,1
ozks,57344,8
ozks,65536,19
ozks,356352,410
ozks,57344,4
ozks,131072,97
ozks,57344,9
ozks,57344,3
ozks,57344,0
ozks,57344,5
ozks,73728,35
ozks,131072,99
ozks,57344,7
ozks,446464,538
ozks,102400,69
ozks,57344,4
ozks,139264,110
ozks,57344,3
ozks,65536,17
ozks,69632,23
ozks,65536,20
ozks,73728,35
ozks,94208,45
ozks,57344,4
ozks,57344,0
ozks,57344,0
ozks,626688,790
ozks,57344,2
ozks,57344,4
ozks,69632,23
ozks,69632,29
ozks,57344,11
ozks,102400,70
ozks,57344,11
ozks,57344,10
ozks,57344,9
ozks,73728,34
ozks,57344,11
ozks,94208,50
ozks,57344,8
ozks,57344,3
ozks,57344,6
ozks,81920,39
ozks,163840,140
ozks,159744,139
ozks,57344,0
ozks,303104,342
ozks,57344,9
ozks,69632,30
ozks,57344,9
ozks,57344,3
ozks,434176,521
ozks,208896,205
ozks,102400,70
ozks,458752,561
ozks,69632,30
ozks,73728,35
ozks,57344,1
ozks,57344,1
ozks,73728,36
ozks,65536,14
ozks,65536,12
ozks,57344,0
ozks,57344,5
ozks,65536,14
ozks,57344,3
ozks,102400,65
ozks,69632,22
ozks,65536,16
ozks,65536,19
ozks,57344,1
ozks,98304,55
ozks,57344,2
ozks,65536,13
ozks,69632,24
ozks,131072,100
ozks,57344,6
ozks,57344,9
ozks,69632,22
ozks,57344,9
ozks,548864,690
ozks,65536,20
ozks,176128,162
ozks,466944,561
ozks,65536,13
ozks,81920,39
ozks,299008,328
ozks,69632,23
ozks,57344,3
ozks,57344,4
ozks,81920,39
ozks,483328,596
ozks,65536,14
ozks,65536,20
ozks,57344,9
ozks,118784,84
ozks,98304,54
ozks,57344,0
ozks,139264,105
ozks,57344,0
ozks,57344,0
ozks,94208,47
ozks,57344,10
ozks,57344,7
ozks,94208,47
ozks,57344,3
ozks,94208,43
ozks,524288,651
ozks,90112,40
ozks,94208,44
ozks,65536,17
ozks,81920,39
ozks,57344,11
ozks,57344,3
ozks,57344,5
ozks,65536,15
ozks,57344,0
ozks,57344,4
ozks,491520,606
ozks,57344,5
ozks,73728,36
ozks,69632,28
ozks,57344,2
ozks,65536,12
ozks,65536,14
ozks,57344,6
ozks,69632,26
ozks,90112,40
ozks,57344,0
ozks,57344,0
ozks,57344,3
ozks,294912,330
ozks,106496,72
ozks,98304,55
ozks,57344,9
ozks,57344,8
ozks,57344,5
ozks,344064,398
ozks,57344,2
ozks,57344,11
ozks,69632,29
ozks,57344,1
ozks,57344,2
ozks,65536,30
ozks,540672,661
ozks,73728,35
ozks,57344,7
ozks,458752,550
ozks,57344,11
ozks,57344,6
ozks,57344,11
ozks,65536,12
ozks,671744,852
ozks,57344,11
ozks,57344,8
ozks,102400,68
ozks,57344,4
ozks,57344,3
ozks,57344,9
ozks,57344,2
ozks,126976,87
ozks,57344,1
ozks,155648,138
ozks,57344,3
ozks,57344,3
ozks,57344,4
ozks,57344,7
ozks,69632,23
ozks,135168,96
ozks,69632,28
ozks,65536,18
ozks,57344,2
ozks,69632,26
ozks,57344,2
ozks,319488,362
ozks,65536,17
ozks,94208,48
ozks,57344,9
ozks,65536,18
ozks,69632,31
ozks,90112,40
ozks,69632,28
ozks,200704,182
ozks,135168,104
ozks,57344,8
ozks,225280,223
ozks,163840,144
ozks,65536,21
ozks,237568,252
ozks,155648,134
ozks,57344,2
ozks,65536,18
ozks,704512,890
ozks,90112,41
ozks,163840,143
ozks,57344,4
ozks,69632,29
ozks,65536,17
ozks,204800,187
ozks,57344,0
ozks,94208,42
ozks,65536,17
ozks,540672,675
ozks,57344,3
ozks,57344,6
ozks,118784,84
ozks,765952,983
ozks,679936,866
ozks,602112,749
ozks,663552,845
ozks,57344,1
ozks,57344,2
ozks,94208,42
ozks,57344,9
ozks,57344,0
ozks,57344,1
ozks,57344,0
ozks,98304,54
ozks,57344,1
ozks,57344,1
ozks,118784,83
ozks,393216,456
ozks,57344,5
ozks,229376,228
ozks,57344,0
ozks,73728,34
ozks,57344,0
ozks,753664,955
ozks,712704,908
ozks,143360,116
ozks,57344,0
ozks,98304,52
ozks,65536,15
ozks,57344,6
ozks,159744,137
ozks,90112,41
ozks,57344,3
ozks,102400,67
ozks,81920,38
ozks,57344,6
ozks,360448,420
ozks,262144,262
ozks,110592,74
ozks,65536,21
ozks,139264,107
ozks,57344,5
ozks,155648,126
ozks,57344,3
ozks,434176,528
ozks,57344,1
ozks,57344,7
ozks,65536,13
ozks,139264,107
ozks,57344,2
ozks,57344,5
ozks,151552,129
ozks,57344,3
ozks,57344,1
ozks,57344,11
ozks,57344,9
ozks,102400,63
ozks,368640,429
ozks,98304,60
ozks,57344,3
ozks,57344,8
ozks,118784,85
ozks,110592,77
ozks,57344,5
ozks,94208,42
ozks,65536,14
ozks,57344,2
ozks,81920,37
ozks,57344,6
ozks,57344,11
ozks,57344,0
ozks,581632,729
ozks,98304,62
ozks,57344,5
ozks,258048,274
ozks,102400,66
ozks,57344,1
ozks,716800,905
ozks,135168,104
ozks,57344,0
ozks,57344,6
ozks,69632,24
ozks,57344,4
ozks,294912,323
ozks,65536,15
ozks,339968,369
ozks,548864,682
ozks,65536,15
ozks,98304,56
ozks,57344,2
ozks,512000,634
ozks,69632,31
ozks,57344,6
ozks,57344,0
ozks,57344,4
ozks,520192,649
ozks,65536,17
ozks,114688,80
ozks,102400,64
ozks,364544,417
ozks,98304,60
ozks,184320,165
ozks,57344,3
ozks,57344,0
ozks,57344,1
ozks,159744,135
ozks,57344,7
ozks,57344,8
ozks,69632,30
ozks,172032,149
ozks,69632,29
ozks,57344,8
ozks,57344,6
ozks,593920,739
ozks,65536,17
ozks,163840,140
ozks,159744,140
ozks,57344,0
ozks,69632,22
ozks,57344,1
ozks,135168,101
ozks,102400,71
ozks,69632,27
ozks,57344,6
ozks,57344,8
ozks,73728,33
ozks,57344,4
ozks,98304,59
ozks,155648,128
ozks,57344,0
ozks,57344,5
ozks,69632,27
ozks,94208,46
ozks,131072,92
ozks,57344,9
ozks,57344,4
ozks,65536,16
ozks,139264,108
ozks,57344,1
ozks,69632,30
ozks,65536,12
ozks,651264,814
ozks,57344,1
ozks,57344,1
ozks,69632,30
ozks,110592,78
ozks,98304,59
ozks,94208,43
ozks,65536,12
ozks,430080,521
ozks,65536,15
ozks,69632,26
ozks,65536,17
ozks,57344,8
ozks,57344,8
ozks,57344,7
ozks,73728,36
ozks,57344,2
ozks,114688,80
ozks,57344,9
ozks,57344,5
ozks,241664,246
ozks,57344,0
ozks,57344,3
ozks,69632,29
ozks,69632,26
ozks,57344,0
ozks,65536,17
ozks,765952,967
ozks,57344,7
ozks,65536,18
ozks,81920,39
ozks,57344,1
ozks,69632,22
ozks,770048,991
ozks,135168,94
ozks,81920,38
ozks,57344,3
ozks,65536,17
ozks,73728,36
ozks,143360,117
ozks,606208,768
ozks,57344,8
ozks,57344,10
ozks,57344,2
ozks,57344,4
ozks,57344,2
ozks,102400,67
ozks,73728,35
ozks,126976,87
ozks,57344,3
ozks,204800,202
ozks,188416,173
ozks,102400,69
ozks,180224,165
ozks,65536,15
ozks,65536,16
ozks,200704,190
ozks,57344,8
ozks,65536,14
ozks,57344,0
ozks,69632,26
ozks,57344,1
ozks,57344,5
ozks,57344,5
ozks,57344,11
ozks,98304,58
ozks,73728,35
ozks,65536,16
ozks,192512,185
ozks,57344,1
ozks,57344,10
ozks,225280,216
ozks,57344,0
ozks,57344,3
ozks,499712,620
ozks,73728,35
ozks,94208,47
ozks,57344,0
ozks,57344,10
ozks,65536,16
ozks,57344,0
ozks,65536,18
ozks,94208,48
ozks,57344,1
ozks,393216,470
ozks,69632,24
ozks,163840,142
ozks,57344,5
ozks,151552,127
ozks,57344,4
ozks,65536,19
ozks,57344,8
ozks,65536,17
ozks,73728,36
ozks,57344,6
ozks,57344,6
ozks,65536,12
ozks,57344,4
ozks,57344,0
ozks,167936,143
ozks,69632,26
ozks,57344,1
ozks,155648,138
ozks,249856,263
ozks,188416,177
ozks,57344,3
ozks,57344,8
ozks,57344,10
ozks,57344,2
ozks,98304,54
ozks,65536,17
ozks,274432,288
ozks,57344,6
ozks,57344,10
ozks,57344,0
ozks,131072,89
ozks,69632,26
ozks,176128,160
ozks,57344,1
ozks,65536,13
ozks,57344,2
ozks,65536,13
ozks,57344,3
ozks,184320,173
ozks,176128,159
ozks,98304,57
ozks,57344,9
ozks,73728,36
ozks,114688,80
ozks,57344,6
ozks,57344,1
ozks,180224,164
ozks,57344,0
ozks,479232,590
ozks,155648,140
ozks,57344,3
ozks,57344,0
ozks,81920,39
ozks,57344,8
ozks,204800,190
ozks,57344,4
ozks,438272,523
ozks,65536,17
ozks,65536,18
ozks,57344,8
ozks,57344,7
ozks,57344,3
ozks,57344,1
ozks,57344,9
ozks,131072,92
ozks,57344,0
ozks,380928,453
ozks,57344,6
ozks,57344,2
ozks,73728,33
ozks,57344,9
ozks,409600,488
ozks,94208,47
ozks,57344,2
ozks,57344,5
ozks,57344,2
ozks,114688,80
ozks,57344,3
ozks,65536,16
ozks,57344,2
ozks,69632,28
ozks,57344,9
ozks,57344,1
ozks,139264,104
ozks,57344,7
ozks,57344,1
ozks,57344,2
ozks,491520,602
ozks,69632,26
ozks,57344,8
ozks,57344,8
ozks,204800,201
ozks,262144,276
ozks,65536,17
ozks,57344,6
ozks,331776,382
ozks,102400,69
ozks,69632,29
ozks,73728,36
ozks,69632,29
ozks,57344,0
ozks,172032,145
ozks,73728,36
ozks,57344,6
ozks,57344,9
ozks,253952,263
ozks,65536,19
ozks,135168,106
ozks,57344,11
ozks,57344,8
ozks,57344,0
ozks,118784,84
ozks,57344,6
ozks,159744,134
ozks,57344,9
ozks,102400,63
ozks,57344,1
ozks,57344,3
ozks,57344,6
ozks,651264,828
ozks,57344,9
ozks,69632,31
ozks,94208,43
ozks,94208,48
ozks,57344,8
ozks,57344,0
ozks,65536,19
ozks,98304,53
ozks,69632,26
ozks,69632,26
ozks,57344,1
ozks,57344,3
ozks,57344,8
ozks,57344,6
ozks,712704,908
ozks,81920,39
ozks,139264,103
ozks,65536,13
ozks,98304,59
ozks,57344,1
ozks,167936,146
ozks,65536,17
ozks,94208,44
ozks,73728,35
ozks,57344,4
ozks,69632,26
ozks,454656,541
ozks,65536,17
ozks,94208,44
ozks,69632,25
ozks,57344,4
ozks,69632,26
ozks,57344,8
ozks,57344,2
ozks,57344,3
ozks,57344,10
ozks,57344,3
ozks,65536,12
ozks,122880,85
ozks,57344,0
ozks,98304,53
ozks,69632,23
ozks,57344,11
ozks,65536,14
ozks,69632,30
ozks,57344,0
ozks,163840,143
ozks,57344,0
ozks,94208,42
ozks,159744,137
ozks,57344,0
ozks,57344,8
ozks,57344,2
ozks,57344,9
ozks,57344,6
ozks,57344,4
ozks,65536,13
ozks,57344,0
ozks,102400,65
ozks,57344,2
ozks,57344,1
ozks,196608,182
ozks,57344,2
ozks,286720,325
ozks,57344,0
ozks,57344,4
ozks,69632,26
ozks,57344,5
ozks,106496,72
ozks,57344,5
ozks,57344,1
ozks,69632,31
ozks,57344,4
ozks,102400,71
ozks,90112,41
ozks,65536,17
ozks,172032,147
ozks,57344,5
ozks,57344,1
ozks,69632,31
ozks,57344,9
ozks,585728,734
ozks,229376,228
ozks,57344,3
ozks,69632,31
ozks,57344,11
ozks,106496,72
ozks,57344,5
ozks,57344,1
ozks,57344,9
ozks,94208,46
ozks,143360,110
ozks,65536,17
ozks,57344,3
ozks,65536,14
ozks,57344,11
ozks,57344,8
ozks,57344,11
ozks,57344,11
ozks,57344,2
ozks,147456,116
ozks,65536,16
ozks,98304,62
ozks,57344,3
ozks,98304,54
ozks,57344,6
ozks,57344,8
ozks,151552,121
ozks,69632,23
ozks,90112,40
ozks,57344,1
ozks,57344,9
ozks,73728,36
ozks,552960,695
ozks,159744,137
ozks,69632,22
ozks,57344,0
ozks,376832,442
ozks,249856,256
ozks,65536,13
ozks,57344,11
ozks,421888,502
ozks,221184,220
ozks,532480,667
ozks,139264,104
ozks,57344,6
ozks,65536,12
ozks,73728,34
ozks,192512,174
ozks,606208,769
ozks,65536,13
ozks,57344,10
ozks,57344,8
ozks,57344,7
ozks,57344,0
ozks,57344,10
ozks,57344,10
ozks,192512,175
ozks,253952,268
ozks,65536,17
ozks,65536,13
ozks,126976,88
ozks,299008,327
ozks,65536,21
ozks,57344,2
ozks,73728,34
ozks,69632,29
ozks,69632,30
ozks,155648,128
ozks,151552,118
ozks,57344,6
ozks,94208,44
ozks,110592,78
ozks,94208,50
ozks,208896,202
ozks,102400,62
ozks,98304,56
ozks,69632,28
ozks,69632,27
ozks,57344,0
ozks,94208,48
ozks,57344,5
ozks,57344,3
ozks,57344,0
ozks,57344,10
ozks,69632,31
ozks,57344,4
ozks,94208,48
ozks,65536,15
ozks,57344,9
ozks,65536,14
ozks,65536,21
ozks,57344,1
ozks,65536,15
ozks,163840,150
ozks,102400,68
ozks,57344,1
ozks,98304,58
ozks,176128,157
ozks,57344,1
ozks,69632,31
ozks,102400,65
ozks,65536,15
ozks,176128,154
ozks,212992,214
ozks,57344,0
ozks,57344,9
ozks,172032,149
ozks,233472,240
ozks,151552,129
ozks,57344,1
ozks,57344,6
ozks,69632,29
ozks,462848,558
ozks,278528,305
ozks,98304,57
ozks,114688,81
ozks,184320,165
ozks,57344,5
ozks,65536,19
ozks,57344,6
ozks,98304,52
ozks,57344,7
ozks,57344,2
ozks,57344,1
ozks,94208,47
ozks,69632,22
ozks,57344,7
ozks,57344,5
ozks,208896,201
ozks,131072,99
ozks,57344,1
ozks,57344,10
ozks,65536,21
ozks,57344,5
ozks,131072,93
ozks,69632,27
ozks,57344,2
ozks,69632,23
ozks,57344,8
ozks,98304,54
ozks,57344,1
ozks,102400,64
ozks,299008,325
ozks,712704,908
ozks,708608,893
ozks,57344,9
ozks,57344,0
ozks,69632,26
ozks,200704,181
ozks,69632,22
ozks,57344,1
ozks,57344,0
ozks,57344,9
ozks,114688,81
ozks,65536,17
ozks,69632,22
ozks,770048,991
ozks,679936,856
ozks,57344,0
ozks,57344,1
ozks,57344,0
ozks,57344,11
ozks,94208,45
ozks,94208,48
ozks,65536,14
ozks,69632,26
ozks,57344,8
ozks,57344,1
ozks,57344,0
ozks,155648,133
ozks,65536,17
ozks,81920,37
ozks,266240,278
ozks,57344,2
ozks,94208,45
ozks,57344,4
ozks,57344,11
ozks,65536,18
ozks,372736,442
ozks,159744,141
ozks,65536,17
ozks,139264,108
ozks,65536,14
ozks,57344,0
ozks,73728,32
ozks,155648,141
ozks,110592,77
ozks,57344,10
ozks,57344,11
ozks,69632,31
ozks,225280,223
ozks,57344,3
ozks,208896,201
ozks,57344,2
ozks,188416,185
ozks,57344,0
ozks,217088,210
ozks,57344,0
ozks,57344,9
ozks,102400,65
ozks,57344,11
ozks,94208,42
ozks,57344,4
ozks,94208,44
ozks,57344,3
ozks,593920,742
ozks,69632,23
ozks,151552,127
ozks,57344,1
ozks,65536,17
ozks,98304,52
ozks,57344,5
ozks,57344,9
ozks,102400,71
ozks,57344,4
ozks,57344,1
ozks,73728,35
ozks,462848,563
ozks,626688,789
ozks,57344,8
ozks,278528,300
ozks,57344,0
ozks,57344,2
ozks,69632,30
ozks,368640,415
ozks,73728,35
ozks,65536,14
ozks,204800,198
ozks,57344,3
ozks,94208,43
ozks,57344,1
ozks,57344,8
ozks,65536,18
ozks,65536,13
ozks,65536,14
ozks,143360,117
ozks,69632,28
ozks,65536,18
ozks,450560,541
ozks,57344,5
ozks,69632,27
ozks,57344,8
ozks,57344,7
ozks,57344,2
ozks,57344,1
ozks,57344,0
ozks,65536,17
ozks,135168,105
ozks,57344,0
ozks,57344,1
ozks,57344,10
ozks,57344,6
ozks,57344,8
ozks,57344,5
ozks,57344,6
ozks,57344,6
ozks,57344,4
ozks,65536,17
ozks,94208,43
ozks,94208,45
ozks,57344,7
ozks,69632,27
ozks,57344,2
ozks,57344,1
ozks,57344,2
ozks,131072,94
ozks,249856,252
ozks,155648,130
ozks,57344,6
ozks,65536,15
ozks,131072,99
ozks,528384,650
ozks,102400,69
ozks,57344,8
ozks,57344,0
ozks,57344,2
ozks,65536,15
ozks,69632,28
ozks,57344,0
ozks,98304,53
ozks,73728,33
ozks,102400,69
ozks,57344,8
ozks,692224,883
ozks,65536,16
ozks,57344,8
ozks,172032,148
ozks,57344,1
ozks,94208,50
ozks,81920,38
ozks,155648,130
ozks,176128,159
ozks,602112,746
ozks,57344,6
ozks,57344,10
ozks,57344,2
ozks,57344,2
ozks,73728,36
ozks,69632,31
ozks,65536,12
ozks,217088,213
ozks,69632,27
ozks,188416,179
ozks,57344,4
ozks,57344,0
ozks,65536,18
ozks,131072,89
ozks,57344,0
ozks,102400,68
ozks,65536,19
ozks,65536,14
ozks,57344,1
ozks,593920,743
ozks,57344,10
ozks,704512,892
ozks,81920,37
ozks,266240,278
ozks,57344,1
ozks,69632,22
ozks,90112,40
ozks,65536,15
ozks,57344,0
ozks,57344,10
ozks,290816,314
ozks,57344,8
ozks,69632,30
ozks,258048,274
ozks,57344,0
ozks,65536,17
ozks,57344,0
ozks,57344,6
ozks,69632,24
ozks,65536,15
ozks,57344,8
ozks,155648,131
ozks,65536,17
ozks,57344,0
ozks,73728,36
ozks,69632,25
ozks,57344,1
ozks,57344,9
ozks,184320,168
ozks,65536,17
ozks,94208,52
ozks,57344,5
ozks,57344,8
ozks,147456,115
ozks,57344,11
ozks,73728,36
ozks,176128,156
ozks,176128,153
ozks,57344,3
ozks,131072,89
ozks,57344,0
ozks,69632,25
ozks,73728,35
ozks,57344,2
ozks,57344,8
ozks,102400,68
ozks,57344,0
ozks,434176,521
ozks,65536,17
ozks,57344,6
ozks,98304,59
ozks,65536,14
ozks,98304,58
ozks,57344,4
ozks,57344,9
ozks,57344,3
ozks,73728,36
ozks,57344,1
ozks,241664,247
ozks,57344,6
ozks,65536,17
ozks,126976,127
ozks,102400,65
ozks,57344,9
ozks,57344,1
ozks,57344,0
ozks,172032,153
ozks,57344,1
ozks,176128,152
ozks,65536,13
ozks,57344,1
ozks,57344,1
ozks,69632,26
ozks,69632,26
ozks,65536,17
ozks,57344,0
ozks,65536,17
ozks,401408,472
ozks,57344,8
ozks,57344,1
ozks,57344,1
ozks,65536,14
ozks,405504,476
ozks,294912,325
ozks,782336,998
ozks,57344,1
ozks,65536,17
ozks,57344,3
ozks,319488,358
ozks,65536,17
ozks,94208,44
ozks,118784,83
ozks,57344,0
ozks,73728,36
ozks,135168,104
ozks,352256,398
ozks,57344,3
ozks,151552,118
ozks,774144,998
ozks,94208,47
ozks,65536,17
ozks,65536,18
ozks,73728,32
ozks,57344,8
ozks,65536,12
ozks,73728,36
ozks,90112,40
ozks,57344,8
ozks,57344,1
ozks,57344,3
ozks,57344,0
ozks,57344,1
ozks,110592,76
ozks,57344,3
ozks,57344,8
ozks,57344,4
ozks,57344,10
ozks,303104,342
ozks,57344,2
ozks,57344,1
ozks,57344,2
ozks,94208,48
ozks,57344,0
ozks,102400,71
ozks,57344,3
ozks,57344,9
ozks,200704,182
ozks,57344,10
ozks,69632,31
ozks,208896,201
ozks,57344,6
ozks,57344,2
ozks,73728,33
ozks,57344,10
ozks,57344,8
ozks,57344,3
ozks,65536,21
ozks,57344,6
ozks,57344,6
ozks,135168,94
ozks,57344,1
ozks,327680,370
ozks,57344,4
ozks,376832,442
ozks,57344,3
ozks,159744,137
ozks,65536,12
ozks,69632,31
ozks,57344,2
ozks,294912,324
ozks,376832,446
ozks,57344,8
ozks,57344,0
ozks,57344,3
ozks,73728,36
ozks,135168,98
ozks,57344,0
ozks,143360,117
ozks,102400,65
ozks,102400,69
ozks,188416,179
ozks,69632,24
ozks,57344,4
ozks,57344,6
ozks,212992,214
ozks,69632,23
ozks,69632,31
ozks,57344,3
ozks,81920,37
ozks,376832,438
ozks,57344,4
ozks,217088,210
ozks,94208,49
ozks,65536,17
ozks,135168,105
ozks,57344,10
ozks,65536,12
ozks,57344,8
ozks,57344,11
ozks,69632,28
ozks,57344,5
ozks,65536,17
ozks,65536,15
ozks,249856,263
ozks,57344,0
ozks,57344,7
ozks,98304,53
ozks,73728,35
ozks,73728,35
ozks,57344,3
ozks,57344,3
ozks,65536,18
ozks,57344,6
ozks,65536,13
ozks,311296,350
ozks,57344,11
ozks,57344,8
ozks,57344,2
ozks,94208,45
ozks,57344,7
ozks,69632,22
ozks,409600,494
ozks,57344,0
ozks,57344,8
ozks,167936,146
ozks,151552,131
ozks,57344,9
ozks,57344,5
ozks,57344,1
ozks,401408,475
ozks,65536,17
ozks,57344,3
ozks,57344,7
ozks,57344,0
ozks,65536,16
ozks,57344,8
ozks,98304,54
ozks,57344,0
ozks,57344,0
ozks,65536,12
ozks,57344,10
ozks,57344,7
ozks,57344,8
ozks,57344,11
ozks,57344,2
ozks,57344,0
ozks,57344,1
ozks,65536,17
ozks,65536,21
ozks,98304,56
ozks,57344,11
ozks,98304,52
ozks,57344,10
ozks,57344,1
ozks,73728,34
ozks,57344,0
ozks,65536,19
ozks,126976,90
ozks,57344,8
ozks,65536,16
ozks,57344,8
ozks,57344,7
ozks,315392,350
ozks,57344,2
ozks,102400,72
ozks,57344,9
ozks,57344,8
ozks,69632,27
ozks,57344,10
ozks,69632,31
ozks,73728,34
ozks,159744,137
ozks,249856,262
ozks,249856,252
ozks,237568,243
ozks,69632,31
ozks,57344,0
ozks,57344,5
ozks,159744,142
ozks,73728,35
ozks,106496,72
ozks,65536,14
ozks,57344,0
ozks,69632,26
ozks,159744,141
ozks,57344,0
ozks,57344,8
ozks,57344,0
ozks,147456,118
ozks,57344,8
ozks,155648,124
ozks,81920,37
ozks,475136,590
ozks,81920,37
ozks,102400,65
ozks,94208,44
ozks,65536,13
ozks,98304,56
ozks,57344,1
ozks,57344,8
ozks,73728,36
ozks,57344,1
ozks,57344,11
ozks,57344,8
ozks,57344,2
ozks,155648,123
ozks,65536,12
ozks,57344,3
ozks,516096,650
ozks,57344,4
ozks,57344,1
ozks,69632,31
ozks,491520,608
ozks,135168,94
ozks,610304,767
ozks,81920,39
ozks,94208,47
ozks,65536,19
ozks,57344,7
ozks,57344,8
ozks,57344,10
ozks,319488,353
ozks,172032,145
ozks,454656,541
ozks,73728,34
ozks,94208,45
ozks,57344,4
ozks,69632,26
ozks,69632,22
ozks,57344,2
ozks,65536,14
ozks,65536,19
ozks,57344,7
ozks,73728,35
ozks,57344,4
ozks,57344,0
ozks,57344,0
ozks,135168,95
ozks,65536,17
ozks,57344,0
ozks,65536,14
ozks,57344,1
ozks,65536,13
ozks,57344,1
ozks,65536,14
ozks,69632,30
ozks,57344,8
ozks,57344,11
ozks,65536,12
ozks,65536,19
ozks,65536,15
ozks,57344,8
ozks,69632,25
ozks,69632,25
ozks,57344,3
ozks,65536,15
ozks,98304,59
ozks,57344,5
ozks,57344,2
ozks,81920,37
ozks,110592,76
ozks,65536,13
ozks,69632,26
ozks,102400,70
ozks,57344,11
ozks,98304,55
ozks,57344,11
ozks,126976,86
ozks,401408,483
ozks,57344,7
ozks,544768,677
ozks,303104,342
ozks,69632,26
ozks,57344,1
ozks,94208,44
ozks,69632,27
ozks,65536,20
ozks,65536,15
ozks,57344,8
ozks,57344,0
ozks,57344,3
ozks,98304,62
ozks,57344,3
ozks,57344,6
ozks,69632,24
ozks,69632,29
ozks,57344,6
ozks,57344,0
ozks,90112,41
ozks,57344,1
ozks,57344,2
ozks,57344,6
ozks,102400,68
ozks,200704,185
ozks,81920,39
ozks,110592,76
ozks,69632,28
ozks,294912,328
ozks,94208,49
ozks,57344,1
ozks,57344,8
ozks,57344,4
ozks,57344,0
ozks,57344,5
ozks,57344,1
ozks,57344,8
ozks,57344,1
ozks,143360,111
ozks,57344,1
ozks,69632,22
ozks,57344,2
ozks,389120,438
ozks,57344,1
ozks,57344,0
ozks,98304,52
ozks,114688,81
ozks,102400,67
ozks,94208,50
ozks,94208,49
ozks,65536,16
ozks,57344,8
ozks,176128,154
ozks,466944,574
ozks,57344,9
ozks,741376,953
ozks,65536,12
ozks,159744,135
ozks,57344,1
ozks,65536,15
ozks,102400,71
ozks,581632,732
ozks,57344,7
ozks,126976,90
ozks,118784,83
ozks,135168,107
ozks,548864,676
ozks,65536,18
ozks,114688,80
ozks,65536,18
ozks,57344,2
ozks,69632,22
ozks,380928,448
ozks,94208,50
ozks,57344,0
ozks,57344,3
ozks,286720,312
ozks,57344,7
ozks,57344,3
ozks,98304,55
ozks,57344,5
ozks,57344,1
ozks,118784,84
ozks,57344,2
ozks,163840,142
ozks,327680,369
ozks,65536,18
ozks,69632,28
ozks,557056,692
ozks,57344,8
ozks,65536,13
ozks,57344,7
ozks,57344,6
ozks,331776,378
ozks,57344,1
ozks,94208,50
ozks,192512,175
ozks,57344,1
ozks,57344,2
ozks,118784,83
ozks,57344,0
ozks,57344,2
ozks,57344,9
ozks,57344,8
ozks,69632,24
ozks,57344,1
ozks,57344,6
ozks,57344,10
ozks,176128,158
ozks,57344,1
ozks,65536,15
ozks,57344,1
ozks,57344,1
ozks,122880,85
ozks,454656,541
ozks,57344,3
ozks,102400,66
ozks,65536,17
ozks,57344,3
ozks,57344,6
ozks,73728,31
ozks,184320,171
ozks,450560,541
ozks,98304,55
ozks,98304,52
ozks,57344,6
ozks,57344,3
ozks,102400,65
ozks,65536,14
ozks,98304,59
ozks,57344,9
ozks,65536,12
ozks,65536,15
ozks,57344,6
ozks,401408,463
ozks,57344,3
ozks,57344,1
ozks,65536,12
ozks,299008,322
ozks,65536,19
ozks,446464,541
ozks,765952,983
ozks,57344,2
ozks,57344,9
ozks,303104,342
ozks,65536,20
ozks,409600,480
ozks,57344,1
ozks,65536,14
ozks,65536,20
ozks,65536,19
ozks,57344,3
ozks,69632,29
ozks,57344,4
ozks,57344,0
ozks,57344,6
ozks,57344,3
ozks,98304,58
ozks,172032,146
ozks,65536,19
ozks,65536,17
ozks,57344,10
ozks,57344,1
ozks,98304,54
ozks,57344,3
ozks,569344,715
ozks,131072,97
ozks,98304,58
ozks,57344,7
ozks,282624,313
ozks,57344,0
ozks,57344,2
ozks,163840,144
ozks,57344,0
ozks,57344,4
ozks,131072,91
ozks,98304,56
ozks,65536,14
ozks,409600,484
ozks,57344,2
ozks,69632,23
ozks,94208,44
ozks,57344,2
ozks,57344,0
ozks,323584,361
ozks,57344,2
ozks,57344,0
ozks,57344,0
ozks,118784,83
ozks,57344,9
ozks,57344,6
ozks,57344,2
ozks,57344,9
ozks,57344,2
ozks,532480,652
ozks,593920,743
ozks,57344,5
ozks,94208,43
ozks,57344,7
ozks,65536,20
ozks,57344,2
ozks,294912,327
ozks,172032,146
ozks,98304,60
ozks,81920,39
ozks,94208,48
ozks,57344,10
ozks,65536,12
ozks,57344,4
ozks,57344,2
ozks,57344,10
ozks,57344,8
ozks,57344,4
ozks,69632,23
ozks,57344,5
ozks,155648,138
ozks,245760,254
ozks,65536,15
ozks,57344,1
ozks,57344,8
ozks,65536,17
ozks,94208,43
ozks,94208,43
ozks,57344,0
ozks,73728,36
ozks,57344,1
ozks,143360,112
ozks,57344,3
ozks,57344,1
ozks,94208,46
ozks,360448,412
ozks,57344,4
ozks,663552,833
ozks,57344,7
ozks,57344,9
ozks,57344,0
ozks,57344,3
ozks,139264,107
ozks,57344,6
ozks,57344,5
ozks,176128,158
ozks,57344,3
ozks,69632,25
ozks,57344,0
ozks,57344,1
ozks,57344,9
ozks,57344,10
ozks,159744,142
ozks,57344,2
ozks,65536,16
ozks,204800,193
ozks,716800,915
ozks,73728,34
ozks,57344,9
ozks,69632,22
ozks,57344,6
ozks,57344,7
ozks,167936,146
ozks,57344,7
ozks,180224,164
ozks,57344,5
ozks,552960,685
ozks,65536,17
ozks,176128,157
ozks,65536,17
ozks,57344,8
ozks,57344,1
ozks,57344,4
ozks,57344,4
ozks,57344,11
ozks,57344,2
ozks,69632,28
ozks,397312,485
ozks,57344,1
ozks,98304,62
ozks,57344,1
ozks,57344,1
ozks,118784,83
ozks,69632,27
ozks,57344,1
ozks,57344,1
ozks,65536,15
ozks,102400,67
ozks,57344,8
ozks,81920,37
ozks,57344,0
ozks,479232,582
ozks,98304,59
ozks,57344,0
ozks,57344,0
ozks,57344,1
ozks,57344,0
ozks,176128,158
ozks,57344,0
ozks,57344,2
ozks,520192,644
ozks,159744,133
ozks,65536,13
ozks,69632,25
ozks,69632,26
ozks,110592,75
ozks,65536,13
ozks,57344,6
ozks,176128,156
ozks,212992,211
ozks,57344,0
ozks,57344,5
ozks,57344,0
ozks,167936,142
ozks,57344,0
ozks,155648,131
ozks,110592,76
ozks,57344,1
ozks,57344,8
ozks,57344,4
ozks,57344,0
ozks,69632,30
ozks,65536,17
ozks,65536,12
ozks,57344,10
ozks,94208,50
ozks,57344,5
ozks,57344,3
ozks,57344,1
ozks,110592,78
ozks,65536,18
ozks,94208,45
ozks,94208,45
ozks,290816,325
ozks,151552,129
ozks,57344,3
ozks,57344,3
ozks,98304,57
ozks,57344,1
ozks,552960,690
ozks,57344,1
ozks,458752,555
ozks,57344,0
ozks,57344,0
ozks,757760,983
ozks,196608,183
ozks,57344,6
ozks,159744,137
ozks,69632,22
ozks,430080,512
ozks,57344,3
ozks,729088,929
ozks,57344,2
ozks,94208,42
ozks,69632,31
ozks,69632,22
ozks,73728,35
ozks,57344,2
ozks,57344,9
ozks,135168,96
ozks,57344,11
ozks,57344,3
ozks,57344,5
ozks,147456,115
ozks,98304,58
ozks,57344,4
ozks,155648,132
ozks,57344,6
ozks,57344,0
ozks,176128,158
ozks,135168,106
ozks,172032,149
ozks,229376,229
ozks,65536,15
ozks,57344,8
ozks,69632,26
ozks,57344,8
ozks,57344,0
ozks,57344,7
ozks,69632,24
ozks,69632,24
ozks,69632,22
ozks,57344,11
ozks,57344,9
ozks,73728,34
ozks,57344,10
ozks,57344,10
ozks,57344,9
ozks,57344,1
ozks,57344,6
ozks,94208,44
ozks,57344,9
ozks,57344,1
ozks,118784,82
ozks,155648,134
ozks,57344,8
ozks,57344,4
ozks,65536,18
ozks,69632,24
ozks,57344,1
ozks,69632,27
ozks,57344,0
ozks,57344,0
ozks,57344,6
ozks,57344,8
ozks,57344,8
ozks,278528,288
ozks,102400,62
ozks,81920,38
ozks,65536,18
ozks,73728,35
ozks,73728,34
ozks,57344,2
ozks,57344,8
ozks,122880,85
ozks,159744,133
ozks,110592,78
ozks,65536,17
ozks,339968,382
ozks,57344,3
ozks,73728,36
ozks,57344,5
ozks,233472,241
ozks,102400,59
ozks,57344,3
ozks,102400,66
ozks,57344,7
ozks,57344,6
ozks,57344,4
ozks,135168,97
ozks,69632,26
ozks,57344,0
ozks,294912,324
ozks,507904,620
ozks,57344,9
ozks,57344,4
ozks,57344,2
ozks,57344,9
ozks,172032,150
ozks,380928,446
ozks,57344,2
ozks,102400,72
ozks,57344,0
ozks,57344,1
ozks,57344,9
ozks,159744,137
ozks,94208,42
ozks,57344,9
ozks,57344,4
ozks,57344,3
ozks,57344,9
ozks,69632,22
ozks,65536,12
ozks,57344,1
ozks,57344,6
ozks,57344,2
ozks,57344,10
ozks,57344,0
ozks,57344,5
ozks,57344,6
ozks,57344,3
ozks,192512,178
ozks,65536,12
ozks,770048,970
ozks,114688,80
ozks,57344,2
ozks,57344,3
ozks,65536,18
ozks,57344,3
ozks,57344,9
ozks,57344,2
ozks,94208,47
ozks,69632,23
ozks,57344,6
ozks,69632,28
ozks,65536,14
ozks,94208,48
ozks,663552,827
ozks,299008,321
ozks,57344,2
ozks,57344,0
ozks,307200,338
ozks,102400,71
ozks,69632,21
ozks,57344,1
ozks,57344,11
ozks,57344,5
ozks,57344,1
ozks,102400,65
ozks,126976,90
ozks,65536,17
ozks,57344,1
ozks,131072,101
ozks,69632,31
ozks,57344,1
ozks,57344,8
ozks,57344,5
ozks,98304,59
ozks,57344,3
ozks,57344,5
ozks,57344,0
ozks,65536,15
ozks,57344,3
ozks,102400,72
ozks,135168,106
ozks,57344,2
ozks,151552,121
ozks,65536,15
ozks,102400,68
ozks,65536,16
ozks,57344,7
ozks,57344,10
ozks,57344,9
ozks,159744,136
ozks,69632,22
ozks,65536,12
ozks,69632,28
ozks,147456,115
ozks,126976,89
ozks,57344,2
ozks,110592,78
ozks,57344,4
ozks,57344,1
ozks,69632,25
ozks,57344,1
ozks,57344,1
ozks,65536,19
ozks,208896,201
ozks,57344,5
ozks,57344,7
ozks,667648,851
ozks,57344,2
ozks,69632,28
ozks,65536,21
ozks,167936,145
ozks,57344,9
ozks,65536,18
ozks,73728,34
ozks,106496,72
ozks,57344,3
ozks,696320,883
ozks,102400,67
ozks,212992,204
ozks,303104,339
ozks,57344,1
ozks,65536,12
ozks,176128,159
ozks,94208,45
ozks,57344,11
ozks,57344,9
ozks,110592,79
ozks,57344,9
ozks,57344,6
ozks,81920,39
ozks,94208,44
ozks,69632,25
ozks,57344,1
ozks,57344,1
ozks,57344,0
ozks,94208,45
ozks,65536,21
ozks,57344,8
ozks,81920,39
ozks,57344,2
ozks,57344,3
ozks,159744,142
ozks,57344,4
ozks,290816,324
ozks,98304,55
ozks,57344,7
ozks,548864,670
ozks,98304,55
ozks,73728,36
ozks,57344,0
ozks,204800,184
ozks,102400,69
ozks,69632,22
ozks,65536,13
ozks,135168,96
ozks,102400,66
ozks,57344,3
ozks,69632,28
ozks,57344,0
ozks,69632,31
ozks,118784,83
ozks,57344,9
ozks,57344,2
ozks,57344,4
ozks,65536,13
ozks,73728,32
ozks,65536,12
ozks,57344,8
ozks,98304,54
ozks,57344,1
ozks,57344,8
ozks,57344,0
ozks,57344,1
ozks,274432,304
ozks,57344,2
ozks,589824,742
ozks,57344,6
ozks,57344,2
ozks,57344,2
ozks,57344,3
ozks,102400,62
ozks,57344,8
ozks,57344,7
ozks,94208,43
ozks,57344,7
ozks,57344,8
ozks,57344,10
ozks,65536,15
ozks,57344,7
ozks,98304,58
ozks,65536,14
ozks,102400,71
ozks,139264,107
ozks,57344,4
ozks,57344,4
ozks,57344,0
ozks,57344,8
ozks,507904,631
ozks,98304,58
ozks,57344,3
ozks,143360,114
ozks,57344,0
ozks,69632,23
ozks,65536,12
ozks,65536,20
ozks,626688,791
ozks,57344,3
ozks,131072,94
ozks,126976,90
ozks,57344,0
ozks,94208,41
ozks,143360,117
ozks,57344,6
ozks,57344,5
ozks,126976,92
ozks,73728,31
ozks,57344,10
ozks,69632,26
ozks,65536,17
ozks,57344,8
ozks,57344,0
ozks,65536,13
ozks,57344,2
ozks,57344,2
ozks,65536,18
ozks,69632,28
ozks,155648,129
ozks,102400,64
ozks,65536,21
ozks,57344,10
ozks,94208,42
ozks,57344,3
ozks,102400,70
ozks,65536,19
ozks,57344,1
ozks,57344,6
ozks,94208,44
ozks,81920,37
ozks,65536,12
ozks,57344,5
ozks,126976,87
ozks,73728,35
ozks,57344,0
ozks,57344,3
ozks,73728,36
ozks,57344,10
ozks,57344,3
ozks,65536,13
ozks,57344,0
ozks,475136,574
ozks,57344,3
ozks,57344,3
ozks,69632,28
ozks,57344,3
ozks,65536,15
ozks,57344,3
ozks,94208,44
ozks,57344,5
ozks,57344,4
ozks,57344,9
ozks,57344,9
ozks,204800,199
ozks,57344,4
ozks,131072,97
ozks,57344,2
ozks,94208,44
ozks,65536,19
ozks,372736,425
ozks,57344,8
ozks,585728,738
ozks,57344,1
ozks,102400,71
ozks,57344,1
ozks,65536,13
ozks,57344,0
ozks,57344,8
ozks,57344,4
ozks,131072,99
ozks,192512,182
ozks,57344,8
ozks,65536,13
ozks,57344,8
ozks,57344,3
ozks,94208,45
ozks,57344,11
ozks,57344,10
ozks,57344,11
ozks,98304,57
ozks,65536,14
ozks,126976,88
ozks,237568,245
ozks,118784,84
ozks,57344,9
ozks,57344,1
ozks,65536,20
ozks,57344,1
ozks,57344,5
ozks,143360,111
ozks,57344,2
ozks,57344,4
ozks,98304,60
ozks,57344,1
ozks,57344,8
ozks,57344,5
ozks,57344,6
ozks,57344,0
ozks,57344,5
ozks,65536,17
ozks,57344,4
ozks,57344,2
ozks,65536,12
ozks,57344,0
ozks,65536,20
ozks,57344,8
ozks,65536,12
ozks,57344,1
ozks,65536,17
ozks,94208,48
ozks,126976,89
ozks,143360,111
ozks,57344,1
ozks,94208,46
ozks,57344,11
ozks,65536,21
ozks,65536,17
ozks,135168,104
ozks,57344,1
ozks,65536,21
ozks,65536,16
ozks,57344,3
ozks,176128,158
ozks,65536,17
ozks,57344,3
ozks,57344,10
ozks,65536,14
ozks,57344,3
ozks,364544,421
ozks,65536,18
ozks,69632,26
ozks,143360,117
ozks,98304,58
ozks,57344,0
ozks,65536,15
ozks,65536,18
ozks,57344,0
ozks,208896,206
ozks,131072,93
ozks,57344,1
ozks,708608,908
ozks,172032,149
ozks,65536,14
ozks,716800,915
ozks,90112,41
ozks,57344,5
ozks,57344,6
ozks,65536,12
ozks,69632,26
ozks,81920,38
ozks,57344,3
ozks,57344,7
ozks,139264,106
ozks,131072,93
ozks,57344,8
ozks,65536,13
ozks,57344,1
ozks,57344,0
ozks,57344,10
ozks,98304,53
ozks,65536,15
ozks,765952,981
ozks,57344,1
ozks,69632,29
ozks,233472,240
ozks,159744,137
ozks,57344,4
ozks,155648,128
ozks,57344,10
ozks,249856,256
ozks,57344,9
ozks,65536,12
ozks,57344,1
ozks,212992,210
ozks,94208,48
ozks,131072,88
ozks,57344,3
ozks,57344,11
ozks,57344,8
ozks,172032,149
ozks,65536,19
ozks,65536,18
ozks,57344,2
ozks,65536,13
ozks,57344,2
ozks,57344,7
ozks,98304,56
ozks,57344,0
ozks,57344,2
ozks,241664,254
ozks,69632,25
ozks,102400,64
ozks,65536,12
ozks,65536,13
ozks,65536,18
ozks,57344,1
ozks,163840,139
ozks,81920,37
ozks,65536,12
ozks,163840,140
ozks,102400,64
ozks,118784,85
ozks,57344,9
ozks,73728,32
ozks,57344,0
ozks,57344,8
ozks,65536,13
ozks,184320,167
ozks,147456,120
ozks,57344,7
ozks,139264,105
ozks,57344,8
ozks,159744,142
ozks,57344,2
ozks,94208,43
ozks,94208,47
ozks,57344,1
ozks,65536,16
ozks,57344,0
ozks,155648,140
ozks,57344,3
ozks,589824,734
ozks,65536,16
ozks,57344,11
ozks,131072,97
ozks,102400,67
ozks,57344,1
ozks,237568,248
ozks,69632,25
ozks,483328,578
ozks,69632,28
ozks,69632,23
ozks,516096,648
ozks,57344,0
ozks,57344,9
ozks,94208,46
ozks,57344,11
ozks,69632,25
ozks,65536,13
ozks,57344,8
ozks,65536,18
ozks,57344,0
ozks,57344,2
ozks,94208,51
ozks,57344,5
ozks,126976,90
ozks,57344,8
ozks,57344,7
ozks,69632,26
ozks,57344,4
ozks,69632,28
ozks,57344,1
ozks,102400,64
ozks,450560,538
ozks,131072,93
ozks,57344,7
ozks,65536,17
ozks,57344,9
ozks,57344,4
ozks,57344,0
ozks,167936,146
ozks,57344,8
ozks,122880,85
ozks,225280,220
ozks,102400,71
ozks,65536,21
ozks,57344,8
ozks,172032,145
ozks,57344,4
ozks,688128,882
ozks,65536,17
ozks,131072,93
ozks,57344,5
ozks,57344,6
ozks,69632,24
ozks,438272,521
ozks,57344,1
ozks,69632,30
ozks,94208,42
ozks,57344,0
ozks,122880,85
ozks,65536,15
ozks,69632,23
ozks,118784,82
ozks,155648,127
ozks,65536,13
ozks,94208,42
ozks,663552,836
ozks,94208,46
ozks,155648,129
ozks,438272,521
ozks,57344,5
ozks,69632,25
ozks,69632,28
ozks,118784,84
ozks,131072,93
ozks,65536,17
ozks,57344,6
ozks,135168,105
ozks,69632,27
ozks,155648,134
ozks,593920,734
ozks,69632,28
ozks,65536,13
ozks,57344,4
ozks,57344,10
ozks,57344,3
ozks,57344,4
ozks,57344,8
ozks,65536,15
ozks,57344,2
ozks,57344,2
ozks,57344,9
ozks,724992,929
ozks,57344,7
ozks,331776,382
ozks,126976,90
ozks,57344,5
ozks,131072,102
ozks,57344,3
ozks,495616,606
ozks,57344,3
ozks,102400,65
ozks,94208,48
ozks,135168,99
ozks,94208,43
ozks,65536,13
ozks,69632,29
ozks,57344,2
ozks,57344,2
ozks,57344,11
ozks,65536,14
ozks,73728,36
ozks,294912,325
ozks,167936,150
ozks,69632,21
ozks,57344,2
ozks,98304,52
ozks,69632,29
ozks,110592,78
ozks,57344,5
ozks,57344,5
ozks,57344,2
ozks,57344,10
ozks,57344,9
ozks,65536,12
ozks,65536,15
ozks,57344,8
ozks,57344,2
ozks,65536,17
ozks,65536,21
ozks,65536,17
ozks,81920,38
ozks,135168,103
ozks,65536,21
ozks,57344,10
ozks,57344,0
ozks,57344,2
ozks,200704,188
ozks,253952,272
ozks,57344,0
ozks,65536,14
ozks,65536,15
ozks,57344,7
ozks,57344,8
ozks,126976,86
ozks,208896,201
ozks,57344,0
ozks,73728,34
ozks,57344,1
ozks,57344,6
ozks,65536,18
ozks,57344,1
ozks,69632,26
ozks,69632,23
ozks,278528,308
ozks,204800,191
ozks,65536,13
ozks,57344,8
ozks,118784,84
ozks,65536,13
ozks,57344,1
ozks,57344,8
ozks,57344,10
ozks,57344,1
ozks,114688,81
ozks,176128,156
ozks,57344,2
ozks,69632,30
ozks,176128,166
ozks,57344,0
ozks,57344,8
ozks,57344,0
ozks,720896,931
ozks,180224,169
ozks,65536,14
ozks,57344,9
ozks,98304,56
ozks,311296,352
ozks,57344,4
ozks,151552,118
ozks,57344,9
ozks,65536,15
ozks,57344,3
ozks,57344,2
ozks,94208,49
ozks,57344,1
ozks,57344,0
ozks,208896,206
ozks,73728,34
ozks,57344,4
ozks,90112,41
ozks,159744,142
ozks,57344,4
ozks,745472,962
ozks,65536,17
ozks,57344,5
ozks,57344,7
ozks,98304,54
ozks,57344,0
ozks,65536,21
ozks,57344,1
ozks,57344,7
ozks,708608,903
ozks,57344,0
ozks,65536,15
ozks,94208,42
ozks,159744,137
ozks,278528,312
ozks,114688,80
ozks,102400,71
ozks,69632,31
ozks,155648,128
ozks,57344,7
ozks,57344,1
ozks,69632,29
ozks,57344,6
ozks,57344,11
ozks,69632,27
ozks,172032,146
ozks,585728,734
ozks,57344,3
ozks,57344,8
ozks,57344,8
ozks,200704,188
ozks,57344,1
ozks,98304,58
ozks,57344,7
ozks,290816,324
ozks,57344,5
ozks,65536,16
ozks,57344,8
ozks,94208,50
ozks,286720,323
ozks,57344,1
ozks,65536,17
ozks,57344,11
ozks,753664,981
ozks,65536,15
ozks,57344,8
ozks,69632,29
ozks,57344,9
ozks,57344,1
ozks,102400,70
ozks,335872,383
ozks,57344,2
ozks,176128,156
ozks,290816,325
ozks,94208,49
ozks,57344,1
ozks,69632,26
ozks,389120,461
ozks,57344,6
ozks,65536,13
ozks,57344,7
ozks,57344,0
ozks,110592,76
ozks,102400,65
ozks,57344,3
ozks,65536,14
ozks,57344,2
ozks,69632,26
ozks,57344,4
ozks,57344,9
ozks,503808,627
ozks,57344,4
ozks,102400,72
ozks,163840,151
ozks,57344,7
ozks,57344,3
ozks,65536,16
ozks,65536,12
ozks,184320,173
ozks,69632,21
ozks,65536,13
ozks,65536,19
ozks,57344,1
ozks,57344,4
ozks,57344,6
ozks,65536,12
ozks,102400,71
ozks,110592,77
ozks,57344,1
ozks,57344,2
ozks,184320,167
ozks,57344,1
ozks,69632,27
ozks,188416,170
ozks,57344,4
ozks,69632,26
ozks,57344,3
ozks,57344,1
ozks,57344,1
ozks,57344,7
ozks,65536,15
ozks,159744,140
ozks,118784,85
ozks,65536,15
ozks,360448,413
ozks,57344,2
ozks,57344,0
ozks,57344,10
ozks,73728,34
ozks,94208,45
ozks,69632,27
ozks,57344,11
ozks,57344,9
ozks,57344,0
ozks,57344,5
ozks,57344,8
ozks,200704,185
ozks,65536,20
ozks,57344,0
ozks,57344,11
ozks,98304,54
ozks,57344,0
ozks,65536,19
ozks,57344,0
ozks,57344,0
ozks,258048,274
ozks,57344,3
ozks,57344,10
ozks,69632,25
ozks,589824,737
ozks,57344,4
ozks,57344,0
ozks,98304,54
ozks,57344,1
ozks,139264,110
ozks,65536,16
ozks,57344,2
ozks,94208,42
ozks,450560,541
ozks,65536,19
ozks,69632,28
ozks,57344,7
ozks,57344,9
ozks,94208,47
ozks,94208,48
ozks,155648,133
ozks,69632,27
ozks,118784,82
ozks,57344,10
ozks,151552,125
ozks,65536,17
ozks,131072,93
ozks,135168,99
ozks,57344,6
ozks,57344,0
ozks,57344,1
ozks,65536,12
ozks,57344,3
ozks,57344,0
ozks,155648,123
ozks,57344,5
ozks,57344,5
ozks,57344,8
ozks,102400,64
ozks,401408,474
ozks,258048,268
ozks,65536,17
ozks,131072,96
ozks,65536,13
ozks,57344,5
ozks,159744,140
ozks,57344,8
ozks,69632,25
ozks,57344,6
ozks,102400,68
ozks,57344,4
ozks,57344,9
ozks,98304,60
ozks,57344,8
ozks,57344,0
ozks,57344,3
ozks,81920,37
ozks,57344,7
ozks,172032,148
ozks,65536,15
ozks,57344,11
ozks,57344,11
ozks,65536,13
ozks,73728,35
ozks,106496,72
ozks,110592,76
ozks,57344,7
ozks,57344,1
ozks,311296,350
ozks,57344,4
ozks,94208,42
ozks,98304,52
ozks,57344,1
ozks,57344,4
ozks,57344,8
ozks,176128,159
ozks,163840,143
ozks,57344,4
ozks,94208,44
ozks,57344,3
ozks,73728,36
ozks,57344,1
ozks,57344,1
ozks,57344,10
ozks,65536,13
ozks,102400,65
ozks,339968,382
ozks,57344,3
ozks,57344,2
ozks,65536,15
ozks,57344,1
ozks,57344,10
ozks,57344,8
ozks,57344,1
ozks,57344,0
ozks,57344,6
ozks,57344,6
ozks,57344,4
ozks,57344,2
ozks,57344,8
ozks,200704,181
ozks,73728,34
ozks,65536,19
ozks,65536,13
ozks,159744,140
ozks,65536,12
ozks,94208,43
ozks,57344,6
ozks,57344,6
ozks,57344,8
ozks,57344,2
ozks,69632,26
ozks,57344,2
ozks,57344,8
ozks,57344,0
ozks,176128,158
ozks,102400,66
ozks,57344,1
ozks,57344,3
ozks,159744,135
ozks,180224,164
ozks,57344,2
ozks,65536,17
ozks,139264,103
ozks,57344,2
ozks,163840,140
ozks,155648,130
ozks,57344,7
ozks,65536,16
ozks,57344,2
ozks,143360,111
ozks,94208,46
ozks,57344,1
ozks,65536,17
ozks,69632,24
ozks,98304,59
ozks,475136,580
ozks,131072,88
ozks,57344,8
ozks,57344,2
ozks,212992,206
ozks,57344,3
ozks,81920,39
ozks,65536,17
ozks,159744,137
ozks,57344,1
ozks,65536,13
ozks,57344,0
ozks,65536,13
ozks,57344,6
ozks,57344,7
ozks,57344,1
ozks,65536,12
ozks,57344,2
ozks,143360,111
ozks,57344,2
ozks,57344,0
ozks,94208,49
ozks,778240,999
ozks,163840,140
ozks,57344,8
ozks,57344,5
ozks,57344,8
ozks,57344,8
ozks,655360,825
ozks,57344,0
ozks,65536,19
ozks,176128,158
ozks,81920,37
ozks,57344,2
ozks,114688,81
ozks,57344,0
ozks,102400,62
ozks,57344,3
ozks,692224,880
ozks,65536,15
ozks,57344,8
ozks,167936,150
ozks,69632,30
ozks,196608,180
ozks,94208,48
ozks,57344,9
ozks,57344,0
ozks,57344,5
ozks,151552,127
ozks,69632,21
ozks,57344,6
ozks,65536,14
ozks,155648,131
ozks,94208,46
ozks,57344,1
ozks,57344,8
ozks,57344,2
ozks,69632,30
ozks,57344,11
ozks,57344,9
ozks,94208,45
ozks,57344,1
ozks,57344,2
ozks,57344,3
ozks,69632,23
ozks,536576,668
ozks,163840,139
ozks,57344,6
ozks,94208,45
ozks,155648,133
ozks,65536,12
ozks,57344,8
ozks,57344,6
ozks,57344,1
ozks,57344,6
ozks,57344,6
ozks,450560,541
ozks,57344,9
ozks,65536,14
ozks,94208,44
ozks,57344,2
ozks,65536,14
ozks,69632,26
ozks,57344,2
ozks,57344,1
ozks,57344,7
ozks,57344,5
ozks,57344,5
ozks,126976,86
ozks,57344,10
ozks,73728,36
ozks,57344,3
ozks,212992,201
ozks,262144,274
ozks,57344,2
ozks,65536,19
ozks,69632,25
ozks,69632,22
ozks,57344,0
ozks,57344,0
ozks,57344,9
ozks,65536,14
ozks,155648,140
ozks,69632,31
ozks,57344,6
ozks,57344,3
ozks,69632,31
ozks,65536,14
ozks,57344,1
ozks,65536,12
ozks,98304,55
ozks,233472,245
ozks,372736,439
ozks,57344,6
ozks,65536,15
ozks,69632,23
ozks,57344,3
ozks,57344,0
ozks,57344,0
ozks,57344,0
ozks,65536,19
ozks,57344,2
ozks,126976,92
ozks,131072,94
ozks,57344,5
ozks,57344,1
ozks,57344,8
ozks,94208,46
ozks,57344,2
ozks,65536,12
ozks,57344,4
ozks,57344,0
ozks,94208,47
ozks,176128,158
ozks,81920,38
ozks,131072,92
ozks,57344,6
ozks,69632,24
ozks,409600,477
ozks,159744,140
ozks,65536,13
ozks,57344,9
ozks,69632,21
ozks,57344,10
ozks,475136,580
ozks,57344,6
ozks,94208,50
ozks,57344,6
ozks,204800,201
ozks,57344,2
ozks,110592,73
ozks,266240,291
ozks,69632,28
ozks,57344,2
ozks,81920,39
ozks,94208,46
ozks,126976,90
ozks,65536,14
ozks,73728,36
ozks,57344,10
ozks,167936,149
ozks,57344,5
ozks,57344,9
ozks,425984,502
ozks,446464,541
ozks,65536,15
ozks,57344,3
ozks,73728,36
ozks,110592,75
ozks,94208,50
ozks,69632,24
ozks,57344,6
ozks,57344,3
ozks,57344,3
ozks,57344,6
ozks,65536,16
ozks,69632,28
ozks,57344,5
ozks,57344,0
ozks,65536,13
ozks,761856,981
ozks,57344,2
ozks,57344,0
ozks,135168,104
ozks,57344,1
ozks,147456,122
ozks,65536,17
ozks,57344,0
ozks,57344,1
ozks,147456,122
ozks,131072,96
ozks,69632,27
ozks,57344,10
ozks,57344,4
ozks,57344,5
ozks,57344,10
ozks,57344,8
ozks,69632,27
ozks,57344,1
ozks,57344,5
ozks,57344,4
ozks,65536,21
ozks,131072,95
ozks,253952,268
ozks,65536,14
ozks,57344,4
ozks,57344,2
ozks,110592,74
ozks,57344,8
ozks,159744,133
ozks,110592,79
ozks,65536,16
ozks,57344,9
ozks,57344,8
ozks,81920,37
ozks,98304,53
ozks,73728,35
ozks,98304,59
ozks,57344,3
ozks,57344,5
ozks,184320,173
ozks,94208,45
ozks,57344,4
ozks,57344,2
ozks,57344,3
ozks,69632,22
ozks,57344,10
ozks,65536,16
ozks,425984,502
ozks,229376,235
ozks,65536,17
ozks,102400,67
ozks,57344,1
ozks,528384,663
ozks,73728,35
ozks,73728,36
ozks,98304,54
ozks,57344,8
ozks,57344,9
ozks,57344,1
ozks,352256,398
ozks,139264,105
ozks,69632,30
ozks,114688,82
ozks,69632,23
ozks,57344,2
ozks,192512,177
ozks,57344,3
ozks,57344,0
ozks,647168,812
ozks,73728,35
ozks,57344,8
ozks,57344,3
ozks,57344,8
ozks,172032,149
ozks,57344,1
ozks,81920,39
ozks,69632,25
ozks,172032,149
ozks,606208,769
ozks,282624,308
ozks,57344,7
ozks,356352,408
ozks,57344,2
ozks,57344,5
ozks,81920,38
ozks,57344,8
ozks,290816,325
ozks,114688,80
ozks,57344,1
ozks,57344,4
ozks,57344,1
ozks,57344,2
ozks,57344,7
ozks,57344,5
ozks,57344,4
ozks,65536,12
ozks,81920,39
ozks,135168,105
ozks,57344,11
ozks,57344,3
ozks,229376,235
ozks,57344,2
ozks,167936,151
ozks,249856,263
ozks,69632,28
ozks,94208,47
ozks,282624,303
ozks,122880,85
ozks,57344,7
ozks,176128,158
ozks,65536,14
ozks,286720,324
ozks,57344,7
ozks,57344,9
ozks,143360,110
ozks,57344,4
ozks,69632,25
ozks,57344,1
ozks,57344,6
ozks,94208,42
ozks,57344,1
ozks,65536,15
ozks,57344,0
ozks,69632,28
ozks,69632,28
ozks,290816,323
ozks,684032,874
ozks,57344,1
ozks,57344,7
ozks,364544,418
ozks,57344,3
ozks,102400,68
ozks,57344,1
ozks,57344,8
ozks,57344,3
ozks,57344,0
ozks,57344,11
ozks,57344,1
ozks,57344,2
ozks,69632,30
ozks,57344,0
ozks,57344,0
ozks,147456,118
ozks,65536,17
ozks,98304,58
ozks,69632,30
ozks,57344,9
ozks,65536,19
ozks,110592,79
ozks,102400,62
ozks,57344,4
ozks,57344,2
ozks,94208,44
ozks,65536,13
ozks,57344,6
ozks,155648,127
ozks,65536,20
ozks,397312,472
ozks,57344,11
ozks,65536,16
ozks,139264,108
ozks,167936,144
ozks,610304,768
ozks,69632,26
ozks,57344,2
ozks,94208,50
ozks,57344,9
ozks,57344,4
ozks,94208,46
ozks,69632,26
ozks,73728,36
ozks,57344,9
ozks,131072,99
ozks,131072,96
ozks,57344,10
ozks,450560,541
ozks,57344,11
ozks,57344,6
ozks,65536,15
ozks,503808,628
ozks,57344,2
ozks,57344,2
ozks,434176,517
ozks,73728,35
ozks,57344,4
ozks,65536,17
ozks,57344,3
ozks,81920,39
ozks,221184,222
ozks,102400,66
ozks,57344,3
ozks,69632,29
ozks,172032,146
ozks,57344,1
ozks,57344,8
ozks,675840,853
ozks,192512,178
ozks,57344,7
ozks,69632,26
ozks,57344,11
ozks,155648,126
ozks,57344,9
ozks,57344,3
ozks,65536,21
ozks,57344,3
ozks,69632,24
ozks,57344,1
ozks,81920,39
ozks,65536,20
ozks,172032,147
ozks,57344,8
ozks,73728,31
ozks,57344,1
ozks,290816,320
ozks,57344,0
ozks,57344,0
ozks,167936,149
ozks,57344,2
ozks,57344,8
ozks,57344,3
ozks,65536,21
ozks,69632,23
ozks,57344,2
ozks,57344,6
ozks,143360,110
ozks,102400,64
ozks,57344,3
ozks,57344,3
ozks,155648,128
ozks,249856,255
ozks,98304,55
ozks,57344,9
ozks,57344,0
ozks,688128,880
ozks,57344,6
ozks,536576,668
ozks,94208,49
ozks,57344,7
ozks,57344,0
ozks,57344,0
ozks,57344,4
ozks,57344,6
ozks,73728,34
ozks,368640,431
ozks,536576,667
ozks,208896,195
ozks,57344,6
ozks,65536,13
ozks,57344,7
ozks,57344,0
ozks,57344,7
ozks,57344,4
ozks,65536,13
ozks,65536,19
ozks,176128,158
ozks,57344,11
ozks,57344,1
ozks,57344,8
ozks,90112,40
ozks,69632,23
ozks,200704,180
ozks,81920,39
ozks,65536,18
ozks,69632,30
ozks,102400,64
ozks,65536,12
ozks,65536,12
ozks,57344,3
ozks,720896,929
ozks,143360,112
ozks,159744,137
ozks,57344,4
ozks,245760,254
ozks,143360,117
ozks,57344,0
ozks,94208,44
ozks,57344,7
ozks,73728,33
ozks,57344,8
ozks,57344,1
ozks,57344,5
ozks,94208,45
ozks,57344,1
ozks,57344,8
ozks,73728,35
ozks,57344,2
ozks,65536,13
ozks,57344,10
ozks,57344,1
ozks,57344,11
ozks,57344,8
ozks,57344,0
ozks,299008,336
ozks,131072,97
ozks,57344,4
ozks,147456,117
ozks,98304,52
ozks,69632,28
ozks,57344,9
ozks,57344,9
ozks,57344,8
ozks,114688,80
ozks,57344,1
ozks,57344,0
ozks,65536,13
ozks,225280,228
ozks,204800,201
ozks,401408,473
ozks,69632,22
ozks,155648,130
ozks,57344,1
ozks,57344,4
ozks,110592,79
ozks,57344,9
ozks,57344,2
ozks,229376,235
ozks,57344,0
ozks,57344,1
ozks,143360,109
ozks,57344,1
ozks,57344,1
ozks,139264,104
ozks,57344,5
ozks,65536,13
ozks,69632,28
ozks,57344,11
ozks,69632,29
ozks,65536,12
ozks,65536,12
ozks,57344,7
ozks,159744,139
ozks,81920,38
ozks,102400,66
ozks,65536,17
ozks,57344,5
ozks,57344,10
ozks,188416,176
ozks,57344,6
ozks,102400,70
ozks,57344,8
ozks,57344,6
ozks,57344,2
ozks,102400,69
ozks,57344,9
ozks,638976,811
ozks,65536,21
ozks,65536,12
ozks,57344,9
ozks,438272,529
ozks,102400,70
ozks,57344,6
ozks,65536,13
ozks,57344,9
ozks,69632,31
ozks,65536,20
ozks,94208,44
ozks,65536,18
ozks,57344,7
ozks,57344,1
ozks,57344,1
ozks,135168,106
ozks,376832,439
ozks,57344,10
ozks,57344,8
ozks,73728,31
ozks,57344,8
ozks,57344,0
ozks,65536,14
ozks,57344,8
ozks,90112,40
ozks,57344,1
ozks,65536,16
ozks,135168,96
ozks,65536,13
ozks,102400,62
ozks,57344,5
ozks,57344,3
ozks,176128,161
ozks,57344,0
ozks,69632,29
ozks,57344,10
ozks,57344,10
ozks,94208,44
ozks,57344,3
ozks,65536,17
ozks,69632,31
ozks,57344,7
ozks,65536,14
ozks,65536,16
ozks,57344,8
ozks,57344,11
ozks,65536,12
ozks,73728,35
ozks,69632,26
ozks,65536,15
ozks,65536,19
ozks,57344,8
ozks,69632,23
ozks,98304,51
ozks,69632,24
ozks,65536,13
ozks,65536,17
ozks,57344,9
ozks,57344,0
ozks,98304,57
ozks,65536,21
ozks,57344,0
ozks,303104,337
ozks,57344,6
ozks,57344,11
ozks,57344,7
ozks,57344,1
ozks,69632,24
ozks,69632,24
ozks,69632,24
ozks,57344,1
ozks,102400,64
ozks,57344,3
ozks,57344,11
ozks,167936,146
ozks,57344,6
ozks,57344,1
ozks,94208,48
ozks,69632,26
ozks,90112,40
ozks,65536,13
ozks,237568,244
ozks,94208,45
ozks,126976,88
ozks,225280,223
ozks,57344,1
ozks,57344,1
ozks,172032,146
ozks,217088,209
ozks,57344,0
ozks,57344,1
ozks,139264,105
ozks,98304,51
ozks,57344,5
ozks,94208,43
ozks,135168,108
ozks,57344,4
ozks,57344,1
ozks,73728,36
ozks,135168,100
ozks,57344,1
ozks,118784,83
ozks,57344,8
ozks,94208,50
ozks,606208,763
ozks,65536,21
ozks,57344,9
ozks,57344,8
ozks,421888,502
ozks,65536,20
ozks,139264,106
ozks,57344,8
ozks,253952,274
ozks,229376,240
ozks,65536,12
ozks,57344,0
ozks,57344,3
ozks,245760,254
ozks,57344,6
ozks,57344,1
ozks,57344,8
ozks,65536,17
ozks,98304,57
ozks,65536,13
ozks,65536,13
ozks,57344,1
ozks,172032,146
ozks,110592,76
ozks,57344,9
ozks,57344,9
ozks,57344,2
ozks,65536,17
ozks,57344,8
ozks,73728,35
ozks,65536,18
ozks,65536,14
ozks,65536,19
ozks,69632,25
ozks,57344,10
ozks,57344,8
ozks,57344,4
ozks,57344,6
ozks,65536,18
ozks,57344,4
ozks,57344,2
ozks,110592,76
ozks,102400,71
ozks,155648,126
ozks,135168,106
ozks,57344,0
ozks,569344,711
ozks,98304,54
ozks,57344,3
ozks,65536,17
ozks,131072,92
ozks,94208,43
ozks,69632,24
ozks,65536,13
ozks,57344,9
ozks,98304,59
ozks,159744,137
ozks,69632,28
ozks,155648,123
ozks,65536,15
ozks,65536,13
ozks,57344,0
ozks,90112,40
ozks,57344,8
ozks,155648,141
ozks,57344,1
ozks,69632,23
ozks,57344,8
ozks,57344,2
ozks,176128,152
ozks,253952,268
ozks,57344,9
ozks,57344,8
ozks,507904,633
ozks,65536,16
ozks,69632,29
ozks,233472,234
ozks,57344,3
ozks,57344,7
ozks,159744,134
ozks,172032,155
ozks,307200,343
ozks,57344,4
ozks,57344,4
ozks,94208,48
ozks,65536,16
ozks,57344,11
ozks,94208,47
ozks,307200,346
ozks,401408,480
ozks,57344,1
ozks,69632,30
ozks,65536,17
ozks,57344,6
ozks,94208,51
ozks,65536,20
ozks,81920,37
ozks,65536,17
ozks,57344,0
ozks,57344,3
ozks,102400,69
ozks,98304,59
ozks,94208,49
ozks,585728,734
ozks,57344,1
ozks,94208,47
ozks,57344,1
ozks,200704,187
ozks,69632,24
ozks,57344,8
ozks,73728,34
ozks,57344,0
ozks,57344,4
ozks,57344,6
ozks,98304,55
ozks,69632,24
ozks,102400,67
ozks,57344,3
ozks,57344,3
ozks,57344,3
ozks,57344,7
ozks,573440,710
ozks,454656,551
ozks,57344,5
ozks,57344,0
ozks,94208,51
ozks,65536,13
ozks,651264,814
ozks,73728,33
ozks,65536,13
ozks,98304,52
ozks,65536,13
ozks,57344,8
ozks,57344,4
ozks,57344,5
ozks,57344,5
ozks,57344,1
ozks,57344,8
ozks,81920,39
ozks,57344,1
ozks,155648,140
ozks,274432,303
ozks,69632,29
ozks,57344,1
ozks,57344,7
ozks,57344,8
ozks,167936,143
ozks,65536,12
ozks,69632,28
ozks,98304,51
ozks,57344,3
ozks,57344,7
ozks,57344,2
ozks,57344,8
ozks,65536,14
ozks,159744,142
ozks,765952,983
ozks,57344,2
ozks,57344,8
ozks,65536,18
ozks,57344,9
ozks,65536,17
ozks,65536,13
ozks,57344,4
ozks,57344,0
ozks,155648,137
ozks,94208,48
ozks,65536,17
ozks,671744,857
ozks,57344,9
ozks,57344,7
ozks,73728,36
ozks,57344,4
ozks,57344,3
ozks,81920,39
ozks,57344,1
ozks,69632,26
ozks,65536,17
ozks,57344,2
ozks,94208,45
ozks,57344,3
ozks,90112,40
ozks,65536,17
ozks,57344,8
ozks,57344,8
ozks,65536,18
ozks,65536,12
ozks,172032,149
ozks,102400,68
ozks,57344,0
ozks,126976,86
ozks,57344,1
ozks,57344,6
ozks,57344,5
ozks,57344,0
ozks,172032,161
ozks,57344,8
ozks,57344,2
ozks,57344,0
ozks,98304,52
ozks,516096,641
ozks,57344,6
ozks,57344,8
ozks,520192,642
ozks,126976,86
ozks,57344,8
ozks,57344,3
ozks,155648,129
ozks,65536,15
ozks,57344,0
ozks,57344,1
ozks,69632,29
ozks,57344,4
ozks,57344,7
ozks,57344,10
ozks,65536,16
ozks,57344,8
ozks,57344,6
ozks,65536,17
ozks,57344,0
ozks,57344,6
ozks,65536,17
ozks,147456,121
ozks,65536,13
ozks,69632,24
ozks,57344,2
ozks,94208,47
ozks,57344,11
ozks,65536,20
ozks,278528,304
ozks,57344,2
ozks,57344,4
ozks,65536,12
ozks,69632,27
ozks,57344,8
ozks,348160,408
ozks,73728,33
ozks,69632,30
ozks,57344,1
ozks,57344,1
ozks,57344,4
ozks,65536,13
ozks,57344,8
ozks,57344,10
ozks,73728,35
ozks,176128,158
ozks,65536,17
ozks,57344,3
ozks,57344,0
ozks,135168,106
ozks,81920,37
ozks,331776,382
ozks,65536,12
ozks,57344,0
ozks,57344,9
ozks,57344,8
ozks,57344,1
ozks,65536,19
ozks,753664,955
ozks,57344,1
ozks,65536,21
ozks,57344,1
ozks,57344,0
ozks,57344,8
ozks,57344,7
ozks,57344,9
ozks,57344,1
ozks,57344,5
ozks,552960,690
ozks,57344,9
ozks,69632,29
ozks,57344,2
ozks,159744,140
ozks,172032,146
ozks,200704,182
ozks,73728,34
ozks,65536,17
ozks,57344,0
ozks,57344,1
ozks,65536,17
ozks,401408,484
ozks,69632,30
ozks,94208,48
ozks,94208,43
ozks,172032,161
ozks,57344,10
ozks,126976,89
ozks,73728,36
ozks,57344,2
ozks,94208,51
ozks,69632,26
ozks,57344,3
ozks,57344,6
ozks,770048,987
ozks,65536,16
ozks,122880,85
ozks,122880,82
ozks,57344,4
ozks,57344,2
ozks,69632,27
ozks,57344,3
ozks,57344,3
ozks,57344,8
ozks,69632,26
ozks,57344,0
ozks,163840,142
ozks,57344,10
ozks,131072,101
ozks,57344,9
ozks,65536,17
ozks,57344,5
ozks,204800,201
ozks,57344,5
ozks,57344,5
ozks,585728,724
ozks,159744,135
ozks,122880,85
ozks,159744,134
ozks,98304,62
ozks,65536,14
ozks,65536,15
ozks,57344,4
ozks,57344,7
ozks,57344,2
ozks,131072,96
ozks,65536,19
ozks,65536,17
ozks,57344,1
ozks,57344,1
ozks,65536,20
ozks,561152,702
ozks,114688,80
ozks,73728,36
ozks,57344,10
ozks,57344,11
ozks,57344,5
ozks,57344,2
ozks,57344,2
ozks,57344,1
ozks,143360,110
ozks,94208,48
ozks,98304,56
ozks,65536,21
ozks,98304,61
ozks,630784,805
ozks,57344,11
ozks,57344,8
ozks,57344,0
ozks,65536,13
ozks,163840,144
ozks,69632,23
ozks,57344,1
ozks,81920,37
ozks,139264,106
ozks,143360,110
ozks,65536,12
ozks,94208,44
ozks,57344,2
ozks,57344,1
ozks,57344,1
ozks,57344,0
ozks,57344,11
ozks,327680,369
ozks,69632,26
ozks,73728,36
ozks,57344,5
ozks,98304,56
ozks,143360,111
ozks,57344,6
ozks,57344,3
ozks,57344,2
ozks,57344,1
ozks,57344,1
ozks,65536,18
ozks,57344,3
ozks,57344,5
ozks,131072,101
ozks,57344,2
ozks,65536,17
ozks,98304,55
ozks,57344,6
ozks,774144,991
ozks,598016,750
ozks,57344,3
ozks,57344,6
ozks,57344,11
ozks,65536,17
ozks,57344,2
ozks,57344,0
ozks,65536,21
ozks,57344,6
ozks,57344,5
ozks,716800,904
ozks,69632,27
ozks,98304,62
ozks,65536,13
ozks,57344,0
ozks,57344,1
ozks,69632,24
ozks,57344,0
ozks,57344,0
ozks,57344,7
ozks,172032,148
ozks,57344,8
ozks,57344,1
ozks,81920,37
ozks,57344,2
ozks,102400,64
ozks,57344,0
ozks,491520,607
ozks,73728,35
ozks,94208,45
ozks,425984,512
ozks,663552,825
ozks,516096,644
ozks,57344,0
ozks,57344,0
ozks,73728,32
ozks,57344,0
ozks,57344,1
ozks,65536,13
ozks,57344,9
ozks,94208,46
ozks,57344,1
ozks,57344,2
ozks,57344,9
ozks,462848,559
ozks,57344,0
ozks,65536,14
ozks,57344,1
ozks,57344,8
ozks,57344,9
ozks,65536,14
ozks,155648,133
ozks,57344,0
ozks,65536,20
ozks,57344,7
ozks,57344,8
ozks,57344,3
ozks,69632,24
ozks,69632,30
ozks,57344,7
ozks,57344,5
ozks,57344,1
ozks,57344,6
ozks,176128,158
ozks,57344,1
ozks,69632,28
ozks,57344,1
ozks,73728,36
ozks,57344,8
ozks,81920,39
ozks,598016,741
ozks,57344,8
ozks,69632,23
ozks,57344,8
ozks,65536,21
ozks,57344,10
ozks,57344,8
ozks,65536,21
ozks,81920,38
ozks,57344,4
ozks,65536,13
ozks,57344,2
ozks,57344,7
ozks,57344,8
ozks,176128,158
ozks,69632,27
ozks,65536,19
ozks,73728,35
ozks,65536,16
ozks,57344,2
ozks,57344,4
ozks,90112,40
ozks,57344,6
ozks,57344,2
ozks,65536,16
ozks,319488,353
ozks,57344,7
ozks,57344,0
ozks,57344,6
ozks,57344,2
ozks,57344,8
ozks,57344,3
ozks,81920,39
ozks,684032,873
ozks,126976,90
ozks,94208,47
ozks,159744,137
ozks,57344,4
ozks,155648,133
ozks,57344,1
ozks,57344,1
ozks,57344,0
ozks,65536,13
ozks,65536,20
ozks,69632,23
ozks,57344,4
ozks,57344,8
ozks,155648,141
ozks,57344,5
ozks,303104,327
ozks,69632,29
ozks,102400,62
ozks,57344,6
ozks,102400,68
ozks,57344,1
ozks,69632,25
ozks,57344,8
ozks,57344,0
ozks,69632,28
ozks,57344,7
ozks,94208,48
ozks,57344,11
ozks,65536,15
ozks,57344,11
ozks,335872,378
ozks,57344,7
ozks,290816,312
ozks,98304,55
ozks,212992,205
ozks,757760,970
ozks,57344,0
ozks,200704,190
ozks,57344,3
ozks,614400,764
ozks,57344,6
ozks,69632,25
ozks,73728,36
ozks,102400,69
ozks,57344,8
ozks,69632,31
ozks,159744,141
ozks,102400,62
ozks,94208,52
ozks,81920,37
ozks,57344,1
ozks,118784,83
ozks,282624,302
ozks,339968,389
ozks,57344,0
ozks,57344,6
ozks,57344,4
ozks,57344,8
ozks,57344,4
ozks,65536,21
ozks,65536,20
ozks,65536,18
ozks,57344,9
ozks,57344,3
ozks,102400,65
ozks,57344,3
ozks,208896,211
ozks,57344,3
ozks,163840,144
ozks,57344,1
ozks,57344,5
ozks,593920,732
ozks,139264,106
ozks,57344,0
ozks,57344,6
ozks,94208,43
ozks,57344,3
ozks,57344,6
ozks,57344,2
ozks,98304,54
ozks,57344,1
ozks,65536,17
ozks,57344,9
ozks,131072,92
ozks,57344,7
ozks,593920,750
ozks,73728,36
ozks,57344,1
ozks,159744,137
ozks,73728,36
ozks,188416,171
ozks,57344,5
ozks,155648,128
ozks,151552,125
ozks,57344,0
ozks,57344,4
ozks,57344,4
ozks,65536,13
ozks,57344,0
ozks,57344,4
ozks,57344,2
ozks,65536,19
ozks,57344,6
ozks,405504,460
ozks,73728,35
ozks,57344,10
ozks,65536,17
ozks,352256,398
ozks,200704,191
ozks,65536,17
ozks,90112,40
ozks,65536,19
ozks,94208,45
ozks,65536,13
ozks,57344,2
ozks,290816,328
ozks,69632,31
ozks,57344,10
ozks,159744,139
ozks,258048,263
ozks,212992,212
ozks,102400,68
ozks,57344,3
ozks,57344,1
ozks,65536,17
ozks,569344,717
ozks,65536,21
ozks,57344,4
ozks,311296,345
ozks,446464,543
ozks,57344,0
ozks,57344,2
ozks,57344,5
ozks,65536,12
ozks,57344,1
ozks,57344,4
ozks,57344,4
ozks,413696,494
ozks,81920,38
ozks,69632,25
ozks,69632,24
ozks,270336,302
ozks,57344,1
ozks,528384,667
ozks,65536,19
ozks,159744,134
ozks,57344,3
ozks,65536,19
ozks,57344,1
ozks,65536,20
ozks,339968,382
ozks,57344,4
ozks,57344,1
ozks,57344,0
ozks,65536,19
ozks,65536,15
ozks,57344,1
ozks,57344,1
ozks,57344,9
ozks,176128,158
ozks,307200,340
ozks,57344,2
ozks,409600,494
ozks,69632,27
ozks,65536,17
ozks,57344,2
ozks,131072,99
ozks,724992,919
ozks,57344,1
ozks,409600,494
ozks,57344,3
ozks,98304,52
ozks,356352,410
ozks,65536,16
ozks,57344,1
ozks,589824,732
ozks,356352,411
ozks,57344,8
ozks,102400,69
ozks,57344,0
ozks,57344,8
ozks,311296,354
ozks,94208,47
ozks,65536,17
ozks,65536,19
ozks,237568,247
ozks,65536,18
ozks,65536,16
ozks,73728,36
ozks,57344,1
ozks,57344,5
ozks,593920,739
ozks,94208,51
ozks,57344,2
ozks,73728,36
ozks,65536,14
ozks,73728,32
ozks,159744,135
ozks,69632,23
ozks,528384,665
ozks,57344,3
ozks,57344,3
ozks,159744,137
ozks,57344,2
ozks,151552,122
ozks,94208,47
ozks,65536,18
ozks,69632,22
ozks,57344,0
ozks,57344,1
ozks,57344,2
ozks,69632,28
ozks,57344,3
ozks,57344,2
ozks,57344,11
ozks,65536,13
ozks,57344,8
ozks,172032,149
ozks,65536,12
ozks,94208,46
ozks,184320,167
ozks,65536,12
ozks,57344,1
ozks,65536,21
ozks,57344,7
ozks,57344,2
ozks,69632,22
ozks,90112,40
ozks,57344,0
ozks,110592,78
ozks,65536,14
ozks,65536,13
ozks,57344,2
ozks,102400,62
ozks,69632,28
ozks,57344,4
ozks,57344,0
ozks,561152,685
ozks,57344,1
ozks,57344,6
ozks,57344,2
ozks,57344,2
ozks,57344,0
ozks,90112,40
ozks,65536,15
ozks,57344,1
ozks,126976,89
ozks,57344,1
ozks,57344,8
ozks,57344,3
ozks,311296,337
ozks,401408,472
ozks,155648,129
ozks,57344,6
ozks,57344,1
ozks,57344,7
ozks,176128,158
ozks,57344,7
ozks,57344,0
ozks,57344,1
ozks,139264,105
ozks,57344,1
ozks,57344,8
ozks,57344,1
ozks,655360,826
ozks,73728,36
ozks,327680,369
ozks,299008,328
ozks,94208,48
ozks,249856,256
ozks,57344,2
ozks,434176,521
ozks,94208,47
ozks,57344,0
ozks,65536,19
ozks,57344,7
ozks,65536,16
ozks,94208,47
ozks,135168,103
ozks,57344,4
ozks,102400,66
ozks,57344,10
ozks,57344,9
ozks,69632,24
ozks,57344,8
ozks,57344,0
ozks,176128,159
ozks,225280,223
ozks,65536,16
ozks,57344,1
ozks,118784,83
ozks,135168,107
ozks,131072,95
ozks,57344,3
ozks,57344,2
ozks,65536,17
ozks,57344,0
ozks,102400,71
ozks,57344,10
ozks,57344,0
ozks,712704,905
ozks,69632,31
ozks,98304,55
ozks,569344,715
ozks,98304,54
ozks,98304,57
ozks,57344,4
ozks,729088,929
ozks,577536,714
ozks,57344,8
ozks,65536,17
ozks,57344,11
ozks,221184,219
ozks,57344,5
ozks,94208,43
ozks,102400,66
ozks,65536,17
ozks,57344,0
ozks,57344,8
ozks,57344,4
ozks,155648,130
ozks,155648,127
ozks,65536,17
ozks,188416,170
ozks,57344,1
ozks,57344,7
ozks,65536,18
ozks,65536,17
ozks,57344,10
ozks,94208,42
ozks,65536,17
ozks,65536,13
ozks,233472,240
ozks,57344,10
ozks,57344,8
ozks,200704,183
ozks,94208,47
ozks,57344,8
ozks,69632,24
ozks,180224,161
ozks,753664,954
ozks,65536,13
ozks,57344,0
ozks,57344,2
ozks,90112,41
ozks,57344,0
ozks,57344,0
ozks,65536,16
ozks,57344,0
ozks,57344,9
ozks,57344,8
ozks,147456,121
ozks,110592,76
ozks,102400,68
ozks,57344,7
ozks,593920,750
ozks,73728,32
ozks,446464,542
ozks,57344,0
ozks,57344,8
ozks,356352,409
ozks,69632,31
ozks,65536,15
ozks,217088,214
ozks,94208,43
ozks,319488,358
ozks,57344,8
ozks,143360,109
ozks,57344,0
ozks,147456,122
ozks,57344,6
ozks,57344,0
ozks,126976,88
ozks,57344,2
ozks,94208,48
ozks,57344,2
ozks,57344,8
ozks,57344,0
ozks,57344,10
ozks,65536,21
ozks,57344,8
ozks,94208,44
ozks,57344,11
ozks,466944,559
ozks,98304,59
ozks,57344,5
ozks,57344,6
ozks,65536,20
ozks,184320,164
ozks,81920,38
ozks,106496,72
ozks,110592,78
ozks,57344,3
ozks,57344,2
ozks,57344,2
ozks,282624,301
ozks,57344,8
ozks,65536,16
ozks,176128,158
ozks,57344,8
ozks,163840,139
ozks,57344,5
ozks,65536,13
ozks,65536,19
ozks,57344,8
ozks,102400,64
ozks,57344,6
ozks,757760,981
ozks,57344,3
ozks,57344,8
ozks,57344,11
ozks,69632,29
ozks,65536,17
ozks,57344,5
ozks,69632,22
ozks,69632,22
ozks,57344,11
ozks,69632,22
ozks,90112,41
ozks,65536,17
ozks,69632,23
ozks,65536,15
ozks,65536,15
ozks,65536,19
ozks,57344,2
ozks,208896,202
ozks,90112,40
ozks,73728,36
ozks,167936,144
ozks,217088,212
ozks,135168,93
ozks,57344,2
ozks,57344,2
ozks,65536,17
ozks,57344,6
ozks,98304,53
ozks,163840,140
ozks,57344,8
ozks,57344,1
ozks,339968,392
ozks,65536,15
ozks,57344,7
ozks,57344,4
ozks,315392,350
ozks,229376,239
ozks,57344,0
ozks,569344,708
ozks,249856,262
ozks,204800,201
ozks,57344,2
ozks,65536,15
ozks,98304,54
ozks,102400,70
ozks,57344,5
ozks,57344,10
ozks,65536,13
ozks,237568,248
ozks,57344,9
ozks,98304,59
ozks,147456,113
ozks,57344,1
ozks,65536,12
ozks,57344,6
ozks,94208,43
ozks,57344,11
ozks,73728,34
ozks,57344,0
ozks,57344,3
ozks,57344,8
ozks,65536,16
ozks,73728,34
ozks,94208,44
ozks,581632,728
ozks,335872,369
ozks,57344,2
ozks,98304,57
ozks,102400,65
ozks,167936,145
ozks,57344,7
ozks,159744,134
ozks,57344,5
ozks,73728,36
ozks,57344,0
ozks,438272,520
ozks,65536,17
ozks,57344,6
ozks,565248,710
ozks,98304,58
ozks,65536,13
ozks,606208,750
ozks,65536,17
ozks,69632,30
ozks,57344,1
ozks,65536,13
ozks,65536,12
ozks,57344,11
ozks,65536,15
ozks,98304,58
ozks,57344,1
ozks,167936,147
ozks,57344,3
ozks,57344,10
ozks,57344,1
ozks,65536,14
ozks,65536,15
ozks,57344,0
ozks,69632,31
ozks,57344,1
ozks,57344,5
ozks,57344,8
ozks,65536,13
ozks,94208,44
ozks,57344,5
ozks,765952,983
ozks,65536,17
ozks,65536,12
ozks,233472,244
ozks,167936,150
ozks,110592,77
ozks,57344,6
ozks,57344,1
ozks,94208,43
ozks,102400,66
ozks,528384,651
ozks,126976,90
ozks,57344,3
ozks,102400,67
ozks,176128,159
ozks,57344,6
ozks,57344,2
ozks,102400,69
ozks,57344,7
ozks,180224,166
ozks,98304,54
ozks,65536,21
ozks,57344,9
ozks,114688,81
ozks,163840,147
ozks,65536,13
ozks,65536,13
ozks,57344,0
ozks,57344,0
ozks,65536,19
ozks,589824,738
ozks,57344,3
ozks,81920,38
ozks,57344,4
ozks,98304,51
ozks,749568,958
ozks,65536,12
ozks,57344,1
ozks,57344,1
ozks,167936,143
ozks,57344,1
ozks,65536,15
ozks,65536,15
ozks,57344,0
ozks,65536,14
ozks,139264,107
ozks,57344,3
ozks,73728,35
ozks,57344,2
ozks,65536,17
ozks,57344,8
ozks,57344,1
ozks,65536,17
ozks,57344,9
ozks,135168,108
ozks,69632,28
ozks,57344,0
ozks,57344,0
ozks,69632,27
ozks,57344,10
ozks,57344,2
ozks,65536,19
ozks,69632,27
ozks,147456,114
ozks,94208,45
ozks,65536,13
ozks,356352,412
ozks,57344,11
ozks,552960,694
ozks,57344,9
ozks,57344,1
ozks,57344,5
ozks,159744,140
ozks,159744,140
ozks,57344,0
ozks,57344,10
ozks,65536,13
ozks,65536,21
ozks,94208,47
ozks,761856,983
ozks,65536,19
ozks,69632,25
ozks,253952,262
ozks,57344,9
ozks,94208,45
ozks,98304,56
ozks,57344,8
ozks,94208,49
ozks,57344,3
ozks,57344,8
ozks,65536,21
ozks,57344,4
ozks,69632,27
ozks,57344,8
ozks,159744,133
ozks,65536,18
ozks,65536,17
ozks,81920,38
ozks,172032,148
ozks,65536,19
ozks,57344,6
ozks,569344,707
ozks,102400,68
ozks,65536,18
ozks,65536,14
ozks,57344,4
ozks,65536,14
ozks,57344,8
ozks,57344,5
ozks,57344,10
ozks,172032,153
ozks,57344,8
ozks,102400,70
ozks,65536,13
ozks,69632,28
ozks,57344,2
ozks,94208,45
ozks,172032,146
ozks,69632,23
ozks,57344,0
ozks,57344,2
ozks,770048,997
ozks,278528,291
ozks,57344,1
ozks,57344,0
ozks,585728,734
ozks,57344,8
ozks,131072,93
ozks,81920,39
ozks,65536,17
ozks,57344,8
ozks,57344,8
ozks,450560,541
ozks,204800,200
ozks,65536,16
ozks,503808,631
ozks,69632,22
ozks,65536,12
ozks,69632,29
ozks,57344,4
ozks,57344,3
ozks,57344,7
ozks,57344,8
ozks,94208,45
ozks,57344,3
ozks,69632,26
ozks,57344,6
ozks,110592,79
ozks,57344,4
ozks,57344,1
ozks,57344,7
ozks,135168,97
ozks,57344,7
ozks,135168,100
ozks,57344,3
ozks,118784,85
ozks,57344,1
ozks,65536,17
ozks,57344,1
ozks,57344,9
ozks,94208,47
ozks,57344,0
ozks,57344,1
ozks,57344,0
ozks,69632,28
ozks,57344,6
ozks,57344,10
ozks,602112,760
ozks,73728,32
ozks,57344,4
ozks,102400,68
ozks,57344,5
ozks,57344,5
ozks,65536,12
ozks,241664,245
ozks,65536,20
ozks,65536,17
ozks,65536,17
ozks,57344,8
ozks,57344,10
ozks,57344,6
ozks,147456,112
ozks,69632,25
ozks,65536,17
ozks,57344,1
ozks,57344,4
ozks,167936,143
ozks,57344,9
ozks,57344,9
ozks,57344,9
ozks,65536,16
ozks,102400,64
ozks,57344,2
ozks,57344,7
ozks,57344,1
ozks,69632,29
ozks,364544,424
ozks,167936,149
ozks,57344,9
ozks,147456,115
ozks,65536,12
ozks,143360,112
ozks,90112,40
ozks,57344,4
ozks,172032,145
ozks,57344,8
ozks,57344,0
ozks,57344,0
ozks,57344,2
ozks,57344,0
ozks,69632,29
ozks,57344,1
ozks,57344,9
ozks,57344,3
ozks,110592,75
ozks,57344,4
ozks,110592,79
ozks,172032,153
ozks,81920,37
ozks,65536,18
ozks,102400,68
ozks,69632,30
ozks,57344,1
ozks,143360,110
ozks,57344,5
ozks,57344,3
ozks,172032,146
ozks,57344,5
ozks,57344,10
ozks,73728,35
ozks,65536,15
ozks,57344,9
ozks,57344,8
ozks,110592,79
ozks,98304,54
ozks,159744,137
ozks,81920,39
ozks,155648,127
ozks,118784,82
ozks,57344,8
ozks,131072,92
ozks,57344,2
ozks,57344,1
ozks,57344,3
ozks,57344,0
ozks,57344,11
ozks,274432,302
ozks,188416,175
ozks,57344,5
ozks,57344,9
ozks,57344,0
ozks,57344,0
ozks,57344,6
ozks,57344,3
ozks,57344,1
ozks,73728,35
ozks,65536,14
ozks,57344,1
ozks,57344,10
ozks,155648,133
ozks,57344,0
ozks,135168,93
ozks,57344,1
ozks,57344,1
ozks,57344,9
ozks,57344,1
ozks,303104,342
ozks,159744,134
ozks,57344,1
ozks,57344,8
ozks,65536,14
ozks,57344,2
ozks,57344,0
ozks,57344,7
ozks,151552,127
ozks,94208,48
ozks,57344,0
ozks,57344,5
ozks,110592,76
ozks,102400,69
ozks,57344,0
ozks,393216,463
ozks,57344,4
ozks,73728,34
ozks,94208,51
ozks,57344,4
ozks,57344,10
ozks,57344,4
ozks,57344,6
ozks,57344,3
ozks,159744,140
ozks,172032,145
ozks,81920,37
ozks,81920,39
ozks,94208,42
ozks,57344,0
ozks,270336,292
ozks,57344,5
ozks,57344,2
ozks,294912,328
ozks,331776,379
ozks,65536,15
ozks,65536,15
ozks,69632,22
ozks,57344,0
ozks,57344,6
ozks,65536,19
ozks,57344,1
ozks,65536,17
ozks,57344,2
ozks,151552,122
ozks,57344,4
ozks,57344,1
ozks,512000,638
ozks,57344,8
ozks,98304,57
ozks,57344,10
ozks,57344,0
ozks,57344,0
ozks,65536,21
ozks,57344,8
ozks,69632,23
ozks,679936,853
ozks,57344,1
ozks,180224,171
ozks,98304,57
ozks,57344,0
ozks,307200,327
ozks,94208,46
ozks,102400,69
ozks,73728,32
ozks,57344,0
ozks,57344,2
ozks,69632,26
ozks,57344,3
ozks,57344,0
ozks,155648,130
ozks,65536,17
ozks,57344,10
ozks,65536,17
ozks,65536,14
ozks,65536,13
ozks,290816,324
ozks,65536,20
ozks,94208,47
ozks,57344,2
ozks,98304,56
ozks,57344,1
ozks,57344,2
ozks,233472,243
ozks,118784,84
ozks,69632,30
ozks,57344,4
ozks,94208,45
ozks,57344,9
ozks,65536,17
ozks,131072,89
ozks,57344,0
ozks,57344,0
ozks,143360,109
ozks,57344,3
ozks,57344,3
ozks,57344,2
ozks,65536,17
ozks,57344,1
ozks,57344,1
ozks,176128,154
ozks,57344,1
ozks,724992,932
ozks,364544,415
ozks,65536,12
ozks,57344,6
ozks,57344,2
ozks,278528,304
ozks,339968,384
ozks,57344,5
ozks,57344,6
ozks,98304,56
ozks,57344,5
ozks,69632,27
ozks,102400,63
ozks,65536,20
ozks,163840,144
ozks,356352,410
ozks,286720,324
ozks,57344,11
ozks,57344,3
ozks,57344,3
ozks,57344,5
ozks,57344,1
ozks,57344,3
ozks,73728,34
ozks,65536,21
ozks,57344,8
ozks,57344,1
ozks,65536,17
ozks,172032,162
ozks,102400,65
ozks,69632,30
ozks,57344,2
ozks,454656,541
ozks,401408,475
ozks,57344,2
ozks,98304,52
ozks,65536,12
ozks,176128,155
ozks,57344,0
ozks,57344,8
ozks,57344,1
ozks,102400,70
ozks,65536,18
ozks,57344,11
ozks,57344,6
ozks,57344,5
ozks,126976,88
ozks,159744,139
ozks,57344,2
ozks,159744,139
ozks,159744,139
ozks,598016,749
ozks,704512,893
ozks,155648,139
ozks,57344,4
ozks,65536,12
ozks,65536,16
ozks,57344,5
ozks,57344,4
ozks,98304,53
ozks,282624,291
ozks,57344,1
ozks,528384,657
ozks,57344,8
ozks,176128,166
ozks,454656,540
ozks,180224,164
ozks,57344,0
ozks,65536,12
ozks,356352,399
ozks,57344,0
ozks,299008,329
ozks,57344,9
ozks,57344,7
ozks,151552,129
ozks,331776,383
ozks,172032,146
ozks,57344,9
ozks,126976,92
ozks,65536,15
ozks,208896,202
ozks,57344,0
ozks,57344,8
ozks,69632,25
ozks,57344,3
ozks,425984,512
ozks,73728,36
ozks,57344,4
ozks,57344,3
ozks,98304,51
ozks,57344,3
ozks,57344,3
ozks,180224,164
ozks,139264,105
ozks,663552,838
ozks,65536,21
ozks,65536,19
ozks,81920,38
ozks,69632,22
ozks,339968,389
ozks,65536,12
ozks,69632,23
ozks,110592,76
ozks,69632,25
ozks,57344,0
ozks,57344,8
ozks,159744,133
ozks,65536,17
ozks,159744,134
ozks,57344,1
ozks,139264,105
ozks,110592,76
ozks,57344,9
ozks,110592,76
ozks,57344,2
ozks,57344,10
ozks,94208,45
ozks,65536,16
ozks,159744,137
ozks,135168,93
ozks,57344,8
ozks,147456,116
ozks,57344,2
ozks,57344,1
ozks,57344,0
ozks,65536,17
ozks,151552,125
ozks,102400,67
ozks,159744,139
ozks,57344,0
ozks,57344,2
ozks,65536,13
ozks,143360,115
ozks,106496,72
ozks,57344,0
ozks,102400,70
ozks,57344,0
ozks,94208,47
ozks,65536,16
ozks,57344,1
ozks,565248,706
ozks,65536,20
ozks,65536,19
ozks,278528,299
ozks,57344,3
ozks,94208,48
ozks,98304,55
ozks,57344,9
ozks,278528,291
ozks,57344,7
ozks,57344,6
ozks,57344,8
ozks,57344,0
ozks,135168,107
ozks,57344,5
ozks,65536,15
ozks,479232,588
ozks,57344,11
ozks,69632,22
ozks,65536,17
ozks,57344,8
ozks,57344,5
ozks,102400,67
ozks,172032,150
ozks,57344,4
ozks,110592,79
ozks,57344,2
ozks,57344,6
ozks,57344,2
ozks,57344,7
ozks,81920,37
ozks,57344,8
ozks,57344,6
ozks,446464,541
ozks,57344,7
ozks,57344,0
ozks,69632,31
ozks,57344,1
ozks,57344,0
ozks,57344,8
ozks,81920,38
ozks,73728,32
ozks,57344,5
ozks,57344,10
ozks,73728,34
ozks,57344,6
ozks,57344,0
ozks,65536,18
ozks,94208,51
ozks,65536,13
ozks,57344,7
ozks,94208,45
ozks,65536,20
ozks,57344,2
ozks,57344,7
ozks,720896,930
ozks,98304,62
ozks,102400,72
ozks,155648,139
ozks,57344,6
ozks,155648,134
ozks,98304,52
ozks,57344,6
ozks,57344,8
ozks,57344,9
ozks,69632,28
ozks,57344,3
ozks,57344,0
ozks,102400,65
ozks,57344,11
ozks,65536,21
ozks,81920,37
ozks,57344,3
ozks,69632,29
ozks,57344,1
ozks,94208,47
ozks,57344,3
ozks,638976,808
ozks,57344,8
ozks,57344,1
ozks,57344,11
ozks,57344,1
ozks,65536,13
ozks,57344,5
ozks,94208,45
ozks,57344,0
ozks,69632,26
ozks,65536,21
ozks,159744,140
ozks,73728,34
ozks,172032,148
ozks,57344,8
ozks,65536,12
ozks,65536,12
ozks,69632,23
ozks,589824,740
ozks,57344,7
ozks,57344,8
ozks,65536,13
ozks,253952,273
ozks,610304,767
ozks,57344,3
ozks,65536,17
ozks,118784,82
ozks,57344,0
ozks,94208,47
ozks,57344,9
ozks,57344,3
ozks,69632,26
ozks,65536,17
ozks,57344,1
ozks,57344,0
ozks,57344,1
ozks,307200,335
ozks,57344,5
ozks,73728,34
ozks,65536,17
ozks,57344,11
ozks,696320,881
ozks,65536,13
ozks,249856,256
ozks,73728,33
ozks,73728,34
ozks,98304,56
ozks,69632,27
ozks,57344,0
ozks,65536,17
ozks,65536,14
ozks,57344,5
ozks,184320,173
ozks,57344,1
ozks,159744,143
ozks,57344,1
ozks,94208,45
ozks,57344,1
ozks,57344,0
ozks,73728,32
ozks,139264,109
ozks,69632,24
ozks,57344,2
ozks,69632,23
ozks,57344,9
ozks,57344,4
ozks,57344,0
ozks,712704,906
ozks,69632,28
ozks,69632,30
ozks,159744,133
ozks,57344,8
ozks,94208,43
ozks,98304,55
ozks,57344,6
ozks,307200,340
ozks,57344,10
ozks,110592,77
ozks,57344,8
ozks,57344,1
ozks,57344,8
ozks,69632,29
ozks,73728,34
ozks,57344,3
ozks,65536,13
ozks,69632,27
ozks,139264,102
ozks,65536,16
ozks,57344,1
ozks,69632,26
ozks,98304,61
ozks,237568,246
ozks,176128,158
ozks,69632,24
ozks,57344,7
ozks,57344,2
ozks,57344,7
ozks,65536,13
ozks,143360,109
ozks,122880,82
ozks,57344,1
ozks,282624,307
ozks,69632,26
ozks,57344,8
ozks,110592,76
ozks,65536,15
ozks,450560,541
ozks,65536,17
ozks,69632,31
ozks,57344,3
ozks,57344,5
ozks,69632,25
ozks,57344,2
ozks,57344,3
ozks,57344,0
ozks,69632,28
ozks,65536,16
ozks,57344,1
ozks,98304,54
ozks,57344,6
ozks,57344,0
ozks,57344,11
ozks,57344,7
ozks,57344,0
ozks,172032,146
ozks,159744,135
ozks,57344,6
ozks,217088,214
ozks,208896,202
ozks,57344,9
ozks,57344,0
ozks,65536,15
ozks,520192,643
ozks,675840,865
ozks,155648,123
ozks,208896,201
ozks,65536,15
ozks,679936,856
ozks,98304,54
ozks,57344,5
ozks,57344,3
ozks,69632,26
ozks,57344,2
ozks,139264,107
ozks,57344,2
ozks,57344,0
ozks,98304,61
ozks,294912,325
ozks,69632,30
ozks,65536,19
ozks,65536,20
ozks,57344,0
ozks,126976,91
ozks,65536,19
ozks,172032,146
ozks,65536,16
ozks,81920,39
ozks,110592,74
ozks,57344,0
ozks,253952,274
ozks,69632,24
ozks,65536,17
ozks,159744,143
ozks,204800,201
ozks,57344,1
ozks,81920,38
ozks,69632,25
ozks,65536,14
ozks,57344,1
ozks,81920,39
ozks,73728,34
ozks,262144,264
ozks,172032,149
ozks,57344,10
ozks,110592,76
ozks,147456,117
ozks,57344,1
ozks,90112,40
ozks,57344,1
ozks,57344,3
ozks,57344,8
ozks,57344,3
ozks,69632,26
ozks,69632,30
ozks,585728,737
ozks,57344,1
ozks,458752,555
ozks,290816,322
ozks,57344,1
ozks,65536,12
ozks,57344,5
ozks,57344,2
ozks,548864,672
ozks,155648,123
ozks,57344,10
ozks,57344,11
ozks,94208,49
ozks,94208,44
ozks,69632,27
ozks,65536,17
ozks,159744,137
ozks,57344,2
ozks,102400,64
ozks,98304,52
ozks,57344,9
ozks,65536,20
ozks,159744,137
ozks,98304,51
ozks,57344,8
ozks,57344,10
ozks,57344,2
ozks,57344,6
ozks,57344,1
ozks,57344,1
ozks,69632,30
ozks,57344,11
ozks,65536,20
ozks,57344,8
ozks,57344,8
ozks,57344,1
ozks,57344,5
ozks,57344,1
ozks,57344,6
ozks,57344,2
ozks,69632,28
ozks,65536,17
ozks,106496,72
ozks,57344,0
ozks,176128,160
ozks,57344,3
ozks,57344,0
ozks,69632,25
ozks,57344,2
ozks,360448,424
ozks,69632,22
ozks,253952,254
ozks,57344,2
ozks,57344,1
ozks,69632,26
ozks,69632,28
ozks,126976,91
ozks,57344,3
ozks,57344,0
ozks,57344,5
ozks,57344,6
ozks,69632,28
ozks,237568,245
ozks,73728,35
ozks,126976,91
ozks,57344,0
ozks,57344,4
ozks,94208,51
ozks,172032,145
ozks,94208,44
ozks,65536,12
ozks,57344,5
ozks,57344,0
ozks,65536,13
ozks,126976,90
ozks,770048,999
ozks,94208,45
ozks,57344,5
ozks,57344,4
ozks,368640,431
ozks,57344,2
ozks,94208,44
ozks,163840,145
ozks,57344,3
ozks,57344,1
ozks,98304,52
ozks,57344,0
ozks,57344,3
ozks,57344,11
ozks,94208,44
ozks,131072,102
ozks,57344,9
ozks,57344,5
ozks,73728,35
ozks,57344,6
ozks,65536,17
ozks,94208,49
ozks,57344,5
ozks,57344,1
ozks,274432,302
ozks,69632,23
ozks,57344,0
ozks,57344,8
ozks,57344,2
ozks,57344,8
ozks,208896,201
ozks,57344,3
ozks,73728,35
ozks,57344,9
ozks,98304,54
ozks,163840,143
ozks,262144,273
ozks,65536,14
ozks,57344,1
ozks,57344,3
ozks,57344,0
ozks,102400,68
ozks,94208,43
ozks,57344,0
ozks,65536,12
ozks,65536,18
ozks,57344,6
ozks,65536,17
ozks,57344,8
ozks,102400,70
ozks,172032,145
ozks,57344,3
ozks,57344,2
ozks,57344,8
ozks,192512,179
ozks,65536,13
ozks,225280,223
ozks,606208,763
ozks,94208,45
ozks,69632,26
ozks,69632,22
ozks,131072,95
ozks,155648,140
ozks,57344,11
ozks,65536,12
ozks,69632,25
ozks,57344,0
ozks,57344,0
ozks,57344,0
ozks,65536,20
ozks,65536,16
ozks,57344,8
ozks,65536,14
ozks,57344,2
ozks,139264,105
ozks,57344,10
ozks,65536,14
ozks,57344,9
ozks,536576,668
ozks,503808,620
ozks,57344,3
ozks,135168,101
ozks,57344,5
ozks,65536,21
ozks,57344,8
ozks,212992,210
ozks,57344,2
ozks,229376,236
ozks,57344,3
ozks,139264,107
ozks,118784,84
ozks,57344,9
ozks,405504,482
ozks,102400,68
ozks,65536,17
ozks,57344,5
ozks,57344,11
ozks,57344,9
ozks,118784,84
ozks,57344,4
ozks,184320,165
ozks,565248,699
ozks,139264,105
ozks,57344,0
ozks,57344,8
ozks,524288,641
ozks,57344,6
ozks,73728,35
ozks,57344,1
ozks,57344,5
ozks,65536,17
ozks,151552,129
ozks,57344,8
ozks,98304,52
ozks,102400,68
ozks,57344,1
ozks,229376,227
ozks,65536,17
ozks,94208,43
ozks,368640,431
ozks,204800,199
ozks,245760,255
ozks,57344,5
ozks,57344,7
ozks,65536,19
ozks,159744,137
ozks,110592,74
ozks,57344,8
ozks,57344,0
ozks,57344,8
ozks,57344,0
ozks,126976,86
ozks,65536,18
ozks,57344,6
ozks,57344,4
ozks,69632,30
ozks,73728,35
ozks,57344,0
ozks,57344,1
ozks,69632,23
ozks,65536,19
ozks,57344,8
ozks,225280,231
ozks,155648,138
ozks,57344,1
ozks,57344,0
ozks,65536,17
ozks,159744,137
ozks,98304,59
ozks,57344,9
ozks,57344,9
ozks,69632,23
ozks,294912,324
ozks,139264,110
ozks,98304,56
ozks,57344,0
ozks,57344,8
ozks,57344,0
ozks,57344,2
ozks,69632,29
ozks,57344,1
ozks,94208,44
ozks,57344,0
ozks,57344,1
ozks,479232,583
ozks,57344,8
ozks,57344,2
ozks,57344,8
ozks,73728,35
ozks,65536,17
ozks,94208,50
ozks,69632,30
ozks,98304,53
ozks,57344,5
ozks,57344,1
ozks,57344,8
ozks,65536,17
ozks,69632,29
ozks,65536,18
ozks,65536,19
ozks,94208,49
ozks,57344,7
ozks,57344,0
ozks,155648,128
ozks,208896,202
ozks,57344,0
ozks,65536,13
ozks,57344,2
ozks,323584,358
ozks,737280,948
ozks,57344,8
ozks,65536,16
ozks,57344,1
ozks,57344,2
ozks,57344,3
ozks,188416,177
ozks,57344,8
ozks,94208,47
ozks,57344,1
ozks,65536,13
ozks,90112,42
ozks,57344,2
ozks,655360,827
ozks,57344,0
ozks,98304,51
ozks,57344,10
ozks,57344,1
ozks,57344,3
ozks,57344,1
ozks,57344,1
ozks,57344,10
ozks,176128,156
ozks,57344,0
ozks,73728,34
ozks,57344,8
ozks,57344,9
ozks,94208,49
ozks,114688,80
ozks,172032,152
ozks,131072,103
ozks,69632,25
ozks,102400,70
ozks,155648,132
ozks,57344,4
ozks,73728,36
ozks,102400,65
ozks,57344,1
ozks,69632,30
ozks,57344,1
ozks,57344,4
ozks,454656,548
ozks,57344,0
ozks,65536,21
ozks,98304,55
ozks,94208,43
ozks,102400,71
ozks,57344,5
ozks,69632,26
ozks,258048,265
ozks,143360,111
ozks,65536,17
ozks,69632,31
ozks,94208,49
ozks,131072,86
ozks,94208,44
ozks,94208,48
ozks,57344,1
ozks,65536,16
ozks,57344,0
ozks,57344,1
ozks,57344,0
ozks,290816,328
ozks,65536,15
ozks,57344,0
ozks,57344,11
ozks,57344,9
ozks,65536,18
ozks,98304,54
ozks,57344,10
ozks,102400,67
ozks,65536,17
ozks,65536,16
ozks,57344,3
ozks,69632,25
ozks,57344,10
ozks,589824,739
ozks,69632,24
ozks,307200,351
ozks,57344,4
ozks,741376,948
ozks,65536,18
ozks,57344,0
ozks,65536,12
ozks,57344,6
ozks,57344,0
ozks,57344,1
ozks,57344,0
ozks,65536,13
ozks,57344,4
ozks,65536,12
ozks,73728,36
ozks,450560,541
ozks,57344,0
ozks,176128,156
ozks,57344,0
ozks,57344,10
ozks,483328,583
ozks,98304,53
ozks,98304,59
ozks,57344,9
ozks,57344,10
ozks,225280,218
ozks,57344,6
ozks,655360,831
ozks,57344,0
ozks,65536,12
ozks,266240,278
ozks,507904,620
ozks,114688,83
ozks,98304,55
ozks,57344,1
ozks,81920,39
ozks,57344,8
ozks,57344,1
ozks,212992,209
ozks,94208,42
ozks,159744,140
ozks,110592,74
ozks,65536,20
ozks,69632,25
ozks,57344,2
ozks,57344,5
ozks,57344,3
ozks,163840,140
ozks,69632,28
ozks,98304,53
ozks,131072,88
ozks,57344,1
ozks,57344,5
ozks,57344,4
ozks,57344,10
ozks,69632,27
ozks,552960,687
ozks,65536,18
ozks,65536,12
ozks,57344,3
ozks,57344,2
ozks,73728,33
ozks,98304,55
ozks,57344,11
ozks,69632,25
ozks,57344,5
ozks,57344,2
ozks,69632,29
ozks,65536,12
ozks,57344,7
ozks,90112,40
ozks,57344,2
ozks,57344,10
ozks,57344,0
ozks,253952,259
ozks,65536,14
ozks,475136,578
ozks,118784,82
ozks,57344,8
ozks,327680,369
ozks,155648,141
ozks,57344,0
ozks,57344,0
ozks,65536,19
ozks,57344,10
ozks,57344,0
ozks,69632,22
ozks,57344,5
ozks,57344,6
ozks,57344,11
ozks,81920,39
ozks,237568,246
ozks,761856,983
ozks,57344,3
ozks,57344,2
ozks,98304,57
ozks,73728,33
ozks,57344,1
ozks,585728,736
ozks,565248,705
ozks,69632,29
ozks,98304,61
ozks,98304,56
ozks,57344,3
ozks,172032,149
ozks,57344,3
ozks,57344,3
ozks,57344,8
ozks,151552,127
ozks,57344,0
ozks,57344,7
ozks,57344,6
ozks,94208,49
ozks,57344,8
ozks,126976,87
ozks,57344,1
ozks,94208,48
ozks,458752,551
ozks,69632,24
ozks,57344,6
ozks,102400,66
ozks,57344,0
ozks,57344,10
ozks,69632,27
ozks,94208,45
ozks,57344,2
ozks,69632,28
ozks,57344,5
ozks,57344,1
ozks,606208,767
ozks,143360,109
ozks,57344,3
ozks,98304,56
ozks,221184,223
ozks,69632,26
ozks,57344,1
ozks,57344,1
ozks,147456,117
ozks,372736,438
ozks,602112,747
ozks,57344,8
ozks,73728,36
ozks,638976,801
ozks,147456,117
ozks,57344,9
ozks,753664,957
ozks,57344,1
ozks,57344,1
ozks,73728,33
ozks,57344,0
ozks,57344,6
ozks,102400,64
ozks,57344,8
ozks,57344,1
ozks,69632,26
ozks,102400,66
ozks,65536,18
ozks,65536,19
ozks,589824,741
ozks,57344,6
ozks,57344,8
ozks,57344,9
ozks,110592,79
ozks,94208,45
ozks,57344,1
ozks,102400,69
ozks,376832,442
ozks,57344,7
ozks,372736,439
ozks,94208,47
ozks,495616,606
ozks,57344,1
ozks,57344,8
ozks,57344,1
ozks,65536,16
ozks,696320,895
ozks,73728,33
ozks,73728,35
ozks,57344,5
ozks,57344,2
ozks,57344,2
ozks,57344,4
ozks,57344,4
ozks,57344,6
ozks,81920,37
ozks,57344,1
ozks,323584,366
ozks,143360,109
ozks,57344,6
ozks,110592,73
ozks,131072,91
ozks,155648,123
ozks,65536,13
ozks,65536,15
ozks,65536,20
ozks,65536,13
ozks,65536,13
ozks,57344,7
ozks,516096,635
ozks,393216,474
ozks,57344,1
ozks,110592,77
ozks,245760,253
ozks,57344,0
ozks,450560,543
ozks,155648,128
ozks,462848,568
ozks,65536,14
ozks,65536,12
ozks,552960,672
ozks,65536,16
ozks,106496,72
ozks,151552,126
ozks,65536,15
ozks,57344,6
ozks,217088,207
ozks,57344,4
ozks,69632,28
ozks,94208,43
ozks,57344,8
ozks,57344,9
ozks,81920,37
ozks,57344,8
ozks,57344,7
ozks,69632,24
ozks,65536,16
ozks,57344,9
ozks,73728,33
ozks,65536,17
ozks,94208,42
ozks,57344,11
ozks,57344,8
ozks,57344,8
ozks,57344,6
ozks,131072,98
ozks,65536,18
ozks,57344,8
ozks,81920,39
ozks,57344,1
ozks,94208,47
ozks,73728,36
ozks,385024,448
ozks,102400,62
ozks,65536,20
ozks,122880,83
ozks,57344,9
ozks,57344,1
ozks,163840,143
ozks,90112,41
ozks,487424,602
ozks,57344,8
ozks,57344,10
ozks,278528,303
ozks,65536,14
ozks,57344,4
ozks,253952,273
ozks,57344,3
ozks,73728,35
ozks,65536,16
ozks,73728,33
ozks,57344,1
ozks,323584,361
ozks,57344,8
ozks,57344,6
ozks,73728,36
ozks,139264,109
ozks,139264,108
ozks,69632,22
ozks,57344,10
ozks,69632,31
ozks,57344,1
ozks,69632,23
ozks,57344,8
ozks,585728,734
ozks,57344,0
ozks,139264,104
ozks,94208,48
ozks,57344,4
ozks,65536,12
ozks,655360,824
ozks,57344,8
ozks,57344,3
ozks,57344,11
ozks,57344,2
ozks,57344,1
ozks,57344,0
ozks,610304,768
ozks,98304,60
ozks,57344,6
ozks,65536,13
ozks,155648,131
ozks,98304,60
ozks,65536,13
ozks,57344,1
ozks,57344,8
ozks,65536,19
ozks,57344,1
ozks,57344,0
ozks,110592,76
ozks,98304,59
ozks,569344,702
ozks,131072,101
ozks,57344,7
ozks,57344,1
ozks,69632,23
ozks,98304,57
ozks,57344,1
ozks,73728,33
ozks,73728,33
ozks,65536,17
ozks,57344,5
ozks,57344,11
ozks,106496,72
ozks,69632,30
ozks,57344,8
ozks,278528,303
ozks,57344,8
ozks,65536,12
ozks,98304,57
ozks,69632,28
ozks,65536,12
ozks,69632,25
ozks,69632,30
ozks,57344,0
ozks,73728,35
ozks,81920,37
ozks,176128,158
ozks,57344,6
ozks,122880,84
ozks,155648,132
ozks,57344,3
ozks,98304,56
ozks,73728,33
ozks,98304,53
ozks,110592,79
ozks,57344,1
ozks,110592,74
ozks,57344,3
ozks,57344,2
ozks,57344,0
ozks,57344,7
ozks,57344,0
ozks,81920,39
ozks,94208,46
ozks,143360,114
ozks,57344,6
ozks,159744,139
ozks,188416,170
ozks,172032,145
ozks,57344,8
ozks,454656,551
ozks,57344,0
ozks,167936,150
ozks,94208,45
ozks,57344,3
ozks,57344,11
ozks,57344,1
ozks,540672,675
ozks,57344,1
ozks,98304,54
ozks,65536,15
ozks,122880,83
ozks,57344,6
ozks,57344,3
ozks,57344,7
ozks,57344,3
ozks,57344,3
ozks,249856,257
ozks,65536,16
ozks,155648,139
ozks,73728,33
ozks,57344,3
