------------------------------------------------
--- Create Commitment --------------------------
Method      Dep Count     Median Time  Samples
------------------------------------------------
ozks                0     0.002418666     2778
ozks                1     0.002957209     3124
ozks                2     0.003002333     1771
ozks                3     0.003050000     1731
ozks                4     0.003101417     1375
ozks                5     0.003153750     1157
ozks                6     0.003173729     1210
ozks                7     0.003221917     1052
ozks                8     0.003276875     2115
ozks                9     0.003344125     1146
ozks               10     0.003379958     1003
ozks               11     0.003431292      731
ozks               12     0.003525750      630
ozks               13     0.003547104      784
ozks               14     0.003582417      509
ozks               15     0.003600125      515
ozks               16     0.003615291      409
ozks               17     0.003617312     1174
ozks               18     0.003677334      439
ozks               19     0.003684708      347
ozks               20     0.003725709      351
ozks               21     0.003768416      337
ozks               22     0.003784812      360
ozks               23     0.003820479      336
ozks               24     0.003830478      286
ozks               25     0.003841313      314
ozks               26     0.003869688      370
ozks               27     0.003886375      241
ozks               28     0.003935292      317
ozks               29     0.003960584      227
ozks               30     0.003959250      246
ozks               31     0.003966958      267
ozks               32     0.004004917      149
ozks               33     0.004094562      130
ozks               34     0.004051646      222
ozks               35     0.004136459      307
ozks               36     0.004100750      305
ozks               37     0.004138792      206
ozks               38     0.004154042      206
ozks               39     0.004144208      236
ozks               40     0.004208021      152
ozks               41     0.004266021      106
ozks               42     0.004246125      148
ozks               43     0.004313188      194
ozks               44     0.004364959      201
ozks               45     0.004383749      228
ozks               46     0.004370063      136
ozks               47     0.004477834      133
ozks               48     0.004398084      170
ozks               49     0.004417833      115
ozks               50     0.004480250      123
ozks               51     0.004528333      133
ozks               52     0.004514875      150
ozks               53     0.004538458      120
ozks               54     0.004593250      145
ozks               55     0.004608521      128
ozks               56     0.004577166      137
ozks               57     0.004669292       75
ozks               58     0.004653958      107
ozks               59     0.004715104      114
ozks               60     0.004777584       95
ozks               61     0.004795417       56
ozks               62     0.004831208      129
ozks               63     0.004832583       66
ozks               64     0.004811792      110
ozks               65     0.004872979      108
ozks               66     0.004832792       97
ozks               67     0.004873396       98
ozks               68     0.004851542      119
ozks               69     0.004943375       87
ozks               70     0.005042250      111
ozks               71     0.005047625       79
ozks               72     0.005017625       79
ozks               73     0.004998667       23
ozks               74     0.005088125       57
ozks               75     0.005062312       50
ozks               76     0.005105042      102
ozks               77     0.005178688      104
ozks               78     0.005041979       70
ozks               79     0.005225875       49
ozks               80     0.005219396      144
ozks               81     0.005351083       55
ozks               82     0.005274479       58
ozks               83     0.005337417       68
ozks               84     0.005365958       77
ozks               85     0.005225416       67
ozks               86     0.005372625       55
ozks               87     0.005367750       25
ozks               88     0.005330375       75
ozks               89     0.005454646       64
ozks               90     0.005490416       73
ozks               91     0.005435708       70
ozks               92     0.005371229       82
ozks               93     0.005439541       77
ozks               94     0.005530792       51
ozks               95     0.005450583       52
ozks               96     0.005532667       38
ozks               97     0.005694917       60
ozks               98     0.005714833       23
ozks               99     0.005681167       89
ozks              100     0.005712501       36
ozks              101     0.005640917       64
ozks              102     0.005734542       41
ozks              103     0.005801500       38
ozks              104     0.005852625       50
ozks              105     0.005853292       79
ozks              106     0.005748833       57
ozks              107     0.005925542       74
ozks              108     0.005879667       34
ozks              109     0.005860833       67
ozks              110     0.005855208       76
ozks              111     0.005981104       68
ozks              112     0.006053875       13
ozks              113     0.006066979       22
ozks              114     0.006056417       28
ozks              115     0.005940271       32
ozks              116     0.005844125       49
ozks              117     0.005998250       50
ozks              118     0.005964500       13
ozks              119     0.006220875       16
ozks              120     0.006131500       12
ozks              121     0.006051458       37
ozks              122     0.006242208       33
ozks              123     0.006202583       57
ozks              124     0.006385167       17
ozks              125     0.006147042       30
ozks              126     0.006374896       28
ozks              127     0.006376959       69
ozks              128     0.006435791       64
ozks              129     0.006293042       54
ozks              130     0.006446792       45
ozks              131     0.006461625       38
ozks              132     0.006378584       25
ozks              133     0.006555000       76
ozks              134     0.006532250       65
ozks              135     0.006498291       44
ozks              136     0.006511854       36
ozks              137     0.006628708      127
ozks              138     0.006370541       31
ozks              139     0.006562000       80
ozks              140     0.006627542      171
ozks              141     0.006541792       72
ozks              142     0.006661438       56
ozks              143     0.006681730       90
ozks              144     0.006757917       42
ozks              145     0.006826625       42
ozks              146     0.006775104      144
ozks              147     0.006764229       82
ozks              148     0.006798291       47
ozks              149     0.006797958       99
ozks              150     0.006860250       28
ozks              151     0.006698895       14
ozks              152     0.006715417       35
ozks              153     0.007112917       39
ozks              154     0.007066500       14
ozks              155     0.007221166       22
ozks              156     0.007038584       29
ozks              157     0.007008291       23
ozks              158     0.007020583      152
ozks              159     0.006893125       26
ozks              160     0.006988334       34
ozks              161     0.007008459       16
ozks              162     0.006961791       24
ozks              163     0.007093187       16
ozks              164     0.007165458       48
ozks              165     0.007187187       30
ozks              166     0.007082916       17
ozks              167     0.007160500       19
ozks              168     0.007267792       16
ozks              169     0.007360709       32
ozks              170     0.007330584       21
ozks              171     0.007375958       16
ozks              172     0.007675791        3
ozks              173     0.007223375       51
ozks              174     0.007529083        6
ozks              175     0.007289584       26
ozks              176     0.007207250       23
ozks              177     0.007417916       22
ozks              178     0.007449042       17
ozks              179     0.007333521       20
ozks              180     0.007294687       10
ozks              181     0.007119917       31
ozks              182     0.007489500       21
ozks              183     0.007679750       25
ozks              184     0.007381396       14
ozks              185     0.007482938       16
ozks              186     0.008156333        1
ozks              187     0.007649667       19
ozks              188     0.007723375       21
ozks              189     0.007548313        8
ozks              190     0.007722708       17
ozks              191     0.007631229       12
ozks              192     0.007736209        5
ozks              193     0.007492271       14
ozks              194     0.008056166        9
ozks              195     0.007849417       17
ozks              196     0.007809521        2
ozks              197     0.007722874       16
ozks              198     0.007906520        6
ozks              199     0.007843334       12
ozks              200     0.007801792        9
ozks              201     0.008009646       76
ozks              202     0.007901833       31
ozks              204     0.008239437        4
ozks              205     0.007911584       13
ozks              206     0.007961792       21
ozks              207     0.007932541        7
ozks              208     0.008333396        6
ozks              209     0.007960709       15
ozks              210     0.008313084       17
ozks              211     0.008192333       15
ozks              212     0.008315854       14
ozks              213     0.008142625        7
ozks              214     0.008408834       15
ozks              215     0.008317458        1
ozks              216     0.008207437        8
ozks              217     0.008004125        7
ozks              218     0.008426250        7
ozks              219     0.008389041        7
ozks              220     0.008317208        7
ozks              222     0.008308875        9
ozks              223     0.008230792       22
ozks              225     0.008289625       13
ozks              226     0.009092708        2
ozks              227     0.008446208       13
ozks              228     0.008730354       14
ozks              229     0.008877583        5
ozks              230     0.009485646        2
ozks              231     0.008477458       19
ozks              232     0.008709896        6
ozks              233     0.008599417       28
ozks              234     0.008662500       20
ozks              235     0.008609020       14
ozks              236     0.008565583        8
ozks              237     0.008689271        8
ozks              238     0.008728834        7
ozks              239     0.008858916        7
ozks              240     0.008782416       27
ozks              241     0.008822041       16
ozks              243     0.008851583       14
ozks              244     0.008986792       15
ozks              245     0.008909875       19
ozks              246     0.008947521       28
ozks              247     0.008997229       10
ozks              248     0.008959604        6
ozks              250     0.009171959        7
ozks              251     0.008707708        7
ozks              252     0.008914667       21
ozks              253     0.009030604        4
ozks              254     0.009248021       20
ozks              255     0.009050104        6
ozks              256     0.009251063       22
ozks              257     0.009270042       17
ozks              259     0.010240291        1
ozks              260     0.009216125        9
ozks              261     0.009206334        6
ozks              262     0.009392771       34
ozks              263     0.009328958       30
ozks              264     0.009247208       24
ozks              265     0.009337375        2
ozks              267     0.010236291        1
ozks              268     0.009507833       37
ozks              270     0.009433375        7
ozks              271     0.009260250        1
ozks              272     0.009530500       17
ozks              273     0.009434417       15
ozks              274     0.009651021       48
ozks              276     0.009682667       15
ozks              278     0.009585666        7
ozks              279     0.009682396       12
ozks              280     0.010093333        8
ozks              282     0.009612125        1
ozks              283     0.010807125        1
ozks              284     0.009543583        9
ozks              285     0.009543958        7
ozks              287     0.010068333        2
ozks              288     0.009918313        8
ozks              289     0.009781625        6
ozks              290     0.010010417        9
ozks              291     0.009910687       24
ozks              292     0.010056459        8
ozks              293     0.009942771       10
ozks              296     0.009629354        6
ozks              297     0.010185334       11
ozks              298     0.009965646        2
ozks              300     0.010372355        8
ozks              301     0.009903896        4
ozks              302     0.010167458       33
ozks              303     0.010251042       25
ozks              304     0.010220396       12
ozks              305     0.010693417        2
ozks              306     0.010356583        6
ozks              307     0.010402750        7
ozks              308     0.010343834       13
ozks              311     0.010280042        7
ozks              312     0.010492292       13
ozks              313     0.010501083       11
ozks              314     0.010463625        7
ozks              315     0.010562958        7
ozks              316     0.010245084        2
ozks              319     0.010633666        6
ozks              320     0.010641521        8
ozks              321     0.010989979        8
ozks              322     0.010812417       14
ozks              323     0.010738625       12
ozks              324     0.010123208       87
ozks              325     0.010122563      148
ozks              327     0.010473333       23
ozks              328     0.010347334       33
ozks              329     0.010678458        7
ozks              330     0.010937583        3
ozks              331     0.011014625        1
ozks              335     0.011372250        7
ozks              336     0.011100021        8
ozks              337     0.011083625       13
ozks              338     0.010940542       13
ozks              339     0.010790479       16
ozks              340     0.011026584       11
ozks              341     0.010682083        7
ozks              342     0.010926792       25
ozks              343     0.010958583       37
ozks              344     0.011102250        7
ozks              345     0.011263875        7
ozks              346     0.010996396        8
ozks              350     0.011230396       14
ozks              351     0.010701834       13
ozks              352     0.010902250       23
ozks              353     0.011246416        7
ozks              354     0.011322459        9
ozks              355     0.011431000        9
ozks              357     0.011359792        8
ozks              358     0.011062625        7
ozks              359     0.011483626        2
ozks              360     0.011283292       14
ozks              361     0.011529708       21
ozks              362     0.011569479        8
ozks              363     0.011849021        6
ozks              364     0.012483875        1
ozks              366     0.011706833        6
ozks              369     0.011922625       23
ozks              370     0.011789792       13
ozks              372     0.011181833        1
ozks              376     0.011336375        2
ozks              377     0.012212667        1
ozks              378     0.011663250       15
ozks              379     0.011877813        6
ozks              380     0.012403708        1
ozks              382     0.012043208       26
ozks              383     0.012148041       27
ozks              384     0.012192667       12
ozks              385     0.012309437       12
ozks              387     0.011808937        6
ozks              388     0.011711542        3
ozks              389     0.012032250       19
ozks              392     0.012257354        6
ozks              394     0.012327625        1
ozks              396     0.013409542        1
ozks              397     0.012148333        1
ozks              398     0.012530041       15
ozks              399     0.012624291        7
ozks              401     0.012598041        7
ozks              405     0.014043333        1
ozks              406     0.012381708        3
ozks              407     0.014205084        1
ozks              408     0.012688542        9
ozks              409     0.012647958        7
ozks              410     0.012776666       12
ozks              411     0.012498063        6
ozks              412     0.012787625       12
ozks              413     0.012746459       12
ozks              414     0.012277541        3
ozks              415     0.012931333        7
ozks              417     0.012869625       12
ozks              418     0.013508542        9
ozks              419     0.012688896        8
ozks              420     0.012475375        6
ozks              421     0.013165125        1
ozks              423     0.012361917        7
ozks              424     0.013166501        6
ozks              425     0.013069583        6
ozks              427     0.013219458        6
ozks              428     0.012970250        1
ozks              429     0.013263625        9
ozks              430     0.013205208        8
ozks              431     0.013235417       13
ozks              434     0.013184458        7
ozks              435     0.014113167        1
ozks              436     0.014524084        3
ozks              438     0.012966542       22
ozks              439     0.012929438        8
ozks              440     0.013587125        1
ozks              441     0.013881167        1
ozks              442     0.012787812       14
ozks              445     0.013592562        8
ozks              446     0.013561750        6
ozks              448     0.013592458        6
ozks              449     0.013106792        3
ozks              451     0.013061791        7
ozks              452     0.013090292        1
ozks              453     0.013748709        6
ozks              456     0.013874895        6
ozks              457     0.019155625        1
ozks              458     0.013694667        1
ozks              460     0.013885875        7
ozks              461     0.013952604        6
ozks              462     0.013975625        1
ozks              463     0.013942541       12
ozks              464     0.013365145       12
ozks              466     0.014053500        3
ozks              467     0.013421209        7
ozks              469     0.013543458        1
ozks              470     0.014202979        6
ozks              472     0.013739958       10
ozks              473     0.014101167        9
ozks              474     0.014130729        6
ozks              475     0.014183417       12
ozks              476     0.014138917       12
ozks              477     0.014266500        7
ozks              478     0.014307312        2
ozks              480     0.014490916        6
ozks              482     0.013781417        8
ozks              483     0.014581084       14
ozks              484     0.014473958        3
ozks              485     0.014591708        7
ozks              486     0.013861833        3
ozks              487     0.014185375        2
ozks              488     0.014678896        6
ozks              489     0.013668542        6
ozks              491     0.014602625        1
ozks              492     0.014673438       12
ozks              493     0.014699417        1
ozks              494     0.014646875       20
ozks              495     0.014104791        7
ozks              496     0.014570166        7
ozks              498     0.014812458       19
ozks              500     0.014664896       14
ozks              502     0.014840208       13
ozks              504     0.014786541        3
ozks              506     0.015167667        6
ozks              508     0.014943084        1
ozks              510     0.015159875        8
ozks              511     0.014737000        1
ozks              512     0.015296895       14
ozks              514     0.015097375        1
ozks              516     0.014971666        8
ozks              517     0.015167583        8
ozks              518     0.015422083        7
ozks              519     0.015170791        1
ozks              520     0.015048729        2
ozks              521     0.014419479       42
ozks              522     0.015411416        7
ozks              523     0.015034188        6
ozks              524     0.015438500        7
ozks              526     0.015450146        6
ozks              528     0.015554500       12
ozks              529     0.015522729        6
ozks              530     0.015617166        8
ozks              532     0.014949875        1
ozks              535     0.015535020        6
ozks              537     0.016159500        3
ozks              538     0.015611167       13
ozks              539     0.015159250        1
ozks              540     0.015877000        7
ozks              541     0.014989313      102
ozks              542     0.015900146        8
ozks              543     0.015817334        6
ozks              545     0.015594250        1
ozks              546     0.015872584        1
ozks              547     0.015343542        2
ozks              548     0.016061417        6
ozks              550     0.016032062        8
ozks              551     0.016042021       16
ozks              555     0.015939084        3
ozks              557     0.015788938        2
ozks              558     0.015956667       12
ozks              559     0.016236333        7
ozks              561     0.016082000        9
ozks              562     0.016120042        1
ozks              563     0.016353437        6
ozks              564     0.015841125        6
ozks              565     0.015882375       24
ozks              566     0.015525167        1
ozks              569     0.016486917        7
ozks              571     0.016238625        6
ozks              574     0.016057250       11
ozks              578     0.015964792        7
ozks              580     0.016652500        6
ozks              582     0.016602709       15
ozks              583     0.016686291        6
ozks              586     0.016691376        6
ozks              588     0.016567813        6
ozks              589     0.016633729        6
ozks              590     0.016883667        8
ozks              592     0.017102855        2
ozks              595     0.017030188        6
ozks              596     0.017171917       13
ozks              597     0.017026833        2
ozks              601     0.016102167        5
ozks              602     0.016496167        7
ozks              603     0.017220209        1
ozks              605     0.017368062        6
ozks              606     0.016689979       14
ozks              607     0.017146605        8
ozks              608     0.016529042        6
ozks              610     0.017292667        1
ozks              612     0.017474042        1
ozks              613     0.017123666        7
ozks              615     0.017649125        1
ozks              616     0.017377125        4
ozks              617     0.017449979        6
ozks              618     0.018358125        3
ozks              619     0.017580792        6
ozks              620     0.017372813       12
ozks              622     0.017306542        1
ozks              624     0.016539333        1
ozks              627     0.017233646        6
ozks              628     0.017225083        6
ozks              629     0.017750146        6
ozks              630     0.017760875        6
ozks              631     0.017927729        8
ozks              633     0.017979604       12
ozks              634     0.017104166        8
ozks              635     0.017742625       14
ozks              637     0.017965292        6
ozks              638     0.017799708        7
ozks              640     0.017772917        1
ozks              641     0.018217708        8
ozks              642     0.018019083        9
ozks              643     0.018189417        9
ozks              644     0.018170854        6
ozks              645     0.018169250        3
ozks              646     0.018462208        5
ozks              647     0.018807459        1
ozks              648     0.018116292        7
ozks              649     0.018121333        6
ozks              650     0.017880916       11
ozks              651     0.018315209        7
ozks              652     0.020739959        1
ozks              653     0.017901667        1
ozks              654     0.018426708        1
ozks              655     0.018095042        2
ozks              656     0.018439771        6
ozks              657     0.018454375        1
ozks              661     0.018597834        7
ozks              662     0.018588875        1
ozks              663     0.018540083        9
ozks              664     0.018775333        8
ozks              665     0.018359896       14
ozks              666     0.019044208        1
ozks              667     0.018289291       11
ozks              668     0.018342334        6
ozks              669     0.018360500        9
ozks              670     0.018111750        6
ozks              672     0.019034501       14
ozks              673     0.017991625        8
ozks              675     0.019088333        6
ozks              676     0.018946271        2
ozks              677     0.018990917        7
ozks              678     0.018644875        7
ozks              679     0.018843874        2
ozks              680     0.019049625        7
ozks              681     0.019633999        2
ozks              682     0.018872625        7
ozks              683     0.018934833        8
ozks              684     0.018721647        2
ozks              685     0.019228666        8
ozks              686     0.019133417        4
ozks              687     0.019310000        3
ozks              688     0.019216562        2
ozks              690     0.019452188       14
ozks              691     0.019250084        8
ozks              692     0.019266667       14
ozks              694     0.018799479        2
ozks              695     0.018416355        8
ozks              696     0.019465959        1
ozks              699     0.019774500        7
ozks              700     0.019862417        8
ozks              701     0.018840333        1
ozks              702     0.019477896        6
ozks              703     0.019463167        3
ozks              705     0.019427437        2
ozks              706     0.019690604        8
ozks              707     0.019822667        3
ozks              708     0.019683042        3
ozks              710     0.019686417        7
ozks              711     0.019814334        5
ozks              712     0.019674208        7
ozks              714     0.019745792        7
ozks              715     0.019715416        8
ozks              716     0.019705562        2
ozks              717     0.019435500        7
ozks              719     0.019921896        2
ozks              720     0.019851625        2
ozks              721     0.020068791        1
ozks              722     0.019973354        4
ozks              724     0.019948438       14
ozks              728     0.019467417        4
ozks              729     0.020220521        8
ozks              730     0.020302146        6
ozks              731     0.020383854        2
ozks              732     0.020164083        7
ozks              734     0.019475583       49
ozks              736     0.019469709        6
ozks              737     0.020378292       13
ozks              738     0.019529646        8
ozks              739     0.020617062        8
ozks              740     0.020533667        6
ozks              741     0.020204292       11
ozks              742     0.019833875        7
ozks              743     0.019868042       20
ozks              744     0.020481000        1
ozks              745     0.021977812        2
ozks              746     0.020668333        7
ozks              747     0.019918458        7
ozks              748     0.020529375        1
ozks              749     0.020575834       12
ozks              750     0.020626625       13
ozks              751     0.020790917        7
ozks              755     0.020219208        5
ozks              759     0.021024958        6
ozks              760     0.019895125        1
ozks              761     0.021499397        2
ozks              762     0.019699666        4
ozks              763     0.021198416       13
ozks              764     0.020641313       12
ozks              766     0.021138125        1
ozks              767     0.021032500       13
ozks              768     0.021184062        8
ozks              769     0.020494375       15
ozks              770     0.021539854        6
ozks              771     0.020798917        1
ozks              772     0.022043625        1
ozks              773     0.021109416        6
ozks              774     0.020378791        1
ozks              777     0.021851375        1
ozks              780     0.020584125        5
ozks              782     0.021964834        2
ozks              785     0.021621313        8
ozks              789     0.021697563        6
ozks              790     0.021335167        6
ozks              791     0.020698000       18
ozks              792     0.022234041        2
ozks              793     0.020309125        1
ozks              794     0.020332666        4
ozks              799     0.021761605       14
ozks              801     0.021053125        7
ozks              803     0.022088188        6
ozks              805     0.021692542        6
ozks              807     0.021254583       13
ozks              808     0.021633146        8
ozks              811     0.020584375        1
ozks              812     0.022205416        6
ozks              813     0.022194875        1
ozks              814     0.022246834        6
ozks              819     0.022230459        7
ozks              821     0.021614042        1
ozks              822     0.022574709        9
ozks              824     0.022832625        2
ozks              825     0.021991000        7
ozks              826     0.022350563        6
ozks              827     0.022552646        6
ozks              828     0.022493291        7
ozks              830     0.022377083       16
ozks              831     0.022177479       12
ozks              833     0.022586916       12
ozks              836     0.023006979        8
ozks              838     0.023073291        6
ozks              840     0.022790625        5
ozks              845     0.022541667        6
ozks              846     0.023492417        1
ozks              847     0.023313834        1
ozks              848     0.021835000        1
ozks              849     0.022150583        7
ozks              851     0.022890687        6
ozks              852     0.022942167       13
ozks              853     0.023134146        8
ozks              854     0.024881333        2
ozks              856     0.023313521       12
ozks              857     0.023167125        7
ozks              858     0.023077041        6
ozks              859     0.023650459        7
ozks              862     0.023438417        6
ozks              864     0.023664542        1
ozks              865     0.023538334        8
ozks              866     0.022889291       15
ozks              872     0.022729979        6
ozks              873     0.023829250        7
ozks              874     0.023914375        7
ozks              876     0.022847959        7
ozks              878     0.023871791        1
ozks              879     0.023337833        2
ozks              880     0.023067667       13
ozks              881     0.024191792        6
ozks              882     0.023153833       12
ozks              883     0.023612125        8
ozks              885     0.024158167        6
ozks              890     0.024137333        6
ozks              892     0.024125916        6
ozks              893     0.024147001       14
ozks              894     0.023942667        7
ozks              895     0.024112542        6
ozks              896     0.024739417        3
ozks              899     0.022668875        5
ozks              901     0.023373209        2
ozks              902     0.023499584        1
ozks              903     0.024338750        7
ozks              904     0.024237583       14
ozks              905     0.024481333       13
ozks              906     0.023927000        7
ozks              907     0.023392875        6
ozks              908     0.024445584       15
ozks              909     0.024455333        1
ozks              910     0.024470792        7
ozks              912     0.024590666        1
ozks              915     0.024500167       10
ozks              919     0.024684583        7
ozks              922     0.024805417        8
ozks              923     0.024763416        2
ozks              926     0.025043000        1
ozks              927     0.024954708        1
ozks              929     0.024138167       19
ozks              930     0.024081417        2
ozks              931     0.023755063        6
ozks              932     0.024534812       12
ozks              934     0.023289250        1
ozks              938     0.025105625        1
ozks              939     0.024781978        2
ozks              940     0.024862208        7
ozks              941     0.025166583        7
ozks              942     0.025117334        7
ozks              943     0.025140209        7
ozks              948     0.025440479        6
ozks              953     0.023992188        4
ozks              954     0.025397667       12
ozks              955     0.025566917        6
ozks              956     0.025318750        1
ozks              957     0.024813354        2
ozks              958     0.025650834       13
ozks              961     0.025514520        6
ozks              962     0.025905729        2
ozks              965     0.025826167        1
ozks              966     0.024920666        3
ozks              967     0.026153855        8
ozks              970     0.025933167        7
ozks              972     0.026206750        1
ozks              973     0.025913271        6
ozks              974     0.025894000        7
ozks              976     0.025515459        1
ozks              980     0.026074500        1
ozks              981     0.025659500       13
ozks              983     0.025916563       36
ozks              984     0.026399458        1
ozks              987     0.026574750        3
ozks              990     0.024805187        2
ozks              991     0.024702688       38
ozks              993     0.026309104        6
ozks              995     0.028756709        1
ozks              997     0.026364687        8
ozks              998     0.026527459       18
ozks              999     0.026640104        6
ozks             1000     0.026988999        8
ozks             1001     0.026572667        1
ozks             1002     0.025982624        8
ozks             1003     0.026184417       20
ozks             1006     0.026324208        1
ozks             1007     0.026347520        6
ozks             1008     0.025675729        6
ozks             1009     0.025039667        5
ozks             1010     0.026871792       13
ozks             1011     0.027231333        7
ozks             1012     0.026353708        8
ozks             1013     0.026784625        7
ozks             1017     0.025900541        6
ozks             1018     0.028593875        1
ozks             1020     0.026597583        2
ozks             1024     0.026819000        2
ozks             1026     0.027076625        1
ozks             1027     0.026398146        8
ozks             1031     0.026363479        4
ozks             1033     0.026295542        7
ozks             1034     0.029126292        1
ozks             1035     0.027743438       10
ozks             1036     0.027467500        7
ozks             1038     0.027345000        7
ozks             1041     0.027512750        4
ozks             1042     0.026342187        6
ozks             1043     0.027473208        6
ozks             1044     0.027325750        6
ozks             1046     0.027923438        2
ozks             1048     0.027909312        6
ozks             1050     0.027198792        7
ozks             1051     0.027685458        9
ozks             1052     0.027747791        6
ozks             1053     0.027615521       10
ozks             1054     0.027909792        6
ozks             1055     0.027922792        7
ozks             1056     0.026918292        1
ozks             1057     0.027520854        6
ozks             1058     0.028078959        1
ozks             1059     0.027336209        6
ozks             1060     0.027631000        6
ozks             1061     0.027355687       14
ozks             1065     0.028133042        1
ozks             1066     0.027521146        2
ozks             1068     0.028228604        6
ozks             1070     0.027966417        4
ozks             1071     0.027106104        6
ozks             1072     0.028366375       21
ozks             1075     0.027285417        7
ozks             1076     0.027714875        1
ozks             1077     0.028939709        7
ozks             1078     0.027935021        2
ozks             1079     0.028230250        2
ozks             1080     0.026706917       34
ozks             1081     0.027860771       10
ozks             1084     0.027992917        7
ozks             1085     0.027720042        5
ozks             1086     0.027666375        3
ozks             1087     0.027149959        8
ozks             1088     0.028279250       15
ozks             1089     0.028004292        1
ozks             1090     0.030728708        1
ozks             1091     0.028768500       10
ozks             1092     0.027401542       12
ozks             1093     0.029036916        1
ozks             1095     0.026988958       87
ozks             1096     0.028508334        1
ozks             1097     0.026872812       18
ozks             1098     0.027284792        3
ozks             1099     0.029035375       13
ozks             1100     0.027963417        1
ozks             1102     0.028884105        6
ozks             1105     0.028657917       12
ozks             1106     0.029324541        1
ozks             1107     0.028593916        9
ozks             1108     0.027786542       13
ozks             1112     0.029055084       13
ozks             1114     0.028676708        1
ozks             1115     0.029335792        6
ozks             1116     0.029991542        1
ozks             1117     0.029017208        1
ozks             1119     0.028609104        2
ozks             1120     0.027976500        1
ozks             1122     0.029021417       14
ozks             1123     0.027721208       32
ozks             1124     0.029660334        6
ozks             1126     0.029506500        7
ozks             1127     0.029368667        9
ozks             1128     0.029060458        5
ozks             1129     0.029260959        1
ozks             1130     0.028937271        2
ozks             1131     0.030364313        2
ozks             1132     0.029163479        8
ozks             1133     0.028953083        8
ozks             1134     0.029783209        1
ozks             1135     0.029433812        4
ozks             1136     0.028896833        5
ozks             1138     0.029657166        8
ozks             1140     0.030169584        1
ozks             1142     0.029789125        1
ozks             1143     0.029915833        8
ozks             1144     0.029820667       12
ozks             1146     0.029678042        3
ozks             1147     0.029909167        1
ozks             1148     0.029672021       16
ozks             1149     0.029870542        1
ozks             1150     0.029739646        2
ozks             1151     0.029839708        3
ozks             1152     0.029707416        3
ozks             1153     0.029914375        2
ozks             1154     0.029551250        1
ozks             1155     0.030227604       16
ozks             1156     0.029563667        3
ozks             1157     0.030296458       13
ozks             1158     0.031701000        1
ozks             1159     0.030184291        7
ozks             1160     0.028277292       49
ozks             1161     0.028920853        6
ozks             1162     0.028932750        1
ozks             1163     0.030716604       12
ozks             1164     0.029873729        6
ozks             1165     0.031404062        2
ozks             1166     0.030286958        2
ozks             1168     0.030310417        3
ozks             1169     0.030054625        1
ozks             1170     0.029480417        7
ozks             1172     0.028762042        1
ozks             1175     0.030401834        6
ozks             1176     0.030869166        8
ozks             1177     0.029739833        1
ozks             1178     0.030958708        3
ozks             1185     0.030844875        7
ozks             1186     0.031133917       13
ozks             1187     0.029584791        1
ozks             1188     0.029991584        6
ozks             1189     0.030537833        7
ozks             1191     0.030094834        1
ozks             1192     0.030604167        7
ozks             1193     0.030455584        8
ozks             1194     0.030445542        1
ozks             1196     0.031142416        6
ozks             1197     0.029804187        6
ozks             1198     0.030628562        2
ozks             1199     0.031096000        7
ozks             1200     0.031198771        2
ozks             1201     0.031595230        6
ozks             1203     0.031370624        6
ozks             1204     0.033149209        1
ozks             1207     0.031465292       14
ozks             1209     0.031418083        1
ozks             1212     0.031423500        9
ozks             1215     0.031351791        1
ozks             1216     0.030927291        1
ozks             1217     0.031409896        6
ozks             1218     0.031276959        1
ozks             1222     0.032006208       13
ozks             1224     0.031656625        7
ozks             1226     0.032468542        1
ozks             1227     0.031865292        1
ozks             1228     0.031757000        3
ozks             1229     0.031916708        6
ozks             1230     0.031581104        6
ozks             1231     0.031339875        1
ozks             1235     0.031849208        2
ozks             1238     0.033058375        2
ozks             1239     0.033631583        1
ozks             1240     0.032405708        2
ozks             1244     0.033133458        1
ozks             1245     0.031560125        7
ozks             1253     0.030553625        3
ozks             1254     0.032098479        6
ozks             1258     0.032389729        6
ozks             1261     0.032577208        1
ozks             1264     0.031617146        6
ozks             1268     0.031629459        1
ozks             1269     0.032629667        1
ozks             1271     0.031961980       12
ozks             1275     0.032580770        6
ozks             1278     0.032831208        6
ozks             1282     0.035603125        1
ozks             1284     0.031407167        1
ozks             1287     0.032759188        6
ozks             1288     0.033161750        1
ozks             1290     0.031953791        3
ozks             1292     0.032998583        1
ozks             1295     0.032119146        6
ozks             1307     0.033500666       15
ozks             1315     0.034113000        7
ozks             1316     0.032404292        7
ozks             1322     0.033791624        6
ozks             1324     0.033923438       12
ozks             1329     0.033026375        1
ozks             1331     0.034255875        6
ozks             1332     0.031979834        7
ozks             1333     0.032353834        1
ozks             1338     0.033416375        7
ozks             1348     0.032886750        7
ozks             1349     0.034572833        1
ozks             1351     0.037469916        1
ozks             1352     0.033142125        7
ozks             1354     0.033509958        7
ozks             1356     0.033928334        6
ozks             1357     0.034090125        1
ozks             1359     0.033610313        6
ozks             1360     0.032533625        3
ozks             1363     0.036795542        1
ozks             1369     0.035188500        9
ozks             1372     0.035113625        6
ozks             1381     0.034011958        1
ozks             1382     0.034025209        1
ozks             1383     0.033952480        2
ozks             1391     0.033761250        1
ozks             1396     0.035468792        1
ozks             1399     0.034790228        6
ozks             1403     0.034238813        6
ozks             1407     0.034438500        3
ozks             1408     0.035358917       12
ozks             1409     0.034661292        1
ozks             1424     0.034930583        5
ozks             1425     0.035060250        6
ozks             1429     0.035319417        9
ozks             1432     0.035992542        1
ozks             1433     0.035465458        7
ozks             1436     0.036363104        6
ozks             1448     0.035017312        6
ozks             1453     0.036797167        1
ozks             1456     0.036760354        2
ozks             1461     0.036047959        7
ozks             1469     0.036239520        6
ozks             1475     0.036044250        6
ozks             1477     0.037129896        2
ozks             1478     0.036016875        1
ozks             1482     0.036276416        7
ozks             1486     0.036684792        7
ozks             1491     0.037932813       18
ozks             1505     0.038189958       13
ozks             1507     0.037057750        1
ozks             1508     0.038133562        6
ozks             1509     0.036927333        2
ozks             1512     0.036679000        1
ozks             1518     0.037421791        1
ozks             1519     0.037695041        1
ozks             1520     0.037758459        3
ozks             1521     0.035873459        1
ozks             1523     0.037746167        1
ozks             1524     0.038716584        7
ozks             1536     0.040711583        1
ozks             1542     0.037682292        1
ozks             1548     0.037925625        1
ozks             1549     0.037356750        1
ozks             1551     0.038167459        1
ozks             1557     0.039827083        6
ozks             1566     0.039809229        2
ozks             1582     0.040957208        1
ozks             1592     0.039510375        8
ozks             1596     0.037521666        1
ozks             1597     0.039153958        7
ozks             1600     0.039118625        2
ozks             1625     0.039049417        1
ozks             1636     0.041371104        6
ozks             1638     0.041635459        1
ozks             1672     0.041466562        6
ozks             1708     0.043292459        1
ozks             1720     0.041467417        6
ozks             1752     0.043231625        6
ozks             1762     0.043793750        1
ozks             1772     0.043823646        6
ozks             1786     0.045033375        7
ozks             1812     0.043147750        1
ozks             1815     0.045648417        5
ozks             1821     0.047294542        2
ozks             1836     0.045381333        7
ozks             1840     0.046020208        1
ozks             1848     0.045301584        2
ozks             1855     0.046209875        6
ozks             1896     0.045895916        3
ozks             1901     0.045686916        1
ozks             1907     0.045503667        1
ozks             1908     0.045900875        1
ozks             1909     0.045755750        1
ozks             1911     0.045755250        3
ozks             1913     0.046109416        1
ozks             1917     0.045115583        1
ozks             1919     0.047770083        1
ozks             1926     0.048188166        1
ozks             1931     0.047938583        1
ozks             1939     0.049093167        1
ozks             1940     0.046462042        1
ozks             1941     0.048296250        1
ozks             1944     0.049415333        1
ozks             1957     0.048464000        7
ozks             1975     0.049446666        6
ozks             1988     0.049590125        1
ozks             1999     0.049237958        6
ozks             2009     0.049827646        6
ozks             2039     0.050262292        6
ozks             2046     0.050312583        1
ozks             2047     0.050819854        6
ozks             2051     0.051621583        6
ozks             2069     0.050532250        1
ozks             2072     0.051140395        6
ozks             2095     0.052350792        3
ozks             2096     0.051354312        2
ozks             2108     0.053621417        1
ozks             2116     0.053576271        6
ozks             2155     0.053863063        6
ozks             2161     0.054385229        6
ozks             2177     0.053238771        2
ozks             2201     0.056342583        1
ozks             2211     0.054814396        2
ozks             2239     0.056480000        1
ozks             2330     0.058264666        6
ozks             2332     0.058969334        1
ozks             2394     0.059571959        1
ozks             3096     0.078766291        1
% ozks
\{(0,0.002418666) (1,0.002957209) (2,0.003002333) (3,0.003050000) (4,0.003101417) (5,0.003153750) (6,0.003173729) (7,0.003221917) (8,0.003276875) (9,0.003344125) (10,0.003379958) (11,0.003431292) (12,0.003525750) (13,0.003547104) (14,0.003582417) (15,0.003600125) (16,0.003615291) (17,0.003617312) (18,0.003677334) (19,0.003684708) (20,0.003725709) (21,0.003768416) (22,0.003784812) (23,0.003820479) (24,0.003830478) (25,0.003841313) (26,0.003869688) (27,0.003886375) (28,0.003935292) (29,0.003960584) (30,0.003959250) (31,0.003966958) (32,0.004004917) (33,0.004094562) (34,0.004051646) (35,0.004136459) (36,0.004100750) (37,0.004138792) (38,0.004154042) (39,0.004144208) (40,0.004208021) (41,0.004266021) (42,0.004246125) (43,0.004313188) (44,0.004364959) (45,0.004383749) (46,0.004370063) (47,0.004477834) (48,0.004398084) (49,0.004417833) (50,0.004480250) (51,0.004528333) (52,0.004514875) (53,0.004538458) (54,0.004593250) (55,0.004608521) (56,0.004577166) (57,0.004669292) (58,0.004653958) (59,0.004715104) (60,0.004777584) (61,0.004795417) (62,0.004831208) (63,0.004832583) (64,0.004811792) (65,0.004872979) (66,0.004832792) (67,0.004873396) (68,0.004851542) (69,0.004943375) (70,0.005042250) (71,0.005047625) (72,0.005017625) (73,0.004998667) (74,0.005088125) (75,0.005062312) (76,0.005105042) (77,0.005178688) (78,0.005041979) (79,0.005225875) (80,0.005219396) (81,0.005351083) (82,0.005274479) (83,0.005337417) (84,0.005365958) (85,0.005225416) (86,0.005372625) (87,0.005367750) (88,0.005330375) (89,0.005454646) (90,0.005490416) (91,0.005435708) (92,0.005371229) (93,0.005439541) (94,0.005530792) (95,0.005450583) (96,0.005532667) (97,0.005694917) (98,0.005714833) (99,0.005681167) (100,0.005712501) (101,0.005640917) (102,0.005734542) (103,0.005801500) (104,0.005852625) (105,0.005853292) (106,0.005748833) (107,0.005925542) (108,0.005879667) (109,0.005860833) (110,0.005855208) (111,0.005981104) (112,0.006053875) (113,0.006066979) (114,0.006056417) (115,0.005940271) (116,0.005844125) (117,0.005998250) (118,0.005964500) (119,0.006220875) (120,0.006131500) (121,0.006051458) (122,0.006242208) (123,0.006202583) (124,0.006385167) (125,0.006147042) (126,0.006374896) (127,0.006376959) (128,0.006435791) (129,0.006293042) (130,0.006446792) (131,0.006461625) (132,0.006378584) (133,0.006555000) (134,0.006532250) (135,0.006498291) (136,0.006511854) (137,0.006628708) (138,0.006370541) (139,0.006562000) (140,0.006627542) (141,0.006541792) (142,0.006661438) (143,0.006681730) (144,0.006757917) (145,0.006826625) (146,0.006775104) (147,0.006764229) (148,0.006798291) (149,0.006797958) (150,0.006860250) (151,0.006698895) (152,0.006715417) (153,0.007112917) (154,0.007066500) (155,0.007221166) (156,0.007038584) (157,0.007008291) (158,0.007020583) (159,0.006893125) (160,0.006988334) (161,0.007008459) (162,0.006961791) (163,0.007093187) (164,0.007165458) (165,0.007187187) (166,0.007082916) (167,0.007160500) (168,0.007267792) (169,0.007360709) (170,0.007330584) (171,0.007375958) (172,0.007675791) (173,0.007223375) (174,0.007529083) (175,0.007289584) (176,0.007207250) (177,0.007417916) (178,0.007449042) (179,0.007333521) (180,0.007294687) (181,0.007119917) (182,0.007489500) (183,0.007679750) (184,0.007381396) (185,0.007482938) (186,0.008156333) (187,0.007649667) (188,0.007723375) (189,0.007548313) (190,0.007722708) (191,0.007631229) (192,0.007736209) (193,0.007492271) (194,0.008056166) (195,0.007849417) (196,0.007809521) (197,0.007722874) (198,0.007906520) (199,0.007843334) (200,0.007801792) (201,0.008009646) (202,0.007901833) (204,0.008239437) (205,0.007911584) (206,0.007961792) (207,0.007932541) (208,0.008333396) (209,0.007960709) (210,0.008313084) (211,0.008192333) (212,0.008315854) (213,0.008142625) (214,0.008408834) (215,0.008317458) (216,0.008207437) (217,0.008004125) (218,0.008426250) (219,0.008389041) (220,0.008317208) (222,0.008308875) (223,0.008230792) (225,0.008289625) (226,0.009092708) (227,0.008446208) (228,0.008730354) (229,0.008877583) (230,0.009485646) (231,0.008477458) (232,0.008709896) (233,0.008599417) (234,0.008662500) (235,0.008609020) (236,0.008565583) (237,0.008689271) (238,0.008728834) (239,0.008858916) (240,0.008782416) (241,0.008822041) (243,0.008851583) (244,0.008986792) (245,0.008909875) (246,0.008947521) (247,0.008997229) (248,0.008959604) (250,0.009171959) (251,0.008707708) (252,0.008914667) (253,0.009030604) (254,0.009248021) (255,0.009050104) (256,0.009251063) (257,0.009270042) (259,0.010240291) (260,0.009216125) (261,0.009206334) (262,0.009392771) (263,0.009328958) (264,0.009247208) (265,0.009337375) (267,0.010236291) (268,0.009507833) (270,0.009433375) (271,0.009260250) (272,0.009530500) (273,0.009434417) (274,0.009651021) (276,0.009682667) (278,0.009585666) (279,0.009682396) (280,0.010093333) (282,0.009612125) (283,0.010807125) (284,0.009543583) (285,0.009543958) (287,0.010068333) (288,0.009918313) (289,0.009781625) (290,0.010010417) (291,0.009910687) (292,0.010056459) (293,0.009942771) (296,0.009629354) (297,0.010185334) (298,0.009965646) (300,0.010372355) (301,0.009903896) (302,0.010167458) (303,0.010251042) (304,0.010220396) (305,0.010693417) (306,0.010356583) (307,0.010402750) (308,0.010343834) (311,0.010280042) (312,0.010492292) (313,0.010501083) (314,0.010463625) (315,0.010562958) (316,0.010245084) (319,0.010633666) (320,0.010641521) (321,0.010989979) (322,0.010812417) (323,0.010738625) (324,0.010123208) (325,0.010122563) (327,0.010473333) (328,0.010347334) (329,0.010678458) (330,0.010937583) (331,0.011014625) (335,0.011372250) (336,0.011100021) (337,0.011083625) (338,0.010940542) (339,0.010790479) (340,0.011026584) (341,0.010682083) (342,0.010926792) (343,0.010958583) (344,0.011102250) (345,0.011263875) (346,0.010996396) (350,0.011230396) (351,0.010701834) (352,0.010902250) (353,0.011246416) (354,0.011322459) (355,0.011431000) (357,0.011359792) (358,0.011062625) (359,0.011483626) (360,0.011283292) (361,0.011529708) (362,0.011569479) (363,0.011849021) (364,0.012483875) (366,0.011706833) (369,0.011922625) (370,0.011789792) (372,0.011181833) (376,0.011336375) (377,0.012212667) (378,0.011663250) (379,0.011877813) (380,0.012403708) (382,0.012043208) (383,0.012148041) (384,0.012192667) (385,0.012309437) (387,0.011808937) (388,0.011711542) (389,0.012032250) (392,0.012257354) (394,0.012327625) (396,0.013409542) (397,0.012148333) (398,0.012530041) (399,0.012624291) (401,0.012598041) (405,0.014043333) (406,0.012381708) (407,0.014205084) (408,0.012688542) (409,0.012647958) (410,0.012776666) (411,0.012498063) (412,0.012787625) (413,0.012746459) (414,0.012277541) (415,0.012931333) (417,0.012869625) (418,0.013508542) (419,0.012688896) (420,0.012475375) (421,0.013165125) (423,0.012361917) (424,0.013166501) (425,0.013069583) (427,0.013219458) (428,0.012970250) (429,0.013263625) (430,0.013205208) (431,0.013235417) (434,0.013184458) (435,0.014113167) (436,0.014524084) (438,0.012966542) (439,0.012929438) (440,0.013587125) (441,0.013881167) (442,0.012787812) (445,0.013592562) (446,0.013561750) (448,0.013592458) (449,0.013106792) (451,0.013061791) (452,0.013090292) (453,0.013748709) (456,0.013874895) (457,0.019155625) (458,0.013694667) (460,0.013885875) (461,0.013952604) (462,0.013975625) (463,0.013942541) (464,0.013365145) (466,0.014053500) (467,0.013421209) (469,0.013543458) (470,0.014202979) (472,0.013739958) (473,0.014101167) (474,0.014130729) (475,0.014183417) (476,0.014138917) (477,0.014266500) (478,0.014307312) (480,0.014490916) (482,0.013781417) (483,0.014581084) (484,0.014473958) (485,0.014591708) (486,0.013861833) (487,0.014185375) (488,0.014678896) (489,0.013668542) (491,0.014602625) (492,0.014673438) (493,0.014699417) (494,0.014646875) (495,0.014104791) (496,0.014570166) (498,0.014812458) (500,0.014664896) (502,0.014840208) (504,0.014786541) (506,0.015167667) (508,0.014943084) (510,0.015159875) (511,0.014737000) (512,0.015296895) (514,0.015097375) (516,0.014971666) (517,0.015167583) (518,0.015422083) (519,0.015170791) (520,0.015048729) (521,0.014419479) (522,0.015411416) (523,0.015034188) (524,0.015438500) (526,0.015450146) (528,0.015554500) (529,0.015522729) (530,0.015617166) (532,0.014949875) (535,0.015535020) (537,0.016159500) (538,0.015611167) (539,0.015159250) (540,0.015877000) (541,0.014989313) (542,0.015900146) (543,0.015817334) (545,0.015594250) (546,0.015872584) (547,0.015343542) (548,0.016061417) (550,0.016032062) (551,0.016042021) (555,0.015939084) (557,0.015788938) (558,0.015956667) (559,0.016236333) (561,0.016082000) (562,0.016120042) (563,0.016353437) (564,0.015841125) (565,0.015882375) (566,0.015525167) (569,0.016486917) (571,0.016238625) (574,0.016057250) (578,0.015964792) (580,0.016652500) (582,0.016602709) (583,0.016686291) (586,0.016691376) (588,0.016567813) (589,0.016633729) (590,0.016883667) (592,0.017102855) (595,0.017030188) (596,0.017171917) (597,0.017026833) (601,0.016102167) (602,0.016496167) (603,0.017220209) (605,0.017368062) (606,0.016689979) (607,0.017146605) (608,0.016529042) (610,0.017292667) (612,0.017474042) (613,0.017123666) (615,0.017649125) (616,0.017377125) (617,0.017449979) (618,0.018358125) (619,0.017580792) (620,0.017372813) (622,0.017306542) (624,0.016539333) (627,0.017233646) (628,0.017225083) (629,0.017750146) (630,0.017760875) (631,0.017927729) (633,0.017979604) (634,0.017104166) (635,0.017742625) (637,0.017965292) (638,0.017799708) (640,0.017772917) (641,0.018217708) (642,0.018019083) (643,0.018189417) (644,0.018170854) (645,0.018169250) (646,0.018462208) (647,0.018807459) (648,0.018116292) (649,0.018121333) (650,0.017880916) (651,0.018315209) (652,0.020739959) (653,0.017901667) (654,0.018426708) (655,0.018095042) (656,0.018439771) (657,0.018454375) (661,0.018597834) (662,0.018588875) (663,0.018540083) (664,0.018775333) (665,0.018359896) (666,0.019044208) (667,0.018289291) (668,0.018342334) (669,0.018360500) (670,0.018111750) (672,0.019034501) (673,0.017991625) (675,0.019088333) (676,0.018946271) (677,0.018990917) (678,0.018644875) (679,0.018843874) (680,0.019049625) (681,0.019633999) (682,0.018872625) (683,0.018934833) (684,0.018721647) (685,0.019228666) (686,0.019133417) (687,0.019310000) (688,0.019216562) (690,0.019452188) (691,0.019250084) (692,0.019266667) (694,0.018799479) (695,0.018416355) (696,0.019465959) (699,0.019774500) (700,0.019862417) (701,0.018840333) (702,0.019477896) (703,0.019463167) (705,0.019427437) (706,0.019690604) (707,0.019822667) (708,0.019683042) (710,0.019686417) (711,0.019814334) (712,0.019674208) (714,0.019745792) (715,0.019715416) (716,0.019705562) (717,0.019435500) (719,0.019921896) (720,0.019851625) (721,0.020068791) (722,0.019973354) (724,0.019948438) (728,0.019467417) (729,0.020220521) (730,0.020302146) (731,0.020383854) (732,0.020164083) (734,0.019475583) (736,0.019469709) (737,0.020378292) (738,0.019529646) (739,0.020617062) (740,0.020533667) (741,0.020204292) (742,0.019833875) (743,0.019868042) (744,0.020481000) (745,0.021977812) (746,0.020668333) (747,0.019918458) (748,0.020529375) (749,0.020575834) (750,0.020626625) (751,0.020790917) (755,0.020219208) (759,0.021024958) (760,0.019895125) (761,0.021499397) (762,0.019699666) (763,0.021198416) (764,0.020641313) (766,0.021138125) (767,0.021032500) (768,0.021184062) (769,0.020494375) (770,0.021539854) (771,0.020798917) (772,0.022043625) (773,0.021109416) (774,0.020378791) (777,0.021851375) (780,0.020584125) (782,0.021964834) (785,0.021621313) (789,0.021697563) (790,0.021335167) (791,0.020698000) (792,0.022234041) (793,0.020309125) (794,0.020332666) (799,0.021761605) (801,0.021053125) (803,0.022088188) (805,0.021692542) (807,0.021254583) (808,0.021633146) (811,0.020584375) (812,0.022205416) (813,0.022194875) (814,0.022246834) (819,0.022230459) (821,0.021614042) (822,0.022574709) (824,0.022832625) (825,0.021991000) (826,0.022350563) (827,0.022552646) (828,0.022493291) (830,0.022377083) (831,0.022177479) (833,0.022586916) (836,0.023006979) (838,0.023073291) (840,0.022790625) (845,0.022541667) (846,0.023492417) (847,0.023313834) (848,0.021835000) (849,0.022150583) (851,0.022890687) (852,0.022942167) (853,0.023134146) (854,0.024881333) (856,0.023313521) (857,0.023167125) (858,0.023077041) (859,0.023650459) (862,0.023438417) (864,0.023664542) (865,0.023538334) (866,0.022889291) (872,0.022729979) (873,0.023829250) (874,0.023914375) (876,0.022847959) (878,0.023871791) (879,0.023337833) (880,0.023067667) (881,0.024191792) (882,0.023153833) (883,0.023612125) (885,0.024158167) (890,0.024137333) (892,0.024125916) (893,0.024147001) (894,0.023942667) (895,0.024112542) (896,0.024739417) (899,0.022668875) (901,0.023373209) (902,0.023499584) (903,0.024338750) (904,0.024237583) (905,0.024481333) (906,0.023927000) (907,0.023392875) (908,0.024445584) (909,0.024455333) (910,0.024470792) (912,0.024590666) (915,0.024500167) (919,0.024684583) (922,0.024805417) (923,0.024763416) (926,0.025043000) (927,0.024954708) (929,0.024138167) (930,0.024081417) (931,0.023755063) (932,0.024534812) (934,0.023289250) (938,0.025105625) (939,0.024781978) (940,0.024862208) (941,0.025166583) (942,0.025117334) (943,0.025140209) (948,0.025440479) (953,0.023992188) (954,0.025397667) (955,0.025566917) (956,0.025318750) (957,0.024813354) (958,0.025650834) (961,0.025514520) (962,0.025905729) (965,0.025826167) (966,0.024920666) (967,0.026153855) (970,0.025933167) (972,0.026206750) (973,0.025913271) (974,0.025894000) (976,0.025515459) (980,0.026074500) (981,0.025659500) (983,0.025916563) (984,0.026399458) (987,0.026574750) (990,0.024805187) (991,0.024702688) (993,0.026309104) (995,0.028756709) (997,0.026364687) (998,0.026527459) (999,0.026640104) (1000,0.026988999) (1001,0.026572667) (1002,0.025982624) (1003,0.026184417) (1006,0.026324208) (1007,0.026347520) (1008,0.025675729) (1009,0.025039667) (1010,0.026871792) (1011,0.027231333) (1012,0.026353708) (1013,0.026784625) (1017,0.025900541) (1018,0.028593875) (1020,0.026597583) (1024,0.026819000) (1026,0.027076625) (1027,0.026398146) (1031,0.026363479) (1033,0.026295542) (1034,0.029126292) (1035,0.027743438) (1036,0.027467500) (1038,0.027345000) (1041,0.027512750) (1042,0.026342187) (1043,0.027473208) (1044,0.027325750) (1046,0.027923438) (1048,0.027909312) (1050,0.027198792) (1051,0.027685458) (1052,0.027747791) (1053,0.027615521) (1054,0.027909792) (1055,0.027922792) (1056,0.026918292) (1057,0.027520854) (1058,0.028078959) (1059,0.027336209) (1060,0.027631000) (1061,0.027355687) (1065,0.028133042) (1066,0.027521146) (1068,0.028228604) (1070,0.027966417) (1071,0.027106104) (1072,0.028366375) (1075,0.027285417) (1076,0.027714875) (1077,0.028939709) (1078,0.027935021) (1079,0.028230250) (1080,0.026706917) (1081,0.027860771) (1084,0.027992917) (1085,0.027720042) (1086,0.027666375) (1087,0.027149959) (1088,0.028279250) (1089,0.028004292) (1090,0.030728708) (1091,0.028768500) (1092,0.027401542) (1093,0.029036916) (1095,0.026988958) (1096,0.028508334) (1097,0.026872812) (1098,0.027284792) (1099,0.029035375) (1100,0.027963417) (1102,0.028884105) (1105,0.028657917) (1106,0.029324541) (1107,0.028593916) (1108,0.027786542) (1112,0.029055084) (1114,0.028676708) (1115,0.029335792) (1116,0.029991542) (1117,0.029017208) (1119,0.028609104) (1120,0.027976500) (1122,0.029021417) (1123,0.027721208) (1124,0.029660334) (1126,0.029506500) (1127,0.029368667) (1128,0.029060458) (1129,0.029260959) (1130,0.028937271) (1131,0.030364313) (1132,0.029163479) (1133,0.028953083) (1134,0.029783209) (1135,0.029433812) (1136,0.028896833) (1138,0.029657166) (1140,0.030169584) (1142,0.029789125) (1143,0.029915833) (1144,0.029820667) (1146,0.029678042) (1147,0.029909167) (1148,0.029672021) (1149,0.029870542) (1150,0.029739646) (1151,0.029839708) (1152,0.029707416) (1153,0.029914375) (1154,0.029551250) (1155,0.030227604) (1156,0.029563667) (1157,0.030296458) (1158,0.031701000) (1159,0.030184291) (1160,0.028277292) (1161,0.028920853) (1162,0.028932750) (1163,0.030716604) (1164,0.029873729) (1165,0.031404062) (1166,0.030286958) (1168,0.030310417) (1169,0.030054625) (1170,0.029480417) (1172,0.028762042) (1175,0.030401834) (1176,0.030869166) (1177,0.029739833) (1178,0.030958708) (1185,0.030844875) (1186,0.031133917) (1187,0.029584791) (1188,0.029991584) (1189,0.030537833) (1191,0.030094834) (1192,0.030604167) (1193,0.030455584) (1194,0.030445542) (1196,0.031142416) (1197,0.029804187) (1198,0.030628562) (1199,0.031096000) (1200,0.031198771) (1201,0.031595230) (1203,0.031370624) (1204,0.033149209) (1207,0.031465292) (1209,0.031418083) (1212,0.031423500) (1215,0.031351791) (1216,0.030927291) (1217,0.031409896) (1218,0.031276959) (1222,0.032006208) (1224,0.031656625) (1226,0.032468542) (1227,0.031865292) (1228,0.031757000) (1229,0.031916708) (1230,0.031581104) (1231,0.031339875) (1235,0.031849208) (1238,0.033058375) (1239,0.033631583) (1240,0.032405708) (1244,0.033133458) (1245,0.031560125) (1253,0.030553625) (1254,0.032098479) (1258,0.032389729) (1261,0.032577208) (1264,0.031617146) (1268,0.031629459) (1269,0.032629667) (1271,0.031961980) (1275,0.032580770) (1278,0.032831208) (1282,0.035603125) (1284,0.031407167) (1287,0.032759188) (1288,0.033161750) (1290,0.031953791) (1292,0.032998583) (1295,0.032119146) (1307,0.033500666) (1315,0.034113000) (1316,0.032404292) (1322,0.033791624) (1324,0.033923438) (1329,0.033026375) (1331,0.034255875) (1332,0.031979834) (1333,0.032353834) (1338,0.033416375) (1348,0.032886750) (1349,0.034572833) (1351,0.037469916) (1352,0.033142125) (1354,0.033509958) (1356,0.033928334) (1357,0.034090125) (1359,0.033610313) (1360,0.032533625) (1363,0.036795542) (1369,0.035188500) (1372,0.035113625) (1381,0.034011958) (1382,0.034025209) (1383,0.033952480) (1391,0.033761250) (1396,0.035468792) (1399,0.034790228) (1403,0.034238813) (1407,0.034438500) (1408,0.035358917) (1409,0.034661292) (1424,0.034930583) (1425,0.035060250) (1429,0.035319417) (1432,0.035992542) (1433,0.035465458) (1436,0.036363104) (1448,0.035017312) (1453,0.036797167) (1456,0.036760354) (1461,0.036047959) (1469,0.036239520) (1475,0.036044250) (1477,0.037129896) (1478,0.036016875) (1482,0.036276416) (1486,0.036684792) (1491,0.037932813) (1505,0.038189958) (1507,0.037057750) (1508,0.038133562) (1509,0.036927333) (1512,0.036679000) (1518,0.037421791) (1519,0.037695041) (1520,0.037758459) (1521,0.035873459) (1523,0.037746167) (1524,0.038716584) (1536,0.040711583) (1542,0.037682292) (1548,0.037925625) (1549,0.037356750) (1551,0.038167459) (1557,0.039827083) (1566,0.039809229) (1582,0.040957208) (1592,0.039510375) (1596,0.037521666) (1597,0.039153958) (1600,0.039118625) (1625,0.039049417) (1636,0.041371104) (1638,0.041635459) (1672,0.041466562) (1708,0.043292459) (1720,0.041467417) (1752,0.043231625) (1762,0.043793750) (1772,0.043823646) (1786,0.045033375) (1812,0.043147750) (1815,0.045648417) (1821,0.047294542) (1836,0.045381333) (1840,0.046020208) (1848,0.045301584) (1855,0.046209875) (1896,0.045895916) (1901,0.045686916) (1907,0.045503667) (1908,0.045900875) (1909,0.045755750) (1911,0.045755250) (1913,0.046109416) (1917,0.045115583) (1919,0.047770083) (1926,0.048188166) (1931,0.047938583) (1939,0.049093167) (1940,0.046462042) (1941,0.048296250) (1944,0.049415333) (1957,0.048464000) (1975,0.049446666) (1988,0.049590125) (1999,0.049237958) (2009,0.049827646) (2039,0.050262292) (2046,0.050312583) (2047,0.050819854) (2051,0.051621583) (2069,0.050532250) (2072,0.051140395) (2095,0.052350792) (2096,0.051354312) (2108,0.053621417) (2116,0.053576271) (2155,0.053863063) (2161,0.054385229) (2177,0.053238771) (2201,0.056342583) (2211,0.054814396) (2239,0.056480000) (2330,0.058264666) (2332,0.058969334) (2394,0.059571959) (3096,0.078766291)}
------------------------------------------------
------------------------------------------------
--- DB Sizes------------------ -----------------
Method      Dep Count  Median Size (B)  Samples
--------------------------------------------------
ozks                0          57344.0     2778
ozks                1          57344.0     3113
ozks                2          57344.0     1782
ozks                3          57344.0     1731
ozks                4          57344.0     1375
ozks                5          57344.0     1156
ozks                6          57344.0     1210
ozks                7          57344.0     1053
ozks                8          57344.0     2115
ozks                9          57344.0     1146
ozks               10          57344.0     1001
ozks               11          57344.0      731
ozks               12          65536.0      630
ozks               13          65536.0      784
ozks               14          65536.0      508
ozks               15          65536.0      513
ozks               16          65536.0      406
ozks               17          65536.0     1174
ozks               18          65536.0      432
ozks               19          65536.0      353
ozks               20          65536.0      351
ozks               21          65536.0      337
ozks               22          69632.0      358
ozks               23          69632.0      339
ozks               24          69632.0      285
ozks               25          69632.0      315
ozks               26          69632.0      370
ozks               27          69632.0      241
ozks               28          69632.0      316
ozks               29          69632.0      225
ozks               30          69632.0      247
ozks               31          69632.0      266
ozks               32          73728.0      150
ozks               33          73728.0      131
ozks               34          73728.0      222
ozks               35          73728.0      305
ozks               36          73728.0      305
ozks               37          81920.0      206
ozks               38          81920.0      206
ozks               39          81920.0      236
ozks               40          90112.0      152
ozks               41          90112.0      104
ozks               42          94208.0      148
ozks               43          94208.0      194
ozks               44          94208.0      199
ozks               45          94208.0      224
ozks               46          94208.0      137
ozks               47          94208.0      140
ozks               48          94208.0      174
ozks               49          94208.0      115
ozks               50          94208.0      124
ozks               51          94208.0      133
ozks               52          98304.0      152
ozks               53          98304.0      120
ozks               54          98304.0      144
ozks               55          98304.0      129
ozks               56          98304.0      137
ozks               57          98304.0       75
ozks               58          98304.0      107
ozks               59          98304.0      114
ozks               60          98304.0       97
ozks               61          98304.0       56
ozks               62         102400.0      129
ozks               63         102400.0       66
ozks               64         102400.0      103
ozks               65         102400.0      106
ozks               66         102400.0       99
ozks               67         102400.0      100
ozks               68         102400.0      124
ozks               69         102400.0       87
ozks               70         102400.0      111
ozks               71         102400.0       79
ozks               72         106496.0       79
ozks               73         110592.0       23
ozks               74         110592.0       57
ozks               75         110592.0       50
ozks               76         110592.0      102
ozks               77         110592.0       99
ozks               78         110592.0       70
ozks               79         110592.0       49
ozks               80         114688.0      145
ozks               81         114688.0       57
ozks               82         118784.0       59
ozks               83         118784.0       68
ozks               84         118784.0       72
ozks               85         118784.0       72
ozks               86         126976.0       55
ozks               87         126976.0       22
ozks               88         126976.0       78
ozks               89         126976.0       63
ozks               90         126976.0       74
ozks               91         126976.0       69
ozks               92         131072.0       82
ozks               93         131072.0       75
ozks               94         135168.0       53
ozks               95         135168.0       52
ozks               96         131072.0       37
ozks               97         131072.0       61
ozks               98         131072.0       23
ozks               99         131072.0       84
ozks              100         135168.0       36
ozks              101         135168.0       64
ozks              102         131072.0       37
ozks              103         135168.0       38
ozks              104         139264.0       59
ozks              105         139264.0       79
ozks              106         139264.0       59
ozks              107         139264.0       64
ozks              108         139264.0       34
ozks              109         139264.0       77
ozks              110         143360.0       76
ozks              111         143360.0       68
ozks              112         143360.0       13
ozks              113         147456.0       17
ozks              114         143360.0       28
ozks              115         147456.0       33
ozks              116         147456.0       53
ozks              117         147456.0       50
ozks              118         151552.0       13
ozks              119         151552.0       16
ozks              120         151552.0       12
ozks              121         151552.0       37
ozks              122         151552.0       28
ozks              123         155648.0       57
ozks              124         151552.0       22
ozks              125         151552.0       30
ozks              126         155648.0       27
ozks              127         155648.0       69
ozks              128         155648.0       64
ozks              129         153600.0       54
ozks              130         155648.0       47
ozks              131         155648.0       38
ozks              132         155648.0       25
ozks              133         159744.0       76
ozks              134         159744.0       60
ozks              135         159744.0       49
ozks              136         155648.0       36
ozks              137         159744.0      128
ozks              138         155648.0       31
ozks              139         159744.0       80
ozks              140         159744.0      171
ozks              141         159744.0       72
ozks              142         159744.0       56
ozks              143         163840.0       90
ozks              144         167936.0       39
ozks              145         167936.0       43
ozks              146         172032.0      145
ozks              147         172032.0       83
ozks              148         172032.0       43
ozks              149         172032.0       97
ozks              150         167936.0       33
ozks              151         167936.0       14
ozks              152         167936.0       35
ozks              153         172032.0       39
ozks              154         176128.0       14
ozks              155         176128.0       21
ozks              156         176128.0       29
ozks              157         176128.0       23
ozks              158         176128.0      153
ozks              159         176128.0       26
ozks              160         176128.0       34
ozks              161         172032.0       15
ozks              162         172032.0       25
ozks              163         176128.0       16
ozks              164         180224.0       43
ozks              165         180224.0       30
ozks              166         180224.0       22
ozks              167         180224.0       19
ozks              168         180224.0       15
ozks              169         180224.0       32
ozks              170         184320.0       21
ozks              171         184320.0       16
ozks              172         188416.0        3
ozks              173         188416.0       45
ozks              174         190464.0        8
ozks              175         192512.0       26
ozks              176         188416.0       23
ozks              177         196608.0       22
ozks              178         192512.0       17
ozks              179         192512.0       20
ozks              180         200704.0       10
ozks              181         200704.0       31
ozks              182         200704.0       21
ozks              183         200704.0       23
ozks              184         204800.0       16
ozks              185         200704.0       20
ozks              186         200704.0        1
ozks              187         200704.0       19
ozks              188         200704.0       21
ozks              189         200704.0        8
ozks              190         204800.0       17
ozks              191         204800.0       12
ozks              192         204800.0        5
ozks              193         200704.0       14
ozks              194         204800.0        9
ozks              195         208896.0       17
ozks              196         206848.0        2
ozks              197         208896.0       16
ozks              198         204800.0        6
ozks              199         204800.0       12
ozks              200         204800.0        9
ozks              201         204800.0       76
ozks              202         204800.0       31
ozks              204         212992.0        4
ozks              205         212992.0       13
ozks              206         212992.0       21
ozks              207         217088.0        7
ozks              208         217088.0        6
ozks              209         212992.0       15
ozks              210         212992.0       17
ozks              211         212992.0       15
ozks              212         212992.0       14
ozks              213         217088.0        7
ozks              214         217088.0       15
ozks              215         221184.0        1
ozks              216         225280.0        8
ozks              217         225280.0        7
ozks              218         221184.0        7
ozks              219         221184.0        7
ozks              220         225280.0        7
ozks              222         221184.0        9
ozks              223         225280.0       22
ozks              225         225280.0       13
ozks              226         225280.0        1
ozks              227         229376.0       14
ozks              228         227328.0       14
ozks              229         229376.0        5
ozks              230         229376.0        2
ozks              231         225280.0       19
ozks              232         225280.0        6
ozks              233         229376.0       26
ozks              234         229376.0       19
ozks              235         229376.0       15
ozks              236         233472.0        8
ozks              237         231424.0        8
ozks              238         229376.0        6
ozks              239         229376.0        7
ozks              240         233472.0       28
ozks              241         233472.0       16
ozks              243         233472.0       14
ozks              244         237568.0       15
ozks              245         237568.0       19
ozks              246         237568.0       28
ozks              247         239616.0       10
ozks              248         237568.0        7
ozks              250         245760.0        8
ozks              251         241664.0        7
ozks              252         245760.0       20
ozks              253         241664.0        5
ozks              254         245760.0       18
ozks              255         249856.0        6
ozks              256         249856.0       22
ozks              257         249856.0       19
ozks              259         249856.0        1
ozks              260         258048.0        9
ozks              261         249856.0        6
ozks              262         249856.0       34
ozks              263         249856.0       30
ozks              264         251904.0       24
ozks              265         256000.0        2
ozks              268         253952.0       37
ozks              269         262144.0        1
ozks              270         253952.0        7
ozks              271         262144.0        1
ozks              272         253952.0       17
ozks              273         258048.0       15
ozks              274         258048.0       47
ozks              276         258048.0       15
ozks              278         266240.0        8
ozks              279         262144.0       12
ozks              280         266240.0        7
ozks              281         270336.0        1
ozks              282         262144.0        1
ozks              283         266240.0        1
ozks              284         270336.0        9
ozks              285         266240.0        7
ozks              287         270336.0        2
ozks              288         278528.0        7
ozks              289         270336.0        7
ozks              290         278528.0        8
ozks              291         274432.0       24
ozks              292         270336.0        7
ozks              293         270336.0       10
ozks              295         278528.0        1
ozks              296         274432.0        6
ozks              297         274432.0       11
ozks              298         274432.0        2
ozks              299         274432.0        1
ozks              300         274432.0        8
ozks              301         280576.0        4
ozks              302         274432.0       33
ozks              303         274432.0       25
ozks              304         276480.0       12
ozks              305         278528.0        2
ozks              306         286720.0        6
ozks              307         278528.0        7
ozks              308         286720.0       13
ozks              311         278528.0        7
ozks              312         286720.0       13
ozks              313         282624.0       11
ozks              314         290816.0        7
ozks              315         294912.0        7
ozks              316         284672.0        2
ozks              319         288768.0        6
ozks              320         294912.0        8
ozks              321         294912.0        8
ozks              322         294912.0       14
ozks              323         290816.0       12
ozks              324         290816.0       87
ozks              325         290816.0      148
ozks              327         299008.0       23
ozks              328         294912.0       33
ozks              329         299008.0        7
ozks              330         299008.0        3
ozks              331         299008.0        1
ozks              335         307200.0        7
ozks              336         299008.0        7
ozks              337         309248.0       14
ozks              338         307200.0       13
ozks              339         307200.0       16
ozks              340         307200.0       11
ozks              341         303104.0        7
ozks              342         303104.0       25
ozks              343         303104.0       37
ozks              344         307200.0        7
ozks              345         307200.0        7
ozks              346         307200.0        8
ozks              350         311296.0       14
ozks              351         307200.0       13
ozks              352         311296.0       23
ozks              353         319488.0        7
ozks              354         311296.0        9
ozks              355         323584.0        9
ozks              357         325632.0        8
ozks              358         323584.0        7
ozks              359         323584.0        2
ozks              360         319488.0       14
ozks              361         323584.0       21
ozks              362         319488.0        8
ozks              363         323584.0        6
ozks              364         339968.0        1
ozks              366         321536.0        6
ozks              369         327680.0       23
ozks              370         327680.0       13
ozks              372         327680.0        1
ozks              376         335872.0        2
ozks              377         331776.0        1
ozks              378         331776.0       15
ozks              379         337920.0        6
ozks              380         339968.0        1
ozks              382         335872.0       26
ozks              383         335872.0       27
ozks              384         335872.0       12
ozks              385         333824.0       12
ozks              387         335872.0        6
ozks              388         335872.0        3
ozks              389         339968.0       19
ozks              392         339968.0        6
ozks              394         339968.0        1
ozks              396         348160.0        1
ozks              397         344064.0        1
ozks              398         352256.0       15
ozks              399         352256.0        7
ozks              401         352256.0        7
ozks              405         352256.0        1
ozks              406         356352.0        3
ozks              407         352256.0        1
ozks              408         356352.0        9
ozks              409         356352.0        7
ozks              410         356352.0       12
ozks              411         356352.0        6
ozks              412         356352.0       12
ozks              413         356352.0       12
ozks              414         356352.0        3
ozks              415         364544.0        7
ozks              417         360448.0       12
ozks              418         362496.0        4
ozks              419         364544.0       13
ozks              420         360448.0        6
ozks              421         360448.0        1
ozks              423         360448.0        7
ozks              424         360448.0        6
ozks              425         370688.0        6
ozks              427         368640.0        6
ozks              428         372736.0        1
ozks              429         368640.0        9
ozks              430         372736.0        7
ozks              431         372736.0       14
ozks              434         372736.0        7
ozks              435         372736.0        1
ozks              436         372736.0        3
ozks              438         376832.0       22
ozks              439         376832.0        8
ozks              440         372736.0        1
ozks              441         376832.0        1
ozks              442         376832.0       14
ozks              445         380928.0        8
ozks              446         380928.0        6
ozks              448         380928.0        6
ozks              449         380928.0        3
ozks              451         385024.0        7
ozks              452         380928.0        1
ozks              453         380928.0        6
ozks              456         382976.0        6
ozks              457         385024.0        1
ozks              458         385024.0        1
ozks              460         401408.0        7
ozks              461         391168.0        6
ozks              462         393216.0        1
ozks              463         393216.0       12
ozks              464         393216.0       12
ozks              466         393216.0        3
ozks              467         393216.0        7
ozks              469         393216.0        1
ozks              470         399360.0        6
ozks              472         397312.0       10
ozks              473         401408.0        9
ozks              474         401408.0        6
ozks              475         401408.0       12
ozks              476         401408.0       12
ozks              477         409600.0        7
ozks              478         401408.0        2
ozks              480         405504.0        6
ozks              482         405504.0        8
ozks              483         405504.0       12
ozks              484         409600.0        3
ozks              485         405504.0        9
ozks              486         417792.0        3
ozks              487         415744.0        2
ozks              488         409600.0        6
ozks              489         413696.0        6
ozks              491         409600.0        1
ozks              492         411648.0       12
ozks              493         413696.0        1
ozks              494         413696.0       20
ozks              495         417792.0        7
ozks              496         417792.0        7
ozks              498         417792.0       19
ozks              500         417792.0       14
ozks              502         425984.0       13
ozks              504         425984.0        3
ozks              506         421888.0        6
ozks              507         245760.0        2
ozks              508         425984.0        1
ozks              510         425984.0        8
ozks              511         434176.0        1
ozks              512         430080.0       14
ozks              514         425984.0        1
ozks              516         425984.0        7
ozks              517         430080.0        8
ozks              518         434176.0        7
ozks              519         430080.0        1
ozks              520         432128.0        2
ozks              521         434176.0       42
ozks              522         434176.0        7
ozks              523         434176.0        6
ozks              524         438272.0        7
ozks              526         434176.0        6
ozks              528         434176.0       12
ozks              529         434176.0        6
ozks              530         446464.0        8
ozks              532         442368.0        1
ozks              535         442368.0        6
ozks              537         446464.0        3
ozks              538         446464.0       13
ozks              539         450560.0        1
ozks              540         450560.0        7
ozks              541         450560.0      102
ozks              542         450560.0        8
ozks              543         448512.0        6
ozks              545         450560.0        1
ozks              546         454656.0        1
ozks              547         448512.0        2
ozks              548         452608.0        6
ozks              550         454656.0        8
ozks              551         454656.0       16
ozks              555         454656.0        3
ozks              557         456704.0        2
ozks              558         462848.0       12
ozks              559         462848.0        7
ozks              561         462848.0        9
ozks              562         462848.0        1
ozks              563         462848.0        6
ozks              564         462848.0        6
ozks              565         466944.0       12
ozks              566         454656.0        1
ozks              568         462848.0       12
ozks              569         475136.0        7
ozks              571         473088.0        6
ozks              574         471040.0       11
ozks              578         479232.0        7
ozks              580         475136.0        6
ozks              582         479232.0       15
ozks              583         479232.0        6
ozks              586         479232.0        6
ozks              588         481280.0        6
ozks              589         481280.0        6
ozks              590         483328.0        8
ozks              592         483328.0        2
ozks              595         483328.0        6
ozks              596         487424.0       13
ozks              597         483328.0        2
ozks              601         495616.0        5
ozks              602         495616.0        7
ozks              603         499712.0        1
ozks              605         493568.0        6
ozks              606         493568.0       14
ozks              607         497664.0        8
ozks              608         493568.0        6
ozks              610         499712.0        1
ozks              612         499712.0        1
ozks              613         499712.0        7
ozks              615         499712.0        1
ozks              616         501760.0        4
ozks              617         499712.0        6
ozks              618         499712.0        3
ozks              619         499712.0        6
ozks              620         503808.0       12
ozks              622         499712.0        1
ozks              624         503808.0        1
ozks              627         503808.0        6
ozks              628         507904.0        6
ozks              629         507904.0        6
ozks              630         509952.0        6
ozks              631         507904.0        8
ozks              633         507904.0       12
ozks              634         512000.0        8
ozks              635         516096.0       14
ozks              637         516096.0        6
ozks              638         516096.0        7
ozks              640         520192.0        1
ozks              641         516096.0        8
ozks              642         520192.0        9
ozks              643         520192.0        9
ozks              644         520192.0        6
ozks              645         520192.0        3
ozks              646         524288.0        5
ozks              647         520192.0        1
ozks              648         520192.0        7
ozks              649         524288.0        6
ozks              650         524288.0       11
ozks              651         524288.0        7
ozks              652         524288.0        1
ozks              653         524288.0        1
ozks              654         528384.0        1
ozks              655         524288.0        2
ozks              656         526336.0        6
ozks              657         532480.0        1
ozks              661         532480.0        7
ozks              662         532480.0        1
ozks              663         532480.0        9
ozks              664         532480.0        8
ozks              665         536576.0       14
ozks              666         532480.0        1
ozks              667         536576.0       11
ozks              668         532480.0        6
ozks              669         536576.0        9
ozks              670         544768.0        6
ozks              672         548864.0       14
ozks              673         548864.0        8
ozks              675         544768.0        6
ozks              676         542720.0        2
ozks              677         540672.0        7
ozks              678         548864.0        7
ozks              679         546816.0        2
ozks              680         552960.0        7
ozks              681         550912.0        2
ozks              682         548864.0        7
ozks              683         552960.0        8
ozks              684         552960.0        2
ozks              685         555008.0        8
ozks              686         550912.0        4
ozks              687         552960.0        3
ozks              688         552960.0        2
ozks              690         552960.0       14
ozks              691         557056.0        8
ozks              692         557056.0       14
ozks              694         557056.0        2
ozks              695         555008.0        8
ozks              696         557056.0        1
ozks              699         565248.0        7
ozks              700         567296.0        8
ozks              701         561152.0        1
ozks              702         561152.0        6
ozks              703         565248.0        3
ozks              705         569344.0        2
ozks              706         565248.0        8
ozks              707         569344.0        3
ozks              708         573440.0        3
ozks              710         573440.0        7
ozks              711         573440.0        5
ozks              712         569344.0        7
ozks              714         573440.0        7
ozks              715         573440.0        8
ozks              716         571392.0        2
ozks              717         573440.0        7
ozks              719         575488.0        2
ozks              720         575488.0        2
ozks              721         573440.0        1
ozks              722         577536.0        4
ozks              724         581632.0       14
ozks              728         579584.0        4
ozks              729         581632.0        8
ozks              730         581632.0        6
ozks              731         585728.0        2
ozks              732         589824.0        7
ozks              734         585728.0       49
ozks              736         591872.0        6
ozks              737         585728.0       13
ozks              738         585728.0        8
ozks              739         593920.0        8
ozks              740         589824.0        6
ozks              741         593920.0       11
ozks              742         598016.0        7
ozks              743         593920.0       20
ozks              744         602112.0        1
ozks              745         595968.0        2
ozks              746         598016.0        7
ozks              747         593920.0        7
ozks              748         598016.0        1
ozks              749         598016.0       12
ozks              750         598016.0       13
ozks              751         606208.0        7
ozks              755         606208.0        5
ozks              759         600064.0        6
ozks              760         602112.0        1
ozks              761         606208.0        2
ozks              762         602112.0        4
ozks              763         610304.0       13
ozks              764         610304.0       12
ozks              766         606208.0        1
ozks              767         610304.0       13
ozks              768         610304.0        8
ozks              769         610304.0       15
ozks              770         610304.0        6
ozks              771         610304.0        1
ozks              772         614400.0        1
ozks              773         614400.0        6
ozks              774         610304.0        1
ozks              777         622592.0        1
ozks              780         618496.0        5
ozks              782         614400.0        2
ozks              785         626688.0        8
ozks              789         622592.0        6
ozks              790         632832.0        6
ozks              791         630784.0       18
ozks              792         630784.0        2
ozks              793         634880.0        1
ozks              794         630784.0        4
ozks              799         630784.0       14
ozks              801         638976.0        7
ozks              803         632832.0        6
ozks              805         632832.0        6
ozks              807         634880.0       13
ozks              808         634880.0        8
ozks              811         643072.0        1
ozks              812         647168.0        6
ozks              813         643072.0        1
ozks              814         643072.0        6
ozks              819         643072.0        7
ozks              821         655360.0        1
ozks              822         651264.0        9
ozks              824         651264.0        2
ozks              825         655360.0        7
ozks              826         659456.0        6
ozks              827         659456.0        6
ozks              828         651264.0        7
ozks              830         659456.0       16
ozks              831         651264.0       12
ozks              833         659456.0       12
ozks              836         659456.0        8
ozks              838         659456.0        6
ozks              840         659456.0        5
ozks              845         669696.0        6
ozks              846         667648.0        1
ozks              847         667648.0        1
ozks              848         679936.0        1
ozks              849         675840.0        7
ozks              851         669696.0        6
ozks              852         675840.0       13
ozks              853         671744.0        8
ozks              854         667648.0        2
ozks              856         675840.0       12
ozks              857         671744.0        7
ozks              858         679936.0        6
ozks              859         679936.0        7
ozks              862         677888.0        6
ozks              864         688128.0        1
ozks              865         677888.0        8
ozks              866         679936.0       15
ozks              872         679936.0        6
ozks              873         684032.0        7
ozks              874         684032.0        7
ozks              876         684032.0        7
ozks              878         684032.0        1
ozks              879         688128.0        2
ozks              880         688128.0       13
ozks              881         694272.0        6
ozks              882         692224.0       12
ozks              883         692224.0        8
ozks              885         702464.0        6
ozks              890         692224.0        6
ozks              892         696320.0        6
ozks              893         704512.0       14
ozks              894         696320.0        7
ozks              895         702464.0        6
ozks              896         704512.0        3
ozks              899         704512.0        4
ozks              901         708608.0        2
ozks              902         700416.0        1
ozks              903         708608.0        8
ozks              904         708608.0       14
ozks              905         712704.0       13
ozks              906         708608.0        7
ozks              907         704512.0        6
ozks              908         708608.0       15
ozks              909         720896.0        1
ozks              910         712704.0        7
ozks              912         712704.0        1
ozks              915         718848.0       10
ozks              919         720896.0        7
ozks              922         720896.0        8
ozks              923         718848.0        2
ozks              926         729088.0        1
ozks              927         733184.0        1
ozks              929         724992.0       19
ozks              930         729088.0        2
ozks              931         731136.0        6
ozks              932         727040.0       12
ozks              934         720896.0        1
ozks              938         733184.0        1
ozks              939         733184.0        2
ozks              940         733184.0        7
ozks              941         741376.0        7
ozks              942         741376.0        7
ozks              943         729088.0        7
ozks              948         737280.0        6
ozks              953         745472.0        4
ozks              954         747520.0       12
ozks              955         749568.0        6
ozks              956         745472.0        1
ozks              957         749568.0        2
ozks              958         749568.0       13
ozks              961         753664.0        6
ozks              962         747520.0        2
ozks              965         753664.0        1
ozks              966         749568.0        3
ozks              967         757760.0        8
ozks              970         757760.0        7
ozks              972         753664.0        1
ozks              973         753664.0        6
ozks              974         753664.0        7
ozks              976         753664.0        1
ozks              980         757760.0        1
ozks              981         761856.0       13
ozks              983         759808.0       36
ozks              984         770048.0        1
ozks              987         765952.0        3
ozks              990         770048.0        2
ozks              991         770048.0       38
ozks              993         780288.0        6
ozks              995         778240.0        1
ozks              997         774144.0        8
ozks              998         778240.0       18
ozks              999         774144.0        6
ozks             1000         780288.0        8
ozks             1001         770048.0        1
ozks             1002         776192.0        8
ozks             1003         778240.0       20
ozks             1006         786432.0        1
ozks             1007         778240.0        6
ozks             1008         782336.0        6
ozks             1009         782336.0        5
ozks             1010         786432.0       13
ozks             1011         786432.0        7
ozks             1012         784384.0        8
ozks             1013         790528.0        7
ozks             1017         786432.0        6
ozks             1018         782336.0        1
ozks             1020         788480.0        2
ozks             1024         796672.0        2
ozks             1026         798720.0        1
ozks             1027         798720.0        8
ozks             1031         796672.0        4
ozks             1033         802816.0        7
ozks             1034         802816.0        1
ozks             1035         798720.0       10
ozks             1036         806912.0        7
ozks             1038         806912.0        7
ozks             1041         806912.0        4
ozks             1042         800768.0        6
ozks             1043         813056.0        6
ozks             1044         802816.0        6
ozks             1046         808960.0        2
ozks             1048         808960.0        6
ozks             1050         815104.0        7
ozks             1051         811008.0        9
ozks             1052         813056.0        6
ozks             1053         813056.0       10
ozks             1054         827392.0        6
ozks             1055         811008.0        7
ozks             1056         823296.0        1
ozks             1057         827392.0        6
ozks             1058         815104.0        1
ozks             1059         825344.0        6
ozks             1060         817152.0        6
ozks             1061         819200.0       14
ozks             1065         823296.0        1
ozks             1066         819200.0        2
ozks             1068         827392.0        6
ozks             1070         821248.0        4
ozks             1071         823296.0        6
ozks             1072         831488.0       21
ozks             1075         827392.0        7
ozks             1076         827392.0        1
ozks             1077         831488.0        7
ozks             1078         831488.0        2
ozks             1079         831488.0        2
ozks             1080         835584.0       34
ozks             1081         835584.0       10
ozks             1084         835584.0        7
ozks             1085         839680.0        5
ozks             1086         839680.0        3
ozks             1087         837632.0        8
ozks             1088         835584.0       15
ozks             1089         839680.0        1
ozks             1090         847872.0        1
ozks             1091         841728.0       10
ozks             1092         843776.0       12
ozks             1093         843776.0        1
ozks             1095         847872.0       87
ozks             1096         860160.0        1
ozks             1097         851968.0       18
ozks             1098         843776.0        3
ozks             1099         851968.0       13
ozks             1100         847872.0        1
ozks             1102         856064.0        6
ozks             1105         851968.0       12
ozks             1106         851968.0        1
ozks             1107         851968.0        9
ozks             1108         856064.0       13
ozks             1112         856064.0       13
ozks             1114         856064.0        1
ozks             1115         862208.0        6
ozks             1116         860160.0        1
ozks             1117         860160.0        1
ozks             1119         862208.0        2
ozks             1120         872448.0        1
ozks             1122         864256.0       14
ozks             1123         862208.0       32
ozks             1124         862208.0        6
ozks             1126         872448.0        7
ozks             1127         921600.0        9
ozks             1128         868352.0        5
ozks             1129         872448.0        1
ozks             1130         870400.0        2
ozks             1131         876544.0        2
ozks             1132         872448.0        8
ozks             1133         874496.0        8
ozks             1134         872448.0        1
ozks             1135         876544.0        4
ozks             1136         876544.0        5
ozks             1138         880640.0        8
ozks             1140         884736.0        1
ozks             1142         880640.0        1
ozks             1143         880640.0        8
ozks             1144         880640.0       12
ozks             1146         884736.0        3
ozks             1147         884736.0        1
ozks             1148         882688.0       16
ozks             1149         876544.0        1
ozks             1150         886784.0        2
ozks             1151         888832.0        3
ozks             1152         880640.0        3
ozks             1153         882688.0        2
ozks             1154         884736.0        1
ozks             1155         884736.0       16
ozks             1156         888832.0        3
ozks             1157         892928.0       13
ozks             1158         888832.0        1
ozks             1159         888832.0        7
ozks             1160         892928.0       49
ozks             1161         888832.0        6
ozks             1162         888832.0        1
ozks             1163         899072.0       12
ozks             1164         899072.0        6
ozks             1165         897024.0        2
ozks             1166         894976.0        2
ozks             1168         897024.0        3
ozks             1169         892928.0        1
ozks             1170         901120.0        7
ozks             1172         897024.0        1
ozks             1175         899072.0        6
ozks             1176         901120.0        8
ozks             1177         901120.0        1
ozks             1178         909312.0        3
ozks             1185         909312.0        7
ozks             1186         909312.0       13
ozks             1187         901120.0        1
ozks             1188         911360.0        6
ozks             1189         913408.0        7
ozks             1191         905216.0        1
ozks             1192         913408.0        7
ozks             1193         917504.0        8
ozks             1194         909312.0        1
ozks             1196         921600.0        6
ozks             1197         921600.0        6
ozks             1198         915456.0        2
ozks             1199         929792.0        7
ozks             1200         927744.0        2
ozks             1201         925696.0        6
ozks             1203         929792.0        6
ozks             1204         921600.0        1
ozks             1207         931840.0       14
ozks             1209         933888.0        1
ozks             1212         937984.0        9
ozks             1215         925696.0        1
ozks             1216         933888.0        1
ozks             1217         933888.0        6
ozks             1218         933888.0        1
ozks             1222         942080.0       13
ozks             1224         929792.0        7
ozks             1226         942080.0        1
ozks             1227         942080.0        1
ozks             1228         942080.0        3
ozks             1229         946176.0        6
ozks             1230         946176.0        6
ozks             1231         937984.0        1
ozks             1235         946176.0        2
ozks             1238         948224.0        2
ozks             1239         958464.0        1
ozks             1240         958464.0        2
ozks             1244         958464.0        1
ozks             1245         954368.0        7
ozks             1253         962560.0        3
ozks             1254         958464.0        6
ozks             1258         962560.0        6
ozks             1261         958464.0        1
ozks             1264         966656.0        6
ozks             1268         966656.0        1
ozks             1269         970752.0        1
ozks             1271         974848.0       12
ozks             1275         970752.0        6
ozks             1278         974848.0        6
ozks             1282         974848.0        1
ozks             1284         978944.0        1
ozks             1287         980992.0        6
ozks             1288         983040.0        1
ozks             1290         987136.0        3
ozks             1292         983040.0        1
ozks             1295         989184.0        6
ozks             1307         995328.0       15
ozks             1315        1003520.0        7
ozks             1316         999424.0        7
ozks             1322        1017856.0        6
ozks             1324        1015808.0       12
ozks             1329        1015808.0        1
ozks             1331        1011712.0        6
ozks             1332        1015808.0        7
ozks             1333        1015808.0        1
ozks             1338        1028096.0        7
ozks             1348        1019904.0        7
ozks             1349        1036288.0        1
ozks             1351        1032192.0        1
ozks             1352        1028096.0        7
ozks             1354        1032192.0        7
ozks             1356        1036288.0        6
ozks             1357        1024000.0        1
ozks             1359        1040384.0        6
ozks             1360        1044480.0        3
ozks             1363        1052672.0        1
ozks             1369        1036288.0        9
ozks             1372        1046528.0        6
ozks             1381        1060864.0        1
ozks             1382        1052672.0        1
ozks             1383        1058816.0        2
ozks             1391        1056768.0        1
ozks             1396        1069056.0        1
ozks             1399        1060864.0        6
ozks             1403        1064960.0        6
ozks             1407        1064960.0        3
ozks             1408        1069056.0       12
ozks             1409        1073152.0        1
ozks             1424        1085440.0        5
ozks             1425        1081344.0        6
ozks             1429        1081344.0        9
ozks             1432        1089536.0        1
ozks             1433        1085440.0        7
ozks             1436        1085440.0        6
ozks             1448        1099776.0        6
ozks             1453        1105920.0        1
ozks             1456        1112064.0        2
ozks             1461        1105920.0        7
ozks             1469        1107968.0        6
ozks             1475        1122304.0        6
ozks             1477        1122304.0        2
ozks             1478        1118208.0        1
ozks             1482        1122304.0        7
ozks             1486        1130496.0        7
ozks             1491        1126400.0       18
ozks             1505        1138688.0       13
ozks             1507        1134592.0        1
ozks             1508        1134592.0        6
ozks             1509        1144832.0        2
ozks             1512        1155072.0        1
ozks             1518        1146880.0        1
ozks             1519        1155072.0        1
ozks             1520        1150976.0        3
ozks             1521        1163264.0        1
ozks             1523        1150976.0        1
ozks             1524        1150976.0        7
ozks             1536        1159168.0        1
ozks             1542        1171456.0        1
ozks             1548        1179648.0        1
ozks             1549        1171456.0        1
ozks             1551        1171456.0        1
ozks             1557        1179648.0        6
ozks             1566        1177600.0        2
ozks             1582        1196032.0        1
ozks             1592        1202176.0        8
ozks             1596        1204224.0        1
ozks             1597        1200128.0        7
ozks             1600        1206272.0        2
ozks             1625        1216512.0        1
ozks             1636        1232896.0        6
ozks             1638        1236992.0        1
ozks             1672        1255424.0        6
ozks             1708        1290240.0        1
ozks             1720        1296384.0        6
ozks             1752        1312768.0        6
ozks             1762        1327104.0        1
ozks             1772        1325056.0        6
ozks             1786        1343488.0        7
ozks             1812        1355776.0        1
ozks             1815        1363968.0        5
ozks             1821        1372160.0        2
ozks             1836        1380352.0        7
ozks             1840        1372160.0        1
ozks             1848        1386496.0        2
ozks             1855        1386496.0        6
ozks             1896        1421312.0        3
ozks             1901        1425408.0        1
ozks             1907        1429504.0        1
ozks             1908        1429504.0        1
ozks             1909        1421312.0        1
ozks             1911        1437696.0        3
ozks             1913        1441792.0        1
ozks             1917        1433600.0        1
ozks             1919        1437696.0        1
ozks             1926        1433600.0        1
ozks             1931        1437696.0        1
ozks             1939        1449984.0        1
ozks             1940        1462272.0        1
ozks             1941        1454080.0        1
ozks             1944        1454080.0        1
ozks             1957        1462272.0        7
ozks             1975        1476608.0        6
ozks             1988        1490944.0        1
ozks             1999        1544192.0        6
ozks             2009        1499136.0        6
ozks             2039        1519616.0        6
ozks             2046        1531904.0        1
ozks             2047        1531904.0        6
ozks             2051        1529856.0        6
ozks             2069        1544192.0        1
ozks             2072        1550336.0        6
ozks             2095        1564672.0        3
ozks             2096        1570816.0        2
ozks             2108        1581056.0        1
ozks             2116        1572864.0        6
ozks             2155        1605632.0        6
ozks             2161        1605632.0        6
ozks             2177        1626112.0        2
ozks             2201        1634304.0        1
ozks             2211        1660928.0        2
ozks             2239        1667072.0        1
ozks             2330        1728512.0        6
ozks             2332        1732608.0        1
ozks             2394        1785856.0        1
ozks             3096        2306048.0        1
ozks             3680         442368.0        1
% ozks
\{(0,57344) (1,57344) (2,57344) (3,57344) (4,57344) (5,57344) (6,57344) (7,57344) (8,57344) (9,57344) (10,57344) (11,57344) (12,65536) (13,65536) (14,65536) (15,65536) (16,65536) (17,65536) (18,65536) (19,65536) (20,65536) (21,65536) (22,69632) (23,69632) (24,69632) (25,69632) (26,69632) (27,69632) (28,69632) (29,69632) (30,69632) (31,69632) (32,73728) (33,73728) (34,73728) (35,73728) (36,73728) (37,81920) (38,81920) (39,81920) (40,90112) (41,90112) (42,94208) (43,94208) (44,94208) (45,94208) (46,94208) (47,94208) (48,94208) (49,94208) (50,94208) (51,94208) (52,98304) (53,98304) (54,98304) (55,98304) (56,98304) (57,98304) (58,98304) (59,98304) (60,98304) (61,98304) (62,102400) (63,102400) (64,102400) (65,102400) (66,102400) (67,102400) (68,102400) (69,102400) (70,102400) (71,102400) (72,106496) (73,110592) (74,110592) (75,110592) (76,110592) (77,110592) (78,110592) (79,110592) (80,114688) (81,114688) (82,118784) (83,118784) (84,118784) (85,118784) (86,126976) (87,126976) (88,126976) (89,126976) (90,126976) (91,126976) (92,131072) (93,131072) (94,135168) (95,135168) (96,131072) (97,131072) (98,131072) (99,131072) (100,135168) (101,135168) (102,131072) (103,135168) (104,139264) (105,139264) (106,139264) (107,139264) (108,139264) (109,139264) (110,143360) (111,143360) (112,143360) (113,147456) (114,143360) (115,147456) (116,147456) (117,147456) (118,151552) (119,151552) (120,151552) (121,151552) (122,151552) (123,155648) (124,151552) (125,151552) (126,155648) (127,155648) (128,155648) (129,153600) (130,155648) (131,155648) (132,155648) (133,159744) (134,159744) (135,159744) (136,155648) (137,159744) (138,155648) (139,159744) (140,159744) (141,159744) (142,159744) (143,163840) (144,167936) (145,167936) (146,172032) (147,172032) (148,172032) (149,172032) (150,167936) (151,167936) (152,167936) (153,172032) (154,176128) (155,176128) (156,176128) (157,176128) (158,176128) (159,176128) (160,176128) (161,172032) (162,172032) (163,176128) (164,180224) (165,180224) (166,180224) (167,180224) (168,180224) (169,180224) (170,184320) (171,184320) (172,188416) (173,188416) (174,190464) (175,192512) (176,188416) (177,196608) (178,192512) (179,192512) (180,200704) (181,200704) (182,200704) (183,200704) (184,204800) (185,200704) (186,200704) (187,200704) (188,200704) (189,200704) (190,204800) (191,204800) (192,204800) (193,200704) (194,204800) (195,208896) (196,206848) (197,208896) (198,204800) (199,204800) (200,204800) (201,204800) (202,204800) (204,212992) (205,212992) (206,212992) (207,217088) (208,217088) (209,212992) (210,212992) (211,212992) (212,212992) (213,217088) (214,217088) (215,221184) (216,225280) (217,225280) (218,221184) (219,221184) (220,225280) (222,221184) (223,225280) (225,225280) (226,225280) (227,229376) (228,227328) (229,229376) (230,229376) (231,225280) (232,225280) (233,229376) (234,229376) (235,229376) (236,233472) (237,231424) (238,229376) (239,229376) (240,233472) (241,233472) (243,233472) (244,237568) (245,237568) (246,237568) (247,239616) (248,237568) (250,245760) (251,241664) (252,245760) (253,241664) (254,245760) (255,249856) (256,249856) (257,249856) (259,249856) (260,258048) (261,249856) (262,249856) (263,249856) (264,251904) (265,256000) (268,253952) (269,262144) (270,253952) (271,262144) (272,253952) (273,258048) (274,258048) (276,258048) (278,266240) (279,262144) (280,266240) (281,270336) (282,262144) (283,266240) (284,270336) (285,266240) (287,270336) (288,278528) (289,270336) (290,278528) (291,274432) (292,270336) (293,270336) (295,278528) (296,274432) (297,274432) (298,274432) (299,274432) (300,274432) (301,280576) (302,274432) (303,274432) (304,276480) (305,278528) (306,286720) (307,278528) (308,286720) (311,278528) (312,286720) (313,282624) (314,290816) (315,294912) (316,284672) (319,288768) (320,294912) (321,294912) (322,294912) (323,290816) (324,290816) (325,290816) (327,299008) (328,294912) (329,299008) (330,299008) (331,299008) (335,307200) (336,299008) (337,309248) (338,307200) (339,307200) (340,307200) (341,303104) (342,303104) (343,303104) (344,307200) (345,307200) (346,307200) (350,311296) (351,307200) (352,311296) (353,319488) (354,311296) (355,323584) (357,325632) (358,323584) (359,323584) (360,319488) (361,323584) (362,319488) (363,323584) (364,339968) (366,321536) (369,327680) (370,327680) (372,327680) (376,335872) (377,331776) (378,331776) (379,337920) (380,339968) (382,335872) (383,335872) (384,335872) (385,333824) (387,335872) (388,335872) (389,339968) (392,339968) (394,339968) (396,348160) (397,344064) (398,352256) (399,352256) (401,352256) (405,352256) (406,356352) (407,352256) (408,356352) (409,356352) (410,356352) (411,356352) (412,356352) (413,356352) (414,356352) (415,364544) (417,360448) (418,362496) (419,364544) (420,360448) (421,360448) (423,360448) (424,360448) (425,370688) (427,368640) (428,372736) (429,368640) (430,372736) (431,372736) (434,372736) (435,372736) (436,372736) (438,376832) (439,376832) (440,372736) (441,376832) (442,376832) (445,380928) (446,380928) (448,380928) (449,380928) (451,385024) (452,380928) (453,380928) (456,382976) (457,385024) (458,385024) (460,401408) (461,391168) (462,393216) (463,393216) (464,393216) (466,393216) (467,393216) (469,393216) (470,399360) (472,397312) (473,401408) (474,401408) (475,401408) (476,401408) (477,409600) (478,401408) (480,405504) (482,405504) (483,405504) (484,409600) (485,405504) (486,417792) (487,415744) (488,409600) (489,413696) (491,409600) (492,411648) (493,413696) (494,413696) (495,417792) (496,417792) (498,417792) (500,417792) (502,425984) (504,425984) (506,421888) (507,245760) (508,425984) (510,425984) (511,434176) (512,430080) (514,425984) (516,425984) (517,430080) (518,434176) (519,430080) (520,432128) (521,434176) (522,434176) (523,434176) (524,438272) (526,434176) (528,434176) (529,434176) (530,446464) (532,442368) (535,442368) (537,446464) (538,446464) (539,450560) (540,450560) (541,450560) (542,450560) (543,448512) (545,450560) (546,454656) (547,448512) (548,452608) (550,454656) (551,454656) (555,454656) (557,456704) (558,462848) (559,462848) (561,462848) (562,462848) (563,462848) (564,462848) (565,466944) (566,454656) (568,462848) (569,475136) (571,473088) (574,471040) (578,479232) (580,475136) (582,479232) (583,479232) (586,479232) (588,481280) (589,481280) (590,483328) (592,483328) (595,483328) (596,487424) (597,483328) (601,495616) (602,495616) (603,499712) (605,493568) (606,493568) (607,497664) (608,493568) (610,499712) (612,499712) (613,499712) (615,499712) (616,501760) (617,499712) (618,499712) (619,499712) (620,503808) (622,499712) (624,503808) (627,503808) (628,507904) (629,507904) (630,509952) (631,507904) (633,507904) (634,512000) (635,516096) (637,516096) (638,516096) (640,520192) (641,516096) (642,520192) (643,520192) (644,520192) (645,520192) (646,524288) (647,520192) (648,520192) (649,524288) (650,524288) (651,524288) (652,524288) (653,524288) (654,528384) (655,524288) (656,526336) (657,532480) (661,532480) (662,532480) (663,532480) (664,532480) (665,536576) (666,532480) (667,536576) (668,532480) (669,536576) (670,544768) (672,548864) (673,548864) (675,544768) (676,542720) (677,540672) (678,548864) (679,546816) (680,552960) (681,550912) (682,548864) (683,552960) (684,552960) (685,555008) (686,550912) (687,552960) (688,552960) (690,552960) (691,557056) (692,557056) (694,557056) (695,555008) (696,557056) (699,565248) (700,567296) (701,561152) (702,561152) (703,565248) (705,569344) (706,565248) (707,569344) (708,573440) (710,573440) (711,573440) (712,569344) (714,573440) (715,573440) (716,571392) (717,573440) (719,575488) (720,575488) (721,573440) (722,577536) (724,581632) (728,579584) (729,581632) (730,581632) (731,585728) (732,589824) (734,585728) (736,591872) (737,585728) (738,585728) (739,593920) (740,589824) (741,593920) (742,598016) (743,593920) (744,602112) (745,595968) (746,598016) (747,593920) (748,598016) (749,598016) (750,598016) (751,606208) (755,606208) (759,600064) (760,602112) (761,606208) (762,602112) (763,610304) (764,610304) (766,606208) (767,610304) (768,610304) (769,610304) (770,610304) (771,610304) (772,614400) (773,614400) (774,610304) (777,622592) (780,618496) (782,614400) (785,626688) (789,622592) (790,632832) (791,630784) (792,630784) (793,634880) (794,630784) (799,630784) (801,638976) (803,632832) (805,632832) (807,634880) (808,634880) (811,643072) (812,647168) (813,643072) (814,643072) (819,643072) (821,655360) (822,651264) (824,651264) (825,655360) (826,659456) (827,659456) (828,651264) (830,659456) (831,651264) (833,659456) (836,659456) (838,659456) (840,659456) (845,669696) (846,667648) (847,667648) (848,679936) (849,675840) (851,669696) (852,675840) (853,671744) (854,667648) (856,675840) (857,671744) (858,679936) (859,679936) (862,677888) (864,688128) (865,677888) (866,679936) (872,679936) (873,684032) (874,684032) (876,684032) (878,684032) (879,688128) (880,688128) (881,694272) (882,692224) (883,692224) (885,702464) (890,692224) (892,696320) (893,704512) (894,696320) (895,702464) (896,704512) (899,704512) (901,708608) (902,700416) (903,708608) (904,708608) (905,712704) (906,708608) (907,704512) (908,708608) (909,720896) (910,712704) (912,712704) (915,718848) (919,720896) (922,720896) (923,718848) (926,729088) (927,733184) (929,724992) (930,729088) (931,731136) (932,727040) (934,720896) (938,733184) (939,733184) (940,733184) (941,741376) (942,741376) (943,729088) (948,737280) (953,745472) (954,747520) (955,749568) (956,745472) (957,749568) (958,749568) (961,753664) (962,747520) (965,753664) (966,749568) (967,757760) (970,757760) (972,753664) (973,753664) (974,753664) (976,753664) (980,757760) (981,761856) (983,759808) (984,770048) (987,765952) (990,770048) (991,770048) (993,780288) (995,778240) (997,774144) (998,778240) (999,774144) (1000,780288) (1001,770048) (1002,776192) (1003,778240) (1006,786432) (1007,778240) (1008,782336) (1009,782336) (1010,786432) (1011,786432) (1012,784384) (1013,790528) (1017,786432) (1018,782336) (1020,788480) (1024,796672) (1026,798720) (1027,798720) (1031,796672) (1033,802816) (1034,802816) (1035,798720) (1036,806912) (1038,806912) (1041,806912) (1042,800768) (1043,813056) (1044,802816) (1046,808960) (1048,808960) (1050,815104) (1051,811008) (1052,813056) (1053,813056) (1054,827392) (1055,811008) (1056,823296) (1057,827392) (1058,815104) (1059,825344) (1060,817152) (1061,819200) (1065,823296) (1066,819200) (1068,827392) (1070,821248) (1071,823296) (1072,831488) (1075,827392) (1076,827392) (1077,831488) (1078,831488) (1079,831488) (1080,835584) (1081,835584) (1084,835584) (1085,839680) (1086,839680) (1087,837632) (1088,835584) (1089,839680) (1090,847872) (1091,841728) (1092,843776) (1093,843776) (1095,847872) (1096,860160) (1097,851968) (1098,843776) (1099,851968) (1100,847872) (1102,856064) (1105,851968) (1106,851968) (1107,851968) (1108,856064) (1112,856064) (1114,856064) (1115,862208) (1116,860160) (1117,860160) (1119,862208) (1120,872448) (1122,864256) (1123,862208) (1124,862208) (1126,872448) (1127,921600) (1128,868352) (1129,872448) (1130,870400) (1131,876544) (1132,872448) (1133,874496) (1134,872448) (1135,876544) (1136,876544) (1138,880640) (1140,884736) (1142,880640) (1143,880640) (1144,880640) (1146,884736) (1147,884736) (1148,882688) (1149,876544) (1150,886784) (1151,888832) (1152,880640) (1153,882688) (1154,884736) (1155,884736) (1156,888832) (1157,892928) (1158,888832) (1159,888832) (1160,892928) (1161,888832) (1162,888832) (1163,899072) (1164,899072) (1165,897024) (1166,894976) (1168,897024) (1169,892928) (1170,901120) (1172,897024) (1175,899072) (1176,901120) (1177,901120) (1178,909312) (1185,909312) (1186,909312) (1187,901120) (1188,911360) (1189,913408) (1191,905216) (1192,913408) (1193,917504) (1194,909312) (1196,921600) (1197,921600) (1198,915456) (1199,929792) (1200,927744) (1201,925696) (1203,929792) (1204,921600) (1207,931840) (1209,933888) (1212,937984) (1215,925696) (1216,933888) (1217,933888) (1218,933888) (1222,942080) (1224,929792) (1226,942080) (1227,942080) (1228,942080) (1229,946176) (1230,946176) (1231,937984) (1235,946176) (1238,948224) (1239,958464) (1240,958464) (1244,958464) (1245,954368) (1253,962560) (1254,958464) (1258,962560) (1261,958464) (1264,966656) (1268,966656) (1269,970752) (1271,974848) (1275,970752) (1278,974848) (1282,974848) (1284,978944) (1287,980992) (1288,983040) (1290,987136) (1292,983040) (1295,989184) (1307,995328) (1315,1003520) (1316,999424) (1322,1017856) (1324,1015808) (1329,1015808) (1331,1011712) (1332,1015808) (1333,1015808) (1338,1028096) (1348,1019904) (1349,1036288) (1351,1032192) (1352,1028096) (1354,1032192) (1356,1036288) (1357,1024000) (1359,1040384) (1360,1044480) (1363,1052672) (1369,1036288) (1372,1046528) (1381,1060864) (1382,1052672) (1383,1058816) (1391,1056768) (1396,1069056) (1399,1060864) (1403,1064960) (1407,1064960) (1408,1069056) (1409,1073152) (1424,1085440) (1425,1081344) (1429,1081344) (1432,1089536) (1433,1085440) (1436,1085440) (1448,1099776) (1453,1105920) (1456,1112064) (1461,1105920) (1469,1107968) (1475,1122304) (1477,1122304) (1478,1118208) (1482,1122304) (1486,1130496) (1491,1126400) (1505,1138688) (1507,1134592) (1508,1134592) (1509,1144832) (1512,1155072) (1518,1146880) (1519,1155072) (1520,1150976) (1521,1163264) (1523,1150976) (1524,1150976) (1536,1159168) (1542,1171456) (1548,1179648) (1549,1171456) (1551,1171456) (1557,1179648) (1566,1177600) (1582,1196032) (1592,1202176) (1596,1204224) (1597,1200128) (1600,1206272) (1625,1216512) (1636,1232896) (1638,1236992) (1672,1255424) (1708,1290240) (1720,1296384) (1752,1312768) (1762,1327104) (1772,1325056) (1786,1343488) (1812,1355776) (1815,1363968) (1821,1372160) (1836,1380352) (1840,1372160) (1848,1386496) (1855,1386496) (1896,1421312) (1901,1425408) (1907,1429504) (1908,1429504) (1909,1421312) (1911,1437696) (1913,1441792) (1917,1433600) (1919,1437696) (1926,1433600) (1931,1437696) (1939,1449984) (1940,1462272) (1941,1454080) (1944,1454080) (1957,1462272) (1975,1476608) (1988,1490944) (1999,1544192) (2009,1499136) (2039,1519616) (2046,1531904) (2047,1531904) (2051,1529856) (2069,1544192) (2072,1550336) (2095,1564672) (2096,1570816) (2108,1581056) (2116,1572864) (2155,1605632) (2161,1605632) (2177,1626112) (2201,1634304) (2211,1660928) (2239,1667072) (2330,1728512) (2332,1732608) (2394,1785856) (3096,2306048) (3680,442368)}
------------------------------------------------
