Evaluating dependency metrics of top 10000 Go modules, based on the metric 'docker_dependents_count'
Using page size 500

== COLLECTING PACKAGE NAMES ==
Fetching page 1 ...
Fetching page 2 ...
Fetching page 3 ...
Fetching page 4 ...
Fetching page 5 ...
Fetching page 6 ...
Fetching page 7 ...
Fetching page 8 ...
Fetching page 9 ...
  ! jq parse error (attempt 1/3) on: https://packages.ecosyste.ms/api/v1/registries/proxy.golang.org/package_names?page=9&per_page=500&sort=docker_dependents_count
  ! response: {"error":"internal server error"}
Fetching page 10 ...
Fetching page 11 ...
Fetching page 12 ...
Fetching page 13 ...
Fetching page 14 ...
Fetching page 15 ...
Fetching page 16 ...
Fetching page 17 ...
Fetching page 18 ...
Fetching page 19 ...
Fetching page 20 ...

== DETERMINING TRANSITIVE COUNT ==
Evaluating 'golang.org/x/sys' ...
  got v0.43.0
  has 0 dependencies
Evaluating 'golang.org/x/net' ...
  got v0.50.0
  has 4 dependencies
Evaluating 'golang.org/x/text' ...
  got v0.34.0
  has 3 dependencies
Evaluating 'golang.org/x/crypto' ...
  got v0.50.0
  has 4 dependencies
Evaluating 'github.com/golang/protobuf' ...
  got v1.5.4
  has 2 dependencies
Evaluating 'google.golang.org/protobuf' ...
  got v1.5.0
  has 2 dependencies
Evaluating 'github.com/pkg/errors' ...
  got v0.9.1
  has 0 dependencies
Evaluating 'gopkg.in/yaml.v2' ...
  got v0.0.0-20161208181325-20d25e280405
  has 1 dependencies
Evaluating 'github.com/google/uuid' ...
  got v1.6.0
  has 0 dependencies
Evaluating 'github.com/spf13/pflag' ...
  got v1.0.10
  has 0 dependencies
Evaluating 'github.com/mattn/go-isatty' ...
  got v0.0.22
  has 1 dependencies
Evaluating 'gopkg.in/yaml.v3' ...
  got v0.0.0-20161208181325-20d25e280405
  has 1 dependencies
Evaluating 'google.golang.org/grpc' ...
  got v0.25.1
  has 38 dependencies
Evaluating 'golang.org/x/term' ...
  got v0.43.0
  has 1 dependencies
Evaluating 'github.com/cespare/xxhash/v2' ...
  got v2.3.0
  has 0 dependencies
Evaluating 'golang.org/x/sync' ...
  got v0.20.0
  has 0 dependencies
Evaluating 'google.golang.org/genproto' ...
  got v1.11.0
  has 125 dependencies
Evaluating 'github.com/prometheus/client_model' ...
  got v0.6.2
  has 1 dependencies
Evaluating 'github.com/prometheus/procfs' ...
  got v0.7.0
  has 3 dependencies
Evaluating 'github.com/prometheus/common' ...
  got v2.4.0
  has 27 dependencies
Evaluating 'github.com/imdario/mergo' ...
  ! module not resolved
Evaluating 'github.com/prometheus/client_golang' ...
  got v1.0.1
  has 22 dependencies
Evaluating 'golang.org/x/oauth2' ...
  got v0.3.0
  has 1 dependencies
Evaluating 'github.com/matttproud/golang_protobuf_extensions' ...
  got v1.2.0
  has 2 dependencies
Evaluating 'github.com/beorn7/perks' ...
  got v1.0.1
  has 0 dependencies
Evaluating 'github.com/gogo/protobuf' ...
  got v1.3.2
  has 11 dependencies
Evaluating 'github.com/google/go-cmp' ...
  got v0.7.0
  has 0 dependencies
Evaluating 'github.com/davecgh/go-spew' ...
  got v1.1.1
  has 0 dependencies
Evaluating 'golang.org/x/time' ...
  got v0.15.0
  has 0 dependencies
Evaluating 'github.com/mattn/go-colorable' ...
  got v0.1.14
  has 2 dependencies
Evaluating 'github.com/json-iterator/go' ...
  got v1.1.1
  has 7 dependencies
Evaluating 'github.com/modern-go/reflect2' ...
  got v1.0.2
  has 0 dependencies
Evaluating 'github.com/modern-go/concurrent' ...
  got v0.0.0-20180306012644-bacd9c7ef1dd
  has 0 dependencies
Evaluating 'github.com/sirupsen/logrus' ...
  got v1.1.1
  has 5 dependencies
Evaluating 'github.com/go-logr/logr' ...
  got v1.4.3
  has 0 dependencies
Evaluating 'github.com/spf13/cobra' ...
  got v2.0.6
  has 6 dependencies
Evaluating 'sigs.k8s.io/yaml' ...
  got v0.5.9
  has 5 dependencies
Evaluating 'gopkg.in/inf.v0' ...
  got v0.9.1
  has 0 dependencies
Evaluating 'github.com/google/gofuzz' ...
  got v1.2.0
  has 0 dependencies
Evaluating 'k8s.io/utils' ...
  got v1.1.1
  has 3 dependencies
Evaluating 'github.com/klauspost/compress' ...
  got v1.18.5
  has 0 dependencies
Evaluating 'k8s.io/apimachinery' ...
  got v1.1.2-0.20180830191138-d8f796af33cc
  has 38 dependencies
Evaluating 'k8s.io/api' ...
  got v1.1.2-0.20180830191138-d8f796af33cc
  has 23 dependencies
Evaluating 'k8s.io/client-go' ...
  got v1.1.2-0.20180830191138-d8f796af33cc
  has 48 dependencies
Evaluating 'k8s.io/klog/v2' ...
  got v1.4.1
  has 1 dependencies
Evaluating 'github.com/mitchellh/mapstructure' ...
  got v1.5.0
  has 0 dependencies
Evaluating 'github.com/golang/groupcache' ...
  got v0.0.0-20241129210726-2c02b8208cf8
  has 4 dependencies
Evaluating 'sigs.k8s.io/structured-merge-diff/v4' ...
  got v1.1.1
  has 12 dependencies
Evaluating 'go.uber.org/atomic' ...
  got v1.1.1
  has 3 dependencies
Evaluating 'github.com/mailru/easyjson' ...
  got v1.0.0
  has 1 dependencies
Evaluating 'github.com/fsnotify/fsnotify' ...
  got v1.9.0
  has 1 dependencies
Evaluating 'k8s.io/kube-openapi' ...
  got v1.1.1
  has 36 dependencies
Evaluating 'github.com/go-openapi/swag' ...
  got v0.26.0
  has 16 dependencies
Evaluating 'github.com/go-openapi/jsonpointer' ...
  got v0.23.1
  has 2 dependencies
Evaluating 'github.com/go-openapi/jsonreference' ...
  got v0.22.5
  has 3 dependencies
Evaluating 'go.uber.org/multierr' ...
  got v1.1.1
  has 4 dependencies
Evaluating 'go.uber.org/zap' ...
  got v1.1.1
  has 8 dependencies
Evaluating 'github.com/josharian/intern' ...
  got v1.0.0
  has 0 dependencies
Evaluating 'github.com/hashicorp/errwrap' ...
  got v1.1.0
  has 0 dependencies
Evaluating 'github.com/hashicorp/go-multierror' ...
  got v1.0.0
  has 1 dependencies
Evaluating 'github.com/opencontainers/go-digest' ...
  got v1.0.0
  has 0 dependencies
Evaluating 'github.com/spf13/cast' ...
  got v1.14.6
  has 5 dependencies
Evaluating 'github.com/fatih/color' ...
  got v1.19.0
  has 3 dependencies
Evaluating 'github.com/Masterminds/semver/v3' ...
  got v3.4.0
  has 0 dependencies
Evaluating 'cloud.google.com/go' ...
  got v0.24.0
  has 50 dependencies
Evaluating 'sigs.k8s.io/json' ...
  got v0.0.0-20250730193827-2d320260d730
  has 0 dependencies
Evaluating 'golang.org/x/xerrors' ...
  got v0.0.0-20240903120638-7835f813f4da
  has 0 dependencies
Evaluating 'github.com/mattn/go-runewidth' ...
  got v2.2.0
  has 1 dependencies
Evaluating 'github.com/BurntSushi/toml' ...
  got v1.6.0
  has 0 dependencies
Evaluating 'go.opencensus.io' ...
  got v0.26.0
  has 35 dependencies
Evaluating 'github.com/mitchellh/go-homedir' ...
  got v1.1.0
  has 0 dependencies
Evaluating 'github.com/docker/distribution' ...
  got v0.6.0
  has 5 dependencies
Evaluating 'github.com/pelletier/go-toml' ...
  got v1.9.5
  has 0 dependencies
Evaluating 'github.com/golang/snappy' ...
  got v1.0.0
  has 0 dependencies
Evaluating 'github.com/magiconair/properties' ...
  got v1.8.10
  has 0 dependencies
Evaluating 'github.com/jmespath/go-jmespath' ...
  got v1.1.0
  has 6 dependencies
Evaluating 'google.golang.org/api' ...
  got v0.20.0
  has 29 dependencies
Evaluating 'github.com/russross/blackfriday/v2' ...
  got v2.1.0
  has 0 dependencies
Evaluating 'github.com/gorilla/mux' ...
  got v1.8.1
  has 0 dependencies
Evaluating 'github.com/stretchr/testify' ...
  got v1.1.1
  has 4 dependencies
Evaluating 'github.com/docker/go-units' ...
  got v0.5.0
  has 0 dependencies
Evaluating 'github.com/hashicorp/golang-lru' ...
  got v1.0.2
  has 0 dependencies
Evaluating 'gopkg.in/ini.v1' ...
  got v1.1.1
  has 6 dependencies
Evaluating 'github.com/pmezard/go-difflib' ...
  got v1.0.0
  has 0 dependencies
Evaluating 'github.com/munnerz/goautoneg' ...
  got v0.0.0-20191010083416-a7dc8b61c822
  has 0 dependencies
Evaluating 'github.com/hashicorp/hcl' ...
  got v1.1.1
  has 1 dependencies
Evaluating 'github.com/golang-jwt/jwt/v4' ...
  got v4.5.2
  has 0 dependencies
Evaluating 'github.com/opencontainers/image-spec' ...
  got v1.0.0
  has 3 dependencies
Evaluating 'github.com/googleapis/gax-go/v2' ...
  got v0.25.1
  has 58 dependencies
Evaluating 'github.com/aws/aws-sdk-go' ...
  got v1.55.8
  has 7 dependencies
Evaluating 'github.com/spf13/afero' ...
  got v1.15.0
  has 4 dependencies
Evaluating 'github.com/opencontainers/runc' ...
  got v0.2.4
  has 52 dependencies
Evaluating 'github.com/google/gnostic' ...
  got v1.1.1
  has 18 dependencies
Evaluating 'github.com/cpuguy83/go-md2man/v2' ...
  got v2.0.7
  has 1 dependencies
Evaluating 'github.com/Azure/go-autorest/autorest/adal' ...
  got v14.2.0+incompatible
  has 22 dependencies
Evaluating 'github.com/Azure/go-autorest/tracing' ...
  got v14.2.0+incompatible
  has 1 dependencies
Evaluating 'github.com/Azure/go-autorest/autorest/date' ...
  got v14.2.0+incompatible
  has 1 dependencies
Evaluating 'go.opentelemetry.io/otel' ...
  got v2.3.0
  has 15 dependencies
Evaluating 'github.com/docker/docker' ...
  got v28.5.2+incompatible
  has 0 dependencies
Evaluating 'github.com/Azure/go-autorest/logger' ...
  got v14.2.0+incompatible
  has 1 dependencies
Evaluating 'golang.org/x/mod' ...
  got v0.35.0
  has 1 dependencies
Evaluating 'github.com/mitchellh/reflectwalk' ...
  got v1.0.2
  has 0 dependencies
Evaluating 'github.com/emicklei/go-restful/v3' ...
  got v3.13.0
  has 0 dependencies
Evaluating 'github.com/mitchellh/copystructure' ...
  got v1.2.0
  has 1 dependencies
Evaluating 'github.com/Azure/go-autorest/autorest' ...
  got v14.2.0+incompatible
  has 17 dependencies
Evaluating 'go.opentelemetry.io/otel/trace' ...
  got v2.3.0
  has 12 dependencies
Evaluating 'k8s.io/component-base' ...
  got v0.0.0-20230124172434-306776ec8161
  has 73 dependencies
Evaluating 'github.com/googleapis/gnostic' ...
  ! module not resolved
Evaluating 'github.com/miekg/dns' ...
  got v0.6.0
  has 11 dependencies
Evaluating 'github.com/docker/go-connections' ...
  got v0.6.2
  has 2 dependencies
Evaluating 'github.com/mitchellh/go-wordwrap' ...
  got v1.0.1
  has 0 dependencies
Evaluating 'github.com/evanphx/json-patch' ...
  got v0.5.2
  has 2 dependencies
Evaluating 'github.com/moby/term' ...
  got v0.0.0-20250102033503-faa5f7b0171c
  has 3 dependencies
Evaluating 'github.com/gorilla/websocket' ...
  got v1.5.3
  has 0 dependencies
Evaluating 'gopkg.in/square/go-jose.v2' ...
  got v0.50.0
  has 5 dependencies
Evaluating 'github.com/cenkalti/backoff/v4' ...
  got v4.3.0
  has 0 dependencies
Evaluating 'github.com/rivo/uniseg' ...
  got v0.4.7
  has 0 dependencies
Evaluating 'k8s.io/apiextensions-apiserver' ...
  got v1.36.6-20250425153114-8976f5be98c1.1
  has 166 dependencies
Evaluating 'golang.org/x/exp' ...
  got v0.6.0
  has 6 dependencies
Evaluating 'github.com/google/shlex' ...
  got v0.0.0-20191202100458-e7afc7fbc510
  has 0 dependencies
Evaluating 'github.com/hashicorp/go-version' ...
  got v1.9.0
  has 0 dependencies
Evaluating 'github.com/go-logr/stdr' ...
  got v1.2.2
  has 1 dependencies
Evaluating 'github.com/google/btree' ...
  got v1.1.3
  has 0 dependencies
Evaluating 'github.com/containerd/containerd' ...
  got v0.110.10
  has 313 dependencies
Evaluating 'go.opentelemetry.io/otel/sdk' ...
  got v2.3.0
  has 16 dependencies
Evaluating 'github.com/huandu/xstrings' ...
  got v1.5.0
  has 0 dependencies
Evaluating 'github.com/mattn/go-shellwords' ...
  got v1.0.13
  has 0 dependencies
Evaluating 'github.com/hashicorp/go-cleanhttp' ...
  got v0.5.2
  has 0 dependencies
Evaluating 'golang.org/x/tools' ...
  got v0.6.0
  has 7 dependencies
Evaluating 'github.com/Masterminds/goutils' ...
  got v1.1.1
  has 0 dependencies
Evaluating 'github.com/docker/docker-credential-helpers' ...
  got v1.2.3
  has 3 dependencies
Evaluating 'github.com/docker/cli' ...
  got v29.4.1+incompatible
  has 0 dependencies
Evaluating 'github.com/moby/spdystream' ...
  got v0.5.1
  has 0 dependencies
Evaluating 'github.com/hashicorp/go-uuid' ...
  got v1.0.3
  has 0 dependencies
Evaluating 'github.com/lib/pq' ...
  got v1.12.3
  has 0 dependencies
Evaluating 'github.com/coreos/go-systemd/v22' ...
  got v22.7.0
  has 2 dependencies
Evaluating 'github.com/felixge/httpsnoop' ...
  got v1.0.4
  has 0 dependencies
Evaluating 'github.com/google/pprof' ...
  got v1.2.1
  has 5 dependencies
Evaluating 'github.com/spf13/jwalterweatherman' ...
  got v1.1.1
  has 3 dependencies
Evaluating 'github.com/PuerkitoBio/purell' ...
  got v1.2.1
  has 7 dependencies
Evaluating 'github.com/spf13/viper' ...
  got v1.1.1
  has 25 dependencies
Evaluating 'github.com/PuerkitoBio/urlesc' ...
  got v0.0.0-20170810143723-de5bf2ad4578
  has 0 dependencies
Evaluating 'go.opentelemetry.io/proto/otlp' ...
  got v2.28.0
  has 8 dependencies
Evaluating 'github.com/grpc-ecosystem/go-grpc-middleware' ...
  got v0.26.0
  has 53 dependencies
Evaluating 'github.com/pelletier/go-toml/v2' ...
  got v2.3.0
  has 0 dependencies
Evaluating 'go.opentelemetry.io/otel/metric' ...
  got v2.3.0
  has 12 dependencies
Evaluating 'github.com/shopspring/decimal' ...
  got v1.4.0
  has 0 dependencies
Evaluating 'github.com/dustin/go-humanize' ...
  got v1.0.1
  has 0 dependencies
Evaluating 'github.com/ghodss/yaml' ...
  got v1.0.0
  has 2 dependencies
Evaluating 'github.com/asaskevich/govalidator' ...
  got v0.0.0-20230301143203-a9d515a09cc2
  has 0 dependencies
Evaluating 'github.com/morikuni/aec' ...
  got v1.1.0
  has 0 dependencies
Evaluating 'github.com/subosito/gotenv' ...
  got v1.1.1
  has 8 dependencies
Evaluating 'github.com/Masterminds/sprig/v3' ...
  got v1.0.1
  has 25 dependencies
Evaluating 'github.com/grpc-ecosystem/grpc-gateway' ...
  got v0.34.0
  has 32 dependencies
Evaluating 'github.com/xeipuuv/gojsonpointer' ...
  got v0.0.0-20190905194746-02993c407bfb
  has 0 dependencies
Evaluating 'github.com/xeipuuv/gojsonreference' ...
  got v0.0.0-20190905194746-02993c407bfb
  has 1 dependencies
Evaluating 'go.etcd.io/bbolt' ...
  got v1.1.1
  has 10 dependencies
Evaluating 'k8s.io/apiserver' ...
  got v0.25.1
  has 112 dependencies
Evaluating 'go.opentelemetry.io/otel/exporters/otlp/otlptrace' ...
  got v2.3.0
  has 30 dependencies
Evaluating 'github.com/xlab/treeprint' ...
  got v1.1.0
  has 6 dependencies
Evaluating 'cloud.google.com/go/compute/metadata' ...
  got v0.9.0
  has 2 dependencies
Evaluating 'github.com/googleapis/enterprise-certificate-proxy' ...
  got v0.3.0
  has 3 dependencies
Evaluating 'sigs.k8s.io/controller-runtime' ...
  got v0.24.0
  has 149 dependencies
Evaluating 'github.com/docker/go-metrics' ...
  got v0.0.0-20160405071501-a0175ee3bccc
  has 36 dependencies
Evaluating 'github.com/go-errors/errors' ...
  got v1.5.1
  has 0 dependencies
Evaluating 'github.com/hashicorp/go-hclog' ...
  got v1.1.1
  has 10 dependencies
Evaluating 'golang.org/x/arch' ...
  got v0.26.0
  has 1 dependencies
Evaluating 'github.com/go-sql-driver/mysql' ...
  got v1.1.0
  has 1 dependencies
Evaluating 'github.com/cyphar/filepath-securejoin' ...
  got v0.2.1
  has 6 dependencies
Evaluating 'github.com/xeipuuv/gojsonschema' ...
  got v1.1.0
  has 6 dependencies
Evaluating 'go.opentelemetry.io/otel/exporters/otlp/otlptrace/otlptracegrpc' ...
  got v0.25.1
  has 55 dependencies
Evaluating 'github.com/gofrs/flock' ...
  got v1.1.1
  has 7 dependencies
Evaluating 'go.mongodb.org/mongo-driver' ...
  got v1.1.1
  has 12 dependencies
Evaluating 'cloud.google.com/go/storage' ...
  got v0.25.1
  has 196 dependencies
Evaluating 'github.com/shurcooL/sanitized_anchor_name' ...
  got v1.0.0
  has 0 dependencies
Evaluating 'github.com/onsi/gomega' ...
  got v3.4.0
  has 17 dependencies
Evaluating 'go.starlark.net' ...
  got v1.5.1
  has 5 dependencies
Evaluating 'github.com/go-logfmt/logfmt' ...
  got v0.6.1
  has 1 dependencies
Evaluating 'github.com/go-playground/universal-translator' ...
  got v0.14.1
  has 2 dependencies
Evaluating 'github.com/leodido/go-urn' ...
  got v1.1.1
  has 4 dependencies
Evaluating 'github.com/go-playground/locales' ...
  got v0.14.1
  has 1 dependencies
Evaluating 'github.com/google/go-querystring' ...
  got v0.6.0
  has 1 dependencies
Evaluating 'go.opentelemetry.io/otel/exporters/otlp/internal/retry' ...
  got v4.2.1
  has 5 dependencies
Evaluating 'github.com/gregjones/httpcache' ...
  got v0.0.0-20190611155906-901d90724c79
  has 0 dependencies
Evaluating 'github.com/peterbourgon/diskv' ...
  got v1.1.3
  has 1 dependencies
Evaluating 'github.com/ianlancetaylor/demangle' ...
  got v0.0.0-20251118225945-96ee0021ea0f
  has 0 dependencies
Evaluating 'github.com/go-openapi/spec' ...
  got v0.22.5
  has 14 dependencies
Evaluating 'github.com/olekukonko/tablewriter' ...
  got v2.3.0
  has 13 dependencies
Evaluating 'github.com/creack/pty' ...
  got v1.1.24
  has 0 dependencies
Evaluating 'go.opentelemetry.io/contrib/instrumentation/net/http/otelhttp' ...
  got v2.3.0
  has 21 dependencies
Evaluating 'github.com/moby/sys/mountinfo' ...
  got v0.7.2
  has 1 dependencies
Evaluating 'github.com/hashicorp/go-immutable-radix' ...
  got v1.3.1
  has 2 dependencies
Evaluating 'github.com/agext/levenshtein' ...
  got v1.2.3
  has 0 dependencies
Evaluating 'github.com/moby/locker' ...
  got v1.0.1
  has 0 dependencies
Evaluating 'github.com/gobwas/glob' ...
  got v0.2.3
  has 0 dependencies
Evaluating 'github.com/coreos/go-semver' ...
  got v0.3.1
  has 2 dependencies
Evaluating 'github.com/jonboulle/clockwork' ...
  got v0.5.0
  has 0 dependencies
Evaluating 'sigs.k8s.io/kustomize/kyaml' ...
  got v1.1.1
  has 27 dependencies
Evaluating 'github.com/MakeNowJust/heredoc' ...
  got v1.0.0
  has 0 dependencies
Evaluating 'github.com/go-playground/validator/v10' ...
  got v1.1.1
  has 17 dependencies
Evaluating 'go.opentelemetry.io/contrib/instrumentation/google.golang.org/grpc/otelgrpc' ...
  got v0.25.1
  has 47 dependencies
Evaluating 'github.com/fvbommel/sortorder' ...
  got v1.1.0
  has 0 dependencies
Evaluating 'github.com/zclconf/go-cty' ...
  got v15.0.0
  has 6 dependencies
Evaluating 'github.com/apparentlymart/go-cidr' ...
  got v1.1.1
  has 0 dependencies
Evaluating 'github.com/apex/log' ...
  got v1.9.0
  has 48 dependencies
Evaluating 'github.com/emicklei/go-restful' ...
  got v1.1.1
  has 8 dependencies
Evaluating 'github.com/blang/semver/v4' ...
  got v4.0.0
  has 0 dependencies
Evaluating 'github.com/mitchellh/hashstructure/v2' ...
  got v2.0.2
  has 0 dependencies
Evaluating 'github.com/hashicorp/hcl/v2' ...
  got v1.2.1
  has 21 dependencies
Evaluating 'cmd/go' ...
  ! module not found
Evaluating 'cmd/gofmt' ...
  ! module not found
Evaluating 'cmd/cover' ...
  ! module not found
Evaluating 'cmd/buildid' ...
  ! module not found
Evaluating 'cmd/test2json' ...
  ! module not found
Evaluating 'cmd/asm' ...
  ! module not found
Evaluating 'cmd/vet' ...
  ! module not found
Evaluating 'cmd/compile' ...
  ! module not found
Evaluating 'cmd/link' ...
  ! module not found
Evaluating 'cmd/addr2line' ...
  ! module not found
Evaluating 'cmd/cgo' ...
  ! module not found
Evaluating 'cmd/pack' ...
  ! module not found
Evaluating 'cmd/objdump' ...
  ! module not found
Evaluating 'cmd/nm' ...
  ! module not found
Evaluating 'cmd/doc' ...
  ! module not resolved
Evaluating 'cmd/fix' ...
  ! module not found
Evaluating 'cmd/trace' ...
  ! module not found
Evaluating 'cmd/pprof' ...
  ! module not found
Evaluating 'github.com/liggitt/tabwriter' ...
  got v0.0.0-20181228230101-89fcab3d43de
  has 0 dependencies
Evaluating 'github.com/evanw/esbuild' ...
  got v0.28.0
  has 1 dependencies
Evaluating 'github.com/hashicorp/go-retryablehttp' ...
  got v1.16.0
  has 6 dependencies
Evaluating 'github.com/mitchellh/go-testing-interface' ...
  got v1.14.1
  has 0 dependencies
Evaluating 'github.com/urfave/cli' ...
  got v1.5.0
  has 10 dependencies
Evaluating 'github.com/armon/go-metrics' ...
  ! module not resolved
Evaluating 'github.com/blang/semver' ...
  got v3.5.1+incompatible
  has 0 dependencies
Evaluating 'github.com/xi2/xz' ...
  got v0.0.0-20171230120015-48954b6210f8
  has 0 dependencies
Evaluating 'github.com/heroku/color' ...
  got v0.0.6
  has 3 dependencies
Evaluating 'github.com/aws/aws-sdk-go-v2' ...
  got v1.41.6
  has 1 dependencies
Evaluating 'github.com/buildpacks/lifecycle' ...
  got v1.3.0
  has 304 dependencies
Evaluating 'github.com/oklog/run' ...
  got v1.2.0
  has 0 dependencies
Evaluating 'cloud.google.com/go/iam' ...
  got v0.25.1
  has 176 dependencies
Evaluating 'github.com/containerd/continuity' ...
  got v0.6.2
  has 10 dependencies
Evaluating 'github.com/containerd/console' ...
  got v1.0.5
  has 1 dependencies
Evaluating 'github.com/aws/smithy-go' ...
  got v1.25.1
  has 0 dependencies
Evaluating 'github.com/exponent-io/jsonpath' ...
  got v1.1.0
  has 6 dependencies
Evaluating 'github.com/opentracing/opentracing-go' ...
  got v1.1.0
  has 4 dependencies
Evaluating 'github.com/ulikunitz/xz' ...
  got v0.5.15
  has 0 dependencies
Evaluating 'github.com/Azure/azure-sdk-for-go' ...
  got v68.0.0+incompatible
  has 0 dependencies
Evaluating 'github.com/golang/glog' ...
  got v1.2.5
  has 1 dependencies
Evaluating 'github.com/aws/aws-sdk-go-v2/credentials' ...
  got v1.41.6
  has 12 dependencies
Evaluating 'github.com/hashicorp/yamux' ...
  got v0.1.2
  has 0 dependencies
Evaluating 'github.com/aws/aws-sdk-go-v2/service/internal/presigned-url' ...
  got v1.41.6
  has 2 dependencies
Evaluating 'sigs.k8s.io/kustomize/api' ...
  got v4.0.0
  has 24 dependencies
Evaluating 'cmd/dist' ...
  ! module not found
Evaluating 'github.com/hashicorp/go-rootcerts' ...
  got v1.0.2
  has 1 dependencies
Evaluating 'github.com/monochromegane/go-gitignore' ...
  got v0.0.0-20200626010858-205db1a8cc00
  has 0 dependencies
Evaluating 'github.com/dimchansky/utfbom' ...
  got v1.1.1
  has 0 dependencies
Evaluating 'github.com/grpc-ecosystem/go-grpc-prometheus' ...
  got v0.25.1
  has 65 dependencies
Evaluating 'github.com/google/go-containerregistry' ...
  got v0.7.0
  has 39 dependencies
Evaluating 'github.com/sergi/go-diff' ...
  got v1.1.1
  has 9 dependencies
Evaluating 'github.com/grpc-ecosystem/grpc-gateway/v2' ...
  got v1.0.0
  has 14 dependencies
Evaluating 'github.com/mmcloughlin/avo' ...
  got v0.6.0
  has 4 dependencies
Evaluating 'github.com/gogo/googleapis' ...
  got v1.4.1
  has 12 dependencies
Evaluating 'github.com/golang/mock' ...
  got v1.6.0
  has 10 dependencies
Evaluating 'k8s.io/kubectl' ...
  got v0.0.0-20230124172434-306776ec8161
  has 82 dependencies
Evaluating 'gomodules.xyz/jsonpatch/v2' ...
  got v1.1.0
  has 5 dependencies
Evaluating 'github.com/ugorji/go/codec' ...
  got v0.7.0
  has 1 dependencies
Evaluating 'github.com/klauspost/cpuid/v2' ...
  got v2.3.0
  has 1 dependencies
Evaluating 'github.com/xanzy/ssh-agent' ...
  got v0.5.2
  has 11 dependencies
Evaluating 'github.com/aws/aws-sdk-go-v2/service/sts' ...
  got v1.41.6
  has 7 dependencies
Evaluating 'github.com/aws/aws-sdk-go-v2/config' ...
  got v1.41.6
  has 13 dependencies
Evaluating 'github.com/aws/aws-sdk-go-v2/feature/ec2/imds' ...
  got v1.41.6
  has 2 dependencies
Evaluating 'github.com/aws/aws-sdk-go-v2/service/sso' ...
  got v1.41.6
  has 4 dependencies
Evaluating 'github.com/mgutz/ansi' ...
  got v0.1.14
  has 3 dependencies
Evaluating 'github.com/apparentlymart/go-textseg/v13' ...
  got v13.0.0
  has 0 dependencies
Evaluating 'github.com/aws/aws-sdk-go-v2/internal/configsources' ...
  got v1.41.6
  has 2 dependencies
Evaluating 'github.com/aws/aws-sdk-go-v2/internal/endpoints/v2' ...
  got v1.41.6
  has 2 dependencies
Evaluating 'github.com/aws/aws-sdk-go-v2/internal/ini' ...
  got v1.8.6
  has 0 dependencies
Evaluating 'github.com/jcmturner/gofork' ...
  got v1.7.6
  has 0 dependencies
Evaluating 'github.com/chai2010/gettext-go' ...
  got v1.0.3
  has 0 dependencies
Evaluating 'github.com/godbus/dbus/v5' ...
  got v5.2.2
  has 1 dependencies
Evaluating 'github.com/opencontainers/runtime-spec' ...
  got v1.3.0
  has 0 dependencies
Evaluating 'gopkg.in/natefinch/lumberjack.v2' ...
  got v2.2.1
  has 0 dependencies
Evaluating 'github.com/Masterminds/semver' ...
  got v1.5.0
  has 0 dependencies
Evaluating 'github.com/paketo-buildpacks/libpak' ...
  got v1.4.0
  has 31 dependencies
Evaluating 'github.com/buildpacks/libcnb' ...
  got v1.4.0
  has 19 dependencies
Evaluating 'github.com/hashicorp/go-plugin' ...
  got v1.23.3
  has 42 dependencies
Evaluating 'github.com/pkg/browser' ...
  got v0.0.0-20240102092130-5ac0b6a4141c
  has 1 dependencies
Evaluating 'github.com/tianon/gosu' ...
  got v0.1.0
  has 2 dependencies
Evaluating 'github.com/Azure/go-autorest/autorest/to' ...
  got v14.2.0+incompatible
  has 1 dependencies
Evaluating 'github.com/vishvananda/netns' ...
  got v0.0.5
  has 1 dependencies
Evaluating 'github.com/opencontainers/selinux' ...
  got v0.5.1
  has 2 dependencies
Evaluating 'github.com/pierrec/lz4' ...
  got v2.6.1+incompatible
  has 0 dependencies
Evaluating 'github.com/vishvananda/netlink' ...
  got v1.3.1
  has 2 dependencies
Evaluating 'k8s.io/cli-runtime' ...
  got v0.0.0-20230124172434-306776ec8161
  has 56 dependencies
Evaluating 'github.com/andybalholm/brotli' ...
  got v1.2.1
  has 1 dependencies
Evaluating 'github.com/gin-gonic/gin' ...
  got v0.1.3
  has 54 dependencies
Evaluating 'github.com/kballard/go-shellquote' ...
  got v0.0.0-20180428030007-95032a82bc51
  has 0 dependencies
Evaluating 'github.com/armon/go-radix' ...
  got v1.0.0
  has 0 dependencies
Evaluating 'cloud.google.com/go/compute' ...
  got v0.123.0
  has 30 dependencies
Evaluating 'github.com/go-stack/stack' ...
  got v1.8.1
  has 0 dependencies
Evaluating 'github.com/stretchr/objx' ...
  got v0.5.3
  has 0 dependencies
Evaluating 'github.com/gin-contrib/sse' ...
  got v1.1.1
  has 4 dependencies
Evaluating 'github.com/containerd/typeurl' ...
  got v1.0.2
  has 13 dependencies
Evaluating 'github.com/hashicorp/serf' ...
  got v1.1.1
  has 41 dependencies
Evaluating 'k8s.io/klog' ...
  got v0.1.0
  has 1 dependencies
Evaluating 'github.com/containerd/ttrpc' ...
  got v0.16.2
  has 41 dependencies
Evaluating 'github.com/paketo-buildpacks/ca-certificates/v3' ...
  got v1.6.0
  has 17 dependencies
Evaluating 'github.com/jmoiron/sqlx' ...
  got v1.1.0
  has 4 dependencies
Evaluating 'github.com/jcmturner/gokrb5/v8' ...
  got v1.1.1
  has 25 dependencies
Evaluating 'github.com/jcmturner/rpc/v2' ...
  got v1.1.0
  has 10 dependencies
Evaluating 'github.com/h2non/filetype' ...
  got v1.1.3
  has 0 dependencies
Evaluating 'github.com/go-kit/log' ...
  got v0.2.1
  has 1 dependencies
Evaluating 'github.com/jcmturner/aescts/v2' ...
  got v1.1.0
  has 6 dependencies
Evaluating 'github.com/jcmturner/dnsutils/v2' ...
  got v1.1.0
  has 6 dependencies
Evaluating 'github.com/Azure/go-autorest/autorest/validation' ...
  got v14.2.0+incompatible
  has 5 dependencies
Evaluating 'go.etcd.io/etcd/api/v3' ...
  got v0.3.1
  has 17 dependencies
Evaluating 'go.opentelemetry.io/otel/exporters/otlp/otlptrace/otlptracehttp' ...
  got v0.25.1
  has 55 dependencies
Evaluating 'github.com/Azure/go-autorest/autorest/azure/cli' ...
  got v14.2.0+incompatible
  has 19 dependencies
Evaluating 'github.com/moby/buildkit' ...
  got v0.2.1
  has 228 dependencies
Evaluating 'gopkg.in/warnings.v0' ...
  got v0.1.2
  has 0 dependencies
Evaluating 'github.com/evanphx/json-patch/v5' ...
  got v5.9.11
  has 2 dependencies
Evaluating 'github.com/coreos/go-systemd' ...
  got v0.0.0-20191104093116-d3cd4ed1dbcf
  has 0 dependencies
Evaluating 'github.com/joho/godotenv' ...
  got v1.5.1
  has 0 dependencies
Evaluating 'github.com/youmark/pkcs8' ...
  got v0.0.0-20240726163527-a2c0da244d78
  has 5 dependencies
Evaluating 'github.com/valyala/bytebufferpool' ...
  got v1.0.0
  has 0 dependencies
Evaluating 'github.com/gofrs/uuid' ...
  got v4.4.0+incompatible
  has 0 dependencies
Evaluating 'k8s.io/kubernetes' ...
  ! module not found
Evaluating 'github.com/russross/blackfriday' ...
  got v1.6.0
  has 0 dependencies
Evaluating 'google.golang.org/genproto/googleapis/rpc' ...
  got v0.0.0-20260427160629-7cedc36a6bc4
  has 1 dependencies
Evaluating 'github.com/pierrec/lz4/v4' ...
  got v4.1.26
  has 0 dependencies
Evaluating 'github.com/rs/xid' ...
  got v1.6.0
  has 0 dependencies
Evaluating 'github.com/jessevdk/go-flags' ...
  got v1.6.1
  has 1 dependencies
Evaluating 'go.etcd.io/etcd/client/pkg/v3' ...
  got v22.5.0
  has 11 dependencies
Evaluating 'go.mozilla.org/pkcs7' ...
  got v0.9.0
  has 0 dependencies
Evaluating 'github.com/jackc/pgpassfile' ...
  got v1.1.0
  has 4 dependencies
Evaluating 'github.com/kylelemons/godebug' ...
  got v1.1.0
  has 0 dependencies
Evaluating 'github.com/jackc/pgservicefile' ...
  got v1.1.0
  has 6 dependencies
Evaluating 'github.com/dlclark/regexp2' ...
  got v1.12.0
  has 0 dependencies
Evaluating 'github.com/cilium/ebpf' ...
  got v0.21.0
  has 32 dependencies
Evaluating 'github.com/hashicorp/go-sockaddr' ...
  got v1.1.1
  has 23 dependencies
Evaluating 'github.com/moby/sys/signal' ...
  got v0.7.1
  has 1 dependencies
Evaluating 'github.com/patrickmn/go-cache' ...
  got v2.1.0+incompatible
  has 0 dependencies
Evaluating 'github.com/go-kit/kit' ...
  got v1.1.2
  has 84 dependencies
Evaluating 'github.com/emirpasic/gods' ...
  got v1.18.1
  has 0 dependencies
Evaluating 'github.com/ProtonMail/go-crypto' ...
  got v1.4.1
  has 3 dependencies
Evaluating 'github.com/hashicorp/consul/api' ...
  got v3.2.0+incompatible
  has 87 dependencies
Evaluating 'github.com/jbenet/go-context' ...
  got v0.0.0-20150711004518-d14ea06fba99
  has 0 dependencies
Evaluating 'github.com/urfave/cli/v2' ...
  got v1.5.0
  has 5 dependencies
Evaluating 'github.com/dgryski/go-rendezvous' ...
  got v0.0.0-20200823014737-9f7001d12a5f
  has 0 dependencies
Evaluating 'github.com/rcrowley/go-metrics' ...
  got v0.0.0-20250401214520-65e299d6c5c9
  has 0 dependencies
Evaluating 'github.com/go-openapi/errors' ...
  got v0.22.7
  has 1 dependencies
Evaluating 'github.com/alecthomas/units' ...
  got v0.0.0-20240927000941-0f3dac36c52b
  has 6 dependencies
Evaluating 'github.com/gabriel-vasile/mimetype' ...
  got v1.4.13
  has 0 dependencies
Evaluating 'github.com/jinzhu/inflection' ...
  got v1.0.0
  has 0 dependencies
Evaluating 'github.com/paketo-buildpacks/libjvm' ...
  got v1.4.0
  has 41 dependencies
Evaluating 'github.com/go-openapi/strfmt' ...
  got v0.22.7
  has 14 dependencies
Evaluating 'github.com/xdg-go/scram' ...
  got v1.0.0
  has 12 dependencies
Evaluating 'github.com/xdg-go/stringprep' ...
  got v1.0.4
  has 10 dependencies
Evaluating 'github.com/containerd/stargz-snapshotter/estargz' ...
  got v0.18.2
  has 17 dependencies
Evaluating 'github.com/vbatts/tar-split' ...
  got v2.0.5
  has 13 dependencies
Evaluating 'github.com/moby/sys/symlink' ...
  got v0.3.0
  has 1 dependencies
Evaluating 'github.com/xdg-go/pbkdf2' ...
  got v1.0.0
  has 0 dependencies
Evaluating 'github.com/Azure/go-ntlmssp' ...
  got v0.1.1
  has 0 dependencies
Evaluating 'github.com/syndtr/gocapability' ...
  got v0.0.0-20200815063812-42c35b437635
  has 0 dependencies
Evaluating 'github.com/chzyer/readline' ...
  got v1.2.1
  has 3 dependencies
Evaluating 'github.com/tklauser/go-sysconf' ...
  got v0.3.16
  has 2 dependencies
Evaluating 'github.com/kr/pretty' ...
  got v1.1.9
  has 4 dependencies
Evaluating 'go.etcd.io/etcd/client/v3' ...
  got v0.25.1
  has 74 dependencies
Evaluating 'github.com/tklauser/numcpus' ...
  got v0.11.0
  has 1 dependencies
Evaluating 'github.com/fatih/camelcase' ...
  got v1.0.0
  has 0 dependencies
Evaluating 'github.com/tonistiigi/fsutil' ...
  got v0.5.2
  has 24 dependencies
Evaluating 'github.com/form3tech-oss/jwt-go' ...
  got v3.2.5+incompatible
  has 0 dependencies
Evaluating 'github.com/kevinburke/ssh_config' ...
  got v1.6.0
  has 0 dependencies
Evaluating 'github.com/dgrijalva/jwt-go' ...
  got v3.2.0+incompatible
  has 0 dependencies
Evaluating 'github.com/posener/complete' ...
  got v1.1.0
  has 8 dependencies
Evaluating 'github.com/robfig/cron/v3' ...
  got v3.0.1
  has 0 dependencies
Evaluating 'github.com/apparentlymart/go-textseg/v12' ...
  got v12.0.0
  has 0 dependencies
Evaluating 'github.com/bgentry/speakeasy' ...
  got v0.2.0
  has 0 dependencies
Evaluating 'github.com/go-git/go-billy/v5' ...
  got v0.3.6
  has 15 dependencies
Evaluating 'github.com/mxk/go-flowrate' ...
  got v0.0.0-20140419014527-cca7078d478f
  has 0 dependencies
Evaluating 'helm.sh/helm/v3' ...
  got v1.0.1
  has 170 dependencies
Evaluating 'github.com/kr/text' ...
  got v1.1.9
  has 1 dependencies
Evaluating 'github.com/go-logr/zapr' ...
  got v1.1.1
  has 9 dependencies
Evaluating 'github.com/docker/cli/cmd/docker' ...
  got v0.25.1
  has 197 dependencies
Evaluating 'github.com/go-git/gcfg' ...
  got v1.5.0
  has 1 dependencies
Evaluating 'github.com/stoewer/go-strcase' ...
  got v1.1.1
  has 6 dependencies
Evaluating 'github.com/compose-spec/compose-go' ...
  got v1.20.2
  has 21 dependencies
Evaluating 'github.com/census-instrumentation/opencensus-proto' ...
  got v0.4.1
  has 8 dependencies
Evaluating 'github.com/AlecAivazis/survey/v2' ...
  got v2.3.7
  has 23 dependencies
Evaluating 'github.com/distribution/distribution/v3' ...
  got v0.25.1
  has 118 dependencies
Evaluating 'github.com/shirou/gopsutil/v3' ...
  got v1.1.1
  has 13 dependencies
Evaluating 'github.com/theupdateframework/notary' ...
  got v0.3.1
  has 80 dependencies
Evaluating 'github.com/Azure/go-autorest/autorest/azure/auth' ...
  got v14.2.0+incompatible
  has 21 dependencies
Evaluating 'github.com/docker/go' ...
  got v1.5.1-1
  has 0 dependencies
Evaluating 'github.com/go-openapi/loads' ...
  got v0.24.3
  has 31 dependencies
Evaluating 'github.com/go-openapi/analysis' ...
  got v0.25.0
  has 30 dependencies
Evaluating 'github.com/tonistiigi/units' ...
  got v0.0.0-20180711220420-6950e57a87ea
  has 0 dependencies
Evaluating 'github.com/go-openapi/validate' ...
  got v0.24.3
  has 33 dependencies
Evaluating 'google.golang.org/appengine' ...
  got v1.5.2
  has 13 dependencies
Evaluating 'github.com/tonistiigi/vt100' ...
  got v1.1.0
  has 4 dependencies
Evaluating 'github.com/jpillora/backoff' ...
  got v1.0.0
  has 0 dependencies
Evaluating 'github.com/go-git/go-git/v5' ...
  got v1.0.0
  has 47 dependencies
Evaluating 'github.com/containernetworking/cni' ...
  got v1.3.0
  has 13 dependencies
Evaluating 'github.com/jackc/pgio' ...
  got v1.0.0
  has 0 dependencies
Evaluating 'github.com/klauspost/pgzip' ...
  got v1.18.5
  has 1 dependencies
Evaluating 'github.com/containerd/cgroups' ...
  got v0.9.1
  has 23 dependencies
Evaluating 'github.com/docker/go-events' ...
  got v1.1.1
  has 6 dependencies
Evaluating 'github.com/oklog/ulid' ...
  got v1.3.1
  has 0 dependencies
Evaluating 'github.com/lann/builder' ...
  got v0.0.0-20180802200727-47ae307949d0
  has 1 dependencies
Evaluating 'github.com/containerd/fifo' ...
  got v1.1.0
  has 5 dependencies
Evaluating 'github.com/lann/ps' ...
  got v0.0.0-20150810152359-62de8c46ede0
  has 0 dependencies
Evaluating 'github.com/gophercloud/gophercloud' ...
  got v1.14.1
  has 8 dependencies
Evaluating 'github.com/Masterminds/squirrel' ...
  got v1.5.4
  has 5 dependencies
Evaluating 'go.opentelemetry.io/contrib/instrumentation/net/http/httptrace/otelhttptrace' ...
  got v2.3.0
  has 22 dependencies
Evaluating 'google.golang.org/genproto/googleapis/api' ...
  got v1.5.0
  has 8 dependencies
Evaluating 'github.com/rs/cors' ...
  got v1.11.1
  has 0 dependencies
Evaluating 'github.com/tidwall/pretty' ...
  got v1.2.1
  has 0 dependencies
Evaluating 'github.com/docker/buildx' ...
  got v0.0.0-20250102033503-faa5f7b0171c
  has 232 dependencies
Evaluating 'github.com/bgentry/go-netrc' ...
  got v0.0.0-20140422174119-9fd32a8b3d3d
  has 0 dependencies
Evaluating 'github.com/jackc/pgconn' ...
  got v1.1.1
  has 20 dependencies
Evaluating 'github.com/jackc/pgproto3/v2' ...
  got v1.1.0
  has 8 dependencies
Evaluating 'github.com/jackc/chunkreader/v2' ...
  got v2.0.1
  has 0 dependencies
Evaluating 'github.com/containernetworking/plugins' ...
  got v0.2.1
  has 49 dependencies
Evaluating 'github.com/golang-jwt/jwt' ...
  got v3.2.2+incompatible
  has 0 dependencies
Evaluating 'github.com/serialx/hashring' ...
  got v0.0.0-20200727003509-22c0c7ab6b1b
  has 0 dependencies
Evaluating 'github.com/lithammer/dedent' ...
  got v1.1.0
  has 0 dependencies
Evaluating 'github.com/aws/aws-sdk-go-v2/service/ssooidc' ...
  got v1.41.6
  has 4 dependencies
Evaluating 'github.com/go-openapi/runtime' ...
  got v2.3.0
  has 42 dependencies
Evaluating 'github.com/paketo-buildpacks/spring-boot/v5' ...
  got v1.6.0
  has 33 dependencies
Evaluating 'github.com/hashicorp/go-safetemp' ...
  got v1.0.0
  has 0 dependencies
Evaluating 'github.com/jackc/pgtype' ...
  got v0.3.1
  has 62 dependencies
Evaluating 'github.com/minio/sha256-simd' ...
  got v2.2.3
  has 2 dependencies
Evaluating 'github.com/jcmturner/goidentity/v6' ...
  got v1.1.0
  has 7 dependencies
Evaluating 'github.com/lucasb-eyer/go-colorful' ...
  got v1.4.0
  has 0 dependencies
Evaluating 'github.com/go-redis/redis/v8' ...
  got v2.1.2
  has 11 dependencies
Evaluating 'github.com/rubenv/sql-migrate' ...
  got v1.1.1
  has 46 dependencies
Evaluating 'github.com/rs/zerolog' ...
  got v22.7.0
  has 6 dependencies
Evaluating 'github.com/montanaflynn/stats' ...
  got v0.9.0
  has 0 dependencies
Evaluating 'github.com/agl/ed25519' ...
  got v0.0.0-20200225211852-fd4d107ace12
  has 0 dependencies
Evaluating 'github.com/rogpeppe/go-internal' ...
  got v1.14.1
  has 3 dependencies
Evaluating 'github.com/cespare/xxhash' ...
  got v1.2.2
  has 2 dependencies
Evaluating 'github.com/hashicorp/go-getter' ...
  got v0.25.1
  has 240 dependencies
Evaluating 'github.com/mitchellh/hashstructure' ...
  got v1.1.0
  has 0 dependencies
Evaluating 'github.com/envoyproxy/protoc-gen-validate' ...
  got v1.1.0
  has 20 dependencies
Evaluating 'github.com/hashicorp/go-cty-funcs' ...
  got v1.1.0
  has 8 dependencies
Evaluating 'github.com/tidwall/gjson' ...
  got v1.18.0
  has 2 dependencies
Evaluating 'github.com/mattn/go-ieproxy' ...
  got v0.0.12
  has 7 dependencies
Evaluating 'github.com/gosuri/uitable' ...
  got v2.2.0
  has 6 dependencies
Evaluating 'github.com/mattn/go-sqlite3' ...
  got v1.14.42
  has 0 dependencies
Evaluating 'github.com/tidwall/match' ...
  got v1.2.0
  has 0 dependencies
Evaluating 'github.com/moby/sys/sequential' ...
  got v0.6.0
  has 1 dependencies
Evaluating 'github.com/moby/sys/mount' ...
  got v0.3.4
  has 2 dependencies
Evaluating 'github.com/Azure/azure-sdk-for-go/sdk/azcore' ...
  got v1.21.1
  has 23 dependencies
Evaluating 'github.com/ryanuber/go-glob' ...
  got v1.0.0
  has 0 dependencies
Evaluating 'github.com/tinylib/msgp' ...
  got v0.6.0
  has 9 dependencies
Evaluating 'github.com/jackc/pgx/v4' ...
  got v0.3.1
  has 61 dependencies
Evaluating 'go.opentelemetry.io/otel/internal/metric' ...
  got v1.1.0
  has 13 dependencies
Evaluating 'github.com/containers/ocicrypt' ...
  got v0.25.1
  has 180 dependencies
Evaluating 'github.com/Azure/azure-sdk-for-go/sdk/internal' ...
  got v1.20.0
  has 18 dependencies
Evaluating 'github.com/daviddengcn/go-colortext' ...
  got v1.0.0
  has 3 dependencies
Evaluating 'github.com/philhofer/fwd' ...
  got v1.2.0
  has 0 dependencies
Evaluating 'github.com/mitchellh/cli' ...
  got v1.1.1
  has 29 dependencies
Evaluating 'github.com/jinzhu/now' ...
  got v1.1.5
  has 0 dependencies
Evaluating 'github.com/moby/patternmatcher' ...
  got v0.6.1
  has 0 dependencies
Evaluating 'github.com/mitchellh/colorstring' ...
  got v0.0.0-20190213212951-d06e56a500db
  has 0 dependencies
Evaluating 'github.com/cenkalti/backoff' ...
  got v2.2.1+incompatible
  has 0 dependencies
Evaluating 'github.com/yuin/goldmark' ...
  got v1.8.2
  has 0 dependencies
Evaluating 'github.com/alecthomas/template' ...
  got v0.0.0-20190718012654-fb15b899a751
  has 0 dependencies
Evaluating 'github.com/hashicorp/terraform-svchost' ...
  got v15.0.0
  has 15 dependencies
Evaluating 'cmd/covdata' ...
  ! module not found
Evaluating 'github.com/mrunalp/fileutils' ...
  got v0.5.1
  has 0 dependencies
Evaluating 'github.com/go-chi/chi/v5' ...
  got v5.2.5
  has 0 dependencies
Evaluating 'github.com/miekg/pkcs11' ...
  got v1.1.2
  has 0 dependencies
Evaluating 'gorm.io/gorm' ...
  got v1.0.0
  has 8 dependencies
Evaluating 'github.com/stefanberger/go-pkcs11uri' ...
  got v0.0.0-20230803200340-78284954bff6
  has 0 dependencies
Evaluating 'github.com/google/cel-go' ...
  got v0.25.1
  has 9 dependencies
Evaluating 'k8s.io/cri-api' ...
  got v1.1.2-0.20180830191138-d8f796af33cc
  has 15 dependencies
Evaluating 'github.com/jinzhu/copier' ...
  got v0.4.0
  has 0 dependencies
Evaluating 'github.com/checkpoint-restore/go-criu/v5' ...
  got v5.3.0
  has 5 dependencies
Evaluating 'github.com/seccomp/libseccomp-golang' ...
  got v0.11.1
  has 0 dependencies
Evaluating 'github.com/cloudflare/circl' ...
  got v1.2.3
  has 3 dependencies
Evaluating 'github.com/containerd/go-cni' ...
  got v1.1.13
  has 20 dependencies
Evaluating 'github.com/NYTimes/gziphandler' ...
  got v1.1.1
  has 4 dependencies
Evaluating 'github.com/Microsoft/hcsshim' ...
  got v0.20.0
  has 151 dependencies
Evaluating 'github.com/docker/cli-docs-tool' ...
  got v2.0.7
  has 11 dependencies
Evaluating 'github.com/dsnet/compress' ...
  got v0.0.1
  has 4 dependencies
Evaluating 'github.com/buger/goterm' ...
  got v1.0.4
  has 1 dependencies
Evaluating 'github.com/envoyproxy/go-control-plane' ...
  got v0.24.0
  has 22 dependencies
Evaluating 'github.com/pavlo-v-chernykh/keystore-go/v4' ...
  got v4.5.0
  has 0 dependencies
Evaluating 'oras.land/oras-go' ...
  got v0.0.0-20230811130428-ced1acdcaa24
  has 85 dependencies
Evaluating 'github.com/Azure/azure-sdk-for-go/sdk/azidentity' ...
  got v1.20.0
  has 27 dependencies
Evaluating 'github.com/gorilla/handlers' ...
  got v1.0.3
  has 1 dependencies
Evaluating 'github.com/dgraph-io/ristretto' ...
  got v2.1.1
  has 9 dependencies
Evaluating 'github.com/zclconf/go-cty-yaml' ...
  got v1.0.0
  has 13 dependencies
Evaluating 'github.com/go-chi/chi' ...
  got v1.5.5
  has 0 dependencies
Evaluating 'github.com/containerd/go-runc' ...
  got v1.0.3
  has 10 dependencies
Evaluating 'github.com/Azure/azure-pipeline-go' ...
  got v0.2.3
  has 7 dependencies
Evaluating 'gopkg.in/alecthomas/kingpin.v2' ...
  ! module not resolved
Evaluating 'github.com/AzureAD/microsoft-authentication-library-for-go' ...
  got v1.7.1
  has 6 dependencies
Evaluating 'github.com/vmihailenco/tagparser' ...
  got v0.1.2
  has 0 dependencies
Evaluating 'github.com/bmatcuk/doublestar' ...
  got v1.3.4
  has 0 dependencies
Evaluating 'github.com/mistifyio/go-zfs' ...
  got v2.1.1+incompatible
  has 0 dependencies
Evaluating 'github.com/uber/jaeger-client-go' ...
  got v1.1.1
  has 7 dependencies
Evaluating 'github.com/coreos/pkg' ...
  got v0.0.0-20240122114842-bbd7aa9bf6fb
  has 0 dependencies
Evaluating 'github.com/containerd/imgcrypt' ...
  got v0.5.2
  has 57 dependencies
Evaluating 'github.com/docker/compose/v2' ...
  got v2.3.7
  has 193 dependencies
Evaluating 'github.com/Azure/azure-storage-blob-go' ...
  got v0.2.3
  has 21 dependencies
Evaluating 'github.com/eapache/queue' ...
  got v1.1.0
  has 0 dependencies
Evaluating 'github.com/tchap/go-patricia' ...
  got v2.3.0+incompatible
  has 0 dependencies
Evaluating 'github.com/kelseyhightower/envconfig' ...
  got v1.4.0
  has 0 dependencies
Evaluating 'github.com/mwitkow/go-conntrack' ...
  got v2.4.0
  has 37 dependencies
Evaluating 'github.com/skratchdot/open-golang' ...
  got v0.0.0-20200116055534-eef842397966
  has 0 dependencies
Evaluating 'github.com/hashicorp/vault/api' ...
  got v1.1.1
  has 49 dependencies
Evaluating 'github.com/containerd/nri' ...
  got v0.1.0
  has 31 dependencies
Evaluating 'github.com/containerd/aufs' ...
  got v0.0.0-20160811212531-371fbbdaa898
  has 292 dependencies
Evaluating 'github.com/containerd/zfs' ...
  got v0.0.0-20160811212531-371fbbdaa898
  has 464 dependencies
Evaluating 'github.com/hashicorp/go-checkpoint' ...
  got v0.5.0
  has 2 dependencies
Evaluating 'github.com/hashicorp/logutils' ...
  got v1.0.0
  has 0 dependencies
Evaluating 'gopkg.in/check.v1' ...
  got v0.2.1
  has 3 dependencies
Evaluating 'github.com/vmihailenco/msgpack/v4' ...
  got v1.1.1
  has 13 dependencies
Evaluating 'github.com/fatih/structs' ...
  got v1.1.0
  has 0 dependencies
Evaluating 'github.com/aliyun/alibaba-cloud-sdk-go' ...
  got v0.0.0-20190408044501-666a987793e9
  has 48 dependencies
Evaluating 'github.com/pkg/sftp' ...
  got v1.1.1
  has 10 dependencies
Evaluating 'github.com/uber/jaeger-lib' ...
  got v2.4.1+incompatible
  has 0 dependencies
Evaluating 'github.com/nwaples/rardecode' ...
  got v1.1.3
  has 0 dependencies
Evaluating 'github.com/goccy/go-json' ...
  got v0.10.6
  has 0 dependencies
Evaluating 'github.com/VividCortex/ewma' ...
  got v1.2.0
  has 0 dependencies
Evaluating 'github.com/armon/circbuf' ...
  got v0.0.0-20190214190532-5111143e8da2
  has 0 dependencies
Evaluating 'github.com/satori/go.uuid' ...
  got v1.2.0
  has 0 dependencies
Evaluating 'go.uber.org/automaxprocs' ...
  got v1.1.1
  has 7 dependencies
Evaluating 'github.com/otiai10/copy' ...
  got v1.14.1
  has 3 dependencies
Evaluating 'github.com/shirou/gopsutil' ...
  got v3.21.11+incompatible
  has 0 dependencies
Evaluating 'github.com/kardianos/osext' ...
  got v0.0.0-20190222173326-2bc1f35cddc0
  has 0 dependencies
Evaluating 'github.com/xrash/smetrics' ...
  got v0.0.0-20250705151800-55b8f293f342
  has 0 dependencies
Evaluating 'github.com/valyala/fasttemplate' ...
  got v1.0.0
  has 1 dependencies
Evaluating 'github.com/minio/md5-simd' ...
  got v2.0.1
  has 1 dependencies
Evaluating 'github.com/go-gorp/gorp/v3' ...
  got v1.1.1
  has 15 dependencies
Evaluating 'github.com/alecthomas/chroma' ...
  got v0.10.0
  has 7 dependencies
Evaluating 'github.com/gdamore/encoding' ...
  got v1.0.1
  has 10 dependencies
Evaluating 'github.com/hashicorp/vault/sdk' ...
  got v0.18.2
  has 127 dependencies
Evaluating 'github.com/containerd/btrfs' ...
  got v1.0.1
  has 0 dependencies
Evaluating 'github.com/ssgelm/cookiejarparser' ...
  got v1.0.1
  has 4 dependencies
Evaluating 'github.com/intel/goresctrl' ...
  got v1.0.1
  has 45 dependencies
Evaluating 'github.com/antlr/antlr4/runtime/Go/antlr' ...
  got v1.4.10
  has 0 dependencies
Evaluating 'github.com/olekukonko/ts' ...
  got v0.0.0-20171002115256-78ecb04241c0
  has 1 dependencies
Evaluating 'github.com/inconshreveable/mousetrap' ...
  got v1.1.0
  has 0 dependencies
Evaluating 'github.com/rubyist/tracerx' ...
  got v0.0.0-20170927163412-787959303086
  has 0 dependencies
Evaluating 'github.com/git-lfs/go-netrc' ...
  got v0.0.0-20250218165306-ba0029b43d11
  has 0 dependencies
Evaluating 'github.com/aliyun/aliyun-oss-go-sdk' ...
  got v3.0.2+incompatible
  has 1 dependencies
Evaluating 'github.com/Masterminds/sprig' ...
  got v1.1.1
  has 14 dependencies
Evaluating 'github.com/dpotapov/go-spnego' ...
  got v0.0.0-20210105120005-909beea2cc74
  has 22 dependencies
Evaluating 'github.com/eapache/go-resiliency' ...
  got v1.7.0
  has 0 dependencies
Evaluating 'helm.sh/helm' ...
  got v2.17.0+incompatible
  has 0 dependencies
Evaluating 'github.com/minio/minio-go/v7' ...
  got v2.3.0
  has 25 dependencies
Evaluating 'github.com/hashicorp/go-msgpack' ...
  got v0.5.5
  has 0 dependencies
Evaluating 'github.com/Masterminds/vcs' ...
  got v1.13.3
  has 0 dependencies
Evaluating 'github.com/eapache/go-xerial-snappy' ...
  got v0.0.0-20230731223053-c322873962e3
  has 1 dependencies
Evaluating 'github.com/git-lfs/gitobj/v2' ...
  got v1.1.1
  has 3 dependencies
Evaluating 'github.com/google/s2a-go' ...
  got v0.112.2
  has 46 dependencies
Evaluating 'github.com/buildpacks/imgutil' ...
  got v0.7.0
  has 67 dependencies
Evaluating 'github.com/syndtr/goleveldb' ...
  got v1.4.7
  has 14 dependencies
Evaluating 'github.com/cncf/xds/go' ...
  got v0.25.1
  has 9 dependencies
Evaluating 'github.com/kr/fs' ...
  got v0.1.0
  has 0 dependencies
Evaluating 'github.com/pquerna/cachecontrol' ...
  got v1.1.0
  has 6 dependencies
Evaluating 'github.com/prometheus/prometheus' ...
  got v0.18.2
  has 248 dependencies
Evaluating 'github.com/mitchellh/go-ps' ...
  got v1.0.0
  has 0 dependencies
Evaluating 'github.com/vmihailenco/msgpack' ...
  got v1.5.2
  has 14 dependencies
Evaluating 'github.com/google/flatbuffers' ...
  got v25.12.19+incompatible
  has 0 dependencies
Evaluating 'github.com/cenkalti/backoff/v3' ...
  got v3.2.2
  has 0 dependencies
Evaluating 'github.com/leonelquinteros/gotext' ...
  got v1.7.2
  has 4 dependencies
Evaluating 'github.com/edsrzf/mmap-go' ...
  got v1.2.0
  has 1 dependencies
Evaluating 'sigs.k8s.io/kustomize/kustomize/v4' ...
  got v0.26.0
  has 97 dependencies
Evaluating 'contrib.go.opencensus.io/exporter/prometheus' ...
  got v0.65.0
  has 100 dependencies
Evaluating 'github.com/aws/aws-sdk-go-v2/service/internal/accept-encoding' ...
  got v1.13.8
  has 1 dependencies
Evaluating 'github.com/rootless-containers/rootlesskit' ...
  got v2.0.2
  has 19 dependencies
Evaluating 'github.com/gdamore/tcell/v2' ...
  got v1.0.1
  has 15 dependencies
Evaluating 'github.com/Azure/azure-sdk-for-go/sdk/storage/azblob' ...
  got v1.20.0
  has 25 dependencies
Evaluating 'github.com/google/wire' ...
  got v0.6.0
  has 6 dependencies
Evaluating 'github.com/aws/aws-sdk-go-v2/service/internal/s3shared' ...
  got v1.41.6
  has 2 dependencies
Evaluating 'github.com/gammazero/deque' ...
  got v1.2.1
  has 0 dependencies
Evaluating 'github.com/gomodule/redigo' ...
  got v1.1.1
  has 4 dependencies
Evaluating 'github.com/muesli/reflow' ...
  got v0.0.12
  has 2 dependencies
Evaluating 'github.com/hashicorp/terraform-registry-address' ...
  got v13.0.0
  has 18 dependencies
Evaluating 'github.com/hashicorp/terraform-config-inspect' ...
  got v1.2.2
  has 23 dependencies
Evaluating 'github.com/zeebo/errs' ...
  got v1.4.0
  has 0 dependencies
Evaluating 'github.com/git-lfs/git-lfs/v3' ...
  got v0.0.0-20210105120005-909beea2cc74
  has 50 dependencies
Evaluating 'github.com/git-lfs/pktline' ...
  got v1.1.1
  has 3 dependencies
Evaluating 'github.com/git-lfs/wildmatch/v2' ...
  got v2.0.1
  has 0 dependencies
Evaluating 'github.com/gammazero/workerpool' ...
  got v1.2.1
  has 1 dependencies
Evaluating 'github.com/pires/go-proxyproto' ...
  got v0.12.0
  has 2 dependencies
Evaluating 'nhooyr.io/websocket' ...
  got v1.8.17
  has 0 dependencies
Evaluating 'github.com/golang-sql/civil' ...
  got v0.0.0-20220223132316-b832511892a9
  has 0 dependencies
Evaluating 'github.com/go-resty/resty/v2' ...
  got v2.17.2
  has 6 dependencies
Evaluating 'github.com/aws/aws-sdk-go-v2/service/s3' ...
  got v1.41.6
  has 10 dependencies
Evaluating 'github.com/benbjohnson/clock' ...
  got v1.3.5
  has 0 dependencies
Evaluating 'github.com/getsentry/sentry-go' ...
  got v1.1.1
  has 16 dependencies
Evaluating 'filippo.io/edwards25519' ...
  got v1.2.0
  has 0 dependencies
Evaluating 'github.com/muesli/termenv' ...
  got v2.0.1
  has 5 dependencies
Evaluating 'github.com/insomniacslk/dhcp' ...
  got v1.1.0
  has 17 dependencies
Evaluating 'github.com/secure-systems-lab/go-securesystemslib' ...
  got v0.0.0-20141003034818-6a90f24967eb
  has 7 dependencies
Evaluating 'github.com/coreos/go-oidc' ...
  got v0.3.0
  has 15 dependencies
Evaluating 'github.com/prometheus/statsd_exporter' ...
  got v0.3.0
  has 52 dependencies
Evaluating 'github.com/Shopify/sarama' ...
  ! module not resolved
Evaluating 'github.com/nu7hatch/gouuid' ...
  got v0.0.0-20131221200532-179d4d0c4d8d
  has 0 dependencies
Evaluating 'github.com/goccy/go-yaml' ...
  got v1.19.2
  has 0 dependencies
Evaluating 'github.com/spaolacci/murmur3' ...
  got v1.1.0
  has 0 dependencies
Evaluating 'github.com/manifoldco/promptui' ...
  got v1.1.10
  has 4 dependencies
Evaluating 'github.com/cncf/udpa/go' ...
  got v0.26.0
  has 25 dependencies
Evaluating 'github.com/hashicorp/go-secure-stdlib/strutil' ...
  got v0.1.2
  has 1 dependencies
Evaluating 'github.com/dgryski/go-farm' ...
  got v0.0.0-20240924180020-3414d57e47da
  has 0 dependencies
Evaluating 'github.com/hashicorp/go-secure-stdlib/parseutil' ...
  got v1.1.1
  has 31 dependencies
Evaluating 'github.com/openfaas/faas-middleware' ...
  got v5.2.1
  has 4 dependencies
Evaluating 'github.com/julienschmidt/httprouter' ...
  got v1.3.0
  has 0 dependencies
Evaluating 'cloud.google.com/go/bigtable' ...
  got v0.25.1
  has 198 dependencies
Evaluating 'github.com/tilt-dev/fsnotify' ...
  got v1.4.7
  has 1 dependencies
Evaluating 'github.com/pkg/xattr' ...
  got v0.4.12
  has 1 dependencies
Evaluating 'github.com/sean-/seed' ...
  got v0.0.0-20170313163322-e2103e2c3529
  has 0 dependencies
Evaluating 'go.opentelemetry.io/otel/sdk/metric' ...
  got v2.3.0
  has 20 dependencies
Evaluating 'github.com/klauspost/cpuid' ...
  got v1.3.1
  has 0 dependencies
Evaluating 'github.com/go-asn1-ber/asn1-ber' ...
  got v1.5.7
  has 0 dependencies
Evaluating 'github.com/hashicorp/go-slug' ...
  got v1.0.1
  has 9 dependencies
Evaluating 'github.com/hashicorp/go-tfe' ...
  got v1.0.1
  has 27 dependencies
Evaluating 'github.com/DataDog/datadog-go' ...
  got v4.8.3+incompatible
  has 0 dependencies
Evaluating 'go.uber.org/goleak' ...
  got v1.1.1
  has 6 dependencies
Evaluating 'github.com/coreos/go-oidc/v3' ...
  got v3.18.0
  has 2 dependencies
Evaluating 'github.com/pborman/uuid' ...
  got v1.0.0
  has 1 dependencies
Evaluating 'github.com/cheggaaa/pb/v3' ...
  got v1.2.0
  has 7 dependencies
Evaluating 'github.com/aws/aws-sdk-go-v2/aws/protocol/eventstream' ...
  got v1.7.9
  has 1 dependencies
Evaluating 'github.com/valyala/fasthttp' ...
  got v1.2.1
  has 8 dependencies
Evaluating 'github.com/charmbracelet/lipgloss' ...
  got v2.0.1
  has 15 dependencies
Evaluating 'github.com/godbus/dbus' ...
  got v4.1.0+incompatible
  has 0 dependencies
Evaluating 'github.com/lucas-clemente/quic-go' ...
  ! module not resolved
Evaluating 'github.com/bits-and-blooms/bitset' ...
  got v1.24.4
  has 0 dependencies
Evaluating 'github.com/nats-io/nkeys' ...
  got v0.4.15
  has 5 dependencies
Evaluating 'github.com/nats-io/nuid' ...
  got v1.0.1
  has 0 dependencies
Evaluating 'github.com/labstack/gommon' ...
  got v1.1.1
  has 9 dependencies
Evaluating 'gopkg.in/op/go-logging.v1' ...
  got v1.0.0-20160211212156-b2cb9fa56473
  has 0 dependencies
Evaluating 'github.com/tencentcloud/tencentcloud-sdk-go/tencentcloud/common' ...
  got v1.3.88
  has 0 dependencies
Evaluating 'sigs.k8s.io/apiserver-network-proxy/konnectivity-client' ...
  got v1.0.1
  has 17 dependencies
Evaluating 'gopkg.in/tomb.v2' ...
  got v0.50.0
  has 5 dependencies
Evaluating 'github.com/hashicorp/memberlist' ...
  got v0.34.0
  has 102 dependencies
Evaluating 'github.com/songgao/water' ...
  got v0.0.0-20200317203138-2b4b6d7c09d8
  has 1 dependencies
Evaluating 'github.com/docker/spdystream' ...
  ! module not resolved
Evaluating 'golang.org/x/image' ...
  got v0.39.0
  has 1 dependencies
Evaluating 'github.com/hashicorp/jsonapi' ...
  got v1.5.0
  has 0 dependencies
Evaluating 'github.com/ChrisTrenkamp/goxpath' ...
  got v0.0.0-20210404020558-97928f7e12b6
  has 4 dependencies
Evaluating 'github.com/josharian/native' ...
  got v1.1.0
  has 0 dependencies
Evaluating 'github.com/masterzen/simplexml' ...
  got v0.0.0-20190410153822-31eea3082786
  has 0 dependencies
Evaluating 'github.com/masterzen/winrm' ...
  got v0.0.0-20221128193559-754e69321358
  has 38 dependencies
Evaluating 'github.com/digitalocean/godo' ...
  got v0.3.0
  has 17 dependencies
Evaluating 'github.com/caddyserver/certmagic' ...
  got v1.1.0
  has 32 dependencies
Evaluating 'github.com/karrick/godirwalk' ...
  got v1.17.0
  has 0 dependencies
Evaluating 'github.com/mozillazg/go-httpheader' ...
  got v0.4.0
  has 0 dependencies
Evaluating 'github.com/mholt/archiver/v3' ...
  got v1.0.1
  has 13 dependencies
Evaluating 'github.com/container-storage-interface/spec' ...
  got v1.12.0
  has 7 dependencies
Evaluating 'github.com/tencentyun/cos-go-sdk-v5' ...
  got v1.8.4
  has 15 dependencies
Evaluating 'github.com/briandowns/spinner' ...
  got v1.23.2
  has 5 dependencies
Evaluating 'github.com/remyoudompheng/bigfft' ...
  got v0.0.0-20230129092748-24d4a6f8daec
  has 0 dependencies
Evaluating 'github.com/cheekybits/genny' ...
  got v1.0.0
  has 8 dependencies
Evaluating 'github.com/prometheus/exporter-toolkit' ...
  got v2.4.0
  has 26 dependencies
Evaluating 'github.com/soheilhy/cmux' ...
  got v0.1.5
  has 5 dependencies
Evaluating 'github.com/hashicorp/aws-sdk-go-base' ...
  got v1.31.9
  has 18 dependencies
Evaluating 'github.com/containerd/typeurl/v2' ...
  got v2.2.3
  has 15 dependencies
Evaluating 'github.com/nats-io/nats.go' ...
  got v1.18.5
  has 8 dependencies
Evaluating 'github.com/in-toto/in-toto-golang' ...
  got v0.24.0
  has 59 dependencies
Evaluating 'github.com/atotto/clipboard' ...
  got v0.1.4
  has 0 dependencies
Evaluating 'github.com/shibumi/go-pathspec' ...
  got v1.3.0
  has 0 dependencies
Evaluating 'github.com/dylanmei/iso8601' ...
  got v0.1.0
  has 0 dependencies
Evaluating 'github.com/packer-community/winrmcp' ...
  got v0.0.0-20221128193559-754e69321358
  has 41 dependencies
Evaluating 'github.com/aws/aws-sdk-go-v2/feature/s3/manager' ...
  got v1.41.6
  has 18 dependencies
Evaluating 'github.com/dgryski/go-metro' ...
  got v0.0.0-20250106013310-edb8663e5e33
  has 0 dependencies
Evaluating 'github.com/dgraph-io/badger' ...
  got v0.0.0-20190825152654-46b345b51c96
  has 44 dependencies
Evaluating 'github.com/AndreasBriese/bbloom' ...
  got v0.0.0-20190825152654-46b345b51c96
  has 0 dependencies
Evaluating 'github.com/go-ldap/ldap/v3' ...
  got v0.1.0
  has 20 dependencies
Evaluating 'github.com/aws/aws-sdk-go-v2/service/internal/checksum' ...
  got v1.41.6
  has 3 dependencies
Evaluating 'github.com/hashicorp/go-azure-helpers' ...
  got v14.2.0+incompatible
  has 42 dependencies
Evaluating 'github.com/libdns/libdns' ...
  got v1.1.1
  has 0 dependencies
Evaluating 'github.com/elliotchance/orderedmap' ...
  got v1.1.0
  has 6 dependencies
Evaluating 'sigs.k8s.io/structured-merge-diff/v3' ...
  got v1.0.0
  has 6 dependencies
Evaluating 'github.com/moby/vpnkit' ...
  got v0.4.11
  has 65 dependencies
Evaluating 'github.com/mholt/acmez' ...
  got v1.1.0
  has 17 dependencies
Evaluating 'github.com/google/gnostic-models' ...
  got v0.7.1
  has 2 dependencies
Evaluating 'github.com/aws/aws-sdk-go-v2/internal/v4a' ...
  got v1.41.6
  has 2 dependencies
Evaluating 'github.com/vmware/govmomi' ...
  got v0.0.0-20240104212747-2c8764a5f17e
  has 14 dependencies
Evaluating 'github.com/hashicorp/terraform' ...
  ! module not resolved
Evaluating 'github.com/apparentlymart/go-versions' ...
  got v1.0.3
  has 3 dependencies
Evaluating 'github.com/hashicorp/go-secure-stdlib/mlock' ...
  got v0.1.3
  has 1 dependencies
Evaluating 'github.com/mikefarah/yq/v4' ...
  got v1.4.3
  has 54 dependencies
Evaluating 'github.com/go-sourcemap/sourcemap' ...
  got v2.1.4+incompatible
  has 0 dependencies
Evaluating 'gocloud.dev' ...
  got v0.25.1
  has 128 dependencies
Evaluating 'github.com/dgraph-io/badger/v2' ...
  got v0.3.1
  has 45 dependencies
Evaluating 'gopkg.in/fsnotify.v1' ...
  got v0.43.0
  has 1 dependencies
Evaluating 'github.com/robfig/cron' ...
  got v1.2.0
  has 0 dependencies
Evaluating 'github.com/rjeczalik/notify' ...
  got v0.9.3
  has 1 dependencies
Evaluating 'github.com/hashicorp/go-memdb' ...
  got v1.3.1
  has 3 dependencies
Evaluating 'github.com/gorilla/css' ...
  got v1.0.1
  has 0 dependencies
Evaluating 'github.com/denisenkom/go-mssqldb' ...
  got v0.19.0
  has 21 dependencies
Evaluating 'github.com/hashicorp/golang-lru/v2' ...
  got v2.0.7
  has 0 dependencies
Evaluating 'github.com/aliyun/aliyun-tablestore-go-sdk' ...
  got v0.3.1
  has 36 dependencies
Evaluating 'github.com/lestrrat-go/iter' ...
  got v1.1.0
  has 6 dependencies
Evaluating 'github.com/lestrrat-go/option' ...
  got v1.1.0
  has 6 dependencies
Evaluating 'github.com/go-jose/go-jose/v3' ...
  got v1.1.0
  has 17 dependencies
Evaluating 'github.com/lestrrat-go/httpcc' ...
  got v1.1.0
  has 6 dependencies
Evaluating 'github.com/sony/gobreaker' ...
  got v1.1.0
  has 4 dependencies
Evaluating 'gorm.io/driver/mysql' ...
  got v1.1.0
  has 9 dependencies
Evaluating 'go.step.sm/crypto' ...
  got v0.123.0
  has 101 dependencies
Evaluating 'modernc.org/mathutil' ...
  got v0.0.0-20230129092748-24d4a6f8daec
  has 1 dependencies
Evaluating 'github.com/tombuildsstuff/giovanni' ...
  got v1.2.2
  has 45 dependencies
Evaluating 'modernc.org/memory' ...
  got v0.0.0-20230129092748-24d4a6f8daec
  has 3 dependencies
Evaluating 'github.com/google/certificate-transparency-go' ...
  got v0.0.8
  has 146 dependencies
Evaluating 'sigs.k8s.io/kustomize/kustomize/v5' ...
  got v1.1.1
  has 66 dependencies
Evaluating 'github.com/linode/linodego' ...
  got v1.1.1
  has 21 dependencies
Evaluating 'github.com/nsf/termbox-go' ...
  got v0.0.9
  has 1 dependencies
Evaluating 'github.com/go-chi/cors' ...
  got v1.2.2
  has 0 dependencies
Evaluating 'knative.dev/pkg' ...
  got v1.0.1
  has 95 dependencies
Evaluating 'github.com/mitchellh/go-linereader' ...
  got v0.0.0-20190213213312-1b945b3263eb
  has 0 dependencies
Evaluating 'modernc.org/libc' ...
  got v1.0.1
  has 22 dependencies
Evaluating 'modernc.org/sqlite' ...
  got v1.0.1
  has 24 dependencies
Evaluating 'github.com/apparentlymart/go-userdirs' ...
  got v0.0.0-20200915174352-b0c018a67c13
  has 2 dependencies
Evaluating 'github.com/lestrrat-go/blackmagic' ...
  got v1.1.1
  has 4 dependencies
Evaluating 'gopkg.in/tomb.v1' ...
  got v1.0.0-20141024135613-dd632973f1e7
  has 0 dependencies
Evaluating 'github.com/adrg/xdg' ...
  got v0.5.3
  has 5 dependencies
Evaluating 'github.com/labstack/echo/v4' ...
  got v1.1.1
  has 18 dependencies
Evaluating 'github.com/golang-migrate/migrate/v4' ...
  got v0.24.0
  has 208 dependencies
Evaluating 'github.com/a8m/envsubst' ...
  got v1.4.3
  has 0 dependencies
Evaluating 'gorm.io/driver/postgres' ...
  got v1.1.1
  has 22 dependencies
Evaluating 'contrib.go.opencensus.io/exporter/ocagent' ...
  got v0.56.0
  has 73 dependencies
Evaluating 'github.com/eclipse/paho.mqtt.golang' ...
  got v1.5.1
  has 7 dependencies
Evaluating 'github.com/PuerkitoBio/goquery' ...
  got v1.12.0
  has 13 dependencies
Evaluating 'github.com/andybalholm/cascadia' ...
  got v1.3.3
  has 12 dependencies
Evaluating 'github.com/openzipkin/zipkin-go' ...
  got v1.43.1
  has 35 dependencies
Evaluating 'github.com/apache/thrift' ...
  got v0.23.0
  has 0 dependencies
Evaluating 'github.com/minio/highwayhash' ...
  got v1.0.4
  has 1 dependencies
Evaluating 'gonum.org/v1/gonum' ...
  got v0.5.0
  has 18 dependencies
Evaluating 'github.com/mdlayher/netlink' ...
  got v0.7.0
  has 8 dependencies
Evaluating 'github.com/vmihailenco/msgpack/v5' ...
  got v1.1.0
  has 5 dependencies
Evaluating 'github.com/cheggaaa/pb' ...
  got v1.0.29
  has 5 dependencies
Evaluating 'github.com/mohae/deepcopy' ...
  got v0.0.0-20170929034955-c48cc78d4826
  has 0 dependencies
Evaluating 'github.com/jackc/pgx/v5' ...
  got v1.1.1
  has 14 dependencies
Evaluating 'github.com/lestrrat-go/jwx' ...
  got v1.1.1
  has 15 dependencies
Evaluating 'github.com/u-root/uio' ...
  got v4.1.14
  has 2 dependencies
Evaluating 'github.com/go-ini/ini' ...
  ! module not resolved
Evaluating 'github.com/pavel-v-chernykh/keystore-go/v4' ...
  ! module not resolved
Evaluating 'github.com/rabbitmq/amqp091-go' ...
  got v1.11.0
  has 1 dependencies
Evaluating 'github.com/microcosm-cc/bluemonday' ...
  got v0.2.0
  has 7 dependencies
Evaluating 'github.com/francoispqt/gojay' ...
  got v0.37.0
  has 113 dependencies
Evaluating 'github.com/smallstep/certificates' ...
  got v0.123.0
  has 170 dependencies
Evaluating 'github.com/smallstep/nosql' ...
  got v1.1.1
  has 65 dependencies
Evaluating 'go.opentelemetry.io/otel/exporters/jaeger' ...
  got v1.1.1
  has 13 dependencies
Evaluating 'github.com/smallstep/truststore' ...
  got v1.4.0
  has 4 dependencies
Evaluating 'cloud.google.com/go/pubsub' ...
  got v0.25.1
  has 198 dependencies
Evaluating 'github.com/deepmap/oapi-codegen' ...
  got v1.3.2
  has 88 dependencies
Evaluating 'go.opentelemetry.io/contrib' ...
  got v1.1.1
  has 4 dependencies
Evaluating 'github.com/caddyserver/caddy/v2' ...
  got v0.25.1
  has 190 dependencies
Evaluating 'istio.io/api' ...
  got v1.5.4
  has 8 dependencies
Evaluating 'go.step.sm/cli-utils' ...
  ! module not resolved
Evaluating 'cloud.google.com/go/longrunning' ...
  got v0.25.1
  has 73 dependencies
Evaluating 'github.com/x448/float16' ...
  got v0.8.4
  has 0 dependencies
Evaluating 'cloud.google.com/go/kms' ...
  got v0.123.0
  has 32 dependencies
Evaluating 'github.com/xdg/stringprep' ...
  got v1.0.3
  has 4 dependencies
Evaluating 'go.step.sm/linkedca' ...
  ! module not resolved
Evaluating 'github.com/micromdm/scep/v2' ...
  got v1.3.1
  has 22 dependencies
Evaluating 'k8s.io/kube-aggregator' ...
  got v1.36.6-20250425153114-8976f5be98c1.1
  has 166 dependencies
Evaluating 'github.com/spdx/tools-golang' ...
  got v0.1.0
  has 9 dependencies
Evaluating 'go.etcd.io/etcd' ...
  ! module not resolved
Evaluating 'github.com/tencentcloud/tencentcloud-sdk-go/tencentcloud/tag' ...
  got v1.3.54
  has 1 dependencies
Evaluating 'github.com/OneOfOne/xxhash' ...
  got v1.2.8
  has 0 dependencies
Evaluating 'github.com/charmbracelet/bubbletea' ...
  got v2.0.1
  has 24 dependencies
Evaluating 'github.com/lestrrat-go/backoff/v2' ...
  got v1.1.0
  has 7 dependencies
Evaluating 'github.com/muesli/ansi' ...
  got v0.0.14
  has 2 dependencies
Evaluating 'github.com/manicminer/hamilton' ...
  got v1.5.3
  has 14 dependencies
Evaluating 'github.com/xdg/scram' ...
  got v1.0.5
  has 9 dependencies
Evaluating 'github.com/charmbracelet/bubbles' ...
  got v1.0.0
  has 30 dependencies
Evaluating 'github.com/quic-go/quic-go' ...
  got v1.1.1
  has 18 dependencies
Evaluating 'github.com/natefinch/lumberjack' ...
  got v2.0.0+incompatible
  has 0 dependencies
Evaluating 'github.com/yuin/gopher-lua' ...
  got v1.1.10
  has 4 dependencies
Evaluating 'github.com/aymerick/douceur' ...
  got v1.12.0
  has 15 dependencies
Evaluating 'cloud.google.com/go/logging' ...
  got v0.25.1
  has 186 dependencies
Evaluating 'github.com/alecthomas/participle/v2' ...
  got v2.11.0
  has 3 dependencies
Evaluating 'github.com/juju/ratelimit' ...
  got v1.0.2
  has 0 dependencies
Evaluating 'github.com/pjbgf/sha1cd' ...
  got v2.3.0
  has 2 dependencies
Evaluating 'github.com/skeema/knownhosts' ...
  got v1.3.2
  has 5 dependencies
Evaluating 'github.com/aws/aws-sdk-go-v2/service/ecr' ...
  got v1.41.6
  has 4 dependencies
Evaluating 'github.com/beevik/etree' ...
  got v1.6.0
  has 0 dependencies
Evaluating 'github.com/muesli/cancelreader' ...
  got v0.2.2
  has 1 dependencies
Evaluating 'cloud.google.com/go/monitoring' ...
  got v0.123.0
  has 31 dependencies
Evaluating 'github.com/openshift/api' ...
  got v1.1.1
  has 61 dependencies
Evaluating 'github.com/fxamacker/cbor/v2' ...
  got v2.9.1
  has 1 dependencies
Evaluating 'github.com/apparentlymart/go-shquot' ...
  got v0.0.1
  has 0 dependencies
Evaluating 'github.com/influxdata/line-protocol' ...
  got v0.0.0-20210922203350-b1ad95c89adf
  has 0 dependencies
Evaluating 'github.com/hashicorp/terraform-json' ...
  got v15.0.0
  has 15 dependencies
Evaluating 'github.com/vmihailenco/tagparser/v2' ...
  got v2.0.0
  has 0 dependencies
Evaluating 'github.com/mdlayher/socket' ...
  got v0.7.0
  has 7 dependencies
Evaluating 'github.com/gorilla/securecookie' ...
  got v1.2.0
  has 1 dependencies
Evaluating 'github.com/hashicorp/terraform-plugin-log' ...
  got v1.13.0
  has 7 dependencies
Evaluating 'github.com/agnivade/levenshtein' ...
  got v1.2.1
  has 2 dependencies
Evaluating 'github.com/iancoleman/strcase' ...
  got v0.3.0
  has 0 dependencies
Evaluating 'github.com/grpc-ecosystem/grpc-opentracing' ...
  got v0.0.0-20180507213350-8e809c8a8645
  has 0 dependencies
Evaluating 'github.com/joyent/triton-go' ...
  ! module not resolved
Evaluating 'github.com/apache/arrow/go/arrow' ...
  got v0.34.0
  has 72 dependencies
Evaluating 'github.com/docker/scan-cli-plugin' ...
  got v0.0.0-20210617225240-d185dfc1b5a1
  has 64 dependencies
Evaluating 'github.com/rivo/tview' ...
  got v1.0.1
  has 17 dependencies
Evaluating 'k8s.io/component-helpers' ...
  got v1.1.2-0.20180830191138-d8f796af33cc
  has 39 dependencies
Evaluating 'github.com/coreos/go-iptables' ...
  got v0.8.0
  has 0 dependencies
Evaluating 'github.com/prometheus/common/sigv4' ...
  got v0.65.0
  has 100 dependencies
Evaluating 'github.com/hashicorp/go-cty' ...
  got v12.0.0
  has 19 dependencies
Evaluating 'github.com/aryann/difflib' ...
  got v0.0.0-20210328193216-ff5ff6dc229b
  has 0 dependencies
Evaluating 'lukechampine.com/blake3' ...
  got v2.0.9
  has 1 dependencies
Evaluating 'github.com/hashicorp/terraform-plugin-sdk/v2' ...
  got v1.3.0
  has 53 dependencies
Evaluating 'github.com/hashicorp/terraform-plugin-go' ...
  got v1.1.2-0.20180830191138-d8f796af33cc
  has 25 dependencies
Evaluating 'k8s.io/metrics' ...
  got v1.1.2-0.20180830191138-d8f796af33cc
  has 47 dependencies
Evaluating 'github.com/hashicorp/terraform-exec' ...
  got v1.0.0
  has 31 dependencies
Evaluating 'github.com/blendle/zapdriver' ...
  got v1.3.1
  has 8 dependencies
Evaluating 'github.com/manicminer/hamilton-autorest' ...
  got v0.65.0
  has 85 dependencies
Evaluating 'github.com/opentracing-contrib/go-stdlib' ...
  got v1.1.0
  has 5 dependencies
Evaluating 'gopkg.in/jcmturner/dnsutils.v1' ...
  got v1.0.1
  has 0 dependencies
Evaluating 'github.com/spiffe/go-spiffe/v2' ...
  got v0.6.2
  has 16 dependencies
Evaluating 'gopkg.in/jcmturner/aescts.v1' ...
  got v1.0.1
  has 0 dependencies
Evaluating 'github.com/gobuffalo/flect' ...
  got v1.1.1
  has 6 dependencies
Evaluating 'gopkg.in/gorp.v1' ...
  got v1.7.2
  has 0 dependencies
Evaluating 'github.com/openfaas/classic-watchdog' ...
  got v2.4.0
  has 47 dependencies
Evaluating 'github.com/prometheus/alertmanager' ...
  got v0.7.5
  has 120 dependencies
Evaluating 'github.com/dennwc/varint' ...
  got v1.0.0
  has 0 dependencies
Evaluating 'github.com/pkg/profile' ...
  got v1.1.10
  has 13 dependencies
Evaluating 'sigs.k8s.io/cli-utils' ...
  got v0.0.0-20210617225240-d185dfc1b5a1
  has 96 dependencies
Evaluating 'github.com/tchap/go-patricia/v2' ...
  got v2.3.3
  has 0 dependencies
Evaluating 'github.com/gookit/color' ...
  got v0.1.1
  has 4 dependencies
Evaluating 'github.com/cloudflare/cfssl' ...
  got v0.0.0-20150115234039-8488cc47d90c
  has 31 dependencies
Evaluating 'github.com/hashicorp/cronexpr' ...
  got v1.1.3
  has 0 dependencies
Evaluating 'github.com/hashicorp/nomad/api' ...
  got v0.5.0
  has 13 dependencies
Evaluating 'github.com/google/gopacket' ...
  got v1.1.19
  has 9 dependencies
Evaluating 'github.com/deckarep/golang-set' ...
  got v1.8.0
  has 0 dependencies
Evaluating 'github.com/docker/libtrust' ...
  got v0.0.0-20160708172513-aabc10ec26b7
  has 0 dependencies
Evaluating 'github.com/xanzy/go-gitlab' ...
  got v0.2.0
  has 25 dependencies
Evaluating 'github.com/danwakefield/fnmatch' ...
  got v0.0.0-20160403171240-cbb64ac3d964
  has 0 dependencies
Evaluating 'github.com/samber/lo' ...
  got v1.53.0
  has 4 dependencies
Evaluating 'github.com/jinzhu/gorm' ...
  got v1.5.1
  has 14 dependencies
Evaluating 'go.etcd.io/etcd/client/v2' ...
  got v0.3.0
  has 28 dependencies
Evaluating 'gopkg.in/asn1-ber.v1' ...
  got v1.0.0-20181015200546-f715ec2f112d
  has 0 dependencies
Evaluating 'github.com/DataDog/zstd' ...
  got v1.5.7
  has 0 dependencies
Evaluating 'github.com/hashicorp/hc-install' ...
  got v1.0.0
  has 47 dependencies
Evaluating 'github.com/hailocab/go-hostpool' ...
  got v0.0.0-20160125115350-e80d13ce29ed
  has 0 dependencies
Evaluating 'github.com/itchyny/gojq' ...
  got v0.1.1
  has 8 dependencies
Evaluating 'github.com/marten-seemann/qpack' ...
  ! module not resolved
Evaluating 'github.com/streadway/amqp' ...
  got v1.1.0
  has 0 dependencies
Evaluating 'github.com/influxdata/influxdb-client-go/v2' ...
  got v1.3.2
  has 79 dependencies
Evaluating 'github.com/abbot/go-http-auth' ...
  got v0.4.0
  has 5 dependencies
Evaluating 'github.com/open-policy-agent/opa' ...
  got v0.25.1
  has 257 dependencies
Evaluating 'github.com/jedib0t/go-pretty/v6' ...
  got v1.1.1
  has 12 dependencies
Evaluating 'github.com/apparentlymart/go-textseg' ...
  got v1.0.0
  has 0 dependencies
Evaluating 'github.com/mattn/go-localereader' ...
  got v0.0.1
  has 4 dependencies
Evaluating 'github.com/bradfitz/gomemcache' ...
  got v0.0.0-20260422231931-4d751bb6e37c
  has 0 dependencies
Evaluating 'github.com/yashtewari/glob-intersection' ...
  got v0.2.0
  has 0 dependencies
Evaluating 'github.com/golang-sql/sqlexp' ...
  got v0.1.0
  has 0 dependencies
Evaluating 'github.com/boombuler/barcode' ...
  got v1.1.0
  has 0 dependencies
Evaluating 'github.com/grafana/regexp' ...
  got v0.0.0-20250905093917-f7b3be9d1853
  has 0 dependencies
Evaluating 'github.com/hanwen/go-fuse/v2' ...
  got v2.10.1
  has 4 dependencies
Evaluating 'github.com/slackhq/nebula' ...
  got v0.34.0
  has 91 dependencies
Evaluating 'github.com/swaggo/swag' ...
  got v1.2.1
  has 37 dependencies
Evaluating 'github.com/onsi/ginkgo' ...
  got v1.1.1
  has 25 dependencies
Evaluating 'github.com/jhump/protoreflect' ...
  got v1.1.1
  has 17 dependencies
Evaluating 'github.com/shurcooL/httpfs' ...
  got v0.0.0-20230704072500-f1e31cf0ba5c
  has 0 dependencies
Evaluating 'github.com/CycloneDX/cyclonedx-go' ...
  got v0.10.0
  has 9 dependencies
Evaluating 'github.com/aws/aws-sdk-go-v2/service/cloudwatchlogs' ...
  got v1.41.6
  has 5 dependencies
Evaluating 'github.com/itchyny/timefmt-go' ...
  got v0.1.8
  has 0 dependencies
Evaluating 'github.com/safchain/ethtool' ...
  got v0.7.0
  has 1 dependencies
Evaluating 'github.com/KyleBanks/depth' ...
  got v1.2.1
  has 0 dependencies
Evaluating 'bazil.org/fuse' ...
  got v0.0.0-20230120002735-62a210ff1fd5
  has 7 dependencies
Evaluating 'github.com/go-zookeeper/zk' ...
  got v1.0.4
  has 0 dependencies
Evaluating 'code.cloudfoundry.org/clock' ...
  got v1.68.0
  has 15 dependencies
Evaluating 'github.com/git-lfs/git-lfs' ...
  got v0.0.0-20181130171125-cf23bd1ecf18
  has 23 dependencies
Evaluating 'github.com/segmentio/ksuid' ...
  got v1.0.4
  has 0 dependencies
Evaluating 'github.com/tailscale/tscert' ...
  got v1.0.0
  has 6 dependencies
Evaluating 'honnef.co/go/tools' ...
  got v1.4.1-0.20240526193622-a339e1f7089c
  has 8 dependencies
Evaluating 'github.com/RoaringBitmap/roaring' ...
  got v1.9.4
  has 8 dependencies
Evaluating 'github.com/dvsekhvalnov/jose2go' ...
  got v1.8.0
  has 4 dependencies
Evaluating 'cloud.google.com/go/trace' ...
  got v0.18.2
  has 29 dependencies
Evaluating 'github.com/bmatcuk/doublestar/v4' ...
  got v4.10.0
  has 0 dependencies
Evaluating 'github.com/gosimple/slug' ...
  got v1.15.0
  has 1 dependencies
Evaluating 'go.opentelemetry.io/otel/sdk/export/metric' ...
  got v1.3.0
  has 17 dependencies
Evaluating 'github.com/aws/aws-sdk-go-v2/service/ec2' ...
  got v1.41.6
  has 6 dependencies
Evaluating 'github.com/cloudevents/sdk-go/v2' ...
  got v2.16.2
  has 20 dependencies
Evaluating 'github.com/gogo/status' ...
  got v0.0.0-20180223154316-0cd9801be74a
  has 16 dependencies
Evaluating 'github.com/awslabs/amazon-ecr-credential-helper/ecr-login' ...
  got v1.41.2
  has 26 dependencies
Evaluating 'github.com/riobard/go-bloom' ...
  got v0.0.0-20200614022211-cdc8013cb5b3
  has 0 dependencies
Evaluating 'github.com/improbable-eng/grpc-web' ...
  got v0.34.0
  has 235 dependencies
Evaluating 'github.com/mtibben/percent' ...
  got v0.2.1
  has 0 dependencies
Evaluating 'github.com/u-root/u-root' ...
  got v0.0.0-20220104043353-73e0943537d2
  has 126 dependencies
Evaluating 'github.com/deckarep/golang-set/v2' ...
  got v1.1.1
  has 13 dependencies
Evaluating 'github.com/aws/aws-sdk-go-v2/service/ecrpublic' ...
  got v1.41.6
  has 4 dependencies
Evaluating 'github.com/gsterjov/go-libsecret' ...
  got v4.1.0+incompatible
  has 1 dependencies
Evaluating 'github.com/gin-contrib/cors' ...
  got v0.1.3
  has 55 dependencies
Evaluating 'github.com/refraction-networking/utls' ...
  got v1.0.6
  has 7 dependencies
Evaluating 'github.com/shurcooL/vfsgen' ...
  got v0.0.0-20230704072500-f1e31cf0ba5c
  has 1 dependencies
Evaluating 'github.com/acarl005/stripansi' ...
  got v0.0.0-20180116102854-5a71ef0e047d
  has 0 dependencies
Evaluating 'github.com/samuel/go-zookeeper' ...
  got v0.0.0-20201211165307-7117e9ea2414
  has 0 dependencies
Evaluating 'istio.io/pkg' ...
  got v0.110.0
  has 52 dependencies
Evaluating 'github.com/minio/sio' ...
  got v0.4.3
  has 5 dependencies
Evaluating 'github.com/valyala/tcplisten' ...
  got v1.0.0
  has 0 dependencies
Evaluating 'github.com/marten-seemann/qtls-go1-19' ...
  ! module not resolved
Evaluating 'github.com/yuin/goldmark-highlighting' ...
  got v0.10.0
  has 9 dependencies
Evaluating 'istio.io/gogo-genproto' ...
  got v1.3.2
  has 8 dependencies
Evaluating 'github.com/colinmarc/hdfs/v2' ...
  got v2.4.0
  has 30 dependencies
Evaluating 'github.com/coreos/etcd' ...
  ! module not resolved
Evaluating 'github.com/xo/terminfo' ...
  got v0.0.0-20220910002029-abceb7e1c41e
  has 1 dependencies
Evaluating 'github.com/zeebo/blake3' ...
  got v2.0.12
  has 3 dependencies
Evaluating 'github.com/gophercloud/utils' ...
  got v1.3.0
  has 15 dependencies
Evaluating 'github.com/coredns/coredns' ...
  got v0.25.1
  has 417 dependencies
Evaluating 'gopkg.in/DataDog/dd-trace-go.v1' ...
  got v0.20.0
  has 756 dependencies
Evaluating 'github.com/dop251/goja' ...
  got v3.2.1
  has 13 dependencies
Evaluating 'github.com/secure-io/sio-go' ...
  got v0.3.1
  has 4 dependencies
Evaluating 'sigs.k8s.io/gateway-api' ...
  got v1.1.2-0.20180830191138-d8f796af33cc
  has 44 dependencies
Evaluating 'github.com/redis/go-redis/v9' ...
  got v2.12.0
  has 10 dependencies
Evaluating 'github.com/mholt/archiver' ...
  got v0.0.1
  has 9 dependencies
Evaluating 'github.com/rclone/rclone' ...
  got v0.0.0-20230120002735-62a210ff1fd5
  has 481 dependencies
Evaluating 'github.com/seiflotfy/cuckoofilter' ...
  got v1.1.1
  has 7 dependencies
Evaluating 'github.com/libp2p/go-buffer-pool' ...
  got v0.1.0
  has 0 dependencies
Evaluating 'github.com/posener/script' ...
  got v1.1.1
  has 4 dependencies
Evaluating 'gopkg.in/cheggaaa/pb.v1' ...
  got v2.2.0
  has 3 dependencies
Evaluating 'github.com/chrismellard/docker-credential-acr-env' ...
  got v0.81.0
  has 164 dependencies
Evaluating 'storj.io/drpc' ...
  got v1.3.0
  has 3 dependencies
Evaluating 'github.com/Unknwon/goconfig' ...
  got v1.0.0
  has 0 dependencies
Evaluating 'github.com/posener/complete/v2' ...
  got v1.0.2
  has 7 dependencies
Evaluating 'gopkg.in/mgo.v2' ...
  got v2.0.0-20190816093944-a6b53ec6cb22
  has 0 dependencies
Evaluating 'github.com/mdlayher/genetlink' ...
  got v0.7.0
  has 9 dependencies
Evaluating 'github.com/google/go-github' ...
  got v17.0.0+incompatible
  has 0 dependencies
Evaluating 'github.com/prometheus/prom2json' ...
  got v0.16.5
  has 234 dependencies
Evaluating 'github.com/vivint/infectious' ...
  got v0.0.0-20200605153912-25a574ae18a3
  has 1 dependencies
Evaluating 'golang.org/x/lint' ...
  got v0.0.0-20191011191535-87dc89f01550
  has 8 dependencies
Evaluating 'github.com/quic-go/qpack' ...
  got v1.1.1
  has 9 dependencies
Evaluating 'github.com/kisielk/gotool' ...
  got v1.0.0
  has 0 dependencies
Evaluating 'cloud.google.com/go/firestore' ...
  got v0.25.1
  has 186 dependencies
Evaluating 'github.com/minio/cli' ...
  got v0.3.1
  has 4 dependencies
Evaluating 'gopkg.in/resty.v1' ...
  got v0.0.0-20181220203305-927f97764cc3
  has 1 dependencies
Evaluating 'github.com/t3rm1n4l/go-mega' ...
  got v0.0.0-20251120131202-6845944c051c
  has 5 dependencies
Evaluating 'bitbucket.org/creachadair/stringset' ...
  got v0.0.14
  has 5 dependencies
Evaluating 'go.opentelemetry.io/otel/exporters/otlp' ...
  got v0.34.0
  has 48 dependencies
Evaluating 'github.com/getkin/kin-openapi' ...
  got v1.1.1
  has 17 dependencies
Evaluating 'github.com/mongodb/mongo-tools' ...
  got v1.17.0
  has 76 dependencies
Evaluating 'github.com/grpc-ecosystem/grpc-health-probe' ...
  got v0.25.1
  has 48 dependencies
Evaluating 'github.com/ncw/swift' ...
  got v1.0.53
  has 0 dependencies
Evaluating 'github.com/99designs/keyring' ...
  got v0.0.0-20191008050251-8e49817e8af4
  has 17 dependencies
Evaluating 'github.com/rfjakob/eme' ...
  got v1.2.0
  has 0 dependencies
Evaluating 'github.com/felixge/fgprof' ...
  got v0.0.0-20230802225258-3cf4e6d46a89
  has 22 dependencies
Evaluating 'storj.io/uplink' ...
  got v0.112.0
  has 130 dependencies
Evaluating 'github.com/calebcase/tmpfile' ...
  got v1.0.3
  has 1 dependencies
Evaluating 'github.com/GoogleCloudPlatform/declarative-resource-client-library' ...
  got v0.0.8
  has 19 dependencies
Evaluating 'github.com/buger/jsonparser' ...
  got v1.1.2
  has 0 dependencies
Evaluating 'github.com/spacemonkeygo/monkit/v3' ...
  got v3.0.24
  has 0 dependencies
Evaluating 'storj.io/common' ...
  got v0.112.0
  has 102 dependencies
Evaluating 'github.com/v2fly/ss-bloomring' ...
  got v0.0.0-20200614022211-cdc8013cb5b3
  has 1 dependencies
Evaluating 'github.com/jzelinskie/whirlpool' ...
  got v0.0.0-20201016144138-0675e54bb004
  has 0 dependencies
Evaluating 'github.com/golang/gddo' ...
  got v0.16.0
  has 45 dependencies
Evaluating 'github.com/go-redis/redis' ...
  got v6.15.9+incompatible
  has 0 dependencies
Evaluating 'github.com/ryanuber/columnize' ...
  got v2.1.2+incompatible
  has 0 dependencies
Evaluating 'github.com/gocql/gocql' ...
  got v0.0.0-20171023180738-a3a6125de932
  has 12 dependencies
Evaluating 'github.com/smallstep/cli' ...
  got v0.123.0
  has 137 dependencies
Evaluating 'github.com/GoogleContainerTools/kpt' ...
  got v0.54.0
  has 304 dependencies
Evaluating 'github.com/google/go-cpy' ...
  got v0.5.6
  has 2 dependencies
Evaluating 'github.com/russellhaering/goxmldsig' ...
  got v1.6.0
  has 9 dependencies
Evaluating 'github.com/minio/selfupdate' ...
  got v0.2.0
  has 7 dependencies
Evaluating 'github.com/antonmedv/expr' ...
  ! module not resolved
Evaluating 'github.com/gorilla/sessions' ...
  got v1.2.0
  has 2 dependencies
Evaluating 'github.com/pquerna/otp' ...
  got v1.0.1-0.20190219062509-6c824513bacc
  has 5 dependencies
Evaluating 'github.com/Knetic/govaluate' ...
  got v3.0.0+incompatible
  has 0 dependencies
Evaluating 'github.com/mitchellh/pointerstructure' ...
  got v1.4.1
  has 1 dependencies
Evaluating 'github.com/ethereum/go-ethereum' ...
  got v1.7.0
  has 164 dependencies
Evaluating 'github.com/a8m/tree' ...
  got v0.0.0-20240104212747-2c8764a5f17e
  has 0 dependencies
Evaluating 'cloud.google.com/go/spanner' ...
  got v0.25.1
  has 205 dependencies
Evaluating 'github.com/fsouza/go-dockerclient' ...
  got v0.0.0-20240806141605-e8a1dd7889d6
  has 49 dependencies
Evaluating 'github.com/ncw/swift/v2' ...
  got v2.0.5
  has 0 dependencies
Evaluating 'github.com/pengsrc/go-shared' ...
  got v0.2.0
  has 0 dependencies
Evaluating 'github.com/klauspost/reedsolomon' ...
  got v2.3.0
  has 2 dependencies
Evaluating 'github.com/package-url/packageurl-go' ...
  got v0.1.6
  has 0 dependencies
Evaluating 'github.com/koofr/go-koofrclient' ...
  got v1.4.1
  has 12 dependencies
Evaluating 'github.com/elazarl/goproxy' ...
  got v1.8.14
  has 13 dependencies
Evaluating 'github.com/koofr/go-httpclient' ...
  got v1.4.1
  has 11 dependencies
Evaluating 'github.com/ncw/go-acd' ...
  got v0.6.0
  has 2 dependencies
Evaluating 'github.com/yunify/qingstor-sdk-go/v3' ...
  got v1.1.0
  has 7 dependencies
Evaluating 'sigs.k8s.io/kustomize' ...
  got v1.1.1
  has 84 dependencies
Evaluating 'github.com/linkedin/goavro/v2' ...
  got v1.1.1
  has 7 dependencies
Evaluating 'github.com/googleapis/go-type-adapters' ...
  got v0.112.1
  has 312 dependencies
Evaluating 'github.com/GoogleContainerTools/kpt/porch/api' ...
  got v0.0.0-20240427025202-5cbd3cbd9237
  has 51 dependencies
Evaluating 'github.com/scaleway/scaleway-sdk-go' ...
  got v1.0.0-beta.36
  has 4 dependencies
Evaluating 'github.com/tencentcloud/tencentcloud-sdk-go' ...
  got v3.0.233+incompatible
  has 0 dependencies
Evaluating 'github.com/anacrolix/dms' ...
  got v1.7.2
  has 26 dependencies
Evaluating 'gopkg.in/h2non/filetype.v1' ...
  got v1.0.5
  has 0 dependencies
Evaluating 'github.com/aymanbagabas/go-osc52/v2' ...
  got v2.0.1
  has 0 dependencies
Evaluating 'github.com/minio/mc' ...
  got v1.3.0
  has 477 dependencies
Evaluating 'github.com/hashicorp/terraform-plugin-sdk' ...
  got v0.65.0
  has 165 dependencies
Evaluating 'github.com/weaveworks/common' ...
  got v0.107.0
  has 262 dependencies
Evaluating 'github.com/aalpar/deheap' ...
  got v1.1.2
  has 0 dependencies
Evaluating 'github.com/putdotio/go-putio/putio' ...
  got v0.0.0-20200123120452-16d982cac2b8
  has 0 dependencies
Evaluating 'github.com/swaggo/files' ...
  got v1.0.1
  has 10 dependencies
Evaluating 'github.com/containerd/cgroups/v3' ...
  got v0.16.0
  has 16 dependencies
Evaluating 'github.com/mistifyio/go-zfs/v3' ...
  got v1.2.0
  has 1 dependencies
Evaluating 'github.com/nasa9084/go-openapi' ...
  got v0.0.0-20240619113810-c62c58bb3428
  has 2 dependencies
Evaluating 'go.etcd.io/etcd/server/v3' ...
  got v1.31.0-20230802163732-1c33ebd9ecfa.1
  has 143 dependencies
Evaluating 'github.com/weaveworks/promrus' ...
  got v2.4.0
  has 37 dependencies
Evaluating 'go.etcd.io/etcd/raft/v3' ...
  got v1.0.2
  has 18 dependencies
Evaluating 'github.com/quic-go/qtls-go1-20' ...
  got v0.4.1
  has 5 dependencies
Evaluating 'go.etcd.io/etcd/raft/v3' ...
  got v1.0.2
  has 18 dependencies
Evaluating 'github.com/decred/dcrd/dcrec/secp256k1/v4' ...
  got v1.1.0
  has 1 dependencies
Evaluating 'github.com/hetznercloud/hcloud-go' ...
  got v1.0.1
  has 19 dependencies
Evaluating 'github.com/kubernetes-csi/csi-lib-utils' ...
  got v1.0.1
  has 63 dependencies
Evaluating 'xorm.io/builder' ...
  got v0.0.0-20180821085327-62ce714f951a
  has 5 dependencies
Evaluating 'github.com/oracle/oci-go-sdk/v65' ...
  got v1.1.1
  has 12 dependencies
Evaluating 'github.com/geoffgarside/ber' ...
  got v1.2.0
  has 0 dependencies
Evaluating 'github.com/gofiber/fiber/v2' ...
  got v1.1.0
  has 16 dependencies
Evaluating 'github.com/influxdata/influxdb1-client' ...
  got v0.0.0-20220302092344-a9ab5670611c
  has 0 dependencies
Evaluating 'gvisor.dev/gvisor' ...
  got v1.4.1-0.20240526193622-a339e1f7089c
  has 77 dependencies
Evaluating 'github.com/jackpal/go-nat-pmp' ...
  got v1.0.2
  has 0 dependencies
Evaluating 'github.com/kisielk/errcheck' ...
  got v0.6.0
  has 8 dependencies
Evaluating 'github.com/denverdino/aliyungo' ...
  got v1.1.1
  has 18 dependencies
Evaluating 'github.com/buengese/sgzip' ...
  got v0.1.1
  has 1 dependencies
Evaluating 'github.com/hashicorp/raft' ...
  got v0.34.0
  has 78 dependencies
Evaluating 'github.com/iguanesolutions/go-systemd/v5' ...
  got v5.1.0
  has 7 dependencies
Evaluating 'github.com/naoina/go-stringutil' ...
  got v0.1.0
  has 0 dependencies
Evaluating 'github.com/alecthomas/chroma/v2' ...
  got v2.11.0
  has 4 dependencies
Evaluating 'github.com/matttproud/golang_protobuf_extensions/v2' ...
  got v0.5.9
  has 2 dependencies
Evaluating 'github.com/sagernet/sing' ...
  got v1.1.1
  has 5 dependencies
Evaluating 'github.com/btcsuite/btcd' ...
  got v1.0.1
  has 47 dependencies
Evaluating 'gopkg.in/src-d/go-git.v4' ...
  got v0.0.0-20161220082320-9c5fe88206d7
  has 34 dependencies
Evaluating 'github.com/flynn/go-shlex' ...
  got v0.0.0-20150515145356-3f9db97f8568
  has 0 dependencies
Evaluating 'gopkg.in/gomail.v2' ...
  got v3.0.0-20150716171945-2caba252f4dc
  has 1 dependencies
Evaluating 'github.com/minio/filepath' ...
  got v1.0.0
  has 0 dependencies
Evaluating 'github.com/minio/colorjson' ...
  got v0.0.0-20221128193559-754e69321358
  has 69 dependencies
Evaluating 'github.com/minio/pkg' ...
  got v0.0.0-20221128193559-754e69321358
  has 64 dependencies
Evaluating 'github.com/golang-jwt/jwt/v5' ...
  got v5.3.1
  has 0 dependencies
Evaluating 'github.com/hirochachacha/go-smb2' ...
  got v1.1.0
  has 5 dependencies
Evaluating 'cloud.google.com/go/bigquery' ...
  got v0.25.1
  has 234 dependencies
Evaluating 'github.com/dropbox/dropbox-sdk-go-unofficial/v6' ...
  got v0.65.0
  has 70 dependencies
Evaluating 'github.com/src-d/gcfg' ...
  got v1.4.0
  has 1 dependencies
Evaluating 'goftp.io/server' ...
  got v1.1.1
  has 21 dependencies
Evaluating 'github.com/tv42/httpunix' ...
  got v0.0.0-20191220191345-2ba4b9c3382c
  has 0 dependencies
Evaluating 'github.com/sagernet/sing-shadowsocks' ...
  got v1.1.1
  has 9 dependencies
Evaluating 'github.com/xtls/xray-core' ...
  got v1.0.6
  has 45 dependencies
Evaluating 'github.com/kolo/xmlrpc' ...
  got v0.0.0-20220921171641-a4b6fa1dd06b
  has 2 dependencies
Evaluating 'github.com/mattermost/xml-roundtrip-validator' ...
  got v1.1.0
  has 6 dependencies
Evaluating 'github.com/knqyf263/go-rpmdb' ...
  got v1.1.0
  has 17 dependencies
Evaluating 'github.com/Max-Sum/base32768' ...
  got v0.0.0-20230304063302-18e6ce5945fd
  has 0 dependencies
Evaluating 'github.com/disintegration/imaging' ...
  got v1.6.2
  has 2 dependencies
Evaluating 'github.com/logrusorgru/aurora' ...
  got v2.0.3+incompatible
  has 0 dependencies
Evaluating 'github.com/anacrolix/log' ...
  got v0.0.0-20230113004304-d6428d516633
  has 16 dependencies
Evaluating 'github.com/antihax/optional' ...
  got v1.0.0
  has 0 dependencies
Evaluating 'github.com/openfaas/of-watchdog' ...
  got v2.4.0
  has 50 dependencies
Evaluating 'go.opentelemetry.io/collector' ...
  got v1.1.1
  has 12 dependencies
Evaluating 'github.com/cockroachdb/apd/v2' ...
  got v2.0.2
  has 1 dependencies
Evaluating 'github.com/yudai/golcs' ...
  got v0.0.0-20170316035057-ecda9a501e82
  has 0 dependencies
Evaluating 'github.com/sylabs/sif/v2' ...
  got v1.4.0
  has 19 dependencies
Evaluating 'github.com/tjfoc/gmsm' ...
  got v0.26.0
  has 27 dependencies
Evaluating 'github.com/opentracing-contrib/go-grpc' ...
  got v0.25.1
  has 45 dependencies
Evaluating 'github.com/moby/ipvs' ...
  got v1.1.1
  has 10 dependencies
Evaluating 'github.com/frankban/quicktest' ...
  got v1.1.9
  has 6 dependencies
Evaluating 'github.com/cyberphone/json-canonicalization' ...
  got v0.0.0-20241213102144-19d51d7fe467
  has 0 dependencies
Evaluating 'github.com/go-chi/render' ...
  got v1.5.1
  has 1 dependencies
Evaluating 'github.com/willf/bitset' ...
  ! module not resolved
Evaluating 'software.sslmate.com/src/go-pkcs12' ...
  got v0.11.0
  has 5 dependencies
Evaluating 'github.com/huin/goupnp' ...
  got v1.3.0
  has 1 dependencies
Evaluating 'github.com/marten-seemann/qtls-go1-18' ...
  ! module not resolved
Evaluating 'k8s.io/kubelet' ...
  got v1.0.1
  has 43 dependencies
Evaluating 'github.com/yudai/gojsondiff' ...
  got v1.1.1
  has 11 dependencies
Evaluating 'github.com/jung-kurt/gofpdf' ...
  got v1.0.0
  has 9 dependencies
Evaluating 'github.com/beevik/ntp' ...
  got v1.5.0
  has 9 dependencies
Evaluating 'github.com/antchfx/xpath' ...
  got v1.3.6
  has 0 dependencies
Evaluating 'github.com/paketo-buildpacks/node-engine' ...
  got v0.0.0-20200407214033-5883e5a4b512
  has 790 dependencies
Evaluating 'github.com/jlaffaye/ftp' ...
  got v1.1.1
  has 6 dependencies
Evaluating 'github.com/circonus-labs/circonus-gometrics' ...
  got v2.3.1+incompatible
  has 10 dependencies
Evaluating 'github.com/deislabs/oras' ...
  ! module not resolved
Evaluating 'github.com/circonus-labs/circonusllhist' ...
  ! module not resolved
Evaluating 'github.com/ishidawataru/sctp' ...
  got v0.0.0-20251114114122-19ddcbc6aae2
  has 0 dependencies
Evaluating 'k8s.io/cloud-provider' ...
  got v0.25.1
  has 120 dependencies
Evaluating 'github.com/certifi/gocertifi' ...
  got v0.0.0-20210507211836-431795d63e8d
  has 0 dependencies
Evaluating 'github.com/pbnjay/memory' ...
  got v0.0.0-20210728143218-7b4eea64cf58
  has 0 dependencies
Evaluating 'github.com/tidwall/sjson' ...
  got v1.14.2
  has 3 dependencies
Evaluating 'go.etcd.io/etcd/pkg/v3' ...
  got v22.5.0
  has 19 dependencies
Evaluating 'gopkg.in/src-d/go-billy.v4' ...
  got v1.1.7
  has 6 dependencies
Evaluating 'github.com/qri-io/jsonpointer' ...
  got v0.1.1
  has 0 dependencies
Evaluating 'github.com/containers/storage' ...
  got v0.16.2
  has 158 dependencies
Evaluating 'github.com/aymanbagabas/go-osc52' ...
  got v1.2.2
  has 0 dependencies
Evaluating 'github.com/qri-io/jsonschema' ...
  got v1.1.0
  has 6 dependencies
Evaluating 'github.com/oracle/oci-go-sdk' ...
  got v24.3.0+incompatible
  has 0 dependencies
Evaluating 'github.com/navidys/tvxwidgets' ...
  got v3.4.0
  has 26 dependencies
Evaluating 'github.com/hashicorp/go-syslog' ...
  got v1.0.0
  has 0 dependencies
Evaluating 'github.com/go-playground/assert/v2' ...
  got v2.2.0
  has 0 dependencies
Evaluating 'github.com/natefinch/atomic' ...
  got v1.0.1
  has 0 dependencies
Evaluating 'github.com/sourcegraph/go-diff' ...
  got v0.5.2
  has 1 dependencies
Evaluating 'github.com/hdevalence/ed25519consensus' ...
  got v1.0.0
  has 1 dependencies
Evaluating 'github.com/packethost/packngo' ...
  got v1.1.1
  has 15 dependencies
Evaluating 'github.com/DataDog/sketches-go' ...
  got v1.4.8
  has 6 dependencies
Evaluating 'github.com/mr-tron/base58' ...
  got v1.3.0
  has 0 dependencies
Evaluating 'github.com/go-test/deep' ...
  got v1.1.1
  has 0 dependencies
Evaluating 'github.com/xtls/go' ...
  got v0.0.0-20230107031059-4610f88d00f3
  has 5 dependencies
Evaluating 'github.com/moby/moby' ...
  got v28.5.2+incompatible
  has 0 dependencies
Evaluating 'gopkg.in/mail.v2' ...
  got v3.0.0-20150716171945-2caba252f4dc
  has 1 dependencies
Evaluating 'howett.net/plist' ...
  got v1.4.0
  has 3 dependencies
Evaluating 'go.opentelemetry.io/contrib/propagators/jaeger' ...
  got v2.3.0
  has 13 dependencies
Evaluating 'github.com/desertbit/timer' ...
  got v1.0.1
  has 0 dependencies
Evaluating 'github.com/home-assistant/tempio' ...
  got v1.0.1
  has 26 dependencies
Evaluating 'github.com/sercand/kuberesolver' ...
  got v0.25.1
  has 63 dependencies
Evaluating 'github.com/rakyll/statik' ...
  got v0.1.8
  has 0 dependencies
Evaluating 'github.com/prometheus/node_exporter' ...
  got v0.3.0
  has 77 dependencies
Evaluating 'github.com/VictoriaMetrics/fastcache' ...
  got v1.13.3
  has 6 dependencies
Evaluating 'code.cloudfoundry.org/gofileutils' ...
  got v0.0.0-20170111115228-4d0c80011a0f
  has 0 dependencies
Evaluating 'github.com/artyom/mtab' ...
  got v1.0.0
  has 0 dependencies
Evaluating 'github.com/blevesearch/segment' ...
  got v0.9.1
  has 0 dependencies
Evaluating 'github.com/oschwald/maxminddb-golang' ...
  got v1.1.1
  has 5 dependencies
Evaluating 'github.com/gobwas/pool' ...
  got v0.2.1
  has 0 dependencies
Evaluating 'github.com/blevesearch/go-porterstemmer' ...
  got v1.0.3
  has 0 dependencies
Evaluating 'github.com/gobwas/httphead' ...
  got v0.1.0
  has 0 dependencies
Evaluating 'go4.org/netipx' ...
  got v1.2.1
  has 7 dependencies
Evaluating 'github.com/gobwas/ws' ...
  got v0.1.0
  has 3 dependencies
Evaluating 'github.com/cnabio/cnab-go' ...
  got v0.0.0-20250102033503-faa5f7b0171c
  has 126 dependencies
Evaluating 'github.com/Microsoft/go-winio' ...
  got v0.6.2
  has 4 dependencies
Evaluating 'github.com/blevesearch/snowballstem' ...
  got v0.9.0
  has 0 dependencies
Evaluating 'github.com/microsoft/go-rustaudit' ...
  ! module not resolved
Evaluating 'github.com/kardianos/service' ...
  got v1.2.4
  has 1 dependencies
Evaluating 'github.com/containers/image/v5' ...
  got v1.0.2
  has 113 dependencies
Evaluating 'github.com/blevesearch/mmap-go' ...
  got v1.2.0
  has 1 dependencies
Evaluating 'github.com/cnabio/cnab-to-oci' ...
  got v0.0.0-20240806141605-e8a1dd7889d6
  has 64 dependencies
Evaluating 'github.com/DataDog/datadog-go/v5' ...
  got v5.8.3
  has 20 dependencies
Evaluating 'github.com/paketo-buildpacks/npm-install' ...
  got v0.0.0-20200407214033-5883e5a4b512
  has 834 dependencies
Evaluating 'github.com/sigstore/rekor' ...
  got v0.25.1
  has 220 dependencies
Evaluating 'github.com/hashicorp/mdns' ...
  got v0.6.0
  has 13 dependencies
Evaluating 'github.com/burntsushi/toml' ...
  ! module not resolved
Evaluating 'github.com/cockroachdb/errors' ...
  got v1.0.2
  has 38 dependencies
Evaluating 'github.com/coredns/caddy' ...
  got v1.1.4
  has 2 dependencies
Evaluating 'github.com/docker/libkv' ...
  got v0.2.1
  has 0 dependencies
Evaluating 'github.com/cockroachdb/logtags' ...
  got v0.0.0-20241215232642-bb51bb14a506
  has 0 dependencies
Evaluating 'github.com/holiman/uint256' ...
  got v1.3.2
  has 0 dependencies
Evaluating 'github.com/boltdb/bolt' ...
  got v1.3.1
  has 1 dependencies
Evaluating 'github.com/cli/safeexec' ...
  got v1.0.1
  has 0 dependencies
Evaluating 'github.com/xiang90/probing' ...
  got v0.0.0-20221125231312-a49e3df8f510
  has 0 dependencies
Evaluating 'github.com/naoina/toml' ...
  got v0.1.0
  has 1 dependencies
Evaluating 'github.com/cloudfoundry-community/go-cfclient' ...
  got v0.34.0
  has 26 dependencies
Evaluating 'github.com/hashicorp/consul' ...
  got v0.25.1
  has 578 dependencies
Evaluating 'github.com/tmc/grpc-websocket-proxy' ...
  got v1.1.1
  has 13 dependencies
Evaluating 'github.com/ugorji/go' ...
  got v1.2.14
  has 1 dependencies
Evaluating 'github.com/cockroachdb/redact' ...
  got v1.1.8
  has 0 dependencies
Evaluating 'github.com/google/go-github/v45' ...
  got v1.3.2
  has 7 dependencies
Evaluating 'github.com/antlr/antlr4/runtime/Go/antlr/v4' ...
  ! module not resolved
Evaluating 'github.com/getsentry/raven-go' ...
  got v0.0.0-20210507211836-431795d63e8d
  has 2 dependencies
Evaluating 'github.com/elazarl/go-bindata-assetfs' ...
  got v1.0.1
  has 0 dependencies
Evaluating 'cloud.google.com/go/secretmanager' ...
  got v0.18.2
  has 30 dependencies
Evaluating 'istio.io/client-go' ...
  got v1.1.2-0.20180830191138-d8f796af33cc
  has 54 dependencies
Evaluating 'github.com/Azure/go-amqp' ...
  got v1.6.0
  has 6 dependencies
Evaluating 'github.com/sabhiram/go-gitignore' ...
  got v1.1.0
  has 6 dependencies
Evaluating 'dario.cat/mergo' ...
  got v1.0.2
  has 0 dependencies
Evaluating 'github.com/hako/durafmt' ...
  got v0.0.0-20210608085754-5c1018a4e16b
  has 0 dependencies
Evaluating 'github.com/segmentio/encoding' ...
  got v1.1.3
  has 2 dependencies
Evaluating 'github.com/nxadm/tail' ...
  got v1.6.0
  has 3 dependencies
Evaluating 'github.com/aws/aws-sdk-go-v2/service/iam' ...
  got v1.41.6
  has 4 dependencies
Evaluating 'github.com/paketo-buildpacks/libbs' ...
  got v0.1.0
  has 1084 dependencies
Evaluating 'github.com/hashicorp/go-bexpr' ...
  got v1.1.1
  has 6 dependencies
Evaluating 'github.com/acobaugh/osrelease' ...
  got v0.1.0
  has 0 dependencies
Evaluating 'github.com/go-restruct/restruct' ...
  got v1.1.0
  has 7 dependencies
Evaluating 'github.com/hpcloud/tail' ...
  got v1.0.0
  has 3 dependencies
Evaluating 'github.com/axiomhq/hyperloglog' ...
  got v0.2.6
  has 9 dependencies
Evaluating 'github.com/vultr/govultr/v2' ...
  got v1.1.1
  has 9 dependencies
Evaluating 'github.com/alecthomas/kingpin/v2' ...
  got v2.4.0
  has 9 dependencies
Evaluating 'github.com/theupdateframework/go-tuf' ...
  got v0.0.0-20141003034818-6a90f24967eb
  has 19 dependencies
Evaluating 'github.com/go-ozzo/ozzo-validation' ...
  got v3.6.0+incompatible
  has 0 dependencies
Evaluating 'github.com/zeebo/xxh3' ...
  got v2.2.10
  has 3 dependencies
Evaluating 'github.com/containers/libtrust' ...
  got v0.0.0-20230121012942-c1716e8a8d01
  has 0 dependencies
Evaluating 'github.com/vbatts/go-mtree' ...
  got v2.0.7
  has 19 dependencies
Evaluating 'github.com/gosimple/unidecode' ...
  got v1.0.1
  has 0 dependencies
Evaluating 'github.com/xhit/go-str2duration/v2' ...
  got v2.1.0
  has 0 dependencies
Evaluating 'gopkg.in/gcfg.v1' ...
  got v1.2.3
  has 1 dependencies
Evaluating 'github.com/teris-io/shortid' ...
  got v0.0.0-20220617161101-71ec9f2aa569
  has 0 dependencies
Evaluating 'gopkg.in/jcmturner/rpc.v1' ...
  got v1.1.0
  has 0 dependencies
Evaluating 'github.com/shurcooL/githubv4' ...
  got v0.0.0-20260209031235-2402fdf4a9ed
  has 1 dependencies
Evaluating 'github.com/shurcooL/graphql' ...
  got v0.0.0-20240915155400-7ee5256398cf
  has 0 dependencies
Evaluating 'github.com/petermattis/goid' ...
  got v0.0.0-20260330135022-df67b199bc81
  has 0 dependencies
Evaluating 'github.com/snowflakedb/gosnowflake' ...
  got v0.2.0
  has 134 dependencies
Evaluating 'github.com/c2h5oh/datasize' ...
  got v0.0.0-20231215233829-aa82cc1e6500
  has 0 dependencies
Evaluating 'gorm.io/driver/sqlite' ...
  got v1.0.0
  has 8 dependencies
Evaluating 'github.com/paketo-buildpacks/environment-variables/v4' ...
  got v1.6.0
  has 17 dependencies
Evaluating 'github.com/paketo-buildpacks/procfile/v5' ...
  got v1.6.0
  has 18 dependencies
Evaluating 'github.com/clbanning/mxj/v2' ...
  got v2.7.0
  has 0 dependencies
Evaluating 'gopkg.in/jcmturner/goidentity.v3' ...
  got v1.0.3
  has 1 dependencies
Evaluating 'github.com/mattn/go-zglob' ...
  got v0.0.6
  has 0 dependencies
Evaluating 'github.com/distribution/reference' ...
  got v0.6.0
  has 1 dependencies
Evaluating 'github.com/paketo-buildpacks/image-labels/v4' ...
  got v1.0.2
  has 19 dependencies
Evaluating 'github.com/segmentio/asm' ...
  got v1.2.1
  has 1 dependencies
Evaluating 'github.com/charmbracelet/glamour' ...
  got v2.11.0
  has 36 dependencies
Evaluating 'github.com/sigstore/sigstore' ...
  got v3.17.0
  has 32 dependencies
Evaluating 'github.com/yuin/goldmark-emoji' ...
  got v1.7.10
  has 1 dependencies
Evaluating 'github.com/sanathkr/go-yaml' ...
  got v0.0.0-20170819195128-ed9d249f429b
  has 0 dependencies
Evaluating 'github.com/therootcompany/xz' ...
  got v1.0.1
  has 0 dependencies
Evaluating 'github.com/pion/logging' ...
  got v1.1.1
  has 4 dependencies
Evaluating 'github.com/openshift/client-go' ...
  got v1.1.2-0.20180830191138-d8f796af33cc
  has 48 dependencies
Evaluating 'go.uber.org/dig' ...
  got v1.1.1
  has 4 dependencies
Evaluating 'xorm.io/core' ...
  got v1.1.0
  has 12 dependencies
Evaluating 'github.com/scylladb/go-set' ...
  got v0.2.1
  has 1 dependencies
Evaluating 'github.com/hashicorp/raft-autopilot' ...
  got v3.2.0+incompatible
  has 77 dependencies
Evaluating 'github.com/alecthomas/participle' ...
  got v0.7.1
  has 7 dependencies
Evaluating 'github.com/jsimonetti/rtnetlink' ...
  got v0.12.3
  has 12 dependencies
Evaluating 'github.com/pion/dtls/v2' ...
  got v1.1.1
  has 18 dependencies
Evaluating 'github.com/golang/geo' ...
  got v0.0.0-20260427214057-41a1a8c7eb2a
  has 2 dependencies
Evaluating 'github.com/golang/freetype' ...
  got v0.0.0-20170609003504-e2365dfdc4a0
  has 2 dependencies
Evaluating 'github.com/VividCortex/mysqlerr' ...
  got v1.0.0
  has 0 dependencies
Evaluating 'github.com/mpvl/unique' ...
  got v0.0.0-20150818121801-cbe035fff7de
  has 0 dependencies
Evaluating 'github.com/blevesearch/vellum' ...
  got v1.24.2
  has 6 dependencies
Evaluating 'go.opentelemetry.io/contrib/propagators/b3' ...
  got v2.3.0
  has 13 dependencies
Evaluating 'go.uber.org/ratelimit' ...
  got v1.3.0
  has 6 dependencies
Evaluating 'github.com/google/go-jsonnet' ...
  got v1.18.0
  has 12 dependencies
Evaluating 'github.com/paketo-buildpacks/watchexec/v2' ...
  got v1.3.2
  has 19 dependencies
Evaluating 'github.com/sahilm/fuzzy' ...
  got v0.1.1
  has 0 dependencies
Evaluating 'gopkg.in/jcmturner/gokrb5.v7' ...
  got v7.5.0
  has 0 dependencies
Evaluating 'contrib.go.opencensus.io/exporter/stackdriver' ...
  got v0.0.0-20200407214033-5883e5a4b512
  has 494 dependencies
Evaluating 'mvdan.cc/xurls/v2' ...
  got v1.13.2-0.20241226121412-a5dc8ff20d0a
  has 5 dependencies
Evaluating 'github.com/ovh/go-ovh' ...
  got v1.1.1
  has 10 dependencies
Evaluating 'github.com/renier/xmlrpc' ...
  got v0.0.0-20191022213033-ce560eccbd00
  has 4 dependencies
Evaluating 'k8s.io/csi-translation-lib' ...
  got v1.1.1
  has 57 dependencies
Evaluating 'github.com/moby/swarmkit/v2' ...
  got v1.1.0
  has 72 dependencies
Evaluating 'github.com/lestrrat-go/strftime' ...
  got v1.1.1
  has 5 dependencies
Evaluating 'github.com/peterh/liner' ...
  got v0.0.3
  has 2 dependencies
Evaluating 'github.com/emicklei/proto' ...
  got v1.14.3
  has 0 dependencies
Evaluating 'github.com/joeshaw/multierror' ...
  got v0.0.0-20140124173710-69b34d4ec901
  has 0 dependencies
Evaluating 'gopkg.in/fsnotify/fsnotify.v1' ...
  got v0.43.0
  has 1 dependencies
Evaluating 'github.com/armon/go-socks5' ...
  got v0.0.0-20160902184237-e75332964ef5
  has 5 dependencies
Evaluating 'github.com/sassoftware/go-rpmutils' ...
  got v1.5.5
  has 23 dependencies
Evaluating 'github.com/aws/aws-sdk-go-v2/service/kms' ...
  got v1.41.6
  has 4 dependencies
Evaluating 'github.com/gorilla/context' ...
  got v1.1.2
  has 0 dependencies
Evaluating 'github.com/hashicorp/hcp-sdk-go' ...
  got v0.0.0-20230301143203-a9d515a09cc2
  has 45 dependencies
Evaluating 'github.com/chromedp/cdproto' ...
  got v0.0.0-20260427013145-5737772c319b
  has 2 dependencies
Evaluating 'github.com/swaggo/gin-swagger' ...
  got v1.2.1
  has 65 dependencies
Evaluating 'github.com/elastic/go-sysinfo' ...
  got v1.1.1
  has 17 dependencies
Evaluating 'github.com/caarlos0/env/v6' ...
  got v6.10.1
  has 0 dependencies
Evaluating 'github.com/hashicorp/go-discover' ...
  got v0.15.0
  has 143 dependencies
Evaluating 'github.com/paketo-buildpacks/syft' ...
  got v1.4.0
  has 19 dependencies
Evaluating 'github.com/nicolai86/scaleway-sdk' ...
  got v1.11.1
  has 0 dependencies
Evaluating 'github.com/anmitsu/go-shlex' ...
  got v0.0.0-20200514113438-38f4b401e2be
  has 0 dependencies
Evaluating 'github.com/hashicorp/vic' ...
  got v1.5.0
  has 0 dependencies
Evaluating 'gopkg.in/urfave/cli.v1' ...
  got v1.20.0
  has 0 dependencies
Evaluating 'github.com/gorilla/schema' ...
  got v1.4.1
  has 0 dependencies
Evaluating 'github.com/Workiva/go-datastructures' ...
  got v1.1.7
  has 18 dependencies
Evaluating 'github.com/ua-parser/uap-go' ...
  got v1.0.2
  has 3 dependencies
Evaluating 'github.com/paketo-buildpacks/executable-jar/v6' ...
  got v1.6.0
  has 30 dependencies
Evaluating 'github.com/FZambia/sentinel' ...
  got v1.1.1
  has 5 dependencies
Evaluating 'k8s.io/cluster-bootstrap' ...
  got v1.1.2-0.20180830191138-d8f796af33cc
  has 25 dependencies
Evaluating 'github.com/sclevine/yj' ...
  got v1.1.1
  has 5 dependencies
Evaluating 'github.com/tencentcloud/tencentcloud-sdk-go/tencentcloud/sts' ...
  got v1.1.11
  has 1 dependencies
Evaluating 'github.com/fluent/fluent-logger-golang' ...
  got v1.10.1
  has 2 dependencies
Evaluating 'github.com/sclevine/go-toml' ...
  ! module not resolved
Evaluating 'go4.org/unsafe/assume-no-moving-gc' ...
  got v0.0.0-20231121144256-b99613f794b6
  has 0 dependencies
Evaluating 'github.com/grafana/grafana' ...
  got v6.1.6+incompatible
  has 0 dependencies
Evaluating 'github.com/paketo-buildpacks/datadog' ...
  got v1.2.0
  has 22 dependencies
Evaluating 'gopkg.in/ldap.v3' ...
  got v3.4.13
  has 0 dependencies
Evaluating 'github.com/paketo-buildpacks/apache-tomcat/v7' ...
  got v1.3.2
  has 29 dependencies
Evaluating 'go4.org/intern' ...
  got v0.0.0-20230525184215-6c62f75575cb
  has 1 dependencies
Evaluating 'github.com/facebookincubator/nvdtools' ...
  got v0.99.0
  has 180 dependencies
Evaluating 'github.com/paketo-buildpacks/maven/v6' ...
  got v1.6.0
  has 27 dependencies
Evaluating 'aead.dev/minisign' ...
  got v0.3.0
  has 5 dependencies
Evaluating 'github.com/unknwon/com' ...
  got v0.0.0-20181103185306-d547d1d9531e
  has 4 dependencies
Evaluating 'github.com/sasha-s/go-deadlock' ...
  got v0.0.0-20250813065127-a731cc31b4fe
  has 1 dependencies
Evaluating 'github.com/rainycape/unidecode' ...
  got v0.0.0-20150907023854-cb7f23ec59be
  has 0 dependencies
Evaluating 'golang.zx2c4.com/wireguard/wgctrl' ...
  got v1.0.1
  has 17 dependencies
Evaluating 'github.com/letsencrypt/boulder' ...
  got v1.1.1
  has 86 dependencies
Evaluating 'github.com/titanous/rocacheck' ...
  got v0.0.0-20171023193734-afe73141d399
  has 0 dependencies
Evaluating 'github.com/mitchellh/panicwrap' ...
  got v1.0.0
  has 0 dependencies
Evaluating 'github.com/paketo-buildpacks/leiningen/v2' ...
  ! module not resolved
Evaluating 'github.com/paketo-buildpacks/sbt/v6' ...
  got v1.6.0
  has 27 dependencies
Evaluating 'github.com/btcsuite/btcd/btcec/v2' ...
  got v2.3.6
  has 7 dependencies
Evaluating 'github.com/segmentio/kafka-go' ...
  got v1.1.1
  has 11 dependencies
Evaluating 'github.com/paketo-buildpacks/bellsoft-liberica/v9' ...
  got v1.2.1
  has 23 dependencies
Evaluating 'github.com/invopop/yaml' ...
  got v0.3.1
  has 2 dependencies
Evaluating 'github.com/mattetti/filebuffer' ...
  got v1.0.1
  has 0 dependencies
Evaluating 'github.com/grafana/grafana-plugin-sdk-go' ...
  got v1.5.0
  has 132 dependencies
Evaluating 'github.com/vifraa/gopom' ...
  got v1.1.0
  has 6 dependencies
Evaluating 'github.com/paketo-buildpacks/dist-zip/v5' ...
  got v1.6.0
  has 22 dependencies
Evaluating 'github.com/elastic/gosigar' ...
  got v1.1.0
  has 6 dependencies
Evaluating 'github.com/paketo-buildpacks/jattach' ...
  got v1.6.0
  has 19 dependencies
Evaluating 'github.com/anchore/packageurl-go' ...
  got v0.2.0
  has 0 dependencies
Evaluating 'github.com/paketo-buildpacks/azure-application-insights/v5' ...
  got v1.5.0
  has 21 dependencies
Evaluating 'github.com/anchore/stereoscope' ...
  got v0.25.1
  has 304 dependencies
Evaluating 'github.com/wagoodman/go-partybus' ...
  got v0.0.0-20230516145632-8ccac152c651
  has 0 dependencies
Evaluating 'github.com/oschwald/geoip2-golang' ...
  got v1.1.1
  has 6 dependencies
Evaluating 'github.com/wagoodman/go-progress' ...
  got v1.1.1
  has 11 dependencies
Evaluating 'github.com/yuin/goldmark-highlighting/v2' ...
  got v2.2.0
  has 10 dependencies
Evaluating 'github.com/paketo-buildpacks/clojure-tools/v2' ...
  got v1.6.0
  has 27 dependencies
Evaluating 'github.com/paketo-buildpacks/liberty' ...
  got v1.2.0
  has 28 dependencies
Evaluating 'github.com/unrolled/secure' ...
  got v1.17.0
  has 0 dependencies
Evaluating 'github.com/paketo-buildpacks/encrypt-at-rest/v4' ...
  got v1.6.0
  has 26 dependencies
Evaluating 'github.com/paketo-buildpacks/java-memory-assistant' ...
  got v1.6.0
  has 17 dependencies
Evaluating 'github.com/grafana/dskit' ...
  got v1.2.0
  has 129 dependencies
Evaluating 'github.com/tonistiigi/go-actions-cache' ...
  got v1.16.0
  has 28 dependencies
Evaluating 'github.com/howeyc/gopass' ...
  got v0.0.0-20210920133722-c8aef6fb66ef
  has 5 dependencies
Evaluating 'github.com/paketo-buildpacks/google-stackdriver/v5' ...
  got v1.1.0
  has 24 dependencies
Evaluating 'github.com/paketo-buildpacks/gradle/v6' ...
  got v1.2.1
  has 26 dependencies
Evaluating 'cloud.google.com/go/security' ...
  got v0.123.0
  has 32 dependencies
Evaluating 'github.com/skip2/go-qrcode' ...
  got v0.0.0-20200617195104-da1b6568686e
  has 0 dependencies
Evaluating 'github.com/niemeyer/pretty' ...
  got v1.1.1
  has 2 dependencies
Evaluating 'github.com/jackc/pgx' ...
  got v3.6.2+incompatible
  has 9 dependencies
Evaluating 'github.com/saracen/walker' ...
  got v0.1.4
  has 1 dependencies
Evaluating 'github.com/anchore/syft' ...
  got v0.25.1
  has 316 dependencies
Evaluating 'github.com/tonistiigi/go-archvariant' ...
  got v1.0.0
  has 0 dependencies
Evaluating 'github.com/nbutton23/zxcvbn-go' ...
  got v1.1.0
  has 3 dependencies
Evaluating 'github.com/webdevops/go-crond' ...
  got v2.3.2
  has 41 dependencies
Evaluating 'github.com/Azure/go-ansiterm' ...
  got v0.0.0-20250102033503-faa5f7b0171c
  has 1 dependencies
Evaluating 'github.com/GoogleCloudPlatform/docker-credential-gcr' ...
  got v0.3.0
  has 14 dependencies
Evaluating 'github.com/anchore/go-version' ...
  ! module not resolved
Evaluating 'mvdan.cc/gofumpt' ...
  got v1.101.0
  has 12 dependencies
Evaluating 'github.com/tyler-smith/go-bip39' ...
  got v1.1.0
  has 4 dependencies
Evaluating 'gopkg.in/jcmturner/gokrb5.v5' ...
  got v5.3.0
  has 0 dependencies
Evaluating 'gopkg.in/jcmturner/rpc.v0' ...
  got v0.0.2
  has 0 dependencies
Evaluating 'cmd/api' ...
  ! module not found
Evaluating 'github.com/anchore/go-macholibre' ...
  got v0.1.0
  has 10 dependencies
Evaluating 'github.com/anchore/go-struct-converter' ...
  got v0.1.0
  has 0 dependencies
Evaluating 'github.com/hashicorp/consul-template' ...
  got v1.0.2
  has 124 dependencies
Evaluating 'github.com/h2non/go-is-svg' ...
  got v0.0.0-20160927212452-35e8c4b0612c
  has 0 dependencies
Evaluating 'k8s.io/helm' ...
  got v2.17.0+incompatible
  has 0 dependencies
Evaluating 'github.com/fatih/structtag' ...
  got v1.2.0
  has 0 dependencies
Evaluating 'github.com/jedisct1/go-minisign' ...
  got v0.0.0-20241212093149-d2f9f49435c7
  has 5 dependencies
Evaluating 'github.com/tendermint/go-amino' ...
  got v1.1.1
  has 9 dependencies
Evaluating 'github.com/andres-erbsen/clock' ...
  got v0.0.0-20160526145045-9e14626cd129
  has 0 dependencies
Evaluating 'knative.dev/networking' ...
  got v1.3.1
  has 68 dependencies
Evaluating 'github.com/slack-go/slack' ...
  got v1.1.1
  has 6 dependencies
Evaluating 'github.com/aws/aws-sdk-go-v2/service/internal/endpoint-discovery' ...
  got v1.41.6
  has 2 dependencies
Evaluating 'github.com/twmb/murmur3' ...
  got v1.1.8
  has 0 dependencies
Evaluating 'github.com/lunixbochs/vtclean' ...
  got v1.0.0
  has 0 dependencies
Evaluating 'github.com/aws/aws-sdk-go-v2/service/dynamodb' ...
  got v1.41.6
  has 6 dependencies
Evaluating 'github.com/argoproj/pkg' ...
  got v0.38.0
  has 129 dependencies
Evaluating 'github.com/fernet/fernet-go' ...
  got v0.0.0-20240119011108-303da6aec611
  has 0 dependencies
Evaluating 'github.com/cosmos/go-bip39' ...
  got v1.0.0
  has 10 dependencies
Evaluating 'github.com/antchfx/xmlquery' ...
  got v1.5.1
  has 14 dependencies
Evaluating 'github.com/operator-framework/api' ...
  got v0.25.1
  has 98 dependencies
Evaluating 'github.com/jtolio/eventkit' ...
  ! module not resolved
Evaluating 'github.com/hexops/gotextdiff' ...
  got v1.0.3
  has 0 dependencies
Evaluating 'github.com/Azure/azure-sdk-for-go/sdk/keyvault/internal' ...
  got v1.0.0
  has 13 dependencies
Evaluating 'filippo.io/age' ...
  got v0.0.0-20251208015420-e9274a7bdbfd
  has 11 dependencies
Evaluating 'github.com/paketo-buildpacks/apache-tomee' ...
  got v1.6.0
  has 33 dependencies
Evaluating 'github.com/DataDog/datadog-agent/pkg/obfuscate' ...
  got v0.78.1
  has 29 dependencies
Evaluating 'github.com/golang-collections/collections' ...
  got v0.0.0-20130729185459-604e922904d3
  has 0 dependencies
Evaluating 'github.com/mimoo/StrobeGo' ...
  got v0.0.0-20220103164710-9a04d6ca976b
  has 0 dependencies
Evaluating 'mvdan.cc/unparam' ...
  got v0.6.0
  has 9 dependencies
Evaluating 'github.com/vektah/gqlparser/v2' ...
  got v1.2.1
  has 9 dependencies
Evaluating 'go.uber.org/fx' ...
  got v1.1.1
  has 10 dependencies
Evaluating 'github.com/sourcegraph/jsonrpc2' ...
  got v1.4.1
  has 1 dependencies
Evaluating 'inet.af/netaddr' ...
  got v0.0.0-20210103155950-6a8e9d1f2415
  has 12 dependencies
Evaluating 'github.com/gtank/merlin' ...
  got v0.1.1
  has 1 dependencies
Evaluating 'github.com/elastic/go-elasticsearch/v7' ...
  got v7.17.10
  has 0 dependencies
Evaluating 'github.com/aws/aws-sdk-go-v2/service/ssm' ...
  got v1.41.6
  has 4 dependencies
Evaluating 'github.com/aws/aws-sdk-go-v2/service/sqs' ...
  got v1.41.6
  has 4 dependencies
Evaluating 'github.com/whilp/git-urls' ...
  got v1.0.0
  has 0 dependencies
Evaluating 'github.com/centrifugal/protocol' ...
  got v0.18.2
  has 18 dependencies
Evaluating 'go.opentelemetry.io/otel/exporters/stdout/stdouttrace' ...
  got v2.3.0
  has 21 dependencies
Evaluating 'github.com/RackSec/srslog' ...
  got v0.0.0-20180709174129-a4725f04ec91
  has 0 dependencies
Evaluating 'gopkg.in/go-playground/validator.v9' ...
  got v1.1.1
  has 8 dependencies
Evaluating 'github.com/avast/retry-go' ...
  got v3.0.0+incompatible
  has 0 dependencies
Evaluating 'resenje.org/singleflight' ...
  got v0.4.3
  has 0 dependencies
Evaluating 'cloud.google.com/go/profiler' ...
  got v0.25.1
  has 191 dependencies
Evaluating 'go.opentelemetry.io/collector/pdata' ...
  got v1.1.1
  has 21 dependencies
Evaluating 'github.com/jaegertracing/jaeger' ...
  got v0.16.5
  has 338 dependencies
Evaluating 'github.com/iancoleman/orderedmap' ...
  got v0.3.0
  has 0 dependencies
Evaluating 'github.com/influxdata/influxdb' ...
  got v0.114.0
  has 194 dependencies
Evaluating 'github.com/multiformats/go-multihash' ...
  got v2.0.9
  has 11 dependencies
Evaluating 'github.com/igm/sockjs-go/v3' ...
  got v1.1.0
  has 7 dependencies
Evaluating 'github.com/Jeffail/gabs' ...
  got v1.4.0
  has 0 dependencies
Evaluating 'github.com/FZambia/eagle' ...
  got v0.2.0
  has 38 dependencies
Evaluating 'github.com/schollz/progressbar/v3' ...
  got v1.0.4
  has 12 dependencies
Evaluating 'github.com/juju/errors' ...
  got v1.0.0
  has 3 dependencies
Evaluating 'github.com/cortexproject/cortex' ...
  got v0.24.0
  has 299 dependencies
Evaluating 'github.com/sylabs/squashfs' ...
  got v1.18.0
  has 4 dependencies
Evaluating 'github.com/jackc/puddle' ...
  got v1.1.0
  has 4 dependencies
Evaluating 'github.com/opencontainers/runtime-tools' ...
  got v0.9.0
  has 0 dependencies
Evaluating 'github.com/hashicorp/raft-boltdb/v2' ...
  got v0.34.0
  has 83 dependencies
Evaluating 'github.com/containerd/log' ...
  got v0.1.0
  has 8 dependencies
Evaluating 'github.com/lusis/go-artifactory' ...
  got v0.0.0-20180304164534-a47f63f234b2
  has 0 dependencies
Evaluating 'github.com/digitalocean/go-libvirt' ...
  got v1.1.1
  has 10 dependencies
Evaluating 'github.com/aws/aws-sdk-go-v2/service/eks' ...
  got v1.41.6
  has 4 dependencies
Evaluating 'github.com/centrifugal/centrifuge' ...
  got v0.24.0
  has 63 dependencies
Evaluating 'github.com/hashicorp/go-raftchunking' ...
  got v2.2.0+incompatible
  has 34 dependencies
Evaluating 'github.com/go-ozzo/ozzo-validation/v4' ...
  got v0.0.0-20200108200545-475eaeb16496
  has 7 dependencies
Evaluating 'github.com/go-task/slim-sprig' ...
  got v1.1.1
  has 12 dependencies
Evaluating 'github.com/jackc/pgerrcode' ...
  got v0.0.0-20250907135507-afb5586c32a6
  has 0 dependencies
Evaluating 'github.com/konsorten/go-windows-terminal-sequences' ...
  got v1.0.3
  has 0 dependencies
Evaluating 'github.com/multiformats/go-base32' ...
  got v0.1.0
  has 0 dependencies
Evaluating 'github.com/go-delve/delve' ...
  got v0.11.0
  has 22 dependencies
Evaluating 'github.com/gchaincl/sqlhooks' ...
  got v1.1.0
  has 10 dependencies
Evaluating 'github.com/multiformats/go-multibase' ...
  got v1.3.0
  has 3 dependencies
Evaluating 'github.com/gtank/ristretto255' ...
  got v1.1.0
  has 1 dependencies
Evaluating 'github.com/knadh/koanf' ...
  got v0.34.0
  has 157 dependencies
Evaluating 'github.com/ChainSafe/go-schnorrkel' ...
  got v1.1.0
  has 13 dependencies
Evaluating 'github.com/graph-gophers/graphql-go' ...
  got v1.4.3
  has 7 dependencies
Evaluating 'github.com/ipfs/go-cid' ...
  got v0.6.1
  has 15 dependencies
Evaluating 'github.com/Azure/go-autorest' ...
  got v14.2.0+incompatible
  has 0 dependencies
Evaluating 'xorm.io/xorm' ...
  got v1.1.0
  has 58 dependencies
Evaluating 'github.com/casbin/casbin/v2' ...
  got v4.6.1
  has 10 dependencies
Evaluating 'github.com/mna/redisc' ...
  got v1.1.0
  has 8 dependencies
Evaluating 'github.com/aws/aws-sdk-go-v2/service/cloudwatch' ...
  got v1.41.6
  has 4 dependencies
Evaluating 'github.com/kr/pty' ...
  got v1.1.7
  has 2 dependencies
Evaluating 'github.com/multiformats/go-multiaddr' ...
  got v1.1.0
  has 25 dependencies
Evaluating 'sigs.k8s.io/kustomize/cmd/config' ...
  got v1.1.1
  has 25 dependencies
Evaluating 'github.com/savsgio/gotils' ...
  got v1.6.0
  has 3 dependencies
Evaluating 'github.com/multiformats/go-varint' ...
  got v0.1.0
  has 0 dependencies
Evaluating 'github.com/lunixbochs/struc' ...
  got v0.0.0-20241101090106-8d528fa2c543
  has 0 dependencies
Evaluating 'knative.dev/serving' ...
  got v0.9.4
  has 161 dependencies
Evaluating 'github.com/simonpasquier/klog-gokit' ...
  got v0.34.0
  has 207 dependencies
Evaluating 'github.com/Graylog2/go-gelf' ...
  got v0.0.0-20170811154226-7ebf4f536d8f
  has 0 dependencies
Evaluating 'github.com/moby/pubsub' ...
  got v1.0.0
  has 0 dependencies
Evaluating 'github.com/operator-framework/operator-registry' ...
  got v1.6.0
  has 252 dependencies
Evaluating 'github.com/caio/go-tdigest' ...
  got v3.1.0+incompatible
  has 0 dependencies
Evaluating 'github.com/rboyer/safeio' ...
  got v1.1.1
  has 4 dependencies
Evaluating 'github.com/pingcap/errors' ...
  got v0.11.4
  has 0 dependencies
Evaluating 'go.elastic.co/fastjson' ...
  got v1.5.1
  has 3 dependencies
Evaluating 'github.com/cosiner/argv' ...
  got v0.1.0
  has 0 dependencies
Evaluating 'github.com/pkg/term' ...
  got v1.1.0
  has 1 dependencies
Evaluating 'github.com/protocolbuffers/txtpbfmt' ...
  got v1.2.4
  has 5 dependencies
Evaluating 'github.com/aymerick/raymond' ...
  got v2.0.2+incompatible
  has 0 dependencies
Evaluating 'github.com/googleapis/gax-go' ...
  got v0.26.0
  has 21 dependencies
Evaluating 'github.com/anchore/go-logger' ...
  got v0.1.0
  has 12 dependencies
Evaluating 'github.com/hashicorp/go-secure-stdlib/awsutil' ...
  got v1.34.0
  has 29 dependencies
Evaluating 'github.com/grafana/grafana-aws-sdk' ...
  got v18.5.2
  has 106 dependencies
Evaluating 'go.opentelemetry.io/otel/exporters/prometheus' ...
  got v2.4.0
  has 47 dependencies
Evaluating 'github.com/multiformats/go-base36' ...
  got v0.2.0
  has 0 dependencies
Evaluating 'github.com/openzipkin-contrib/zipkin-go-opentracing' ...
  got v0.34.0
  has 54 dependencies
Evaluating 'k8s.io/release/images/build/go-runner' ...
  got v0.0.0-20260428052848-c27eb4d1dfc2
  has 0 dependencies
Evaluating 'sigs.k8s.io/cluster-api' ...
  got v0.25.1
  has 217 dependencies
Evaluating 'github.com/golangci/golangci-lint' ...
  got v1.3.0
  has 195 dependencies
Evaluating 'cloud.google.com/go/container' ...
  got v0.25.1
  has 66 dependencies
Evaluating 'github.com/clbanning/mxj' ...
  got v1.8.4
  has 0 dependencies
Evaluating 'github.com/bsphere/le_go' ...
  got v0.0.0-20200109081728-fc06dab2caa8
  has 0 dependencies
Evaluating 'github.com/hashicorp/vault' ...
  got v0.2.0
  has 1006 dependencies
Evaluating 'github.com/minio/madmin-go/v2' ...
  got v2.2.0
  has 43 dependencies
Evaluating 'github.com/shiena/ansicolor' ...
  got v0.0.0-20230509054315-a9deabde6e02
  has 0 dependencies
Evaluating '..' ...
  ! module not resolved
Evaluating 'github.com/opentracing-contrib/go-observer' ...
  got v1.1.0
  has 5 dependencies
Evaluating 'github.com/owenrumney/go-sarif/v2' ...
  got v13.0.0
  has 22 dependencies
Evaluating 'github.com/golangci/lint-1' ...
  got v0.0.0-20181222135242-d2cdd8c08219
  has 8 dependencies
Evaluating 'github.com/tektoncd/pipeline' ...
  ! module not found
Evaluating 'k8s.io/mount-utils' ...
  got v1.1.2-0.20180830191138-d8f796af33cc
  has 12 dependencies
Evaluating 'cloud.google.com/go/datastore' ...
  got v0.25.1
  has 186 dependencies
Evaluating 'cuelang.org/go' ...
  got v0.0.0-20251212221603-3adeb8663819
  has 29 dependencies
Evaluating 'github.com/santhosh-tekuri/jsonschema/v5' ...
  got v5.3.1
  has 0 dependencies
Evaluating 'github.com/grafana/go-mssqldb' ...
  got v0.0.0-20190719163853-cb61b32ac6fe
  has 3 dependencies
Evaluating 'github.com/antlr/antlr4' ...
  got v4.11.1+incompatible
  has 0 dependencies
Evaluating 'github.com/holiman/bloomfilter/v2' ...
  got v2.0.3
  has 0 dependencies
Evaluating 'github.com/op/go-logging' ...
  got v0.0.0-20160315200505-970db520ece7
  has 0 dependencies
Evaluating 'istio.io/istio' ...
  got v0.25.1
  has 232 dependencies
Evaluating 'github.com/google/go-dap' ...
  got v0.12.0
  has 0 dependencies
Evaluating 'github.com/magefile/mage' ...
  got v1.17.2
  has 0 dependencies
Evaluating 'github.com/knqyf263/go-deb-version' ...
  got v0.0.0-20241115132648-6f4aee6ccd23
  has 0 dependencies
Evaluating 'github.com/dchest/siphash' ...
  got v1.2.3
  has 0 dependencies
Evaluating 'github.com/go-xmlfmt/xmlfmt' ...
  got v1.1.3
  has 0 dependencies
Evaluating 'github.com/nfnt/resize' ...
  got v0.0.0-20180221191011-83c6a9932646
  has 0 dependencies
Evaluating 'github.com/nsqio/go-nsq' ...
  got v0.0.1
  has 1 dependencies
Evaluating 'github.com/araddon/dateparse' ...
  got v0.0.0-20210429162001-6b43995a97de
  has 9 dependencies
Evaluating 'github.com/onsi/ginkgo/v2' ...
  got v3.4.0
  has 37 dependencies
Evaluating 'github.com/oliveagle/jsonpath' ...
  got v0.1.4
  has 0 dependencies
Evaluating 'github.com/status-im/keycard-go' ...
  got v0.21.1
  has 102 dependencies
Evaluating 'github.com/hashicorp/cap' ...
  got v3.11.0
  has 26 dependencies
Evaluating 'github.com/yandex-cloud/go-sdk' ...
  got v0.15.0
  has 158 dependencies
Evaluating 'github.com/muhammadmuzzammil1998/jsonc' ...
  got v1.0.0
  has 0 dependencies
Evaluating 'github.com/yandex-cloud/go-genproto' ...
  got v0.75.0
  has 8 dependencies
Evaluating 'github.com/yawn/doubledash' ...
  got v0.0.0-20151212175516-fd8a81db93af
  has 0 dependencies
Evaluating 'mvdan.cc/sh/v3' ...
  got v1.1.24
  has 13 dependencies
Evaluating 'github.com/gballet/go-libpcsclite' ...
  got v0.0.0-20250918194357-1ec6f2e601c6
  has 0 dependencies
Evaluating 'cloud.google.com/go/containeranalysis' ...
  got v0.123.0
  has 35 dependencies
Evaluating 'github.com/cloudflare/cloudflare-go' ...
  got v0.116.0
  has 27 dependencies
Evaluating 'github.com/rclone/ftp' ...
  got v1.1.1
  has 6 dependencies
Evaluating 'github.com/golangci/revgrep' ...
  got v0.8.0
  has 0 dependencies
Evaluating 'github.com/aws/aws-sdk-go-v2/service/elasticloadbalancingv2' ...
  got v1.41.6
  has 4 dependencies
Evaluating 'golang.org/x/exp/typeparams' ...
  got v0.0.0-20260410095643-746e56fc9e2f
  has 0 dependencies
Evaluating 'github.com/go-toolsmith/astequal' ...
  got v1.2.0
  has 2 dependencies
Evaluating 'github.com/libp2p/go-reuseport' ...
  got v1.1.0
  has 5 dependencies
Evaluating 'github.com/go-toolsmith/astfmt' ...
  got v1.0.3
  has 3 dependencies
Evaluating 'github.com/ettle/strcase' ...
  got v0.2.0
  has 0 dependencies
Evaluating 'github.com/go-toolsmith/astp' ...
  got v1.0.3
  has 3 dependencies
Evaluating 'github.com/golangci/gofmt' ...
  got v0.0.0-20251215234548-e7be49a5ab4d
  has 5 dependencies
Evaluating 'github.com/go-toolsmith/strparse' ...
  got v1.0.3
  has 2 dependencies
Evaluating 'github.com/grafana/loki' ...
  ! module not found
Evaluating 'github.com/gorhill/cronexpr' ...
  got v0.0.0-20180427100037-88b0669f7d75
  has 0 dependencies
Evaluating 'github.com/golangci/misspell' ...
  got v0.2.3
  has 1 dependencies
Evaluating 'github.com/cockroachdb/pebble' ...
  got v1.2.1
  has 125 dependencies
Evaluating 'github.com/cosmos/iavl' ...
  got v0.12.1-0.20240725072823-6a2d039e1212
  has 42 dependencies
Evaluating 'github.com/gostaticanalysis/analysisutil' ...
  got v0.5.4
  has 18 dependencies
Evaluating 'github.com/go-critic/go-critic' ...
  got v0.12.0
  has 19 dependencies
Evaluating 'github.com/r3labs/diff' ...
  got v1.1.0
  has 6 dependencies
Evaluating 'github.com/golangci/dupl' ...
  got v0.0.0-20260401084720-c99c5cf5c202
  has 0 dependencies
Evaluating 'github.com/go-toolsmith/typep' ...
  got v1.1.0
  has 0 dependencies
Evaluating 'github.com/flynn/noise' ...
  got v1.1.0
  has 10 dependencies
Evaluating 'github.com/golangci/unconvert' ...
  got v0.0.0-20250410112200-a129a6e6413e
  has 9 dependencies
Evaluating 'mvdan.cc/interfacer' ...
  got v0.6.0
  has 10 dependencies
Evaluating 'github.com/sagernet/wireguard-go' ...
  got v0.7.10
  has 5 dependencies
Evaluating 'github.com/golangci/check' ...
  got v0.0.0-20180506172741-cfe4005ccda2
  has 0 dependencies
Evaluating 'github.com/golangci/maligned' ...
  got v0.0.0-20180506175553-b1d89398deca
  has 8 dependencies
Evaluating 'mvdan.cc/lint' ...
  got v0.6.0
  has 8 dependencies
Evaluating 'github.com/go-toolsmith/astcast' ...
  got v1.1.0
  has 3 dependencies
Evaluating 'github.com/prometheus-operator/prometheus-operator/pkg/apis/monitoring' ...
  got v2.9.0
  has 20 dependencies
Evaluating 'github.com/go-toolsmith/astcopy' ...
  got v1.1.0
  has 3 dependencies
Evaluating 'github.com/golangci/go-misc' ...
  got v0.0.0-20220329215616-d24fe342adfe
  has 7 dependencies
Evaluating 'github.com/SAP/go-hdb' ...
  got v1.16.6
  has 1 dependencies
Evaluating 'kernel.org/pub/linux/libs/security/libcap/psx' ...
  got v1.2.78
  has 0 dependencies
Evaluating 'github.com/google/orderedcode' ...
  got v0.0.1
  has 0 dependencies
Evaluating 'github.com/timakin/bodyclose' ...
  got v0.5.4
  has 19 dependencies
Evaluating 'github.com/uudashr/gocognit' ...
  got v0.6.0
  has 8 dependencies
Evaluating 'github.com/toqueteos/webbrowser' ...
  got v1.2.1
  has 0 dependencies
Evaluating 'github.com/cosmos/btcutil' ...
  got v1.0.5
  has 0 dependencies
Evaluating 'github.com/yl2chen/cidranger' ...
  got v1.1.0
  has 6 dependencies
Evaluating 'github.com/go-telegram-bot-api/telegram-bot-api/v5' ...
  got v5.5.1
  has 0 dependencies
Evaluating 'github.com/yl2chen/cidranger' ...
  got v1.1.0
  has 6 dependencies
Evaluating 'github.com/ultraware/funlen' ...
  got v0.6.0
  has 8 dependencies
Evaluating 'github.com/ultraware/whitespace' ...
  got v0.2.0
  has 7 dependencies
Evaluating 'github.com/matoous/godox' ...
  got v1.1.0
  has 0 dependencies
Evaluating 'github.com/alibabacloud-go/debug' ...
  got v1.0.1
  has 0 dependencies
Evaluating 'github.com/regen-network/protobuf' ...
  ! module not resolved
Evaluating 'github.com/ClickHouse/clickhouse-go' ...
  got v1.5.4
  has 11 dependencies
Evaluating 'github.com/tendermint/tm-db' ...
  got v0.26.0
  has 82 dependencies
Evaluating 'github.com/inconshreveable/log15' ...
  got v1.8.1
  has 5 dependencies
Evaluating 'github.com/mikesmitty/edkey' ...
  got v0.0.0-20170222072505-3356ea4e686a
  has 5 dependencies
Evaluating 'github.com/timtadh/lexmachine' ...
  got v0.6.1
  has 2 dependencies
Evaluating 'github.com/container-orchestrated-devices/container-device-interface' ...
  ! module not resolved
Evaluating 'github.com/timtadh/data-structures' ...
  got v0.6.2
  has 0 dependencies
Evaluating 'github.com/chavacava/garif' ...
  got v0.1.0
  has 6 dependencies
Evaluating 'github.com/amazeeio/envplate' ...
  got v1.0.3
  has 0 dependencies
Evaluating 'github.com/alibabacloud-go/tea' ...
  got v1.0.0
  has 23 dependencies
Evaluating 'github.com/couchbase/gocb/v2' ...
  got v0.25.1
  has 59 dependencies
Evaluating 'github.com/google/renameio' ...
  got v1.0.1
  has 0 dependencies
Evaluating 'github.com/VividCortex/gohistogram' ...
  got v1.0.0
  has 0 dependencies
Evaluating 'github.com/oklog/ulid/v2' ...
  got v2.1.1
  has 1 dependencies
Evaluating 'github.com/aliyun/credentials-go' ...
  got v1.0.1
  has 26 dependencies
Evaluating 'github.com/jackc/puddle/v2' ...
  got v1.1.1
  has 5 dependencies
Evaluating 'github.com/cpuguy83/go-md2man' ...
  got v1.0.10
  has 1 dependencies
Evaluating 'github.com/securego/gosec/v2' ...
  got v0.121.2
  has 60 dependencies
Evaluating 'github.com/tdewolff/parse/v2' ...
  got v2.8.12
  has 1 dependencies
Evaluating 'github.com/hashicorp/go-gcp-common' ...
  got v0.3.0
  has 20 dependencies
Evaluating 'github.com/eapache/channels' ...
  got v1.1.0
  has 1 dependencies
Evaluating 'layeh.com/radius' ...
  got v1.4.13
  has 10 dependencies
Evaluating 'gopkg.in/retry.v1' ...
  got v1.2.2
  has 6 dependencies
Evaluating 'github.com/pkg/diff' ...
  got v0.0.0-20241224192749-4e6772a4315c
  has 0 dependencies
Evaluating 'github.com/jingyugao/rowserrcheck' ...
  got v1.1.1
  has 10 dependencies
Evaluating 'github.com/jirfag/go-printf-func-name' ...
  ! module not resolved
Evaluating 'github.com/zalando/go-keyring' ...
  got v1.2.3
  has 8 dependencies
Evaluating 'go.opentelemetry.io/collector/semconv' ...
  got v1.1.1
  has 9 dependencies
Evaluating 'github.com/google/go-tpm' ...
  got v0.5.9
  has 3 dependencies
Evaluating 'github.com/fullsailor/pkcs7' ...
  got v0.0.0-20190404230743-d7302db945fa
  has 0 dependencies
Evaluating 'kernel.org/pub/linux/libs/security/libcap/cap' ...
  got v1.2.78
  has 1 dependencies
Evaluating 'github.com/prometheus/tsdb' ...
  got v1.2.2
  has 39 dependencies
Evaluating 'github.com/simonpasquier/klog-gokit/v3' ...
  got v1.1.1
  has 7 dependencies
Evaluating 'github.com/rwcarlsen/goexif' ...
  got v0.0.0-20190401172101-9e8deecbddbd
  has 0 dependencies
Evaluating 'github.com/valyala/fastjson' ...
  got v1.6.10
  has 0 dependencies
Evaluating 'github.com/bufbuild/connect-go' ...
  got v1.10.0
  has 4 dependencies
Evaluating 'github.com/denisbrodbeck/machineid' ...
  got v1.0.1
  has 1 dependencies
Evaluating 'go.opentelemetry.io/otel/exporters/zipkin' ...
  got v1.43.1
  has 50 dependencies
Evaluating 'github.com/goware/prefixer' ...
  got v0.0.0-20160118172347-395022866408
  has 0 dependencies
Evaluating 'github.com/alexflint/go-filemutex' ...
  got v1.3.0
  has 7 dependencies
Evaluating 'github.com/btcsuite/btcutil' ...
  got v1.0.1
  has 26 dependencies
Evaluating 'github.com/devigned/tab' ...
  got v0.1.1
  has 0 dependencies
Evaluating 'github.com/dgraph-io/badger/v3' ...
  got v0.26.0
  has 69 dependencies
Evaluating 'github.com/ipfs/go-log/v2' ...
  got v1.1.1
  has 10 dependencies
Evaluating 'github.com/derekparker/trie' ...
  got v0.0.0-20230829180723-39f4de51ef7d
  has 0 dependencies
Evaluating 'github.com/twitchtv/twirp' ...
  got v8.1.3+incompatible
  has 0 dependencies
Evaluating 'github.com/Azure/azure-sdk-for-go/sdk/keyvault/azkeys' ...
  got v1.4.0
  has 22 dependencies
Evaluating 'github.com/go-ole/go-ole' ...
  got v1.3.0
  has 1 dependencies
Evaluating 'github.com/jdkato/prose' ...
  got v1.1.0
  has 10 dependencies
Evaluating 'github.com/becheran/wildmatch-go' ...
  got v1.0.0
  has 0 dependencies
Evaluating 'github.com/ionos-cloud/sdk-go/v6' ...
  got v0.3.0
  has 2 dependencies
Evaluating 'github.com/go-co-op/gocron' ...
  got v1.1.9
  has 16 dependencies
Evaluating 'github.com/mgechev/revive' ...
  got v0.2.0
  has 22 dependencies
Evaluating 'github.com/tdakkota/asciicheck' ...
  got v0.6.0
  has 8 dependencies
Evaluating 'github.com/gogo/gateway' ...
  got v0.26.0
  has 27 dependencies
Evaluating 'go.mozilla.org/gopgagent' ...
  got v0.0.0-20170926210634-4d7ea76ff71a
  has 0 dependencies
Evaluating 'github.com/regen-network/cosmos-proto' ...
  got v1.1.0
  has 18 dependencies
Evaluating 'github.com/marten-seemann/qtls-go1-17' ...
  got v1.6.0
  has 5 dependencies
Evaluating 'github.com/bombsimon/wsl/v3' ...
  got v3.4.0
  has 8 dependencies
Evaluating 'github.com/nakabonne/nestif' ...
  got v1.1.0
  has 7 dependencies
Evaluating 'github.com/alessio/shellescape' ...
  ! module not resolved
Evaluating 'github.com/libp2p/go-libp2p' ...
  got v0.1.1-0.20260103110540-f8a47775ebe5
  has 128 dependencies
Evaluating 'github.com/ryancurrah/gomodguard' ...
  got v3.3.1
  has 9 dependencies
Evaluating 'github.com/maratori/testpackage' ...
  got v0.6.0
  has 8 dependencies
Evaluating 'github.com/tetafro/godot' ...
  got v1.5.6
  has 1 dependencies
Evaluating 'github.com/DataDog/go-tuf' ...
  ! module not resolved
Evaluating 'github.com/quasilyte/regex/syntax' ...
  got v0.0.0-20210819130434-b3f0c404a727
  has 0 dependencies
Evaluating 'github.com/phayes/freeport' ...
  got v0.0.0-20220201140144-74d24b5ae9f5
  has 0 dependencies
Evaluating 'github.com/gordonklaus/ineffassign' ...
  got v0.6.0
  has 8 dependencies
Evaluating 'github.com/quasilyte/go-ruleguard' ...
  got v1.0.2
  has 17 dependencies
Evaluating 'github.com/kyoh86/exportloopref' ...
  got v0.1.11
  has 5 dependencies
Evaluating 'github.com/shazow/go-diff' ...
  got v1.0.0
  has 1 dependencies
Evaluating 'github.com/nishanths/exhaustive' ...
  got v0.12.0
  has 6 dependencies
Evaluating 'github.com/confio/ics23/go' ...
  ! module not resolved
Evaluating 'github.com/couchbase/gocbcore/v10' ...
  got v10.9.2
  has 9 dependencies
Evaluating 'github.com/cockroachdb/cockroach-go' ...
  got v2.0.1+incompatible
  has 0 dependencies
Evaluating 'github.com/go-redis/redis/v7' ...
  got v1.4.7
  has 18 dependencies
Evaluating 'github.com/sonatard/noctx' ...
  got v0.6.0
  has 20 dependencies
Evaluating 'github.com/libp2p/go-flow-metrics' ...
  got v0.1.0
  has 1 dependencies
Evaluating 'github.com/ryanrolds/sqlclosecheck' ...
  got v1.7.1
  has 16 dependencies
Evaluating 'go.opentelemetry.io/otel/exporters/otlp/otlpmetric' ...
  got v1.1.1
  has 7 dependencies
Evaluating 'github.com/paketo-buildpacks/ca-certificates' ...
  got v0.3.1
  has 38 dependencies
Evaluating 'github.com/nats-io/stan.go' ...
  got v1.3.2
  has 16 dependencies
Evaluating 'github.com/tidwall/btree' ...
  got v1.8.1
  has 0 dependencies
Evaluating 'github.com/nishanths/predeclared' ...
  got v0.2.2
  has 10 dependencies
Evaluating 'github.com/knqyf263/go-apk-version' ...
  got v1.1.0
  has 6 dependencies
Evaluating 'github.com/aerospike/aerospike-client-go/v5' ...
  got v5.11.0
  has 31 dependencies
Evaluating 'github.com/docker/engine' ...
  got v1.13.1
  has 0 dependencies
Evaluating 'github.com/xtgo/uuid' ...
  got v0.0.0-20140804021211-a0b114877d4c
  has 0 dependencies
Evaluating 'cloud.google.com/go/cloudtasks' ...
  got v0.18.2
  has 30 dependencies
Evaluating 'github.com/antchfx/htmlquery' ...
  got v1.3.6
  has 14 dependencies
Evaluating 'github.com/Azure/azure-event-hubs-go/v3' ...
  got v4.2.0
  has 41 dependencies
Evaluating 'cloud.google.com/go/functions' ...
  got v0.123.0
  has 33 dependencies
Evaluating 'github.com/ncw/directio' ...
  got v1.0.5
  has 0 dependencies
Evaluating 'cloud.google.com/go/redis' ...
  got v0.123.0
  has 31 dependencies
Evaluating 'github.com/daixiang0/gci' ...
  got v1.1.0
  has 22 dependencies
Evaluating 'go.mozilla.org/sops/v3' ...
  ! module not resolved
Evaluating 'github.com/ssgreg/nlreturn/v2' ...
  got v2.2.1
  has 9 dependencies
Evaluating 'github.com/Azure/azure-amqp-common-go/v3' ...
  got v3.2.3
  has 23 dependencies
Evaluating 'github.com/mitchellh/ioprogress' ...
  got v0.0.0-20180201004757-6a23b12fa88e
  has 0 dependencies
Evaluating 'github.com/inconshreveable/go-update' ...
  got v0.0.0-20160112193335-8152e7eb6ccf
  has 0 dependencies
Evaluating 'cloud.google.com/go/securitycenter' ...
  got v0.123.0
  has 32 dependencies
Evaluating 'go4.org' ...
  got v0.24.0
  has 48 dependencies
Evaluating 'cloud.google.com/go/asset' ...
  got v0.123.0
  has 35 dependencies
Evaluating 'github.com/gostaticanalysis/comment' ...
  got v0.5.4
  has 11 dependencies
Evaluating 'github.com/niklasfasching/go-org' ...
  got v2.2.1
  has 11 dependencies
Evaluating 'cloud.google.com/go/oslogin' ...
  got v0.18.2
  has 29 dependencies
Evaluating 'github.com/hashicorp/go-secure-stdlib/tlsutil' ...
  got v1.1.1
  has 32 dependencies
Evaluating 'cloud.google.com/go/datacatalog' ...
  got v0.123.0
  has 32 dependencies
Evaluating 'cloud.google.com/go/artifactregistry' ...
  got v0.123.0
  has 32 dependencies
Evaluating 'github.com/paketo-buildpacks/packit/v2' ...
  got v0.24.0
  has 282 dependencies
Evaluating 'github.com/smartystreets/goconvey' ...
  got v1.17.2
  has 9 dependencies
Evaluating 'github.com/Azure/azure-sdk-for-go/sdk/resourcemanager/resources/armresources' ...
  got v1.9.0
  has 23 dependencies
Evaluating 'github.com/nats-io/nats-server/v2' ...
  got v0.6.0-default-no-op
  has 18 dependencies
Evaluating 'cloud.google.com/go/speech' ...
  got v0.123.0
  has 31 dependencies
Evaluating 'cloud.google.com/go/osconfig' ...
  got v0.123.0
  has 31 dependencies
Evaluating 'github.com/moricho/tparallel' ...
  got v0.6.0
  has 20 dependencies
Evaluating 'github.com/jgautheron/goconst' ...
  got v1.10.0
  has 0 dependencies
Evaluating 'github.com/polyfloyd/go-errorlint' ...
  got v0.6.0
  has 8 dependencies
Evaluating 'github.com/kunwardeep/paralleltest' ...
  got v0.6.0
  has 8 dependencies
Evaluating 'github.com/mbilski/exhaustivestruct' ...
  got v1.2.0
  has 9 dependencies
Evaluating 'github.com/Djarvur/go-err113' ...
  got v0.1.1
  has 8 dependencies
Evaluating 'cloud.google.com/go/gkehub' ...
  got v0.123.0
  has 32 dependencies
Evaluating '4d63.com/gochecknoglobals' ...
  got v0.2.2
  has 6 dependencies
Evaluating 'github.com/sagikazarmark/slog-shim' ...
  got v0.5.8
  has 5 dependencies
Evaluating 'github.com/charithe/durationcheck' ...
  got v0.0.11
  has 10 dependencies
Evaluating 'cloud.google.com/go/phishingprotection' ...
  got v0.18.2
  has 29 dependencies
Evaluating 'cloud.google.com/go/lifesciences' ...
  got v0.123.0
  has 31 dependencies
Evaluating 'cloud.google.com/go/dialogflow' ...
  got v0.123.0
  has 31 dependencies
Evaluating 'cloud.google.com/go/metastore' ...
  got v0.123.0
  has 32 dependencies
Evaluating 'cloud.google.com/go/networkconnectivity' ...
  got v0.123.0
  has 32 dependencies
Evaluating 'cloud.google.com/go/talent' ...
  got v0.123.0
  has 31 dependencies
Evaluating 'cloud.google.com/go/billing' ...
  got v0.18.2
  has 30 dependencies
Evaluating 'cloud.google.com/go/recommendationengine' ...
  got v0.123.0
  has 31 dependencies
Evaluating 'cloud.google.com/go/area120' ...
  got v0.13.0
  has 29 dependencies
Evaluating 'cloud.google.com/go/servicedirectory' ...
  got v0.18.2
  has 30 dependencies
Evaluating 'cloud.google.com/go/language' ...
  got v0.18.2
  has 29 dependencies
Evaluating 'cloud.google.com/go/binaryauthorization' ...
  got v0.18.2
  has 29 dependencies
Evaluating 'cloud.google.com/go/privatecatalog' ...
  got v0.18.2
  has 30 dependencies
Evaluating 'cloud.google.com/go/notebooks' ...
  got v0.123.0
  has 32 dependencies
Evaluating 'cloud.google.com/go/videointelligence' ...
  got v0.123.0
  has 31 dependencies
Evaluating 'github.com/ashanbrown/makezero' ...
  got v1.2.0
  has 10 dependencies
Evaluating 'cloud.google.com/go/dataflow' ...
  got v0.18.2
  has 29 dependencies
Evaluating 'cloud.google.com/go/vision/v2' ...
  got v0.123.0
  has 31 dependencies
Evaluating 'cloud.google.com/go/assuredworkloads' ...
  got v0.123.0
  has 31 dependencies
Evaluating 'cloud.google.com/go/automl' ...
  got v0.123.0
  has 31 dependencies
Evaluating 'cloud.google.com/go/datalabeling' ...
  got v0.123.0
  has 31 dependencies
Evaluating 'cloud.google.com/go/datastream' ...
  got v0.123.0
  has 32 dependencies
Evaluating 'cloud.google.com/go/documentai' ...
  got v0.123.0
  has 31 dependencies
Evaluating 'cloud.google.com/go/gkeconnect' ...
  got v0.18.2
  has 26 dependencies
Evaluating 'github.com/jefferai/isbadcipher' ...
  got v0.0.0-20190226160619-51d2077c035f
  has 0 dependencies
Evaluating 'cloud.google.com/go/memcache' ...
  got v0.123.0
  has 31 dependencies
Evaluating 'cloud.google.com/go/domains' ...
  got v0.123.0
  has 31 dependencies
Evaluating 'cloud.google.com/go/retail' ...
  got v0.123.0
  has 31 dependencies
Evaluating 'cloud.google.com/go/dataform' ...
  got v0.123.0
  has 32 dependencies
Evaluating 'cloud.google.com/go/scheduler' ...
  got v0.18.2
  has 29 dependencies
Evaluating 'cloud.google.com/go/webrisk' ...
  got v0.123.0
  has 31 dependencies
Evaluating 'cloud.google.com/go/workflows' ...
  got v0.123.0
  has 31 dependencies
Evaluating 'cloud.google.com/go/analytics' ...
  got v0.33.0
  has 29 dependencies
Evaluating 'cloud.google.com/go/recommender' ...
  got v0.18.2
  has 29 dependencies
Evaluating 'cloud.google.com/go/networksecurity' ...
  got v0.123.0
  has 32 dependencies
Evaluating 'cloud.google.com/go/mediatranslation' ...
  got v0.18.2
  has 27 dependencies
Evaluating 'cloud.google.com/go/dataqna' ...
  got v0.18.2
  has 29 dependencies
Evaluating 'cloud.google.com/go/recaptchaenterprise/v2' ...
  got v0.18.2
  has 29 dependencies
Evaluating 'cloud.google.com/go/edgecontainer' ...
  got v0.123.0
  has 31 dependencies
Evaluating 'github.com/fzipp/gocyclo' ...
  got v0.6.0
  has 0 dependencies
Evaluating 'github.com/tommy-muehle/go-mnd/v2' ...
  got v1.1.1
  has 13 dependencies
Evaluating 'cdr.dev/slog' ...
  got v1.6.1
  has 36 dependencies
Evaluating 'github.com/gostaticanalysis/forcetypeassert' ...
  got v0.6.0
  has 8 dependencies
Evaluating 'github.com/alexkohler/prealloc' ...
  got v1.1.0
  has 8 dependencies
Evaluating 'github.com/kulti/thelper' ...
  got v0.7.1
  has 3 dependencies
Evaluating 'github.com/bkielbasa/cyclop' ...
  got v1.2.3
  has 3 dependencies
Evaluating 'github.com/sethvargo/go-limiter' ...
  got v1.1.0
  has 0 dependencies
Evaluating 'k8s.io/gengo' ...
  got v1.1.1
  has 21 dependencies
Evaluating 'github.com/esimonov/ifshort' ...
  got v1.0.4
  has 3 dependencies
Evaluating 'github.com/operator-framework/operator-sdk' ...
  got v0.25.1
  has 283 dependencies
Evaluating 'github.com/tdewolff/minify/v2' ...
  got v1.1.0
  has 9 dependencies
Evaluating 'github.com/multiformats/go-multistream' ...
  got v0.6.1
  has 1 dependencies
Evaluating 'github.com/ashanbrown/forbidigo' ...
  got v1.6.0
  has 17 dependencies
Evaluating 'github.com/julz/importas' ...
  got v0.6.0
  has 8 dependencies
Evaluating 'github.com/gostaticanalysis/nilerr' ...
  got v0.6.0
  has 16 dependencies
Evaluating 'github.com/segmentio/backo-go' ...
  got v1.1.1
  has 4 dependencies
Evaluating 'github.com/ldez/gomoddirectives' ...
  got v1.1.1
  has 13 dependencies
Evaluating 'cloud.google.com/go/aiplatform' ...
  got v0.123.0
  has 32 dependencies
Evaluating 'github.com/cli/shurcooL-graphql' ...
  got v0.0.4
  has 0 dependencies
Evaluating 'github.com/lestrrat-go/file-rotatelogs' ...
  got v1.1.1
  has 7 dependencies
Evaluating 'github.com/liamg/jfather' ...
  got v1.1.1
  has 4 dependencies
Evaluating 'github.com/yeya24/promlinter' ...
  got v0.65.0
  has 97 dependencies
Evaluating 'github.com/google/licensecheck' ...
  got v0.3.1
  has 0 dependencies
Evaluating 'github.com/gohugoio/hugo' ...
  got v0.25.1
  has 435 dependencies
Evaluating 'github.com/ldez/tagliatelle' ...
  got v0.2.0
  has 13 dependencies
Evaluating 'github.com/tomarrell/wrapcheck/v2' ...
  got v1.1.1
  has 24 dependencies
Evaluating 'go.mongodb.org/atlas' ...
  got v1.1.1
  has 2 dependencies
Evaluating 'github.com/coinbase/rosetta-sdk-go' ...
  got v1.0.0-rc.1
  has 48 dependencies
Evaluating 'github.com/googleapis/google-cloud-go-testing' ...
  got v0.44.3
  has 35 dependencies
Evaluating 'github.com/sigstore/fulcio' ...
  got v0.0.8
  has 512 dependencies
Evaluating 'github.com/cli/browser' ...
  got v1.3.0
  has 1 dependencies
Evaluating 'github.com/olivere/elastic/v7' ...
  got v1.43.21
  has 17 dependencies
Evaluating 'github.com/sanposhiho/wastedassign/v2' ...
  got v2.1.0
  has 6 dependencies
Evaluating 'knative.dev/eventing' ...
  got v0.3.1-0.20210420163308-c1402a70e2f1
  has 129 dependencies
Evaluating 'go.opentelemetry.io/otel/exporters/otlp/otlpmetric/otlpmetricgrpc' ...
  got v0.25.1
  has 54 dependencies
Evaluating 'github.com/pion/sctp' ...
  got v1.1.1
  has 13 dependencies
Evaluating 'cloud.google.com/go/resourcemanager' ...
  got v0.123.0
  has 32 dependencies
Evaluating 'github.com/segmentio/fasthash' ...
  got v1.0.3
  has 0 dependencies
Evaluating 'go.opentelemetry.io/collector/model' ...
  got v1.3.2
  has 9 dependencies
Evaluating 'github.com/minio/blake2b-simd' ...
  got v0.0.0-20160723061019-3f5f724cb5b1
  has 0 dependencies
Evaluating 'github.com/aquasecurity/go-version' ...
  got v0.0.1
  has 9 dependencies
Evaluating 'github.com/garyburd/redigo' ...
  got v1.6.4
  has 0 dependencies
Evaluating 'github.com/google/cadvisor' ...
  got v0.7.0
  has 71 dependencies
Evaluating 'github.com/twitchyliquid64/golang-asm' ...
  got v0.15.1
  has 0 dependencies
Evaluating 'cloud.google.com/go/cloudbuild' ...
  got v0.123.0
  has 32 dependencies
Evaluating 'github.com/go-delve/liner' ...
  ! module not resolved
Evaluating 'github.com/ssor/bom' ...
  got v0.0.0-20170718123548-6386211fdfcf
  has 0 dependencies
Evaluating 'github.com/bytedance/sonic' ...
  got v0.1.3
  has 17 dependencies
Evaluating 'github.com/aws/aws-sdk-go-v2/service/rds' ...
  got v1.41.6
  has 6 dependencies
Evaluating 'github.com/owenrumney/squealer' ...
  got v1.0.0
  has 32 dependencies
Evaluating 'code.gitea.io/sdk/gitea' ...
  got v0.24.1
  has 14 dependencies
Evaluating 'zombiezen.com/go/capnproto2' ...
  got v0.50.0
  has 5 dependencies
Evaluating 'github.com/hashicorp/vault-plugin-auth-alicloud' ...
  got v0.0.8
  has 337 dependencies
Evaluating 'github.com/docopt/docopt-go' ...
  got v0.0.0-20180111231733-ee0de3bc6815
  has 0 dependencies
Evaluating 'github.com/google/go-github/v41' ...
  got v1.3.2
  has 12 dependencies
Evaluating 'github.com/crewjam/saml' ...
  got v1.5.0
  has 26 dependencies
Evaluating 'github.com/chenzhuoyu/base64x' ...
  got v1.10.0-rc
  has 14 dependencies
Evaluating 'cloud.google.com/go/texttospeech' ...
  got v0.123.0
  has 31 dependencies
Evaluating 'github.com/hashicorp/go-secure-stdlib/reloadutil' ...
  got v0.1.1
  has 0 dependencies
Evaluating 'github.com/cli/oauth' ...
  got v1.0.0
  has 2 dependencies
Evaluating 'github.com/jstemmer/go-junit-report' ...
  got v1.0.0
  has 0 dependencies
Evaluating 'golang.zx2c4.com/wireguard' ...
  got v1.1.2
  has 9 dependencies
Evaluating 'cloud.google.com/go/accesscontextmanager' ...
  got v0.123.0
  has 32 dependencies
Evaluating 'github.com/tetratelabs/wazero' ...
  got v1.11.0
  has 1 dependencies
Evaluating 'github.com/pion/udp' ...
  got v1.1.1
  has 18 dependencies
Evaluating 'cloud.google.com/go/orgpolicy' ...
  got v0.18.2
  has 29 dependencies
Evaluating 'github.com/joelanford/ignore' ...
  got v1.0.0
  has 42 dependencies
Evaluating 'cloud.google.com/go/accessapproval' ...
  got v1.11.0
  has 29 dependencies
Evaluating 'gopkg.in/ldap.v2' ...
  got v1.0.0-20181015200546-f715ec2f112d
  has 1 dependencies
Evaluating 'cloud.google.com/go/certificatemanager' ...
  got v0.123.0
  has 31 dependencies
Evaluating 'github.com/multiformats/go-multicodec' ...
  got v0.10.0
  has 0 dependencies
Evaluating 'cloud.google.com/go/resourcesettings' ...
  got v0.13.0
  has 27 dependencies
Evaluating 'cloud.google.com/go/orchestration' ...
  got v0.123.0
  has 31 dependencies
Evaluating 'cloud.google.com/go/channel' ...
  got v0.123.0
  has 31 dependencies
Evaluating 'cloud.google.com/go/clouddms' ...
  got v0.123.0
  has 32 dependencies
Evaluating 'cloud.google.com/go/deploy' ...
  got v0.123.0
  has 32 dependencies
Evaluating 'github.com/pion/transport/v2' ...
  got v1.1.1
  has 18 dependencies
Evaluating 'cloud.google.com/go/dlp' ...
  got v0.18.2
  has 29 dependencies
Evaluating 'cloud.google.com/go/contactcenterinsights' ...
  got v0.123.0
  has 31 dependencies
Evaluating 'cloud.google.com/go/websecurityscanner' ...
  got v0.18.2
  has 29 dependencies
Evaluating 'cloud.google.com/go/networkmanagement' ...
  got v0.123.0
  has 32 dependencies
Evaluating 'cloud.google.com/go/optimization' ...
  got v0.123.0
  has 31 dependencies
Evaluating 'cloud.google.com/go/tpu' ...
  got v0.123.0
  has 31 dependencies
Evaluating 'cloud.google.com/go/baremetalsolution' ...
  got v0.123.0
  has 31 dependencies
Evaluating 'cloud.google.com/go/filestore' ...
  got v0.123.0
  has 31 dependencies
Evaluating 'cloud.google.com/go/iot' ...
  got v0.18.2
  has 30 dependencies
Evaluating 'cloud.google.com/go/managedidentities' ...
  got v0.123.0
  has 31 dependencies
Evaluating 'cloud.google.com/go/storagetransfer' ...
  got v0.123.0
  has 31 dependencies
Evaluating 'github.com/aquasecurity/go-pep440-version' ...
  got v0.0.1
  has 10 dependencies
Evaluating 'cloud.google.com/go/vpcaccess' ...
  got v0.123.0
  has 31 dependencies
Evaluating 'cloud.google.com/go/essentialcontacts' ...
  got v0.18.2
  has 29 dependencies
Evaluating 'cloud.google.com/go/vmmigration' ...
  got v0.123.0
  has 32 dependencies
Evaluating 'cloud.google.com/go/appengine' ...
  got v0.123.0
  has 31 dependencies
Evaluating 'cloud.google.com/go/eventarc' ...
  got v0.123.0
  has 32 dependencies
Evaluating 'cloud.google.com/go/gkebackup' ...
  got v0.123.0
  has 32 dependencies
Evaluating 'cloud.google.com/go/gkemulticloud' ...
  got v0.123.0
  has 31 dependencies
Evaluating 'cloud.google.com/go/shell' ...
  got v0.123.0
  has 31 dependencies
Evaluating 'cloud.google.com/go/policytroubleshooter' ...
  got v0.18.2
  has 31 dependencies
Evaluating 'cloud.google.com/go/run' ...
  got v0.123.0
  has 32 dependencies
Evaluating 'cloud.google.com/go/apigateway' ...
  got v0.123.0
  has 31 dependencies
Evaluating 'cloud.google.com/go/gsuiteaddons' ...
  got v0.18.2
  has 29 dependencies
Evaluating 'cloud.google.com/go/iap' ...
  got v0.18.2
  has 30 dependencies
Evaluating 'cloud.google.com/go/datafusion' ...
  got v0.123.0
  has 31 dependencies
Evaluating 'cloud.google.com/go/apigeeconnect' ...
  got v1.10.0
  has 27 dependencies
Evaluating 'cloud.google.com/go/ids' ...
  got v0.123.0
  has 31 dependencies
Evaluating 'cloud.google.com/go/beyondcorp' ...
  got v0.123.0
  has 32 dependencies
Evaluating 'cloud.google.com/go/translate' ...
  got v0.25.1
  has 73 dependencies
Evaluating 'cloud.google.com/go/dataplex' ...
  got v0.123.0
  has 32 dependencies
Evaluating 'cloud.google.com/go/batch' ...
  got v0.123.0
  has 32 dependencies
Evaluating 'cloud.google.com/go/video' ...
  got v0.123.0
  has 31 dependencies
Evaluating 'github.com/tendermint/crypto' ...
  got v0.0.0-20191022145703-50d29ede1e15
  has 0 dependencies
Evaluating 'cloud.google.com/go/gaming' ...
  got v0.110.2
  has 23 dependencies
Evaluating 'github.com/ajg/form' ...
  got v1.7.1
  has 0 dependencies
Evaluating 'github.com/euank/go-kmsg-parser' ...
  got v2.0.0+incompatible
  has 0 dependencies
Evaluating 'github.com/rickb777/plural' ...
  got v1.17.1
  has 1 dependencies
Evaluating 'github.com/google/go-github/v35' ...
  got v1.3.2
  has 10 dependencies
Evaluating 'github.com/OpenPeeDeeP/depguard' ...
  got v1.1.1
  has 9 dependencies
Evaluating 'github.com/rickb777/date' ...
  got v0.7.0
  has 12 dependencies
Evaluating 'github.com/bufbuild/protocompile' ...
  got v0.14.1
  has 9 dependencies
Evaluating 'gopkg.in/go-playground/webhooks.v5' ...
  got v5.17.0
  has 0 dependencies
Evaluating 'github.com/microsoft/go-mssqldb' ...
  got v1.21.0
  has 32 dependencies
Evaluating 'github.com/mongodb-forks/digest' ...
  got v1.1.0
  has 0 dependencies
Evaluating 'github.com/vbauerster/mpb/v7' ...
  got v1.2.0
  has 5 dependencies
Evaluating 'github.com/mitchellh/prefixedio' ...
  got v0.0.0-20190213213902-5733675afd51
  has 0 dependencies
Evaluating 'github.com/docker/libnetwork' ...
  ! module not resolved
Evaluating 'github.com/aws/aws-sdk-go-v2/service/secretsmanager' ...
  got v1.41.6
  has 4 dependencies
Evaluating 'github.com/tendermint/btcd' ...
  ! module not resolved
Evaluating 'github.com/koron/go-ssdp' ...
  got v0.1.0
  has 5 dependencies
Evaluating 'github.com/okta/okta-sdk-golang/v2' ...
  got v1.1.0
  has 12 dependencies
Evaluating 'github.com/jaytaylor/html2text' ...
  got v2.3.0
  has 19 dependencies
Evaluating 'github.com/aws/aws-sdk-go-v2/service/cloudtrail' ...
  got v1.41.6
  has 4 dependencies
Evaluating 'github.com/cznic/mathutil' ...
  got v0.0.0-20181122101859-297441e03548
  has 1 dependencies
Evaluating 'github.com/knqyf263/go-rpm-version' ...
  got v0.0.0-20240918084003-2afd7dc6a38f
  has 0 dependencies
Evaluating 'github.com/duosecurity/duo_api_golang' ...
  got v0.2.0
  has 0 dependencies
Evaluating 'github.com/HdrHistogram/hdrhistogram-go' ...
  got v1.2.0
  has 9 dependencies
Evaluating 'github.com/aquasecurity/defsec' ...
  got v1.0.0
  has 78 dependencies
Evaluating 'go.coder.com/flog' ...
  ! module not resolved
Evaluating 'github.com/aws/aws-sdk-go-v2/service/kinesis' ...
  got v1.41.6
  has 5 dependencies
Evaluating 'github.com/GoogleCloudPlatform/opentelemetry-operations-go/exporter/trace' ...
  got v0.25.1
  has 72 dependencies
Evaluating 'github.com/butuzov/ireturn' ...
  got v0.4.1
  has 7 dependencies
Evaluating 'github.com/hashicorp/vault-plugin-auth-jwt' ...
  got v0.0.8
  has 325 dependencies
Evaluating 'github.com/sivchari/tenv' ...
  got v0.6.0
  has 14 dependencies
Evaluating 'go.coder.com/cloud-agent' ...
  got v1.3.0
  has 111 dependencies
Evaluating 'go.coder.com/cli' ...
  got v1.3.0
  has 89 dependencies
Evaluating 'github.com/hashicorp/vault-plugin-auth-kerberos' ...
  got v0.0.8
  has 337 dependencies
Evaluating 'github.com/gobuffalo/packd' ...
  got v1.1.1
  has 6 dependencies
Evaluating 'github.com/DataDog/gostackparse' ...
  got v0.7.0
  has 6 dependencies
Evaluating 'github.com/hashicorp/vault-plugin-auth-oci' ...
  got v0.0.8
  has 321 dependencies
Evaluating 'github.com/blizzy78/varnamelen' ...
  got v0.8.0
  has 11 dependencies
Evaluating 'github.com/google/go-metrics-stackdriver' ...
  got v0.110.0
  has 208 dependencies
Evaluating 'github.com/breml/bidichk' ...
  got v0.3.3
  has 3 dependencies
Evaluating 'github.com/cosmos/cosmos-sdk' ...
  got v0.25.1
  has 325 dependencies
Evaluating 'go.opentelemetry.io/contrib/propagators/ot' ...
  got v2.3.0
  has 14 dependencies
Evaluating 'github.com/knqyf263/nested' ...
  got v0.0.1
  has 0 dependencies
Evaluating 'github.com/samfoo/ansi' ...
  got v0.0.0-20160124022901-b6bd2ded7189
  has 0 dependencies
Evaluating 'github.com/hashicorp/go-secure-stdlib/base62' ...
  got v0.1.2
  has 1 dependencies
Evaluating 'github.com/gobuffalo/envy' ...
  got v1.1.1
  has 9 dependencies
Evaluating 'github.com/aquasecurity/trivy-db' ...
  got v1.3.0
  has 57 dependencies
Evaluating 'github.com/pion/stun' ...
  got v1.1.1
  has 19 dependencies
Evaluating 'github.com/dop251/goja_nodejs' ...
  got v1.11.4
  has 8 dependencies
Evaluating 'github.com/ktrysmt/go-bitbucket' ...
  got v0.3.0
  has 20 dependencies
Evaluating 'github.com/cli/cli/v2' ...
  got v2.1.0
  has 180 dependencies
Evaluating 'golang.org/x/mobile' ...
  got v0.0.0-20260312153236-7ab1446f8b90
  has 8 dependencies
Evaluating 'github.com/aquasecurity/go-dep-parser' ...
  got v1.3.2
  has 21 dependencies
Evaluating 'github.com/deitch/magic' ...
  got v0.0.0-20240306090643-c67ab88f10cb
  has 1 dependencies
Evaluating 'github.com/multiformats/go-multiaddr-dns' ...
  got v1.1.0
  has 26 dependencies
Evaluating 'github.com/git-lfs/wildmatch' ...
  got v1.0.4
  has 0 dependencies
Evaluating 'github.com/fjl/memsize' ...
  got v0.0.2
  has 0 dependencies
Evaluating 'github.com/djherbis/times' ...
  got v1.6.0
  has 1 dependencies
Evaluating 'github.com/digitalocean/go-qemu' ...
  got v0.4.0
  has 4 dependencies
Evaluating 'github.com/exoscale/egoscale' ...
  got v1.1.9
  has 75 dependencies
Evaluating 'github.com/codegangsta/inject' ...
  got v0.0.0-20150114235600-33e0aa1cb7c0
  has 0 dependencies
Evaluating 'github.com/go-ldap/ldif' ...
  got v1.4.1
  has 2 dependencies
Evaluating 'github.com/mattn/go-xmlrpc' ...
  got v0.0.3
  has 0 dependencies
Evaluating 'github.com/jefferai/jsonx' ...
  got v2.1.0
  has 1 dependencies
Evaluating 'github.com/hashicorp/vault-plugin-auth-gcp' ...
  got v0.18.2
  has 105 dependencies
Evaluating 'github.com/libp2p/go-msgio' ...
  got v1.3.2
  has 4 dependencies
Evaluating 'github.com/hashicorp/vault-plugin-secrets-mongodbatlas' ...
  got v0.0.8
  has 319 dependencies
Evaluating 'github.com/masahiro331/go-mvn-version' ...
  got v1.1.0
  has 7 dependencies
Evaluating 'github.com/hashicorp/vault-plugin-secrets-alicloud' ...
  got v0.0.8
  has 336 dependencies
Evaluating 'github.com/alibabacloud-go/tea-utils' ...
  got v0.0.0-20190504072949-9472017b5c68
  has 6 dependencies
Evaluating 'github.com/hashicorp/vault-plugin-auth-cf' ...
  got v0.0.8
  has 327 dependencies
Evaluating 'github.com/chrismalek/oktasdk-go' ...
  got v0.0.0-20181212195951-3430665dfaa0
  has 0 dependencies
Evaluating 'github.com/hashicorp/vault-plugin-database-mongodbatlas' ...
  got v0.0.8
  has 324 dependencies
Evaluating 'github.com/hashicorp/vault-plugin-auth-centrify' ...
  got v0.34.0
  has 132 dependencies
Evaluating 'github.com/centrify/cloud-golang-sdk' ...
  got v0.0.0-20220926200933-ed5f25b01f45
  has 2 dependencies
Evaluating 'github.com/hashicorp/vault-plugin-auth-kubernetes' ...
  got v0.0.8
  has 352 dependencies
Evaluating 'github.com/hashicorp/vault-plugin-secrets-kv' ...
  got v0.0.8
  has 316 dependencies
Evaluating 'github.com/hashicorp/vault-plugin-secrets-gcpkms' ...
  got v0.0.8
  has 437 dependencies
Evaluating 'github.com/hashicorp/vault-plugin-database-elasticsearch' ...
  got v0.0.8
  has 294 dependencies
Evaluating 'github.com/hashicorp/vault-plugin-secrets-openldap' ...
  got v0.0.8
  has 334 dependencies
Evaluating 'github.com/hashicorp/vault-plugin-secrets-azure' ...
  got v0.0.8
  has 337 dependencies
Evaluating 'github.com/facebookgo/clock' ...
  got v0.0.0-20150410010913-600d898af40a
  has 0 dependencies
Evaluating 'github.com/hashicorp/vault-plugin-secrets-gcp' ...
  got v0.18.2
  has 108 dependencies
Evaluating 'github.com/jeffchao/backoff' ...
  got v0.0.0-20140404060208-9d7fd7aa17f2
  has 0 dependencies
Evaluating 'github.com/hashicorp/raft-snapshot' ...
  got v2.2.0+incompatible
  has 30 dependencies
Evaluating 'github.com/olivere/elastic' ...
  got v1.0.0
  has 3 dependencies
Evaluating 'github.com/vmihailenco/go-tinylfu' ...
  got v2.1.1
  has 7 dependencies
Evaluating 'github.com/hashicorp/vault-plugin-secrets-ad' ...
  got v0.14.1
  has 115 dependencies
Evaluating 'github.com/bep/debounce' ...
  got v1.2.1
  has 0 dependencies
Evaluating 'github.com/kubernetes-csi/external-snapshotter/client/v4' ...
  got v0.51.0
  has 120 dependencies
Evaluating 'github.com/Azure/go-autorest/autorest/mocks' ...
  got v14.2.0+incompatible
  has 1 dependencies
Evaluating 'github.com/hashicorp/vault-plugin-database-couchbase' ...
  got v0.0.8
  has 331 dependencies
Evaluating 'go4.org/mem' ...
  got v0.0.0-20240501181205-ae6ca9944745
  has 0 dependencies
Evaluating 'github.com/docker/compose-switch' ...
  got v0.46.3
  has 162 dependencies
Evaluating 'github.com/Antonboom/errname' ...
  got v1.1.1
  has 8 dependencies
Evaluating 'github.com/hashicorp/vault-plugin-auth-azure' ...
  got v0.0.8
  has 346 dependencies
Evaluating 'github.com/hashicorp/vault-plugin-database-snowflake' ...
  got v0.16.1
  has 315 dependencies
Evaluating 'github.com/hashicorp/vault-plugin-secrets-terraform' ...
  got v0.0.8
  has 324 dependencies
Evaluating 'github.com/cosmos/cosmos-proto' ...
  got v1.0.0-beta.5
  has 10 dependencies
Evaluating 'github.com/creachadair/taskgroup' ...
  got v0.14.3
  has 5 dependencies
Evaluating 'github.com/liamg/iamgo' ...
  got v1.1.0
  has 7 dependencies
Evaluating 'github.com/cert-manager/cert-manager' ...
  got v0.25.1
  has 181 dependencies
Evaluating 'github.com/davidlazar/go-crypto' ...
  got v0.0.0-20200604182044-b73af7476f6c
  has 4 dependencies
Evaluating 'cloud.google.com/go/dataproc' ...
  got v0.105.0
  has 19 dependencies
Evaluating 'github.com/jbenet/go-temp-err-catcher' ...
  got v0.1.0
  has 0 dependencies
Evaluating 'github.com/mmikulicic/multierror' ...
  ! module not resolved
Evaluating 'github.com/k8snetworkplumbingwg/network-attachment-definition-client' ...
  got v3.2.1
  has 71 dependencies
Evaluating 'github.com/hashicorp/go-secure-stdlib/password' ...
  got v0.1.5
  has 5 dependencies
Evaluating 'github.com/bitnami/render-template' ...
  got v2.0.2+incompatible
  has 11 dependencies
Evaluating 'github.com/alibabacloud-go/openapi-util' ...
  got v0.26.0
  has 42 dependencies
Evaluating 'gitlab.com/bosi/decorder' ...
  got v1.4.13
  has 7 dependencies
Evaluating 'github.com/multiformats/go-multiaddr-fmt' ...
  got v0.0.0-20160723061019-3f5f724cb5b1
  has 10 dependencies
Evaluating 'github.com/yagipy/maintidx' ...
  got v1.0.0
  has 8 dependencies
Evaluating 'github.com/ipfs/go-log' ...
  got v0.3.1
  has 34 dependencies
Evaluating 'github.com/aquasecurity/go-npm-version' ...
  got v0.0.2
  has 10 dependencies
Evaluating 'github.com/quasilyte/gogrep' ...
  got v1.0.3
  has 4 dependencies
Evaluating 'github.com/google/go-containerregistry/pkg/authn/k8schain' ...
  got v0.7.0
  has 138 dependencies
Evaluating 'github.com/aquasecurity/go-gem-version' ...
  got v0.3.1
  has 14 dependencies
Evaluating 'github.com/sagikazarmark/crypt' ...
  got v0.120.0
  has 66 dependencies
Evaluating 'github.com/breml/errchkjson' ...
  got v0.4.1
  has 8 dependencies
Evaluating 'github.com/leonklingele/grouper' ...
  got v1.1.2
  has 7 dependencies
Evaluating 'github.com/sivchari/containedctx' ...
  got v0.4.0
  has 12 dependencies
Evaluating 'github.com/99designs/gqlgen' ...
  got v0.17.90
  has 33 dependencies
Evaluating 'github.com/alibabacloud-go/endpoint-util' ...
  got v0.0.0-20190504072949-9472017b5c68
  has 11 dependencies
Evaluating 'github.com/aead/chacha20' ...
  got v0.0.0-20180709150244-8b13a72661da
  has 1 dependencies
Evaluating 'github.com/m3db/prometheus_remote_client_golang' ...
  ! module not found
Evaluating 'github.com/nats-io/jwt/v2' ...
  got v2.8.1
  has 6 dependencies
Evaluating 'github.com/biogo/hts' ...
  got v0.0.0-20150317015657-28119bc1ffc1
  has 6 dependencies
Evaluating 'github.com/denis-tingaikin/go-header' ...
  got v1.1.1
  has 13 dependencies
Evaluating 'github.com/firefart/nonamedreturns' ...
  got v1.0.6
  has 8 dependencies
Evaluating 'github.com/quasilyte/stdinfo' ...
  got v0.0.0-20220114132959-f7386bf02567
  has 0 dependencies
Evaluating 'github.com/lufeee/execinquery' ...
  got v0.4.0
  has 13 dependencies
Evaluating 'github.com/libp2p/go-nat' ...
  ! module not resolved
Evaluating 'github.com/Antonboom/nilnil' ...
  got v1.1.1
  has 8 dependencies
Evaluating 'github.com/DataDog/datadog-agent/pkg/remoteconfig/state' ...
  got v0.78.1
  has 19 dependencies
Evaluating 'github.com/michaelklishin/rabbit-hole/v2' ...
  got v1.1.10
  has 40 dependencies
Evaluating 'github.com/stbenjam/no-sprintf-host-port' ...
  got v0.3.1
  has 3 dependencies
Evaluating 'github.com/orcaman/concurrent-map' ...
  got v1.0.0
  has 0 dependencies
Evaluating 'github.com/urfave/negroni' ...
  got v1.0.0
  has 0 dependencies
Evaluating 'github.com/gvalkov/golang-evdev' ...
  got v0.0.0-20220815104727-7e27d6ce89b6
  has 0 dependencies
Evaluating 'github.com/google/slowjam' ...
  got v1.4.1
  has 6 dependencies
Evaluating 'github.com/hashicorp/go-secure-stdlib/gatedwriter' ...
  got v0.1.1
  has 0 dependencies
Evaluating 'github.com/hashicorp/go-secure-stdlib/kv-builder' ...
  got v0.1.2
  has 1 dependencies
Evaluating 'rsc.io/pdf' ...
  got v0.1.1
  has 0 dependencies
Evaluating 'github.com/grafana/saml' ...
  ! module not resolved
Evaluating 'github.com/snapcore/snapd' ...
  got v4.6.1
  has 42 dependencies
Evaluating 'github.com/aquasecurity/trivy' ...
  got v1.36.6-20250718181942-e35f9b667443.1
  has 493 dependencies
Evaluating 'github.com/aws/aws-sdk-go-v2/service/sns' ...
  got v1.41.6
  has 4 dependencies
Evaluating 'github.com/grafana/grafana-google-sdk-go' ...
  got v0.16.1
  has 102 dependencies
Evaluating 'github.com/wk8/go-ordered-map' ...
  got v1.1.0
  has 6 dependencies
Evaluating 'github.com/libp2p/go-netroute' ...
  got v1.1.1
  has 9 dependencies
Evaluating 'github.com/heptiolabs/healthcheck' ...
  got v2.4.0
  has 36 dependencies
Evaluating 'github.com/tomasen/realip' ...
  got v0.0.0-20180522021738-f0c99a92ddce
  has 0 dependencies
Evaluating 'github.com/snapcore/go-gettext' ...
  got v0.0.0-20230721153050-9082cdc2db05
  has 0 dependencies
Evaluating 'github.com/sanity-io/litter' ...
  got v0.0.0-20161028175848-04cdfd42973b
  has 3 dependencies
Evaluating 'github.com/bitnami/wait-for-port' ...
  got v1.0.10
  has 7 dependencies
Evaluating 'github.com/hashicorp/hil' ...
  got v0.0.0-20260202170104-0985b598d433
  has 2 dependencies
Evaluating 'github.com/thlib/go-timezone-local' ...
  got v0.0.7
  has 1 dependencies
Evaluating 'github.com/canonical/go-efilib' ...
  got v1.8.0
  has 9 dependencies
Evaluating 'github.com/mattn/go-tty' ...
  got v0.1.13
  has 5 dependencies
Evaluating 'github.com/minio/minio' ...
  got v0.2.0
  has 589 dependencies
Evaluating 'k8s.io/autoscaler/vertical-pod-autoscaler' ...
  got v1.0.1
  has 73 dependencies
Evaluating 'github.com/mitchellh/iochan' ...
  got v1.0.0
  has 0 dependencies
Evaluating 'github.com/gocarina/gocsv' ...
  got v0.0.0-20240520201108-78e41c74b4b1
  has 0 dependencies
Evaluating 'cloud.google.com/go/errorreporting' ...
  got v0.25.1
  has 66 dependencies
Evaluating 'github.com/alibabacloud-go/alibabacloud-gateway-spi' ...
  got v0.0.5
  has 27 dependencies
Evaluating 'github.com/canonical/go-sp800.90a-drbg' ...
  got v0.0.0-20210314144037-6eeb1040d6c3
  has 5 dependencies
Evaluating 'github.com/canonical/tcglog-parser' ...
  got v0.0.0-20111221115336-19303dc7aa63
  has 25 dependencies
Evaluating 'go.elastic.co/apm' ...
  got v1.0.0
  has 33 dependencies
Evaluating 'cloud.google.com/go/pubsublite' ...
  got v0.114.0
  has 68 dependencies
Evaluating 'github.com/canonical/go-tpm2' ...
  got v1.6.0
  has 13 dependencies
Evaluating 'github.com/cli/crypto' ...
  ! module not resolved
Evaluating 'github.com/canonical/go-sp800.108-kdf' ...
  ! module not resolved
Evaluating 'github.com/creasty/defaults' ...
  got v1.8.0
  has 0 dependencies
Evaluating 'contrib.go.opencensus.io/exporter/zipkin' ...
  got v0.26.0
  has 51 dependencies
Evaluating 'github.com/saintfish/chardet' ...
  got v0.0.0-20230101081208-5e3ef4b5456d
  has 0 dependencies
Evaluating 'github.com/remeh/sizedwaitgroup' ...
  got v1.0.0
  has 0 dependencies
Evaluating 'github.com/karalabe/usb' ...
  got v0.0.2
  has 0 dependencies
Evaluating 'github.com/ema/qdisc' ...
  got v1.0.0
  has 9 dependencies
Evaluating 'k8s.io/kms' ...
  got v1.41.0
  has 8 dependencies
Evaluating 'github.com/google/flatbuffers/grpc/examples/go/greeter/models' ...
  got v0.110.0
  has 276 dependencies
Evaluating 'github.com/mdlayher/wifi' ...
  got v0.7.0
  has 11 dependencies
Evaluating 'github.com/vectordotdev/go-datemath' ...
  ! module not resolved
Evaluating 'github.com/google/go-intervals' ...
  got v0.0.2
  has 0 dependencies
Evaluating '../..' ...
  ! module not resolved
Evaluating 'github.com/go-yaml/yaml' ...
  got v2.1.0+incompatible
  has 0 dependencies
Evaluating 'github.com/keybase/go-crypto' ...
  got v0.0.0-20200123153347-de78d2cb44f4
  has 0 dependencies
Evaluating 'tailscale.com' ...
  got v1.2.1
  has 489 dependencies
Evaluating 'github.com/aws/aws-sdk-go-v2/service/lambda' ...
  got v1.41.6
  has 5 dependencies
Evaluating 'github.com/openlyinc/pointy' ...
  ! module not resolved
Evaluating 'github.com/weppos/publicsuffix-go' ...
  got v0.50.3
  has 2 dependencies
Evaluating 'github.com/oxtoacart/bpool' ...
  got v1.1.0
  has 4 dependencies
Evaluating 'github.com/richardlehane/msoleps' ...
  got v1.0.6
  has 0 dependencies
Evaluating 'github.com/muesli/smartcrop' ...
  got v0.3.0
  has 2 dependencies
Evaluating 'github.com/pion/transport' ...
  got v1.1.0
  has 17 dependencies
Evaluating 'github.com/sanathkr/yaml' ...
  got v1.0.0
  has 2 dependencies
Evaluating 'github.com/hodgesds/perf-utils' ...
  got v1.1.1
  has 7 dependencies
Evaluating 'github.com/chzyer/logex' ...
  got v1.2.1
  has 0 dependencies
Evaluating 'cloud.google.com/go/maps' ...
  got v0.123.0
  has 31 dependencies
Evaluating 'cloud.google.com/go/vmwareengine' ...
  got v0.123.0
  has 32 dependencies
Evaluating 'github.com/sashamelentyev/usestdlibvars' ...
  got v0.6.0
  has 8 dependencies
Evaluating 'github.com/sivchari/nosnakecase' ...
  got v0.4.0
  has 13 dependencies
Evaluating 'github.com/snapcore/secboot' ...
  got v0.0.0-20220614022739-219e067757cb
  has 46 dependencies
Evaluating 'github.com/richardlehane/mscfb' ...
  got v1.0.6
  has 1 dependencies
Evaluating 'github.com/jbenet/goprocess' ...
  got v0.1.0
  has 1 dependencies
Evaluating 'github.com/google/tink/go' ...
  got v1.3.0
  has 56 dependencies
Evaluating 'gopkg.in/macaroon.v1' ...
  got v0.1.0
  has 8 dependencies
Evaluating 'github.com/mvo5/goconfigparser' ...
  got v0.2.1
  has 3 dependencies
Evaluating 'github.com/chzyer/test' ...
  got v1.2.1
  has 1 dependencies
Evaluating 'github.com/snapcore/bolt' ...
  got v1.3.1
  has 1 dependencies
Evaluating 'github.com/alingse/asasalint' ...
  got v0.0.11
  has 7 dependencies
Evaluating 'github.com/tendermint/tendermint' ...
  got v0.1.0
  has 563 dependencies
Evaluating 'github.com/git-lfs/go-ntlm' ...
  got v0.0.0-20190401175752-c5056e7fa066
  has 0 dependencies
Evaluating 'github.com/tilinna/clock' ...
  got v1.1.0
  has 0 dependencies
Evaluating 'cloud.google.com/go/serviceusage' ...
  got v0.123.0
  has 31 dependencies
Evaluating 'github.com/gliderlabs/ssh' ...
  got v0.0.0-20200514113438-38f4b401e2be
  has 6 dependencies
Evaluating 'github.com/libp2p/go-libp2p-asn-util' ...
  got v1.1.0
  has 5 dependencies
Evaluating 'github.com/operator-framework/operator-lib' ...
  got v1.0.1
  has 61 dependencies
Evaluating 'github.com/henvic/httpretty' ...
  got v0.1.4
  has 1 dependencies
Evaluating 'gotest.tools/v3' ...
  got v0.5.9
  has 4 dependencies
Evaluating 'github.com/bmizerany/pat' ...
  got v0.0.0-20210406213842-e4b6760bdd6f
  has 0 dependencies
Evaluating 'github.com/bitly/go-simplejson' ...
  got v0.5.1
  has 0 dependencies
Evaluating 'github.com/bits-and-blooms/bloom/v3' ...
  got v1.24.2
  has 2 dependencies
Evaluating 'github.com/gosnmp/gosnmp' ...
  got v1.1.1
  has 9 dependencies
Evaluating 'github.com/libp2p/go-cidranger' ...
  got v1.1.0
  has 7 dependencies
Evaluating 'github.com/go-redis/redis/v9' ...
  ! module not resolved
Evaluating 'go.opentelemetry.io/contrib/propagators/aws' ...
  got v2.3.0
  has 14 dependencies
Evaluating 'github.com/drone/envsubst' ...
  got v1.0.3
  has 1 dependencies
Evaluating 'github.com/blugelabs/ice' ...
  got v0.3.1
  has 40 dependencies
Evaluating 'github.com/blugelabs/bluge_segment_api' ...
  got v0.4.0
  has 11 dependencies
Evaluating 'github.com/blugelabs/bluge' ...
  got v0.3.1
  has 65 dependencies
Evaluating 'github.com/alibabacloud-go/tea-xml' ...
  got v0.0.0-20190504072949-9472017b5c68
  has 11 dependencies
Evaluating 'github.com/paketo-buildpacks/cpython' ...
  got v0.25.1
  has 773 dependencies
Evaluating 'github.com/prometheus/common/assets' ...
  got v0.2.0
  has 0 dependencies
Evaluating 'github.com/dgrijalva/jwt-go/v4' ...
  got v4.0.0-preview1
  has 1 dependencies
Evaluating 'github.com/grafana/grafana-azure-sdk-go' ...
  got v1.9.1
  has 94 dependencies
Evaluating 'github.com/ipfs/go-ipfs-util' ...
  got v0.0.3
  has 10 dependencies
Evaluating 'github.com/rancher/wrangler' ...
  got v1.1.1
  has 67 dependencies
Evaluating 'cloud.google.com/go/servicecontrol' ...
  got v0.18.2
  has 29 dependencies
Evaluating 'gomodules.xyz/jsonpatch/v3' ...
  got v1.1.0
  has 9 dependencies
Evaluating 'github.com/gin-contrib/gzip' ...
  got v0.1.3
  has 55 dependencies
Evaluating 'github.com/alecthomas/kingpin' ...
  got v2.2.6+incompatible
  has 8 dependencies
Evaluating 'github.com/tomnomnom/linkheader' ...
  got v0.0.0-20250811210735-e5fe3b51442e
  has 0 dependencies
Evaluating 'github.com/sashamelentyev/interfacebloat' ...
  got v1.1.0
  has 8 dependencies
Evaluating 'gomodules.xyz/orderedmap' ...
  got v1.1.0
  has 6 dependencies
Evaluating 'github.com/common-nighthawk/go-figure' ...
  got v0.0.0-20210622060536-734e95fb86be
  has 0 dependencies
Evaluating 'github.com/curioswitch/go-reassign' ...
  got v0.3.0
  has 7 dependencies
Evaluating 'cloud.google.com/go/servicemanagement' ...
  got v0.123.0
  has 32 dependencies
Evaluating 'sigs.k8s.io/kind' ...
  got v1.5.1
  has 21 dependencies
Evaluating 'github.com/containers/common' ...
  got v1.0.2
  has 128 dependencies
Evaluating 'github.com/xtaci/smux' ...
  got v1.5.57
  has 0 dependencies
Evaluating 'github.com/dnstap/golang-dnstap' ...
  got v0.4.0
  has 13 dependencies
Evaluating 'github.com/farsightsec/golang-framestream' ...
  got v0.3.0
  has 0 dependencies
Evaluating 'github.com/openshift/library-go' ...
  got v0.24.0
  has 131 dependencies
Evaluating 'github.com/rogpeppe/fastuuid' ...
  got v1.2.0
  has 0 dependencies
Evaluating 'github.com/hashicorp/go-kms-wrapping/v2' ...
  got v1.1.1
  has 41 dependencies
Evaluating 'github.com/cosmos/gogoproto' ...
  got v1.7.2
  has 12 dependencies
Evaluating 'github.com/savsgio/dictpool' ...
  got v1.3.0
  has 14 dependencies
Evaluating 'github.com/pion/randutil' ...
  got v0.1.0
  has 0 dependencies
Evaluating 'github.com/blevesearch/upsidedown_store_api' ...
  got v1.0.2
  has 0 dependencies
Evaluating 'github.com/coocood/freecache' ...
  got v2.1.2
  has 1 dependencies
Evaluating 'github.com/kyokomi/emoji/v2' ...
  got v2.2.13
  has 0 dependencies
Evaluating 'github.com/GoogleContainerTools/kaniko' ...
  got v0.24.0
  has 201 dependencies
Evaluating 'github.com/avast/retry-go/v4' ...
  got v4.7.0
  has 4 dependencies
Evaluating 'go.elastic.co/apm/module/apmhttp' ...
  got v1.0.0
  has 34 dependencies
Evaluating 'github.com/blevesearch/bleve_index_api' ...
  got v1.3.11
  has 0 dependencies
Evaluating 'github.com/argoproj/gitops-engine' ...
  got v0.0.0-20210617225240-d185dfc1b5a1
  has 81 dependencies
Evaluating 'github.com/argoproj/argo-workflows/v3' ...
  got v0.25.1
  has 488 dependencies
Evaluating 'github.com/blevesearch/bleve/v2' ...
  got v2.4.5
  has 48 dependencies
Evaluating 'github.com/hashicorp/go-msgpack/v2' ...
  got v1.5.2
  has 24 dependencies
Evaluating 'github.com/jehiah/go-strftime' ...
  got v0.0.0-20171201141054-1d33003b3869
  has 0 dependencies
Evaluating 'github.com/ebfe/bcrypt_pbkdf' ...
  got v0.0.0-20140212075826-3c8d2dcb253a
  has 0 dependencies
Evaluating 'github.com/blevesearch/scorch_segment_api/v2' ...
  got v2.14.5
  has 14 dependencies
Evaluating 'github.com/glycerine/go-unsnap-stream' ...
  got v0.1.0
  has 1 dependencies
Evaluating 'github.com/zondax/hid' ...
  got v0.9.2
  has 0 dependencies
Evaluating 'github.com/blevesearch/zapx/v13' ...
  got v2.4.5
  has 19 dependencies
Evaluating 'github.com/google/go-github/v33' ...
  got v1.3.2
  has 8 dependencies
Evaluating 'github.com/blevesearch/zapx/v12' ...
  got v2.4.5
  has 19 dependencies
Evaluating 'github.com/blevesearch/zapx/v14' ...
  got v2.4.5
  has 19 dependencies
Evaluating 'github.com/google/go-containerregistry/pkg/authn/kubernetes' ...
  got v0.7.0
  has 111 dependencies
Evaluating 'github.com/blevesearch/zapx/v11' ...
  got v2.4.5
  has 19 dependencies
Evaluating 'github.com/alicebob/miniredis/v2' ...
  got v2.37.0
  has 5 dependencies
Evaluating 'github.com/alibabacloud-go/darabonba-openapi' ...
  got v0.0.4
  has 37 dependencies
Evaluating 'github.com/alicebob/gopher-json' ...
  got v0.0.0-20230218143504-906a9b012302
  has 5 dependencies
Evaluating 'github.com/dlmiddlecote/sqlstats' ...
  got v0.0.0-20190718012654-fb15b899a751
  has 38 dependencies
Evaluating 'github.com/nguyer/promptui' ...
  ! module not resolved
Evaluating 'github.com/aquasecurity/table' ...
  got v1.11.0
  has 8 dependencies
Evaluating 'github.com/akamai/AkamaiOPEN-edgegrid-golang' ...
  got v1.2.2
  has 28 dependencies
Evaluating 'github.com/jeremywohl/flatten' ...
  got v1.0.1
  has 0 dependencies
Evaluating 'golang.org/x/tools/gopls' ...
  got v1.5.0
  has 39 dependencies
Evaluating 'github.com/mattbaird/jsonpatch' ...
  got v0.0.0-20240118010651-0ba75a80ca38
  has 0 dependencies
Evaluating 'github.com/djherbis/atime' ...
  got v1.1.0
  has 0 dependencies
Evaluating 'github.com/GoogleCloudPlatform/opentelemetry-operations-go/internal/resourcemapping' ...
  got v0.56.0
  has 22 dependencies
Evaluating 'layeh.com/gopher-json' ...
  got v1.1.10
  has 5 dependencies
Evaluating 'github.com/gedex/inflector' ...
  got v0.0.0-20170307190818-16278e9db813
  has 0 dependencies
Evaluating 'github.com/GoogleCloudPlatform/k8s-cloud-provider' ...
  got v0.6.1
  has 34 dependencies
Evaluating 'github.com/dchest/uniuri' ...
  got v1.2.0
  has 0 dependencies
Evaluating 'github.com/owenrumney/go-sarif' ...
  got v13.0.0
  has 21 dependencies
Evaluating 'github.com/labstack/echo' ...
  got v1.1.1
  has 17 dependencies
Evaluating 'github.com/confluentinc/confluent-kafka-go' ...
  got v0.34.0
  has 84 dependencies
Evaluating 'github.com/phayes/permbits' ...
  got v0.0.0-20190612203442-39d7c581d2ee
  has 0 dependencies
Evaluating 'github.com/ipfs/go-datastore' ...
  got v2.3.0
  has 14 dependencies
Evaluating 'github.com/buildpacks/pack' ...
  got v1.3.0
  has 564 dependencies
Evaluating 'github.com/peterbourgon/ff/v3' ...
  got v1.9.5
  has 2 dependencies
Evaluating 'github.com/timonwong/loggercheck' ...
  got v1.1.1
  has 12 dependencies
Evaluating 'github.com/grafana/thema' ...
  got v0.26.0
  has 192 dependencies
Evaluating 'github.com/maratori/testableexamples' ...
  got v0.6.0
  has 8 dependencies
Evaluating 'github.com/grafana/xorm' ...
  ! module not resolved
Evaluating 'github.com/hashicorp/go-envparse' ...
  got v0.1.0
  has 0 dependencies
Evaluating 'github.com/apapsch/go-jsonmerge/v2' ...
  got v1.0.0
  has 8 dependencies
Evaluating 'github.com/ferhatelmas/levenshtein' ...
  got v0.0.0-20160518143259-a12aecc52d76
  has 0 dependencies
Evaluating 'github.com/hashicorp/vault-plugin-secrets-kubernetes' ...
  got v0.0.8
  has 352 dependencies
Evaluating 'github.com/sashabaranov/go-openai' ...
  got v1.41.2
  has 0 dependencies
Evaluating 'github.com/thanos-io/thanos' ...
  got v3.1.0-alpha.1
  has 291 dependencies
Evaluating 'github.com/hashicorp/go-secure-stdlib/fileutil' ...
  got v0.1.0
  has 0 dependencies
Evaluating 'github.com/tailscale/goupnp' ...
  ! module not resolved
Evaluating 'github.com/mdlayher/sdnotify' ...
  got v0.5.7
  has 1 dependencies
Evaluating 'github.com/blevesearch/zapx/v15' ...
  got v2.4.5
  has 19 dependencies
Evaluating 'github.com/aws/aws-lambda-go' ...
  got v1.54.0
  has 4 dependencies
Evaluating 'github.com/google/licenseclassifier/v2' ...
  got v1.1.1
  has 12 dependencies
Evaluating '../pkg' ...
  ! module not resolved
Evaluating 'github.com/sassoftware/relic' ...
  got v1.5.5
  has 51 dependencies
Evaluating 'github.com/likexian/gokit' ...
  got v0.25.16
  has 1 dependencies
Evaluating 'github.com/hashicorp/packer-plugin-sdk' ...
  got v0.110.8
  has 143 dependencies
Evaluating 'github.com/pion/rtp' ...
  got v1.1.1
  has 5 dependencies
Evaluating 'github.com/tailscale/netlink' ...
  ! module not resolved
Evaluating 'github.com/zmap/zcrypto' ...
  got v1.1.1
  has 17 dependencies
Evaluating 'github.com/go-playground/validator' ...
  got v1.1.1
  has 8 dependencies
Evaluating 'github.com/jordan-wright/email' ...
  got v4.0.1-0.20210109023952-943e75fe5223+incompatible
  has 0 dependencies
Evaluating 'gopkg.in/validator.v2' ...
  got v0.2.1
  has 3 dependencies
Evaluating 'github.com/tcnksm/go-httpstat' ...
  got v0.2.0
  has 0 dependencies
Evaluating 'k8s.io/code-generator' ...
  got v1.1.1
  has 59 dependencies
Evaluating 'go.opentelemetry.io/contrib/propagators/autoprop' ...
  got v2.3.0
  has 26 dependencies
Evaluating 'go.elastic.co/ecszap' ...
  got v1.1.1
  has 9 dependencies
Evaluating 'github.com/pion/rtcp' ...
  got v1.1.1
  has 4 dependencies
Evaluating 'contrib.go.opencensus.io/exporter/jaeger' ...
  got v0.56.0
  has 69 dependencies
Evaluating 'github.com/google/go-tspi' ...
  got v1.0.21
  has 3 dependencies
Evaluating 'github.com/marten-seemann/tcp' ...
  got v0.0.0-20210406111302-dfbc87cc63fd
  has 8 dependencies
Evaluating 'github.com/alecthomas/kong' ...
  got v2.11.0
  has 3 dependencies
Evaluating 'github.com/mikioh/tcpinfo' ...
  got v0.0.0-20190314235526-30a79bb1804b
  has 1 dependencies
Evaluating 'github.com/mikioh/tcpopt' ...
  got v0.0.0-20190314235656-172688c1accc
  has 0 dependencies
Evaluating 'github.com/juju/ansiterm' ...
  got v1.0.0
  has 8 dependencies
Evaluating 'github.com/smartystreets/assertions' ...
  ! module not resolved
Evaluating 'github.com/rodaine/table' ...
  got v2.2.0
  has 7 dependencies
Evaluating 'inet.af/peercred' ...
  got v0.0.0-20210301091718-77cc2087c03b
  has 1 dependencies
Evaluating 'github.com/armon/go-proxyproto' ...
  got v0.1.0
  has 0 dependencies
Evaluating 'github.com/tevino/abool' ...
  got v1.2.0
  has 0 dependencies
Evaluating 'mellium.im/sasl' ...
  got v0.27.0
  has 5 dependencies
Evaluating 'github.com/awslabs/goformation/v4' ...
  got v4.19.5
  has 34 dependencies
Evaluating 'github.com/hashicorp/go-getter/v2' ...
  got v0.0.0-20140422174119-9fd32a8b3d3d
  has 11 dependencies
Evaluating 'github.com/mostynb/go-grpc-compression' ...
  got v1.1.1
  has 15 dependencies
Evaluating 'github.com/go-acme/lego/v4' ...
  got v0.20.0
  has 227 dependencies
Evaluating 'github.com/cockroachdb/sentry-go' ...
  got v0.0.0-20190306092124-e2d15f34fcf9
  has 130 dependencies
Evaluating 'github.com/facette/natsort' ...
  got v0.0.0-20181210072756-2cd4dd1e2dcb
  has 0 dependencies
Evaluating 'github.com/go-openapi/inflect' ...
  got v0.21.5
  has 0 dependencies
Evaluating 'github.com/aquasecurity/tml' ...
  got v0.6.1
  has 4 dependencies
Evaluating 'github.com/soundcloud/go-runit' ...
  got v0.0.0-20230428090457-bc975d80c917
  has 0 dependencies
Evaluating 'github.com/quic-go/qtls-go1-19' ...
  got v1.6.0
  has 5 dependencies
Evaluating 'github.com/GaijinEntertainment/go-exhaustruct/v2' ...
  got v2.3.0
  has 4 dependencies
Evaluating 'github.com/PaesslerAG/gval' ...
  got v1.2.4
  has 2 dependencies
Evaluating 'github.com/templexxx/xor' ...
  got v0.0.0-20180724012125-cef66df7f161
  has 1 dependencies
Evaluating 'github.com/BurntSushi/locker' ...
  got v0.0.0-20171006230638-a6e239ea1c69
  has 0 dependencies
Evaluating 'github.com/hashicorp/go-kms-wrapping/entropy/v2' ...
  got v2.0.1
  has 0 dependencies
Evaluating 'github.com/d2g/dhcp4' ...
  got v0.0.0-20170904100407-a1d1b6c41b1c
  has 0 dependencies
Evaluating 'github.com/d2g/dhcp4client' ...
  got v0.0.0-20170904100407-a1d1b6c41b1c
  has 2 dependencies
Evaluating 'github.com/cockroachdb/apd' ...
  got v1.1.0
  has 1 dependencies
Evaluating 'github.com/ryszard/goskiplist' ...
  got v0.0.0-20150312221310-2dfbae5fcf46
  has 0 dependencies
Evaluating 'github.com/elastic/go-ucfg' ...
  got v1.1.1
  has 7 dependencies
Evaluating 'gopkg.in/errgo.v2' ...
  got v0.1.0
  has 4 dependencies
Evaluating 'github.com/pion/sdp/v3' ...
  got v1.1.1
  has 5 dependencies
Evaluating 'k8s.io/legacy-cloud-providers' ...
  got v1.23.0
  has 67 dependencies
Evaluating 'github.com/corpix/uarand' ...
  got v0.2.0
  has 4 dependencies
Evaluating 'github.com/containerd/btrfs/v2' ...
  got v2.0.0
  has 1 dependencies
Evaluating 'github.com/google/trillian' ...
  got v0.0.9
  has 211 dependencies
Evaluating 'github.com/mediocregopher/radix/v4' ...
  got v1.1.1
  has 4 dependencies
Evaluating 'github.com/cpu/goacmedns' ...
  ! module not resolved
Evaluating 'github.com/Abirdcfly/dupword' ...
  got v0.1.7
  has 8 dependencies
Evaluating 'github.com/panjf2000/ants/v2' ...
  got v1.1.1
  has 5 dependencies
Evaluating 'github.com/antonfisher/nested-logrus-formatter' ...
  got v1.3.1
  has 6 dependencies
Evaluating 'github.com/kkHAIKE/contextcheck' ...
  got v0.6.0
  has 20 dependencies
Evaluating 'github.com/transparency-dev/merkle' ...
  got v0.5.9
  has 1 dependencies
Evaluating 'github.com/dustinkirkland/golang-petname' ...
  got v0.0.0-20260215035315-f0c533e9ce9b
  has 0 dependencies
Evaluating 'github.com/bcicen/jstream' ...
  got v1.0.1
  has 0 dependencies
Evaluating 'github.com/pion/turn/v2' ...
  got v1.1.1
  has 21 dependencies
Evaluating 'github.com/google/subcommands' ...
  got v1.2.0
  has 0 dependencies
Evaluating 'github.com/hashicorp/net-rpc-msgpackrpc/v2' ...
  got v1.5.2
  has 27 dependencies
Evaluating 'github.com/hashicorp/hcp-scada-provider' ...
  got v0.34.0
  has 171 dependencies
Evaluating 'go.opentelemetry.io/collector/featuregate' ...
  got v1.1.1
  has 10 dependencies
Evaluating 'github.com/liamg/memoryfs' ...
  got v1.1.0
  has 4 dependencies
Evaluating 'github.com/elastic/go-seccomp-bpf' ...
  got v1.1.1
  has 11 dependencies
Evaluating 'github.com/texttheater/golang-levenshtein' ...
  got v1.0.1
  has 0 dependencies
Evaluating 'github.com/masahiro331/go-xfs-filesystem' ...
  got v0.0.0-20260422061116-d21e5e4481bb
  has 4 dependencies
Evaluating 'github.com/paketo-buildpacks/nginx' ...
  got v0.25.1
  has 775 dependencies
Evaluating 'github.com/cosmos/ledger-cosmos-go' ...
  got v0.24.0
  has 149 dependencies
Evaluating 'github.com/dnsimple/dnsimple-go' ...
  got v1.1.1
  has 11 dependencies
Evaluating 'moul.io/http2curl' ...
  got v1.0.0
  has 0 dependencies
Evaluating 'github.com/pion/mdns' ...
  got v0.2.2
  has 7 dependencies
Evaluating 'github.com/bombsimon/logrusr/v2' ...
  got v2.0.1
  has 15 dependencies
Evaluating 'github.com/klauspost/readahead' ...
  got v1.4.0
  has 0 dependencies
Evaluating 'sigs.k8s.io/mcs-api' ...
  got v1.1.2-0.20180830191138-d8f796af33cc
  has 40 dependencies
Evaluating 'gorm.io/datatypes' ...
  got v1.1.0
  has 23 dependencies
Evaluating 'github.com/argoproj/argo-cd/v2' ...
  got v0.5.0
  has 282 dependencies
Evaluating 'github.com/mcuadros/go-version' ...
  got v0.0.0-20190830083331-035f6764e8d2
  has 0 dependencies
Evaluating 'github.com/paketo-buildpacks/spring-boot' ...
  got v0.3.1
  has 46 dependencies
Evaluating 'github.com/paulmach/orb' ...
  got v1.3.2
  has 3 dependencies
Evaluating 'github.com/pterm/pterm' ...
  got v0.0.2
  has 37 dependencies
Evaluating 'gopkg.in/ns1/ns1-go.v2' ...
  got v1.1.0
  has 5 dependencies
Evaluating 'github.com/aws/aws-sdk-go-v2/service/athena' ...
  got v1.41.6
  has 4 dependencies
Evaluating 'github.com/aws/aws-sdk-go-v2/service/accessanalyzer' ...
  got v1.41.6
  has 4 dependencies
Evaluating 'github.com/btcsuite/btcd/chaincfg/chainhash' ...
  got v1.1.0
  has 0 dependencies
Evaluating 'github.com/k0kubun/go-ansi' ...
  got v0.0.0-20180517002512-3bf9e2903213
  has 2 dependencies
Evaluating 'github.com/bmatcuk/doublestar/v2' ...
  got v2.0.4
  has 0 dependencies
Evaluating 'github.com/gobuffalo/packr/v2' ...
  got v0.81.0
  has 159 dependencies
Evaluating 'github.com/templexxx/cpufeat' ...
  got v0.0.0-20180724012125-cef66df7f161
  has 0 dependencies
Evaluating 'gopkg.in/yaml.v1' ...
  got v1.0.0-20140924161607-9f9df34309c0
  has 0 dependencies
Evaluating 'github.com/thoas/go-funk' ...
  got v1.1.0
  has 6 dependencies
Evaluating 'github.com/go-redis/cache/v8' ...
  got v2.1.2
  has 41 dependencies
Evaluating 'github.com/pion/datachannel' ...
  got v1.1.1
  has 15 dependencies
Evaluating 'github.com/aws/aws-sdk-go-v2/service/ecs' ...
  got v1.41.6
  has 4 dependencies
Evaluating 'github.com/ePirat/docker-credential-gitlabci' ...
  got v1.1.0
  has 9 dependencies
Evaluating 'github.com/tailscale/golang-x-crypto' ...
  got v0.91.0
  has 5 dependencies
Evaluating 'github.com/grafana/prometheus-alertmanager' ...
  ! module not resolved
Evaluating 'github.com/elastic/go-structform' ...
  got v1.1.0
  has 6 dependencies
Evaluating 'github.com/softlayer/xmlrpc' ...
  got v0.0.0-20200409220501-5f089df7cb7e
  has 4 dependencies
Evaluating 'github.com/richardartoul/molecule' ...
  got v1.1.0
  has 13 dependencies
Evaluating 'github.com/coreos/prometheus-operator' ...
  ! module not resolved
Evaluating 'github.com/PagerDuty/go-pagerduty' ...
  got v1.1.1
  has 27 dependencies
Evaluating 'github.com/mitchellh/go-vnc' ...
  got v0.0.0-20150629162542-723ed9867aed
  has 0 dependencies
Evaluating 'github.com/hashicorp/vault-plugin-database-redis-elasticache' ...
  got v0.0.8
  has 291 dependencies
Evaluating 'github.com/c-bata/go-prompt' ...
  got v0.2.6
  has 7 dependencies
Evaluating 'github.com/hashicorp/vault-plugin-database-redis' ...
  got v0.0.8
  has 325 dependencies
Evaluating 'github.com/hashicorp/go-kms-wrapping/wrappers/transit/v2' ...
  got v1.1.1
  has 63 dependencies
Evaluating 'github.com/hashicorp/go-kms-wrapping/wrappers/azurekeyvault/v2' ...
  got v1.17.0
  has 81 dependencies
Evaluating 'github.com/go-martini/martini' ...
  got v0.0.0-20150114235600-33e0aa1cb7c0
  has 1 dependencies
Evaluating 'github.com/hashicorp/go-kms-wrapping/wrappers/alicloudkms/v2' ...
  got v1.1.1
  has 54 dependencies
Evaluating 'github.com/hashicorp/go-kms-wrapping/wrappers/awskms/v2' ...
  got v1.1.1
  has 59 dependencies
Evaluating 'github.com/oracle/oci-go-sdk/v60' ...
  got v1.1.0
  has 7 dependencies
Evaluating 'github.com/hashicorp/go-kms-wrapping/wrappers/aead/v2' ...
  got v1.1.1
  has 48 dependencies
Evaluating 'github.com/hashicorp/go-kms-wrapping/wrappers/gcpckms/v2' ...
  got v0.110.0
  has 193 dependencies
Evaluating 'github.com/apparentlymart/go-textseg/v15' ...
  got v15.0.0
  has 0 dependencies
Evaluating 'github.com/mitchellh/go-fs' ...
  got v0.0.0-20180402235330-b7b9ca407fff
  has 0 dependencies
Evaluating 'github.com/yusufpapurcu/wmi' ...
  got v1.2.6
  has 2 dependencies
Evaluating 'github.com/hashicorp/packer' ...
  got v0.25.1
  has 853 dependencies
Evaluating 'github.com/minio/madmin-go/v3' ...
  got v0.15.0
  has 235 dependencies
Evaluating 'github.com/minio/simdjson-go' ...
  got v1.15.15
  has 3 dependencies
Evaluating 'github.com/hashicorp/go-kms-wrapping/wrappers/ocikms/v2' ...
  got v1.1.1
  has 46 dependencies
Evaluating 'github.com/aws/aws-sdk-go-v2/service/ebs' ...
  got v1.41.6
  has 4 dependencies
Evaluating 'github.com/masahiro331/go-vmdk-parser' ...
  got v0.0.0-20260425175348-040a3994f0b4
  has 1 dependencies
Evaluating 'github.com/fsouza/fake-gcs-server' ...
  got v0.25.1
  has 225 dependencies
Evaluating 'github.com/libp2p/go-libp2p-pubsub' ...
  got v0.0.0-20190825152654-46b345b51c96
  has 142 dependencies
Evaluating 'github.com/go-macaron/inject' ...
  got v0.0.0-20200308113650-138e5925c53b
  has 0 dependencies
Evaluating 'github.com/masahiro331/go-disk' ...
  got v0.0.0-20260423015231-f7a470ebd472
  has 5 dependencies
Evaluating 'github.com/masahiro331/go-ebs-file' ...
  got v1.25.0
  has 16 dependencies
Evaluating 'github.com/masahiro331/go-ext4-filesystem' ...
  got v0.0.0-20200707160740-784aaebc1d40
  has 5 dependencies
Evaluating 'github.com/AlekSi/pointer' ...
  got v1.2.0
  has 0 dependencies
Evaluating 'code.cloudfoundry.org/rfc5424' ...
  got v0.0.0-20201103192249-000122071b78
  has 0 dependencies
Evaluating 'github.com/infobloxopen/go-trees' ...
  got v0.0.0-20221216143356-66ceba885ebc
  has 3 dependencies
Evaluating 'github.com/leodido/ragel-machinery' ...
  got v0.2.0
  has 1 dependencies
Evaluating 'github.com/smartystreets/go-aws-auth' ...
  got v0.0.0-20180515143844-0c1422d1fdb9
  has 0 dependencies
Evaluating 'github.com/chromedp/sysutil' ...
  got v1.1.0
  has 0 dependencies
Evaluating 'github.com/aws/aws-sdk-go-v2/service/elasticache' ...
  got v1.41.6
  has 4 dependencies
Evaluating 'github.com/kortschak/wol' ...
  got v0.0.0-20200729010619-da482cc4850a
  has 0 dependencies
Evaluating 'gopkg.in/redis.v5' ...
  got v5.2.9
  has 0 dependencies
Evaluating 'github.com/CosmWasm/wasmvm' ...
  got v1.5.9
  has 8 dependencies
Evaluating 'github.com/siddontang/go' ...
  got v0.0.0-20180604090527-bdc77568d726
  has 0 dependencies
Evaluating 'cosmossdk.io/errors' ...
  got v0.25.1
  has 43 dependencies
Evaluating 'github.com/jszwec/csvutil' ...
  got v1.10.0
  has 0 dependencies
Evaluating 'github.com/junegunn/fzf' ...
  got v1.0.14
  has 18 dependencies
Evaluating 'github.com/minio/minio-go/v6' ...
  got v1.1.1
  has 25 dependencies
Evaluating 'github.com/opentracing/basictracer-go' ...
  got v1.1.1
  has 19 dependencies
Evaluating 'github.com/pion/ice/v2' ...
  got v1.1.1
  has 29 dependencies
Evaluating 'github.com/phayes/checkstyle' ...
  got v0.0.0-20170904204023-bfd46e6a821d
  has 0 dependencies
Evaluating 'github.com/xhit/go-simple-mail/v2' ...
  got v0.0.0-20201103131630-e1cd1a0a5208
  has 1 dependencies
Evaluating 'github.com/client9/misspell' ...
  got v0.3.4
  has 0 dependencies
Evaluating 'github.com/dgryski/go-jump' ...
  got v0.0.0-20211018200510-ba001c3ffce0
  has 0 dependencies
Evaluating 'cosmossdk.io/math' ...
  got v1.5.3
  has 9 dependencies
Evaluating 'github.com/pion/interceptor' ...
  got v1.1.1
  has 10 dependencies
Evaluating 'github.com/pion/srtp/v2' ...
  got v1.1.1
  has 21 dependencies
Evaluating 'github.com/libp2p/go-libp2p-core' ...
  got v0.0.0-20190825152654-46b345b51c96
  has 117 dependencies
Evaluating 'github.com/grpc-ecosystem/go-grpc-middleware/v2' ...
  got v1.36.6-20250425153114-8976f5be98c1.1
  has 50 dependencies
Evaluating 'go.opentelemetry.io/collector/consumer' ...
  got v1.1.1
  has 28 dependencies
Evaluating 'github.com/nightlyone/lockfile' ...
  got v1.0.0
  has 0 dependencies
Evaluating 'github.com/pion/webrtc/v3' ...
  got v1.1.1
  has 40 dependencies
Evaluating 'github.com/nrdcg/dnspod-go' ...
  got v0.4.0
  has 0 dependencies
Evaluating 'github.com/sigstore/cosign' ...
  got v1.23.4
  has 242 dependencies
Evaluating 'github.com/aws/aws-sdk-go-v2/service/redshift' ...
  got v1.41.6
  has 4 dependencies
Evaluating 'github.com/crossplane/crossplane-runtime' ...
  got v1.0.1
  has 75 dependencies
Evaluating 'github.com/influxdata/go-syslog/v3' ...
  got v1.1.1
  has 5 dependencies
Evaluating 'github.com/godror/godror' ...
  got v0.8.1
  has 17 dependencies
Evaluating 'github.com/unrolled/render' ...
  got v1.6.0
  has 2 dependencies
Evaluating 'code.cloudfoundry.org/go-loggregator' ...
  got v0.25.1
  has 47 dependencies
Evaluating 'github.com/jmespath/go-jmespath/internal/testify' ...
  got v1.1.0
  has 5 dependencies
Evaluating 'github.com/aws/aws-sdk-go-v2/service/cloudfront' ...
  got v1.41.6
  has 4 dependencies
Evaluating 'github.com/bwmarrin/snowflake' ...
  got v0.3.0
  has 0 dependencies
Evaluating 'github.com/PaesslerAG/jsonpath' ...
  got v1.0.0
  has 1 dependencies
Evaluating 'github.com/cihub/seelog' ...
  got v0.0.0-20170130134532-f561c5e57575
  has 0 dependencies
Evaluating 'github.com/libopenstorage/openstorage' ...
  got v9.4.47+incompatible
  has 0 dependencies
Evaluating 'github.com/couchbase/goutils' ...
  got v0.1.13
  has 9 dependencies
Evaluating 'github.com/doublerebel/bellows' ...
  got v0.0.0-20160303004610-f177d92a03d3
  has 0 dependencies
Evaluating 'k8s.io/kube-scheduler' ...
  got v0.25.1
  has 64 dependencies
Evaluating 'github.com/toorop/go-dkim' ...
  got v0.0.0-20250226130143-9025cce95817
  has 0 dependencies
Evaluating 'github.com/cloudfoundry/sonde-go' ...
  got v0.0.0-20251217143644-d1670a435f2a
  has 3 dependencies
Evaluating 'github.com/k0kubun/pp' ...
  got v3.0.1+incompatible
  has 3 dependencies
Evaluating 'github.com/aws/aws-sdk-go-v2/service/workspaces' ...
  got v1.41.6
  has 4 dependencies
Evaluating 'github.com/polydawn/refmt' ...
  got v0.3.1
  has 19 dependencies
Evaluating 'github.com/bluele/gcache' ...
  got v0.0.2
  has 0 dependencies
Evaluating 'github.com/hashicorp/go-getter/s3/v2' ...
  got v1.44.114
  has 26 dependencies
Evaluating 'github.com/ncabatoff/go-seq' ...
  got v0.0.0-20180805175032-b08ef85ed833
  has 0 dependencies
Evaluating 'github.com/ipld/go-ipld-prime' ...
  got v1.14.6
  has 25 dependencies
Evaluating 'github.com/go-macaron/gzip' ...
  got v0.0.0-20200329073552-98214d7a897e
  has 14 dependencies
Evaluating 'github.com/juamedgod/cliassert' ...
  got v1.1.1
  has 6 dependencies
Evaluating 'github.com/couchbase/gomemcached' ...
  got v0.3.4
  has 22 dependencies
Evaluating 'github.com/astaxie/beego' ...
  got v0.3.1
  has 86 dependencies
Evaluating 'github.com/yalue/merged_fs' ...
  got v1.3.0
  has 0 dependencies
Evaluating 'github.com/hashicorp/go-getter/gcs/v2' ...
  got v0.110.8
  has 179 dependencies
Evaluating 'github.com/opsgenie/opsgenie-go-sdk-v2' ...
  got v1.1.1
  has 14 dependencies
Evaluating 'github.com/openshift/custom-resource-status' ...
  got v0.26.0
  has 101 dependencies
Evaluating 'github.com/jtolds/gls' ...
  got v0.25.4
  has 17 dependencies
Evaluating 'golang.org/x/vuln' ...
  got v0.4.1-0.20220921163831-55ab3332a786
  has 10 dependencies
Evaluating 'github.com/consensys/gnark-crypto' ...
  got v1.24.4
  has 19 dependencies
Evaluating 'github.com/outcaste-io/ristretto' ...
  got v2.1.1
  has 12 dependencies
Evaluating 'github.com/docker/compose-on-kubernetes' ...
  got v0.5.0
  has 0 dependencies
Evaluating 'github.com/google/renameio/v2' ...
  got v2.0.2
  has 0 dependencies
Evaluating 'github.com/Azure/azure-sdk-for-go/sdk/resourcemanager/compute/armcompute/v4' ...
  got v1.4.0
  has 24 dependencies
Evaluating 'github.com/ClickHouse/clickhouse-go/v2' ...
  got v1.0.2
  has 103 dependencies
Evaluating 'github.com/krallistic/kazoo-go' ...
  got v0.0.0-20170526135507-a15279744f4e
  has 1 dependencies
Evaluating 'github.com/rubiojr/go-vhd' ...
  ! module not resolved
Evaluating 'github.com/disintegration/gift' ...
  got v1.2.1
  has 0 dependencies
Evaluating 'go.etcd.io/etcd/etcdctl/v3' ...
  got v0.25.1
  has 93 dependencies
Evaluating 'github.com/aws/aws-sdk-go-v2/service/kafka' ...
  got v1.41.6
  has 4 dependencies
Evaluating 'github.com/google/gops' ...
  got v2.0.6
  has 25 dependencies
Evaluating 'github.com/smallstep/go-attestation' ...
  got v1.1.2
  has 7 dependencies
Evaluating 'github.com/sourcegraph/go-lsp' ...
  got v0.0.0-20240223163137-f80c5dd31dfd
  has 0 dependencies
Evaluating 'github.com/bep/godartsass' ...
  got v0.26.0
  has 35 dependencies
Evaluating 'github.com/aws/aws-sdk-go-v2/service/efs' ...
  got v1.41.6
  has 4 dependencies
Evaluating 'github.com/bep/golibsass' ...
  got v1.2.0
  has 5 dependencies
Evaluating 'github.com/symfony-cli/phpstore' ...
  got v1.6.0
  has 5 dependencies
Evaluating 'github.com/transip/gotransip/v6' ...
  got v1.1.1
  has 7 dependencies
Evaluating 'github.com/symfony-cli/console' ...
  got v1.2.3
  has 24 dependencies
Evaluating 'github.com/sevlyar/go-daemon' ...
  got v0.0.0-20190222173326-2bc1f35cddc0
  has 2 dependencies
Evaluating 'github.com/elastic/go-lumber' ...
  got v0.1.1
  has 1 dependencies
Evaluating 'github.com/google/martian/v3' ...
  got v1.5.2
  has 9 dependencies
Evaluating 'github.com/compose-spec/godotenv' ...
  got v1.3.0
  has 0 dependencies
Evaluating 'github.com/aws/aws-sdk-go-v2/service/apigateway' ...
  got v1.41.6
  has 4 dependencies
Evaluating 'github.com/mastercactapus/proxyprotocol' ...
  got v1.1.0
  has 4 dependencies
Evaluating 'github.com/gaukas/godicttls' ...
  got v0.0.4
  has 0 dependencies
Evaluating 'github.com/symfony-cli/terminal' ...
  got v22.5.0
  has 13 dependencies
Evaluating 'github.com/vanng822/go-premailer' ...
  got v1.12.0
  has 21 dependencies
Evaluating 'github.com/vanng822/css' ...
  got v1.0.1
  has 1 dependencies
Evaluating 'github.com/codahale/hdrhistogram' ...
  ! module not resolved
Evaluating 'github.com/x-cray/logrus-prefixed-formatter' ...
  got v1.1.1
  has 13 dependencies
Evaluating 'github.com/dghubble/sling' ...
  got v1.4.2
  has 3 dependencies
Evaluating 'github.com/aquasecurity/trivy-kubernetes' ...
  got v1.0.1
  has 109 dependencies
Evaluating 'github.com/gosuri/uilive' ...
  got v0.0.4
  has 2 dependencies
Evaluating 'github.com/apache/arrow/go/v12' ...
  got v0.0.0-20211019200055-46fa312c352c
  has 50 dependencies
Evaluating 'github.com/glebarez/go-sqlite' ...
  got v1.0.1
  has 25 dependencies
Evaluating 'github.com/docker/swarmkit' ...
  got v1.12.0
  has 0 dependencies
Evaluating 'github.com/aws/aws-sdk-go-v2/service/codebuild' ...
  got v1.41.6
  has 4 dependencies
Evaluating 'github.com/aws/aws-sdk-go-v2/service/docdb' ...
  got v1.41.6
  has 6 dependencies
Evaluating 'github.com/colinmarc/hdfs' ...
  got v1.1.3
  has 4 dependencies
Evaluating 'github.com/aws/aws-sdk-go-v2/service/elasticsearchservice' ...
  got v1.41.6
  has 4 dependencies
Evaluating 'github.com/aws/aws-sdk-go-v2/service/emr' ...
  got v1.41.6
  has 4 dependencies
Evaluating 'github.com/bep/tmc' ...
  got v1.2.0
  has 7 dependencies
Evaluating 'github.com/tmccombs/hcl2json' ...
  got v1.2.3
  has 22 dependencies
Evaluating 'github.com/aws/aws-sdk-go-v2/service/apigatewayv2' ...
  got v1.41.6
  has 4 dependencies
Evaluating 'github.com/bep/gitmap' ...
  got v1.9.0
  has 5 dependencies
Evaluating 'github.com/spf13/fsync' ...
  got v0.75.0
  has 78 dependencies
Evaluating 'github.com/namedotcom/go' ...
  got v0.0.0-20180403034216-08470befbe04
  has 0 dependencies
Evaluating 'sigs.k8s.io/release-utils' ...
  got v0.0.0-20250102033503-faa5f7b0171c
  has 39 dependencies
Evaluating 'github.com/nrdcg/namesilo' ...
  got v1.1.1
  has 7 dependencies
Evaluating 'github.com/kreuzwerker/envplate' ...
  got v1.1.1
  has 10 dependencies
Evaluating 'github.com/labbsr0x/bindman-dns-webhook' ...
  got v0.0.0-20160405071501-a0175ee3bccc
  has 40 dependencies
Evaluating 'github.com/jdcloud-api/jdcloud-sdk-go' ...
  got v1.64.0
  has 0 dependencies
Evaluating 'github.com/tent/canonical-json-go' ...
  got v0.0.0-20130607151641-96e4ba3a7613
  has 0 dependencies
Evaluating 'github.com/tedsuo/rata' ...
  got v0.0.0-20210406213842-e4b6760bdd6f
  has 1 dependencies
Evaluating 'github.com/siddontang/go-log' ...
  got v0.0.0-20190221022429-1e957dd83bed
  has 0 dependencies
Evaluating 'github.com/elastic/beats/v7' ...
  ! module not found
Evaluating 'github.com/nrdcg/goinwx' ...
  got v1.1.0
  has 5 dependencies
Evaluating 'github.com/OpenDNS/vegadns2client' ...
  got v0.0.0-20180418235048-a3fa4a771d87
  has 0 dependencies
Evaluating 'github.com/perimeterx/marshmallow' ...
  got v1.0.8
  has 4 dependencies
Evaluating 'github.com/google/nftables' ...
  got v0.6.0
  has 11 dependencies
Evaluating 'github.com/syncthing/notify' ...
  got v0.0.0-20250528144937-c7027d4f7465
  has 1 dependencies
Evaluating 'github.com/coredns/corefile-migration' ...
  got v1.1.1
  has 3 dependencies
Evaluating 'github.com/nrdcg/auroradns' ...
  got v1.1.1
  has 4 dependencies
Evaluating 'code.cloudfoundry.org/bytefmt' ...
  got v0.70.0
  has 14 dependencies
Evaluating 'github.com/iij/doapi' ...
  got v1.1.1
  has 6 dependencies
Evaluating 'github.com/minio/madmin-go' ...
  got v2.1.2
  has 43 dependencies
Evaluating 'github.com/aws/aws-sdk-go-v2/service/neptune' ...
  got v1.41.6
  has 6 dependencies
Evaluating 'github.com/gregdel/pushover' ...
  got v1.4.0
  has 0 dependencies
Evaluating 'github.com/labbsr0x/goh' ...
  got v1.1.1
  has 9 dependencies
Evaluating 'github.com/JohnCGriffin/overflow' ...
  got v0.0.0-20211019200055-46fa312c352c
  has 0 dependencies
Evaluating 'github.com/facebookgo/grace' ...
  got v0.0.0-20180706040059-75cf19382434
  has 0 dependencies
Evaluating 'github.com/tmthrgd/go-hex' ...
  got v0.0.0-20190904060850-447a3041c3bc
  has 1 dependencies
Evaluating 'github.com/libp2p/go-mplex' ...
  got v1.1.0
  has 31 dependencies
Evaluating 'github.com/urso/diag' ...
  got v0.4.0
  has 2 dependencies
Evaluating 'github.com/Telmate/proxmox-api-go' ...
  got v0.0.0-20260423221657-0216f305aa93
  has 16 dependencies
Evaluating 'github.com/timberio/go-datemath' ...
  got v0.1.0
  has 0 dependencies
Evaluating 'github.com/ohler55/ojg' ...
  got v1.28.1
  has 0 dependencies
Evaluating 'github.com/urso/sderr' ...
  got v0.4.0
  has 3 dependencies
Evaluating 'github.com/gonum/floats' ...
  got v0.0.0-20181209220543-c233463c7e82
  has 1 dependencies
Evaluating 'gopkg.in/neurosnap/sentences.v1' ...
  got v1.0.7
  has 0 dependencies
Evaluating 'github.com/gonum/internal' ...
  got v0.0.0-20181124074243-f884aa714029
  has 0 dependencies
Evaluating 'github.com/gonum/lapack' ...
  got v0.0.0-20181208220705-f22b278b28ac
  has 1 dependencies
Evaluating 'github.com/facebookgo/structtag' ...
  got v0.0.0-20150214074306-217e25fb9691
  has 0 dependencies
Evaluating 'github.com/hyperonecom/h1-client-go' ...
  got v0.65.0
  has 70 dependencies
Evaluating 'github.com/aws/aws-sdk-go-v2/service/mq' ...
  got v1.41.6
  has 4 dependencies
Evaluating 'go.opentelemetry.io/collector/component' ...
  got v2.3.0
  has 37 dependencies
Evaluating 'github.com/TomOnTime/utfutil' ...
  got v1.0.0
  has 4 dependencies
Evaluating 'github.com/jaypipes/ghw' ...
  got v1.2.6
  has 8 dependencies
Evaluating 'github.com/gonum/blas' ...
  got v0.0.0-20181208220705-f22b278b28ac
  has 0 dependencies
Evaluating 'github.com/Nvveen/Gotty' ...
  got v0.0.0-20120604004816-cd527374f1e5
  has 0 dependencies
Evaluating 'github.com/gonum/matrix' ...
  got v0.0.0-20181208220705-f22b278b28ac
  has 2 dependencies
Evaluating 'github.com/couchbase/go-couchbase' ...
  got v0.1.13
  has 26 dependencies
Evaluating 'github.com/elastic/go-elasticsearch/v8' ...
  got v1.1.1
  has 14 dependencies
Evaluating 'github.com/hashicorp/go-connlimit' ...
  got v1.1.1
  has 4 dependencies
Evaluating 'github.com/open-telemetry/opentelemetry-collector-contrib/internal/coreinternal' ...
  got v1.0.2
  has 85 dependencies
Evaluating 'github.com/cppforlife/go-patch' ...
  got v0.2.0
  has 0 dependencies
Evaluating 'github.com/openshift/gssapi' ...
  got v0.0.0-20161010215902-5fb4217df13b
  has 0 dependencies
Evaluating 'github.com/liquidweb/liquidweb-go' ...
  got v0.46.3
  has 172 dependencies
Evaluating 'github.com/ncabatoff/process-exporter' ...
  got v1.0.1
  has 30 dependencies
Evaluating 'github.com/gin-contrib/sessions' ...
  got v0.0.0-20220421113606-e3a6e3fed12a
  has 79 dependencies
Evaluating 'github.com/andrewkroh/goja' ...
  got v3.2.1
  has 12 dependencies
Evaluating 'code.cloudfoundry.org/tlsconfig' ...
  got v0.52.0
  has 6 dependencies
Evaluating 'goftp.io/server/v2' ...
  got v1.1.1
  has 23 dependencies
Evaluating 'github.com/trivago/tgo' ...
  got v1.0.7
  has 0 dependencies
Evaluating 'github.com/elastic/sarama' ...
  got v1.1.1
  has 7 dependencies
Evaluating 'github.com/facebookgo/inject' ...
  got v0.0.0-20180706035515-f23751cae28b
  has 1 dependencies
Evaluating 'github.com/mattermost/go-i18n' ...
  got v0.3.1
  has 5 dependencies
Evaluating 'github.com/NaverCloudPlatform/ncloud-sdk-go-v2' ...
  got v1.6.27
  has 11 dependencies
Evaluating 'github.com/ucloud/ucloud-sdk-go' ...
  got v1.1.1
  has 11 dependencies
Evaluating 'github.com/globalsign/mgo' ...
  got v0.0.0-20181015135952-eeefdecb41b8
  has 0 dependencies
Evaluating 'code.cloudfoundry.org/go-diodes' ...
  got v0.0.0-20260427153419-57aa1b10ab4c
  has 14 dependencies
Evaluating 'github.com/gogits/go-gogs-client' ...
  got v0.0.0-20210131175652-1d7215cd8d85
  has 0 dependencies
Evaluating 'github.com/wiggin77/merror' ...
  got v1.1.0
  has 6 dependencies
Evaluating 'github.com/elastic/elastic-transport-go/v8' ...
  got v8.11.0
  has 8 dependencies
Evaluating 'github.com/elastic/go-concert' ...
  got v1.1.1
  has 7 dependencies
Evaluating 'github.com/blevesearch/gtreap' ...
  got v0.1.1
  has 0 dependencies
Evaluating 'github.com/RangelReale/osincli' ...
  got v0.0.0-20160924135400-fababb0555f2
  has 0 dependencies
Evaluating 'github.com/sendgrid/sendgrid-go' ...
  got v2.6.9+incompatible
  has 1 dependencies
Evaluating 'github.com/mattermost/ldap' ...
  got v3.0.4+incompatible
  has 1 dependencies
Evaluating 'github.com/libp2p/go-yamux/v4' ...
  got v1.1.0
  has 5 dependencies
Evaluating 'github.com/jaypipes/pcidb' ...
  got v1.1.1
  has 0 dependencies
Evaluating 'github.com/profitbricks/profitbricks-sdk-go' ...
  got v5.0.1+incompatible
  has 0 dependencies
Evaluating 'github.com/vinyldns/go-vinyldns' ...
  got v1.26.1
  has 4 dependencies
Evaluating 'github.com/wiggin77/srslog' ...
  got v1.0.1
  has 0 dependencies
Evaluating 'github.com/dustin/gojson' ...
  got v0.0.0-20160307161227-2e71ec9dd5ad
  has 0 dependencies
Evaluating 'github.com/1and1/oneandone-cloudserver-sdk-go' ...
  got v1.4.1
  has 0 dependencies
Evaluating 'github.com/gobuffalo/logger' ...
  got v1.1.1
  has 9 dependencies
Evaluating 'github.com/onrik/logrus' ...
  got v1.9.1
  has 39 dependencies
Evaluating 'gopkg.in/go-playground/pool.v3' ...
  got v3.1.1
  has 0 dependencies
Evaluating 'github.com/ufilesdk-dev/ufile-gosdk' ...
  got v1.0.7
  has 0 dependencies
Evaluating 'github.com/gonum/graph' ...
  got v0.0.0-20190426092945-678096d81a4b
  has 8 dependencies
Evaluating 'github.com/vbauerster/mpb/v8' ...
  got v1.2.0
  has 8 dependencies
Evaluating 'github.com/kennygrant/sanitize' ...
  got v1.2.4
  has 5 dependencies
Evaluating 'github.com/nicksnyder/go-i18n/v2' ...
  got v1.6.0
  has 3 dependencies
Evaluating 'github.com/paketo-buildpacks/yarn' ...
  got v0.0.0-20200407214033-5883e5a4b512
  has 833 dependencies
Evaluating 'github.com/rancher/lasso' ...
  got v1.0.1
  has 48 dependencies
Evaluating 'github.com/openshift/oc' ...
  got v4.2.0-alpha.0+incompatible
  has 0 dependencies
Evaluating 'gopkg.in/telebot.v3' ...
  got v0.100.2
  has 186 dependencies
Evaluating 'github.com/alicebob/sqlittle' ...
  got v0.0.0-20160522181843-27f122750802
  has 17 dependencies
Evaluating 'github.com/illarion/gonotify' ...
  got v1.0.1
  has 0 dependencies
Evaluating 'github.com/hashicorp/packer-plugin-virtualbox' ...
  got v0.110.8
  has 305 dependencies
Evaluating 'github.com/logrusorgru/aurora/v3' ...
  got v3.0.0
  has 0 dependencies
Evaluating 'github.com/libp2p/go-libp2p-kbucket' ...
  got v1.3.5
  has 114 dependencies
Evaluating 'github.com/hashicorp/packer-plugin-amazon' ...
  got v0.110.8
  has 355 dependencies
Evaluating 'github.com/hashicorp/packer-plugin-qemu' ...
  got v0.110.8
  has 307 dependencies
Evaluating 'github.com/hashicorp/packer-plugin-ansible' ...
  got v0.110.8
  has 303 dependencies
Evaluating 'github.com/mindprince/gonvml' ...
  got v0.0.0-20211002210717-ac0b66419a41
  has 0 dependencies
Evaluating 'github.com/moby/sys/user' ...
  got v0.4.0
  has 1 dependencies
Evaluating 'github.com/hashicorp/packer-plugin-docker' ...
  got v0.110.8
  has 305 dependencies
Evaluating 'github.com/Azure/azure-storage-queue-go' ...
  got v0.1.8
  has 2 dependencies
Evaluating 'github.com/hashicorp/packer-plugin-azure' ...
  got v0.0.0-20160811212531-371fbbdaa898
  has 356 dependencies
Evaluating 'github.com/hashicorp/packer-plugin-vmware' ...
  got v0.110.9
  has 312 dependencies
Evaluating 'github.com/hashicorp/packer-plugin-googlecompute' ...
  got v0.23.0
  has 341 dependencies
Evaluating 'github.com/hashicorp/packer-plugin-vsphere' ...
  got v0.110.9
  has 428 dependencies
Evaluating 'github.com/stoicperlman/fls' ...
  got v0.0.0-20171222144224-f073b7a01081
  has 0 dependencies
Evaluating 'github.com/aquasecurity/loading' ...
  got v0.0.5
  has 6 dependencies
Evaluating 'github.com/valyala/fastrand' ...
  got v1.1.0
  has 0 dependencies
Evaluating 'github.com/hashicorp/packer-plugin-vagrant' ...
  got v0.110.8
  has 341 dependencies
Evaluating 'github.com/crackcomm/go-gitignore' ...
  got v0.0.0-20241020182519-7843d2ba8fdf
  has 0 dependencies
Evaluating 'github.com/DATA-DOG/go-sqlmock' ...
  got v1.5.2
  has 1 dependencies
Evaluating 'github.com/pingcap/log' ...
  got v0.3.1
  has 27 dependencies
Evaluating 'github.com/fullstorydev/grpcurl' ...
  got v0.26.0
  has 48 dependencies
Evaluating 'github.com/sendgrid/rest' ...
  got v2.6.9+incompatible
  has 0 dependencies
Evaluating 'github.com/gorilla/csrf' ...
  got v1.2.0
  has 2 dependencies
Evaluating 'github.com/libp2p/go-libp2p-record' ...
  got v0.0.0-20190825152654-46b345b51c96
  has 128 dependencies
Evaluating 'github.com/SUSE/container-suseconnect' ...
  got v1.1.0
  has 0 dependencies
Evaluating 'github.com/Xuanwo/go-locale' ...
  got v1.1.3
  has 5 dependencies
Evaluating 'github.com/google/go-github/v32' ...
  got v1.3.2
  has 8 dependencies
Evaluating 'github.com/cactus/go-statsd-client/statsd' ...
  ! module not resolved
Evaluating 'go.opentelemetry.io/collector/confmap' ...
  got v1.1.1
  has 22 dependencies
Evaluating 'github.com/hashicorp/eventlogger' ...
  got v1.1.1
  has 17 dependencies
Evaluating 'gomodules.xyz/envconfig' ...
  got v1.3.0
  has 0 dependencies
Evaluating 'github.com/gruntwork-io/terragrunt' ...
  got v0.0.0-20251208015420-e9274a7bdbfd
  has 698 dependencies
Evaluating 'github.com/raulk/go-watchdog' ...
  got v0.3.1
  has 31 dependencies
Evaluating 'github.com/go-enry/go-enry/v2' ...
  got v1.1.1
  has 8 dependencies
Evaluating 'github.com/RocketChat/Rocket.Chat.Go.SDK' ...
  got v1.4.0
  has 28 dependencies
Evaluating 'github.com/uber-go/tally' ...
  got v1.1.1
  has 16 dependencies
Evaluating 'github.com/gopherjs/gopherjs' ...
  got v2.0.6
  has 26 dependencies
Evaluating 'github.com/nunnatsa/ginkgolinter' ...
  got v1.1.0
  has 13 dependencies
Evaluating 'sigs.k8s.io/aws-iam-authenticator' ...
  got v1.41.5
  has 96 dependencies
Evaluating '4d63.com/gocheckcompilerdirectives' ...
  got v1.3.0
  has 6 dependencies
Evaluating 'github.com/vmihailenco/bufpool' ...
  got v1.1.0
  has 9 dependencies
Evaluating 'github.com/andygrunwald/go-jira' ...
  got v1.17.0
  has 9 dependencies
Evaluating 'github.com/gertd/go-pluralize' ...
  got v0.2.1
  has 0 dependencies
Evaluating 'github.com/blevesearch/geo' ...
  got v1.3.1
  has 5 dependencies
Evaluating 'github.com/vito/go-interact' ...
  got v1.1.24
  has 14 dependencies
Evaluating 'github.com/fatedier/golib' ...
  got v0.1.0
  has 20 dependencies
Evaluating 'github.com/elgs/gosplitargs' ...
  got v1.1.1
  has 4 dependencies
Evaluating 'rsc.io/binaryregexp' ...
  got v0.2.0
  has 0 dependencies
Evaluating 'github.com/chromedp/chromedp' ...
  got v0.0.0-20260321001828-e3e3800016bc
  has 9 dependencies
Evaluating 'github.com/fatedier/kcp-go' ...
  got v2.0.3+incompatible
  has 9 dependencies
Evaluating 'kubevirt.io/containerized-data-importer-api' ...
  got v2.7.0
  has 20 dependencies
Evaluating 'github.com/fatedier/beego' ...
  got v0.3.1
  has 87 dependencies
Evaluating 'github.com/fatedier/frp' ...
  got v0.1.0
  has 72 dependencies
Evaluating 'github.com/hashicorp/consul/sdk' ...
  got v1.1.2-0.20180830191138-d8f796af33cc
  has 16 dependencies
Evaluating 'github.com/hashicorp/consul/sdk' ...
  got v1.1.2-0.20180830191138-d8f796af33cc
  has 16 dependencies
Evaluating 'github.com/fatedier/frp' ...
  got v0.1.0
  has 72 dependencies
Evaluating 'github.com/gofrs/uuid/v5' ...
  got v5.4.0
  has 0 dependencies
Evaluating 'github.com/go-ldap/ldap' ...
  got v3.4.13+incompatible
  has 0 dependencies
Evaluating 'firebase.google.com/go' ...
  got v0.25.1
  has 199 dependencies
Evaluating 'github.com/equinox-io/equinox' ...
  got v1.2.0
  has 0 dependencies
Evaluating 'gomodules.xyz/notify' ...
  got v0.0.0-20191119085241-0887d8ec2ecc
  has 68 dependencies
Evaluating 'github.com/minio/console' ...
  got v0.2.0
  has 138 dependencies
Evaluating 'gopkg.in/stack.v1' ...
  got v1.7.0
  has 0 dependencies
Evaluating 'github.com/mozillazg/docker-credential-acr-helper' ...
  got v0.14.0
  has 23 dependencies
Evaluating 'github.com/tv42/base58' ...
  got v1.0.0
  has 0 dependencies
Evaluating 'github.com/AliyunContainerService/ack-ram-tool/pkg/credentials/alibabacloudsdkgo/helper' ...
  got v0.2.0
  has 22 dependencies
Evaluating 'github.com/distribution/distribution' ...
  got v2.8.3+incompatible
  has 5 dependencies
Evaluating 'github.com/alibabacloud-go/cr-20181201' ...
  got v0.0.2
  has 37 dependencies
Evaluating 'github.com/alibabacloud-go/cr-20160607' ...
  got v0.0.2
  has 37 dependencies
Evaluating 'go.opentelemetry.io/contrib/propagators' ...
  got v1.1.0
  has 10 dependencies
Evaluating 'github.com/lithammer/fuzzysearch' ...
  got v1.1.8
  has 10 dependencies
Evaluating 'github.com/goji/param' ...
  got v0.0.0-20160927210335-d7f49fd7d1ed
  has 0 dependencies
Evaluating 'github.com/OpenPrinting/ipp-usb' ...
  got v1.2.0
  has 1 dependencies
Evaluating 'github.com/argoproj/notifications-engine' ...
  got v0.15.0
  has 113 dependencies
Evaluating 'k8s.io/sample-controller' ...
  got v0.3.0
  has 68 dependencies
Evaluating 'github.com/libp2p/go-libp2p-kad-dht' ...
  got v0.81.0
  has 350 dependencies
Evaluating 'github.com/minio/minio-go' ...
  got v1.67.0
  has 10 dependencies
Evaluating 'sigs.k8s.io/custom-metrics-apiserver' ...
  got v0.24.0
  has 100 dependencies
Evaluating 'github.com/juju/fslock' ...
  got v0.0.0-20160525022230-4d5c94c67b4b
  has 0 dependencies
Evaluating 'github.com/gobuffalo/packr' ...
  got v0.3.1
  has 47 dependencies
Evaluating 'github.com/cloudflare/cloudflared' ...
  got v1.2.0
  has 84 dependencies
Evaluating 'gopkg.in/djherbis/times.v1' ...
  got v1.3.0
  has 0 dependencies
Evaluating 'github.com/danielqsj/kafka_exporter' ...
  got v1.45.0
  has 85 dependencies
Evaluating 'github.com/bmatcuk/doublestar/v3' ...
  got v3.0.0
  has 0 dependencies
Evaluating 'github.com/ipostelnik/cli/v2' ...
  ! module not resolved
Evaluating 'github.com/cockroachdb/cockroach-go/v2' ...
  got v2.4.3
  has 27 dependencies
Evaluating 'github.com/go-acme/lego/v3' ...
  got v0.54.0
  has 201 dependencies
Evaluating 'github.com/gdamore/tcell' ...
  got v1.0.0
  has 5 dependencies
Evaluating 'github.com/giantswarm/microerror' ...
  got v0.4.1
  has 1 dependencies
Evaluating 'github.com/jwilder/gojq' ...
  got v1.1.1
  has 5 dependencies
Evaluating 'github.com/marusama/semaphore/v2' ...
  got v2.5.0
  has 0 dependencies
Evaluating 'github.com/zakjan/cert-chain-resolver' ...
  got v1.1.1
  has 5 dependencies
Evaluating 'github.com/gravitational/trace' ...
  got v1.1.1
  has 4 dependencies
Evaluating 'collectd.org' ...
  got v0.6.0
  has 9 dependencies
Evaluating 'github.com/willf/bloom' ...
  got v1.1.0
  has 2 dependencies
Evaluating 'k8s.io/ingress-nginx' ...
  got v0.54.0
  has 397 dependencies
Evaluating 'github.com/elastic/elastic-agent-client/v7' ...
  got v0.5.2
  has 18 dependencies
Evaluating 'github.com/cloudfoundry/jibber_jabber' ...
  got v0.0.0-20151120183258-bcc4c8345a21
  has 0 dependencies
Evaluating 'github.com/cloudflare/golibs' ...
  got v0.0.0-20240916140616-558c04120a4e
  has 0 dependencies
Evaluating 'github.com/dgryski/dgoogauth' ...
  got v0.0.0-20190221195224-5a805980a5f3
  has 0 dependencies
Evaluating 'github.com/minio/csvparser' ...
  got v1.0.0
  has 0 dependencies
Evaluating 'github.com/surgebase/porter2' ...
  got v0.0.0-20150829210152-56e4718818e8
  has 0 dependencies
Evaluating 'google.golang.org/grpc/cmd/protoc-gen-go-grpc' ...
  got v1.5.0
  has 10 dependencies
Evaluating 'gorm.io/driver/sqlserver' ...
  got v1.11.1
  has 53 dependencies
Evaluating 'github.com/minio/zipindex' ...
  got v1.18.0
  has 5 dependencies
Evaluating 'github.com/fatih/semgroup' ...
  got v1.3.0
  has 1 dependencies
Evaluating 'pault.ag/go/sniff' ...
  got v0.0.0-20200207005214-cf7e4d167732
  has 0 dependencies
Evaluating 'github.com/nrdcg/desec' ...
  got v1.1.1
  has 12 dependencies
Evaluating 'github.com/sethvargo/go-password' ...
  got v0.3.1
  has 0 dependencies
Evaluating 'github.com/hashicorp/aws-sdk-go-base/v2' ...
  got v1.41.4
  has 62 dependencies
Evaluating 'github.com/paketo-buildpacks/packit' ...
  got v0.4.1
  has 48 dependencies
Evaluating 'github.com/Sirupsen/logrus' ...
  ! module not resolved
Evaluating 'github.com/lestrrat-go/jwx/v2' ...
  got v1.1.1
  has 16 dependencies
Evaluating 'github.com/xuri/efp' ...
  got v0.0.1
  has 0 dependencies
Evaluating 'github.com/j-keck/arping' ...
  got v1.0.3
  has 0 dependencies
Evaluating 'github.com/dapr/dapr' ...
  got v0.25.1
  has 491 dependencies
Evaluating 'github.com/nats-io/jwt' ...
  got v1.2.2
  has 5 dependencies
Evaluating '../../..' ...
  ! module not resolved
Evaluating 'github.com/cavaliergopher/grab/v3' ...
  got v3.0.1
  has 0 dependencies
Evaluating 'github.com/zealic/xignore' ...
  got v1.1.0
  has 6 dependencies
Evaluating 'github.com/glebarez/sqlite' ...
  got v1.0.1
  has 29 dependencies
Evaluating 'github.com/Shopify/ejson' ...
  got v1.5.4
  has 13 dependencies
Evaluating 'github.com/newrelic/go-agent/v3' ...
  got v3.43.2
  has 2 dependencies
Evaluating 'github.com/shogo82148/go-shuffle' ...
  got v1.1.1
  has 0 dependencies
Evaluating 'github.com/Microsoft/ApplicationInsights-Go' ...
  ! module not resolved
Evaluating 'github.com/google/go-github/v39' ...
  got v1.3.2
  has 12 dependencies
Evaluating 'k8s.io/pod-security-admission' ...
  got v0.25.1
  has 96 dependencies
Evaluating 'github.com/containerd/stargz-snapshotter' ...
  got v0.2.1
  has 114 dependencies
Evaluating 'github.com/aquasecurity/trivy-java-db' ...
  got v1.1.1
  has 38 dependencies
Evaluating 'github.com/lestrrat-go/httprc' ...
  got v1.1.0
  has 8 dependencies
Evaluating 'github.com/google/go-github/v28' ...
  got v1.2.0
  has 9 dependencies
Evaluating 'github.com/infobloxopen/infoblox-go-client' ...
  got v1.1.1
  has 10 dependencies
Evaluating 'github.com/hairyhenderson/toml' ...
  ! module not resolved
Evaluating 'go.temporal.io/api' ...
  got v1.1.1
  has 15 dependencies
Evaluating 'github.com/go-ping/ping' ...
  got v1.2.0
  has 7 dependencies
Evaluating 'github.com/markbates/safe' ...
  got v1.1.1
  has 5 dependencies
Evaluating 'github.com/markbates/oncer' ...
  got v1.1.1
  has 4 dependencies
Evaluating 'github.com/jpillora/sizestr' ...
  got v1.0.0
  has 0 dependencies
Evaluating 'github.com/aws/aws-sdk-go-v2/service/autoscaling' ...
  got v1.41.6
  has 4 dependencies
Evaluating 'github.com/grafana/grafana-plugin-model' ...
  got v1.1.0
  has 19 dependencies
Evaluating 'github.com/bazelbuild/buildtools' ...
  got v0.0.0-20260319080235-05d2ebe49b0f
  has 4 dependencies
Evaluating 'github.com/paketo-buildpacks/yarn-install' ...
  got v0.0.0-20200407214033-5883e5a4b512
  has 820 dependencies
Evaluating 'entgo.io/ent' ...
  got v0.36.2-0.20250730182955-2c6300d0a3e1
  has 49 dependencies
Evaluating 'github.com/intel-go/cpuid' ...
  got v0.0.0-20240823053301-6c0fd109086b
  has 0 dependencies
Evaluating 'github.com/avct/uasurfer' ...
  ! module not resolved
Evaluating 'gitlab.com/gitlab-org/labkit' ...
  got v0.112.2
  has 129 dependencies
Evaluating 'github.com/hashicorp/packer-plugin-parallels' ...
  ! module not resolved
Evaluating 'github.com/ipfs/go-block-format' ...
  got v1.0.1
  has 168 dependencies
Evaluating 'github.com/Azure/azure-sdk-for-go/sdk/resourcemanager/msi/armmsi' ...
  got v1.18.1
  has 26 dependencies
Evaluating 'github.com/aristanetworks/goarista' ...
  got v1.46.3
  has 57 dependencies
Evaluating 'github.com/rifflock/lfshook' ...
  got v1.1.1
  has 6 dependencies
Evaluating 'github.com/docker/machine' ...
  got v0.16.2
  has 0 dependencies
Evaluating 'github.com/ipfs/go-metrics-interface' ...
  got v0.3.0
  has 0 dependencies
Evaluating 'github.com/microsoft/azure-devops-go-api/azuredevops' ...
  got v1.1.1
  has 1 dependencies
Evaluating 'github.com/temoto/robotstxt' ...
  got v1.1.0
  has 4 dependencies
Evaluating 'github.com/daaku/go.zipexe' ...
  got v1.0.2
  has 0 dependencies
Evaluating 'github.com/mwitkow/grpc-proxy' ...
  got v0.3.1
  has 20 dependencies
Evaluating 'github.com/tencentcloud/tencentcloud-sdk-go/tencentcloud/cvm' ...
  got v1.3.78
  has 1 dependencies
Evaluating 'github.com/tj/go-spin' ...
  got v1.1.0
  has 0 dependencies
Evaluating 'github.com/hashicorp/hcp-link' ...
  got v0.34.0
  has 172 dependencies
Evaluating 'github.com/ipfs/bbloom' ...
  got v0.1.0
  has 0 dependencies
Evaluating 'github.com/cosnicolaou/pbzip2' ...
  got v1.0.6
  has 0 dependencies
Evaluating 'github.com/hashicorp/vault/vault/hcp_link/proto' ...
  got v0.0.0-20260427231640-68c5959bdb8d
  has 6 dependencies
Evaluating 'kubevirt.io/controller-lifecycle-operator-sdk/api' ...
  got v0.26.0
  has 102 dependencies
Evaluating 'github.com/google/go-github/v43' ...
  got v2.0.4
  has 12 dependencies
Evaluating 'github.com/cloudfoundry/noaa' ...
  got v2.1.0+incompatible
  has 4 dependencies
Evaluating 'github.com/chmduquesne/rollinghash' ...
  got v4.0.0+incompatible
  has 0 dependencies
Evaluating 'gopkg.in/guregu/null.v3' ...
  got v3.5.0
  has 0 dependencies
Evaluating 'github.com/go-faster/errors' ...
  got v0.7.1
  has 0 dependencies
Evaluating 'github.com/ipfs/go-ipld-format' ...
  got v1.0.1
  has 168 dependencies
Evaluating 'github.com/serenize/snaker' ...
  got v0.0.0-20201027110005-a7ad2135616e
  has 0 dependencies
Evaluating 'github.com/fabpot/local-php-security-checker/v2' ...
  got v1.1.1
  has 7 dependencies
Evaluating 'cloud.google.com/go/apigeeregistry' ...
  got v0.123.0
  has 32 dependencies
Evaluating 'github.com/zondax/ledger-go' ...
  got v0.24.0
  has 146 dependencies
Evaluating 'ariga.io/atlas' ...
  got v1.2.0
  has 22 dependencies
Evaluating 'github.com/bep/gowebp' ...
  got v0.4.0
  has 1 dependencies
Evaluating 'github.com/throttled/throttled' ...
  got v2.2.5+incompatible
  has 0 dependencies
Evaluating 'github.com/pquerna/ffjson' ...
  got v0.0.0-20190930134022-aa0246cd15f7
  has 0 dependencies
Evaluating 'github.com/invopop/jsonschema' ...
  got v0.2.0
  has 8 dependencies
Evaluating 'github.com/networkplumbing/go-nft' ...
  got v1.1.0
  has 16 dependencies
Evaluating 'github.com/terraform-linters/tflint' ...
  got v0.0.8
  has 543 dependencies
Evaluating 'github.com/cloudflare/qtls-pq' ...
  got v0.0.0-20240921000723-fa7da78251b1
  has 0 dependencies
Evaluating 'github.com/terraform-linters/tflint-plugin-sdk' ...
  got v1.2.1
  has 27 dependencies
Evaluating 'github.com/gohugoio/go-i18n/v2' ...
  ! module not resolved
Evaluating 'github.com/tailscale/wireguard-go' ...
  ! module not resolved
Evaluating 'sourcegraph.com/sourcegraph/appdash' ...
  got v1.3.2
  has 12 dependencies
Evaluating 'github.com/ipfs/go-ipfs-blockstore' ...
  got v0.3.1
  has 58 dependencies
Evaluating 'github.com/ipfs/go-ipfs-ds-help' ...
  got v0.3.1
  has 41 dependencies
Evaluating 'github.com/gfleury/go-bitbucket-v1' ...
  got v0.34.0
  has 17 dependencies
Evaluating 'github.com/liquidweb/liquidweb-cli' ...
  got v0.110.0
  has 376 dependencies
Evaluating 'github.com/gin-contrib/pprof' ...
  got v0.1.3
  has 55 dependencies
Evaluating 'github.com/whyrusleeping/cbor-gen' ...
  got v0.4.0
  has 16 dependencies
Evaluating 'vbom.ml/util' ...
  ! module not resolved
Evaluating 'github.com/ipfs/go-ipld-cbor' ...
  got v0.3.1
  has 194 dependencies
Evaluating 'k8s.io/kube-state-metrics/v2' ...
  got v0.24.0
  has 321 dependencies
Evaluating 'upper.io/db.v3' ...
  ! module not resolved
Evaluating 'github.com/cli/go-gh/v2' ...
  got v1.0.1
  has 57 dependencies
Evaluating 'go.temporal.io/sdk' ...
  got v1.1.1
  has 24 dependencies
Evaluating 'gopkg.in/go-jose/go-jose.v2' ...
  got v0.50.0
  has 5 dependencies
Evaluating 'github.com/natefinch/pie' ...
  got v0.0.0-20170715172608-9a0d72014007
  has 0 dependencies
Evaluating 'github.com/tencentcloud/tencentcloud-sdk-go/tencentcloud/dnspod' ...
  got v1.3.78
  has 1 dependencies
Evaluating 'github.com/azure/go-autorest/autorest/date' ...
  ! module not resolved
Evaluating 'github.com/azure/go-autorest/tracing' ...
  ! module not resolved
Evaluating 'github.com/azure/go-autorest/autorest/adal' ...
  ! module not resolved
Evaluating 'github.com/go-pg/zerochecker' ...
  got v0.2.0
  has 0 dependencies
Evaluating 'github.com/hectane/go-acl' ...
  got v0.0.0-20230122075934-ca0b05cb1adb
  has 1 dependencies
Evaluating 'github.com/juju/clock' ...
  got v1.1.1
  has 14 dependencies
Evaluating 'github.com/swaggo/http-swagger' ...
  got v1.2.1
  has 38 dependencies
Evaluating 'github.com/azure/go-autorest/logger' ...
  ! module not resolved
Evaluating 'github.com/liquidweb/go-lwApi' ...
  got v0.0.5
  has 0 dependencies
Evaluating 'github.com/nrdcg/porkbun' ...
  got v1.1.1
  has 4 dependencies
Evaluating 'github.com/mmcloughlin/addchain' ...
  got v1.2.0
  has 2 dependencies
Evaluating 'github.com/azure/go-autorest/autorest' ...
  ! module not resolved
Evaluating 'github.com/aerospike/aerospike-client-go' ...
  got v4.5.2+incompatible
  has 6 dependencies
Evaluating 'github.com/paketo-buildpacks/go-dist' ...
  got v0.1.0
  has 1073 dependencies
Evaluating 'github.com/paketo-buildpacks/npm-start' ...
  got v0.0.0-20200407214033-5883e5a4b512
  has 801 dependencies
Evaluating 'gopkg.in/olivere/elastic.v5' ...
  got v0.26.0
  has 43 dependencies
Evaluating 'github.com/paketo-buildpacks/yarn-start' ...
  got v0.0.0-20200407214033-5883e5a4b512
  has 800 dependencies
Evaluating 'github.com/parnurzeal/gorequest' ...
  got v1.0.0
  has 7 dependencies
Evaluating 'go.elastic.co/apm/v2' ...
  got v1.0.0
  has 25 dependencies
Evaluating 'github.com/paketo-buildpacks/go-build' ...
  got v0.1.0
  has 1073 dependencies
Evaluating 'github.com/Morganamilo/go-srcinfo' ...
  got v1.0.0
  has 0 dependencies
Evaluating 'github.com/hnakamur/jsonpreprocess' ...
  got v0.0.0-20171017030034-a4e954386171
  has 0 dependencies
Evaluating 'github.com/boxboat/fixuid' ...
  got v1.3.2
  has 10 dependencies
Evaluating 'github.com/azure/azure-sdk-for-go' ...
  got v68.0.0+incompatible
  has 0 dependencies
Evaluating 'github.com/ardielle/ardielle-go' ...
  got v1.5.2
  has 0 dependencies
Evaluating 'github.com/Morganamilo/go-pacmanconf' ...
  got v0.0.0-20210502114700-cff030e927a5
  has 0 dependencies
Evaluating 'github.com/nuclio/errors' ...
  got v1.1.1
  has 4 dependencies
Evaluating 'github.com/paketo-buildpacks/node-start' ...
  got v0.0.0-20200407214033-5883e5a4b512
  has 800 dependencies
Evaluating 'github.com/nuclio/logger' ...
  got v0.0.1
  has 0 dependencies
Evaluating 'github.com/gin-contrib/static' ...
  got v0.1.3
  has 55 dependencies
Evaluating 'github.com/bitnami/gonit' ...
  got v1.0.0
  has 15 dependencies
Evaluating 'github.com/go-ozzo/ozzo-config' ...
  got v1.6.0
  has 4 dependencies
Evaluating 'github.com/sebest/xff' ...
  got v0.0.0-20210106013422-671bd2870b3a
  has 0 dependencies
Evaluating 'github.com/cloudevents/sdk-go/sql/v2' ...
  got v1.4.10
  has 25 dependencies
Evaluating 'github.com/hashicorp/packer-plugin-triton' ...
  got v0.0.0-20160811212531-371fbbdaa898
  has 299 dependencies
Evaluating 'github.com/hashicorp/packer-plugin-lxc' ...
  got v0.0.0-20160811212531-371fbbdaa898
  has 257 dependencies
Evaluating 'github.com/hashicorp/packer-plugin-chef' ...
  got v0.0.0-20160811212531-371fbbdaa898
  has 224 dependencies
Evaluating 'github.com/hashicorp/packer-plugin-tencentcloud' ...
  got v0.105.0
  has 292 dependencies
Evaluating 'github.com/hashicorp/packer-plugin-cloudstack' ...
  got v0.0.0-20160811212531-371fbbdaa898
  has 256 dependencies
Evaluating 'github.com/hashicorp/packer-plugin-hcloud' ...
  ! module not resolved
Evaluating 'github.com/hashicorp/packer-plugin-alicloud' ...
  got v0.105.0
  has 315 dependencies
Evaluating 'github.com/hashicorp/packer-plugin-proxmox' ...
  got v0.110.8
  has 308 dependencies
Evaluating 'github.com/hashicorp/packer-plugin-ncloud' ...
  got v0.0.0-20160811212531-371fbbdaa898
  has 342 dependencies
Evaluating 'github.com/hashicorp/packer-plugin-hyperone' ...
  got v0.0.0-20160811212531-371fbbdaa898
  has 262 dependencies
Evaluating 'github.com/hashicorp/packer-plugin-converge' ...
  got v0.0.0-20160811212531-371fbbdaa898
  has 224 dependencies
Evaluating 'github.com/go-macaron/binding' ...
  got v1.2.0
  has 15 dependencies
Evaluating 'github.com/hashicorp/packer-plugin-hyperv' ...
  got v0.110.8
  has 317 dependencies
Evaluating 'github.com/hashicorp/packer-plugin-yandex' ...
  got v0.105.0
  has 312 dependencies
Evaluating 'github.com/AthenZ/athenz' ...
  got v0.25.1
  has 118 dependencies
Evaluating 'github.com/hashicorp/packer-plugin-puppet' ...
  got v0.0.0-20160811212531-371fbbdaa898
  has 224 dependencies
Evaluating 'github.com/hashicorp/packer-plugin-jdcloud' ...
  got v0.0.0-20160811212531-371fbbdaa898
  has 337 dependencies
Evaluating 'github.com/viney-shih/go-lock' ...
  got v1.1.0
  has 7 dependencies
Evaluating 'github.com/paketo-buildpacks/libnodejs' ...
  got v0.116.0
  has 259 dependencies
Evaluating 'github.com/hashicorp/packer-plugin-lxd' ...
  got v0.110.8
  has 301 dependencies
Evaluating 'go.elastic.co/apm/module/apmot' ...
  got v1.0.0
  has 36 dependencies
Evaluating 'github.com/hashicorp/packer-plugin-openstack' ...
  got v0.110.8
  has 317 dependencies
Evaluating 'github.com/paketo-buildpacks/go-mod-vendor' ...
  got v0.25.1
  has 773 dependencies
Evaluating 'github.com/gohugoio/locales' ...
  got v0.15.5
  has 1 dependencies
Evaluating 'github.com/baidubce/bce-sdk-go' ...
  got v0.9.265
  has 0 dependencies
Evaluating 'github.com/argoproj/argo-events' ...
  got v0.120.0
  has 355 dependencies
Evaluating 'github.com/nrdcg/freemyip' ...
  got v1.1.1
  has 7 dependencies
Evaluating 'github.com/ipfs/go-ipfs-exchange-interface' ...
  got v0.0.1
  has 17 dependencies
Evaluating 'github.com/whyrusleeping/multiaddr-filter' ...
  got v0.0.0-20160516205228-e903e4adabd7
  has 0 dependencies
Evaluating 'github.com/gohugoio/localescompressed' ...
  got v1.0.0
  has 17 dependencies
Evaluating 'github.com/sayboras/dockerclient' ...
  got v0.5.0
  has 1 dependencies
Evaluating 'github.com/namsral/flag' ...
  got v1.7.4-pre
  has 0 dependencies
Evaluating 'github.com/rudderlabs/analytics-go' ...
  got v1.1.1
  has 9 dependencies
Evaluating 'github.com/ledongthuc/pdf' ...
  got v0.0.0-20250511090121-5959a4027728
  has 0 dependencies
Evaluating 'github.com/sclevine/yj/v5' ...
  got v1.1.0
  has 5 dependencies
Evaluating 'github.com/grafana/phlare/api' ...
  got v1.0.1
  has 17 dependencies
Evaluating 'github.com/technoweenie/multipartstreamer' ...
  got v1.0.1
  has 0 dependencies
Evaluating 'github.com/GeertJohan/go.rice' ...
  got v1.0.0
  has 8 dependencies
Evaluating 'go.opentelemetry.io/collector/receiver/otlpreceiver' ...
  got v0.25.1
  has 119 dependencies
Evaluating 'github.com/fraugster/parquet-go' ...
  got v0.3.1
  has 47 dependencies
Evaluating 'gopkg.in/fatih/pool.v2' ...
  got v2.0.0
  has 0 dependencies
Evaluating 'gitlab.com/gitlab-org/gitlab-runner' ...
  got v0.25.1
  has 295 dependencies
Evaluating 'github.com/jsternberg/zap-logfmt' ...
  got v1.1.0
  has 7 dependencies
Evaluating 'github.com/influxdata/tdigest' ...
  got v0.2.0
  has 5 dependencies
Evaluating 'k8s.io/minikube' ...
  got v0.24.0
  has 242 dependencies
Evaluating 'github.com/maruel/natural' ...
  got v1.3.0
  has 0 dependencies
Evaluating 'github.com/lithammer/shortuuid/v4' ...
  got v1.6.0
  has 1 dependencies
Evaluating 'github.com/cli/go-gh' ...
  got v1.0.0
  has 39 dependencies
Evaluating 'github.com/hashicorp/packer-plugin-ucloud' ...
  ! module not resolved
Evaluating 'github.com/wavefronthq/wavefront-sdk-go' ...
  got v4.0.1
  has 5 dependencies
Evaluating 'github.com/ipfs/go-blockservice' ...
  got v0.3.1
  has 107 dependencies
Evaluating 'github.com/bradfitz/iter' ...
  got v0.0.0-20191230175014-e8f45d346db8
  has 0 dependencies
Evaluating 'github.com/mdlayher/ethernet' ...
  got v0.5.7
  has 10 dependencies
Evaluating 'github.com/cenk/backoff' ...
  got v2.2.1+incompatible
  has 0 dependencies
Evaluating 'github.com/ipfs/go-merkledag' ...
  got v0.3.1
  has 121 dependencies
Evaluating 'github.com/hashicorp/packer-plugin-oneandone' ...
  got v0.0.0-20160811212531-371fbbdaa898
  has 262 dependencies
Evaluating 'github.com/open-telemetry/opentelemetry-collector-contrib/pkg/resourcetotelemetry' ...
  got v5.0.3
  has 67 dependencies
Evaluating 'github.com/hashicorp/packer-plugin-profitbricks' ...
  got v0.0.0-20160811212531-371fbbdaa898
  has 262 dependencies
Evaluating 'github.com/looplab/fsm' ...
  got v1.0.3
  has 0 dependencies
Evaluating 'gitlab.com/nyarla/go-crypt' ...
  got v0.0.0-20160106005555-d9a5dc2b789b
  has 0 dependencies
Evaluating 'github.com/terraform-linters/tflint-ruleset-terraform' ...
  got v0.24.0
  has 264 dependencies
Evaluating 'github.com/hashicorp/packer-plugin-linode' ...
  ! module not resolved
Evaluating 'github.com/gobuffalo/here' ...
  got v1.1.1
  has 6 dependencies
Evaluating 'github.com/google/go-github/v50' ...
  got v0.0.0-20230217124315-7d5c6f04bbb8
  has 11 dependencies
Evaluating 'github.com/machinebox/graphql' ...
  got v0.2.2
  has 1 dependencies
Evaluating 'github.com/tencentcloud/tencentcloud-sdk-go/tencentcloud/vpc' ...
  got v1.3.83
  has 1 dependencies
Evaluating 'github.com/hairyhenderson/gomplate/v3' ...
  got v0.110.7
  has 522 dependencies
Evaluating 'github.com/aead/cmac' ...
  got v0.0.0-20160719120800-7af84192f0b1
  has 0 dependencies
Evaluating 'github.com/ajstarks/svgo' ...
  got v0.3.1
  has 14 dependencies
Evaluating 'github.com/cosmos/keyring' ...
  ! module not resolved
Evaluating 'github.com/dennwc/btrfs' ...
  got v0.0.0-20260222081608-edfb8b9e4f55
  has 1 dependencies
Evaluating 'github.com/alonyb/spinner' ...
  ! module not resolved
Evaluating 'github.com/Jguer/go-alpm/v2' ...
  got v2.3.1
  has 5 dependencies
Evaluating 'emperror.dev/errors' ...
  got v0.8.1
  has 7 dependencies
Evaluating 'github.com/adrg/strutil' ...
  got v0.3.1
  has 6 dependencies
Evaluating 'github.com/Delta456/box-cli-maker/v2' ...
  got v2.4.0
  has 28 dependencies
Evaluating 'github.com/grafana/memberlist' ...
  ! module not resolved
Evaluating 'github.com/markbates/pkger' ...
  got v1.1.1
  has 10 dependencies
Evaluating 'github.com/joshuarubin/lifecycle' ...
  got v1.2.1
  has 1 dependencies
Evaluating 'code.cloudfoundry.org/lager' ...
  got v2.0.0+incompatible
  has 0 dependencies
Evaluating 'github.com/dennwc/ioctl' ...
  got v1.0.1
  has 0 dependencies
Evaluating 'github.com/VividCortex/godaemon' ...
  got v1.0.0
  has 0 dependencies
Evaluating 'github.com/projectcalico/go-json' ...
  got v0.0.0-20161128004156-6219dc7339ba
  has 0 dependencies
Evaluating 'github.com/openvex/go-vex' ...
  got v0.2.1
  has 15 dependencies
Evaluating 'github.com/nakagami/firebirdsql' ...
  got v1.1.1
  has 14 dependencies
Evaluating 'github.com/hashicorp/packer-plugin-salt' ...
  got v0.0.0-20160811212531-371fbbdaa898
  has 224 dependencies
Evaluating 'gopkg.in/macaron.v1' ...
  got v0.0.0-20160627170012-d8a0b8677191
  has 14 dependencies
Evaluating 'github.com/symfony-cli/cert' ...
  got v22.5.0
  has 23 dependencies
Evaluating 'github.com/jedib0t/go-pretty' ...
  got v4.3.0+incompatible
  has 0 dependencies
Evaluating 'github.com/fogleman/gg' ...
  got v1.3.0
  has 3 dependencies
Evaluating 'github.com/hashicorp/packer-plugin-inspec' ...
  got v0.0.0-20160811212531-371fbbdaa898
  has 224 dependencies
Evaluating 'github.com/open-telemetry/opentelemetry-collector-contrib/pkg/translator/jaeger' ...
  got v1.0.2
  has 110 dependencies
Evaluating 'github.com/projectcalico/go-yaml-wrapper' ...
  got v0.0.0-20161128004156-6219dc7339ba
  has 3 dependencies
Evaluating 'github.com/symfony-cli/symfony-cli' ...
  got v0.6.2
  has 112 dependencies
Evaluating 'k8s.io/kubernetes/staging/src/k8s.io/api' ...
  ! module not resolved
Evaluating 'k8s.io/kubernetes/staging/src/k8s.io/client-go' ...
  ! module not resolved
Evaluating 'github.com/nuclio/zap' ...
  got v1.3.0
  has 14 dependencies
Evaluating 'github.com/sendgridlabs/go-kinesis' ...
  got v0.0.0-20190306160747-8de9069567f6
  has 0 dependencies
Evaluating 'github.com/kr/logfmt' ...
  got v0.0.0-20210122060352-19f9bcb100e6
  has 0 dependencies
Evaluating 'github.com/nuclio/nuclio-sdk-go' ...
  got v1.0.5
  has 10 dependencies
Evaluating 'github.com/nuclio/logger-appinsights' ...
  got v0.0.0-20180518195852-02e53af36e6c
  has 21 dependencies
Evaluating 'github.com/schollz/closestmatch' ...
  got v2.1.0+incompatible
  has 0 dependencies
Evaluating 'github.com/v3io/v3io-go' ...
  got v1.1.1
  has 22 dependencies
Evaluating 'github.com/mattermost/rsc' ...
  got v0.0.0-20160330161541-bbaefb05eaa0
  has 0 dependencies
Evaluating 'github.com/steveyen/gtreap' ...
  got v0.1.0
  has 0 dependencies
Evaluating 'github.com/v3io/version-go' ...
  got v0.0.2
  has 0 dependencies
Evaluating 'github.com/nuclio/nuclio' ...
  got v0.110.6
  has 186 dependencies
Evaluating 'atomicgo.dev/keyboard' ...
  got v0.2.9
  has 22 dependencies
Evaluating 'atomicgo.dev/cursor' ...
  got v0.2.0
  has 0 dependencies
Evaluating 'github.com/sigstore/cosign/v2' ...
  got v0.121.6
  has 300 dependencies
Evaluating 'github.com/radovskyb/watcher' ...
  got v1.0.7
  has 0 dependencies
Evaluating 'github.com/v2fly/BrowserBridge' ...
  got v0.46.3
  has 170 dependencies
Evaluating 'github.com/v3io/v3io-go-http' ...
  got v1.2.1
  has 10 dependencies
Evaluating 'k8s.io/kubernetes/staging/src/k8s.io/apimachinery' ...
  ! module not resolved
Evaluating 'github.com/v2fly/VSign' ...
  got v0.0.0-20140212075826-3c8d2dcb253a
  has 5 dependencies
Evaluating 'github.com/GehirnInc/crypt' ...
  got v0.0.0-20230320061759-8cc1b52080c5
  has 4 dependencies
Evaluating 'github.com/power-devops/perfstat' ...
  got v0.0.0-20240221224432-82ca36839d55
  has 1 dependencies
Evaluating 'github.com/saracen/fastzip' ...
  got v1.1.1
  has 8 dependencies
Evaluating 'github.com/hashicorp/vault/api/auth/kubernetes' ...
  got v1.1.1
  has 50 dependencies
Evaluating 'github.com/saracen/zipextra' ...
  got v0.0.0-20250129175152-f1aa42d25216
  has 0 dependencies
Evaluating 'github.com/pingcap/failpoint' ...
  got v1.1.1
  has 9 dependencies
Evaluating 'github.com/containous/mux' ...
  got v0.0.0-20250523120546-41b6ec3aed59
  has 0 dependencies
Evaluating 'github.com/rakyll/hey' ...
  got v0.1.5
  has 8 dependencies
Evaluating 'go.elastic.co/apm/module/apmhttp/v2' ...
  got v1.0.0
  has 26 dependencies
Evaluating 'github.com/ipld/go-codec-dagpb' ...
  got v1.14.6
  has 29 dependencies
Evaluating 'github.com/paketo-buildpacks/node-run-script' ...
  got v0.0.0-20200407214033-5883e5a4b512
  has 812 dependencies
Evaluating 'github.com/ProtonMail/gopenpgp/v2' ...
  got v1.4.1
  has 11 dependencies
Evaluating 'github.com/cskr/pubsub' ...
  got v1.0.2
  has 0 dependencies
Evaluating 'github.com/cometbft/cometbft-db' ...
  got v0.26.0
  has 109 dependencies
Evaluating 'github.com/cometbft/cometbft' ...
  got v1.0.0
  has 128 dependencies
Evaluating 'github.com/quic-go/webtransport-go' ...
  got v1.1.1
  has 21 dependencies
Evaluating 'github.com/hashicorp/raft-boltdb' ...
  got v0.34.0
  has 85 dependencies
Evaluating 'github.com/mdlayher/ethtool' ...
  got v0.7.0
  has 11 dependencies
Evaluating 'github.com/pingcap/kvproto' ...
  got v0.110.8
  has 157 dependencies
Evaluating 'github.com/lufia/plan9stats' ...
  got v0.7.0
  has 1 dependencies
Evaluating 'github.com/wagoodman/dive' ...
  got v0.4.14
  has 90 dependencies
Evaluating 'github.com/afex/hystrix-go' ...
  got v0.0.0-20180502004556-fa1af6a1f4f5
  has 0 dependencies
Evaluating 'github.com/nwaples/rardecode/v2' ...
  got v2.2.2
  has 0 dependencies
Evaluating 'github.com/ipfs/go-ipld-legacy' ...
  got v0.81.0
  has 303 dependencies
Evaluating 'github.com/mholt/archiver/v4' ...
  got v0.53.0
  has 92 dependencies
Evaluating 'github.com/istio/viper' ...
  ! module not resolved
Evaluating 'github.com/vjeantet/grok' ...
  got v1.0.1
  has 0 dependencies
Evaluating 'kubevirt.io/api' ...
  got v1.1.2-0.20180830191138-d8f796af33cc
  has 30 dependencies
Evaluating 'github.com/ProtonMail/go-mime' ...
  got v0.0.0-20230322103455-7d82a3887f2f
  has 10 dependencies
Evaluating 'github.com/icrowley/fake' ...
  got v0.0.0-20170723150923-031be390f409
  has 2 dependencies
Evaluating 'github.com/influxdata/line-protocol/v2' ...
  got v1.1.9
  has 11 dependencies
Evaluating 'github.com/oliver006/redis_exporter' ...
  got v2.4.0
  has 44 dependencies
Evaluating 'github.com/jpillora/chisel' ...
  got v0.0.0-20150726205930-009166a695a2
  has 17 dependencies
Evaluating 'github.com/xuri/excelize/v2' ...
  got v1.1.1
  has 18 dependencies
Evaluating 'github.com/fluxcd/pkg/apis/meta' ...
  got v1.1.1
  has 58 dependencies
Evaluating 'go.k6.io/k6' ...
  got v1.36.11-20240617172848-e1dbca2775a7.1
  has 234 dependencies
Evaluating 'github.com/segmentio/textio' ...
  got v1.2.0
  has 0 dependencies
Evaluating 'olympos.io/encoding/edn' ...
  got v0.0.0-20201019073823-d3554ca0b0a3
  has 0 dependencies
Evaluating 'github.com/prometheus-operator/prometheus-operator' ...
  got v0.7.5
  has 148 dependencies
Evaluating 'github.com/vulcand/predicate' ...
  got v1.1.1
  has 10 dependencies
Evaluating 'github.com/hairyhenderson/go-codeowners' ...
  got v1.1.1
  has 6 dependencies
Evaluating 'github.com/jet/kube-webhook-certgen' ...
  got v0.51.0
  has 139 dependencies
Evaluating 'github.com/unknwon/log' ...
  got v0.0.0-20200308114134-929b1006e34a
  has 0 dependencies
Evaluating 'github.com/minio/dperf' ...
  got v0.112.1
  has 195 dependencies
Evaluating 'github.com/giantswarm/micrologger' ...
  got v0.4.1
  has 6 dependencies
Evaluating 'github.com/ipfs/go-verifcid' ...
  got v0.2.0
  has 17 dependencies
Evaluating 'github.com/unknwon/bra' ...
  got v0.3.1
  has 17 dependencies
Evaluating 'github.com/vincent-petithory/dataurl' ...
  got v1.0.0
  has 0 dependencies
Evaluating 'github.com/grafana/sqlds/v2' ...
  got v0.105.0
  has 311 dependencies
Evaluating 'github.com/bep/goat' ...
  got v0.5.0
  has 6 dependencies
Evaluating 'github.com/google/safetext' ...
  got v0.0.0-20260330151545-1fb717a317c5
  has 4 dependencies
Evaluating 'github.com/Soontao/goHttpDigestClient' ...
  got v0.0.0-20170320082612-6d28bb1415c5
  has 1 dependencies
Evaluating 'github.com/novln/docker-parser' ...
  got v1.1.0
  has 6 dependencies
Evaluating 'github.com/prometheus-community/postgres_exporter' ...
  got v1.5.2
  has 40 dependencies
Evaluating 'github.com/cosmos/cosmos-sdk/ics23/go' ...
  ! module not resolved
Evaluating 'gopkg.in/olebedev/go-duktape.v3' ...
  got v3.0.0-20210326210528-650f7c854440
  has 0 dependencies
Evaluating 'github.com/apache/pulsar-client-go' ...
  got v1.0.0
  has 116 dependencies
Evaluating 'github.com/StackExchange/wmi' ...
  got v1.2.1
  has 2 dependencies
Evaluating 'github.com/cilium/cilium' ...
  got v0.25.1
  has 280 dependencies
Evaluating 'gopkg.in/mcuadros/go-syslog.v2' ...
  got v2.3.0
  has 0 dependencies
Evaluating 'github.com/Rican7/retry' ...
  got v0.3.1
  has 0 dependencies
Evaluating 'gopkg.in/robfig/cron.v2' ...
  got v2.0.0-20150107220207-be2e0b0deed5
  has 0 dependencies
Evaluating 'github.com/go-faster/city' ...
  got v1.0.1
  has 0 dependencies
Evaluating 'github.com/mailgun/timetools' ...
  got v0.0.0-20170619190023-f3a7b8ffff47
  has 1 dependencies
Evaluating 'github.com/ClickHouse/ch-go' ...
  got v0.71.0
  has 42 dependencies
Evaluating 'github.com/petar-dambovaliev/aho-corasick' ...
  got v0.0.0-20250424160509-463d218d4745
  has 0 dependencies
Evaluating 'github.com/sijms/go-ora/v2' ...
  got v1.18.1
  has 14 dependencies
Evaluating 'github.com/markbates/errx' ...
  got v1.1.0
  has 0 dependencies
Evaluating 'github.com/fatih/set' ...
  got v0.2.1
  has 0 dependencies
Evaluating 'github.com/spotinst/spotinst-sdk-go' ...
  got v1.409.0
  has 2 dependencies
Evaluating 'github.com/aokoli/goutils' ...
  got v1.1.1
  has 0 dependencies
Evaluating 'github.com/PuerkitoBio/rehttp' ...
  got v1.4.0
  has 14 dependencies
Evaluating 'github.com/alecthomas/jsonschema' ...
  got v0.0.0-20220216202328-9eeeec9d044b
  has 5 dependencies
Evaluating 'github.com/james4k/rcon' ...
  got v0.0.0-20210222224819-34a67ca2b2d6
  has 0 dependencies
Evaluating 'github.com/kurin/blazer' ...
  got v0.5.3
  has 0 dependencies
Evaluating 'github.com/v3io/scaler' ...
  got v1.1.1
  has 56 dependencies
Evaluating 'github.com/neo4j/neo4j-go-driver' ...
  got v1.4.7
  has 20 dependencies
Evaluating 'github.com/zeromicro/go-zero' ...
  got v1.1.0
  has 130 dependencies
Evaluating 'github.com/hyperledger/fabric-protos-go' ...
  got v1.5.4
  has 7 dependencies
Evaluating 'k8s.io/kops' ...
  got v0.17.0
  has 267 dependencies
Evaluating 'github.com/karlseguin/ccache/v2' ...
  got v2.0.8
  has 2 dependencies
Evaluating 'github.com/donovanhide/eventsource' ...
  got v0.0.0-20210830082556-c59027999da0
  has 0 dependencies
Evaluating 'github.com/mitchellh/go-glint' ...
  got v1.1.1
  has 23 dependencies
Evaluating 'github.com/yargevad/filepathx' ...
  got v1.0.0
  has 0 dependencies
Evaluating 'github.com/google/go-github/v53' ...
  got v0.0.0-20230217124315-7d5c6f04bbb8
  has 11 dependencies
Evaluating 'github.com/blackfireio/osinfo' ...
  got v1.1.1
  has 0 dependencies
Evaluating 'github.com/kris-nova/logger' ...
  got v1.10.0
  has 5 dependencies
Evaluating 'github.com/andrew-d/go-termutil' ...
  got v0.0.0-20150726205930-009166a695a2
  has 0 dependencies
Evaluating 'buf.build/gen/go/parca-dev/parca/protocolbuffers/go' ...
  got v1.36.11-20260413103946-e19e4fde69b5.1
  has 1 dependencies
Evaluating 'github.com/grafana/alerting' ...
  ! module not found
Evaluating 'github.com/kris-nova/lolgopher' ...
  got v0.0.0-20210112022122-73f0047e8b65
  has 3 dependencies
Evaluating 'github.com/mstoykov/envconfig' ...
  got v1.5.0
  has 0 dependencies
Evaluating 'github.com/benbjohnson/immutable' ...
  got v0.4.3
  has 5 dependencies
Evaluating 'gopkg.in/inconshreveable/log15.v2' ...
  got v1.8.1
  has 5 dependencies
Evaluating 'github.com/dsoprea/go-logging' ...
  got v0.0.0-20200710184922-b02d349568dd
  has 5 dependencies
Evaluating 'buf.build/gen/go/parca-dev/parca/bufbuild/connect-go' ...
  got v1.10.0-20260413103946-e19e4fde69b5.2
  has 2 dependencies
Evaluating 'github.com/jpillora/ansi' ...
  got v1.0.3
  has 0 dependencies
Evaluating 'github.com/jpillora/requestlog' ...
  got v0.0.0-20150726205930-009166a695a2
  has 4 dependencies
Evaluating 'github.com/GoogleCloudPlatform/microservices-demo/src/frontend' ...
  got v0.25.1
  has 210 dependencies
Evaluating 'github.com/oov/psd' ...
  got v0.25.4
  has 17 dependencies
Evaluating 'github.com/mikefarah/yq/v3' ...
  got v0.26.0
  has 111 dependencies
Evaluating 'github.com/civo/civogo' ...
  got v0.0.0-20160902184237-e75332964ef5
  has 59 dependencies
Evaluating 'github.com/asdine/storm/v3' ...
  got v1.4.1
  has 19 dependencies
Evaluating 'github.com/splitio/go-client/v6' ...
  got v1.3.1
  has 17 dependencies
Evaluating 'gitlab.com/gitlab-org/gitlab-terminal' ...
  got v1.1.1
  has 12 dependencies
Evaluating 'github.com/reflog/dateconstraints' ...
  got v1.1.0
  has 6 dependencies
Evaluating 'github.com/aws/aws-sdk-go-v2/service/route53' ...
  got v1.41.6
  has 4 dependencies
Evaluating 'github.com/aws/aws-sdk-go-v2/service/elasticloadbalancing' ...
  got v1.41.6
  has 4 dependencies
Evaluating 'github.com/howeyc/fsnotify' ...
  got v0.9.0
  has 0 dependencies
Evaluating 'github.com/ekzhu/minhash-lsh' ...
  got v0.0.0-20190315135803-ad340ca03076
  has 1 dependencies
Evaluating 'gopkg.in/coreos/go-oidc.v2' ...
  got v0.3.0
  has 15 dependencies
Evaluating 'github.com/beego/beego/v2' ...
  got v1.1.0
  has 78 dependencies
Evaluating 'github.com/ipfs/go-ipns' ...
  got v0.0.0-20190825152654-46b345b51c96
  has 135 dependencies
Evaluating 'github.com/evertras/bubble-table' ...
  got v0.1.4
  has 19 dependencies
Evaluating 'github.com/dgryski/go-minhash' ...
  got v0.0.0-20190315135803-ad340ca03076
  has 0 dependencies
Evaluating 'github.com/hhatto/gorst' ...
  got v0.0.0-20181029133204-ca9f730cac5b
  has 0 dependencies
Evaluating 'github.com/oleiade/reflections' ...
  got v1.1.1
  has 4 dependencies
Evaluating 'go.opentelemetry.io/otel/exporters/otlp/otlpmetric/otlpmetrichttp' ...
  got v0.25.1
  has 54 dependencies
Evaluating 'github.com/containerd/fuse-overlayfs-snapshotter' ...
  got v0.110.8
  has 305 dependencies
Evaluating 'github.com/googlecloudplatform/gcsfuse' ...
  got v0.0.0-20200407214033-5883e5a4b512
  has 625 dependencies
Evaluating 'github.com/acomagu/bufpipe' ...
  got v1.0.4
  has 1 dependencies
Evaluating 'github.com/hokaccha/go-prettyjson' ...
  got v1.19.0
  has 4 dependencies
Evaluating 'github.com/blakesmith/ar' ...
  got v0.0.0-20190502131153-809d4375e1fb
  has 0 dependencies
Evaluating 'github.com/google/chrometracing' ...
  got v0.0.0-20220629084019-32f135b956e4
  has 2 dependencies
Evaluating 'github.com/paketo-buildpacks/source-removal' ...
  got v0.24.0
  has 306 dependencies
Evaluating 'github.com/microsoft/ApplicationInsights-Go' ...
  got v0.0.0-20180518195852-02e53af36e6c
  has 19 dependencies
Evaluating 'github.com/newrelic/newrelic-telemetry-sdk-go' ...
  got v0.8.1
  has 0 dependencies
Evaluating 'github.com/kataras/pio' ...
  got v0.0.14
  has 1 dependencies
Evaluating 'github.com/aead/poly1305' ...
  got v0.0.0-20180717145839-3fee0db0b635
  has 1 dependencies
Evaluating 'github.com/machine-drivers/machine' ...
  got v0.16.2
  has 0 dependencies
Evaluating 'github.com/go-log/log' ...
  got v0.2.0
  has 0 dependencies
Evaluating 'code.cloudfoundry.org/garden' ...
  got v0.0.0-20260415024759-5d3f072af7f8
  has 21 dependencies
Evaluating 'github.com/MicahParks/keyfunc' ...
  got v1.9.0
  has 1 dependencies
Evaluating 'github.com/kataras/golog' ...
  got v0.1.15
  has 1 dependencies
Evaluating 'github.com/tatsushid/go-prettytable' ...
  got v2.2.0
  has 2 dependencies
Evaluating '.' ...
  ! module not resolved
Evaluating 'gopkg.in/h2non/gock.v1' ...
  got v0.0.0-20190131123155-b4df798d6542
  has 2 dependencies
Evaluating 'github.com/pyr-sh/dag' ...
  got v1.0.0
  has 2 dependencies
Evaluating 'github.com/liranbg/uberzap' ...
  ! module not resolved
Evaluating 'github.com/influxdata/telegraf' ...
  got v0.25.1
  has 604 dependencies
Evaluating 'github.com/awesome-gocui/gocui' ...
  got v1.1.0
  has 9 dependencies
Evaluating 'github.com/containous/alice' ...
  got v0.0.0-20171023064455-03f45bd4b7da
  has 0 dependencies
Evaluating 'github.com/projectcalico/libcalico-go' ...
  got v1.7.3
  has 0 dependencies
Evaluating 'github.com/decred/dcrd/crypto/blake256' ...
  got v1.1.0
  has 0 dependencies
Evaluating 'github.com/mackerelio/go-osstat' ...
  got v0.2.7
  has 1 dependencies
Evaluating 'sigs.k8s.io/krew' ...
  got v1.18.0
  has 31 dependencies
Evaluating 'github.com/aws/aws-sdk-go-v2/service/dynamodbstreams' ...
  got v1.41.6
  has 4 dependencies
Evaluating 'github.com/inconshreveable/olive' ...
  got v0.0.0-20150114235600-33e0aa1cb7c0
  has 10 dependencies
Evaluating 'github.com/hairyhenderson/go-fsimpl' ...
  got v0.25.1
  has 155 dependencies
Evaluating 'github.com/bep/overlayfs' ...
  got v0.75.0
  has 79 dependencies
Evaluating 'github.com/emersion/go-textwrapper' ...
  got v0.0.0-20200911093747-65d896831594
  has 0 dependencies
Evaluating 'github.com/pascaldekloe/goe' ...
  got v0.1.1
  has 0 dependencies
Evaluating 'github.com/mgechev/dots' ...
  got v1.0.0
  has 0 dependencies
Evaluating 'github.com/nikolay-ngrok/log15' ...
  got v0.1.14
  has 3 dependencies
Evaluating 'github.com/editorconfig/editorconfig-core-go/v2' ...
  got v2.6.4
  has 5 dependencies
Evaluating 'github.com/dsoprea/go-utility/v2' ...
  got v2.0.0-20200321225314-640175a69fe4
  has 15 dependencies
Evaluating 'github.com/mimuret/golang-iij-dpf' ...
  got v1.1.10
  has 47 dependencies
Evaluating 'github.com/fortytw2/leaktest' ...
  got v1.3.0
  has 0 dependencies
Evaluating 'github.com/google/go-github/v30' ...
  got v1.3.2
  has 8 dependencies
Evaluating 'github.com/lightstep/lightstep-tracer-go' ...
  got v0.26.0
  has 43 dependencies
Evaluating 'github.com/kubernetes-sigs/cri-tools' ...
  ! module not resolved
Evaluating 'github.com/Azure/azure-sdk-for-go/sdk/messaging/azservicebus' ...
  got v1.18.2
  has 30 dependencies
Evaluating 'github.com/Azure/azure-kusto-go' ...
  got v1.2.2
  has 0 dependencies
Evaluating 'github.com/dnaeon/go-vcr' ...
  got v1.2.0
  has 3 dependencies
Evaluating 'github.com/sdboyer/cue' ...
  ! module not resolved
Evaluating 'github.com/pelletier/go-buffruneio' ...
  got v0.3.0
  has 0 dependencies
Evaluating 'github.com/florianl/go-nflog/v2' ...
  got v2.3.0
  has 9 dependencies
Evaluating 'github.com/elastic/elastic-agent-libs' ...
  got v0.5.2
  has 58 dependencies
Evaluating 'oras.land/oras-go/v2' ...
  got v1.0.0
  has 5 dependencies
Evaluating 'github.com/kyokomi/emoji' ...
  got v2.2.4+incompatible
  has 0 dependencies
Evaluating 'github.com/mailgun/ttlmap' ...
  got v0.0.0-20170619185613-3dbe6c6bf55f
  has 3 dependencies
Evaluating 'github.com/CosmWasm/wasmd' ...
  ! module not resolved
Evaluating 'github.com/emersion/go-message' ...
  got v0.18.2
  has 10 dependencies
Evaluating 'github.com/fasthttp/router' ...
  got v1.1.1
  has 12 dependencies
Evaluating 'github.com/dsoprea/go-exif/v3' ...
  got v2.0.0-20200321225314-640175a69fe4
  has 15 dependencies
Evaluating 'go.elastic.co/apm/module/apmelasticsearch/v2' ...
  got v1.0.0
  has 27 dependencies
Evaluating 'github.com/apache/cloudstack-go/v2' ...
  got v2.19.0
  has 12 dependencies
Evaluating 'github.com/gigawattio/window' ...
  got v0.0.0-20180317192513-0f5467e35573
  has 0 dependencies
Evaluating 'github.com/containers/skopeo' ...
  got v1.0.2
  has 99 dependencies
Evaluating 'github.com/advancedlogic/GoOse' ...
  got v1.4.1
  has 33 dependencies
Evaluating 'github.com/levigross/exp-html' ...
  got v0.0.0-20120902181939-8df60c69a8f5
  has 0 dependencies
Evaluating 'github.com/machine-drivers/docker-machine-driver-vmware' ...
  got v0.0.0-20170929234023-d6e3b3328b78
  has 16 dependencies
Evaluating 'github.com/influxdata/toml' ...
  got v0.0.0-20180607005434-2a2e3012f7cf
  has 1 dependencies
Evaluating 'github.com/btcsuite/btcd/btcutil' ...
  got v1.0.1
  has 44 dependencies
Evaluating 'github.com/client9/reopen' ...
  got v1.0.0
  has 0 dependencies
Evaluating 'go.opentelemetry.io/contrib/instrumentation/github.com/gorilla/mux/otelmux' ...
  got v2.3.0
  has 23 dependencies
Evaluating 'github.com/JalfResi/justext' ...
  got v0.0.0-20221106200834-be571e3e3052
  has 1 dependencies
Evaluating 'github.com/klauspost/crc32' ...
  got v1.3.0
  has 1 dependencies
Evaluating 'github.com/elithrar/simple-scrypt' ...
  got v1.4.1
  has 5 dependencies
Evaluating 'github.com/crate-crypto/go-ipa' ...
  got v1.7.0
  has 21 dependencies
Evaluating 'code.sajari.com/docconv' ...
  got v0.100.2
  has 51 dependencies
Evaluating 'github.com/casbin/casbin' ...
  got v3.0.1-0.20171022003610-9aa49832a739+incompatible
  has 1 dependencies
Evaluating 'gonum.org/v1/plot' ...
  got v0.4.0
  has 34 dependencies
Evaluating 'github.com/zricethezav/gitleaks/v8' ...
  got v0.16.1
  has 202 dependencies
Evaluating 'k8s.io/kubernetes/staging/src/k8s.io/component-base' ...
  ! module not resolved
Evaluating 'github.com/cesanta/errors' ...
  got v0.0.0-20160612174407-5adec772d663
  has 0 dependencies
Evaluating 'github.com/jackc/pgmock' ...
  got v1.1.0
  has 48 dependencies
Evaluating 'github.com/awesome-gocui/keybinding' ...
  got v0.5.0
  has 4 dependencies
Evaluating 'github.com/gballet/go-verkle' ...
  ! module not resolved
Evaluating 'github.com/google/martian' ...
  got v2.1.0+incompatible
  has 0 dependencies
Evaluating 'k8s.io/controller-manager' ...
  got v0.25.1
  has 92 dependencies
Evaluating 'go.opentelemetry.io/contrib/samplers/jaegerremote' ...
  got v0.25.1
  has 56 dependencies
Evaluating 'go.opentelemetry.io/collector/processor/batchprocessor' ...
  got v0.25.1
  has 83 dependencies
Evaluating 'github.com/libdns/cloudflare' ...
  got v0.2.2
  has 1 dependencies
Evaluating 'go.opentelemetry.io/collector/exporter/otlpexporter' ...
  got v0.25.1
  has 123 dependencies
Evaluating 'github.com/svanharmelen/jsonapi' ...
  got v0.0.0-20180618144545-0c0828c3f16d
  has 0 dependencies
Evaluating 'github.com/snapcore/maze.io-x-crypto' ...
  got v0.0.0-20190131090603-9b94c9afe066
  has 0 dependencies
Evaluating 'github.com/bwmarrin/discordgo' ...
  got v0.29.0
  has 7 dependencies
Evaluating 'github.com/kubicorn/kubicorn' ...
  ! module not resolved
Evaluating 'github.com/c9s/goprocinfo' ...
  got v0.0.0-20210130143923-c95fcf8c64a8
  has 0 dependencies
Evaluating 'github.com/jellydator/ttlcache/v3' ...
  got v1.1.1
  has 7 dependencies
Evaluating 'github.com/sony/sonyflake' ...
  got v1.3.0
  has 0 dependencies
Evaluating 'github.com/weaveworks/eksctl' ...
  got v1.3.0
  has 523 dependencies
Evaluating 'github.com/charlievieth/fs' ...
  got v0.0.3
  has 0 dependencies
Evaluating 'github.com/v2fly/v2ray-core/v5' ...
  got v0.5.3
  has 99 dependencies
Evaluating 'github.com/elastic/elastic-agent-system-metrics' ...
  got v0.0.0-20230124172434-306776ec8161
  has 90 dependencies
Evaluating 'github.com/grafana/xk6-redis' ...
  got v1.36.10-20240617172848-e1dbca2775a7.1
  has 127 dependencies
Evaluating 'github.com/valyala/histogram' ...
  got v1.1.0
  has 1 dependencies
Evaluating 'github.com/ipfs/go-unixfs' ...
  got v0.37.0
  has 450 dependencies
Evaluating 'github.com/derailed/popeye' ...
  got v0.16.1
  has 372 dependencies
Evaluating 'gopkg.in/sourcemap.v1' ...
  got v1.0.5
  has 0 dependencies
Evaluating 'github.com/minio/kes' ...
  got v0.2.0
  has 105 dependencies
Evaluating 'github.com/aquasecurity/memoryfs' ...
  got v1.4.4
  has 4 dependencies
Evaluating 'github.com/containers/buildah' ...
  got v0.20.0
  has 422 dependencies
Evaluating 'github.com/alecthomas/repr' ...
  got v0.5.2
  has 0 dependencies
Evaluating 'github.com/minio/xxml' ...
  got v0.0.3
  has 0 dependencies
Evaluating 'github.com/ipfs/go-ipfs-files' ...
  got v1.3.0
  has 88 dependencies
Evaluating 'github.com/prometheus-operator/prometheus-operator/pkg/client' ...
  got v1.1.2-0.20180830191138-d8f796af33cc
  has 52 dependencies
Evaluating 'github.com/robertkrimen/otto' ...
  got v1.0.0
  has 11 dependencies
Evaluating 'github.com/influxdata/wlog' ...
  got v0.0.0-20160411224016-7c63b0a71ef8
  has 0 dependencies
Evaluating 'github.com/dyatlov/go-opengraph' ...
  got v1.0.1
  has 0 dependencies
Evaluating 'go.opentelemetry.io/contrib/instrumentation/github.com/emicklei/go-restful/otelrestful' ...
  got v2.3.0
  has 23 dependencies
Evaluating 'github.com/gitleaks/go-gitdiff' ...
  got v0.9.1
  has 0 dependencies
Evaluating 'github.com/dapr/go-sdk' ...
  got v4.3.0
  has 24 dependencies
Evaluating 'github.com/gogs/chardet' ...
  got v0.0.0-20211120154057-b7413eaefb8f
  has 0 dependencies
Evaluating 'github.com/grafana/xk6-websockets' ...
  got v1.31.0-20210810001428-4df00b267f94.1
  has 125 dependencies
Evaluating 'github.com/bogdanfinn/tls-client' ...
  got v1.2.0
  has 30 dependencies
Evaluating 'github.com/grafana/xk6-timers' ...
  got v1.31.0-20210810001428-4df00b267f94.1
  has 123 dependencies
Evaluating 'github.com/signalfx/com_signalfx_metrics_protobuf' ...
  got v1.1.0
  has 21 dependencies
Evaluating 'github.com/ramya-rao-a/go-outline' ...
  got v0.0.0-20210608161538-9736a4bde949
  has 10 dependencies
Evaluating 'github.com/signalfx/sapm-proto' ...
  got v0.21.0
  has 34 dependencies
Evaluating 'github.com/bogdanfinn/utls' ...
  got v1.1.1
  has 36 dependencies
Evaluating 'sigs.k8s.io/metrics-server' ...
  got v0.20.0
  has 106 dependencies
Evaluating 'github.com/elastic/elastic-agent-autodiscover' ...
  got v0.5.2
  has 109 dependencies
Evaluating 'github.com/mstoykov/k6-taskqueue-lib' ...
  got v4.3.0
  has 42 dependencies
Evaluating 'github.com/hashicorp/terraform-plugin-framework' ...
  got v1.18.0
  has 23 dependencies
Evaluating 'github.com/aws/aws-sdk-go-v2/service/cloudformation' ...
  got v1.41.6
  has 4 dependencies
Evaluating 'github.com/libp2p/go-libp2p-routing-helpers' ...
  got v0.0.0-20190825152654-46b345b51c96
  has 146 dependencies
Evaluating 'github.com/labstack/echo-contrib' ...
  got v1.2.0
  has 39 dependencies
Evaluating 'github.com/erikstmartin/go-testdb' ...
  got v0.0.0-20160219214506-8d10e4a1bae5
  has 0 dependencies
Evaluating 'github.com/brancz/kube-rbac-proxy' ...
  got v0.25.1
  has 109 dependencies
Evaluating 'github.com/restic/chunker' ...
  got v0.4.0
  has 0 dependencies
Evaluating 'github.com/bogdanfinn/fhttp' ...
  got v1.1.1
  has 12 dependencies
Evaluating 'gitlab.com/gitlab-org/golang-cli-helpers' ...
  got v1.5.0
  has 11 dependencies
Evaluating 'github.com/fluxcd/source-controller/api' ...
  got v0.9.0
  has 22 dependencies
Evaluating 'github.com/basgys/goxml2json' ...
  got v1.1.0
  has 8 dependencies
Evaluating 'github.com/h2non/parth' ...
  got v0.0.0-20190131123155-b4df798d6542
  has 0 dependencies
Evaluating 'github.com/eknkc/amber' ...
  got v0.0.0-20171010120322-cdade1c07385
  has 0 dependencies
Evaluating 'github.com/ory/x' ...
  got v0.2.0
  has 200 dependencies
Evaluating 'github.com/ipfs/go-ds-leveldb' ...
  got v1.4.7
  has 29 dependencies
Evaluating 'github.com/paketo-buildpacks/git' ...
  got v0.116.0
  has 285 dependencies
Evaluating 'github.com/aws/amazon-ec2-instance-selector/v2' ...
  got v0.1.4
  has 31 dependencies
Evaluating 'github.com/proglottis/gpgme' ...
  got v0.1.6
  has 0 dependencies
Evaluating 'github.com/IBM/sarama' ...
  got v1.48.0
  has 33 dependencies
Evaluating 'cosmossdk.io/core' ...
  got v1.0.0
  has 48 dependencies
Evaluating 'cosmossdk.io/api' ...
  got v1.0.0
  has 10 dependencies
Evaluating 'cosmossdk.io/depinject' ...
  got v1.2.1
  has 20 dependencies
Evaluating 'github.com/caddyserver/caddy' ...
  got v0.38.0
  has 189 dependencies
Evaluating 'github.com/cnf/structhash' ...
  got v0.0.0-20250313080605-df4c6cc74a9a
  has 0 dependencies
Evaluating 'github.com/ruudk/golang-pdf417' ...
  got v1.0.0
  has 10 dependencies
Evaluating 'github.com/instana/go-sensor' ...
  got v1.5.1
  has 13 dependencies
Evaluating 'github.com/vdemeester/k8s-pkg-credentialprovider' ...
  got v0.54.0
  has 291 dependencies
Evaluating 'github.com/vito/go-sse' ...
  got v1.4.2
  has 12 dependencies
Evaluating 'github.com/grafana/cuetsy' ...
  got v0.5.0
  has 39 dependencies
Evaluating 'github.com/fluxcd/pkg/apis/acl' ...
  got v0.9.0
  has 0 dependencies
Evaluating 'github.com/VictoriaMetrics/metrics' ...
  got v1.43.2
  has 3 dependencies
Evaluating 'github.com/signalfx/gohistogram' ...
  got v0.0.0-20160107210732-1ccfd2ff5083
  has 0 dependencies
Evaluating 'k8s.io/kubernetes/staging/src/k8s.io/apiserver' ...
  ! module not resolved
Evaluating 'github.com/derailed/tview' ...
  got v1.1.1
  has 15 dependencies
Evaluating 'github.com/signalfx/golib/v3' ...
  got v1.1.2-0.20180830191138-d8f796af33cc
  has 56 dependencies
Evaluating 'github.com/coreos/bbolt' ...
  ! module not resolved
Evaluating 'github.com/mdlayher/arp' ...
  got v0.5.7
  has 11 dependencies
Evaluating 'github.com/bketelsen/crypt' ...
  got v0.81.0
  has 150 dependencies
Evaluating 'github.com/azure/go-autorest/autorest/azure/auth' ...
  ! module not resolved
Evaluating 'github.com/jmhodges/clock' ...
  got v1.2.0
  has 0 dependencies
Evaluating 'github.com/weaveworks/goformation/v4' ...
  ! module not resolved
Evaluating 'github.com/openconfig/gnmi' ...
  got v0.0.14
  has 20 dependencies
Evaluating 'github.com/derailed/k9s' ...
  got v0.24.0
  has 893 dependencies
Evaluating 'github.com/libp2p/go-libp2p-peerstore' ...
  got v0.0.0-20190825152654-46b345b51c96
  has 118 dependencies
Evaluating 'github.com/DataDog/agent-payload/v5' ...
  got v5.0.193
  has 16 dependencies
Evaluating 'github.com/matoous/go-nanoid/v2' ...
  got v1.1.1
  has 4 dependencies
Evaluating 'github.com/xuri/nfp' ...
  got v0.0.1
  has 0 dependencies
Evaluating 'github.com/kubernetes-csi/node-driver-registrar' ...
  got v1.0.0
  has 20 dependencies
Evaluating 'github.com/digitorus/pkcs7' ...
  got v0.0.0-20250730155240-ffadbf3f398c
  has 0 dependencies
Evaluating 'github.com/emersion/go-sasl' ...
  got v0.0.0-20241020182733-b788ff22d5a6
  has 0 dependencies
Evaluating 'github.com/traefik/paerser' ...
  got v1.4.0
  has 16 dependencies
Evaluating 'github.com/wayneashleyberry/terminal-dimensions' ...
  got v1.1.0
  has 0 dependencies
Evaluating 'github.com/azure/go-autorest/autorest/azure/cli' ...
  ! module not resolved
Evaluating 'github.com/elastic/ristretto' ...
  ! module not resolved
Evaluating 'github.com/marekm4/color-extractor' ...
  got v1.2.1
  has 0 dependencies
Evaluating 'github.com/nicksnyder/go-i18n' ...
  got v1.10.3
  has 3 dependencies
Evaluating 'github.com/anchore/grype' ...
  got v0.25.1
  has 334 dependencies
Evaluating 'pgregory.net/rapid' ...
  got v1.2.0
  has 0 dependencies
Evaluating 'github.com/mstoykov/atlas' ...
  got v1.1.1
  has 4 dependencies
Evaluating 'github.com/lightstep/lightstep-tracer-common/golang/gogo' ...
  got v0.26.0
  has 26 dependencies
Evaluating 'github.com/nyaruka/phonenumbers' ...
  got v1.1.1
  has 11 dependencies
Evaluating 'go.opentelemetry.io/collector/exporter/loggingexporter' ...
  got v0.15.0
  has 79 dependencies
Evaluating 'github.com/awesome-gocui/termbox-go' ...
  got v0.0.0-20190427202837-c0aef3d18bcc
  has 2 dependencies
Evaluating 'github.com/hyperledger/fabric-chaincode-go' ...
  got v1.1.1
  has 14 dependencies
Evaluating 'github.com/mattermost/logr/v2' ...
  got v1.1.1
  has 8 dependencies
Evaluating 'k8s.io/cloud-provider-aws' ...
  got v0.24.0
  has 137 dependencies
Evaluating 'github.com/aws/aws-sdk-go-v2/feature/dynamodb/attributevalue' ...
  got v1.41.6
  has 8 dependencies
Evaluating 'aead.dev/mem' ...
  got v0.2.0
  has 0 dependencies
Evaluating 'github.com/btcsuite/btclog' ...
  got v1.0.0
  has 0 dependencies
Evaluating 'github.com/hashicorp/go-reap' ...
  got v0.0.0-20260220095743-4e27870b4f51
  has 1 dependencies
Evaluating 'github.com/paketo-buildpacks/procfile' ...
  got v0.3.1
  has 41 dependencies
Evaluating 'github.com/swaggo/echo-swagger' ...
  got v1.2.1
  has 55 dependencies
Evaluating 'github.com/ipfs/go-peertaskqueue' ...
  got v1.3.5
  has 101 dependencies
Evaluating 'github.com/iovisor/gobpf' ...
  got v0.2.0
  has 0 dependencies
Evaluating 'github.com/awslabs/kinesis-aggregation/go' ...
  got v1.34.0
  has 15 dependencies
Evaluating 'k8s.io/kube-state-metrics' ...
  got v0.38.0
  has 139 dependencies
Evaluating 'github.com/jackpal/gateway' ...
  got v1.1.1
  has 10 dependencies
Evaluating 'github.com/cosmos/ledger-go' ...
  got v0.9.3
  has 2 dependencies
Evaluating 'github.com/ipfs/go-ipfs-pq' ...
  got v0.0.4
  has 0 dependencies
Evaluating 'github.com/yosida95/uritemplate/v3' ...
  got v3.0.2
  has 0 dependencies
Evaluating 'github.com/tcnksm/go-gitconfig' ...
  got v0.1.2
  has 0 dependencies
Evaluating 'go.opentelemetry.io/contrib/instrumentation/runtime' ...
  got v2.3.0
  has 21 dependencies
Evaluating 'github.com/gambol99/go-marathon' ...
  got v0.0.0-20210830082556-c59027999da0
  has 3 dependencies
Evaluating 'github.com/paketo-buildpacks/dotnet-execute' ...
  got v0.25.1
  has 772 dependencies
Evaluating 'github.com/goharbor/harbor/src' ...
  got v0.9.0
  has 198 dependencies
Evaluating 'github.com/hashicorp/go-oracle-terraform' ...
  got v0.17.0
  has 0 dependencies
Evaluating 'github.com/hairyhenderson/yaml' ...
  got v2.1.0+incompatible
  has 0 dependencies
Evaluating 'github.com/sacloud/go-http' ...
  got v1.3.0
  has 14 dependencies
Evaluating 'github.com/atomicgo/cursor' ...
  ! module not resolved
Evaluating 'gopkg.in/zorkian/go-datadog-api.v2' ...
  got v2.2.1+incompatible
  has 1 dependencies
Evaluating 'github.com/sacloud/packages-go' ...
  got v1.1.1
  has 14 dependencies
Evaluating 'github.com/peterhellberg/link' ...
  got v1.2.0
  has 0 dependencies
Evaluating 'github.com/disiqueira/gotree/v3' ...
  got v3.0.2
  has 0 dependencies
Evaluating 'github.com/restic/restic' ...
  got v0.24.0
  has 93 dependencies
Evaluating 'github.com/Shopify/goreferrer' ...
  got v0.0.0-20250617153402-88c1d9a79b05
  has 4 dependencies
Evaluating 'github.com/sacloud/iaas-api-go' ...
  got v1.3.0
  has 44 dependencies
Evaluating 'github.com/whyrusleeping/timecache' ...
  got v0.0.0-20160911033111-cfcb2f1abfee
  has 0 dependencies
Evaluating 'gocloud.dev/secrets/hashivault' ...
  got v0.25.1
  has 183 dependencies
Evaluating 'github.com/ipfs/go-ipfs-delay' ...
  got v0.0.1
  has 0 dependencies
Evaluating 'github.com/vercel/turbo/cli' ...
  got v3.0.0-alpha-29
  has 73 dependencies
Evaluating 'github.com/kisielk/sqlstruct' ...
  got v0.0.0-20210630145711-dae28ed37023
  has 0 dependencies
Evaluating 'github.com/testcontainers/testcontainers-go' ...
  got v1.0.2
  has 79 dependencies
Evaluating 'github.com/butuzov/mirror' ...
  got v1.3.0
  has 8 dependencies
Evaluating 'github.com/awnumar/memguard' ...
  got v0.4.0
  has 7 dependencies
Evaluating 'github.com/containous/go-http-auth' ...
  got v0.4.0
  has 5 dependencies
Evaluating 'go.opentelemetry.io/collector/exporter' ...
  got v5.0.3
  has 65 dependencies
Evaluating 'github.com/sigstore/timestamp-authority' ...
  got v0.120.0
  has 162 dependencies
Evaluating 'go.opentelemetry.io/collector/receiver' ...
  got v2.3.0
  has 44 dependencies
Evaluating 'github.com/digitorus/timestamp' ...
  got v0.0.0-20230713084857-e76b763bdc49
  has 1 dependencies
Evaluating 'github.com/dprotaso/go-yit' ...
  got v0.0.0-20260209000607-dfb86291624d
  has 11 dependencies
Evaluating 'github.com/sacloud/api-client-go' ...
  got v1.1.0-alpha.2
  has 35 dependencies
Evaluating 'github.com/hashicorp/terraform-plugin-framework-validators' ...
  got v1.15.0
  has 12 dependencies
Evaluating 'github.com/prometheus-community/prom-label-proxy' ...
  got v0.18.2
  has 289 dependencies
Evaluating 'github.com/DataDog/gohai' ...
  got v0.0.0-20230524154621-4316413895ee
  has 17 dependencies
Evaluating 'github.com/bep/clock' ...
  ! module not resolved
Evaluating 'github.com/influxdata/tail' ...
  got v1.0.0
  has 4 dependencies
Evaluating 'github.com/supranational/blst' ...
  got v0.3.16
  has 0 dependencies
Evaluating 'github.com/andreyvit/diff' ...
  got v0.0.0-20170406064948-c7f18ee00883
  has 10 dependencies
Evaluating 'github.com/cloudflare/tableflip' ...
  got v1.2.3
  has 1 dependencies
Evaluating 'mvdan.cc/editorconfig' ...
  got v0.3.0
  has 0 dependencies
Evaluating 'github.com/ykadowak/zerologlint' ...
  got v0.5.4
  has 18 dependencies
Evaluating 'github.com/traefik/yaegi' ...
  got v0.16.1
  has 0 dependencies
Evaluating 'go.tmz.dev/musttag' ...
  ! module not resolved
Evaluating 'github.com/jasonlvhit/gocron' ...
  got v1.1.0
  has 19 dependencies
Evaluating 'github.com/bugsnag/panicwrap' ...
  got v1.3.4
  has 1 dependencies
Evaluating 'github.com/wagoodman/jotframe' ...
  got v1.1.1
  has 7 dependencies
Evaluating 'github.com/drone/drone-go' ...
  got v0.0.0-20170731043157-88528bf4ca7e
  has 2 dependencies
Evaluating 'github.com/xen0n/gosmopolitan' ...
  got v0.6.0
  has 9 dependencies
Evaluating 'github.com/alexkohler/nakedret/v2' ...
  got v2.0.6
  has 8 dependencies
Evaluating 'github.com/ipfs/go-path' ...
  got v0.0.1
  has 60 dependencies
Evaluating 'github.com/4meepo/tagalign' ...
  got v1.4.3
  has 15 dependencies
Evaluating 'github.com/netsampler/goflow2' ...
  got v1.38.1
  has 43 dependencies
Evaluating 'git.apache.org/thrift.git' ...
  ! module not resolved
Evaluating 'github.com/tidwall/grect' ...
  got v1.12.1
  has 3 dependencies
Evaluating 'github.com/mdlayher/raw' ...
  got v0.5.6
  has 8 dependencies
Evaluating 'kmodules.xyz/client-go' ...
  got v0.24.0
  has 155 dependencies
Evaluating 'github.com/tidwall/buntdb' ...
  got v0.1.0
  has 9 dependencies
Evaluating 'github.com/weaveworks/launcher' ...
  got v0.0.1
  has 0 dependencies
Evaluating 'github.com/Mellanox/rdmamap' ...
  got v1.2.0
  has 3 dependencies
Evaluating 'github.com/derailed/tcell/v2' ...
  ! module not resolved
Evaluating 'github.com/traefik/traefik/v2' ...
  ! module not found
Evaluating 'github.com/tidwall/tinyqueue' ...
  got v0.1.1
  has 0 dependencies
Evaluating 'github.com/boljen/go-bitmap' ...
  got v0.0.0-20151001105940-23cd2fb0ce7d
  has 0 dependencies
Evaluating 'github.com/junk1tm/musttag' ...
  ! module not resolved
Evaluating 'gorm.io/plugin/dbresolver' ...
  got v1.7.0
  has 9 dependencies
Evaluating 'github.com/efficientgo/core' ...
  got v1.1.1
  has 2 dependencies
Evaluating 'github.com/argoproj-labs/go-git/v5' ...
  ! module not resolved
Evaluating 'github.com/go-telegram-bot-api/telegram-bot-api' ...
  got v4.6.4+incompatible
  has 1 dependencies
Evaluating 'go.opentelemetry.io/otel/bridge/opentracing' ...
  got v2.3.0
  has 27 dependencies
Evaluating 'github.com/tj/go-redirects' ...
  got v0.9.1
  has 1 dependencies
Evaluating 'maze.io/x/crypto' ...
  got v0.0.0-20190131090603-9b94c9afe066
  has 0 dependencies
Evaluating 'github.com/efficientgo/tools/core' ...
  got v1.1.1
  has 19 dependencies
Evaluating 'github.com/libp2p/go-eventbus' ...
  got v0.0.0-20190825152654-46b345b51c96
  has 117 dependencies
Evaluating 'github.com/openshift/imagebuilder' ...
  got v0.0.0-20240806141605-e8a1dd7889d6
  has 216 dependencies
Evaluating 'github.com/OpenPeeDeeP/depguard/v2' ...
  got v1.4.0
  has 11 dependencies
Evaluating 'github.com/huaweicloud/huaweicloud-sdk-go-obs' ...
  got v3.26.3+incompatible
  has 0 dependencies
Evaluating 'gotest.tools' ...
  got v2.2.0+incompatible
  has 0 dependencies
Evaluating 'github.com/mitchellh/consulstructure' ...
  got v3.2.0+incompatible
  has 91 dependencies
Evaluating 'github.com/ash2k/stager' ...
  got v0.5.1
  has 0 dependencies
Evaluating 'gopkg.in/evanphx/json-patch.v4' ...
  got v4.13.0
  has 0 dependencies
Evaluating 'github.com/kr/binarydist' ...
  got v0.1.0
  has 0 dependencies
Evaluating 'github.com/cppforlife/go-semi-semantic' ...
  got v0.0.0-20160921010311-576b6af77ae4
  has 0 dependencies
Evaluating 'github.com/influxdata/flux' ...
  got v0.2.0
  has 217 dependencies
Evaluating 'sigs.k8s.io/kubefed' ...
  got v0.54.0
  has 312 dependencies
Evaluating 'github.com/paketo-buildpacks/environment-variables' ...
  got v0.3.1
  has 41 dependencies
Evaluating 'github.com/anacrolix/generics' ...
  got v0.2.0
  has 5 dependencies
Evaluating 'github.com/ipfs/go-ipfs-cmds' ...
  ! module not resolved
Evaluating 'github.com/tylerb/graceful' ...
  got v1.2.15
  has 0 dependencies
Evaluating 'github.com/checkpoint-restore/go-criu/v4' ...
  got v4.1.0
  has 1 dependencies
Evaluating 'github.com/ysmood/leakless' ...
  got v0.9.0
  has 0 dependencies
Evaluating 'github.com/go-rod/rod' ...
  got v0.116.2
  has 7 dependencies
Evaluating 'github.com/paketo-buildpacks/image-labels' ...
  got v0.3.1
  has 41 dependencies
Evaluating 'github.com/jarcoal/httpmock' ...
  got v1.1.1
  has 2 dependencies
Evaluating 'github.com/djherbis/buffer' ...
  got v1.2.0
  has 0 dependencies
Evaluating 'gitlab.com/gitlab-org/gitlab-pages' ...
  got v0.92.2
  has 213 dependencies
Evaluating 'github.com/btcsuite/go-socks' ...
  got v0.0.0-20170105172521-4720035b7bfd
  has 0 dependencies
Evaluating 'github.com/minio/pkg/v2' ...
  got v0.0.0-20221128193559-754e69321358
  has 68 dependencies
Evaluating 'github.com/hashicorp/awspolicyequivalence' ...
  got v1.32.7
  has 4 dependencies
Evaluating 'github.com/subchen/go-cli' ...
  got v2.0.3+incompatible
  has 0 dependencies
Evaluating 'github.com/elazarl/goproxy/ext' ...
  got v1.1.1
  has 7 dependencies
Evaluating 'go.opentelemetry.io/contrib/instrumentation/github.com/gin-gonic/gin/otelgin' ...
  got v0.1.4
  has 67 dependencies
Evaluating 'github.com/projectdiscovery/gologger' ...
  got v0.2.0
  has 183 dependencies
Evaluating 'github.com/erikgeiser/promptkit' ...
  got v2.0.0
  has 24 dependencies
Evaluating 'github.com/krishicks/yaml-patch' ...
  got v0.0.10
  has 2 dependencies
Evaluating 'github.com/vbauerster/mpb/v4' ...
  got v1.1.1
  has 6 dependencies
Evaluating 'github.com/openebs/maya' ...
  ! module not resolved
Evaluating 'github.com/subchen/frep' ...
  got v0.3.1
  has 30 dependencies
Evaluating 'github.com/ysmood/gson' ...
  got v0.7.3
  has 0 dependencies
Evaluating 'gopkg.in/gorethink/gorethink.v3' ...
  got v2.2.1+incompatible
  has 17 dependencies
Evaluating 'github.com/DataDog/gopsutil' ...
  got v1.2.4
  has 7 dependencies
Evaluating 'sigs.k8s.io/controller-tools' ...
  got v0.24.0
  has 89 dependencies
Evaluating 'github.com/dynatrace-oss/dynatrace-metric-utils-go' ...
  got v0.5.0
  has 0 dependencies
Evaluating 'github.com/evalphobia/logrus_sentry' ...
  got v0.0.0-20210507211836-431795d63e8d
  has 9 dependencies
Evaluating 'github.com/gorilla/feeds' ...
  got v1.2.0
  has 3 dependencies
Evaluating 'github.com/gravityblast/go-jsmin' ...
  got v0.0.0-20141027113318-a32d741b3595
  has 0 dependencies
Evaluating 'github.com/overdrive3000/secretsmanager' ...
  got v1.30.10
  has 14 dependencies
Evaluating 'github.com/digitalocean/packer-plugin-digitalocean' ...
  got v0.110.8
  has 303 dependencies
Evaluating 'github.com/elastic/azure-sdk-for-go' ...
  got v66.0.0+incompatible
  has 0 dependencies
Evaluating 'github.com/cznic/sortutil' ...
  got v0.0.0-20181122101858-f5f958428db8
  has 0 dependencies
Evaluating 'github.com/themihai/gomemcache' ...
  got v0.0.0-20180902122335-24332e2d58ab
  has 0 dependencies
Evaluating 'github.com/hashicorp/net-rpc-msgpackrpc' ...
  got v1.0.0
  has 3 dependencies
Evaluating 'github.com/relvacode/iso8601' ...
  got v1.7.0
  has 0 dependencies
Evaluating 'github.com/bugsnag/bugsnag-go' ...
  got v2.6.4+incompatible
  has 4 dependencies
Evaluating 'github.com/open-telemetry/opentelemetry-collector-contrib/pkg/translator/prometheus' ...
  got v1.1.1
  has 29 dependencies
Evaluating 'github.com/docker/go-plugins-helpers' ...
  got v0.0.0-20240701071450-45e2431495c8
  has 0 dependencies
Evaluating 'github.com/ory/go-convenience' ...
  got v0.1.0
  has 0 dependencies
Evaluating 'gopkg.in/go-playground/assert.v1' ...
  got v1.2.1
  has 0 dependencies
Evaluating 'github.com/markbates/goth' ...
  got v0.3.0
  has 31 dependencies
Evaluating 'github.com/DataDog/datadog-agent' ...
  ! module not found
Evaluating 'gopkg.in/inconshreveable/go-update.v0' ...
  got v0.0.0-20190222173326-2bc1f35cddc0
  has 2 dependencies
Evaluating 'github.com/DataDog/viper' ...
  got v0.3.1
  has 19 dependencies
Evaluating 'github.com/cosmos/ibc-go/v3' ...
  ! module not found
Evaluating 'sigs.k8s.io/sig-storage-lib-external-provisioner/v6' ...
  got v0.51.0
  has 136 dependencies
Evaluating 'github.com/caddy-dns/cloudflare' ...
  got v1.0.0
  has 174 dependencies
Evaluating 'github.com/ismferd/ssm' ...
  got v1.30.29
  has 14 dependencies
Evaluating 'github.com/spiffe/spire-api-sdk' ...
  got v1.14.6
  has 6 dependencies
Evaluating 'github.com/dghubble/go-twitter' ...
  got v4.1.3
  has 7 dependencies
Evaluating 'github.com/libp2p/go-libp2p-discovery' ...
  got v0.65.0
  has 442 dependencies
Evaluating 'github.com/mustafaturan/monoton' ...
  got v1.0.0
  has 0 dependencies
Evaluating 'github.com/cloudfoundry/bosh-utils' ...
  got v1.0.0
  has 33 dependencies
Evaluating 'github.com/Azure/azure-sdk-for-go/sdk/keyvault/azsecrets' ...
  got v1.4.0
  has 22 dependencies
Evaluating 'github.com/databus23/helm-diff/v3' ...
  got v0.24.0
  has 300 dependencies
Evaluating 'github.com/256dpi/gomqtt' ...
  got v0.14.4
  has 23 dependencies
Evaluating 'github.com/CloudyKit/fastprinter' ...
  got v0.0.0-20251202014920-1725d2651bd4
  has 0 dependencies
Evaluating 'github.com/gopcua/opcua' ...
  got v1.1.1
  has 8 dependencies
Evaluating 'github.com/wvanbergen/kazoo-go' ...
  got v0.0.0-20201211165307-7117e9ea2414
  has 1 dependencies
Evaluating 'cloud.google.com/go/apikeys' ...
  got v0.123.0
  has 31 dependencies
Evaluating 'github.com/DataDog/cast' ...
  ! module not resolved
Evaluating 'github.com/bitnami/ini-file' ...
  got v0.2.0
  has 8 dependencies
Evaluating 'github.com/charmbracelet/harmonica' ...
  got v0.2.0
  has 0 dependencies
Evaluating 'github.com/256dpi/mercury' ...
  got v0.4.1
  has 3 dependencies
Evaluating 'github.com/secure-io/siv-go' ...
  got v0.0.0-20160719120800-7af84192f0b1
  has 2 dependencies
Evaluating 'github.com/aybabtme/rgbterm' ...
  got v0.0.0-20170906152045-cc83f3b3ce59
  has 0 dependencies
Evaluating 'github.com/fluxcd/pkg/apis/kustomize' ...
  got v0.24.0
  has 127 dependencies
Evaluating 'github.com/consensys/bavard' ...
  got v0.2.1
  has 1 dependencies
Evaluating 'github.com/emicklei/go-restful-swagger12' ...
  got v1.1.1
  has 9 dependencies
Evaluating 'github.com/mustafaturan/bus' ...
  got v1.1.0
  has 5 dependencies
Evaluating 'github.com/xiaokangwang/VLite' ...
  got v0.0.0-20180301012659-01a4eaa1f6f2
  has 33 dependencies
Evaluating 'github.com/open-telemetry/opentelemetry-collector-contrib/pkg/pdatautil' ...
  got v2.3.0
  has 29 dependencies
Evaluating 'github.com/jacobsa/fuse' ...
  got v0.0.0-20180908115635-432fa640bd2e
  has 10 dependencies
Evaluating 'go.etcd.io/etcd/etcdutl/v3' ...
  got v0.25.1
  has 120 dependencies
Evaluating 'github.com/cloudevents/sdk-go/observability/opencensus/v2' ...
  got v2.16.2
  has 17 dependencies
Evaluating 'github.com/kubernetes-csi/external-provisioner' ...
  got v0.38.0
  has 180 dependencies
Evaluating 'github.com/mmcdole/goxpp' ...
  got v1.1.1
  has 4 dependencies
Evaluating 'github.com/xtls/reality' ...
  got v1.0.6
  has 13 dependencies
Evaluating 'github.com/hashicorp/terraform-plugin-mux' ...
  got v1.15.0
  has 23 dependencies
Evaluating 'github.com/HeavyHorst/easykv' ...
  got v1.2.13
  has 66 dependencies
Evaluating 'github.com/antchfx/jsonquery' ...
  got v1.3.7
  has 8 dependencies
Evaluating 'github.com/youtube/vitess' ...
  ! module not resolved
Evaluating 'github.com/tevino/go-zookeeper' ...
  got v0.0.0-20170512024026-c218ec636bef
  has 0 dependencies
Evaluating 'rsc.io/tmplfunc' ...
  got v0.0.3
  has 0 dependencies
Evaluating 'github.com/ExpediaDotCom/haystack-client-go' ...
  got v0.25.1
  has 44 dependencies
Evaluating 'github.com/HeavyHorst/remco' ...
  got v1.2.1
  has 89 dependencies
Evaluating 'github.com/spyzhov/ajson' ...
  got v0.9.6
  has 0 dependencies
Evaluating 'gitlab.com/gitlab-org/go-mimedb' ...
  got v1.52.0
  has 0 dependencies
Evaluating 'github.com/cloudnativedevops/demo/hello' ...
  got v0.0.0-20250317024929-a87b655b394e
  has 0 dependencies
Evaluating 'github.com/libp2p/go-libp2p-swarm' ...
  got v1.0.1
  has 138 dependencies
Evaluating 'github.com/HeavyHorst/pongo2' ...
  got v3.3.0+incompatible
  has 4 dependencies
Evaluating 'github.com/IBM-Cloud/ibm-cloud-cli-sdk' ...
  got v1.1.0
  has 33 dependencies
Evaluating 'github.com/sethvargo/go-envconfig' ...
  got v0.6.0
  has 1 dependencies
Evaluating 'github.com/sethgrid/pester' ...
  got v1.2.0
  has 0 dependencies
Evaluating 'github.com/pingcap/tipb' ...
  got v1.3.2
  has 16 dependencies
Evaluating 'gopkg.in/cenkalti/backoff.v1' ...
  got v0.50.0
  has 5 dependencies
Evaluating 'github.com/brianvoe/gofakeit/v6' ...
  got v6.28.0
  has 0 dependencies
Evaluating 'github.com/wvanbergen/kafka' ...
  got v0.0.0-20171203153745-e2edea948ddf
  has 0 dependencies
Evaluating 'github.com/fatih/gomodifytags' ...
  got v1.0.0
  has 14 dependencies
Evaluating 'github.com/xitongsys/parquet-go' ...
  got v0.53.0
  has 88 dependencies
Evaluating 'github.com/jupp0r/go-priority-queue' ...
  got v0.0.0-20160601094913-ab1073853bde
  has 0 dependencies
Evaluating 'github.com/klauspost/filepathx' ...
  got v1.1.1
  has 0 dependencies
Evaluating 'github.com/HeavyHorst/memkv' ...
  got v1.0.2
  has 1 dependencies
Evaluating '4d63.com/tz' ...
  got v0.0.0-20190311033909-995e0740726f
  has 1 dependencies
Evaluating 'github.com/qiangxue/fasthttp-routing' ...
  got v1.2.1
  has 9 dependencies
Evaluating 'github.com/multiplay/go-ts3' ...
  got v1.1.1
  has 17 dependencies
Evaluating 'github.com/paketo-buildpacks/icu' ...
  got v0.25.1
  has 773 dependencies
Evaluating 'github.com/iris-contrib/schema' ...
  got v0.0.6
  has 0 dependencies
Evaluating 'github.com/ysmood/goob' ...
  got v0.4.0
  has 1 dependencies
Evaluating 'github.com/containous/minheap' ...
  ! module not resolved
Evaluating 'github.com/ziutek/mymysql' ...
  got v1.5.4
  has 0 dependencies
Evaluating 'github.com/amir/raidman' ...
  got v0.0.0-20170415203553-1ccc43bfb9c9
  has 9 dependencies
Evaluating 'github.com/harlow/kinesis-consumer' ...
  got v1.1.1
  has 46 dependencies
Evaluating 'github.com/mediocregopher/radix/v3' ...
  got v1.1.1
  has 4 dependencies
Evaluating 'github.com/aristanetworks/glog' ...
  got v0.0.0-20250312002449-1e63d96ef38d
  has 1 dependencies
Evaluating 'github.com/kubernetes-csi/external-snapshotter/v2' ...
  got v0.38.0
  has 133 dependencies
Evaluating 'github.com/ipfs/interface-go-ipfs-core' ...
  got v0.37.0
  has 480 dependencies
Evaluating 'github.com/anchore/sqlite' ...
  ! module not resolved
Evaluating 'github.com/rueian/rueidis' ...
  ! module not resolved
Evaluating 'github.com/speps/go-hashids' ...
  got v2.0.0+incompatible
  has 0 dependencies
Evaluating 'github.com/paketo-buildpacks/dotnet-core-sdk' ...
  got v0.25.1
  has 774 dependencies
Evaluating 'github.com/mmcdole/gofeed' ...
  got v1.8.0
  has 22 dependencies
Evaluating 'github.com/valyala/quicktemplate' ...
  got v1.1.0
  has 4 dependencies
Evaluating 'github.com/awalterschulze/gographviz' ...
  got v2.0.3+incompatible
  has 0 dependencies
Evaluating 'github.com/grafana/kindsys' ...
  got v0.5.0
  has 151 dependencies
Evaluating 'github.com/projectcalico/calico' ...
  got v3.21.1+incompatible
  has 0 dependencies
Evaluating 'github.com/kataras/iris/v12' ...
  got v1.3.2
  has 120 dependencies
Evaluating 'github.com/koding/websocketproxy' ...
  got v1.5.3
  has 1 dependencies
Evaluating 'github.com/juju/mutex/v2' ...
  got v1.5.0
  has 16 dependencies
Evaluating 'github.com/jetstack/cert-manager' ...
  ! module not resolved
Evaluating 'github.com/cloudfoundry/socks5-proxy' ...
  got v3.4.0
  has 18 dependencies
Evaluating 'github.com/paketo-buildpacks/libreload-packit' ...
  got v0.1.0
  has 1102 dependencies
Evaluating 'github.com/tidwall/rtred' ...
  got v0.1.2
  has 1 dependencies
Evaluating 'github.com/josharian/impl' ...
  got v1.5.0
  has 6 dependencies
Evaluating 'github.com/influxdata/influxdb-observability/common' ...
  got v1.1.1
  has 11 dependencies
Evaluating 'github.com/jacobsa/oglemock' ...
  got v0.0.0-20150720000706-141901ea67cd
  has 1 dependencies
Evaluating 'bitbucket.org/bertimus9/systemstat' ...
  got v0.5.0
  has 0 dependencies
Evaluating 'github.com/ijc/Gotty' ...
  got v0.0.0-20170406111628-a8b993ba6abd
  has 0 dependencies
Evaluating 'github.com/filebrowser/filebrowser/v2' ...
  got v0.53.0
  has 156 dependencies
Evaluating 'knative.dev/control-protocol' ...
  got v0.7.1-0.20200907061046-05415f1de66d
  has 81 dependencies
Evaluating 'github.com/cloudfoundry/go-socks5' ...
  got v0.0.0-20250423223041-4ad5fea42851
  has 5 dependencies
Evaluating 'github.com/stripe/stripe-go/v74' ...
  got v1.1.0
  has 11 dependencies
Evaluating 'github.com/pingcap/tidb' ...
  got v2.0.11+incompatible
  has 0 dependencies
Evaluating 'github.com/justinas/alice' ...
  got v1.2.0
  has 0 dependencies
Evaluating 'github.com/jacobsa/oglematchers' ...
  got v0.0.0-20150720000706-141901ea67cd
  has 0 dependencies
Evaluating 'github.com/elastic/bayeux' ...
  got v1.0.5
  has 0 dependencies
Evaluating 'github.com/showwin/speedtest-go' ...
  got v0.0.0-20190718012654-fb15b899a751
  has 16 dependencies
Evaluating 'github.com/chungthuang/quic-go' ...
  ! module not resolved
Evaluating 'github.com/projectdiscovery/goflags' ...
  got v0.2.0
  has 121 dependencies
Evaluating 'github.com/bsm/redislock' ...
  got v2.7.0
  has 5 dependencies
Evaluating 'github.com/hashicorp/aws-cloudformation-resource-schema-sdk-go' ...
  got v1.1.0
  has 7 dependencies
Evaluating 'github.com/opencontainers/umoci' ...
  got v0.0.0-20230106234847-43070de90fa1
  has 79 dependencies
Evaluating 'github.com/cweill/gotests' ...
  got v1.9.0
  has 8 dependencies
Evaluating 'github.com/jrick/logrotate' ...
  got v1.1.2
  has 0 dependencies
Evaluating 'github.com/stripe/veneur' ...
  got v0.25.1
  has 230 dependencies
Evaluating 'github.com/projectdiscovery/retryablehttp-go' ...
  got v0.2.0
  has 160 dependencies
Evaluating 'github.com/TwiN/go-color' ...
  got v1.4.1
  has 0 dependencies
Evaluating 'github.com/thanos-io/objstore' ...
  got v0.19.2
  has 129 dependencies
Evaluating 'github.com/spkg/bom' ...
  got v1.0.1
  has 0 dependencies
Evaluating 'github.com/mrjones/oauth' ...
  got v0.0.0-20190623134757-126b35219450
  has 0 dependencies
Evaluating 'github.com/influxdata/influxdb-observability/otel2influx' ...
  got v1.24.0
  has 53 dependencies
Evaluating 'github.com/github/go-spdx/v2' ...
  got v1.1.1
  has 7 dependencies
Evaluating 'github.com/gocraft/work' ...
  got v1.1.1
  has 6 dependencies
Evaluating 'github.com/blackfireio/signify' ...
  got v0.0.0-20200529075143-677251f9ca06
  has 1 dependencies
Evaluating 'kubevirt.io/client-go' ...
  ! module not found
Evaluating 'github.com/haya14busa/goplay' ...
  got v1.0.0
  has 0 dependencies
Evaluating 'github.com/ghjm/cmdline' ...
  got v0.1.2
  has 2 dependencies
Evaluating 'github.com/emersion/go-vcard' ...
  got v0.0.0-20241024213814-c9703dde27ff
  has 0 dependencies
Evaluating 'github.com/mattermost/gziphandler' ...
  got v1.1.0
  has 6 dependencies
Evaluating 'gomodules.xyz/sets' ...
  got v0.2.1
  has 0 dependencies
Evaluating 'github.com/ipld/go-car' ...
  got v0.3.1
  has 193 dependencies
Evaluating 'github.com/ipfs/go-ipfs-exchange-offline' ...
  got v0.3.1
  has 61 dependencies
Evaluating 'github.com/euank/protobuf-go' ...
  ! module not resolved
Evaluating 'github.com/aws/aws-sdk-go-v2/service/route53domains' ...
  got v1.41.6
  has 4 dependencies
Evaluating 'github.com/grafana/gomemcache' ...
  got v0.0.0-20251127154401-74f93547077b
  has 0 dependencies
Evaluating 'storj.io/picobuf' ...
  got v1.3.1
  has 2 dependencies
Evaluating 'github.com/mattermost/mattermost-server/v6' ...
  got v0.0.0-20160811212531-371fbbdaa898
  has 762 dependencies
Evaluating 'github.com/clarketm/json' ...
  got v1.17.1
  has 0 dependencies
Evaluating 'github.com/uptrace/bun' ...
  got v1.1.1
  has 15 dependencies
Evaluating 'github.com/aws/aws-sdk-go-v2/service/outposts' ...
  got v1.41.6
  has 4 dependencies
Evaluating 'github.com/influxdata/influxdb-observability/influx2otel' ...
  got v1.24.0
  has 52 dependencies
Evaluating 'github.com/codemodus/kace' ...
  got v0.5.1
  has 0 dependencies
Evaluating 'github.com/open-telemetry/opentelemetry-collector-contrib/internal/sharedcomponent' ...
  got v2.3.0
  has 42 dependencies
Evaluating 'github.com/vmware-tanzu/velero' ...
  got v0.24.0
  has 190 dependencies
Evaluating 'github.com/rancher/go-rancher-metadata' ...
  got v1.1.1
  has 7 dependencies
Evaluating 'github.com/projectdiscovery/retryabledns' ...
  got v0.2.0
  has 127 dependencies
Evaluating 'github.com/libp2p/zeroconf/v2' ...
  got v2.2.0
  has 7 dependencies
Evaluating 'github.com/lab47/vterm' ...
  got v1.3.3
  has 27 dependencies
Evaluating 'github.com/sykesm/zap-logfmt' ...
  got v0.3.1
  has 29 dependencies
Evaluating 'github.com/tailscale/hujson' ...
  got v0.5.8
  has 1 dependencies
Evaluating 'knative.dev/caching' ...
  got v1.3.1
  has 61 dependencies
Evaluating 'github.com/dapr/kit' ...
  got v1.3.1
  has 39 dependencies
Evaluating 'github.com/y0ssar1an/q' ...
  ! module not resolved
Evaluating 'github.com/aws/aws-sdk-go-v2/service/s3control' ...
  got v1.41.6
  has 5 dependencies
Evaluating 'github.com/influxdata/influxql' ...
  got v1.5.0
  has 4 dependencies
Evaluating 'github.com/jtolio/noiseconn' ...
  got v0.0.3
  has 14 dependencies
Evaluating 'maze.io/x/duration' ...
  got v0.0.0-20160924141736-faac084b6075
  has 0 dependencies
Evaluating 'github.com/google/go-github/v42' ...
  got v2.0.3
  has 12 dependencies
Evaluating 'github.com/danieljoos/wincred' ...
  got v1.2.3
  has 6 dependencies
Evaluating 'github.com/neilotoole/errgroup' ...
  got v0.1.6
  has 1 dependencies
Evaluating 'github.com/eidolon/wordwrap' ...
  got v0.0.0-20161011182207-e0f54129b8bb
  has 0 dependencies
Evaluating 'github.com/hashicorp/consul-net-rpc' ...
  got v0.0.0-20260422052036-0160352460d6
  has 2 dependencies
Evaluating 'github.com/jacobsa/syncutil' ...
  got v0.0.0-20180201203307-228ac8e5a6c3
  has 5 dependencies
Evaluating 'github.com/ory/fosite' ...
  got v0.110.10
  has 463 dependencies
Evaluating 'github.com/mitchellh/go-server-timing' ...
  got v1.0.0
  has 4 dependencies
Evaluating 'github.com/jellydator/ttlcache/v2' ...
  got v1.1.1
  has 21 dependencies
Evaluating 'github.com/hibiken/asynq' ...
  got v2.12.0
  has 18 dependencies
Evaluating 'github.com/whyrusleeping/chunker' ...
  got v0.0.0-20181014151217-fe64bd25879f
  has 0 dependencies
Evaluating 'github.com/djherbis/nio/v3' ...
  got v1.1.0
  has 1 dependencies
Evaluating 'github.com/hashicorp/terraform-provider-aws' ...
  ! module not resolved
Evaluating 'github.com/jacobsa/timeutil' ...
  got v0.0.0-20150720000706-141901ea67cd
  has 1 dependencies
Evaluating 'github.com/k-sone/critbitgo' ...
  got v1.4.0
  has 0 dependencies
Evaluating 'github.com/dropbox/dropbox-sdk-go-unofficial' ...
  got v6.0.5+incompatible
  has 0 dependencies
Evaluating 'github.com/prometheus-community/pro-bing' ...
  got v1.6.0
  has 7 dependencies
Evaluating 'github.com/IBM/go-sdk-core/v5' ...
  got v5.21.2
  has 29 dependencies
Evaluating 'github.com/go-pg/pg/v9' ...
  got v0.26.0
  has 50 dependencies
Evaluating 'gomodules.xyz/x' ...
  got v3.2.1
  has 32 dependencies
Evaluating 'github.com/jacobsa/daemonize' ...
  got v0.0.0-20240917082746-f35568b6c3ec
  has 0 dependencies
Evaluating 'github.com/kataras/sitemap' ...
  got v0.0.6
  has 0 dependencies
Evaluating 'github.com/jacobsa/util' ...
  got v0.0.0-20150810040848-976a6f4de67e
  has 0 dependencies
Evaluating 'github.com/hashicorp/go-secure-stdlib/nonceutil' ...
  got v1.1.1
  has 4 dependencies
Evaluating 'firebase.google.com/go/v4' ...
  got v0.23.1
  has 200 dependencies
Evaluating 'github.com/elastic/go-elasticsearch/v6' ...
  got v6.8.10
  has 0 dependencies
Evaluating 'sourcegraph.com/sourcegraph/appdash-data' ...
  got v0.0.0-20230704072500-f1e31cf0ba5c
  has 2 dependencies
Evaluating 'github.com/aptible/supercronic' ...
  got v2.4.0
  has 44 dependencies
Evaluating 'github.com/rhysd/actionlint' ...
  got v4.10.0
  has 14 dependencies
Evaluating 'github.com/marten-seemann/qtls-go1-16' ...
  got v1.4.4
  has 7 dependencies
Evaluating 'github.com/johnfercher/maroto' ...
  got v1.0.1
  has 13 dependencies
Evaluating 'github.com/tedsuo/ifrit' ...
  got v0.110.0
  has 288 dependencies
Evaluating 'github.com/cisco-ie/nx-telemetry-proto' ...
  got v0.26.0
  has 34 dependencies
Evaluating 'github.com/ProtonMail/bcrypt' ...
  got v0.0.0-20211005172633-e235017c1baf
  has 0 dependencies
Evaluating 'github.com/kubernetes-csi/external-snapshotter/client/v6' ...
  got v1.1.1
  has 44 dependencies
Evaluating 'github.com/hashicorp/go-kms-wrapping' ...
  got v0.0.0-20160811212531-371fbbdaa898
  has 217 dependencies
Evaluating 'github.com/ulule/deepcopier' ...
  got v0.0.0-20200430083143-45decc6639b6
  has 0 dependencies
Evaluating 'github.com/rancher/norman' ...
  got v1.0.1
  has 60 dependencies
Evaluating 'github.com/NVIDIA/go-nvml' ...
  got v0.13.0-1
  has 5 dependencies
Evaluating 'github.com/openfaas/faas-provider' ...
  got v2.4.0
  has 37 dependencies
Evaluating 'github.com/cronokirby/saferith' ...
  got v0.33.0
  has 0 dependencies
Evaluating 'github.com/giantswarm/backoff' ...
  got v4.3.0
  has 8 dependencies
Evaluating 'github.com/godror/knownpb' ...
  got v0.1.4
  has 5 dependencies
Evaluating 'github.com/allegro/bigcache/v3' ...
  got v3.1.0
  has 0 dependencies
Evaluating 'github.com/mdlayher/apcupsd' ...
  got v0.5.9
  has 1 dependencies
Evaluating 'github.com/hashicorp/go-argmapper' ...
  got v1.1.1
  has 16 dependencies
Evaluating 'github.com/hashicorp/go-kms-wrapping/entropy' ...
  got v0.1.0
  has 0 dependencies
Evaluating 'sigs.k8s.io/kustomize/kustomize/v3' ...
  got v0.26.0
  has 238 dependencies
Evaluating 'github.com/arangodb/go-velocypack' ...
  got v0.0.0-20200318135517-5af53c29c67e
  has 6 dependencies
Evaluating 'github.com/grafana/xk6-output-prometheus-remote' ...
  got v1.31.0-20210810001428-4df00b267f94.1
  has 127 dependencies
Evaluating 'github.com/rancher/wharfie' ...
  ! module not found
Evaluating 'go.opentelemetry.io/contrib/exporters/autoexport' ...
  got v0.25.1
  has 89 dependencies
Evaluating 'github.com/tam7t/hpkp' ...
  got v0.0.0-20160821193359-2b70b4024ed5
  has 0 dependencies
Evaluating 'github.com/liamg/tml' ...
  got v1.1.1
  has 4 dependencies
Evaluating 'github.com/aws/aws-sdk-go-v2/service/inspector2' ...
  got v1.41.6
  has 4 dependencies
Evaluating 'github.com/containers/psgo' ...
  got v1.5.0
  has 37 dependencies
Evaluating 'github.com/ProtonMail/go-srp' ...
  got v0.0.0-20210511135022-227b4adcab57
  has 16 dependencies
Evaluating 'github.com/labstack/echo/v5' ...
  got v1.1.1
  has 7 dependencies
Evaluating 'github.com/rancher/remotedialer' ...
  got v2.4.0
  has 41 dependencies
Evaluating 'github.com/aquasecurity/tfsec' ...
  got v0.112.1
  has 138 dependencies
Evaluating 'github.com/kopia/kopia' ...
  got v1.5.1
  has 300 dependencies
Evaluating 'github.com/sleepinggenius2/gosmi' ...
  got v0.0.0-20170109061633-7914173639b2
  has 15 dependencies
Evaluating 'github.com/shadowsocks/go-shadowsocks2' ...
  got v0.0.0-20200614022211-cdc8013cb5b3
  has 6 dependencies
Evaluating 'github.com/mislav/httpretty' ...
  ! module not resolved
Evaluating 'github.com/mailgun/multibuf' ...
  got v1.1.0
  has 4 dependencies
Evaluating 'github.com/creack/goselect' ...
  got v0.1.3
  has 0 dependencies
Evaluating 'github.com/paketo-buildpacks/node-module-bom' ...
  got v0.1.0
  has 1198 dependencies
Evaluating 'github.com/ilyakaznacheev/cleanenv' ...
  got v1.2.1
  has 5 dependencies
Evaluating 'github.com/sajari/fuzzy' ...
  got v1.0.0
  has 0 dependencies
Evaluating 'go.opentelemetry.io/otel/exporters/stdout/stdoutmetric' ...
  got v2.3.0
  has 21 dependencies
Evaluating 'github.com/paketo-buildpacks/dotnet-publish' ...
  got v0.25.1
  has 775 dependencies
Evaluating 'github.com/rootless-containers/proto' ...
  got v0.1.3
  has 0 dependencies
Evaluating 'github.com/gomarkdown/markdown' ...
  got v0.0.0-20260417124207-7d523f7318df
  has 0 dependencies
Evaluating 'github.com/stathat/consistent' ...
  got v1.0.0
  has 0 dependencies
Evaluating 'github.com/muesli/mango' ...
  got v0.2.0
  has 1 dependencies
Evaluating 'github.com/kataras/go-events' ...
  got v0.0.3
  has 0 dependencies
Evaluating 'github.com/libp2p/go-tcp-transport' ...
  got v0.65.0
  has 200 dependencies
Evaluating 'github.com/jwilder/encoding' ...
  got v0.0.0-20170811194829-b4e1701a28ef
  has 0 dependencies
Evaluating 'github.com/dghubble/oauth1' ...
  got v1.1.1
  has 4 dependencies
Evaluating 'github.com/riemann/riemann-go-client' ...
  got v0.0.0-20170307001533-c9c7427a2a70
  has 4 dependencies
Evaluating 'github.com/ProtonMail/gluon' ...
  got v0.17.0
  has 30 dependencies
Evaluating 'github.com/minio/websocket' ...
  got v1.6.0
  has 0 dependencies
Evaluating 'github.com/imroc/req/v3' ...
  got v1.2.0
  has 29 dependencies
Evaluating 'gotest.tools/gotestsum' ...
  got v0.2.2
  has 19 dependencies
Evaluating 'github.com/hashicorp/aws-sdk-go-base/v2/awsv1shim/v2' ...
  got v1.55.8
  has 68 dependencies
Evaluating 'github.com/xhit/go-str2duration' ...
  got v1.2.0
  has 0 dependencies
Evaluating 'github.com/rancher/dynamiclistener' ...
  got v0.0.0-20160902184237-e75332964ef5
  has 73 dependencies
Evaluating 'github.com/pierrec/lz4/v3' ...
  got v0.0.0-20190710193110-1eb035ffe2b6
  has 26 dependencies
Evaluating 'github.com/inhies/go-bytesize' ...
  got v0.0.0-20220417184213-4913239db9cf
  has 0 dependencies
Evaluating 'github.com/aead/chacha20poly1305' ...
  got v0.0.0-20180709150244-8b13a72661da
  has 3 dependencies
Evaluating 'github.com/muesli/roff' ...
  got v0.1.0
  has 0 dependencies
Evaluating 'github.com/hyperledger/fabric' ...
  got v2.1.1+incompatible
  has 0 dependencies
Evaluating 'github.com/tikv/client-go/v2' ...
  got v1.3.0
  has 54 dependencies
Evaluating 'github.com/bradenaw/juniper' ...
  got v0.15.3
  has 2 dependencies
Evaluating 'github.com/arangodb/go-driver' ...
  got v1.6.9
  has 20 dependencies
Evaluating 'github.com/arangodb/go-driver' ...
  got v1.6.9
  has 20 dependencies
Evaluating 'github.com/hashicorp/aws-sdk-go-base/v2/awsv1shim/v2' ...
  got v1.55.8
  has 68 dependencies
Evaluating 'github.com/ipfs/boxo' ...
  got v0.1.1-0.20260103110540-f8a47775ebe5
  has 166 dependencies
Evaluating 'github.com/pierrec/lz4/v3' ...
  got v0.0.0-20190710193110-1eb035ffe2b6
  has 26 dependencies
Evaluating 'github.com/stathat/consistent' ...
  got v1.0.0
  has 0 dependencies
Evaluating 'github.com/ProtonMail/gluon' ...
  got v0.17.0
  has 30 dependencies
Evaluating 'gotest.tools/gotestsum' ...
  got v0.2.2
  has 19 dependencies
Evaluating 'github.com/GoogleCloudPlatform/cloudsql-proxy' ...
  got v0.20.0
  has 46 dependencies
Evaluating 'github.com/jacobsa/reqtrace' ...
  got v0.0.0-20150505043853-245c9e0234cb
  has 5 dependencies
Evaluating 'github.com/ganigeorgiev/fexpr' ...
  got v0.5.0
  has 0 dependencies
Evaluating 'github.com/googlecontainertools/kaniko' ...
  ! module not resolved
Evaluating 'github.com/yosssi/ace' ...
  got v0.0.5
  has 0 dependencies
Evaluating 'github.com/grid-x/serial' ...
  got v0.0.0-20211107191517-583c7356b3aa
  has 0 dependencies
Evaluating 'github.com/crewjam/httperr' ...
  got v0.2.0
  has 7 dependencies
Evaluating 'github.com/nuclio/gosecretive' ...
  got v0.0.3
  has 0 dependencies
Evaluating 'github.com/minio/mux' ...
  got v1.9.2
  has 0 dependencies
Evaluating 'github.com/gosuri/uiprogress' ...
  got v0.0.4
  has 3 dependencies
Evaluating 'github.com/iseki0/go-yarnlock' ...
  got v1.1.1
  has 5 dependencies
Evaluating 'go.opentelemetry.io/contrib/zpages' ...
  got v2.3.0
  has 21 dependencies
Evaluating 'github.com/baetyl/baetyl-go/v2' ...
  got v0.26.0
  has 131 dependencies
Evaluating 'github.com/grafana/tail' ...
  got v1.6.0
  has 4 dependencies
Evaluating 'github.com/aws/aws-sdk-go-v2/service/identitystore' ...
  got v1.41.6
  has 4 dependencies
Evaluating 'github.com/domodwyer/mailyak/v3' ...
  got v3.6.2
  has 0 dependencies
Evaluating 'gortc.io/stun' ...
  got v1.23.0
  has 0 dependencies
Evaluating 'github.com/vertica/vertica-sql-go' ...
  got v1.1.0
  has 18 dependencies
Evaluating 'github.com/mesos/mesos-go' ...
  got v0.0.11
  has 0 dependencies
Evaluating 'github.com/mileusna/useragent' ...
  got v1.3.5
  has 0 dependencies
Evaluating 'github.com/go-redsync/redsync/v4' ...
  got v2.3.0
  has 16 dependencies
Evaluating 'github.com/paketo-buildpacks/dep-ensure' ...
  got v0.1.0
  has 1081 dependencies
Evaluating 'github.com/cosmos/ibc-go/v2' ...
  ! module not found
Evaluating 'github.com/google/ko' ...
  got v1.6.0
  has 502 dependencies
Evaluating 'github.com/mdlayher/ndp' ...
  got v0.6.0
  has 8 dependencies
Evaluating 'github.com/banzaicloud/k8s-objectmatcher' ...
  got v0.26.0
  has 81 dependencies
Evaluating 'github.com/akrylysov/pogreb' ...
  got v0.10.2
  has 0 dependencies
Evaluating 'github.com/epirat/docker-credential-gitlabci' ...
  ! module not resolved
Evaluating 'github.com/Showmax/go-fqdn' ...
  got v1.0.0
  has 0 dependencies
Evaluating 'github.com/go-macaron/session' ...
  got v0.0.0-20190322053110-01b5df579c4e
  has 65 dependencies
Evaluating 'google.golang.org/grpc/examples' ...
  got v0.25.1
  has 78 dependencies
Evaluating 'github.com/observiq/ctimefmt' ...
  got v0.0.0-20190803144728-fd2ac23a585a
  has 1 dependencies
Evaluating 'github.com/gin-contrib/zap' ...
  got v0.1.3
  has 58 dependencies
Evaluating 'github.com/grokify/html-strip-tags-go' ...
  got v0.1.0
  has 0 dependencies
Evaluating 'skywalking.apache.org/repo/goapi' ...
  got v0.40.0
  has 6 dependencies
Evaluating 'github.com/libp2p/go-libp2p-yamux' ...
  got v1.0.1
  has 133 dependencies
Evaluating 'github.com/btcsuite/websocket' ...
  got v0.0.0-20150119174127-31079b680792
  has 0 dependencies
Evaluating 'gopkg.in/olivere/elastic.v6' ...
  got v1.0.0
  has 4 dependencies
Evaluating 'github.com/cppforlife/cobrautil' ...
  got v0.0.0-20221130162803-acdfead391ef
  has 7 dependencies
Evaluating 'github.com/Azure/azure-sdk-for-go/sdk/resourcemanager/monitor/armmonitor' ...
  got v1.9.0
  has 23 dependencies
Evaluating 'github.com/gin-gonic/contrib' ...
  got v0.0.0-20260101091603-d12f07a9136b
  has 0 dependencies
Evaluating 'github.com/cppforlife/go-cli-ui' ...
  got v1.9.1-0.20200716202919-6706ac40b835
  has 12 dependencies
Evaluating 'github.com/projectdiscovery/hmap' ...
  got v0.10.1
  has 34 dependencies
Evaluating 'github.com/open-telemetry/opentelemetry-collector-contrib/processor/attributesprocessor' ...
  got v0.25.1
  has 167 dependencies
Evaluating 'github.com/henrybear327/Proton-API-Bridge' ...
  got v3.2.0
  has 81 dependencies
Evaluating 'github.com/libp2p/go-libp2p-nat' ...
  got v1.3.0
  has 125 dependencies
Evaluating 'github.com/huandu/skiplist' ...
  got v1.1.1
  has 7 dependencies
Evaluating 'github.com/fluxcd/helm-controller/api' ...
  got v1.5.4
  has 23 dependencies
Evaluating 'github.com/henrybear327/go-proton-api' ...
  got v3.2.0
  has 79 dependencies
Evaluating 'github.com/go-stomp/stomp' ...
  got v2.1.4+incompatible
  has 0 dependencies
Evaluating 'github.com/hetznercloud/hcloud-go/v2' ...
  got v1.0.1
  has 36 dependencies
Evaluating 'github.com/pocketbase/pocketbase' ...
  got v0.3.0
  has 70 dependencies
Evaluating 'github.com/mattermost/mattermost-server/v5' ...
  got v0.64.0
  has 589 dependencies
Evaluating 'github.com/DataDog/mmh3' ...
  got v0.0.0-20210722141835-012dc69a9e49
  has 0 dependencies
Evaluating 'github.com/git-lfs/gitobj' ...
  got v1.1.1
  has 3 dependencies
Evaluating 'github.com/gbrlsnchs/jwt/v3' ...
  got v3.0.1
  has 10 dependencies
Evaluating 'github.com/enescakir/emoji' ...
  got v1.0.0
  has 0 dependencies
Evaluating 'github.com/ipfs/go-fs-lock' ...
  got v0.53.0
  has 79 dependencies
Evaluating 'gomodules.xyz/flags' ...
  got v0.46.3
  has 162 dependencies
Evaluating 'github.com/pressly/goose/v3' ...
  got v1.2.0
  has 80 dependencies
Evaluating 'gitlab.com/gitlab-org/fleeting/taskscaler/metrics/prometheus' ...
  got v2.4.0
  has 37 dependencies
Evaluating 'github.com/libp2p/go-libp2p-loggables' ...
  got v0.26.0
  has 87 dependencies
Evaluating 'github.com/kvtools/valkeyrie' ...
  got v1.1.1
  has 6 dependencies
Evaluating 'go.lsp.dev/uri' ...
  got v0.4.0
  has 2 dependencies
Evaluating 'code.cloudfoundry.org/bbs' ...
  got v0.0.0-20260323203855-1402bd61fc46
  has 74 dependencies
Evaluating 'gitlab.com/gitlab-org/fleeting/fleeting' ...
  got v0.25.1
  has 77 dependencies
Evaluating 'github.com/Netflix/go-env' ...
  got v0.1.2
  has 0 dependencies
Evaluating 'gitlab.com/gitlab-org/fleeting/fleeting/metrics/prometheus' ...
  got v2.4.0
  has 37 dependencies
Evaluating 'github.com/ipfs/go-cidutil' ...
  got v0.6.0
  has 17 dependencies
Evaluating 'github.com/libp2p/go-stream-muxer-multistream' ...
  got v1.0.1
  has 133 dependencies
Evaluating 'github.com/elastic/go-libaudit' ...
  got v0.4.0
  has 1 dependencies
Evaluating 'gopkg.in/go-playground/validator.v8' ...
  got v8.18.2
  has 0 dependencies
Evaluating 'github.com/open-telemetry/opentelemetry-collector-contrib/pkg/translator/opencensus' ...
  got v0.26.0
  has 122 dependencies
Evaluating 'gitlab.com/gitlab-org/fleeting/taskscaler' ...
  got v0.25.1
  has 80 dependencies
Evaluating 'github.com/pavel-v-chernykh/keystore-go' ...
  got v2.1.0+incompatible
  has 0 dependencies
Evaluating 'github.com/pborman/ansi' ...
  got v1.1.0
  has 0 dependencies
Evaluating 'github.com/templexxx/cpu' ...
  got v0.1.1
  has 0 dependencies
Evaluating 'github.com/templexxx/xorsimd' ...
  got v0.1.1
  has 1 dependencies
Evaluating 'github.com/open-telemetry/opentelemetry-collector-contrib/pkg/translator/zipkin' ...
  got v0.22.0
  has 26 dependencies
Evaluating 'github.com/simonpasquier/klog-gokit/v2' ...
  got v0.34.0
  has 207 dependencies
Evaluating 'github.com/libp2p/go-reuseport-transport' ...
  got v1.3.0
  has 123 dependencies
Evaluating 'github.com/openshift/kubernetes-cli-runtime' ...
  ! module not resolved
Evaluating 'github.com/sacloud/libsacloud' ...
  got v1.1.0
  has 13 dependencies
Evaluating 'github.com/projectdiscovery/mapcidr' ...
  got v0.2.0
  has 130 dependencies
Evaluating 'github.com/grid-x/modbus' ...
  got v0.6.0
  has 3 dependencies
Evaluating 'github.com/lithammer/shortuuid/v3' ...
  got v1.2.0
  has 1 dependencies
Evaluating 'github.com/termie/go-shutil' ...
  got v0.0.0-20140729215957-bcacb06fecae
  has 0 dependencies
Evaluating 'github.com/andybalholm/crlf' ...
  got v0.0.0-20171020200849-670099aa064f
  has 4 dependencies
Evaluating 'github.com/libp2p/go-libp2p-transport-upgrader' ...
  got v1.0.1
  has 138 dependencies
Evaluating 'github.com/kkdai/bstream' ...
  got v1.0.0
  has 0 dependencies
Evaluating 'github.com/mikioh/ipaddr' ...
  got v0.0.0-20190404000644-d465c8ab6721
  has 0 dependencies
Evaluating 'github.com/aws/aws-xray-sdk-go' ...
  got v1.5.1
  has 23 dependencies
Evaluating 'github.com/paketo-buildpacks/httpd' ...
  got v0.24.0
  has 745 dependencies
Evaluating 'github.com/bshuster-repo/logrus-logstash-hook' ...
  got v1.1.0
  has 5 dependencies
Evaluating 'github.com/aead/siphash' ...
  got v1.0.1
  has 0 dependencies
Evaluating 'gomodules.xyz/clock' ...
  got v0.0.0-20260418085955-8b76c4f5ee02
  has 0 dependencies
Evaluating 'gopkg.in/AlecAivazis/survey.v1' ...
  got v2.0.5
  has 15 dependencies
Evaluating 'github.com/smallfish/simpleyaml' ...
  got v1.1.0
  has 7 dependencies
Evaluating 'github.com/tidwall/tinylru' ...
  got v1.2.1
  has 0 dependencies
Evaluating 'github.com/open-telemetry/opentelemetry-collector-contrib/receiver/zipkinreceiver' ...
  got v0.25.1
  has 183 dependencies
Evaluating 'github.com/libp2p/go-libp2p-blankhost' ...
  got v0.26.0
  has 168 dependencies
Evaluating 'github.com/awnumar/memcall' ...
  got v0.5.0
  has 1 dependencies
Evaluating 'github.com/lightstep/tracecontext.go' ...
  got v0.0.0-20181129014701-1757c391b1ac
  has 0 dependencies
Evaluating 'go.buf.build/grpc/go/prometheus/prometheus' ...
  ! module not resolved
Evaluating 'gomodules.xyz/wait' ...
  got v0.0.0-20200817085942-06523dba733f
  has 1 dependencies
Evaluating 'github.com/dyatlov/go-opengraph/opengraph' ...
  got v0.0.0-20220524092352-606d7b1e5f8a
  has 5 dependencies
Evaluating 'github.com/danjacques/gofslock' ...
  got v0.0.0-20240212154529-d899e02bfe22
  has 1 dependencies
Evaluating 'github.com/aws/aws-sdk-go-v2/service/sesv2' ...
  got v1.41.6
  has 5 dependencies
Evaluating 'go.elastic.co/apm/module/apmelasticsearch' ...
  got v1.0.0
  has 35 dependencies
Evaluating 'github.com/aws/aws-sdk-go-v2/service/auditmanager' ...
  got v1.41.6
  has 4 dependencies
Evaluating 'github.com/libp2p/go-conn-security-multistream' ...
  got v1.0.1
  has 133 dependencies
Evaluating 'github.com/ansible/receptor' ...
  got v1.6.4
  has 94 dependencies
Evaluating 'go.buf.build/grpc/go/gogo/protobuf' ...
  ! module not resolved
Evaluating 'github.com/hashicorp/waypoint' ...
  got v0.105.0
  has 362 dependencies
Evaluating 'github.com/elastic/ecs' ...
  got v9.3.0+incompatible
  has 0 dependencies
Evaluating 'code.cloudfoundry.org/cfhttp/v2' ...
  got v2.75.0
  has 15 dependencies
Evaluating 'github.com/mattermost/morph' ...
  got v1.4.1
  has 43 dependencies
Evaluating 'github.com/cilium/proxy' ...
  got v0.25.1
  has 26 dependencies
Evaluating 'github.com/hashicorp/waypoint-hzn' ...
  got v1.3.3
  has 67 dependencies
Evaluating 'github.com/aws/aws-sdk-go-v2/service/timestreamwrite' ...
  got v1.41.6
  has 5 dependencies
Evaluating 'github.com/emicklei/dot' ...
  got v1.11.0
  has 0 dependencies
Evaluating 'github.com/hashicorp/waypoint-plugin-sdk' ...
  got v0.26.0
  has 95 dependencies
Evaluating 'github.com/hashicorp/horizon' ...
  got v0.54.0
  has 382 dependencies
Evaluating 'github.com/bodgit/windows' ...
  got v1.0.1
  has 0 dependencies
Evaluating 'github.com/ipfs/go-graphsync' ...
  got v0.0.0-20190825152654-46b345b51c96
  has 157 dependencies
Evaluating 'github.com/DataDog/zstd_0' ...
  got v0.0.0-20210310093942-586c1286621f
  has 0 dependencies
Evaluating 'github.com/gogf/gf' ...
  got v0.3.1
  has 28 dependencies
Evaluating 'github.com/lithammer/shortuuid' ...
  got v1.6.0
  has 1 dependencies
Evaluating 'github.com/libp2p/go-ws-transport' ...
  got v1.0.1
  has 133 dependencies
Evaluating 'github.com/muesli/mango-pflag' ...
  got v0.2.0
  has 3 dependencies
Evaluating 'github.com/ipfs/go-ipfs-routing' ...
  got v4.1.0
  has 36 dependencies
Evaluating 'github.com/adevinta/vulcan-types' ...
  got v1.2.21
  has 16 dependencies
Evaluating 'muzzammil.xyz/jsonc' ...
  got v1.0.0
  has 0 dependencies
Evaluating 'github.com/ReneKroon/ttlcache/v2' ...
  ! module not resolved
Evaluating 'github.com/martinlindhe/base36' ...
  got v1.1.0
  has 6 dependencies
Evaluating 'github.com/bahlo/generic-list-go' ...
  got v0.2.0
  has 0 dependencies
Evaluating 'github.com/ipfs/go-ipfs-chunker' ...
  got v1.1.0
  has 29 dependencies
Evaluating 'github.com/jacobsa/gcloud' ...
  got v0.99.0
  has 22 dependencies
Evaluating 'github.com/ogier/pflag' ...
  got v0.0.1
  has 0 dependencies
Evaluating 'github.com/tg123/go-htpasswd' ...
  got v0.0.0-20230320061759-8cc1b52080c5
  has 10 dependencies
Evaluating 'github.com/sylabs/json-resp' ...
  got v0.9.5
  has 0 dependencies
Evaluating 'github.com/bodgit/plumbing' ...
  got v1.3.0
  has 6 dependencies
Evaluating 'github.com/slok/go-http-metrics' ...
  got v0.4.2
  has 97 dependencies
Evaluating 'github.com/adevinta/vulcan-check-sdk' ...
  got v0.16.2
  has 119 dependencies
Evaluating 'github.com/adevinta/vulcan-checks' ...
  got v0.14.0
  has 92 dependencies
Evaluating 'github.com/nikolay-ngrok/yaml' ...
  got v2.1.0+incompatible
  has 0 dependencies
Evaluating 'github.com/cloudfoundry/gosigar' ...
  got v3.4.0
  has 19 dependencies
Evaluating 'github.com/bodgit/sevenzip' ...
  got v0.110.10
  has 90 dependencies
Evaluating 'github.com/adevinta/vulcan-report' ...
  got v1.0.0
  has 0 dependencies
Evaluating 'github.com/ipfs/go-ds-badger' ...
  got v0.0.0-20190825152654-46b345b51c96
  has 71 dependencies
Evaluating 'github.com/mojocn/base64Captcha' ...
  got v0.0.0-20170609003504-e2365dfdc4a0
  has 14 dependencies
Evaluating 'github.com/ngrok/protobuf-go' ...
  ! module not resolved
Evaluating 'github.com/russellhaering/gosaml2' ...
  got v1.6.0
  has 13 dependencies
Evaluating 'github.com/libp2p/go-libp2p-mplex' ...
  got v0.0.0-20190825152654-46b345b51c96
  has 138 dependencies
Evaluating 'go.opentelemetry.io/otel/bridge/opencensus' ...
  got v0.26.0
  has 49 dependencies
Evaluating 'github.com/zcalusic/sysinfo' ...
  got v1.6.0
  has 1 dependencies
Evaluating 'github.com/open-telemetry/opentelemetry-collector-contrib/receiver/jaegerreceiver' ...
  got v0.25.1
  has 169 dependencies
Evaluating 'github.com/alexbrainman/sspi' ...
  got v0.0.0-20250919150558-7d374ff0d59e
  has 0 dependencies
Evaluating 'github.com/ipfs/go-ipfs-posinfo' ...
  got v0.0.1
  has 14 dependencies
Evaluating 'github.com/Jeffail/gabs/v2' ...
  got v2.7.0
  has 0 dependencies
Evaluating 'github.com/v2fly/v2ray-core/v4' ...
  got v1.0.0
  has 46 dependencies
Evaluating 'github.com/kanisterio/kanister' ...
  ! module not found
Evaluating 'github.com/vulcand/oxy/v2' ...
  got v1.2.0
  has 12 dependencies
Evaluating 'github.com/xtaci/kcp-go/v5' ...
  got v0.26.0
  has 38 dependencies
Evaluating 'github.com/knadh/koanf/v2' ...
  got v2.4.0
  has 4 dependencies
Evaluating 'github.com/grandcat/zeroconf' ...
  got v2.2.1+incompatible
  has 11 dependencies
Evaluating 'github.com/redis/rueidis' ...
  got v0.7.0
  has 9 dependencies
Evaluating 'github.com/asdine/storm' ...
  got v2.1.2+incompatible
  has 11 dependencies
Evaluating 'github.com/tidwall/transform' ...
  got v0.0.0-20201103190739-32f242e2dbde
  has 0 dependencies
Evaluating 'github.com/splitio/go-split-commons/v4' ...
  got v1.3.1
  has 7 dependencies
Evaluating 'github.com/Mzack9999/go-http-digest-auth-client' ...
  got v0.6.0
  has 0 dependencies
Evaluating 'gomodules.xyz/logs' ...
  got v0.46.3
  has 167 dependencies
Evaluating 'github.com/splitio/go-toolkit/v5' ...
  got v2.2.0
  has 8 dependencies
Evaluating 'github.com/kastenhq/stow' ...
  got v0.1.0
  has 0 dependencies
Evaluating 'github.com/portainer/libcrypto' ...
  got v0.0.0-20220506221303-1f4fb3b30f9a
  has 0 dependencies
Evaluating 'github.com/projectdiscovery/stringsutil' ...
  got v0.2.0
  has 15 dependencies
Evaluating 'github.com/projectdiscovery/networkpolicy' ...
  got v0.2.0
  has 128 dependencies
Evaluating 'github.com/projectdiscovery/ratelimit' ...
  got v0.2.0
  has 126 dependencies
Evaluating 'github.com/aws/aws-sdk-go-v2/service/kendra' ...
  got v1.41.6
  has 4 dependencies
Evaluating 'github.com/aws/aws-sdk-go-v2/service/rolesanywhere' ...
  got v1.41.6
  has 4 dependencies
Evaluating 'github.com/aws/aws-sdk-go-v2/service/transcribe' ...
  got v1.41.6
  has 4 dependencies
Evaluating 'github.com/edgexfoundry/go-mod-messaging/v2' ...
  got v1.1.1
  has 32 dependencies
Evaluating 'github.com/sourcegraph/conc' ...
  got v1.1.1
  has 9 dependencies
Evaluating 'github.com/google/jsonapi' ...
  got v1.0.0
  has 0 dependencies
Evaluating 'github.com/projectdiscovery/fastdialer' ...
  got v0.0.0-20230410081825-519e28eab057
  has 52 dependencies
Evaluating 'gomodules.xyz/pointer' ...
  got v0.1.0
  has 0 dependencies
Evaluating 'github.com/bugsnag/osext' ...
  got v0.0.0-20130617224835-0dd3f918b21b
  has 0 dependencies
Evaluating 'github.com/DataDog/watermarkpodautoscaler' ...
  got v0.19.1
  has 309 dependencies
Evaluating 'github.com/containers/podman/v4' ...
  got v1.0.0
  has 210 dependencies
Evaluating 'github.com/ipfs/go-bitfield' ...
  got v1.1.0
  has 0 dependencies
Evaluating 'github.com/variantdev/dag' ...
  got v1.1.0
  has 0 dependencies
Evaluating 'github.com/minio/argon2' ...
  got v1.0.0
  has 5 dependencies
Evaluating 'github.com/jba/templatecheck' ...
  got v0.0.2
  has 3 dependencies
Evaluating 'github.com/hashicorp/consul-awsauth' ...
  got v1.41.0
  has 24 dependencies
Evaluating 'github.com/portainer/libhttp' ...
  got v1.1.1
  has 11 dependencies
Evaluating 'github.com/hannahhoward/go-pubsub' ...
  got v1.1.1
  has 6 dependencies
Evaluating 'github.com/aws/aws-sdk-go-v2/service/fis' ...
  got v1.41.6
  has 4 dependencies
Evaluating 'github.com/tweekmonster/luser' ...
  got v0.0.0-20161003172636-3fa38070dbd7
  has 0 dependencies
Evaluating 'github.com/aws/aws-sdk-go-v2/service/comprehend' ...
  got v1.41.6
  has 4 dependencies
Evaluating 'github.com/uptrace/opentelemetry-go-extra/otelutil' ...
  got v1.1.1
  has 11 dependencies
Evaluating 'github.com/microsoftgraph/msgraph-sdk-go' ...
  got v1.21.0
  has 40 dependencies
Evaluating 'github.com/Khan/genqlient' ...
  got v0.17.57
  has 30 dependencies
Evaluating 'github.com/aws/aws-sdk-go-v2/service/computeoptimizer' ...
  got v1.41.6
  has 4 dependencies
Evaluating 'github.com/ngaut/sync2' ...
  got v0.0.0-20141008032647-7a24ed77b2ef
  has 0 dependencies
Evaluating 'github.com/wiggin77/cfg' ...
  got v1.0.2
  has 1 dependencies
Evaluating 'github.com/aws/aws-sdk-go-v2/service/medialive' ...
  got v1.41.6
  has 4 dependencies
Evaluating 'github.com/urso/go-bin' ...
  got v0.0.0-20180220135811-781c575c9f0e
  has 0 dependencies
Evaluating 'github.com/microsoftgraph/msgraph-sdk-go-core' ...
  got v1.19.0
  has 25 dependencies
Evaluating 'github.com/streadway/handy' ...
  got v0.0.0-20200128134331-0f66f006fb2e
  has 0 dependencies
Evaluating 'github.com/fujiwara/tfstate-lookup' ...
  got v0.25.1
  has 111 dependencies
Evaluating 'github.com/goburrow/serial' ...
  got v0.1.0
  has 0 dependencies
Evaluating 'github.com/zmap/rc2' ...
  got v0.0.0-20190804163417-abaa70531248
  has 0 dependencies
Evaluating 'github.com/chartmuseum/helm-push' ...
  got v0.0.0-20250102033503-faa5f7b0171c
  has 112 dependencies
Evaluating 'github.com/elastic/go-txfile' ...
  got v1.1.0
  has 13 dependencies
Evaluating 'github.com/ngaut/pools' ...
  got v0.0.0-20180318154953-b7bc8c42aac7
  has 1 dependencies
Evaluating 'github.com/buildkite/agent/v3' ...
  got v1.36.11-20260209202127-80ab13bee0bf.1
  has 759 dependencies
Evaluating 'github.com/fluxcd/pkg/runtime' ...
  got v0.24.0
  has 97 dependencies
Evaluating 'github.com/fasthttp/websocket' ...
  got v1.1.1
  has 13 dependencies
Evaluating 'github.com/cjlapao/common-go' ...
  got v1.3.0
  has 232 dependencies
Evaluating '../../../..' ...
  ! module not resolved
Evaluating 'github.com/decred/dcrd/lru' ...
  got v1.1.3
  has 0 dependencies
Evaluating 'github.com/mattermost/squirrel' ...
  got v1.1.1
  has 5 dependencies
Evaluating 'github.com/JeffreyRichter/enum' ...
  got v0.0.0-20180725232043-2567042f9cda
  has 0 dependencies
Evaluating 'github.com/libopenstorage/secrets' ...
  ! module not resolved
Evaluating 'github.com/go-fed/httpsig' ...
  got v1.1.0
  has 4 dependencies
Evaluating 'github.com/pion/udp/v2' ...
  got v1.1.1
  has 18 dependencies
Evaluating 'github.com/k3s-io/kubernetes/staging/src/k8s.io/apimachinery' ...
  ! module not resolved
Evaluating 'github.com/go-webauthn/webauthn' ...
  got v1.1.1
  has 16 dependencies
Evaluating 'github.com/containerd/nerdctl' ...
  got v0.0.0-20230811130428-ced1acdcaa24
  has 136 dependencies
Evaluating 'golang.org/x/build' ...
  got v0.110.7
  has 151 dependencies
Evaluating 'github.com/portainer/portainer/api' ...
  got v0.0.0-20210617225240-d185dfc1b5a1
  has 172 dependencies
Evaluating 'github.com/Jguer/aur' ...
  got v1.3.0
  has 11 dependencies
Evaluating 'github.com/google/go-github/v29' ...
  got v1.3.2
  has 8 dependencies
Evaluating 'github.com/kedacore/keda/v2' ...
  got v0.25.1
  has 359 dependencies
Evaluating 'github.com/projectdiscovery/utils' ...
  got v0.2.0
  has 123 dependencies
Evaluating 'github.com/cristalhq/jwt/v4' ...
  got v4.0.2
  has 0 dependencies
Evaluating 'github.com/bep/lazycache' ...
  got v0.8.1
  has 6 dependencies
Evaluating 'github.com/yannh/kubeconform' ...
  got v0.5.2
  has 5 dependencies
Evaluating 'github.com/parca-dev/parca' ...
  got v0.25.1
  has 268 dependencies
Evaluating 'github.com/drone/envsubst/v2' ...
  got v2.0.0-20210730161058-179042472c46
  has 1 dependencies
Evaluating 'github.com/markbates/inflect' ...
  got v1.1.1
  has 5 dependencies
Evaluating 'github.com/Azure/azure-storage-file-go' ...
  got v0.2.1
  has 10 dependencies
Evaluating 'github.com/vapourismo/knx-go' ...
  got v1.1.1
  has 7 dependencies
Evaluating 'github.com/dnephin/pflag' ...
  got v1.0.7
  has 0 dependencies
Evaluating 'github.com/go-enry/go-license-detector/v4' ...
  got v0.6.0
  has 39 dependencies
Evaluating 'github.com/caarlos0/env' ...
  got v3.5.0+incompatible
  has 0 dependencies
Evaluating 'github.com/GaijinEntertainment/go-exhaustruct/v3' ...
  got v3.3.1
  has 7 dependencies
Evaluating 'github.com/opensearch-project/opensearch-go/v2' ...
  got v1.44.263
  has 34 dependencies
Evaluating 'github.com/withfig/autocomplete-tools/integrations/cobra' ...
  got v0.99.0
  has 175 dependencies
Evaluating 'github.com/mholt/certmagic' ...
  ! module not resolved
Evaluating 'github.com/jacobsa/ratelimit' ...
  got v0.99.0
  has 93 dependencies
Evaluating 'github.com/tikv/pd/client' ...
  got v0.24.0
  has 97 dependencies
Evaluating 'github.com/aws/aws-sdk-go-v2/service/resourceexplorer2' ...
  got v1.41.6
  has 4 dependencies
Evaluating 'github.com/crate-crypto/go-kzg-4844' ...
  got v1.7.0
  has 23 dependencies
Evaluating 'github.com/emicklei/go-restful-openapi' ...
  got v1.1.0
  has 20 dependencies
Evaluating 'github.com/libp2p/go-libp2p-noise' ...
  got v1.0.1
  has 136 dependencies
Evaluating 'github.com/coreos/stream-metadata-go' ...
  got v0.4.11
  has 4 dependencies
Evaluating 'github.com/liamg/clinch' ...
  got v1.1.1
  has 16 dependencies
Evaluating 'github.com/goburrow/modbus' ...
  got v0.1.0
  has 1 dependencies
Evaluating 'github.com/aws/aws-sdk-go-v2/service/ivschat' ...
  got v1.41.6
  has 4 dependencies
Evaluating 'github.com/latonaio/golang-logging-library-for-data-platform' ...
  got v1.0.8
  has 1 dependencies
Evaluating 'github.com/AdaLogics/go-fuzz-headers' ...
  got v0.0.0-20240806141605-e8a1dd7889d6
  has 0 dependencies
Evaluating 'github.com/hyperledger/fabric-lib-go' ...
  got v1.0.1
  has 47 dependencies
Evaluating 'github.com/ipfs/go-ds-measure' ...
  got v1.4.2
  has 16 dependencies
Evaluating 'github.com/mikkeloscar/aur' ...
  got v0.0.0-20260216085919-edc83a347ee0
  has 0 dependencies
Evaluating 'github.com/uptrace/bun/dialect/pgdialect' ...
  got v1.1.1
  has 17 dependencies
Evaluating 'github.com/microsoft/kiota-abstractions-go' ...
  got v1.1.1
  has 17 dependencies
Evaluating 'github.com/microsoft/kiota-http-go' ...
  got v2.3.0
  has 19 dependencies
Evaluating 'github.com/go-redis/cache/v9' ...
  got v2.2.0
  has 48 dependencies
Evaluating 'github.com/digitalocean/go-smbios' ...
  got v0.0.0-20180907143718-390a4f403a8e
  has 0 dependencies
Evaluating 'github.com/gogs/cron' ...
  got v0.0.0-20171120032916-9f6c956d3e14
  has 0 dependencies
Evaluating 'rsc.io/qr' ...
  got v0.2.0
  has 0 dependencies
Evaluating 'github.com/Azure/azure-storage-azcopy/v10' ...
  got v0.25.1
  has 236 dependencies
Evaluating 'github.com/couchbase/vellum' ...
  got v0.3.1
  has 32 dependencies
Evaluating 'github.com/google/safehtml' ...
  got v0.1.0
  has 2 dependencies
Evaluating 'cloud.google.com/go/cbt' ...
  got v0.25.1
  has 205 dependencies
Evaluating 'github.com/microsoft/kiota-serialization-text-go' ...
  got v1.1.1
  has 16 dependencies
Evaluating 'github.com/kvtools/zookeeper' ...
  got v1.1.1
  has 9 dependencies
Evaluating 'github.com/microsoft/kiota-serialization-json-go' ...
  got v1.1.1
  has 18 dependencies
Evaluating 'github.com/kvtools/etcdv3' ...
  got v0.19.1
  has 73 dependencies
Evaluating 'github.com/kvtools/consul' ...
  got v3.2.0+incompatible
  has 85 dependencies
Evaluating 'github.com/aws/aws-sdk-go-v2/service/scheduler' ...
  got v1.41.6
  has 4 dependencies
Evaluating 'github.com/microsoft/kiota-authentication-azure-go' ...
  got v1.18.1
  has 33 dependencies
Evaluating 'github.com/aws/aws-sdk-go-v2/service/cloudcontrol' ...
  got v1.41.6
  has 4 dependencies
Evaluating 'gitlab.com/gitlab-org/docker-distribution-pruner' ...
  got v0.8.7
  has 17 dependencies
Evaluating 'github.com/paketo-buildpacks/bundler' ...
  got v0.25.1
  has 774 dependencies
Evaluating 'github.com/twmb/franz-go/pkg/kmsg' ...
  got v1.13.1
  has 0 dependencies
Evaluating 'github.com/vbauerster/mpb/v6' ...
  got v1.2.0
  has 5 dependencies
Evaluating 'github.com/cosmos/ics23/go' ...
  got v1.7.0
  has 16 dependencies
Evaluating 'github.com/cosmos/gogogateway' ...
  got v0.34.0
  has 48 dependencies
Evaluating 'github.com/blues/jsonata-go' ...
  got v1.5.4
  has 0 dependencies
Evaluating 'github.com/XiaoMi/pegasus-go-client' ...
  got v0.3.1
  has 67 dependencies
Evaluating 'github.com/checkpoint-restore/checkpointctl' ...
  got v1.5.0
  has 56 dependencies
Evaluating 'github.com/doclambda/protobufquery' ...
  got v0.26.0
  has 34 dependencies
Evaluating 'github.com/paketo-buildpacks/unicorn' ...
  got v0.24.0
  has 306 dependencies
Evaluating 'github.com/kubeflow/pipelines' ...
  ! module not resolved
Evaluating 'github.com/Jguer/votar' ...
  got v1.0.0
  has 8 dependencies
Evaluating 'github.com/jwalton/go-supportscolor' ...
  got v1.2.0
  has 2 dependencies
Evaluating 'github.com/twmb/franz-go' ...
  got v1.18.5
  has 4 dependencies
Evaluating 'github.com/ipfs/go-ipfs-api' ...
  got v0.0.0-20190825152654-46b345b51c96
  has 186 dependencies
Evaluating 'github.com/CloudyKit/jet/v6' ...
  got v0.0.0-20200109182630-33d98a066a53
  has 1 dependencies
Evaluating 'gitlab.com/gitlab-org/gitlab/workhorse' ...
  got v0.25.1
  has 217 dependencies
Evaluating 'github.com/edgexfoundry/go-mod-secrets/v2' ...
  got v0.5.2
  has 25 dependencies
Evaluating 'github.com/gonvenience/term' ...
  got v3.4.0
  has 18 dependencies
Evaluating 'github.com/Dreamacro/clash' ...
  got v1.18.0
  has 51 dependencies
Evaluating 'github.com/wI2L/jsondiff' ...
  got v1.18.0
  has 4 dependencies
Evaluating 'github.com/go-xorm/xorm' ...
  got v0.37.4
  has 86 dependencies
Evaluating 'github.com/paketo-buildpacks/mri' ...
  got v0.25.1
  has 774 dependencies
Evaluating 'github.com/goburrow/cache' ...
  got v0.1.4
  has 0 dependencies
Evaluating 'github.com/ipld/go-car/v2' ...
  got v0.3.1
  has 190 dependencies
Evaluating 'github.com/paketo-buildpacks/thin' ...
  got v0.24.0
  has 306 dependencies
Evaluating 'github.com/kvtools/redis' ...
  got v2.12.0
  has 13 dependencies
Evaluating 'github.com/gonvenience/bunt' ...
  got v3.4.0
  has 22 dependencies
Evaluating 'github.com/hashicorp/packer-plugin-oracle' ...
  got v0.110.8
  has 323 dependencies
Evaluating 'github.com/paketo-buildpacks/rake' ...
  got v0.24.0
  has 306 dependencies
Evaluating 'github.com/pbnjay/strptime' ...
  got v0.0.0-20140226051138-5c05b0d668c9
  has 0 dependencies
Evaluating 'github.com/edgexfoundry/go-mod-core-contracts/v2' ...
  got v1.1.0
  has 20 dependencies
Evaluating 'github.com/mattn/go-ciede2000' ...
  got v0.0.0-20170301095244-782e8c62fec3
  has 0 dependencies
Evaluating 'github.com/Azure/azure-amqp-common-go/v4' ...
  got v4.2.0
  has 14 dependencies
Evaluating 'github.com/paketo-buildpacks/bundle-install' ...
  got v0.25.1
  has 773 dependencies
Evaluating 'github.com/libp2p/go-libp2p-tls' ...
  got v1.0.1
  has 133 dependencies
Evaluating 'github.com/wagslane/go-password-validator' ...
  got v0.3.0
  has 0 dependencies
Evaluating 'code.gitea.io/gitea' ...
  got v1.6.0
  has 551 dependencies
Evaluating 'github.com/paketo-buildpacks/puma' ...
  got v0.24.0
  has 306 dependencies
Evaluating 'github.com/paketo-buildpacks/rackup' ...
  got v0.24.0
  has 306 dependencies
Evaluating 'github.com/latonaio/rabbitmq-golang-client-for-data-platform' ...
  got v1.6.0
  has 2 dependencies
Evaluating 'github.com/ccojocar/zxcvbn-go' ...
  got v1.0.4
  has 4 dependencies
Evaluating 'github.com/paketo-buildpacks/passenger' ...
  got v0.25.1
  has 773 dependencies
Evaluating 'github.com/paketo-buildpacks/rails-assets' ...
  got v0.24.0
  has 308 dependencies
Evaluating 'github.com/ultradns/ultradns-go-sdk' ...
  got v1.8.1-20250722213956-faef419
  has 1 dependencies
Evaluating 'github.com/jesseduffield/lazycore' ...
  got v1.1.1
  has 6 dependencies
Evaluating 'github.com/vbauerster/mpb/v5' ...
  got v1.1.1
  has 4 dependencies
Evaluating 'github.com/google/go-github/v48' ...
  got v1.3.2
  has 7 dependencies
Evaluating 'willnorris.com/go/gifresize' ...
  got v1.0.0
  has 0 dependencies
Evaluating 'github.com/open-telemetry/opentelemetry-collector-contrib/exporter/prometheusexporter' ...
  got v0.25.1
  has 341 dependencies
Evaluating 'gopkg.in/alexcesaro/statsd.v2' ...
  got v2.0.0
  has 0 dependencies
Evaluating 'github.com/giantswarm/microkit' ...
  got v1.0.1
  has 37 dependencies
Evaluating 'github.com/aws/aws-sdk-go-v2/service/pipes' ...
  got v1.41.6
  has 4 dependencies
Evaluating 'github.com/sourcegraph/annotate' ...
  got v0.0.0-20160123013949-f4cad6c6324d
  has 0 dependencies
Evaluating 'github.com/direnv/direnv/v2' ...
  got v1.5.0
  has 5 dependencies
Evaluating 'github.com/gonvenience/neat' ...
  got v3.4.0
  has 25 dependencies
Evaluating 'github.com/ipfs/go-unixfsnode' ...
  got v2.3.0
  has 73 dependencies
Evaluating 'github.com/open-telemetry/opentelemetry-collector-contrib/exporter/kafkaexporter' ...
  got v0.25.1
  has 218 dependencies
Evaluating 'github.com/paketo-buildpacks/conda-env-update' ...
  got v0.25.1
  has 769 dependencies
Evaluating 'github.com/paketo-buildpacks/pip' ...
  got v0.25.1
  has 773 dependencies
Evaluating 'github.com/hashicorp/go-grpc-net-conn' ...
  got v0.26.0
  has 33 dependencies
Evaluating 'github.com/xtaci/tcpraw' ...
  got v0.8.0
  has 11 dependencies
Evaluating 'willnorris.com/go/imageproxy' ...
  got v0.19.2
  has 99 dependencies
Evaluating 'github.com/grafana/dataplane/sdata' ...
  got v0.34.0
  has 116 dependencies
Evaluating 'github.com/minio/kes-go' ...
  got v0.2.0
  has 29 dependencies
Evaluating 'github.com/paketo-buildpacks/miniconda' ...
  got v0.25.1
  has 773 dependencies
Evaluating 'github.com/flosch/pongo2/v4' ...
  got v4.0.2
  has 4 dependencies
Evaluating 'github.com/paketo-buildpacks/pipenv' ...
  got v0.25.1
  has 774 dependencies
Evaluating 'github.com/gwos/tcg/sdk' ...
  got v0.0.0-20260415140038-684a009363ac
  has 0 dependencies
Evaluating 'github.com/maruel/panicparse' ...
  got v0.5.1
  has 7 dependencies
Evaluating 'sigs.k8s.io/sig-storage-lib-external-provisioner/v8' ...
  got v0.51.0
  has 136 dependencies
Evaluating 'github.com/blevesearch/bleve' ...
  got v0.3.1
  has 79 dependencies
Evaluating 'github.com/sercand/kuberesolver/v4' ...
  got v0.107.0
  has 236 dependencies
Evaluating 'github.com/hashicorp/protostructure' ...
  got v1.1.0
  has 10 dependencies
Evaluating 'google.golang.org/genproto/googleapis' ...
  ! module not resolved
Evaluating 'github.com/sourcegraph/syntaxhighlight' ...
  got v0.0.0-20160123013949-f4cad6c6324d
  has 1 dependencies
Evaluating 'github.com/mattermost/gosaml2' ...
  got v1.1.0
  has 17 dependencies
Evaluating 'github.com/stripe/stripe-go' ...
  got v70.15.0+incompatible
  has 0 dependencies
Evaluating 'github.com/hashicorp/opaqueany' ...
  got v1.5.0
  has 4 dependencies
Evaluating 'github.com/hashicorp/vault/api/auth/approle' ...
  got v1.1.1
  has 50 dependencies
Evaluating 'github.com/mattermost/logr' ...
  got v0.37.0
  has 117 dependencies
Evaluating 'github.com/paketo-buildpacks/pip-install' ...
  got v0.25.1
  has 773 dependencies
Evaluating 'github.com/paketo-buildpacks/python-start' ...
  got v0.24.0
  has 306 dependencies
Evaluating 'github.com/c4milo/unpackit' ...
  got v0.0.0-20191230175014-e8f45d346db8
  has 9 dependencies
Evaluating 'github.com/projectdiscovery/clistats' ...
  got v0.2.0
  has 119 dependencies
Evaluating 'github.com/gonvenience/text' ...
  got v3.4.0
  has 23 dependencies
Evaluating 'github.com/gonvenience/wrap' ...
  got v3.4.0
  has 15 dependencies
Evaluating 'github.com/paketo-buildpacks/pipenv-install' ...
  got v0.25.1
  has 773 dependencies
Evaluating 'github.com/istio/klog' ...
  got v1.1.1
  has 9 dependencies
Evaluating 'github.com/graph-gophers/dataloader/v6' ...
  got v1.1.0
  has 9 dependencies
Evaluating 'github.com/spinillos/oapi-codegen' ...
  ! module not resolved
Evaluating 'github.com/tredoe/osutil/v2' ...
  ! module not resolved
Evaluating 'github.com/kataras/blocks' ...
  got v0.0.12
  has 2 dependencies
Evaluating 'github.com/jfrog/gofrog' ...
  got v1.1.0
  has 21 dependencies
Evaluating 'github.com/moul/http2curl' ...
  got v1.0.0
  has 0 dependencies
Evaluating 'modernc.org/strutil' ...
  got v0.0.0-20230129092748-24d4a6f8daec
  has 2 dependencies
Evaluating 'github.com/marten-seemann/qtls' ...
  got v1.4.0
  has 9 dependencies
Evaluating 'github.com/kataras/jwt' ...
  got v0.1.17
  has 0 dependencies
Evaluating 'github.com/projectdiscovery/cdncheck' ...
  got v0.2.0
  has 135 dependencies
Evaluating 'github.com/virtuald/go-ordered-json' ...
  got v0.0.0-20170621173500-b18e6e673d74
  has 1 dependencies
Evaluating 'github.com/homeport/dyff' ...
  got v1.6.0
  has 39 dependencies
Evaluating 'github.com/piotrkowalczuk/promgrpc/v4' ...
  got v0.15.0
  has 53 dependencies
Evaluating 'github.com/opensearch-project/opensearch-go' ...
  got v1.42.27
  has 16 dependencies
Evaluating 'github.com/pebbe/zmq4' ...
  got v1.4.0
  has 0 dependencies
Evaluating 'github.com/edgexfoundry/go-mod-configuration/v2' ...
  got v0.3.10
  has 23 dependencies
Evaluating 'github.com/go-playground/form/v4' ...
  got v2.2.0
  has 1 dependencies
Evaluating 'github.com/nozzle/throttler' ...
  got v0.0.0-20180817012639-2ea982251481
  has 0 dependencies
Evaluating 'github.com/libp2p/go-libp2p-autonat' ...
  got v0.37.0
  has 388 dependencies
Evaluating 'github.com/pingcap/sysutil' ...
  got v0.26.0
  has 57 dependencies
Evaluating 'github.com/aliyun/aliyun-log-go-sdk' ...
  got v0.65.0
  has 354 dependencies
Evaluating 'github.com/gonvenience/ytbx' ...
  got v1.6.0
  has 29 dependencies
Evaluating 'github.com/rhysd/go-github-selfupdate' ...
  got v3.5.1+incompatible
  has 27 dependencies
Evaluating 'github.com/oracle/oci-go-sdk/v36' ...
  got v1.1.0
  has 6 dependencies
Evaluating 'github.com/gtank/cryptopasta' ...
  got v0.0.0-20170601214702-1f550f6f2f69
  has 5 dependencies
Evaluating 'github.com/k14s/starlark-go' ...
  ! module not resolved
Evaluating 'github.com/uber-go/tally/v4' ...
  got v1.0.1
  has 31 dependencies
Evaluating 'github.com/open-telemetry/opentelemetry-collector-contrib/receiver/opencensusreceiver' ...
  got v0.24.0
  has 186 dependencies
Evaluating 'github.com/segmentio/analytics-go' ...
  got v1.1.1
  has 6 dependencies
Evaluating 'github.com/go-latex/latex' ...
  got v0.0.0-20210822154628-43a7030f6e0b
  has 16 dependencies
Evaluating 'github.com/hashicorp/hcl2' ...
  got v1.2.1
  has 38 dependencies
Evaluating 'github.com/isacikgoz/fuzzy' ...
  got v0.2.0
  has 1 dependencies
Evaluating 'github.com/kataras/tunnel' ...
  got v0.0.4
  has 0 dependencies
Evaluating 'github.com/prometheus/blackbox_exporter' ...
  got v0.24.0
  has 89 dependencies
Evaluating 'github.com/isacikgoz/prompt' ...
  got v1.12.0
  has 6 dependencies
Evaluating 'github.com/diskfs/go-diskfs' ...
  got v0.1.0
  has 18 dependencies
Evaluating 'github.com/libp2p/go-addr-util' ...
  got v0.3.1
  has 43 dependencies
Evaluating 'github.com/edgexfoundry/go-mod-bootstrap/v2' ...
  got v0.5.2
  has 62 dependencies
Evaluating 'cmd/distpack' ...
  ! module not found
Evaluating 'github.com/longhorn/go-iscsi-helper' ...
  got v0.0.0-20210130143923-c95fcf8c64a8
  has 22 dependencies
Evaluating 'github.com/cakturk/go-netstat' ...
  got v0.0.0-20200220111822-e5b49efee7a5
  has 0 dependencies
Evaluating 'github.com/g07cha/defender' ...
  got v0.0.0-20180505193036-5665c627c814
  has 1 dependencies
Evaluating 'github.com/intel/iaevents' ...
  got v1.1.1
  has 13 dependencies
Evaluating 'github.com/apache/pulsar-client-go/oauth2' ...
  got v0.34.0
  has 40 dependencies
Evaluating 'github.com/pingcap/goleveldb' ...
  got v0.0.0-20191226122134-f82aafb29989
  has 0 dependencies
Evaluating 'gomodules.xyz/mergo' ...
  got v0.3.13
  has 2 dependencies
Evaluating 'github.com/google/go-cmdtest' ...
  got v0.4.0
  has 2 dependencies
Evaluating 'github.com/tidwall/wal' ...
  got v1.10.2
  has 4 dependencies
Evaluating 'github.com/ucarion/urlpath' ...
  got v0.0.0-20200424170820-7ccc79b76bbb
  has 0 dependencies
Evaluating 'github.com/containerd/nydus-snapshotter' ...
  got v1.0.1
  has 151 dependencies
Evaluating 'github.com/bufbuild/buf' ...
  got v1.36.11-20250718181942-e35f9b667443.1
  has 98 dependencies
Evaluating 'github.com/open-telemetry/opentelemetry-collector-contrib/extension/healthcheckextension' ...
  got v0.25.1
  has 115 dependencies
Evaluating 'gopkg.in/natefinch/npipe.v2' ...
  got v2.0.0-20160621034901-c1b8fa8bdcce
  has 0 dependencies
Evaluating 'cosmossdk.io/tools/rosetta' ...
  got v0.1.0
  has 591 dependencies
Evaluating 'github.com/yuin/goldmark-meta' ...
  got v1.4.6
  has 3 dependencies
Evaluating 'github.com/kubernetes-csi/external-resizer' ...
  got v1.0.1
  has 66 dependencies
Evaluating 'github.com/lestrrat/go-strftime' ...
  got v0.0.0-20180220042222-ba3bf9c1d042
  has 1 dependencies
Evaluating 'github.com/nats-io/go-nats' ...
  ! module not resolved
Evaluating 'github.com/mattermost/gorp' ...
  got v2.0.0+incompatible
  has 0 dependencies
Evaluating 'github.com/eclipse/paho.golang' ...
  got v1.1.1
  has 9 dependencies
Evaluating 'github.com/muesli/mango-cobra' ...
  got v2.0.6
  has 10 dependencies
Evaluating 'github.com/chris-ramon/douceur' ...
  got v1.12.0
  has 16 dependencies
Evaluating 'github.com/cri-o/ocicni' ...
  got v3.4.0
  has 21 dependencies
Evaluating 'github.com/Joker/jade' ...
  got v1.0.0
  has 12 dependencies
Evaluating 'github.com/lestrrat/go-file-rotatelogs' ...
  got v0.0.0-20180223000712-d3151e2a480f
  has 2 dependencies
Evaluating 'github.com/gocolly/colly/v2' ...
  got v1.11.0
  has 33 dependencies
Evaluating 'github.com/anchore/go-rpmdb' ...
  got v0.1.0
  has 19 dependencies
Evaluating 'github.com/containers/conmon' ...
  got v2.2.1+incompatible
  has 0 dependencies
Evaluating 'github.com/cosmos/rosetta-sdk-go' ...
  got v1.0.0
  has 9 dependencies
Evaluating 'github.com/AppsFlyer/go-sundheit' ...
  got v0.6.0
  has 11 dependencies
Evaluating 'github.com/microsoft/kiota-serialization-form-go' ...
  got v1.1.1
  has 18 dependencies
Evaluating 'github.com/liamg/gifwrap' ...
  got v1.0.0
  has 11 dependencies
Evaluating 'github.com/containrrr/shoutrrr' ...
  got v1.14.0
  has 35 dependencies
Evaluating 'gopkg.in/olivere/elastic.v2' ...
  got v2.0.61
  has 0 dependencies
Evaluating 'github.com/tonistiigi/opentelemetry-go-contrib/instrumentation/net/http/httptrace/otelhttptrace' ...
  ! module not resolved
Evaluating 'github.com/projectdiscovery/rawhttp' ...
  got v0.2.0
  has 153 dependencies
Evaluating 'github.com/tylertreat/BoomFilters' ...
  got v0.0.0-20251117164519-53813c36cc1b
  has 0 dependencies
Evaluating 'github.com/mdlayher/packet' ...
  got v0.5.9
  has 8 dependencies
Evaluating 'github.com/gogs/go-gogs-client' ...
  got v0.0.0-20210131175652-1d7215cd8d85
  has 0 dependencies
Evaluating 'github.com/nginxinc/nginx-prometheus-exporter' ...
  ! module not resolved
Evaluating 'github.com/lor00x/goldap' ...
  got v0.0.0-20240304151906-8d785c64d1c8
  has 0 dependencies
Evaluating 'github.com/tonistiigi/opentelemetry-go-contrib/instrumentation/net/http/otelhttp' ...
  ! module not resolved
Evaluating 'github.com/openshift/kubernetes-apimachinery' ...
  ! module not resolved
Evaluating 'github.com/tonistiigi/opentelemetry-go-contrib/instrumentation/google.golang.org/grpc/otelgrpc' ...
  ! module not resolved
Evaluating 'github.com/go-fonts/liberation' ...
  got v0.3.3
  has 2 dependencies
Evaluating 'github.com/360EntSecGroup-Skylar/excelize' ...
  got v1.4.1
  has 4 dependencies
Evaluating 'github.com/edgexfoundry/go-mod-registry/v2' ...
  got v0.3.10
  has 19 dependencies
Evaluating 'github.com/hyperledger/fabric-amcl' ...
  got v0.0.0-20230602173724-9e02669dceb2
  has 0 dependencies
Evaluating 'github.com/xanzy/go-cloudstack' ...
  got v2.4.1+incompatible
  has 0 dependencies
Evaluating 'github.com/franela/goreq' ...
  got v0.0.0-20171204163338-bcd34c9993f8
  has 0 dependencies
Evaluating 'github.com/openshift/kubernetes-client-go' ...
  got v11.0.0+incompatible
  has 0 dependencies
Evaluating 'github.com/SermoDigital/jose' ...
  got v0.9.1
  has 0 dependencies
Evaluating 'github.com/libp2p/go-libp2p-gostream' ...
  got v0.0.0-20190825152654-46b345b51c96
  has 114 dependencies
Evaluating 'github.com/pulumi/pulumi/sdk/v3' ...
  got v0.25.1
  has 177 dependencies
Evaluating 'github.com/DataDog/datadog-operator' ...
  got v0.25.1
  has 300 dependencies
Evaluating 'github.com/jdxcode/netrc' ...
  got v1.0.0
  has 4 dependencies
Evaluating 'github.com/IBM/ibmcloud-storage-volume-lib' ...
  got v0.0.2
  has 0 dependencies
Evaluating 'github.com/blevesearch/zap/v11' ...
  got v0.3.1
  has 79 dependencies
Evaluating 'github.com/blevesearch/zap/v12' ...
  got v0.3.1
  has 79 dependencies
Evaluating 'github.com/ory/dockertest/v3' ...
  got v1.0.0
  has 70 dependencies
Evaluating 'kmodules.xyz/offshoot-api' ...
  got v1.1.2-0.20180830191138-d8f796af33cc
  has 56 dependencies
Evaluating 'github.com/connesc/cipherio' ...
  got v0.2.1
  has 9 dependencies
Evaluating 'github.com/uptrace/opentelemetry-go-extra/otelzap' ...
  got v1.1.1
  has 16 dependencies
Evaluating 'github.com/GoogleCloudPlatform/opentelemetry-operations-go/exporter/metric' ...
  got v0.25.1
  has 184 dependencies
Evaluating 'github.com/google/gnxi' ...
  got v0.110.0
  has 401 dependencies
Evaluating 'github.com/open-telemetry/opentelemetry-collector-contrib/receiver/kafkareceiver' ...
  got v0.25.1
  has 217 dependencies
Evaluating 'github.com/tstranex/u2f' ...
  got v1.0.0
  has 0 dependencies
Evaluating 'github.com/banzaicloud/operator-tools' ...
  got v0.8.0
  has 144 dependencies
Evaluating 'github.com/newrelic/newrelic-client-go' ...
  got v1.1.1
  has 18 dependencies
Evaluating 'github.com/aws/aws-sdk-go-v2/service/opensearchserverless' ...
  got v1.41.6
  has 4 dependencies
Evaluating 'github.com/cenkalti/rpc2' ...
  got v1.0.2
  has 1 dependencies
Evaluating 'github.com/studio-b12/gowebdav' ...
  got v0.12.0
  has 0 dependencies
Evaluating 'github.com/mwitkow/go-proto-validators' ...
  got v1.1.0
  has 9 dependencies
Evaluating 'github.com/tektoncd/triggers' ...
  got v0.25.1
  has 153 dependencies
Evaluating 'github.com/gizak/termui/v3' ...
  got v3.1.0
  has 3 dependencies
Evaluating 'github.com/qri-io/starlib' ...
  got v0.26.0
  has 49 dependencies
Evaluating 'github.com/wastore/keyctl' ...
  got v0.3.1
  has 0 dependencies
Evaluating 'github.com/wangjohn/quickselect' ...
  got v0.0.0-20240903062940-6fa78e836728
  has 0 dependencies
Evaluating 'github.com/Azure/azure-sdk-for-go/sdk/security/keyvault/internal' ...
  got v1.18.0
  has 24 dependencies
Evaluating 'github.com/DataDog/extendeddaemonset' ...
  got v0.54.0
  has 265 dependencies
Evaluating 'github.com/yohcop/openid-go' ...
  got v1.0.1
  has 10 dependencies
Evaluating 'github.com/open-telemetry/opentelemetry-collector-contrib/receiver/kafkareceiver' ...
  got v0.25.1
  has 217 dependencies
Evaluating 'github.com/datawire/dlib' ...
  got v1.3.1
  has 9 dependencies
Evaluating 'github.com/hashicorp/terraform-plugin-framework-timeouts' ...
  got v1.15.0
  has 12 dependencies
Evaluating 'github.com/dswarbrick/smart' ...
  got v1.1.1
  has 7 dependencies
Evaluating 'github.com/gizak/termui/v3' ...
  got v3.1.0
  has 3 dependencies
Evaluating 'github.com/Jguer/yay/v10' ...
  got v1.0.0
  has 25 dependencies
Evaluating 'github.com/aws/aws-sdk-go-v2/service/opensearchserverless' ...
  got v1.41.6
  has 4 dependencies
Evaluating 'github.com/wastore/keyctl' ...
  got v0.3.1
  has 0 dependencies
Evaluating 'go.opentelemetry.io/collector/exporter/otlphttpexporter' ...
  got v0.25.1
  has 124 dependencies
Evaluating 'github.com/ipfs/go-bitswap' ...
  got v0.0.0-20190825152654-46b345b51c96
  has 165 dependencies
Evaluating 'github.com/k3s-io/klog/v2' ...
  ! module not resolved
Evaluating 'go.opentelemetry.io/otel/exporters' ...
  ! module not resolved
Evaluating 'github.com/cosmos/ibc-go/v7' ...
  got v0.112.0
  has 176 dependencies
Evaluating 'github.com/Azure/azure-sdk-for-go/sdk/security/keyvault/internal' ...
  got v1.18.0
  has 24 dependencies
Evaluating 'github.com/pgavlin/goldmark' ...
  ! module not resolved
Evaluating 'github.com/aws/aws-sdk-go-v2/service/ssmincidents' ...
  got v1.41.6
  has 4 dependencies
Evaluating 'github.com/orcaman/concurrent-map/v2' ...
  got v2.0.1
  has 0 dependencies
Evaluating 'github.com/libp2p/go-libp2p-pnet' ...
  got v1.3.0
  has 115 dependencies
Evaluating 'github.com/banzaicloud/operator-tools' ...
  got v0.8.0
  has 144 dependencies
Evaluating 'github.com/go-pdf/fpdf' ...
  got v1.0.1
  has 5 dependencies
Evaluating 'github.com/mwitkow/go-proto-validators' ...
  got v1.1.0
  has 9 dependencies
Evaluating 'github.com/giantswarm/microendpoint' ...
  got v1.0.1
  has 21 dependencies
Evaluating 'github.com/tstranex/u2f' ...
  got v1.0.0
  has 0 dependencies
Evaluating 'github.com/tektoncd/triggers' ...
  got v0.25.1
  has 153 dependencies
Evaluating 'github.com/hashicorp/golang-lru/arc/v2' ...
  got v2.0.7
  has 1 dependencies
Evaluating 'github.com/lyft/protoc-gen-star' ...
  got v1.1.0
  has 24 dependencies
Evaluating 'go.lsp.dev/jsonrpc2' ...
  got v1.1.3
  has 3 dependencies
Evaluating 'github.com/cloudfoundry/bosh-cli/v7' ...
  got v0.25.1
  has 323 dependencies
Evaluating 'github.com/cosmos/cosmos-sdk/cosmovisor' ...
  got v0.1.0
  has 472 dependencies
Evaluating 'github.com/cbroglie/mustache' ...
  got v1.4.0
  has 4 dependencies
Evaluating 'github.com/nacos-group/nacos-sdk-go' ...
  got v0.3.1
  has 44 dependencies
Evaluating 'github.com/duo-labs/webauthn' ...
  got v0.81.0
  has 82 dependencies
Evaluating 'github.com/pegasus-kv/thrift' ...
  got v0.14.1
  has 0 dependencies
Evaluating 'github.com/graphql-go/graphql' ...
  got v0.8.1
  has 0 dependencies
Evaluating 'github.com/zmap/zlint/v3' ...
  got v1.1.1
  has 31 dependencies
Evaluating 'github.com/oliamb/cutter' ...
  got v0.2.2
  has 0 dependencies
Evaluating 'github.com/grafana/xk6-browser' ...
  got v1.31.0-20210810001428-4df00b267f94.1
  has 122 dependencies
Evaluating 'github.com/bronze1man/goStrongswanVici' ...
  got v0.0.0-20231128135937-211cef3b0b20
  has 3 dependencies
Evaluating 'go.opentelemetry.io/collector/config/configtelemetry' ...
  got v1.1.1
  has 8 dependencies
Evaluating 'go.lsp.dev/pkg' ...
  got v0.0.0-20210717090340-384b27a52fb2
  has 0 dependencies
Evaluating 'github.com/open-telemetry/opentelemetry-collector-contrib/pkg/ottl' ...
  got v2.11.0
  has 70 dependencies
Evaluating 'kmodules.xyz/custom-resources' ...
  got v0.24.0
  has 115 dependencies
Evaluating 'github.com/influxdata/usage-client' ...
  got v0.0.0-20160829180054-6d3895376368
  has 0 dependencies
Evaluating 'github.com/davecgh/go-xdr' ...
  got v0.0.0-20161123171359-e6a2ba005892
  has 0 dependencies
Evaluating 'github.com/k3s-io/k3s' ...
  ! module not resolved
Evaluating 'github.com/TheZeroSlave/zapsentry' ...
  got v1.24.0
  has 21 dependencies
Evaluating 'github.com/cristalhq/hedgedhttp' ...
  got v0.9.1
  has 0 dependencies
Evaluating 'gopkg.in/alexcesaro/quotedprintable.v3' ...
  got v3.0.0-20150716171945-2caba252f4dc
  has 0 dependencies
Evaluating 'github.com/mkmik/multierror' ...
  got v0.4.0
  has 0 dependencies
Evaluating 'go.uber.org/mock' ...
  got v1.1.1
  has 8 dependencies
Evaluating 'sigs.k8s.io/application' ...
  got v0.38.0
  has 203 dependencies
Evaluating 'github.com/georgysavva/scany' ...
  got v0.3.1
  has 67 dependencies
Evaluating 'github.com/hudl/fargo' ...
  got v4.1.1
  has 39 dependencies
Evaluating 'github.com/docker/compose-cli' ...
  got v2.3.6
  has 209 dependencies
Evaluating 'github.com/gocolly/colly' ...
  got v1.12.0
  has 29 dependencies
Evaluating 'github.com/whyrusleeping/base32' ...
  got v0.0.0-20170828182744-c30ac30633cc
  has 0 dependencies
Evaluating 'github.com/cavaliercoder/grab' ...
  got v3.0.1+incompatible
  has 0 dependencies
Evaluating 'github.com/go-kratos/kratos/v2' ...
  got v1.0.0
  has 40 dependencies
Evaluating 'github.com/zsais/go-gin-prometheus' ...
  got v2.4.0
  has 65 dependencies
Evaluating 'github.com/go-gormigrate/gormigrate/v2' ...
  got v2.1.5
  has 7 dependencies
Evaluating 'github.com/github/hub' ...
  got v1.6.0
  has 13 dependencies
Evaluating 'github.com/giantswarm/versionbundle' ...
  got v0.3.1
  has 17 dependencies
Evaluating 'k8s.io/system-validators' ...
  got v4.0.0
  has 6 dependencies
Evaluating 'github.com/elastic/elastic-agent-shipper-client' ...
  got v0.5.2
  has 68 dependencies
Evaluating 'lukechampine.com/frand' ...
  got v1.5.1
  has 0 dependencies
Evaluating 'go.lsp.dev/protocol' ...
  got v1.1.0
  has 33 dependencies
Evaluating 'github.com/jba/printsrc' ...
  got v0.2.2
  has 0 dependencies
Evaluating 'github.com/dannykopping/go-kit-log' ...
  ! module not resolved
Evaluating 'github.com/cloudfoundry/bosh-cli' ...
  got v0.25.1
  has 268 dependencies
Evaluating 'github.com/goreleaser/fileglob' ...
  got v0.4.4
  has 3 dependencies
Evaluating 'github.com/m3db/prometheus_client_model' ...
  got v1.3.5
  has 1 dependencies
Evaluating 'github.com/paketo-buildpacks/dotnet-core-aspnet' ...
  got v0.1.0
  has 763 dependencies
Evaluating 'github.com/paketo-buildpacks/dotnet-core-runtime' ...
  got v0.1.0
  has 763 dependencies
Evaluating 'github.com/goreleaser/chglog' ...
  got v1.0.1
  has 75 dependencies
Evaluating 'github.com/projectdiscovery/iputil' ...
  got v0.2.0
  has 18 dependencies
Evaluating 'github.com/cloudfoundry/bosh-gcscli' ...
  got v0.25.1
  has 203 dependencies
Evaluating 'github.com/mailgun/raymond/v2' ...
  got v1.1.1
  has 9 dependencies
Evaluating 'inet.af/tcpproxy' ...
  got v0.0.0-20210323213023-7e956b284f0a
  has 1 dependencies
Evaluating 'cloud.google.com/go/grafeas' ...
  got v0.123.0
  has 33 dependencies
Evaluating 'github.com/pivotal-cf/paraphernalia' ...
  got v0.0.0-20180203224945-a64ae2051c20
  has 0 dependencies
Evaluating 'github.com/cloudfoundry/config-server' ...
  got v1.0.0
  has 42 dependencies
Evaluating 'github.com/webdevops/go-replace' ...
  got v1.1.1
  has 18 dependencies
Evaluating 'github.com/petar/GoLLRB' ...
  got v0.0.0-20210522233825-ae3b015fd3e9
  has 0 dependencies
Evaluating 'github.com/boj/redistore' ...
  got v1.4.2
  has 8 dependencies
Evaluating 'github.com/bhmj/jsonslice' ...
  got v1.1.3
  has 1 dependencies
Evaluating 'github.com/ahmetb/dlog' ...
  got v0.0.0-20170105205344-4fb5f8204f26
  has 0 dependencies
Evaluating 'github.com/launchdarkly/eventsource' ...
  got v1.1.1
  has 5 dependencies
Evaluating 'github.com/m3db/prometheus_common' ...
  got v0.65.0
  has 99 dependencies
Evaluating 'go.opentelemetry.io/collector/processor/memorylimiterprocessor' ...
  got v2.3.0
  has 76 dependencies
Evaluating 'github.com/rancher/rke' ...
  ! module not found
Evaluating 'github.com/uptrace/bun/driver/pgdriver' ...
  got v2.3.0
  has 30 dependencies
Evaluating 'code.cloudfoundry.org/workpool' ...
  got v0.0.0-20250911194158-1489753f182e
  has 0 dependencies
Evaluating 'github.com/Azure/azure-sdk-for-go/sdk/resourcemanager/containerservice/armcontainerservice/v2' ...
  got v1.4.0
  has 23 dependencies
Evaluating 'github.com/go-pg/pg/v10' ...
  got v1.1.1
  has 32 dependencies
Evaluating 'github.com/tkuchiki/go-timezone' ...
  got v0.2.3
  has 0 dependencies
Evaluating 'github.com/cloudfoundry/bosh-s3cli' ...
  got v1.0.0
  has 60 dependencies
Evaluating 'github.com/hdm/jarm-go' ...
  got v0.0.0-20201105153123-f2adbb3244d2
  has 16 dependencies
Evaluating 'github.com/cloudfoundry/bosh-agent' ...
  got v2.367.0+incompatible
  has 0 dependencies
Evaluating 'github.com/apache/arrow/go/v13' ...
  got v0.0.0-20211019200055-46fa312c352c
  has 54 dependencies
Evaluating 'github.com/prometheus-community/go-runit' ...
  got v0.1.0
  has 0 dependencies
Evaluating 'github.com/cloudfoundry/bosh-davcli' ...
  got v0.51.0
  has 24 dependencies
Evaluating 'github.com/Azure/kubelogin' ...
  got v0.26.0
  has 133 dependencies
Evaluating 'github.com/yalp/jsonpath' ...
  got v0.0.0-20180802001716-5cc68e5049a0
  has 0 dependencies
Evaluating 'github.com/cppforlife/color' ...
  ! module not resolved
Evaluating 'go.opentelemetry.io/collector/extension' ...
  got v2.3.0
  has 39 dependencies
Evaluating 'github.com/latonaio/golang-mysql-network-connector' ...
  got v1.1.0
  has 3 dependencies
Evaluating 'github.com/allegro/bigcache' ...
  got v1.2.1
  has 0 dependencies
Evaluating 'github.com/gruntwork-io/terratest' ...
  got v0.16.1
  has 230 dependencies
Evaluating 'github.com/m3db/prometheus_client_golang' ...
  got v0.65.0
  has 99 dependencies
Evaluating 'github.com/xwb1989/sqlparser' ...
  got v0.0.0-20180606152119-120387863bf2
  has 0 dependencies
Evaluating 'github.com/projectdiscovery/tlsx' ...
  got v0.2.0
  has 125 dependencies
Evaluating 'github.com/osrg/gobgp/v3' ...
  got v1.3.2
  has 51 dependencies
Evaluating 'git.sr.ht/~sbinet/gg' ...
  got v0.1.0
  has 10 dependencies
Evaluating 'github.com/ipfs/go-filestore' ...
  got v0.3.1
  has 78 dependencies
Evaluating 'github.com/MasslessParticle/azure-storage-blob-go' ...
  ! module not resolved
Evaluating 'github.com/projectdiscovery/asnmap' ...
  got v0.2.0
  has 109 dependencies
Evaluating 'github.com/spacemonkeygo/spacelog' ...
  got v0.0.0-20180420211403-2296661a0572
  has 1 dependencies
Evaluating 'github.com/open-telemetry/opentelemetry-collector-contrib/internal/filter' ...
  got v2.1.4
  has 60 dependencies
Evaluating 'go.opentelemetry.io/collector/config/configopaque' ...
  got v1.1.1
  has 24 dependencies
Evaluating 'github.com/facebookgo/stack' ...
  got v0.0.0-20160209184415-751773369052
  has 0 dependencies
Evaluating 'github.com/apache/iotdb-client-go' ...
  got v1.3.7
  has 16 dependencies
Evaluating 'github.com/jfrog/jfrog-client-go' ...
  got v1.0.1
  has 53 dependencies
Evaluating 'github.com/imroc/req' ...
  got v0.3.2
  has 0 dependencies
Evaluating 'github.com/cavaliergopher/cpio' ...
  got v1.0.1
  has 0 dependencies
Evaluating 'github.com/tailscale/web-client-prebuilt' ...
  got v0.0.0-20251127225136-f19339b67368
  has 0 dependencies
Evaluating 'github.com/buildkite/yaml' ...
  got v2.1.0+incompatible
  has 0 dependencies
Evaluating 'github.com/wodby/gotpl' ...
  got v0.0.0-20251025043548-73ec1c45c71d
  has 0 dependencies
Evaluating 'github.com/robbiet480/go.nut' ...
  got v0.0.0-20240622015809-60e196249c53
  has 0 dependencies
Evaluating 'github.com/denis-tingajkin/go-header' ...
  ! module not resolved
Evaluating 'github.com/btubbs/datetime' ...
  got v0.1.1
  has 0 dependencies
Evaluating 'github.com/multiformats/go-multiaddr-net' ...
  got v0.0.7
  has 15 dependencies
Evaluating 'github.com/markbates/going' ...
  got v1.1.0
  has 18 dependencies
Evaluating 'github.com/BurntSushi/xgb' ...
  got v0.0.0-20210121224620-deaf085860bc
  has 0 dependencies
Evaluating 'gopkg.in/alessio/shellescape.v1' ...
  got v1.0.0-20170105083845-52074bc9df61
  has 0 dependencies
Evaluating 'github.com/projectdiscovery/wappalyzergo' ...
  got v1.1.1
  has 9 dependencies
Evaluating 'github.com/ethantkoenig/rupture' ...
  got v0.3.1
  has 82 dependencies
Evaluating 'github.com/rasky/go-xdr' ...
  got v0.0.0-20170124162913-1a41d1a06c93
  has 0 dependencies
Evaluating 'gitea.com/lunny/levelqueue' ...
  got v0.4.1
  has 19 dependencies
Evaluating 'github.com/open-telemetry/opentelemetry-collector-contrib/processor/resourceprocessor' ...
  got v1.0.2
  has 115 dependencies
Evaluating 'github.com/gogf/gf/v2' ...
  got v1.5.0
  has 27 dependencies
Evaluating 'github.com/tonistiigi/docker' ...
  got v0.10.0
  has 0 dependencies
Evaluating 'github.com/k3s-io/helm-controller' ...
  got v0.24.0
  has 157 dependencies
Evaluating 'github.com/grafana/gocql' ...
  ! module not resolved
Evaluating 'github.com/etcd-io/bbolt' ...
  ! module not resolved
Evaluating 'github.com/libp2p/go-libp2p-circuit' ...
  got v0.37.0
  has 388 dependencies
Evaluating 'github.com/paketo-buildpacks/native-image/v5' ...
  got v1.6.0
  has 30 dependencies
Evaluating 'github.com/sourcegraph/jsonx' ...
  got v0.0.0-20200629203448-1a936bd500cf
  has 9 dependencies
Evaluating 'go.opentelemetry.io/collector/config/configtls' ...
  got v1.1.1
  has 37 dependencies
Evaluating 'github.com/bmizerany/assert' ...
  got v0.0.0-20160611221934-b7ed37b82869
  has 5 dependencies
Evaluating 'github.com/paketo-buildpacks/maven' ...
  got v0.3.1
  has 47 dependencies
Evaluating 'github.com/cilium/workerpool' ...
  got v1.4.0
  has 0 dependencies
Evaluating 'github.com/paketo-buildpacks/upx/v3' ...
  got v1.5.0
  has 19 dependencies
Evaluating 'github.com/libp2p/go-libp2p-http' ...
  got v0.0.0-20190825152654-46b345b51c96
  has 115 dependencies
Evaluating 'github.com/achanda/go-sysctl' ...
  got v0.0.0-20160222034550-6be7678c45d2
  has 0 dependencies
Evaluating 'github.com/open-telemetry/opentelemetry-collector-contrib/exporter/jaegerexporter' ...
  got v0.34.0
  has 323 dependencies
Evaluating 'github.com/kubernetes-sigs/nfs-subdir-external-provisioner' ...
  got v1.0.1
  has 52 dependencies
Evaluating 'github.com/rancher/kubernetes-provider-detector' ...
  got v0.38.0
  has 93 dependencies
Evaluating 'github.com/bramvdbogaerde/go-scp' ...
  got v1.6.0
  has 5 dependencies
Evaluating 'github.com/tikv/pd' ...
  got v2.1.19+incompatible
  has 0 dependencies
Evaluating 'github.com/paketo-buildpacks/gradle' ...
  got v0.3.1
  has 47 dependencies
Evaluating 'go.opentelemetry.io/collector/extension/auth' ...
  got v0.19.0
  has 59 dependencies
Evaluating 'github.com/zmap/zlint' ...
  got v1.1.1
  has 20 dependencies
Evaluating 'github.com/okzk/sdnotify' ...
  got v0.0.0-20240725214427-1c1fdd37c5ac
  has 1 dependencies
Evaluating 'go.opentelemetry.io/collector/config/confignet' ...
  got v1.1.1
  has 8 dependencies
Evaluating 'github.com/open-policy-agent/conftest' ...
  got v0.25.1
  has 542 dependencies
Evaluating 'github.com/bxcodec/faker' ...
  got v2.0.1+incompatible
  has 0 dependencies
Evaluating 'go.opentelemetry.io/collector/config/configcompression' ...
  got v1.1.1
  has 8 dependencies
Evaluating 'github.com/gorilla/rpc' ...
  got v1.2.1
  has 0 dependencies
Evaluating 'gitlab.com/golang-commonmark/puny' ...
  got v0.0.0-20191124015043-9f83538fa04f
  has 0 dependencies
Evaluating 'github.com/cilium/dns' ...
  ! module not resolved
Evaluating 'github.com/thomasklein94/packer-plugin-libvirt' ...
  got v0.0.0-20160811212531-371fbbdaa898
  has 258 dependencies
Evaluating 'github.com/integrii/flaggy' ...
  got v1.8.0
  has 0 dependencies
Evaluating 'github.com/edgexfoundry/edgex-go' ...
  got v0.0.0-20180207000608-0eeff89b0690
  has 95 dependencies
Evaluating 'go.opentelemetry.io/contrib/instrumentation/go.mongodb.org/mongo-driver/mongo/otelmongo' ...
  got v2.3.0
  has 27 dependencies
Evaluating 'go.opentelemetry.io/collector/config/configauth' ...
  got v0.25.1
  has 63 dependencies
Evaluating 'go.bytebuilders.dev/license-verifier' ...
  got v1.2.1
  has 58 dependencies
Evaluating 'github.com/kentik/patricia' ...
  got v1.1.1
  has 4 dependencies
Evaluating 'github.com/kastenhq/kopia' ...
  ! module not resolved
Evaluating 'github.com/marcsauter/single' ...
  got v0.0.0-20201009143647-9f8d81240be2
  has 0 dependencies
Evaluating 'go.opentelemetry.io/collector/config/internal' ...
  got v1.1.1
  has 11 dependencies
Evaluating 'github.com/paketo-buildpacks/sbt' ...
  got v0.3.1
  has 47 dependencies
Evaluating 'github.com/microsoft/dev-tunnels' ...
  got v1.4.2
  has 5 dependencies
Evaluating 'github.com/kubernetes-csi/external-snapshotter/v6' ...
  got v1.0.1
  has 63 dependencies
Evaluating 'github.com/libp2p/go-libp2p-quic-transport' ...
  got v0.65.0
  has 267 dependencies
Evaluating 'github.com/jamescun/tuntap' ...
  got v0.0.0-20190712092105-cb1fb277045c
  has 0 dependencies
Evaluating 'github.com/paketo-buildpacks/executable-jar' ...
  got v0.3.1
  has 45 dependencies
Evaluating 'github.com/DataDog/opentelemetry-mapping-go/pkg/quantile' ...
  got v0.71.0-devel.0.20250820180704-be0d2d237646
  has 15 dependencies
Evaluating 'github.com/Jguer/yay/v12' ...
  got v1.2.3
  has 40 dependencies
Evaluating 'github.com/uudashr/gopkgs' ...
  got v1.17.0
  has 2 dependencies
Evaluating 'github.com/open-telemetry/opentelemetry-collector-contrib/processor/filterprocessor' ...
  got v0.25.1
  has 169 dependencies
Evaluating 'github.com/fluxcd/kustomize-controller/api' ...
  got v1.8.4
  has 23 dependencies
Evaluating 'github.com/graph-gophers/dataloader' ...
  got v1.1.0
  has 5 dependencies
Evaluating 'github.com/qeesung/image2ascii' ...
  got v0.0.0-20170906152045-cc83f3b3ce59
  has 5 dependencies
Evaluating 'github.com/paketo-buildpacks/leiningen' ...
  got v0.3.1
  has 44 dependencies
Evaluating 'github.com/arbovm/levenshtein' ...
  got v0.0.0-20160628152529-48b4e1c0c4d0
  has 0 dependencies
Evaluating 'github.com/twpayne/go-vfs' ...
  got v1.1.0
  has 5 dependencies
Evaluating 'github.com/nats-io/jsm.go' ...
  got v0.5.0
  has 41 dependencies
Evaluating 'github.com/osrg/gobgp' ...
  got v2.0.0+incompatible
  has 0 dependencies
Evaluating 'github.com/GoogleCloudPlatform/microservices-demo/src/shippingservice' ...
  got v0.25.1
  has 193 dependencies
Evaluating 'github.com/libp2p/go-libp2p-xor' ...
  got v0.26.0
  has 129 dependencies
Evaluating 'github.com/aquasecurity/fanal' ...
  got v0.99.0
  has 287 dependencies
Evaluating 'github.com/bitnami-labs/sealed-secrets' ...
  got v1.0.1
  has 74 dependencies
Evaluating 'github.com/slok/goresilience' ...
  got v0.0.0-20180321164747-3a771d992973
  has 13 dependencies
Evaluating 'github.com/upbound/upjet' ...
  ! module not resolved
Evaluating 'github.com/withfig/autocomplete-tools/packages/cobra' ...
  got v0.99.0
  has 175 dependencies
Evaluating 'github.com/muvaf/typewriter' ...
  got v0.2.16
  has 16 dependencies
Evaluating 'github.com/casbin/gorm-adapter/v3' ...
  got v1.1.0
  has 100 dependencies
Evaluating 'github.com/willdonnelly/passwd' ...
  got v0.0.0-20141013001024-7935dab3074c
  has 0 dependencies
Evaluating 'github.com/google/cadvisor/cmd' ...
  ! module not resolved
Evaluating 'github.com/baabeetaa/tm-db' ...
  ! module not resolved
Evaluating 'github.com/grafana/go-gelf/v2' ...
  got v1.1.0
  has 4 dependencies
Evaluating 'github.com/dexidp/dex' ...
  got v2.13.0+incompatible
  has 0 dependencies
Evaluating 'github.com/juju/mutex' ...
  got v1.0.0
  has 4 dependencies
Evaluating 'github.com/OpenPeeDeeP/xdg' ...
  got v1.0.0
  has 4 dependencies
Evaluating 'github.com/flynn-archive/go-shlex' ...
  got v0.0.0-20150515145356-3f9db97f8568
  has 0 dependencies
Evaluating 'github.com/jwalton/gchalk' ...
  got v1.3.0
  has 3 dependencies
Evaluating 'github.com/qiniu/go-sdk/v7' ...
  got v1.18.1
  has 33 dependencies
Evaluating 'github.com/rancher/client-go' ...
  got v1.5.1
  has 0 dependencies
Evaluating 'github.com/uptrace/uptrace-go' ...
  got v5.0.3
  has 33 dependencies
Evaluating 'go.opentelemetry.io/collector/config/configgrpc' ...
  got v0.25.1
  has 101 dependencies
Evaluating 'github.com/projectdiscovery/dsl' ...
  got v0.2.0
  has 230 dependencies
Evaluating 'github.com/aquasecurity/kube-bench' ...
  got v0.3.0
  has 128 dependencies
Evaluating 'github.com/anacrolix/fuse' ...
  got v0.0.0-20170816220326-6d19f8ff2df8
  has 35 dependencies
Evaluating 'github.com/open-telemetry/opentelemetry-collector-contrib/pkg/translator/prometheusremotewrite' ...
  got v0.25.1
  has 299 dependencies
Evaluating 'github.com/kjk/lzma' ...
  got v0.0.0-20161016003348-3fd93898850d
  has 0 dependencies
Evaluating 'github.com/Shopify/logrus-bugsnag' ...
  got v0.0.0-20250605201603-d55aa3c8353b
  has 18 dependencies
Evaluating 'github.com/philips-software/go-hsdp-api' ...
  got v0.0.9
  has 31 dependencies
Evaluating 'github.com/alexflint/go-arg' ...
  got v1.6.1
  has 5 dependencies
Evaluating 'github.com/kubernetes-csi/external-attacher' ...
  got v2.0.0+incompatible
  has 0 dependencies
Evaluating 'gitlab.com/tslocum/cview' ...
  got v1.0.0
  has 9 dependencies
Evaluating 'github.com/colega/go-yaml-yaml' ...
  got v2.1.0+incompatible
  has 0 dependencies
Evaluating 'github.com/mitchellh/gox' ...
  got v1.0.0
  has 2 dependencies
Evaluating 'github.com/jesseduffield/gocui' ...
  got v0.3.0
  has 2 dependencies
Evaluating 'github.com/wk8/go-ordered-map/v2' ...
  got v0.2.0
  has 9 dependencies
Evaluating 'github.com/go-pkgz/expirable-cache' ...
  got v1.1.0
  has 6 dependencies
Evaluating 'kmodules.xyz/objectstore-api' ...
  got v0.24.0
  has 165 dependencies
Evaluating 'github.com/pulumi/pulumi/pkg/v3' ...
  got v0.112.1
  has 264 dependencies
Evaluating 'github.com/ipfs/go-metrics-prometheus' ...
  got v2.4.0
  has 53 dependencies
Evaluating 'github.com/Mellanox/sriovnet' ...
  ! module not resolved
Evaluating 'k8s.io/test-infra' ...
  got v0.0.9
  has 167 dependencies
Evaluating 'github.com/flannel-io/flannel' ...
  got v0.25.1
  has 268 dependencies
Evaluating 'github.com/hbakhtiyor/strsim' ...
  got v0.0.0-20190107154042-4d2bbb273edf
  has 0 dependencies
Evaluating 'k8s.io/kube-controller-manager' ...
  got v2.9.0
  has 22 dependencies
Evaluating 'github.com/chuckpreslar/emission' ...
  got v0.0.0-20170206194824-a7ddd980baf9
  has 0 dependencies
Evaluating 'github.com/projectdiscovery/httpx' ...
  got v0.2.0
  has 174 dependencies
Evaluating 'github.com/bwesterb/go-ristretto' ...
  got v1.2.3
  has 0 dependencies
Evaluating 'github.com/blevesearch/zap/v13' ...
  got v0.3.1
  has 79 dependencies
Evaluating 'github.com/facebookgo/atomicfile' ...
  got v0.0.0-20151019160806-2de1f203e7d5
  has 0 dependencies
Evaluating 'github.com/goreleaser/nfpm/v2' ...
  got v1.0.2
  has 107 dependencies
Evaluating 'k8s.io/kube-proxy' ...
  got v1.0.1
  has 37 dependencies
Evaluating 'go.opentelemetry.io/otel/exporters/trace/jaeger' ...
  got v1.1.0
  has 13 dependencies
Evaluating 'github.com/jmhodges/levigo' ...
  got v1.0.0
  has 0 dependencies
Evaluating 'github.com/swaggo/files/v2' ...
  got v2.0.2
  has 0 dependencies
Evaluating 'github.com/cosmos/ibc-go/v4' ...
  ! module not found
Evaluating 'github.com/emersion/go-imap' ...
  got v1.2.1
  has 5 dependencies
Evaluating 'github.com/blevesearch/zap/v14' ...
  got v0.3.1
  has 79 dependencies
Evaluating 'github.com/bsm/ginkgo/v2' ...
  got v2.12.0
  has 0 dependencies
Evaluating 'github.com/jesseduffield/yaml' ...
  got v2.1.0+incompatible
  has 0 dependencies
Evaluating 'github.com/heroku/x' ...
  got v1.0.0
  has 64 dependencies
Evaluating 'github.com/argoproj/argo-rollouts' ...
  ! module not found
Evaluating 'github.com/seccomp/containers-golang' ...
  got v3.5.1+incompatible
  has 20 dependencies
Evaluating 'github.com/google/go-github/v52' ...
  got v0.0.0-20230217124315-7d5c6f04bbb8
  has 11 dependencies
Evaluating 'github.com/grantae/certinfo' ...
  got v0.0.0-20170412194111-59d56a35515b
  has 0 dependencies
Evaluating 'github.com/ipfs/go-ds-flatfs' ...
  got v0.0.0-20191006012335-3fc7a47baff5
  has 22 dependencies
Evaluating 'github.com/timescale/timescaledb-tune' ...
  got v1.17.0
  has 5 dependencies
Evaluating 'gitlab.com/gitlab-org/fleeting/nesting' ...
  got v1.5.1
  has 28 dependencies
Evaluating 'gitlab.com/feistel/go-contentencoding' ...
  got v1.0.0
  has 0 dependencies
Evaluating 'github.com/gardener/etcd-druid' ...
  ! module not found
Evaluating 'github.com/shengdoushi/base58' ...
  got v1.0.0
  has 0 dependencies
Evaluating 'github.com/libp2p/go-maddr-filter' ...
  got v0.1.0
  has 11 dependencies
Evaluating 'github.com/portainer/docker-compose-wrapper' ...
  got v0.1.12
  has 5 dependencies
Evaluating 'git.torproject.org/pluggable-transports/goptlib.git' ...
  got v1.3.0
  has 0 dependencies
Evaluating 'github.com/mgutz/str' ...
  got v1.2.0
  has 0 dependencies
Evaluating 'github.com/ipfs/go-libipfs' ...
  ! module not resolved
Evaluating 'github.com/buildkite/interpolate' ...
  got v0.1.5
  has 1 dependencies
Evaluating 'github.com/algolia/algoliasearch-client-go/v3' ...
  got v3.32.1
  has 6 dependencies
Evaluating 'github.com/sylabs/scs-key-client' ...
  got v0.9.5
  has 1 dependencies
Evaluating 'github.com/florianl/go-tc' ...
  got v0.8.1
  has 25 dependencies
Evaluating 'github.com/rancher/eks-operator' ...
  ! module not resolved
Evaluating 'github.com/mattermost/mmctl/v6' ...
  got v0.0.0-20160811212531-371fbbdaa898
  has 780 dependencies
Evaluating 'github.com/bsm/gomega' ...
  got v1.27.10
  has 0 dependencies
Evaluating 'go.opentelemetry.io/collector/config/confighttp' ...
  got v0.25.1
  has 100 dependencies
Evaluating 'github.com/puzpuzpuz/xsync/v2' ...
  got v2.5.1
  has 0 dependencies
Evaluating 'github.com/logzio/azure-monitor-metrics-receiver' ...
  got v1.13.0
  has 32 dependencies
Evaluating 'github.com/grafana/tempo' ...
  got v0.102.0
  has 243 dependencies
Evaluating 'github.com/sylabs/scs-library-client' ...
  got v4.0.0
  has 9 dependencies
Evaluating 'github.com/google/rpmpack' ...
  got v1.0.1
  has 5 dependencies
Evaluating 'github.com/cloudfoundry-community/go-cfenv' ...
  got v1.18.0
  has 16 dependencies
Evaluating 'github.com/shenwei356/xopen' ...
  got v0.0.1
  has 11 dependencies
Evaluating 'github.com/xor-gate/ar' ...
  got v0.0.0-20170530204233-5c72ae81e2b7
  has 0 dependencies
Evaluating 'github.com/leekchan/accounting' ...
  got v1.1.0
  has 4 dependencies
Evaluating 'github.com/shenwei356/util' ...
  got v0.0.0-20210429162001-6b43995a97de
  has 14 dependencies
Evaluating 'github.com/samuel/go-thrift' ...
  got v0.0.0-20210915161234-7b67f98e972f
  has 0 dependencies
Evaluating 'github.com/xtaci/kcp-go' ...
  got v0.26.0
  has 34 dependencies
Evaluating 'github.com/Azure/azure-sdk-for-go/sdk/resourcemanager/storage/armstorage' ...
  got v1.18.0
  has 26 dependencies
Evaluating 'github.com/projectdiscovery/fileutil' ...
  got v0.0.0-20210307081110-f21760c49a8d
  has 23 dependencies
Evaluating 'github.com/alexflint/go-scalar' ...
  got v1.2.0
  has 3 dependencies
Evaluating 'github.com/openebs/node-disk-manager' ...
  got v0.54.0
  has 254 dependencies
Evaluating 'github.com/gobuffalo/genny' ...
  got v0.3.1
  has 70 dependencies
Evaluating 'github.com/deroproject/derohe' ...
  got v0.0.0-20240229002921-e9df1205b660
  has 0 dependencies
Evaluating 'github.com/sylabs/scs-build-client' ...
  got v1.3.0
  has 45 dependencies
Evaluating 'github.com/mkrautz/goar' ...
  got v0.0.0-20150919110319-282caa8bd9da
  has 0 dependencies
Evaluating 'github.com/wal-g/wal-g' ...
  got v0.57.0
  has 133 dependencies
Evaluating 'github.com/Azure/azure-sdk-for-go/sdk/resourcemanager/authorization/armauthorization/v2' ...
  got v1.9.0
  has 21 dependencies
Evaluating 'github.com/emersion/go-smtp' ...
  got v0.0.0-20241020182733-b788ff22d5a6
  has 1 dependencies
Evaluating 'github.com/smira/go-ftp-protocol' ...
  got v0.0.0-20140829150050-066b75c2b70d
  has 0 dependencies
Evaluating 'github.com/vulcand/oxy' ...
  got v1.1.2
  has 16 dependencies
Evaluating 'github.com/intel/oneapi-cli' ...
  got v1.3.3
  has 23 dependencies
Evaluating 'github.com/fearful-symmetry/gorapl' ...
  got v0.0.1
  has 2 dependencies
Evaluating 'github.com/fearful-symmetry/gomsr' ...
  got v0.0.1
  has 0 dependencies
Evaluating 'github.com/smira/go-xz' ...
  got v0.1.0
  has 0 dependencies
Evaluating 'github.com/Azure/azure-sdk-for-go/sdk/security/keyvault/azkeys' ...
  got v1.18.0
  has 25 dependencies
Evaluating 'github.com/BobuSumisu/aho-corasick' ...
  got v1.0.3
  has 0 dependencies
Evaluating 'github.com/shenwei356/natsort' ...
  got v0.0.0-20220117010048-580176ad49fb
  has 0 dependencies
Evaluating 'github.com/jackc/pglogrepl' ...
  got v1.1.1
  has 18 dependencies
Evaluating 'github.com/Azure/azure-sdk-for-go/sdk/resourcemanager/authorization/armauthorization' ...
  got v1.0.0
  has 20 dependencies
Evaluating 'github.com/gruntwork-io/gruntwork-cli' ...
  ! module not resolved
Evaluating 'github.com/DataDog/datadog-api-client-go' ...
  got v1.16.0
  has 6 dependencies
Evaluating 'github.com/ipfs/go-ipld-git' ...
  got v1.11.3
  has 32 dependencies
Evaluating 'github.com/docker-slim/docker-slim' ...
  ! module not resolved
Evaluating 'entgo.io/contrib' ...
  got v0.31.1-0.20250212144724-069be8033e83
  has 63 dependencies
Evaluating 'github.com/elastic/go-perf' ...
  got v0.0.0-20260224073651-af0ee0c731b7
  has 1 dependencies
Evaluating 'github.com/omec-project/openapi' ...
  got v0.3.0
  has 20 dependencies
Evaluating 'git.mills.io/prologic/smtpd' ...
  got v0.0.0-20210710122116-a525b76c287a
  has 0 dependencies
Evaluating 'github.com/tailscale/depaware' ...
  got v0.6.0
  has 9 dependencies
Evaluating 'github.com/armosec/armoapi-go' ...
  got v0.24.0
  has 312 dependencies
Evaluating 'github.com/DataDog/opencensus-go-exporter-datadog' ...
  got v0.26.0
  has 32 dependencies
Evaluating 'github.com/DisposaBoy/JsonConfigReader' ...
  got v0.0.0-20201129172854-99cf318d67e7
  has 0 dependencies
Evaluating 'github.com/shenwei356/go-logging' ...
  got v0.1.14
  has 3 dependencies
Evaluating 'github.com/LK4D4/joincontext' ...
  got v0.0.0-20171026170139-1724345da6d5
  has 5 dependencies
Evaluating 'github.com/armosec/utils-k8s-go' ...
  got v0.0.552
  has 100 dependencies
Evaluating 'sourcegraph.com/sqs/pbtypes' ...
  got v1.1.1
  has 1 dependencies
Evaluating 'go.opentelemetry.io/collector/processor' ...
  got v2.3.0
  has 44 dependencies
Evaluating 'stathat.com/c/consistent' ...
  got v1.0.0
  has 0 dependencies
Evaluating 'github.com/libp2p/go-libp2p-pubsub-router' ...
  got v0.0.0-20190825152654-46b345b51c96
  has 141 dependencies
Evaluating 'github.com/ti-mo/netfilter' ...
  got v1.1.1
  has 15 dependencies
Evaluating 'github.com/joomcode/errorx' ...
  got v1.1.1
  has 6 dependencies
Evaluating 'github.com/Mzack9999/ldapserver' ...
  ! module not resolved
Evaluating 'github.com/mozilla-services/yaml' ...
  got v0.0.0-20201007153854-c369669a6625
  has 0 dependencies
Evaluating 'github.com/wal-g/tracelog' ...
  got v0.9.1
  has 1 dependencies
Evaluating 'gopkg.in/evanphx/json-patch.v5' ...
  got v5.9.11
  has 0 dependencies
Evaluating 'github.com/timescale/timescaledb-parallel-copy' ...
  got v1.0.1
  has 68 dependencies
Evaluating 'github.com/projectdiscovery/interactsh' ...
  got v0.3.0
  has 140 dependencies
Evaluating 'github.com/mudler/yip' ...
  got v0.20.0
  has 328 dependencies
Evaluating 'github.com/go-task/task/v3' ...
  got v0.25.1
  has 384 dependencies
Evaluating 'github.com/luci/go-render' ...
  got v0.0.0-20160219211803-9a04cc21af0f
  has 0 dependencies
Evaluating 'github.com/d5/tengo/v2' ...
  got v2.17.0
  has 0 dependencies
Evaluating 'dmitri.shuralyov.com/gpu/mtl' ...
  got v0.0.0-20221208032759-85de2813cf6b
  has 0 dependencies
Evaluating 'github.com/paketo-buildpacks/apache-tomcat' ...
  got v0.3.1
  has 41 dependencies
Evaluating 'github.com/paketo-buildpacks/poetry-install' ...
  got v0.25.1
  has 773 dependencies
Evaluating 'gopkg.in/corvus-ch/zbase32.v1' ...
  got v1.0.0
  has 0 dependencies
Evaluating 'github.com/honeycombio/libhoney-go' ...
  got v1.5.7
  has 15 dependencies
Evaluating 'github.com/armosec/utils-go' ...
  got v0.0.58
  has 8 dependencies
Evaluating 'github.com/jpillora/s3' ...
  got v1.1.4
  has 2 dependencies
Evaluating 'github.com/projectdiscovery/nuclei/v2' ...
  got v0.2.0
  has 243 dependencies
Evaluating 'github.com/samuel/go-parser' ...
  got v0.0.0-20170131185712-99744db8e45c
  has 0 dependencies
Evaluating 'github.com/omec-project/logger_util' ...
  got v0.26.0
  has 49 dependencies
Evaluating 'github.com/projectdiscovery/yamldoc-go' ...
  got v0.27.2
  has 13 dependencies
Evaluating 'github.com/facebookgo/limitgroup' ...
  got v0.0.0-20150612190941-6abd8d71ec01
  has 0 dependencies
Evaluating 'github.com/fluent/fluent-bit-go' ...
  got v0.0.0-20260305090907-bda21e692da6
  has 2 dependencies
Evaluating 'github.com/cilium/metallb' ...
  ! module not resolved
Evaluating 'github.com/paketo-buildpacks/poetry-run' ...
  got v0.24.0
  has 307 dependencies
Evaluating 'github.com/gookit/goutil' ...
  got v0.7.4
  has 6 dependencies
Evaluating 'go.bug.st/serial' ...
  got v0.1.2
  has 6 dependencies
Evaluating 'go.opentelemetry.io/contrib/instrumentation' ...
  ! module not resolved
Evaluating 'github.com/crewjam/rfc5424' ...
  got v0.1.0
  has 4 dependencies
Evaluating 'github.com/elastic/dhcp' ...
  got v0.0.0-20200221232812-81b9770086ea
  has 0 dependencies
Evaluating 'github.com/aws/aws-sdk-go-v2/service/oam' ...
  got v1.41.6
  has 4 dependencies
Evaluating 'github.com/appleboy/gin-jwt/v2' ...
  got v2.10.3
  has 52 dependencies
Evaluating 'github.com/variantdev/vals' ...
  ! module not resolved
Evaluating 'github.com/xitongsys/parquet-go-source' ...
  got v0.100.2
  has 255 dependencies
Evaluating 'github.com/DataDog/netlink' ...
  got v1.0.0
  has 3 dependencies
Evaluating 'pault.ag/go/topsort' ...
  got v0.1.1
  has 0 dependencies
Evaluating 'github.com/operator-framework/operator-lifecycle-manager' ...
  got v0.25.1
  has 226 dependencies
Evaluating 'github.com/xo/dburl' ...
  got v0.24.2
  has 0 dependencies
Evaluating 'github.com/genuinetools/pkg' ...
  got v0.0.0-20181022210355-2fcf164d37cb
  has 0 dependencies
Evaluating 'github.com/facebookgo/muster' ...
  got v0.0.0-20150410010913-600d898af40a
  has 2 dependencies
Evaluating 'github.com/paketo-buildpacks/poetry' ...
  got v0.25.1
  has 773 dependencies
Evaluating 'github.com/pkoukk/tiktoken-go' ...
  got v1.1.1
  has 6 dependencies
Evaluating 'github.com/gardener/gardener' ...
  got v0.25.1
  has 333 dependencies
Evaluating 'github.com/yvasiyarov/newrelic_platform_go' ...
  got v0.0.0-20160601141957-9c099fbc30e9
  has 0 dependencies
Evaluating 'github.com/jitsi/tpl' ...
  got v1.0.1
  has 26 dependencies
Evaluating 'github.com/rancher/fleet/pkg/apis' ...
  got v2.9.0
  has 20 dependencies
Evaluating 'github.com/gizak/termui' ...
  got v3.1.0+incompatible
  has 0 dependencies
Evaluating 'github.com/juju/errgo' ...
  got v0.0.0-20140925100237-08cceb5d0b53
  has 0 dependencies
Evaluating 'github.com/iguazio/sarama' ...
  ! module not resolved
Evaluating 'github.com/k14s/ytt' ...
  ! module not resolved
Evaluating 'github.com/couchbase/moss' ...
  got v1.0.2
  has 4 dependencies
Evaluating 'github.com/elastic/gopacket' ...
  ! module not resolved
Evaluating 'github.com/go-testfixtures/testfixtures/v3' ...
  got v3.19.0
  has 2 dependencies
Evaluating 'github.com/go-webauthn/revoke' ...
  got v0.1.10
  has 5 dependencies
Evaluating 'github.com/vmware-tanzu/carvel-vendir' ...
  ! module not resolved
Evaluating 'github.com/marten-seemann/qtls-go1-15' ...
  got v1.4.4
  has 7 dependencies
Evaluating 'github.com/yvasiyarov/go-metrics' ...
  got v0.0.0-20150112132944-c25f46c4b940
  has 0 dependencies
Evaluating 'github.com/google/go-tpm-tools' ...
  got v0.0.0-20260307011055-895ec9019dd7
  has 18 dependencies
Evaluating 'github.com/hyperledger/fabric-contract-api-go' ...
  got v19.0.3
  has 36 dependencies
Evaluating 'github.com/twinj/uuid' ...
  got v1.0.0
  has 0 dependencies
Evaluating 'github.com/yvasiyarov/gorelic' ...
  got v0.0.0-20150112132944-c25f46c4b940
  has 2 dependencies
Evaluating 'github.com/ipfs/go-ipfs-http-client' ...
  got v0.0.0-20200117225306-7b5117fecadc
  has 271 dependencies
Evaluating 'github.com/bill-rich/go-syslog' ...
  got v2.3.0+incompatible
  has 1 dependencies
Evaluating 'github.com/DataDog/ebpf-manager' ...
  got v1.0.3
  has 34 dependencies
Evaluating 'github.com/open-telemetry/opentelemetry-collector-contrib/receiver/prometheusreceiver' ...
  got v0.25.1
  has 490 dependencies
Evaluating 'github.com/omec-project/http2_util' ...
  got v1.2.0
  has 6 dependencies
Evaluating 'gitlab.com/digitalxero/go-conventional-commit' ...
  got v1.0.7
  has 0 dependencies
Evaluating 'github.com/aws/aws-sdk-go-v2/service/pricing' ...
  got v1.41.6
  has 4 dependencies
Evaluating 'github.com/bitfinexcom/bitfinex-api-go' ...
  got v0.0.0-20250819165618-fe55c5aaaf5d
  has 12 dependencies
Evaluating 'github.com/open-telemetry/opentelemetry-collector-contrib/exporter/fileexporter' ...
  got v0.25.1
  has 104 dependencies
Evaluating 'github.com/grobie/gomemcache' ...
  got v0.0.0-20230213081705-239240bbc445
  has 0 dependencies
Evaluating 'github.com/influxdata/influxdb/v2' ...
  got v0.114.0
  has 426 dependencies
Evaluating 'github.com/fujiwara/shapeio' ...
  got v1.0.0
  has 2 dependencies
Evaluating 'github.com/kubescape/k8s-interface' ...
  got v0.16.2
  has 169 dependencies
Evaluating 'github.com/mssola/user_agent' ...
  got v0.6.0
  has 0 dependencies
Evaluating 'github.com/trufflesecurity/trufflehog/v3' ...
  got v1.6.0
  has 572 dependencies
Evaluating 'github.com/trufflesecurity/overseer' ...
  ! module not resolved
Evaluating 'github.com/caarlos0/env/v9' ...
  got v9.0.0
  has 0 dependencies
Evaluating 'github.com/rancher/aks-operator' ...
  ! module not resolved
Evaluating 'github.com/kubescape/go-logger' ...
  got v0.25.1
  has 74 dependencies
Evaluating 'github.com/rancher/gke-operator' ...
  ! module not resolved
Evaluating 'github.com/carlmjohnson/resperr' ...
  got v0.22.4
  has 1 dependencies
Evaluating 'github.com/jinzhu/configor' ...
  got v1.2.0
  has 3 dependencies
Evaluating 'github.com/gruntwork-io/go-commons' ...
  got v0.110.0
  has 121 dependencies
Evaluating 'github.com/cosmtrek/air' ...
  ! module not resolved
Evaluating 'github.com/golangci/gocyclo' ...
  got v0.0.0-20180528144436-0a533e8fa43d
  has 0 dependencies
Evaluating 'github.com/uber/athenadriver' ...
  got v0.3.1
  has 45 dependencies
Evaluating 'github.com/matishsiao/goInfo' ...
  got v0.0.0-20241216093258-66a9250504d6
  has 0 dependencies
Evaluating 'github.com/adriansr/fsnotify' ...
  got v1.4.7
  has 1 dependencies
Evaluating 'github.com/cavaliergopher/grab' ...
  got v3.0.1+incompatible
  has 0 dependencies
Evaluating 'github.com/rootless-containers/bypass4netns' ...
  got v0.3.1
  has 26 dependencies
Evaluating 'github.com/whyrusleeping/cbor' ...
  got v0.0.0-20171005072247-63513f603b11
  has 0 dependencies
Evaluating 'github.com/elgris/jsondiff' ...
  got v0.0.0-20160530203242-765b5c24c302
  has 4 dependencies
Evaluating 'github.com/ttacon/builder' ...
  got v0.0.0-20170518171403-c099f663e1c2
  has 0 dependencies
Evaluating 'github.com/go-gost/relay' ...
  got v0.5.0
  has 0 dependencies
Evaluating 'github.com/snyk/cli-extension-sbom' ...
  got v1.0.1
  has 86 dependencies
Evaluating 'github.com/golangci/errcheck' ...
  got v0.0.0-20181223084120-ef45e06d44b6
  has 2 dependencies
Evaluating 'go.etcd.io/etcd/v3' ...
  got v1.31.0-20230802163732-1c33ebd9ecfa.1
  has 158 dependencies
Evaluating 'github.com/DataDog/datadog-api-client-go/v2' ...
  got v2.59.0
  has 8 dependencies
Evaluating 'gitlab.com/nvidia/cloud-native/go-nvlib' ...
  ! module not resolved
Evaluating 'github.com/minio/parquet-go' ...
  got v0.15.0
  has 44 dependencies
Evaluating 'github.com/pingcap/tidb-tools' ...
  got v7.0.0+incompatible
  has 0 dependencies
Evaluating 'github.com/yujunz/go-getter' ...
  ! module not resolved
Evaluating 'github.com/briankassouf/jose' ...
  got v0.9.1
  has 0 dependencies
Evaluating 'github.com/mudler/entities' ...
  got v0.26.0
  has 114 dependencies
Evaluating 'github.com/marcinbor85/gohex' ...
  got v0.1.0
  has 0 dependencies
Evaluating 'github.com/hyperledger/fabric-config' ...
  got v3.0.0+incompatible
  has 12 dependencies
Evaluating 'github.com/gobuffalo/github_flavored_markdown' ...
  got v0.2.0
  has 19 dependencies
Evaluating 'github.com/sagernet/netlink' ...
  got v0.0.0-20240916134442-83396419aa8b
  has 2 dependencies
Evaluating 'github.com/jesseduffield/minimal/gitignore' ...
  ! module not resolved
Evaluating 'github.com/xordataexchange/crypt' ...
  got v0.0.2
  has 0 dependencies
Evaluating 'github.com/portworx/sched-ops' ...
  ! module not resolved
Evaluating 'gopkg.in/ozeidan/fuzzy-patricia.v3' ...
  got v3.0.0
  has 0 dependencies
Evaluating 'github.com/bep/godartsass/v2' ...
  got v2.5.0
  has 8 dependencies
Evaluating 'github.com/cilium/lumberjack/v2' ...
  got v0.3.1
  has 3 dependencies
Evaluating 'github.com/ory/herodot' ...
  got v0.23.0
  has 48 dependencies
Evaluating 'github.com/variantdev/chartify' ...
  ! module not resolved
Evaluating 'go.opentelemetry.io/otel/exporters/stdout' ...
  got v1.0.3
  has 16 dependencies
Evaluating 'gopkg.in/gookit/color.v1' ...
  got v1.1.6
  has 0 dependencies
Evaluating 'github.com/geziyor/geziyor' ...
  got v0.110.2
  has 438 dependencies
Evaluating 'github.com/jesseduffield/lazygit' ...
  got v1.0.1
  has 117 dependencies
Evaluating 'github.com/ttacon/libphonenumber' ...
  got v1.5.4
  has 5 dependencies
Evaluating 'github.com/go-pg/urlstruct' ...
  got v0.26.0
  has 41 dependencies
Evaluating 'github.com/drone/signal' ...
  got v1.0.0
  has 0 dependencies
Evaluating 'github.com/paketo-buildpacks/php-dist' ...
  got v0.1.0
  has 1198 dependencies
Evaluating 'github.com/DopplerHQ/cli' ...
  ! module not resolved
Evaluating 'github.com/DataDog/nikos' ...
  got v0.65.0
  has 208 dependencies
Evaluating 'go.opentelemetry.io/contrib/instrumentation/github.com/aws/aws-sdk-go-v2/otelaws' ...
  got v1.41.5
  has 29 dependencies
Evaluating 'cloud.google.com/go/cloudsqlconn' ...
  got v0.25.1
  has 87 dependencies
Evaluating 'github.com/shadowsocks/v2ray-plugin' ...
  got v0.37.0
  has 164 dependencies
Evaluating 'github.com/jfrog/jfrog-cli' ...
  got v0.100.2
  has 175 dependencies
Evaluating 'github.com/informalsystems/tendermint' ...
  ! module not resolved
Evaluating 'go.temporal.io/server' ...
  got v0.25.1
  has 157 dependencies
Evaluating 'github.com/fvbock/endless' ...
  got v0.0.0-20170109170031-447134032cb6
  has 0 dependencies
Evaluating 'code.cloudfoundry.org/credhub-cli' ...
  got v0.25.1
  has 126 dependencies
Evaluating 'github.com/influxdata/roaring' ...
  got v0.1.0
  has 8 dependencies
Evaluating 'github.com/prometheus-community/pgbouncer_exporter' ...
  got v0.3.0
  has 56 dependencies
Evaluating 'github.com/ipfs/go-mfs' ...
  got v0.37.0
  has 455 dependencies
Evaluating 'github.com/sethvargo/go-retry' ...
  got v0.3.0
  has 0 dependencies
Evaluating 'github.com/snyk/go-httpauth' ...
  got v0.0.0-20210105120005-909beea2cc74
  has 19 dependencies
Evaluating 'github.com/jesseduffield/go-git/v5' ...
  ! module not resolved
Evaluating 'github.com/txthinking/runnergroup' ...
  got v0.0.0-20250224021307-5864ffeb65ae
  has 0 dependencies
Evaluating 'github.com/omec-project/config5g' ...
  got v1.6.2
  has 9 dependencies
Evaluating 'go.opentelemetry.io/collector/extension/ballastextension' ...
  got v0.15.0
  has 100 dependencies
Evaluating 'github.com/shadowsocks/shadowsocks-go' ...
  got v0.0.0-20200409064450-3e585ff90601
  has 0 dependencies
Evaluating 'github.com/couchbase/ghistogram' ...
  got v0.1.0
  has 0 dependencies
Evaluating 'github.com/containerd/stargz-snapshotter/ipfs' ...
  got v0.24.0
  has 243 dependencies
Evaluating 'github.com/facebookgo/ensure' ...
  got v1.1.1
  has 3 dependencies
Evaluating 'github.com/Netflix/go-expect' ...
  got v0.0.0-20220104043353-73e0943537d2
  has 7 dependencies
Evaluating 'github.com/smlx/go-crond' ...
  ! module not resolved
Evaluating 'github.com/facebookgo/subset' ...
  got v0.0.0-20200203212716-c811ad88dec4
  has 0 dependencies
Evaluating 'github.com/go-gota/gota' ...
  got v0.0.0-20190408044501-666a987793e9
  has 37 dependencies
Evaluating 'github.com/6543/go-version' ...
  got v1.4.0
  has 6 dependencies
Evaluating 'github.com/karlseguin/ccache' ...
  got v2.0.3+incompatible
  has 0 dependencies
Evaluating 'github.com/chenzhuoyu/iasm' ...
  got v0.9.1
  has 9 dependencies
Evaluating 'github.com/99designs/httpsignatures-go' ...
  got v0.0.0-20170731043157-88528bf4ca7e
  has 0 dependencies
Evaluating 'kmodules.xyz/monitoring-agent-api' ...
  got v1.1.1
  has 95 dependencies
Evaluating 'gomodules.xyz/encoding' ...
  got v1.1.1
  has 16 dependencies
Evaluating 'github.com/Azure/azure-sdk-for-go/sdk/resourcemanager/compute/armcompute' ...
  got v1.0.0
  has 23 dependencies
Evaluating 'github.com/vektra/mockery/v2' ...
  got v0.19.1
  has 50 dependencies
Evaluating 'github.com/maruel/panicparse/v2' ...
  got v0.7.0
  has 5 dependencies
Evaluating 'github.com/6543/go-version' ...
  got v1.4.0
  has 6 dependencies
Evaluating 'gopkg.in/ozeidan/fuzzy-patricia.v3' ...
  got v3.0.0
  has 0 dependencies
Evaluating 'github.com/go-pg/urlstruct' ...
  got v0.26.0
  has 41 dependencies
Evaluating 'github.com/cilium/lumberjack/v2' ...
  got v0.3.1
  has 3 dependencies
Evaluating 'github.com/shadowsocks/v2ray-plugin' ...
  got v0.37.0
  has 164 dependencies
Evaluating 'github.com/apache/openwhisk-runtime-go' ...
  got v0.0.0-20250805052830-1b0015169b78
  has 3 dependencies
Evaluating 'github.com/fvbock/endless' ...
  got v0.0.0-20170109170031-447134032cb6
  has 0 dependencies
Evaluating 'github.com/shadowsocks/shadowsocks-go' ...
  got v0.0.0-20200409064450-3e585ff90601
  has 0 dependencies
Evaluating 'github.com/golangci/gocyclo' ...
  got v0.0.0-20180528144436-0a533e8fa43d
  has 0 dependencies
Evaluating 'github.com/rootless-containers/bypass4netns' ...
  got v0.3.1
  has 26 dependencies
Evaluating 'github.com/omec-project/config5g' ...
  got v1.6.2
  has 9 dependencies
Evaluating 'github.com/pulumi/pulumi-yaml' ...
  got v0.112.1
  has 224 dependencies
Evaluating 'github.com/omec-project/path_util' ...
  got v1.3.0
  has 9 dependencies
Evaluating 'github.com/paketo-buildpacks/bellsoft-liberica' ...
  got v0.3.1
  has 40 dependencies
Evaluating 'github.com/playwright-community/playwright-go' ...
  got v1.8.12
  has 28 dependencies
Evaluating 'gitea.com/go-chi/captcha' ...
  got v0.0.0-20210110083709-82c4c9ce2d5e
  has 42 dependencies
Evaluating 'github.com/uber-go/atomic' ...
  ! module not resolved
Evaluating 'github.com/asticode/go-astikit' ...
  got v0.59.0
  has 0 dependencies
Evaluating 'github.com/hashicorp/vault/api/auth/gcp' ...
  got v0.25.1
  has 215 dependencies
Evaluating 'github.com/cilium/ipam' ...
  got v0.0.0-20230509084518-fd66eae7909b
  has 0 dependencies
Evaluating 'github.com/paketo-buildpacks/azure-application-insights' ...
  got v0.3.1
  has 41 dependencies
Evaluating 'github.com/open-telemetry/opentelemetry-collector-contrib/extension/pprofextension' ...
  got v2.3.0
  has 59 dependencies
Evaluating 'github.com/paketo-buildpacks/google-stackdriver' ...
  got v0.3.1
  has 41 dependencies
Evaluating 'github.com/txthinking/socks5' ...
  got v1.1.51
  has 13 dependencies
Evaluating 'github.com/omec-project/logger_conf' ...
  got v1.3.1
  has 65 dependencies
Evaluating 'github.com/creachadair/jrpc2' ...
  got v1.3.5
  has 7 dependencies
Evaluating 'github.com/ulule/limiter/v3' ...
  got v1.0.5
  has 37 dependencies
Evaluating 'github.com/chi-middleware/proxy' ...
  got v1.1.1
  has 7 dependencies
Evaluating 'github.com/projectdiscovery/fasttemplate' ...
  got v0.0.2
  has 1 dependencies
Evaluating 'github.com/hashicorp/terraform-provider-google' ...
  ! module not resolved
Evaluating 'github.com/heketi/heketi' ...
  got v0.3.0
  has 99 dependencies
Evaluating 'github.com/shoenig/go-m1cpu' ...
  got v0.6.0
  has 2 dependencies
Evaluating 'github.com/camunda/zeebe/clients/go/v8' ...
  got v1.0.0
  has 67 dependencies
Evaluating 'github.com/asaskevich/EventBus' ...
  got v0.0.0-20200907212545-49d423059eef
  has 0 dependencies
Evaluating 'github.com/shenwei356/breader' ...
  got v1.15.1
  has 6 dependencies
Evaluating 'github.com/golangci/ineffassign' ...
  got v0.0.0-20180808204949-2ee8f2867dde
  has 0 dependencies
Evaluating 'github.com/pulumi/pulumi-java/pkg' ...
  got v0.112.1
  has 219 dependencies
Evaluating 'github.com/influxdata/influx-cli/v2' ...
  got v2.3.4
  has 70 dependencies
Evaluating 'github.com/paketo-buildpacks/encrypt-at-rest' ...
  got v0.3.1
  has 42 dependencies
Evaluating 'github.com/matryer/moq' ...
  got v0.6.0
  has 9 dependencies
Evaluating 'github.com/free5gc/openapi' ...
  got v0.3.0
  has 30 dependencies
Evaluating 'github.com/cactus/go-statsd-client/v5' ...
  got v5.1.0
  has 1 dependencies
Evaluating 'modernc.org/golex' ...
  got v0.0.0-20230129092748-24d4a6f8daec
  has 6 dependencies
Evaluating 'github.com/ipfs/go-ipfs-provider' ...
  got v2.2.1+incompatible
  has 62 dependencies
Evaluating 'gitea.com/go-chi/cache' ...
  got v0.2.1
  has 31 dependencies
Evaluating 'github.com/kubernetes/dashboard' ...
  got v1.10.1
  has 0 dependencies
Evaluating 'github.com/evilsocket/ftrace' ...
  got v1.2.0
  has 0 dependencies
Evaluating 'code.cloudfoundry.org/cli' ...
  ! module not resolved
Evaluating 'github.com/cyberark/conjur-api-go' ...
  got v1.6.0
  has 27 dependencies
Evaluating 'github.com/cjoudrey/gluaurl' ...
  got v1.1.10
  has 5 dependencies
Evaluating 'github.com/golangci/prealloc' ...
  got v0.0.0-20180630174525-215b22d4de21
  has 0 dependencies
Evaluating 'gitea.com/go-chi/binding' ...
  got v0.0.0-20260414111559-654cea7ac60a
  has 4 dependencies
Evaluating 'github.com/GoogleCloudPlatform/microservices-demo/src/checkoutservice' ...
  got v0.25.1
  has 203 dependencies
Evaluating 'github.com/ysmood/fetchup' ...
  got v0.5.3
  has 2 dependencies
Evaluating 'github.com/aws/aws-sdk-go-v2/service/securityhub' ...
  got v1.41.6
  has 4 dependencies
Evaluating 'github.com/paketo-buildpacks/dist-zip' ...
  got v0.3.1
  has 41 dependencies
Evaluating 'kubesphere.io/kubesphere' ...
  ! module not found
Evaluating 'github.com/dgryski/go-sip13' ...
  got v0.0.0-20200911182023-62edffca9245
  has 0 dependencies
Evaluating 'github.com/libp2p/go-doh-resolver' ...
  got v1.1.0
  has 47 dependencies
Evaluating 'github.com/denormal/go-gitignore' ...
  got v0.0.0-20160403171240-cbb64ac3d964
  has 1 dependencies
Evaluating 'github.com/kubescape/go-git-url' ...
  got v1.0.2
  has 10 dependencies
Evaluating 'github.com/elastic/go-libaudit/v2' ...
  got v1.1.1
  has 7 dependencies
Evaluating 'gitea.com/go-chi/session' ...
  got v0.0.0-20251124165456-68e0254e989e
  has 28 dependencies
Evaluating 'github.com/uudashr/gopkgs/v2' ...
  got v1.12.0
  has 2 dependencies
Evaluating 'github.com/pulumi/ssh-agent' ...
  got v0.5.2
  has 11 dependencies
Evaluating 'rsc.io/goversion' ...
  got v1.2.0
  has 0 dependencies
Evaluating 'github.com/inconshreveable/log15/v3' ...
  got v3.1.0
  has 4 dependencies
Evaluating 'github.com/direnv/direnv' ...
  got v1.6.0
  has 2 dependencies
Evaluating 'github.com/twotwotwo/sorts' ...
  got v0.0.0-20160814051341-bf5c1f2b8553
  has 0 dependencies
Evaluating 'github.com/splitio/go-split-commons/v3' ...
  got v0.0.0-20190408044501-666a987793e9
  has 39 dependencies
Evaluating 'github.com/launchdarkly/ccache' ...
  got v1.0.2-0.20190806010014-778a5f0c6003
  has 2 dependencies
Evaluating 'github.com/caffix/netmap' ...
  got v0.0.0-20190825152654-46b345b51c96
  has 132 dependencies
Evaluating 'github.com/mccutchen/go-httpbin' ...
  got v1.1.1
  has 0 dependencies
Evaluating 'github.com/projectdiscovery/uncover' ...
  got v0.2.0
  has 169 dependencies
Evaluating 'code.cloudfoundry.org/cfnetworking-cli-api' ...
  got v0.0.0-20190103195135-4b04f26287a6
  has 0 dependencies
Evaluating 'github.com/alecholmes/xfccparser' ...
  got v0.4.0
  has 8 dependencies
Evaluating 'github.com/guregu/null' ...
  got v4.0.0+incompatible
  has 0 dependencies
Evaluating 'github.com/99designs/go-keychain' ...
  got v0.0.0-20160105221929-9cf53c87839c
  has 0 dependencies
Evaluating 'github.com/raulk/clock' ...
  got v1.1.0
  has 0 dependencies
Evaluating 'github.com/ory/graceful' ...
  got v1.1.1
  has 5 dependencies
Evaluating 'github.com/go-gost/gosocks5' ...
  got v0.4.2
  has 0 dependencies
Evaluating 'github.com/kubescape/rbac-utils' ...
  got v0.102.0
  has 268 dependencies
Evaluating 'github.com/openfaas/faas' ...
  got v0.0.0-20260401140327-f4dc39f8d87b
  has 0 dependencies
Evaluating 'gopkg.in/airbrake/gobrake.v2' ...
  got v2.0.9
  has 0 dependencies
Evaluating 'github.com/upyun/go-sdk/v3' ...
  got v3.0.4
  has 0 dependencies
Evaluating 'github.com/hailocab/go-geoindex' ...
  got v0.0.0-20160127134810-64631bfe9711
  has 0 dependencies
Evaluating 'github.com/pierrec/xxHash' ...
  got v0.1.5
  has 0 dependencies
Evaluating 'github.com/instrumenta/kubeval' ...
  got v0.46.3
  has 163 dependencies
Evaluating 'github.com/ory/dockertest' ...
  ! module not resolved
Evaluating 'github.com/projectdiscovery/rdap' ...
  got v2.3.2
  has 19 dependencies
Evaluating 'github.com/caffix/service' ...
  got v0.0.0-20160526145045-9e14626cd129
  has 9 dependencies
Evaluating 'github.com/kubescape/kubescape/v2' ...
  got v0.0.7
  has 1076 dependencies
Evaluating 'github.com/go-gost/tls-dissector' ...
  got v0.1.1
  has 0 dependencies
Evaluating 'github.com/projectdiscovery/sarif' ...
  got v0.0.1
  has 0 dependencies
Evaluating 'gitlab.com/gitlab-org/gitlab-shell' ...
  got v10.2.0+incompatible
  has 0 dependencies
Evaluating 'github.com/biogo/biogo' ...
  got v0.0.0-20190408044501-666a987793e9
  has 24 dependencies
Evaluating 'github.com/google/go-github/v55' ...
  got v0.0.0-20230217124315-7d5c6f04bbb8
  has 6 dependencies
Evaluating 'github.com/coocood/rtutil' ...
  got v0.0.0-20190304133409-c84515f646f2
  has 0 dependencies
Evaluating 'github.com/influxdata/httprouter' ...
  ! module not resolved
Evaluating 'github.com/caffix/pipeline' ...
  got v0.3.0
  has 4 dependencies
Evaluating 'github.com/direnv/go-dotenv' ...
  got v0.0.0-20240228124046-4d7e6004a1a8
  has 0 dependencies
Evaluating 'github.com/hashicorp/go-metrics' ...
  got v0.34.0
  has 59 dependencies
Evaluating 'facette.io/natsort' ...
  got v0.0.0-20181210072756-2cd4dd1e2dcb
  has 0 dependencies
Evaluating 'github.com/caffix/queue' ...
  got v0.4.0
  has 1 dependencies
Evaluating 'modernc.org/b' ...
  got v0.0.0-20230129092748-24d4a6f8daec
  has 4 dependencies
Evaluating 'github.com/VictoriaMetrics/metricsql' ...
  got v1.35.3
  has 4 dependencies
Evaluating 'github.com/ipfs/go-fetcher' ...
  got v1.1.0
  has 92 dependencies
Evaluating 'github.com/digitalocean/doctl' ...
  got v0.100.2
  has 339 dependencies
Evaluating 'github.com/go-http-utils/headers' ...
  got v0.0.0-20181008091004-fed159eddc2a
  has 0 dependencies
Evaluating 'github.com/performancecopilot/speed/v4' ...
  got v0.0.0-20190408044501-666a987793e9
  has 36 dependencies
Evaluating 'github.com/launchdarkly/go-semver' ...
  got v1.1.0
  has 4 dependencies
Evaluating 'github.com/ceph/go-ceph' ...
  got v1.41.5
  has 25 dependencies
Evaluating 'gitlab.com/gitlab-org/gitlab-shell/v14' ...
  got v0.123.0
  has 112 dependencies
Evaluating 'github.com/caffix/stringset' ...
  got v0.2.0
  has 0 dependencies
Evaluating 'github.com/asottile/dockerfile' ...
  got v0.2.1
  has 234 dependencies
Evaluating 'github.com/sagernet/smux' ...
  got v1.1.1
  has 6 dependencies
Evaluating 'sigs.k8s.io/service-apis' ...
  ! module not resolved
Evaluating 'github.com/influxdata/influxdb-client-go' ...
  got v0.0.0-20141128023046-ca7fffd4298c
  has 32 dependencies
Evaluating 'sigs.k8s.io/prometheus-adapter' ...
  got v1.1.1
  has 107 dependencies
Evaluating 'github.com/kubescape/opa-utils' ...
  got v0.15.0
  has 155 dependencies
Evaluating 'github.com/open-telemetry/opentelemetry-collector-contrib/processor/probabilisticsamplerprocessor' ...
  got v1.0.1
  has 131 dependencies
Evaluating 'github.com/axgle/mahonia' ...
  got v0.0.0-20180208002826-3358181d7394
  has 0 dependencies
Evaluating 'github.com/grafana/loki/pkg/push' ...
  got v0.25.1
  has 48 dependencies
Evaluating 'github.com/splitio/go-toolkit/v4' ...
  got v0.0.0-20190408044501-666a987793e9
  has 38 dependencies
Evaluating 'github.com/pingcap/badger' ...
  ! module not resolved
Evaluating 'github.com/retailnext/hllpp' ...
  got v1.0.0
  has 0 dependencies
Evaluating 'github.com/go-gost/gosocks4' ...
  got v0.0.1
  has 0 dependencies
Evaluating 'github.com/coocood/bbloom' ...
  got v0.0.0-20190830030839-58deb6228d64
  has 1 dependencies
Evaluating 'gopkg.in/gemnasium/logrus-airbrake-hook.v2' ...
  got v1.1.1
  has 7 dependencies
Evaluating 'code.cloudfoundry.org/ykk' ...
  got v0.0.0-20170424192843-e4df4ce2fd4d
  has 0 dependencies
Evaluating 'github.com/go-akka/configuration' ...
  got v0.0.0-20200606091224-a002c0330665
  has 0 dependencies
Evaluating 'github.com/gofiber/adaptor/v2' ...
  got v1.0.5
  has 25 dependencies
Evaluating 'github.com/skydive-project/go-debouncer' ...
  got v1.0.1
  has 0 dependencies
Evaluating 'github.com/EDDYCJY/fake-useragent' ...
  got v0.2.0
  has 14 dependencies
Evaluating 'sigs.k8s.io/sig-storage-lib-external-provisioner' ...
  got v4.1.0+incompatible
  has 0 dependencies
Evaluating 'sigs.k8s.io/cloud-provider-azure' ...
  got v0.25.1
  has 128 dependencies
Evaluating 'github.com/shenwei356/bio' ...
  got v0.0.0-20181122101859-297441e03548
  has 19 dependencies
Evaluating 'github.com/gomodules/jsonpatch/v2' ...
  ! module not resolved
Evaluating 'github.com/mudler/topsort' ...
  got v0.0.0-20201103161459-db5c7901c290
  has 0 dependencies
Evaluating 'github.com/libp2p/go-socket-activation' ...
  got v22.5.0
  has 35 dependencies
Evaluating 'modernc.org/sortutil' ...
  got v0.0.0-20230129092748-24d4a6f8daec
  has 2 dependencies
Evaluating 'github.com/gobuffalo/validate/v3' ...
  got v1.1.1
  has 8 dependencies
Evaluating 'github.com/p4lang/p4runtime' ...
  got v1.5.3
  has 7 dependencies
Evaluating 'github.com/projectdiscovery/fdmax' ...
  got v1.1.1
  has 5 dependencies
Evaluating 'github.com/snyk/snyk-iac-capture' ...
  got v0.105.0
  has 137 dependencies
Evaluating 'github.com/miekg/mmark' ...
  got v1.6.0
  has 1 dependencies
Evaluating 'github.com/aws/aws-sdk-go-v2/service/acm' ...
  got v1.41.6
  has 4 dependencies
Evaluating 'github.com/giantswarm/k8smetadata' ...
  got v0.26.0
  has 0 dependencies
Evaluating 'github.com/cockroachdb/apd/v3' ...
  got v3.2.3
  has 1 dependencies
Evaluating 'github.com/luna-duclos/instrumentedsql' ...
  got v1.1.3
  has 0 dependencies
Evaluating 'github.com/fluxcd/go-git-providers' ...
  got v0.23.2
  has 50 dependencies
Evaluating 'github.com/inconshreveable/olive/v2' ...
  got v0.0.0-20150114235600-33e0aa1cb7c0
  has 11 dependencies
Evaluating 'gitlab.com/gitlab-org/golang-archive-zip' ...
  got v0.1.1
  has 0 dependencies
Evaluating 'github.com/AdhityaRamadhanus/fasthttpcors' ...
  got v0.0.0-20170121111917-d4c07198763a
  has 9 dependencies
Evaluating 'github.com/hashicorp/raft-wal' ...
  got v0.34.0
  has 83 dependencies
Evaluating 'github.com/rancher/system-upgrade-controller/pkg/apis' ...
  got v2.9.0
  has 23 dependencies
Evaluating 'github.com/mudler/go-pluggable' ...
  got v0.0.0-20170206194824-a7ddd980baf9
  has 21 dependencies
Evaluating 'github.com/Sabayon/pkgs-checker' ...
  got v0.81.0
  has 196 dependencies
Evaluating 'github.com/btcsuite/goleveldb' ...
  got v1.0.0
  has 7 dependencies
Evaluating 'github.com/libp2p/go-libp2p-connmgr' ...
  got v0.65.0
  has 442 dependencies
Evaluating 'github.com/bazelbuild/rules_go' ...
  got v0.19.1
  has 164 dependencies
Evaluating 'github.com/ngrok-private/opentelemetry-go/sdk' ...
  ! module not resolved
Evaluating 'github.com/nrdcg/nodion' ...
  got v1.1.1
  has 7 dependencies
Evaluating 'github.com/ecooper/qlearning' ...
  got v0.0.0-20160612200101-3075011a69fd
  has 0 dependencies
Evaluating 'github.com/gobuffalo/tags/v3' ...
  got v1.1.1
  has 10 dependencies
Evaluating 'github.com/libp2p/go-libp2p-testing' ...
  got v4.1.0
  has 27 dependencies
Evaluating 'github.com/enigmampc/btcutil' ...
  ! module not resolved
Evaluating 'github.com/gobuffalo/nulls' ...
  got v1.1.1
  has 11 dependencies
Evaluating 'github.com/nginxinc/nginx-plus-go-client' ...
  got v1.3.0
  has 0 dependencies
Evaluating 'k8s.io/heapster' ...
  got v1.5.4
  has 0 dependencies
Evaluating 'github.com/ccding/go-stun' ...
  got v0.1.5
  has 0 dependencies
Evaluating 'github.com/giantswarm/to' ...
  got v0.4.2
  has 0 dependencies
Evaluating 'github.com/sourcegraph/log' ...
  got v0.26.0
  has 211 dependencies
Evaluating 'github.com/mudler/luet' ...
  got v0.81.0
  has 486 dependencies
Evaluating 'github.com/gobuffalo/fizz' ...
  got v3.1.1
  has 33 dependencies
Evaluating 'github.com/prysmaticlabs/go-bitfield' ...
  ! module not resolved
Evaluating 'github.com/longhorn/longhorn-manager' ...
  ! module not resolved
Evaluating 'github.com/asticode/go-astits' ...
  got v0.30.0
  has 8 dependencies
Evaluating 'github.com/tecbot/gorocksdb' ...
  got v0.0.0-20191217155057-f0fad39f321c
  has 0 dependencies
Evaluating 'github.com/apache/rocketmq-client-go/v2' ...
  got v1.1.0
  has 62 dependencies
Evaluating 'github.com/itzg/rcon-cli' ...
  got v2.0.6
  has 34 dependencies
Evaluating 'github.com/syncthing/syncthing' ...
  got v0.0.7-0.20220911121932-d000ce8fbf0f
  has 97 dependencies
Evaluating 'github.com/hamba/avro/v2' ...
  got v1.1.1
  has 16 dependencies
Evaluating 'github.com/influxdata/cron' ...
  got v0.0.0-20201006132531-4bb0a200dcbe
  has 0 dependencies
Evaluating 'github.com/SkyAPM/go2sky' ...
  got v0.34.0
  has 48 dependencies
Evaluating 'github.com/rancher-sandbox/gofilecache' ...
  got v0.1.0
  has 7 dependencies
Evaluating 'github.com/NVIDIA/nvidia-container-toolkit' ...
  got v0.2.1
  has 41 dependencies
Evaluating 'github.com/crillab/gophersat' ...
  got v1.4.0
  has 0 dependencies
Evaluating 'sigs.k8s.io/cluster-api-provider-aws' ...
  got v0.93.3
  has 376 dependencies
Evaluating 'github.com/ceramicnetwork/go-dag-jose' ...
  got v0.1.1
  has 28 dependencies
Evaluating 'github.com/pingcap/tidb/parser' ...
  got v0.3.1
  has 42 dependencies
Evaluating 'bitbucket.org/creachadair/shell' ...
  got v0.0.9
  has 1 dependencies
Evaluating 'github.com/shenwei356/bwt' ...
  got v0.6.1
  has 0 dependencies
Evaluating 'github.com/sagernet/tfo-go' ...
  got v0.0.0-20230816093905-5a5c285d44a6
  has 1 dependencies
Evaluating 'github.com/carlmjohnson/flagext' ...
  got v0.22.1
  has 0 dependencies
Evaluating 'github.com/jwilder/dockerize' ...
  got v1.0.2
  has 31 dependencies
Evaluating 'github.com/bluekeyes/go-gitdiff' ...
  got v0.8.1
  has 0 dependencies
Evaluating 'k8s.io/sample-apiserver' ...
  got v1.36.6-20250425153114-8976f5be98c1.1
  has 166 dependencies
Evaluating 'github.com/mattn/goveralls' ...
  got v0.0.12
  has 10 dependencies
Evaluating 'github.com/thanhpk/randstr' ...
  got v1.0.6
  has 0 dependencies
Evaluating 'github.com/kylelemons/go-gypsy' ...
  got v1.0.0
  has 0 dependencies
Evaluating 'github.com/kubernetes-csi/livenessprobe' ...
  got v1.1.0
  has 0 dependencies
Evaluating 'github.com/influxdata/go-syslog/v2' ...
  got v1.1.1
  has 5 dependencies
Evaluating 'github.com/itzg/go-flagsfiller' ...
  got v1.1.1
  has 6 dependencies
Evaluating 'github.com/golang/sync' ...
  ! module not resolved
Evaluating 'github.com/gobuffalo/gogen' ...
  got v0.3.1
  has 77 dependencies
Evaluating 'github.com/tealeg/xlsx' ...
  got v0.1.0
  has 4 dependencies
Evaluating 'gitlab.com/yawning/edwards25519-extra.git' ...
  ! module not resolved
Evaluating 'github.com/rancher/rancher' ...
  ! module not resolved
Evaluating 'github.com/matryer/is' ...
  got v1.4.1
  has 0 dependencies
Evaluating 'github.com/iafan/cwalk' ...
  got v0.0.0-20210125030640-586a8832a711
  has 0 dependencies
Evaluating 'github.com/moby/libnetwork' ...
  ! module not resolved
Evaluating 'github.com/open-telemetry/opentelemetry-collector-contrib/processor/tailsamplingprocessor' ...
  got v0.25.1
  has 166 dependencies
Evaluating 'github.com/ipfs/go-ipfs-pinner' ...
  got v0.0.0-20190825152654-46b345b51c96
  has 63 dependencies
Evaluating 'github.com/erikdubbelboer/gspt' ...
  got v0.0.0-20210805194459-ce36a5128377
  has 0 dependencies
Evaluating 'github.com/kubescape/regolibrary' ...
  got v1.20.1
  has 151 dependencies
Evaluating 'gopkg.in/guregu/null.v4' ...
  got v4.0.0
  has 0 dependencies
Evaluating 'github.com/bonitoo-io/go-sql-bigquery' ...
  got v0.57.0
  has 69 dependencies
Evaluating 'github.com/natessilva/dag' ...
  got v0.0.0-20180124060714-7194b8dcc5c4
  has 0 dependencies
Evaluating 'github.com/fluxcd/pkg/ssa' ...
  got v0.24.0
  has 149 dependencies
Evaluating 'github.com/mdlayher/vsock' ...
  got v0.5.9
  has 7 dependencies
Evaluating 'pault.ag/go/modprobe' ...
  got v1.1.9
  has 12 dependencies
Evaluating 'github.com/alyu/configparser' ...
  got v0.0.0-20191103060215-744e9a66e7bc
  has 0 dependencies
Evaluating 'github.com/go-gl/glfw/v3.3/glfw' ...
  got v0.0.0-20260406072232-3ac4aa2bb164
  has 0 dependencies
Evaluating 'go.opentelemetry.io/collector/extension/zpagesextension' ...
  got v0.25.1
  has 105 dependencies
Evaluating 'github.com/zenazn/goji' ...
  got v1.0.1
  has 0 dependencies
Evaluating 'github.com/ferranbt/fastssz' ...
  got v1.1.1
  has 12 dependencies
Evaluating 'github.com/grafov/m3u8' ...
  got v0.12.1
  has 0 dependencies
Evaluating 'github.com/fluxcd/pkg/version' ...
  got v3.4.0
  has 6 dependencies
Evaluating 'github.com/k3s-io/kubernetes/staging/src/k8s.io/client-go' ...
  ! module not resolved
Evaluating 'github.com/golangci/goconst' ...
  got v0.0.0-20180610141641-041c5f2b40f3
  has 0 dependencies
Evaluating 'github.com/shima-park/agollo' ...
  got v0.81.0
  has 147 dependencies
Evaluating 'contrib.go.opencensus.io/exporter/aws' ...
  got v0.0.0-20230502192102-15967c811cec
  has 4 dependencies
Evaluating 'github.com/cosmos/cosmos-db' ...
  got v1.2.1
  has 138 dependencies
Evaluating 'github.com/Rhymond/go-money' ...
  got v1.0.15
  has 0 dependencies
Evaluating 'github.com/DataDog/aptly' ...
  got v0.65.0
  has 180 dependencies
Evaluating 'github.com/k3s-io/kubernetes/staging/src/k8s.io/api' ...
  ! module not resolved
Evaluating 'github.com/hashicorp/nomad' ...
  got v0.25.1
  has 596 dependencies
Evaluating 'github.com/apache/beam/sdks/v2' ...
  got v0.24.0
  has 174 dependencies
Evaluating 'github.com/alibaba/sentinel-golang' ...
  got v0.34.0
  has 215 dependencies
Evaluating 'github.com/cyberdelia/lzo' ...
  got v1.0.0
  has 0 dependencies
Evaluating 'github.com/open-telemetry/opentelemetry-collector-contrib/processor/spanprocessor' ...
  got v0.25.1
  has 167 dependencies
Evaluating 'github.com/rancher/apiserver' ...
  got v0.24.0
  has 155 dependencies
Evaluating 'github.com/azure/go-autorest/autorest/to' ...
  ! module not resolved
Evaluating 'github.com/Pallinder/go-randomdata' ...
  got v1.2.0
  has 0 dependencies
Evaluating 'github.com/redis/go-redis/extra/rediscmd/v9' ...
  got v2.12.0
  has 11 dependencies
Evaluating 'github.com/hashicorp/go-secure-stdlib/listenerutil' ...
  got v1.1.1
  has 50 dependencies
Evaluating 'github.com/k14s/difflib' ...
  got v0.0.0-20240118055029-596a7a5585c3
  has 0 dependencies
Evaluating 'github.com/cpuguy83/dockercfg' ...
  got v0.3.2
  has 0 dependencies
Evaluating 'github.com/cilium/hubble' ...
  got v0.0.0-20150115234039-8488cc47d90c
  has 394 dependencies
Evaluating 'github.com/itzg/zapconfigs' ...
  got v0.3.1
  has 29 dependencies
Evaluating 'github.com/gobuffalo/plush/v4' ...
  got v0.2.0
  has 33 dependencies
Evaluating 'github.com/masterminds/semver/v3' ...
  ! module not resolved
Evaluating 'github.com/redis/go-redis/extra/redisotel/v9' ...
  got v2.12.0
  has 21 dependencies
Evaluating 'github.com/kelseyhightower/memkv' ...
  got v0.1.1
  has 0 dependencies
Evaluating 'github.com/grpc-ecosystem/go-grpc-middleware/providers/prometheus' ...
  got v1.31.0-20230802163732-1c33ebd9ecfa.1
  has 109 dependencies
Evaluating 'github.com/lrstanley/bubblezone' ...
  got v2.0.1
  has 25 dependencies
Evaluating 'github.com/iris-contrib/jade' ...
  got v1.1.4
  has 0 dependencies
Evaluating 'github.com/1Password/connect-sdk-go' ...
  got v1.5.3
  has 13 dependencies
Evaluating 'github.com/DataDog/opentelemetry-mapping-go/pkg/otlp/metrics' ...
  got v0.24.0
  has 88 dependencies
Evaluating 'github.com/terraform-docs/terraform-config-inspect' ...
  got v1.2.2
  has 23 dependencies
Evaluating 'github.com/spiffe/spire' ...
  got v0.25.1
  has 320 dependencies
Evaluating 'github.com/terraform-docs/terraform-docs' ...
  got v0.25.1
  has 103 dependencies
Evaluating 'github.com/rancher/go-rancher' ...
  got v0.1.0
  has 1 dependencies
Evaluating 'github.com/cyriltovena/cloudflare-go' ...
  ! module not resolved
Evaluating 'code.cloudfoundry.org/jsonry' ...
  got v1.1.4
  has 40 dependencies
Evaluating 'github.com/metalmatze/signal' ...
  got v1.4.1
  has 42 dependencies
Evaluating 'github.com/vrischmann/envconfig' ...
  got v1.1.9
  has 10 dependencies
Evaluating 'github.com/cespare/cp' ...
  got v1.1.1
  has 0 dependencies
Evaluating 'github.com/txthinking/x' ...
  got v0.0.0-20240301021728-6f68aba84c87
  has 0 dependencies
Evaluating 'github.com/bombsimon/logrusr' ...
  got v1.1.0
  has 13 dependencies
Evaluating 'github.com/DataDog/opentelemetry-mapping-go/pkg/otlp/attributes' ...
  got v0.24.0
  has 71 dependencies
Evaluating 'github.com/open-policy-agent/gatekeeper' ...
  got v3.0.3+incompatible
  has 0 dependencies
Evaluating 'github.com/projectdiscovery/freeport' ...
  got v1.1.1
  has 4 dependencies
Evaluating 'github.com/itzg/line-protocol-sender' ...
  got v1.1.0
  has 7 dependencies
Evaluating 'github.com/jenkins-x/go-scm' ...
  got v0.14.0
  has 40 dependencies
Evaluating 'code.cloudfoundry.org/cli-plugin-repo' ...
  got v0.0.0-20260327014959-8574acfb0dc1
  has 17 dependencies
Evaluating 'github.com/davidcassany/linuxkit/pkg/metadata' ...
  got v1.1.1
  has 44 dependencies
Evaluating 'github.com/juju/loggo' ...
  got v0.0.0-20180109212912-720a0952cc2a
  has 5 dependencies
Evaluating 'github.com/abema/go-mp4' ...
  got v1.5.0
  has 16 dependencies
Evaluating 'github.com/infracost/infracost' ...
  got v0.25.1
  has 286 dependencies
Evaluating 'github.com/aliscott/go-pretty/v6' ...
  ! module not resolved
Evaluating 'github.com/projectcalico/api' ...
  got v0.24.0
  has 128 dependencies
Evaluating 'gocloud.dev/pubsub/kafkapubsub' ...
  got v0.25.1
  has 168 dependencies
Evaluating 'github.com/Raqbit/mc-pinger' ...
  got v0.2.4
  has 1 dependencies
Evaluating 'github.com/kmodules/apiserver' ...
  ! module not resolved
Evaluating 'github.com/huaweicloud/huaweicloud-sdk-go-v3' ...
  got v0.26.0
  has 61 dependencies
Evaluating 'github.com/open-telemetry/opentelemetry-collector-contrib/exporter/prometheusremotewriteexporter' ...
  got v0.25.1
  has 344 dependencies
Evaluating 'gopkg.in/DATA-DOG/go-sqlmock.v1' ...
  got v1.3.0
  has 0 dependencies
Evaluating 'github.com/sagernet/sing-shadowtls' ...
  got v1.1.1
  has 15 dependencies
Evaluating 'github.com/twmb/franz-go/pkg/kadm' ...
  got v1.18.5
  has 9 dependencies
Evaluating 'github.com/miscreant/miscreant.go' ...
  got v0.0.0-20200214223636-26d376326b75
  has 0 dependencies
Evaluating 'github.com/open-telemetry/opentelemetry-collector-contrib/processor/spanmetricsprocessor' ...
  got v1.23.3
  has 134 dependencies
Evaluating 'github.com/sourcegraph/sourcegraph' ...
  ! module not resolved
Evaluating 'gitlab.com/gitlab-org/gitaly/v14' ...
  got v0.0.0-20180421153158-65cc252bf669
  has 495 dependencies
Evaluating 'github.com/sandertv/go-raknet' ...
  got v1.15.0
  has 0 dependencies
Evaluating 'github.com/goreleaser/goreleaser' ...
  got v0.112.1
  has 803 dependencies
Evaluating 'github.com/golang-migrate/migrate' ...
  got v3.5.4+incompatible
  has 0 dependencies
Evaluating 'kubevirt.io/kubevirt' ...
  ! module not found
Evaluating 'github.com/editorconfig-checker/editorconfig-checker' ...
  got v0.1.0
  has 10 dependencies
Evaluating 'github.com/open-telemetry/opentelemetry-collector-contrib/pkg/stanza' ...
  got v4.10.0
  has 76 dependencies
Evaluating 'github.com/Kubuxu/go-os-helper' ...
  got v0.0.1
  has 0 dependencies
Evaluating 'github.com/GoogleCloudPlatform/microservices-demo/src/productcatalogservice' ...
  got v0.25.1
  has 227 dependencies
Evaluating 'gopkg.in/cas.v2' ...
  got v1.1.0
  has 7 dependencies
Evaluating 'github.com/Azure/azure-sdk-for-go/sdk/data/aztables' ...
  got v1.20.0
  has 24 dependencies
Evaluating 'github.com/droundy/goopt' ...
  got v0.0.0-20220217183150-48d6390ad4d1
  has 0 dependencies
Evaluating 'github.com/eko/gocache/lib/v4' ...
  got v1.0.1
  has 21 dependencies
Evaluating 'github.com/knadh/koanf/maps' ...
  got v0.1.2
  has 2 dependencies
Evaluating 'github.com/sagernet/sing-vmess' ...
  got v1.0.6
  has 16 dependencies
Evaluating 'github.com/benesch/cgosymbolizer' ...
  got v0.0.0-20190515212042-bec6fe6e597b
  has 1 dependencies
Evaluating 'gitlab.com/gitlab-org/golang-crypto' ...
  ! module not resolved
Evaluating 'github.com/Azure/azure-sdk-for-go/sdk/resourcemanager/resourcegraph/armresourcegraph' ...
  got v1.9.0
  has 21 dependencies
Evaluating 'github.com/greatroar/blobloom' ...
  got v1.1.1
  has 6 dependencies
Evaluating 'github.com/shurcooL/go' ...
  got v0.0.0-20230706063926-5fe729b41b3a
  has 0 dependencies
Evaluating 'github.com/thejerf/suture/v4' ...
  got v4.0.6
  has 0 dependencies
Evaluating 'github.com/efficientgo/tools/extkingpin' ...
  got v2.3.2
  has 11 dependencies
Evaluating 'github.com/makenowjust/heredoc' ...
  ! module not resolved
Evaluating 'github.com/roboll/helmfile' ...
  got v0.100.2
  has 326 dependencies
Evaluating 'github.com/baulk/chardet' ...
  got v0.1.0
  has 0 dependencies
Evaluating 'github.com/vultr/govultr' ...
  got v1.1.1
  has 6 dependencies
Evaluating 'github.com/hashicorp/packer-plugin-outscale' ...
  ! module not resolved
Evaluating 'github.com/hashicorp/packer-plugin-digitalocean' ...
  ! module not resolved
Evaluating 'github.com/projectdiscovery/dnsx' ...
  got v0.2.0
  has 123 dependencies
Evaluating 'github.com/alist-org/alist/v3' ...
  ! module not resolved
Evaluating 'github.com/grafana/xk6-webcrypto' ...
  got v1.31.0-20210810001428-4df00b267f94.1
  has 118 dependencies
Evaluating 'github.com/ysmood/got' ...
  got v0.4.2
  has 1 dependencies
Evaluating 'github.com/thanos-community/galaxycache' ...
  ! module not resolved
Evaluating 'github.com/joho/sqltocsv' ...
  got v0.0.0-20210428211105-a6d6801d59df
  has 0 dependencies
Evaluating 'github.com/charmbracelet/x' ...
  got v0.1.0
  has 0 dependencies
Evaluating 'github.com/bradleyjkemp/cupaloy/v2' ...
  got v2.8.0
  has 6 dependencies
Evaluating 'atomicgo.dev/schedule' ...
  got v0.1.0
  has 0 dependencies
Evaluating 'github.com/google/go-attestation' ...
  got v0.6.0
  has 5 dependencies
Evaluating 'github.com/go-git/go-git-fixtures/v4' ...
  got v1.1.9
  has 13 dependencies
Evaluating 'github.com/armon/consul-api' ...
  got v0.0.0-20180202201655-eb2c6b5be1b6
  has 0 dependencies
Evaluating 'github.com/Azure/azure-sdk-for-go/sdk/resourcemanager/resources/armsubscriptions' ...
  got v1.9.0
  has 23 dependencies
Evaluating 'github.com/buildpack/libbuildpack' ...
  got v0.3.1
  has 21 dependencies
Evaluating 'github.com/kamva/mgm/v3' ...
  got v1.1.1
  has 30 dependencies
Evaluating 'github.com/mattermost/mattermost-plugin-api' ...
  got v0.37.0
  has 281 dependencies
Evaluating 'github.com/open-telemetry/opentelemetry-collector-contrib/pkg/batchpersignal' ...
  got v1.1.1
  has 28 dependencies
Evaluating 'github.com/libp2p/go-yamux/v3' ...
  got v1.1.0
  has 5 dependencies
Evaluating 'github.com/tcnksm/go-latest' ...
  got v0.6.0
  has 9 dependencies
Evaluating 'github.com/twilio/twilio-go' ...
  got v1.1.0
  has 22 dependencies
Evaluating 'gopkg.in/couchbase/gocbcore.v7' ...
  got v1.1.0
  has 15 dependencies
Evaluating 'github.com/crossplane/crossplane' ...
  got v0.9.0
  has 313 dependencies
Evaluating 'github.com/itzg/mc-monitor' ...
  got v0.3.1
  has 36 dependencies
Evaluating 'github.com/inancgumus/screen' ...
  got v0.0.0-20190314163918-06e984b86ed3
  has 5 dependencies
Evaluating 'github.com/dexidp/dex/api/v2' ...
  got v0.24.0
  has 41 dependencies
Evaluating 'github.com/kubesphere/sonargo' ...
  got v0.0.2
  has 0 dependencies
Evaluating 'github.com/mozilla/tls-observatory' ...
  got v0.0.6
  has 207 dependencies
Evaluating 'github.com/GoogleCloudPlatform/opentelemetry-operations-go/detectors/gcp' ...
  got v0.9.0
  has 10 dependencies
Evaluating 'github.com/docker/libcompose' ...
  got v0.4.0
  has 0 dependencies
Evaluating 'github.com/tiancaiamao/gp' ...
  got v0.0.0-20230126082955-4f9e4f1ed9b5
  has 0 dependencies
Evaluating 'github.com/jsummers/gobmp' ...
  got v0.0.0-20230614200233-a9de23ed2e25
  has 0 dependencies
Evaluating 'github.com/ovn-org/libovsdb' ...
  got v0.0.0-20170929234023-d6e3b3328b78
  has 48 dependencies
Evaluating 'github.com/KeisukeYamashita/go-vcl' ...
  got v0.3.1
  has 45 dependencies
Evaluating 'github.com/IBM/idemix' ...
  got v0.15.0
  has 77 dependencies
Evaluating 'github.com/kubernetes/kompose' ...
  got v0.110.10
  has 171 dependencies
Evaluating 'github.com/kendru/darwin/go/depgraph' ...
  got v1.1.0
  has 6 dependencies
Evaluating 'github.com/IBM/mathlib' ...
  got v0.1.0
  has 27 dependencies
Evaluating 'github.com/omec-project/http_wrapper' ...
  got v1.1.0
  has 6 dependencies
Evaluating 'gopkg.in/couchbaselabs/jsonx.v1' ...
  got v1.0.1
  has 0 dependencies
Evaluating 'github.com/aquasecurity/libbpfgo' ...
  got v0.1.1
  has 7 dependencies
Evaluating 'github.com/open-policy-agent/cert-controller' ...
  got v1.0.1
  has 59 dependencies
Evaluating 'github.com/mb0/glob' ...
  got v0.0.0-20160210091149-1eb79d2de6c4
  has 0 dependencies
Evaluating 'code.cloudfoundry.org/go-log-cache' ...
  ! module not resolved
Evaluating 'github.com/projectcontour/contour' ...
  got v0.25.1
  has 211 dependencies
Evaluating 'github.com/yookoala/realpath' ...
  got v1.0.0
  has 0 dependencies
Evaluating 'go.einride.tech/aip' ...
  got v0.7.0
  has 12 dependencies
Evaluating 'github.com/percona/mongodb_exporter' ...
  got v0.25.1
  has 363 dependencies
Evaluating 'github.com/sagernet/utls' ...
  got v1.0.6
  has 9 dependencies
Evaluating 'github.com/alibabacloud-go/tea-utils/v2' ...
  got v1.0.0
  has 20 dependencies
Evaluating 'github.com/networkservicemesh/api' ...
  got v1.1.2-0.20180830191138-d8f796af33cc
  has 11 dependencies
Evaluating 'github.com/aerospike/aerospike-client-go/v6' ...
  got v1.24.0
  has 40 dependencies
Evaluating 'gocloud.dev/pubsub/natspubsub' ...
  got v0.25.1
  has 156 dependencies
Evaluating 'github.com/shurcooL/httpgzip' ...
  got v0.0.0-20230704072819-d1585fc322fa
  has 8 dependencies
Evaluating 'github.com/steakknife/hamming' ...
  got v0.0.0-20180906055917-c99c65617cd3
  has 0 dependencies
Evaluating 'github.com/shenwei356/seqkit/v2' ...
  got v0.3.1
  has 54 dependencies
Evaluating 'gopkg.in/couchbase/gocb.v1' ...
  got v1.1.0
  has 18 dependencies
Evaluating 'github.com/hinshun/vt10x' ...
  got v0.0.0-20220301184237-5011da428d02
  has 0 dependencies
Evaluating 'github.com/oasisprotocol/curve25519-voi' ...
  got v0.0.0-20251114093237-2ab5a27a1729
  has 2 dependencies
Evaluating 'github.com/eko/gocache/store/redis/v4' ...
  got v1.0.1
  has 29 dependencies
Evaluating 'github.com/GoogleContainerTools/kpt/rollouts' ...
  ! module not resolved
Evaluating 'github.com/uber-common/bark' ...
  got v0.3.1
  has 32 dependencies
Evaluating 'modernc.org/fileutil' ...
  got v0.0.0-20230129092748-24d4a6f8daec
  has 2 dependencies
Evaluating 'github.com/sourcegraph/go-jsonschema' ...
  got v0.0.0-20250130080044-833c49f4dcfd
  has 0 dependencies
Evaluating 'github.com/go-cmd/cmd' ...
  got v1.4.3
  has 1 dependencies
Evaluating 'github.com/dgraph-io/badger/v4' ...
  got v2.3.0
  has 35 dependencies
Evaluating 'github.com/biessek/golang-ico' ...
  got v0.0.0-20250805151044-6d8ea19fb761
  has 1 dependencies
Evaluating 'github.com/shteou/go-ignore' ...
  got v1.1.0
  has 6 dependencies
Evaluating 'github.com/google/brotli/go/cbrotli' ...
  got v1.1.0
  has 0 dependencies
Evaluating 'github.com/ipfs/go-ipfs-redirects-file' ...
  got v1.1.1
  has 5 dependencies
Evaluating 'github.com/memcachier/mc/v3' ...
  got v3.0.3
  has 0 dependencies
Evaluating 'github.com/bytedance/gopkg' ...
  got v0.1.4
  has 2 dependencies
Evaluating 'github.com/cayleygraph/cayley' ...
  got v0.37.4
  has 195 dependencies
Evaluating 'github.com/ipfs/kubo' ...
  got v0.81.0
  has 414 dependencies
Evaluating 'github.com/pyroscope-io/client' ...
  ! module not resolved
Evaluating 'github.com/adam-hanna/arrayOperations' ...
  got v1.0.1
  has 0 dependencies
Evaluating 'github.com/azer/snakecase' ...
  got v1.0.0
  has 0 dependencies
Evaluating 'github.com/alibabacloud-go/darabonba-openapi/v2' ...
  got v0.26.0
  has 65 dependencies
Evaluating 'github.com/steakknife/bloomfilter' ...
  got v0.0.0-20180922174646-6819c0d2a570
  has 1 dependencies
Evaluating 'github.com/cayleygraph/quad' ...
  got v1.3.0
  has 8 dependencies
Evaluating 'github.com/libp2p/go-openssl' ...
  got v0.1.0
  has 3 dependencies
Evaluating 'github.com/icza/dyno' ...
  got v0.0.0-20230330125955-09f820a8d9c0
  has 0 dependencies
Evaluating 'github.com/yourbasic/graph' ...
  got v0.0.0-20210606180040-8ecfec1c2869
  has 0 dependencies
Evaluating 'github.com/cloudflare/golz4' ...
  got v0.0.0-20240916140612-caecf3c00c06
  has 0 dependencies
Evaluating 'github.com/quic-go/qtls-go1-18' ...
  got v1.6.0
  has 5 dependencies
Evaluating 'github.com/microsoft/go-winio' ...
  ! module not resolved
Evaluating 'github.com/paketo-buildpacks/gradle/v7' ...
  got v1.5.0
  has 27 dependencies
Evaluating 'github.com/Azure/azure-sdk-for-go/sdk/resourcemanager/dns/armdns' ...
  got v1.9.0
  has 21 dependencies
Evaluating 'github.com/dimfeld/httptreemux/v5' ...
  got v5.5.0
  has 0 dependencies
Evaluating 'github.com/atc0005/go-teams-notify/v2' ...
  got v2.14.0
  has 6 dependencies
Evaluating 'github.com/zieckey/goini' ...
  got v0.0.0-20240615065340-08ee21c836fb
  has 0 dependencies
Evaluating 'k8s.io/git-sync' ...
  got v3.0.1+incompatible
  has 0 dependencies
Evaluating 'github.com/influxdata/platform' ...
  got v0.26.0
  has 240 dependencies
Evaluating 'github.com/Xhofe/go-cache' ...
  got v0.0.0-20240804043513-b1a71927bc21
  has 0 dependencies
Evaluating 'github.com/blevesearch/zap/v15' ...
  got v0.3.1
  has 79 dependencies
Evaluating 'gitlab.com/gitlab-org/gitaly/v15' ...
  got v0.109.0
  has 331 dependencies
Evaluating 'github.com/aws/aws-sdk-go-v2/service/lightsail' ...
  got v1.41.6
  has 4 dependencies
Evaluating 'github.com/simplesurance/bunny-go' ...
  got v1.1.0
  has 8 dependencies
Evaluating 'github.com/mtrmac/gpgme' ...
  got v0.1.2
  has 0 dependencies
Evaluating 'github.com/bsm/sarama-cluster' ...
  got v1.38.1
  has 39 dependencies
Evaluating 'github.com/jeremywohl/flatten/v2' ...
  got v2.0.0-20211013061545-07e4a09fb8e4
  has 0 dependencies
Evaluating 'github.com/mudler/cobra-extensions' ...
  got v0.26.0
  has 115 dependencies
Evaluating 'github.com/gin-contrib/size' ...
  got v1.13.2
  has 46 dependencies
Evaluating 'github.com/mailgun/mailgun-go/v4' ...
  got v1.1.1
  has 13 dependencies
Evaluating 'github.com/open-telemetry/opentelemetry-collector-contrib/internal/k8sconfig' ...
  got v0.3.0
  has 83 dependencies
Evaluating 'github.com/wal-g/json' ...
  got v1.1.0
  has 4 dependencies
Evaluating 'github.com/errata-ai/regexp2' ...
  got v1.7.0
  has 0 dependencies
Evaluating 'github.com/GoogleContainerTools/skaffold/v2' ...
  got v1.0.0
  has 331 dependencies
Evaluating 'github.com/terra-money/alliance' ...
  got v0.110.10
  has 178 dependencies
Evaluating 'github.com/checkpoint-restore/go-criu/v6' ...
  got v6.3.0
  has 12 dependencies
Evaluating 'github.com/Azure/azure-sdk-for-go/sdk/data/azcosmos' ...
  got v68.0.0+incompatible
  has 25 dependencies
Evaluating 'github.com/shibukawa/configdir' ...
  got v0.0.0-20170330084843-e180dbdc8da0
  has 0 dependencies
Evaluating 'github.com/Nerzal/gocloak/v12' ...
  got v12.0.0
  has 16 dependencies
Evaluating 'github.com/IBM/keyprotect-go-client' ...
  got v0.15.1
  has 17 dependencies
Evaluating 'github.com/jsonnet-bundler/jsonnet-bundler' ...
  got v0.0.0-20190718012654-fb15b899a751
  has 16 dependencies
Evaluating 'github.com/armosec/gojay' ...
  got v0.50.0
  has 61 dependencies
Evaluating 'github.com/aclements/go-rabin' ...
  got v0.0.0-20170911142644-d0b643ea1a4c
  has 0 dependencies
Evaluating 'github.com/projectdiscovery/goconfig' ...
  got v0.0.0-20210307081110-f21760c49a8d
  has 28 dependencies
Evaluating 'github.com/tmthrgd/go-popcount' ...
  got v0.0.0-20190904054823-afb1ace8b04f
  has 0 dependencies
Evaluating 'github.com/mattermost/focalboard/server' ...
  got v1.1.0
  has 107 dependencies
Evaluating 'github.com/concourse/go-archive' ...
  got v1.0.1
  has 0 dependencies
Evaluating 'github.com/AudriusButkevicius/pfilter' ...
  got v0.0.11
  has 37 dependencies
Evaluating 'github.com/derision-test/glock' ...
  got v1.1.0
  has 6 dependencies
Evaluating 'github.com/paketo-buildpacks/vsdbg' ...
  got v0.25.1
  has 769 dependencies
Evaluating 'github.com/go-logr/glogr' ...
  got v1.2.2
  has 2 dependencies
Evaluating 'go.opentelemetry.io/collector/connector' ...
  got v2.3.0
  has 46 dependencies
Evaluating 'filippo.io/mkcert' ...
  got v1.4.4
  has 11 dependencies
Evaluating 'github.com/zyedidia/generic' ...
  got v1.0.3
  has 6 dependencies
Evaluating 'github.com/ipfs/go-ds-badger2' ...
  got v0.3.1
  has 72 dependencies
Evaluating 'github.com/Stebalien/go-bitfield' ...
  got v1.0.0
  has 1 dependencies
Evaluating 'github.com/errata-ai/ini' ...
  got v1.63.0
  has 0 dependencies
Evaluating 'github.com/develar/errors' ...
  got v0.9.0
  has 0 dependencies
Evaluating 'github.com/joonix/log' ...
  got v0.107.0
  has 217 dependencies
Evaluating 'github.com/rancher/steve' ...
  ! module not found
Evaluating 'modernc.org/zappy' ...
  got v1.1.0
  has 7 dependencies
Evaluating 'github.com/u2takey/go-utils' ...
  got v1.1.1
  has 25 dependencies
Evaluating 'github.com/dchest/bcrypt_pbkdf' ...
  got v0.0.0-20150205184540-83f37f9c154a
  has 5 dependencies
Evaluating 'github.com/temporalio/ringpop-go' ...
  got v0.0.0-20190408044501-666a987793e9
  has 58 dependencies
Evaluating 'github.com/openware/kaigara' ...
  got v0.97.0
  has 118 dependencies
Evaluating 'github.com/VictoriaMetrics/VictoriaMetrics' ...
  got v0.25.1
  has 171 dependencies
Evaluating 'github.com/hazelcast/hazelcast-go-client' ...
  got v0.0.0-20190523213315-cbe66965904d
  has 16 dependencies
Evaluating 'gitlab.com/yawning/obfs4.git' ...
  got v1.0.0
  has 7 dependencies
Evaluating 'github.com/golang/example' ...
  ! module not resolved
Evaluating 'github.com/anacrolix/missinggo' ...
  got v0.34.0
  has 104 dependencies
Evaluating 'github.com/krolaw/zipstream' ...
  got v0.0.0-20241109034754-4a67be70fe31
  has 0 dependencies
Evaluating 'github.com/badoux/checkmail' ...
  got v1.2.4
  has 0 dependencies
Evaluating 'github.com/t-tomalak/logrus-easy-formatter' ...
  got v1.1.1
  has 7 dependencies
Evaluating 'kubevirt.io/controller-lifecycle-operator-sdk' ...
  ! module not found
Evaluating 'github.com/zmap/zlint/v2' ...
  got v1.1.1
  has 22 dependencies
Evaluating 'k8s.io/dns' ...
  got v0.71.0
  has 154 dependencies
Evaluating 'github.com/viant/toolbox' ...
  got v1.1.1
  has 9 dependencies
Evaluating 'gopkg.in/satori/go.uuid.v1' ...
  got v1.2.0
  has 0 dependencies
Evaluating 'github.com/hashicorp/go-set' ...
  got v0.5.9
  has 2 dependencies
Evaluating 'github.com/yoheimuta/go-protoparser/v4' ...
  got v4.14.2
  has 0 dependencies
Evaluating 'github.com/develar/go-pkcs12' ...
  got v0.0.0-20181115143544-54baa4f32c6a
  has 0 dependencies
Evaluating 'github.com/ScaleFT/sshkeys' ...
  got v1.4.0
  has 10 dependencies
Evaluating 'github.com/florianl/go-conntrack' ...
  got v0.7.0
  has 12 dependencies
Evaluating 'github.com/bxcodec/faker/v4' ...
  got v4.0.0-beta.3
  has 2 dependencies
Evaluating 'github.com/errata-ai/vale/v2' ...
  got v1.1.1
  has 52 dependencies
Evaluating 'lukechampine.com/uint128' ...
  got v1.3.0
  has 0 dependencies
Evaluating 'github.com/webdevops/go-common' ...
  got v1.21.0
  has 88 dependencies
Evaluating 'github.com/vmware-tanzu/carvel-ytt' ...
  ! module not resolved
Evaluating 'kubedb.dev/apimachinery' ...
  got v0.25.1
  has 229 dependencies
Evaluating 'github.com/imkira/go-observer' ...
  got v1.0.3
  has 0 dependencies
Evaluating 'github.com/golang/lint' ...
  ! module not resolved
Evaluating 'github.com/develar/app-builder' ...
  got v0.0.0-20170911142644-d0b643ea1a4c
  has 72 dependencies
Evaluating 'github.com/fluxcd/image-reflector-controller/api' ...
  got v1.1.1
  has 24 dependencies
Evaluating 'github.com/jesseduffield/kill' ...
  got v0.0.0-20250101124109-e216ddbe133a
  has 1 dependencies
Evaluating 'github.com/friendsofgo/errors' ...
  got v0.9.2
  has 1 dependencies
Evaluating 'github.com/hashicorp/go-secure-stdlib/plugincontainer' ...
  got v0.25.1
  has 83 dependencies
Evaluating 'github.com/kavu/go_reuseport' ...
  got v1.5.0
  has 0 dependencies
Evaluating 'github.com/k3s-io/kubernetes/staging/src/k8s.io/component-base' ...
  ! module not resolved
Evaluating 'modernc.org/internal' ...
  got v1.2.0
  has 5 dependencies
Evaluating 'github.com/develar/go-fs-util' ...
  got v0.9.0
  has 1 dependencies
Evaluating 'github.com/devfile/api/v2' ...
  got v1.1.1
  has 39 dependencies
Evaluating 'github.com/ericlagergren/decimal' ...
  got v0.0.0-20240411145413-00de7ca16731
  has 0 dependencies
Evaluating 'modernc.org/lldb' ...
  got v1.1.0
  has 9 dependencies
Evaluating 'github.com/Huawei/gophercloud' ...
  got v1.0.21
  has 0 dependencies
Evaluating 'agones.dev/agones' ...
  got v1.57.0
  has 152 dependencies
Evaluating 'modernc.org/lldb' ...
  got v1.1.0
  has 9 dependencies
Evaluating 'github.com/fsnotify/fsevents' ...
  got v0.2.0
  has 0 dependencies
Evaluating 'github.com/issue9/identicon' ...
  got v2.0.0
  has 1 dependencies
Evaluating 'github.com/Azure/azure-sdk-for-go/sdk/storage/azfile' ...
  got v1.20.0
  has 25 dependencies
Evaluating 'github.com/fahedouch/go-logrotate' ...
  got v1.5.0
  has 4 dependencies
Evaluating 'github.com/omeid/go-yarn' ...
  got v0.0.1
  has 0 dependencies
Evaluating 'github.com/fluxcd/pkg/oci' ...
  got v0.7.0
  has 121 dependencies
Evaluating 'antrea.io/antrea' ...
  got v1.15.2
  has 228 dependencies
Evaluating 'github.com/azure/go-autorest' ...
  got v14.2.0+incompatible
  has 0 dependencies
Evaluating 'github.com/dchest/captcha' ...
  got v1.1.0
  has 0 dependencies
Evaluating 'github.com/ethereum/c-kzg-4844' ...
  got v1.1.1
  has 5 dependencies
Evaluating 'github.com/launchdarkly/go-server-sdk-evaluation/v2' ...
  got v1.1.1
  has 19 dependencies
Evaluating 'rsc.io/sampler' ...
  got v0.0.0-20170915032832-14c0d48ead0c
  has 1 dependencies
Evaluating 'github.com/dysnix/predictkube-libs' ...
  got v0.54.0
  has 200 dependencies
Evaluating 'github.com/phpdave11/gofpdi' ...
  got v1.0.16
  has 1 dependencies
Evaluating 'github.com/cloudfoundry-community/gautocloud' ...
  got v1.1.0
  has 72 dependencies
Evaluating 'github.com/yoheimuta/protolint' ...
  got v1.5.0
  has 19 dependencies
Evaluating 'github.com/cention-sany/utf7' ...
  got v0.0.0-20170124080048-26cad61bd60a
  has 4 dependencies
Evaluating 'github.com/open-telemetry/opentelemetry-collector-contrib/processor/metricstransformprocessor' ...
  got v1.0.2
  has 114 dependencies
Evaluating 'github.com/dysnix/predictkube-proto' ...
  got v0.0.0-20250415003810-aa0af0a0019b
  has 7 dependencies
Evaluating 'github.com/snyk/policy-engine' ...
  got v0.25.1
  has 362 dependencies
Evaluating 'github.com/openware/pkg/ika' ...
  got v0.1.2
  has 2 dependencies
Evaluating 'github.com/codeskyblue/go-sh' ...
  got v0.0.0-20150114235600-33e0aa1cb7c0
  has 1 dependencies
Evaluating 'github.com/launchdarkly/go-sdk-events/v2' ...
  got v1.1.1
  has 18 dependencies
Evaluating 'github.com/apache/openwhisk-client-go' ...
  got v0.0.0-20250309042127-fa7fa7e48863
  has 16 dependencies
Evaluating 'github.com/aead/ecdh' ...
  got v0.2.0
  has 1 dependencies
Evaluating 'github.com/gotestyourself/gotestyourself' ...
  got v2.2.0+incompatible
  has 0 dependencies
Evaluating 'github.com/launchdarkly/go-server-sdk/v6' ...
  got v1.1.1
  has 37 dependencies
Evaluating 'github.com/u2takey/ffmpeg-go' ...
  got v1.38.20
  has 34 dependencies
Evaluating 'github.com/snyk/cli-extension-iac-rules' ...
  got v0.25.1
  has 221 dependencies
Evaluating 'github.com/dennwc/base' ...
  got v1.0.0
  has 0 dependencies
Evaluating 'github.com/caarlos0/ctrlc' ...
  got v1.2.0
  has 0 dependencies
Evaluating 'github.com/uptrace/opentelemetry-go-extra/otelsql' ...
  got v1.1.1
  has 10 dependencies
Evaluating 'github.com/joeshaw/envdecode' ...
  got v0.0.0-20200121155833-099f1fc765bd
  has 0 dependencies
Evaluating 'github.com/Azure/azure-service-bus-go' ...
  got v3.2.1
  has 54 dependencies
Evaluating 'github.com/jhillyerd/enmime' ...
  got v0.0.0-20170124080048-26cad61bd60a
  has 20 dependencies
Evaluating 'github.com/alitto/pond' ...
  got v1.9.2
  has 0 dependencies
Evaluating 'github.com/42wim/sshsig' ...
  got v0.0.0-20260317195500-b9f38cf0d432
  has 5 dependencies
Evaluating 'github.com/litmuschaos/chaos-operator' ...
  ! module not resolved
Evaluating 'github.com/launchdarkly/go-sdk-common/v3' ...
  got v1.1.1
  has 10 dependencies
Evaluating 'github.com/InVisionApp/go-logger' ...
  got v1.0.1
  has 0 dependencies
Evaluating 'github.com/hidal-go/hidalgo' ...
  got v0.100.2
  has 85 dependencies
Evaluating 'github.com/marstr/guid' ...
  got v1.1.0
  has 0 dependencies
Evaluating 'github.com/open-telemetry/opentelemetry-collector-contrib/extension/basicauthextension' ...
  got v0.25.1
  has 83 dependencies
Evaluating 'github.com/mailhog/mhsendmail' ...
  got v0.2.0
  has 1 dependencies
Evaluating 'golang.ngrok.com/ngrok' ...
  got v1.1.1
  has 25 dependencies
Evaluating 'git.cs.nctu.edu.tw/calee/sctp' ...
  got v1.1.0
  has 0 dependencies
Evaluating 'github.com/vmware-tanzu/carvel-kapp-controller' ...
  ! module not resolved
Evaluating 'github.com/cloudfoundry/libcfbuildpack' ...
  got v0.52.0
  has 78 dependencies
Evaluating 'github.com/deoxxa/aws_signing_client' ...
  got v1.55.8
  has 8 dependencies
Evaluating 'github.com/couchbaselabs/gocbconnstr' ...
  got v1.0.5
  has 0 dependencies
Evaluating 'github.com/unknwon/paginater' ...
  got v0.0.0-20181017120253-0766667cb4d1
  has 9 dependencies
Evaluating 'github.com/flosch/pongo2' ...
  got v0.0.0-20200913210552-0d938eb266f3
  has 4 dependencies
Evaluating 'github.com/rancher/rancher/pkg/client' ...
  got v2.9.0
  has 17 dependencies
Evaluating 'gitlab.com/lupine/icu' ...
  got v1.0.0
  has 0 dependencies
Evaluating 'github.com/buildkite/terminal-to-html/v3' ...
  got v3.16.8
  has 6 dependencies
Evaluating 'github.com/lucsky/cuid' ...
  got v1.2.1
  has 0 dependencies
Evaluating 'github.com/TomCodeLV/OVSDB-golang-lib' ...
  got v0.0.0-20200116135253-9bbdfadcd881
  has 0 dependencies
Evaluating 'github.com/percona/percona-toolkit' ...
  got v3.2.1+incompatible
  has 0 dependencies
Evaluating 'github.com/iden3/go-iden3-crypto' ...
  got v1.1.1
  has 8 dependencies
Evaluating 'github.com/spiffe/spire-plugin-sdk' ...
  got v1.1.1
  has 28 dependencies
Evaluating 'github.com/contiv/libovsdb' ...
  got v1.0.2
  has 2 dependencies
Evaluating 'github.com/launchdarkly/go-jsonstream/v3' ...
  got v1.1.0
  has 6 dependencies
Evaluating 'github.com/emicklei/go-restful-openapi/v2' ...
  got v1.1.1
  has 26 dependencies
Evaluating 'github.com/unknwon/i18n' ...
  got v0.0.0-20181103185306-d547d1d9531e
  has 11 dependencies
Evaluating 'github.com/ulikunitz/unixtime' ...
  got v0.1.2
  has 0 dependencies
Evaluating 'github.com/bcicen/ctop' ...
  got v0.0.0-20160811212531-371fbbdaa898
  has 104 dependencies
Evaluating 'github.com/minio/operator' ...
  got v0.0.0-20180421153158-65cc252bf669
  has 529 dependencies
Evaluating 'github.com/LiamHaworth/go-tproxy' ...
  got v0.0.0-20190726054950-ef7efd7f24ed
  has 0 dependencies
Evaluating 'github.com/openware/kaigara/pkg/vault' ...
  got v0.34.0
  has 131 dependencies
Evaluating 'github.com/m3db/prometheus_procfs' ...
  got v0.8.1
  has 0 dependencies
Evaluating 'github.com/azure/go-autorest/autorest/validation' ...
  ! module not resolved
Evaluating 'github.com/ory/jsonschema/v3' ...
  got v0.104.0
  has 128 dependencies
Evaluating 'github.com/cockroachdb/datadriven' ...
  got v1.0.2
  has 1 dependencies
Evaluating 'kmodules.xyz/prober' ...
  got v1.1.2-0.20180830191138-d8f796af33cc
  has 47 dependencies
Evaluating 'github.com/KimMachineGun/automemlimit' ...
  got v0.7.5
  has 1 dependencies
Evaluating 'github.com/go-xorm/core' ...
  ! module not resolved
Evaluating 'github.com/soniah/gosnmp' ...
  ! module not resolved
Evaluating 'github.com/giantswarm/k8sclient/v7' ...
  got v4.2.1
  has 52 dependencies
Evaluating 'github.com/fluxcd/pkg/ssh' ...
  got v0.24.0
  has 8 dependencies
Evaluating 'gitlab.com/gitlab-org/gitlab-elasticsearch-indexer' ...
  got v0.26.0
  has 90 dependencies
Evaluating 'github.com/AdguardTeam/golibs' ...
  got v0.123.0
  has 89 dependencies
Evaluating 'github.com/k3s-io/kubernetes' ...
  ! module not resolved
Evaluating 'github.com/terraform-providers/terraform-provider-random' ...
  ! module not resolved
Evaluating 'github.com/mattn/go-pointer' ...
  got v0.0.1
  has 0 dependencies
Evaluating 'github.com/wsddn/go-ecdh' ...
  got v0.0.0-20161211032359-48726bab9208
  has 5 dependencies
Evaluating 'kmodules.xyz/apiversion' ...
  got v0.2.0
  has 0 dependencies
Evaluating 'github.com/philips-software/go-hsdp-signer' ...
  ! module not resolved
Evaluating 'github.com/aws/aws-sdk-go-v2/service/ssmcontacts' ...
  got v1.41.6
  has 4 dependencies
Evaluating 'github.com/volatiletech/inflect' ...
  ! module not resolved
Evaluating 'github.com/google/go-github/v56' ...
  got v0.5.9
  has 2 dependencies
Evaluating 'github.com/sagernet/sing-tun' ...
  got v1.2.1
  has 33 dependencies
Evaluating 'github.com/mfonda/simhash' ...
  got v0.0.0-20151007195837-79f94a1100d6
  has 4 dependencies
Evaluating 'github.com/didip/tollbooth/v7' ...
  got v1.1.1
  has 6 dependencies
Evaluating 'github.com/aler9/writerseeker' ...
  got v1.1.0
  has 0 dependencies
Evaluating 'github.com/open-telemetry/opentelemetry-collector-contrib/processor/resourcedetectionprocessor' ...
  got v0.25.1
  has 445 dependencies
Evaluating 'github.com/aws/aws-sdk-go-v2/service/healthlake' ...
  got v1.41.6
  has 4 dependencies
Evaluating 'github.com/nlopes/slack' ...
  got v1.1.1
  has 5 dependencies
Evaluating 'github.com/apache/dubbo-getty' ...
  got v0.65.0
  has 229 dependencies
Evaluating 'github.com/open-telemetry/opentelemetry-collector-contrib/exporter/loadbalancingexporter' ...
  got v0.25.1
  has 256 dependencies
Evaluating 'github.com/sclevine/spec' ...
  got v1.4.0
  has 0 dependencies
Evaluating 'github.com/labd/commercetools-go-sdk' ...
  got v1.1.1
  has 11 dependencies
Evaluating 'github.com/saferwall/pe' ...
  got v0.2.3
  has 14 dependencies
Evaluating 'kubesphere.io/monitoring-dashboard' ...
  got v0.54.0
  has 302 dependencies
Evaluating 'github.com/yuchanns/srslog' ...
  got v1.1.0
  has 0 dependencies
Evaluating 'github.com/dubbogo/gost' ...
  got v1.61.1704
  has 74 dependencies
Evaluating 'github.com/viki-org/dnscache' ...
  got v0.0.0-20130720023526-c70c1f23c5d8
  has 0 dependencies
Evaluating 'github.com/cilium/kafka' ...
  got v0.0.0-20180809090225-01ce283b732b
  has 2 dependencies
Evaluating 'gorm.io/hints' ...
  got v1.0.0
  has 5 dependencies
Evaluating 'github.com/k3s-io/kine' ...
  got v1.31.0-20230802163732-1c33ebd9ecfa.1
  has 188 dependencies
Evaluating 'github.com/labstack/echo-jwt/v4' ...
  got v1.1.1
  has 20 dependencies
Evaluating 'github.com/go-acme/lego' ...
  got v2.7.2+incompatible
  has 0 dependencies
Evaluating 'github.com/stripe/stripe-go/v72' ...
  got v1.1.0
  has 10 dependencies
Evaluating 'github.com/openzipkin/zipkin-go-opentracing' ...
  ! module not resolved
Evaluating 'github.com/open-telemetry/opentelemetry-collector-contrib/internal/common' ...
  got v1.1.1
  has 11 dependencies
Evaluating 'github.com/dapr/components-contrib' ...
  got v0.24.0
  has 480 dependencies
Evaluating 'github.com/mutecomm/go-sqlcipher/v4' ...
  got v1.1.1
  has 4 dependencies
Evaluating 'github.com/go-toolsmith/pkgload' ...
  got v1.2.2
  has 6 dependencies
Evaluating 'github.com/tendermint/iavl' ...
  ! module not resolved
Evaluating 'github.com/tarm/serial' ...
  got v0.0.0-20180830185346-98f6abe2eb07
  has 1 dependencies
Evaluating 'github.com/servak/go-fastping' ...
  got v0.0.0-20160802140958-5718d12e20a0
  has 5 dependencies
Evaluating 'github.com/gobuffalo/pop/v6' ...
  got v1.2.0
  has 65 dependencies
Evaluating 'github.com/dubbogo/triple' ...
  got v0.65.0
  has 308 dependencies
Evaluating 'github.com/pyroscope-io/godeltaprof' ...
  got v0.1.2
  has 0 dependencies
Evaluating 'github.com/jcmturner/rpc' ...
  got v1.1.0
  has 10 dependencies
Evaluating 'github.com/vmware/vmware-go-kcl' ...
  got v0.4.1
  has 25 dependencies
Evaluating 'github.com/Lyrics-you/sail-logrus-formatter' ...
  got v1.3.1
  has 5 dependencies
Evaluating 'github.com/kubeshop/testkube' ...
  got v0.2.0
  has 201 dependencies
Evaluating 'modernc.org/file' ...
  got v1.2.0
  has 6 dependencies
Evaluating 'github.com/snikch/goodman' ...
  got v0.0.0-20171125024755-10e37e294daa
  has 0 dependencies
Evaluating 'github.com/Azure/azure-sdk-for-go/sdk/resourcemanager/privatedns/armprivatedns' ...
  got v1.13.0
  has 26 dependencies
Evaluating 'github.com/GoogleContainerTools/skaffold' ...
  got v0.0.0-20190311033909-995e0740726f
  has 260 dependencies
Evaluating 'github.com/dancannon/gorethink' ...
  got v2.2.1+incompatible
  has 21 dependencies
Evaluating 'github.com/k3s-io/kubernetes/staging/src/k8s.io/apiserver' ...
  ! module not resolved
Evaluating 'github.com/caarlos0/env/v7' ...
  got v7.1.0
  has 0 dependencies
Evaluating 'github.com/apache/arrow/go/v7' ...
  got v0.34.0
  has 259 dependencies
Evaluating 'github.com/fluxcd/pkg/tar' ...
  got v0.2.1
  has 7 dependencies
Evaluating 'github.com/mdp/qrterminal/v3' ...
  got v0.1.14
  has 5 dependencies
Evaluating 'github.com/flant/shell-operator' ...
  got v0.7.0
  has 125 dependencies
Evaluating 'github.com/theckman/yacspin' ...
  got v1.13.0
  has 7 dependencies
Evaluating 'modernc.org/ql' ...
  got v1.2.0
  has 18 dependencies
Evaluating 'github.com/notedit/rtmp' ...
  got v0.0.2
  has 0 dependencies
Evaluating 'gopkg.in/gorethink/gorethink.v4' ...
  got v2.0.0+incompatible
  has 17 dependencies
Evaluating 'github.com/Mzack9999/gcache' ...
  ! module not resolved
Evaluating 'github.com/k3s-io/kubernetes/staging/src/k8s.io/component-helpers' ...
  ! module not resolved
Evaluating 'modernc.org/db' ...
  got v1.2.0
  has 8 dependencies
Evaluating 'github.com/ipfs/go-namesys' ...
  got v0.37.0
  has 502 dependencies
Evaluating 'github.com/ipfs/go-ipfs-keystore' ...
  got v0.0.0-20190825152654-46b345b51c96
  has 131 dependencies
Evaluating 'go.opentelemetry.io/otel/exporters/metric/prometheus' ...
  got v0.34.0
  has 58 dependencies
Evaluating 'github.com/btcsuite/snappy-go' ...
  got v1.0.0
  has 0 dependencies
Evaluating 'github.com/fasthttp-contrib/sessions' ...
  got v1.2.1
  has 9 dependencies
Evaluating 'github.com/apache/dubbo-go-hessian2' ...
  got v0.65.0
  has 224 dependencies
Evaluating 'git.zabbix.com/ap/plugin-support' ...
  got v1.2.1
  has 3 dependencies
Evaluating 'git.sr.ht/~mariusor/go-xsd-duration' ...
  got v0.0.0-20220703122237-02e73435a078
  has 0 dependencies
Evaluating 'github.com/go-inf/inf' ...
  got v0.9.1
  has 0 dependencies
Evaluating 'github.com/go-ap/activitypub' ...
  got v0.0.0-20220703122237-02e73435a078
  has 25 dependencies
Evaluating 'github.com/tmthrgd/go-memset' ...
  got v0.0.0-20190904060434-6fb7a21f88f1
  has 1 dependencies
Evaluating 'github.com/ameshkov/dnsstamps' ...
  got v1.0.3
  has 0 dependencies
Evaluating 'github.com/masterminds/semver' ...
  got v1.5.0
  has 0 dependencies
Evaluating 'github.com/go-ap/jsonld' ...
  got v0.0.0-20251216162253-e38fa664ea77
  has 0 dependencies
Evaluating 'github.com/segmentio/analytics-go/v3' ...
  got v1.3.0
  has 3 dependencies
Evaluating 'github.com/kevinburke/rest' ...
  got v3.1.0
  has 5 dependencies
Evaluating 'github.com/paketo-buildpacks/php-web' ...
  got v0.0.0-20160811212531-371fbbdaa898
  has 436 dependencies
Evaluating 'kmodules.xyz/resource-metrics' ...
  got v1.1.1
  has 91 dependencies
Evaluating 'modernc.org/ccgo/v3' ...
  got v1.0.1
  has 33 dependencies
Evaluating 'github.com/j178/tiktoken-go' ...
  got v1.10.0
  has 1 dependencies
Evaluating 'github.com/fluxcd/image-automation-controller/api' ...
  got v1.1.2
  has 23 dependencies
Evaluating 'github.com/willscott/go-nfs' ...
  got v0.2.5
  has 25 dependencies
Evaluating 'github.com/grpc-ecosystem/go-grpc-middleware/providers/openmetrics/v2' ...
  got v0.34.0
  has 213 dependencies
Evaluating 'github.com/sagernet/sing-dns' ...
  got v1.1.1
  has 24 dependencies
Evaluating 'open-cluster-management.io/api' ...
  got v1.0.1
  has 67 dependencies
Evaluating 'github.com/ThalesIgnite/crypto11' ...
  ! module not resolved
Evaluating 'github.com/cretz/bine' ...
  got v0.2.0
  has 12 dependencies
Evaluating 'github.com/k3s-io/kubernetes/staging/src/k8s.io/apiextensions-apiserver' ...
  ! module not resolved
Evaluating 'github.com/tmthrgd/atomics' ...
  got v0.0.0-20190904060638-dc7a5fcc7e0d
  has 0 dependencies
Evaluating 'modernc.org/token' ...
  got v1.1.0
  has 0 dependencies
Evaluating 'github.com/influxdata/gosnowflake' ...
  got v0.0.0-20191008050251-8e49817e8af4
  has 114 dependencies
Evaluating 'github.com/k3s-io/kubernetes/staging/src/k8s.io/kubelet' ...
  ! module not resolved
Evaluating 'github.com/huoxue1/xdaemon' ...
  got v0.0.0-20221003093816-b336469d0ae8
  has 0 dependencies
Evaluating 'k8s.io/autoscaler/cluster-autoscaler' ...
  ! module not resolved
Evaluating 'github.com/canonical/pebble' ...
  got v0.0.0-20230320061759-8cc1b52080c5
  has 15 dependencies
Evaluating 'github.com/libdns/alidns' ...
  got v1.0.7
  has 1 dependencies
Evaluating 'codeberg.org/gusted/mcaptcha' ...
  got v0.0.0-20220723083913-4f3072e1d570
  has 0 dependencies
Evaluating 'github.com/go-ap/errors' ...
  got v0.0.0-20260208110149-e1b309365966
  has 3 dependencies
Evaluating 'github.com/rancher/rancher/pkg/apis' ...
  ! module not found
Evaluating 'github.com/juliogreff/apiserver' ...
  ! module not resolved
Evaluating 'github.com/fluxcd/pkg/sourceignore' ...
  got v0.17.0
  has 8 dependencies
Evaluating 'github.com/heroku/heroku-go/v5' ...
  got v2.1.1+incompatible
  has 4 dependencies
Evaluating 'github.com/golang/crypto' ...
  ! module not resolved
Evaluating 'github.com/okta/okta-sdk-golang' ...
  got v1.1.1
  has 23 dependencies
Evaluating 'github.com/andreburgaud/crypt2go' ...
  got v1.8.0
  has 1 dependencies
Evaluating 'github.com/willscott/go-nfs-client' ...
  got v0.0.0-20170124162913-1a41d1a06c93
  has 1 dependencies
Evaluating 'github.com/gaoyb7/115drive-webdav' ...
  ! module not resolved
Evaluating 'github.com/tj/go-update' ...
  got v1.9.0
  has 58 dependencies
Evaluating 'github.com/toolkits/concurrent' ...
  got v0.0.0-20150624120057-a4371d70e3e3
  has 0 dependencies
Evaluating 'github.com/google/go-github/v27' ...
  got v1.2.0
  has 9 dependencies
Evaluating 'github.com/tmthrgd/go-byte-test' ...
  got v0.0.0-20190904060354-2794345b9929
  has 0 dependencies
Evaluating 'github.com/k3s-io/kubernetes/staging/src/k8s.io/controller-manager' ...
  ! module not resolved
Evaluating 'github.com/bradleyfalzon/ghinstallation' ...
  got v1.1.1
  has 11 dependencies
Evaluating 'github.com/tmthrgd/go-bitwise' ...
  got v0.0.0-20190904053232-1430ee983fca
  has 0 dependencies
Evaluating 'gopkg.in/igm/sockjs-go.v2' ...
  got v1.4.2
  has 5 dependencies
Evaluating 'github.com/gravity-devs/liquidity' ...
  ! module not found
Evaluating 'github.com/streamrail/concurrent-map' ...
  got v0.0.0-20160823150647-8bf1e9bacbf6
  has 0 dependencies
Evaluating 'github.com/orzogc/fake115uploader' ...
  got v1.2.0
  has 21 dependencies
Evaluating 'github.com/bill-rich/disk-buffer-reader' ...
  ! module not resolved
Evaluating 'github.com/GoogleContainerTools/kpt-functions-sdk/go/fn' ...
  ! module not resolved
Evaluating 'github.com/IBM/ibm-cos-sdk-go' ...
  got v5.21.2
  has 29 dependencies
Evaluating 'github.com/r3labs/diff/v2' ...
  got v1.1.0
  has 14 dependencies
Evaluating 'github.com/linkerd/linkerd2' ...
  got v18.9.1+incompatible
  has 0 dependencies
Evaluating 'github.com/projectdiscovery/chaos-client' ...
  got v0.2.0
  has 104 dependencies
Evaluating 'github.com/bombsimon/logrusr/v3' ...
  got v3.1.0
  has 7 dependencies
Evaluating 'gocloud.dev/pubsub/rabbitpubsub' ...
  got v0.25.1
  has 149 dependencies
Evaluating 'github.com/cloudsoda/go-smb2' ...
  got v0.0.0-20260408191215-349cbc5b0af3
  has 28 dependencies
Evaluating 'dubbo.apache.org/dubbo-go/v3' ...
  got v0.65.0
  has 413 dependencies
Evaluating 'gitea.com/lunny/dingtalk_webhook' ...
  got v0.0.0-20171025031554-e3534c89ef96
  has 0 dependencies
Evaluating 'golang.ngrok.com/ngrok/log/log15' ...
  got v3.0.0-testing.1
  has 5 dependencies
Evaluating 'modernc.org/opt' ...
  got v0.2.0
  has 0 dependencies
Evaluating 'github.com/k3s-io/containerd' ...
  ! module not resolved
Evaluating 'github.com/k3s-io/kubernetes/staging/src/k8s.io/cloud-provider' ...
  ! module not resolved
Evaluating 'github.com/KubeDev/idc-ms-chatgpt/chatservice' ...
  ! module not found
Evaluating 'github.com/bep/simplecobra' ...
  got v0.7.0
  has 12 dependencies
Evaluating 'github.com/anacrolix/torrent' ...
  got v0.34.0
  has 250 dependencies
Evaluating 'github.com/grafana/tanka' ...
  got v1.0.1
  has 60 dependencies
Evaluating 'github.com/open-policy-agent/frameworks/constraint' ...
  got v0.25.1
  has 105 dependencies
Evaluating 'oss.indeed.com/go/libtime' ...
  got v0.0.0-20160405071501-a0175ee3bccc
  has 38 dependencies
Evaluating 'github.com/projectcalico/logrus' ...
  ! module not resolved
Evaluating 'github.com/cilium/client-go' ...
  ! module not resolved
Evaluating 'github.com/jesseduffield/generics' ...
  got v0.2.0
  has 6 dependencies
Evaluating 'github.com/tmthrgd/go-bitset' ...
  got v0.0.0-20190904060638-dc7a5fcc7e0d
  has 7 dependencies
Evaluating 'github.com/go-chi/httprate' ...
  got v0.15.0
  has 5 dependencies
Evaluating 'github.com/containerd/accelerated-container-image' ...
  got v1.1.1
  has 101 dependencies
Evaluating 'github.com/filecoin-project/go-address' ...
  got v0.3.1
  has 46 dependencies
Evaluating 'github.com/SheltonZhu/115driver' ...
  got v1.2.3
  has 21 dependencies
Evaluating 'github.com/ffuf/ffuf' ...
  got v1.1.1
  has 2 dependencies
Evaluating 'github.com/k3s-io/kubernetes/staging/src/k8s.io/cri-api' ...
  ! module not resolved
Evaluating 'github.com/rs/cors/wrapper/gin' ...
  got v1.9.1
  has 41 dependencies
Evaluating 'github.com/mbland/hmacauth' ...
  got v0.0.0-20170912233209-44256dfd4bfa
  has 0 dependencies
Evaluating 'github.com/google/go-github/v31' ...
  got v1.3.2
  has 8 dependencies
Evaluating 'github.com/shurcooL/go-goon' ...
  got v0.0.0-20200502201357-93f07166e636
  has 1 dependencies
Evaluating 'github.com/fsmiamoto/git-todo-parser' ...
  got v1.1.0
  has 6 dependencies
Evaluating 'github.com/Mikubill/gofakes3' ...
  ! module not resolved
Evaluating 'github.com/iris-contrib/go.uuid' ...
  got v2.0.0+incompatible
  has 0 dependencies
Evaluating 'modernc.org/cc/v3' ...
  got v1.0.1
  has 7 dependencies
Evaluating 'github.com/aws/aws-sdk-go-v2/service/organizations' ...
  got v1.41.6
  has 4 dependencies
Evaluating 'github.com/gardener/external-dns-management' ...
  got v1.5.1
  has 272 dependencies
Evaluating 'github.com/rs/xhandler' ...
  got v0.0.0-20170707052532-1eb70cf1520d
  has 5 dependencies
Evaluating 'github.com/tommy-muehle/go-mnd' ...
  got v1.1.1
  has 10 dependencies
Evaluating 'github.com/adhocore/gronx' ...
  got v1.19.6
  has 0 dependencies
Evaluating 'gopkg.in/errgo.v1' ...
  got v1.2.2
  has 5 dependencies
Evaluating 'github.com/paketo-buildpacks/dotnet-core-aspnet-runtime' ...
  got v0.25.1
  has 776 dependencies
Evaluating 'github.com/volatiletech/sqlboiler/v4' ...
  ! module not resolved
Evaluating 'github.com/k14s/semver/v4' ...
  ! module not resolved
Evaluating 'github.com/eko/gocache/v2' ...
  got v0.0.0-20210427083443-f3b6b08bc4c2
  has 41 dependencies
Evaluating 'github.com/lucasjones/reggen' ...
  got v0.0.0-20200904144131-37ba4fa293bb
  has 0 dependencies
Evaluating 'github.com/teambition/rrule-go' ...
  got v1.8.2
  has 0 dependencies
Evaluating 'github.com/volatiletech/strmangle' ...
  ! module not resolved
Evaluating 'github.com/azure/go-ansiterm' ...
  ! module not resolved
Evaluating 'github.com/gardener/machine-controller-manager' ...
  got v3.4.0
  has 69 dependencies
Evaluating 'github.com/beego/i18n' ...
  got v1.0.0
  has 1 dependencies
Evaluating 'github.com/networkservicemesh/sdk' ...
  got v0.6.2
  has 101 dependencies
Evaluating 'github.com/open-telemetry/opentelemetry-collector-contrib/pkg/translator/loki' ...
  got v0.25.1
  has 313 dependencies
Evaluating 'github.com/openshift/containers-image' ...
  got v0.0.0-20190116145627-8841ed7cc6ed
  has 0 dependencies
Evaluating 'github.com/disgoorg/snowflake/v2' ...
  got v2.0.3
  has 0 dependencies
Evaluating 'github.com/sagernet/quic-go' ...
  got v1.3.3
  has 18 dependencies
Evaluating 'github.com/anchore/fangs' ...
  got v1.0.2
  has 41 dependencies
Evaluating 'github.com/drone-plugins/drone-plugin-lib' ...
  got v2.0.2
  has 6 dependencies
Evaluating 'github.com/libp2p/go-yamux' ...
  got v0.0.2
  has 1 dependencies
Evaluating 'github.com/iris-contrib/blackfriday' ...
  got v2.0.0+incompatible
  has 1 dependencies
Evaluating 'tinygo.org/x/go-llvm' ...
  got v0.0.0-20260422095634-06c6725fe5e6
  has 0 dependencies
Evaluating 'gonum.org/v1/netlib' ...
  got v0.0.0-20190728182440-6a916e37a237
  has 8 dependencies
Evaluating 'github.com/keegancsmith/sqlf' ...
  got v1.1.2
  has 0 dependencies
Evaluating 'github.com/k3s-io/kubernetes/staging/src/k8s.io/kubectl' ...
  ! module not resolved
Evaluating 'github.com/aquilax/truncate' ...
  got v1.0.1
  has 0 dependencies
Evaluating 'github.com/thales-e-security/pool' ...
  got v0.0.2
  has 0 dependencies
Evaluating 'github.com/tektoncd/cli' ...
  got v0.25.1
  has 360 dependencies
Evaluating 'github.com/open-telemetry/opentelemetry-collector-contrib/extension/oauth2clientauthextension' ...
  got v0.25.1
  has 85 dependencies
Evaluating 'gomodules.xyz/jsonpath' ...
  got v0.0.2
  has 0 dependencies
Evaluating 'github.com/couchbase/gocbcore/v9' ...
  got v9.1.11
  has 8 dependencies
Evaluating 'github.com/vmware/go-ipfix' ...
  got v1.45.1
  has 59 dependencies
Evaluating 'github.com/sagernet/sing-box' ...
  got v1.1.0
  has 177 dependencies
Evaluating 'github.com/coinbase/waas-client-library-go' ...
  got v0.110.0
  has 175 dependencies
Evaluating 'github.com/Azure/azure-sdk-for-go/sdk/data/azappconfig' ...
  got v1.18.0
  has 24 dependencies
Evaluating 'github.com/ginuerzh/gost' ...
  ! module not resolved
Evaluating 'github.com/mcuadros/go-defaults' ...
  got v1.1.1
  has 4 dependencies
Evaluating 'github.com/ClickHouse/ClickHouse/programs/diagnostics' ...
  got v0.0.0-20210617225240-d185dfc1b5a1
  has 80 dependencies
Evaluating 'github.com/ipfs/go-delegated-routing' ...
  got v4.1.0
  has 33 dependencies
Evaluating 'github.com/projectdiscovery/subfinder/v2' ...
  got v0.2.0
  has 124 dependencies
Evaluating 'github.com/anchore/clio' ...
  got v0.16.1
  has 105 dependencies
Evaluating 'github.com/disgoorg/log' ...
  got v1.2.1
  has 0 dependencies
Evaluating 'github.com/supplyon/gremcos' ...
  got v0.65.0
  has 107 dependencies
Evaluating 'github.com/mipearson/rfw' ...
  got v0.0.0-20170619235010-6f0a6f3266ba
  has 0 dependencies
Evaluating 'github.com/bartekn/go-bip39' ...
  got v0.0.0-20171116152956-a05967ea095d
  has 5 dependencies
Evaluating 'github.com/spiffe/go-spiffe' ...
  got v0.26.0
  has 26 dependencies
Evaluating 'github.com/k3s-io/kubernetes/staging/src/k8s.io/cluster-bootstrap' ...
  ! module not resolved
Evaluating 'github.com/trufflesecurity/disk-buffer-reader' ...
  got v0.2.1
  has 0 dependencies
Evaluating 'github.com/fluxcd/pkg/untar' ...
  got v0.2.3
  has 2 dependencies
Evaluating 'github.com/pborman/indent' ...
  got v1.2.1
  has 0 dependencies
Evaluating 'github.com/jroimartin/gocui' ...
  got v0.5.0
  has 2 dependencies
Evaluating 'github.com/vmware-tanzu/carvel-imgpkg' ...
  got v55.0.0+incompatible
  has 79 dependencies
Evaluating 'github.com/toolkits/file' ...
  got v0.0.0-20160325033739-a5b3c5147e07
  has 0 dependencies
Evaluating 'github.com/ameshkov/dnscrypt/v2' ...
  got v0.119.0
  has 76 dependencies
Evaluating 'github.com/cuemby/ccp-sdk' ...
  ! module not resolved
Evaluating 'github.com/Azure/azure-sdk-for-go/sdk/security/keyvault/azsecrets' ...
  got v1.18.0
  has 25 dependencies
Evaluating 'github.com/open-telemetry/opentelemetry-collector-contrib/internal/aws/ecsutil' ...
  got v0.25.1
  has 104 dependencies
Evaluating 'github.com/google/go-github/v47' ...
  got v1.3.2
  has 7 dependencies
Evaluating 'github.com/imkira/go-interpol' ...
  got v1.1.0
  has 0 dependencies
Evaluating 'github.com/go-swagger/go-swagger' ...
  got v1.0.2
  has 79 dependencies
Evaluating 'github.com/open-telemetry/opentelemetry-collector-contrib/extension/bearertokenauthextension' ...
  got v0.25.1
  has 76 dependencies
Evaluating 'sigs.k8s.io/external-dns' ...
  got v0.0.0-20160811212531-371fbbdaa898
  has 717 dependencies
Evaluating 'bitbucket.org/liamstask/goose' ...
  got v0.0.0-20150115234039-8488cc47d90c
  has 0 dependencies
Evaluating 'github.com/posthog/posthog-go' ...
  got v2.0.7
  has 14 dependencies
Evaluating 'github.com/pjcdawkins/sse/v2' ...
  ! module not resolved
Evaluating 'github.com/uber/tchannel-go' ...
  got v0.9.0
  has 31 dependencies
Evaluating 'github.com/outscale/osc-sdk-go' ...
  got v0.34.0
  has 20 dependencies
Evaluating 'github.com/alibabacloud-go/oos-20190601' ...
  got v0.0.4
  has 39 dependencies
Evaluating 'github.com/chartmuseum/auth' ...
  got v0.6.0
  has 11 dependencies
Evaluating 'github.com/fluxcd/notification-controller/api' ...
  got v1.8.4
  has 22 dependencies
Evaluating 'github.com/confluentinc/confluent-kafka-go/v2' ...
  got v1.25.1
  has 238 dependencies
Evaluating 'github.com/mrz1836/postmark' ...
  got v1.1.1
  has 4 dependencies
Evaluating 'github.com/minio/operator/logsearchapi' ...
  got v0.3.1
  has 69 dependencies
Evaluating 'github.com/open-telemetry/opentelemetry-collector-contrib/receiver/filelogreceiver' ...
  got v0.25.1
  has 167 dependencies
Evaluating 'github.com/ipld/edelweiss' ...
  got v0.0.0-20181017120253-0766667cb4d1
  has 24 dependencies
Evaluating 'github.com/elastic/go-elasticsearch/v5' ...
  got v5.6.1
  has 0 dependencies
Evaluating 'github.com/r3labs/sse/v2' ...
  got v1.1.0
  has 11 dependencies
Evaluating 'github.com/t-yuki/gocover-cobertura' ...
  got v0.0.0-20180217150009-aaee18c8195c
  has 0 dependencies
Evaluating 'github.com/arangodb-helper/go-certificates' ...
  got v0.0.0-20180821055445-9fca24fc2680
  has 2 dependencies
Evaluating 'github.com/oracle/oci-go-sdk/v54' ...
  got v1.1.0
  has 7 dependencies
Evaluating 'gopkg.in/macaroon.v2' ...
  got v1.0.0
  has 6 dependencies
Evaluating 'github.com/netlify/aws-lambda-runtime-interface-emulator' ...
  ! module not resolved
Evaluating 'github.com/auth0/go-jwt-middleware' ...
  got v1.0.1
  has 12 dependencies
Evaluating 'github.com/cloudinary/cloudinary-go/v2' ...
  got v2.15.0
  has 9 dependencies
Evaluating 'github.com/libp2p/go-libp2p-secio' ...
  got v0.26.0
  has 91 dependencies
Evaluating 'github.com/kilic/bls12-381' ...
  got v0.1.0
  has 1 dependencies
Evaluating 'github.com/hashicorp/go-immutable-radix/v2' ...
  got v2.1.0
  has 3 dependencies
Evaluating 'github.com/detailyang/go-fallocate' ...
  got v0.0.0-20180908115635-432fa640bd2e
  has 0 dependencies
Evaluating 'github.com/open-telemetry/opentelemetry-collector-contrib/exporter/zipkinexporter' ...
  got v0.25.1
  has 189 dependencies
Evaluating 'github.com/bxcodec/faker/v3' ...
  got v3.8.1
  has 0 dependencies
Evaluating 'github.com/aws/amazon-vpc-cni-k8s' ...
  got v1.0.1
  has 167 dependencies
Evaluating 'github.com/Azure/azure-sdk-for-go/sdk/resourcemanager/network/armnetwork/v2' ...
  got v1.4.0
  has 23 dependencies
Evaluating 'github.com/free5gc/util' ...
  got v1.0.1
  has 60 dependencies
Evaluating 'github.com/go-lintpack/lintpack' ...
  got v0.5.2
  has 7 dependencies
Evaluating 'github.com/vmware-labs/yaml-jsonpath' ...
  got v1.1.1
  has 23 dependencies
Evaluating 'go.temporal.io/version' ...
  got v0.3.0
  has 0 dependencies
Evaluating 'github.com/dhui/dktest' ...
  got v0.0.0-20210617225240-d185dfc1b5a1
  has 58 dependencies
Evaluating 'github.com/k3s-io/kubernetes/staging/src/k8s.io/metrics' ...
  ! module not resolved
Evaluating 'github.com/moby/sys' ...
  got v0.0.0-20260417154935-9d08d8fc6196
  has 0 dependencies
Evaluating 'github.com/k3s-io/etcd/etcdutl/v3' ...
  ! module not resolved
Evaluating 'github.com/adshao/go-binance/v2' ...
  got v2.8.11
  has 13 dependencies
Evaluating 'gopkg.in/Graylog2/go-gelf.v2' ...
  got v2.0.0-20191017102106-1550ee647df0
  has 0 dependencies
Evaluating 'github.com/k3s-io/kubernetes/staging/src/k8s.io/kube-aggregator' ...
  ! module not resolved
Evaluating 'github.com/Shopify/toxiproxy/v2' ...
  got v2.12.0
  has 49 dependencies
Evaluating 'sigs.k8s.io/apiserver-runtime' ...
  got v0.0.0-20201008074935-acfc0b28355a
  has 222 dependencies
Evaluating 'github.com/midtrans/midtrans-go' ...
  got v1.1.0
  has 6 dependencies
Evaluating 'github.com/k3s-io/kubernetes/staging/src/k8s.io/kube-proxy' ...
  ! module not resolved
Evaluating 'github.com/helm/helm-2to3' ...
  got v0.65.0
  has 400 dependencies
Evaluating 'code.cloudfoundry.org/go-loggregator/v8' ...
  got v0.26.0
  has 48 dependencies
Evaluating 'github.com/calmh/xdr' ...
  got v1.2.0
  has 0 dependencies
Evaluating 'github.com/alvaroaleman/httpcache' ...
  got v0.0.0-20190611155906-901d90724c79
  has 0 dependencies
Evaluating 'gitlab.com/tozd/go/pcontrol' ...
  got v1.1.1
  has 9 dependencies
Evaluating 'github.com/gqcn/structs' ...
  got v1.1.1
  has 0 dependencies
Evaluating 'github.com/influxdata/go-prompt' ...
  got v0.2.8
  has 7 dependencies
Evaluating 'gitlab.com/tozd/go/errors' ...
  got v1.1.1
  has 6 dependencies
Evaluating 'go.bytebuilders.dev/license-verifier/kubernetes' ...
  got v0.24.0
  has 289 dependencies
Evaluating 'github.com/fluxcd/pkg/git' ...
  got v0.2.1
  has 39 dependencies
Evaluating 'github.com/anacrolix/sync' ...
  got v0.3.2
  has 87 dependencies
Evaluating 'gitlab.com/ayufan/golang-cli-helpers' ...
  got v1.5.0
  has 11 dependencies
Evaluating 'github.com/aws/aws-sdk-go-v2/service/securitylake' ...
  got v1.41.6
  has 4 dependencies
Evaluating 'github.com/grafana-tools/sdk' ...
  got v0.0.0-20210706234513-2bc298e8be7f
  has 18 dependencies
Evaluating 'github.com/kevinburke/go-types' ...
  got v5.4.0
  has 1 dependencies
Evaluating 'github.com/uptrace/bun/extra/bundebug' ...
  got v1.1.1
  has 17 dependencies
Evaluating 'github.com/k3s-io/etcd/server/v3' ...
  ! module not resolved
Evaluating 'github.com/google/go-github/v38' ...
  got v1.3.2
  has 10 dependencies
Evaluating 'gopkg.in/d4l3k/messagediff.v1' ...
  got v1.2.1
  has 0 dependencies
Evaluating 'github.com/hashicorp/go-terraform-address' ...
  got v1.1.1
  has 4 dependencies
Evaluating 'github.com/paulcacheux/glog' ...
  ! module not resolved
Evaluating 'github.com/scaleway/packer-plugin-scaleway' ...
  got v0.110.8
  has 335 dependencies
Evaluating 'github.com/jen20/awspolicyequivalence' ...
  got v1.1.0
  has 1 dependencies
Evaluating 'github.com/k3s-io/etcd/client/v3' ...
  ! module not resolved
Evaluating 'github.com/prysmaticlabs/gohashtree' ...
  got v2.0.9
  has 2 dependencies
Evaluating 'github.com/tencentcloud/tencentcloud-sdk-go/tencentcloud/ssm' ...
  got v1.3.71
  has 1 dependencies
Evaluating 'github.com/go-mail/mail' ...
  got v2.3.1+incompatible
  has 1 dependencies
Evaluating 'github.com/DataDog/appsec-internal-go' ...
  got v1.14.0
  has 6 dependencies
Evaluating 'github.com/hashicorp/go.net' ...
  got v0.0.1
  has 0 dependencies
Evaluating 'github.com/AdguardTeam/dnsproxy' ...
  got v0.123.0
  has 107 dependencies
Evaluating 'knative.dev/eventing-kafka-broker' ...
  got v1.45.1
  has 161 dependencies
Evaluating 'github.com/cosmos/ibc-go/v5' ...
  ! module not found
Evaluating 'github.com/vmware-tanzu/sonobuoy' ...
  got v0.110.10
  has 174 dependencies
Evaluating 'moul.io/zapgorm2' ...
  got v1.1.0
  has 30 dependencies
Evaluating 'github.com/disgoorg/disgo' ...
  got v1.1.1
  has 16 dependencies
Evaluating 'gitlab.com/tozd/dinit' ...
  got v1.1.1
  has 10 dependencies
Evaluating 'github.com/sagernet/sing-mux' ...
  got v1.1.1
  has 15 dependencies
Evaluating 'github.com/360EntSecGroup-Skylar/excelize/v2' ...
  ! module not resolved
Evaluating 'github.com/concourse/retryhttp' ...
  got v3.54.0
  has 63 dependencies
Evaluating 'github.com/doug-martin/goqu/v9' ...
  got v1.5.0
  has 16 dependencies
Evaluating 'github.com/quasoft/memstore' ...
  got v1.2.0
  has 3 dependencies
Evaluating 'github.com/k3s-io/kubernetes/staging/src/k8s.io/pod-security-admission' ...
  ! module not resolved
Evaluating 'github.com/k3s-io/etcd/api/v3' ...
  ! module not resolved
Evaluating 'github.com/fatedier/yamux' ...
  ! module not resolved
Evaluating 'github.com/k3s-io/kubernetes/staging/src/k8s.io/mount-utils' ...
  ! module not resolved
Evaluating 'gitlab.com/tozd/regex2json' ...
  got v1.1.1
  has 5 dependencies
Evaluating 'github.com/neelance/parallel' ...
  got v0.0.0-20160708114440-4de9ce63d14c
  has 0 dependencies
Evaluating 'github.com/gobuffalo/syncx' ...
  got v1.1.0
  has 6 dependencies
Evaluating 'oras.land/oras' ...
  got v1.0.2
  has 24 dependencies
Evaluating 'github.com/caarlos0/go-shellwords' ...
  got v1.0.12
  has 0 dependencies
Evaluating 'github.com/jimstudt/http-authentication' ...
  got v0.0.0-20140401203705-3eca13d6893a
  has 0 dependencies
Evaluating 'github.com/kataras/tablewriter' ...
  got v2.2.0
  has 2 dependencies
Evaluating 'github.com/openebs/api/v2' ...
  got v0.54.0
  has 130 dependencies
Evaluating 'github.com/pborman/getopt' ...
  got v1.1.0
  has 0 dependencies
Evaluating 'github.com/sylabs/singularity' ...
  got v3.1.1+incompatible
  has 0 dependencies
Evaluating 'goa.design/goa/v3' ...
  got v1.1.1
  has 31 dependencies
Evaluating 'github.com/fluxcd/pkg/kustomize' ...
  got v0.24.0
  has 150 dependencies
Evaluating 'github.com/rancher/helm/v3' ...
  ! module not resolved
Evaluating 'github.com/harvester/harvester' ...
  ! module not resolved
Evaluating 'github.com/johlanse/wechat' ...
  got v1.0.0
  has 15 dependencies
Evaluating 'github.com/kubemq-io/protobuf' ...
  got v1.5.0
  has 6 dependencies
Evaluating 'github.com/catalinc/hashcash' ...
  got v1.0.0
  has 0 dependencies
Evaluating 'github.com/gobeam/mongo-go-pagination' ...
  got v0.3.1
  has 55 dependencies
Evaluating 'github.com/kubemq-io/kubemq-go' ...
  got v0.26.0
  has 69 dependencies
Evaluating 'github.com/cloudwego/netpoll' ...
  got v0.1.1
  has 21 dependencies
Evaluating 'github.com/aquasecurity/vuln-list-update' ...
  got v0.34.0
  has 55 dependencies
Evaluating 'github.com/ipfs/go-pinning-service-http-client' ...
  got v0.34.0
  has 48 dependencies
Evaluating 'github.com/sasha-s/go-csync' ...
  got v0.0.0-20240107134140-fcbab37b09ad
  has 0 dependencies
Evaluating 'github.com/open-telemetry/opentelemetry-collector-contrib/receiver/hostmetricsreceiver' ...
  got v0.25.1
  has 156 dependencies
Evaluating 'github.com/newrelic/go-agent/v3/integrations/nrgrpc' ...
  got v0.25.1
  has 41 dependencies
Evaluating 'github.com/sercand/kuberesolver/v5' ...
  got v1.18.0
  has 46 dependencies
Evaluating 'kmodules.xyz/resource-metadata' ...
  got v1.1.1
  has 123 dependencies
Evaluating 'github.com/kmodules/controller-runtime' ...
  ! module not resolved
Evaluating 'github.com/libp2p/go-yamux/v2' ...
  got v1.1.0
  has 7 dependencies
Evaluating 'github.com/pseudomuto/protoc-gen-doc' ...
  got v0.94.1
  has 32 dependencies
Evaluating 'github.com/kevinburke/twilio-go' ...
  got v4.4.0+incompatible
  has 21 dependencies
Evaluating 'github.com/prometheus-community/elasticsearch_exporter' ...
  got v0.3.0
  has 67 dependencies
Evaluating 'github.com/anacrolix/missinggo/v2' ...
  got v0.3.2
  has 53 dependencies
Evaluating 'github.com/warrensbox/terraform-switcher' ...
  got v1.4.1
  has 60 dependencies
Evaluating 'github.com/zmap/zcertificate' ...
  got v1.1.1
  has 23 dependencies
Evaluating 'github.com/paketo-buildpacks/php-composer' ...
  got v0.1.0
  has 989 dependencies
Evaluating 'github.com/OWASP/Amass/v3' ...
  ! module not resolved
Evaluating 'github.com/keegancsmith/rpc' ...
  got v1.3.0
  has 0 dependencies
Evaluating 'github.com/seatgeek/logrus-gelf-formatter' ...
  got v1.1.1
  has 6 dependencies
Evaluating 'github.com/itzg/mc-server-runner' ...
  got v0.3.1
  has 41 dependencies
Evaluating 'gomodules.xyz/sync' ...
  got v0.1.0
  has 0 dependencies
Evaluating 'github.com/guptarohit/asciigraph' ...
  got v0.9.0
  has 0 dependencies
Evaluating 'github.com/ichtrojan/go-todo' ...
  got v1.4.1
  has 11 dependencies
Evaluating 'github.com/rodaine/hclencoder' ...
  got v1.1.1
  has 7 dependencies
Evaluating 'github.com/smacker/go-tree-sitter' ...
  got v1.1.1
  has 4 dependencies
Evaluating 'github.com/ktr0731/go-fuzzyfinder' ...
  got v1.0.1
  has 20 dependencies
Evaluating 'contrib.go.opencensus.io/integrations/ocsql' ...
  got v0.26.0
  has 36 dependencies
Evaluating 'github.com/terra-money/feather-core' ...
  got v0.110.4
  has 165 dependencies
Evaluating 'github.com/chartmuseum/storage' ...
  got v0.110.0
  has 245 dependencies
Evaluating 'github.com/gofiber/websocket/v2' ...
  got v1.0.5
  has 26 dependencies
Evaluating 'github.com/powerman/dockerize' ...
  got v1.0.2
  has 46 dependencies
Evaluating 'github.com/k3s-io/etcd/client/pkg/v3' ...
  ! module not resolved
Evaluating 'github.com/grafana/grafana-apiserver' ...
  got v0.110.0
  has 321 dependencies
Evaluating 'github.com/prometheus/consul_exporter' ...
  got v2.4.0
  has 42 dependencies
Evaluating 'github.com/blackfireio/go-continuous-profiling-experimental' ...
  ! module not resolved
Evaluating 'github.com/apparentlymart/go-dump' ...
  got v0.0.0-20190214190832-042adf3cf4a0
  has 0 dependencies
Evaluating 'github.com/DopplerHQ/gocui' ...
  got v0.1.0
  has 15 dependencies
Evaluating 'github.com/marcw/ini' ...
  got v0.0.0-20150225112852-7c37c581af61
  has 0 dependencies
Evaluating 'github.com/minio/dnscache' ...
  got v0.1.1
  has 1 dependencies
Evaluating 'github.com/agnivade/gziphandler' ...
  ! module not resolved
Evaluating 'github.com/charmbracelet/charm' ...
  got v0.26.0
  has 174 dependencies
Evaluating 'github.com/stern/stern' ...
  got v0.3.0
  has 114 dependencies
Evaluating 'github.com/pingcap/errcode' ...
  got v0.3.0
  has 1 dependencies
Evaluating 'github.com/akavel/rsrc' ...
  got v0.10.2
  has 0 dependencies
Evaluating 'github.com/helmfile/helmfile' ...
  got v1.6.0
  has 741 dependencies
Evaluating 'github.com/abronan/valkeyrie' ...
  ! module not resolved
Evaluating 'github.com/VerbalExpressions/GoVerbalExpressions' ...
  got v0.0.0-20200410162751-4d76a1099a6e
  has 0 dependencies
Evaluating 'github.com/NVIDIA/gpu-monitoring-tools' ...
  got v1.5.0
  has 3 dependencies
Evaluating 'github.com/open-telemetry/opentelemetry-collector-contrib/internal/metadataproviders' ...
  got v0.6.2
  has 103 dependencies
Evaluating 'google.golang.org/genproto/googleapis/bytestream' ...
  got v0.25.1
  has 39 dependencies
Evaluating 'go.opentelemetry.io/contrib/instrumentation/github.com/labstack/echo/otelecho' ...
  got v2.3.0
  has 35 dependencies
Evaluating 'github.com/aws/aws-sdk-go-v2/service/directoryservice' ...
  got v1.41.6
  has 4 dependencies
Evaluating 'github.com/prometheus/memcached_exporter' ...
  got v2.4.0
  has 28 dependencies
Evaluating 'github.com/bytecodealliance/wasmtime-go' ...
  got v1.0.0
  has 6 dependencies
Evaluating 'helm.sh/chartmuseum' ...
  got v0.112.0
  has 178 dependencies
Evaluating 'github.com/hashicorp/terraform-provider-azurerm' ...
  ! module not resolved
Evaluating 'github.com/goccy/go-graphviz' ...
  got v1.1.0
  has 12 dependencies
Evaluating 'github.com/ansel1/merry' ...
  got v0.34.0
  has 51 dependencies
Evaluating 'sigs.k8s.io/structured-merge-diff' ...
  got v1.1.0
  has 9 dependencies
Evaluating 'github.com/oauth2-proxy/oauth2-proxy/v7' ...
  got v0.25.1
  has 150 dependencies
Evaluating 'github.com/adlio/schema' ...
  got v1.1.1
  has 38 dependencies
Evaluating 'github.com/k3s-io/kubernetes/staging/src/k8s.io/kube-scheduler' ...
  ! module not resolved
Evaluating 'github.com/mozillazg/go-pinyin' ...
  got v0.21.0
  has 0 dependencies
Evaluating 'github.com/go-zoox/fetch' ...
  got v1.2.11
  has 15 dependencies
Evaluating 'k8s.io/dynamic-resource-allocation' ...
  got v0.25.1
  has 71 dependencies
Evaluating 'gopkg.in/segmentio/analytics-go.v3' ...
  ! module not resolved
Evaluating 'github.com/AdamSLevy/jsonrpc2/v14' ...
  got v14.1.0
  has 6 dependencies
Evaluating 'github.com/filecoin-project/go-jsonrpc' ...
  got v0.26.0
  has 46 dependencies
Evaluating 'github.com/ichtrojan/thoth' ...
  got v1.4.2
  has 1 dependencies
Evaluating 'github.com/alexmullins/zip' ...
  got v0.0.0-20180717182244-4affb64b04d0
  has 5 dependencies
Evaluating 'github.com/cosmos/gorocksdb' ...
  got v1.2.0
  has 7 dependencies
Evaluating 'go.szostok.io/version' ...
  got v1.1.1
  has 35 dependencies
Evaluating 'github.com/omec-project/idgenerator' ...
  got v1.1.0
  has 0 dependencies
Evaluating 'github.com/k3s-io/kubernetes/staging/src/k8s.io/kube-controller-manager' ...
  ! module not resolved
Evaluating 'cloud.google.com/go/dataproc/v2' ...
  got v0.123.0
  has 32 dependencies
Evaluating 'github.com/levigross/grequests' ...
  got v1.1.1
  has 12 dependencies
Evaluating 'gocv.io/x/gocv' ...
  got v0.0.0-20170906152045-cc83f3b3ce59
  has 5 dependencies
Evaluating 'github.com/oklog/oklog' ...
  got v0.3.2
  has 0 dependencies
Evaluating 'github.com/go-kivik/kivik/v3' ...
  got v3.1.1
  has 28 dependencies
Evaluating 'github.com/aws/aws-sdk-go-v2/service/account' ...
  got v1.41.6
  has 4 dependencies
Evaluating 'github.com/go-kivik/couchdb/v3' ...
  got v0.46.3
  has 181 dependencies
Evaluating 'github.com/k3s-io/kubernetes/staging/src/k8s.io/kube-controller-manager' ...
  ! module not resolved
Evaluating 'github.com/marcw/ini' ...
  got v0.0.0-20150225112852-7c37c581af61
  has 0 dependencies
Evaluating 'github.com/powerman/tail' ...
  got v1.1.1
  has 10 dependencies
Evaluating 'github.com/nzdjb/go-metaname' ...
  got v14.1.0
  has 8 dependencies
Evaluating 'github.com/blackfireio/go-continuous-profiling-experimental' ...
  ! module not resolved
Evaluating 'github.com/minio/dnscache' ...
  got v0.1.1
  has 1 dependencies
Evaluating 'github.com/abronan/valkeyrie' ...
  ! module not resolved
Evaluating 'github.com/agnivade/gziphandler' ...
  ! module not resolved
Evaluating 'github.com/ansel1/merry' ...
  got v0.34.0
  has 51 dependencies
Evaluating 'github.com/rodaine/hclencoder' ...
  got v1.1.1
  has 7 dependencies
Evaluating 'github.com/prometheus/consul_exporter' ...
  got v2.4.0
  has 42 dependencies
Evaluating 'github.com/vitrun/qart' ...
  got v0.0.0-20160531060029-bf64b92db6b0
  has 0 dependencies
Evaluating 'github.com/oklog/oklog' ...
  got v0.3.2
  has 0 dependencies
Evaluating 'github.com/jfrog/gocmd' ...
  got v0.3.1
  has 68 dependencies
Evaluating 'github.com/filecoin-project/go-state-types' ...
  got v1.1.1
  has 35 dependencies
Evaluating 'github.com/kastenhq/check' ...
  got v0.0.0-20180626002341-0264cfcea734
  has 0 dependencies
Evaluating 'github.com/caffix/resolve' ...
  ! module not resolved
Evaluating 'github.com/XSAM/otelsql' ...
  got v0.42.0
  has 20 dependencies
Evaluating 'go.jolheiser.com/hcaptcha' ...
  got v0.0.4
  has 0 dependencies
Evaluating 'github.com/bep/mclib' ...
  got v0.8.0
  has 19 dependencies
Evaluating 'github.com/kpacha/opencensus-influxdb' ...
  got v0.114.0
  has 193 dependencies
Evaluating 'github.com/percona/exporter_shared' ...
  got v2.4.0
  has 39 dependencies
Evaluating 'github.com/omec-project/ngap' ...
  got v1.1.1
  has 10 dependencies
Evaluating 'github.com/tektoncd/chains' ...
  got v1.3.0
  has 478 dependencies
Evaluating 'github.com/upper/db/v4' ...
  got v1.1.0
  has 50 dependencies
Evaluating 'go.etcd.io/etcd/client' ...
  got v3.3.27+incompatible
  has 12 dependencies
Evaluating 'github.com/ThreeDotsLabs/watermill' ...
  got v1.5.1
  has 24 dependencies
Evaluating 'github.com/datawire/ambassador' ...
  ! module not resolved
Evaluating 'github.com/rancher/lasso/controller-runtime' ...
  got v1.20.1
  has 140 dependencies
Evaluating 'github.com/celestiaorg/nmt' ...
  got v0.24.3
  has 20 dependencies
Evaluating 'gorm.io/gen' ...
  got v1.1.0
  has 35 dependencies
Evaluating 'github.com/catenacyber/perfsprint' ...
  got v0.10.1
  has 8 dependencies
Evaluating 'github.com/rotisserie/eris' ...
  got v0.5.4
  has 0 dependencies
Evaluating 'github.com/macabu/inamedparam' ...
  got v0.6.0
  has 8 dependencies
Evaluating 'github.com/google/readahead' ...
  got v1.2.5
  has 2 dependencies
Evaluating 'github.com/gorilla/pat' ...
  got v1.1.2
  has 2 dependencies
Evaluating 'github.com/open-telemetry/opentelemetry-collector-contrib/extension/storage' ...
  got v2.3.0
  has 28 dependencies
Evaluating 'github.com/go-shadow/moment' ...
  got v0.0.0-20140422073900-e837f27dad94
  has 0 dependencies
Evaluating 'github.com/linkerd/linkerd2-proxy-api' ...
  got v1.5.4
  has 9 dependencies
Evaluating 'github.com/gomodules/sprig/v3' ...
  ! module not resolved
Evaluating 'github.com/zhzblackc12/nest' ...
  ! module not resolved
Evaluating 'github.com/dbaggerman/cuba' ...
  got v1.1.0
  has 6 dependencies
Evaluating 'github.com/aliyun/aliyun-cli' ...
  got v3.0.25+incompatible
  has 0 dependencies
Evaluating 'v2ray.com/core' ...
  got v0.26.0
  has 22 dependencies
Evaluating 'github.com/aws/aws-sdk-go-v2/service/rbin' ...
  got v1.41.6
  has 4 dependencies
Evaluating 'github.com/zalando/postgres-operator' ...
  got v1.5.0
  has 66 dependencies
Evaluating 'github.com/Antonboom/testifylint' ...
  got v1.6.4
  has 8 dependencies
Evaluating 'github.com/azure/go-ntlmssp' ...
  ! module not resolved
Evaluating 'github.com/alecthomas/go-check-sumtype' ...
  got v2.11.0
  has 11 dependencies
Evaluating 'github.com/tent/http-link-go' ...
  got v0.0.0-20130702225549-ac974c61c2f9
  has 0 dependencies
Evaluating 'github.com/concourse/flag' ...
  got v2.0.0+incompatible
  has 7 dependencies
Evaluating 'github.com/kubevirt/api' ...
  ! module not resolved
Evaluating 'github.com/cloudevents/sdk-go/binding/format/protobuf/v2' ...
  got v2.16.2
  has 22 dependencies
Evaluating 'gitlab.com/NebulousLabs/fastrand' ...
  got v0.0.0-20181126182046-603482d69e40
  has 5 dependencies
Evaluating 'github.com/paulbellamy/ratecounter' ...
  got v0.2.0
  has 0 dependencies
Evaluating 'github.com/need-being/go-tree' ...
  got v0.1.0
  has 0 dependencies
Evaluating 'github.com/celestiaorg/cosmos-sdk' ...
  ! module not resolved
Evaluating 'github.com/kastenhq/goversion' ...
  got v0.0.0-20230811215019-93b2f8823953
  has 1 dependencies
Evaluating 'github.com/go-gomail/gomail' ...
  got v0.0.0-20160411212932-81ebce5c23df
  has 1 dependencies
Evaluating 'github.com/azazeal/pause' ...
  got v1.3.1
  has 0 dependencies
Evaluating 'github.com/libopenstorage/operator' ...
  ! module not found
Evaluating 'github.com/rancher/machine' ...
  got v0.16.2
  has 0 dependencies
Evaluating 'admiralty.io/multicluster-controller' ...
  got v0.6.0
  has 194 dependencies
Evaluating 'github.com/superfly/flyctl' ...
  got v1.3.0
  has 732 dependencies
Evaluating 'github.com/beeker1121/goque' ...
  got v2.1.0+incompatible
  has 15 dependencies
Evaluating 'github.com/gofiber/utils' ...
  got v1.2.0
  has 0 dependencies
Evaluating 'github.com/mcdafydd/go-azuredevops' ...
  got v0.34.0
  has 11 dependencies
Evaluating 'github.com/GoogleCloudPlatform/spark-on-k8s-operator' ...
  ! module not resolved
Evaluating 'github.com/paketo-buildpacks/debug' ...
  got v0.3.1
  has 41 dependencies
Evaluating 'github.com/makiuchi-d/gozxing' ...
  got v0.1.1
  has 2 dependencies
Evaluating 'volcano.sh/volcano' ...
  ! module not found
Evaluating 'github.com/michaelklishin/rabbit-hole' ...
  got v1.5.0
  has 0 dependencies
Evaluating 'github.com/peak/s5cmd' ...
  got v0.3.1
  has 41 dependencies
Evaluating 'github.com/gobuffalo/mapi' ...
  got v1.1.0
  has 6 dependencies
Evaluating 'github.com/bep/clocks' ...
  got v0.5.0
  has 6 dependencies
Evaluating 'github.com/anacrolix/missinggo/perf' ...
  got v0.4.7
  has 24 dependencies
Evaluating 'github.com/k3s-io/cri-tools' ...
  ! module not resolved
Evaluating 'github.com/vmware-tanzu/octant' ...
  got v0.93.3
  has 150 dependencies
Evaluating 'github.com/Jille/raft-grpc-transport' ...
  got v0.34.0
  has 106 dependencies
Evaluating 'github.com/portworx/kvdb' ...
  got v0.0.0-20180917152333-f0300d1749da
  has 81 dependencies
Evaluating 'github.com/ghostiam/protogetter' ...
  got v0.3.20
  has 9 dependencies
Evaluating 'github.com/IBM/networking-go-sdk' ...
  got v5.21.0
  has 32 dependencies
Evaluating 'github.com/newrelic/go-agent/v3/integrations/nrredis-v8' ...
  got v0.15.0
  has 43 dependencies
Evaluating 'github.com/k8stopologyawareschedwg/noderesourcetopology-api' ...
  got v1.1.1
  has 45 dependencies
Evaluating 'code.gitea.io/actions-proto-go' ...
  got v0.4.1
  has 2 dependencies
Evaluating 'github.com/sokurenko/go-netstat' ...
  got v1.0.1
  has 0 dependencies
Evaluating 'github.com/nytimes/gziphandler' ...
  ! module not resolved
Evaluating 'github.com/paketo-buildpacks/jmx' ...
  got v0.3.1
  has 41 dependencies
Evaluating 'github.com/celestiaorg/celestia-core' ...
  ! module not resolved
Evaluating 'github.com/ajeddeloh/go-json' ...
  ! module not resolved
Evaluating 'github.com/omec-project/aper' ...
  got v1.1.1
  has 8 dependencies
Evaluating 'gitea.com/gitea/act' ...
  ! module not resolved
Evaluating 'github.com/hypnoglow/helm-s3' ...
  got v0.0.0-20250102033503-faa5f7b0171c
  has 105 dependencies
Evaluating 'github.com/DmitriyVTitov/size' ...
  got v1.5.0
  has 1 dependencies
Evaluating 'fortio.org/fortio' ...
  got v0.25.1
  has 72 dependencies
Evaluating 'github.com/jezek/xgb' ...
  got v1.3.1
  has 0 dependencies
Evaluating 'github.com/nginx-proxy/docker-gen' ...
  got v1.0.2
  has 37 dependencies
Evaluating 'github.com/Jguer/yay/v11' ...
  got v1.0.1
  has 27 dependencies
Evaluating 'github.com/ismdeep/log' ...
  got v1.1.0
  has 11 dependencies
Evaluating 'gomodules.xyz/password-generator' ...
  got v0.2.9
  has 0 dependencies
Evaluating 'gopkg.in/kothar/go-backblaze.v0' ...
  got v1.2.5
  has 4 dependencies
Evaluating 'github.com/libp2p/go-libp2p-resource-manager' ...
  got v0.0.0-20190825152654-46b345b51c96
  has 125 dependencies
Evaluating 'go.jolheiser.com/pwn' ...
  got v0.0.3
  has 0 dependencies
Evaluating 'github.com/yosuke-furukawa/json5' ...
  got v0.1.1
  has 0 dependencies
Evaluating 'github.com/meilisearch/meilisearch-go' ...
  got v1.1.1
  has 8 dependencies
Evaluating 'go-simpler.org/sloglint' ...
  got v0.2.0
  has 9 dependencies
Evaluating 'github.com/kubernetes-csi/external-snapshotter/client/v3' ...
  got v0.51.0
  has 120 dependencies
Evaluating 'gitlab.com/gitlab-org/gitaly' ...
  got v0.26.0
  has 188 dependencies
Evaluating 'github.com/concourse/dex' ...
  got v0.32.1-0.20250325101103-175b25e1c1b9
  has 116 dependencies
Evaluating 'github.com/evmos/ethermint' ...
  ! module not found
Evaluating 'github.com/jfrog/build-info-go' ...
  got v1.5.0
  has 43 dependencies
Evaluating 'github.com/SebastiaanKlippert/go-wkhtmltopdf' ...
  got v1.9.3
  has 7 dependencies
Evaluating 'github.com/rainycape/memcache' ...
  got v0.0.0-20150622160815-1031fa0ce2f2
  has 0 dependencies
Evaluating 'github.com/actgardner/gogen-avro/v10' ...
  got v10.2.1
  has 6 dependencies
Evaluating 'github.com/concourse/concourse' ...
  got v4.2.3+incompatible
  has 0 dependencies
Evaluating 'github.com/caarlos0/env/v8' ...
  got v8.0.0
  has 0 dependencies
Evaluating 'github.com/romana/rlog' ...
  got v0.0.0-20220412051723-c08f605858a9
  has 0 dependencies
Evaluating 'github.com/biogo/store' ...
  got v0.0.0-20201120204734-aad293a2328f
  has 4 dependencies
Evaluating 'github.com/k3s-io/klog' ...
  ! module not resolved
Evaluating 'github.com/ejcx/sshcert' ...
  got v1.1.0
  has 5 dependencies
Evaluating 'gitlab.com/gitlab-org/cluster-integration/gitlab-agent/v15' ...
  got v0.110.0
  has 210 dependencies
Evaluating 'github.com/oleiade/lane' ...
  got v1.0.1
  has 0 dependencies
Evaluating 'github.com/minio/direct-csi' ...
  got v0.81.0
  has 337 dependencies
Evaluating 'github.com/superfly/graphql' ...
  got v1.4.0
  has 2 dependencies
Evaluating 'github.com/dchest/safefile' ...
  got v0.0.0-20151022103144-855e8d98f185
  has 0 dependencies
Evaluating 'github.com/bep/logg' ...
  got v0.5.0
  has 12 dependencies
Evaluating 'github.com/aws/aws-sdk-go-v2/service/resourcegroupstaggingapi' ...
  got v1.41.6
  has 4 dependencies
Evaluating 'github.com/Kong/go-pdk' ...
  got v0.11.2
  has 9 dependencies
Evaluating 'github.com/pseudomuto/protokit' ...
  got v1.1.0
  has 6 dependencies
Evaluating 'github.com/go-zoox/random' ...
  got v1.0.4
  has 0 dependencies
Evaluating 'github.com/holiman/big' ...
  got v0.0.0-20221017200358-a027dc42d04e
  has 1 dependencies
Evaluating 'github.com/microsoft/durabletask-go' ...
  got v0.110.0
  has 190 dependencies
Evaluating 'github.com/rookie-ninja/rk-query' ...
  got v1.0.0
  has 32 dependencies
Evaluating 'github.com/go-playground/form' ...
  got v3.1.4+incompatible
  has 0 dependencies
Evaluating 'github.com/thomaso-mirodin/intmath' ...
  got v0.0.0-20160323211736-5dc6d854e46e
  has 0 dependencies
Evaluating 'github.com/nmrshll/go-cp' ...
  got v0.0.0-20180115193924-61436d3b7cfa
  has 0 dependencies
Evaluating 'go.bytebuilders.dev/license-proxyserver' ...
  got v0.18.0
  has 193 dependencies
Evaluating 'github.com/pingcap/parser' ...
  got v0.26.0
  has 33 dependencies
Evaluating 'github.com/dustinxie/ecc' ...
  got v0.0.0-20210511000915-959544187564
  has 0 dependencies
Evaluating 'github.com/golang-module/carbon/v2' ...
  got v1.1.1
  has 5 dependencies
Evaluating 'github.com/cactus/go-statsd-client' ...
  got v3.2.1+incompatible
  has 0 dependencies
Evaluating 'github.com/zyedidia/json5' ...
  got v0.0.0-20200102012142-2da050b1a98d
  has 0 dependencies
Evaluating 'github.com/pivotal/kpack' ...
  got v0.23.1
  has 335 dependencies
Evaluating 'github.com/spectrocloud-labs/herd' ...
  got v1.1.0
  has 21 dependencies
Evaluating 'github.com/kubeovn/kube-ovn' ...
  ! module not found
Evaluating 'github.com/Shopify/toxiproxy' ...
  got v2.1.4+incompatible
  has 8 dependencies
Evaluating 'go.bytebuilders.dev/audit' ...
  got v1.0.1
  has 131 dependencies
Evaluating 'github.com/sourcegraph/yaml' ...
  got v1.0.0
  has 2 dependencies
Evaluating 'github.com/caarlos0/go-reddit/v3' ...
  got v3.0.1
  has 9 dependencies
Evaluating 'github.com/xeonx/timeago' ...
  got v1.0.0-rc5
  has 0 dependencies
Evaluating 'github.com/portainer/portainer/pkg/libhelm' ...
  got v1.1.1
  has 8 dependencies
Evaluating 'github.com/TwinProduction/go-color' ...
  ! module not resolved
Evaluating 'github.com/omec-project/MongoDBLibrary' ...
  got v0.26.0
  has 92 dependencies
Evaluating 'github.com/cloudwego/kitex' ...
  got v0.1.3
  has 41 dependencies
Evaluating 'github.com/bcicen/termui' ...
  got v0.0.0-20180326052246-4eb80249d3f5
  has 4 dependencies
Evaluating 'github.com/jdkato/twine' ...
  got v1.7.0
  has 4 dependencies
Evaluating 'github.com/otiai10/mint' ...
  got v1.6.3
  has 0 dependencies
Evaluating 'github.com/gofiber/template' ...
  got v1.8.3
  has 0 dependencies
Evaluating 'github.com/go-kratos/aegis' ...
  got v1.1.1
  has 15 dependencies
Evaluating 'github.com/SAP/cloud-mta' ...
  got v0.46.3
  has 171 dependencies
Evaluating 'github.com/skynetservices/skydns' ...
  got v0.25.1
  has 82 dependencies
Evaluating 'github.com/matryer/try' ...
  got v0.0.0-20161228173917-9ac251b645a2
  has 0 dependencies
Evaluating 'github.com/tenable/terrascan' ...
  got v0.110.6
  has 220 dependencies
Evaluating 'github.com/alexedwards/argon2id' ...
  got v1.0.0
  has 10 dependencies
Evaluating 'gitlab.com/yawning/bsaes.git' ...
  got v0.0.0-20190805113838-0a714cd429ec
  has 1 dependencies
Evaluating 'github.com/grpc-ecosystem/go-grpc-middleware/providers/kit/v2' ...
  got v0.34.0
  has 51 dependencies
Evaluating 'github.com/zyedidia/glob' ...
  got v0.0.0-20170209203856-dd4023a66dc3
  has 0 dependencies
Evaluating 'github.com/mickael-kerjean/net' ...
  got v0.0.0-20191120063050-2457c043ba06
  has 3 dependencies
Evaluating 'github.com/open-telemetry/opentelemetry-collector-contrib/internal/kubelet' ...
  got v0.3.0
  has 109 dependencies
Evaluating 'github.com/hashicorp/hcl-lang' ...
  got v1.2.1
  has 14 dependencies
Evaluating 'github.com/banzaicloud/logging-operator/pkg/sdk' ...
  ! module not resolved
Evaluating 'github.com/go-bindata/go-bindata' ...
  got v3.1.2+incompatible
  has 0 dependencies
Evaluating 'github.com/sagernet/websocket' ...
  got v0.0.0-20220913015213-615516348b4e
  has 0 dependencies
Evaluating 'github.com/bsipos/thist' ...
  got v0.0.0-20180226025133-644b8db467af
  has 15 dependencies
Evaluating 'github.com/carlescere/scheduler' ...
  got v0.0.0-20170109141437-ee74d2f83d82
  has 0 dependencies
Evaluating 'github.com/openfaas/faas/gateway' ...
  got v2.4.0
  has 61 dependencies
Evaluating 'github.com/SAP/cloud-mta-build-tool' ...
  got v0.46.3
  has 186 dependencies
Evaluating 'github.com/vaughan0/go-ini' ...
  got v0.0.0-20130923145212-a98ad7ee00ec
  has 0 dependencies
Evaluating 'github.com/cloudfoundry/bytefmt' ...
  ! module not resolved
Evaluating 'github.com/zyedidia/micro/v2' ...
  got v3.5.1+incompatible
  has 27 dependencies
Evaluating 'github.com/devfile/registry-support/registry-library' ...
  got v0.110.10
  has 320 dependencies
Evaluating 'github.com/gcla/term' ...
  got v0.0.0-20191015020247-31cba2f9f402
  has 2 dependencies
Evaluating 'github.com/olliefr/docker-gs-ping' ...
  got v1.1.1
  has 21 dependencies
Evaluating 'github.com/Azure/azure-sdk-for-go/sdk/messaging/azeventhubs' ...
  got v1.18.0
  has 32 dependencies
Evaluating 'github.com/gardener/hvpa-controller/api' ...
  got v0.17.0
  has 17 dependencies
Evaluating 'github.com/datawire/envconfig' ...
  got v0.0.0-20221012222025-09524dc7d59b
  has 7 dependencies
Evaluating 'github.com/hasura/go-graphql-client' ...
  got v1.8.14
  has 2 dependencies
Evaluating 'github.com/Yawning/aez' ...
  got v0.0.0-20211027044916-e49e68abd344
  has 6 dependencies
Evaluating 'github.com/flannel-io/cni-plugin' ...
  got v0.0.0-20160811212531-371fbbdaa898
  has 317 dependencies
Evaluating 'github.com/libopenstorage/stork' ...
  ! module not resolved
Evaluating 'github.com/aws/aws-sdk-go-v2/service/codecommit' ...
  got v1.41.6
  has 4 dependencies
Evaluating 'github.com/portainer/portainer/third_party/digest' ...
  got v0.0.0-20230831224222-4560a53317b0
  has 0 dependencies
Evaluating 'github.com/projectcalico/calicoctl/v3' ...
  got v0.54.0
  has 439 dependencies
Evaluating 'github.com/ti-mo/conntrack' ...
  got v1.1.1
  has 17 dependencies
Evaluating 'github.com/drone/go-scm' ...
  got v1.42.2
  has 3 dependencies
Evaluating 'github.com/go-zoox/chalk' ...
  got v1.0.2
  has 0 dependencies
Evaluating 'github.com/goodhosts/hostsfile' ...
  got v0.0.0-20210307081110-f21760c49a8d
  has 9 dependencies
Evaluating 'github.com/kubeshop/testkube-operator' ...
  got v1.0.1
  has 74 dependencies
Evaluating 'github.com/securego/gosec' ...
  got v1.1.7
  has 30 dependencies
Evaluating 'github.com/servicemeshinterface/smi-sdk-go' ...
  got v0.38.0
  has 97 dependencies
Evaluating 'github.com/devfile/registry-support/index/generator' ...
  got v0.110.10
  has 370 dependencies
Evaluating 'github.com/gcla/termshark/v2' ...
  got v0.100.2
  has 254 dependencies
Evaluating 'github.com/xrjr/mcutils' ...
  got v1.5.1
  has 0 dependencies
Evaluating 'github.com/rookie-ninja/rk-logger' ...
  got v1.0.0
  has 29 dependencies
Evaluating 'github.com/go-zoox/logger' ...
  got v1.0.1
  has 2 dependencies
Evaluating 'github.com/mattn/go-mastodon' ...
  got v1.5.3
  has 2 dependencies
Evaluating 'github.com/influxdata/influxdb-iox-client-go' ...
  got v0.34.0
  has 264 dependencies
Evaluating 'go.etcd.io/etcd/api' ...
  ! module not resolved
Evaluating 'github.com/go-zoox/core-utils' ...
  got v1.4.13
  has 3 dependencies
Evaluating 'github.com/zyedidia/terminal' ...
  got v1.1.18
  has 1 dependencies
Evaluating 'github.com/hashicorp/terraform-ls' ...
  got v0.0.7
  has 165 dependencies
Evaluating 'github.com/go-zoox/datetime' ...
  got v1.14.4
  has 9 dependencies
Evaluating 'github.com/kubernetes-sigs/yaml' ...
  ! module not resolved
Evaluating 'github.com/beefsack/go-rate' ...
  got v0.0.0-20220214233405-116f4ca011a0
  has 0 dependencies
Evaluating 'github.com/mickael-kerjean/filestash' ...
  got v0.2.1
  has 0 dependencies
Evaluating 'github.com/omec-project/util_3gpp' ...
  got v1.0.0
  has 39 dependencies
Evaluating 'github.com/marten-seemann/chacha20' ...
  got v0.2.0
  has 1 dependencies
Evaluating 'github.com/clarify/clarify-go' ...
  got v0.3.0
  has 3 dependencies
Evaluating 'github.com/cosmos/ibc-go/v6' ...
  ! module not found
Evaluating 'github.com/cyberdelia/go-metrics-graphite' ...
  got v0.0.0-20161219230853-39f87cc3b432
  has 1 dependencies
Evaluating 'github.com/go-contrib/uuid' ...
  got v1.2.0
  has 0 dependencies
Evaluating 'github.com/anchore/bubbly' ...
  got v0.0.0-20180116102854-5a71ef0e047d
  has 50 dependencies
Evaluating 'github.com/gcla/gowid' ...
  got v0.0.0-20160405071501-a0175ee3bccc
  has 28 dependencies
Evaluating 'github.com/letsencrypt/pkcs11key/v4' ...
  got v4.0.1
  has 1 dependencies
Evaluating 'github.com/hashicorp/terraform-schema' ...
  got v1.4.1
  has 28 dependencies
Evaluating 'github.com/drone/drone-yaml' ...
  got v1.0.0
  has 60 dependencies
Evaluating 'github.com/boschrexroth/ctrlx-datalayer-golang' ...
  got v1.3.1
  has 12 dependencies
Evaluating 'github.com/rfratto/go-yaml' ...
  got v2.1.0+incompatible
  has 0 dependencies
Evaluating 'github.com/MakeNowJust/heredoc/v2' ...
  got v2.0.1
  has 0 dependencies
Evaluating 'github.com/mreiferson/go-snappystream' ...
  got v0.2.3
  has 0 dependencies
Evaluating 'github.com/gcla/deep' ...
  got v1.0.2
  has 0 dependencies
Evaluating 'sigs.k8s.io/cluster-api-provider-azure' ...
  got v1.5.1
  has 339 dependencies
Evaluating 'github.com/forPelevin/gomoji' ...
  got v1.4.1
  has 1 dependencies
Evaluating 'github.com/tonistiigi/jaeger-ui-rest' ...
  got v0.9.1
  has 1 dependencies
Evaluating 'github.com/runatlantis/atlantis' ...
  got v0.65.0
  has 240 dependencies
Evaluating 'github.com/rancher/elemental-cli' ...
  ! module not resolved
Evaluating 'github.com/open-telemetry/opentelemetry-collector-contrib/extension/sigv4authextension' ...
  got v0.25.1
  has 88 dependencies
Evaluating 'github.com/blacktear23/go-proxyprotocol' ...
  got v1.0.6
  has 0 dependencies
Evaluating 'github.com/ory/analytics-go/v4' ...
  got v0.0.0-20160611221934-b7ed37b82869
  has 18 dependencies
Evaluating 'github.com/kubernetes-sigs/aws-ebs-csi-driver' ...
  got v3.4.0
  has 117 dependencies
Evaluating 'github.com/hooklift/gowsdl' ...
  got v1.1.0
  has 6 dependencies
Evaluating 'stash.appscode.dev/apimachinery' ...
  got v1.1.0
  has 166 dependencies
Evaluating 'github.com/itzg/maven-metadata-release' ...
  got v0.1.0
  has 0 dependencies
Evaluating 'github.com/swaggest/refl' ...
  got v0.2.39
  has 5 dependencies
Evaluating 'github.com/disgoorg/json' ...
  got v1.1.1
  has 4 dependencies
Evaluating 'github.com/go-zoox/headers' ...
  got v1.0.8
  has 0 dependencies
Evaluating 'github.com/go-xorm/builder' ...
  got v1.1.0
  has 5 dependencies
Evaluating 'github.com/openacid/low' ...
  got v3.5.1+incompatible
  has 12 dependencies
Evaluating 'github.com/heptio/authenticator' ...
  ! module not resolved
Evaluating 'github.com/psanford/wormhole-william' ...
  got v1.2.0
  has 25 dependencies
Evaluating 'github.com/motomux/pretty' ...
  got v1.1.9
  has 2 dependencies
Evaluating 'github.com/jdkato/titlecase' ...
  got v1.1.0
  has 11 dependencies
Evaluating 'github.com/dineshappavoo/basex' ...
  got v0.0.0-20170425072625-481a6f6dc663
  has 0 dependencies
Evaluating 'github.com/choleraehyq/pid' ...
  got v0.0.22
  has 0 dependencies
Evaluating 'github.com/tv42/zbase32' ...
  got v0.0.0-20220222190657-f76a9fc892fa
  has 0 dependencies
Evaluating 'github.com/jfrog/jfrog-cli-core' ...
  got v0.5.2
  has 66 dependencies
Evaluating 'github.com/terraform-providers/terraform-provider-null' ...
  ! module not resolved
Evaluating 'github.com/things-go/go-socks5' ...
  got v1.1.1
  has 5 dependencies
Evaluating 'github.com/rackspace/gophercloud' ...
  got v1.0.0
  has 0 dependencies
Evaluating 'github.com/upbound/provider-aws' ...
  ! module not found
Evaluating 'github.com/edwarnicke/serialize' ...
  got v1.1.0
  has 18 dependencies
Evaluating 'github.com/swaggest/jsonschema-go' ...
  got v0.2.43
  has 18 dependencies
Evaluating 'github.com/upbound/provider-gcp' ...
  got v0.0.8
  has 175 dependencies
Evaluating 'gitlab.com/distributed_lab/figure' ...
  got v1.1.1
  has 14 dependencies
Evaluating 'github.com/lyft/protoc-gen-star/v2' ...
  got v1.1.0
  has 21 dependencies
Evaluating 'github.com/rookie-ninja/rk-entry/v2' ...
  got v1.3.0
  has 60 dependencies
Evaluating 'github.com/vladimirvivien/gexe' ...
  got v0.5.0
  has 0 dependencies
Evaluating 'kmodules.xyz/webhook-runtime' ...
  got v3.3.1
  has 79 dependencies
Evaluating 'github.com/go-oauth2/oauth2/v4' ...
  got v1.5.1
  has 48 dependencies
Evaluating 'github.com/segmentio/parquet-go' ...
  got v1.0.3
  has 11 dependencies
Evaluating 'github.com/drone-plugins/drone-docker' ...
  got v0.6.1
  has 69 dependencies
Evaluating 'github.com/grafana/gofpdf' ...
  got v1.0.0
  has 5 dependencies
Evaluating 'github.com/k14s/kapp' ...
  ! module not resolved
Evaluating 'github.com/zyedidia/tcell/v2' ...
  got v1.0.0
  has 7 dependencies
Evaluating 'github.com/portainer/portainer/pkg/featureflags' ...
  got v22.3.3-0.20220203105225-a9a7ef127534
  has 15 dependencies
Evaluating 'github.com/zmb3/spotify/v2' ...
  got v0.65.0
  has 72 dependencies
Evaluating 'github.com/filecoin-project/go-cbor-util' ...
  got v0.3.1
  has 59 dependencies
Evaluating 'sigs.k8s.io/scheduler-plugins' ...
  got v0.24.0
  has 138 dependencies
Evaluating 'github.com/vmware-tanzu/crash-diagnostics' ...
  got v0.3.0
  has 170 dependencies
Evaluating 'github.com/pingcap/check' ...
  got v0.3.1
  has 32 dependencies
Evaluating 'github.com/filecoin-project/go-statestore' ...
  got v0.3.1
  has 61 dependencies
Evaluating 'github.com/paulmach/go.geojson' ...
  got v1.5.0
  has 0 dependencies
Evaluating 'github.com/scylladb/go-reflectx' ...
  got v1.0.1
  has 0 dependencies
Evaluating 'github.com/k8snetworkplumbingwg/whereabouts' ...
  got v1.1.1
  has 82 dependencies
Evaluating 'github.com/tomasen/fcgi_client' ...
  got v0.0.0-20180423082037-2bb3d819fd19
  has 0 dependencies
Evaluating 'salsa.debian.org/vasudev/gospake2' ...
  got v0.50.0
  has 5 dependencies
Evaluating 'github.com/linki/instrumented_http' ...
  got v2.4.0
  has 36 dependencies
Evaluating 'github.com/corona10/goimagehash' ...
  got v1.1.0
  has 1 dependencies
Evaluating 'github.com/k3s-io/cri-dockerd' ...
  ! module not resolved
Evaluating 'github.com/kbinani/screenshot' ...
  got v0.1.0
  has 5 dependencies
Evaluating 'github.com/ansel1/merry/v2' ...
  got v1.5.1
  has 13 dependencies
Evaluating 'github.com/filecoin-project/go-bitfield' ...
  got v1.1.0
  has 24 dependencies
Evaluating 'github.com/signalfx/signalfx-agent/pkg/apm' ...
  got v1.1.1
  has 22 dependencies
Evaluating 'github.com/go-zoox/cookie' ...
  got v1.2.0
  has 0 dependencies
Evaluating 'github.com/jdkato/regexp' ...
  got v0.1.0
  has 0 dependencies
Evaluating 'github.com/kserve/kserve' ...
  got v0.24.0
  has 204 dependencies
Evaluating 'github.com/h2non/bimg' ...
  got v1.1.9
  has 0 dependencies
Evaluating 'github.com/msteinert/pam' ...
  got v1.2.0
  has 2 dependencies
Evaluating 'github.com/dunglas/mercure' ...
  got v0.0.0-20211105230623-77f5c8d3e145
  has 73 dependencies
Evaluating 'github.com/cloudwego/thriftgo' ...
  got v0.1.1
  has 16 dependencies
Evaluating 'github.com/muesli/go-app-paths' ...
  got v1.1.0
  has 1 dependencies
Evaluating 'github.com/krakendio/flatmap' ...
  ! module not resolved
Evaluating 'github.com/rancher/channelserver' ...
  got v0.24.0
  has 163 dependencies
Evaluating 'github.com/herumi/bls-eth-go-binary' ...
  got v1.37.0
  has 0 dependencies
Evaluating 'github.com/krakendio/httpcache' ...
  ! module not resolved
Evaluating 'github.com/grafana/pyroscope/api' ...
  got v1.19.1
  has 22 dependencies
Evaluating 'github.com/mcuadros/go-lookup' ...
  got v1.1.1
  has 4 dependencies
Evaluating 'github.com/VictoriaMetrics/fasthttp' ...
  got v1.2.0
  has 3 dependencies
Evaluating 'github.com/newrelic/go-agent/v3/integrations/nrzap' ...
  got v0.3.1
  has 30 dependencies
Evaluating 'github.com/opencontainers/cgroups' ...
  got v0.17.3
  has 14 dependencies
Evaluating 'github.com/ian-kent/envconf' ...
  got v0.0.0-20141026121121-c19809918c02
  has 0 dependencies
Evaluating 'github.com/txn2/txeh' ...
  got v1.1.0
  has 4 dependencies
Evaluating 'github.com/olivere/grpc' ...
  got v1.0.0
  has 0 dependencies
Evaluating 'github.com/beanstalkd/go-beanstalk' ...
  got v0.2.0
  has 0 dependencies
Evaluating 'github.com/go-pg/pg' ...
  got v8.0.7+incompatible
  has 7 dependencies
Evaluating 'gitlab.com/distributed_lab/kit' ...
  got v0.110.10
  has 631 dependencies
Evaluating 'github.com/zyedidia/go-runewidth' ...
  got v0.1.0
  has 1 dependencies
Evaluating 'git.lifewood.dev/common-service' ...
  ! module not resolved
Evaluating 'github.com/caarlos0/log' ...
  got v2.0.0-beta.3.0.20251120230642-dcccabe2cd63
  has 21 dependencies
Evaluating 'github.com/gofiber/swagger' ...
  got v1.2.1
  has 50 dependencies
Evaluating 'github.com/prysmaticlabs/fastssz' ...
  got v0.0.3
  has 11 dependencies
Evaluating 'github.com/grafana/agent' ...
  ! module not found
Evaluating 'github.com/zyedidia/go-shellquote' ...
  got v0.0.0-20200613203517-eccd813c0655
  has 0 dependencies
Evaluating 'github.com/helmfile/vals' ...
  got v1.6.0
  has 525 dependencies
Evaluating 'github.com/aquasecurity/trivy-policies' ...
  ! module not resolved
Evaluating 'github.com/edwarnicke/grpcfd' ...
  got v0.26.0
  has 28 dependencies
Evaluating 'github.com/united-manufacturing-hub/umh-utils' ...
  got v1.9.0
  has 6 dependencies
Evaluating 'github.com/open-telemetry/opentelemetry-collector-contrib/pkg/experimentalmetricmetadata' ...
  got v1.1.1
  has 28 dependencies
Evaluating 'github.com/hashicorp/go-azure-sdk' ...
  got v14.2.0+incompatible
  has 46 dependencies
Evaluating 'github.com/manifestival/manifestival' ...
  got v0.54.0
  has 132 dependencies
Evaluating 'github.com/justinas/nosurf' ...
  got v1.2.0
  has 0 dependencies
Evaluating 'gitlab.com/distributed_lab/logan' ...
  got v1.1.1
  has 8 dependencies
Evaluating 'gorm.io/plugin/soft_delete' ...
  got v1.0.0
  has 5 dependencies
Evaluating 'github.com/grpc/grpc-go' ...
  ! module not resolved
Evaluating 'gitlab.com/gitlab-org/gitlab-workhorse' ...
  got v0.0.0-20200407214033-5883e5a4b512
  has 989 dependencies
Evaluating 'github.com/gibson042/canonicaljson-go' ...
  got v1.0.3
  has 0 dependencies
Evaluating 'github.com/urfave/negroni/v3' ...
  got v3.1.1
  has 0 dependencies
Evaluating 'github.com/whyrusleeping/go-logging' ...
  got v0.0.1
  has 0 dependencies
Evaluating 'github.com/edwarnicke/exechelper' ...
  got v1.1.0
  has 10 dependencies
Evaluating 'github.com/OpenWhiteBox/primitives' ...
  got v0.0.0-20161020045608-2f25eea09f86
  has 0 dependencies
Evaluating 'github.com/open-telemetry/opentelemetry-collector-contrib/processor/cumulativetodeltaprocessor' ...
  got v2.1.4
  has 91 dependencies
Evaluating 'github.com/krakendio/krakend-httpsecure/v2' ...
  ! module not resolved
Evaluating 'github.com/vmware-tanzu/vm-operator-api' ...
  got v0.0.0-20170623195520-56545f4a5d46
  has 59 dependencies
Evaluating 'github.com/qiniu/api.v7/v7' ...
  got v1.1.0
  has 6 dependencies
Evaluating 'github.com/go-zoox/safe' ...
  got v1.5.1
  has 2 dependencies
Evaluating 'github.com/masterminds/goutils' ...
  got v1.1.1
  has 0 dependencies
Evaluating 'github.com/go-zoox/errors' ...
  got v1.0.2
  has 0 dependencies
Evaluating 'github.com/aquasecurity/trivy-iac' ...
  got v0.110.8
  has 213 dependencies
Evaluating 'github.com/gemalto/kmip-go' ...
  got v0.107.0
  has 232 dependencies
Evaluating 'github.com/ceph/ceph-csi' ...
  got v2.0.1+incompatible
  has 0 dependencies
Evaluating 'github.com/surge/glog' ...
  got v0.0.0-20141108051140-2578deb2b95c
  has 0 dependencies
Evaluating 'github.com/elastic/go-elasticsearch' ...
  got v0.0.0
  has 0 dependencies
Evaluating 'github.com/harlow/go-micro-services' ...
  got v5.0.3
  has 23 dependencies
Evaluating 'github.com/krakendio/krakend-martian/v2' ...
  ! module not resolved
Evaluating 'github.com/anacrolix/stm' ...
  got v2.0.0-alpha3
  has 15 dependencies
Evaluating 'github.com/mittwald/go-helm-client' ...
  got v0.24.0
  has 330 dependencies
Evaluating 'github.com/nic-at/rc0go' ...
  got v1.5.0
  has 3 dependencies
Evaluating 'github.com/nuclio/loggerus' ...
  got v1.1.1
  has 10 dependencies
Evaluating 'github.com/openebs/cstor-operators' ...
  ! module not resolved
Evaluating 'github.com/go-zoox/tag' ...
  got v1.14.3
  has 10 dependencies
Evaluating 'github.com/dave/dst' ...
  got v0.27.4
  has 6 dependencies
Evaluating 'github.com/omec-project/nas' ...
  got v0.0.0-20160719120800-7af84192f0b1
  has 13 dependencies
Evaluating 'github.com/go-zoox/jobqueue' ...
  got v1.0.2
  has 4 dependencies
Evaluating 'github.com/go-echarts/go-echarts/v2' ...
  got v1.1.1
  has 6 dependencies
Evaluating 'go.yaml.in/yaml/v2' ...
  got v2.4.4
  has 0 dependencies
Evaluating 'github.com/mattermost/mattermost/server/v8' ...
  got v2.0.0-pre.4
  has 220 dependencies
Evaluating 'github.com/aws/aws-sdk-go-v2/service/docdbelastic' ...
  got v1.41.6
  has 4 dependencies
Evaluating 'go-micro.dev/v4' ...
  got v0.0.0-20170929234023-d6e3b3328b78
  has 92 dependencies
Evaluating 'github.com/IBM-Cloud/bluemix-go' ...
  got v0.0.0-20260424100510-275dcc5549eb
  has 65 dependencies
Evaluating 'github.com/Venafi/vcert/v4' ...
  got v0.46.3
  has 165 dependencies
Evaluating 'github.com/gemalto/flume' ...
  got v0.107.0
  has 231 dependencies
Evaluating 'github.com/anknown/darts' ...
  got v0.0.0-20151216065714-83ff685239e6
  has 0 dependencies
Evaluating 'github.com/nullstyle/go-xdr' ...
  got v0.0.0-20180726165426-f4c839f75077
  has 0 dependencies
Evaluating 'github.com/mailhog/smtp' ...
  got v1.0.1
  has 1 dependencies
Evaluating 'github.com/tdewolff/parse' ...
  got v2.3.4+incompatible
  has 0 dependencies
Evaluating 'github.com/mailgun/minheap' ...
  got v0.0.0-20170619185613-3dbe6c6bf55f
  has 0 dependencies
Evaluating 'github.com/sourcegraph/zoekt' ...
  got v0.25.1
  has 159 dependencies
Evaluating 'gopkg.in/macaroon-bakery.v2' ...
  got v0.26.0
  has 47 dependencies
Evaluating 'github.com/celestiaorg/rsmt2d' ...
  got v0.0.0-20210714075610-a84dc3ddbbe4
  has 18 dependencies
Evaluating 'github.com/volatiletech/null/v8' ...
  ! module not resolved
Evaluating 'github.com/krakendio/krakend-ce/v2' ...
  ! module not resolved
Evaluating 'github.com/krakendio/krakend-gelf/v2' ...
  ! module not resolved
Evaluating 'github.com/cloudwego/fastpb' ...
  got v0.0.0-20240531030433-5df24c0168e2
  has 18 dependencies
Evaluating 'github.com/celestiaorg/celestia-app' ...
  ! module not found
Evaluating 'github.com/krakendio/krakend-lambda/v2' ...
  ! module not resolved
Evaluating 'github.com/ian-kent/go-log' ...
  got v0.0.0-20160113211217-5731446c36ab
  has 0 dependencies
Evaluating 'github.com/ian-kent/goose' ...
  got v0.0.0-20141221090059-c3541ea826ad
  has 0 dependencies
Evaluating 'github.com/go-zoox/compress' ...
  got v1.0.1
  has 0 dependencies
Evaluating 'github.com/99designs/basicauth-go' ...
  got v0.0.0-20230316000542-bf6f9cbbf0f8
  has 0 dependencies
Evaluating 'github.com/masterminds/sprig/v3' ...
  ! module not resolved
Evaluating 'github.com/go-zoox/ratelimit' ...
  got v2.2.0
  has 32 dependencies
Evaluating 'github.com/flytam/filenamify' ...
  got v1.2.0
  has 0 dependencies
Evaluating 'github.com/krakendio/krakend-oauth2-clientcredentials/v2' ...
  ! module not resolved
Evaluating 'github.com/dimiro1/reply' ...
  got v0.0.0-20200315094148-d0136a4c9e21
  has 1 dependencies
Evaluating 'github.com/krakendio/krakend-viper/v2' ...
  ! module not resolved
Evaluating 'github.com/ffledgling/pdns-go' ...
  got v0.3.0
  has 7 dependencies
Evaluating 'github.com/krakendio/krakend-jsonschema/v2' ...
  ! module not resolved
Evaluating 'gitlab.com/distributed_lab/lorem' ...
  got v1.3.1
  has 1 dependencies
Evaluating 'github.com/krakendio/krakend-rss/v2' ...
  ! module not resolved
Evaluating 'github.com/kiali/kiali' ...
  got v1.24.0
  has 152 dependencies
Evaluating 'github.com/rancher/rdns-server' ...
  got v0.28.0
  has 135 dependencies
Evaluating 'github.com/krakendio/krakend-lua/v2' ...
  ! module not resolved
Evaluating 'github.com/aws/aws-sdk-go-v2/service/vpclattice' ...
  got v1.41.6
  has 4 dependencies
Evaluating 'github.com/go-zoox/cron' ...
  got v1.14.6
  has 16 dependencies
Evaluating 'github.com/anacrolix/upnp' ...
  got v0.0.0-20230113004304-d6428d516633
  has 26 dependencies
Evaluating 'github.com/elastic/glog' ...
  ! module not resolved
Evaluating 'github.com/holiman/billy' ...
  got v2.0.4
  has 4 dependencies
Evaluating 'github.com/sethvargo/go-diceware' ...
  got v0.5.0
  has 0 dependencies
Evaluating 'github.com/krakendio/krakend-metrics/v2' ...
  ! module not resolved
Evaluating 'github.com/quasilyte/go-ruleguard/rules' ...
  got v1.0.2
  has 20 dependencies
Evaluating 'github.com/pressly/goose' ...
  got v0.9.1
  has 1 dependencies
Evaluating 'github.com/gen2brain/shm' ...
  got v0.2.1
  has 0 dependencies
Evaluating 'github.com/krakendio/krakend-influx/v2' ...
  ! module not resolved
Evaluating 'github.com/go-zoox/crypto' ...
  got v1.1.0
  has 7 dependencies
Evaluating 'github.com/facebookgo/stats' ...
  got v0.0.0-20151006221625-1b76add642e4
  has 0 dependencies
Evaluating 'github.com/krakendio/krakend-pubsub/v2' ...
  ! module not resolved
Evaluating 'github.com/aws/aws-sdk-go-v2/service/xray' ...
  got v1.41.6
  has 4 dependencies
Evaluating 'github.com/dunglas/mercure/caddy' ...
  got v1.3.0
  has 509 dependencies
Evaluating 'github.com/krakendio/krakend-usage/v2' ...
  ! module not resolved
Evaluating 'github.com/go-zoox/uuid' ...
  got v0.0.1
  has 1 dependencies
Evaluating 'github.com/eko/gocache/v3' ...
  got v0.0.0-20210427083443-f3b6b08bc4c2
  has 42 dependencies
Evaluating 'k8s.io/autoscaler' ...
  got v0.0.0-20260428094449-b0ccfd1f8a80
  has 0 dependencies
Evaluating 'github.com/krakendio/bloomfilter/v2' ...
  ! module not resolved
Evaluating 'gitlab.com/distributed_lab/ape' ...
  got v0.0.0-20200108200545-475eaeb16496
  has 23 dependencies
Evaluating 'github.com/ory/viper' ...
  got v0.3.1
  has 35 dependencies
Evaluating 'github.com/drone/runner-go' ...
  got v0.0.0-20230316000542-bf6f9cbbf0f8
  has 19 dependencies
Evaluating 'github.com/deniswernert/go-fstab' ...
  got v0.0.0-20141204152952-eb4090f26517
  has 0 dependencies
Evaluating 'github.com/anacrolix/multiless' ...
  got v0.4.0
  has 5 dependencies
Evaluating 'github.com/krakendio/krakend-audit' ...
  ! module not resolved
Evaluating 'github.com/krakendio/krakend-amqp/v2' ...
  ! module not resolved
Evaluating 'github.com/devopsfaith/go-auth0' ...
  ! module not resolved
Evaluating 'github.com/Azure/azure-sdk-for-go/sdk/resourcemanager/network/armnetwork' ...
  got v1.0.0
  has 22 dependencies
Evaluating 'github.com/krakendio/krakend-xml/v2' ...
  ! module not resolved
Evaluating 'github.com/http-wasm/http-wasm-host-go' ...
  got v0.7.0
  has 1 dependencies
Evaluating 'github.com/Azure/azure-sdk-for-go/sdk/resourcemanager/eventhub/armeventhub' ...
  got v1.13.0
  has 26 dependencies
Evaluating 'github.com/charmbracelet/colorprofile' ...
  got v1.24.4
  has 11 dependencies
Evaluating 'github.com/quasilyte/go-ruleguard/dsl' ...
  got v0.3.23
  has 0 dependencies
Evaluating 'github.com/anknown/ahocorasick' ...
  got v0.0.0-20190904063843-d75dbd5169c0
  has 1 dependencies
Evaluating 'github.com/go-zoox/gzip' ...
  got v2.1.2
  has 86 dependencies
Evaluating 'github.com/vektah/gqlparser' ...
  got v1.0.1
  has 10 dependencies
Evaluating 'github.com/krakendio/krakend-gologging/v2' ...
  ! module not resolved
Evaluating 'github.com/ian-kent/linkio' ...
  got v0.0.0-20170807205755-97566b872887
  has 0 dependencies
Evaluating 'github.com/nesv/go-dynect' ...
  got v0.6.0
  has 0 dependencies
Evaluating 'github.com/go-piv/piv-go' ...
  got v1.11.0
  has 0 dependencies
Evaluating 'github.com/datawire/dtest' ...
  got v1.2.4-0.20210629021142-e221f3b9c3b8
  has 18 dependencies
Evaluating 'github.com/IGLOU-EU/go-wildcard' ...
  got v1.0.3
  has 0 dependencies
Evaluating 'github.com/go-zoox/kv' ...
  got v2.1.2
  has 28 dependencies
Evaluating 'github.com/auth0/go-jwt-middleware/v2' ...
  got v2.3.1
  has 8 dependencies
Evaluating 'github.com/free5gc/logger_util' ...
  got v0.26.0
  has 49 dependencies
Evaluating 'github.com/aquasecurity/trivy-aws' ...
  got v0.112.1
  has 391 dependencies
Evaluating 'github.com/paketo-buildpacks/graalvm' ...
  got v0.3.1
  has 45 dependencies
Evaluating 'github.com/arangodb-helper/arangodb' ...
  got v0.2.1
  has 92 dependencies
Evaluating 'github.com/go-zoox/jwt' ...
  got v1.14.3
  has 15 dependencies
Evaluating 'github.com/keybase/go-keychain' ...
  got v1.1.1
  has 6 dependencies
Evaluating 'github.com/jpillora/go-tld' ...
  got v1.2.1
  has 5 dependencies
Evaluating 'github.com/go-zoox/cli' ...
  got v2.3.5
  has 61 dependencies
Evaluating 'github.com/araddon/gou' ...
  got v0.0.0-20211019181548-e7d08105776c
  has 0 dependencies
Evaluating 'github.com/go-zoox/counter' ...
  got v2.2.0
  has 31 dependencies
Evaluating 'github.com/krakendio/krakend-flexibleconfig/v2' ...
  ! module not resolved
Evaluating 'github.com/wealdtech/go-multicodec' ...
  got v1.1.0
  has 4 dependencies
Evaluating 'github.com/sourcegraph/oauth2' ...
  ! module not resolved
Evaluating 'github.com/valyala/gozstd' ...
  got v1.24.0
  has 0 dependencies
Evaluating 'github.com/timewasted/linode' ...
  got v0.0.0-20160829202747-37e84520dcf7
  has 0 dependencies
Evaluating 'gitlab.com/distributed_lab/running' ...
  got v0.110.10
  has 631 dependencies
Evaluating 'github.com/grafana/prometheus' ...
  got v2.5.0+incompatible
  has 0 dependencies
Evaluating 'github.com/prometheus/snmp_exporter' ...
  got v0.3.0
  has 54 dependencies
Evaluating 'github.com/fjl/gencodec' ...
  got v0.1.1
  has 12 dependencies
Evaluating 'github.com/uptrace/bun/dialect/sqlitedialect' ...
  got v1.1.1
  has 16 dependencies
Evaluating 'github.com/go-zoox/encoding' ...
  got v1.13.0
  has 12 dependencies
Evaluating 'github.com/go-zoox/session' ...
  got v1.2.0
  has 13 dependencies
Evaluating 'github.com/tiancaiamao/appdash' ...
  got v1.3.2
  has 12 dependencies
Evaluating 'github.com/rookie-ninja/rk-grpc/v2' ...
  got v1.3.0
  has 69 dependencies
Evaluating 'github.com/MauriceGit/skiplist' ...
  got v0.0.0-20211105230623-77f5c8d3e145
  has 0 dependencies
Evaluating 'github.com/charmbracelet/log' ...
  got v2.0.1
  has 24 dependencies
Evaluating 'github.com/bigkevmcd/go-configparser' ...
  got v0.0.0-20251110123434-de62ed489b4f
  has 3 dependencies
Evaluating 'github.com/krakendio/krakend-logstash/v2' ...
  ! module not resolved
Evaluating 'github.com/celestiaorg/merkletree' ...
  got v0.0.0-20230308153949-c33506a7aa26
  has 12 dependencies
Evaluating 'github.com/go-webauthn/x' ...
  got v1.1.1
  has 5 dependencies
Evaluating 'github.com/argoproj/argo-cd' ...
  ! module not resolved
Evaluating 'github.com/t-k/fluent-logger-golang' ...
  got v1.0.0
  has 0 dependencies
Evaluating 'github.com/bitly/go-hostpool' ...
  got v0.1.1
  has 4 dependencies
Evaluating 'github.com/go-zoox/zoox' ...
  got v0.3.0
  has 240 dependencies
Evaluating 'github.com/confluentinc/schema-registry-sdk-go' ...
  got v0.65.0
  has 70 dependencies
Evaluating 'github.com/krakendio/krakend-circuitbreaker/v2' ...
  ! module not resolved
Evaluating 'github.com/open-telemetry/opentelemetry-collector-contrib/exporter/opencensusexporter' ...
  got v0.24.0
  has 195 dependencies
Evaluating 'github.com/go-chi/jwtauth/v5' ...
  got v1.1.1
  has 21 dependencies
Evaluating 'github.com/InVisionApp/go-health' ...
  got v2.1.0+incompatible
  has 1 dependencies
Evaluating 'github.com/libopenstorage/external-storage' ...
  got v5.2.0+incompatible
  has 0 dependencies
Evaluating 'github.com/evilmonkeyinc/jsonpath' ...
  got v1.1.1
  has 4 dependencies
Evaluating 'github.com/volatiletech/randomize' ...
  ! module not resolved
Evaluating 'github.com/kubernetes-csi/external-snapshotter/v4' ...
  ! module not resolved
Evaluating 'github.com/alexellis/go-execute' ...
  got v0.6.0
  has 0 dependencies
Evaluating 'gopkg.in/telegram-bot-api.v4' ...
  got v1.0.1
  has 1 dependencies
Evaluating 'github.com/codenotary/immudb' ...
  got v0.25.1
  has 232 dependencies
Evaluating 'github.com/open-telemetry/opentelemetry-collector-contrib/receiver/syslogreceiver' ...
  got v0.25.1
  has 171 dependencies
Evaluating 'github.com/libgit2/git2go/v31' ...
  got v0.0.0-20191202100458-e7afc7fbc510
  has 6 dependencies
Evaluating 'github.com/anacrolix/dht/v2' ...
  got v0.34.0
  has 198 dependencies
Evaluating 'github.com/grafana/opentelemetry-collector' ...
  ! module not resolved
Evaluating 'github.com/mailhog/data' ...
  got v1.0.1
  has 0 dependencies
Evaluating 'github.com/mattermost/mattermost/server/public' ...
  got v3.4.0
  has 59 dependencies
Evaluating 'github.com/volatiletech/randomize' ...
  ! module not resolved
Evaluating 'github.com/go-zoox/debug' ...
  got v1.3.6
  has 4 dependencies
Evaluating 'github.com/krakendio/krakend-opencensus/v2' ...
  ! module not resolved
Evaluating 'github.com/krakendio/krakend-usage/v2' ...
  ! module not resolved
Evaluating 'github.com/charmbracelet/log' ...
  got v2.0.1
  has 24 dependencies
Evaluating 'github.com/go-webauthn/x' ...
  got v1.1.1
  has 5 dependencies
Evaluating 'github.com/filecoin-project/go-statemachine' ...
  got v0.3.1
  has 65 dependencies
Evaluating 'github.com/devopsfaith/go-auth0' ...
  ! module not resolved
Evaluating 'github.com/confluentinc/schema-registry-sdk-go' ...
  got v0.65.0
  has 70 dependencies
Evaluating 'github.com/InVisionApp/go-health' ...
  got v2.1.0+incompatible
  has 1 dependencies
Evaluating 'github.com/datawire/dtest' ...
  got v1.2.4-0.20210629021142-e221f3b9c3b8
  has 18 dependencies
Evaluating 'github.com/uptrace/bun/dialect/sqlitedialect' ...
  got v1.1.1
  has 16 dependencies
Evaluating 'github.com/go-chi/jwtauth/v5' ...
  got v1.1.1
  has 21 dependencies
Evaluating 'gitlab.com/distributed_lab/running' ...
  got v0.110.10
  has 631 dependencies
Evaluating 'github.com/go-zoox/gzip' ...
  got v2.1.2
  has 86 dependencies
Evaluating 'github.com/krakendio/krakend-influx/v2' ...
  ! module not resolved
Evaluating 'github.com/krakendio/krakend-botdetector/v2' ...
  ! module not resolved
Evaluating 'github.com/rancher/rdns-server' ...
  got v0.28.0
  has 135 dependencies
Evaluating 'github.com/ian-kent/go-log' ...
  got v0.0.0-20160113211217-5731446c36ab
  has 0 dependencies
Evaluating 'github.com/foomo/htpasswd' ...
  got v0.0.0-20190301055215-6c0105aabd46
  has 5 dependencies
Evaluating 'github.com/go-zoox/session' ...
  got v1.2.0
  has 13 dependencies
Evaluating 'github.com/go-zoox/compress' ...
  got v1.0.1
  has 0 dependencies
Evaluating 'go.yaml.in/yaml/v2' ...
  got v2.4.4
  has 0 dependencies
Evaluating 'github.com/dimiro1/reply' ...
  got v0.0.0-20200315094148-d0136a4c9e21
  has 1 dependencies
Evaluating 'github.com/vmware-tanzu/vm-operator-api' ...
  got v0.0.0-20170623195520-56545f4a5d46
  has 59 dependencies
Evaluating 'github.com/Azure/azure-sdk-for-go/sdk/resourcemanager/eventhub/armeventhub' ...
  got v1.13.0
  has 26 dependencies
Evaluating 'github.com/krakendio/krakend-lambda/v2' ...
  ! module not resolved
Evaluating 'github.com/ian-kent/linkio' ...
  got v0.0.0-20170807205755-97566b872887
  has 0 dependencies
Evaluating 'github.com/go-zoox/jobqueue' ...
  got v1.0.2
  has 4 dependencies
Evaluating 'github.com/anacrolix/envpprof' ...
  got v0.3.2
  has 80 dependencies
Evaluating 'github.com/outscale/osc-sdk-go/osc' ...
  got v0.34.0
  has 20 dependencies
Evaluating 'github.com/hamba/avro' ...
  got v1.1.1
  has 11 dependencies
Evaluating 'github.com/k3s-io/etcd/raft/v3' ...
  ! module not resolved
Evaluating 'github.com/mailhog/http' ...
  got v1.1.2
  has 14 dependencies
Evaluating 'github.com/grafana/mimir' ...
  ! module not resolved
Evaluating 'github.com/coinbase/kryptology' ...
  got v1.0.0-rc.1
  has 18 dependencies
Evaluating 'github.com/gardener/controller-manager-library' ...
  got v0.38.0
  has 186 dependencies
Evaluating 'github.com/huin/goutil' ...
  got v0.0.0-20170803182201-1ca381bf3150
  has 0 dependencies
Evaluating 'github.com/elastic/mito' ...
  got v0.0.0-20210331023308-d9421b293817
  has 55 dependencies
Evaluating 'github.com/paketo-buildpacks/php-start' ...
  got v0.0.0-20200407214033-5883e5a4b512
  has 812 dependencies
Evaluating 'github.com/garslo/gogen' ...
  got v0.0.0-20230926014519-f497ca02dd4c
  has 0 dependencies
Evaluating 'sigs.k8s.io/cluster-api-provider-vsphere' ...
  got v0.24.0
  has 254 dependencies
Evaluating 'github.com/vmware/govcloudair' ...
  got v2.2.1+incompatible
  has 1 dependencies
Evaluating 'github.com/thanos-community/promql-engine' ...
  ! module not resolved
Evaluating 'github.com/phf/go-queue' ...
  got v0.0.0-20170504031614-9abe38d0371d
  has 0 dependencies
Evaluating 'github.com/tsuru/tsuru' ...
  got v0.9.0
  has 146 dependencies
Evaluating 'github.com/whyrusleeping/mdns' ...
  got v0.6.0
  has 12 dependencies
Evaluating 'gorm.io/driver/clickhouse' ...
  got v1.0.0
  has 108 dependencies
Evaluating 'github.com/lightninglabs/gozmq' ...
  got v0.0.0-20191113021534-d20a764486bf
  has 0 dependencies
Evaluating 'github.com/OpenFunction/functions-framework-go' ...
  got v0.5.0
  has 32 dependencies
Evaluating 'github.com/temporalio/tchannel-go' ...
  got v0.9.0
  has 30 dependencies
Evaluating 'github.com/united-manufacturing-hub/united-manufacturing-hub' ...
  got v0.44.17
  has 0 dependencies
Evaluating 'github.com/mailhog/MailHog-UI' ...
  got v1.1.2
  has 17 dependencies
Evaluating 'github.com/go-faker/faker/v4' ...
  got v4.7.0
  has 4 dependencies
Evaluating 'github.com/writeas/go-strip-markdown' ...
  got v2.0.1+incompatible
  has 0 dependencies
Evaluating 'github.com/btcsuite/btcwallet/wallet/txauthor' ...
  got v1.0.1
  has 50 dependencies
Evaluating 'github.com/Azure/azure-sdk-for-go/sdk/resourcemanager/eventgrid/armeventgrid/v2' ...
  got v1.17.1
  has 26 dependencies
Evaluating 'github.com/bnb-chain/tendermint' ...
  ! module not resolved
Evaluating 'github.com/mailhog/storage' ...
  got v1.0.1
  has 2 dependencies
Evaluating 'github.com/btcsuite/btcwallet' ...
  got v1.23.0
  has 83 dependencies
Evaluating 'golang.org/x/telemetry' ...
  got v0.35.0
  has 3 dependencies
Evaluating 'gopkg.in/src-d/go-git-fixtures.v3' ...
  got v0.0.0-20161220082320-9c5fe88206d7
  has 34 dependencies
Evaluating 'github.com/apolloconfig/agollo/v4' ...
  got v0.81.0
  has 148 dependencies
Evaluating 'github.com/kairos-io/kcrypt' ...
  got v0.0.2
  has 310 dependencies
Evaluating 'gitlab.com/jonas.jasas/condchan' ...
  got v0.0.0-20190210165812-36637ad2b5bc
  has 0 dependencies
Evaluating 'github.com/lightninglabs/neutrino' ...
  got v1.0.1
  has 63 dependencies
Evaluating 'github.com/Zilliqa/gozilliqa-sdk' ...
  got v1.2.0
  has 34 dependencies
Evaluating 'github.com/square/certigo' ...
  got v0.0.8
  has 183 dependencies
Evaluating 'github.com/mum4k/termdash' ...
  got v1.0.0
  has 10 dependencies
Evaluating 'gopkg.in/cheggaaa/pb.v2' ...
  got v0.1.14
  has 8 dependencies
Evaluating 'github.com/edgexfoundry/go-mod-configuration/v3' ...
  got v0.4.1
  has 24 dependencies
Evaluating 'github.com/globocom/go-redis-prometheus' ...
  got v0.34.0
  has 214 dependencies
Evaluating 'github.com/caarlos0/go-version' ...
  got v0.2.2
  has 0 dependencies
Evaluating 'github.com/anatol/luks.go' ...
  got v0.0.0-20250316020617-2671eefd35d7
  has 17 dependencies
Evaluating 'github.com/open-telemetry/opentelemetry-collector-contrib/receiver/statsdreceiver' ...
  got v0.25.1
  has 103 dependencies
Evaluating 'github.com/heetch/avro' ...
  got v10.2.1
  has 23 dependencies
Evaluating 'github.com/drone/drone-runtime' ...
  got v1.0.0
  has 46 dependencies
Evaluating 'github.com/ipsn/go-secp256k1' ...
  got v0.0.0-20180726113642-9d62b9f0bc52
  has 0 dependencies
Evaluating 'github.com/GeertJohan/go.incremental' ...
  got v1.0.0
  has 0 dependencies
Evaluating 'github.com/nginxinc/kubernetes-ingress' ...
  got v0.81.0
  has 279 dependencies
Evaluating 'github.com/exfly/beego' ...
  ! module not resolved
Evaluating 'github.com/open-telemetry/opentelemetry-collector-contrib/receiver/journaldreceiver' ...
  got v0.25.1
  has 167 dependencies
Evaluating 'github.com/cristalhq/jwt/v3' ...
  got v3.1.0
  has 0 dependencies
Evaluating 'github.com/DataDog/datadog-agent/pkg/util/log' ...
  got v0.78.1
  has 16 dependencies
Evaluating 'github.com/pulumi/pulumi-dotnet/pulumi-language-dotnet' ...
  got v0.16.0
  has 320 dependencies
Evaluating 'ehang.io/nps' ...
  got v0.26.0
  has 114 dependencies
Evaluating 'github.com/open-telemetry/opentelemetry-collector-contrib/extension/headerssetterextension' ...
  got v0.25.1
  has 80 dependencies
Evaluating 'github.com/yudai/hcl' ...
  got v1.0.0
  has 2 dependencies
Evaluating 'github.com/oapi-codegen/runtime' ...
  got v1.3.2
  has 77 dependencies
Evaluating 'github.com/apache/skywalking-cli' ...
  got v0.3.1
  has 20 dependencies
Evaluating 'github.com/btcsuite/btcwallet/wallet/txsizes' ...
  got v1.0.1
  has 44 dependencies
Evaluating 'github.com/openkruise/kruise-api' ...
  got v0.0.0-20170623195520-56545f4a5d46
  has 73 dependencies
Evaluating 'github.com/DataDog/datadog-agent/pkg/trace' ...
  got v0.78.1
  has 124 dependencies
Evaluating 'github.com/mailhog/MailHog-Server' ...
  got v1.1.2
  has 25 dependencies
Evaluating 'github.com/edgexfoundry/go-mod-core-contracts/v3' ...
  got v1.1.1
  has 19 dependencies
Evaluating 'github.com/k3s-io/etcd/pkg/v3' ...
  ! module not resolved
Evaluating 'github.com/azuread/microsoft-authentication-library-for-go' ...
  ! module not resolved
Evaluating 'github.com/tektoncd/dashboard' ...
  got v1.1.2-0.20180830191138-d8f796af33cc
  has 42 dependencies
Evaluating 'github.com/mitchellh/osext' ...
  got v0.0.0-20151018003038-5e2d6d41470f
  has 0 dependencies
Evaluating 'github.com/haproxytech/dataplaneapi' ...
  got v0.0.0-20190301055215-6c0105aabd46
  has 45 dependencies
Evaluating 'github.com/edgexfoundry/go-mod-messaging/v3' ...
  got v1.1.1
  has 28 dependencies
Evaluating 'github.com/meission/log4go' ...
  got v0.0.0-20170627153152-3baf5e0c10dc
  has 0 dependencies
Evaluating 'github.com/regclient/regclient' ...
  got v1.1.1
  has 18 dependencies
Evaluating 'github.com/jackc/fake' ...
  got v0.0.0-20150926172116-812a484cc733
  has 0 dependencies
Evaluating 'github.com/mholt/caddy-l4' ...
  got v1.3.0
  has 492 dependencies
Evaluating 'github.com/Lusitaniae/apache_exporter' ...
  got v0.3.0
  has 50 dependencies
Evaluating 'github.com/go-chi/jwtauth' ...
  got v1.1.0
  has 27 dependencies
Evaluating 'github.com/giantswarm/apiextensions' ...
  got v0.38.0
  has 256 dependencies
Evaluating 'github.com/cockroachdb/cmux' ...
  got v0.0.0-20250514152509-914d3bf9ec58
  has 8 dependencies
Evaluating 'github.com/xsleonard/go-merkle' ...
  got v1.1.1
  has 3 dependencies
Evaluating 'github.com/kubernetes-csi/drivers' ...
  got v1.0.2
  has 0 dependencies
Evaluating 'github.com/edgexfoundry/go-mod-registry/v3' ...
  got v0.4.1
  has 20 dependencies
Evaluating 'capnproto.org/go/capnp/v3' ...
  got v3.1.0-alpha.2
  has 11 dependencies
Evaluating 'github.com/dougm/pretty' ...
  got v1.1.9
  has 2 dependencies
Evaluating 'github.com/yudai/pp' ...
  got v0.1.14
  has 3 dependencies
Evaluating 'github.com/beego/beego' ...
  got v0.3.1
  has 87 dependencies
Evaluating 'github.com/rookie-ninja/rk-boot/v2' ...
  got v0.110.7
  has 168 dependencies
Evaluating 'github.com/btcsuite/btcwallet/walletdb' ...
  got v0.0.0-20170628155309-84c8d2346e9f
  has 5 dependencies
Evaluating 'github.com/go-zoox/dotenv' ...
  got v1.13.0
  has 25 dependencies
Evaluating 'github.com/filecoin-project/go-hamt-ipld/v3' ...
  got v0.3.1
  has 45 dependencies
Evaluating 'github.com/jawher/mow.cli' ...
  got v1.1.1
  has 6 dependencies
Evaluating 'github.com/goss-org/go-ps' ...
  got v0.0.0-20230609005227-7b318e6a56e5
  has 0 dependencies
Evaluating 'github.com/philopon/go-toposort' ...
  got v0.0.0-20170620085441-9be86dbd762f
  has 0 dependencies
Evaluating 'github.com/goss-org/GOnetstat' ...
  got v0.0.0-20230101144325-22be0bd9e64d
  has 0 dependencies
Evaluating 'gopkg.in/confluentinc/confluent-kafka-go.v1' ...
  got v1.8.2
  has 0 dependencies
Evaluating 'github.com/Azure/skewer' ...
  got v68.0.0+incompatible
  has 34 dependencies
Evaluating 'github.com/coreos/ignition/v2' ...
  got v0.24.0
  has 89 dependencies
Evaluating 'github.com/loft-sh/utils' ...
  got v1.2.4
  has 6 dependencies
Evaluating 'github.com/ericchiang/k8s' ...
  got v1.2.0
  has 12 dependencies
Evaluating 'github.com/awslabs/goformation/v7' ...
  got v7.14.9
  has 15 dependencies
Evaluating 'github.com/philips-labs/siderite' ...
  got v0.0.9
  has 158 dependencies
Evaluating 'github.com/csi-addons/spec' ...
  got v0.2.0
  has 0 dependencies
Evaluating 'github.com/kairos-io/kairos' ...
  got v1.22.2
  has 0 dependencies
Evaluating 'github.com/c-robinson/iplib' ...
  got v1.0.8
  has 0 dependencies
Evaluating 'github.com/anatol/devmapper.go' ...
  got v0.0.0-20260315162726-c47dfb6cf674
  has 13 dependencies
Evaluating 'github.com/moul/gotty-client' ...
  got v0.3.1
  has 25 dependencies
Evaluating 'github.com/gomodule/oauth1' ...
  got v0.2.0
  has 0 dependencies
Evaluating 'github.com/eliukblau/pixterm' ...
  got v1.6.2
  has 5 dependencies
Evaluating 'github.com/btcsuite/btcwallet/wtxmgr' ...
  got v1.0.1
  has 47 dependencies
Evaluating 'github.com/btcsuite/btcwallet/wallet/txrules' ...
  got v1.0.1
  has 44 dependencies
Evaluating 'github.com/home-assistant/cli' ...
  got v1.5.0
  has 12 dependencies
Evaluating 'gomodules.xyz/go-sh' ...
  got v0.0.0-20150114235600-33e0aa1cb7c0
  has 1 dependencies
Evaluating 'github.com/golang/sys' ...
  ! module not resolved
Evaluating 'github.com/Nerzal/gocloak/v11' ...
  got v11.2.0
  has 17 dependencies
Evaluating 'github.com/cockroachdb/tokenbucket' ...
  got v0.0.0-20250429170803-42689b6311bb
  has 0 dependencies
Evaluating 'github.com/coreos/vcontext' ...
  got v0.0.0-20230131223807-18775e0fb4fb
  has 2 dependencies
Evaluating 'github.com/didip/tollbooth' ...
  got v4.0.2+incompatible
  has 2 dependencies
Evaluating 'github.com/mailhog/MailHog' ...
  got v1.1.2
  has 27 dependencies
Evaluating 'sigs.k8s.io/cluster-api-provider-openstack' ...
  got v1.5.1
  has 245 dependencies
Evaluating 'gomodules.xyz/stow' ...
  got v0.38.0
  has 58 dependencies
Evaluating 'github.com/open-telemetry/opentelemetry-collector-contrib/pkg/batchperresourceattr' ...
  got v1.1.1
  has 32 dependencies
Evaluating 'github.com/filecoin-project/go-crypto' ...
  got v1.1.1
  has 21 dependencies
Evaluating 'github.com/schollz/peerdiscovery' ...
  got v1.1.0
  has 18 dependencies
Evaluating 'github.com/devfile/library/v2' ...
  got v0.110.10
  has 340 dependencies
Evaluating 'github.com/digineo/go-ipset/v2' ...
  got v1.1.0
  has 12 dependencies
Evaluating 'github.com/putdotio/go-putio' ...
  got v0.2.0
  has 16 dependencies
Evaluating 'github.com/wealdtech/go-ens/v3' ...
  got v0.21.1
  has 145 dependencies
Evaluating 'github.com/cli/cli' ...
  got v0.81.0
  has 190 dependencies
Evaluating 'github.com/dukex/mixpanel' ...
  got v1.0.1
  has 0 dependencies
Evaluating 'github.com/pingcap/fn' ...
  got v1.1.1
  has 6 dependencies
Evaluating 'github.com/goss-org/goss' ...
  got v1.0.1
  has 81 dependencies
Evaluating 'github.com/iris-contrib/pongo2' ...
  got v0.0.0-20180628173108-788fd7840127
  has 9 dependencies
Evaluating 'github.com/gofiber/jwt/v2' ...
  got v1.0.2
  has 14 dependencies
Evaluating 'github.com/sideshow/apns2' ...
  got v0.0.0-20190718012654-fb15b899a751
  has 17 dependencies
Evaluating 'kmodules.xyz/go-containerregistry' ...
  got v0.46.3
  has 119 dependencies
Evaluating 'github.com/caarlos0/spin' ...
  got v1.1.0
  has 0 dependencies
Evaluating 'github.com/go-logr/zerologr' ...
  got v22.3.3-0.20220203105225-a9a7ef127534
  has 9 dependencies
Evaluating 'github.com/golang/net' ...
  ! module not resolved
Evaluating 'github.com/twpayne/go-geom' ...
  got v1.5.2
  has 6 dependencies
Evaluating 'github.com/akutz/memconn' ...
  got v0.1.0
  has 0 dependencies
Evaluating 'github.com/hyperledger/fabric-ca' ...
  got v1.1.1
  has 85 dependencies
Evaluating 'sigs.k8s.io/apiserver-network-proxy' ...
  got v1.0.1
  has 70 dependencies
Evaluating 'github.com/decred/dcrd/dcrec/secp256k1/v3' ...
  got v1.0.2
  has 2 dependencies
Evaluating 'github.com/grafana/mimir-prometheus' ...
  got v1.8.1
  has 0 dependencies
Evaluating 'github.com/charmbracelet/x/ansi' ...
  got v1.24.4
  has 5 dependencies
Evaluating 'github.com/speps/go-hashids/v2' ...
  got v2.0.1
  has 0 dependencies
Evaluating 'github.com/enriquebris/goconcurrentqueue' ...
  got v1.1.0
  has 4 dependencies
Evaluating 'github.com/opencontainers/distribution-spec/specs-go' ...
  got v0.0.0-20260422183030-ed885fa76559
  has 0 dependencies
Evaluating 'github.com/longhorn/backupstore' ...
  got v0.34.0
  has 194 dependencies
Evaluating 'github.com/vchain-us/ledger-compliance-go' ...
  got v0.81.0
  has 305 dependencies
Evaluating 'github.com/jacobsa/crypto' ...
  got v0.0.0-20190317225127-9f44e2d11115
  has 0 dependencies
Evaluating 'github.com/google/fscrypt' ...
  got v1.5.0
  has 23 dependencies
Evaluating 'github.com/grafana/mysqld_exporter' ...
  ! module not resolved
Evaluating 'github.com/rung/go-safecast' ...
  got v1.0.1
  has 0 dependencies
Evaluating 'github.com/robfig/go-cache' ...
  got v0.0.0-20130306151617-9fc39e0dbf62
  has 0 dependencies
Evaluating 'github.com/openebs/lib-csi' ...
  got v1.11.0
  has 48 dependencies
Evaluating 'github.com/lightningnetwork/lnd/clock' ...
  got v1.1.1
  has 7 dependencies
Evaluating 'github.com/Dreamacro/protobytes' ...
  got v0.0.0-20250322142947-26d5983b9568
  has 4 dependencies
Evaluating 'gitlab.com/gitlab-org/cluster-integration/gitlab-agent/v14' ...
  got v0.100.2
  has 185 dependencies
Evaluating 'tags.cncf.io/container-device-interface' ...
  got v1.1.1
  has 13 dependencies
Evaluating 'github.com/lightningnetwork/lnd' ...
  ! module not resolved
Evaluating 'github.com/azure/azure-sdk-for-go/sdk/azidentity' ...
  ! module not resolved
Evaluating 'github.com/sourcegraph/sourcegraph/lib' ...
  ! module not resolved
Evaluating 'github.com/filecoin-project/go-fil-commcid' ...
  got v1.1.1
  has 23 dependencies
Evaluating 'sigs.k8s.io/kustomize/v3' ...
  got v0.26.0
  has 203 dependencies
Evaluating 'github.com/go-kratos/kratos/contrib/registry/consul/v2' ...
  got v1.0.0
  has 115 dependencies
Evaluating 'github.com/mattermost/focalboard/mattermost-plugin' ...
  got v1.1.0
  has 106 dependencies
Evaluating 'github.com/sourcegraph/go-langserver' ...
  ! module not resolved
Evaluating 'github.com/haproxytech/go-logger' ...
  got v1.1.0
  has 0 dependencies
Evaluating 'github.com/grafana/postgres_exporter' ...
  ! module not resolved
Evaluating 'github.com/dunglas/httpsfv' ...
  got v1.1.0
  has 0 dependencies
Evaluating 'github.com/AdguardTeam/urlfilter' ...
  got v0.123.0
  has 87 dependencies
Evaluating 'github.com/temporalio/ui-server/v2' ...
  got v1.0.1
  has 41 dependencies
Evaluating 'github.com/genuinetools/bpfd' ...
  got v0.26.0
  has 35 dependencies
Evaluating 'github.com/open-telemetry/opentelemetry-collector-contrib/internal/aws/metrics' ...
  got v2.3.0
  has 17 dependencies
Evaluating 'github.com/dgryski/trifles' ...
  got v0.0.0-20240922021506-5ecb8eeff266
  has 0 dependencies
Evaluating 'github.com/trim21/go-redis-prometheus' ...
  got v0.34.0
  has 214 dependencies
Evaluating 'github.com/zclconf/go-cty-debug' ...
  got v0.3.1
  has 3 dependencies
Evaluating 'google.golang.org/grpc/security/advancedtls' ...
  got v1.25.1
  has 25 dependencies
Evaluating 'github.com/rollbar/rollbar-go' ...
  got v1.1.0
  has 8 dependencies
Evaluating 'github.com/lightningnetwork/lnd/ticker' ...
  got v1.1.1
  has 0 dependencies
Evaluating 'github.com/memcachier/mc' ...
  got v2.0.1+incompatible
  has 0 dependencies
Evaluating 'github.com/temporalio/grpc-gateway' ...
  ! module not resolved
Evaluating 'github.com/manifestival/client-go-client' ...
  got v0.97.0
  has 298 dependencies
Evaluating 'github.com/dunglas/vulcain/caddy' ...
  got v1.3.0
  has 514 dependencies
Evaluating 'github.com/charmbracelet/x/term' ...
  got v0.2.2
  has 1 dependencies
Evaluating 'github.com/dvyukov/go-fuzz' ...
  got v0.0.0-20240924070022-e577bee5275c
  has 0 dependencies
Evaluating 'github.com/AudriusButkevicius/recli' ...
  got v0.0.7
  has 2 dependencies
Evaluating 'github.com/golang/text' ...
  ! module not resolved
Evaluating 'github.com/azure/azure-sdk-for-go/sdk/azcore' ...
  ! module not resolved
Evaluating 'github.com/kubesphere/kubekey/v3' ...
  got v0.104.0
  has 478 dependencies
Evaluating 'github.com/edgexfoundry/go-mod-secrets/v3' ...
  got v0.6.0
  has 29 dependencies
Evaluating 'github.com/sourcegraph/scip' ...
  ! module not resolved
Evaluating 'github.com/zoido/yag-config' ...
  got v1.1.1
  has 4 dependencies
Evaluating 'github.com/alcortesm/tgz' ...
  got v0.0.0-20161220082320-9c5fe88206d7
  has 0 dependencies
Evaluating 'github.com/antonlindstrom/pgstore' ...
  got v0.0.0-20220421113606-e3a6e3fed12a
  has 3 dependencies
Evaluating 'github.com/tredoe/osutil' ...
  got v1.5.0
  has 0 dependencies
Evaluating 'github.com/prasad83/goftp' ...
  got v0.0.0-20210325080443-f57aaed46a32
  has 0 dependencies
Evaluating 'github.com/goware/urlx' ...
  got v1.1.1
  has 4 dependencies
Evaluating 'github.com/AdguardTeam/AdGuardHome' ...
  got v0.123.0
  has 144 dependencies
Evaluating 'github.com/dunglas/vulcain' ...
  got v1.1.1
  has 42 dependencies
Evaluating 'github.com/haproxytech/config-parser/v4' ...
  got v0.8.1
  has 11 dependencies
Evaluating 'github.com/folbricht/tpmk' ...
  got v1.1.0
  has 11 dependencies
Evaluating 'github.com/charmbracelet/x/cellbuf' ...
  got v1.24.4
  has 13 dependencies
Evaluating 'github.com/jfrog/jfrog-cli-core/v2' ...
  got v1.0.2
  has 104 dependencies
Evaluating 'github.com/gopacket/gopacket' ...
  got v1.5.0
  has 4 dependencies
Evaluating 'github.com/owen-d/gomemcache' ...
  ! module not resolved
Evaluating 'github.com/open-telemetry/opentelemetry-collector-contrib/processor/metricsgenerationprocessor' ...
  got v2.3.0
  has 68 dependencies
Evaluating 'github.com/open-telemetry/opentelemetry-collector-contrib/processor/deltatorateprocessor' ...
  got v0.25.1
  has 83 dependencies
Evaluating 'github.com/lightningnetwork/lnd/queue' ...
  got v1.1.1
  has 1 dependencies
Evaluating 'github.com/kubernetes-sigs/custom-metrics-apiserver' ...
  ! module not resolved
Evaluating 'github.com/mgdelacroix/foundation' ...
  got v1.1.1
  has 8 dependencies
Evaluating 'github.com/songzhibin97/gkit' ...
  got v0.0.0-20180502004556-fa1af6a1f4f5
  has 71 dependencies
Evaluating 'github.com/pavlo-v-chernykh/keystore-go' ...
  got v2.1.0+incompatible
  has 0 dependencies
Evaluating 'github.com/k3d-io/k3d/v5' ...
  ! module not found
Evaluating 'github.com/cheynewallace/tabby' ...
  got v1.1.1
  has 0 dependencies
Evaluating 'github.com/ansrivas/fiberprometheus/v2' ...
  got v2.4.0
  has 59 dependencies
Evaluating 'go.universe.tf/metallb' ...
  got v1.0.0
  has 117 dependencies
Evaluating 'github.com/elliotchance/orderedmap/v2' ...
  got v1.1.0
  has 5 dependencies
Evaluating 'github.com/edgexfoundry/go-mod-bootstrap/v3' ...
  got v0.6.0
  has 70 dependencies
Evaluating 'github.com/Portshift/go-utils' ...
  got v0.81.0
  has 147 dependencies
Evaluating 'github.com/gardener/gardener-resource-manager' ...
  ! module not resolved
Evaluating 'github.com/mrtazz/checkmake' ...
  ! module not resolved
Evaluating 'github.com/hashicorp/vault/api/auth/userpass' ...
  got v1.1.1
  has 50 dependencies
Evaluating 'github.com/gardener/hvpa-controller' ...
  ! module not resolved
Evaluating 'github.com/nikoksr/notify' ...
  got v0.25.1
  has 140 dependencies
Evaluating 'github.com/cosmos/interchain-accounts' ...
  got v0.110.0
  has 156 dependencies
Evaluating 'github.com/kairos-io/tpm-helpers' ...
  got v0.0.7
  has 137 dependencies
Evaluating 'github.com/googollee/go-socket.io' ...
  got v1.1.1
  has 9 dependencies
Evaluating 'github.com/mholt/caddy-webdav' ...
  got v0.0.0-20180421153158-65cc252bf669
  has 616 dependencies
Evaluating 'github.com/bombsimon/logrusr/v4' ...
  got v4.1.0
  has 9 dependencies
Evaluating 'github.com/scaleway/scaleway-cli' ...
  got v1.11.1
  has 0 dependencies
Evaluating 'github.com/graymeta/stow' ...
  got v0.38.0
  has 60 dependencies
Evaluating 'github.com/azure/azure-sdk-for-go/sdk/internal' ...
  ! module not resolved
Evaluating 'github.com/layeh/gopher-luar' ...
  ! module not resolved
Evaluating 'github.com/vmware/go-vmware-nsxt' ...
  got v0.34.0
  has 15 dependencies
Evaluating 'github.com/kljensen/snowball' ...
  got v0.10.0
  has 0 dependencies
Evaluating 'github.com/codenotary/cas' ...
  got v0.99.0
  has 364 dependencies
Evaluating 'github.com/marten-seemann/webtransport-go' ...
  ! module not resolved
Evaluating 'github.com/itsjamie/gin-cors' ...
  got v0.1.3
  has 55 dependencies
Evaluating 'gitlab.com/gitlab-org/gitaly/v16' ...
  got v0.112.1
  has 199 dependencies
Evaluating 'github.com/Azure/azure-sdk-for-go/sdk/storage/azqueue' ...
  got v1.18.0
  has 24 dependencies
Evaluating 'github.com/cobaugh/osrelease' ...
  got v0.0.0-20211111170140-20e410975bc3
  has 0 dependencies
Evaluating 'github.com/giantswarm/apiextensions/v6' ...
  got v65.0.0+incompatible
  has 79 dependencies
Evaluating 'github.com/cucumber/godog' ...
  got v2.0.2
  has 22 dependencies
Evaluating 'github.com/lunny/dingtalk_webhook' ...
  got v0.0.0-20171025031554-e3534c89ef96
  has 0 dependencies
Evaluating 'github.com/elastic/go-windows' ...
  got v1.1.1
  has 5 dependencies
Evaluating 'github.com/wumansgy/goEncrypt' ...
  got v1.1.1
  has 8 dependencies
Evaluating 'github.com/juanfont/headscale' ...
  got v0.2.0
  has 201 dependencies
Evaluating 'github.com/lightningnetwork/lnd/tlv' ...
  got v1.0.1
  has 37 dependencies
Evaluating 'github.com/prep/wasmexec' ...
  got v0.0.0-20220807105708-6554945c1dec
  has 0 dependencies
Evaluating 'github.com/free5gc/aper' ...
  got v1.1.1
  has 9 dependencies
Evaluating 'github.com/k14s/imgpkg' ...
  ! module not resolved
Evaluating 'github.com/alexedwards/scs/v2' ...
  got v2.9.0
  has 0 dependencies
Evaluating 'github.com/cosmos/cosmos-sdk/api' ...
  ! module not resolved
Evaluating 'github.com/nacos-group/nacos-sdk-go/v2' ...
  got v0.0.6
  has 61 dependencies
Evaluating 'github.com/DataDog/go-sqllexer' ...
  got v0.2.1
  has 4 dependencies
Evaluating 'github.com/ahmetb/go-linq/v3' ...
  got v3.2.0
  has 0 dependencies
Evaluating 'github.com/rookie-ninja/rk-common' ...
  got v0.46.3
  has 163 dependencies
Evaluating 'github.com/goph/emperror' ...
  got v3.6.1+incompatible
  has 34 dependencies
Evaluating 'github.com/open-telemetry/opentelemetry-collector-contrib/internal/aws/proxy' ...
  got v1.55.8
  has 47 dependencies
Evaluating 'github.com/libp2p/go-libp2p-gorpc' ...
  got v0.0.0-20190825152654-46b345b51c96
  has 137 dependencies
Evaluating 'github.com/free5gc/ngap' ...
  got v1.1.1
  has 15 dependencies
Evaluating 'github.com/filecoin-project/go-hamt-ipld' ...
  got v0.1.5
  has 29 dependencies
Evaluating 'github.com/paketo-buildpacks/composer' ...
  got v0.25.1
  has 749 dependencies
Evaluating 'knative.dev/eventing-kafka' ...
  got v0.111.0
  has 149 dependencies
Evaluating 'github.com/crsmithdev/goexpr' ...
  got v0.0.0-20150309021426-69a8c42346f1
  has 0 dependencies
Evaluating 'github.com/calmh/incontainer' ...
  got v1.0.0
  has 0 dependencies
Evaluating 'github.com/apptainer/container-library-client' ...
  got v1.4.14
  has 9 dependencies
Evaluating 'github.com/lightstep/go-expohisto' ...
  got v1.1.1
  has 4 dependencies
Evaluating 'github.com/projectdiscovery/httputil' ...
  got v1.1.0
  has 6 dependencies
Evaluating 'github.com/openfaas/nats-queue-worker' ...
  got v1.0.1
  has 32 dependencies
Evaluating 'github.com/google/go-replayers/httpreplay' ...
  got v0.82.0
  has 75 dependencies
Evaluating 'github.com/helmfile/chartify' ...
  got v0.25.1
  has 309 dependencies
Evaluating 'github.com/hhrutter/tiff' ...
  got v1.0.0
  has 3 dependencies
Evaluating 'github.com/ahmetb/go-linq' ...
  got v3.0.0+incompatible
  has 0 dependencies
Evaluating 'github.com/filecoin-project/go-padreader' ...
  got v1.1.0
  has 24 dependencies
Evaluating 'github.com/google/go-pkcs11' ...
  got v0.3.0
  has 0 dependencies
Evaluating 'github.com/nerdswords/yet-another-cloudwatch-exporter' ...
  ! module not resolved
Evaluating 'github.com/hhrutter/lzw' ...
  got v1.0.0
  has 0 dependencies
Evaluating 'github.com/terra-farm/udnssdk' ...
  got v0.3.0
  has 9 dependencies
Evaluating 'github.com/genuinetools/amicontained' ...
  got v1.1.1
  has 24 dependencies
Evaluating 'github.com/CycloneDX/cyclonedx-gomod' ...
  got v1.0.0
  has 50 dependencies
Evaluating 'github.com/jaswdr/faker' ...
  got v1.19.1
  has 0 dependencies
Evaluating 'github.com/likexian/whois' ...
  got v0.25.16
  has 7 dependencies
Evaluating 'github.com/longhorn/longhorn-instance-manager' ...
  got v0.25.1
  has 421 dependencies
Evaluating 'github.com/go-zoox/ini' ...
  got v1.0.4
  has 2 dependencies
Evaluating 'github.com/yosssi/boltstore' ...
  got v1.0.0
  has 0 dependencies
Evaluating 'github.com/apptainer/apptainer' ...
  got v0.0.0-20230811130428-ced1acdcaa24
  has 171 dependencies
Evaluating 'github.com/filecoin-project/go-amt-ipld/v4' ...
  got v0.3.1
  has 45 dependencies
Evaluating 'github.com/infobloxopen/atlas-app-toolkit' ...
  got v0.65.0
  has 109 dependencies
Evaluating 'github.com/sosedoff/ansible-vault-go' ...
  got v1.1.1
  has 8 dependencies
Evaluating 'moul.io/http2curl/v2' ...
  got v1.1.0
  has 18 dependencies
Evaluating 'github.com/apptainer/container-key-client' ...
  got v0.8.0
  has 1 dependencies
Evaluating 'github.com/pulumi/pulumi-terraform-bridge/v3' ...
  got v0.25.1
  has 317 dependencies
Evaluating 'github.com/viant/assertly' ...
  got v1.1.1
  has 10 dependencies
Evaluating 'github.com/eiannone/keyboard' ...
  got v0.0.0-20220611211555-0d226195f203
  has 1 dependencies
Evaluating 'github.com/sagernet/sing-shadowsocks2' ...
  got v1.1.1
  has 12 dependencies
Evaluating 'github.com/kmodules/apimachinery' ...
  ! module not resolved
Evaluating 'github.com/projectdiscovery/ipranger' ...
  got v0.2.0
  has 138 dependencies
Evaluating 'github.com/rancher/moq' ...
  got v0.6.0
  has 10 dependencies
Evaluating 'go.elastic.co/apm/module/apmzap/v2' ...
  got v1.0.0
  has 29 dependencies
Evaluating 'github.com/hyperledger/fabric-sdk-go' ...
  got v0.0.0-20150115234039-8488cc47d90c
  has 114 dependencies
Evaluating 'github.com/lorenzosaino/go-sysctl' ...
  got v1.1.0
  has 14 dependencies
Evaluating 'github.com/informalsystems/tm-load-test' ...
  got v1.0.1
  has 24 dependencies
Evaluating 'github.com/giantswarm/apiextensions-application' ...
  got v0.6.2
  has 18 dependencies
Evaluating 'github.com/go-zoox/config' ...
  got v1.1.0
  has 50 dependencies
Evaluating 'github.com/hyperledger/fabric/ccaas_builder' ...
  got v1.1.1
  has 31 dependencies
Evaluating 'github.com/flyteorg/flytestdlib' ...
  got v0.110.0
  has 97 dependencies
Evaluating 'github.com/open-telemetry/opentelemetry-collector-contrib/internal/aws/awsutil' ...
  got v1.41.5
  has 33 dependencies
Evaluating 'github.com/gin-contrib/cache' ...
  got v1.0.2
  has 105 dependencies
Evaluating 'github.com/apache/arrow/go/v8' ...
  got v0.34.0
  has 262 dependencies
Evaluating 'github.com/google/go-github/v40' ...
  got v1.3.2
  has 12 dependencies
Evaluating 'github.com/oriser/regroup' ...
  got v1.1.0
  has 9 dependencies
Evaluating 'github.com/jxskiss/base62' ...
  got v1.1.0
  has 0 dependencies
Evaluating 'github.com/open-telemetry/opentelemetry-collector-contrib/processor/groupbyattrsprocessor' ...
  got v2.3.0
  has 65 dependencies
Evaluating 'gopkg.in/oleiade/lane.v1' ...
  got v1.0.0
  has 0 dependencies
Evaluating 'buf.build/gen/go/prometheus/prometheus/protocolbuffers/go' ...
  got v1.36.11-20240617172848-e1dbca2775a7.1
  has 4 dependencies
Evaluating 'github.com/aws/aws-sdk-go-v2/service/costexplorer' ...
  got v1.41.6
  has 4 dependencies
Evaluating 'github.com/open-telemetry/opentelemetry-collector-contrib/internal/aws/xray' ...
  got v1.41.5
  has 54 dependencies
Evaluating 'github.com/ory/hydra-client-go' ...
  got v0.65.0
  has 70 dependencies
Evaluating 'github.com/rkl-/digest' ...
  got v0.0.0-20180419075440-8316caa4a777
  has 0 dependencies
Evaluating 'github.com/mikefarah/yaml/v2' ...
  got v2.4.0
  has 1 dependencies
Evaluating 'aidanwoods.dev/go-paseto' ...
  got v1.6.0
  has 10 dependencies
Evaluating 'github.com/zach-klippenstein/goregen' ...
  got v0.0.0-20160303162051-795b5e3961ea
  has 0 dependencies
Evaluating 'github.com/ultradns/ultradns-sdk-go' ...
  got v0.3.0
  has 10 dependencies
Evaluating 'github.com/ltcsuite/ltcd' ...
  got v1.0.1
  has 47 dependencies
Evaluating 'github.com/rancher/aws-iam-authenticator' ...
  ! module not resolved
Evaluating 'github.com/caddy-dns/alidns' ...
  got v0.51.0
  has 476 dependencies
Evaluating 'github.com/go-zoox/cache' ...
  got v2.1.2
  has 29 dependencies
Evaluating 'github.com/RichardKnop/logging' ...
  got v0.0.0-20251209231334-9b7145a2bbb1
  has 3 dependencies
Evaluating 'github.com/ismdeep/rand' ...
  got v0.3.0
  has 0 dependencies
Evaluating 'google.golang.org/appengine/v2' ...
  got v1.5.0
  has 13 dependencies
Evaluating 'github.com/omec-project/UeauCommon' ...
  got v1.1.0
  has 0 dependencies
Evaluating 'github.com/gookit/filter' ...
  got v1.2.3
  has 7 dependencies
Evaluating 'github.com/rancher/wrangler-cli' ...
  got v0.38.0
  has 268 dependencies
Evaluating 'github.com/DefangLabs/secret-detector' ...
  got v0.0.0-20250811234530-d4b4214cd679
  has 10 dependencies
Evaluating 'github.com/smartystreets/gunit' ...
  ! module not resolved
Evaluating 'github.com/gookit/validate' ...
  got v1.2.3
  has 8 dependencies
Evaluating 'github.com/rookie-ninja/rk-entry' ...
  got v0.46.3
  has 283 dependencies
Evaluating 'github.com/puzpuzpuz/xsync' ...
  got v1.5.2
  has 0 dependencies
Evaluating 'github.com/infinityworks/go-common' ...
  got v0.0.0-20170820165359-7f20a140fd37
  has 0 dependencies
Evaluating 'go.nanomsg.org/mangos/v3' ...
  got v0.5.2
  has 8 dependencies
Evaluating 'github.com/heroku/docker-registry-client' ...
  got v0.3.1
  has 110 dependencies
Evaluating 'github.com/Joker/hpp' ...
  got v1.0.0
  has 4 dependencies
Evaluating 'github.com/alexellis/hmac' ...
  got v1.3.0
  has 0 dependencies
Evaluating 'github.com/pusher/pusher-http-go' ...
  got v4.0.1+incompatible
  has 5 dependencies
Evaluating 'github.com/strangelove-ventures/packet-forward-middleware/v2' ...
  ! module not found
Evaluating 'github.com/tliron/yamlkeys' ...
  got v1.3.7
  has 2 dependencies
Evaluating 'buf.build/gen/go/gogo/protobuf/protocolbuffers/go' ...
  got v1.36.11-20240617172848-e1dbca2775a7.1
  has 1 dependencies
Evaluating 'github.com/tliron/kutil' ...
  ! module not resolved
Evaluating 'github.com/mailru/go-clickhouse' ...
  got v1.1.0
  has 5 dependencies
Evaluating 'knative.dev/net-istio' ...
  got v1.0.1
  has 98 dependencies
Evaluating 'github.com/rookie-ninja/rk-grpc' ...
  got v0.65.0
  has 295 dependencies
Evaluating 'github.com/csi-addons/replication-lib-utils' ...
  got v0.26.0
  has 36 dependencies
Evaluating 'github.com/sagernet/reality' ...
  got v0.0.0-20230406110435-ee17307e7691
  has 5 dependencies
Evaluating 'github.com/btcsuite/btcd/btcutil/psbt' ...
  got v1.0.1
  has 45 dependencies
Evaluating 'github.com/lafriks/xormstore' ...
  got v0.0.0-20180821085327-62ce714f951a
  has 38 dependencies
Evaluating 'github.com/thedevsaddam/gojsonq/v2' ...
  got v2.5.2
  has 0 dependencies
Evaluating 'github.com/maxbrunsfeld/counterfeiter/v6' ...
  got v0.7.0
  has 13 dependencies
Evaluating 'sigs.k8s.io/cluster-api/test' ...
  ! module not found
Evaluating 'github.com/open-telemetry/opentelemetry-collector-contrib/exporter/datadogexporter' ...
  got v0.25.1
  has 463 dependencies
Evaluating 'github.com/ethersphere/bee' ...
  ! module not found
Evaluating 'github.com/abadojack/whatlanggo' ...
  got v1.0.1
  has 0 dependencies
Evaluating 'github.com/newrelic/go-agent' ...
  got v3.43.2+incompatible
  has 0 dependencies
Evaluating 'github.com/zyedidia/clipper' ...
  got v0.1.1
  has 0 dependencies
Evaluating 'gopkg.in/imdario/mergo.v0' ...
  got v0.3.9
  has 0 dependencies
Evaluating 'gopkg.in/russross/blackfriday.v2' ...
  ! module not resolved
Evaluating 'github.com/lestrrat/go-pdebug' ...
  got v1.1.1
  has 1 dependencies
Evaluating 'github.com/kataras/neffos' ...
  got v0.1.0
  has 14 dependencies
Evaluating 'github.com/k3s-io/kubernetes/staging/src/k8s.io/kms' ...
  ! module not resolved
Evaluating 'github.com/heimdalr/dag' ...
  got v1.18.1
  has 3 dependencies
Evaluating 'github.com/Yamashou/gqlgenc' ...
  ! module not resolved
Evaluating 'gitlab.com/NebulousLabs/go-upnp' ...
  got v0.0.0-20181126182046-603482d69e40
  has 7 dependencies
Evaluating 'github.com/kevinburke/go.uuid' ...
  got v1.2.0
  has 0 dependencies
Evaluating 'github.com/filecoin-project/go-amt-ipld/v2' ...
  got v0.3.1
  has 59 dependencies
Evaluating 'github.com/timshannon/bolthold' ...
  got v1.1.1
  has 9 dependencies
Evaluating 'github.com/k3s-io/stargz-snapshotter' ...
  ! module not resolved
Evaluating 'github.com/apptainer/sif/v2' ...
  got v1.4.0
  has 19 dependencies
Evaluating 'github.com/philip-bui/grpc-zerolog' ...
  got v0.25.1
  has 45 dependencies
Evaluating 'github.com/remyoudompheng/go-liblzma' ...
  got v0.0.0-20190506200333-81bf2d431b96
  has 0 dependencies
Evaluating 'github.com/aws/aws-sdk-go-v2/service/appconfig' ...
  got v1.41.6
  has 4 dependencies
Evaluating 'gomodules.xyz/cert' ...
  got v0.0.0-20210331224755-41bb18bfe9da
  has 17 dependencies
Evaluating 'github.com/infobloxopen/infoblox-go-client/v2' ...
  got v1.1.1
  has 20 dependencies
Evaluating 'github.com/cloudwego/frugal' ...
  got v0.1.1
  has 13 dependencies
Evaluating 'github.com/creachadair/mds' ...
  got v0.27.2
  has 6 dependencies
Evaluating 'github.com/helm/chart-testing/v3' ...
  got v1.0.0
  has 34 dependencies
Evaluating 'github.com/calmh/glob' ...
  got v0.0.0-20181002190808-e7a84e9525fe
  has 1 dependencies
Evaluating 'github.com/benbjohnson/litestream' ...
  got v0.111.0
  has 177 dependencies
Evaluating 'github.com/grafana/snowflake-prometheus-exporter' ...
  got v0.0.0-20191008050251-8e49817e8af4
  has 92 dependencies
Evaluating 'github.com/k3s-io/kube-router/v2' ...
  ! module not resolved
Evaluating 'github.com/gobuffalo/attrs' ...
  got v1.1.1
  has 8 dependencies
Evaluating 'github.com/netdata/go.d.plugin' ...
  got v0.0.0-20210617225240-d185dfc1b5a1
  has 131 dependencies
Evaluating 'github.com/kirsle/configdir' ...
  got v0.0.0-20170128060238-e45d2f54772f
  has 0 dependencies
Evaluating 'github.com/gogs/git-module' ...
  got v1.1.1
  has 6 dependencies
Evaluating 'github.com/NebulousLabs/fastrand' ...
  got v0.0.0-20181203155948-6fb6489aac4e
  has 5 dependencies
Evaluating 'github.com/epam/edp-common' ...
  got v2.2.0
  has 47 dependencies
Evaluating 'github.com/oras-project/artifacts-spec' ...
  got v1.0.0
  has 1 dependencies
Evaluating 'github.com/davidmparrott/kafka_exporter/v2' ...
  got v0.34.0
  has 223 dependencies
Evaluating 'github.com/fluxcd/pkg/apis/event' ...
  got v0.25.0
  has 19 dependencies
Evaluating 'github.com/mroth/weightedrand/v2' ...
  got v2.1.0
  has 0 dependencies
Evaluating 'github.com/lightningnetwork/lnd/tor' ...
  got v1.0.1
  has 34 dependencies
Evaluating 'github.com/confluentinc/kafka-rest-sdk-go/kafkarestv3' ...
  got v0.34.0
  has 8 dependencies
Evaluating 'github.com/jcmturner/goidentity' ...
  got v1.0.3
  has 1 dependencies
Evaluating 'github.com/schollz/mnemonicode' ...
  got v1.0.1
  has 1 dependencies
Evaluating 'github.com/dsoprea/go-photoshop-info-format' ...
  got v0.0.0-20200517223158-a10564966e9d
  has 6 dependencies
Evaluating 'github.com/nlnwa/whatwg-url' ...
  got v1.20.0
  has 13 dependencies
Evaluating 'github.com/panta/machineid' ...
  got v1.0.2
  has 1 dependencies
Evaluating 'github.com/micro-business/go-core' ...
  got v1.4.7
  has 15 dependencies
Evaluating 'github.com/open-telemetry/opentelemetry-collector-contrib/pkg/translator/signalfx' ...
  got v2.3.0
  has 44 dependencies
Evaluating 'github.com/mroth/weightedrand' ...
  got v1.0.0
  has 0 dependencies
Evaluating 'github.com/golang/time' ...
  ! module not resolved
Evaluating 'github.com/pingcap/advanced-statefulset/client' ...
  ! module not resolved
Evaluating 'github.com/arangodb-helper/go-helper' ...
  got v0.4.2
  has 9 dependencies
Evaluating 'github.com/kubeflow/common' ...
  got v0.97.0
  has 67 dependencies
Evaluating 'code.cloudfoundry.org/debugserver' ...
  got v0.110.0
  has 321 dependencies
Evaluating 'github.com/srebhan/protobufquery' ...
  got v1.3.4
  has 10 dependencies
Evaluating 'github.com/vercel/turborepo/cli' ...
  ! module not resolved
Evaluating 'github.com/mkevac/debugcharts' ...
  got v0.0.0-20190523213315-cbe66965904d
  has 13 dependencies
Evaluating 'github.com/philips-software/gautocloud-connectors' ...
  got v0.0.0-20170402142412-72eebf980f46
  has 99 dependencies
Evaluating 'github.com/joshlf/go-acl' ...
  got v0.0.0-20200411065538-eae00ae38531
  has 1 dependencies
Evaluating 'github.com/checkpoint-restore/go-criu' ...
  got v4.0.0+incompatible
  has 4 dependencies
Evaluating 'github.com/projectdiscovery/reflectutil' ...
  got v1.1.0
  has 6 dependencies
Evaluating 'github.com/vmware-tanzu/carvel-kbld' ...
  ! module not resolved
Evaluating 'github.com/go-gl/glfw' ...
  got v0.0.0-20260406072232-3ac4aa2bb164
  has 0 dependencies
Evaluating 'github.com/karlseguin/typed' ...
  got v1.1.8
  has 0 dependencies
Evaluating 'github.com/shuheiktgw/go-travis' ...
  got v0.0.0-20170111101155-53e6ce116135
  has 1 dependencies
Evaluating 'github.com/aws/aws-xray-daemon' ...
  got v3.0.1+incompatible
  has 0 dependencies
Evaluating 'github.com/paketo-buildpacks/php-memcached-session-handler' ...
  got v0.0.0-20200407214033-5883e5a4b512
  has 809 dependencies
Evaluating 'github.com/bluenviron/gohlslib' ...
  got v1.4.1
  has 0 dependencies
Evaluating 'github.com/aelsabbahy/GOnetstat' ...
  got v0.0.0-20230101144325-22be0bd9e64d
  has 0 dependencies
Evaluating 'github.com/dtm-labs/dtmdriver' ...
  got v0.34.0
  has 44 dependencies
Evaluating 'github.com/square/go-jose/v3' ...
  got v1.1.0
  has 12 dependencies
Evaluating 'github.com/songgao/packets' ...
  got v0.0.0-20160404182456-549a10cd4091
  has 0 dependencies
Evaluating 'github.com/felixge/fgtrace' ...
  got v0.6.0
  has 8 dependencies
Evaluating 'github.com/tscholl2/siec' ...
  got v0.0.0-20240310163802-c2c6f6198406
  has 0 dependencies
Evaluating 'github.com/schollz/logger' ...
  got v1.2.0
  has 0 dependencies
Evaluating 'github.com/nkovacs/streamquote' ...
  got v1.1.0
  has 0 dependencies
Evaluating 'github.com/peterbourgon/diskv/v3' ...
  got v1.0.0
  has 1 dependencies
Evaluating 'github.com/NetEase-Object-Storage/nos-golang-sdk' ...
  got v0.0.0-20191125093154-335c2b73bf6b
  has 0 dependencies
Evaluating 'github.com/lib/pq/auth/kerberos' ...
  got v0.0.0-20250919150558-7d374ff0d59e
  has 27 dependencies
Evaluating 'github.com/tkrajina/go-reflector' ...
  got v1.1.0
  has 4 dependencies
Evaluating 'github.com/mdp/qrterminal' ...
  got v1.0.1
  has 1 dependencies
Evaluating 'github.com/lrills/helm-unittest' ...
  got v0.2.1
  has 67 dependencies
Evaluating 'github.com/joncrlsn/dque' ...
  got v0.7.1
  has 6 dependencies
Evaluating 'github.com/kong/go-kong' ...
  got v1.1.2-0.20180830191138-d8f796af33cc
  has 38 dependencies
Evaluating 'github.com/keepeye/logrus-filename' ...
  got v1.1.1
  has 6 dependencies
Evaluating 'github.com/open-telemetry/opentelemetry-collector-contrib/exporter/signalfxexporter' ...
  got v0.25.1
  has 179 dependencies
Evaluating 'github.com/lyft/gostats' ...
  got v1.4.0
  has 1 dependencies
Evaluating 'github.com/botond-sipos/thist' ...
  got v0.0.0-20201218220906-28db891af037
  has 55 dependencies
Evaluating 'github.com/apache/arrow/go/v10' ...
  got v0.0.0-20211019200055-46fa312c352c
  has 49 dependencies
Evaluating 'github.com/google/gousb' ...
  got v1.1.3
  has 0 dependencies
Evaluating 'github.com/IBM/secrets-manager-go-sdk' ...
  got v5.10.2
  has 26 dependencies
Evaluating 'github.com/filecoin-project/specs-actors' ...
  got v0.26.0
  has 108 dependencies
Evaluating 'github.com/drone/funcmap' ...
  got v1.1.1
  has 4 dependencies
Evaluating 'github.com/name5566/leaf' ...
  got v1.5.3
  has 1 dependencies
Evaluating 'github.com/gen2brain/beeep' ...
  got v1.1.2
  has 16 dependencies
Evaluating 'github.com/zchee/color/v2' ...
  got v0.1.2
  has 3 dependencies
Evaluating 'github.com/paketo-buildpacks/php-redis-session-handler' ...
  got v0.0.0-20200407214033-5883e5a4b512
  has 809 dependencies
Evaluating 'antrea.io/libOpenflow' ...
  got v0.17.0
  has 8 dependencies
Evaluating 'github.com/prometheus-community/stackdriver_exporter' ...
  got v0.16.2
  has 97 dependencies
Evaluating 'github.com/dsoprea/go-iptc' ...
  got v0.0.0-20200610044640-bc9ca208b413
  has 6 dependencies
Evaluating 'github.com/pingcap/tidb-operator' ...
  got v0.110.10
  has 236 dependencies
Evaluating 'github.com/slok/kubewebhook/v2' ...
  got v1.0.1
  has 64 dependencies
Evaluating 'github.com/paketo-buildpacks/php-builtin-server' ...
  got v0.0.0-20200407214033-5883e5a4b512
  has 809 dependencies
Evaluating 'github.com/life4/genesis' ...
  got v1.10.3
  has 1 dependencies
Evaluating 'github.com/paketo-buildpacks/php-httpd' ...
  got v0.0.0-20200407214033-5883e5a4b512
  has 811 dependencies
Evaluating 'github.com/jmoiron/jsonq' ...
  got v0.0.0-20150511023944-e874b168d07e
  has 0 dependencies
Evaluating 'github.com/transip/gotransip' ...
  got v5.8.2+incompatible
  has 0 dependencies
Evaluating 'github.com/rancher/security-scan' ...
  got v0.14.1
  has 27 dependencies
Evaluating 'github.com/paketo-buildpacks/php-httpd' ...
  got v0.0.0-20200407214033-5883e5a4b512
  has 811 dependencies
Evaluating 'github.com/lrills/helm-unittest' ...
  got v0.2.1
  has 67 dependencies
Evaluating 'github.com/slok/kubewebhook/v2' ...
  got v1.0.1
  has 64 dependencies
Evaluating 'github.com/k3s-io/etcd/client/v2' ...
  ! module not resolved
Evaluating 'github.com/NebulousLabs/fastrand' ...
  got v0.0.0-20181203155948-6fb6489aac4e
  has 5 dependencies
Evaluating 'github.com/projectdiscovery/reflectutil' ...
  got v1.1.0
  has 6 dependencies
Evaluating 'github.com/karlseguin/typed' ...
  got v1.1.8
  has 0 dependencies
Evaluating 'gomodules.xyz/cert' ...
  got v0.0.0-20210331224755-41bb18bfe9da
  has 17 dependencies
Evaluating 'github.com/shuheiktgw/go-travis' ...
  got v0.0.0-20170111101155-53e6ce116135
  has 1 dependencies
Evaluating 'github.com/grafana/vmware_exporter' ...
  got v0.65.0
  has 108 dependencies
Evaluating 'github.com/philip-bui/grpc-zerolog' ...
  got v0.25.1
  has 45 dependencies
Evaluating 'github.com/creachadair/mds' ...
  got v0.27.2
  has 6 dependencies
Evaluating 'github.com/paketo-buildpacks/php-memcached-session-handler' ...
  got v0.0.0-20200407214033-5883e5a4b512
  has 809 dependencies
Evaluating 'github.com/appscode/jsonpatch' ...
  got v1.0.1
  has 4 dependencies
Evaluating 'github.com/k14s/kbld' ...
  ! module not resolved
Evaluating 'github.com/benbjohnson/litestream' ...
  got v0.111.0
  has 177 dependencies
Evaluating 'github.com/efekarakus/termcolor' ...
  got v1.0.1
  has 2 dependencies
Evaluating 'github.com/uptrace/opentelemetry-go-extra/otelgorm' ...
  got v1.1.1
  has 18 dependencies
Evaluating 'github.com/square/go-jose/v3' ...
  got v1.1.0
  has 12 dependencies
Evaluating 'code.cloudfoundry.org/debugserver' ...
  got v0.110.0
  has 321 dependencies
Evaluating 'github.com/kubeflow/common' ...
  got v0.97.0
  has 67 dependencies
Evaluating 'github.com/apache/arrow/go/v10' ...
  got v0.0.0-20211019200055-46fa312c352c
  has 49 dependencies
Evaluating 'github.com/apernet/quic-go' ...
  ! module not resolved
Evaluating 'github.com/davidmparrott/kafka_exporter/v2' ...
  got v0.34.0
  has 223 dependencies
Evaluating 'github.com/drone/funcmap' ...
  got v1.1.1
  has 4 dependencies
Evaluating 'github.com/prometheus-community/stackdriver_exporter' ...
  got v0.16.2
  has 97 dependencies
Evaluating 'github.com/netdata/go.d.plugin' ...
  got v0.0.0-20210617225240-d185dfc1b5a1
  has 131 dependencies
Evaluating 'github.com/dsoprea/go-iptc' ...
  got v0.0.0-20200610044640-bc9ca208b413
  has 6 dependencies
Evaluating 'github.com/schollz/croc/v9' ...
  got v0.3.1
  has 44 dependencies
Evaluating 'github.com/nlnwa/whatwg-url' ...
  got v1.20.0
  has 13 dependencies
Evaluating 'github.com/IBM/secrets-manager-go-sdk' ...
  got v5.10.2
  has 26 dependencies
Evaluating 'github.com/vmware-tanzu/carvel-kbld' ...
  ! module not resolved
Evaluating 'github.com/paketo-buildpacks/php-redis-session-handler' ...
  got v0.0.0-20200407214033-5883e5a4b512
  has 809 dependencies
Evaluating 'github.com/throttled/throttled/v2' ...
  got v2.2.0
  has 16 dependencies
Evaluating 'github.com/schollz/mnemonicode' ...
  got v1.0.1
  has 1 dependencies
Evaluating 'github.com/open-telemetry/opentelemetry-collector-contrib/exporter/sapmexporter' ...
  got v0.25.1
  has 161 dependencies
Evaluating 'github.com/vbauerster/mpb' ...
  got v1.2.0
  has 7 dependencies
Evaluating 'github.com/peterbourgon/diskv/v3' ...
  got v1.0.0
  has 1 dependencies
Evaluating 'github.com/free5gc/logger_conf' ...
  got v1.3.0
  has 10 dependencies
Evaluating 'github.com/lightningnetwork/lnd/tor' ...
  got v1.0.1
  has 34 dependencies
Evaluating 'github.com/infobloxopen/protoc-gen-gorm' ...
  got v4.5.0
  has 14 dependencies
Evaluating 'github.com/free5gc/path_util' ...
  got v1.3.0
  has 9 dependencies
Evaluating 'github.com/helm/chart-testing/v3' ...
  got v1.0.0
  has 34 dependencies
Evaluating 'github.com/checkpoint-restore/go-criu' ...
  got v4.0.0+incompatible
  has 4 dependencies
Evaluating 'github.com/gogs/git-module' ...
  got v1.1.1
  has 6 dependencies
Evaluating 'github.com/jcmturner/goidentity' ...
  got v1.0.3
  has 1 dependencies
Evaluating 'github.com/paketo-buildpacks/php-fpm' ...
  got v0.24.0
  has 306 dependencies
Evaluating 'github.com/joncrlsn/dque' ...
  got v0.7.1
  has 6 dependencies
Evaluating 'github.com/lyft/gostats' ...
  got v1.4.0
  has 1 dependencies
Evaluating 'github.com/kong/go-kong' ...
  got v1.1.2-0.20180830191138-d8f796af33cc
  has 38 dependencies
Evaluating 'github.com/mroth/weightedrand' ...
  got v1.0.0
  has 0 dependencies
Evaluating 'github.com/bluenviron/gohlslib' ...
  got v1.4.1
  has 0 dependencies
Evaluating 'github.com/nkovacs/streamquote' ...
  got v1.1.0
  has 0 dependencies
Evaluating 'github.com/pingcap/advanced-statefulset/client' ...
  ! module not resolved
Evaluating 'github.com/life4/genesis' ...
  got v1.10.3
  has 1 dependencies
Evaluating 'github.com/paketo-buildpacks/php-nginx' ...
  got v0.0.0-20200407214033-5883e5a4b512
  has 811 dependencies
Evaluating 'github.com/paketo-buildpacks/php-builtin-server' ...
  got v0.0.0-20200407214033-5883e5a4b512
  has 809 dependencies
Evaluating 'github.com/golang/time' ...
  ! module not resolved
Evaluating 'github.com/transip/gotransip' ...
  got v5.8.2+incompatible
  has 0 dependencies
Evaluating 'github.com/confluentinc/kafka-rest-sdk-go/kafkarestv3' ...
  got v0.34.0
  has 8 dependencies
Evaluating 'github.com/open-telemetry/opentelemetry-collector-contrib/exporter/signalfxexporter' ...
  got v0.25.1
  has 179 dependencies
Evaluating 'github.com/k3s-io/kube-router/v2' ...
  ! module not resolved
Evaluating 'github.com/kubernetes/apimachinery' ...
  ! module not resolved
Evaluating 'github.com/outscale/osc-go' ...
  ! module not resolved
Evaluating 'github.com/pacedotdev/oto/otohttp' ...
  got v1.4.0
  has 2 dependencies
Evaluating 'github.com/gdexlab/go-render' ...
  got v1.0.1
  has 0 dependencies
Evaluating 'github.com/tombuildsstuff/kermit' ...
  got v14.2.0+incompatible
  has 18 dependencies
Evaluating 'github.com/projectdiscovery/cryptoutil' ...
  got v1.1.1
  has 24 dependencies
Evaluating 'github.com/ajwerner/btree' ...
  got v0.1.1
  has 4 dependencies
Evaluating 'github.com/renstrom/fuzzysearch' ...
  ! module not resolved
Evaluating 'github.com/open-telemetry/opentelemetry-collector-contrib/exporter/logzioexporter' ...
  got v0.25.1
  has 125 dependencies
Evaluating 'github.com/RichardKnop/machinery' ...
  got v0.76.0
  has 140 dependencies
Evaluating 'github.com/volcengine/volc-sdk-golang' ...
  got v0.65.0
  has 251 dependencies
Evaluating 'github.com/Mzack9999/gostruct' ...
  ! module not resolved
Evaluating 'github.com/hnlq715/golang-lru' ...
  got v0.4.0
  has 0 dependencies
Evaluating '9fans.net/go' ...
  got v0.0.7
  has 14 dependencies
Evaluating 'github.com/open-telemetry/opentelemetry-collector-contrib/internal/aws/k8s' ...
  got v1.41.5
  has 47 dependencies
Evaluating 'github.com/google/logger' ...
  got v1.1.2
  has 1 dependencies
Evaluating 'github.com/jaevor/go-nanoid' ...
  got v1.1.1
  has 3 dependencies
Evaluating 'k8s.io/kubernetes/build/go-runner' ...
  got v0.9.1
  has 1 dependencies
Evaluating 'github.com/wdvxdr1123/go-silk' ...
  got v1.1.0
  has 12 dependencies
Evaluating 'github.com/go-kratos/kratos/contrib/config/consul/v2' ...
  got v1.0.0
  has 115 dependencies
Evaluating 'github.com/cloudfoundry/dropsonde' ...
  got v0.0.0-20181020210610-23942921fe77
  has 23 dependencies
Evaluating 'github.com/cloudflare/redoctober' ...
  got v0.65.0
  has 206 dependencies
Evaluating 'github.com/hpcng/singularity' ...
  got v3.1.1+incompatible
  has 0 dependencies
Evaluating 'github.com/stefanprodan/podinfo' ...
  got v1.8.0
  has 0 dependencies
Evaluating 'github.com/Jille/raft-grpc-leader-rpc' ...
  got v0.26.0
  has 52 dependencies
Evaluating 'github.com/travisjeffery/proto-go-sql' ...
  got v1.2.1
  has 4 dependencies
Evaluating 'github.com/smartwalle/alipay/v3' ...
  got v3.2.29
  has 3 dependencies
Evaluating 'github.com/envoyproxy/go-control-plane/xdsmatcher' ...
  got v0.24.0
  has 16 dependencies
Evaluating 'github.com/lestrrat-go/apache-logformat' ...
  got v1.1.1
  has 7 dependencies
Evaluating 'github.com/modocache/gover' ...
  got v0.0.0-20171022184752-b58185e213c5
  has 0 dependencies
Evaluating 'github.com/go-macaron/toolbox' ...
  got v0.0.0-20160627170012-d8a0b8677191
  has 14 dependencies
Evaluating 'github.com/puzpuzpuz/xsync/v3' ...
  got v3.5.1
  has 0 dependencies
Evaluating 'github.com/DataDog/datadog-agent/pkg/util/scrubber' ...
  got v0.78.1
  has 10 dependencies
Evaluating 'gopkg.in/launchdarkly/go-jsonstream.v1' ...
  got v1.1.0
  has 8 dependencies
Evaluating 'github.com/prometheus/mysqld_exporter' ...
  got v0.3.0
  has 59 dependencies
Evaluating 'inet.af/netstack' ...
  got v0.0.0-20220214151720-7585b01ddccf
  has 0 dependencies
Evaluating 'go.yaml.in/yaml/v3' ...
  got v3.0.4
  has 1 dependencies
Evaluating 'github.com/Jille/raftadmin' ...
  got v1.19.1
  has 80 dependencies
Evaluating 'github.com/genevieve/leftovers' ...
  got v1.19.3
  has 49 dependencies
Evaluating 'go.uber.org/tools' ...
  got v0.0.0-20190618225709-2cfd321de3ee
  has 0 dependencies
Evaluating 'github.com/chebyrash/promise' ...
  got v0.0.0-20251208071724-43d9f274b0a8
  has 14 dependencies
Evaluating 'github.com/open-telemetry/opentelemetry-collector-contrib/exporter/dynatraceexporter' ...
  got v1.23.3
  has 112 dependencies
Evaluating 'github.com/p4gefau1t/trojan-go' ...
  got v0.34.0
  has 86 dependencies
Evaluating 'github.com/buraksezer/consistent' ...
  got v0.10.0
  has 0 dependencies
Evaluating 'github.com/united-manufacturing-hub/Sarama-Kafka-Wrapper' ...
  got v1.13.0
  has 0 dependencies
Evaluating 'sigs.k8s.io/node-feature-discovery' ...
  ! module not found
Evaluating 'github.com/ethersphere/go-storage-incentives-abi' ...
  got v0.9.4
  has 0 dependencies
Evaluating 'github.com/hpcng/golang-x-crypto' ...
  ! module not resolved
Evaluating 'github.com/juliangruber/go-intersect' ...
  got v0.0.0-20160611221934-b7ed37b82869
  has 4 dependencies
Evaluating 'github.com/tdewolff/minify' ...
  got v2.3.6+incompatible
  has 1 dependencies
Evaluating 'gopkg.in/boj/redistore.v1' ...
  got v1.6.4
  has 4 dependencies
Evaluating 'github.com/muesli/sasquatch' ...
  got v1.1.0
  has 7 dependencies
Evaluating 'gitlab.com/distributed_lab/urlval' ...
  got v1.1.1
  has 14 dependencies
Evaluating 'github.com/appscode/go' ...
  got v0.0.0-20201105063637-5613f3b8169f
  has 40 dependencies
Evaluating 'github.com/cyruzin/golang-tmdb' ...
  got v1.9.2
  has 5 dependencies
Evaluating 'sigs.k8s.io/kustomize/cmd/kubectl' ...
  got v0.38.0
  has 236 dependencies
Evaluating 'github.com/go-faster/jx' ...
  got v1.1.1
  has 11 dependencies
Evaluating 'github.com/fiam/gounidecode' ...
  got v0.0.0-20150629112515-8deddbd03fec
  has 0 dependencies
Evaluating 'github.com/apernet/hysteria/core' ...
  got v1.3.5
  has 25 dependencies
Evaluating 'github.com/gookit/config/v2' ...
  got v1.0.2
  has 19 dependencies
Evaluating 'github.com/dsnet/golib' ...
  got v1.0.2
  has 0 dependencies
Evaluating 'github.com/go-mysql-org/go-mysql' ...
  got v1.2.0
  has 23 dependencies
Evaluating 'github.com/ethersphere/go-sw3-abi' ...
  got v0.6.9
  has 0 dependencies
Evaluating 'resenje.org/web' ...
  got v1.0.1
  has 32 dependencies
Evaluating 'github.com/paketo-buildpacks/native-image' ...
  ! module not resolved
Evaluating 'github.com/robinson/gos7' ...
  got v0.0.0-20241205073040-7ea1d6fb9d20
  has 0 dependencies
Evaluating 'github.com/pravega/zookeeper-operator' ...
  got v0.100.2
  has 300 dependencies
Evaluating 'gopkg.in/k8snetworkplumbingwg/multus-cni.v3' ...
  ! module not resolved
Evaluating 'fortio.org/version' ...
  got v1.0.4
  has 0 dependencies
Evaluating 'github.com/decred/base58' ...
  got v1.0.6
  has 1 dependencies
Evaluating 'github.com/getsops/sops/v3' ...
  got v0.0.0-20251208015420-e9274a7bdbfd
  has 331 dependencies
Evaluating 'github.com/efarrer/iothrottler' ...
  got v0.0.3
  has 0 dependencies
Evaluating 'github.com/coinbase/rosetta-sdk-go/types' ...
  got v1.7.1
  has 1 dependencies
Evaluating 'github.com/cloudflare/ipvs' ...
  got v0.11.0
  has 34 dependencies
Evaluating 'github.com/edgexfoundry/go-mod-core-contracts' ...
  got v1.1.0
  has 20 dependencies
Evaluating 'github.com/mesosphere/kubefed' ...
  ! module not resolved
Evaluating 'github.com/k0kubun/colorstring' ...
  got v0.0.0-20150214042306-9440f1994b88
  has 0 dependencies
Evaluating 'github.com/kube-vip/kube-vip' ...
  got v1.5.1
  has 272 dependencies
Evaluating 'github.com/skarademir/naturalsort' ...
  got v0.0.0-20150715044055-69a5d87bef62
  has 0 dependencies
Evaluating 'github.com/pascaldekloe/name' ...
  got v1.0.1
  has 0 dependencies
Evaluating 'github.com/containous/traefik/v2' ...
  ! module not resolved
Evaluating 'code.cloudfoundry.org/commandrunner' ...
  got v0.61.0
  has 14 dependencies
Evaluating 'github.com/ethersphere/langos' ...
  got v1.0.0
  has 0 dependencies
Evaluating 'github.com/anaskhan96/soup' ...
  got v1.2.5
  has 10 dependencies
Evaluating 'github.com/boyter/scc' ...
  got v2.12.0+incompatible
  has 21 dependencies
Evaluating 'github.com/containers/gvisor-tap-vsock' ...
  got v0.6.2
  has 43 dependencies
Evaluating 'github.com/codegangsta/negroni' ...
  got v1.0.0
  has 0 dependencies
Evaluating 'github.com/ipfs/go-ipfs-blocksutil' ...
  got v0.2.0
  has 19 dependencies
Evaluating 'github.com/dgraph-io/dgo/v200' ...
  got v0.26.0
  has 38 dependencies
Evaluating 'github.com/RomiChan/syncx' ...
  got v0.0.0-20240418144900-b7402ffdebc7
  has 0 dependencies
Evaluating 'github.com/chaos-mesh/chaos-mesh' ...
  ! module not resolved
Evaluating 'github.com/mosn/holmes' ...
  ! module not resolved
Evaluating 'volcano.sh/apis' ...
  got v1.0.1
  has 59 dependencies
Evaluating 'github.com/goharbor/go-client' ...
  got v1.1.1
  has 29 dependencies
Evaluating 'github.com/kubecost/events' ...
  got v1.6.0
  has 1 dependencies
Evaluating 'github.com/genuinetools/reg' ...
  got v0.26.0
  has 64 dependencies
Evaluating 'github.com/couchbase/goprotostellar' ...
  got v1.0.5
  has 6 dependencies
Evaluating 'github.com/anacrolix/go-libutp' ...
  got v0.3.2
  has 74 dependencies
Evaluating 'gitlab.com/gitlab-org/cluster-integration/gitlab-agent' ...
  ! module not resolved
Evaluating 'github.com/okey-development/libs' ...
  got v1.5.4
  has 39 dependencies
Evaluating 'github.com/ans-group/go-durationstring' ...
  got v1.2.0
  has 4 dependencies
Evaluating 'fortio.org/log' ...
  got v1.18.3
  has 2 dependencies
Evaluating 'github.com/dolthub/maphash' ...
  got v1.1.1
  has 4 dependencies
Evaluating 'github.com/shopify/sarama' ...
  ! module not resolved
Evaluating 'k8s.io/node-problem-detector' ...
  got v0.17.0
  has 99 dependencies
Evaluating 'github.com/go-zeromq/zmq4' ...
  got v4.2.2
  has 7 dependencies
Evaluating 'github.com/aws/aws-sdk-go-v2/service/glacier' ...
  got v1.41.6
  has 4 dependencies
Evaluating 'gopkg.in/launchdarkly/go-sdk-common.v2' ...
  got v1.1.1
  has 11 dependencies
Evaluating 'github.com/api7/grpc-client-nginx-module' ...
  got v0.5.0
  has 0 dependencies
Evaluating 'github.com/k8snetworkplumbingwg/sriov-cni' ...
  got v2.1.0+incompatible
  has 0 dependencies
Evaluating 'github.com/alecthomas/atomic' ...
  got v2.0.0-alpha3
  has 4 dependencies
Evaluating 'github.com/go-gandi/go-gandi' ...
  got v0.2.2
  has 8 dependencies
Evaluating 'github.com/Azure/aad-pod-identity' ...
  got v0.1.0
  has 72 dependencies
Evaluating 'github.com/luraproject/lura/v2' ...
  got v0.1.3
  has 37 dependencies
Evaluating 'github.com/likexian/whois-parser' ...
  got v0.25.16
  has 9 dependencies
Evaluating 'github.com/penglongli/gin-metrics' ...
  got v1.0.1
  has 35 dependencies
Evaluating 'github.com/ans-group/sdk-go' ...
  got v1.2.0
  has 30 dependencies
Evaluating 'github.com/calmh/randomart' ...
  got v1.1.0
  has 0 dependencies
Evaluating 'github.com/open-telemetry/opentelemetry-collector-contrib/internal/aws/containerinsight' ...
  got v1.1.1
  has 29 dependencies
Evaluating 'github.com/michaeldwan/toml' ...
  got v0.3.1
  has 0 dependencies
Evaluating 'ehang.io/nps-mux' ...
  got v0.0.0-20210407130203-4afa0c10c992
  has 0 dependencies
Evaluating 'github.com/ipfs/go-detect-race' ...
  got v0.0.1
  has 0 dependencies
Evaluating 'github.com/breml/rootcerts' ...
  got v0.3.5
  has 0 dependencies
Evaluating 'github.com/couchbase/gocbcoreps' ...
  got v0.26.0
  has 70 dependencies
Evaluating 'github.com/plar/go-adaptive-radix-tree' ...
  got v1.1.1
  has 4 dependencies
Evaluating 'github.com/IBM-Cloud/go-etcd-rules' ...
  got v1.7.27
  has 30 dependencies
Evaluating 'github.com/moul/anonuuid' ...
  ! module not resolved
Evaluating 'github.com/rancher/system-agent' ...
  ! module not found
Evaluating 'github.com/open-telemetry/opentelemetry-collector-contrib/receiver/awscontainerinsightreceiver' ...
  got v0.25.1
  has 241 dependencies
Evaluating 'go.nhat.io/otelsql' ...
  got v1.5.2
  has 32 dependencies
Evaluating 'github.com/lightningnetwork/lightning-onion' ...
  got v0.0.0-20180709150244-8b13a72661da
  has 36 dependencies
Evaluating 'github.com/shoenig/test' ...
  got v0.7.0
  has 1 dependencies
Evaluating 'github.com/graphql-go/handler' ...
  got v0.8.1
  has 1 dependencies
Evaluating 'gitlab.com/tokend/keypair' ...
  got v0.9.1
  has 6 dependencies
Evaluating 'github.com/openshift/machine-config-operator' ...
  ! module not resolved
Evaluating 'github.com/solo-io/protoc-gen-ext' ...
  got v1.1.0
  has 32 dependencies
Evaluating 'github.com/ipfs/go-ipfs' ...
  ! module not resolved
Evaluating 'github.com/drone-runners/drone-runner-docker' ...
  got v0.0.0-20160802081356-2a93ba0f464d
  has 68 dependencies
Evaluating 'github.com/protolambda/ztyp' ...
  got v1.2.0
  has 1 dependencies
Evaluating 'github.com/akamensky/argparse' ...
  got v1.4.0
  has 0 dependencies
Evaluating 'github.com/evilmartians/lefthook' ...
  got v1.0.0
  has 74 dependencies
Evaluating 'code.cloudfoundry.org/guardian' ...
  got v0.67.0
  has 106 dependencies
Evaluating 'github.com/franela/goblin' ...
  got v0.0.0-20211003143422-0a4f594942bf
  has 0 dependencies
Evaluating 'github.com/piprate/json-gold' ...
  got v1.3.0
  has 6 dependencies
Evaluating 'github.com/open-telemetry/opentelemetry-collector-contrib/exporter/awsxrayexporter' ...
  got v0.25.1
  has 159 dependencies
Evaluating 'github.com/open-telemetry/opentelemetry-collector-contrib/receiver/simpleprometheusreceiver' ...
  got v0.25.1
  has 491 dependencies
Evaluating 'github.com/bobesa/go-domain-util' ...
  got v0.0.0-20250410211237-17ab3b2f4a95
  has 2 dependencies
Evaluating 'github.com/orisano/pixelmatch' ...
  got v0.0.0-20230914042517-fa304d1dc785
  has 0 dependencies
Evaluating 'github.com/charmbracelet/glow' ...
  got v0.104.0
  has 302 dependencies
Evaluating 'github.com/aws/aws-sdk-go-v2/service/cognitoidentityprovider' ...
  got v1.41.6
  has 4 dependencies
Evaluating 'github.com/bianjieai/ethermint' ...
  ! module not resolved
Evaluating 'gopkg.in/tucnak/telebot.v2' ...
  got v1.1.0
  has 7 dependencies
Evaluating 'github.com/filecoin-project/go-amt-ipld/v3' ...
  got v1.1.0
  has 35 dependencies
Evaluating 'github.com/containous/multibuf' ...
  ! module not resolved
Evaluating 'gitlab.com/gitlab-org/cluster-integration/gitlab-agent/v16' ...
  got v0.112.0
  has 139 dependencies
Evaluating 'github.com/celestiaorg/celestia-node' ...
  ! module not found
Evaluating 'github.com/zeebo/assert' ...
  got v1.3.1
  has 0 dependencies
Evaluating 'github.com/datadog/kube-state-metrics/v2' ...
  ! module not resolved
Evaluating 'github.com/burningalchemist/sql_exporter' ...
  got v0.2.0
  has 480 dependencies
Evaluating 'github.com/getsops/gopgagent' ...
  got v0.0.0-20241224165529-7044f28e491e
  has 0 dependencies
Evaluating 'github.com/AlecAivazis/survey' ...
  ! module not resolved
Evaluating 'github.com/getlantern/deepcopy' ...
  got v0.0.0-20160317154340-7f45deb8130a
  has 0 dependencies
Evaluating 'rsc.io/letsencrypt' ...
  got v0.0.3
  has 0 dependencies
Evaluating 'github.com/mikefarah/yq' ...
  got v1.1.0
  has 7 dependencies
Evaluating 'github.com/telepresenceio/telepresence/v2' ...
  got v1.0.2
  has 195 dependencies
Evaluating 'github.com/palantir/stacktrace' ...
  got v0.0.0-20161112013806-78658fd2d177
  has 0 dependencies
Evaluating 'github.com/nats-io/nats-streaming-server' ...
  got v3.2.0+incompatible
  has 92 dependencies
Evaluating 'github.com/bodgit/tsig' ...
  got v0.0.0-20180613141037-e580b900e9f5
  has 34 dependencies
Evaluating 'github.com/tabbed/pqtype' ...
  ! module not resolved
Evaluating 'github.com/muesli/cache2go' ...
  got v0.0.0-20221011235721-518229cd8021
  has 0 dependencies
Evaluating 'github.com/nathanaelle/syslog5424/v2' ...
  got v2.0.5
  has 0 dependencies
Evaluating 'github.com/ethersphere/go-price-oracle-abi' ...
  got v0.6.9
  has 0 dependencies
Evaluating 'github.com/couchbaselabs/gocbconnstr/v2' ...
  got v2.0.0
  has 0 dependencies
Evaluating 'github.com/lestrrat/go-jwx' ...
  got v1.1.0
  has 6 dependencies
Evaluating 'code.cloudfoundry.org/localip' ...
  got v0.69.0
  has 14 dependencies
Evaluating 'github.com/free5gc/nas' ...
  got v0.0.0-20160719120800-7af84192f0b1
  has 16 dependencies
Evaluating 'github.com/open-telemetry/opentelemetry-collector-contrib/exporter/lokiexporter' ...
  got v0.23.0
  has 315 dependencies
Evaluating 'github.com/ChannelMeter/iso8601duration' ...
  got v0.0.0-20150204201828-8da3af7a2a61
  has 0 dependencies
Evaluating 'github.com/nwidger/jsoncolor' ...
  got v1.9.0
  has 4 dependencies
Evaluating 'github.com/pluralsh/gqlclient' ...
  got v0.17.44
  has 42 dependencies
Evaluating 'github.com/unknwon/cae' ...
  got v0.0.0-20181103185306-d547d1d9531e
  has 10 dependencies
Evaluating 'github.com/hpcng/sif' ...
  got v1.7.0
  has 8 dependencies
Evaluating 'github.com/gin-contrib/logger' ...
  got v0.1.3
  has 61 dependencies
Evaluating 'github.com/kong/semver/v4' ...
  got v4.0.1
  has 0 dependencies
Evaluating 'gopkg.in/bufio.v1' ...
  got v1.0.0-20140618132640-567b2bfa514e
  has 0 dependencies
Evaluating 'github.com/sorenisanerd/gotty' ...
  got v0.3.1
  has 20 dependencies
Evaluating 'github.com/pivotal-cf/om' ...
  got v0.25.1
  has 369 dependencies
Evaluating 'gopkg.in/freddierice/go-losetup.v1' ...
  got v0.43.0
  has 1 dependencies
Evaluating 'github.com/klauspost/asmfmt' ...
  got v1.3.2
  has 0 dependencies
Evaluating 'github.com/NebulousLabs/go-upnp' ...
  got v0.0.0-20181203152547-b32978b8ccbf
  has 8 dependencies
Evaluating 'github.com/jcmturner/aescts' ...
  got v2.0.0+incompatible
  has 0 dependencies
Evaluating 'goji.io' ...
  got v2.0.2+incompatible
  has 0 dependencies
Evaluating 'github.com/peterbourgon/unixtransport' ...
  got v1.1.54
  has 16 dependencies
Evaluating 'github.com/yisaer/crd-validation' ...
  got v0.0.3
  has 0 dependencies
Evaluating 'github.com/goombaio/namegenerator' ...
  got v0.0.0-20181006234301-989e774b106e
  has 0 dependencies
Evaluating 'github.com/fluxcd/flux2/v2' ...
  got v0.18.0
  has 257 dependencies
Evaluating 'github.com/Checkmarx/kics' ...
  got v0.110.7
  has 221 dependencies
Evaluating 'github.com/confluentinc/bincover' ...
  got v0.2.0
  has 10 dependencies
Evaluating 'github.com/axw/gocov' ...
  got v1.2.1
  has 7 dependencies
Evaluating 'gitlab.com/tokend/go' ...
  got v3.16.0+incompatible
  has 0 dependencies
Evaluating 'github.com/jamesdphillips/graphql-go' ...
  ! module not resolved
Evaluating 'github.com/lightningnetwork/lnd/healthcheck' ...
  got v1.0.1
  has 51 dependencies
Evaluating 'github.com/smallstep/certinfo' ...
  got v0.0.8
  has 138 dependencies
Evaluating 'github.com/gravitational/teleport/api' ...
  got v1.6.0
  has 47 dependencies
Evaluating 'fortio.org/sets' ...
  got v1.2.1
  has 1 dependencies
Evaluating 'github.com/smallstep/zcrypto' ...
  got v0.0.0-20180720115003-f9ffefc3facf
  has 18 dependencies
Evaluating 'github.com/open-telemetry/opentelemetry-collector-contrib/processor/transformprocessor' ...
  got v0.25.1
  has 171 dependencies
Evaluating 'github.com/filecoin-project/go-fil-markets' ...
  got v0.0.0-20211218093645-b94a6e3cc137
  has 153 dependencies
Evaluating 'github.com/RomiChan/protobuf' ...
  got v0.1.0
  has 5 dependencies
Evaluating 'github.com/loft-sh/vcluster' ...
  ! module not found
Evaluating 'github.com/krakendio/krakend-ratelimit/v2' ...
  got v0.1.0
  has 24 dependencies
Evaluating 'github.com/confluentinc/properties' ...
  ! module not resolved
Evaluating 'github.com/turbot/go-kit' ...
  got v0.0.0-20180116102854-5a71ef0e047d
  has 13 dependencies
Evaluating 'github.com/sourcegraph/mountinfo' ...
  got v0.26.0
  has 227 dependencies
Evaluating 'github.com/anacrolix/mmsg' ...
  got v1.1.1
  has 4 dependencies
Evaluating 'github.com/open-telemetry/opentelemetry-collector-contrib/receiver/tcplogreceiver' ...
  got v0.25.1
  has 171 dependencies
Evaluating 'github.com/iron-io/iron_go3' ...
  got v0.0.0-20190916120531-a4a7f74b73ac
  has 0 dependencies
Evaluating 'github.com/havoc-io/gopass' ...
  ! module not resolved
Evaluating 'gopkg.in/redis.v2' ...
  got v1.0.0-20140618132640-567b2bfa514e
  has 1 dependencies
Evaluating 'github.com/gofiber/jwt/v3' ...
  got v1.0.5
  has 26 dependencies
Evaluating 'github.com/hashicorp/terraform-plugin-test' ...
  got v0.45.1
  has 66 dependencies
Evaluating 'github.com/justinbarrick/go-k8s-portforward' ...
  got v0.34.0
  has 100 dependencies
Evaluating 'github.com/golang-fips/openssl-fips' ...
  ! module not resolved
Evaluating 'k8s.io/kubernetes/cmd/kube-apiserver' ...
  ! module not resolved
Evaluating 'github.com/dsoprea/go-png-image-structure/v2' ...
  got v2.0.0-20200321225314-640175a69fe4
  has 14 dependencies
Evaluating 'github.com/edgexfoundry/go-mod-configuration' ...
  got v0.0.0-20150827004946-bbbad097214e
  has 52 dependencies
Evaluating 'maunium.net/go/mautrix' ...
  got v1.2.0
  has 40 dependencies
Evaluating 'go.1password.io/spg' ...
  got v1.7.1
  has 1 dependencies
Evaluating 'github.com/zyedidia/pty' ...
  got v1.1.20
  has 0 dependencies
Evaluating 'github.com/olebedev/when' ...
  got v1.0.0
  has 6 dependencies
Evaluating 'github.com/go-macaron/csrf' ...
  got v0.3.1
  has 54 dependencies
Evaluating 'github.com/jcmturner/dnsutils' ...
  got v2.0.0+incompatible
  has 0 dependencies
Evaluating 'github.com/larksuite/oapi-sdk-go/v3' ...
  got v1.3.2
  has 13 dependencies
Evaluating 'github.com/1Password/srp' ...
  got v0.2.0
  has 3 dependencies
Evaluating 'gomodules.xyz/envsubst' ...
  got v0.5.9
  has 1 dependencies
Evaluating 'github.com/stevenle/topsort' ...
  got v0.2.0
  has 0 dependencies
Evaluating 'github.com/spdx/gordf' ...
  got v0.0.0-20250128162952-000978ccd6fb
  has 0 dependencies
Evaluating 'github.com/mudler/go-nodepair' ...
  ! module not resolved
Evaluating 'github.com/kubeslice/worker-operator' ...
  got v0.18.0
  has 280 dependencies
Evaluating 'github.com/ilyam8/hashstructure' ...
  got v1.1.0
  has 0 dependencies
Evaluating 'github.com/duke-git/lancet/v2' ...
  got v2.3.9
  has 2 dependencies
Evaluating 'github.com/ledgerwatch/secp256k1' ...
  ! module not resolved
Evaluating 'github.com/projectdiscovery/notify' ...
  got v0.2.0
  has 91 dependencies
Evaluating 'github.com/grafana/dnsmasq_exporter' ...
  ! module not resolved
Evaluating 'github.com/prometheus/pushgateway' ...
  got v0.16.5
  has 237 dependencies
Evaluating 'github.com/irisnet/irismod' ...
  got v0.111.0
  has 190 dependencies
Evaluating 'github.com/olebedev/config' ...
  got v0.0.0-20220822221314-86fa169f9f99
  has 2 dependencies
Evaluating 'github.com/tencentcloud/tencentcloud-sdk-go/tencentcloud/sms' ...
  got v1.3.86
  has 1 dependencies
Evaluating 'github.com/varlink/go' ...
  got v0.4.0
  has 0 dependencies
Evaluating 'github.com/fumiama/imgsz' ...
  got v0.0.4
  has 2 dependencies
Evaluating 'go.uber.org/thriftrw' ...
  got v1.0.0
  has 44 dependencies
Evaluating 'github.com/minio/c2goasm' ...
  got v0.0.0-20190812172519-36a3d3bbc4f3
  has 0 dependencies
Evaluating 'github.com/norwoodj/helm-docs' ...
  got v1.1.1
  has 34 dependencies
Evaluating 'github.com/scylladb/gocqlx/v2' ...
  got v0.0.0-20171023180738-a3a6125de932
  has 18 dependencies
Evaluating 'github.com/open-telemetry/opentelemetry-collector-contrib/extension/oidcauthextension' ...
  got v0.25.1
  has 77 dependencies
Evaluating 'golang.ngrok.com/muxado/v2' ...
  got v0.1.1
  has 3 dependencies
Evaluating 'github.com/go-macaron/i18n' ...
  got v1.1.0
  has 20 dependencies
Evaluating 'github.com/nuntiodev/x' ...
  ! module not resolved
Evaluating 'github.com/apache/skywalking-swck' ...
  got v0.9.0
  has 0 dependencies
Evaluating 'sigs.k8s.io/sig-storage-lib-external-provisioner/v9' ...
  got v1.0.1
  has 51 dependencies
Evaluating 'github.com/ti-community-infra/tichi' ...
  got v0.0.0-20180421153158-65cc252bf669
  has 673 dependencies
Evaluating 'github.com/cockroachdb/cockroach' ...
  got v20.1.17+incompatible
  has 0 dependencies
Evaluating 'github.com/tenntenn/modver' ...
  got v0.5.2
  has 3 dependencies
Evaluating 'github.com/mattn/go-oci8' ...
  got v0.1.1
  has 0 dependencies
Evaluating 'github.com/aws/aws-sdk-go-v2/service/ses' ...
  got v1.41.6
  has 4 dependencies
Evaluating 'github.com/temporalio/roadrunner-temporal' ...
  ! module not found
Evaluating 'sigs.k8s.io/descheduler' ...
  ! module not found
Evaluating 'github.com/kyverno/go-jmespath' ...
  ! module not resolved
Evaluating 'github.com/openclarity/vmclarity' ...
  got v0.7.2
  has 0 dependencies
Evaluating 'github.com/edgexfoundry/go-mod-bootstrap' ...
  got v0.3.1
  has 73 dependencies
Evaluating 'github.com/cloudfoundry-incubator/uaago' ...
  got v0.0.0-20190307164349-8136b7bbe76e
  has 0 dependencies
Evaluating 'github.com/fergusstrange/embedded-postgres' ...
  got v1.1.1
  has 8 dependencies
Evaluating 'github.com/haproxytech/client-native/v4' ...
  got v0.0.0-20230301143203-a9d515a09cc2
  has 47 dependencies
Evaluating 'github.com/SimifiniiCTO/core/core-telemetry' ...
  got v0.105.0
  has 426 dependencies
Evaluating 'zenhack.net/go/util' ...
  got v1.1.1
  has 6 dependencies
Evaluating 'github.com/longhorn/upgrade-responder' ...
  got v0.51.0
  has 166 dependencies
Evaluating 'github.com/terraform-providers/terraform-provider-aws' ...
  got v1.2.1
  has 74 dependencies
Evaluating 'github.com/apernet/go-tproxy' ...
  got v0.0.0-20230809025308-8f4723fd742f
  has 0 dependencies
Evaluating 'github.com/knz/strtime' ...
  got v1.0.0
  has 1 dependencies
Evaluating 'fortio.org/dflag' ...
  got v1.2.1
  has 8 dependencies
Evaluating 'github.com/libgit2/git2go/v33' ...
  got v0.0.0-20191202100458-e7afc7fbc510
  has 6 dependencies
Evaluating 'github.com/google/osv-scanner' ...
  got v1.0.0
  has 100 dependencies
Evaluating 'github.com/coreos/ignition' ...
  got v0.35.0
  has 0 dependencies
Evaluating 'github.com/tsuru/deploy-agent' ...
  got v0.0.0-20160811212531-371fbbdaa898
  has 551 dependencies
Evaluating 'github.com/1password/cobra' ...
  ! module not resolved
Evaluating 'github.com/open-telemetry/opamp-go' ...
  got v4.3.0
  has 11 dependencies
Evaluating 'github.com/remyoudompheng/go-misc' ...
  got v1.2.0
  has 6 dependencies
Evaluating 'gopkg.in/olivere/elastic.v3' ...
  got v3.0.75
  has 0 dependencies
Evaluating 'github.com/go-clix/cli' ...
  got v1.1.0
  has 10 dependencies
Evaluating 'github.com/api7/gopkg' ...
  got v0.2.0
  has 45 dependencies
Evaluating 'github.com/flyteorg/stow' ...
  got v0.101.0
  has 47 dependencies
Evaluating 'github.com/sourcegraph/src-cli' ...
  ! module not found
Evaluating 'github.com/lytics/cloudstorage' ...
  got v0.105.0
  has 47 dependencies
Evaluating 'github.com/santhosh-tekuri/jsonschema' ...
  got v1.2.4
  has 0 dependencies
Evaluating 'github.com/apernet/hysteria/app' ...
  ! module not found
Evaluating 'unknwon.dev/clog/v2' ...
  got v1.1.0
  has 10 dependencies
Evaluating 'github.com/kudobuilder/kudo' ...
  got v0.51.0
  has 284 dependencies
Evaluating 'github.com/tdewolff/test' ...
  got v1.0.12
  has 0 dependencies
Evaluating 'github.com/giantswarm/operatorkit' ...
  got v0.38.0
  has 387 dependencies
Evaluating 'github.com/cloudfoundry/bosh-bootloader' ...
  got v8.4.41+incompatible
  has 0 dependencies
Evaluating 'github.com/ayufan/golang-kardianos-service' ...
  got v0.0.0-20160429143213-0c8eb6d8fff2
  has 2 dependencies
Evaluating 'github.com/go-kratos/kratos/contrib/config/etcd/v2' ...
  got v0.111.0
  has 199 dependencies
Evaluating 'github.com/GoogleCloudPlatform/opentelemetry-operations-go/exporter/collector' ...
  got v0.25.1
  has 246 dependencies
Evaluating 'github.com/twmb/tlscfg' ...
  got v1.3.0
  has 0 dependencies
Evaluating 'github.com/edgexfoundry/go-mod-secrets' ...
  got v1.1.0
  has 22 dependencies
Evaluating 'github.com/muesli/gitcha' ...
  got v1.1.0
  has 7 dependencies
Evaluating 'github.com/bits-and-blooms/bloom' ...
  got v2.0.3+incompatible
  has 2 dependencies
Evaluating 'github.com/confluentinc/go-editor' ...
  got v0.11.0
  has 0 dependencies
Evaluating 'github.com/cloudfoundry-attic/jibber_jabber' ...
  got v0.0.0-20151120183258-bcc4c8345a21
  has 0 dependencies
Evaluating 'github.com/weaveworks/go-checkpoint' ...
  got v0.5.2
  has 7 dependencies
Evaluating 'github.com/kamhlos/upnp' ...
  got v0.0.0-20210324072331-5661950dff08
  has 0 dependencies
Evaluating 'github.com/buoyantio/emojivoto' ...
  got v1.0.1
  has 34 dependencies
Evaluating 'github.com/jackc/chunkreader' ...
  got v1.0.0
  has 0 dependencies
Evaluating 'github.com/meowgorithm/babyenv' ...
  got v1.3.1
  has 0 dependencies
Evaluating 'github.com/percona/percona-backup-mongodb' ...
  got v0.0.0-20140604191638-3550fdcf1f43
  has 101 dependencies
Evaluating 'github.com/saucelabs/lumberjack/v3' ...
  got v1.2.0
  has 2 dependencies
Evaluating 'github.com/datawire/metriton-go-client' ...
  got v0.1.1
  has 1 dependencies
Evaluating 'github.com/paulmach/protoscan' ...
  got v1.5.0
  has 4 dependencies
Evaluating 'github.com/go-chi/httplog' ...
  got v22.5.0
  has 9 dependencies
Evaluating 'github.com/DataDog/agent-payload' ...
  got v4.89.0+incompatible
  has 0 dependencies
Evaluating 'github.com/ory/nosurf' ...
  got v1.2.7
  has 0 dependencies
Evaluating 'github.com/andygrunwald/go-gerrit' ...
  got v1.1.1
  has 3 dependencies
Evaluating 'github.com/barkimedes/go-deepcopy' ...
  got v0.0.0-20220514131651-17c30cfc62df
  has 0 dependencies
Evaluating 'github.com/kubernetes-csi/csi-driver-nfs' ...
  ! module not found
Evaluating 'github.com/projectcalico/kube-controllers' ...
  got v3.8.9+incompatible
  has 0 dependencies
Evaluating 'gopkg.in/olahol/melody.v1' ...
  got v1.5.3
  has 1 dependencies
Evaluating 'github.com/smallstep/zlint' ...
  got v0.0.0-20230301143203-a9d515a09cc2
  has 23 dependencies
Evaluating 'github.com/ryantxu/kube-openapi' ...
  ! module not resolved
Evaluating 'github.com/JohannesKaufmann/html-to-markdown' ...
  got v1.6.0
  has 24 dependencies
Evaluating 'github.com/didip/tollbooth/v6' ...
  got v1.1.0
  has 12 dependencies
Evaluating 'github.com/spaceapegames/go-wavefront' ...
  got v1.8.1
  has 0 dependencies
Evaluating 'github.com/flatcar/ignition' ...
  got v0.0.0-20160803184958-73d058cf8437
  has 31 dependencies
Evaluating 'github.com/datawire/go-fuseftp/rpc' ...
  ! module not resolved
Evaluating 'github.com/confluentinc/proto-go-setter' ...
  got v0.3.0
  has 12 dependencies
Evaluating 'github.com/arrikto/oidc-authservice' ...
  got v0.97.0
  has 231 dependencies
Evaluating 'github.com/drone/drone' ...
  ! module not resolved
Evaluating 'github.com/go-zoo/bone' ...
  got v1.3.0
  has 0 dependencies
Evaluating 'kubevirt.io/containerized-data-importer' ...
  ! module not found
Evaluating 'github.com/cloudfoundry/multierror' ...
  got v0.0.0-20250211162256-525b0c7b3ac7
  has 0 dependencies
Evaluating 'github.com/deepch/vdk' ...
  got v1.0.0
  has 48 dependencies
Evaluating 'github.com/sourcegraph/embedded-postgres' ...
  ! module not resolved
Evaluating 'github.com/wmnsk/go-gtp' ...
  got v1.0.1
  has 20 dependencies
Evaluating 'github.com/aws/aws-sdk-go-v2/service/acmpca' ...
  got v1.41.6
  has 4 dependencies
Evaluating 'github.com/xtaci/kcptun' ...
  got v0.0.0-20260209040343-35c4168a78a4
  has 0 dependencies
Evaluating 'github.com/filecoin-project/go-ds-versioning' ...
  got v0.53.0
  has 112 dependencies
Evaluating 'github.com/go-kratos/kratos/contrib/config/nacos/v2' ...
  got v1.0.0
  has 84 dependencies
Evaluating 'github.com/cloudfoundry/bbl-state-resource' ...
  got v0.101.1
  has 36 dependencies
Evaluating 'github.com/datawire/ambassador/v2' ...
  got v1.2.0
  has 131 dependencies
Evaluating 'github.com/lightningnetwork/lnd/kvdb' ...
  got v0.110.10
  has 466 dependencies
Evaluating 'github.com/channelmeter/iso8601duration' ...
  got v0.0.0-20150204201828-8da3af7a2a61
  has 0 dependencies
Evaluating 'github.com/Mirantis/cri-dockerd' ...
  ! module not resolved
Evaluating 'github.com/r3labs/sse' ...
  got v1.1.0
  has 11 dependencies
Evaluating 'github.com/threeport/threeport' ...
  got v0.3.0
  has 356 dependencies
Evaluating 'github.com/hashicorp/vagrant-installers' ...
  got v2.2.6+incompatible
  has 0 dependencies
Evaluating 'github.com/silenceper/wechat/v2' ...
  got v0.0.0-20200520072559-a9ecdc9d1d3a
  has 50 dependencies
Evaluating 'github.com/qustavo/sqlhooks/v2' ...
  got v1.1.0
  has 10 dependencies
Evaluating 'github.com/lispad/go-generics-tools' ...
  got v1.1.1
  has 5 dependencies
Evaluating 'github.com/Raffo/knolog' ...
  got v0.0.0-20211016155154-e4d5e0cc970a
  has 0 dependencies
Evaluating 'github.com/cloudevents/sdk-go/protocol/kafka_sarama/v2' ...
  got v1.45.2
  has 53 dependencies
Evaluating 'github.com/saucelabs/sypl' ...
  got v1.2.0
  has 17 dependencies
Evaluating 'github.com/kortschak/utter' ...
  got v1.7.0
  has 0 dependencies
Evaluating 'github.com/tus/tusd' ...
  got v0.110.6
  has 336 dependencies
Evaluating 'github.com/kairos-io/kairos-sdk' ...
  got v0.2.0
  has 146 dependencies
Evaluating 'github.com/pilebones/go-udev' ...
  got v1.1.9
  has 7 dependencies
Evaluating 'go.temporal.io/sdk/contrib/tally' ...
  got v0.34.0
  has 96 dependencies
Evaluating 'github.com/lbogdan/docker-machine-driver-vmware' ...
  ! module not resolved
Evaluating 'github.com/linuxkit/virtsock' ...
  got v0.0.0-20241009230534-cb6a20cc0422
  has 1 dependencies
Evaluating 'github.com/saucelabs/forwarder' ...
  got v2.4.0
  has 99 dependencies
Evaluating 'github.com/Mrs4s/MiraiGo' ...
  got v0.0.0-20240226124653-54bdd873e3fe
  has 14 dependencies
Evaluating 'github.com/cavaliercoder/go-cpio' ...
  ! module not resolved
Evaluating 'github.com/tenntenn/text/transform' ...
  got v0.0.0-20250402111347-ba836492e880
  has 4 dependencies
Evaluating 'github.com/go-macaron/captcha' ...
  got v0.3.1
  has 35 dependencies
Evaluating 'github.com/edgexfoundry/go-mod-registry' ...
  got v0.0.0-20150827004946-bbbad097214e
  has 50 dependencies
Evaluating 'github.com/ory/sessions' ...
  ! module not resolved
Evaluating 'github.com/letsencrypt/challtestsrv' ...
  got v0.6.0
  has 12 dependencies
Evaluating 'github.com/dtm-labs/logger' ...
  got v1.2.0
  has 30 dependencies
Evaluating 'github.com/fluxcd/go-git/v5' ...
  got v0.5.2
  has 47 dependencies
Evaluating 'github.com/DataDog/datadog-agent/pkg/util/cgroups' ...
  got v0.78.1
  has 27 dependencies
Evaluating 'github.com/remyoudompheng/go-dbus' ...
  got v0.0.0-20121104212943-b7232d34b1d5
  has 0 dependencies
Evaluating 'go.opentelemetry.io/contrib/processors' ...
  ! module not resolved
Evaluating 'github.com/apache/arrow/go/v11' ...
  got v0.0.0-20211019200055-46fa312c352c
  has 49 dependencies
Evaluating 'github.com/projectdiscovery/naabu/v2' ...
  got v0.2.0
  has 128 dependencies
Evaluating 'github.com/wealdtech/go-bytesutil' ...
  got v1.1.1
  has 4 dependencies
Evaluating 'github.com/usememos/memos' ...
  got v0.25.1
  has 144 dependencies
Evaluating 'github.com/ma314smith/signedxml' ...
  ! module not resolved
Evaluating 'github.com/tetratelabs/multierror' ...
  got v1.1.0
  has 1 dependencies
Evaluating 'github.com/virtual-kubelet/virtual-kubelet' ...
  got v0.24.0
  has 114 dependencies
Evaluating 'github.com/filecoin-project/go-hamt-ipld/v2' ...
  got v1.1.0
  has 35 dependencies
Evaluating 'github.com/azr/flock' ...
  got v0.7.1
  has 0 dependencies
Evaluating 'github.com/aler9/gortsplib' ...
  got v1.0.2
  has 0 dependencies
Evaluating 'github.com/kubeflow/katib' ...
  got v0.7.0
  has 144 dependencies
Evaluating 'github.com/ipld/go-ipld-prime-proto' ...
  got v0.0.0-20180913140656-343706a395b7
  has 163 dependencies
Evaluating 'github.com/owasp-amass/resolve' ...
  got v0.4.0
  has 15 dependencies
Evaluating 'github.com/bronze1man/radius' ...
  got v0.0.0-20190516032554-afd8baec892d
  has 0 dependencies
Evaluating 'gitlab.com/gitlab-org/spamcheck' ...
  got v0.65.0
  has 226 dependencies
Evaluating 'github.com/paketo-buildpacks/watchexec' ...
  got v0.4.1
  has 41 dependencies
Evaluating 'github.com/minio/asm2plan9s' ...
  got v0.0.0-20200509001527-cdd76441f9d8
  has 0 dependencies
Evaluating 'github.com/DataDog/trivy' ...
  ! module not resolved
Evaluating 'github.com/gostaticanalysis/testutil' ...
  got v0.7.0
  has 19 dependencies
Evaluating 'github.com/cncf/xds' ...
  got v0.0.0-20260202195803-dba9d589def2
  has 0 dependencies
Evaluating 'github.com/fluent/fluent-operator/v2' ...
  got v1.0.1
  has 72 dependencies
Evaluating 'github.com/caio/go-tdigest/v4' ...
  got v4.1.0
  has 2 dependencies
Evaluating 'github.com/harvester/dhcp' ...
  ! module not resolved
Evaluating 'github.com/loafoe/go-rabbitmq' ...
  got v0.104.0
  has 152 dependencies
Evaluating 'github.com/solo-io/solo-kit' ...
  got v0.24.0
  has 339 dependencies
Evaluating 'github.com/apoorvam/goterminal' ...
  got v0.0.0-20180523175556-614d345c47e5
  has 2 dependencies
Evaluating 'github.com/openservicemesh/osm' ...
  got v0.0.0-20201008074935-acfc0b28355a
  has 529 dependencies
Evaluating 'github.com/lukasbob/srcset' ...
  got v0.0.0-20231122134231-06e7f27b6370
  has 0 dependencies
Evaluating 'github.com/bytedance/go-tagexpr/v2' ...
  got v1.5.3
  has 15 dependencies
Evaluating 'github.com/openclarity/kubeclarity/cli' ...
  ! module not resolved
Evaluating 'github.com/Gurpartap/async' ...
  got v0.0.0-20180927173644-4f7f499dd9ee
  has 0 dependencies
Evaluating 'google.golang.org/cloud' ...
  ! module not resolved
Evaluating 'github.com/parallaxsecond/parsec-client-go' ...
  got v1.4.9
  has 25 dependencies
Evaluating 'github.com/bianjieai/tendermint' ...
  ! module not resolved
Evaluating 'github.com/moby/sys/atomicwriter' ...
  got v0.1.0
  has 2 dependencies
Evaluating 'github.com/sigstore/k8s-manifest-sigstore' ...
  got v1.23.3
  has 287 dependencies
Evaluating 'github.com/golang-plus/uuid' ...
  got v1.0.0
  has 1 dependencies
Evaluating 'github.com/go-redis/redis/extra/redisotel/v8' ...
  got v2.1.2
  has 43 dependencies
Evaluating 'github.com/open-telemetry/opentelemetry-collector-contrib/receiver/udplogreceiver' ...
  got v0.25.1
  has 167 dependencies
Evaluating 'github.com/nikkolasg/hexjson' ...
  got v0.1.0
  has 0 dependencies
Evaluating 'github.com/confluentinc/go-netrc' ...
  got v0.0.0-20220321173724-4d50f36ff450
  has 0 dependencies
Evaluating 'gopkg.in/rethinkdb/rethinkdb-go.v6' ...
  got v0.1.0
  has 32 dependencies
Evaluating 'github.com/libp2p/go-libp2p-crypto' ...
  got v1.0.1
  has 47 dependencies
Evaluating 'github.com/filecoin-project/specs-actors/v2' ...
  got v0.3.1
  has 69 dependencies
Evaluating 'yunion.io/x/log' ...
  got v1.1.1
  has 13 dependencies
Evaluating 'github.com/flynn/go-docopt' ...
  got v0.0.0-20140912013429-f6dd2ebbb31e
  has 0 dependencies
Evaluating 'github.com/matoous/go-nanoid' ...
  got v1.5.1
  has 0 dependencies
Evaluating 'github.com/thoas/stats' ...
  got v0.0.0-20190407194641-965cb2de1678
  has 0 dependencies
Evaluating 'github.com/solo-io/skv2' ...
  got v1.3.2
  has 137 dependencies
Evaluating 'github.com/drand/kyber' ...
  got v1.24.4
  has 15 dependencies
Evaluating 'github.com/k3s-io/stargz-snapshotter/estargz' ...
  ! module not resolved
Evaluating 'github.com/flant/go-openapi-validate' ...
  ! module not resolved
Evaluating 'go.opentelemetry.io/otel/log' ...
  got v2.3.0
  has 16 dependencies
Evaluating 'github.com/GoogleCloudPlatform/ubbagent' ...
  got v0.110.0
  has 174 dependencies
Evaluating 'github.com/projectdiscovery/folderutil' ...
  got v1.1.1
  has 6 dependencies
Evaluating 'github.com/azure/azure-pipeline-go' ...
  ! module not resolved
Evaluating 'github.com/filecoin-project/go-paramfetch' ...
  got v0.53.0
  has 96 dependencies
Evaluating 'go.elastic.co/apm/module/apmgrpc/v2' ...
  got v0.25.1
  has 63 dependencies
Evaluating 'github.com/turbot/go-prompt' ...
  ! module not resolved
Evaluating 'github.com/mudler/go-processmanager' ...
  got v1.4.9
  has 9 dependencies
Evaluating 'github.com/reviewdog/errorformat' ...
  got v0.0.0-20170303121022-5e9d09f51fa1
  has 2 dependencies
Evaluating 'yunion.io/x/cloudmux' ...
  got v0.65.0
  has 104 dependencies
Evaluating 'github.com/lukasbob/srcset' ...
  got v0.0.0-20231122134231-06e7f27b6370
  has 0 dependencies
Evaluating 'github.com/openziti/sdk-golang' ...
  got v0.81.0
  has 249 dependencies
Evaluating 'github.com/sourcegraph/go-ctags' ...
  got v1.1.9
  has 28 dependencies
Evaluating 'go.opentelemetry.io/otel/log' ...
  got v2.3.0
  has 16 dependencies
Evaluating 'github.com/mudler/go-kdetect' ...
  got v0.2.1
  has 4 dependencies
Evaluating 'github.com/turbot/steampipe' ...
  got v0.20.0
  has 583 dependencies
Evaluating 'github.com/vmware-tanzu/antrea' ...
  ! module not resolved
Evaluating 'git.zabbix.com/ap/postgresql' ...
  ! module not resolved
Evaluating 'github.com/flynn/go-docopt' ...
  got v0.0.0-20140912013429-f6dd2ebbb31e
  has 0 dependencies
Evaluating 'yunion.io/x/jsonutils' ...
  got v1.1.1
  has 19 dependencies
Evaluating 'gopkg.in/toqueteos/substring.v1' ...
  got v1.0.0
  has 1 dependencies
Evaluating 'github.com/savaki/jq' ...
  got v0.0.0-20161209013833-0e6baecebbf8
  has 0 dependencies
Evaluating 'gopkg.in/mattn/go-runewidth.v0' ...
  got v0.0.4
  has 0 dependencies
Evaluating 'github.com/go-jose/go-jose' ...
  got v2.6.3+incompatible
  has 6 dependencies
Evaluating 'github.com/timonwong/logrlint' ...
  got v1.1.1
  has 16 dependencies
Evaluating 'go.elastic.co/apm/module/apmgrpc/v2' ...
  got v0.25.1
  has 63 dependencies
Evaluating 'github.com/srwiley/rasterx' ...
  got v0.0.0-20220730225603-2ab79fcdd4ef
  has 3 dependencies
Evaluating 'github.com/suyashkumar/dicom' ...
  got v0.6.0
  has 7 dependencies
Evaluating 'github.com/CloudyKit/jet/v3' ...
  got v0.0.0-20200109182630-33d98a066a53
  has 1 dependencies
Evaluating 'github.com/icholy/replace' ...
  got v0.3.0
  has 10 dependencies
Evaluating 'github.com/k3s-io/cadvisor' ...
  ! module not resolved
Evaluating 'github.com/go-redis/redis/extra/rediscmd/v8' ...
  got v2.1.2
  has 36 dependencies
Evaluating 'github.com/karrick/gows' ...
  got v0.3.0
  has 1 dependencies
Evaluating 'github.com/mvdan/xurls' ...
  got v1.1.0
  has 0 dependencies
Evaluating 'github.com/openziti/transport/v2' ...
  got v0.81.0
  has 173 dependencies
Evaluating 'gopkg.in/fatih/color.v1' ...
  got v0.1.14
  has 3 dependencies
Evaluating 'github.com/MichaelMure/go-term-text' ...
  got v0.3.1
  has 8 dependencies
Evaluating 'gopkg.in/mattn/go-isatty.v0' ...
  got v0.43.0
  has 1 dependencies
Evaluating 'github.com/gavv/httpexpect' ...
  got v1.7.1
  has 34 dependencies
Evaluating 'github.com/go-audio/audio' ...
  got v1.0.0
  has 0 dependencies
Evaluating 'github.com/k3s-io/stargz-snapshotter/estargz' ...
  ! module not resolved
Evaluating 'open-match.dev/open-match' ...
  got v1.23.0
  has 103 dependencies
Evaluating 'github.com/toqueteos/trie' ...
  got v1.0.0
  has 0 dependencies
Evaluating 'github.com/apoorvam/goterminal' ...
  got v0.0.0-20180523175556-614d345c47e5
  has 2 dependencies
Evaluating 'logur.dev/logur' ...
  got v0.17.0
  has 0 dependencies
Evaluating 'yunion.io/x/structarg' ...
  got v1.1.1
  has 21 dependencies
Evaluating 'github.com/stellar/go-xdr' ...
  got v0.0.0-20260423131911-a87d4d0789c3
  has 0 dependencies
Evaluating 'github.com/openziti/metrics' ...
  got v0.81.0
  has 160 dependencies
Evaluating 'github.com/captncraig/caddy-realip' ...
  got v0.38.0
  has 190 dependencies
Evaluating 'github.com/gobuffalo/gitgen' ...
  got v0.3.1
  has 71 dependencies
Evaluating 'github.com/helloeave/json' ...
  ! module not resolved
Evaluating 'github.com/bytedance/go-tagexpr/v2' ...
  got v1.5.3
  has 15 dependencies
Evaluating 'github.com/lensesio/tableprinter' ...
  got v2.2.0
  has 4 dependencies
Evaluating 'github.com/srebhan/cborquery' ...
  got v1.3.4
  has 10 dependencies
Evaluating 'github.com/jig/teereadcloser' ...
  got v0.0.0-20181016160506-953720c48e05
  has 0 dependencies
Evaluating 'github.com/filecoin-project/specs-actors/v5' ...
  got v0.0.0-20180913140656-343706a395b7
  has 196 dependencies
Evaluating 'github.com/rancher/hull' ...
  got v1.0.1
  has 126 dependencies
Evaluating 'github.com/nikkolasg/hexjson' ...
  got v0.1.0
  has 0 dependencies
Evaluating 'github.com/dtylman/scp' ...
  got v0.0.0-20220201143837-3fe2c6f3fee9
  has 5 dependencies
Evaluating 'github.com/dave/jennifer' ...
  got v1.7.1
  has 0 dependencies
Evaluating 'github.com/cristalhq/base64' ...
  got v0.1.2
  has 0 dependencies
Evaluating 'github.com/vulsio/go-exploitdb' ...
  got v1.0.0
  has 123 dependencies
Evaluating 'github.com/DataDog/datadog-agent/pkg/quantile' ...
  got v0.43.2
  has 13 dependencies
Evaluating 'github.com/filecoin-project/go-paramfetch' ...
  got v0.53.0
  has 96 dependencies
Evaluating 'gopkg.in/VividCortex/ewma.v1' ...
  got v1.1.1
  has 0 dependencies
Evaluating 'github.com/iand/logfmtr' ...
  got v1.3.0
  has 1 dependencies
Evaluating 'github.com/sigstore/k8s-manifest-sigstore' ...
  got v1.23.3
  has 287 dependencies
Evaluating 'github.com/ks3sdklib/aws-sdk-go' ...
  got v1.1.1
  has 17 dependencies
Evaluating 'github.com/shirou/w32' ...
  got v0.0.0-20160930032740-bb4de0191aa4
  has 0 dependencies
Evaluating 'github.com/wenyingd/ofnet' ...
  ! module not resolved
Evaluating 'github.com/sigstore/sigstore/pkg/signature/kms/aws' ...
  ! module not resolved
Evaluating 'github.com/ipfs/tar-utils' ...
  got v1.1.0
  has 6 dependencies
Evaluating 'github.com/phuslu/log' ...
  got v1.0.124
  has 0 dependencies
Evaluating 'github.com/sigstore/sigstore/pkg/signature/kms/gcp' ...
  ! module not resolved
Evaluating 'github.com/parallaxsecond/parsec-client-go' ...
  got v1.4.9
  has 25 dependencies
Evaluating 'github.com/torquem-ch/mdbx-go' ...
  ! module not resolved
Evaluating 'github.com/thoas/stats' ...
  got v0.0.0-20190407194641-965cb2de1678
  has 0 dependencies
Evaluating 'github.com/confluentinc/go-netrc' ...
  got v0.0.0-20220321173724-4d50f36ff450
  has 0 dependencies
Evaluating 'github.com/xlab/tablewriter' ...
  got v0.0.0-20160610135559-80b567a11ad5
  has 0 dependencies
Evaluating 'github.com/libdns/route53' ...
  got v1.39.1
  has 15 dependencies
Evaluating 'github.com/lni/goutils' ...
  got v1.1.9
  has 15 dependencies
Evaluating 'github.com/gobuffalo/depgen' ...
  got v0.3.1
  has 71 dependencies
Evaluating 'github.com/whyrusleeping/mafmt' ...
  got v1.1.0
  has 26 dependencies
Evaluating 'github.com/Jorropo/jsync' ...
  got v1.0.1
  has 0 dependencies
Evaluating 'github.com/openservicemesh/osm' ...
  got v0.0.0-20201008074935-acfc0b28355a
  has 529 dependencies
Evaluating 'github.com/hashicorp/consul-k8s/control-plane' ...
  ! module not resolved
Evaluating 'github.com/scroll-tech/zktrie' ...
  got v1.1.0
  has 4 dependencies
Evaluating 'github.com/krakendio/binder' ...
  ! module not resolved
Evaluating 'go.opentelemetry.io/collector/service' ...
  got v0.25.1
  has 198 dependencies
Evaluating 'github.com/rogpeppe/go-charset' ...
  got v0.0.0-20190617161244-0dc95cdf6f31
  has 0 dependencies
Evaluating 'github.com/filecoin-project/go-data-transfer' ...
  got v0.0.0-20190825152654-46b345b51c96
  has 170 dependencies
Evaluating 'github.com/filecoin-project/specs-actors/v2' ...
  got v0.3.1
  has 69 dependencies
Evaluating 'github.com/drand/kyber' ...
  got v1.24.4
  has 15 dependencies
Evaluating 'github.com/vmware-tanzu/carvel-kapp' ...
  ! module not resolved
Evaluating 'go.opentelemetry.io/collector/otelcol' ...
  got v0.25.1
  has 203 dependencies
Evaluating 'github.com/go-audio/wav' ...
  got v1.0.0
  has 2 dependencies
Evaluating 'github.com/omec-project/util' ...
  got v0.1.3
  has 42 dependencies
Evaluating 'github.com/cristalhq/acmd' ...
  got v0.12.0
  has 0 dependencies
Evaluating 'github.com/openziti/foundation/v2' ...
  got v1.1.1
  has 13 dependencies
Evaluating 'github.com/filecoin-project/specs-actors/v4' ...
  got v0.3.1
  has 73 dependencies
Evaluating 'github.com/MichaelMure/go-term-markdown' ...
  got v0.1.4
  has 33 dependencies
Evaluating 'github.com/free5gc/version' ...
  got v1.1.0
  has 6 dependencies
Evaluating 'yunion.io/x/log' ...
  got v1.1.1
  has 13 dependencies
Evaluating 'github.com/cubewise-code/go-mime' ...
  got v0.0.0-20200519001935-8c5762b177d8
  has 0 dependencies
Evaluating 'github.com/go-macaron/cache' ...
  got v0.3.1
  has 41 dependencies
Evaluating 'github.com/tylertreat/hdrhistogram-writer' ...
  got v0.0.0-20190408044501-666a987793e9
  has 34 dependencies
Evaluating 'github.com/go-gost/core' ...
  got v0.3.3
  has 0 dependencies
Evaluating 'github.com/twmb/franz-go/pkg/sasl/kerberos' ...
  got v1.1.1
  has 26 dependencies
Evaluating 'github.com/fasthttp-contrib/websocket' ...
  got v1.2.1
  has 9 dependencies
Evaluating 'github.com/libp2p/go-libp2p-netutil' ...
  got v0.26.0
  has 89 dependencies
Evaluating 'github.com/open-telemetry/opentelemetry-collector-contrib/receiver/windowseventlogreceiver' ...
  got v0.25.1
  has 180 dependencies
Evaluating 'github.com/getlantern/ops' ...
  got v1.1.1
  has 15 dependencies
Evaluating 'github.com/getlantern/errors' ...
  got v1.1.1
  has 14 dependencies
Evaluating 'github.com/bianjieai/tendermint' ...
  ! module not resolved
Evaluating 'gopkg.in/src-d/go-errors.v1' ...
  got v0.9.1
  has 1 dependencies
Evaluating 'github.com/moby/sys/atomicwriter' ...
  got v0.1.0
  has 2 dependencies
Evaluating 'github.com/golang-plus/uuid' ...
  got v1.0.0
  has 1 dependencies
Evaluating 'github.com/linxGnu/grocksdb' ...
  got v1.1.1
  has 4 dependencies
Evaluating 'github.com/skycoin/skycoin' ...
  got v0.2.0
  has 282 dependencies
Evaluating 'github.com/goji/httpauth' ...
  got v0.0.0-20160601135302-2da839ab0f4d
  has 0 dependencies
Evaluating 'github.com/hashicorp/terraform-plugin-testing' ...
  got v1.4.1
  has 51 dependencies
Evaluating 'github.com/drand/kyber-bls12381' ...
  got v1.13.0
  has 22 dependencies
Evaluating 'github.com/open-telemetry/opentelemetry-collector-contrib/receiver/udplogreceiver' ...
  got v0.25.1
  has 167 dependencies
Evaluating 'github.com/kairos-io/immucore' ...
  got v0.0.2
  has 471 dependencies
Evaluating 'github.com/go-redis/redis/extra/redisotel/v8' ...
  got v2.1.2
  has 43 dependencies
Evaluating 'github.com/dolthub/swiss' ...
  got v1.1.1
  has 5 dependencies
Evaluating 'github.com/mholt/caddy-dynamicdns' ...
  got v0.19.1
  has 417 dependencies
Evaluating 'github.com/portainer/portainer/pkg/libstack' ...
  got v0.1.12
  has 5 dependencies
Evaluating 'github.com/epam/edp-codebase-operator/v2' ...
  got v0.25.1
  has 143 dependencies
Evaluating 'github.com/saucelabs/sauceproxy-rest' ...
  got v0.0.0-20181001171907-286a27c489ac
  has 0 dependencies
Evaluating 'github.com/giantswarm/apiextensions/v3' ...
  got v1.0.1
  has 62 dependencies
Evaluating 'github.com/giantswarm/retry-go' ...
  got v0.0.0-20151203102909-d78cea247d5e
  has 1 dependencies
Evaluating 'github.com/solo-io/skv2' ...
  got v1.3.2
  has 137 dependencies
Evaluating 'github.com/mitchellh/protostructure' ...
  got v1.1.0
  has 7 dependencies
Evaluating 'github.com/hashicorp/terraform-provider-kubernetes' ...
  ! module not resolved
Evaluating 'gopkg.in/mattn/go-colorable.v0' ...
  got v0.0.22
  has 2 dependencies
Evaluating 'github.com/google/brotli' ...
  got v1.2.0
  has 0 dependencies
Evaluating 'github.com/libp2p/go-libp2p-crypto' ...
  got v1.0.1
  has 47 dependencies
Evaluating 'github.com/masterzen/azure-sdk-for-go' ...
  got v5.0.0-beta+incompatible
  has 0 dependencies
Evaluating 'github.com/paketo-buildpacks/upx' ...
  got v0.4.1
  has 41 dependencies
Evaluating 'github.com/tilt-dev/wmclient' ...
  got v1.1.0
  has 10 dependencies
Evaluating 'github.com/veraison/go-cose' ...
  got v2.5.0
  has 2 dependencies
Evaluating 'github.com/microsoft/hcsshim' ...
  ! module not resolved
Evaluating 'github.com/go-gost/x' ...
  got v0.0.0-20211218093645-b94a6e3cc137
  has 120 dependencies
Evaluating 'github.com/Machiel/slugify' ...
  got v1.0.1
  has 0 dependencies
Evaluating 'github.com/naiba/nezha' ...
  ! module not resolved
Evaluating 'github.com/open-telemetry/opentelemetry-collector-contrib/exporter/awsemfexporter' ...
  got v0.25.1
  has 121 dependencies
Evaluating 'github.com/projectdiscovery/katana' ...
  got v0.2.0
  has 160 dependencies
Evaluating 'github.com/stellar/go' ...
  got v0.114.0
  has 163 dependencies
Evaluating 'github.com/projectdiscovery/gostruct' ...
  got v0.0.2
  has 0 dependencies
Evaluating 'go.etcd.io/etcd/tests/v3' ...
  got v1.2.0
  has 87 dependencies
Evaluating 'github.com/IBM/platform-services-go-sdk' ...
  got v5.21.2
  has 30 dependencies
Evaluating 'github.com/saucelabs/webserver' ...
  got v0.3.1
  has 54 dependencies
Evaluating 'github.com/oauth2-proxy/mockoidc' ...
  got v1.1.1
  has 15 dependencies
Evaluating 'github.com/michaelquigley/pfxlog' ...
  got v1.1.0
  has 11 dependencies
Evaluating 'github.com/open-telemetry/opentelemetry-collector-contrib/processor/routingprocessor' ...
  got v0.24.0
  has 195 dependencies
Evaluating 'github.com/flant/go-openapi-validate' ...
  ! module not resolved
Evaluating 'github.com/sigstore/sigstore/pkg/signature/kms/azure' ...
  ! module not resolved
Evaluating 'github.com/drand/drand' ...
  got v0.110.0
  has 368 dependencies
Evaluating 'github.com/allanpk716/fake-useragent' ...
  got v0.2.0
  has 9 dependencies
Evaluating 'github.com/GoogleCloudPlatform/ubbagent' ...
  got v0.110.0
  has 174 dependencies
Evaluating 'github.com/flowstack/go-jsonschema' ...
  got v1.1.1
  has 13 dependencies
Evaluating 'github.com/openziti/channel/v2' ...
  got v0.81.0
  has 175 dependencies
Evaluating 'github.com/projectcalico/k8s-client-go' ...
  ! module not resolved
Evaluating 'github.com/matoous/go-nanoid' ...
  got v1.5.1
  has 0 dependencies
Evaluating 'github.com/longhorn/sparse-tools' ...
  got v4.7.0
  has 19 dependencies
Evaluating 'github.com/manucorporat/try' ...
  got v0.0.0-20170609134256-2a0c6b941d52
  has 0 dependencies
Evaluating 'github.com/go-gost/gost' ...
  got v0.0.0-20211218093645-b94a6e3cc137
  has 118 dependencies
Evaluating 'github.com/Nerzal/gocloak/v13' ...
  got v13.9.0
  has 16 dependencies
Evaluating 'github.com/kumahq/kuma' ...
  ! module not found
Evaluating 'github.com/gobuffalo/events' ...
  got v1.1.1
  has 6 dependencies
Evaluating 'github.com/bianjieai/tibc-go' ...
  got v0.112.1
  has 208 dependencies
Evaluating 'github.com/wealdtech/go-eth2-types/v2' ...
  got v1.1.1
  has 14 dependencies
Evaluating 'github.com/opencontainers/go-digest/blake3' ...
  got v2.2.5
  has 6 dependencies
Evaluating 'github.com/bluenviron/mediacommon' ...
  got v1.14.1
  has 0 dependencies
Evaluating 'github.com/ory/kratos' ...
  got v0.15.0
  has 500 dependencies
Evaluating 'github.com/thakurajayL/go-ipam' ...
  ! module not resolved
Evaluating 'git.zabbix.com/ap/mongodb' ...
  ! module not resolved
Evaluating 'github.com/mschoch/smat' ...
  got v0.2.0
  has 0 dependencies
Evaluating 'grpc.go4.org' ...
  got v1.5.4
  has 12 dependencies
Evaluating 'github.com/Gurpartap/async' ...
  got v0.0.0-20180927173644-4f7f499dd9ee
  has 0 dependencies
Evaluating 'gopkg.in/cenkalti/backoff.v2' ...
  got v2.2.1
  has 0 dependencies
Evaluating 'github.com/cloudfoundry/gosteno' ...
  got v0.0.0-20150423193413-0c8581caea35
  has 0 dependencies
Evaluating 'github.com/bytedance/mockey' ...
  got v1.4.6
  has 26 dependencies
Evaluating 'gopkg.in/rethinkdb/rethinkdb-go.v6' ...
  got v0.1.0
  has 32 dependencies
Evaluating 'github.com/tensorchord/envd' ...
  got v0.25.0
  has 245 dependencies
Evaluating 'github.com/andreaskoch/go-fswatch' ...
  got v1.0.0
  has 0 dependencies
Evaluating 'github.com/remind101/migrate' ...
  got v0.0.0-20170729031349-52c1edff7319
  has 0 dependencies
Evaluating 'github.com/inconshreveable/go-vhost' ...
  got v1.0.0
  has 0 dependencies
Evaluating 'github.com/open-telemetry/opentelemetry-collector-contrib/receiver/kubeletstatsreceiver' ...
  got v0.25.1
  has 215 dependencies
Evaluating 'github.com/thedevsaddam/govalidator' ...
  got v1.9.10
  has 0 dependencies
Evaluating 'github.com/ledgerwatch/log/v3' ...
  got v1.8.1
  has 4 dependencies
Evaluating 'go.opentelemetry.io/otel/oteltest' ...
  got v1.1.0
  has 11 dependencies
Evaluating 'yunion.io/x/pkg' ...
  got v1.1.0
  has 43 dependencies
Evaluating 'crawshaw.io/sqlite' ...
  got v0.0.0-20181124134642-c51c3df30797
  has 1 dependencies
Evaluating 'github.com/honestbee/jobq' ...
  ! module not resolved
Evaluating 'github.com/judwhite/go-svc' ...
  got v1.2.1
  has 1 dependencies
Evaluating 'github.com/nwaples/tacplus' ...
  got v0.0.3
  has 0 dependencies
Evaluating 'yunion.io/x/s3cli' ...
  got v0.3.1
  has 26 dependencies
Evaluating 'github.com/saucelabs/customerror' ...
  got v1.1.9
  has 24 dependencies
Evaluating 'github.com/openclarity/kubeclarity/shared' ...
  got v0.110.0
  has 401 dependencies
Evaluating 'github.com/cloudfoundry-community/go-uaa' ...
  got v0.3.0
  has 19 dependencies
Evaluating 'github.com/solo-io/solo-kit' ...
  got v0.24.0
  has 339 dependencies
Evaluating 'github.com/fluxcd/flux/pkg/install' ...
  got v0.46.3
  has 166 dependencies
Evaluating 'github.com/eliukblau/pixterm/pkg/ansimage' ...
  got v1.6.2
  has 6 dependencies
Evaluating 'github.com/openziti/identity' ...
  got v0.81.0
  has 196 dependencies
Evaluating 'github.com/tilt-dev/localregistry-go' ...
  got v0.38.0
  has 161 dependencies
Evaluating 'github.com/ardanlabs/conf' ...
  got v1.5.0
  has 1 dependencies
Evaluating 'github.com/openshift/generic-admission-server' ...
  got v1.14.0
  has 0 dependencies
Evaluating 'github.com/celestiaorg/go-verifcid' ...
  ! module not resolved
Evaluating 'github.com/wealdtech/go-eth2-util' ...
  got v1.1.1
  has 21 dependencies
Evaluating 'google.golang.org/cloud' ...
  ! module not resolved
Evaluating 'github.com/pyroscope-io/pyroscope' ...
  ! module not resolved
Evaluating 'github.com/flatcar-linux/ignition' ...
  ! module not resolved
Evaluating 'github.com/azure/azure-pipeline-go' ...
  ! module not resolved
Evaluating 'github.com/wealdtech/go-eth2-wallet-encryptor-keystorev4' ...
  got v1.1.1
  has 21 dependencies
Evaluating 'knative.dev/operator' ...
  got v0.115.1
  has 163 dependencies
Evaluating 'github.com/flant/libjq-go' ...
  got v1.6.2
  has 0 dependencies
Evaluating 'github.com/solo-io/go-utils' ...
  got v0.110.7
  has 117 dependencies
Evaluating 'github.com/openclarity/kubeclarity/api' ...
  got v0.0.0-20210307081110-f21760c49a8d
  has 27 dependencies
Evaluating 'github.com/sigstore/sigstore/pkg/signature/kms/hashivault' ...
  ! module not resolved
Evaluating 'github.com/antonboom/errname' ...
  ! module not resolved
Evaluating 'github.com/grafana/opentelemetry-collector/pdata' ...
  ! module not resolved
Evaluating 'github.com/wagslane/go-rabbitmq' ...
  got v1.10.0
  has 2 dependencies
Evaluating 'github.com/mattdurham/gomplate/v3' ...
  ! module not resolved
Evaluating 'github.com/reva2/bitbucket-insights-api' ...
  got v0.65.0
  has 70 dependencies
Evaluating 'github.com/grafana/snmp_exporter' ...
  ! module not resolved
Evaluating 'github.com/aws/aws-sdk-go-v2/service/route53resolver' ...
  got v1.41.6
  has 4 dependencies
Evaluating 'github.com/go-pay/gopay' ...
  got v0.0.1
  has 7 dependencies
Evaluating 'github.com/dmarkham/enumer' ...
  got v1.6.3
  has 9 dependencies
Evaluating 'github.com/pmylund/sortutil' ...
  got v0.0.0-20120526081524-abeda66eb583
  has 0 dependencies
Evaluating 'github.com/containers/podman/v3' ...
  got v0.0.0-20160811212531-371fbbdaa898
  has 425 dependencies
Evaluating 'github.com/envoyproxy/ratelimit' ...
  got v0.26.0
  has 51 dependencies
Evaluating 'github.com/portworx/kdmp' ...
  ! module not resolved
Evaluating 'github.com/pin/tftp/v3' ...
  got v3.2.0
  has 5 dependencies
Evaluating 'github.com/tatsushid/go-fastping' ...
  got v0.0.0-20160109021039-d7bb493dee3e
  has 5 dependencies
Evaluating 'github.com/soongo/path-to-regexp' ...
  got v1.2.0
  has 1 dependencies
Evaluating 'github.com/twpayne/go-kml' ...
  got v1.1.0
  has 21 dependencies
Evaluating 'github.com/ZauberNerd/go-git/v5' ...
  ! module not resolved
Evaluating 'github.com/jhump/gopoet' ...
  got v0.1.0
  has 0 dependencies
Evaluating 'github.com/ot4i/ace-docker' ...
  got v0.0.0-20250909130758-cdfe6ef24193
  has 0 dependencies
Evaluating 'github.com/fumiama/go-hide-param' ...
  got v0.2.0
  has 0 dependencies
Evaluating 'github.com/tomnomnom/anew' ...
  got v0.1.1
  has 0 dependencies
Evaluating 'github.com/gofiber/contrib/otelfiber' ...
  got v1.0.5
  has 32 dependencies
Evaluating 'github.com/omeid/pgerror' ...
  got v1.8.0
  has 1 dependencies
Evaluating 'github.com/segmentio/go-loggly' ...
  got v0.5.0
  has 0 dependencies
Evaluating 'github.com/falcosecurity/plugins/plugins/k8saudit' ...
  got v0.0.0-20220216202328-9eeeec9d044b
  has 13 dependencies
Evaluating 'sigs.k8s.io/aws-load-balancer-controller' ...
  ! module not resolved
Evaluating 'github.com/Mrs4s/go-cqhttp' ...
  got v1.6.3
  has 75 dependencies
Evaluating 'github.com/duke-git/lancet' ...
  got v1.4.6
  has 10 dependencies
Evaluating 'github.com/arduino/go-win32-utils' ...
  got v1.0.0
  has 1 dependencies
Evaluating 'github.com/ConradIrwin/font' ...
  got v0.0.0-20180220214647-957792cbbdab
  has 9 dependencies
Evaluating 'github.com/DataDog/opentelemetry-mapping-go/pkg/otlp/logs' ...
  got v0.24.0
  has 77 dependencies
Evaluating 'github.com/hyperledger/fabric-samples/chaincode/fabcar/external' ...
  got v0.26.0
  has 76 dependencies
Evaluating 'github.com/bluenviron/gortsplib/v3' ...
  got v3.11.1
  has 0 dependencies
Evaluating 'github.com/k8snetworkplumbingwg/govdpa' ...
  got v2.0.0
  has 12 dependencies
Evaluating 'github.com/atomix/atomix-go-framework' ...
  got v0.81.0
  has 153 dependencies
Evaluating 'github.com/devtron-labs/common-lib' ...
  ! module not found
Evaluating 'github.com/getlantern/hidden' ...
  got v1.1.0
  has 5 dependencies
Evaluating 'github.com/pierrre/geohash' ...
  got v0.0.0-20140723084247-1b41c28e3a9d
  has 10 dependencies
Evaluating 'github.com/pulumi/pulumi/sdk/nodejs/cmd/pulumi-language-nodejs/v3' ...
  got v0.25.1
  has 358 dependencies
Evaluating 'github.com/gobuffalo/meta' ...
  got v1.2.0
  has 12 dependencies
Evaluating 'github.com/dropbox/godropbox' ...
  got v1.1.1
  has 17 dependencies
Evaluating 'github.com/filecoin-project/go-storedcounter' ...
  got v0.3.1
  has 33 dependencies
Evaluating 'github.com/fumiama/go-base16384' ...
  got v1.1.0
  has 8 dependencies
Evaluating 'github.com/smartwalle/crypto4go' ...
  ! module not resolved
Evaluating 'github.com/k3s-io/kube-router' ...
  ! module not resolved
Evaluating 'github.com/meltwater/drone-cache' ...
  got v0.103.0
  has 114 dependencies
Evaluating 'github.com/solo-io/solo-apis' ...
  ! module not resolved
Evaluating 'github.com/arl/statsviz' ...
  got v0.8.0
  has 4 dependencies
Evaluating 'github.com/grafana/grafana-api-golang-client' ...
  got v1.1.1
  has 6 dependencies
Evaluating 'github.com/arduino/go-timeutils' ...
  got v0.0.0-20171220113728-d1dd9e313b1b
  has 0 dependencies
Evaluating 'github.com/kevinmbeaulieu/eq-go' ...
  got v1.0.0
  has 0 dependencies
Evaluating 'github.com/puerkitobio/purell' ...
  ! module not resolved
Evaluating 'go.opentelemetry.io/contrib/instrumentation/host' ...
  got v2.3.0
  has 28 dependencies
Evaluating 'github.com/kkhaike/contextcheck' ...
  ! module not resolved
Evaluating 'github.com/ipfs/go-ipfs-config' ...
  got v0.26.0
  has 191 dependencies
Evaluating 'github.com/amplitude/analytics-go' ...
  got v1.3.1
  has 6 dependencies
Evaluating 'github.com/arduino/go-properties-orderedmap' ...
  got v1.0.1
  has 5 dependencies
Evaluating 'github.com/vmware/go-nfs-client' ...
  got v0.0.0-20190605212624-d43b92724c1b
  has 0 dependencies
Evaluating 'github.com/lightningnetwork/lnd/cert' ...
  got v1.1.1
  has 7 dependencies
Evaluating 'github.com/oiime/logrusbun' ...
  got v1.1.1
  has 13 dependencies
Evaluating 'github.com/pgavlin/diff' ...
  ! module not resolved
Evaluating 'github.com/ledgerwatch/erigon' ...
  ! module not resolved
Evaluating 'github.com/go-session/session/v3' ...
  got v0.0.0-20221122125632-68358b8ecec6
  has 13 dependencies
Evaluating 'github.com/vito/houdini' ...
  got v0.0.0-20230322140108-76fb7bb00c07
  has 25 dependencies
Evaluating 'github.com/omec-project/amf' ...
  got v0.23.0
  has 229 dependencies
Evaluating 'github.com/wagoodman/keybinding' ...
  got v0.4.0
  has 3 dependencies
Evaluating 'github.com/ef-ds/deque' ...
  got v1.0.4
  has 0 dependencies
Evaluating 'github.com/ismdeep/config' ...
  got v0.100.2
  has 118 dependencies
Evaluating 'github.com/RomiChan/websocket' ...
  ! module not resolved
Evaluating 'github.com/joyt/godate' ...
  got v0.0.0-20150226210126-7151572574a7
  has 0 dependencies
Evaluating 'github.com/golang-module/carbon' ...
  got v0.3.1
  has 49 dependencies
Evaluating 'github.com/flosch/pongo2/v6' ...
  got v6.0.0
  has 3 dependencies
Evaluating 'github.com/seal-io/seal' ...
  ! module not resolved
Evaluating 'github.com/paketo-buildpacks/occam' ...
  got v0.24.0
  has 329 dependencies
Evaluating 'gitlab.com/phongthien/repository' ...
  got v0.0.1
  has 24 dependencies
Evaluating 'github.com/olahol/melody' ...
  got v1.1.1
  has 5 dependencies
Evaluating 'github.com/contiv/libOpenflow' ...
  got v0.0.0-20210609050114-d967b14cc688
  has 0 dependencies
Evaluating 'github.com/arduino/arduino-cli' ...
  got v0.24.0
  has 138 dependencies
Evaluating 'github.com/hashicorp/vault/api/auth/ldap' ...
  got v1.1.1
  has 50 dependencies
Evaluating 'github.com/abirdcfly/dupword' ...
  ! module not resolved
Evaluating 'yunion.io/x/onecloud' ...
  got v0.0.0-20180421153158-65cc252bf669
  has 278 dependencies
Evaluating 'github.com/celestiaorg/quantum-gravity-bridge' ...
  got v2.1.0+incompatible
  has 0 dependencies
Evaluating 'github.com/esiqveland/notify' ...
  got v1.1.1
  has 7 dependencies
Evaluating 'github.com/djarvur/go-err113' ...
  ! module not resolved
Evaluating 'github.com/aquasecurity/cfsec' ...
  got v0.81.0
  has 228 dependencies
Evaluating 'github.com/falcosecurity/plugins/plugins/json' ...
  got v0.0.0-20220216202328-9eeeec9d044b
  has 13 dependencies
Evaluating 'github.com/getlantern/golog' ...
  got v1.1.0
  has 34 dependencies
Evaluating 'github.com/jhump/goprotoc' ...
  got v0.26.0
  has 39 dependencies
Evaluating 'github.com/giantswarm/cluster-api' ...
  ! module not resolved
Evaluating 'github.com/johIanse/study_xxqg' ...
  ! module not resolved
Evaluating 'github.com/mreiferson/go-httpclient' ...
  got v0.0.0-20201222173833-5e475fde3a4d
  has 0 dependencies
Evaluating 'github.com/racksec/srslog' ...
  got v0.0.0-20180709174129-a4725f04ec91
  has 0 dependencies
Evaluating 'github.com/cosi-project/runtime' ...
  got v1.4.1
  has 36 dependencies
Evaluating 'github.com/prometheus-community/systemd_exporter' ...
  got v0.3.0
  has 47 dependencies
Evaluating 'github.com/kubeflow/pipelines/api' ...
  got v0.6.0
  has 3 dependencies
Evaluating 'github.com/jackpal/bencode-go' ...
  got v1.0.2
  has 0 dependencies
Evaluating 'github.com/cosmos/interchain-security' ...
  ! module not found
Evaluating 'github.com/percona/percona-xtradb-cluster-operator' ...
  got v1.1.0
  has 142 dependencies
Evaluating 'github.com/mattermost/mmctl' ...
  got v0.0.0-20160811212531-371fbbdaa898
  has 778 dependencies
Evaluating 'github.com/blevesearch/bleve-mapping-ui' ...
  got v2.4.5
  has 49 dependencies
Evaluating 'github.com/facebook/time' ...
  got v3.0.0+incompatible
  has 55 dependencies
Evaluating 'github.com/istio/gateway-api' ...
  ! module not resolved
Evaluating 'github.com/giantswarm/k8sclient' ...
  got v0.38.0
  has 302 dependencies
Evaluating 'github.com/99designs/aws-vault/v7' ...
  got v7.2.0
  has 44 dependencies
Evaluating 'github.com/cloudfoundry-community/go-cfclient/v2' ...
  got v0.34.0
  has 26 dependencies
Evaluating 'github.com/keptn/lifecycle-toolkit/klt-cert-manager' ...
  got v0.65.0
  has 201 dependencies
Evaluating 'github.com/nats-io/natscli' ...
  got v1.0.2
  has 70 dependencies
Evaluating 'github.com/jbenet/go-cienv' ...
  got v0.1.0
  has 0 dependencies
Evaluating 'github.com/libp2p/go-libp2p-peer' ...
  got v1.0.1
  has 48 dependencies
Evaluating 'github.com/omec-project/fsm' ...
  got v0.26.0
  has 54 dependencies
Evaluating 'github.com/avast/retry-go/v3' ...
  got v3.1.1
  has 6 dependencies
Evaluating 'github.com/EagleChen/mapmutex' ...
  got v0.0.0-20200716162114-c133e97096b7
  has 0 dependencies
Evaluating 'github.com/open-telemetry/opentelemetry-collector-contrib/exporter/googlecloudexporter' ...
  got v0.25.1
  has 253 dependencies
Evaluating 'github.com/amacneil/dbmate' ...
  got v1.2.1
  has 20 dependencies
Evaluating 'github.com/die-net/lrucache' ...
  got v1.1.1
  has 7 dependencies
Evaluating 'dmitri.shuralyov.com/font/woff2' ...
  got v0.0.0-20180220214647-957792cbbdab
  has 5 dependencies
Evaluating 'github.com/cupcake/rdb' ...
  got v0.0.0-20161107195141-43ba34106c76
  has 0 dependencies
Evaluating 'github.com/falcosecurity/plugin-sdk-go' ...
  got v1.1.1
  has 7 dependencies
Evaluating 'github.com/canonical/go-flags' ...
  got v0.0.0-20230403090104-105d09a091b8
  has 1 dependencies
Evaluating 'github.com/containers/image' ...
  got v3.0.2+incompatible
  has 0 dependencies
Evaluating 'github.com/ktock/golang-lru' ...
  ! module not resolved
Evaluating 'github.com/aws/aws-sdk-go-v2/service/swf' ...
  got v1.41.6
  has 4 dependencies
Evaluating 'github.com/vvakame/sdlog' ...
  got v1.23.0
  has 14 dependencies
Evaluating 'github.com/sagernet/sing-quic' ...
  got v1.1.1
  has 19 dependencies
Evaluating 'github.com/gobuffalo/pop/v5' ...
  got v0.34.0
  has 276 dependencies
Evaluating 'github.com/openfaas/faas-netes' ...
  got v0.7.0
  has 138 dependencies
Evaluating 'github.com/coder/retry' ...
  got v1.5.1
  has 0 dependencies
Evaluating 'github.com/gowebpki/jcs' ...
  got v1.1.0
  has 6 dependencies
Evaluating 'github.com/pgavlin/text' ...
  got v0.0.0-20260403181527-0259266af0e9
  has 0 dependencies
Evaluating 'github.com/muesli/coral' ...
  got v2.0.1
  has 6 dependencies
Evaluating 'github.com/struCoder/pidusage' ...
  got v0.2.1
  has 0 dependencies
Evaluating 'github.com/gaijinentertainment/go-exhaustruct/v2' ...
  ! module not resolved
Evaluating 'github.com/rfratto/ckit' ...
  ! module not resolved
Evaluating 'github.com/ttacon/chalk' ...
  got v0.0.0-20160626202418-22c06c80ed31
  has 0 dependencies
Evaluating 'github.com/go-audio/riff' ...
  got v1.0.0
  has 0 dependencies
Evaluating 'github.com/oam-dev/terraform-controller' ...
  got v0.54.0
  has 277 dependencies
Evaluating 'github.com/twmb/franz-go/plugin/kprom' ...
  got v2.4.0
  has 41 dependencies
Evaluating 'github.com/tomnomnom/httprobe' ...
  got v0.1.2
  has 0 dependencies
Evaluating 'github.com/timest/env' ...
  got v0.0.0-20180717050204-5fce78d35255
  has 0 dependencies
Evaluating 'github.com/square/certstrap' ...
  got v1.0.0-rc.1
  has 35 dependencies
Evaluating 'github.com/kubeslice/apis' ...
  got v2.7.0
  has 26 dependencies
Evaluating 'github.com/juju/testing' ...
  got v0.0.0-20221128193559-754e69321358
  has 47 dependencies
Evaluating 'kubedb.dev/db-client-go' ...
  got v1.1.1
  has 267 dependencies
Evaluating 'github.com/tidwall/assert' ...
  got v0.1.0
  has 0 dependencies
Evaluating 'github.com/go-zeromq/goczmq/v4' ...
  got v4.2.2
  has 0 dependencies
Evaluating 'github.com/gogs/go-libravatar' ...
  got v0.0.0-20191106065024-33a75213d0a0
  has 0 dependencies
Evaluating 'github.com/storageos/go-api' ...
  got v2.6.0+incompatible
  has 0 dependencies
Evaluating 'github.com/alexliesenfeld/health' ...
  got v0.8.1
  has 5 dependencies
Evaluating 'github.com/projectcalico/pod2daemon' ...
  got v3.8.9+incompatible
  has 0 dependencies
Evaluating 'github.com/reviewdog/go-bitbucket' ...
  got v0.65.0
  has 70 dependencies
Evaluating 'github.com/go-python/gpython' ...
  got v0.2.0
  has 7 dependencies
Evaluating 'github.com/open-telemetry/opentelemetry-collector-contrib/internal/docker' ...
  got v0.0.0-20250102033503-faa5f7b0171c
  has 80 dependencies
Evaluating 'github.com/spiral/roadrunner/v2' ...
  ! module not resolved
Evaluating 'github.com/projectdiscovery/urlutil' ...
  got v1.1.1
  has 7 dependencies
Evaluating 'github.com/atomix/atomix/runtime' ...
  got v1.1.0
  has 18 dependencies
Evaluating 'github.com/xlzd/gotp' ...
  got v0.1.0
  has 0 dependencies
Evaluating 'github.com/harvester/harvester-network-controller' ...
  ! module not found
Evaluating 'github.com/eatmoreapple/openwechat' ...
  got v1.4.10
  has 0 dependencies
Evaluating 'github.com/k8snetworkplumbingwg/sriov-network-operator' ...
  got v1.2.1
  has 517 dependencies
Evaluating 'github.com/mikioh/tcp' ...
  got v0.0.0-20190314235350-803a9b46060c
  has 1 dependencies
Evaluating 'github.com/cmaglie/easyjson' ...
  ! module not resolved
Evaluating 'github.com/brianvoe/gofakeit' ...
  got v3.18.0+incompatible
  has 0 dependencies
Evaluating 'github.com/flyteorg/flyteidl' ...
  got v0.75.0
  has 76 dependencies
Evaluating 'go.bug.st/cleanup' ...
  got v1.1.1
  has 3 dependencies
Evaluating 'github.com/coder/tailscale' ...
  ! module not resolved
Evaluating 'github.com/unix4ever/yaml' ...
  got v2.1.0+incompatible
  has 0 dependencies
Evaluating 'github.com/confluentinc/cli' ...
  ! module not resolved
Evaluating 'github.com/grafana/opentelemetry-collector/exporter/otlpexporter' ...
  ! module not resolved
Evaluating 'github.com/bombsimon/wsl/v2' ...
  got v2.2.0
  has 9 dependencies
Evaluating 'github.com/aerokube/ggr' ...
  got v0.0.0-20161127125235-da4f1b43ce40
  has 13 dependencies
Evaluating 'github.com/temporalio/gogo-protobuf' ...
  got v1.2.0
  has 3 dependencies
Evaluating 'github.com/eknkc/basex' ...
  got v1.0.1
  has 0 dependencies
Evaluating 'github.com/influxdata/kapacitor' ...
  got v0.110.8
  has 545 dependencies
Evaluating 'gopkg.ilharper.com/x/isatty' ...
  got v0.2.0
  has 1 dependencies
Evaluating 'github.com/Songmu/retry' ...
  got v0.1.0
  has 0 dependencies
Evaluating 'github.com/c4milo/gotoolkit' ...
  got v0.0.0-20190525173301-67483a18c17a
  has 0 dependencies
Evaluating 'github.com/facebookgo/httpdown' ...
  got v0.0.0-20150410010913-600d898af40a
  has 2 dependencies
Evaluating 'github.com/couchbase/clog' ...
  got v0.1.0
  has 0 dependencies
Evaluating 'github.com/free5gc/http2_util' ...
  got v1.1.0
  has 12 dependencies
Evaluating 'github.com/antonboom/nilnil' ...
  ! module not resolved
Evaluating 'github.com/YangKeao/ldap/v3' ...
  ! module not resolved
Evaluating 'github.com/haya14busa/go-actions-toolkit' ...
  got v1.0.1
  has 1 dependencies
Evaluating 'github.com/coder/coder' ...
  got v1.5.4
  has 302 dependencies
Evaluating 'github.com/getlantern/hex' ...
  got v0.0.0-20220104173244-ad7e4b9194dc
  has 0 dependencies
Evaluating 'github.com/Giulio2002/bls' ...
  got v0.0.0-20250219221058-ae64eda9b6ef
  has 6 dependencies
Evaluating 'go.bug.st/downloader/v2' ...
  got v1.1.0
  has 4 dependencies
Evaluating 'github.com/abiosoft/readline' ...
  got v0.0.0-20180607040430-155bce2042db
  has 1 dependencies
Evaluating 'github.com/jjeffery/stringset' ...
  got v1.0.2
  has 0 dependencies
Evaluating 'github.com/srwiley/oksvg' ...
  got v0.0.0-20221011165216-be6e8873101c
  has 7 dependencies
Evaluating 'gogs.io/gogs' ...
  got v0.0.7
  has 273 dependencies
Evaluating 'github.com/performancecopilot/speed' ...
  got v0.9.0
  has 4 dependencies
Evaluating 'github.com/oras-project/oras' ...
  ! module not resolved
Evaluating 'github.com/knative/docs/code-samples/serving/hello-world/helloworld-go' ...
  got v0.0.0-20260428013958-e3858c7e71fb
  has 0 dependencies
Evaluating 'github.com/maticnetwork/polyproto' ...
  ! module not resolved
Evaluating 'github.com/coreos/fcct' ...
  ! module not resolved
Evaluating 'github.com/ethereum-optimism/op-geth' ...
  ! module not resolved
Evaluating 'github.com/jimmidyson/configmap-reload' ...
  got v2.4.0
  has 36 dependencies
Evaluating 'github.com/temporalio/tctl-kit' ...
  got v2.0.1
  has 20 dependencies
Evaluating 'github.com/caddy-dns/route53' ...
  got v0.24.0
  has 267 dependencies
Evaluating 'github.com/appleboy/easyssh-proxy' ...
  got v1.4.0
  has 12 dependencies
Evaluating 'github.com/zloylos/grsync' ...
  got v1.1.0
  has 4 dependencies
Evaluating 'github.com/siderolabs/go-pointer' ...
  got v1.0.1
  has 0 dependencies
Evaluating 'github.com/open-telemetry/opentelemetry-collector-contrib/receiver/k8sclusterreceiver' ...
  got v0.25.1
  has 205 dependencies
Evaluating 'github.com/observiq/stanza' ...
  got v1.3.0
  has 116 dependencies
Evaluating 'github.com/coreos/ign-converter' ...
  got v0.0.0-20200220154158-5ae607161559
  has 16 dependencies
Evaluating 'github.com/pdfcpu/pdfcpu' ...
  got v2.7.0
  has 13 dependencies
Evaluating 'sigs.k8s.io/kustomize/kustomize' ...
  got v0.3.1
  has 82 dependencies
Evaluating 'github.com/turbot/steampipe-postgres-fdw' ...
  got v0.20.0
  has 584 dependencies
Evaluating 'gopkg.in/sohlich/elogrus.v3' ...
  got v1.1.1
  has 10 dependencies
Evaluating 'github.com/mediocregopher/radix.v2' ...
  got v0.0.0-20181115013041-b67df6e626f9
  has 0 dependencies
Evaluating 'github.com/spiral/goridge/v3' ...
  ! module not resolved
Evaluating 'go.bug.st/relaxed-semver' ...
  got v1.1.1
  has 5 dependencies
Evaluating 'github.com/cheekybits/is' ...
  got v0.0.0-20150225183255-68e9c0620927
  has 0 dependencies
Evaluating 'github.com/mwitkow/go-http-dialer' ...
  got v0.0.0-20161116154839-378f744fb2b8
  has 0 dependencies
Evaluating 'github.com/algorand/go-codec/codec' ...
  got v1.1.10
  has 10 dependencies
Evaluating 'github.com/gobeam/stringy' ...
  got v0.0.7
  has 0 dependencies
Evaluating 'github.com/kubearmor/KubeArmor/protobuf' ...
  got v0.25.1
  has 39 dependencies
Evaluating 'github.com/pingcap/TiProxy/lib' ...
  ! module not resolved
Evaluating 'github.com/alexeyco/simpletable' ...
  got v1.0.0
  has 2 dependencies
Evaluating 'github.com/hooklift/iso9660' ...
  got v0.0.0-20190525173301-67483a18c17a
  has 1 dependencies
Evaluating 'github.com/alibabacloud-go/dysmsapi-20170525/v2' ...
  got v0.0.4
  has 39 dependencies
Evaluating 'github.com/libdns/dnspod' ...
  got v0.0.3
  has 2 dependencies
Evaluating 'github.com/looplab/tarjan' ...
  got v0.1.0
  has 0 dependencies
Evaluating 'github.com/grafana/opentelemetry-collector/exporter/otlphttpexporter' ...
  ! module not resolved
Evaluating 'github.com/moby/hyperkit' ...
  got v1.1.0
  has 8 dependencies
Evaluating 'tags.cncf.io/container-device-interface/specs-go' ...
  got v0.19.0
  has 2 dependencies
Evaluating 'github.com/cmaglie/pb' ...
  got v2.2.0
  has 3 dependencies
Evaluating 'github.com/weaveworks/mesh' ...
  got v1.1.0
  has 10 dependencies
Evaluating 'github.com/wechatpay-apiv3/wechatpay-go' ...
  got v2.0.2+incompatible
  has 7 dependencies
Evaluating 'github.com/tidwall/lotsa' ...
  got v1.0.5
  has 0 dependencies
Evaluating 'github.com/reviewdog/reviewdog' ...
  got v0.116.0
  has 73 dependencies
Evaluating 'github.com/sagernet/bbolt' ...
  got v0.0.0-20231014093535-ea5cb2fe9f0a
  has 1 dependencies
Evaluating 'github.com/go-micro/plugins/v4/registry/consul' ...
  got v0.0.0-20170929234023-d6e3b3328b78
  has 122 dependencies
Evaluating 'github.com/Xhofe/rateg' ...
  got v0.1.0
  has 1 dependencies
Evaluating 'github.com/percona/go-mysql' ...
  got v1.1.1
  has 11 dependencies
Evaluating 'github.com/arduino/go-paths-helper' ...
  got v1.14.0
  has 5 dependencies
Evaluating 'github.com/falcosecurity/plugins/plugins/cloudtrail' ...
  got v1.54.0
  has 30 dependencies
Evaluating 'github.com/open-telemetry/opentelemetry-collector-contrib/receiver/postgresqlreceiver' ...
  got v0.25.1
  has 158 dependencies
Evaluating 'github.com/nitishm/engarde' ...
  got v1.1.2
  has 2 dependencies
Evaluating 'github.com/libopenstorage/gossip' ...
  ! module not resolved
Evaluating 'googlemaps.github.io/maps' ...
  got v0.26.0
  has 35 dependencies
Evaluating 'github.com/karrick/golf' ...
  got v1.7.0
  has 0 dependencies
Evaluating 'github.com/spiral/errors' ...
  ! module not resolved
Evaluating 'github.com/snyk/cli-extension-dep-graph' ...
  got v1.0.1
  has 81 dependencies
Evaluating 'github.com/folbricht/routedns' ...
  got v0.1.0
  has 67 dependencies
Evaluating 'github.com/tj/assert' ...
  got v1.1.1
  has 6 dependencies
Evaluating 'github.com/neo4j/neo4j-go-driver/v4' ...
  got v1.1.1
  has 27 dependencies
Evaluating 'github.com/peterbourgon/ff' ...
  got v0.3.1
  has 7 dependencies
Evaluating 'github.com/open-telemetry/opentelemetry-collector-contrib/receiver/jmxreceiver' ...
  got v0.25.1
  has 171 dependencies
Evaluating 'github.com/aerokube/util' ...
  got v0.0.0-20230124172434-306776ec8161
  has 20 dependencies
Evaluating 'github.com/metacubex/sing-wireguard' ...
  got v1.1.1
  has 14 dependencies
Evaluating 'yunion.io/x/executor' ...
  got v0.26.0
  has 31 dependencies
Evaluating 'github.com/metacubex/sing-shadowsocks' ...
  got v1.3.0
  has 22 dependencies
Evaluating 'github.com/grafeas/grafeas' ...
  got v4.0.0-20221202181307-76fa05c21b12
  has 36 dependencies
Evaluating 'github.com/open-telemetry/opentelemetry-collector-contrib/receiver/carbonreceiver' ...
  got v0.25.1
  has 86 dependencies
Evaluating 'github.com/charmbracelet/keygen' ...
  got v0.5.4
  has 5 dependencies
Evaluating 'github.com/spotify/flink-on-k8s-operator' ...
  got v0.24.0
  has 264 dependencies
Evaluating 'github.com/weaviate/weaviate' ...
  got v0.25.1
  has 273 dependencies
Evaluating 'github.com/open-telemetry/opentelemetry-collector-contrib/receiver/mongodbatlasreceiver' ...
  got v0.25.1
  has 183 dependencies
Evaluating 'github.com/tj/go-elastic' ...
  got v0.0.0-20180515143844-0c1422d1fdb9
  has 1 dependencies
Evaluating 'github.com/tinygo-org/tinygo' ...
  got v0.110.10
  has 89 dependencies
Evaluating 'github.com/open-telemetry/opentelemetry-collector-contrib/exporter/carbonexporter' ...
  got v0.24.0
  has 98 dependencies
Evaluating 'github.com/ArthurHlt/go-eureka-client' ...
  got v1.1.0
  has 7 dependencies
Evaluating 'github.com/koding/multiconfig' ...
  got v1.6.0
  has 5 dependencies
Evaluating 'github.com/aphistic/sweet' ...
  got v0.3.0
  has 18 dependencies
Evaluating 'github.com/flynn/hid' ...
  got v0.0.0-20190502022136-f1b9b6cc019a
  has 0 dependencies
Evaluating 'github.com/atomix/atomix-api/go' ...
  got v0.26.0
  has 31 dependencies
Evaluating 'github.com/couchbase/cbflag' ...
  got v0.0.0-20250919112013-5ba3029e9e81
  has 6 dependencies
Evaluating 'github.com/DataDog/ebpf' ...
  got v0.0.0-20220301203322-3fc9ab3b8daf
  has 26 dependencies
Evaluating 'github.com/hakluke/hakrawler' ...
  got v0.26.0
  has 45 dependencies
Evaluating 'github.com/Unknwon/com' ...
  ! module not resolved
Evaluating 'github.com/aphistic/golf' ...
  got v0.0.0-20180712155816-02c07f170c5a
  has 1 dependencies
Evaluating 'github.com/open-telemetry/opentelemetry-collector-contrib/receiver/k8seventsreceiver' ...
  got v0.25.1
  has 146 dependencies
Evaluating 'github.com/gravitational/teleport' ...
  got v1.1.1
  has 5 dependencies
Evaluating 'github.com/warpfork/go-wish' ...
  got v0.0.0-20220906213052-39a1cc7a02d0
  has 0 dependencies
Evaluating 'github.com/couchbase/gocbcore-transactions' ...
  got v2.3.2
  has 12 dependencies
Evaluating 'github.com/nezhahq/go-github-selfupdate' ...
  got v0.0.0-20240713052758-bc992e4c5b2c
  has 14 dependencies
Evaluating 'github.com/vmware/vsphere-automation-sdk-go/runtime' ...
  got v1.1.0
  has 10 dependencies
Evaluating 'github.com/saucelabs/pacman' ...
  got v0.3.1
  has 42 dependencies
Evaluating 'github.com/getlantern/idletiming' ...
  got v1.1.0
  has 41 dependencies
Evaluating 'github.com/ysmood/gotrace' ...
  got v0.6.0
  has 0 dependencies
Evaluating 'github.com/itchio/wizardry' ...
  got v2.4.0
  has 10 dependencies
Evaluating 'github.com/widuu/gojson' ...
  got v0.0.0-20170212122013-7da9d2cd949b
  has 0 dependencies
Evaluating 'github.com/itchio/smaug' ...
  got v1.1.1
  has 9 dependencies
Evaluating 'github.com/rogpeppe/godef' ...
  got v0.0.0-20181112161441-237454027057
  has 9 dependencies
Evaluating 'github.com/Dreamacro/go-shadowsocks2' ...
  got v0.1.8
  has 5 dependencies
Evaluating 'github.com/flyteorg/flyteplugins' ...
  got v0.110.0
  has 127 dependencies
Evaluating 'github.com/turbot/steampipe-cloud-sdk-go' ...
  got v0.65.0
  has 70 dependencies
Evaluating 'github.com/AlekSi/gocov-xml' ...
  got v1.2.0
  has 13 dependencies
Evaluating 'github.com/pivotal-cf/pivnet-cli/v2' ...
  got v0.0.0-20190523213315-cbe66965904d
  has 31 dependencies
Evaluating 'github.com/getlantern/netx' ...
  got v1.1.0
  has 44 dependencies
Evaluating 'github.com/PullRequestInc/go-gpt3' ...
  got v1.2.0
  has 29 dependencies
Evaluating 'github.com/gravitational/oxy' ...
  got v1.1.2
  has 24 dependencies
Evaluating 'github.com/nirasan/go-oauth-pkce-code-verifier' ...
  got v0.0.0-20220510032225-4f9f17eaec4c
  has 0 dependencies
Evaluating 'github.com/giantswarm/k8sclient/v6' ...
  got v2.2.1+incompatible
  has 43 dependencies
Evaluating 'github.com/karrick/tparse/v2' ...
  got v2.8.2
  has 0 dependencies
Evaluating 'github.com/rwtodd/Go.Sed' ...
  got v0.0.0-20250326002959-ba712dc84b62
  has 0 dependencies
Evaluating 'github.com/cockroachdb/circuitbreaker' ...
  got v2.2.1+incompatible
  has 2 dependencies
Evaluating 'github.com/friendsofshopware/go-shopware-admin-api-sdk' ...
  got v0.3.0
  has 3 dependencies
Evaluating 'gitlab.com/c0b/go-ordered-json' ...
  got v0.0.0-20201030195603-febf46534d5a
  has 0 dependencies
Evaluating 'github.com/algorand/msgp' ...
  got v1.1.62
  has 21 dependencies
Evaluating 'github.com/1Password/shell-plugins' ...
  got v0.0.0-20260327152620-9a19f93022d5
  has 53 dependencies
Evaluating 'github.com/project-flogo/core' ...
  got v0.0.0-20190622164848-0fb0a474d195
  has 13 dependencies
Evaluating 'github.com/spiral/endure' ...
  ! module not resolved
Evaluating 'github.com/lair-framework/go-nmap' ...
  got v0.0.0-20191202052157-3507e0b03523
  has 0 dependencies
Evaluating 'github.com/google/go-github/v25' ...
  got v1.2.0
  has 9 dependencies
Evaluating 'github.com/gravitational/predicate' ...
  ! module not resolved
Evaluating 'github.com/go-redis/redis_rate/v9' ...
  got v2.1.2
  has 31 dependencies
Evaluating 'github.com/sagernet/gvisor' ...
  got v1.1.2
  has 3 dependencies
Evaluating 'github.com/couchbasedeps/go-curl' ...
  got v0.0.0-20200630032108-fd49ff24ed97
  has 0 dependencies
Evaluating 'github.com/forgoer/openssl' ...
  ! module not resolved
Evaluating 'github.com/mennanov/fieldmask-utils' ...
  got v0.34.0
  has 48 dependencies
Evaluating 'github.com/swaggo/http-swagger/v2' ...
  got v1.2.1
  has 37 dependencies
Evaluating 'github.com/mainflux/mainflux' ...
  got v0.51.0
  has 425 dependencies
Evaluating 'github.com/flynn/u2f' ...
  got v0.0.0-20180613185708-15554eb68e5d
  has 0 dependencies
Evaluating 'github.com/gravitational/httprouter' ...
  ! module not resolved
Evaluating 'github.com/itchio/smaug' ...
  got v1.1.1
  has 9 dependencies
Evaluating 'github.com/osmosis-labs/cosmos-sdk' ...
  ! module not resolved
Evaluating 'github.com/uptrace/bun/driver/sqliteshim' ...
  got v1.1.1
  has 36 dependencies
Evaluating 'github.com/itchio/intact' ...
  got v1.1.1
  has 6 dependencies
Evaluating 'github.com/weaviate/weaviate' ...
  got v0.25.1
  has 273 dependencies
Evaluating 'github.com/bitnami-labs/pflagenv' ...
  got v0.1.0
  has 1 dependencies
Evaluating 'github.com/charmbracelet/keygen' ...
  got v0.5.4
  has 5 dependencies
Evaluating 'github.com/chef/chef-analyze' ...
  got v0.100.2
  has 271 dependencies
Evaluating 'github.com/topfreegames/go-workers' ...
  got v0.5.1
  has 12 dependencies
Evaluating 'github.com/open-telemetry/opentelemetry-collector-contrib/receiver/mongodbatlasreceiver' ...
  got v0.25.1
  has 183 dependencies
Evaluating 'github.com/open-telemetry/opentelemetry-collector-contrib/receiver/carbonreceiver' ...
  got v0.25.1
  has 86 dependencies
Evaluating 'github.com/thomseddon/go-flags' ...
  got v1.4.0
  has 0 dependencies
Evaluating 'github.com/itchio/savior' ...
  got v0.0.0-20200211180108-c7c1fbc02894
  has 39 dependencies
Evaluating 'github.com/vmware/vsphere-automation-sdk-go/lib' ...
  got v1.1.0
  has 7 dependencies
Evaluating 'github.com/go-zoox/retry' ...
  got v1.0.2
  has 2 dependencies
Evaluating 'github.com/spotify/flink-on-k8s-operator' ...
  got v0.24.0
  has 264 dependencies
Evaluating 'github.com/mithrandie/csvq' ...
  got v1.2.1
  has 18 dependencies
Evaluating 'github.com/apex/logs' ...
  got v1.1.0
  has 5 dependencies
Evaluating 'yunion.io/x/executor' ...
  got v0.26.0
  has 31 dependencies
Evaluating 'github.com/algorand/go-sumhash' ...
  got v1.0.0
  has 6 dependencies
Evaluating 'github.com/GoogleCloudPlatform/opentelemetry-operations-go/exporter/collector/googlemanagedprometheus' ...
  got v0.25.1
  has 78 dependencies
Evaluating 'github.com/philips-software/logproxy' ...
  got v0.0.9
  has 224 dependencies
Evaluating 'github.com/fluxcd/cli-utils' ...
  got v0.0.0-20230124172434-306776ec8161
  has 68 dependencies
Evaluating 'github.com/neurosnap/sentences' ...
  got v1.1.2
  has 0 dependencies
Evaluating 'github.com/atomix/atomix-api/go' ...
  got v0.26.0
  has 31 dependencies
Evaluating 'github.com/itchio/dmcunrar-go' ...
  got v0.0.0-20260424162333-44c84bdd19dc
  has 0 dependencies
Evaluating 'github.com/project-receptor/receptor' ...
  ! module not resolved
Evaluating 'go.mau.fi/libsignal' ...
  got v1.1.0
  has 3 dependencies
Evaluating 'github.com/open-telemetry/opentelemetry-collector-contrib/receiver/jmxreceiver' ...
  got v0.25.1
  has 171 dependencies
Evaluating 'github.com/panjf2000/ants' ...
  got v1.3.0
  has 0 dependencies
Evaluating 'github.com/ArthurHlt/go-eureka-client' ...
  got v1.1.0
  has 7 dependencies
Evaluating 'github.com/mithrandie/ternary' ...
  got v1.1.1
  has 0 dependencies
Evaluating 'gitlab.com/tokend/connectors' ...
  ! module not found
Evaluating 'github.com/koding/multiconfig' ...
  got v1.6.0
  has 5 dependencies
Evaluating 'github.com/justincormack/go-memfd' ...
  got v0.0.0-20170219213707-6e4af0518993
  has 0 dependencies
Evaluating 'github.com/itchio/kompress' ...
  got v1.1.9
  has 11 dependencies
Evaluating 'github.com/rqlite/gorqlite' ...
  got v0.0.0-20250609141355-ac86a4a1c9a8
  has 0 dependencies
Evaluating 'github.com/aws/aws-sdk-go-v2/service/sfn' ...
  got v1.41.6
  has 4 dependencies
Evaluating 'github.com/gophish/gophish' ...
  got v0.0.0-20150115234039-8488cc47d90c
  has 51 dependencies
Evaluating 'github.com/spotahome/redis-operator' ...
  got v1.0.1
  has 58 dependencies
Evaluating 'github.com/metacubex/sing-shadowsocks' ...
  got v1.3.0
  has 22 dependencies
Evaluating 'github.com/markelog/trie' ...
  got v0.0.0-20171230083431-098fa99650c0
  has 0 dependencies
Evaluating 'github.com/gravitational/go-oidc' ...
  ! module not resolved
Evaluating 'github.com/bojanz/currency' ...
  got v1.4.3
  has 2 dependencies
Evaluating 'github.com/zhangyunhao116/fastrand' ...
  got v0.5.0
  has 0 dependencies
Evaluating 'github.com/warpfork/go-wish' ...
  got v0.0.0-20220906213052-39a1cc7a02d0
  has 0 dependencies
Evaluating 'github.com/go-session/redis/v3' ...
  got v2.12.0
  has 23 dependencies
Evaluating 'gopkg.in/vmihailenco/msgpack.v2' ...
  got v1.5.2
  has 14 dependencies
Evaluating 'github.com/vmware/vsphere-automation-sdk-go/runtime' ...
  got v1.1.0
  has 10 dependencies
Evaluating 'github.com/networkservicemesh/sdk-kernel' ...
  got v1.2.8
  has 49 dependencies
Evaluating 'github.com/aws/aws-sdk-go-v2/feature/dynamodb/expression' ...
  got v1.41.6
  has 9 dependencies
Evaluating 'github.com/Pallinder/sillyname-go' ...
  got v0.0.0-20130730142914-97aeae9e6ba1
  has 0 dependencies
Evaluating 'github.com/puerkitobio/urlesc' ...
  got v0.0.0-20170810143723-de5bf2ad4578
  has 0 dependencies
Evaluating 'github.com/ledgerwatch/trackerslist' ...
  got v1.1.0
  has 0 dependencies
Evaluating 'github.com/itchio/hades' ...
  got v0.0.0-20181124134642-c51c3df30797
  has 13 dependencies
Evaluating 'github.com/bitnami-labs/flagenv' ...
  got v0.1.0
  has 0 dependencies
Evaluating 'github.com/jgallagher/gosaca' ...
  got v0.0.0-20130226042358-754749770f08
  has 0 dependencies
Evaluating 'github.com/couchbase/cbflag' ...
  got v0.0.0-20250919112013-5ba3029e9e81
  has 6 dependencies
Evaluating 'github.com/spiral/roadrunner-binary/v2' ...
  got v1.2.0
  has 131 dependencies
Evaluating 'github.com/saucelabs/pacman' ...
  got v0.3.1
  has 42 dependencies
Evaluating 'github.com/oxffaa/gopher-parse-sitemap' ...
  got v0.0.0-20191021113419-005d2eb1def4
  has 0 dependencies
Evaluating 'github.com/hashicorp/consul-k8s/control-plane/cni' ...
  ! module not resolved
Evaluating 'github.com/fclairamb/go-log' ...
  got v1.1.1
  has 16 dependencies
Evaluating 'github.com/sourcegraph/go-rendezvous' ...
  got v2.1.1
  has 1 dependencies
Evaluating 'github.com/jsha/minica' ...
  got v1.1.0
  has 0 dependencies
Evaluating 'github.com/ysmood/gotrace' ...
  got v0.6.0
  has 0 dependencies
Evaluating 'github.com/altinity/clickhouse-operator' ...
  got v1.0.0
  has 94 dependencies
Evaluating 'github.com/aerokube/util' ...
  got v0.0.0-20230124172434-306776ec8161
  has 20 dependencies
Evaluating 'github.com/sevlyar/retag' ...
  got v0.0.0-20190429052747-c3f10e304082
  has 0 dependencies
Evaluating 'github.com/nezhahq/go-github-selfupdate' ...
  got v0.0.0-20240713052758-bc992e4c5b2c
  has 14 dependencies
Evaluating 'github.com/algorand/falcon' ...
  got v0.1.0
  has 6 dependencies
Evaluating 'gopkg.in/tylerb/graceful.v1' ...
  got v1.2.15
  has 0 dependencies
Evaluating 'github.com/twpayne/go-pinentry' ...
  got v2.2.2
  has 12 dependencies
Evaluating 'github.com/aphistic/golf' ...
  got v0.0.0-20180712155816-02c07f170c5a
  has 1 dependencies
Evaluating 'github.com/tsawler/toolbox' ...
  got v1.3.1
  has 0 dependencies
Evaluating 'sigs.k8s.io/cluster-api-provider-gcp' ...
  got v1.5.1
  has 369 dependencies
Evaluating 'github.com/edgexfoundry/device-sdk-go/v2' ...
  got v0.5.0
  has 64 dependencies
Evaluating 'github.com/open-telemetry/opentelemetry-collector-contrib/extension/awsproxy' ...
  got v1.55.8
  has 76 dependencies
Evaluating 'github.com/google/licenseclassifier' ...
  got v1.1.1
  has 13 dependencies
Evaluating 'github.com/google/goterm' ...
  got v0.0.0-20200907032337-555d40f16ae2
  has 0 dependencies
Evaluating 'github.com/eko/gocache/store/go_cache/v4' ...
  got v1.0.1
  has 33 dependencies
Evaluating 'github.com/kong/deck' ...
  got v0.19.1
  has 321 dependencies
Evaluating 'github.com/tj/go-kinesis' ...
  got v1.9.0
  has 49 dependencies
Evaluating 'github.com/pin/tftp' ...
  got v2.1.0+incompatible
  has 0 dependencies
Evaluating 'github.com/topfreegames/pitaya/v2' ...
  got v0.110.7
  has 319 dependencies
Evaluating 'gopkg.in/eapache/queue.v1' ...
  got v1.1.0
  has 0 dependencies
Evaluating 'github.com/open-telemetry/opentelemetry-collector-contrib/exporter/carbonexporter' ...
  got v0.24.0
  has 98 dependencies
Evaluating 'github.com/OJ/gobuster/v3' ...
  got v1.5.0
  has 29 dependencies
Evaluating 'github.com/longhorn/backing-image-manager' ...
  got v0.24.0
  has 250 dependencies
Evaluating 'github.com/siddontang/go-snappy' ...
  got v0.0.0-20140704025258-d8f7bb82a96d
  has 0 dependencies
Evaluating 'github.com/dustin/go-jsonpointer' ...
  got v0.0.0-20160814072949-ba0abeacc3dc
  has 1 dependencies
Evaluating 'github.com/free5gc/idgenerator' ...
  got v1.1.0
  has 6 dependencies
Evaluating 'github.com/itchio/go-brotli' ...
  got v0.0.0-20190702114328-3f28d645a45c
  has 0 dependencies
Evaluating 'github.com/hashicorp/vault/api/auth/aws' ...
  got v1.1.1
  has 66 dependencies
Evaluating 'github.com/nektos/act' ...
  got v1.0.2
  has 142 dependencies
Evaluating 'github.com/jensneuse/byte-template' ...
  got v0.0.0-20231025215717-69252eb3ed56
  has 0 dependencies
Evaluating 'github.com/tencentcloud/tencentcloud-sdk-go/tencentcloud/privatedns' ...
  got v1.3.2
  has 1 dependencies
Evaluating 'github.com/go-task/slim-sprig/v3' ...
  got v1.1.1
  has 4 dependencies
Evaluating 'gopkg.in/karalabe/cookiejar.v2' ...
  got v2.0.0-20150724131613-8dcd6a7f4951
  has 0 dependencies
Evaluating 'github.com/beego/x2j' ...
  got v0.0.0-20131220205130-a0352aadc542
  has 0 dependencies
Evaluating 'github.com/blevesearch/goleveldb' ...
  got v1.1.0
  has 20 dependencies
Evaluating 'github.com/ulyssessouza/godotenv' ...
  ! module not resolved
Evaluating 'go.mau.fi/whatsmeow' ...
  got v1.1.0
  has 36 dependencies
Evaluating 'github.com/milvus-io/milvus-proto/go-api' ...
  ! module not resolved
Evaluating 'github.com/shurcooL/octicon' ...
  got v0.0.0-20230705024016-66bff059edb8
  has 5 dependencies
Evaluating 'github.com/getlantern/idletiming' ...
  got v1.1.0
  has 41 dependencies
Evaluating 'github.com/knative/build' ...
  got v0.7.0
  has 0 dependencies
Evaluating 'github.com/drone/drone-ui' ...
  got v2.12.0+incompatible
  has 0 dependencies
Evaluating 'github.com/Nerzal/gocloak/v7' ...
  got v0.0.0-20170818220700-b1254a446363
  has 17 dependencies
Evaluating 'github.com/gravitational/roundtrip' ...
  got v0.34.0
  has 46 dependencies
Evaluating 'gitlab.com/tokend/regources' ...
  got v0.9.1
  has 3 dependencies
Evaluating 'github.com/spacemeshos/post' ...
  got v1.1.1
  has 12 dependencies
Evaluating 'github.com/cncf/udpa' ...
  got v0.0.1
  has 0 dependencies
Evaluating 'github.com/rancher/wins' ...
  ! module not found
Evaluating 'github.com/gravitational/protobuf' ...
  ! module not resolved
Evaluating 'github.com/itchio/boar' ...
  got v0.0.0-20190718012654-fb15b899a751
  has 88 dependencies
Evaluating 'github.com/project-flogo/flow' ...
  got v0.3.1
  has 44 dependencies
Evaluating 'github.com/riferrei/srclient' ...
  got v1.1.1
  has 10 dependencies
Evaluating 'github.com/dean2021/goss' ...
  got v0.0.0-20230129073947-df90431348f1
  has 1 dependencies
Evaluating 'github.com/tilt-dev/clusterid' ...
  got v0.81.0
  has 137 dependencies
Evaluating 'github.com/itchio/go-itchio' ...
  got v1.1.0
  has 50 dependencies
Evaluating 'github.com/clbanning/x2j' ...
  got v0.0.0-20191024224557-825249438eec
  has 0 dependencies
Evaluating 'github.com/ssdb/gossdb' ...
  ! module not resolved
Evaluating 'github.com/weaveworks/weave' ...
  got v2.6.5+incompatible
  has 0 dependencies
Evaluating 'github.com/itchio/wharf' ...
  got v0.0.0-20200108200545-475eaeb16496
  has 52 dependencies
Evaluating 'github.com/saucelabs/randomness' ...
  got v1.2.0
  has 37 dependencies
Evaluating 'github.com/sosodev/duration' ...
  got v1.4.0
  has 0 dependencies
Evaluating 'github.com/metacubex/sing-wireguard' ...
  got v1.1.1
  has 14 dependencies
Evaluating 'github.com/pact-foundation/pact-go' ...
  got v0.26.0
  has 74 dependencies
Evaluating 'gopkg.in/go-playground/colors.v1' ...
  got v1.2.0
  has 0 dependencies
Evaluating 'github.com/go-check/check' ...
  ! module not resolved
Evaluating 'github.com/itchio/ox' ...
  got v1.1.1
  has 11 dependencies
Evaluating 'github.com/grafeas/grafeas' ...
  got v4.0.0-20221202181307-76fa05c21b12
  has 36 dependencies
Evaluating 'github.com/antlr4-go/antlr/v4' ...
  got v4.13.1
  has 5 dependencies
Evaluating 'github.com/diegoholiveira/jsonlogic' ...
  got v2.3.1+incompatible
  has 2 dependencies
Evaluating 'go.uber.org/yarpc' ...
  got v0.16.0
  has 132 dependencies
Evaluating 'github.com/treeverse/lakefs' ...
  got v1.3.0
  has 442 dependencies
Evaluating 'github.com/StackExchange/dnscontrol' ...
  ! module not resolved
Evaluating 'github.com/joshdk/go-junit' ...
  got v1.1.0
  has 6 dependencies
Evaluating 'github.com/open-telemetry/opentelemetry-collector-contrib/receiver/k8seventsreceiver' ...
  got v0.25.1
  has 146 dependencies
Evaluating 'github.com/argoproj/argo' ...
  got v2.5.2+incompatible
  has 0 dependencies
Evaluating 'github.com/shurcooL/highlight_go' ...
  got v0.0.0-20230708025100-33e05792540a
  has 2 dependencies
Evaluating 'github.com/operator-framework/helm-operator-plugins' ...
  got v0.18.0
  has 341 dependencies
Evaluating 'github.com/itchio/lzma' ...
  got v0.0.0-20190703113020-d3e24e3e3d49
  has 0 dependencies
Evaluating 'github.com/dapr/cli' ...
  got v0.25.1
  has 868 dependencies
Evaluating 'github.com/stripe/stripe-go/v71' ...
  got v1.1.0
  has 10 dependencies
Evaluating 'github.com/itchio/dash' ...
  got v0.0.0-20190718012654-fb15b899a751
  has 55 dependencies
Evaluating 'github.com/coccyx/timeparser' ...
  got v0.0.0-20161029180942-5644122b3667
  has 1 dependencies
Evaluating 'github.com/flynn/hid' ...
  got v0.0.0-20190502022136-f1b9b6cc019a
  has 0 dependencies
Evaluating 'github.com/coreos/go-json' ...
  got v0.0.0-20231102161613-e49c8866685a
  has 0 dependencies
Evaluating 'github.com/rust-secure-code/go-rustaudit' ...
  got v1.1.1
  has 4 dependencies
Evaluating 'github.com/couchbase/goforestdb' ...
  got v0.0.0-20161215171854-0b501227de0e
  has 2 dependencies
Evaluating 'github.com/lnquy/cron' ...
  got v1.1.1
  has 0 dependencies
Evaluating 'github.com/itchio/sevenzip-go' ...
  got v1.1.1
  has 5 dependencies
Evaluating 'github.com/genuinetools/img' ...
  ! module not resolved
Evaluating 'github.com/stefanprodan/mgob' ...
  got v1.2.2
  has 48 dependencies
Evaluating 'github.com/vmware/vsphere-automation-sdk-go/services/nsxt' ...
  got v1.1.0
  has 15 dependencies
Evaluating 'github.com/DataDog/ebpf' ...
  got v0.0.0-20220301203322-3fc9ab3b8daf
  has 26 dependencies
Evaluating 'github.com/yoyofxteam/nacos-viper-remote' ...
  got v0.81.0
  has 161 dependencies
Evaluating 'github.com/pborman/getopt/v2' ...
  got v2.1.0
  has 0 dependencies
Evaluating 'github.com/alicebob/miniredis' ...
  got v0.0.0-20230218143504-906a9b012302
  has 11 dependencies
Evaluating 'github.com/DataDog/datadog-agent/pkg/otlp/model' ...
  got v0.43.2
  has 28 dependencies
Evaluating 'github.com/itchio/screw' ...
  got v1.1.1
  has 8 dependencies
Evaluating 'github.com/hydrogen18/memlistener' ...
  got v1.0.0
  has 0 dependencies
Evaluating 'github.com/getlantern/mtime' ...
  got v1.1.1
  has 6 dependencies
Evaluating 'github.com/mattermost/mattermost-plugin-playbooks/client' ...
  got v0.19.0
  has 187 dependencies
Evaluating 'github.com/go-redsync/redsync' ...
  got v1.4.2
  has 4 dependencies
Evaluating 'github.com/minio/lsync' ...
  got v1.0.1
  has 0 dependencies
Evaluating 'github.com/itchio/elefant' ...
  got v0.0.0-20200211180108-c7c1fbc02894
  has 35 dependencies
Evaluating 'github.com/huandu/go-clone' ...
  got v1.1.1
  has 7 dependencies
Evaluating 'github.com/schollz/jsonstore' ...
  got v1.1.0
  has 0 dependencies
Evaluating 'github.com/algorand/go-algorand' ...
  got v1.2.0
  has 194 dependencies
Evaluating 'github.com/go-kratos/kratos/contrib/registry/etcd/v2' ...
  got v0.111.0
  has 198 dependencies
Evaluating 'github.com/gravitational/ttlmap' ...
  got v1.1.0
  has 7 dependencies
Evaluating 'github.com/couchbase/query' ...
  ! module not found
Evaluating 'github.com/flyteorg/flytepropeller' ...
  got v0.110.0
  has 137 dependencies
Evaluating 'github.com/uber-go/mapdecode' ...
  got v1.1.1
  has 5 dependencies
Evaluating 'github.com/sunsingerus/glog' ...
  ! module not resolved
Evaluating 'github.com/spectrocloud/cluster-api-provider-maas' ...
  got v0.3.0
  has 207 dependencies
Evaluating 'github.com/XrayR-project/XrayR' ...
  ! module not resolved
Evaluating 'github.com/shoenig/go-landlock' ...
  got v0.6.0
  has 5 dependencies
Evaluating 'github.com/stefanhaller/tcell/v2' ...
  got v1.0.1
  has 17 dependencies
Evaluating 'github.com/itchio/butler' ...
  ! module not resolved
Evaluating 'github.com/appleboy/go-fcm' ...
  got v0.25.1
  has 203 dependencies
Evaluating 'github.com/eddycjy/etcd' ...
  ! module not resolved
Evaluating 'github.com/algorand/websocket' ...
  got v1.4.6
  has 0 dependencies
Evaluating 'github.com/mitchellh/go-grpc-net-conn' ...
  got v0.26.0
  has 31 dependencies
Evaluating 'github.com/iris-contrib/middleware/cors' ...
  got v1.6.0
  has 129 dependencies
Evaluating 'github.com/couchbase/gocbcore-transactions' ...
  got v2.3.2
  has 12 dependencies
Evaluating 'github.com/gravitational/teleport' ...
  got v1.1.1
  has 5 dependencies
Evaluating 'github.com/brocaar/lorawan' ...
  got v0.0.0-20170929221519-1c3aa3e4dfc5
  has 48 dependencies
Evaluating 'github.com/prysmaticlabs/prysm' ...
  got v0.65.0
  has 531 dependencies
Evaluating 'github.com/docker/libcontainer' ...
  ! module not resolved
Evaluating 'github.com/knative/pkg' ...
  ! module not resolved
Evaluating 'github.com/pion/webrtc/v2' ...
  got v1.0.0
  has 46 dependencies
Evaluating 'github.com/Unknwon/com' ...
  ! module not resolved
Evaluating 'github.com/hashicorp/go-netaddrs' ...
  got v0.1.0
  has 0 dependencies
Evaluating 'github.com/xiaokangwang/VSign' ...
  ! module not resolved
Evaluating 'github.com/itchio/pelican' ...
  got v1.1.0
  has 39 dependencies
Evaluating 'github.com/newrelic/go-agent/v3/integrations/nrgorilla' ...
  got v0.15.0
  has 27 dependencies
Evaluating 'github.com/anchore/client-go' ...
  got v0.34.0
  has 8 dependencies
Evaluating 'github.com/nbrownus/go-metrics-prometheus' ...
  got v0.34.0
  has 50 dependencies
Evaluating 'code.cloudfoundry.org/lager/v3' ...
  got v3.67.0
  has 60 dependencies
Evaluating 'github.com/hyperboloide/lk' ...
  got v0.0.0-20190718012654-fb15b899a751
  has 7 dependencies
Evaluating 'github.com/ory/hydra-client-go/v2' ...
  got v0.3.0
  has 8 dependencies
Evaluating 'github.com/viant/ptrie' ...
  got v1.20.1
  has 19 dependencies
Evaluating 'github.com/couchbase/blance' ...
  got v0.1.6
  has 0 dependencies
Evaluating 'github.com/ory/hydra' ...
  got v0.0.0-20160811212531-371fbbdaa898
  has 720 dependencies
Evaluating 'github.com/google/go-github/v37' ...
  got v1.3.2
  has 10 dependencies
Evaluating 'github.com/epam/edp-component-operator' ...
  got v0.34.0
  has 181 dependencies
Evaluating 'github.com/itchio/spellbook' ...
  got v2.4.0
  has 8 dependencies
Evaluating 'github.com/ismdeep/jwt' ...
  got v0.110.0
  has 124 dependencies
Evaluating 'github.com/Azure/azure-sdk-for-go/sdk/resourcemanager/subscription/armsubscription' ...
  got v1.9.0
  has 21 dependencies
Evaluating 'github.com/kubeedge/kubeedge' ...
  ! module not found
Evaluating 'github.com/kmodules/kubernetes' ...
  ! module not resolved
Evaluating 'github.com/hakluke/hakrawler' ...
  got v0.26.0
  has 45 dependencies
Evaluating 'github.com/drone/go-login' ...
  got v1.1.1
  has 4 dependencies
Evaluating 'github.com/flynn/json5' ...
  ! module not resolved
Evaluating 'github.com/grafana/process-exporter' ...
  ! module not resolved
Evaluating 'github.com/itchio/headway' ...
  got v1.1.1
  has 4 dependencies
Evaluating 'github.com/hashicorp/terraform-plugin-test/v2' ...
  got v0.45.1
  has 114 dependencies
Evaluating 'github.com/kyverno/json-patch/v5' ...
  ! module not resolved
Evaluating 'github.com/andy-kimball/arenaskl' ...
  got v0.0.0-20200617143215-f701008588b9
  has 0 dependencies
Evaluating 'github.com/cloudfoundry/noaa/v2' ...
  got v3.4.0
  has 50 dependencies
Evaluating 'github.com/karuppiah7890/nos-golang-sdk' ...
  got v0.0.0-20191125093154-335c2b73bf6b
  has 1 dependencies
Evaluating 'github.com/sagernet/cloudflare-tls' ...
  got v1.2.3
  has 7 dependencies
Evaluating 'github.com/openshift/openshift-apiserver' ...
  got v4.0.0-alpha.0+incompatible
  has 0 dependencies
Evaluating 'github.com/digitalocean/terraform-provider-digitalocean' ...
  ! module not resolved
Evaluating 'github.com/bugsnag/bugsnag-go/v2' ...
  got v0.5.1
  has 5 dependencies
Evaluating 'github.com/algorand/go-deadlock' ...
  got v0.2.5
  has 1 dependencies
Evaluating 'go.uber.org/net/metrics' ...
  got v0.3.1
  has 52 dependencies
Evaluating 'github.com/sclevine/agouti' ...
  got v3.0.0+incompatible
  has 0 dependencies
Evaluating 'github.com/hashicorp/sentinel-sdk' ...
  got v1.1.1
  has 23 dependencies
Evaluating 'github.com/pivotal-cf/go-pivnet/v6' ...
  got v0.0.0-20180725035823-b12b22c5341f
  has 27 dependencies
Evaluating 'github.com/shurcooL/highlight_diff' ...
  got v1.1.1
  has 12 dependencies
Evaluating 'github.com/open-telemetry/opentelemetry-collector-contrib/receiver/collectdreceiver' ...
  got v0.25.1
  has 121 dependencies
Evaluating 'github.com/gavv/monotime' ...
  got v0.0.0-20190418164738-30dba4353424
  has 0 dependencies
Evaluating 'github.com/miekg/unbound' ...
  got v0.6.0
  has 12 dependencies
Evaluating 'github.com/itchio/hush' ...
  got v0.3.1
  has 95 dependencies
Evaluating 'github.com/cornelk/hashmap' ...
  got v1.0.8
  has 0 dependencies
Evaluating 'github.com/itchio/arkive' ...
  got v0.0.0-20211120154057-b7413eaefb8f
  has 4 dependencies
Evaluating 'github.com/slamy-solutions/openbp/modules/native/libs/golang' ...
  got v1.23.2
  has 41 dependencies
Evaluating 'go.dedis.ch/fixbuf' ...
  got v1.0.3
  has 0 dependencies
Evaluating 'github.com/slamy-solutions/openbp/modules/system/libs/golang' ...
  ! module not resolved
Evaluating 'github.com/chef/go-chef' ...
  ! module not resolved
Evaluating 'github.com/hashicorp/consul-server-connection-manager' ...
  got v0.4.1
  has 36 dependencies
Evaluating 'github.com/itchio/wizardry' ...
  got v2.4.0
  has 10 dependencies
Evaluating 'github.com/icza/backscanner' ...
  got v0.0.0-20241124160932-dff01ac50250
  has 1 dependencies
Evaluating 'github.com/marusama/semaphore' ...
  got v0.0.0-20190110074507-6952cef993b2
  has 0 dependencies
Evaluating 'github.com/itchio/lake' ...
  got v0.0.0-20200211180108-c7c1fbc02894
  has 33 dependencies
Evaluating 'github.com/kumahq/protoc-gen-kumadoc' ...
  got v0.26.0
  has 46 dependencies
Evaluating 'github.com/aphistic/sweet' ...
  got v0.3.0
  has 18 dependencies
Evaluating 'github.com/abiosoft/caddy-exec' ...
  got v0.51.0
  has 475 dependencies
Evaluating 'github.com/owasp-amass/amass/v4' ...
  got v0.0.0-20190825152654-46b345b51c96
  has 86 dependencies
Evaluating 'github.com/flant/kube-client' ...
  got v0.7.0
  has 64 dependencies
Evaluating 'github.com/paketo-community/miniconda' ...
  ! module not resolved
Evaluating 'github.com/wneessen/go-mail' ...
  got v0.7.2
  has 4 dependencies
Evaluating 'github.com/Azure/azure-sdk-for-go/sdk/resourcemanager/compute/armcompute/v3' ...
  got v1.0.0
  has 23 dependencies
Evaluating 'github.com/neondatabase/autoscaling' ...
  ! module not found
Evaluating 'github.com/muesli/mango-coral' ...
  got v2.0.1
  has 10 dependencies
Evaluating 'github.com/owasp-amass/open-asset-model' ...
  got v1.1.1
  has 4 dependencies
Evaluating 'github.com/protonmail/go-crypto' ...
  ! module not resolved
Evaluating 'gopkg.in/src-d/go-log.v1' ...
  got v1.1.1
  has 15 dependencies
Evaluating 'github.com/decred/dcrd/chaincfg/chainhash' ...
  got v1.0.5
  has 1 dependencies
Evaluating 'github.com/open-telemetry/opentelemetry-collector-contrib/receiver/apachereceiver' ...
  got v0.25.1
  has 154 dependencies
Evaluating 'github.com/kubernetes/kubernetes' ...
  ! module not resolved
Evaluating 'github.com/k8snetworkplumbingwg/sriov-network-device-plugin' ...
  got v3.0.0+incompatible
  has 0 dependencies
Evaluating 'github.com/agiledragon/gomonkey/v2' ...
  got v2.14.0
  has 9 dependencies
Evaluating 'github.com/corazawaf/libinjection-go' ...
  got v0.3.2
  has 0 dependencies
Evaluating 'github.com/cosmos/gaia/v7' ...
  ! module not found
Evaluating 'github.com/tilt-dev/go-get' ...
  got v1.1.0
  has 6 dependencies
Evaluating 'github.com/aler9/gortsplib/v2' ...
  got v2.2.3
  has 0 dependencies
Evaluating 'github.com/jpmorganchase/quorum-security-plugin-sdk-go' ...
  got v0.26.0
  has 19 dependencies
Evaluating 'github.com/aws/aws-sdk-go-v2/service/configservice' ...
  got v1.41.6
  has 4 dependencies
Evaluating 'github.com/gin-gonic/autotls' ...
  got v1.2.4
  has 8 dependencies
Evaluating 'github.com/mithrandie/csvq-driver' ...
  got v2.0.2
  has 17 dependencies
Evaluating 'github.com/lishimeng/go-app-shutdown' ...
  got v1.0.1
  has 0 dependencies
Evaluating 'github.com/erni27/imcache' ...
  got v1.2.1
  has 0 dependencies
Evaluating 'github.com/keegancsmith/tmpfriend' ...
  got v0.0.0-20180423180255-86e88902a513
  has 0 dependencies
Evaluating 'github.com/tnqn/client-go' ...
  got v11.0.0+incompatible
  has 0 dependencies
Evaluating 'github.com/cloudfoundry/openjdk-cnb' ...
  got v0.52.0
  has 81 dependencies
Evaluating 'github.com/google/go-cloud' ...
  ! module not resolved
Evaluating 'github.com/paketo-community/conda-env-update' ...
  ! module not resolved
Evaluating 'github.com/mingrammer/commonregex' ...
  got v1.1.1
  has 3 dependencies
Evaluating 'github.com/owasp-amass/config' ...
  got v0.0.0-20190825152654-46b345b51c96
  has 47 dependencies
Evaluating 'github.com/elastic/cloud-on-k8s/v2' ...
  got v1.0.1
  has 171 dependencies
Evaluating 'github.com/DataDog/gobpf' ...
  ! module not resolved
Evaluating 'github.com/ipld/go-ipld-selector-text-lite' ...
  got v0.0.0-20180913140656-343706a395b7
  has 161 dependencies
Evaluating 'github.com/bndr/gojenkins' ...
  got v1.2.0
  has 8 dependencies
Evaluating 'github.com/lucas-clemente/aes12' ...
  got v0.0.0-20171027163421-cd47fb39b79f
  has 0 dependencies
Evaluating 'sigs.k8s.io/kustomize/pseudo/k8s' ...
  got v0.34.0
  has 71 dependencies
Evaluating 'github.com/tsuna/gohbase' ...
  got v2.4.0
  has 49 dependencies
Evaluating 'github.com/redpanda-data/redpanda/src/go/rpk' ...
  got v1.36.11-20260209202127-80ab13bee0bf.1
  has 190 dependencies
Evaluating 'github.com/avelino/slugify' ...
  got v0.0.0-20180501145920-855f152bd774
  has 4 dependencies
Evaluating 'github.com/libp2p/go-sockaddr' ...
  got v0.2.0
  has 1 dependencies
Evaluating 'github.com/cosmos/cosmos-sdk/db' ...
  got v1.1.0
  has 23 dependencies
Evaluating 'github.com/tilt-dev/tilt' ...
  got v0.25.1
  has 245 dependencies
Evaluating 'github.com/google/go-sev-guest' ...
  got v1.5.0
  has 10 dependencies
Evaluating 'github.com/owasp-amass/asset-db' ...
  got v1.0.2
  has 131 dependencies
Evaluating 'github.com/quobyte/api' ...
  got v1.4.0
  has 1 dependencies
Evaluating 'github.com/kubeflow/kubeflow/components/notebook-controller' ...
  got v0.81.0
  has 289 dependencies
Evaluating 'github.com/xiaofan-luan/pulsarctl' ...
  ! module not resolved
Evaluating 'go.opentelemetry.io/contrib/bridges' ...
  ! module not resolved
Evaluating 'github.com/caddy-dns/dnspod' ...
  got v0.51.0
  has 479 dependencies
Evaluating 'github.com/roadrunner-server/errors' ...
  got v1.5.0
  has 0 dependencies
Evaluating 'github.com/portainer/agent' ...
  got v0.18.1
  has 358 dependencies
Evaluating 'github.com/tilt-dev/apimachinery' ...
  ! module not resolved
Evaluating 'github.com/bitrise-io/go-utils' ...
  got v1.0.15
  has 16 dependencies
Evaluating 'github.com/tilt-dev/dockerignore' ...
  got v0.3.0
  has 10 dependencies
Evaluating 'github.com/OJ/gobuster' ...
  got v2.0.1+incompatible
  has 8 dependencies
Evaluating 'github.com/xjasonlyu/tun2socks/v2' ...
  got v1.4.1-0.20240526193622-a339e1f7089c
  has 114 dependencies
Evaluating 'github.com/newrelic/go-agent/v3/integrations/nrpq' ...
  got v1.1.0
  has 2 dependencies
Evaluating 'github.com/giantswarm/k8sclient/v5' ...
  got v0.38.0
  has 356 dependencies
Evaluating 'github.com/openebs/dynamic-localpv-provisioner' ...
  got v3.4.0
  has 86 dependencies
Evaluating 'github.com/m-lab/go' ...
  got v0.56.0
  has 40 dependencies
Evaluating 'gopkg.in/jcmturner/gokrb5.v6' ...
  got v6.1.1
  has 0 dependencies
Evaluating 'github.com/azure/azure-storage-blob-go' ...
  ! module not resolved
Evaluating 'github.com/drone-plugins/drone-s3' ...
  got v0.3.1
  has 29 dependencies
Evaluating 'github.com/jolestar/go-commons-pool' ...
  got v2.0.0+incompatible
  has 0 dependencies
Evaluating 'github.com/tomnomnom/assetfinder' ...
  got v0.1.1
  has 0 dependencies
Evaluating 'gopkg.in/matryer/try.v1' ...
  got v1.0.0-20150601225556-312d2599e12e
  has 0 dependencies
Evaluating 'github.com/santhosh-tekuri/jsonschema/v6' ...
  got v1.11.0
  has 5 dependencies
Evaluating 'github.com/lunny/nodb' ...
  got v1.6.0
  has 18 dependencies
Evaluating 'github.com/metacubex/sing-tun' ...
  got v1.2.1
  has 33 dependencies
Evaluating 'github.com/project-flogo/contrib/activity/actreturn' ...
  got v1.1.0
  has 12 dependencies
Evaluating 'github.com/lyft/goruntime' ...
  got v1.1.1
  has 9 dependencies
Evaluating 'github.com/RobotsAndPencils/go-saml' ...
  got v0.0.0-20230606195814-29020529affc
  has 2 dependencies
Evaluating 'github.com/jedisct1/go-clocksmith' ...
  got v0.0.0-20260103230147-eff3e038eebd
  has 0 dependencies
Evaluating 'github.com/jedisct1/go-dnsstamps' ...
  got v0.0.0-20260329135226-5c52ba568986
  has 0 dependencies
Evaluating 'github.com/jedisct1/xsecretbox' ...
  got v0.0.0-20241212092125-3afc4917ac41
  has 5 dependencies
Evaluating 'github.com/jedisct1/dlog' ...
  got v1.0.0
  has 2 dependencies
Evaluating 'github.com/Consensys/etcd' ...
  ! module not resolved
Evaluating 'github.com/tj/go-naturaldate' ...
  got v1.1.0
  has 7 dependencies
Evaluating 'github.com/atomix/atomix/api' ...
  got v1.1.0
  has 14 dependencies
Evaluating 'github.com/bifurcation/mint' ...
  got v0.0.0-20210616192047-fd18df995463
  has 6 dependencies
Evaluating 'github.com/drone-plugins/drone-gcs' ...
  got v0.25.1
  has 209 dependencies
Evaluating 'github.com/open-telemetry/opentelemetry-collector-contrib/receiver/dockerstatsreceiver' ...
  got v0.25.1
  has 151 dependencies
Evaluating 'golang.org/x/perf' ...
  got v0.110.2
  has 46 dependencies
Evaluating 'github.com/fluxcd/flux2' ...
  got v1.4.0
  has 209 dependencies
Evaluating 'github.com/knz/go-libedit' ...
  got v1.10.1
  has 0 dependencies
Evaluating 'github.com/cloudevents/sdk-go' ...
  got v0.40.0
  has 111 dependencies
Evaluating 'github.com/skycoin/dmsg' ...
  ! module not found
Evaluating 'github.com/polarismesh/polaris-go' ...
  got v0.104.0
  has 193 dependencies
Evaluating 'github.com/karlseguin/ccache/v3' ...
  got v3.0.8
  has 0 dependencies
Evaluating 'github.com/Kong/gojsondiff' ...
  got v1.2.2
  has 21 dependencies
Evaluating 'github.com/chenyahui/gin-cache' ...
  got v2.1.2
  has 57 dependencies
Evaluating 'github.com/open-telemetry/opentelemetry-collector-contrib/receiver/dotnetdiagnosticsreceiver' ...
  got v0.105.0
  has 324 dependencies
Evaluating 'github.com/tj/go-buffer' ...
  got v1.1.1
  has 7 dependencies
Evaluating 'github.com/tilt-dev/probe' ...
  got v1.1.1
  has 9 dependencies
Evaluating 'github.com/mattermost/mattermost-operator' ...
  got v0.19.1
  has 194 dependencies
Evaluating 'github.com/siddontang/rdb' ...
  got v0.0.0-20161107195141-43ba34106c76
  has 1 dependencies
Evaluating 'github.com/open-telemetry/opentelemetry-collector-contrib/extension/observer/ecsobserver' ...
  got v1.41.5
  has 74 dependencies
Evaluating 'github.com/OrlovEvgeny/go-mcache' ...
  got v1.0.2
  has 18 dependencies
Evaluating 'github.com/open-telemetry/opentelemetry-collector-contrib/receiver/mongodbreceiver' ...
  got v0.25.1
  has 149 dependencies
Evaluating 'github.com/alecthomas/colour' ...
  got v0.1.0
  has 2 dependencies
Evaluating 'github.com/prometheus-community/pushprox' ...
  got v1.0.0
  has 16 dependencies
Evaluating 'gopkg.in/bblfsh/sdk.v1' ...
  got v1.17.0
  has 0 dependencies
Evaluating 'github.com/filecoin-project/go-fil-commp-hashhash' ...
  got v0.4.0
  has 4 dependencies
Evaluating 'github.com/paketo-community/cpython' ...
  ! module not resolved
Evaluating 'gopkg.in/bsm/ratelimit.v1' ...
  got v1.0.0-20170922094635-f56db5e73a5e
  has 0 dependencies
Evaluating 'github.com/couchbase/cbft' ...
  ! module not resolved
Evaluating 'github.com/kata-containers/kata-containers/src/runtime' ...
  got v0.0.0-20211005130812-5bb3c17173e5
  has 130 dependencies
Evaluating 'github.com/nathan-fiscaletti/consolesize-go' ...
  got v0.0.0-20260406063853-3bac975de715
  has 0 dependencies
Evaluating 'github.com/drone/drone-template-lib' ...
  got v1.1.0
  has 11 dependencies
Evaluating 'github.com/lynxsecurity/pflag' ...
  got v1.1.3
  has 0 dependencies
Evaluating 'github.com/bitrise-io/envman' ...
  got v1.3.2
  has 23 dependencies
Evaluating 'github.com/aquasecurity/harbor-scanner-trivy' ...
  got v1.0.0
  has 87 dependencies
Evaluating 'github.com/riywo/loginshell' ...
  got v0.0.0-20200815045211-7d26008be1ab
  has 0 dependencies
Evaluating 'github.com/pulumi/pulumi/sdk/go/pulumi-language-go/v3' ...
  got v0.25.1
  has 357 dependencies
Evaluating 'github.com/vmware-tanzu/carvel-kapp-controller/cli' ...
  ! module not resolved
Evaluating 'github.com/pingcap/pd' ...
  got v2.1.19+incompatible
  has 0 dependencies
Evaluating 'kubestash.dev/apimachinery' ...
  got v0.25.1
  has 243 dependencies
Evaluating 'github.com/Azure/azure-sdk-for-go/sdk/resourcemanager/mysql/armmysql' ...
  got v1.9.0
  has 21 dependencies
Evaluating 'github.com/coder/terraform-provider-coder' ...
  got v0.110.0
  has 231 dependencies
Evaluating 'github.com/caitlinelfring/go-env-default' ...
  got v1.1.0
  has 0 dependencies
Evaluating 'modernc.org/tcl' ...
  got v1.0.1
  has 20 dependencies
Evaluating 'github.com/laher/mergefs' ...
  got v0.1.1
  has 1 dependencies
Evaluating 'github.com/open-telemetry/opentelemetry-collector-contrib/receiver/podmanreceiver' ...
  got v0.25.1
  has 89 dependencies
Evaluating 'github.com/gravitational/go-mssqldb' ...
  ! module not resolved
Evaluating 'github.com/gobuffalo/plush' ...
  got v0.2.0
  has 30 dependencies
Evaluating 'github.com/drone/drone-artifactory' ...
  got v1.1.1
  has 9 dependencies
Evaluating 'github.com/matrix-org/gomatrix' ...
  got v0.0.0-20220926102614-ceba4d9f7530
  has 0 dependencies
Evaluating 'github.com/landoop/tableprinter' ...
  got v2.2.0
  has 4 dependencies
Evaluating 'go.dedis.ch/kyber/v3' ...
  got v1.1.0
  has 8 dependencies
Evaluating 'github.com/jhump/protocompile' ...
  got v1.1.0
  has 11 dependencies
Evaluating 'github.com/pion/ion-log' ...
  got v1.1.1
  has 16 dependencies
Evaluating 'github.com/sawadashota/encrypta' ...
  got v0.0.0-20230717121422-5aa5874ade95
  has 22 dependencies
Evaluating 'github.com/lucas-clemente/quic-go-certificates' ...
  got v0.0.0-20160823095156-d2f86524cced
  has 0 dependencies
Evaluating 'github.com/projectdiscovery/filekv' ...
  got v1.2.0
  has 12 dependencies
Evaluating 'github.com/leanovate/gopter' ...
  got v0.81.0
  has 158 dependencies
Evaluating 'fortio.org/cli' ...
  got v1.12.3
  has 6 dependencies
Evaluating 'github.com/esimov/pigo' ...
  got v1.6.2
  has 7 dependencies
Evaluating 'github.com/kubernetes-csi/csi-driver-host-path' ...
  got v1.0.1
  has 43 dependencies
Evaluating 'github.com/aws/amazon-ssm-agent' ...
  ! module not found
Evaluating 'github.com/turbot/steampipe-plugin-sdk/v5' ...
  got v0.15.0
  has 374 dependencies
Evaluating 'github.com/bianjieai/iritamod' ...
  ! module not found
Evaluating 'github.com/open-telemetry/opentelemetry-collector-contrib/receiver/memcachedreceiver' ...
  got v0.25.1
  has 129 dependencies
Evaluating 'github.com/cespare/prettybench' ...
  got v0.1.0
  has 7 dependencies
Evaluating 'github.com/lunny/log' ...
  got v0.0.0-20160921050905-7887c61bf0de
  has 0 dependencies
Evaluating 'github.com/mergermarket/go-pkcs7' ...
  got v0.0.0-20170926155232-153b18ea13c9
  has 0 dependencies
Evaluating 'github.com/open-telemetry/opentelemetry-collector-contrib/receiver/redisreceiver' ...
  got v0.25.1
  has 146 dependencies
Evaluating 'github.com/bianjieai/irita' ...
  got v1.0.1
  has 180 dependencies
Evaluating 'github.com/logrusorgru/aurora/v4' ...
  got v1.1.1
  has 4 dependencies
Evaluating 'github.com/kubeflow/kubeflow/components/profile-controller' ...
  got v0.81.0
  has 300 dependencies
Evaluating 'github.com/observiq/oracledb_exporter' ...
  got v0.2.0
  has 49 dependencies
Evaluating 'github.com/openclarity/grype-server/api' ...
  got v0.0.0-20210307081110-f21760c49a8d
  has 23 dependencies
Evaluating 'github.com/fclairamb/ftpserverlib' ...
  got v1.1.1
  has 11 dependencies
Evaluating 'github.com/d2g/dhcp4server' ...
  got v0.0.0-20170904100407-a1d1b6c41b1c
  has 6 dependencies
Evaluating 'github.com/ipinfo/go/v2' ...
  got v2.14.0
  has 2 dependencies
Evaluating 'github.com/clusterhq/flocker-go' ...
  got v0.0.0-20160920122132-2b8b7259d313
  has 0 dependencies
Evaluating 'github.com/helm-unittest/helm-unittest' ...
  got v1.0.2
  has 84 dependencies
Evaluating 'github.com/go-http-utils/fresh' ...
  got v0.0.0-20161124030543-7231e26a4b27
  has 1 dependencies
Evaluating 'github.com/buildpacks/libbuildpack/v2' ...
  got v0.3.1
  has 21 dependencies
Evaluating 'github.com/openziti/edge-api' ...
  got v2.3.0
  has 41 dependencies
Evaluating 'github.com/libopenstorage/cloudops' ...
  ! module not found
Evaluating 'github.com/cockroachdb/tablewriter' ...
  ! module not resolved
Evaluating 'github.com/georgysavva/scany/v2' ...
  got v2.2.0
  has 20 dependencies
Evaluating 'github.com/otan-cockroach/go-libedit' ...
  got v1.10.1
  has 1 dependencies
Evaluating 'github.com/gohugoio/hashstructure' ...
  got v2.3.0
  has 1 dependencies
Evaluating 'github.com/paketo-community/pip-install' ...
  ! module not resolved
Evaluating 'github.com/terraform-providers/terraform-provider-local' ...
  got v0.45.1
  has 108 dependencies
Evaluating 'github.com/pion/ion' ...
  got v0.0.0-20180421153158-65cc252bf669
  has 387 dependencies
Evaluating 'github.com/aykevl/go-wasm' ...
  got v0.0.1
  has 0 dependencies
Evaluating 'github.com/baiyubin/aliyun-sts-go-sdk' ...
  got v0.0.0-20180326062324-cfa1a18b161f
  has 0 dependencies
Evaluating 'github.com/mazznoer/csscolorparser' ...
  got v0.1.8
  has 0 dependencies
Evaluating 'github.com/mailgun/lemma' ...
  got v0.0.0-20170619173223-4214099fb348
  has 0 dependencies
Evaluating 'github.com/manucorporat/sse' ...
  got v0.0.0-20160126180136-ee05b128a739
  has 0 dependencies
Evaluating 'github.com/ray-project/kuberay/ray-operator' ...
  got v0.24.0
  has 227 dependencies
Evaluating 'github.com/akutz/gosync' ...
  got v0.1.0
  has 0 dependencies
Evaluating 'github.com/k0kubun/pp/v3' ...
  got v3.5.1
  has 7 dependencies
Evaluating 'github.com/cloudfoundry/libcfbuildpack/v2' ...
  got v0.52.0
  has 79 dependencies
Evaluating 'github.com/mailjet/mailjet-apiv3-go/v3' ...
  got v3.2.0
  has 0 dependencies
Evaluating 'github.com/snyk/snyk-ls' ...
  got v0.3.0
  has 248 dependencies
Evaluating 'github.com/solo-io/gloo' ...
  ! module not resolved
Evaluating 'github.com/deathowl/go-metrics-prometheus' ...
  got v0.0.0-20160405071501-a0175ee3bccc
  has 37 dependencies
Evaluating 'github.com/tilt-dev/tilt-apiserver' ...
  got v0.24.0
  has 176 dependencies
Evaluating 'github.com/scritchley/orc' ...
  got v1.5.4
  has 5 dependencies
Evaluating 'github.com/mozillazg/go-unidecode' ...
  got v0.2.0
  has 0 dependencies
Evaluating 'github.com/tilt-dev/browser' ...
  got v0.0.2
  has 1 dependencies
Evaluating 'github.com/lc/gau/v2' ...
  got v1.0.2
  has 26 dependencies
Evaluating 'github.com/roadrunner-server/tcplisten' ...
  got v1.5.2
  has 0 dependencies
Evaluating 'github.com/portainer/libcompose' ...
  ! module not resolved
Evaluating 'github.com/pingcap/tidb-dashboard' ...
  got v2.1.19+incompatible
  has 0 dependencies
Evaluating 'github.com/lynxsecurity/viper' ...
  got v1.1.1
  has 28 dependencies
Evaluating 'github.com/weaveworks/go-odp' ...
  got v0.0.0-20210211161013-0917d4b45e97
  has 0 dependencies
Evaluating 'github.com/jpmorganchase/quorum-hello-world-plugin-sdk-go' ...
  got v0.26.0
  has 19 dependencies
Evaluating 'github.com/open-telemetry/opentelemetry-collector-contrib/receiver/zookeeperreceiver' ...
  got v0.25.1
  has 132 dependencies
Evaluating 'github.com/segmentio/kafka-go/sasl/aws_msk_iam_v2' ...
  got v1.16.12
  has 33 dependencies
Evaluating 'github.com/decred/slog' ...
  got v1.2.0
  has 0 dependencies
Evaluating 'github.com/honeycombio/beeline-go' ...
  got v1.2.0
  has 97 dependencies
Evaluating 'github.com/IBM/vpc-go-sdk' ...
  got v5.21.2
  has 30 dependencies
Evaluating 'github.com/lightninglabs/neutrino/cache' ...
  got v1.1.1
  has 7 dependencies
Evaluating 'github.com/osmosis-labs/wasmd' ...
  ! module not resolved
Evaluating 'github.com/johanneswuerbach/nfsexports' ...
  got v0.0.0-20211106092220-0364872a39fa
  has 0 dependencies
Evaluating 'gomodules.xyz/version' ...
  got v0.1.0
  has 0 dependencies
Evaluating 'github.com/knq/sysutil' ...
  ! module not resolved
Evaluating 'github.com/bitrise-io/goinp' ...
  got v0.0.0-20240103152431-054ed78518ef
  has 9 dependencies
Evaluating 'sigs.k8s.io/secrets-store-csi-driver' ...
  got v1.0.1
  has 84 dependencies
Evaluating 'github.com/go-http-utils/etag' ...
  got v0.0.0-20161124023236-513ea8f21eb1
  has 2 dependencies
Evaluating 'github.com/ckaznocha/protoc-gen-lint' ...
  got v0.3.0
  has 4 dependencies
Evaluating 'github.com/ViRb3/wgcf' ...
  ! module not resolved
Evaluating 'github.com/santhosh-tekuri/jsonschema/v2' ...
  got v2.2.0
  has 0 dependencies
Evaluating 'github.com/relex/aini' ...
  got v1.1.0
  has 12 dependencies
Evaluating 'github.com/FriendsOfShopware/shopware-cli' ...
  ! module not resolved
Evaluating 'github.com/icza/bitio' ...
  got v1.1.0
  has 1 dependencies
Evaluating 'gitlab.com/gitlab-org/release-cli' ...
  got v0.3.1
  has 19 dependencies
Evaluating 'github.com/kairos-io/elemental-cli' ...
  ! module not resolved
Evaluating 'github.com/quasilyte/go-consistent' ...
  got v1.0.0
  has 15 dependencies
Evaluating 'github.com/knz/go-libedit' ...
  got v1.10.1
  has 0 dependencies
Evaluating 'github.com/neondatabase/autoscaling' ...
  ! module not found
Evaluating 'github.com/miekg/coredns' ...
  ! module not resolved
Evaluating 'github.com/osmosis-labs/wasmd' ...
  ! module not resolved
Evaluating 'github.com/Nordix/simple-ipam' ...
  got v1.0.0
  has 0 dependencies
Evaluating 'github.com/owasp-amass/open-asset-model' ...
  got v1.1.1
  has 4 dependencies
Evaluating 'go.opentelemetry.io/contrib/bridges' ...
  ! module not resolved
Evaluating 'github.com/metacubex/sing-tun' ...
  got v1.2.1
  has 33 dependencies
Evaluating 'go.etcd.io/gofail' ...
  got v1.1.1
  has 4 dependencies
Evaluating 'github.com/segmentio/kafka-go/sasl/aws_msk_iam_v2' ...
  got v1.16.12
  has 33 dependencies
Evaluating 'github.com/ibm-messaging/mq-golang/v5' ...
  got v5.7.1
  has 0 dependencies
Evaluating 'github.com/kubernetes/kubernetes' ...
  ! module not resolved
Evaluating 'github.com/paketo-community/pip' ...
  ! module not resolved
Evaluating 'github.com/kubeflow/kubeflow/components/notebook-controller' ...
  got v0.81.0
  has 289 dependencies
Evaluating 'github.com/quobyte/api' ...
  got v1.4.0
  has 1 dependencies
Evaluating 'github.com/skycoin/dmsg' ...
  ! module not found
Evaluating 'github.com/libp2p/go-sockaddr' ...
  got v0.2.0
  has 1 dependencies
Evaluating 'github.com/lovoo/gcloud-opentracing' ...
  got v0.25.1
  has 196 dependencies
Evaluating 'github.com/buildpacks/libbuildpack/v2' ...
  got v0.3.1
  has 21 dependencies
Evaluating 'github.com/owasp-amass/asset-db' ...
  got v1.0.2
  has 131 dependencies
Evaluating 'github.com/IrineSistiana/ipset' ...
  ! module not resolved
Evaluating 'github.com/paketo-community/cpython' ...
  ! module not resolved
Evaluating 'github.com/pulumi/pulumi/sdk/go/pulumi-language-go/v3' ...
  got v0.25.1
  has 357 dependencies
Evaluating 'github.com/bianjieai/iritamod' ...
  ! module not found
Evaluating 'github.com/corazawaf/libinjection-go' ...
  got v0.3.2
  has 0 dependencies
Evaluating 'github.com/open-telemetry/opentelemetry-collector-contrib/receiver/zookeeperreceiver' ...
  got v0.25.1
  has 132 dependencies
Evaluating 'github.com/muesli/mango-coral' ...
  got v2.0.1
  has 10 dependencies
Evaluating 'github.com/pion/ion' ...
  got v0.0.0-20180421153158-65cc252bf669
  has 387 dependencies
Evaluating 'github.com/jaeles-project/gospider' ...
  got v0.46.3
  has 190 dependencies
Evaluating 'github.com/atomix/atomix/api' ...
  got v1.1.0
  has 14 dependencies
Evaluating 'github.com/bianjieai/irita' ...
  got v1.0.1
  has 180 dependencies
Evaluating 'github.com/tj/go-naturaldate' ...
  got v1.1.0
  has 7 dependencies
Evaluating 'github.com/gohugoio/hashstructure' ...
  got v2.3.0
  has 1 dependencies
Evaluating 'github.com/pion/ion-log' ...
  got v1.1.1
  has 16 dependencies
Evaluating 'github.com/lucas-clemente/quic-go-certificates' ...
  got v0.0.0-20160823095156-d2f86524cced
  has 0 dependencies
Evaluating 'github.com/paketo-community/pip-install' ...
  ! module not resolved
Evaluating 'github.com/chef/go-libs' ...
  got v1.6.0
  has 26 dependencies
Evaluating 'github.com/algorand/node_exporter' ...
  ! module not resolved
Evaluating 'github.com/karlseguin/ccache/v3' ...
  got v3.0.8
  has 0 dependencies
Evaluating 'github.com/drone-plugins/drone-s3' ...
  got v0.3.1
  has 29 dependencies
Evaluating 'github.com/caarlos0/sshmarshal' ...
  got v0.1.0
  has 5 dependencies
Evaluating 'github.com/mattermost/mattermost-operator' ...
  got v0.19.1
  has 194 dependencies
Evaluating 'github.com/tilt-dev/apimachinery' ...
  ! module not resolved
Evaluating 'github.com/protonmail/go-crypto' ...
  ! module not resolved
Evaluating 'github.com/lunny/nodb' ...
  got v1.6.0
  has 18 dependencies
Evaluating 'github.com/exercism/cli' ...
  got v3.0.11+incompatible
  has 0 dependencies
Evaluating 'github.com/mailgun/metrics' ...
  got v1.1.1
  has 9 dependencies
Evaluating 'github.com/fluxcd/flux2' ...
  got v1.4.0
  has 209 dependencies
Evaluating 'github.com/filecoin-project/dagstore' ...
  got v0.65.0
  has 510 dependencies
Evaluating 'github.com/IBM/vpc-go-sdk' ...
  got v5.21.2
  has 30 dependencies
Evaluating 'github.com/doutorfinancas/go-mad' ...
  got v0.99.0
  has 182 dependencies
Evaluating 'github.com/otan-cockroach/go-libedit' ...
  got v1.10.1
  has 1 dependencies
Evaluating 'github.com/OJ/gobuster' ...
  got v2.0.1+incompatible
  has 8 dependencies
Evaluating 'github.com/bitrise-io/envman' ...
  got v1.3.2
  has 23 dependencies
Evaluating 'golang.org/x/perf' ...
  got v0.110.2
  has 46 dependencies
Evaluating 'github.com/cosmos/cosmos-sdk/db' ...
  got v1.1.0
  has 23 dependencies
Evaluating 'gopkg.in/jcmturner/gokrb5.v6' ...
  got v6.1.1
  has 0 dependencies
Evaluating 'github.com/keegancsmith/tmpfriend' ...
  got v0.0.0-20180423180255-86e88902a513
  has 0 dependencies
Evaluating 'github.com/helm-unittest/helm-unittest' ...
  got v1.0.2
  has 84 dependencies
Evaluating 'sigs.k8s.io/hierarchical-namespaces' ...
  got v0.81.0
  has 113 dependencies
Evaluating 'github.com/solo-io/gloo' ...
  ! module not resolved
Evaluating 'github.com/Azure/azure-sdk-for-go/sdk/resourcemanager/redis/armredis/v2' ...
  got v1.4.0
  has 23 dependencies
Evaluating 'github.com/cloudfoundry/libcfbuildpack/v2' ...
  got v0.52.0
  has 79 dependencies
Evaluating 'github.com/leanovate/gopter' ...
  got v0.81.0
  has 158 dependencies
Evaluating 'github.com/manucorporat/sse' ...
  got v0.0.0-20160126180136-ee05b128a739
  has 0 dependencies
Evaluating 'github.com/Azure/azure-sdk-for-go/sdk/resourcemanager/compute/armcompute/v3' ...
  got v1.0.0
  has 23 dependencies
Evaluating 'github.com/tj/go-buffer' ...
  got v1.1.1
  has 7 dependencies
Evaluating 'github.com/newrelic/go-agent/v3/integrations/nrpq' ...
  got v1.1.0
  has 2 dependencies
Evaluating 'github.com/tomnomnom/assetfinder' ...
  got v0.1.1
  has 0 dependencies
Evaluating 'github.com/kubernetes-csi/csi-driver-host-path' ...
  got v1.0.1
  has 43 dependencies
Evaluating 'sigs.k8s.io/network-policy-api' ...
  got v0.3.0
  has 73 dependencies
Evaluating 'github.com/bianjieai/cosmos-sdk' ...
  ! module not resolved
Evaluating 'github.com/johanneswuerbach/nfsexports' ...
  got v0.0.0-20211106092220-0364872a39fa
  has 0 dependencies
Evaluating 'github.com/baiyubin/aliyun-sts-go-sdk' ...
  got v0.0.0-20180326062324-cfa1a18b161f
  has 0 dependencies
Evaluating 'github.com/drone/drone-template-lib' ...
  got v1.1.0
  has 11 dependencies
Evaluating 'github.com/slimsag/godocmd' ...
  ! module not resolved
Evaluating 'github.com/fclairamb/ftpserverlib' ...
  got v1.1.1
  has 11 dependencies
Evaluating 'github.com/caitlinelfring/go-env-default' ...
  got v1.1.0
  has 0 dependencies
Evaluating 'github.com/xiaofan-luan/pulsarctl' ...
  ! module not resolved
Evaluating 'github.com/mailgun/lemma' ...
  got v0.0.0-20170619173223-4214099fb348
  has 0 dependencies
Evaluating 'github.com/libopenstorage/cloudops' ...
  ! module not found
Evaluating 'github.com/giantswarm/k8sclient/v5' ...
  got v0.38.0
  has 356 dependencies
Evaluating 'github.com/free5gc/tlv' ...
  got v1.1.1
  has 4 dependencies
Evaluating 'github.com/vmware-labs/reconciler-runtime' ...
  got v0.10.1
  has 62 dependencies
Evaluating 'github.com/openziti/storage' ...
  got v4.13.1
  has 20 dependencies
Evaluating 'github.com/maorfr/helm-plugin-utils' ...
  got v0.65.0
  has 130 dependencies
Evaluating 'github.com/sorairolake/lzip-go' ...
  got v0.4.0
  has 4 dependencies
Evaluating 'github.com/nspcc-dev/rfc6979' ...
  got v0.2.4
  has 0 dependencies
Evaluating 'go.opentelemetry.io/contrib/instrumentation/github.com/Shopify/sarama/otelsarama' ...
  got v1.38.1
  has 47 dependencies
Evaluating 'github.com/elliotwutingfeng/asciiset' ...
  got v0.0.0-20260129054604-cfde2086bc57
  has 0 dependencies
Evaluating 'github.com/go-basic/ipv4' ...
  got v1.0.0
  has 0 dependencies
Evaluating 'github.com/prysmaticlabs/prombbolt' ...
  got v0.34.0
  has 209 dependencies
Evaluating 'github.com/jbenet/go-is-domain' ...
  got v1.0.5
  has 0 dependencies
Evaluating 'github.com/newrelic/go-agent/v3/integrations/nrmongo' ...
  got v0.15.0
  has 35 dependencies
Evaluating 'github.com/blevesearch/sear' ...
  got v1.2.0
  has 8 dependencies
Evaluating 'github.com/gobuffalo/x' ...
  got v0.1.0
  has 0 dependencies
Evaluating 'github.com/henrylee2cn/ameda' ...
  ! module not resolved
Evaluating 'github.com/cucumber/gherkin-go/v19' ...
  got v19.0.3
  has 8 dependencies
Evaluating 'github.com/aws/aws-sdk-go-v2/service/sagemaker' ...
  got v1.41.6
  has 4 dependencies
Evaluating 'github.com/GoogleContainerTools/kpt-functions-sdk/go/api' ...
  got v0.0.0-20250702115044-9bfead305c54
  has 3 dependencies
Evaluating 'github.com/foxxorcat/weiyun-sdk-go' ...
  got v1.1.1
  has 14 dependencies
Evaluating 'github.com/bitrise-io/colorstring' ...
  got v0.0.0-20180614154802-a8cd70115192
  has 0 dependencies
Evaluating 'github.com/greenpau/versioned' ...
  got v1.0.36
  has 0 dependencies
Evaluating 'github.com/ericlagergren/siv' ...
  got v0.0.0-20220411101811-e25bc10ba391
  has 8 dependencies
Evaluating 'github.com/dfuse-io/logging' ...
  ! module not resolved
Evaluating 'github.com/rancher/opni' ...
  ! module not found
Evaluating 'github.com/muesli/duf' ...
  got v1.0.3
  has 23 dependencies
Evaluating 'sigs.k8s.io/kustomize/kstatus' ...
  got v0.38.0
  has 173 dependencies
Evaluating 'github.com/free5gc/amf' ...
  got v0.0.0-20160719120800-7af84192f0b1
  has 74 dependencies
Evaluating 'github.com/aws/aws-sdk-go-v2/service/signin' ...
  got v1.41.6
  has 4 dependencies
Evaluating 'github.com/hetiansu5/urlquery' ...
  got v1.2.7
  has 0 dependencies
Evaluating 'github.com/free5gc/ausf' ...
  got v0.0.0-20210307081110-f21760c49a8d
  has 66 dependencies
Evaluating 'go.mozilla.org/sops' ...
  got v0.43.0
  has 152 dependencies
Evaluating 'github.com/aws/aws-sdk-go-v2/service/qldb' ...
  got v1.39.6
  has 4 dependencies
Evaluating 'github.com/ViaQ/logerr/v2' ...
  got v2.1.0
  has 5 dependencies
Evaluating 'github.com/thanos-io/promql-engine' ...
  got v0.17.0
  has 87 dependencies
Evaluating 'github.com/okex/grocksdb' ...
  ! module not resolved
Evaluating 'gopkg.in/httprequest.v1' ...
  got v1.10.0
  has 20 dependencies
Evaluating 'github.com/xuqingfeng/caddy-rate-limit' ...
  got v0.38.0
  has 190 dependencies
Evaluating 'github.com/cloudfoundry/packit' ...
  ! module not resolved
Evaluating 'github.com/external-secrets/external-secrets' ...
  ! module not resolved
Evaluating 'github.com/choria-io/fisk' ...
  got v0.8.1
  has 5 dependencies
Evaluating 'github.com/nspcc-dev/neo-go' ...
  got v4.13.1
  has 65 dependencies
Evaluating 'github.com/txthinking/brook' ...
  got v1.0.6
  has 63 dependencies
Evaluating 'github.com/siderolabs/go-blockdevice' ...
  got v0.0.0-20190214190532-5111143e8da2
  has 11 dependencies
Evaluating 'github.com/bnb-chain/ics23' ...
  got v0.1.0
  has 9 dependencies
Evaluating 'github.com/attestantio/go-eth2-client' ...
  got v0.0.0-20251031151322-f427d04d8506
  has 58 dependencies
Evaluating 'github.com/open-telemetry/opentelemetry-collector-contrib/receiver/sapmreceiver' ...
  got v0.24.0
  has 174 dependencies
Evaluating 'github.com/TIBCOSoftware/labs-lightcrane-contrib/common/objectbuilder' ...
  got v0.3.1
  has 43 dependencies
Evaluating 'github.com/googlecloudplatform/k8s-cloud-provider' ...
  ! module not resolved
Evaluating 'github.com/epam/edp-cd-pipeline-operator/v2' ...
  got v0.25.1
  has 208 dependencies
Evaluating 'github.com/regen-network/gocuke' ...
  got v4.6.1
  has 20 dependencies
Evaluating 'github.com/earthly/earthly' ...
  ! module not found
Evaluating 'github.com/siderolabs/go-api-signature' ...
  got v1.1.0-alpha.5.0.20240827111422-b5837fa4476e
  has 23 dependencies
Evaluating 'github.com/jfrog/lumberjack/v2' ...
  got v0.3.1
  has 3 dependencies
Evaluating 'github.com/forestgiant/sliceutil' ...
  got v0.0.0-20160425183142-94783f95db6c
  has 0 dependencies
Evaluating 'github.com/wcharczuk/go-chart/v2' ...
  got v0.0.0-20170609003504-e2365dfdc4a0
  has 14 dependencies
Evaluating 'github.com/azure/azure-sdk-for-go/sdk/storage/azblob' ...
  ! module not resolved
Evaluating 'github.com/mholt/archives' ...
  got v0.53.0
  has 91 dependencies
Evaluating 'github.com/cloudwebrtc/nats-grpc' ...
  got v0.0.0-20180421153158-65cc252bf669
  has 225 dependencies
Evaluating 'github.com/go-zoox/gzterminal' ...
  got v2.3.5
  has 133 dependencies
Evaluating 'github.com/aSquidsBody/go-common' ...
  got v1.1.1
  has 76 dependencies
Evaluating 'github.com/jenkins-x/lighthouse' ...
  got v0.25.1
  has 114 dependencies
Evaluating 'github.com/go-kratos/kratos/contrib/log/zap/v2' ...
  got v1.0.0
  has 45 dependencies
Evaluating 'github.com/tektoncd/hub' ...
  got v0.0.0-20160811212531-371fbbdaa898
  has 475 dependencies
Evaluating 'github.com/Uptycs/basequery-go' ...
  got v0.34.0
  has 51 dependencies
Evaluating 'github.com/protolambda/bls12-381-util' ...
  got v0.1.0
  has 2 dependencies
Evaluating 'github.com/nuntiodev/sdks' ...
  ! module not resolved
Evaluating 'github.com/go-redis/redis/extra/redisotel/v9' ...
  ! module not resolved
Evaluating 'github.com/oam-dev/kubevela' ...
  got v0.0.0-20240404174027-a39bec0462d2
  has 298 dependencies
Evaluating 'github.com/coreos/yaml' ...
  got v0.0.0-20141224210557-6b16a5714269
  has 0 dependencies
Evaluating 'github.com/FZambia/tarantool' ...
  got v0.3.1
  has 8 dependencies
Evaluating 'github.com/trustelem/zxcvbn' ...
  got v1.12.0
  has 1 dependencies
Evaluating 'github.com/argoproj-labs/argocd-vault-plugin' ...
  got v0.112.0
  has 555 dependencies
Evaluating 'github.com/ngrok/sqlmw' ...
  got v0.0.0-20220520173518-97c9c04efc79
  has 0 dependencies
Evaluating 'github.com/DaRealFreak/cloudflare-bp-go' ...
  got v1.0.4
  has 12 dependencies
Evaluating 'github.com/cyberdelia/templates' ...
  got v1.0.0
  has 0 dependencies
Evaluating 'github.com/TIBCOSoftware/labs-lightcrane-contrib/common/keywordreplace' ...
  got v0.5.8
  has 29 dependencies
Evaluating 'github.com/ericlagergren/aegis' ...
  got v0.0.0-20250325060835-cd0defd64358
  has 5 dependencies
Evaluating 'github.com/free5gc/nrf' ...
  got v0.0.0-20210307081110-f21760c49a8d
  has 75 dependencies
Evaluating 'github.com/go-basic/uuid' ...
  got v1.0.0
  has 0 dependencies
Evaluating 'github.com/dnscrypt/dnscrypt-proxy' ...
  got v0.6.73
  has 44 dependencies
Evaluating 'github.com/cucumber/common/messages/go/v17' ...
  got v17.1.1
  has 7 dependencies
Evaluating 'github.com/opencost/opencost' ...
  ! module not found
Evaluating 'github.com/fluxcd/flux' ...
  ! module not resolved
Evaluating 'github.com/jefferai/go-libsecret' ...
  ! module not resolved
Evaluating 'github.com/harvester/docker-machine-driver-harvester' ...
  ! module not resolved
Evaluating 'github.com/siderolabs/talos' ...
  got v1.6.0
  has 390 dependencies
Evaluating 'bitbucket.org/atlassian/go-asap/v2' ...
  got v2.17.3
  has 16 dependencies
Evaluating 'sigs.k8s.io/gcp-compute-persistent-disk-csi-driver' ...
  got v0.115.0
  has 128 dependencies
Evaluating 'github.com/sagikazarmark/locafero' ...
  got v0.12.0
  has 5 dependencies
Evaluating 'github.com/snyk/container-cli' ...
  got v0.0.0-20210105120005-909beea2cc74
  has 43 dependencies
Evaluating 'github.com/muesli/clusters' ...
  got v0.0.0-20200529215643-2700303c1762
  has 0 dependencies
Evaluating 'github.com/cucumber/messages-go/v16' ...
  got v16.0.1
  has 7 dependencies
Evaluating 'github.com/elastic/gmux' ...
  got v0.2.2
  has 26 dependencies
Evaluating 'github.com/giantswarm/k8sclient/v4' ...
  got v0.38.0
  has 352 dependencies
Evaluating 'github.com/celestiaorg/dagstore' ...
  ! module not resolved
Evaluating 'github.com/lijo-jose/glib' ...
  got v0.0.0-20191012030101-93ee72d7d646
  has 0 dependencies
Evaluating 'k8s.io/kubernetes/cmd/kubelet' ...
  ! module not resolved
Evaluating 'github.com/shenwei356/stable' ...
  got v2.2.0
  has 3 dependencies
Evaluating 'github.com/drone/drone-cli' ...
  got v0.0.0-20170731043157-88528bf4ca7e
  has 59 dependencies
Evaluating 'github.com/open-telemetry/opentelemetry-collector-contrib/receiver/sqlqueryreceiver' ...
  got v0.2.0
  has 328 dependencies
Evaluating 'github.com/open-telemetry/opentelemetry-collector-contrib/receiver/couchdbreceiver' ...
  got v0.25.1
  has 119 dependencies
Evaluating 'gopkg.in/vansante/go-ffprobe.v2' ...
  got v2.3.0
  has 0 dependencies
Evaluating 'github.com/trailofbits/go-mutexasserts' ...
  got v0.0.0-20250514102930-c1f3d2e37561
  has 0 dependencies
Evaluating 'github.com/opentracing-contrib/go-gin' ...
  got v1.1.9
  has 32 dependencies
Evaluating 'github.com/openshift/cluster-api' ...
  ! module not resolved
Evaluating 'github.com/abrander/go-supervisord' ...
  got v0.0.0-20241025195033-ca03911ce450
  has 3 dependencies
Evaluating 'github.com/go-openapi/swag/jsonname' ...
  got v0.26.0
  has 1 dependencies
Evaluating 'github.com/go-openapi/swag/jsonutils' ...
  got v0.26.0
  has 6 dependencies
Evaluating 'github.com/cilium/checkmate' ...
  got v1.0.3
  has 3 dependencies
Evaluating 'github.com/ericlagergren/subtle' ...
  got v0.0.0-20220507045147-890d697da010
  has 2 dependencies
Evaluating 'github.com/cucumber/common/gherkin/go/v22' ...
  got v22.0.0
  has 8 dependencies
Evaluating 'github.com/pandatix/go-cvss' ...
  got v1.1.1
  has 6 dependencies
Evaluating 'github.com/go-zoox/gzfly' ...
  got v2.3.5
  has 120 dependencies
Evaluating 'github.com/koordinator-sh/koordinator' ...
  ! module not found
Evaluating 'github.com/vultr/metadata' ...
  got v1.1.0
  has 0 dependencies
Evaluating 'github.com/DataDog/btf-internals' ...
  got v0.0.0-20220510090419-14c22a91224c
  has 2 dependencies
Evaluating 'github.com/siderolabs/go-retry' ...
  got v0.3.3
  has 0 dependencies
Evaluating 'github.com/shipwright-io/build' ...
  got v0.25.1
  has 133 dependencies
Evaluating 'github.com/ahmetb/gen-crd-api-reference-docs' ...
  got v0.3.0
  has 27 dependencies
Evaluating 'github.com/openziti/x509-claims' ...
  got v1.1.1
  has 4 dependencies
Evaluating 'github.com/openziti/xweb/v2' ...
  got v0.81.0
  has 178 dependencies
Evaluating 'github.com/xiaoqiu206/leaf' ...
  ! module not resolved
Evaluating 'github.com/prashantv/gostub' ...
  got v1.1.0
  has 4 dependencies
Evaluating 'github.com/TIBCOSoftware/labs-lightcrane-contrib/common/util' ...
  got v0.3.1
  has 36 dependencies
Evaluating 'github.com/gravitational/go-cassandra-native-protocol' ...
  ! module not resolved
Evaluating 'knative.dev/func' ...
  ! module not resolved
Evaluating 'github.com/containers/dnsname' ...
  got v0.4.11
  has 48 dependencies
Evaluating 'nullprogram.com/x/optparse' ...
  got v1.0.0
  has 0 dependencies
Evaluating 'x-helm.dev/apimachinery' ...
  got v1.0.1
  has 72 dependencies
Evaluating 'github.com/project-flogo/contrib/function/coerce' ...
  got v1.1.0
  has 10 dependencies
Evaluating 'github.com/aws/aws-sdk-go-v2/service/eventbridge' ...
  got v1.41.6
  has 5 dependencies
Evaluating 'github.com/babolivier/go-doh-client' ...
  got v0.0.0-20201028162107-a76cff4cb8b6
  has 0 dependencies
Evaluating './pkg' ...
  ! module not resolved
Evaluating 'github.com/aws/aws-sigv4-auth-cassandra-gocql-driver-plugin' ...
  got v1.49.12
  has 29 dependencies
Evaluating 'github.com/qmuntal/stateless' ...
  got v1.8.0
  has 0 dependencies
Evaluating 'github.com/networkservicemesh/sdk-k8s' ...
  got v0.6.2
  has 97 dependencies
Evaluating 'github.com/kube-object-storage/lib-bucket-provisioner' ...
  got v0.81.0
  has 138 dependencies
Evaluating 'github.com/aeneasr/koanf' ...
  ! module not resolved
Evaluating 'github.com/hashicorp/eventlogger/filters/encrypt' ...
  got v1.1.9
  has 41 dependencies
Evaluating 'github.com/wendal/errors' ...
  got v0.0.0-20181209125328-7f31f4b264ec
  has 0 dependencies
Evaluating 'github.com/okex/go-amino' ...
  ! module not resolved
Evaluating 'github.com/coredns/unbound' ...
  got v0.25.1
  has 230 dependencies
Evaluating 'github.com/golangplus/testing' ...
  got v0.0.0-20160111154220-45c989fe5450
  has 2 dependencies
Evaluating 'github.com/upyun/go-sdk' ...
  got v2.1.0+incompatible
  has 0 dependencies
Evaluating 'github.com/iris-contrib/formBinder' ...
  got v1.4.1
  has 1 dependencies
Evaluating 'github.com/bitrise-io/stepman' ...
  got v1.3.2
  has 30 dependencies
Evaluating 'github.com/jbowtie/gokogiri' ...
  got v0.0.0-20250107075044-de0f9d4877a5
  has 1 dependencies
Evaluating 'github.com/cydev/zero' ...
  got v0.0.0-20160322155811-4a4535dd56e7
  has 0 dependencies
Evaluating 'github.com/siderolabs/go-procfs' ...
  got v1.1.1
  has 6 dependencies
Evaluating 'github.com/mesosphere/cluster-api' ...
  ! module not resolved
Evaluating 'github.com/codeclysm/extract' ...
  got v2.2.0+incompatible
  has 5 dependencies
Evaluating 'github.com/prysmaticlabs/eth2-types' ...
  got v0.0.0-20210120143747-11b9eff30ea9
  has 5 dependencies
Evaluating 'github.com/go-openapi/swag/typeutils' ...
  got v0.26.0
  has 1 dependencies
Evaluating 'github.com/napptive/nerrors' ...
  got v0.26.0
  has 44 dependencies
Evaluating 'github.com/observiq/go-syslog/v3' ...
  got v1.1.1
  has 7 dependencies
Evaluating 'github.com/bitrise-io/bitrise-plugins-step' ...
  got v1.3.2
  has 40 dependencies
Evaluating 'github.com/Percona-Lab/client_golang' ...
  ! module not resolved
Evaluating 'github.com/charmbracelet/wish' ...
  got v1.0.0
  has 64 dependencies
Evaluating 'github.com/lightninglabs/protobuf-hex-display' ...
  ! module not resolved
Evaluating 'gerrit.o-ran-sc.org/r/ric-plt/nodeb-rnib.git/entities' ...
  got v1.2.9
  has 4 dependencies
Evaluating 'gerrit.o-ran-sc.org/r/ric-plt/nodeb-rnib.git/common' ...
  got v1.2.9
  has 4 dependencies
Evaluating 'github.com/google/go-replayers/grpcreplay' ...
  got v0.26.0
  has 35 dependencies
Evaluating 'github.com/TIBCOSoftware/flogo-lib' ...
  got v0.5.9
  has 10 dependencies
Evaluating 'github.com/bitrise-io/bitrise' ...
  got v1.0.0
  has 90 dependencies
Evaluating 'github.com/nywilken/go-cty' ...
  ! module not resolved
Evaluating 'github.com/openziti/jwks' ...
  got v2.6.1
  has 6 dependencies
Evaluating 'github.com/libp2p/go-libp2p-raft' ...
  got v0.0.0-20190825152654-46b345b51c96
  has 183 dependencies
Evaluating 'github.com/lestrrat-go/pdebug/v3' ...
  got v1.1.0
  has 7 dependencies
Evaluating 'github.com/alecthomas/assert' ...
  got v1.0.0
  has 14 dependencies
Evaluating 'github.com/oasisprotocol/deoxysii' ...
  got v1.1.0
  has 5 dependencies
Evaluating 'www.velocidex.com/golang/regparser' ...
  got v0.0.0-20190718012654-fb15b899a751
  has 8 dependencies
Evaluating 'knative.dev/eventing-ceph' ...
  got v1.4.10
  has 112 dependencies
Evaluating 'github.com/compose-spec/compose-go/v2' ...
  got v2.10.2
  has 19 dependencies
Evaluating 'github.com/gocomply/scap' ...
  got v1.1.1
  has 4 dependencies
Evaluating 'github.com/go-redis/redis/extra/rediscmd/v9' ...
  ! module not resolved
Evaluating 'github.com/dell/dell-csi-extensions/common' ...
  got v1.10.0
  has 3 dependencies
Evaluating 'github.com/johnstarich/go/regext' ...
  got v1.1.1
  has 4 dependencies
Evaluating 'github.com/rook/rook' ...
  got v0.8.1
  has 166 dependencies
Evaluating 'github.com/apache/apisix-ingress-controller' ...
  got v0.110.7
  has 365 dependencies
Evaluating 'github.com/nginx-proxy/forego' ...
  got v1.1.1
  has 13 dependencies
Evaluating 'gopkg.in/Knetic/govaluate.v3' ...
  got v3.0.0
  has 0 dependencies
Evaluating 'github.com/ktr0731/go-ansisgr' ...
  got v0.1.0
  has 0 dependencies
Evaluating 'github.com/aws/aws-sdk-go-v2/service/finspace' ...
  got v1.41.6
  has 4 dependencies
Evaluating 'github.com/thavlik/transcriber' ...
  got v12.0.0
  has 71 dependencies
Evaluating 'github.com/signintech/gopdf' ...
  got v1.0.14-0.20211212211723-1f10f9844311
  has 2 dependencies
Evaluating 'github.com/open-telemetry/opentelemetry-collector-contrib/receiver/windowsperfcountersreceiver' ...
  got v0.25.1
  has 90 dependencies
Evaluating 'github.com/kubernetes-sigs/controller-runtime' ...
  ! module not resolved
Evaluating 'github.com/kairos-io/kairos/v2' ...
  got v0.1.1
  has 115 dependencies
Evaluating 'github.com/go-zoox/socks5' ...
  got v2.0.2
  has 29 dependencies
Evaluating 'github.com/didi/gendry' ...
  got v1.4.0
  has 7 dependencies
Evaluating 'github.com/tomnomnom/waybackurls' ...
  got v0.1.0
  has 0 dependencies
Evaluating 'github.com/osmosis-labs/osmosis/x/ibc-hooks' ...
  got v1.2.1
  has 769 dependencies
Evaluating 'github.com/praserx/ipconv' ...
  got v1.2.2
  has 0 dependencies
Evaluating 'github.com/siderolabs/net' ...
  got v1.1.1
  has 4 dependencies
Evaluating 'github.com/tim-ywliu/nested-logrus-formatter' ...
  got v1.1.1
  has 6 dependencies
Evaluating 'github.com/rdegges/go-ipify' ...
  got v1.0.0
  has 1 dependencies
Evaluating 'github.com/benburkert/openpgp' ...
  got v0.0.0-20160410205803-c2471f86866c
  has 5 dependencies
Evaluating 'github.com/alexkohler/nakedret' ...
  got v1.0.2
  has 6 dependencies
Evaluating 'github.com/cloudwebrtc/nats-discovery' ...
  got v0.26.0
  has 45 dependencies
Evaluating 'github.com/googleapis/google-cloud-go' ...
  ! module not resolved
Evaluating 'github.com/sina-ghaderi/poly1305' ...
  got v0.0.0-20220724002748-c5926b03988b
  has 1 dependencies
Evaluating 'github.com/sylabs/golang-x-crypto' ...
  got v0.0.0-20210902152239-d07836ab426a
  has 0 dependencies
Evaluating 'github.com/zeebo/mwc' ...
  got v1.3.0
  has 1 dependencies
Evaluating 'modernc.org/httpfs' ...
  got v1.0.6
  has 0 dependencies
Evaluating 'github.com/manyminds/api2go' ...
  got v1.1.1
  has 53 dependencies
Evaluating 'github.com/miekg/coredns-git' ...
  got v0.25.1
  has 227 dependencies
Evaluating 'github.com/adnanh/webhook' ...
  got v0.6.2
  has 18 dependencies
Evaluating 'github.com/johnstarich/go/datasize' ...
  got v1.1.1
  has 4 dependencies
Evaluating 'github.com/omec-project/metricfunc' ...
  got v0.3.0
  has 87 dependencies
Evaluating 'github.com/kylecarbs/embedded-postgres' ...
  ! module not resolved
Evaluating 'github.com/algorand/avm-abi' ...
  got v0.2.0
  has 5 dependencies
Evaluating 'go.elastic.co/apm/module/apmgorilla/v2' ...
  got v1.0.0
  has 29 dependencies
Evaluating 'gopkg.in/jinzhu/gorm.v1' ...
  got v1.0.0
  has 1 dependencies
Evaluating 'github.com/openrdap/rdap' ...
  got v2.3.2
  has 17 dependencies
Evaluating 'github.com/johnstarich/go/dns' ...
  got v1.1.1
  has 16 dependencies
Evaluating 'github.com/sylabs/sif' ...
  got v1.0.0
  has 8 dependencies
Evaluating 'github.com/codahale/rfc6979' ...
  got v0.0.0-20141003034818-6a90f24967eb
  has 0 dependencies
Evaluating 'github.com/labring/sealos' ...
  got v5.1.1+incompatible
  has 0 dependencies
Evaluating 'github.com/sbinet/npyio' ...
  got v0.3.1
  has 20 dependencies
Evaluating 'sigs.k8s.io/kubebuilder/v3' ...
  got v1.4.1
  has 20 dependencies
Evaluating 'github.com/Do3eDev/go-gcloud-engine' ...
  got v0.25.1
  has 199 dependencies
Evaluating 'github.com/gohugoio/testmodBuilder/mods' ...
  got v0.0.0-20201018083854-72e1e0c33291
  has 0 dependencies
Evaluating 'github.com/blevesearch/go-metrics' ...
  got v0.0.0-20201227073835-cf1acfcdf475
  has 0 dependencies
Evaluating 'github.com/alexellis/arkade' ...
  got v0.7.0
  has 87 dependencies
Evaluating 'github.com/calee0219/fatal' ...
  got v0.0.1
  has 0 dependencies
Evaluating 'github.com/AdamKorcz/go-118-fuzz-build' ...
  got v0.0.0-20230811130428-ced1acdcaa24
  has 8 dependencies
Evaluating 'github.com/mattermost/mattermost-cloud' ...
  got v1.0.0
  has 167 dependencies
Evaluating 'github.com/omegaup/quark' ...
  got v0.0.0-20190523213315-cbe66965904d
  has 39 dependencies
Evaluating 'fortio.org/scli' ...
  got v1.2.1
  has 12 dependencies
Evaluating 'github.com/vearutop/statigz' ...
  got v1.1.1
  has 7 dependencies
Evaluating 'github.com/siderolabs/go-circular' ...
  got v1.1.1
  has 12 dependencies
Evaluating 'github.com/square/go-sq-metrics' ...
  got v0.0.0-20250401214520-65e299d6c5c9
  has 1 dependencies
Evaluating 'github.com/captncraig/cors' ...
  got v0.0.0-20190703115713-e80254a89df1
  has 0 dependencies
Evaluating 'github.com/hashicorp/terraform-provider-azuread' ...
  got v0.82.0
  has 179 dependencies
Evaluating 'github.com/libopenstorage/systemutils' ...
  got v3.4.0
  has 20 dependencies
Evaluating 'github.com/aerokube/selenoid' ...
  got v0.0.0-20230124172434-306776ec8161
  has 58 dependencies
Evaluating 'github.com/NVIDIA/gpu-operator' ...
  got v0.81.0
  has 304 dependencies
Evaluating 'go.opentelemetry.io/collector/connector/forwardconnector' ...
  got v2.3.0
  has 63 dependencies
Evaluating 'github.com/jeffashton/win_pdh' ...
  got v0.0.0-20161109143554-76bb4ee9f0ab
  has 0 dependencies
Evaluating 'github.com/ericlagergren/polyval' ...
  got v0.0.0-20230805202542-18692a1b76f9
  has 7 dependencies
Evaluating 'github.com/prysmaticlabs/grpc-gateway/v2' ...
  ! module not resolved
Evaluating 'github.com/muesli/kmeans' ...
  got v0.0.0-20170609003504-e2365dfdc4a0
  has 5 dependencies
Evaluating 'github.com/open-telemetry/opentelemetry-collector-contrib/receiver/rabbitmqreceiver' ...
  got v0.25.1
  has 119 dependencies
Evaluating 'github.com/mb0/diff' ...
  got v0.0.0-20131118162322-d8d9a906c24d
  has 0 dependencies
Evaluating 'github.com/newrelic/go-agent/v3/integrations/nrmysql' ...
  got v0.34.0
  has 42 dependencies
Evaluating 'github.com/siderolabs/crypto' ...
  got v1.1.1
  has 10 dependencies
Evaluating 'github.com/gravitational/configure' ...
  got v0.0.0-20190718012654-fb15b899a751
  has 11 dependencies
Evaluating 'github.com/flatcar/container-linux-config-transpiler' ...
  got v0.53.0
  has 89 dependencies
Evaluating 'github.com/okex/exchain' ...
  got v1.1.6
  has 167 dependencies
Evaluating 'github.com/emissary-ingress/emissary/v3' ...
  got v0.19.2
  has 180 dependencies
Evaluating 'github.com/mozillazg/go-slugify' ...
  got v0.2.0
  has 1 dependencies
Evaluating 'go.elastic.co/apm/module/apmgrpc' ...
  got v0.26.0
  has 47 dependencies
Evaluating 'github.com/temporalio/cli' ...
  ! module not found
Evaluating 'github.com/xconstruct/go-pushbullet' ...
  got v0.0.0-20171206132031-67759df45fbb
  has 0 dependencies
Evaluating 'github.com/nats-io/cliprompts/v2' ...
  got v2.3.7
  has 26 dependencies
Evaluating 'gerrit.o-ran-sc.org/r/com/golog.git' ...
  ! module not resolved
Evaluating 'github.com/juju/version' ...
  got v1.1.9
  has 42 dependencies
Evaluating 'go.etcd.io/etcd/raft' ...
  got v3.3.27+incompatible
  has 16 dependencies
Evaluating 'github.com/libgit2/git2go/v30' ...
  got v0.0.0-20191202100458-e7afc7fbc510
  has 6 dependencies
Evaluating 'github.com/pivotal-golang/lager' ...
  got v2.0.0+incompatible
  has 0 dependencies
Evaluating 'github.com/cyberark/conjur-opentelemetry-tracer' ...
  got v2.3.0
  has 16 dependencies
Evaluating 'github.com/geek1011/easy-novnc' ...
  got v1.1.0
  has 16 dependencies
Evaluating 'github.com/openziti/ziti' ...
  got v0.6.0
  has 205 dependencies
Evaluating 'github.com/projectcalico/kubernetes-apiserver' ...
  ! module not resolved
Evaluating 'go.opentelemetry.io/collector/pipeline' ...
  got v1.1.1
  has 4 dependencies
Evaluating 'github.com/shabbyrobe/gocovmerge' ...
  got v0.0.0-20230507112040-c3350d9342df
  has 7 dependencies
Evaluating 'github.com/notaryproject/notation-go' ...
  got v0.0.0-20221128193559-754e69321358
  has 45 dependencies
Evaluating 'aidanwoods.dev/go-result' ...
  got v0.3.1
  has 4 dependencies
Evaluating 'github.com/open-telemetry/opentelemetry-collector-contrib/receiver/cloudfoundryreceiver' ...
  got v0.25.1
  has 123 dependencies
Evaluating 'github.com/elgs/gostrgen' ...
  got v0.0.0-20251010065124-dce324c66371
  has 0 dependencies
Evaluating 'github.com/zitadel/oidc/v2' ...
  got v1.1.1
  has 27 dependencies
Evaluating 'github.com/muhlemmer/gu' ...
  got v0.3.1
  has 0 dependencies
Evaluating 'github.com/osmosis-labs/osmosis/osmoutils' ...
  got v1.2.1
  has 746 dependencies
Evaluating 'github.com/decred/dcrd/dcrec/edwards/v2' ...
  got v0.0.0-20170116200512-5312a6153412
  has 7 dependencies
Evaluating 'github.com/oam-dev/terraform-config-inspect' ...
  got v1.2.2
  has 28 dependencies
Evaluating 'github.com/wagoodman/go-presenter' ...
  got v0.0.0-20211015174752-f9c01afc824b
  has 0 dependencies
Evaluating 'github.com/bep/go-tocss' ...
  got v0.6.0
  has 4 dependencies
Evaluating 'github.com/Do3eDev/go-shopify-request' ...
  got v0.25.1
  has 200 dependencies
Evaluating 'github.com/libdns/duckdns' ...
  got v0.3.0
  has 10 dependencies
Evaluating 'github.com/openshift/elasticsearch-operator' ...
  got v0.65.0
  has 205 dependencies
Evaluating 'github.com/fluxcd/flagger' ...
  got v0.20.0
  has 101 dependencies
Evaluating 'github.com/sina-ghaderi/rabaead' ...
  got v0.0.0-20220724002748-c5926b03988b
  has 3 dependencies
Evaluating 'github.com/johannesboyne/gofakes3' ...
  got v1.36.3
  has 36 dependencies
Evaluating 'github.com/bitrise-io/gows' ...
  got v0.0.0-20210505121718-07411d72e36e
  has 18 dependencies
Evaluating 'github.com/dustmop/soup' ...
  got v1.1.1
  has 5 dependencies
Evaluating 'github.com/RyuaNerin/go-krypto' ...
  got v1.0.0
  has 2 dependencies
Evaluating 'github.com/peterhellberg/duration' ...
  got v0.0.2
  has 0 dependencies
Evaluating 'github.com/Nerzal/gocloak/v10' ...
  got v10.0.1
  has 17 dependencies
Evaluating 'github.com/shurcooL/github_flavored_markdown' ...
  got v0.2.0
  has 25 dependencies
Evaluating 'github.com/milvus-io/milvus-proto/go-api/v2' ...
  got v1.5.2
  has 7 dependencies
Evaluating 'github.com/open-telemetry/opentelemetry-collector-contrib/receiver/nginxreceiver' ...
  got v0.25.1
  has 172 dependencies
Evaluating 'github.com/procyon-projects/chrono' ...
  ! module not resolved
Evaluating 'github.com/azure/go-autorest/autorest/mocks' ...
  ! module not resolved
Evaluating 'github.com/tendermint/spm' ...
  ! module not resolved
Evaluating 'github.com/nullrocks/identicon' ...
  ! module not resolved
Evaluating 'github.com/ignite-hq/cli' ...
  ! module not resolved
Evaluating 'github.com/go-openapi/swag/yamlutils' ...
  got v0.26.0
  has 8 dependencies
Evaluating 'gocloud.dev/docstore/mongodocstore' ...
  got v0.25.1
  has 157 dependencies
Evaluating 'github.com/hashicorp/terraform-provider-helm' ...
  got v0.0.0-20160811212531-371fbbdaa898
  has 438 dependencies
Evaluating 'github.com/jeremyje/gomain' ...
  got v0.11.0
  has 1 dependencies
Evaluating 'kubedb.dev/mysql' ...
  ! module not resolved
Evaluating 'github.com/cloudreve/Cloudreve/v3' ...
  got v0.0.0-20180421153158-65cc252bf669
  has 517 dependencies
Evaluating 'github.com/Kong/go-diff' ...
  got v1.2.2
  has 9 dependencies
Evaluating 'github.com/wangjia184/sortedset' ...
  got v0.0.0-20220209072355-af6d6d227aa7
  has 0 dependencies
Evaluating 'goauthentik.io/api/v3' ...
  got v0.3.0
  has 3 dependencies
Evaluating 'docker.io/go-docker' ...
  got v1.0.0
  has 24 dependencies
Evaluating 'github.com/rubyist/circuitbreaker' ...
  got v2.2.1+incompatible
  has 2 dependencies
Evaluating 'github.com/telepresenceio/watchable' ...
  got v1.3.0
  has 17 dependencies
Evaluating 'github.com/aliyun/ossutil' ...
  got v3.0.2+incompatible
  has 28 dependencies
Evaluating 'github.com/knative/serving' ...
  ! module not resolved
Evaluating 'github.com/couchbase/cbauth' ...
  got v0.1.19
  has 11 dependencies
Evaluating 'github.com/libp2p/go-libp2p-consensus' ...
  got v0.0.1
  has 0 dependencies
Evaluating 'github.com/notaryproject/notation-core-go' ...
  got v2.8.0
  has 6 dependencies
Evaluating 'github.com/kubeslice/router-sidecar' ...
  got v0.110.0
  has 357 dependencies
Evaluating 'github.com/solo-io/k8s-utils' ...
  got v1.0.1
  has 176 dependencies
Evaluating 'github.com/go-crypt/x' ...
  got v1.1.1
  has 5 dependencies
Evaluating 'github.com/rhnvrm/simples3' ...
  got v0.11.1
  has 0 dependencies
Evaluating 'github.com/siderolabs/go-debug' ...
  got v1.1.1
  has 9 dependencies
Evaluating 'github.com/lni/dragonboat/v3' ...
  got v0.26.0
  has 194 dependencies
Evaluating 'github.com/ernesto-jimenez/gogen' ...
  got v0.0.0-20180125220232-d7d4131e6607
  has 0 dependencies
Evaluating 'github.com/WQGroup/logger' ...
  got v0.0.17
  has 16 dependencies
Evaluating 'github.com/linkedin/goavro' ...
  got v1.0.0
  has 1 dependencies
Evaluating 'github.com/confluentinc/go-ps1' ...
  got v0.81.0
  has 151 dependencies
Evaluating 'github.com/go-zoox/packet' ...
  got v1.1.8
  has 5 dependencies
Evaluating 'github.com/MicahParks/keyfunc/v2' ...
  got v2.1.0
  has 1 dependencies
Evaluating 'github.com/go-zoox/lru' ...
  got v1.0.1
  has 0 dependencies
Evaluating 'k8s.io/cloud-provider-openstack' ...
  ! module not found
Evaluating 'github.com/pion/ice' ...
  got v1.1.0
  has 20 dependencies
Evaluating 'github.com/HeavyHorst/consul-template' ...
  got v1.0.2
  has 124 dependencies
Evaluating 'github.com/rqlite/go-sqlite3' ...
  got v1.46.0
  has 0 dependencies
Evaluating 'github.com/openziti/agent' ...
  got v0.81.0
  has 155 dependencies
Evaluating 'github.com/seal-io/ent' ...
  ! module not resolved
Evaluating 'github.com/segmentio/go-camelcase' ...
  got v0.0.0-20160726192923-7085f1e3c734
  has 0 dependencies
Evaluating 'github.com/jessevdk/go-assets' ...
  got v0.0.0-20160921144138-4f4301a06e15
  has 0 dependencies
Evaluating 'go.linka.cloud/grpc' ...
  ! module not resolved
Evaluating 'github.com/open-telemetry/opentelemetry-collector-contrib/receiver/elasticsearchreceiver' ...
  got v0.25.1
  has 154 dependencies
Evaluating 'github.com/couchbase/vbmap' ...
  got v0.0.0-20260422163712-cb266f616607
  has 0 dependencies
Evaluating 'github.com/mainflux/senml' ...
  got v1.1.0
  has 8 dependencies
Evaluating 'github.com/samber/oops' ...
  got v1.1.1
  has 17 dependencies
Evaluating 'github.com/douyu/jupiter' ...
  got v1.14.0
  has 332 dependencies
Evaluating 'github.com/siderolabs/gen' ...
  got v1.1.1
  has 5 dependencies
Evaluating 'github.com/bufbuild/connect-grpchealth-go' ...
  got v1.5.1
  has 5 dependencies
Evaluating 'github.com/kylecarbs/terraform-config-inspect' ...
  ! module not resolved
Evaluating 'rogchap.com/v8go' ...
  got v0.9.0
  has 0 dependencies
Evaluating 'github.com/pion/srtp' ...
  got v1.1.1
  has 15 dependencies
Evaluating 'github.com/AlexAkulov/clickhouse-backup' ...
  got v0.104.0
  has 89 dependencies
Evaluating 'github.com/3andne/restls-client-go' ...
  got v0.1.6
  has 10 dependencies
Evaluating 'github.com/wal-g/storages' ...
  got v0.60.0
  has 88 dependencies
Evaluating 'github.com/atomix/api' ...
  ! module not resolved
Evaluating 'github.com/ethereum-optimism/optimism' ...
  got v0.5.0
  has 264 dependencies
Evaluating 'github.com/glinton/ping' ...
  got v0.1.3
  has 4 dependencies
Evaluating 'github.com/jefferai/keyring' ...
  ! module not resolved
Evaluating 'github.com/newrelic/go-agent/v3/integrations/nrsqlite3' ...
  got v1.0.0
  has 2 dependencies
Evaluating 'modernc.org/z' ...
  got v1.0.1
  has 18 dependencies
Evaluating 'github.com/kataras/iris' ...
  got v0.26.0
  has 133 dependencies
Evaluating 'github.com/Intevation/jsonpath' ...
  got v1.3.0
  has 5 dependencies
Evaluating 'github.com/open-telemetry/opentelemetry-collector-contrib/receiver/splunkhecreceiver' ...
  got v0.25.1
  has 172 dependencies
Evaluating 'github.com/ALTree/bigfloat' ...
  got v0.2.0
  has 0 dependencies
Evaluating 'github.com/go-crypt/crypt' ...
  got v1.1.1
  has 6 dependencies
Evaluating 'github.com/openziti/ziti-db-explorer' ...
  got v0.0.0-20211106181442-e4c1a74c66bd
  has 27 dependencies
Evaluating 'github.com/jmalloc/echo-server' ...
  got v1.4.2
  has 3 dependencies
Evaluating 'github.com/go-openapi/swag/mangling' ...
  got v0.26.0
  has 1 dependencies
Evaluating 'github.com/couchbase/mossScope' ...
  got v1.0.2
  has 12 dependencies
Evaluating 'github.com/beego/goyaml2' ...
  got v0.0.0-20130207012346-5545475820dd
  has 1 dependencies
Evaluating 'github.com/openziti/dilithium' ...
  got v0.81.0
  has 278 dependencies
Evaluating 'github.com/aclements/go-moremath' ...
  got v0.0.0-20241023150245-c8bbc672ef66
  has 1 dependencies
Evaluating 'github.com/siderolabs/go-tail' ...
  got v1.1.1
  has 4 dependencies
Evaluating 'github.com/sina-ghaderi/rabbitio' ...
  got v0.0.0-20220730151941-9ce26f4f872e
  has 0 dependencies
Evaluating 'github.com/mozillazg/go-cos' ...
  got v1.0.0
  has 2 dependencies
Evaluating 'github.com/dbason/opensearch-k8s-operator/opensearch-operator' ...
  ! module not resolved
Evaluating 'github.com/ava-labs/avalanchego' ...
  got v1.18.1
  has 179 dependencies
Evaluating 'github.com/go-gost/plugin' ...
  got v1.7.0
  has 25 dependencies
Evaluating 'github.com/chef/chef-workstation/components/main-chef-wrapper' ...
  got v1.6.0
  has 46 dependencies
Evaluating 'github.com/jonstaryuk/gcloudzap' ...
  got v0.25.1
  has 191 dependencies
Evaluating 'gorm.io/plugin/prometheus' ...
  got v0.65.0
  has 106 dependencies
Evaluating 'github.com/minio/crc64nvme' ...
  got v2.2.9
  has 2 dependencies
Evaluating 'github.com/kaspanet/kaspad' ...
  got v0.16.2
  has 72 dependencies
Evaluating 'sigs.k8s.io/cluster-api-provider-aws/v2' ...
  got v1.5.1
  has 440 dependencies
Evaluating 'github.com/kylecarbs/opencensus-go' ...
  ! module not resolved
Evaluating 'github.com/sigurn/crc16' ...
  got v0.0.0-20240131213347-83fcde1e29d1
  has 0 dependencies
Evaluating 'github.com/metacubex/gvisor' ...
  got v1.1.2
  has 3 dependencies
Evaluating 'github.com/libdns/digitalocean' ...
  got v0.3.0
  has 19 dependencies
Evaluating 'github.com/danielpaulus/quicktime_video_hack' ...
  got v1.5.0
  has 25 dependencies
Evaluating 'github.com/hashicorp/dbassert' ...
  got v1.0.1
  has 76 dependencies
Evaluating 'github.com/openebs/zfs-localpv' ...
  got v0.54.0
  has 233 dependencies
Evaluating 'github.com/kylecarbs/spinner' ...
  ! module not resolved
Evaluating 'github.com/whyrusleeping/ledger-filecoin-go' ...
  ! module not resolved
Evaluating 'github.com/openziti/runzmd' ...
  got v2.7.0
  has 33 dependencies
Evaluating 'github.com/ecies/go/v2' ...
  got v1.7.0
  has 144 dependencies
Evaluating 'github.com/couchbase/cbsummary' ...
  got v0.0.0-20250320215530-4b185fb7d5f0
  has 0 dependencies
Evaluating 'github.com/argoproj-labs/argo-dataflow' ...
  got v0.81.0
  has 136 dependencies
Evaluating 'github.com/kubeflow/pipelines/third_party/ml-metadata' ...
  got v1.5.3
  has 7 dependencies
Evaluating 'github.com/kpacha/binder' ...
  got v0.10.0
  has 16 dependencies
Evaluating 'github.com/deroproject/graviton' ...
  got v0.0.0-20220130070622-2c248a53b2e1
  has 6 dependencies
Evaluating 'github.com/hashicorp/vagrant-plugin-sdk' ...
  got v0.26.0
  has 95 dependencies
Evaluating 'github.com/projectdiscovery/nuclei-updatecheck-api' ...
  got v0.65.0
  has 328 dependencies
Evaluating 'github.com/hashicorp/vagrant' ...
  got v2.4.9+incompatible
  has 0 dependencies
Evaluating 'github.com/bombsimon/wsl' ...
  got v1.2.8
  has 9 dependencies
Evaluating 'github.com/jedisct1/go-hpke-compact' ...
  got v1.1.1
  has 15 dependencies
Evaluating 'github.com/buckket/go-blurhash' ...
  got v1.1.0
  has 0 dependencies
Evaluating 'github.com/chigopher/pathlib' ...
  got v0.19.1
  has 18 dependencies
Evaluating 'github.com/napptive/grpc-common-go' ...
  got v1.3.3
  has 12 dependencies
Evaluating 'github.com/pion/sdp/v2' ...
  got v1.1.0
  has 7 dependencies
Evaluating 'github.com/danielpaulus/gst' ...
  got v0.0.0-20200201205042-e6d2974fceb8
  has 1 dependencies
Evaluating 'github.com/gravitational/go-libfido2' ...
  ! module not resolved
Evaluating 'gerrit.o-ran-sc.org/r/ric-plt/nodeb-rnib.git/reader' ...
  got v1.2.7
  has 11 dependencies
Evaluating 'github.com/mgutz/logxi' ...
  got v0.0.0-20161027140823-aebf8a7d67ab
  has 0 dependencies
Evaluating 'github.com/rabbitmq/rabbitmq-stream-go-client' ...
  got v3.4.0
  has 29 dependencies
Evaluating 'github.com/IrineSistiana/mosdns/v5' ...
  got v1.2.1
  has 86 dependencies
Evaluating 'github.com/opsramp/opentelemetry-collector-contrib/exporter/opsrampotlpexporter' ...
  ! module not resolved
Evaluating 'github.com/pachyderm/pachyderm/v2' ...
  ! module not found
Evaluating 'github.com/gin-contrib/expvar' ...
  got v0.1.3
  has 55 dependencies
Evaluating 'github.com/allanpk716/limiter/v3' ...
  ! module not resolved
Evaluating 'github.com/iris-contrib/i18n' ...
  got v1.1.1
  has 7 dependencies
Evaluating 'github.com/confluentinc/ccloud-sdk-go-v2/kafka-quotas' ...
  got v0.65.0
  has 70 dependencies
Evaluating 'github.com/lxc/lxd' ...
  ! module not resolved
Evaluating 'github.com/hashicorp/go-cty-funcs/encoding' ...
  got v1.1.0
  has 15 dependencies
Evaluating 'github.com/lestrrat-go/envload' ...
  got v0.0.0-20180220234015-a3eb8ddeffcc
  has 0 dependencies
Evaluating 'github.com/opsramp/haproxyconfigparser' ...
  got v1.1.0
  has 1 dependencies
Evaluating 'github.com/skycoin/skywire' ...
  got v0.0.2
  has 452 dependencies
Evaluating 'github.com/aquasecurity/bolt-fixtures' ...
  got v0.0.0-20200903104109-d34e7f983986
  has 21 dependencies
Evaluating 'github.com/gagliardetto/binary' ...
  got v1.1.0
  has 33 dependencies
Evaluating 'github.com/pachyderm/dex' ...
  got v2.13.0+incompatible
  has 0 dependencies
Evaluating 'github.com/fcjr/aia-transport-go' ...
  got v1.3.0
  has 0 dependencies
Evaluating 'github.com/tomwright/dasel' ...
  got v1.1.1
  has 38 dependencies
Evaluating 'github.com/metakeule/fmtdate' ...
  ! module not resolved
Evaluating 'github.com/hashicorp/go-cty-funcs/encoding' ...
  got v1.1.0
  has 15 dependencies
Evaluating 'github.com/nats-io/gnatsd' ...
  got v1.4.1
  has 6 dependencies
Evaluating 'github.com/libvirt/libvirt-go' ...
  got v7.4.0+incompatible
  has 0 dependencies
Evaluating 'github.com/tinkerbell/tink' ...
  got v1.0.1
  has 128 dependencies
Evaluating 'github.com/d4l3k/messagediff' ...
  got v1.2.1
  has 0 dependencies
Evaluating 'github.com/jaegertracing/jaeger/cmd/opentelemetry' ...
  got v0.65.0
  has 480 dependencies
Evaluating 'github.com/milvus-io/gorocksdb' ...
  got v0.0.0-20220624081344-8c5f4212846b
  has 0 dependencies
Evaluating 'github.com/clipperhouse/uax29/v2' ...
  got v2.7.0
  has 0 dependencies
Evaluating 'github.com/haproxytech/client-native/v2' ...
  got v0.3.1
  has 86 dependencies
Evaluating 'github.com/spiegel-im-spiegel/errs' ...
  ! module not resolved
Evaluating 'github.com/datarhei/gosrt' ...
  got v0.0.0-20160410205803-c2471f86866c
  has 9 dependencies
Evaluating 'github.com/mattermost/rotator' ...
  got v0.65.0
  has 224 dependencies
Evaluating 'github.com/kralicky/cortex' ...
  ! module not resolved
Evaluating 'github.com/skycoin/noise' ...
  got v0.0.0-20180327030543-2492fe189ae6
  has 5 dependencies
Evaluating 'github.com/gobuffalo/buffalo' ...
  got v1.2.1
  has 59 dependencies
Evaluating 'github.com/anacrolix/utp' ...
  got v0.34.0
  has 107 dependencies
Evaluating 'github.com/cloudfoundry-samples/test-app' ...
  got v0.0.0-20140625234703-b8a35001b773
  has 4 dependencies
Evaluating 'github.com/go-zoox/ip' ...
  got v1.1.0
  has 29 dependencies
Evaluating 'github.com/kubesphere/pvc-autoresizer' ...
  got v0.65.0
  has 204 dependencies
Evaluating 'github.com/peterbourgon/mergemap' ...
  got v0.0.1
  has 0 dependencies
Evaluating 'github.com/idoubi/goz' ...
  got v1.1.0
  has 34 dependencies
Evaluating 'github.com/aws/amazon-kinesis-streams-for-fluent-bit' ...
  got v1.7.3
  has 27 dependencies
Evaluating 'github.com/superfly/fly-checks' ...
  got v0.0.0-20230510154016-d189351293f2
  has 0 dependencies
Evaluating 'gopkg.in/fatih/set.v0' ...
  got v0.2.1
  has 0 dependencies
Evaluating 'github.com/ArthurHlt/gominlog' ...
  got v0.0.0-20170402142412-72eebf980f46
  has 4 dependencies
Evaluating 'github.com/ravendb/ravendb-go-client' ...
  got v1.1.1
  has 11 dependencies
Evaluating 'github.com/ftrvxmtrx/fd' ...
  got v0.0.0-20150925145434-c6d800382fff
  has 0 dependencies
Evaluating 'github.com/openziti/secretstream' ...
  got v0.1.49
  has 5 dependencies
Evaluating 'github.com/src-d/enry/v2' ...
  got v1.1.0
  has 9 dependencies
Evaluating 'github.com/cloudtty/cloudtty' ...
  got v0.0.0-20210617225240-d185dfc1b5a1
  has 124 dependencies
Evaluating 'github.com/aws/amazon-kinesis-firehose-for-fluent-bit' ...
  got v1.7.3
  has 22 dependencies
Evaluating 'github.com/kubernetes-client/go-base' ...
  got v0.0.0-20190205182333-3d0e39759d98
  has 0 dependencies
Evaluating 'github.com/micro/micro/v3' ...
  got v0.110.0
  has 360 dependencies
Evaluating 'github.com/casdoor/oss' ...
  got v0.110.8
  has 41 dependencies
Evaluating 'github.com/falcosecurity/falcosidekick' ...
  got v0.25.1
  has 586 dependencies
Evaluating 'github.com/cloudflare/backoff' ...
  got v0.0.0-20240920015135-e46b80a3a7d0
  has 0 dependencies
Evaluating 'github.com/hashicorp/go-kms-wrapping/extras/kms/v2' ...
  got v0.107.0
  has 250 dependencies
Evaluating 'github.com/hashicorp/boundary' ...
  got v1.5.1
  has 214 dependencies
Evaluating 'github.com/google/dnsmasq_exporter' ...
  got v0.65.0
  has 97 dependencies
Evaluating 'github.com/axiomhq/axiom-go' ...
  got v1.3.0
  has 244 dependencies
Evaluating 'github.com/kralicky/ragu' ...
  got v0.110.0
  has 152 dependencies
Evaluating 'github.com/scylladb/termtables' ...
  got v0.0.0-20170405184538-bcbc5dc54055
  has 3 dependencies
Evaluating 'github.com/elastic/apm-server' ...
  ! module not resolved
Evaluating 'github.com/kralicky/totem' ...
  got v1.34.1-20240508200655-46a4cf4ba109.1
  has 239 dependencies
Evaluating 'sigs.k8s.io/structured-merge-diff/v2' ...
  got v1.1.0
  has 10 dependencies
Evaluating 'github.com/sap/cloud-mta' ...
  ! module not resolved
Evaluating 'github.com/juju/schema' ...
  got v1.2.0
  has 3 dependencies
Evaluating 'github.com/jon4hz/hashconv' ...
  got v1.0.0
  has 1 dependencies
Evaluating 'github.com/tailor-inc/graphql' ...
  got v1.1.1
  has 4 dependencies
Evaluating 'github.com/pyroscope-io/otel-profiling-go' ...
  ! module not resolved
Evaluating 'github.com/google/go-github/v24' ...
  got v1.2.0
  has 8 dependencies
Evaluating 'github.com/containerd/cri-containerd' ...
  ! module not resolved
Evaluating 'github.com/guregu/dynamo' ...
  got v1.48.10
  has 12 dependencies
Evaluating 'github.com/mesosphere/dkp-cli-runtime/core' ...
  got v2.0.2
  has 18 dependencies
Evaluating 'github.com/aws/aws-sdk-go-v2/feature/rds/auth' ...
  got v1.41.6
  has 2 dependencies
Evaluating 'github.com/go-openapi/swag/conv' ...
  got v0.26.0
  has 2 dependencies
Evaluating 'github.com/mudler/edgevpn' ...
  got v0.81.0
  has 415 dependencies
Evaluating 'github.com/go-openapi/swag/fileutils' ...
  got v0.26.0
  has 1 dependencies
Evaluating 'github.com/confluentinc/ccloud-sdk-go-v2/metrics' ...
  got v0.65.0
  has 70 dependencies
Evaluating 'github.com/sbabiv/xml2map' ...
  got v1.2.0
  has 1 dependencies
Evaluating 'github.com/skycoin/yamux' ...
  got v0.0.0-20200803175205-571ceb89da9f
  has 4 dependencies
Evaluating 'github.com/bren2010/proquint' ...
  got v0.0.0-20201027163346-95122a84635f
  has 0 dependencies
Evaluating 'github.com/acheong08/endless' ...
  ! module not resolved
Evaluating 'github.com/shenwei356/csvtk' ...
  got v0.5.0
  has 53 dependencies
Evaluating 'github.com/twmb/go-rbtree' ...
  got v1.0.0
  has 0 dependencies
Evaluating 'github.com/disiqueira/gotree' ...
  got v1.0.0
  has 0 dependencies
Evaluating 'github.com/spiegel-im-spiegel/go-cvss' ...
  ! module not resolved
Evaluating 'github.com/open-telemetry/opentelemetry-collector-contrib/receiver/receivercreator' ...
  got v1.0.1
  has 161 dependencies
Evaluating 'github.com/ismdeep/args' ...
  got v0.0.2
  has 0 dependencies
Evaluating 'github.com/coredns/federation' ...
  got v0.25.1
  has 377 dependencies
Evaluating 'github.com/BurntSushi/ty' ...
  got v0.0.0-20140213233908-6add9cd6ad42
  has 0 dependencies
Evaluating 'github.com/nutanix-cloud-native/prism-go-client' ...
  got v3.4.0
  has 112 dependencies
Evaluating 'github.com/cosmos/gaia/v9' ...
  ! module not found
Evaluating 'github.com/openvex/discovery' ...
  got v0.0.0-20230301143203-a9d515a09cc2
  has 98 dependencies
Evaluating 'github.com/golangci/plugin-module-register' ...
  got v0.1.2
  has 1 dependencies
Evaluating 'github.com/mickael-kerjean/saml' ...
  got v1.4.0
  has 33 dependencies
Evaluating 'github.com/abiosoft/semaphore' ...
  got v0.0.0-20240818083615-bc6b5b10c137
  has 0 dependencies
Evaluating 'github.com/shreddedbacon/wabbit' ...
  got v0.0.0-20200419104837-5b7b769d7204
  has 0 dependencies
Evaluating 'github.com/orandin/lumberjackrus' ...
  got v1.1.1
  has 7 dependencies
Evaluating 'github.com/steveteuber/kubectl-graph' ...
  got v0.0.0-20210617225240-d185dfc1b5a1
  has 72 dependencies
Evaluating 'github.com/gagliardetto/treeout' ...
  got v0.1.4
  has 0 dependencies
Evaluating 'github.com/confluentinc/ccloud-sdk-go-v2/service-quota' ...
  got v0.3.0
  has 5 dependencies
Evaluating 'github.com/mxschmitt/golang-combinations' ...
  got v1.2.0
  has 0 dependencies
Evaluating 'github.com/0xAX/notificator' ...
  got v0.0.0-20220220101646-ee9b8921e557
  has 0 dependencies
Evaluating 'github.com/gin-contrib/timeout' ...
  got v0.1.3
  has 55 dependencies
Evaluating 'aqwari.net/xml' ...
  got v0.0.0-20210331023308-d9421b293817
  has 9 dependencies
Evaluating 'github.com/confluentinc/ccloud-sdk-go-v2/cdx' ...
  got v0.65.0
  has 70 dependencies
Evaluating 'github.com/lestrrat-go/envload' ...
  got v0.0.0-20180220234015-a3eb8ddeffcc
  has 0 dependencies
Evaluating 'github.com/smira/go-statsd' ...
  got v1.3.4
  has 0 dependencies
Evaluating 'github.com/spiffe/tornjak' ...
  got v3.2.0+incompatible
  has 52 dependencies
Evaluating 'github.com/jjcollinge/logrus-appinsights' ...
  got v1.68.0
  has 23 dependencies
Evaluating 'github.com/greenpau/go-authcrunch' ...
  got v0.1.0
  has 65 dependencies
Evaluating 'github.com/solo-io/cue' ...
  got v0.26.0
  has 120 dependencies
Evaluating 'github.com/cheshir/go-mq/v2' ...
  got v0.0.0-20200407214033-5883e5a4b512
  has 416 dependencies
Evaluating 'github.com/ipld/go-ipld-adl-hamt' ...
  got v1.14.3
  has 35 dependencies
Evaluating 'bitbucket.org/kaesystems/robolaunch' ...
  got v0.3.6
  has 294 dependencies
Evaluating 'github.com/yerden/go-util' ...
  got v0.0.0-20181115013041-b67df6e626f9
  has 2 dependencies
Evaluating 'github.com/FactomProject/btcutilecc' ...
  got v0.0.0-20130527213604-d3a63a5752ec
  has 0 dependencies
Evaluating 'github.com/free5gc/MongoDBLibrary' ...
  got v0.26.0
  has 93 dependencies
Evaluating 'github.com/open-telemetry/opentelemetry-collector-contrib/processor/logstransformprocessor' ...
  got v0.25.1
  has 171 dependencies
Evaluating 'github.com/allanpk716/limiter/v3' ...
  ! module not resolved
Evaluating 'github.com/sap/cloud-mta-build-tool' ...
  ! module not resolved
Evaluating 'github.com/anchore/go-homedir' ...
  got v0.1.0
  has 0 dependencies
Evaluating 'github.com/bnb-chain/greenfield-tendermint' ...
  ! module not resolved
Evaluating 'github.com/aws/aws-sdk-go-v2/service/codedeploy' ...
  got v1.41.6
  has 4 dependencies
Evaluating 'github.com/vmware/go-vcloud-director/v2' ...
  got v0.0.0-20190622164848-0fb0a474d195
  has 11 dependencies
Evaluating 'github.com/grafana/cortex-tools' ...
  got v0.110.4
  has 254 dependencies
Evaluating 'github.com/mouuff/go-rocket-update' ...
  got v1.5.6
  has 0 dependencies
Evaluating 'github.com/josephspurrier/goversioninfo' ...
  got v0.10.2
  has 5 dependencies
Evaluating 'github.com/grafana/pyroscope-go' ...
  got v1.1.1
  has 9 dependencies
Evaluating 'github.com/werf/logboek' ...
  got v0.0.0-20180501145920-855f152bd774
  has 16 dependencies
Evaluating 'github.com/openebs/upgrade' ...
  got v0.38.0
  has 180 dependencies
Evaluating 'github.com/spectrocloud/gomi' ...
  ! module not resolved
Evaluating 'github.com/whyrusleeping/go-notifier' ...
  got v0.1.0
  has 2 dependencies
Evaluating 'github.com/elastic/go-lookslike' ...
  got v1.1.1
  has 5 dependencies
Evaluating 'github.com/bouk/httprouter' ...
  got v0.0.0-20160817010721-ee8b3818a7f5
  has 0 dependencies
Evaluating 'github.com/kralicky/gpu-operator' ...
  ! module not resolved
Evaluating 'github.com/turbot/steampipe-plugin-steampipe' ...
  got v0.15.0
  has 375 dependencies
Evaluating 'github.com/metacubex/sing-shadowsocks2' ...
  got v1.0.0
  has 32 dependencies
Evaluating 'github.com/DataDog/datadog-agent/pkg/version' ...
  got v0.78.1
  has 7 dependencies
Evaluating 'github.com/siderolabs/go-smbios' ...
  got v1.1.1
  has 6 dependencies
Evaluating 'github.com/nukleros/eks-cluster' ...
  got v0.65.0
  has 171 dependencies
Evaluating 'github.com/tigera/operator' ...
  got v1.5.1
  has 185 dependencies
Evaluating 'github.com/giantswarm/release-operator/v4' ...
  got v0.19.1
  has 275 dependencies
Evaluating 'github.com/AliyunContainerService/ack-ram-tool' ...
  ! module not found
Evaluating 'github.com/smallnest/weighted' ...
  got v0.0.0-20190408044501-666a987793e9
  has 14 dependencies
Evaluating 'github.com/direktiv/apps/go' ...
  got v0.0.0-20180116102854-5a71ef0e047d
  has 9 dependencies
Evaluating 'github.com/ismdeep/parser' ...
  got v0.0.2
  has 0 dependencies
Evaluating 'github.com/bcicen/go-haproxy' ...
  got v0.0.0-20210728173702-412d077dabc1
  has 1 dependencies
Evaluating 'github.com/kr/smartypants' ...
  got v0.1.0
  has 0 dependencies
Evaluating 'github.com/projectcalico/node' ...
  got v3.8.9+incompatible
  has 0 dependencies
Evaluating 'github.com/uselagoon/machinery' ...
  got v0.5.3
  has 16 dependencies
Evaluating 'github.com/tomwright/dasel/v2' ...
  got v2.13.0
  has 18 dependencies
Evaluating 'github.com/anaskhan96/base58check' ...
  got v0.0.0-20181220122047-b05365d494c4
  has 0 dependencies
Evaluating 'github.com/iris-contrib/i18n' ...
  got v1.1.1
  has 7 dependencies
Evaluating 'github.com/kellydunn/golang-geo' ...
  got v0.0.0-20160219214506-8d10e4a1bae5
  has 4 dependencies
Evaluating 'github.com/open-telemetry/opentelemetry-collector-contrib/receiver/sqlserverreceiver' ...
  got v0.25.1
  has 170 dependencies
Evaluating 'github.com/abdullin/seq' ...
  got v0.0.0-20160510034733-d5467c17e7af
  has 0 dependencies
Evaluating 'github.com/minio/gokrb5/v7' ...
  got v1.1.0
  has 14 dependencies
Evaluating 'github.com/kubeflow/kubeflow/components/common' ...
  got v0.0.0-20250812202812-6dbe51613019
  has 0 dependencies
Evaluating 'github.com/containous/traefik-extra-service-fabric' ...
  got v0.34.0
  has 165 dependencies
Evaluating 'github.com/SimifiniiCTO/core/core-message-queue-models' ...
  got v0.0.0-20221208070100-811cf6cf3849
  has 2 dependencies
Evaluating 'github.com/genjidb/genji' ...
  ! module not resolved
Evaluating 'github.com/carlmjohnson/requests' ...
  got v0.25.1
  has 5 dependencies
Evaluating 'github.com/c0va23/go-proxyprotocol' ...
  got v0.9.1
  has 1 dependencies
Evaluating 'github.com/caddyserver/replace-response' ...
  got v0.16.0
  has 418 dependencies
Evaluating 'github.com/Devatoria/go-nsenter' ...
  got v0.0.0-20170612091819-0aa1e5f7748c
  has 0 dependencies
Evaluating 'github.com/boyter/scc/v3' ...
  got v1.2.2-0.20250519083737-420867539855
  has 35 dependencies
Evaluating 'github.com/hashicorp/go-cty-funcs/crypto' ...
  got v1.1.0
  has 18 dependencies
Evaluating 'github.com/kralicky/gpkg' ...
  got v0.0.0-20240119195700-64f32830b14f
  has 0 dependencies
Evaluating 'github.com/decred/dcrd/crypto/ripemd160' ...
  got v1.0.2
  has 0 dependencies
Evaluating 'github.com/open-telemetry/opentelemetry-collector-contrib/exporter/coralogixexporter' ...
  got v0.25.1
  has 127 dependencies
Evaluating 'github.com/tektoncd/hub/api' ...
  got v0.72.0
  has 514 dependencies
Evaluating 'github.com/opsramp/redis' ...
  got v6.15.9+incompatible
  has 1 dependencies
Evaluating 'github.com/openebs/lvm-localpv' ...
  got v1.0.1
  has 90 dependencies
Evaluating 'github.com/osquery/osquery-go' ...
  got v0.6.2
  has 17 dependencies
Evaluating 'github.com/tonistiigi/fifo' ...
  ! module not resolved
Evaluating 'github.com/minio/hdfs/v3' ...
  got v1.1.0
  has 22 dependencies
Evaluating 'github.com/metacubex/sing-vmess' ...
  got v1.1.1
  has 11 dependencies
Evaluating 'github.com/google/go-github/v44' ...
  got v1.3.2
  has 7 dependencies
Evaluating 'knative.dev/security-guard' ...
  got v0.7.1-0.20200907061046-05415f1de66d
  has 90 dependencies
Evaluating 'github.com/milosgajdos/tenus' ...
  got v2.2.1+incompatible
  has 1 dependencies
Evaluating 'github.com/kubeedge/examples/kubeedge-counter-demo' ...
  ! module not resolved
Evaluating 'github.com/pingcap/tiflow' ...
  got v0.24.0
  has 428 dependencies
Evaluating 'github.com/clarkduvall/hyperloglog' ...
  got v0.0.0-20171127014514-a0107a5d8004
  has 0 dependencies
Evaluating 'github.com/gin-contrib/location' ...
  got v1.13.2
  has 44 dependencies
Evaluating 'github.com/envoyproxy/gateway' ...
  got v0.24.0
  has 307 dependencies
Evaluating 'github.com/prysmaticlabs/prysm/v4' ...
  got v0.2.1
  has 252 dependencies
Evaluating 'github.com/jenkins-x/logrus-stackdriver-formatter' ...
  got v0.1.0
  has 10 dependencies
Evaluating 'github.com/aojea/sloppy-netparser' ...
  got v0.0.0-20210819230639-a7bbdb117ea5
  has 10 dependencies
Evaluating 'github.com/cosmos/ibc-go' ...
  ! module not found
Evaluating 'github.com/NVIDIA/k8s-device-plugin' ...
  got v0.2.1
  has 72 dependencies
Evaluating 'github.com/oleksandr/bonjour' ...
  got v0.6.0
  has 12 dependencies
Evaluating 'github.com/filecoin-project/go-commp-utils/nonffi' ...
  ! module not resolved
Evaluating 'github.com/openebs/api/v3' ...
  got v1.1.1
  has 50 dependencies
Evaluating 'github.com/omec-project/milenage' ...
  got v1.1.0
  has 0 dependencies
Evaluating 'git.fd.io/govpp.git' ...
  got v0.5.0
  has 42 dependencies
Evaluating 'github.com/grafana/jsonnet-language-server' ...
  got v1.0.1
  has 66 dependencies
Evaluating 'github.com/sei-protocol/sei-cosmos' ...
  ! module not resolved
Evaluating 'github.com/dylanmei/winrmtest' ...
  got v1.3.5
  has 8 dependencies
Evaluating 'github.com/confluentinc/ccloud-sdk-go-v2/stream-designer' ...
  got v0.65.0
  has 70 dependencies
Evaluating 'go.uber.org/config' ...
  got v0.3.1
  has 27 dependencies
Evaluating 'github.com/hashicorp/go-cty-funcs/uuid' ...
  got v1.1.0
  has 15 dependencies
Evaluating 'github.com/kaspanet/go-muhash' ...
  got v0.0.0-20210103155950-6a8e9d1f2415
  has 8 dependencies
Evaluating 'github.com/gavinbunney/terraform-provider-kubectl' ...
  got v0.18.0
  has 381 dependencies
Evaluating 'github.com/m4rw3r/uuid' ...
  got v1.0.1
  has 0 dependencies
Evaluating 'github.com/openfaas/templates-sdk/go-http' ...
  got v0.0.0-20220408082716-5981c545cb03
  has 0 dependencies
Evaluating 'go.opentelemetry.io/contrib/detectors/gcp' ...
  got v0.9.0
  has 23 dependencies
Evaluating 'github.com/siderolabs/go-cmd' ...
  got v0.0.0-20190214190532-5111143e8da2
  has 8 dependencies
Evaluating 'github.com/filecoin-project/specs-actors/v8' ...
  got v1.1.1
  has 65 dependencies
Evaluating 'github.com/oz123/coredns-netbox-plugin' ...
  got v0.94.1
  has 220 dependencies
Evaluating 'github.com/tebeka/selenium' ...
  got v0.41.0
  has 38 dependencies
Evaluating 'github.com/rickar/props' ...
  got v1.1.0
  has 2 dependencies
Evaluating 'github.com/open-telemetry/opentelemetry-collector-contrib/exporter/influxdbexporter' ...
  got v0.25.1
  has 133 dependencies
Evaluating 'github.com/appleboy/gofight/v2' ...
  got v2.2.1
  has 4 dependencies
Evaluating 'github.com/sqs/goreturns' ...
  got v0.0.0-20231030191505-16fc3d8edd91
  has 9 dependencies
Evaluating 'github.com/mattn/go-jsonpointer' ...
  got v0.0.1
  has 0 dependencies
Evaluating 'github.com/containous/leadership' ...
  got v0.1.0
  has 1 dependencies
Evaluating 'github.com/dell/dell-csi-extensions/replication' ...
  ! module not resolved
Evaluating 'github.com/opsramp/go-expect' ...
  got v1.1.7
  has 3 dependencies
Evaluating 'github.com/anchore/go-collections' ...
  got v0.1.0
  has 4 dependencies
Evaluating 'github.com/protolambda/eth2-shuffle' ...
  got v1.1.0
  has 0 dependencies
Evaluating 'github.com/hashicorp/go-secure-stdlib/configutil/v2' ...
  got v1.23.0
  has 84 dependencies
Evaluating 'github.com/ava-labs/coreth' ...
  got v1.18.1
  has 173 dependencies
Evaluating 'github.com/ztrue/tracerr' ...
  got v0.4.0
  has 0 dependencies
Evaluating 'github.com/oam-dev/stern' ...
  ! module not resolved
Evaluating 'gopkg.in/square/go-jose.v1' ...
  got v1.1.2
  has 0 dependencies
Evaluating 'github.com/google/tcpproxy' ...
  ! module not resolved
Evaluating 'github.com/amacneil/dbmate/v2' ...
  got v0.25.1
  has 361 dependencies
Evaluating 'bou.ke/monkey' ...
  got v1.0.2
  has 0 dependencies
Evaluating 'github.com/go-gorp/gorp' ...
  got v2.2.0+incompatible
  has 0 dependencies
Evaluating 'github.com/brianstrauch/cobra-shell' ...
  got v0.81.0
  has 156 dependencies
Evaluating 'github.com/streamingfast/logging' ...
  got v1.1.0
  has 33 dependencies
Evaluating 'github.com/Intevation/gval' ...
  got v1.3.0
  has 1 dependencies
Evaluating 'github.com/confluentinc/ccloud-sdk-go-v2/iam' ...
  got v0.17.0
  has 5 dependencies
Evaluating 'github.com/djherbis/bufit' ...
  got v1.2.3
  has 0 dependencies
Evaluating 'github.com/mymmrac/telego' ...
  got v1.2.0
  has 27 dependencies
Evaluating 'github.com/streamnative/pulsarctl' ...
  got v0.3.0
  has 142 dependencies
Evaluating 'github.com/solo-io/external-apis' ...
  got v0.0.0-20160811212531-371fbbdaa898
  has 631 dependencies
Evaluating 'github.com/open-telemetry/opentelemetry-collector-contrib/exporter/azuremonitorexporter' ...
  got v0.25.1
  has 173 dependencies
Evaluating 'github.com/fly-apps/postgres-flex' ...
  got v0.4.1
  has 43 dependencies
Evaluating 'sigs.k8s.io/logtools' ...
  got v0.1.1
  has 5 dependencies
Evaluating 'github.com/loft-sh/notify' ...
  got v0.0.0-20250811133046-d79ab32e79b2
  has 1 dependencies
Evaluating 'knative.dev/eventing-contrib' ...
  got v0.0.0-20180421153158-65cc252bf669
  has 666 dependencies
Evaluating 'github.com/gabstv/go-bsdiff' ...
  got v0.0.0-20171208185109-cc9eb1d7ad76
  has 1 dependencies
Evaluating 'github.com/kenshaw/stringid' ...
  got v0.26.0
  has 52 dependencies
Evaluating 'github.com/flyteorg/flytectl' ...
  ! module not resolved
Evaluating 'github.com/opsramp/opentelemetry-collector-contrib/exporter/opsrampotlpexporter' ...
  ! module not resolved
Evaluating 'github.com/decker502/dnspod-go' ...
  got v0.2.0
  has 0 dependencies
Evaluating 'github.com/NVIDIA/go-gpuallocator' ...
  got v0.6.0
  has 7 dependencies
Evaluating 'github.com/go-json-experiment/json' ...
  got v0.0.0-20260214004413-d219187c3433
  has 0 dependencies
Evaluating 'github.com/danaugrs/go-tsne' ...
  got v0.0.0-20220306155740-2250969e057f
  has 0 dependencies
Evaluating 'github.com/gin-contrib/expvar' ...
  got v0.1.3
  has 55 dependencies
Evaluating 'github.com/jjcollinge/servicefabric' ...
  got v0.0.1
  has 0 dependencies
Evaluating 'github.com/percona/percona-server-mongodb-operator' ...
  got v0.24.0
  has 210 dependencies
Evaluating 'github.com/greenpau/caddy-security' ...
  got v1.3.0
  has 527 dependencies
Evaluating 'github.com/tensorchord/envd-server' ...
  got v1.2.1
  has 140 dependencies
Evaluating 'github.com/zeripath/zapx/v15' ...
  ! module not resolved
Evaluating 'github.com/adjust/rmq/v4' ...
  got v4.0.5
  has 31 dependencies
Evaluating 'github.com/longhorn/nsfilelock' ...
  got v0.2.1
  has 3 dependencies
Evaluating 'go.chromium.org/luci' ...
  got v0.25.1
  has 341 dependencies
Evaluating 'github.com/kubearmor/KubeArmor/KubeArmor' ...
  got v0.25.1
  has 458 dependencies
Evaluating 'github.com/google/go-flow-levee' ...
  got v1.1.1
  has 14 dependencies
Evaluating 'logur.dev/adapter/logrus' ...
  got v1.1.1
  has 7 dependencies
Evaluating 'github.com/sandertv/go-formula/v2' ...
  got v2.0.0-alpha.7
  has 1 dependencies
Evaluating 'github.com/confluentinc/ccloud-sdk-go-v2/org' ...
  got v0.11.0
  has 1 dependencies
Evaluating 'sigs.k8s.io/zeitgeist' ...
  got v1.0.1
  has 164 dependencies
Evaluating 'github.com/thejerf/suture' ...
  got v4.0.6+incompatible
  has 0 dependencies
Evaluating 'github.com/siderolabs/go-pcidb' ...
  got v1.1.1
  has 7 dependencies
Evaluating 'github.com/hashicorp/go-secure-stdlib/pluginutil/v2' ...
  got v0.110.0
  has 162 dependencies
Evaluating 'github.com/alecthomas/assert/v2' ...
  got v2.11.0
  has 2 dependencies
Evaluating 'github.com/chai2010/webp' ...
  got v1.4.0
  has 1 dependencies
Evaluating 'github.com/xendit/xendit-go' ...
  got v1.1.0
  has 17 dependencies
Evaluating 'github.com/hashicorp/go-cty-funcs/cidr' ...
  got v1.1.0
  has 15 dependencies
Evaluating 'github.com/okex/go-ethereum' ...
  ! module not resolved
Evaluating 'github.com/vespa-engine/vespa/client/go' ...
  got v1.23.2
  has 30 dependencies
Evaluating 'github.com/gitsight/go-vcsurl' ...
  got v1.1.0
  has 6 dependencies
Evaluating 'github.com/open-telemetry/opentelemetry-collector-contrib/exporter/alibabacloudlogserviceexporter' ...
  got v0.25.1
  has 237 dependencies
Evaluating 'github.com/api7/amesh' ...
  got v0.0.2
  has 23 dependencies
Evaluating 'github.com/terraform-providers/terraform-provider-template' ...
  ! module not resolved
Evaluating 'github.com/githubnemo/CompileDaemon' ...
  got v1.9.0
  has 6 dependencies
Evaluating 'github.com/hashicorp/go-cty-funcs/filesystem' ...
  got v1.1.0
  has 15 dependencies
Evaluating 'github.com/micro/go-micro' ...
  ! module not resolved
Evaluating 'github.com/sei-protocol/sei-tendermint' ...
  ! module not resolved
Evaluating 'github.com/nokia/k8s-ipam' ...
  got v0.99.0
  has 316 dependencies
Evaluating 'github.com/jolestar/go-commons-pool/v2' ...
  got v1.1.1
  has 7 dependencies
Evaluating 'github.com/gagliardetto/solana-go' ...
  got v0.16.1
  has 95 dependencies
Evaluating 'h12.io/socks' ...
  got v0.0.0-20200522160539-76189e178364
  has 2 dependencies
Evaluating 'github.com/ybbus/jsonrpc/v3' ...
  got v1.1.1
  has 4 dependencies
Evaluating 'github.com/decred/dcrd/dcrec' ...
  got v1.0.1
  has 0 dependencies
Evaluating 'go.neonxp.dev/jsonrpc2' ...
  got v0.1.0
  has 7 dependencies
Evaluating 'github.com/foomo/tlsconfig' ...
  got v1.0.1
  has 0 dependencies
Evaluating 'github.com/ulule/limiter' ...
  got v0.9.1
  has 1 dependencies
Evaluating 'github.com/coreos/clair' ...
  got v2.4.0
  has 41 dependencies
Evaluating 'github.com/controlplaneio/kubesec/v2' ...
  got v0.6.0
  has 71 dependencies
Evaluating 'github.com/cristalhq/jwt' ...
  got v1.2.0
  has 0 dependencies
Evaluating 'github.com/giantswarm/apiextensions/v2' ...
  got v0.38.0
  has 262 dependencies
Evaluating 'github.com/google/go-github/v57' ...
  got v0.6.0
  has 2 dependencies
Evaluating 'github.com/pachyderm/pachyderm/v2' ...
  ! module not found
Evaluating 'github.com/seaweedfs/seaweedfs' ...
  got v0.2.0
  has 503 dependencies
Evaluating 'github.com/awslabs/goformation/v5' ...
  got v5.4.10
  has 39 dependencies
Evaluating 'github.com/armando-couto/goutils' ...
  got v1.1.0
  has 60 dependencies
Evaluating 'github.com/yhat/scrape' ...
  got v0.0.0-20161128144610-24b7890b0945
  has 5 dependencies
Evaluating 'github.com/siddontang/go-mysql' ...
  ! module not resolved
Evaluating 'github.com/casbin/json-adapter/v2' ...
  got v3.0.1-0.20171022003610-9aa49832a739+incompatible
  has 9 dependencies
Evaluating 'github.com/opsramp/service' ...
  got v0.0.0-20190222173326-2bc1f35cddc0
  has 2 dependencies
Evaluating 'github.com/durango/go-credit-card' ...
  got v0.0.0-20220404131259-a9e175ba4082
  has 4 dependencies
Evaluating 'github.com/dbason/featureflags' ...
  got v1.1.1
  has 42 dependencies
Evaluating 'github.com/jdbaldry/go-language-server-protocol' ...
  got v0.0.0-20211013214444-3022da0884b2
  has 1 dependencies
Evaluating 'github.com/m4ns0ur/httpcache' ...
  got v0.0.0-20190611155906-901d90724c79
  has 0 dependencies
Evaluating 'github.com/cyberark/conjur-authn-k8s-client' ...
  ! module not found
Evaluating 'github.com/influxdata/apcupsd' ...
  ! module not resolved
Evaluating 'github.com/lucaslorentz/caddy-docker-proxy/v2' ...
  got v1.3.0
  has 565 dependencies
Evaluating 'github.com/containers/podman-machine-cni' ...
  got v0.8.1
  has 1 dependencies
Evaluating 'gitea.com/macaron/macaron' ...
  got v0.0.0-20190805023432-d4c86e31027a
  has 12 dependencies
Evaluating 'github.com/tychoish/fun' ...
  got v0.14.11
  has 0 dependencies
Evaluating 'github.com/confluentinc/ccloud-sdk-go-v2/connect' ...
  got v0.65.0
  has 70 dependencies
Evaluating 'github.com/libopenstorage/grpc-framework' ...
  got v0.3.0
  has 33 dependencies
Evaluating 'github.com/loft-sh/devspace' ...
  ! module not resolved
Evaluating 'github.com/scylladb/gocql' ...
  ! module not resolved
Evaluating 'github.com/libdns/gandi' ...
  got v1.1.0
  has 1 dependencies
Evaluating 'github.com/krolaw/dhcp4' ...
  got v0.0.0-20190909130307-a50d88189771
  has 5 dependencies
Evaluating 'github.com/orijtech/prometheus-go-metrics-exporter' ...
  got v0.26.0
  has 57 dependencies
Evaluating 'github.com/rancher-sandbox/cloud-init' ...
  ! module not resolved
Evaluating 'github.com/arangodb/go-driver/v2' ...
  got v2.2.0
  has 19 dependencies
Evaluating 'github.com/satori/uuid' ...
  got v1.2.0
  has 0 dependencies
Evaluating 'github.com/portworx/px-backup-api' ...
  ! module not resolved
Evaluating 'github.com/baetyl/baetyl-go' ...
  got v0.26.0
  has 124 dependencies
Evaluating 'github.com/kubernetes-sigs/aws-iam-authenticator' ...
  ! module not resolved
Evaluating 'github.com/open-telemetry/opentelemetry-collector-contrib/receiver/googlecloudspannerreceiver' ...
  got v0.25.1
  has 248 dependencies
Evaluating 'github.com/bradfitz/slice' ...
  got v0.24.0
  has 49 dependencies
Evaluating 'github.com/neo4j/neo4j-go-driver/v5' ...
  got v5.28.4
  has 0 dependencies
Evaluating 'github.com/ebitengine/purego' ...
  got v0.10.0
  has 0 dependencies
Evaluating 'kubedb.dev/postgres' ...
  ! module not resolved
Evaluating 'github.com/aws/amazon-cloudwatch-logs-for-fluent-bit' ...
  got v1.9.5
  has 26 dependencies
Evaluating 'github.com/confluentinc/ccloud-sdk-go-v2/apikeys' ...
  got v0.65.0
  has 70 dependencies
Evaluating 'github.com/abiosoft/ishell' ...
  got v2.0.0+incompatible
  has 6 dependencies
Evaluating 'github.com/sei-protocol/sei-iavl' ...
  ! module not resolved
Evaluating 'gitlab.com/NebulousLabs/errors' ...
  got v0.0.0-20200929122200-06c536cf6975
  has 0 dependencies
Evaluating 'github.com/aws/aws-sdk-go-v2/service/firehose' ...
  got v1.41.6
  has 4 dependencies
Evaluating 'github.com/spotahome/kooper/v2' ...
  got v1.0.1
  has 60 dependencies
Evaluating 'github.com/twpayne/go-vfs/v4' ...
  got v2.3.0
  has 4 dependencies
Evaluating 'github.com/banzaicloud/bank-vaults' ...
  ! module not resolved
Evaluating 'github.com/ghemawat/stream' ...
  got v0.0.0-20171120220530-696b145b53b9
  has 0 dependencies
Evaluating 'github.com/jackspirou/syscerts' ...
  got v0.0.0-20160531025014-b68f5469dff1
  has 0 dependencies
Evaluating 'github.com/paas-mate/gutil' ...
  got v1.1.1
  has 5 dependencies
Evaluating 'github.com/earthly/buildkit' ...
  ! module not resolved
Evaluating 'github.com/hashicorp/nodeenrollment' ...
  got v1.1.1
  has 52 dependencies
Evaluating 'github.com/jdkato/prose/v2' ...
  got v0.3.1
  has 30 dependencies
Evaluating 'github.com/kralicky/grafana-operator/v4' ...
  ! module not resolved
Evaluating 'maunium.net/go/maulogger/v2' ...
  got v0.1.12
  has 8 dependencies
Evaluating 'github.com/bufbuild/connect-opentelemetry-go' ...
  got v1.8.0
  has 17 dependencies
Evaluating 'github.com/phpdave11/gofpdf' ...
  got v1.0.0
  has 10 dependencies
Evaluating 'github.com/ProtonMail/gopenpgp' ...
  got v1.0.0
  has 0 dependencies
Evaluating 'github.com/go-openapi/swag/loading' ...
  got v0.26.0
  has 9 dependencies
Evaluating 'github.com/docker/docker-ce' ...
  got v17.12.1-ce-rc2+incompatible
  has 0 dependencies
Evaluating 'github.com/kylecarbs/go-httpstat' ...
  got v0.0.0-20220831233600-c91452099472
  has 0 dependencies
Evaluating 'github.com/emersion/go-webdav' ...
  got v0.0.0-20240127095438-fc1c9d8fb2b6
  has 3 dependencies
Evaluating 'github.com/open-telemetry/opentelemetry-operator' ...
  got v0.83.0
  has 511 dependencies
Evaluating 'github.com/juju/webbrowser' ...
  got v1.0.0
  has 0 dependencies
Evaluating 'github.com/open-telemetry/opentelemetry-collector-contrib/exporter/f5cloudexporter' ...
  got v0.110.8
  has 127 dependencies
Evaluating 'github.com/docker/compose' ...
  got v1.25.2
  has 0 dependencies
Evaluating 'github.com/larksuite/oapi-sdk-gin' ...
  got v1.1.9
  has 41 dependencies
Evaluating 'github.com/devtron-labs/authenticator' ...
  got v0.110.0
  has 262 dependencies
Evaluating 'github.com/opsramp/opentelemetry-collector-contrib/processor/scrubbingprocessor' ...
  ! module not resolved
Evaluating 'github.com/confluentinc/ccloud-sdk-go-v2/identity-provider' ...
  got v0.3.0
  has 5 dependencies
Evaluating 'github.com/kong/kubernetes-ingress-controller/v2' ...
  got v1.23.0
  has 184 dependencies
Evaluating 'github.com/DataDog/datadog-agent/comp/core/tagger/origindetection' ...
  got v0.78.1
  has 7 dependencies
Evaluating 'github.com/open-telemetry/opentelemetry-collector-contrib/extension/observer' ...
  got v1.1.1
  has 10 dependencies
Evaluating 'github.com/hashicorp/go-secure-stdlib' ...
  got v0.1.0
  has 0 dependencies
Evaluating 'github.com/projectsveltos/libsveltos' ...
  got v0.25.1
  has 98 dependencies
Evaluating './../..' ...
  ! module not resolved
Evaluating 'github.com/Xeoncross/go-aesctr-with-hmac' ...
  got v0.0.0-20200623134604-12b17a7ff502
  has 0 dependencies
Evaluating 'github.com/opsramp/opentelemetry-collector-contrib/processor/batchmemlimitprocessor' ...
  ! module not resolved
Evaluating 'github.com/rabbitmq/cluster-operator' ...
  got v0.0.6
  has 348 dependencies
Evaluating 'github.com/drone/drone-kaniko' ...
  got v0.6.0
  has 92 dependencies
Evaluating 'github.com/codyaray/retag' ...
  got v0.0.0-20171212084444-de3f0096c81e
  has 0 dependencies
Evaluating 'github.com/aquasecurity/trivy-checks' ...
  got v1.0.1
  has 164 dependencies
Evaluating 'github.com/stamblerre/gocode' ...
  got v1.1.0
  has 8 dependencies
Evaluating 'github.com/mennanov/fmutils' ...
  got v1.5.0
  has 5 dependencies
Evaluating 'github.com/mendsley/gojwk' ...
  got v0.0.0-20141217222730-4d5ec6e58103
  has 0 dependencies
Evaluating 'github.com/kubesphere/storageclass-accessor' ...
  ! module not resolved
Evaluating 'github.com/kralicky/zap' ...
  ! module not resolved
Evaluating 'github.com/mudler/water' ...
  got v1.1.2
  has 10 dependencies
Evaluating 'github.com/confluentinc/ccloud-sdk-go-v2/cmk' ...
  got v0.26.0
  has 1 dependencies
Evaluating 'github.com/capnm/sysinfo' ...
  got v0.0.0-20130621111458-5909a53897f3
  has 0 dependencies
Evaluating 'github.com/kralicky/yaml/v3' ...
  ! module not resolved
Evaluating 'github.com/wcharczuk/go-chart' ...
  got v0.0.0-20170609003504-e2365dfdc4a0
  has 3 dependencies
Evaluating 'github.com/bazelbuild/bazel-gazelle' ...
  got v2.0.0-1
  has 22 dependencies
Evaluating 'github.com/bitly/go-notify' ...
  got v0.0.0-20130217044602-0a148b8111d6
  has 0 dependencies
Evaluating 'github.com/opsramp/go-conntrack' ...
  ! module not resolved
Evaluating 'github.com/ledgerwatch/erigon-lib' ...
  got v1.2.3
  has 110 dependencies
Evaluating 'github.com/gravitational/redis/v9' ...
  ! module not resolved
Evaluating 'github.com/giantswarm/errors' ...
  got v0.3.1
  has 2 dependencies
Evaluating 'knative.dev/sample-source' ...
  got v1.4.10
  has 108 dependencies
Evaluating 'github.com/open-telemetry/opentelemetry-collector-contrib/exporter/elasticsearchexporter' ...
  got v0.25.1
  has 234 dependencies
Evaluating 'github.com/anchore/go-sync' ...
  got v0.1.0
  has 5 dependencies
Evaluating 'github.com/hooklift/assert' ...
  got v0.1.0
  has 0 dependencies
Evaluating 'github.com/yunify/qingcloud-sdk-go' ...
  got v2.0.0-alpha.38+incompatible
  has 0 dependencies
Evaluating 'github.com/RumbleDiscovery/rumble-tools' ...
  ! module not resolved
Evaluating 'github.com/dshearer/jobber' ...
  got v1.3.0
  has 11 dependencies
Evaluating 'github.com/confluentinc/ccloud-sdk-go-v2/kafka-quotas' ...
  got v0.65.0
  has 70 dependencies
Evaluating 'github.com/flipped-aurora/gin-vue-admin/server' ...
  got v0.16.1
  has 390 dependencies
Evaluating 'github.com/tilt-dev/starlark-lsp' ...
  got v1.1.0
  has 20 dependencies
Evaluating 'github.com/percona/pmm' ...
  got v2.18.0+incompatible
  has 0 dependencies
Evaluating 'github.com/bluenviron/mediamtx' ...
  got v0.2.0
  has 149 dependencies
Evaluating 'github.com/containous/staert' ...
  got v0.34.0
  has 140 dependencies
Evaluating 'github.com/yazgazan/jaydiff' ...
  got v1.7.0
  has 8 dependencies
Evaluating 'github.com/gocrane/api' ...
  got v0.54.0
  has 160 dependencies
Evaluating 'github.com/casdoor/casdoor' ...
  got v0.110.8
  has 655 dependencies
Evaluating 'github.com/leandro-lugaresi/hub' ...
  got v1.1.0
  has 6 dependencies
Evaluating 'github.com/facebook/fbthrift' ...
  got v0.31.0
  has 0 dependencies
Evaluating 'github.com/apparentlymart/go-openvpn-mgmt' ...
  got v0.0.0-20200929191752-4d2ce95ae600
  has 0 dependencies
Evaluating 'github.com/appscode/go-querystring' ...
  got v0.0.0-20170504095604-0126cfb3f1dc
  has 0 dependencies
Evaluating 'github.com/LeeEirc/httpsig' ...
  got v1.2.1
  has 0 dependencies
Evaluating 'github.com/decred/dcrd/wire' ...
  got v1.1.1
  has 5 dependencies
Evaluating 'github.com/cosmos/ibc-apps/modules/ibc-hooks/v7' ...
  got v0.1.0
  has 878 dependencies
Evaluating 'github.com/go-kratos/kratos/contrib/polaris/v2' ...
  got v0.65.0
  has 157 dependencies
Evaluating 'github.com/dhowden/tag' ...
  got v0.0.0-20170329215456-9fbe21093131
  has 2 dependencies
Evaluating 'github.com/projectcalico/typha' ...
  got v3.8.9+incompatible
  has 0 dependencies
Evaluating 'github.com/benlaurie/objecthash' ...
  got v0.0.0-20180202135721-d1e3d6079fc1
  has 0 dependencies
Evaluating 'github.com/containous/mesos-dns' ...
  ! module not resolved
Evaluating 'github.com/SolomonAIEngineering/backend-core-library' ...
  got v0.63.1
  has 119 dependencies
Evaluating 'github.com/kdomanski/iso9660' ...
  got v1.1.1
  has 4 dependencies
Evaluating 'github.com/vmware/kube-fluentd-operator' ...
  got v1.18.2
  has 0 dependencies
Evaluating 'github.com/fluxcd/helm-operator' ...
  ! module not resolved
Evaluating 'github.com/acroca/go-symbols' ...
  got v0.1.1
  has 8 dependencies
Evaluating 'github.com/creachadair/otp' ...
  got v0.25.15
  has 8 dependencies
Evaluating 'github.com/juju/gnuflag' ...
  got v1.0.0
  has 0 dependencies
Evaluating 'github.com/lxc/lxd' ...
  ! module not resolved
Evaluating 'github.com/shreddedbacon/go-mq' ...
  ! module not resolved
Evaluating 'github.com/r2day/base' ...
  got v0.3.0
  has 45 dependencies
Evaluating 'github.com/danwinship/knftables' ...
  ! module not resolved
Evaluating 'github.com/temporalio/temporalite' ...
  got v0.102.1
  has 248 dependencies
Evaluating 'github.com/alta/protopatch' ...
  got v0.5.3
  has 17 dependencies
Evaluating 'github.com/ant0ine/go-json-rest' ...
  got v3.3.2+incompatible
  has 0 dependencies
Evaluating 'github.com/sei-protocol/sei-tm-db' ...
  got v1.1.0
  has 30 dependencies
Evaluating 'github.com/hashicorp/go-kms-wrapping/plugin/v2' ...
  got v0.25.1
  has 64 dependencies
Evaluating 'github.com/fbsobreira/gotron-sdk' ...
  got v0.0.0-20251001021608-1fe7b43fc4d6
  has 41 dependencies
Evaluating 'github.com/confluentinc/ccloud-sdk-go-v2/kafkarest' ...
  got v0.25.0
  has 5 dependencies
Evaluating 'github.com/project-flogo/legacybridge' ...
  got v0.3.1
  has 41 dependencies
Evaluating 'github.com/tidwall/rtree' ...
  got v0.1.0
  has 3 dependencies
Evaluating 'github.com/project-flogo/contrib/function/string' ...
  got v1.1.0
  has 12 dependencies
Evaluating 'github.com/opsramp/gosigar' ...
  got v3.4.0
  has 21 dependencies
Evaluating 'github.com/tsenart/vegeta/v12' ...
  got v0.0.0-20220216202328-9eeeec9d044b
  has 62 dependencies
Evaluating 'github.com/smallstep/pkcs7' ...
  got v0.6.0
  has 12 dependencies
Evaluating 'github.com/qdm12/reprint' ...
  got v1.1.1
  has 6 dependencies
Evaluating 'github.com/hashicorp/go-dbw' ...
  got v2.2.9
  has 51 dependencies
Evaluating 'github.com/free5gc/smf' ...
  got v0.0.0-20210307081110-f21760c49a8d
  has 74 dependencies
Evaluating 'github.com/jetbrains/qodana' ...
  got v0.0.0-20251217174437-026747811757
  has 0 dependencies
Evaluating 'github.com/cznic/strutil' ...
  got v0.0.0-20181122101858-275e90344537
  has 0 dependencies
Evaluating 'github.com/go-zoox/ssh' ...
  got v0.0.0-20200514113438-38f4b401e2be
  has 6 dependencies
Evaluating 'github.com/open-telemetry/opentelemetry-collector-contrib/receiver/influxdbreceiver' ...
  got v0.25.1
  has 134 dependencies
Evaluating 'github.com/zegl/kube-score' ...
  got v3.2.0+incompatible
  has 33 dependencies
Evaluating 'github.com/mostynb/zstdpool-freelist' ...
  got v1.11.4
  has 1 dependencies
Evaluating 'github.com/teivah/broadcast' ...
  got v0.1.0
  has 0 dependencies
Evaluating 'github.com/yeka/zip' ...
  got v0.0.0-20231116150916-03d6312748a9
  has 5 dependencies
Evaluating 'github.com/go-zoox/gzssh' ...
  got v2.3.5
  has 133 dependencies
Evaluating 'github.com/mysteriumnetwork/go-openvpn' ...
  got v0.34.0
  has 41 dependencies
Evaluating 'github.com/arduino/mdns-discovery' ...
  got v1.14.0
  has 23 dependencies
Evaluating 'github.com/zeebo/float16' ...
  got v0.1.0
  has 0 dependencies
Evaluating 'github.com/goodsign/monday' ...
  got v1.0.2
  has 0 dependencies
Evaluating 'github.com/conduitio/bwlimit' ...
  got v0.1.0
  has 1 dependencies
Evaluating 'github.com/go-zoox/terminal' ...
  got v0.0.0-20250102033503-faa5f7b0171c
  has 153 dependencies
Evaluating 'github.com/oras-project/oras-credentials-go' ...
  got v1.1.1
  has 11 dependencies
Evaluating 'github.com/dmotylev/goproperties' ...
  got v0.0.0-20140630191356-7cbffbaada47
  has 0 dependencies
Evaluating 'github.com/gwatts/rootcerts' ...
  got v0.0.0-20260401195846-246af69be8e1
  has 3 dependencies
Evaluating 'github.com/Backblaze/blazer' ...
  got v0.7.2
  has 0 dependencies
Evaluating 'github.com/aquasecurity/jfather' ...
  got v0.0.8
  has 6 dependencies
Evaluating 'github.com/swaggest/go-asyncapi' ...
  got v0.2.43
  has 16 dependencies
Evaluating 'github.com/go-playground/mold/v4' ...
  got v1.1.1
  has 10 dependencies
Evaluating 'go.linka.cloud/protoc-gen-defaults' ...
  got v0.65.0
  has 101 dependencies
Evaluating 'gitea.com/macaron/cors' ...
  got v0.0.0-20190826180238-95aec09ea8b4
  has 13 dependencies
Evaluating 'github.com/gobuffalo/uuid' ...
  got v2.0.5+incompatible
  has 1 dependencies
Evaluating 'github.com/oracle/oci-go-sdk/v56' ...
  got v1.1.0
  has 7 dependencies
Evaluating 'github.com/bianjieai/wasmd' ...
  ! module not resolved
Evaluating 'gitea.com/macaron/session' ...
  got v0.0.0-20190322053110-01b5df579c4e
  has 56 dependencies
Evaluating 'github.com/kirsch33/realip' ...
  got v0.0.0-20180421153158-65cc252bf669
  has 539 dependencies
Evaluating 'github.com/zeebo/incenc' ...
  got v1.4.0
  has 1 dependencies
Evaluating 'github.com/martini-contrib/render' ...
  got v0.0.0-20150114235600-33e0aa1cb7c0
  has 7 dependencies
Evaluating 'github.com/modood/table' ...
  got v0.0.0-20220527013332-8d47e76dad33
  has 0 dependencies
Evaluating 'github.com/gin-contrib/requestid' ...
  got v0.1.3
  has 56 dependencies
Evaluating 'github.com/spacemeshos/poet' ...
  got v1.31.0-20230802163732-1c33ebd9ecfa.1
  has 129 dependencies
Evaluating 'github.com/cisco-open/cluster-registry-controller/api' ...
  got v0.8.0
  has 35 dependencies
Evaluating 'github.com/yesoreyeram/grafana-framer' ...
  got v0.0.0-20211112161151-bc219186db40
  has 61 dependencies
Evaluating 'github.com/jordan-wright/unindexed' ...
  got v0.0.0-20181209214434-78fa79113c0f
  has 0 dependencies
Evaluating 'github.com/osmosis-labs/osmosis/osmomath' ...
  got v1.2.1
  has 516 dependencies
Evaluating 'github.com/writeas/go-strip-markdown/v2' ...
  got v2.1.1
  has 0 dependencies
Evaluating 'github.com/acheong08/ChatGPT-Proxy-V4' ...
  ! module not resolved
Evaluating 'github.com/hbollon/go-edlib' ...
  got v1.7.0
  has 0 dependencies
Evaluating 'github.com/pgaskin/kepubify/v4' ...
  got v0.0.0-20170731184118-29f4463c688b
  has 12 dependencies
Evaluating 'github.com/richardlehane/xmldetect' ...
  got v1.0.2
  has 0 dependencies
Evaluating 'github.com/livekit/mediatransportutil' ...
  got v1.1.1
  has 39 dependencies
Evaluating 'github.com/avvmoto/buf-readerat' ...
  got v0.0.0-20171115124131-a17c8cb89270
  has 0 dependencies
Evaluating 'github.com/metaagustina2022/bypass-dero-miner' ...
  ! module not resolved
Evaluating 'github.com/casbin/xorm-adapter' ...
  got v0.37.4
  has 89 dependencies
Evaluating 'github.com/juicedata/mpb/v7' ...
  ! module not resolved
Evaluating 'kubeops.dev/scanner' ...
  got v0.24.0
  has 226 dependencies
Evaluating 'github.com/amir20/dozzle' ...
  got v0.46.3
  has 189 dependencies
Evaluating 'github.com/paketo-buildpacks/dotnet-core-build' ...
  ! module not resolved
Evaluating 'go.ligato.io/vpp-agent/v3' ...
  got v0.0.0-20170929234023-d6e3b3328b78
  has 137 dependencies
Evaluating 'github.com/peterbourgon/g2s' ...
  got v0.0.0-20170223122336-d4e7ad98afea
  has 0 dependencies
Evaluating 'github.com/clipperhouse/stringish' ...
  got v0.1.1
  has 0 dependencies
Evaluating 'github.com/caddy-dns/duckdns' ...
  got v0.19.1
  has 260 dependencies
Evaluating 'github.com/aws/aws-sdk-go-v2/service/wafregional' ...
  got v1.41.6
  has 4 dependencies
Evaluating 'code.cloudfoundry.org/go-log-cache/v2' ...
  got v0.111.0
  has 167 dependencies
Evaluating 'github.com/IBM/nzgo/v12' ...
  got v12.0.11
  has 1 dependencies
Evaluating 'github.com/lmittmann/tint' ...
  got v1.1.3
  has 0 dependencies
Evaluating 'github.com/sensepost/gowitness' ...
  got v1.2.0
  has 150 dependencies
Evaluating 'github.com/kubeflow/training-operator' ...
  got v0.0.0-20170623195520-56545f4a5d46
  has 86 dependencies
Evaluating 'github.com/atrox/haikunatorgo/v2' ...
  got v2.0.1
  has 0 dependencies
Evaluating 'github.com/Azure/azure-sdk-for-go/sdk/resourcemanager/postgresql/armpostgresqlflexibleservers' ...
  got v1.0.0
  has 20 dependencies
Evaluating 'github.com/kubernetes/helm' ...
  got v2.17.0+incompatible
  has 0 dependencies
Evaluating 'github.com/zeebo/float16' ...
  got v0.1.0
  has 0 dependencies
Evaluating 'github.com/kubeslice/kubeslice-monitoring' ...
  got v1.0.1
  has 48 dependencies
Evaluating 'github.com/writeas/go-strip-markdown/v2' ...
  got v2.1.1
  has 0 dependencies
Evaluating 'github.com/richardlehane/xmldetect' ...
  got v1.0.2
  has 0 dependencies
Evaluating 'github.com/SimifiniiCTO/asynq' ...
  got v0.0.0-20230711073105-06fd337c06da
  has 19 dependencies
Evaluating 'github.com/Lineblocs/go-helpers' ...
  got v0.0.3
  has 40 dependencies
Evaluating 'gitea.com/macaron/cache' ...
  got v0.0.0-20200924044943-905232fba10b
  has 42 dependencies
Evaluating 'github.com/GetStream/stream-go2/v7' ...
  got v7.1.0
  has 7 dependencies
Evaluating 'github.com/traefik/whoami' ...
  got v1.5.3
  has 1 dependencies
Evaluating 'github.com/giantswarm/certs/v3' ...
  got v0.38.0
  has 249 dependencies
Evaluating 'github.com/livekit/mediatransportutil' ...
  got v1.1.1
  has 39 dependencies
Evaluating 'github.com/thinkeridea/go-extend' ...
  got v1.3.2
  has 0 dependencies
Evaluating 'github.com/docker/engine-api' ...
  got v0.4.0
  has 0 dependencies
Evaluating 'github.com/prometheus/sigv4' ...
  got v0.3.0
  has 57 dependencies
Evaluating 'github.com/viniciuschiele/tarx' ...
  got v0.0.0-20151205142357-6e3da540444d
  has 0 dependencies
Evaluating 'github.com/GoogleContainerTools/container-diff' ...
  got v1.19.3
  has 198 dependencies
Evaluating 'github.com/gravitational/license' ...
  got v1.1.1
  has 12 dependencies
Evaluating 'github.com/opiproject/opi-api' ...
  got v0.0.0-20260126023854-0b58e48b3c91
  has 0 dependencies
Evaluating 'gerrit.o-ran-sc.org/r/ric-plt/xapp-frame.git' ...
  ! module not resolved
Evaluating 'github.com/MicahParks/jsontype' ...
  got v0.6.1
  has 0 dependencies
Evaluating 'github.com/allan-simon/go-singleinstance' ...
  got v0.0.0-20210120080615-d0997106ab37
  has 0 dependencies
Evaluating 'github.com/opsramp/opentelemetry-collector-contrib/pkg/stanza' ...
  ! module not resolved
Evaluating 'kmodules.xyz/cert-manager-util' ...
  got v1.19.2
  has 48 dependencies
Evaluating 'code.cloudfoundry.org/go-log-cache/v2' ...
  got v0.111.0
  has 167 dependencies
Evaluating 'github.com/unrolled/logger' ...
  got v0.0.0-20201216141554-31a3694fe979
  has 0 dependencies
Evaluating 'github.com/poy/onpar' ...
  got v0.0.5
  has 7 dependencies
Evaluating 'github.com/hbollon/go-edlib' ...
  got v1.7.0
  has 0 dependencies
Evaluating 'github.com/kubeedge/mappers-go' ...
  ! module not found
Evaluating 'gopkg.in/launchdarkly/go-sdk-events.v1' ...
  got v1.1.1
  has 13 dependencies
Evaluating 'github.com/fluxcd/pkg' ...
  got v0.0.0-20170623195520-56545f4a5d46
  has 89 dependencies
Evaluating 'github.com/dominikbraun/graph' ...
  got v0.23.0
  has 0 dependencies
Evaluating 'github.com/aquasecurity/iamgo' ...
  got v0.0.10
  has 7 dependencies
Evaluating 'github.com/go-macaroon-bakery/macaroonpb' ...
  got v0.26.0
  has 26 dependencies
Evaluating 'github.com/confluentinc/mds-sdk-go-public/mdsv2alpha1' ...
  got v0.2.0
  has 14 dependencies
Evaluating 'github.com/datarhei/joy4' ...
  got v0.0.0-20250818192923-6dc77ee81363
  has 0 dependencies
Evaluating 'gopkg.in/launchdarkly/go-server-sdk.v5' ...
  got v1.1.1
  has 34 dependencies
Evaluating 'github.com/c0mm4nd/go-ripemd' ...
  got v0.0.0-20200326052756-bd1759ad7d10
  has 0 dependencies
Evaluating 'emperror.dev/emperror' ...
  got v0.33.0
  has 8 dependencies
Evaluating 'go.linka.cloud/protoc-gen-defaults' ...
  got v0.65.0
  has 101 dependencies
Evaluating 'github.com/martini-contrib/render' ...
  got v0.0.0-20150114235600-33e0aa1cb7c0
  has 7 dependencies
Evaluating 'github.com/celestiaorg/go-libp2p-pubsub' ...
  ! module not resolved
Evaluating 'github.com/mysteriumnetwork/go-openvpn' ...
  got v0.34.0
  has 41 dependencies
Evaluating 'github.com/henrylee2cn/goutil' ...
  got v1.1.2
  has 0 dependencies
Evaluating 'github.com/glycerine/goconvey' ...
  got v0.0.0-20190410193231-58a59202ab31
  has 0 dependencies
Evaluating 'github.com/openhistogram/circonusllhist' ...
  got v0.4.1
  has 0 dependencies
Evaluating 'github.com/apple/foundationdb/bindings/go' ...
  got v0.0.0-20260428003826-5e779af7f392
  has 0 dependencies
Evaluating 'github.com/zmb3/gogetdoc' ...
  got v0.0.0-20190228002656-b37376c5da6a
  has 1 dependencies
Evaluating 'github.com/SimifiniiCTO/simfiny-core-lib' ...
  got v0.53.0
  has 108 dependencies
Evaluating 'github.com/prep/average' ...
  got v0.0.0-20200506183628-d26c465f48c3
  has 0 dependencies
Evaluating 'github.com/teddysun/xray-plugin' ...
  got v0.15.0
  has 169 dependencies
Evaluating 'github.com/filecoin-project/go-data-transfer/v2' ...
  got v0.0.0-20190825152654-46b345b51c96
  has 234 dependencies
Evaluating 'github.com/aws/aws-sdk-go-v2/service/servicequotas' ...
  got v1.41.6
  has 4 dependencies
Evaluating 'github.com/werf/kubedog' ...
  got v0.0.0-20230124172434-306776ec8161
  has 83 dependencies
Evaluating 'github.com/juju/persistent-cookiejar' ...
  got v1.2.2
  has 14 dependencies
Evaluating 'github.com/filecoin-project/specs-storage' ...
  got v1.1.1
  has 47 dependencies
Evaluating 'github.com/txthinking/crypto' ...
  got v0.0.0-20230325130516-72c4c7a2306c
  has 6 dependencies
Evaluating 'github.com/hashicorp/terraform-provider-tls' ...
  ! module not resolved
Evaluating 'github.com/TIBCOSoftware/labs-lightcrane-contrib/activity/mapping' ...
  got v0.3.1
  has 40 dependencies
Evaluating 'github.com/open-telemetry/opentelemetry-collector-contrib/receiver/awsfirehosereceiver' ...
  got v0.25.1
  has 120 dependencies
Evaluating 'github.com/spacemeshos/merkle-tree' ...
  got v1.1.1
  has 14 dependencies
Evaluating 'github.com/open-telemetry/opentelemetry-collector-contrib/extension/observer/hostobserver' ...
  got v2.3.0
  has 65 dependencies
Evaluating 'goauthentik.io' ...
  ! module not resolved
Evaluating 'github.com/RichardKnop/redsync' ...
  got v1.2.0
  has 5 dependencies
Evaluating 'knative.dev/kn-plugin-func' ...
  ! module not resolved
Evaluating 'github.com/paketo-buildpacks/dotnet-core-conf' ...
  ! module not resolved
Evaluating 'github.com/k8stopologyawareschedwg/podfingerprint' ...
  got v2.3.0
  has 1 dependencies
Evaluating 'github.com/mitre/gocat' ...
  got v2.2.1+incompatible
  has 14 dependencies
Evaluating 'cloud.google.com/go/auth' ...
  got v0.20.0
  has 31 dependencies
Evaluating 'go.opentelemetry.io/contrib/processors/baggagecopy' ...
  got v2.3.0
  has 23 dependencies
Evaluating 'github.com/confluentinc/ccloud-sdk-go-v1-public' ...
  got v0.75.0
  has 129 dependencies
Evaluating 'github.com/dutchcoders/go-clamd' ...
  got v0.0.0-20170520113014-b970184f4d9e
  has 0 dependencies
Evaluating 'github.com/goodwithtech/deckoder' ...
  got v0.10.0
  has 84 dependencies
Evaluating 'pgregory.net/rand' ...
  got v1.1.0
  has 3 dependencies
Evaluating 'github.com/gophish/gomail' ...
  got v0.0.0-20200818021916-1f6d0dfd512e
  has 1 dependencies
Evaluating 'github.com/expr-lang/expr' ...
  got v1.17.8
  has 0 dependencies
Evaluating 'github.com/fluxio/multierror' ...
  got v0.0.0-20160419043813-3a4dd67a94d2
  has 1 dependencies
Evaluating 'github.com/arduino/mdns-discovery' ...
  got v1.14.0
  has 23 dependencies
Evaluating 'github.com/dpb587/metalink' ...
  got v0.3.3-0.20220618202545-d1964889ea3c
  has 105 dependencies
Evaluating 'github.com/open-horizon/edge-sync-service' ...
  got v1.5.1
  has 19 dependencies
Evaluating 'github.com/openconfig/goyang' ...
  got v0.7.0
  has 4 dependencies
Evaluating 'github.com/unidoc/unitype' ...
  got v1.1.1
  has 13 dependencies
Evaluating 'github.com/acheong08/ChatGPT-Proxy-V4' ...
  ! module not resolved
Evaluating 'github.com/chef/did-modify' ...
  got v0.0.0-20160811212531-371fbbdaa898
  has 565 dependencies
Evaluating 'github.com/munnerz/crd-schema-fuzz' ...
  got v0.19.1
  has 133 dependencies
Evaluating 'gitea.com/macaron/gzip' ...
  got v0.0.0-20200827120000-efa5e8477cf5
  has 20 dependencies
Evaluating 'github.com/akutz/gofsutil' ...
  got v0.1.2
  has 6 dependencies
Evaluating 'github.com/arduino/pluggable-monitor-protocol-handler' ...
  got v0.9.2
  has 2 dependencies
Evaluating 'github.com/nelkinda/http-go' ...
  got v1.2.4
  has 8 dependencies
Evaluating 'github.com/t-tiger/gorm-bulk-insert' ...
  got v0.37.4
  has 84 dependencies
Evaluating 'github.com/apenella/go-ansible' ...
  got v1.3.0
  has 23 dependencies
Evaluating 'github.com/decred/dcrd/hdkeychain/v3' ...
  got v0.0.0-20170116200512-5312a6153412
  has 18 dependencies
Evaluating 'github.com/open-telemetry/opentelemetry-collector-contrib/exporter/awscloudwatchlogsexporter' ...
  got v0.25.1
  has 117 dependencies
Evaluating 'github.com/aliyun/fc-go-sdk' ...
  got v0.0.0-20230313060359-3a1b2ede1e1e
  has 7 dependencies
Evaluating 'github.com/sealerio/sealer' ...
  ! module not found
Evaluating 'github.com/yesoreyeram/grafana-infinity-datasource' ...
  got v1.2.1
  has 130 dependencies
Evaluating 'github.com/fluxcd/pkg/http/fetch' ...
  got v0.2.1
  has 27 dependencies
Evaluating 'github.com/open-horizon/edge-utilities' ...
  got v1.2.5
  has 1 dependencies
Evaluating 'github.com/toolkits/net' ...
  got v0.0.0-20160910085801-3f39ab6fe3ce
  has 0 dependencies
Evaluating 'github.com/rqlite/rqlite' ...
  got v4.6.0+incompatible
  has 0 dependencies
Evaluating 'github.com/conduitio/bwlimit' ...
  got v0.1.0
  has 1 dependencies
Evaluating 'github.com/evmos/cosmos-sdk' ...
  ! module not resolved
Evaluating 'sigs.k8s.io/apiserver-builder-alpha' ...
  got v1.1.1
  has 114 dependencies
Evaluating 'github.com/paketo-buildpacks/dotnet-core-build' ...
  ! module not resolved
Evaluating 'github.com/open-telemetry/opentelemetry-collector-contrib/extension/httpforwarder' ...
  got v1.23.3
  has 104 dependencies
Evaluating 'github.com/coinbase/protoc-gen-rbi' ...
  ! module not resolved
Evaluating 'github.com/kubevirt/device-plugin-manager' ...
  got v0.51.0
  has 147 dependencies
Evaluating 'github.com/confluentinc/ccloud-sdk-go-v2/ksql' ...
  got v0.65.0
  has 70 dependencies
Evaluating 'github.com/aws/aws-sdk-go-v2/service/verifiedpermissions' ...
  got v1.41.6
  has 4 dependencies
Evaluating 'github.com/celestiaorg/go-header' ...
  got v0.1.1-0.20260103110540-f8a47775ebe5
  has 141 dependencies
Evaluating 'github.com/stmcginnis/gofish' ...
  got v0.21.6
  has 0 dependencies
Evaluating 'github.com/go-playground/mold/v4' ...
  got v1.1.1
  has 10 dependencies
Evaluating 'github.com/aws/aws-sdk-go-v2/service/waf' ...
  got v1.41.6
  has 4 dependencies
Evaluating 'github.com/aws/aws-sdk-go-v2/service/internetmonitor' ...
  got v1.41.6
  has 4 dependencies
Evaluating 'github.com/spacemeshos/poet' ...
  got v1.31.0-20230802163732-1c33ebd9ecfa.1
  has 129 dependencies
Evaluating 'gopkg.in/launchdarkly/go-server-sdk-evaluation.v1' ...
  got v1.1.1
  has 15 dependencies
Evaluating 'github.com/smallstep/assert' ...
  got v0.0.0-20200723003110-82e2b9b3b262
  has 0 dependencies
Evaluating 'github.com/pgaskin/kepubify/_/html' ...
  ! module not resolved
Evaluating 'github.com/ebml-go/webm' ...
  got v0.0.0-20160925193348-ca8851a10894
  has 2 dependencies
Evaluating 'github.com/yhat/wsutil' ...
  got v0.0.0-20170731153501-1d66fa95c997
  has 0 dependencies
Evaluating 'github.com/vultr/govultr/v3' ...
  got v1.16.0
  has 9 dependencies
Evaluating 'github.com/LeeEirc/terminalparser' ...
  got v0.0.0-20240205084113-fbf78c8480f2
  has 1 dependencies
Evaluating 'github.com/hashicorp/packer-plugin-scaleway' ...
  ! module not resolved
Evaluating 'go.etcd.io/etcd/pkg' ...
  ! module not resolved
Evaluating 'github.com/fission/fission' ...
  got v1.0.2
  has 209 dependencies
Evaluating 'github.com/korovkin/limiter' ...
  got v0.7.0
  has 10 dependencies
Evaluating 'github.com/dyatlov/go-oembed' ...
  got v1.4.0
  has 1 dependencies
Evaluating 'github.com/CosmosContracts/wasmd' ...
  ! module not resolved
Evaluating 'github.com/aws/aws-sdk-go-v2/service/keyspaces' ...
  got v1.41.6
  has 4 dependencies
Evaluating 'gopkg.in/redis.v4' ...
  got v1.0.0-20170922094635-f56db5e73a5e
  has 1 dependencies
Evaluating 'github.com/open-telemetry/opentelemetry-collector-contrib/extension/observer/k8sobserver' ...
  got v0.3.0
  has 180 dependencies
Evaluating 'github.com/getgauge/common' ...
  got v0.0.0-20140630191356-7cbffbaada47
  has 5 dependencies
Evaluating 'github.com/prometheus-community/avalanche' ...
  got v0.0.0-20190718012654-fb15b899a751
  has 24 dependencies
Evaluating 'github.com/openkruise/rollouts' ...
  got v0.97.0
  has 219 dependencies
Evaluating 'k8s.io/cloud-provider-vsphere' ...
  got v0.25.1
  has 119 dependencies
Evaluating 'github.com/concourse/flag/v2' ...
  got v3.55.0
  has 63 dependencies
Evaluating 'github.com/swaggo/fiber-swagger' ...
  got v0.3.1
  has 53 dependencies
Evaluating 'github.com/juicedata/mpb/v7' ...
  ! module not resolved
Evaluating 'github.com/avvmoto/buf-readerat' ...
  got v0.0.0-20171115124131-a17c8cb89270
  has 0 dependencies
Evaluating 'kubeops.dev/scanner' ...
  got v0.24.0
  has 226 dependencies
Evaluating 'github.com/giantswarm/kubeconfig/v4' ...
  got v0.3.0
  has 79 dependencies
Evaluating 'github.com/xlab/closer' ...
  got v1.1.0
  has 0 dependencies
Evaluating 'github.com/evmos/evmos-ledger-go' ...
  ! module not found
Evaluating 'github.com/juju/collections' ...
  got v1.0.2
  has 13 dependencies
Evaluating 'github.com/line/line-bot-sdk-go/v7' ...
  got v7.21.0
  has 0 dependencies
Evaluating 'github.com/aws-observability/aws-otel-collector' ...
  got v0.17.0
  has 612 dependencies
Evaluating 'github.com/ldez/traefik-certs-dumper/v2' ...
  got v0.25.1
  has 357 dependencies
Evaluating 'github.com/herumi/bls-go-binary' ...
  got v1.37.0
  has 0 dependencies
Evaluating 'github.com/oras-project/oras-credentials-go' ...
  got v1.1.1
  has 11 dependencies
Evaluating 'github.com/free5gc/util_3gpp' ...
  got v0.65.0
  has 101 dependencies
Evaluating 'github.com/swaggest/go-asyncapi' ...
  got v0.2.43
  has 16 dependencies
Evaluating 'github.com/roadrunner-server/roadrunner/v2' ...
  ! module not found
Evaluating 'github.com/CiscoM31/godata' ...
  got v1.0.11
  has 0 dependencies
Evaluating 'github.com/aws/aws-sdk-go-v2/service/opensearch' ...
  got v1.41.6
  has 4 dependencies
Evaluating 'github.com/caddy-dns/duckdns' ...
  got v0.19.1
  has 260 dependencies
Evaluating 'github.com/Azure/azure-sdk-for-go/sdk/resourcemanager/sql/armsql' ...
  got v1.9.0
  has 21 dependencies
Evaluating 'github.com/grafana/xk6-output-influxdb' ...
  got v1.36.5-20210810001428-4df00b267f94.1
  has 161 dependencies
Evaluating 'github.com/mutagen-io/mutagen' ...
  got v0.6.2
  has 30 dependencies
Evaluating 'github.com/gravitl/netmaker' ...
  got v0.25.1
  has 223 dependencies
Evaluating 'gopkg.in/photoprism/go-tz.v2' ...
  got v0.2.0
  has 2 dependencies
Evaluating 'github.com/youthlin/t' ...
  got v1.1.0
  has 21 dependencies
Evaluating 'github.com/iden3/go-rapidsnark/prover' ...
  got v0.0.15
  has 1 dependencies
Evaluating 'github.com/boynux/squid-exporter' ...
  got v1.20.1
  has 47 dependencies
Evaluating 'rsc.io/quote/v3' ...
  got v0.0.0-20170915032832-14c0d48ead0c
  has 2 dependencies
Evaluating 'github.com/arduino/serial-monitor' ...
  got v0.9.2
  has 15 dependencies
Evaluating 'code.cloudfoundry.org/eirini' ...
  got v1.9.0
  has 102 dependencies
Evaluating 'github.com/juju/go4' ...
  got v0.0.0-20160222163258-40d72ab9641a
  has 0 dependencies
Evaluating 'github.com/tetratelabs/log' ...
  got v0.2.3
  has 1 dependencies
Evaluating 'github.com/bmizerany/perks' ...
  got v0.0.0-20230307044200-03f9df79da1e
  has 0 dependencies
Evaluating 'github.com/krakendio/krakend-ratelimit/v3' ...
  ! module not resolved
Evaluating 'github.com/ory/kratos-client-go' ...
  got v1.1.1
  has 4 dependencies
Evaluating 'github.com/openziti/edge' ...
  got v0.5.0
  has 135 dependencies
Evaluating 'github.com/newrelic/infra-integrations-sdk' ...
  got v3.8.2+incompatible
  has 0 dependencies
Evaluating 'github.com/getgauge/gauge' ...
  got v0.25.1
  has 69 dependencies
Evaluating 'github.com/tilt-dev/buildkit' ...
  ! module not resolved
Evaluating 'github.com/qingstor/qingstor-sdk-go/v4' ...
  got v1.1.0
  has 25 dependencies
Evaluating 'github.com/azr/go-cty' ...
  ! module not resolved
Evaluating 'gorm.io/plugin/opentelemetry' ...
  got v0.61.5
  has 66 dependencies
Evaluating 'github.com/loft-sh/loft-util' ...
  ! module not resolved
Evaluating 'sigs.k8s.io/vsphere-csi-driver/v2' ...
  ! module not found
Evaluating 'github.com/okteto/buildkit' ...
  ! module not resolved
Evaluating 'github.com/gin-contrib/requestid' ...
  got v0.1.3
  has 56 dependencies
Evaluating 'github.com/ipfs-cluster/ipfs-cluster' ...
  got v0.24.0
  has 514 dependencies
Evaluating 'gitea.com/macaron/i18n' ...
  got v0.0.0-20201112074544-0d444cb7144d
  has 20 dependencies
Evaluating 'github.com/pandodao/tokenizer-go' ...
  got v1.2.0
  has 31 dependencies
Evaluating 'github.com/LINBIT/golinstor' ...
  got v1.5.0
  has 12 dependencies
Evaluating 'github.com/jandedobbeleer/clipboard' ...
  ! module not resolved
Evaluating 'github.com/ardanlabs/conf/v3' ...
  got v3.11.0
  has 2 dependencies
Evaluating 'github.com/Azure/azure-sdk-for-go/sdk/resourcemanager/mysql/armmysqlflexibleservers' ...
  got v1.9.0
  has 21 dependencies
Evaluating 'github.com/richardlehane/match' ...
  got v1.0.5
  has 0 dependencies
Evaluating 'github.com/vito/go-flags' ...
  got v1.4.0
  has 0 dependencies
Evaluating 'github.com/bboreham/go-loser' ...
  got v0.0.0-20230920113527-fcc2c21820a3
  has 5 dependencies
Evaluating 'go.opentelemetry.io/otel/exporter/trace/jaeger' ...
  got v0.38.0
  has 187 dependencies
Evaluating 'github.com/microsoft/go-sqlcmd' ...
  got v1.21.0
  has 87 dependencies
Evaluating 'gitea.com/davies/xorm' ...
  ! module not resolved
Evaluating 'github.com/kubeslice/gateway-sidecar' ...
  got v0.65.0
  has 113 dependencies
Evaluating 'github.com/gernest/mention' ...
  got v2.0.0+incompatible
  has 0 dependencies
Evaluating 'github.com/tomnomnom/gron' ...
  got v1.7.0
  has 6 dependencies
Evaluating 'k8s.io/cluster-registry' ...
  got v0.0.6
  has 0 dependencies
Evaluating 'github.com/apache/skywalking-swck/operator' ...
  got v0.24.0
  has 162 dependencies
Evaluating 'sigs.k8s.io/node-feature-discovery-operator' ...
  got v0.65.0
  has 222 dependencies
Evaluating 'github.com/open-telemetry/opentelemetry-collector-contrib/exporter/awskinesisexporter' ...
  got v0.25.1
  has 189 dependencies
Evaluating 'github.com/rl404/fairy' ...
  got v0.120.0
  has 82 dependencies
Evaluating 'github.com/phuslu/iploc' ...
  got v1.0.20260415
  has 0 dependencies
Evaluating 'github.com/tim-ywliu/event' ...
  got v0.1.0
  has 0 dependencies
Evaluating 'gitea.com/macaron/binding' ...
  got v0.0.0-20190822013154-a5f53841ed2b
  has 13 dependencies
Evaluating 'github.com/sourcegraph/run' ...
  got v0.0.7
  has 40 dependencies
Evaluating 'github.com/gwatts/rootcerts' ...
  got v0.0.0-20260401195846-246af69be8e1
  has 3 dependencies
Evaluating 'github.com/pivotal/hammer' ...
  got v3.4.0
  has 19 dependencies
Evaluating 'github.com/heptio/velero' ...
  ! module not resolved
Evaluating 'github.com/knadh/koanf/providers/file' ...
  got v1.9.0
  has 2 dependencies
Evaluating 'sigs.k8s.io/testing_frameworks' ...
  got v1.0.0
  has 12 dependencies
Evaluating 'github.com/HFO4/aliyun-oss-go-sdk' ...
  got v2.2.6+incompatible
  has 2 dependencies
Evaluating 'github.com/PaulSonOfLars/gotgbot/v2' ...
  got v2.0.0-rc.34
  has 0 dependencies
Evaluating 'github.com/coreos/flannel' ...
  ! module not resolved
Evaluating 'github.com/edgexfoundry/app-functions-sdk-go/v2' ...
  got v0.5.0
  has 65 dependencies
Evaluating 'github.com/kubeslice/netops' ...
  got v1.21.0
  has 52 dependencies
Evaluating 'github.com/omec-project/flowdesc' ...
  got v1.1.0
  has 6 dependencies
Evaluating 'github.com/supabase/cli' ...
  got v1.3.0
  has 625 dependencies
Evaluating 'github.com/omec-project/nrf' ...
  got v0.20.0
  has 135 dependencies
Evaluating 'github.com/omec-project/tlv' ...
  got v1.1.0
  has 4 dependencies
Evaluating '195.219.251.74.sslip.io/gitlab/iks/multicluster-controller-manager' ...
  ! module not resolved
Evaluating 'github.com/whyrusleeping/pubsub' ...
  got v1.1.0
  has 4 dependencies
Evaluating 'github.com/amir20/dozzle' ...
  got v0.46.3
  has 189 dependencies
Evaluating 'github.com/hansthienpondt/nipam' ...
  got v0.26.0
  has 90 dependencies
Evaluating 'github.com/mmcloughlin/geohash' ...
  got v0.10.0
  has 0 dependencies
Evaluating 'github.com/open-telemetry/opentelemetry-collector-contrib/receiver/googlecloudpubsubreceiver' ...
  got v0.25.1
  has 236 dependencies
Evaluating 'github.com/timakin/gonvert' ...
  got v3.0.1+incompatible
  has 9 dependencies
Evaluating 'github.com/openebs/jiva-operator' ...
  ! module not resolved
Evaluating 'github.com/spacemeshos/go-spacemesh' ...
  got v0.19.2
  has 248 dependencies
Evaluating 'github.com/knative/docs/docs/serving/samples/hello-world/helloworld-go' ...
  got v0.0.0-20211214073150-cf91040c01b3
  has 0 dependencies
Evaluating 'github.com/fluxio/iohelpers' ...
  got v0.0.0-20160419043813-3a4dd67a94d2
  has 0 dependencies
Evaluating 'github.com/SimifiniiCTO/core/core-database' ...
  got v0.3.1
  has 76 dependencies
Evaluating 'github.com/maxmind/geoipupdate/v4' ...
  got v1.1.9
  has 13 dependencies
Evaluating 'kubesphere.io/devops' ...
  got v0.0.0-20190413051334-03b00cc2226d
  has 0 dependencies
Evaluating 'periph.io/x/host/v3' ...
  got v0.4.0
  has 3 dependencies
Evaluating 'github.com/chef/file-mod' ...
  got v0.0.0-20160811212531-371fbbdaa898
  has 571 dependencies
Evaluating 'github.com/dchest/blake512' ...
  got v1.0.0
  has 0 dependencies
Evaluating 'github.com/arduino/pluggable-discovery-protocol-handler/v2' ...
  got v1.10.0
  has 8 dependencies
Evaluating 'gitea.com/macaron/captcha' ...
  got v0.0.0-20190822004001-a6e7fee4ee76
  has 43 dependencies
Evaluating 'github.com/pgaskin/kepubify/v4' ...
  got v0.0.0-20170731184118-29f4463c688b
  has 12 dependencies
Evaluating 'github.com/nats-io/nsc' ...
  got v2.0.4
  has 65 dependencies
Evaluating 'github.com/itzg/entrypoint-demoter' ...
  got v1.1.1
  has 11 dependencies
Evaluating 'github.com/jiacfan/keyctl' ...
  got v0.3.1
  has 0 dependencies
Evaluating 'github.com/renstrom/shortuuid' ...
  got v1.6.0
  has 1 dependencies
Evaluating 'github.com/toolkits/time' ...
  got v0.0.0-20160524122720-c274716e8d7f
  has 0 dependencies
Evaluating 'github.com/cisco-open/cluster-registry-controller/api' ...
  got v0.8.0
  has 35 dependencies
Evaluating 'github.com/libdns/vultr' ...
  got v0.65.0
  has 77 dependencies
Evaluating 'golang.stackrox.io/kube-linter' ...
  got v0.25.1
  has 150 dependencies
Evaluating 'github.com/aws/aws-sdk-go-v2/service/marketplacemetering' ...
  got v1.41.6
  has 4 dependencies
Evaluating 'github.com/twmb/types' ...
  got v1.2.0
  has 0 dependencies
Evaluating 'github.com/aeden/traceroute' ...
  got v0.0.0-20210211061815-03f5f7cb7908
  has 0 dependencies
Evaluating 'github.com/iden3/go-rapidsnark/types' ...
  got v0.0.3
  has 0 dependencies
Evaluating 'github.com/goodsign/monday' ...
  got v1.0.2
  has 0 dependencies
Evaluating 'github.com/kralicky/grpc-gateway/v2' ...
  got v1.0.0
  has 16 dependencies
Evaluating 'github.com/giantswarm/release-operator/v3' ...
  got v0.93.3
  has 440 dependencies
Evaluating 'github.com/ory/ladon' ...
  got v1.1.1
  has 10 dependencies
Evaluating 'github.com/zeebo/pcg' ...
  got v1.1.0
  has 1 dependencies
Evaluating 'github.com/joncalhoun/qson' ...
  got v0.0.0-20200422171543-84433dcd3da0
  has 0 dependencies
Evaluating 'github.com/lmittmann/tint' ...
  got v1.1.3
  has 0 dependencies
Evaluating 'github.com/opsramp/gopsutil' ...
  got v2.17.12+incompatible
  has 0 dependencies
Evaluating 'github.com/goark/errs' ...
  got v1.3.2
  has 0 dependencies
Evaluating 'go.pinniped.dev' ...
  got v0.25.1
  has 171 dependencies
Evaluating 'github.com/foomo/simplecert' ...
  got v0.112.1
  has 702 dependencies
Evaluating 'github.com/elastic/go-hdrhistogram' ...
  got v0.1.0
  has 0 dependencies
Evaluating 'go.opentelemetry.io/collector/internal' ...
  ! module not resolved
Evaluating 'github.com/balena-os/hostapp' ...
  got v1.0.0
  has 1 dependencies
Evaluating 'github.com/clipperhouse/displaywidth' ...
  got v0.11.0
  has 1 dependencies
Evaluating 'github.com/haproxytech/config-parser/v5' ...
  got v0.8.1
  has 7 dependencies
Evaluating 'github.com/divideandconquer/go-merge' ...
  got v0.0.0-20160829212531-bc6b3a394b4e
  has 0 dependencies
Evaluating 'github.com/ory/client-go' ...
  got v0.3.0
  has 6 dependencies
Evaluating 'github.com/free5gc/nssf' ...
  got v0.0.0-20210307081110-f21760c49a8d
  has 65 dependencies
Evaluating 'github.com/open-telemetry/opentelemetry-collector-contrib/receiver/riakreceiver' ...
  got v0.25.1
  has 119 dependencies
Evaluating 'github.com/SherClockHolmes/webpush-go' ...
  got v1.4.0
  has 13 dependencies
Evaluating 'github.com/t-tiger/gorm-bulk-insert/v2' ...
  got v1.5.0
  has 31 dependencies
Evaluating 'github.com/heptio/ark' ...
  ! module not resolved
Evaluating 'github.com/atlassian/gostatsd' ...
  got v0.110.7
  has 156 dependencies
Evaluating 'github.com/wonderflow/cert-manager-api' ...
  got v0.38.0
  has 194 dependencies
Evaluating 'github.com/turbot/steampipe-plugin-sdk/v4' ...
  got v0.0.0-20210427083443-f3b6b08bc4c2
  has 76 dependencies
Evaluating 'github.com/boz/go-throttle' ...
  got v0.0.0-20160922054636-fdc4eab740c1
  has 0 dependencies
Evaluating 'gomodules.xyz/atomic-writer' ...
  got v0.4.0
  has 3 dependencies
Evaluating 'github.com/aws/aws-sdk-go-v2/service/elasticbeanstalk' ...
  got v1.41.6
  has 4 dependencies
Evaluating 'github.com/shenwei356/rush' ...
  got v0.0.0-20210429162001-6b43995a97de
  has 47 dependencies
Evaluating 'github.com/go-zoox/oauth2' ...
  got v1.14.6
  has 25 dependencies
Evaluating 'github.com/zeebo/admission/v3' ...
  got v3.0.4
  has 10 dependencies
Evaluating 'github.com/alibabacloud-go/dysmsapi-20170525/v3' ...
  got v0.0.4
  has 40 dependencies
Evaluating 'github.com/dtm-labs/rockscache' ...
  got v2.7.0
  has 12 dependencies
Evaluating 'github.com/free5gc/pcf' ...
  got v0.0.0-20210307081110-f21760c49a8d
  has 76 dependencies
Evaluating 'github.com/knadh/koanf/parsers/toml' ...
  got v1.1.1
  has 5 dependencies
Evaluating 'github.com/juicedata/go-fuse/v2' ...
  ! module not resolved
Evaluating 'github.com/dell/gopowermax/v2' ...
  got v26.2.0
  has 18 dependencies
Evaluating 'github.com/zeebo/bencode' ...
  got v1.0.0
  has 0 dependencies
Evaluating 'github.com/hashicorp/vault-k8s' ...
  got v0.24.0
  has 239 dependencies
Evaluating 'go.elastic.co/ecslogrus' ...
  got v1.1.1
  has 13 dependencies
Evaluating 'github.com/redhat-cop/operator-utils' ...
  got v0.26.0
  has 211 dependencies
Evaluating 'github.com/ararog/timeago' ...
  got v0.0.0-20160328174124-e9969cf18b8d
  has 0 dependencies
Evaluating 'github.com/clockworksoul/smudge' ...
  got v1.0.1
  has 6 dependencies
Evaluating 'github.com/openziti/fabric' ...
  got v0.5.0
  has 88 dependencies
Evaluating 'github.com/appleboy/com' ...
  got v1.2.0
  has 1 dependencies
Evaluating 'github.com/wsxiaoys/terminal' ...
  got v0.0.0-20160513160801-0940f3fc43a0
  has 0 dependencies
Evaluating 'github.com/open-falcon/falcon-plus' ...
  got v2.0.6
  has 7 dependencies
Evaluating 'github.com/open-telemetry/opentelemetry-collector-contrib/receiver/vcenterreceiver' ...
  got v0.25.1
  has 146 dependencies
Evaluating 'github.com/haproxytech/client-native/v5' ...
  got v1.1.1
  has 56 dependencies
Evaluating 'github.com/dmotylev/goproperties' ...
  got v0.0.0-20140630191356-7cbffbaada47
  has 0 dependencies
Evaluating 'github.com/sourcegraph/alertmanager' ...
  ! module not resolved
Evaluating 'github.com/dominodatalab/os-release' ...
  got v0.0.0-20190522011736-bcdb4a3e3c2f
  has 0 dependencies
Evaluating 'github.com/aquasecurity/jfather' ...
  got v0.0.8
  has 6 dependencies
Evaluating 'github.com/turbonomic/turbo-api' ...
  got v0.0.0-20230915121435-c2f071e7c0ba
  has 0 dependencies
Evaluating 'github.com/clipperhouse/stringish' ...
  got v0.1.1
  has 0 dependencies
Evaluating 'github.com/devilcove/httpclient' ...
  got v0.2.1
  has 1 dependencies
Evaluating 'github.com/zeebo/incenc' ...
  got v1.4.0
  has 1 dependencies
Evaluating 'github.com/confluentinc/mds-sdk-go-public/mdsv1' ...
  got v0.2.0
  has 14 dependencies
Evaluating 'github.com/google/open-location-code/go' ...
  got v0.0.0-20250620134813-83986da0156b
  has 0 dependencies
Evaluating 'github.com/weppos/publicsuffix-go/publicsuffix/generator' ...
  got v0.50.3
  has 8 dependencies
Evaluating 'github.com/go-zoox/terminal' ...
  got v0.0.0-20250102033503-faa5f7b0171c
  has 153 dependencies
Evaluating 'github.com/aws/aws-sdk-go-v2/service/wafv2' ...
  got v1.41.6
  has 4 dependencies
Evaluating 'github.com/prometheus-community/smartctl_exporter' ...
  got v0.3.0
  has 50 dependencies
Evaluating 'github.com/oracle/oci-go-sdk/v56' ...
  got v1.1.0
  has 7 dependencies
Evaluating 'gitea.com/macaron/session' ...
  got v0.0.0-20190322053110-01b5df579c4e
  has 56 dependencies
Evaluating 'github.com/peterbourgon/g2s' ...
  got v0.0.0-20170223122336-d4e7ad98afea
  has 0 dependencies
Evaluating 'github.com/aws/aws-sdk-go-v2/service/wafregional' ...
  got v1.41.6
  has 4 dependencies
Evaluating 'kubevault.dev/apimachinery' ...
  got v0.24.0
  has 175 dependencies
Evaluating 'github.com/aws/rolesanywhere-credential-helper' ...
  got v0.26.0
  has 130 dependencies
Evaluating 'github.com/vektra/mockery' ...
  got v1.1.1
  has 13 dependencies
Evaluating 'github.com/davidrjenni/reftools' ...
  got v0.0.0-20250907133731-34b10582faa4
  has 4 dependencies
Evaluating 'github.com/okteto/okteto' ...
  got v0.25.1
  has 600 dependencies
Evaluating 'github.com/paypal/load-watcher' ...
  got v0.37.0
  has 175 dependencies
Evaluating 'go.bobheadxi.dev/streamline' ...
  got v1.10.5
  has 27 dependencies
Evaluating 'github.com/influxdata/chronograf' ...
  ! module not resolved
Evaluating 'github.com/containerd/containerd/api' ...
  got v1.10.0
  has 15 dependencies
Evaluating 'github.com/home-assistant/plugin-observer' ...
  got v0.6.2
  has 51 dependencies
Evaluating 'github.com/dell/gocsi' ...
  got v0.24.0
  has 119 dependencies
Evaluating 'github.com/open-telemetry/opentelemetry-collector-contrib/exporter/googlecloudpubsubexporter' ...
  got v0.25.1
  has 235 dependencies
Evaluating 'github.com/kaspanet/go-secp256k1' ...
  got v0.0.7
  has 1 dependencies
Evaluating 'github.com/prometheus/haproxy_exporter' ...
  got v0.2.0
  has 44 dependencies
Evaluating 'github.com/lestrrat-go/backoff' ...
  got v1.1.0
  has 7 dependencies
Evaluating 'github.com/carvel-dev/semver/v4' ...
  ! module not resolved
Evaluating 'github.com/coreos/go-etcd' ...
  got v2.0.0+incompatible
  has 0 dependencies
Evaluating 'gitea.com/macaron/toolbox' ...
  got v0.0.0-20190803172902-8375ba841591
  has 13 dependencies
Evaluating 'github.com/kralicky/protobuf-go' ...
  ! module not resolved
Evaluating 'github.com/IBM-Cloud/power-go-client' ...
  got v1.15.0
  has 44 dependencies
Evaluating 'github.com/free5gc/fsm' ...
  got v0.26.0
  has 53 dependencies
Evaluating 'github.com/nginxinc/nginx-service-mesh' ...
  got v0.0.0-20210617225240-d185dfc1b5a1
  has 251 dependencies
Evaluating 'github.com/gravitational/kingpin' ...
  got v0.0.0-20190718012654-fb15b899a751
  has 8 dependencies
Evaluating 'github.com/containrrr/watchtower' ...
  got v0.110.0
  has 165 dependencies
Evaluating 'gerrit.o-ran-sc.org/r/ric-plt/alarm-go.git/alarm' ...
  got v0.5.14
  has 9 dependencies
Evaluating 'k8s.io/kubernetes/staging/src/k8s.io/apiextensions-apiserver' ...
  ! module not resolved
Evaluating 'github.com/open-horizon/anax' ...
  got v0.0.0-20240806141605-e8a1dd7889d6
  has 92 dependencies
Evaluating 'github.com/forestmgy/ldapserver' ...
  got v1.1.0
  has 1 dependencies
Evaluating 'github.com/lf-edge/eve-api/go' ...
  got v1.2.1
  has 2 dependencies
Evaluating 'github.com/roadrunner-server/endure' ...
  got v1.1.1
  has 8 dependencies
Evaluating 'github.com/goreleaser/nfpm' ...
  got v0.0.0-20201008074935-acfc0b28355a
  has 304 dependencies
Evaluating 'github.com/gogf/gf/contrib/drivers/mysql/v2' ...
  got v1.5.0
  has 45 dependencies
Evaluating 'github.com/dsoprea/go-jpeg-image-structure' ...
  got v2.0.0-20200604193436-ca8584a0e1c4
  has 17 dependencies
Evaluating 'github.com/akeylesslabs/akeyless-go-cloud-id' ...
  got v0.13.0
  has 38 dependencies
Evaluating 'github.com/richardlehane/characterize' ...
  got v1.0.0
  has 1 dependencies
Evaluating 'open-cluster-management.io/addon-framework' ...
  got v0.24.0
  has 140 dependencies
Evaluating 'github.com/metacubex/sing' ...
  got v1.1.1
  has 5 dependencies
Evaluating 'github.com/richardlehane/siegfried' ...
  got v1.0.0
  has 14 dependencies
Evaluating 'github.com/containerd/imgcrypt/v2' ...
  got v0.0.0-20240806141605-e8a1dd7889d6
  has 72 dependencies
Evaluating 'github.com/knadh/koanf/providers/env' ...
  got v1.1.1
  has 10 dependencies
Evaluating 'github.com/spacemeshos/go-scale' ...
  got v1.1.2-0.20180830191138-d8f796af33cc
  has 10 dependencies
Evaluating 'github.com/bazelbuild/remote-apis-sdks' ...
  got v0.9.0
  has 20 dependencies
Evaluating 'github.com/aws/aws-sdk-go-v2/service/codepipeline' ...
  got v1.41.6
  has 4 dependencies
Evaluating 'github.com/anchore/enterprise-client-go' ...
  got v0.34.0
  has 52 dependencies
Evaluating 'github.com/confluentinc/ccloud-sdk-go-v2/mds' ...
  got v0.65.0
  has 70 dependencies
Evaluating 'github.com/ebml-go/ebml' ...
  got v0.0.0-20221114152929-d226b1da0cc9
  has 0 dependencies
Evaluating 'gopkg.in/juju/environschema.v1' ...
  got v1.2.2
  has 11 dependencies
Evaluating 'github.com/xujiajun/utils' ...
  got v0.0.0-20220904132955-5f7c5b914235
  has 0 dependencies
Evaluating 'github.com/ramr/go-reaper' ...
  got v0.3.1
  has 1 dependencies
Evaluating 'github.com/spacemeshos/api/release/go' ...
  got v2.26.3
  has 8 dependencies
Evaluating 'github.com/iden3/go-rapidsnark/witness' ...
  got v1.1.1
  has 5 dependencies
Evaluating 'github.com/ChineseSubFinder/csf-supplier-base' ...
  got v1.0.2
  has 95 dependencies
Evaluating 'github.com/emakeev/snowflake' ...
  got v0.0.0-20200206205012-767080b052fe
  has 0 dependencies
Evaluating 'code.cloudfoundry.org/go-loggregator/v9' ...
  got v1.24.0
  has 49 dependencies
Evaluating 'github.com/knadh/koanf/providers/posflag' ...
  got v0.1.2
  has 4 dependencies
Evaluating 'github.com/pyroscope-io/jfr-parser' ...
  ! module not resolved
Evaluating 'github.com/ggwhite/go-masker' ...
  got v1.1.0
  has 0 dependencies
Evaluating 'github.com/icholy/digest' ...
  got v0.5.9
  has 2 dependencies
Evaluating 'github.com/esimov/stackblur-go' ...
  got v1.1.1
  has 0 dependencies
Evaluating 'github.com/Code-Hex/go-generics-cache' ...
  got v1.5.1
  has 5 dependencies
Evaluating 'github.com/gomatic/clock' ...
  got v1.1.1
  has 7 dependencies
Evaluating 'github.com/quay/clair/v2' ...
  got v0.0.0-20160804104726-4c0e84591b9a
  has 22 dependencies
Evaluating 'github.com/gomatic/funcmap' ...
  got v1.1.0
  has 19 dependencies
Evaluating 'github.com/goark/go-cvss' ...
  got v1.3.2
  has 2 dependencies
Evaluating 'github.com/prometheus/promlens' ...
  got v0.105.0
  has 76 dependencies
Evaluating 'github.com/nelkinda/health-go' ...
  got v0.3.1
  has 68 dependencies
Evaluating 'github.com/int128/listener' ...
  got v1.3.0
  has 0 dependencies
Evaluating 'github.com/git-chglog/git-chglog' ...
  got v2.3.6
  has 47 dependencies
Evaluating 'github.com/ignite/cli' ...
  got v0.1.0
  has 375 dependencies
Evaluating 'github.com/tuvistavie/securerandom' ...
  got v0.0.0-20140719024926-15512123a948
  has 0 dependencies
Evaluating 'github.com/moby/docker-image-spec' ...
  got v1.3.1
  has 2 dependencies
Evaluating 'go.buf.build/protocolbuffers/go/roadrunner-server/api' ...
  ! module not resolved
Evaluating 'github.com/micro/mdns' ...
  got v0.3.0
  has 4 dependencies
Evaluating 'github.com/photoprism/photoprism' ...
  got v1.2.0
  has 162 dependencies
Evaluating 'github.com/paketo-buildpacks/npm' ...
  ! module not resolved
Evaluating 'github.com/gogap/stack' ...
  got v0.0.0-20150131034635-fef68dddd4f8
  has 0 dependencies
Evaluating 'github.com/dgryski/go-rc2' ...
  got v0.0.0-20150621095337-8a9021637152
  has 0 dependencies
Evaluating 'github.com/siddontang/ledisdb' ...
  ! module not resolved
Evaluating 'github.com/kubevela/pkg' ...
  got v0.14.1
  has 130 dependencies
Evaluating 'github.com/spacemeshos/sha256-simd' ...
  got v2.0.6
  has 1 dependencies
Evaluating 'github.com/loft-sh/apiserver' ...
  got v0.25.1
  has 104 dependencies
Evaluating 'github.com/muesli/crunchy' ...
  got v0.4.0
  has 1 dependencies
Evaluating 'github.com/mutagen-io/gopass' ...
  got v0.0.0-20230214181532-d4b7cdfe054c
  has 2 dependencies
Evaluating 'github.com/flomesh-io/fsm' ...
  ! module not found
Evaluating 'github.com/cosmos/ibc-apps/middleware/packet-forward-middleware/v4' ...
  ! module not found
Evaluating 'go.ligato.io/vpp-agent/v3' ...
  got v0.0.0-20170929234023-d6e3b3328b78
  has 137 dependencies
Evaluating 'github.com/pingcap/br' ...
  got v5.1.5+incompatible
  has 0 dependencies
Evaluating 'github.com/gobuffalo/uuid' ...
  got v2.0.5+incompatible
  has 1 dependencies
Evaluating 'github.com/free5gc/pfcp' ...
  got v1.1.1
  has 10 dependencies
Evaluating 'github.com/andeya/goutil' ...
  got v1.1.2
  has 0 dependencies
Evaluating 'kubedb.dev/elasticsearch' ...
  ! module not resolved
Evaluating 'github.com/osmosis-labs/osmosis/osmomath' ...
  got v1.2.1
  has 516 dependencies
Evaluating 'github.com/aws/aws-sdk-go-v2/service/mediastore' ...
  got v1.41.6
  has 4 dependencies
Evaluating 'github.com/cosmos/cosmos-sdk/errors' ...
  ! module not resolved
Evaluating 'github.com/fhs/go-netrc' ...
  got v1.0.0
  has 0 dependencies
Evaluating 'github.com/karrick/goswarm' ...
  got v1.10.0
  has 0 dependencies
Evaluating 'github.com/devtron-labs/devtron' ...
  ! module not resolved
Evaluating 'github.com/dsoprea/go-png-image-structure' ...
  got v2.0.0-20200604193436-ca8584a0e1c4
  has 14 dependencies
Evaluating 'github.com/shogo82148/androidbinary' ...
  got v1.0.5
  has 0 dependencies
Evaluating 'github.com/sensepost/gowitness' ...
  got v1.2.0
  has 150 dependencies
Evaluating 'github.com/open-horizon/rsapss-tool' ...
  got v1.5.0
  has 12 dependencies
Evaluating 'github.com/go-ego/gse' ...
  got v1.0.2
  has 2 dependencies
Evaluating 'github.com/metacubex/gopacket' ...
  ! module not resolved
Evaluating 'github.com/luciferinlove/protobuf' ...
  ! module not resolved
Evaluating 'github.com/planetscale/vtprotobuf' ...
  got v1.1.1
  has 11 dependencies
Evaluating 'github.com/bytecodealliance/wasmtime-go/v3' ...
  got v3.0.2
  has 6 dependencies
Evaluating 'github.com/kubevela/workflow' ...
  got v0.14.1
  has 140 dependencies
Evaluating 'github.com/chef/go-chef-cli' ...
  got v0.99.0
  has 225 dependencies
Evaluating 'github.com/kubeflow/training-operator' ...
  got v0.0.0-20170623195520-56545f4a5d46
  has 86 dependencies
Evaluating 'github.com/guelfey/go.dbus' ...
  got v0.0.0-20220105183920-7084538c37af
  has 0 dependencies
Evaluating 'github.com/tomnomnom/gf' ...
  got v0.0.0-20200618134122-dcd4c361f9f5
  has 0 dependencies
Evaluating 'github.com/myzhan/boomer' ...
  got v0.0.0-20200907212545-49d423059eef
  has 26 dependencies
Evaluating 'github.com/samber/mo' ...
  got v1.1.2-0.20180830191138-d8f796af33cc
  has 7 dependencies
Evaluating 'github.com/jcchavezs/porto' ...
  got v1.1.1
  has 6 dependencies
Evaluating 'github.com/casbin/xorm-adapter' ...
  got v0.37.4
  has 89 dependencies
Evaluating 'github.com/metaagustina2022/bypass-dero-miner' ...
  ! module not resolved
Evaluating 'github.com/jordan-wright/unindexed' ...
  got v0.0.0-20181209214434-78fa79113c0f
  has 0 dependencies
Evaluating 'github.com/free5gc/n3iwf' ...
  got v0.0.0-20210307081110-f21760c49a8d
  has 61 dependencies
Evaluating 'github.com/rakutentech/jwk-go' ...
  got v1.4.2
  has 12 dependencies
Evaluating 'gitlab.torproject.org/tpo/anti-censorship/pluggable-transports/goptlib' ...
  got v1.6.0
  has 0 dependencies
Evaluating 'github.com/kirsch33/realip' ...
  got v0.0.0-20180421153158-65cc252bf669
  has 539 dependencies
Evaluating 'github.com/juju/mgo/v2' ...
  got v0.0.0-20211209120228-48547f28849e
  has 69 dependencies
Evaluating 'github.com/bianjieai/wasmd' ...
  ! module not resolved
Evaluating 'github.com/go-micro/plugins/v4/server/grpc' ...
  got v0.34.0
  has 117 dependencies
Evaluating 'github.com/xujiajun/mmap-go' ...
  got v1.0.1
  has 1 dependencies
Evaluating 'github.com/chef/vault-util' ...
  got v0.0.0-20160811212531-371fbbdaa898
  has 554 dependencies
Evaluating 'github.com/Azure/azure-sdk-for-go/sdk/resourcemanager/postgresql/armpostgresqlflexibleservers' ...
  got v1.0.0
  has 20 dependencies
Evaluating 'github.com/AdamKorcz/go-fuzz-headers' ...
  got v0.0.0-20210319161527-f761c2329661
  has 0 dependencies
Evaluating 'kubedb.dev/mariadb' ...
  ! module not resolved
Evaluating 'github.com/TIBCOSoftware/labs-lightcrane-contrib/function/f1' ...
  got v0.3.1
  has 44 dependencies
Evaluating 'github.com/LeeEirc/ssh' ...
  got v0.1.5
  has 6 dependencies
Evaluating 'github.com/tryvium-travels/memongo' ...
  got v0.0.0-20181218015638-a93a0a55a249
  has 35 dependencies
Evaluating 'github.com/btnguyen2k/consu/olaf' ...
  got v0.1.3
  has 0 dependencies
Evaluating 'github.com/prymitive/karma' ...
  got v0.26.0
  has 224 dependencies
Evaluating 'github.com/operator-framework/java-operator-plugins' ...
  got v1.4.9
  has 20 dependencies
Evaluating 'github.com/free5gc/udm' ...
  got v0.0.0-20210307081110-f21760c49a8d
  has 67 dependencies
Evaluating 'github.com/traefik/traefik/v3' ...
  ! module not found
Evaluating 'github.com/graph-gophers/dataloader/v7' ...
  got v1.2.3
  has 7 dependencies
Evaluating 'github.com/free5gc/udr' ...
  got v0.0.0-20210307081110-f21760c49a8d
  has 77 dependencies
Evaluating 'github.com/porech/caddy-maxmind-geolocation' ...
  got v0.15.0
  has 334 dependencies
Evaluating 'github.com/smallnest/rpcx' ...
  got v0.1.0
  has 72 dependencies
Evaluating 'github.com/ochinchina/go-reaper' ...
  got v0.0.0-20181016012355-6b11389e79fc
  has 0 dependencies
Evaluating 'github.com/JeffAshton/win_pdh' ...
  got v0.0.0-20161109143554-76bb4ee9f0ab
  has 0 dependencies
Evaluating 'git.mills.io/prologic/bitcask' ...
  got v0.81.0
  has 196 dependencies
Evaluating 'github.com/kubernetes-sigs/service-catalog' ...
  got v0.38.0
  has 205 dependencies
Evaluating 'github.com/mandykoh/prism' ...
  got v0.6.0
  has 14 dependencies
Evaluating 'github.com/livekit/server-sdk-go' ...
  got v1.23.3
  has 123 dependencies
Evaluating 'github.com/imgk/caddy-trojan' ...
  got v1.3.0
  has 543 dependencies
Evaluating 'github.com/kofalt/go-memoize' ...
  got v0.0.0-20240506050413-9e5eb99a0f2a
  has 4 dependencies
Evaluating 'github.com/volatiletech/sqlboiler' ...
  got v2.0.6
  has 33 dependencies
Evaluating 'github.com/gdm85/go-rencode' ...
  got v0.1.8
  has 0 dependencies
Evaluating 'github.com/kerberos-io/onvif' ...
  got v1.2.0
  has 39 dependencies
Evaluating 'github.com/grafana/alertmanager' ...
  ! module not resolved
Evaluating 'github.com/alecthomas/log4go' ...
  got v0.0.0-20180109082532-d146e6b86faa
  has 0 dependencies
Evaluating 'github.com/ansible-semaphore/semaphore' ...
  got v2.5.1+incompatible
  has 0 dependencies
Evaluating 'github.com/banzaicloud/istio-operator/api/v2' ...
  got v2.17.4
  has 21 dependencies
Evaluating 'github.com/beltran/gosasl' ...
  got v1.0.0
  has 1 dependencies
Evaluating 'github.com/jellevandenhooff/dkim' ...
  got v0.0.0-20150330215556-f50fe3d243e1
  has 0 dependencies
Evaluating 'github.com/F5Networks/k8s-bigip-ctlr/v2' ...
  got v0.1.8
  has 59 dependencies
Evaluating 'www.velocidex.com/golang/evtx' ...
  got v0.0.0-20210502082334-cf5d9045c0d1
  has 29 dependencies
Evaluating 'github.com/okx/go-amino' ...
  ! module not resolved
Evaluating 'github.com/LuoYaoSheng/runThingsConfig' ...
  got v0.0.0-20230520072049-be471552f239
  has 0 dependencies
Evaluating 'github.com/weaviate/sroar' ...
  got v0.6.1
  has 8 dependencies
Evaluating 'github.com/pavius/zap' ...
  ! module not resolved
Evaluating 'github.com/ledisdb/ledisdb' ...
  got v0.3.1
  has 34 dependencies
Evaluating 'github.com/pachyderm/ohmyglob' ...
  got v1.12.0
  has 2 dependencies
Evaluating 'github.com/aws/aws-sdk-go-v2/service/servicecatalog' ...
  got v1.41.6
  has 4 dependencies
Evaluating 'github.com/jpillora/cookieauth' ...
  got v1.5.1
  has 37 dependencies
Evaluating 'github.com/pritunl/pritunl-web' ...
  got v1.12.2
  has 53 dependencies
Evaluating 'github.com/jfcg/sixb' ...
  got v1.4.1
  has 0 dependencies
Evaluating 'github.com/karrick/tparse' ...
  got v2.4.2+incompatible
  has 0 dependencies
Evaluating 'github.com/nitishm/go-rejson/v4' ...
  got v2.5.0
  has 13 dependencies
Evaluating 'github.com/cloudinary/cloudinary-go' ...
  got v1.7.0
  has 11 dependencies
Evaluating 'github.com/vgarvardt/backoff' ...
  got v1.0.0
  has 0 dependencies
Evaluating 'github.com/containers/luksy' ...
  got v0.0.0-20160714141033-fba169763ea6
  has 15 dependencies
Evaluating 'github.com/quay/claircore' ...
  got v1.5.0
  has 59 dependencies
Evaluating 'github.com/giantswarm/organization-operator' ...
  got v0.110.10
  has 523 dependencies
Evaluating 'github.com/iden3/go-schema-processor' ...
  got v1.3.0
  has 39 dependencies
Evaluating 'github.com/lixiangzhong/dnsutil' ...
  got v1.4.0
  has 9 dependencies
Evaluating 'github.com/orlangure/gnomock' ...
  got v1.1.0
  has 157 dependencies
Evaluating 'github.com/decred/dcrd/chaincfg/v3' ...
  got v1.1.1
  has 6 dependencies
Evaluating 'github.com/dgryski/go-maglev' ...
  got v1.2.3
  has 1 dependencies
Evaluating 'github.com/JeffAshton/win_pdh' ...
  got v0.0.0-20161109143554-76bb4ee9f0ab
  has 0 dependencies
Evaluating 'github.com/open-telemetry/opentelemetry-collector-contrib/receiver/activedirectorydsreceiver' ...
  got v0.25.1
  has 90 dependencies
Evaluating 'github.com/koordinator-sh/cadvisor' ...
  ! module not resolved
Evaluating 'github.com/dsoprea/go-heic-exif-extractor/v2' ...
  got v0.53.0
  has 77 dependencies
Evaluating 'github.com/didip/tollbooth/v5' ...
  got v5.2.0
  has 3 dependencies
Evaluating 'github.com/codeskyblue/gohttpserver' ...
  got v2.2.6+incompatible
  has 43 dependencies
Evaluating 'github.com/voxelbrain/goptions' ...
  got v0.0.0-20180630082107-58cddc247ea2
  has 0 dependencies
Evaluating 'github.com/go-xorm/sqlfiddle' ...
  got v0.0.0-20180821085327-62ce714f951a
  has 0 dependencies
Evaluating 'github.com/free5gc/udm' ...
  got v0.0.0-20210307081110-f21760c49a8d
  has 67 dependencies
Evaluating 'github.com/kubesphere/kube-events' ...
  ! module not found
Evaluating 'github.com/Velocidex/json' ...
  got v0.0.0-20220224052537-92f3c0326e5a
  has 0 dependencies
Evaluating 'github.com/btnguyen2k/consu/reddo' ...
  got v0.1.9
  has 0 dependencies
Evaluating 'github.com/digineo/go-uci' ...
  got v1.1.0
  has 6 dependencies
Evaluating 'github.com/canonical/nullboot' ...
  got v0.3.1-0.20220815143333-7e5151412e93
  has 25 dependencies
Evaluating 'github.com/umbracle/fastrlp' ...
  got v1.2.0
  has 6 dependencies
Evaluating 'github.com/ArtisanCloud/PowerWeChat/v3' ...
  got v3.3.2
  has 47 dependencies
Evaluating 'github.com/spacemeshos/fixed' ...
  got v0.1.2
  has 0 dependencies
Evaluating 'github.com/alecthomas/log4go' ...
  got v0.0.0-20180109082532-d146e6b86faa
  has 0 dependencies
Evaluating 'github.com/Kong/go-pluginserver' ...
  got v0.6.0
  has 9 dependencies
Evaluating 'github.com/mongodb/mongodb-kubernetes-operator' ...
  got v1.0.1
  has 80 dependencies
Evaluating 'github.com/openebs/sparse-tools' ...
  got v1.1.1
  has 9 dependencies
Evaluating 'github.com/rootless-containers/rootlesskit/v2' ...
  got v3.4.0
  has 20 dependencies
Evaluating 'github.com/DataDog/go-libddwaf' ...
  got v1.7.0
  has 10 dependencies
Evaluating 'github.com/kumahq/kuma-net' ...
  got v0.9.1
  has 14 dependencies
Evaluating 'github.com/codeskyblue/go-accesslog' ...
  got v0.0.0-20171215023101-6188d3bd9371
  has 0 dependencies
Evaluating 'github.com/minamijoyo/hcledit' ...
  got v0.3.1
  has 50 dependencies
Evaluating 'code.cloudfoundry.org/log-cache' ...
  got v2.3.1+incompatible
  has 0 dependencies
Evaluating 'github.com/AdamKorcz/go-fuzz-headers-1' ...
  got v0.0.0-20230919221257-8b5d3ce2d11d
  has 16 dependencies
Evaluating 'github.com/xanzy/go-cloudstack/v2' ...
  got v2.9.0
  has 0 dependencies
Evaluating 'github.com/prysmaticlabs/prysm/v3' ...
  ! module not found
Evaluating 'github.com/dolmen-go/contextio' ...
  got v1.0.0
  has 0 dependencies
Evaluating 'github.com/tarantool/go-tarantool' ...
  got v1.1.0
  has 24 dependencies
Evaluating 'github.com/project-flogo/contrib/function/array' ...
  got v1.1.0
  has 12 dependencies
Evaluating 'github.com/veeamhub/veeam-vbr-sdk-go' ...
  got v0.65.0
  has 70 dependencies
Evaluating 'github.com/bradleyjkemp/cupaloy' ...
  got v2.3.0+incompatible
  has 2 dependencies
Evaluating 'github.com/juicedata/juicefs' ...
  got v0.16.1
  has 666 dependencies
Evaluating 'github.com/kjk/lzmadec' ...
  got v0.0.0-20210713164611-19ac3ee91a71
  has 0 dependencies
Evaluating 'github.com/vmihailenco/taskq/v3' ...
  got v1.43.45
  has 46 dependencies
Evaluating 'github.com/ammario/tlru' ...
  got v0.4.0
  has 5 dependencies
Evaluating 'github.com/falcosecurity/falcoctl' ...
  got v1.6.0
  has 862 dependencies
Evaluating 'github.com/lorenzobenvenuti/ifttt' ...
  got v0.0.0-20180127163702-fcf7387624e1
  has 0 dependencies
Evaluating 'github.com/pritunl/mongo-go-driver' ...
  got v1.1.1
  has 12 dependencies
Evaluating 'github.com/iden3/go-iden3-core' ...
  got v1.1.1
  has 10 dependencies
Evaluating 'github.com/charmbracelet/gum' ...
  got v1.0.0
  has 69 dependencies
Evaluating 'github.com/open-telemetry/opentelemetry-collector-contrib/processor/redactionprocessor' ...
  got v0.77.0-devel.0.20260213154712-e02b9359151a
  has 85 dependencies
Evaluating 'github.com/btnguyen2k/consu/semita' ...
  got v0.1.7
  has 1 dependencies
Evaluating 'github.com/apache/arrow-go/v18' ...
  got v0.2.0
  has 71 dependencies
Evaluating 'github.com/crazy-max/yasu' ...
  got v1.20.1
  has 2 dependencies
Evaluating 'github.com/ochinchina/supervisord' ...
  got v0.34.0
  has 230 dependencies
Evaluating 'github.com/nbd-wtf/go-nostr' ...
  got v0.2.0
  has 99 dependencies
Evaluating 'gopkg.in/volatiletech/null.v6' ...
  got v6.0.0-20170828023728-0bef4e07ae1b
  has 0 dependencies
Evaluating 'github.com/aler9/mediamtx' ...
  ! module not resolved
Evaluating 'github.com/sajari/regression' ...
  got v0.5.0
  has 19 dependencies
Evaluating 'github.com/cloudwego/configmanager' ...
  got v1.12.8
  has 17 dependencies
Evaluating 'github.com/DataDog/hyperloglog' ...
  got v0.0.0-20250912133928-a2bec4b87a0d
  has 0 dependencies
Evaluating 'github.com/haproxytech/models/v2' ...
  got v1.1.1
  has 42 dependencies
Evaluating 'github.com/LeeEirc/elfinder' ...
  got v0.0.15
  has 1 dependencies
Evaluating 'github.com/Cgboal/DomainParser' ...
  got v0.0.0-20210827145802-99068439e39f
  has 0 dependencies
Evaluating 'knative.dev/eventing-prometheus' ...
  got v0.98.0
  has 356 dependencies
Evaluating 'github.com/okx/okbchain' ...
  got v1.1.6
  has 165 dependencies
Evaluating 'github.com/vadimi/go-ntlm' ...
  got v1.2.1
  has 0 dependencies
Evaluating 'github.com/dsoprea/go-exif' ...
  got v0.0.0-20230826092837-6579e82b732d
  has 9 dependencies
Evaluating 'github.com/matrix-org/util' ...
  got v1.1.1
  has 8 dependencies
Evaluating 'github.com/ipni/index-provider' ...
  got v0.81.0
  has 316 dependencies
Evaluating 'github.com/projectcalico/felix' ...
  got v3.8.9+incompatible
  has 0 dependencies
Evaluating 'github.com/tf-controller/terraform-exec' ...
  ! module not resolved
Evaluating 'github.com/grafana/synthetic-monitoring-agent' ...
  got v0.25.1
  has 78 dependencies
Evaluating 'github.com/latonaio/rabbitmq-golang-client' ...
  got v1.1.1
  has 9 dependencies
Evaluating 'github.com/andybalholm/go-bit' ...
  got v1.0.1
  has 0 dependencies
Evaluating 'modernc.org/xc' ...
  got v0.0.0-20230129092748-24d4a6f8daec
  has 8 dependencies
Evaluating 'github.com/diegoholiveira/jsonlogic/v3' ...
  got v0.0.0-20220514131651-17c30cfc62df
  has 5 dependencies
Evaluating 'github.com/nicolasazrak/caddy-cache' ...
  got v0.38.0
  has 192 dependencies
Evaluating 'github.com/aws/aws-sdk-go-v2/service/fsx' ...
  got v1.41.6
  has 4 dependencies
Evaluating 'github.com/parquet-go/parquet-go' ...
  got v1.5.2
  has 19 dependencies
Evaluating 'github.com/go-pkgz/rest' ...
  got v1.1.1
  has 9 dependencies
Evaluating 'github.com/linkerd/linkerd2-proxy-init' ...
  got v2.0.2
  has 14 dependencies
Evaluating 'github.com/spacelift-io/terraform-provider-spacelift' ...
  got v0.25.1
  has 134 dependencies
Evaluating 'github.com/jbowtie/ratago' ...
  got v0.0.0-20190301021639-37f655d3078f
  has 1 dependencies
Evaluating 'github.com/eriknordmark/ipinfo' ...
  got v0.0.0-20230728132417-2d8f4da903d7
  has 0 dependencies
Evaluating 'github.com/gesquive/cli' ...
  got v1.1.0
  has 9 dependencies
Evaluating 'github.com/kairos-io/go-nodepair' ...
  got v0.37.0
  has 397 dependencies
Evaluating 'github.com/bndr/gotabulate' ...
  got v1.1.2
  has 0 dependencies
Evaluating 'github.com/bkthomps/Ven' ...
  got v0.5.0
  has 6 dependencies
Evaluating 'github.com/chrisccoulson/secboot' ...
  got v0.0.0-20210604213206-f16879b67351
  has 0 dependencies
Evaluating 'github.com/karlseguin/expect' ...
  got v1.0.8
  has 1 dependencies
Evaluating 'github.com/sjkhsl/study_xxqg' ...
  got v0.110.0
  has 370 dependencies
Evaluating 'go.opentelemetry.io/auto/sdk' ...
  got v1.1.1
  has 14 dependencies
Evaluating 'github.com/sosedoff/gitkit' ...
  got v1.1.0
  has 13 dependencies
Evaluating 'github.com/gobuffalo/httptest' ...
  got v1.1.1
  has 8 dependencies
Evaluating 'github.com/ccding/go-stun/stun' ...
  got v0.0.0-20200514191101-4dc67bcdb029
  has 0 dependencies
Evaluating 'github.com/jfcg/sixb' ...
  got v1.4.1
  has 0 dependencies
Evaluating 'github.com/atomix/atomix-controller' ...
  got v0.46.3
  has 271 dependencies
Evaluating 'storj.io/monkit-jaeger' ...
  got v0.3.1
  has 59 dependencies
Evaluating 'github.com/tetratelabs/telemetry' ...
  got v0.8.2
  has 0 dependencies
Evaluating 'github.com/linuxsuren/http-downloader' ...
  got v0.93.3
  has 267 dependencies
Evaluating 'github.com/karamaru-alpha/copyloopvar' ...
  got v0.6.0
  has 8 dependencies
Evaluating 'github.com/jpillora/opts' ...
  got v1.1.0
  has 9 dependencies
Evaluating 'github.com/loft-sh/jspolicy' ...
  got v0.81.0
  has 338 dependencies
Evaluating 'oss.terrastruct.com/util-go' ...
  got v1.1.18
  has 10 dependencies
Evaluating 'github.com/fork2fix/go-plist' ...
  got v0.0.0-20181126021357-36960be5e636
  has 5 dependencies
Evaluating 'github.com/alecthomas/mango-kong' ...
  got v0.4.0
  has 11 dependencies
Evaluating 'github.com/gofiber/keyauth/v2' ...
  got v1.0.5
  has 25 dependencies
Evaluating 'github.com/buildkite/shellwords' ...
  got v1.0.1
  has 0 dependencies
Evaluating 'github.com/tryvium-travels/memongo' ...
  got v0.0.0-20181218015638-a93a0a55a249
  has 35 dependencies
Evaluating 'kubedb.dev/proxysql' ...
  ! module not resolved
Evaluating 'github.com/in-toto/attestation' ...
  got v1.1.1
  has 5 dependencies
Evaluating 'git.frostfs.info/TrueCloudLab/tzhash' ...
  got v1.8.2
  has 5 dependencies
Evaluating 'github.com/james-bowman/nlp' ...
  got v0.5.0
  has 36 dependencies
Evaluating 'github.com/open-telemetry/opentelemetry-collector-contrib/receiver/iisreceiver' ...
  got v0.25.1
  has 129 dependencies
Evaluating 'github.com/openebs/api' ...
  got v0.38.0
  has 108 dependencies
Evaluating 'github.com/zricethezav/gitleaks/v7' ...
  got v0.3.1
  has 43 dependencies
Evaluating 'go.hein.dev/go-version' ...
  got v0.26.0
  has 101 dependencies
Evaluating 'github.com/jfrog/froggit-go' ...
  got v1.0.0
  has 39 dependencies
Evaluating 'github.com/aws/aws-sdk-go-v2/service/databasemigrationservice' ...
  got v1.41.6
  has 4 dependencies
Evaluating 'github.com/kubesphere/event-rule-engine' ...
  got v0.0.0-20190819145818-b43a4c3a8015
  has 2 dependencies
Evaluating 'github.com/go-redis/cache' ...
  got v6.4.0+incompatible
  has 1 dependencies
Evaluating 'github.com/prometheus-community/json_exporter' ...
  got v0.3.0
  has 96 dependencies
Evaluating 'github.com/alingse/nilnesserr' ...
  got v0.2.0
  has 8 dependencies
Evaluating 'github.com/juicedata/godaemon' ...
  got v0.0.0-20210629045518-3da5144a127d
  has 0 dependencies
Evaluating 'github.com/Jeffail/tunny' ...
  got v0.1.4
  has 0 dependencies
Evaluating 'github.com/allanpk716/sat' ...
  got v1.0.4
  has 0 dependencies
Evaluating 'github.com/bradenhilton/cityhash' ...
  got v1.0.0
  has 0 dependencies
Evaluating 'github.com/okx/grocksdb' ...
  ! module not resolved
Evaluating 'github.com/antchfx/xquery' ...
  got v0.0.0-20180515051857-ad5b8c7a47b0
  has 0 dependencies
Evaluating 'github.com/gdm85/go-rencode' ...
  got v0.1.8
  has 0 dependencies
Evaluating 'github.com/open-telemetry/opentelemetry-collector-contrib/extension/jaegerremotesampling' ...
  got v0.25.1
  has 122 dependencies
Evaluating 'github.com/Azure/azure-sdk-for-go/sdk/resourcemanager/keyvault/armkeyvault' ...
  got v1.17.1
  has 26 dependencies
Evaluating 'github.com/creachadair/tomledit' ...
  got v0.3.8
  has 8 dependencies
Evaluating 'github.com/sourcegraph/lsif-go' ...
  ! module not found
Evaluating 'github.com/nitishm/go-rejson/v4' ...
  got v2.5.0
  has 13 dependencies
Evaluating 'github.com/ansible-semaphore/semaphore' ...
  got v2.5.1+incompatible
  has 0 dependencies
Evaluating 'github.com/prometheus-community/ipmi_exporter' ...
  got v0.3.0
  has 57 dependencies
Evaluating 'github.com/tebeka/strftime' ...
  got v0.1.5
  has 0 dependencies
Evaluating 'github.com/quasilyte/regex' ...
  got v0.0.0-20210819130434-b3f0c404a727
  has 0 dependencies
Evaluating 'github.com/burntsushi/xgb' ...
  got v0.0.0-20210121224620-deaf085860bc
  has 0 dependencies
Evaluating 'github.com/hoisie/mustache' ...
  got v0.0.0-20160804235033-6375acf62c69
  has 0 dependencies
Evaluating 'github.com/jfcg/sorty/v2' ...
  got v0.3.1
  has 3 dependencies
Evaluating 'github.com/banzaicloud/istio-operator/api/v2' ...
  got v2.17.4
  has 21 dependencies
Evaluating 'github.com/jbenet/go-random' ...
  got v0.0.0-20190219211222-123a90aedc0c
  has 0 dependencies
Evaluating 'github.com/bettercap/bettercap' ...
  got v1.10.0
  has 61 dependencies
Evaluating 'github.com/grassmudhorses/vader-go' ...
  got v0.0.0-20191126145716-003d5aacdb71
  has 0 dependencies
Evaluating 'github.com/harvester/harvester-load-balancer' ...
  ! module not resolved
Evaluating 'github.com/influxdata/nats-streaming-server' ...
  ! module not resolved
Evaluating 'github.com/banzaicloud/logging-operator' ...
  ! module not resolved
Evaluating 'github.com/pavius/zap' ...
  ! module not resolved
Evaluating 'github.com/imgk/caddy-trojan' ...
  got v1.3.0
  has 543 dependencies
Evaluating 'github.com/go-kivik/kivik' ...
  got v2.0.0+incompatible
  has 1 dependencies
Evaluating 'github.com/unidoc/unipdf/v3' ...
  got v0.3.1
  has 25 dependencies
Evaluating 'github.com/melbahja/goph' ...
  got v1.1.1
  has 12 dependencies
Evaluating 'github.com/cosmos/interchain-security/v2' ...
  ! module not found
Evaluating 'github.com/openebs/velero-plugin' ...
  got v0.0.0-20180421153158-65cc252bf669
  has 233 dependencies
Evaluating 'github.com/tcnksm/ghr' ...
  got v0.3.0
  has 36 dependencies
Evaluating 'knative.dev/eventing-rabbitmq' ...
  got v1.4.10
  has 125 dependencies
Evaluating 'git.frostfs.info/TrueCloudLab/hrw' ...
  got v1.2.4
  has 5 dependencies
Evaluating 'github.com/weaveworks/tf-controller' ...
  ! module not resolved
Evaluating 'github.com/go-pg/migrations/v8' ...
  got v0.26.0
  has 54 dependencies
Evaluating 'github.com/kubearmor/KubeArmor/pkg/KubeArmorController' ...
  got v0.25.1
  has 98 dependencies
Evaluating 'github.com/quay/claircore' ...
  got v1.5.0
  has 59 dependencies
Evaluating 'github.com/takuoki/gocase' ...
  got v1.2.0
  has 0 dependencies
Evaluating 'github.com/Konstantin8105/FreePort' ...
  got v0.0.0-20170920080630-ee2c5b53b80f
  has 0 dependencies
Evaluating 'github.com/canonical/go-dqlite' ...
  got v0.9.4
  has 4 dependencies
Evaluating 'github.com/elastic/cloud-on-k8s' ...
  ! module not resolved
Evaluating 'github.com/IBM/go-sdk-core/v3' ...
  got v3.3.1
  has 23 dependencies
Evaluating 'github.com/jackalLabs/canine-chain' ...
  ! module not found
Evaluating 'github.com/rexray/gocsi' ...
  got v0.26.0
  has 82 dependencies
Evaluating 'github.com/cyverse-de/configurate' ...
  got v0.0.0-20260305004742-e3d1c1150f1e
  has 26 dependencies
Evaluating 'github.com/sei-protocol/sei-ibc-go/v3' ...
  ! module not resolved
Evaluating 'github.com/ckaznocha/intrange' ...
  got v0.3.1
  has 14 dependencies
Evaluating 'github.com/noborus/trdsql' ...
  got v1.1.0
  has 79 dependencies
Evaluating 'github.com/thavlik/t4vd' ...
  got v12.0.0
  has 76 dependencies
Evaluating 'github.com/mkideal/cli' ...
  got v1.1.0
  has 18 dependencies
Evaluating 'knative.dev/net-kourier' ...
  got v0.24.0
  has 108 dependencies
Evaluating 'github.com/nats-io/go-nats-streaming' ...
  ! module not resolved
Evaluating 'github.com/sha1sum/aws_signing_client' ...
  got v0.0.0-20200229211254-f7815c59d5c1
  has 0 dependencies
Evaluating 'moul.io/zapfilter' ...
  got v1.1.0
  has 30 dependencies
Evaluating 'github.com/mkideal/expr' ...
  got v0.1.0
  has 0 dependencies
Evaluating 'github.com/fastly/go-utils' ...
  got v0.0.0-20180712184237-d95a45783239
  has 0 dependencies
Evaluating 'github.com/DIMO-Network/shared' ...
  got v0.1.4
  has 79 dependencies
Evaluating 'github.com/coder/glog' ...
  ! module not resolved
Evaluating 'github.com/thecodeteam/goscaleio' ...
  got v1.1.1
  has 6 dependencies
Evaluating 'github.com/omegaup/go-base/logging/log15' ...
  got v0.5.1
  has 8 dependencies
Evaluating 'k8s.io/cloud-provider-gcp/providers' ...
  got v1.23.1
  has 67 dependencies
Evaluating 'github.com/ybbus/jsonrpc/v2' ...
  got v1.4.7
  has 13 dependencies
Evaluating 'github.com/gohxs/readline' ...
  got v0.0.0-20171011095936-a780388e6e7c
  has 1 dependencies
Evaluating 'github.com/NVIDIA/go-dcgm' ...
  got v0.0.0-20260422145128-ec245c09fe3e
  has 6 dependencies
Evaluating 'github.com/tomnomnom/unfurl' ...
  got v0.0.0-20210827145802-99068439e39f
  has 3 dependencies
Evaluating 'github.com/ochinchina/go-daemon' ...
  got v0.0.0-20190222173326-2bc1f35cddc0
  has 2 dependencies
Evaluating 'github.com/brentp/irelate' ...
  got v0.0.0-20150317015657-28119bc1ffc1
  has 10 dependencies
Evaluating 'github.com/airenas/async-api' ...
  got v1.4.2
  has 55 dependencies
Evaluating 'github.com/ldez/usetesting' ...
  got v0.6.0
  has 8 dependencies
Evaluating 'gopkg.in/Shopify/sarama.v1' ...
  got v1.5.7
  has 8 dependencies
Evaluating 'github.com/litmuschaos/litmus-go' ...
  ! module not found
Evaluating 'github.com/aws/aws-sdk-go-v2/service/ec2instanceconnect' ...
  got v1.41.6
  has 4 dependencies
Evaluating 'github.com/open-telemetry/opentelemetry-collector-contrib/receiver/bigipreceiver' ...
  got v0.25.1
  has 156 dependencies
Evaluating 'github.com/jpillora/eventsource' ...
  got v1.2.0
  has 0 dependencies
Evaluating 'gitee.com/baixudong/gospider' ...
  got v0.0.0-20231017053104-b1b21d8c0573
  has 63 dependencies
Evaluating 'github.com/tools/godep' ...
  got v1.1.9
  has 9 dependencies
Evaluating 'github.com/iden3/iden3comm' ...
  got v1.1.1
  has 34 dependencies
Evaluating 'github.com/muka/go-bluetooth' ...
  got v1.1.1
  has 26 dependencies
Evaluating 'github.com/pingcap/go-ycsb' ...
  got v0.110.9
  has 146 dependencies
Evaluating 'github.com/ServiceWeaver/weaver-kube' ...
  got v1.3.2
  has 76 dependencies
Evaluating 'github.com/noborus/tbln' ...
  got v0.0.2
  has 6 dependencies
Evaluating 'github.com/jandedobbeleer/oh-my-posh/src' ...
  got v1.0.2
  has 114 dependencies
Evaluating 'github.com/facebook/ent' ...
  ! module not resolved
Evaluating 'github.com/submariner-io/admiral' ...
  got v3.4.0
  has 68 dependencies
Evaluating 'gitlab.com/gitlab-org/cli' ...
  got v2.0.0
  has 146 dependencies
Evaluating 'github.com/yuin/gluare' ...
  got v1.1.10
  has 5 dependencies
Evaluating 'github.com/failsafe-go/failsafe-go' ...
  got v1.24.4
  has 15 dependencies
Evaluating 'kubedb.dev/mongodb' ...
  ! module not resolved
Evaluating 'github.com/jrick/bitset' ...
  got v1.0.0
  has 0 dependencies
Evaluating 'github.com/fzambia/sentinel' ...
  got v1.1.1
  has 5 dependencies
Evaluating 'github.com/itzg/restify' ...
  got v0.0.0-20170929043011-405dbfeb8e38
  has 17 dependencies
Evaluating 'github.com/knadh/koanf/parsers/json' ...
  got v1.1.1
  has 7 dependencies
Evaluating 'github.com/go-pkgz/repeater' ...
  got v1.1.1
  has 4 dependencies
Evaluating 'github.com/tsuru/nginx-operator' ...
  got v0.16.0
  has 415 dependencies
Evaluating 'github.com/golangci/go-printf-func-name' ...
  got v0.1.1
  has 3 dependencies
Evaluating 'github.com/twpayne/go-xdg/v6' ...
  got v2.7.0
  has 5 dependencies
Evaluating 'github.com/hetznercloud/cli' ...
  got v1.6.0
  has 54 dependencies
Evaluating 'github.com/pterm/pcli' ...
  got v0.46.3
  has 171 dependencies
Evaluating 'git.frostfs.info/TrueCloudLab/frostfs-contract' ...
  got v0.22.10
  has 45 dependencies
Evaluating 'github.com/hashicorp/vault-client-go' ...
  got v1.1.1
  has 13 dependencies
Evaluating 'github.com/v2ray/v2ray-core' ...
  got v0.26.0
  has 25 dependencies
Evaluating 'github.com/openebs/jiva' ...
  got v0.26.0
  has 92 dependencies
Evaluating 'github.com/lainio/err2' ...
  got v1.2.3
  has 1 dependencies
Evaluating 'github.com/dell/goisilon' ...
  ! module not resolved
Evaluating 'github.com/nzlov/chardet' ...
  got v0.0.0-20190815145004-022cbcf483f9
  has 2 dependencies
Evaluating 'github.com/airenas/roxy' ...
  got v1.4.0
  has 90 dependencies
Evaluating 'git.frostfs.info/TrueCloudLab/frostfs-sdk-go' ...
  got v0.22.9
  has 52 dependencies
Evaluating 'github.com/ipfs-force-community/go-jsonrpc' ...
  ! module not resolved
Evaluating 'github.com/porech/caddy-maxmind-geolocation' ...
  got v0.15.0
  has 334 dependencies
Evaluating 'github.com/smallnest/rpcx' ...
  got v0.1.0
  has 72 dependencies
Evaluating 'github.com/mandykoh/prism' ...
  got v0.6.0
  has 14 dependencies
Evaluating 'github.com/kubernetes-sigs/service-catalog' ...
  got v0.38.0
  has 205 dependencies
Evaluating 'github.com/ArtisanCloud/PowerLibs/v3' ...
  got v3.3.2
  has 33 dependencies
Evaluating 'github.com/portworx/apis' ...
  got v2.7.0
  has 17 dependencies
Evaluating 'github.com/fullstorydev/grpchan' ...
  got v0.19.0
  has 39 dependencies
Evaluating 'github.com/lanrat/extsort' ...
  got v1.4.2
  has 1 dependencies
Evaluating 'github.com/TIBCOSoftware/labs-lightcrane-contrib/activity/httpclient' ...
  got v0.3.1
  has 44 dependencies
Evaluating 'github.com/inCaller/prometheus_bot' ...
  got v0.2.0
  has 50 dependencies
Evaluating 'github.com/akerl/go-indefinite-article' ...
  got v0.0.1
  has 4 dependencies
Evaluating 'github.com/target/strelka' ...
  got v1.44.55
  has 17 dependencies
Evaluating 'github.com/datarhei/core/v16' ...
  got v0.17.47
  has 142 dependencies
Evaluating 'github.com/Bashayr29/k8s-admission-controller' ...
  ! module not resolved
Evaluating 'github.com/vcaesar/cedar' ...
  got v0.30.0
  has 1 dependencies
Evaluating 'github.com/containers/luksy' ...
  got v0.0.0-20160714141033-fba169763ea6
  has 15 dependencies
Evaluating 'github.com/NYTimes/gizmo' ...
  got v0.57.0
  has 133 dependencies
Evaluating 'github.com/briandowns/openweathermap' ...
  got v0.21.1
  has 0 dependencies
Evaluating 'github.com/imgk/memory-go' ...
  got v0.2.0
  has 1 dependencies
Evaluating 'gopkg.in/Acconut/lockfile.v1' ...
  got v1.1.0
  has 0 dependencies
Evaluating 'github.com/glendc/go-external-ip' ...
  got v0.1.0
  has 0 dependencies
Evaluating 'github.com/cbergoon/merkletree' ...
  got v0.2.0
  has 0 dependencies
Evaluating 'github.com/itchyny/base58-go' ...
  got v0.2.3
  has 0 dependencies
Evaluating 'github.com/buraksezer/olric' ...
  ! module not resolved
Evaluating 'github.com/openebs/dynamic-nfs-provisioner' ...
  got v1.18.0
  has 84 dependencies
Evaluating 'github.com/aws/aws-sdk-go-v2/service/ssoadmin' ...
  got v1.41.6
  has 4 dependencies
Evaluating 'github.com/volatiletech/null' ...
  got v0.9.2
  has 5 dependencies
Evaluating 'github.com/yandex-cloud/terraform-provider-yandex' ...
  got v1.2.1
  has 610 dependencies
Evaluating 'github.com/okx/go-amino' ...
  ! module not resolved
Evaluating 'storj.io/private' ...
  got v0.110.2
  has 79 dependencies
Evaluating 'github.com/infracost/terragrunt' ...
  ! module not resolved
Evaluating 'github.com/hashicorp/terraform-provider-archive' ...
  ! module not resolved
Evaluating 'github.com/buildkite/agent' ...
  got v0.25.1
  has 95 dependencies
Evaluating 'github.com/tendermint/starport' ...
  ! module not resolved
Evaluating 'github.com/seaweedfs/raft' ...
  got v0.20.0
  has 56 dependencies
Evaluating 'git.frostfs.info/TrueCloudLab/frostfs-crypto' ...
  got v0.6.2
  has 6 dependencies
Evaluating 'github.com/ReneKroon/ttlcache' ...
  got v1.7.0
  has 5 dependencies
Evaluating 'github.com/nrdcg/bunny-go' ...
  got v1.1.1
  has 8 dependencies
Evaluating 'github.com/ysmood/gop' ...
  got v0.4.2
  has 0 dependencies
Evaluating 'github.com/c-bata/goptuna' ...
  got v0.9.0
  has 21 dependencies
Evaluating 'github.com/hipages/php-fpm_exporter' ...
  got v0.46.3
  has 249 dependencies
Evaluating 'kubeops.dev/supervisor' ...
  got v0.24.0
  has 150 dependencies
Evaluating 'gitlab.torproject.org/tpo/anti-censorship/pluggable-transports/lyrebird' ...
  got v1.1.0
  has 64 dependencies
Evaluating 'github.com/cisco-open/k8s-objectmatcher' ...
  got v0.8.1
  has 24 dependencies
Evaluating 'github.com/jtblin/go-ldap-client' ...
  got v0.0.0-20170223121919-b73f66626b33
  has 2 dependencies
Evaluating 'github.com/banzaicloud/logrus-runtime-formatter' ...
  got v0.0.0-20190729070250-5ae5475bae5e
  has 7 dependencies
Evaluating 'github.com/guonaihong/gout' ...
  got v1.0.4
  has 43 dependencies
Evaluating 'github.com/vimeo/go-util' ...
  got v1.4.1
  has 0 dependencies
Evaluating 'github.com/efritz/pentimento' ...
  got v0.0.0-20190429011147-ade47d831101
  has 6 dependencies
Evaluating 'github.com/operator-framework/java-operator-plugins' ...
  got v1.4.9
  has 20 dependencies
Evaluating 'github.com/gotenberg/gotenberg/v7' ...
  got v0.8.0
  has 57 dependencies
Evaluating 'github.com/rancher/wrangler-api' ...
  got v0.38.0
  has 193 dependencies
Evaluating 'github.com/openshift/cluster-api-provider-aws' ...
  got v0.2.0
  has 0 dependencies
Evaluating 'github.com/abiosoft/caddy-git' ...
  got v0.3.1
  has 47 dependencies
Evaluating 'github.com/mmorejon/microservices-docker-go-mongodb/showtimes' ...
  got v0.0.4
  has 13 dependencies
Evaluating 'github.com/tencentcloud/tencentcloud-sdk-go/tencentcloud/scf' ...
  got v1.3.29
  has 1 dependencies
Evaluating 'github.com/netapp/trident' ...
  got v0.25.1
  has 179 dependencies
Evaluating 'github.com/coder/websocket' ...
  got v1.8.14
  has 0 dependencies
Evaluating 'github.com/jcmturner/gokrb5' ...
  got v8.4.4+incompatible
  has 0 dependencies
Evaluating 'github.com/exoscale/packer-plugin-exoscale' ...
  got v0.110.8
  has 359 dependencies
Evaluating 'github.com/kmodules/k8s-client-go' ...
  ! module not resolved
Evaluating 'github.com/Calidity/gin-sessions' ...
  got v1.3.1
  has 47 dependencies
Evaluating 'github.com/jesseduffield/lazydocker' ...
  got v0.6.2
  has 96 dependencies
Evaluating 'github.com/lthibault/jitterbug' ...
  got v2.0.0+incompatible
  has 0 dependencies
Evaluating 'storj.io/uplink-c' ...
  got v0.112.0
  has 131 dependencies
Evaluating 'github.com/vgarvardt/gue/v5' ...
  got v1.1.1
  has 39 dependencies
Evaluating 'github.com/stripe/stripe-go/v73' ...
  got v1.1.0
  has 10 dependencies
Evaluating 'github.com/breeswish/gin-jwt/v2' ...
  ! module not resolved
Evaluating 'github.com/miguelmota/go-ethereum-hdwallet' ...
  got v0.51.0
  has 281 dependencies
Evaluating 'github.com/abcum/lcp' ...
  got v0.0.0-20201209214815-7a3f3840be81
  has 9 dependencies
Evaluating 'github.com/portworx/pds-api-go-client' ...
  got v1.4.2
  has 5 dependencies
Evaluating 'github.com/ivpusic/grpool' ...
  got v1.0.0
  has 0 dependencies
Evaluating 'github.com/LuoYaoSheng/runThingsServer' ...
  got v0.0.0-20230526061613-67d7fc4acc63
  has 0 dependencies
Evaluating 'github.com/jcaamano/netlink' ...
  ! module not resolved
Evaluating 'github.com/kubernetes-sigs/nfs-ganesha-server-and-external-provisioner' ...
  got v0.34.0
  has 97 dependencies
Evaluating 'github.com/romana/ipset' ...
  got v0.9.1
  has 2 dependencies
Evaluating 'github.com/uudashr/iface' ...
  got v1.4.1
  has 3 dependencies
Evaluating 'github.com/tevino/abool/v2' ...
  got v2.1.0
  has 0 dependencies
Evaluating 'github.com/m-lab/tcp-info' ...
  got v0.56.0
  has 72 dependencies
Evaluating 'ariga.io/atlas/cmd/atlas' ...
  got v0.12.2-0.20230806193313-117e03f96e45
  has 736 dependencies
Evaluating 'github.com/jcelliott/lumber' ...
  got v0.0.0-20160324203708-dd349441af25
  has 0 dependencies
Evaluating 'github.com/pulumi/pulumi/pkg/v2' ...
  got v0.0.0-20180421153158-65cc252bf669
  has 310 dependencies
Evaluating 'github.com/facebookincubator/ent-contrib' ...
  ! module not resolved
Evaluating 'github.com/GoogleContainerTools/container-structure-test' ...
  got v0.0.0-20230124172434-306776ec8161
  has 47 dependencies
Evaluating 'github.com/go-playground/webhooks/v6' ...
  got v1.1.0
  has 5 dependencies
Evaluating 'github.com/oam-dev/cluster-register' ...
  got v0.54.0
  has 262 dependencies
Evaluating 'github.com/cdk-team/CDK' ...
  got v0.26.0
  has 67 dependencies
Evaluating 'github.com/etherlabsio/healthcheck/v2' ...
  got v2.0.0
  has 0 dependencies
Evaluating 'github.com/gospotcheck/jwt-go' ...
  got v4.0.0+incompatible
  has 0 dependencies
Evaluating 'github.com/sigstore/sigstore-go' ...
  got v1.1.0
  has 94 dependencies
Evaluating 'github.com/bitfield/script' ...
  got v0.24.1
  has 20 dependencies
Evaluating 'github.com/LeeEirc/crypto' ...
  ! module not resolved
Evaluating 'github.com/owasp-amass/amass/v3' ...
  got v0.0.0-20190825152654-46b345b51c96
  has 83 dependencies
Evaluating 'github.com/agem-io/agem' ...
  ! module not resolved
Evaluating 'github.com/juju/retry' ...
  got v0.0.0-20220203021603-d9deb868a28a
  has 14 dependencies
Evaluating 'github.com/aws/aws-sdk-go-v2/service/backup' ...
  got v1.41.6
  has 4 dependencies
Evaluating 'github.com/bradfitz/go-smtpd' ...
  got v0.0.0-20170404230938-deb6d6237625
  has 0 dependencies
Evaluating 'github.com/jjti/go-spancheck' ...
  got v0.6.0
  has 8 dependencies
Evaluating 'github.com/alexcb/go-flags' ...
  ! module not resolved
Evaluating 'github.com/umbracle/ethgo' ...
  got v0.0.0-20170929234023-d6e3b3328b78
  has 46 dependencies
Evaluating 'github.com/containerd/errdefs' ...
  got v1.0.0
  has 0 dependencies
Evaluating 'git.frostfs.info/TrueCloudLab/frostfs-api-go/v2' ...
  got v2.16.0
  has 17 dependencies
Evaluating 'github.com/iamseth/oracledb_exporter' ...
  got v0.3.0
  has 62 dependencies
Evaluating 'github.com/iegomez/mosquitto-go-auth' ...
  got v0.110.0
  has 221 dependencies
Evaluating 'github.com/mastercactapus/caddy2-proxyprotocol' ...
  got v0.54.0
  has 463 dependencies
Evaluating 'zgo.at/zcache' ...
  got v1.2.0
  has 0 dependencies
Evaluating 'github.com/kubesphere/notification-manager' ...
  got v0.38.0
  has 253 dependencies
Evaluating 'github.com/thediveo/enumflag' ...
  got v0.26.0
  has 104 dependencies
Evaluating 'github.com/dlintw/goconf' ...
  got v0.0.0-20120228082610-dcc070983490
  has 0 dependencies
Evaluating 'github.com/omec-project/gnbsim' ...
  got v0.3.0
  has 75 dependencies
Evaluating 'github.com/baetyl/baetyl/v2' ...
  got v0.97.0
  has 281 dependencies
Evaluating 'github.com/traefik/traefik' ...
  ! module not resolved
Evaluating 'github.com/seehuhn/mt19937' ...
  got v1.0.0
  has 0 dependencies
Evaluating 'github.com/antoninbas/octant' ...
  ! module not resolved
Evaluating 'github.com/mingrammer/cfmt' ...
  got v1.6.0
  has 5 dependencies
Evaluating 'github.com/xorm-io/xorm' ...
  got v0.0.0-20180821085327-62ce714f951a
  has 53 dependencies
Evaluating 'github.com/philchia/agollo/v4' ...
  got v4.1.5
  has 0 dependencies
Evaluating 'github.com/kcp-dev/kubernetes/staging/src/k8s.io/api' ...
  ! module not resolved
Evaluating 'github.com/sixwaaaay/sharing' ...
  got v1.0.1
  has 34 dependencies
Evaluating 'github.com/kcp-dev/kubernetes/staging/src/k8s.io/apimachinery' ...
  ! module not resolved
Evaluating 'github.com/moby/swarmkit' ...
  got v1.12.0
  has 0 dependencies
Evaluating 'github.com/FastFilter/xorfilter' ...
  got v0.5.1
  has 5 dependencies
Evaluating 'github.com/rylans/getlang' ...
  got v0.0.0-20201227074721-9e7f44ff8aa0
  has 4 dependencies
Evaluating 'modernc.org/cc' ...
  got v1.0.0
  has 11 dependencies
Evaluating 'github.com/Azure/azure-sdk-for-go/sdk/resourcemanager/network/armnetwork/v3' ...
  got v1.5.0
  has 23 dependencies
Evaluating 'github.com/iden3/go-merkletree-sql/v2' ...
  got v1.1.1
  has 9 dependencies
Evaluating 'github.com/weaviate/sroar' ...
  got v0.6.1
  has 8 dependencies
Evaluating 'github.com/containers/libpod' ...
  got v0.34.0
  has 267 dependencies
Evaluating 'github.com/aws/aws-sdk-go-v2/service/cognitoidentity' ...
  got v1.41.6
  has 4 dependencies
Evaluating 'gopkg.in/ghodss/yaml.v1' ...
  got v0.0.0-20161208181325-20d25e280405
  has 2 dependencies
Evaluating 'github.com/TIBCOSoftware/labs-lightcrane-contrib/function/f1' ...
  got v0.3.1
  has 44 dependencies
Evaluating 'github.com/omegaup/go-base/v3' ...
  got v0.5.1
  has 7 dependencies
Evaluating 'github.com/brentp/vcfgo' ...
  got v0.0.1
  has 4 dependencies
Evaluating 'github.com/btnguyen2k/consu/olaf' ...
  got v0.1.3
  has 0 dependencies
Evaluating 'github.com/btnguyen2k/consu/checksum' ...
  got v1.1.1
  has 0 dependencies
Evaluating 'github.com/cedricve/go-onvif' ...
  got v0.0.0-20200222191200-567e8ce298f6
  has 2 dependencies
Evaluating 'github.com/tsuru/config' ...
  got v0.9.0
  has 6 dependencies
Evaluating 'github.com/sigurn/crc8' ...
  got v0.0.0-20220107193325-2243fe600f9f
  has 0 dependencies
Evaluating 'github.com/livekit/server-sdk-go' ...
  got v1.23.3
  has 123 dependencies
Evaluating 'github.com/subosito/shorturl' ...
  got v1.0.0
  has 0 dependencies
Evaluating 'github.com/aler9/rtmp' ...
  ! module not resolved
Evaluating 'github.com/vcraescu/go-paginator' ...
  got v1.1.1
  has 18 dependencies
Evaluating 'github.com/vmware-tanzu/velero-plugin-for-csi' ...
  got v0.110.7
  has 263 dependencies
Evaluating 'github.com/splitio/go-split-commons/v2' ...
  got v0.0.0-20190408044501-666a987793e9
  has 39 dependencies
Evaluating 'github.com/heketi/tests' ...
  got v0.0.0-20151005000721-f3775cbcefd6
  has 0 dependencies
Evaluating 'github.com/go-kivik/couchdb' ...
  got v2.0.0+incompatible
  has 7 dependencies
Evaluating 'github.com/Velocidex/ordereddict' ...
  got v0.0.0-20220224052537-92f3c0326e5a
  has 9 dependencies
Evaluating 'github.com/buildpack/imgutil' ...
  ! module not resolved
Evaluating 'github.com/aptly-dev/aptly' ...
  got v1.25.1
  has 191 dependencies
Evaluating 'github.com/iden3/go-circuits' ...
  got v1.1.1
  has 16 dependencies
Evaluating 'github.com/fanux/lvscare' ...
  ! module not resolved
Evaluating 'github.com/DeanThompson/ginpprof' ...
  got v0.0.0-20201112072838-007b1e56b2e1
  has 55 dependencies
Evaluating 'github.com/yumaojun03/dmidecode' ...
  got v1.1.0
  has 9 dependencies
Evaluating 'github.com/grafana/ckit' ...
  got v0.34.0
  has 91 dependencies
Evaluating 'kubesphere.io/api' ...
  got v1.1.2-0.20180830191138-d8f796af33cc
  has 32 dependencies
Evaluating 'github.com/fntlnz/mountinfo' ...
  got v1.0.1
  has 0 dependencies
Evaluating 'kubedb.dev/percona-xtradb' ...
  ! module not resolved
Evaluating 'github.com/husarnet/husarnet-dds' ...
  got v0.0.2
  has 183 dependencies
Evaluating 'github.com/ricoberger/script_exporter' ...
  got v3.2.0+incompatible
  has 3 dependencies
Evaluating 'github.com/zawachte/cluster-api-k3s' ...
  got v0.100.2
  has 374 dependencies
Evaluating 'github.com/james-bowman/sparse' ...
  got v0.0.0-20201218220906-28db891af037
  has 22 dependencies
Evaluating 'github.com/containerd/zfs/v2' ...
  got v0.16.1
  has 218 dependencies
Evaluating 'github.com/liuzl/da' ...
  got v0.0.0-20170805034717-80a9c64b256d
  has 1 dependencies
Evaluating 'github.com/kerberos-io/joy4' ...
  got v1.0.64
  has 0 dependencies
Evaluating 'github.com/codeskyblue/openid-go' ...
  got v0.0.0-20160923065855-0d30842b2fb4
  has 5 dependencies
Evaluating 'github.com/projectcalico/calicoctl' ...
  got v3.21.6+incompatible
  has 0 dependencies
Evaluating 'github.com/hhatto/gocloc' ...
  got v1.1.1
  has 11 dependencies
Evaluating 'github.com/okx/go-ethereum' ...
  ! module not resolved
Evaluating 'github.com/intel/sriov-network-device-plugin' ...
  got v3.0.0+incompatible
  has 0 dependencies
Evaluating 'github.com/grafana/go-oidc/v3' ...
  ! module not resolved
Evaluating 'github.com/kr/secureheader' ...
  got v0.2.0
  has 0 dependencies
Evaluating 'github.com/akerl/timber' ...
  got v0.0.3
  has 0 dependencies
Evaluating 'github.com/johejo/go-content-encoding' ...
  got v1.0.4
  has 2 dependencies
Evaluating 'github.com/zitadel/oidc' ...
  got v1.1.1
  has 26 dependencies
Evaluating 'github.com/tomarrell/wrapcheck' ...
  got v1.1.1
  has 18 dependencies
Evaluating 'github.com/jteeuwen/go-bindata' ...
  got v3.0.7+incompatible
  has 0 dependencies
Evaluating 'github.com/go-shiori/go-readability' ...
  got v1.3.3
  has 29 dependencies
Evaluating 'github.com/ochinchina/go-reaper' ...
  got v0.0.0-20181016012355-6b11389e79fc
  has 0 dependencies
Evaluating 'github.com/ochinchina/filechangemonitor' ...
  got v0.3.1
  has 0 dependencies
Evaluating 'github.com/crossplane/terrajet' ...
  got v0.81.0
  has 111 dependencies
Evaluating 'github.com/LeeEirc/ssh' ...
  got v0.1.5
  has 6 dependencies
Evaluating 'git.frostfs.info/TrueCloudLab/rfc6979' ...
  got v0.4.1
  has 0 dependencies
Evaluating 'github.com/middelink/go-parse-torrent-name' ...
  got v0.0.0-20190301154245-3ff4efacd4c4
  has 0 dependencies
Evaluating 'github.com/giantswarm/organization-operator' ...
  got v0.110.10
  has 523 dependencies
Evaluating 'github.com/foxcpp/go-mockdns' ...
  got v1.2.0
  has 11 dependencies
Evaluating 'github.com/akutz/gournal' ...
  got v0.5.0
  has 0 dependencies
Evaluating 'github.com/LeeEirc/tclientlib' ...
  got v0.0.2
  has 0 dependencies
Evaluating 'github.com/Nerzal/gocloak/v8' ...
  got v8.6.0
  has 16 dependencies
Evaluating 'github.com/wadey/gocovmerge' ...
  got v0.6.0
  has 8 dependencies
Evaluating 'github.com/lixiangzhong/dnsutil' ...
  got v1.4.0
  has 9 dependencies
Evaluating 'github.com/beltran/gohive' ...
  got v0.22.0
  has 10 dependencies
Evaluating 'github.com/ibm-messaging/mq-golang' ...
  got v3.0.0+incompatible
  has 0 dependencies
Evaluating 'github.com/ory/go-acc' ...
  got v0.26.0
  has 109 dependencies
Evaluating 'go.pennock.tech/tabular' ...
  got v1.0.0
  has 3 dependencies
Evaluating 'github.com/lf-edge/eve/api/go' ...
  got v1.5.0
  has 2 dependencies
Evaluating 'github.com/confluentinc/ccloud-sdk-go-v2/byok' ...
  got v0.0.9
  has 5 dependencies
Evaluating 'github.com/solo-io/ext-auth-plugins' ...
  got v0.0.0-20201120205902-5459f2c99403
  has 16 dependencies
Evaluating 'github.com/caddyserver/transform-encoder' ...
  got v1.3.0
  has 555 dependencies
Evaluating 'github.com/jellevandenhooff/dkim' ...
  got v0.0.0-20150330215556-f50fe3d243e1
  has 0 dependencies
Evaluating 'github.com/pritunl/pritunl-web' ...
  got v1.12.2
  has 53 dependencies
Evaluating 'github.com/kcp-dev/kubernetes/staging/src/k8s.io/client-go' ...
  ! module not resolved
Evaluating 'github.com/go-git/go-git' ...
  got v0.0.0-20161220082320-9c5fe88206d7
  has 37 dependencies
Evaluating 'github.com/oauth2-proxy/oauth2-proxy' ...
  got v0.25.1
  has 79 dependencies
Evaluating 'storj.io/eventkit' ...
  got v0.112.0
  has 94 dependencies
Evaluating 'github.com/jbrukh/bayesian' ...
  got v1.1.0
  has 0 dependencies
Evaluating 'github.com/NVIDIA/gpu-feature-discovery' ...
  got v0.2.3
  has 59 dependencies
Evaluating 'kmodules.xyz/authorizer' ...
  got v0.24.0
  has 156 dependencies
Evaluating 'github.com/Arvintian/scs-go-sdk' ...
  got v1.2.0
  has 0 dependencies
Evaluating 'github.com/kcp-dev/kcp' ...
  ! module not found
Evaluating 'github.com/mholt/caddy-ratelimit' ...
  got v0.112.1
  has 353 dependencies
Evaluating 'github.com/juicedata/huaweicloud-sdk-go-obs' ...
  got v3.22.11+incompatible
  has 0 dependencies
Evaluating 'github.com/sjmudd/stopwatch' ...
  got v0.1.1
  has 0 dependencies
Evaluating 'github.com/decred/dcrd/dcrutil/v3' ...
  got v0.0.0-20170116200512-5312a6153412
  has 10 dependencies
Evaluating 'github.com/aquasecurity/postee/v2' ...
  got v0.81.0
  has 253 dependencies
Evaluating 'github.com/zyedidia/clipboard' ...
  got v1.0.4
  has 0 dependencies
Evaluating 'gopkg.in/h2non/gentleman.v2' ...
  got v0.50.0
  has 5 dependencies
Evaluating 'github.com/openelb/openelb' ...
  got v1.23.0
  has 214 dependencies
Evaluating 'github.com/masterminds/sprig' ...
  got v1.1.1
  has 14 dependencies
Evaluating 'github.com/dgryski/go-spooky' ...
  got v0.0.0-20170606183049-ed3d087f40e2
  has 0 dependencies
Evaluating 'github.com/hyperledger/burrow' ...
  got v0.46.3
  has 331 dependencies
Evaluating 'github.com/snowzach/rotatefilehook' ...
  got v1.1.1
  has 7 dependencies
Evaluating 'github.com/lextoumbourou/goodhosts' ...
  got v2.1.0+incompatible
  has 0 dependencies
Evaluating 'deps.dev/api/v3alpha' ...
  got v0.25.1
  has 161 dependencies
Evaluating 'github.com/powerman/rpc-codec' ...
  got v1.2.2
  has 0 dependencies
Evaluating 'github.com/brancz/gojsontoyaml' ...
  got v0.1.0
  has 3 dependencies
Evaluating 'github.com/go-shiori/dom' ...
  got v1.3.2
  has 12 dependencies
Evaluating 'github.com/kerberos-io/onvif' ...
  got v1.2.0
  has 39 dependencies
Evaluating 'github.com/hungys/go-lz4' ...
  got v0.0.0-20170805124057-19ff7f07f099
  has 0 dependencies
Evaluating 'github.com/ServiceWeaver/weaver' ...
  got v1.0.0
  has 121 dependencies
Evaluating 'github.com/devfile/devworkspace-operator' ...
  got v0.25.1
  has 232 dependencies
Evaluating 'github.com/tevino/tcp-shaker' ...
  got v0.0.0-20260210162928-fb888f26451b
  has 1 dependencies
Evaluating 'github.com/pulumi/pulumi/sdk/v2' ...
  got v0.26.0
  has 152 dependencies
Evaluating 'github.com/tencentcloud/tencentcloud-sdk-go/tencentcloud/tke' ...
  got v1.3.86
  has 1 dependencies
Evaluating 'github.com/giantswarm/app/v6' ...
  got v1.1.1
  has 45 dependencies
Evaluating 'github.com/sfreiberg/gotwilio' ...
  got v1.1.1
  has 10 dependencies
Evaluating 'github.com/alexellis/k3sup' ...
  ! module not found
Evaluating 'github.com/weichang-bianjie/metric-sdk' ...
  got v0.34.0
  has 207 dependencies
Evaluating 'github.com/ledisdb/ledisdb' ...
  got v0.3.1
  has 34 dependencies
Evaluating 'github.com/openshift/cluster-logging-operator' ...
  ! module not found
Evaluating 'github.com/gopasspw/gopass' ...
  got v1.6.0
  has 117 dependencies
Evaluating 'github.com/rs/curlie' ...
  got v1.8.2
  has 2 dependencies
Evaluating 'github.com/v3io/scaler-types' ...
  got v0.26.0
  has 91 dependencies
Evaluating 'github.com/hajimehoshi/go-mp3' ...
  got v0.3.4
  has 2 dependencies
Evaluating 'github.com/tiktoken-go/tokenizer' ...
  got v1.11.5
  has 3 dependencies
Evaluating 'github.com/giantswarm/operatorkit/v8' ...
  got v1.0.1
  has 70 dependencies
Evaluating 'github.com/woodpecker-ci/woodpecker' ...
  ! module not resolved
Evaluating 'github.com/GoogleCloudPlatform/opentelemetry-operations-go' ...
  got v0.56.0
  has 0 dependencies
Evaluating 'oss.terrastruct.com/d2' ...
  got v3.2.1
  has 77 dependencies
Evaluating 'github.com/rancher/cli' ...
  ! module not found
Evaluating 'github.com/prymitive/randomcolor' ...
  got v0.0.0-20210705210145-26c3401033a6
  has 0 dependencies
Evaluating 'github.com/metal3-io/baremetal-operator/pkg/hardwareutils' ...
  got v0.12.4
  has 0 dependencies
Evaluating 'github.com/filecoin-project/go-multistore' ...
  got v0.26.0
  has 227 dependencies
Evaluating 'github.com/harvester/webhook' ...
  ! module not found
Evaluating 'github.com/Microsoft/confidential-sidecar-containers' ...
  got v0.0.0-20230120002735-62a210ff1fd5
  has 54 dependencies
Evaluating 'github.com/ochinchina/gorilla-xmlrpc' ...
  got v0.0.0-20171012055324-ecf2fe693a2c
  has 0 dependencies
Evaluating 'github.com/juicedata/minio' ...
  ! module not resolved
Evaluating 'github.com/iden3/go-jwz' ...
  got v1.1.1
  has 22 dependencies
Evaluating 'github.com/diktyo-io/appgroup-api' ...
  got v0.54.0
  has 132 dependencies
Evaluating 'github.com/jpillora/cookieauth' ...
  got v1.5.1
  has 37 dependencies
Evaluating 'github.com/traefik/traefik/v3' ...
  ! module not found
Evaluating 'github.com/cri-o/cri-o' ...
  got v3.1.0-alpha.1
  has 255 dependencies
Evaluating 'github.com/graarh/golang-socketio' ...
  got v1.5.3
  has 1 dependencies
Evaluating 'knative.dev/eventing-gitlab' ...
  got v1.4.10
  has 115 dependencies
Evaluating 'github.com/altinity/queue' ...
  got v0.0.0-20210114142043-ddb7da66064f
  has 0 dependencies
Evaluating 'github.com/Percona-Lab/percona-version-service/api' ...
  got v0.0.0-20260428133321-48609709822b
  has 0 dependencies
Evaluating 'github.com/codingconcepts/env' ...
  got v0.0.0-20240618133406-5b0845441187
  has 0 dependencies
Evaluating 'github.com/newrelic/go-agent/v3/integrations/nrgin' ...
  got v0.15.0
  has 54 dependencies
Evaluating 'github.com/tj/node-prune' ...
  got v1.1.1
  has 43 dependencies
Evaluating '' ...
  ! module not resolved

== COMPUTING STATS ==
0
4
3
4
2
2
0
1
0
0
1
1
38
1
0
0
125
1
3
27
22
1
2
0
11
0
0
0
2
7
0
0
5
0
6
5
0
0
3
0
38
23
48
1
0
4
12
3
1
1
36
16
2
3
4
8
0
0
1
0
5
3
0
50
0
0
1
0
35
0
5
0
0
0
6
29
0
0
4
0
0
6
0
0
1
0
3
58
7
4
52
18
1
22
1
1
15
0
1
1
0
0
1
17
12
73
11
2
0
2
3
0
5
0
0
166
6
0
0
1
0
313
16
0
0
0
7
0
3
0
0
0
0
2
0
5
3
7
25
0
8
53
0
12
0
0
2
0
0
8
25
32
0
1
10
112
30
6
2
3
149
36
0
10
1
1
6
6
55
7
12
196
0
17
5
1
2
4
1
1
5
0
1
0
14
13
0
21
1
2
0
0
0
2
0
27
0
17
47
0
6
0
48
8
0
0
21
0
1
6
0
10
0
0
3
1
304
0
176
10
1
0
6
4
0
0
1
12
0
2
24
1
0
0
65
39
9
14
4
12
10
82
5
1
1
11
7
13
2
4
3
0
2
2
0
0
0
1
0
0
0
31
19
42
1
2
1
1
2
0
2
56
1
54
0
0
30
0
0
4
13
41
1
41
17
4
25
10
0
1
6
6
5
17
55
19
228
0
2
0
0
5
0
0
0
1
0
0
1
11
0
4
0
6
0
32
23
1
0
84
0
3
87
0
5
0
0
1
6
0
0
41
14
12
10
17
13
1
0
0
0
3
2
4
74
1
0
24
0
0
0
8
0
0
0
15
0
170
1
9
197
1
6
21
8
23
118
13
80
21
0
31
30
0
33
13
4
0
47
13
0
1
23
6
0
1
5
0
8
5
22
8
0
0
232
0
20
8
0
49
0
0
0
4
42
33
0
62
2
7
0
11
46
6
0
0
3
2
240
0
20
8
2
7
6
0
0
1
2
23
0
9
61
13
180
18
3
0
29
0
0
0
0
0
0
15
0
0
0
8
0
9
15
0
5
0
3
20
4
151
11
4
1
22
0
85
27
1
9
13
0
10
7
6
0
0
0
7
0
57
193
21
0
0
0
37
0
49
31
292
464
2
0
3
13
0
48
10
0
0
0
0
0
0
7
3
0
0
0
1
1
15
7
10
127
0
4
45
0
1
0
0
0
1
14
22
0
0
25
0
0
1
3
46
67
14
9
0
6
248
0
14
0
0
4
1
97
100
1
19
15
25
6
2
0
4
2
18
23
0
50
3
0
1
2
0
0
6
10
0
16
0
5
17
7
15
52
0
0
0
4
25
1
0
31
4
0
198
1
1
0
20
0
0
9
27
0
6
2
1
7
1
8
15
0
0
5
0
9
0
0
17
5
102
1
1
0
4
0
0
38
17
32
0
0
13
7
15
5
0
8
26
5
18
15
8
59
0
0
0
41
18
0
44
0
20
3
42
0
6
6
65
17
2
2
14
3
1
54
0
128
45
1
0
1
3
0
21
0
36
6
6
17
6
4
9
101
1
45
3
146
66
21
1
0
95
0
22
24
2
4
0
5
18
208
0
22
73
7
13
12
35
0
1
18
8
5
5
0
14
15
2
1
7
113
170
65
13
4
198
88
4
190
8
73
0
32
4
22
166
9
1
0
24
7
2
14
9
30
18
0
4
15
186
3
0
2
5
4
0
1
31
61
1
0
0
15
0
7
1
7
2
0
0
72
64
17
39
0
100
19
0
1
53
25
47
31
8
85
5
0
16
0
6
0
47
120
0
13
96
0
4
31
0
13
9
0
0
25
0
4
14
28
0
0
47
0
8
0
79
5
257
12
0
4
0
0
0
0
0
4
91
37
25
17
0
9
5
0
1
0
7
0
15
23
0
6
8
8
4
29
0
1
17
6
20
16
26
0
235
0
126
13
4
1
55
7
1
0
0
52
5
0
9
8
30
1
3
15
417
756
13
4
44
10
9
481
7
0
4
3
164
3
0
7
0
9
0
234
1
8
9
0
186
4
1
5
5
48
17
76
48
0
17
0
22
130
1
19
0
0
102
1
0
45
0
0
12
137
304
2
9
7
2
5
0
1
164
0
205
49
0
0
2
0
12
13
11
2
7
84
7
312
51
4
0
26
0
0
477
165
262
0
0
10
16
1
2
143
37
18
5
18
1
19
63
5
12
0
16
0
77
0
8
18
1
78
7
0
4
2
5
47
34
0
1
0
69
64
0
5
234
70
1
21
0
9
45
2
6
17
0
2
0
16
0
50
12
1
0
19
27
45
10
6
0
1
5
1
43
11
9
9
0
790
6
10
0
120
0
0
3
19
6
0
158
0
6
0
26
0
0
0
1
1
15
6
0
0
5
0
1
3
13
0
26
63
0
77
6
0
0
0
5
0
0
0
7
3
126
4
0
1
113
1
64
20
834
220
13
38
2
0
0
0
1
0
0
1
26
578
13
1
0
7
2
0
30
54
6
6
0
0
2
3
4
1084
6
0
7
3
9
9
9
19
0
3
0
19
0
0
1
0
0
1
0
0
134
0
8
17
18
0
1
0
1
19
1
36
32
1
0
0
4
48
4
12
1
77
7
12
18
2
2
0
0
6
13
6
12
19
0
0
494
5
10
4
57
72
5
2
0
0
1
5
23
4
0
45
2
65
17
0
143
19
0
0
0
0
0
18
3
30
5
25
5
1
2
0
0
22
0
29
1
180
27
5
4
1
0
17
86
0
0
27
7
11
23
2
0
132
6
22
6
19
0
21
304
0
6
11
10
27
28
0
26
17
129
28
5
24
26
32
0
2
9
1
316
0
3
41
1
14
12
4
0
0
10
0
124
0
0
0
5
9
0
68
6
2
0
0
6
129
0
10
14
98
0
13
11
33
29
0
0
9
9
10
1
12
1
0
4
4
0
18
21
0
8
0
0
191
21
338
0
194
11
7
0
38
12
3
299
4
4
0
83
8
0
10
4
63
34
7
12
0
0
0
22
10
3
1
157
13
7
15
0
58
10
8
4
2
25
25
3
0
0
161
207
0
0
252
0
4
0
3
0
1
5
0
21
12
29
106
47
0
54
0
217
195
66
0
0
1006
43
0
5
22
8
12
186
29
0
3
0
0
0
232
0
0
0
0
0
0
1
9
37
0
102
26
158
0
8
0
13
0
35
27
6
0
4
0
2
5
3
0
3
5
2
0
1
125
42
18
19
6
0
0
10
9
10
5
0
8
8
3
20
3
7
1
0
0
19
8
0
0
6
0
6
8
7
0
0
11
82
5
5
2
0
6
0
23
59
0
0
1
26
5
1
60
1
20
1
10
6
0
10
8
9
3
0
1
39
7
0
0
4
1
50
0
7
26
0
69
10
0
0
22
1
10
0
2
16
22
8
27
0
18
5
8
7
128
9
8
1
0
0
8
17
5
1
6
9
0
18
20
1
16
7
38
16
0
10
6
31
0
0
30
14
41
33
0
31
22
9
23
0
0
32
48
35
11
11
29
32
32
32
282
9
23
18
31
31
20
0
8
8
9
8
32
6
5
10
29
31
31
32
32
31
30
31
29
30
29
29
30
32
31
10
29
31
31
31
31
32
31
26
0
31
31
31
32
29
31
31
29
29
32
27
29
29
31
0
13
36
8
8
3
3
0
21
3
283
9
1
17
8
16
4
13
32
0
7
4
97
0
435
13
24
2
48
35
512
1
17
6
129
54
13
32
0
9
0
9
0
71
0
32
0
17
6
32
14
5
337
0
12
26
14
31
0
2
0
9
32
1
18
29
42
29
1
31
0
27
31
31
32
32
18
29
31
29
32
31
31
31
31
30
31
31
10
31
29
32
31
32
32
31
31
31
32
31
29
30
31
27
31
32
73
32
32
31
0
23
0
0
1
10
9
12
9
0
32
0
5
0
4
5
12
19
4
1
0
0
9
78
5
72
7
325
14
111
89
337
6
6
321
11
208
3
325
14
0
0
1
9
57
19
8
20
180
8
21
1
26
0
0
1
4
75
0
2
0
1
105
4
319
7
336
6
327
0
324
132
2
352
316
437
294
334
337
0
108
0
30
3
7
115
0
120
1
331
0
162
8
346
315
324
10
5
7
181
4
19
0
71
5
11
42
7
10
8
34
10
4
138
14
66
8
7
12
33
11
1
6
6
13
8
0
13
8
19
40
3
0
0
0
6
0
1
0
42
493
4
102
6
9
36
0
0
3
7
2
1
9
5
589
73
0
0
66
27
5
25
33
68
13
0
51
0
0
0
9
8
276
11
0
0
0
489
5
2
4
0
2
17
2
7
0
31
32
8
13
46
1
1
56
8
3
1
1
7
563
0
0
31
6
5
61
1
4
0
0
2
9
7
14
1
40
11
65
11
773
0
1
94
10
67
29
9
55
8
0
8
6
0
7
32
21
128
0
13
0
131
0
41
12
14
0
0
1
0
201
4
34
0
81
488
48
24
0
0
14
1
0
19
8
19
19
111
19
5
37
5
38
8
28
0
39
0
0
22
5
0
34
0
21
17
84
0
14
564
2
12
192
8
0
8
0
352
0
291
0
1
19
4
12
51
1
143
5
17
8
0
3
0
59
26
9
4
69
3
8
3
1
0
8
7
1
0
0
5
34
11
15
227
130
0
0
4
0
5
4
2
1
0
0
0
2
1
0
7
4
5
67
4
1
211
4
8
5
6
20
1
0
0
21
0
27
171
10
4
11
0
4
775
149
11
0
7
15
0
40
23
282
0
46
3
37
5
4
4
0
2
0
159
0
0
6
41
15
4
9
5
6
4
13
27
0
291
7
325
63
81
1
54
59
7
48
193
0
0
2
853
235
3
46
4
1
225
142
0
5
16
5
0
0
3
1
0
0
4
0
0
8
0
43
0
18
25
19
29
0
1
0
0
9
10
21
117
50
28
0
40
0
242
4
75
5
17
2
47
5
4
0
1
0
0
9
0
64
0
3
3
4
19
0
26
0
25
14
6
22
86
0
179
14
101
17
10
19
12
0
0
24
103
1
0
93
4
25
7
0
35
4
5
5
7
24
2
1
9
0
4
4
0
13
21
1
13
3
109
2
50
25
0
4
6
4
4
4
7
22
4
5
78
0
39
7
10
40
0
0
1
0
5
0
4
11
1
3
4
14
6
43
6
0
9
0
0
1
31
2
16
0
0
3
1
0
0
1
0
70
4
37
4
8
0
0
2
26
14
4
85
0
0
172
30
79
12
6
23
0
7
1
5
11
11
0
14
0
6
8
7
0
0
1
1
5
0
0
4
0
0
0
9
39
0
0
8
8
5
3
833
48
0
186
17
0
305
0
114
355
307
303
0
1
305
2
356
312
341
428
0
6
0
341
0
1
27
48
0
2
128
0
5
8
22
17
0
698
31
8
28
16
26
13
96
6
9
9
0
5
14
20
4
0
9
9
20
87
72
16
16
72
0
0
199
0
68
138
0
23
0
22
5
37
37
10
10
0
1
113
68
350
10
100
0
47
84
0
85
0
27
201
5
1
5
0
5
4
9
2
397
18
0
0
0
0
0
10
53
5
1
0
12
0
62
48
16
0
0
491
5
0
6
29
13
2
0
12
96
114
38
8
9
10
15
7
5
4
0
4
19
4
820
49
0
129
168
26
57
6
0
0
1
4
0
20
1
0
172
0
0
6
102
12
4
0
0
0
168
0
7
32
146
22
1
0
0
8
16
543
0
27
12
58
41
17
376
55
16
194
321
57
24
5
0
1
0
1
14
38
0
4
2
6
1073
801
43
800
7
25
1073
0
0
10
0
0
0
4
800
0
55
15
4
0
25
299
257
224
292
256
315
308
342
262
224
15
317
312
118
224
337
7
259
301
36
317
773
1
0
355
7
17
0
17
1
0
9
0
5
17
0
8
119
47
0
295
7
5
242
0
1
39
5
107
0
10
0
121
262
67
262
0
0
264
6
11
1
1
522
0
14
1
5
7
6
28
10
1
0
0
0
0
15
14
224
14
23
0
3
224
110
3
112
14
0
0
10
21
0
22
0
0
0
186
22
0
300
0
170
10
5
4
1
8
50
0
9
0
8
26
29
812
11
0
109
128
21
85
11
157
1
90
0
0
303
92
0
30
10
2
11
44
17
18
58
234
0
0
148
10
6
139
0
195
6
17
17
0
311
6
4
1
6
40
0
116
2
280
0
0
0
0
1
42
0
14
0
0
2
0
14
5
0
0
56
20
130
7
267
2
0
23
0
11
0
5
0
1
3
0
5
5
5
2
0
4
210
17
111
59
19
17
12
6
4
4
0
1
15
78
135
19
0
0
4
54
305
625
1
4
0
2
306
19
0
1
1
0
0
21
1
1
2
2
2
604
9
0
0
0
1
31
4
10
155
79
0
0
0
3
5
15
47
0
8
43
30
0
3
0
9
58
5
0
3
10
12
15
27
12
0
99
33
0
16
1
44
0
23
1
1
5
21
51
1
34
202
0
48
4
0
92
56
83
1
123
0
0
7
0
7
0
523
0
99
90
127
1
450
372
0
105
4
422
0
0
88
52
11
0
0
23
0
24
0
125
30
123
21
10
34
36
106
109
42
23
4
146
39
0
109
0
12
11
22
8
0
0
200
29
285
31
0
33
48
10
20
189
0
10
13
291
12
39
0
3
0
15
56
11
150
0
20
893
118
16
4
0
20
0
0
16
0
0
3
334
0
4
26
11
79
2
14
8
137
8
0
0
1
41
55
101
0
15
139
10
2
0
0
0
21
3
772
198
0
0
14
1
14
0
0
93
4
44
0
183
0
73
0
79
8
7
5
65
162
44
1
11
35
12
289
17
4
0
10
1
0
18
0
19
1
7
2
9
8
60
15
43
3
8
155
9
0
3
0
0
9
2
1
27
1
0
19
117
216
11
0
0
91
0
0
0
0
217
312
41
5
0
1
0
7
41
2
0
213
0
68
4
0
7
67
183
24
2
6
30
0
17
7
89
0
9
3
0
14
303
0
0
0
3
0
4
29
0
0
0
31
2
19
136
174
14
6
7
442
0
33
22
300
23
0
8
1
31
8
0
3
2
0
127
1
9
5
33
29
10
120
17
180
4
13
23
66
8
0
0
44
89
0
0
0
138
4
33
1
0
16
5
0
0
14
88
0
0
1
1
9
17
773
0
1
0
9
46
4
1
133
480
0
774
22
4
0
151
0
120
1
16
18
1102
1
6
11
1
0
0
156
81
5
11
0
0
0
0
16
121
5
7
79
8
0
230
160
0
129
0
0
53
7
6
1
0
2
0
6
0
193
61
4
0
2
762
0
15
4
52
0
42
190
7
127
7
27
29
1
61
39
5
4
14
0
12
6
1
0
2
5
463
4
21
18
0
1
1
0
0
7
29
50
32
0
0
0
4
200
0
2
44
14
7
13
288
34
0
44
217
0
60
5
37
0
8
5
0
1
16
0
238
6
127
89
0
4
4
37
16
7
41
138
300
15
6
4
0
1198
5
0
21
775
0
0
0
1
0
200
0
4
4
30
0
29
19
68
0
73
26
0
3
0
0
54
2
20
20
68
166
26
0
30
19
46
5
0
0
0
7
0
0
3
5
21
131
4
4
0
0
18
0
0
16
1081
502
8
81
0
0
65
78
1
58
0
6
133
0
4
7
23
0
12
34
167
81
125
7
23
79
0
36
70
589
0
3
10
0
79
162
80
37
87
6
2
74
77
0
37
17
133
1
0
122
80
0
0
0
1
26
207
123
13
130
3
1
0
4
138
0
0
23
745
5
0
0
15
7
0
183
168
1
0
1
5
1
5
35
4
133
94
362
0
15
43
26
67
5
0
95
382
0
157
0
28
1
133
3
36
16
0
6
0
29
22
0
10
0
6
97
119
92
0
19
90
0
71
14
13
138
49
1
169
0
14
0
46
12
38
4
11
9
11
0
7
0
167
8
0
0
15
128
126
4
4
4
32
9
0
52
0
0
309
210
0
0
5
3
24
11
6
4
0
4
11
40
30
4
0
1
4
0
25
0
111
0
0
112
13
1
759
97
13
232
0
5
0
4
18
16
136
151
172
11
8
359
123
0
6
5
268
1
5
10
7
0
39
0
7
34
175
93
97
4
23
20
136
4
16
1
4
1
0
47
16
0
17
17
19
48
0
0
0
236
32
2
205
16
9
18
73
85
4
33
4
17
774
0
5
16
48
0
67
56
34
306
8
2
4
186
1
217
25
18
51
4
86
774
0
190
306
13
22
323
306
0
20
0
14
773
133
0
551
306
306
2
4
773
308
1
6
4
7
0
341
0
37
4
0
5
25
73
218
769
773
33
11
99
116
29
773
4
774
0
7
136
79
236
10
1
17
0
4
50
117
773
306
9
119
23
15
773
9
9
2
21
0
2
9
0
135
1
39
53
16
0
23
1
0
388
57
354
29
27
6
5
31
186
6
16
38
1
0
89
6
18
43
62
22
0
1
13
40
0
2
2
4
0
151
98
115
0
591
3
66
1
0
9
10
16
21
12
2
33
19
0
9
11
18
11
35
0
153
0
8
0
0
2
4
19
0
0
0
0
0
114
177
300
4
0
79
79
70
56
9
16
184
401
217
0
144
18
4
1
0
9
153
3
49
0
0
24
265
10
217
9
12
7
3
25
4
0
124
165
176
24
4
0
115
144
5
9
21
0
153
1
24
3
323
472
4
44
82
0
0
31
0
122
3
8
0
70
115
0
0
21
0
0
0
8
203
67
39
209
29
0
0
40
65
7
13
17
6
68
0
33
0
268
3
1
763
763
75
18
203
9
1
33
0
42
18
0
8
1
0
5
99
76
30
0
23
32
0
60
16
0
54
0
24
133
0
39
3
0
230
99
0
125
51
10
78
109
1
60
24
0
16
53
0
0
0
0
0
0
0
15
18
0
0
9
82
0
19
115
27
0
157
388
30
9
37
5
47
0
19
115
0
323
52
93
5
0
47
59
20
1
8
542
0
8
0
0
258
0
95
27
63
58
4
0
11
47
5
63
267
0
45
15
40
2
169
23
5
5
44
0
5
41
0
193
129
287
74
13
175
16
100
0
4
0
4
4
0
3
33
0
33
101
230
128
35
299
0
18
31
5
0
9
0
2
2
9
6
165
264
53
167
268
0
22
0
174
0
79
0
107
37
13
0
0
5
79
0
0
64
20
11
0
22
5
28
0
0
11
5
0
0
1
6
1
25
780
0
100
0
32
243
9
5
16
11
0
4
14
0
34
26
23
3
254
70
0
45
0
133
21
1
0
16
23
2
0
0
25
0
0
18
20
6
32
63
1
20
0
9
312
32
0
3
5
100
1
44
0
141
15
6
0
1
0
68
140
328
384
0
0
0
41
773
0
15
8
2
243
0
49
13
0
2
307
6
6
4
0
4
52
255
3
0
226
0
0
2
773
6
333
0
26
20
0
0
4
2
5
7
0
18
36
0
2
271
1
34
490
6
0
4
12
104
0
426
2
169
0
572
0
74
1
3
121
0
45
0
1
0
26
0
4
0
0
86
2
158
8
44
0
0
114
0
12
19
2
0
0
8
3
48
16
0
438
117
5
41
0
1198
208
29
87
164
175
157
0
126
8
56
455
0
19
0
9
100
0
0
243
3
7
0
37
6
0
9
0
95
16
23
50
5
6
0
41
3
164
3
0
0
0
26
9
224
9
40
28
42
0
215
0
41
59
41
13
65
7
37
7
1
99
2
67
0
6
0
219
70
42
9
30
1
6
62
31
0
0
27
5
0
4
203
2
4
41
0
47
1
10
7
28
2
11
0
4
2
0
39
2
132
0
169
0
8
0
0
0
5
0
268
0
0
0
0
0
163
19
9
1076
0
0
0
24
6
0
4
0
59
0
1
4
4
92
339
0
36
4
25
112
0
234
6
32
107
155
131
0
48
38
0
0
1
7
0
0
25
0
14
0
128
19
0
35
2
8
7
5
137
1
4
0
1
0
50
11
0
9
83
23
21
196
7
442
164
7
0
10
27
11
0
0
0
0
211
486
33
8
0
62
34
97
16
0
48
7
41
0
376
28
42
1
0
1
0
31
0
166
10
0
0
0
5
6
77
4
0
0
166
63
0
151
0
69
0
149
7
12
0
0
105
0
12
0
6
0
147
4
138
0
180
596
174
215
0
167
155
0
11
50
0
0
394
29
33
21
0
109
25
0
13
88
23
320
103
1
40
42
10
0
0
13
71
0
4
7
40
17
44
5
16
286
128
168
1
61
344
0
15
9
0
134
495
0
803
0
10
76
0
227
7
24
0
21
2
16
1
21
6
0
0
11
326
0
6
123
118
1
0
0
6
0
5
13
0
23
21
30
281
28
5
9
22
15
313
36
5
41
0
207
10
0
0
0
48
45
77
171
6
27
6
0
7
59
0
211
0
12
363
9
20
11
40
156
8
0
54
18
0
2
29
32
2
0
1
35
1
6
0
5
0
2
195
414
0
0
65
1
8
3
0
0
0
5
27
21
0
6
0
0
240
0
79
331
4
8
0
39
0
115
46
13
83
4
0
331
178
12
25
0
16
17
16
61
0
28
0
107
0
37
6
769
2
46
11
6
72
1
0
0
217
7
25
5
58
118
171
16
7
104
0
0
7
22
154
9
0
2
0
0
10
12
2
52
0
88
229
0
72
24
1
1
83
0
5
1
39
0
9
0
152
9
0
1
25
4
0
121
228
0
0
5
19
1
200
1
72
19
4
114
7
362
2
1
18
16
1
0
37
34
221
0
0
10
0
54
20
0
5
10
0
85
0
83
1
25
0
78
8
0
9
4
17
0
6
0
0
0
8
28
2
6
26
11
0
104
529
0
131
0
128
1
47
1
52
8
90
89
0
5
0
4
2
33
4
6
0
445
4
5
229
256
0
11
14
302
0
74
0
2
5
188
20
0
10
11
480
4
6
1
5
65
308
0
10
25
5
201
6
0
26
260
21
0
259
7
5
125
7
18
0
17
8
502
131
58
0
9
224
3
0
0
25
1
0
0
0
3
5
436
91
33
1
23
25
213
24
67
12
0
0
114
0
15
1
0
3
8
4
23
1
1
58
0
9
0
11
0
5
0
21
29
14
0
104
7
149
28
413
0
5
0
12
250
60
105
38
6
7
5
101
46
21
2
41
0
8
1
6
0
7
4
272
5
10
0
5
776
41
0
0
69
1
101
313
0
0
18
41
6
1
1
0
8
0
0
0
360
85
0
8
59
177
175
24
4
80
33
124
105
0
107
0
5
26
0
2
0
2
79
0
76
25
104
7
0
79
76
717
0
14
31
20
39
11
22
238
4
69
167
24
0
11
0
2
7
6
12
9
91
1
3
0
189
0
167
23
60
7
23
0
58
0
13
0
49
222
6
400
48
0
0
9
0
7
6
289
39
87
11
4
18
1
17
10
0
4
335
1
2
1
1
6
0
107
161
174
30
16
10
15
63
16
3
5
0
6
24
0
0
2
130
0
0
31
150
15
6
0
55
69
21
55
48
0
156
41
46
123
7
32
21
67
53
60
23
989
0
6
41
0
0
11
7
4
20
36
165
245
26
46
321
42
0
15
0
1
174
114
1
0
741
0
3
103
39
35
4
28
6
178
12
51
9
150
38
0
15
71
6
46
1
5
7
35
0
32
12
5
0
28
4
181
0
10
8
1
51
7
42
0
0
68
35
0
20
0
19
193
39
10
478
50
12
24
140
20
35
8
0
8
2
2
28
0
9
6
0
22
4
66
8
11
0
7
22
5
0
0
1
1
0
0
194
732
15
0
11
41
2
0
41
6
6
24
150
106
81
9
32
43
45
2
0
41
8
105
1
72
0
37
27
11
0
4
125
0
0
8
9
120
188
116
43
7
0
6
0
0
0
4
5
210
0
337
2
0
12
4
9
6
0
1
190
32
0
0
0
193
33
0
5
0
0
335
21
8
131
2
9
0
8
92
41
4
4
0
0
15
171
82
0
220
10
1
51
0
3
109
14
0
0
15
0
61
186
0
27
320
2
21
32
17
7
2
6
317
4
0
439
17
3
0
9
74
30
97
370
254
0
29
2
2
264
3
1
165
9
0
0
39
1
3
1
0
50
28
1
28
60
12
0
0
0
0
339
1
1
240
88
0
18
117
6
166
0
5
4
0
5
12
25
2
11
0
0
0
66
5
0
18
18
175
14
21
60
0
79
48
11
69
5
7
15
72
59
138
170
32
61
0
0
82
0
5
36
1
5
13
24
22
0
0
204
0
2
73
16
1
163
0
22
4
3
30
14
0
4
0
0
7
631
1
21
50
11
0
525
28
6
28
46
132
0
8
5
989
0
0
0
10
0
91
59
6
2
0
0
213
232
0
0
0
23
15
330
3
10
10
6
13
4
6
0
220
4
92
65
165
231
0
0
1
0
0
159
47
18
18
0
0
0
0
32
0
1
7
1
152
135
4
16
26
4
0
20
1
0
7
0
4
509
1
42
0
23
35
19
0
5
22
1
26
11
0
1
86
10
0
0
0
18
0
28
8
49
391
45
92
15
6
5
61
0
31
4
0
0
631
0
54
12
16
12
13
12
69
0
24
3
12
5
0
4
240
70
195
21
1
0
4
0
1
232
171
6
198
0
59
4
24
5
65
70
1
18
16
21
631
86
135
0
5
13
0
0
1
59
26
0
4
80
20
11
14
18
186
0
55
812
0
254
1
0
146
12
108
0
32
30
0
17
4
0
50
26
2
83
3
34
148
310
0
63
34
183
10
8
24
214
0
17
103
23
46
0
0
279
167
0
16
320
114
80
2
77
20
44
73
124
25
19
42
0
45
28
0
18
0
492
50
27
256
8
3
0
20
11
2
3
87
168
5
25
45
6
0
0
0
0
34
89
6
12
15
158
0
0
0
13
25
0
5
47
44
12
1
17
0
2
2
27
245
58
32
21
18
340
12
16
145
190
0
6
81
9
14
17
119
0
9
6
0
85
70
2
0
5
0
4
0
194
305
0
23
0
0
48
7
4
185
13
23
203
115
106
0
0
87
41
35
17
0
214
3
25
8
0
0
298
514
1
0
2
478
29
4
0
3
0
0
4
144
42
11
11
13
104
4
68
83
1
8
71
0
0
59
117
5
70
147
50
140
156
137
9
616
9
0
60
15
0
364
55
199
24
0
79
22
0
5
8
201
37
0
9
0
61
4
0
163
34
47
137
15
29
749
149
0
0
9
4
6
32
75
309
3
0
24
0
0
9
24
50
0
7
421
2
0
171
45
109
8
18
1
317
10
1
12
138
10
29
114
14
24
18
50
31
97
33
105
262
12
9
0
65
0
4
4
54
70
0
1
10
0
10
47
476
29
3
0
13
0
7
268
10
8
283
0
0
8
110
4
0
5
2
1
5
98
295
36
5
45
38
0
13
463
0
0
0
0
1
14
3
7
0
59
9
19
45
0
4
17
20
13
6
34
1
177
92
8
131
0
6
5
47
1
223
19
0
34
8
1
1
6
13
1
15
44
0
9
67
321
10
13
99
1
4
6
0
0
1
0
809
0
0
44
12
0
8
0
0
0
1
0
27
4
1
67
6
38
6
179
1
55
49
0
26
108
4
1
16
3
809
8
97
6
236
64
809
1
811
0
0
27
811
67
64
5
6
0
17
1
108
45
6
809
4
177
2
18
12
321
67
49
223
4
97
131
6
44
13
26
809
16
1
161
7
1
10
34
14
9
34
4
6
1
306
6
1
38
0
0
0
1
811
809
0
8
179
2
0
18
24
4
125
140
251
0
14
47
1
3
1
12
115
23
206
0
0
52
4
3
16
7
0
14
0
10
8
59
0
1
80
49
0
14
112
86
0
0
0
4
1
4
7
14
40
5
236
11
0
25
19
0
23
0
32
0
300
0
1
331
0
1
34
20
0
272
0
0
14
0
10
21
43
0
19
38
0
59
29
1
64
6
74
39
4
2
4
99
7
4
11
0
0
4
8
72
37
9
35
30
0
29
0
0
0
0
70
4
30
241
32
36
1
1
6
32
68
1
0
74
106
0
6
159
491
2
0
302
4
7
35
139
0
480
0
0
0
7
195
0
92
34
0
0
0
0
6
14
16
315
0
4
42
10
8
61
0
0
20
369
1
0
8
0
0
16
0
0
257
221
10
7
0
51
138
47
1
18
171
153
5
24
13
227
4
171
0
1
26
66
100
14
52
40
1
0
6
54
0
13
3
1
0
0
280
0
2
91
237
190
2
1
0
2
44
0
34
18
77
3
20
0
51
673
0
3
0
4
0
73
0
8
47
426
6
166
74
0
1
8
6
100
0
551
11
6
0
10
45
47
47
0
10
284
0
387
0
2
199
246
0
22
7
2
0
0
7
0
34
0
0
101
2
1
4
9
0
0
3
0
0
1
23
24
12
0
31
12
231
0
0
48
20
4
0
112
84
36
131
466
0
11
356
0
50
10
5
0
53
17
0
336
146
7
96
1
99
14
4
35
50
12
30
47
27
0
49
128
4
144
1
114
35
0
0
144
163
15
0
226
41
0
19
0
72
2
152
339
2
529
0
15
0
25
2
287
1
43
167
0
0
32
47
69
13
0
0
0
137
15
16
174
6
96
63
9
2
104
0
249
28
16
4
583
0
19
1
0
0
6
16
63
3
7
1
10
36
1
0
173
3
8
1
34
0
103
0
2
0
21
0
160
190
71
15
4
10
0
196
126
0
5
0
0
123
13
96
0
1
287
17
0
6
0
25
0
0
0
15
15
71
26
0
529
4
198
0
170
69
15
203
2
42
0
13
73
33
6
13
0
41
34
0
26
9
89
180
15
14
1
2
1
4
282
0
51
22
167
471
43
5
417
5
143
0
62
1
137
7
2
0
47
0
41
10
2
120
0
121
160
163
0
87
30
54
15
11
195
368
9
174
13
175
0
19
0
118
16
6
208
14
6
0
500
0
12
0
0
0
26
32
245
0
0
0
215
0
4
11
43
1
1
0
26
24
401
19
339
166
6
196
161
1
0
21
21
163
0
117
27
2
70
4
7
9
0
425
51
5
5
1
21
0
0
0
0
32
1
0
13
75
10
1
9
77
76
0
12
153
5
10
358
12
17
33
8
114
4
6
0
0
28
191
6
5
0
7
13
13
25
229
3
0
118
0
49
3
329
24
5
0
138
50
278
0
7
228
13
34
39
0
0
36
47
3
0
142
778
49
55
302
44
26
201
70
0
48
54
6
0
253
20
7
5
0
7
1
0
4
14
19
276
138
0
6
0
6
0
0
0
277
41
0
0
35
26
47
267
0
0
0
0
5
0
70
7
80
7
18
0
0
517
1
0
76
3
0
9
13
3
0
545
1
0
0
2
0
12
1
302
0
6
4
1
0
7
273
4
0
36
20
267
12
4
0
205
116
16
13
82
584
10
0
5
0
0
10
0
39
2
1
39
2
0
8
2
3
10
7
0
73
1
122
1
11
5
30
158
2
35
0
81
67
6
27
7
171
20
14
31
22
36
86
5
264
273
183
1
89
98
7
5
18
0
31
6
26
45
1
146
5
0
12
14
10
42
41
0
10
0
9
9
5
127
70
13
31
44
29
24
0
43
0
0
2
3
0
21
53
13
0
9
31
3
0
48
37
425
0
9
36
6
273
1
5
271
12
183
86
0
39
7
2
264
18
5
31
6
78
224
68
0
31
0
3
171
0
7
0
5
0
11
0
4
51
58
22
0
2
0
0
23
14
10
49
9
0
0
0
13
0
0
6
131
42
0
16
1
0
0
94
20
0
14
6
0
12
1
0
369
64
76
13
0
33
321
49
0
319
0
98
29
250
0
1
6
0
66
142
0
1
4
0
0
20
36
5
41
0
0
17
46
3
12
0
88
44
10
1
137
50
0
0
52
37
0
14
74
0
11
36
5
2
132
442
6
146
0
2
341
0
868
10
55
1
0
0
4
2
0
5
48
15
26
161
0
11
28
8
0
6
187
4
0
35
7
0
194
198
7
137
5
207
5
17
203
0
31
129
12
5
48
531
46
0
39
27
8
50
60
7
8
19
0
720
10
181
8
124
21
45
4
4
114
0
50
1
7
0
5
1
52
0
23
27
12
121
0
12
95
0
4
41
0
36
10
1
0
33
46
18
475
86
64
4
23
10
4
15
1
154
0
9
0
6
0
19
4
8
17
0
0
0
0
81
3
47
171
161
8
0
71
49
190
4
1
23
245
10
131
1
289
479
0
358
16
10
8
114
2
356
86
40
0
29
0
0
0
5
18
33
12
9
2
0
0
5
2
7
14
6
209
151
46
209
0
111
193
0
21
57
324
7
9
194
1
74
18
149
2
16
0
4
0
130
0
11
0
23
87
0
357
0
243
21
231
0
20
1
89
30
9
0
4
8
11
16
22
0
12
158
6
7
43
374
129
7
0
0
146
180
4
300
49
23
11
6
2
0
84
1
21
41
20
1
1
108
387
0
0
0
0
0
227
0
7
79
0
248
37
176
5
0
1
26
0
0
28
0
19
132
33
0
97
30
7
0
0
9
84
2
4
0
12
1
19
15
0
0
4
33
4
33
0
289
1
1
196
21
131
357
0
132
10
387
190
14
180
7
1
16
0
26
0
29
5
194
18
0
9
209
510
30
182
1
8
23
46
23
0
0
84
113
23
79
158
0
23
7
2
0
43
73
0
0
11
11
0
0
356
4
62
20
130
4
0
47
0
0
209
0
35
8
0
8
4
3
14
0
0
8
23
173
74
4
0
66
152
4
5
87
20
190
5
65
63
11
9
58
174
43
208
20
23
3
0
14
91
225
133
76
114
45
475
51
2
298
0
8
1
555
0
12
0
29
5
75
0
44
7
390
16
128
5
43
0
7
26
352
0
3
59
328
119
0
0
32
3
1
6
3
2
8
6
120
0
2
0
133
27
4
178
4
36
48
0
72
10
5
0
29
0
97
138
41
0
230
2
0
1
30
1
0
6
5
5
1
44
7
40
64
4
4
35
10
90
6
183
7
14
5
8
112
19
4
3
4
166
365
13
0
0
4
71
2
90
115
29
7
0
769
0
4
6
1
5
6
45
1
0
1
0
53
227
18
4
87
5
29
1
17
16
8
0
0
20
20
199
0
0
87
0
8
167
39
12
7
12
1
0
179
20
58
304
63
0
7
5
119
0
42
10
11
89
167
180
1
47
0
26
42
16
6
0
16
16
205
4
7
45
4
123
0
27
0
746
7
28
0
4
200
10
205
101
3
36
18
5
2
0
17
25
7
172
8
157
438
1
517
9
0
3
24
2
17
28
11
0
6
357
176
5
0
9
194
0
16
1
151
5
1
0
20
124
0
155
0
0
154
0
8
17
332
5
5
0
15
89
10
88
264
4
2
18
133
5
172
0
6
27
3
1
12
1
278
1
4
0
2
179
25
46
191
106
2
72
440
0
3
19
25
76
233
33
144
0
136
7
16
6
95
328
0
9
15
0
18
12
7
1
11
0
29
86
55
7
70
15
0
1
452
21
33
0
0
38
15
6
0
128
0
480
0
0
86
9
224
5
59
107
4
29
204
0
34
27
0
0
4
11
0
5
9
124
22
0
360
41
586
0
250
214
97
244
152
3
239
10
3
1
4
8
12
18
2
2
415
1
70
1
4
0
53
0
0
161
0
377
0
112
98
1
33
0
0
7
72
0
5
0
0
55
9
70
0
0
52
23
65
120
416
35
294
2
0
93
171
0
4
11
254
0
5
9
16
180
2
5
0
375
32
7
6
171
185
275
14
9
0
1
0
0
16
18
0
7
4
170
0
14
0
165
2
5
1
418
0
35
18
0
0
127
514
1
90
17
22
11
7
90
1
428
0
44
307
252
10
10
72
12
50
0
42
66
8
70
27
15
8
381
0
0
23
8
65
220
38
2
133
4
9
0
1
3
4
0
84
173
0
0
361
0
0
156
33
1
5
0
27
142
631
173
43
5
1
666
1
52
0
7
0
0
55
0
210
527
140
31
3
341
458
14
7
1
1
164
0
7
162
2
1
17
15
30
6
237
23
6
15
316
7
95
2
4
0
7
0
1
41
71
0
262
2
503
39
60
5
9
2
4
42
1
0
565
1
12
0
70
33
1
5
57
19
0
124
248
49
0
0
26
70
6
0
4
60
4
0
0
5
52
30
8
17
10
0
9
0
0
3
511
0
127
0
41
262
5
184
7
10
0
98
0
348
92
0
164
8
5
0
10
1
0
3
22
0
110
2
108
234
5
0
0
11
70
390
20
0
149
140
8
160
655
6
0
0
0
0
5
878
157
2
0
0
119
4
0
8
8
0
45
248
17
0
30
64
41
5
41
3
12
21
62
12
6
51
74
0
0
6
134
33
1
0
5
133
41
23
0
0
1
153
11
0
3
0
6
16
10
101
13
1
7
56
539
1
7
0
56
129
35
61
0
516
0
0
12
0
39
0
89
226
189
137
0
0
260
4
167
1
0
150
86
0
20
0
0
48
0
0
19
40
42
7
1
249
39
0
0
57
0
198
12
0
0
0
48
167
0
7
0
13
89
0
7
26
14
0
34
0
8
101
7
41
0
0
0
0
1
108
0
169
234
4
83
14
47
6
40
120
14
65
5
1
14
31
23
129
0
84
3
1
0
1
23
105
19
4
13
565
133
20
6
2
8
84
23
18
117
7
130
27
1
0
0
1
114
104
147
70
4
141
0
10
4
4
129
15
0
2
0
9
1
209
10
1
4
1
180
5
24
219
119
63
53
0
226
79
0
13
0
612
357
0
11
101
16
0
4
260
21
161
30
223
2
21
1
47
2
15
102
0
1
0
4
135
0
69
25
66
56
514
20
31
12
2
21
0
0
5
187
87
113
0
6
0
162
222
189
82
0
0
13
40
3
19
2
12
2
0
65
52
6
625
135
4
4
189
90
0
236
9
248
0
0
76
13
0
3
571
0
8
43
12
65
11
0
1
0
35
77
150
4
0
0
0
0
16
440
10
1
0
0
0
0
171
702
0
1
1
7
0
6
65
119
13
31
156
194
76
0
3
4
47
25
10
40
12
76
5
18
0
239
13
211
0
6
88
1
0
7
146
56
0
0
6
0
0
1
1
14
0
8
153
4
50
7
56
0
4
175
130
13
4
600
175
27
15
51
119
235
1
44
7
0
13
44
53
251
8
165
9
92
1
2
8
304
45
17
38
1
140
5
14
72
10
10
20
4
52
70
0
11
0
1
8
5
95
0
49
4
0
2
0
5
7
22
19
2
76
68
0
47
375
0
2
4
162
0
0
130
1
104
1
2
137
0
1
10
0
516
4
0
0
14
0
150
12
2
11
6
140
225
86
0
0
26
7
6
89
0
61
12
0
539
69
117
1
554
20
0
44
6
35
0
224
20
67
7
77
334
72
0
0
196
205
14
123
543
4
33
0
39
0
0
21
1
0
59
29
0
8
34
2
4
37
53
0
0
13
11
0
15
59
523
39
9
157
6
1
0
90
77
3
43
0
0
67
0
0
6
25
6
47
0
0
9
80
9
20
10
14
0
50
0
16
0
0
24
12
70
2
666
0
46
5
862
0
12
10
69
85
1
71
2
230
99
0
19
17
0
42
1
0
356
165
0
9
8
316
0
78
9
0
8
5
192
4
19
9
14
134
1
0
9
397
0
6
0
1
370
14
13
8
0
0
271
59
0
267
8
9
338
10
5
11
25
0
35
5
5
36
129
108
43
101
39
4
2
1
96
8
0
0
0
0
0
0
122
26
8
13
0
57
0
0
0
0
3
21
0
61
0
543
1
25
12
233
36
125
5
54
98
59
0
0
4
23
82
26
14
79
76
18
108
0
30
0
0
79
6
8
67
13
1
6
3
2
10
55
8
8
4
156
0
63
9
34
26
146
76
6
114
68
146
5
15
0
5
17
7
4
415
3
5
54
171
45
13
25
92
1
2
90
52
334
72
14
205
33
17
39
1
44
50
4
17
142
1
15
133
0
1
0
0
0
0
84
4
5
610
79
95
56
6
5
8
0
21
249
150
64
24
2
7
43
0
6
20
57
193
0
47
13
1
179
0
0
359
47
96
0
131
39
10
281
9
5
0
0
97
2
3
0
72
736
0
310
47
5
262
67
0
0
94
20
83
14
4
0
8
46
0
17
62
221
463
0
253
104
0
75
281
0
5
53
0
34
0
5
4
11
23
9
8
267
4
2
44
7
4
0
0
2
6
0
123
0
18
263
39
0
7
9
191
16
55
9
91
32
0
183
3
374
22
218
1
0
5
0
11
0
0
0
2
26
18
0
29
0
0
111
6
0
0
523
11
0
0
16
8
9
10
0
109
3
2
5
16
555
0
53
37
79
94
0
59
156
0
353
0
0
10
253
0
5
214
14
0
331
7
0
161
0
3
12
39
0
121
232
1
152
1
45
10
207
34
117
2
91
2
3
70
0
77
0
0
227
54
0
22
132
37
255
1
115
0
0
0
54
43

== RESULTS ==
avg # deps : 51.74 (=469572/9075)
