Evaluating dependency metrics of top 10000 npm packages, based on the metric 'docker_dependents_count'
Using page size 500

== COLLECTING PACKAGE NAMES ==
Fetching page 1 ...
Fetching page 2 ...
Fetching page 3 ...
Fetching page 4 ...
  ! jq parse error (attempt 1/3) on: https://packages.ecosyste.ms/api/v1/registries/npmjs.org/package_names?page=4&per_page=500&sort=docker_dependents_count
  ! response: {"error":"internal server error"}
Fetching page 5 ...
Fetching page 6 ...
Fetching page 7 ...
Fetching page 8 ...
Fetching page 9 ...
Fetching page 10 ...
Fetching page 11 ...
Fetching page 12 ...
Fetching page 13 ...
Fetching page 14 ...
Fetching page 15 ...
Fetching page 16 ...
Fetching page 17 ...
  ! jq parse error (attempt 1/3) on: https://packages.ecosyste.ms/api/v1/registries/npmjs.org/package_names?page=17&per_page=500&sort=docker_dependents_count
  ! response: {"error":"internal server error"}
  ! jq parse error (attempt 2/3) on: https://packages.ecosyste.ms/api/v1/registries/npmjs.org/package_names?page=17&per_page=500&sort=docker_dependents_count
  ! response: {"error":"internal server error"}
Fetching page 18 ...
Fetching page 19 ...
Fetching page 20 ...

== DETERMINING RELATIONS ==
Evaluating 'graceful-fs' ...
  got 4.2.11
  has 0 dependencies
  has 0 peers
Evaluating 'supports-color' ...
  got 10.2.2
  has 0 dependencies
  has 0 peers
Evaluating 'which' ...
  got 6.0.1
  has 1 dependencies
  has 0 peers
Evaluating 'isexe' ...
  got 4.0.0
  has 0 dependencies
  has 0 peers
Evaluating 'safe-buffer' ...
  got 5.2.1
  has 0 dependencies
  has 0 peers
Evaluating 'signal-exit' ...
  got 4.1.0
  has 0 dependencies
  has 0 peers
Evaluating 'inherits' ...
  got 2.0.4
  has 0 dependencies
  has 0 peers
Evaluating 'minimatch' ...
  got 10.2.5
  has 2 dependencies
  has 0 peers
Evaluating 'debug' ...
  got 4.4.3
  has 1 dependencies
  has 0 peers
Evaluating 'glob' ...
  got 13.0.6
  has 6 dependencies
  has 0 peers
Evaluating 'balanced-match' ...
  got 4.0.4
  has 0 dependencies
  has 0 peers
Evaluating 'brace-expansion' ...
  got 5.0.5
  has 1 dependencies
  has 0 peers
Evaluating 'once' ...
  got 1.4.0
  has 1 dependencies
  has 0 peers
Evaluating 'ms' ...
  got 2.1.3
  has 0 dependencies
  has 0 peers
Evaluating 'semver' ...
  got 7.7.4
  has 0 dependencies
  has 0 peers
Evaluating 'wrappy' ...
  got 1.0.2
  has 0 dependencies
  has 0 peers
Evaluating 'strip-ansi' ...
  got 7.2.0
  has 1 dependencies
  has 0 peers
Evaluating 'ansi-regex' ...
  got 6.2.2
  has 0 dependencies
  has 0 peers
Evaluating 'inflight' ...
  got 1.0.6
  has 2 dependencies
  has 0 peers
Evaluating 'has-flag' ...
  got 5.0.1
  has 0 dependencies
  has 0 peers
Evaluating 'ansi-styles' ...
  got 6.2.3
  has 0 dependencies
  has 0 peers
Evaluating 'path-is-absolute' ...
  got 2.0.0
  has 0 dependencies
  has 0 peers
Evaluating 'concat-map' ...
  got 0.0.2
  has 0 dependencies
  has 0 peers
Evaluating 'function-bind' ...
  got 1.1.2
  has 0 dependencies
  has 0 peers
Evaluating 'fs.realpath' ...
  got 1.0.0
  has 0 dependencies
  has 0 peers
Evaluating 'has' ...
  got 1.0.4
  has 0 dependencies
  has 0 peers
Evaluating 'chalk' ...
  got 5.6.2
  has 0 dependencies
  has 0 peers
Evaluating 'util-deprecate' ...
  got 1.0.2
  has 0 dependencies
  has 0 peers
Evaluating 'readable-stream' ...
  got 4.7.0
  has 9 dependencies
  has 0 peers
Evaluating 'rimraf' ...
  got 6.1.3
  has 8 dependencies
  has 0 peers
Evaluating 'string_decoder' ...
  got 1.3.0
  has 1 dependencies
  has 0 peers
Evaluating 'mkdirp' ...
  got 3.0.1
  has 0 dependencies
  has 0 peers
Evaluating 'string-width' ...
  got 8.2.1
  has 3 dependencies
  has 0 peers
Evaluating 'is-fullwidth-code-point' ...
  got 5.1.0
  has 1 dependencies
  has 0 peers
Evaluating 'lru-cache' ...
  got 11.3.5
  has 0 dependencies
  has 0 peers
Evaluating 'ini' ...
  got 6.0.0
  has 0 dependencies
  has 0 peers
Evaluating 'color-name' ...
  got 2.1.0
  has 0 dependencies
  has 0 peers
Evaluating 'color-convert' ...
  got 3.1.3
  has 1 dependencies
  has 0 peers
Evaluating 'yallist' ...
  got 5.0.0
  has 0 dependencies
  has 0 peers
Evaluating 'imurmurhash' ...
  got 0.1.4
  has 0 dependencies
  has 0 peers
Evaluating 'iconv-lite' ...
  got 0.7.2
  has 1 dependencies
  has 0 peers
Evaluating 'chownr' ...
  got 3.0.0
  has 0 dependencies
  has 0 peers
Evaluating 'set-blocking' ...
  got 2.0.0
  has 0 dependencies
  has 0 peers
Evaluating 'tar' ...
  got 7.5.13
  has 5 dependencies
  has 0 peers
Evaluating 'clone' ...
  got 2.1.2
  has 0 dependencies
  has 0 peers
Evaluating 'safer-buffer' ...
  got 2.1.2
  has 0 dependencies
  has 0 peers
Evaluating 'mute-stream' ...
  got 3.0.0
  has 0 dependencies
  has 0 peers
Evaluating 'spdx-license-ids' ...
  got 3.0.23
  has 0 dependencies
  has 0 peers
Evaluating 'hosted-git-info' ...
  got 9.0.2
  has 1 dependencies
  has 0 peers
Evaluating 'validate-npm-package-license' ...
  got 3.0.4
  has 4 dependencies
  has 0 peers
Evaluating 'nopt' ...
  got 9.0.0
  has 1 dependencies
  has 0 peers
Evaluating 'aproba' ...
  got 2.1.0
  has 0 dependencies
  has 0 peers
Evaluating 'text-table' ...
  got 0.2.0
  has 0 dependencies
  has 0 peers
Evaluating 'normalize-package-data' ...
  got 8.0.0
  has 8 dependencies
  has 0 peers
Evaluating 'abbrev' ...
  got 4.0.0
  has 0 dependencies
  has 0 peers
Evaluating 'unique-slug' ...
  got 6.0.0
  has 1 dependencies
  has 0 peers
Evaluating 'unique-filename' ...
  got 5.0.0
  has 2 dependencies
  has 0 peers
Evaluating 'spdx-expression-parse' ...
  got 4.0.0
  has 2 dependencies
  has 0 peers
Evaluating 'spdx-correct' ...
  got 3.2.0
  has 3 dependencies
  has 0 peers
Evaluating 'delegates' ...
  got 1.0.0
  has 0 dependencies
  has 0 peers
Evaluating 'has-unicode' ...
  got 2.0.1
  has 0 dependencies
  has 0 peers
Evaluating 'gauge' ...
  got 5.0.2
  has 11 dependencies
  has 0 peers
Evaluating 'are-we-there-yet' ...
  got 4.0.2
  has 0 dependencies
  has 0 peers
Evaluating 'npmlog' ...
  got 7.0.1
  has 14 dependencies
  has 0 peers
Evaluating 'wide-align' ...
  got 1.1.5
  has 5 dependencies
  has 0 peers
Evaluating 'agent-base' ...
  got 9.0.0
  has 0 dependencies
  has 0 peers
Evaluating 'https-proxy-agent' ...
  got 9.0.0
  has 3 dependencies
  has 0 peers
Evaluating 'console-control-strings' ...
  got 1.1.0
  has 0 dependencies
  has 0 peers
Evaluating 'mime-db' ...
  got 1.54.0
  has 0 dependencies
  has 0 peers
Evaluating 'mime-types' ...
  got 3.0.2
  has 1 dependencies
  has 0 peers
Evaluating 'write-file-atomic' ...
  got 7.0.1
  has 1 dependencies
  has 0 peers
Evaluating 'retry' ...
  got 0.13.1
  has 0 dependencies
  has 0 peers
Evaluating 'spdx-exceptions' ...
  got 2.5.0
  has 0 dependencies
  has 0 peers
Evaluating 'minipass' ...
  got 7.1.3
  has 0 dependencies
  has 0 peers
Evaluating 'ssri' ...
  got 13.0.1
  has 1 dependencies
  has 0 peers
Evaluating 'node-gyp' ...
  got 12.3.0
  has 19 dependencies
  has 0 peers
Evaluating 'cacache' ...
  got 20.0.4
  has 18 dependencies
  has 0 peers
Evaluating 'promise-inflight' ...
  got 1.0.1
  has 0 dependencies
  has 0 peers
Evaluating 'minizlib' ...
  got 3.1.0
  has 1 dependencies
  has 0 peers
Evaluating 'defaults' ...
  got 3.0.0
  has 0 dependencies
  has 0 peers
Evaluating 'fs-minipass' ...
  got 3.0.3
  has 1 dependencies
  has 0 peers
Evaluating 'http-proxy-agent' ...
  got 9.0.0
  has 3 dependencies
  has 0 peers
Evaluating 'jsonparse' ...
  got 1.3.1
  has 0 dependencies
  has 0 peers
Evaluating 'http-cache-semantics' ...
  got 4.2.0
  has 0 dependencies
  has 0 peers
Evaluating 'npm' ...
  got 11.13.0
  has 143 dependencies
  has 0 peers
Evaluating 'archy' ...
  got 1.0.0
  has 0 dependencies
  has 0 peers
Evaluating 'ip' ...
  got 2.0.1
  has 0 dependencies
  has 0 peers
Evaluating 'read' ...
  got 5.0.1
  has 1 dependencies
  has 0 peers
Evaluating 'builtins' ...
  got 5.1.0
  has 1 dependencies
  has 0 peers
Evaluating 'validate-npm-package-name' ...
  got 7.0.2
  has 0 dependencies
  has 0 peers
Evaluating 'npm-package-arg' ...
  got 13.0.2
  has 5 dependencies
  has 0 peers
Evaluating 'npm-install-checks' ...
  got 8.0.0
  has 1 dependencies
  has 0 peers
Evaluating 'promzard' ...
  got 3.0.1
  has 2 dependencies
  has 0 peers
Evaluating 'init-package-json' ...
  got 8.2.5
  has 29 dependencies
  has 0 peers
Evaluating 'read-package-json' ...
  got 7.0.1
  has 51 dependencies
  has 0 peers
Evaluating 'columnify' ...
  got 1.6.0
  has 5 dependencies
  has 0 peers
Evaluating 'cmd-shim' ...
  got 8.0.0
  has 0 dependencies
  has 0 peers
Evaluating 'encoding' ...
  got 0.1.13
  has 2 dependencies
  has 0 peers
Evaluating 'npm-user-validate' ...
  got 4.0.0
  has 0 dependencies
  has 0 peers
Evaluating 'smart-buffer' ...
  got 4.2.0
  has 0 dependencies
  has 0 peers
Evaluating 'socks' ...
  got 2.8.8
  has 2 dependencies
  has 0 peers
Evaluating 'socks-proxy-agent' ...
  got 10.0.0
  has 6 dependencies
  has 0 peers
Evaluating 'read-cmd-shim' ...
  got 6.0.0
  has 0 dependencies
  has 0 peers
Evaluating 'err-code' ...
  got 3.0.1
  has 0 dependencies
  has 0 peers
Evaluating 'promise-retry' ...
  got 2.0.1
  has 2 dependencies
  has 0 peers
Evaluating 'make-fetch-happen' ...
  got 15.0.5
  has 39 dependencies
  has 0 peers
Evaluating 'agentkeepalive' ...
  got 4.6.0
  has 2 dependencies
  has 0 peers
Evaluating 'humanize-ms' ...
  got 2.0.0
  has 1 dependencies
  has 0 peers
Evaluating 'ignore-walk' ...
  got 8.0.0
  has 3 dependencies
  has 0 peers
Evaluating 'npm-bundled' ...
  got 5.0.0
  has 1 dependencies
  has 0 peers
Evaluating 'npm-packlist' ...
  got 10.0.4
  has 5 dependencies
  has 0 peers
Evaluating 'wcwidth' ...
  got 1.0.1
  has 2 dependencies
  has 0 peers
Evaluating 'ip-regex' ...
  got 5.0.0
  has 0 dependencies
  has 0 peers
Evaluating 'npm-pick-manifest' ...
  got 11.0.3
  has 8 dependencies
  has 0 peers
Evaluating 'pacote' ...
  got 21.5.0
  has 89 dependencies
  has 0 peers
Evaluating 'emoji-regex' ...
  got 10.6.0
  has 0 dependencies
  has 0 peers
Evaluating 'qrcode-terminal' ...
  got 0.12.0
  has 0 dependencies
  has 0 peers
Evaluating 'cidr-regex' ...
  got 5.0.5
  has 0 dependencies
  has 0 peers
Evaluating 'npm-profile' ...
  got 12.0.1
  has 45 dependencies
  has 0 peers
Evaluating 'is-cidr' ...
  got 6.0.4
  has 1 dependencies
  has 0 peers
Evaluating 'bin-links' ...
  got 6.0.0
  has 6 dependencies
  has 0 peers
Evaluating 'cli-table3' ...
  got 0.6.5
  has 6 dependencies
  has 0 peers
Evaluating 'npm-registry-fetch' ...
  got 19.1.1
  has 44 dependencies
  has 0 peers
Evaluating 'env-paths' ...
  got 4.0.0
  has 1 dependencies
  has 0 peers
Evaluating 'cli-columns' ...
  got 4.0.0
  has 5 dependencies
  has 0 peers
Evaluating 'tiny-relative-date' ...
  got 2.0.2
  has 0 dependencies
  has 0 peers
Evaluating 'npm-audit-report' ...
  got 7.0.0
  has 0 dependencies
  has 0 peers
Evaluating 'libnpmhook' ...
  got 11.0.0
  has 91 dependencies
  has 0 peers
Evaluating 'qs' ...
  got 6.15.1
  has 18 dependencies
  has 0 peers
Evaluating 'depd' ...
  got 2.0.0
  has 0 dependencies
  has 0 peers
Evaluating 'negotiator' ...
  got 1.0.0
  has 0 dependencies
  has 0 peers
Evaluating 'libnpmaccess' ...
  got 10.0.3
  has 45 dependencies
  has 0 peers
Evaluating 'libnpmpublish' ...
  got 11.1.3
  has 69 dependencies
  has 0 peers
Evaluating 'libnpmorg' ...
  got 8.0.1
  has 46 dependencies
  has 0 peers
Evaluating 'libnpmteam' ...
  got 8.0.2
  has 46 dependencies
  has 0 peers
Evaluating 'libnpmsearch' ...
  got 9.0.1
  has 45 dependencies
  has 0 peers
Evaluating 'npm-normalize-package-bin' ...
  got 5.0.0
  has 0 dependencies
  has 0 peers
Evaluating 'infer-owner' ...
  got 1.0.4
  has 0 dependencies
  has 0 peers
Evaluating 'unpipe' ...
  got 1.0.0
  has 0 dependencies
  has 0 peers
Evaluating 'binary-extensions' ...
  got 3.1.0
  has 0 dependencies
  has 0 peers
Evaluating 'has-symbols' ...
  got 1.1.0
  has 0 dependencies
  has 0 peers
Evaluating 'cross-spawn' ...
  got 7.0.6
  has 5 dependencies
  has 0 peers
Evaluating 'shebang-regex' ...
  got 4.0.0
  has 0 dependencies
  has 0 peers
Evaluating 'shebang-command' ...
  got 2.0.0
  has 1 dependencies
  has 0 peers
Evaluating 'path-key' ...
  got 4.0.0
  has 0 dependencies
  has 0 peers
Evaluating 'is-core-module' ...
  got 2.16.1
  has 2 dependencies
  has 0 peers
Evaluating 'punycode' ...
  got 2.3.1
  has 0 dependencies
  has 0 peers
Evaluating 'object-assign' ...
  got 4.1.1
  has 0 dependencies
  has 0 peers
Evaluating 'mime' ...
  got 4.1.0
  has 0 dependencies
  has 0 peers
Evaluating 'escape-string-regexp' ...
  got 5.0.0
  has 0 dependencies
  has 0 peers
Evaluating 'minimist' ...
  got 1.2.8
  has 0 dependencies
  has 0 peers
Evaluating 'resolve' ...
  got 1.22.12
  has 6 dependencies
  has 0 peers
Evaluating 'path-parse' ...
  got 1.0.7
  has 0 dependencies
  has 0 peers
Evaluating 'wrap-ansi' ...
  got 10.0.0
  has 5 dependencies
  has 0 peers
Evaluating 'fast-json-stable-stringify' ...
  got 2.1.0
  has 0 dependencies
  has 0 peers
Evaluating 'path-exists' ...
  got 5.0.0
  has 0 dependencies
  has 0 peers
Evaluating 'indent-string' ...
  got 5.0.0
  has 0 dependencies
  has 0 peers
Evaluating 'find-up' ...
  got 8.0.0
  has 5 dependencies
  has 0 peers
Evaluating 'ajv' ...
  got 8.20.0
  has 4 dependencies
  has 0 peers
Evaluating 'fast-deep-equal' ...
  got 3.1.3
  has 0 dependencies
  has 0 peers
Evaluating 'p-limit' ...
  got 7.3.0
  has 1 dependencies
  has 0 peers
Evaluating 'json-schema-traverse' ...
  got 1.0.0
  has 0 dependencies
  has 0 peers
Evaluating 'p-locate' ...
  got 7.0.0
  has 2 dependencies
  has 0 peers
Evaluating 'locate-path' ...
  got 8.0.0
  has 3 dependencies
  has 0 peers
Evaluating 'uuid' ...
  got 14.0.0
  has 0 dependencies
  has 0 peers
Evaluating 'ci-info' ...
  got 4.4.0
  has 0 dependencies
  has 0 peers
Evaluating 'core-util-is' ...
  got 1.0.3
  has 0 dependencies
  has 0 peers
Evaluating 'resolve-from' ...
  got 5.0.0
  has 0 dependencies
  has 0 peers
Evaluating 'combined-stream' ...
  got 1.0.8
  has 1 dependencies
  has 0 peers
Evaluating 'delayed-stream' ...
  got 1.0.0
  has 0 dependencies
  has 0 peers
Evaluating 'form-data' ...
  got 4.0.5
  has 19 dependencies
  has 0 peers
Evaluating 'json-parse-even-better-errors' ...
  got 5.0.0
  has 0 dependencies
  has 0 peers
Evaluating 'p-map' ...
  got 7.0.4
  has 0 dependencies
  has 0 peers
Evaluating 'is-stream' ...
  got 4.0.1
  has 0 dependencies
  has 0 peers
Evaluating 'asap' ...
  got 2.0.6
  has 0 dependencies
  has 0 peers
Evaluating 'buffer-from' ...
  got 1.1.2
  has 0 dependencies
  has 0 peers
Evaluating 'asynckit' ...
  got 0.5.0
  has 0 dependencies
  has 0 peers
Evaluating 'strip-json-comments' ...
  got 5.0.3
  has 0 dependencies
  has 0 peers
Evaluating 'cookie' ...
  got 1.1.1
  has 0 dependencies
  has 0 peers
Evaluating 'get-stream' ...
  got 9.0.1
  has 2 dependencies
  has 0 peers
Evaluating 'statuses' ...
  got 2.0.2
  has 0 dependencies
  has 0 peers
Evaluating 'bytes' ...
  got 3.1.2
  has 0 dependencies
  has 0 peers
Evaluating 'clean-stack' ...
  got 6.0.0
  has 2 dependencies
  has 0 peers
Evaluating 'http-errors' ...
  got 2.0.1
  has 5 dependencies
  has 0 peers
Evaluating 'setprototypeof' ...
  got 1.2.0
  has 0 dependencies
  has 0 peers
Evaluating 'aggregate-error' ...
  got 5.0.0
  has 3 dependencies
  has 0 peers
Evaluating 'ee-first' ...
  got 1.1.1
  has 0 dependencies
  has 0 peers
Evaluating 'escape-html' ...
  got 1.0.3
  has 0 dependencies
  has 0 peers
Evaluating 'on-finished' ...
  got 2.4.1
  has 1 dependencies
  has 0 peers
Evaluating 'accepts' ...
  got 1.3.8
  has 3 dependencies
  has 0 peers
Evaluating 'range-parser' ...
  got 1.2.1
  has 0 dependencies
  has 0 peers
Evaluating 'raw-body' ...
  got 3.0.2
  has 10 dependencies
  has 0 peers
Evaluating 'opener' ...
  got 1.5.2
  has 0 dependencies
  has 0 peers
Evaluating 'path-to-regexp' ...
  got 8.4.2
  has 0 dependencies
  has 0 peers
Evaluating 'parseurl' ...
  got 1.3.3
  has 0 dependencies
  has 0 peers
Evaluating 'vary' ...
  got 1.1.2
  has 0 dependencies
  has 0 peers
Evaluating 'destroy' ...
  got 1.2.0
  has 0 dependencies
  has 0 peers
Evaluating 'encodeurl' ...
  got 2.0.0
  has 0 dependencies
  has 0 peers
Evaluating 'yargs' ...
  got 18.0.0
  has 12 dependencies
  has 0 peers
Evaluating 'content-type' ...
  got 1.0.5
  has 0 dependencies
  has 0 peers
Evaluating 'fresh' ...
  got 0.5.2
  has 0 dependencies
  has 0 peers
Evaluating 'cliui' ...
  got 9.0.1
  has 7 dependencies
  has 0 peers
Evaluating 'diff' ...
  got 9.0.0
  has 0 dependencies
  has 0 peers
Evaluating 'isarray' ...
  got 2.0.5
  has 0 dependencies
  has 0 peers
Evaluating 'p-try' ...
  got 3.0.0
  has 0 dependencies
  has 0 peers
Evaluating 'media-typer' ...
  got 1.1.0
  has 0 dependencies
  has 0 peers
Evaluating 'type-is' ...
  got 2.0.1
  has 4 dependencies
  has 0 peers
Evaluating 'yargs-parser' ...
  got 22.0.0
  has 0 dependencies
  has 0 peers
Evaluating 'etag' ...
  got 1.8.1
  has 0 dependencies
  has 0 peers
Evaluating 'send' ...
  got 1.2.1
  has 17 dependencies
  has 0 peers
Evaluating 'content-disposition' ...
  got 1.1.0
  has 0 dependencies
  has 0 peers
Evaluating 'uri-js' ...
  got 4.4.1
  has 1 dependencies
  has 0 peers
Evaluating 'y18n' ...
  got 5.0.8
  has 0 dependencies
  has 0 peers
Evaluating 'minipass-collect' ...
  got 2.0.1
  has 1 dependencies
  has 0 peers
Evaluating 'minipass-pipeline' ...
  got 3.0.0
  has 1 dependencies
  has 0 peers
Evaluating 'minipass-flush' ...
  got 2.0.0
  has 1 dependencies
  has 0 peers
Evaluating 'methods' ...
  got 1.1.2
  has 0 dependencies
  has 0 peers
Evaluating 'utils-merge' ...
  got 1.0.1
  has 0 dependencies
  has 0 peers
Evaluating 'finalhandler' ...
  got 2.1.1
  has 8 dependencies
  has 0 peers
Evaluating 'fastest-levenshtein' ...
  got 1.0.16
  has 0 dependencies
  has 0 peers
Evaluating 'get-caller-file' ...
  got 2.0.5
  has 0 dependencies
  has 0 peers
Evaluating 'yarn' ...
  got 1.22.22
  has 0 dependencies
  has 0 peers
Evaluating 'require-directory' ...
  got 2.1.1
  has 0 dependencies
  has 0 peers
Evaluating 'serve-static' ...
  got 2.2.1
  has 19 dependencies
  has 0 peers
Evaluating 'ipaddr.js' ...
  got 2.3.0
  has 0 dependencies
  has 0 peers
Evaluating 'cssesc' ...
  got 3.0.0
  has 0 dependencies
  has 0 peers
Evaluating 'postcss-selector-parser' ...
  got 7.1.1
  has 2 dependencies
  has 0 peers
Evaluating 'proxy-addr' ...
  got 2.0.7
  has 2 dependencies
  has 0 peers
Evaluating 'forwarded' ...
  got 0.2.0
  has 0 dependencies
  has 0 peers
Evaluating 'body-parser' ...
  got 2.2.2
  has 39 dependencies
  has 0 peers
Evaluating 'cookie-signature' ...
  got 1.2.2
  has 0 dependencies
  has 0 peers
Evaluating 'merge-descriptors' ...
  got 2.0.0
  has 0 dependencies
  has 0 peers
Evaluating 'npm-run-path' ...
  got 6.0.0
  has 2 dependencies
  has 0 peers
Evaluating 'express' ...
  got 5.2.1
  has 64 dependencies
  has 0 peers
Evaluating 'execa' ...
  got 9.6.1
  has 22 dependencies
  has 0 peers
Evaluating '@tootallnate/once' ...
  got tootallnate/once
  has 0 dependencies
  has 0 peers
Evaluating 'array-flatten' ...
  got 3.0.0
  has 0 dependencies
  has 0 peers
Evaluating 'toidentifier' ...
  got 1.0.1
  has 0 dependencies
  has 0 peers
Evaluating 'object-inspect' ...
  got 1.13.4
  has 0 dependencies
  has 0 peers
Evaluating 'is-extglob' ...
  got 2.1.1
  has 0 dependencies
  has 0 peers
Evaluating 'is-glob' ...
  got 4.0.3
  has 1 dependencies
  has 0 peers
Evaluating 'dezalgo' ...
  got 1.0.4
  has 2 dependencies
  has 0 peers
Evaluating 'get-intrinsic' ...
  got 1.3.0
  has 11 dependencies
  has 0 peers
Evaluating 'call-bind' ...
  got 1.0.9
  has 15 dependencies
  has 0 peers
Evaluating 'process-nextick-args' ...
  got 2.0.1
  has 0 dependencies
  has 0 peers
Evaluating 'is-number' ...
  got 7.0.0
  has 0 dependencies
  has 0 peers
Evaluating 'fill-range' ...
  got 7.1.1
  has 2 dependencies
  has 0 peers
Evaluating 'braces' ...
  got 3.0.3
  has 3 dependencies
  has 0 peers
Evaluating 'source-map' ...
  got 0.7.6
  has 0 dependencies
  has 0 peers
Evaluating 'xtend' ...
  got 4.0.2
  has 0 dependencies
  has 0 peers
Evaluating 'make-dir' ...
  got 5.1.0
  has 0 dependencies
  has 0 peers
Evaluating 'glob-parent' ...
  got 6.0.2
  has 2 dependencies
  has 0 peers
Evaluating 'base64-js' ...
  got 1.5.1
  has 0 dependencies
  has 0 peers
Evaluating 'events' ...
  got 3.3.0
  has 0 dependencies
  has 0 peers
Evaluating 'to-regex-range' ...
  got 5.0.1
  has 1 dependencies
  has 0 peers
Evaluating 'ieee754' ...
  got 1.2.1
  has 0 dependencies
  has 0 peers
Evaluating '@types/node' ...
  got types/node
  has 1 dependencies
  has 0 peers
Evaluating 'lodash' ...
  got 4.18.1
  has 0 dependencies
  has 0 peers
Evaluating 'is-typedarray' ...
  got 1.0.0
  has 0 dependencies
  has 0 peers
Evaluating 'camelcase' ...
  got 9.0.0
  has 0 dependencies
  has 0 peers
Evaluating 'npm-init' ...
  got 1.3.1
  has 0 dependencies
  has 0 peers
Evaluating 'buffer' ...
  got 6.0.3
  has 2 dependencies
  has 0 peers
Evaluating 'color-support' ...
  got 1.1.3
  has 0 dependencies
  has 0 peers
Evaluating 'corepack' ...
  got 0.34.7
  has 0 dependencies
  has 0 peers
Evaluating 'debuglog' ...
  got 1.0.1
  has 0 dependencies
  has 0 peers
Evaluating 'normalize-path' ...
  got 3.0.0
  has 0 dependencies
  has 0 peers
Evaluating 'readdir-scoped-modules' ...
  got 1.1.0
  has 6 dependencies
  has 0 peers
Evaluating '@npmcli/move-file' ...
  got npmcli/move-file
  has 13 dependencies
  has 0 peers
Evaluating '@npmcli/fs' ...
  got npmcli/fs
  has 1 dependencies
  has 0 peers
Evaluating 'minipass-fetch' ...
  got 5.0.2
  has 5 dependencies
  has 0 peers
Evaluating 'is-lambda' ...
  got 1.0.1
  has 0 dependencies
  has 0 peers
Evaluating 'minipass-sized' ...
  got 2.0.0
  has 1 dependencies
  has 0 peers
Evaluating 'side-channel' ...
  got 1.1.0
  has 17 dependencies
  has 0 peers
Evaluating 'end-of-stream' ...
  got 1.4.5
  has 2 dependencies
  has 0 peers
Evaluating 'anymatch' ...
  got 3.1.3
  has 2 dependencies
  has 0 peers
Evaluating 'minipass-json-stream' ...
  got 1.0.2
  has 3 dependencies
  has 0 peers
Evaluating 'read-package-json-fast' ...
  got 5.0.0
  has 2 dependencies
  has 0 peers
Evaluating '@npmcli/promise-spawn' ...
  got npmcli/promise-spawn
  has 2 dependencies
  has 0 peers
Evaluating '@npmcli/installed-package-contents' ...
  got npmcli/installed-package-contents
  has 2 dependencies
  has 0 peers
Evaluating '@npmcli/git' ...
  got npmcli/git
  has 14 dependencies
  has 0 peers
Evaluating '@npmcli/run-script' ...
  got npmcli/run-script
  has 42 dependencies
  has 0 peers
Evaluating '@npmcli/node-gyp' ...
  got npmcli/node-gyp
  has 0 dependencies
  has 0 peers
Evaluating 'readdirp' ...
  got 5.0.0
  has 0 dependencies
  has 0 peers
Evaluating 'is-binary-path' ...
  got 3.0.0
  has 1 dependencies
  has 0 peers
Evaluating 'chokidar' ...
  got 5.0.0
  has 1 dependencies
  has 0 peers
Evaluating 'commander' ...
  got 14.0.3
  has 0 dependencies
  has 0 peers
Evaluating 'tough-cookie' ...
  got 6.0.1
  has 2 dependencies
  has 0 peers
Evaluating '@npmcli/name-from-folder' ...
  got npmcli/name-from-folder
  has 0 dependencies
  has 0 peers
Evaluating '@npmcli/map-workspaces' ...
  got npmcli/map-workspaces
  has 27 dependencies
  has 0 peers
Evaluating 'walk-up-path' ...
  got 4.0.0
  has 0 dependencies
  has 0 peers
Evaluating 'common-ancestor-path' ...
  got 2.0.0
  has 0 dependencies
  has 0 peers
Evaluating 'just-diff' ...
  got 6.0.2
  has 0 dependencies
  has 0 peers
Evaluating '@npmcli/arborist' ...
  got npmcli/arborist
  has 112 dependencies
  has 0 peers
Evaluating 'promise-call-limit' ...
  got 3.0.2
  has 0 dependencies
  has 0 peers
Evaluating 'just-diff-apply' ...
  got 5.5.0
  has 0 dependencies
  has 0 peers
Evaluating 'parse-conflict-json' ...
  got 5.0.1
  has 3 dependencies
  has 0 peers
Evaluating '@npmcli/metavuln-calculator' ...
  got npmcli/metavuln-calculator
  has 89 dependencies
  has 0 peers
Evaluating 'treeverse' ...
  got 3.0.0
  has 0 dependencies
  has 0 peers
Evaluating '@npmcli/config' ...
  got npmcli/config
  has 32 dependencies
  has 0 peers
Evaluating 'libnpmfund' ...
  got 7.0.20
  has 113 dependencies
  has 0 peers
Evaluating 'libnpmversion' ...
  got 8.0.3
  has 43 dependencies
  has 0 peers
Evaluating 'libnpmpack' ...
  got 9.1.6
  has 113 dependencies
  has 0 peers
Evaluating 'json-stringify-nice' ...
  got 1.1.4
  has 0 dependencies
  has 0 peers
Evaluating 'promise-all-reject-late' ...
  got 1.0.1
  has 0 dependencies
  has 0 peers
Evaluating '@npmcli/disparity-colors' ...
  got npmcli/disparity-colors
  has 3 dependencies
  has 0 peers
Evaluating 'libnpmdiff' ...
  got 8.1.6
  has 115 dependencies
  has 0 peers
Evaluating 'acorn' ...
  got 8.16.0
  has 0 dependencies
  has 0 peers
Evaluating 'pump' ...
  got 3.0.4
  has 3 dependencies
  has 0 peers
Evaluating 'proc-log' ...
  got 6.1.0
  has 0 dependencies
  has 0 peers
Evaluating 'picomatch' ...
  got 4.0.4
  has 0 dependencies
  has 0 peers
Evaluating 'mimic-fn' ...
  got 5.0.0
  has 0 dependencies
  has 0 peers
Evaluating 'object-keys' ...
  got 1.1.1
  has 0 dependencies
  has 0 peers
Evaluating 'libnpmexec' ...
  got 10.2.6
  has 116 dependencies
  has 0 peers
Evaluating '@npmcli/package-json' ...
  got npmcli/package-json
  has 25 dependencies
  has 0 peers
Evaluating 'pify' ...
  got 6.1.0
  has 0 dependencies
  has 0 peers
Evaluating '@isaacs/string-locale-compare' ...
  got isaacs/string-locale-compare
  has 0 dependencies
  has 0 peers
Evaluating 'define-properties' ...
  got 1.2.1
  has 6 dependencies
  has 0 peers
Evaluating 'extend' ...
  got 3.0.2
  has 0 dependencies
  has 0 peers
Evaluating '@gar/promisify' ...
  got gar/promisify
  has 0 dependencies
  has 0 peers
Evaluating 'argparse' ...
  got 2.0.1
  has 0 dependencies
  has 0 peers
Evaluating '@colors/colors' ...
  got colors/colors
  has 0 dependencies
  has 0 peers
Evaluating 'fsevents' ...
  ! package not resolved
Evaluating 'json-schema' ...
  got 0.4.0
  has 0 dependencies
  has 0 peers
Evaluating 'psl' ...
  got 1.15.0
  has 1 dependencies
  has 0 peers
Evaluating 'through' ...
  got 2.3.8
  has 0 dependencies
  has 0 peers
Evaluating 'is-regex' ...
  got 1.2.1
  has 14 dependencies
  has 0 peers
Evaluating 'is-date-object' ...
  got 1.1.0
  has 14 dependencies
  has 0 peers
Evaluating 'estraverse' ...
  got 5.3.0
  has 0 dependencies
  has 0 peers
Evaluating 'tunnel-agent' ...
  got 0.6.0
  has 1 dependencies
  has 0 peers
Evaluating 'performance-now' ...
  got 2.1.0
  has 0 dependencies
  has 0 peers
Evaluating 'js-yaml' ...
  got 4.1.1
  has 1 dependencies
  has 0 peers
Evaluating 'json-stringify-safe' ...
  got 5.0.1
  has 0 dependencies
  has 0 peers
Evaluating 'detect-newline' ...
  got 4.0.1
  has 0 dependencies
  has 0 peers
Evaluating 'bluebird' ...
  got 3.7.2
  has 0 dependencies
  has 0 peers
Evaluating 'micromatch' ...
  got 4.0.8
  has 5 dependencies
  has 0 peers
Evaluating 'slash' ...
  got 5.1.0
  has 0 dependencies
  has 0 peers
Evaluating 'os-tmpdir' ...
  got 2.0.0
  has 0 dependencies
  has 0 peers
Evaluating 'tslib' ...
  got 2.8.1
  has 0 dependencies
  has 0 peers
Evaluating 'tweetnacl' ...
  got 1.0.3
  has 0 dependencies
  has 0 peers
Evaluating 'json-parse-better-errors' ...
  got 1.0.2
  has 0 dependencies
  has 0 peers
Evaluating 'dotenv' ...
  got 17.4.2
  has 0 dependencies
  has 0 peers
Evaluating 'source-map-support' ...
  got 0.5.21
  has 2 dependencies
  has 0 peers
Evaluating 'js-tokens' ...
  got 10.0.0
  has 0 dependencies
  has 0 peers
Evaluating 'process' ...
  got 0.11.10
  has 0 dependencies
  has 0 peers
Evaluating 'is-path-inside' ...
  got 4.0.0
  has 0 dependencies
  has 0 peers
Evaluating 'asn1' ...
  got 0.2.6
  has 1 dependencies
  has 0 peers
Evaluating 'isstream' ...
  got 0.1.2
  has 0 dependencies
  has 0 peers
Evaluating 'assert-plus' ...
  got 1.0.0
  has 0 dependencies
  has 0 peers
Evaluating 'caseless' ...
  got 0.12.0
  has 0 dependencies
  has 0 peers
Evaluating 'jsbn' ...
  got 1.1.0
  has 0 dependencies
  has 0 peers
Evaluating 'escalade' ...
  got 3.2.0
  has 0 dependencies
  has 0 peers
Evaluating 'http-signature' ...
  got 1.4.0
  has 15 dependencies
  has 0 peers
Evaluating 'extsprintf' ...
  got 1.4.1
  has 0 dependencies
  has 0 peers
Evaluating 'verror' ...
  got 1.10.1
  has 3 dependencies
  has 0 peers
Evaluating 'forever-agent' ...
  got 0.6.1
  has 0 dependencies
  has 0 peers
Evaluating 'aws-sign2' ...
  got 0.7.0
  has 0 dependencies
  has 0 peers
Evaluating 'is-callable' ...
  got 1.2.7
  has 0 dependencies
  has 0 peers
Evaluating 'sshpk' ...
  got 1.18.0
  has 9 dependencies
  has 0 peers
Evaluating 'jsprim' ...
  got 2.0.2
  has 5 dependencies
  has 0 peers
Evaluating 'ecc-jsbn' ...
  got 0.2.0
  has 1 dependencies
  has 0 peers
Evaluating 'dashdash' ...
  got 2.0.0
  has 1 dependencies
  has 0 peers
Evaluating 'oauth-sign' ...
  got 0.9.0
  has 0 dependencies
  has 0 peers
Evaluating 'aws4' ...
  got 1.13.2
  has 0 dependencies
  has 0 peers
Evaluating 'is-arrayish' ...
  got 0.3.4
  has 0 dependencies
  has 0 peers
Evaluating 'bcrypt-pbkdf' ...
  got 1.0.2
  has 1 dependencies
  has 0 peers
Evaluating 'onetime' ...
  got 8.0.0
  has 1 dependencies
  has 0 peers
Evaluating 'har-validator' ...
  got 5.1.5
  has 7 dependencies
  has 0 peers
Evaluating 'getpass' ...
  got 0.1.7
  has 1 dependencies
  has 0 peers
Evaluating 'request' ...
  got 2.88.2
  has 46 dependencies
  has 0 peers
Evaluating 'type-fest' ...
  got 5.6.0
  has 1 dependencies
  has 0 peers
Evaluating '@npmcli/query' ...
  got npmcli/query
  has 3 dependencies
  has 0 peers
Evaluating 'browserslist' ...
  got 4.28.2
  has 7 dependencies
  has 0 peers
Evaluating 'electron-to-chromium' ...
  got 1.5.344
  has 0 dependencies
  has 0 peers
Evaluating 'is-symbol' ...
  got 1.1.1
  has 16 dependencies
  has 0 peers
Evaluating 'esrecurse' ...
  got 4.3.0
  has 1 dependencies
  has 0 peers
Evaluating 'json5' ...
  got 2.2.3
  has 0 dependencies
  has 0 peers
Evaluating 'es-abstract' ...
  got 1.24.2
  has 88 dependencies
  has 0 peers
Evaluating 'es-to-primitive' ...
  got 1.3.0
  has 19 dependencies
  has 0 peers
Evaluating 'caniuse-lite' ...
  got 1.0.30001791
  has 0 dependencies
  has 0 peers
Evaluating 'pkg-dir' ...
  got 9.0.0
  has 1 dependencies
  has 0 peers
Evaluating 'deep-extend' ...
  got 0.6.0
  has 0 dependencies
  has 0 peers
Evaluating 'concat-stream' ...
  got 2.0.0
  has 7 dependencies
  has 0 peers
Evaluating 'typedarray' ...
  got 0.0.7
  has 0 dependencies
  has 0 peers
Evaluating 'har-schema' ...
  got 2.0.0
  has 0 dependencies
  has 0 peers
Evaluating 'eslint-scope' ...
  got 9.1.2
  has 4 dependencies
  has 0 peers
Evaluating 'esprima' ...
  got 4.0.1
  has 0 dependencies
  has 0 peers
Evaluating 'rc' ...
  got 1.2.8
  has 4 dependencies
  has 0 peers
Evaluating 'decamelize' ...
  got 6.0.1
  has 0 dependencies
  has 0 peers
Evaluating 'tr46' ...
  got 6.0.0
  has 1 dependencies
  has 0 peers
Evaluating 'webidl-conversions' ...
  got 8.0.1
  has 0 dependencies
  has 0 peers
Evaluating 'whatwg-url' ...
  got 16.0.1
  has 4 dependencies
  has 0 peers
Evaluating 'node-releases' ...
  got 2.0.38
  has 0 dependencies
  has 0 peers
Evaluating 'esutils' ...
  got 2.0.3
  has 0 dependencies
  has 0 peers
Evaluating 'kind-of' ...
  got 6.0.3
  has 0 dependencies
  has 0 peers
Evaluating 'merge-stream' ...
  got 2.0.0
  has 0 dependencies
  has 0 peers
Evaluating 'is-obj' ...
  got 3.0.0
  has 0 dependencies
  has 0 peers
Evaluating 'number-is-nan' ...
  got 3.0.0
  has 0 dependencies
  has 0 peers
Evaluating 'lowercase-keys' ...
  got 4.0.1
  has 0 dependencies
  has 0 peers
Evaluating 'got' ...
  got 15.0.3
  has 24 dependencies
  has 0 peers
Evaluating 'lodash.uniq' ...
  got 4.5.0
  has 0 dependencies
  has 0 peers
Evaluating 'decode-uri-component' ...
  got 0.4.1
  has 0 dependencies
  has 0 peers
Evaluating 'code-point-at' ...
  got 2.0.0
  has 0 dependencies
  has 0 peers
Evaluating 'colors' ...
  got 1.4.0
  has 0 dependencies
  has 0 peers
Evaluating 'lodash.clonedeep' ...
  got 4.5.0
  has 0 dependencies
  has 0 peers
Evaluating 'sprintf-js' ...
  got 1.1.3
  has 0 dependencies
  has 0 peers
Evaluating 'duplexify' ...
  got 4.1.3
  has 9 dependencies
  has 0 peers
Evaluating 'universalify' ...
  got 2.0.1
  has 0 dependencies
  has 0 peers
Evaluating 'stream-shift' ...
  got 1.0.3
  has 0 dependencies
  has 0 peers
Evaluating 'path-type' ...
  got 6.0.0
  has 0 dependencies
  has 0 peers
Evaluating 'async' ...
  got 3.2.6
  has 0 dependencies
  has 0 peers
Evaluating 'ws' ...
  got 8.20.0
  has 0 dependencies
  has 2 peers
Evaluating 'prepend-http' ...
  got 4.0.0
  has 0 dependencies
  has 0 peers
Evaluating 'pseudomap' ...
  got 1.0.2
  has 0 dependencies
  has 0 peers
Evaluating 'randombytes' ...
  got 2.1.0
  has 1 dependencies
  has 0 peers
Evaluating 'ansi-escapes' ...
  got 7.3.0
  has 1 dependencies
  has 0 peers
Evaluating 'follow-redirects' ...
  got 1.16.0
  has 0 dependencies
  has 0 peers
Evaluating 'prr' ...
  got 1.0.1
  has 0 dependencies
  has 0 peers
Evaluating 'errno' ...
  got 1.0.0
  has 1 dependencies
  has 0 peers
Evaluating 'registry-auth-token' ...
  got 5.1.1
  has 7 dependencies
  has 0 peers
Evaluating 'neo-async' ...
  got 2.6.2
  has 0 dependencies
  has 0 peers
Evaluating 'registry-url' ...
  got 7.2.0
  has 2 dependencies
  has 0 peers
Evaluating 'resolve-cwd' ...
  got 3.0.0
  has 1 dependencies
  has 0 peers
Evaluating 'import-local' ...
  got 3.2.0
  has 9 dependencies
  has 0 peers
Evaluating 'es6-promise' ...
  got 4.2.8
  has 0 dependencies
  has 0 peers
Evaluating 'picocolors' ...
  got 1.1.1
  has 0 dependencies
  has 0 peers
Evaluating 'require-main-filename' ...
  got 2.0.0
  has 0 dependencies
  has 0 peers
Evaluating 'which-module' ...
  got 2.0.1
  has 0 dependencies
  has 0 peers
Evaluating 'regenerator-runtime' ...
  got 0.14.1
  has 0 dependencies
  has 0 peers
Evaluating 'package-json' ...
  got 10.0.1
  has 15 dependencies
  has 0 peers
Evaluating 'through2' ...
  got 4.0.2
  has 5 dependencies
  has 0 peers
Evaluating 'globals' ...
  got 17.5.0
  has 0 dependencies
  has 0 peers
Evaluating 'jest-worker' ...
  got 30.3.0
  has 25 dependencies
  has 0 peers
Evaluating 'url-parse-lax' ...
  got 6.0.0
  has 1 dependencies
  has 0 peers
Evaluating 'ignore' ...
  got 7.0.5
  has 0 dependencies
  has 0 peers
Evaluating 'crypto-random-string' ...
  got 5.0.0
  has 1 dependencies
  has 0 peers
Evaluating 'p-finally' ...
  got 3.0.0
  has 0 dependencies
  has 0 peers
Evaluating 'detect-indent' ...
  got 7.0.2
  has 0 dependencies
  has 0 peers
Evaluating 'unique-string' ...
  got 3.0.0
  has 2 dependencies
  has 0 peers
Evaluating 'jsonfile' ...
  got 6.2.1
  has 2 dependencies
  has 0 peers
Evaluating 'duplexer3' ...
  got 1.0.0
  has 0 dependencies
  has 0 peers
Evaluating 'fs-extra' ...
  got 11.3.4
  has 3 dependencies
  has 0 peers
Evaluating 'ansicolors' ...
  got 0.3.2
  has 0 dependencies
  has 0 peers
Evaluating 'fast-levenshtein' ...
  got 3.0.0
  has 1 dependencies
  has 0 peers
Evaluating 'serialize-javascript' ...
  got 7.0.5
  has 0 dependencies
  has 0 peers
Evaluating 'path-is-inside' ...
  got 1.0.2
  has 0 dependencies
  has 0 peers
Evaluating 'deep-is' ...
  got 0.1.4
  has 0 dependencies
  has 0 peers
Evaluating '@types/json-schema' ...
  got types/json-schema
  has 0 dependencies
  has 0 peers
Evaluating 'dot-prop' ...
  got 10.1.0
  has 2 dependencies
  has 0 peers
Evaluating 'callsites' ...
  got 4.2.0
  has 0 dependencies
  has 0 peers
Evaluating 'optionator' ...
  got 0.9.4
  has 6 dependencies
  has 0 peers
Evaluating 'prelude-ls' ...
  got 1.2.1
  has 0 dependencies
  has 0 peers
Evaluating 'type-check' ...
  got 0.4.0
  has 1 dependencies
  has 0 peers
Evaluating 'levn' ...
  got 0.4.1
  has 2 dependencies
  has 0 peers
Evaluating 'co' ...
  got 4.6.0
  has 0 dependencies
  has 0 peers
Evaluating 'strip-final-newline' ...
  got 4.0.0
  has 0 dependencies
  has 0 peers
Evaluating 'JSONStream' ...
  got 1.3.5
  has 2 dependencies
  has 0 peers
Evaluating 'tapable' ...
  got 2.3.3
  has 0 dependencies
  has 0 peers
Evaluating 'error-ex' ...
  got 1.3.4
  has 1 dependencies
  has 0 peers
Evaluating 'enhanced-resolve' ...
  got 5.21.0
  has 2 dependencies
  has 0 peers
Evaluating 'parse-json' ...
  got 8.3.0
  has 6 dependencies
  has 0 peers
Evaluating 'human-signals' ...
  got 8.0.1
  has 0 dependencies
  has 0 peers
Evaluating 'lockfile' ...
  got 1.0.4
  has 1 dependencies
  has 0 peers
Evaluating 'ajv-keywords' ...
  got ^8.8.2
  has 1 dependencies
  has 1 peers
Evaluating 'ansistyles' ...
  got 0.1.3
  has 0 dependencies
  has 0 peers
Evaluating 'object.getownpropertydescriptors' ...
  got 2.1.9
  has 91 dependencies
  has 0 peers
Evaluating 'react-is' ...
  got 19.2.5
  has 0 dependencies
  has 0 peers
Evaluating 'watchpack' ...
  got 2.5.1
  has 2 dependencies
  has 0 peers
Evaluating 'acorn-walk' ...
  got 8.3.5
  has 1 dependencies
  has 0 peers
Evaluating 'strip-eof' ...
  got 2.0.0
  has 0 dependencies
  has 0 peers
Evaluating 'strip-bom' ...
  got 5.0.0
  has 0 dependencies
  has 0 peers
Evaluating 'os-homedir' ...
  got 2.0.0
  has 0 dependencies
  has 0 peers
Evaluating '@babel/code-frame' ...
  got babel/code-frame
  has 3 dependencies
  has 0 peers
Evaluating '@babel/highlight' ...
  got babel/highlight
  has 10 dependencies
  has 0 peers
Evaluating 'is-plain-obj' ...
  got 4.1.0
  has 0 dependencies
  has 0 peers
Evaluating 'typescript' ...
  got 6.0.3
  has 0 dependencies
  has 0 peers
Evaluating 'fs-write-stream-atomic' ...
  got 1.0.10
  has 11 dependencies
  has 0 peers
Evaluating 'iferr' ...
  got 1.0.2
  has 0 dependencies
  has 0 peers
Evaluating 'is-ci' ...
  got 4.1.0
  has 1 dependencies
  has 0 peers
Evaluating 'pumpify' ...
  got 2.0.1
  has 11 dependencies
  has 0 peers
Evaluating 'webpack' ...
  got 5.106.2
  has 72 dependencies
  has 0 peers
Evaluating 'webpack-sources' ...
  got 3.4.0
  has 0 dependencies
  has 0 peers
Evaluating 'osenv' ...
  got 0.1.5
  has 2 dependencies
  has 0 peers
Evaluating 'globby' ...
  got 16.2.0
  has 23 dependencies
  has 0 peers
Evaluating 'node-fetch' ...
  got 3.3.2
  has 5 dependencies
  has 0 peers
Evaluating 'schema-utils' ...
  got 4.3.3
  has 8 dependencies
  has 0 peers
Evaluating 'loader-runner' ...
  got 4.3.2
  has 0 dependencies
  has 0 peers
Evaluating 'isobject' ...
  got 4.0.0
  has 0 dependencies
  has 0 peers
Evaluating 'array-union' ...
  got 3.0.1
  has 0 dependencies
  has 0 peers
Evaluating 'supports-preserve-symlinks-flag' ...
  got 1.0.0
  has 0 dependencies
  has 0 peers
Evaluating 'is-plain-object' ...
  got 5.0.0
  has 0 dependencies
  has 0 peers
Evaluating 'event-target-shim' ...
  got 6.0.2
  has 0 dependencies
  has 0 peers
Evaluating 'jsesc' ...
  got 3.1.0
  has 0 dependencies
  has 0 peers
Evaluating 'proto-list' ...
  got 1.2.4
  has 0 dependencies
  has 0 peers
Evaluating 'config-chain' ...
  got 1.1.13
  has 2 dependencies
  has 0 peers
Evaluating 'abort-controller' ...
  got 3.0.0
  has 1 dependencies
  has 0 peers
Evaluating '@nodelib/fs.stat' ...
  got nodelib/fs.stat
  has 0 dependencies
  has 0 peers
Evaluating 'widest-line' ...
  got 6.0.0
  has 4 dependencies
  has 0 peers
Evaluating 'terser' ...
  got 5.46.2
  has 10 dependencies
  has 0 peers
Evaluating '@babel/helper-validator-identifier' ...
  got babel/helper-validator-identifier
  has 0 dependencies
  has 0 peers
Evaluating 'chrome-trace-event' ...
  got 1.0.4
  has 0 dependencies
  has 0 peers
Evaluating 'to-fast-properties' ...
  got 4.0.0
  has 0 dependencies
  has 0 peers
Evaluating 'convert-source-map' ...
  got 2.0.0
  has 0 dependencies
  has 0 peers
Evaluating '@webassemblyjs/floating-point-hex-parser' ...
  got webassemblyjs/floating-point-hex-parser
  has 0 dependencies
  has 0 peers
Evaluating '@webassemblyjs/ast' ...
  got webassemblyjs/ast
  has 5 dependencies
  has 0 peers
Evaluating '@webassemblyjs/helper-wasm-bytecode' ...
  got webassemblyjs/helper-wasm-bytecode
  has 0 dependencies
  has 0 peers
Evaluating '@webassemblyjs/helper-buffer' ...
  got webassemblyjs/helper-buffer
  has 0 dependencies
  has 0 peers
Evaluating '@webassemblyjs/wasm-edit' ...
  got webassemblyjs/wasm-edit
  has 16 dependencies
  has 0 peers
Evaluating '@webassemblyjs/wasm-opt' ...
  got webassemblyjs/wasm-opt
  has 13 dependencies
  has 0 peers
Evaluating '@webassemblyjs/helper-wasm-section' ...
  got webassemblyjs/helper-wasm-section
  has 12 dependencies
  has 0 peers
Evaluating '@webassemblyjs/wasm-parser' ...
  got webassemblyjs/wasm-parser
  has 10 dependencies
  has 0 peers
Evaluating '@webassemblyjs/leb128' ...
  got webassemblyjs/leb128
  has 1 dependencies
  has 0 peers
Evaluating '@webassemblyjs/wasm-gen' ...
  got webassemblyjs/wasm-gen
  has 10 dependencies
  has 0 peers
Evaluating '@webassemblyjs/helper-api-error' ...
  got webassemblyjs/helper-api-error
  has 0 dependencies
  has 0 peers
Evaluating '@webassemblyjs/ieee754' ...
  got webassemblyjs/ieee754
  has 1 dependencies
  has 0 peers
Evaluating '@webassemblyjs/utf8' ...
  got webassemblyjs/utf8
  has 0 dependencies
  has 0 peers
Evaluating 'yocto-queue' ...
  got 1.2.2
  has 0 dependencies
  has 0 peers
Evaluating '@webassemblyjs/wast-printer' ...
  got webassemblyjs/wast-printer
  has 6 dependencies
  has 0 peers
Evaluating 'from2' ...
  got 2.3.0
  has 8 dependencies
  has 0 peers
Evaluating 'flush-write-stream' ...
  got 2.0.0
  has 5 dependencies
  has 0 peers
Evaluating 'cli-boxes' ...
  got 4.0.1
  has 0 dependencies
  has 0 peers
Evaluating 'boxen' ...
  got 8.0.1
  has 20 dependencies
  has 0 peers
Evaluating 'merge2' ...
  got 1.4.1
  has 0 dependencies
  has 0 peers
Evaluating 'reusify' ...
  got 1.1.0
  has 0 dependencies
  has 0 peers
Evaluating 'fast-glob' ...
  got 3.3.3
  has 17 dependencies
  has 0 peers
Evaluating 'fastq' ...
  got 1.20.1
  has 1 dependencies
  has 0 peers
Evaluating 'ansi-align' ...
  got 3.0.1
  has 5 dependencies
  has 0 peers
Evaluating 'entities' ...
  got 8.0.0
  has 0 dependencies
  has 0 peers
Evaluating 'xdg-basedir' ...
  got 5.1.0
  has 0 dependencies
  has 0 peers
Evaluating 'run-parallel' ...
  got 1.2.0
  has 1 dependencies
  has 0 peers
Evaluating 'query-string' ...
  got 9.3.1
  has 3 dependencies
  has 0 peers
Evaluating 'strict-uri-encode' ...
  got 2.0.0
  has 0 dependencies
  has 0 peers
Evaluating '@babel/runtime' ...
  got babel/runtime
  has 0 dependencies
  has 0 peers
Evaluating 'import-lazy' ...
  got 4.0.0
  has 0 dependencies
  has 0 peers
Evaluating 'run-queue' ...
  got 2.0.1
  has 1 dependencies
  has 0 peers
Evaluating 'copy-concurrently' ...
  got 1.0.5
  has 27 dependencies
  has 0 peers
Evaluating 'move-concurrently' ...
  got 1.0.1
  has 28 dependencies
  has 0 peers
Evaluating '@xtuc/ieee754' ...
  got xtuc/ieee754
  has 0 dependencies
  has 0 peers
Evaluating '@xtuc/long' ...
  got xtuc/long
  has 0 dependencies
  has 0 peers
Evaluating 'postcss' ...
  got 8.5.12
  has 3 dependencies
  has 0 peers
Evaluating 'mylib' ...
  got 0.1.4
  has 0 dependencies
  has 0 peers
Evaluating 'mississippi' ...
  got 4.0.0
  has 35 dependencies
  has 0 peers
Evaluating 'stream-each' ...
  got 1.2.3
  has 4 dependencies
  has 0 peers
Evaluating 'natural-compare' ...
  got 1.4.0
  has 0 dependencies
  has 0 peers
Evaluating 'cyclist' ...
  got 1.0.2
  has 0 dependencies
  has 0 peers
Evaluating 'parallel-transform' ...
  got 1.2.0
  has 9 dependencies
  has 0 peers
Evaluating '@babel/parser' ...
  got babel/parser
  has 3 dependencies
  has 0 peers
Evaluating '@nodelib/fs.walk' ...
  got nodelib/fs.walk
  has 6 dependencies
  has 0 peers
Evaluating '@nodelib/fs.scandir' ...
  got nodelib/fs.scandir
  has 3 dependencies
  has 0 peers
Evaluating 'on-headers' ...
  got 1.1.0
  has 0 dependencies
  has 0 peers
Evaluating 'monorepo-symlink-test' ...
  got 0.0.1-security
  has 0 dependencies
  has 0 peers
Evaluating 'terser-webpack-plugin' ...
  got 5.5.0
  has 0 dependencies
  has 1 peers
Evaluating 'dir-glob' ...
  got 3.0.1
  has 1 dependencies
  has 0 peers
Evaluating 'global-dirs' ...
  got 4.0.0
  has 1 dependencies
  has 0 peers
Evaluating 'configstore' ...
  got 8.0.0
  has 10 dependencies
  has 0 peers
Evaluating 'word-wrap' ...
  got 1.2.5
  has 0 dependencies
  has 0 peers
Evaluating 'lodash.union' ...
  got 4.6.0
  has 0 dependencies
  has 0 peers
Evaluating 'stringify-package' ...
  got 1.0.1
  has 0 dependencies
  has 0 peers
Evaluating '@babel/types' ...
  got babel/types
  has 2 dependencies
  has 0 peers
Evaluating 'worker-farm' ...
  got 1.7.0
  has 2 dependencies
  has 0 peers
Evaluating 'requires-port' ...
  got 1.0.0
  has 0 dependencies
  has 0 peers
Evaluating 'deepmerge' ...
  got 4.3.1
  has 0 dependencies
  has 0 peers
Evaluating 'is-installed-globally' ...
  got 1.0.0
  has 3 dependencies
  has 0 peers
Evaluating 'semver-diff' ...
  got 5.0.0
  has 1 dependencies
  has 0 peers
Evaluating 'queue-microtask' ...
  got 1.2.3
  has 0 dependencies
  has 0 peers
Evaluating 'latest-version' ...
  got 9.0.0
  has 16 dependencies
  has 0 peers
Evaluating 'is-npm' ...
  got 6.1.0
  has 0 dependencies
  has 0 peers
Evaluating 'figgy-pudding' ...
  got 3.5.2
  has 0 dependencies
  has 0 peers
Evaluating 'update-notifier' ...
  got 7.3.1
  has 55 dependencies
  has 0 peers
Evaluating 'is-retry-allowed' ...
  got 3.0.0
  has 0 dependencies
  has 0 peers
Evaluating 'domelementtype' ...
  got 3.0.0
  has 0 dependencies
  has 0 peers
Evaluating 'domutils' ...
  got 4.0.2
  has 4 dependencies
  has 0 peers
Evaluating 'dom-serializer' ...
  got 3.0.0
  has 3 dependencies
  has 0 peers
Evaluating '@babel/generator' ...
  got babel/generator
  has 9 dependencies
  has 0 peers
Evaluating '@babel/template' ...
  got babel/template
  has 7 dependencies
  has 0 peers
Evaluating '@babel/helper-function-name' ...
  got babel/helper-function-name
  has 8 dependencies
  has 0 peers
Evaluating '@babel/traverse' ...
  got babel/traverse
  has 17 dependencies
  has 0 peers
Evaluating 'slide' ...
  got 1.1.6
  has 0 dependencies
  has 0 peers
Evaluating '@babel/helper-split-export-declaration' ...
  got babel/helper-split-export-declaration
  has 3 dependencies
  has 0 peers
Evaluating 'timed-out' ...
  got 7.0.0
  has 0 dependencies
  has 0 peers
Evaluating 'uid-number' ...
  got 0.0.6
  has 0 dependencies
  has 0 peers
Evaluating 'lodash._getnative' ...
  got 3.9.1
  has 0 dependencies
  has 0 peers
Evaluating 'es6-promisify' ...
  got 7.0.0
  has 0 dependencies
  has 0 peers
Evaluating 'domhandler' ...
  got 6.0.1
  has 1 dependencies
  has 0 peers
Evaluating 'he' ...
  got 1.2.0
  has 0 dependencies
  has 0 peers
Evaluating 'term-size' ...
  got 4.0.0
  has 0 dependencies
  has 0 peers
Evaluating 'nanoid' ...
  got 5.1.9
  has 0 dependencies
  has 0 peers
Evaluating 'editor' ...
  got 1.0.0
  has 0 dependencies
  has 0 peers
Evaluating 'util-extend' ...
  got 1.0.3
  has 0 dependencies
  has 0 peers
Evaluating 'read-installed' ...
  got 4.0.3
  has 36 dependencies
  has 0 peers
Evaluating 'umask' ...
  got 1.1.0
  has 0 dependencies
  has 0 peers
Evaluating 'sorted-object' ...
  got 2.0.1
  has 0 dependencies
  has 0 peers
Evaluating 'lodash._bindcallback' ...
  got 3.0.1
  has 0 dependencies
  has 0 peers
Evaluating 'lodash.restparam' ...
  got 3.6.1
  has 0 dependencies
  has 0 peers
Evaluating '@babel/helper-module-imports' ...
  got babel/helper-module-imports
  has 18 dependencies
  has 0 peers
Evaluating 'lodash.without' ...
  got 4.4.0
  has 0 dependencies
  has 0 peers
Evaluating 'npm-cache-filename' ...
  got 1.0.2
  has 0 dependencies
  has 0 peers
Evaluating 'fs-vacuum' ...
  got 1.2.10
  has 14 dependencies
  has 0 peers
Evaluating 'colorette' ...
  got 2.0.20
  has 0 dependencies
  has 0 peers
Evaluating 'sha' ...
  got 3.0.0
  has 1 dependencies
  has 0 peers
Evaluating 'loose-envify' ...
  got 1.4.0
  has 1 dependencies
  has 0 peers
Evaluating '@types/estree' ...
  got types/estree
  has 0 dependencies
  has 0 peers
Evaluating 'lodash._root' ...
  got 3.0.1
  has 0 dependencies
  has 0 peers
Evaluating 'read-package-tree' ...
  got 5.3.1
  has 124 dependencies
  has 0 peers
Evaluating '@babel/core' ...
  got babel/core
  has 38 dependencies
  has 0 peers
Evaluating '@babel/helpers' ...
  got babel/helpers
  has 8 dependencies
  has 0 peers
Evaluating 'commondir' ...
  got 1.0.1
  has 0 dependencies
  has 0 peers
Evaluating 'glob-to-regexp' ...
  got 0.4.1
  has 0 dependencies
  has 0 peers
Evaluating 'postcss-value-parser' ...
  got 4.2.0
  has 0 dependencies
  has 0 peers
Evaluating 'lodash._baseuniq' ...
  got 4.6.0
  has 2 dependencies
  has 0 peers
Evaluating 'normalize-url' ...
  got 9.0.0
  has 0 dependencies
  has 0 peers
Evaluating 'htmlparser2' ...
  got 12.0.0
  has 5 dependencies
  has 0 peers
Evaluating 'lodash._cacheindexof' ...
  got 3.0.2
  has 0 dependencies
  has 0 peers
Evaluating 'lodash._baseindexof' ...
  got 3.1.0
  has 0 dependencies
  has 0 peers
Evaluating 'lodash._createcache' ...
  got 3.1.2
  has 1 dependencies
  has 0 peers
Evaluating 'import-fresh' ...
  got 4.0.0
  has 0 dependencies
  has 0 peers
Evaluating 'is-redirect' ...
  got 2.0.0
  has 0 dependencies
  has 0 peers
Evaluating 'capture-stack-trace' ...
  got 2.1.0
  has 0 dependencies
  has 0 peers
Evaluating 'lodash._createset' ...
  got 4.0.3
  has 0 dependencies
  has 0 peers
Evaluating '@babel/helper-module-transforms' ...
  got babel/core
  has 19 dependencies
  has 1 peers
Evaluating '@babel/helper-simple-access' ...
  got babel/helper-simple-access
  has 18 dependencies
  has 0 peers
Evaluating 'unzip-response' ...
  got 3.0.0
  has 0 dependencies
  has 0 peers
Evaluating 'create-error-class' ...
  got 3.0.2
  has 1 dependencies
  has 0 peers
Evaluating 'object.assign' ...
  got 4.1.7
  has 19 dependencies
  has 0 peers
Evaluating '@babel/helper-hoist-variables' ...
  got babel/helper-hoist-variables
  has 3 dependencies
  has 0 peers
Evaluating 'interpret' ...
  got 3.1.1
  has 0 dependencies
  has 0 peers
Evaluating 'regexp.prototype.flags' ...
  got 1.5.4
  has 20 dependencies
  has 0 peers
Evaluating 'byte-size' ...
  got 9.0.1
  has 0 dependencies
  has 1 peers
Evaluating 'lines-and-columns' ...
  got 2.0.4
  has 0 dependencies
  has 0 peers
Evaluating 'boolbase' ...
  got 2.0.0
  has 0 dependencies
  has 0 peers
Evaluating 'nth-check' ...
  got 3.0.1
  has 1 dependencies
  has 0 peers
Evaluating 'kleur' ...
  got 4.1.5
  has 0 dependencies
  has 0 peers
Evaluating 'find-cache-dir' ...
  got 6.0.0
  has 8 dependencies
  has 0 peers
Evaluating 'gensync' ...
  got 1.0.0-beta.2
  has 0 dependencies
  has 0 peers
Evaluating '@babel/helper-plugin-utils' ...
  got babel/helper-plugin-utils
  has 0 dependencies
  has 0 peers
Evaluating 'css-what' ...
  got 8.0.0
  has 0 dependencies
  has 0 peers
Evaluating 'parent-module' ...
  got 3.2.0
  has 1 dependencies
  has 0 peers
Evaluating 'css-select' ...
  got 7.0.0
  has 8 dependencies
  has 0 peers
Evaluating '@babel/helper-compilation-targets' ...
  got babel/helper-compilation-targets
  has 13 dependencies
  has 0 peers
Evaluating '@babel/compat-data' ...
  got babel/compat-data
  has 0 dependencies
  has 0 peers
Evaluating 'byline' ...
  got 5.0.0
  has 0 dependencies
  has 0 peers
Evaluating '@types/eslint' ...
  got types/eslint
  has 2 dependencies
  has 0 peers
Evaluating 'stream-iterate' ...
  got 1.2.0
  has 9 dependencies
  has 0 peers
Evaluating 'sorted-union-stream' ...
  got 3.2.3
  has 6 dependencies
  has 0 peers
Evaluating 'component-emitter' ...
  got 2.0.0
  has 0 dependencies
  has 0 peers
Evaluating 'mkdirp-infer-owner' ...
  got 2.0.0
  has 3 dependencies
  has 0 peers
Evaluating '@npmcli/ci-detect' ...
  got npmcli/ci-detect
  has 0 dependencies
  has 0 peers
Evaluating 'tmp' ...
  ! package not resolved
Evaluating 'lodash.debounce' ...
  got 4.0.8
  has 0 dependencies
  has 0 peers
Evaluating 'acorn-jsx' ...
  got ^6.0.0 || ^7.0.0 || ^8.0.0
  has 0 dependencies
  has 1 peers
Evaluating 'genfun' ...
  got 5.0.0
  has 0 dependencies
  has 0 peers
Evaluating 'node-fetch-npm' ...
  got 2.0.4
  has 5 dependencies
  has 0 peers
Evaluating 'protoduck' ...
  got 5.0.1
  has 1 dependencies
  has 0 peers
Evaluating 'espree' ...
  got 11.2.0
  has 3 dependencies
  has 0 peers
Evaluating 'is-buffer' ...
  got 2.0.5
  has 0 dependencies
  has 0 peers
Evaluating 'big.js' ...
  got 7.0.1
  has 0 dependencies
  has 0 peers
Evaluating 'sax' ...
  got 1.6.0
  has 0 dependencies
  has 0 peers
Evaluating 'npm-lifecycle' ...
  got 3.1.5
  has 107 dependencies
  has 0 peers
Evaluating 'bl' ...
  got 7.0.1
  has 0 dependencies
  has 0 peers
Evaluating 'lazy-property' ...
  got 1.0.0
  has 0 dependencies
  has 0 peers
Evaluating 'call-limit' ...
  got 1.1.1
  has 0 dependencies
  has 0 peers
Evaluating 'libnpx' ...
  got 10.2.4
  has 124 dependencies
  has 0 peers
Evaluating 'doctrine' ...
  got 3.0.0
  has 1 dependencies
  has 0 peers
Evaluating '@jridgewell/sourcemap-codec' ...
  got jridgewell/sourcemap-codec
  has 0 dependencies
  has 0 peers
Evaluating 'meant' ...
  got 2.0.1
  has 0 dependencies
  has 0 peers
Evaluating '@babel/helper-validator-option' ...
  got babel/helper-validator-option
  has 0 dependencies
  has 0 peers
Evaluating 'flatted' ...
  got 3.4.2
  has 0 dependencies
  has 0 peers
Evaluating 'core-js' ...
  got 3.49.0
  has 0 dependencies
  has 0 peers
Evaluating 'flat-cache' ...
  got 6.1.22
  has 11 dependencies
  has 0 peers
Evaluating 'loader-utils' ...
  got 3.3.1
  has 0 dependencies
  has 0 peers
Evaluating 'file-entry-cache' ...
  got 11.1.2
  has 12 dependencies
  has 0 peers
Evaluating 'qw' ...
  got 1.0.2
  has 0 dependencies
  has 0 peers
Evaluating '@jridgewell/resolve-uri' ...
  got jridgewell/resolve-uri
  has 0 dependencies
  has 0 peers
Evaluating 'emojis-list' ...
  got 3.0.0
  has 0 dependencies
  has 0 peers
Evaluating '@jridgewell/trace-mapping' ...
  got jridgewell/trace-mapping
  has 2 dependencies
  has 0 peers
Evaluating 'json-stable-stringify-without-jsonify' ...
  got 1.0.1
  has 0 dependencies
  has 0 peers
Evaluating 'find-npm-prefix' ...
  got 1.0.2
  has 0 dependencies
  has 0 peers
Evaluating 'gentle-fs' ...
  got 2.3.1
  has 24 dependencies
  has 0 peers
Evaluating 'eslint-visitor-keys' ...
  got 5.0.1
  has 0 dependencies
  has 0 peers
Evaluating '@babel/plugin-syntax-object-rest-spread' ...
  got babel/core
  has 1 dependencies
  has 1 peers
Evaluating 'eslint' ...
  got 10.2.1
  has 68 dependencies
  has 1 peers
Evaluating 'typedarray-to-buffer' ...
  got 4.0.0
  has 0 dependencies
  has 0 peers
Evaluating 'leven' ...
  got 4.1.0
  has 0 dependencies
  has 0 peers
Evaluating 'require-from-string' ...
  got 2.0.2
  has 0 dependencies
  has 0 peers
Evaluating 'axios' ...
  got 1.15.2
  has 22 dependencies
  has 0 peers
Evaluating 'esquery' ...
  got 1.7.0
  has 1 dependencies
  has 0 peers
Evaluating 'escodegen' ...
  got 2.1.0
  has 4 dependencies
  has 0 peers
Evaluating 'npm-logical-tree' ...
  got 1.2.1
  has 0 dependencies
  has 0 peers
Evaluating 'lodash.merge' ...
  got 4.6.2
  has 0 dependencies
  has 0 peers
Evaluating 'lock-verify' ...
  got 2.2.2
  has 21 dependencies
  has 0 peers
Evaluating 'libcipm' ...
  got 4.0.8
  has 213 dependencies
  has 0 peers
Evaluating 'parse5' ...
  got 8.0.1
  has 1 dependencies
  has 0 peers
Evaluating '@babel/plugin-syntax-async-generators' ...
  got babel/core
  has 1 dependencies
  has 1 peers
Evaluating 'split-on-first' ...
  got 4.0.0
  has 0 dependencies
  has 0 peers
Evaluating 'yaml' ...
  got 2.8.3
  has 0 dependencies
  has 0 peers
Evaluating '@babel/plugin-syntax-optional-catch-binding' ...
  got babel/core
  has 1 dependencies
  has 1 peers
Evaluating 'compressible' ...
  got 2.0.18
  has 1 dependencies
  has 0 peers
Evaluating '@babel/plugin-syntax-json-strings' ...
  got babel/core
  has 1 dependencies
  has 1 peers
Evaluating 'querystringify' ...
  got 2.2.0
  has 0 dependencies
  has 0 peers
Evaluating 'url-parse' ...
  got 1.5.10
  has 2 dependencies
  has 0 peers
Evaluating 'restore-cursor' ...
  got 5.1.0
  has 3 dependencies
  has 0 peers
Evaluating 'cli-cursor' ...
  got 5.0.0
  has 4 dependencies
  has 0 peers
Evaluating 'prop-types' ...
  got 15.8.1
  has 4 dependencies
  has 0 peers
Evaluating 'es-module-lexer' ...
  got 2.1.0
  has 0 dependencies
  has 0 peers
Evaluating 'react' ...
  got 19.2.5
  has 0 dependencies
  has 0 peers
Evaluating 'cors' ...
  got 2.8.6
  has 2 dependencies
  has 0 peers
Evaluating 'clean-css' ...
  got 5.3.3
  has 1 dependencies
  has 0 peers
Evaluating '@babel/plugin-syntax-optional-chaining' ...
  got babel/core
  has 1 dependencies
  has 1 peers
Evaluating '@webassemblyjs/helper-numbers' ...
  got webassemblyjs/helper-numbers
  has 3 dependencies
  has 0 peers
Evaluating '@babel/plugin-syntax-nullish-coalescing-operator' ...
  got babel/core
  has 1 dependencies
  has 1 peers
Evaluating 'is-wsl' ...
  got 3.1.1
  has 2 dependencies
  has 0 peers
Evaluating '@types/eslint-scope' ...
  got types/eslint-scope
  has 5 dependencies
  has 0 peers
Evaluating '@babel/plugin-syntax-top-level-await' ...
  got babel/core
  has 1 dependencies
  has 1 peers
Evaluating 'type-detect' ...
  got 4.1.0
  has 0 dependencies
  has 0 peers
Evaluating '@babel/plugin-syntax-numeric-separator' ...
  got babel/core
  has 1 dependencies
  has 1 peers
Evaluating 'postcss-modules-scope' ...
  got ^8.1.0
  has 3 dependencies
  has 1 peers
Evaluating 'postcss-modules-local-by-default' ...
  got ^8.1.0
  has 5 dependencies
  has 1 peers
Evaluating 'postcss-modules-extract-imports' ...
  got ^8.1.0
  has 0 dependencies
  has 1 peers
Evaluating '@babel/plugin-syntax-class-properties' ...
  got babel/core
  has 1 dependencies
  has 1 peers
Evaluating 'postcss-modules-values' ...
  got ^8.1.0
  has 1 dependencies
  has 1 peers
Evaluating 'react-dom' ...
  got ^19.2.5
  has 1 dependencies
  has 1 peers
Evaluating 'libnpmconfig' ...
  got 1.2.1
  has 8 dependencies
  has 0 peers
Evaluating 'lower-case' ...
  got 3.0.0
  has 0 dependencies
  has 0 peers
Evaluating 'istanbul-lib-coverage' ...
  got 3.2.2
  has 0 dependencies
  has 0 peers
Evaluating 'compression' ...
  got 1.8.1
  has 9 dependencies
  has 0 peers
Evaluating 'no-case' ...
  got 4.0.0
  has 0 dependencies
  has 0 peers
Evaluating 'libnpm' ...
  got 3.0.1
  has 231 dependencies
  has 0 peers
Evaluating 'lodash.memoize' ...
  got 4.1.2
  has 0 dependencies
  has 0 peers
Evaluating '@babel/plugin-syntax-logical-assignment-operators' ...
  got babel/core
  has 1 dependencies
  has 1 peers
Evaluating 'istanbul-lib-instrument' ...
  got 6.0.3
  has 43 dependencies
  has 0 peers
Evaluating 'is-arguments' ...
  got 1.2.0
  has 14 dependencies
  has 0 peers
Evaluating 'eventemitter3' ...
  got 5.0.4
  has 0 dependencies
  has 0 peers
Evaluating 'mimic-response' ...
  got 4.0.0
  has 0 dependencies
  has 0 peers
Evaluating 'icss-utils' ...
  got 5.1.0
  has 0 dependencies
  has 1 peers
Evaluating 'css-loader' ...
  got 7.1.4
  has 14 dependencies
  has 2 peers
Evaluating 'decompress-response' ...
  got 10.0.0
  has 1 dependencies
  has 0 peers
Evaluating 'istanbul-lib-report' ...
  got 3.0.1
  has 5 dependencies
  has 0 peers
Evaluating 'istanbul-reports' ...
  got 3.2.0
  has 7 dependencies
  has 0 peers
Evaluating 'camel-case' ...
  got 5.0.0
  has 1 dependencies
  has 0 peers
Evaluating 'figures' ...
  got 6.1.0
  has 1 dependencies
  has 0 peers
Evaluating 'rechoir' ...
  got 0.8.0
  has 7 dependencies
  has 0 peers
Evaluating 'util-promisify' ...
  got 3.0.0
  has 92 dependencies
  has 0 peers
Evaluating 'param-case' ...
  got 4.0.0
  has 1 dependencies
  has 0 peers
Evaluating 'string.prototype.trimstart' ...
  got 1.0.8
  has 18 dependencies
  has 0 peers
Evaluating 'string.prototype.trimend' ...
  got 1.0.9
  has 19 dependencies
  has 0 peers
Evaluating 'source-map-js' ...
  got 1.2.1
  has 0 dependencies
  has 0 peers
Evaluating 'istanbul-lib-source-maps' ...
  got 5.0.6
  has 6 dependencies
  has 0 peers
Evaluating 'test-exclude' ...
  got 8.0.0
  has 8 dependencies
  has 0 peers
Evaluating 'is-string' ...
  got 1.1.1
  has 14 dependencies
  has 0 peers
Evaluating 'abab' ...
  got 2.0.6
  has 0 dependencies
  has 0 peers
Evaluating 'rxjs' ...
  got 7.8.2
  has 1 dependencies
  has 0 peers
Evaluating 'source-list-map' ...
  got 2.0.1
  has 0 dependencies
  has 0 peers
Evaluating 'prettier' ...
  got 3.8.3
  has 0 dependencies
  has 0 peers
Evaluating 'whatwg-mimetype' ...
  got 5.0.0
  has 0 dependencies
  has 0 peers
Evaluating 'repeat-string' ...
  got 1.6.1
  has 0 dependencies
  has 0 peers
Evaluating 'relateurl' ...
  got 0.2.7
  has 0 dependencies
  has 0 peers
Evaluating 'scheduler' ...
  got 0.27.0
  has 0 dependencies
  has 0 peers
Evaluating '@jridgewell/gen-mapping' ...
  got jridgewell/gen-mapping
  has 3 dependencies
  has 0 peers
Evaluating '@jridgewell/set-array' ...
  got jridgewell/set-array
  has 0 dependencies
  has 0 peers
Evaluating 'has-tostringtag' ...
  got 1.0.2
  has 1 dependencies
  has 0 peers
Evaluating 'tuf-js' ...
  got 5.0.1
  has 8 dependencies
  has 0 peers
Evaluating 'sigstore' ...
  got 4.1.0
  has 49 dependencies
  has 0 peers
Evaluating 'moment' ...
  got 2.30.1
  has 0 dependencies
  has 0 peers
Evaluating 'minimalistic-assert' ...
  got 1.0.1
  has 0 dependencies
  has 0 peers
Evaluating 'pirates' ...
  got 4.0.7
  has 0 dependencies
  has 0 peers
Evaluating 'exit' ...
  got 0.1.2
  has 0 dependencies
  has 0 peers
Evaluating '@babel/helper-environment-visitor' ...
  got babel/helper-environment-visitor
  has 3 dependencies
  has 0 peers
Evaluating 'is-negative-zero' ...
  got 2.0.3
  has 0 dependencies
  has 0 peers
Evaluating 'deep-equal' ...
  got 2.2.3
  has 58 dependencies
  has 0 peers
Evaluating 'builtin-modules' ...
  got 5.1.0
  has 0 dependencies
  has 0 peers
Evaluating 'html-escaper' ...
  got 3.0.3
  has 0 dependencies
  has 0 peers
Evaluating 'data-urls' ...
  got 7.0.0
  has 6 dependencies
  has 0 peers
Evaluating 'is-boolean-object' ...
  got 1.2.2
  has 14 dependencies
  has 0 peers
Evaluating 'is-number-object' ...
  got 1.1.1
  has 14 dependencies
  has 0 peers
Evaluating 'pretty-format' ...
  got 30.3.0
  has 4 dependencies
  has 0 peers
Evaluating 'cli-width' ...
  got 4.1.0
  has 0 dependencies
  has 0 peers
Evaluating 'run-async' ...
  got 4.0.6
  has 0 dependencies
  has 0 peers
Evaluating 'inquirer' ...
  got 13.4.2
  has 28 dependencies
  has 1 peers
Evaluating 'v8-compile-cache' ...
  got 2.4.0
  has 0 dependencies
  has 0 peers
Evaluating 'querystring' ...
  got 0.2.1
  has 0 dependencies
  has 0 peers
Evaluating 'cosmiconfig' ...
  got 9.0.1
  has 16 dependencies
  has 1 peers
Evaluating 'stack-utils' ...
  got 2.0.6
  has 1 dependencies
  has 0 peers
Evaluating 'url' ...
  got 0.11.4
  has 20 dependencies
  has 0 peers
Evaluating 'uglify-js' ...
  got 3.19.3
  has 0 dependencies
  has 0 peers
Evaluating 'which-boxed-primitive' ...
  got 1.1.1
  has 22 dependencies
  has 0 peers
Evaluating 'is-bigint' ...
  got 1.1.0
  has 1 dependencies
  has 0 peers
Evaluating 'node-int64' ...
  got 0.4.0
  has 0 dependencies
  has 0 peers
Evaluating 'update-browserslist-db' ...
  got >= 4.21.0
  has 2 dependencies
  has 1 peers
Evaluating 'style-loader' ...
  got 4.0.0
  has 0 dependencies
  has 1 peers
Evaluating 'has-bigints' ...
  got 1.1.0
  has 0 dependencies
  has 0 peers
Evaluating 'babel-plugin-istanbul' ...
  got 8.0.0
  has 104 dependencies
  has 0 peers
Evaluating 'nice-try' ...
  got 4.0.2
  has 0 dependencies
  has 0 peers
Evaluating 'jest-util' ...
  got 30.3.0
  has 21 dependencies
  has 0 peers
Evaluating '@types/istanbul-lib-coverage' ...
  got types/istanbul-lib-coverage
  has 0 dependencies
  has 0 peers
Evaluating '@types/yargs' ...
  got types/yargs
  has 1 dependencies
  has 0 peers
Evaluating 'dom-converter' ...
  got 0.2.0
  has 1 dependencies
  has 0 peers
Evaluating 'renderkid' ...
  got 3.0.0
  has 15 dependencies
  has 0 peers
Evaluating 'utila' ...
  got 0.5.0-dev.1
  has 0 dependencies
  has 0 peers
Evaluating 'pretty-error' ...
  got 4.0.0
  has 16 dependencies
  has 0 peers
Evaluating 'wordwrap' ...
  got 1.0.0
  has 0 dependencies
  has 0 peers
Evaluating 'string-length' ...
  got 7.0.1
  has 0 dependencies
  has 0 peers
Evaluating 'unbox-primitive' ...
  got 1.1.0
  has 23 dependencies
  has 0 peers
Evaluating 'fb-watchman' ...
  got 2.0.2
  has 2 dependencies
  has 0 peers
Evaluating '@types/yargs-parser' ...
  got types/yargs-parser
  has 0 dependencies
  has 0 peers
Evaluating 'bser' ...
  got 2.1.1
  has 1 dependencies
  has 0 peers
Evaluating 'get-package-type' ...
  got 0.1.0
  has 0 dependencies
  has 0 peers
Evaluating '@istanbuljs/schema' ...
  got istanbuljs/schema
  has 0 dependencies
  has 0 peers
Evaluating 'jest-diff' ...
  got 30.3.0
  has 13 dependencies
  has 0 peers
Evaluating 'sisteransi' ...
  got 1.0.5
  has 0 dependencies
  has 0 peers
Evaluating 'jest-get-type' ...
  got 29.6.3
  has 0 dependencies
  has 0 peers
Evaluating 'file-loader' ...
  got 6.2.0
  has 0 dependencies
  has 1 peers
Evaluating '@types/istanbul-reports' ...
  got types/istanbul-reports
  has 2 dependencies
  has 0 peers
Evaluating '@types/istanbul-lib-report' ...
  got types/istanbul-lib-report
  has 1 dependencies
  has 0 peers
Evaluating '@eslint/eslintrc' ...
  got eslint/eslintrc
  has 25 dependencies
  has 0 peers
Evaluating 'prompts' ...
  got 2.4.2
  has 2 dependencies
  has 0 peers
Evaluating 'jest-matcher-utils' ...
  got 30.3.0
  has 14 dependencies
  has 0 peers
Evaluating 'makeerror' ...
  got 1.0.12
  has 1 dependencies
  has 0 peers
Evaluating 'tmpl' ...
  got 1.0.5
  has 0 dependencies
  has 0 peers
Evaluating 'walker' ...
  got 1.0.8
  has 2 dependencies
  has 0 peers
Evaluating 'external-editor' ...
  got 3.1.0
  has 5 dependencies
  has 0 peers
Evaluating '@jest/types' ...
  got jest/types
  has 17 dependencies
  has 0 peers
Evaluating 'internal-slot' ...
  got 1.1.0
  has 18 dependencies
  has 0 peers
Evaluating 'jest-message-util' ...
  got 30.3.0
  has 31 dependencies
  has 0 peers
Evaluating 'jest-regex-util' ...
  got 30.0.1
  has 0 dependencies
  has 0 peers
Evaluating 'chardet' ...
  got 2.1.1
  has 0 dependencies
  has 0 peers
Evaluating 'html-webpack-plugin' ...
  got 5.6.7
  has 42 dependencies
  has 2 peers
Evaluating 'color-string' ...
  got 2.1.4
  has 1 dependencies
  has 0 peers
Evaluating 'ansi-colors' ...
  got 4.1.3
  has 0 dependencies
  has 0 peers
Evaluating 'babel-plugin-jest-hoist' ...
  got 30.3.0
  has 8 dependencies
  has 0 peers
Evaluating 'babel-preset-jest' ...
  got babel/core
  has 26 dependencies
  has 1 peers
Evaluating 'expect' ...
  got 30.3.0
  has 40 dependencies
  has 0 peers
Evaluating 'duplexer' ...
  got 0.1.2
  has 0 dependencies
  has 0 peers
Evaluating 'jest-haste-map' ...
  got 30.3.0
  has 35 dependencies
  has 0 peers
Evaluating 'jest-mock' ...
  got 30.3.0
  has 22 dependencies
  has 0 peers
Evaluating '@types/babel__traverse' ...
  got types/babel__traverse
  has 3 dependencies
  has 0 peers
Evaluating '@types/stack-utils' ...
  got types/stack-utils
  has 0 dependencies
  has 0 peers
Evaluating 'jest-validate' ...
  got 30.3.0
  has 24 dependencies
  has 0 peers
Evaluating 'is-windows' ...
  got 1.0.2
  has 0 dependencies
  has 0 peers
Evaluating 'babel-jest' ...
  got 30.3.0
  has 136 dependencies
  has 1 peers
Evaluating '@types/babel__core' ...
  got types/babel__core
  has 7 dependencies
  has 0 peers
Evaluating '@types/babel__template' ...
  got types/babel__template
  has 4 dependencies
  has 0 peers
Evaluating '@types/babel__generator' ...
  got types/babel__generator
  has 3 dependencies
  has 0 peers
Evaluating 'jest-snapshot' ...
  got 30.3.0
  has 151 dependencies
  has 0 peers
Evaluating 'is-extendable' ...
  got 1.0.1
  has 2 dependencies
  has 0 peers
Evaluating 'jest-environment-node' ...
  got 30.3.0
  has 44 dependencies
  has 0 peers
Evaluating 'atob' ...
  got 2.1.2
  has 0 dependencies
  has 0 peers
Evaluating 'jest-docblock' ...
  got 30.2.0
  has 1 dependencies
  has 0 peers
Evaluating 'jest-resolve' ...
  ! package not resolved
Evaluating 'diff-sequences' ...
  got 29.6.3
  has 0 dependencies
  has 0 peers
Evaluating 'jest-runtime' ...
  ! package not resolved
Evaluating 'jest-config' ...
  ! package not resolved
Evaluating 'jest-changed-files' ...
  got 30.3.0
  has 40 dependencies
  has 0 peers
Evaluating '@sinonjs/commons' ...
  got sinonjs/commons
  has 1 dependencies
  has 0 peers
Evaluating '@istanbuljs/load-nyc-config' ...
  got istanbuljs/load-nyc-config
  has 13 dependencies
  has 0 peers
Evaluating 'jest-resolve-dependencies' ...
  got 30.3.0
  has 152 dependencies
  has 0 peers
Evaluating 'color' ...
  got 5.0.3
  has 3 dependencies
  has 0 peers
Evaluating 'p-cancelable' ...
  got 4.0.1
  has 0 dependencies
  has 0 peers
Evaluating 'regjsparser' ...
  got 0.13.1
  has 1 dependencies
  has 0 peers
Evaluating 'jest' ...
  ! package not resolved
Evaluating 'object-is' ...
  got 1.1.6
  has 18 dependencies
  has 0 peers
Evaluating 'acorn-globals' ...
  got 7.0.1
  has 2 dependencies
  has 0 peers
Evaluating 'is-generator-fn' ...
  got 3.0.0
  has 0 dependencies
  has 0 peers
Evaluating 'jest-runner' ...
  ! package not resolved
Evaluating 'jest-leak-detector' ...
  got 30.3.0
  has 6 dependencies
  has 0 peers
Evaluating 'source-map-resolve' ...
  got 0.6.0
  has 2 dependencies
  has 0 peers
Evaluating 'http-proxy' ...
  got 1.18.1
  has 3 dependencies
  has 0 peers
Evaluating 'jest-each' ...
  got 30.3.0
  has 26 dependencies
  has 0 peers
Evaluating 'jest-watcher' ...
  got 30.3.0
  has 44 dependencies
  has 0 peers
Evaluating '@types/qs' ...
  got types/qs
  has 0 dependencies
  has 0 peers
Evaluating 'regenerate' ...
  got 1.4.2
  has 0 dependencies
  has 0 peers
Evaluating '@types/connect' ...
  got types/connect
  has 2 dependencies
  has 0 peers
Evaluating '@types/express-serve-static-core' ...
  got types/express-serve-static-core
  has 5 dependencies
  has 0 peers
Evaluating '@types/mime' ...
  got types/mime
  has 1 dependencies
  has 0 peers
Evaluating '@types/range-parser' ...
  got types/range-parser
  has 0 dependencies
  has 0 peers
Evaluating '@types/serve-static' ...
  got types/serve-static
  has 3 dependencies
  has 0 peers
Evaluating 'whatwg-fetch' ...
  got 3.6.20
  has 0 dependencies
  has 0 peers
Evaluating '@ampproject/remapping' ...
  got ampproject/remapping
  has 4 dependencies
  has 0 peers
Evaluating '@types/body-parser' ...
  got types/body-parser
  has 3 dependencies
  has 0 peers
Evaluating '@types/express' ...
  got types/express
  has 10 dependencies
  has 0 peers
Evaluating 'regexpu-core' ...
  got 6.4.0
  has 9 dependencies
  has 0 peers
Evaluating 'lodash.isplainobject' ...
  got 4.0.6
  has 0 dependencies
  has 0 peers
Evaluating '@jest/transform' ...
  got jest/transform
  has 113 dependencies
  has 0 peers
Evaluating 'regexpp' ...
  got 3.2.0
  has 0 dependencies
  has 0 peers
Evaluating 'jest-pnp-resolver' ...
  got 1.2.3
  has 0 dependencies
  has 1 peers
Evaluating '@babel/plugin-syntax-import-meta' ...
  got babel/core
  has 1 dependencies
  has 1 peers
Evaluating '@jest/fake-timers' ...
  got jest/fake-timers
  has 38 dependencies
  has 0 peers
Evaluating 'jest-cli' ...
  ! package not resolved
Evaluating '@jest/environment' ...
  got jest/environment
  has 39 dependencies
  has 0 peers
Evaluating 'csstype' ...
  got 3.2.3
  has 0 dependencies
  has 0 peers
Evaluating '@jest/console' ...
  got jest/console
  has 34 dependencies
  has 0 peers
Evaluating '@jest/test-result' ...
  got jest/test-result
  has 36 dependencies
  has 0 peers
Evaluating '@jest/source-map' ...
  got jest/source-map
  has 5 dependencies
  has 0 peers
Evaluating '@types/graceful-fs' ...
  got types/graceful-fs
  has 2 dependencies
  has 0 peers
Evaluating '@jest/reporters' ...
  got jest/reporters
  has 173 dependencies
  has 1 peers
Evaluating '@jest/test-sequencer' ...
  got jest/test-sequencer
  has 51 dependencies
  has 0 peers
Evaluating '@jest/core' ...
  ! package not resolved
Evaluating 'ret' ...
  got 0.5.0
  has 0 dependencies
  has 0 peers
Evaluating 'xml-name-validator' ...
  got 5.0.0
  has 0 dependencies
  has 0 peers
Evaluating 'shallow-clone' ...
  got 3.0.1
  has 1 dependencies
  has 0 peers
Evaluating 'clone-deep' ...
  got 4.0.1
  has 4 dependencies
  has 0 peers
Evaluating 'simple-swizzle' ...
  got 0.2.4
  has 1 dependencies
  has 0 peers
Evaluating 'eslint-utils' ...
  got >=5
  has 1 dependencies
  has 1 peers
Evaluating 'for-in' ...
  got 1.0.2
  has 0 dependencies
  has 0 peers
Evaluating '@babel/plugin-syntax-typescript' ...
  got babel/core
  has 1 dependencies
  has 1 peers
Evaluating '@sinonjs/fake-timers' ...
  got sinonjs/fake-timers
  has 2 dependencies
  has 0 peers
Evaluating 'source-map-url' ...
  got 0.4.1
  has 0 dependencies
  has 0 peers
Evaluating 'webpack-merge' ...
  got 6.0.1
  has 7 dependencies
  has 0 peers
Evaluating 'is-docker' ...
  got 4.0.0
  has 0 dependencies
  has 0 peers
Evaluating '@babel/helper-string-parser' ...
  got babel/helper-string-parser
  has 0 dependencies
  has 0 peers
Evaluating 'tsutils' ...
  got 3.21.0
  has 0 dependencies
  has 1 peers
Evaluating '@babel/plugin-syntax-jsx' ...
  got babel/core
  has 1 dependencies
  has 1 peers
Evaluating 'cssom' ...
  got 0.5.0
  has 0 dependencies
  has 0 peers
Evaluating 'ejs' ...
  got 5.0.2
  has 0 dependencies
  has 0 peers
Evaluating 'whatwg-encoding' ...
  got 3.1.1
  has 2 dependencies
  has 0 peers
Evaluating 'cssstyle' ...
  got 6.2.0
  has 12 dependencies
  has 0 peers
Evaluating 'html-encoding-sniffer' ...
  got 6.0.0
  has 1 dependencies
  has 0 peers
Evaluating 'arr-flatten' ...
  got 1.1.0
  has 0 dependencies
  has 0 peers
Evaluating 'upath' ...
  got 3.0.7
  has 0 dependencies
  has 0 peers
Evaluating 'acorn-import-assertions' ...
  got ^8
  has 0 dependencies
  has 1 peers
Evaluating 'arg' ...
  got 5.0.2
  has 0 dependencies
  has 0 peers
Evaluating 'jsdom' ...
  got 29.1.0
  has 38 dependencies
  has 1 peers
Evaluating 'extend-shallow' ...
  got 3.0.2
  has 4 dependencies
  has 0 peers
Evaluating 'symbol-tree' ...
  got 3.2.4
  has 0 dependencies
  has 0 peers
Evaluating 'arr-diff' ...
  got 4.0.0
  has 0 dependencies
  has 0 peers
Evaluating 'v8-to-istanbul' ...
  got 9.3.0
  has 5 dependencies
  has 0 peers
Evaluating '@bcoe/v8-coverage' ...
  got bcoe/v8-coverage
  has 0 dependencies
  has 0 peers
Evaluating 'pascal-case' ...
  got 4.0.0
  has 1 dependencies
  has 0 peers
Evaluating 'array-unique' ...
  got 0.3.2
  has 0 dependencies
  has 0 peers
Evaluating 'repeat-element' ...
  got 1.1.4
  has 0 dependencies
  has 0 peers
Evaluating 'extglob' ...
  got 3.0.0
  has 40 dependencies
  has 0 peers
Evaluating 'expand-brackets' ...
  got 4.0.0
  has 36 dependencies
  has 0 peers
Evaluating 'dot-case' ...
  got 4.0.0
  has 1 dependencies
  has 0 peers
Evaluating '@babel/plugin-syntax-bigint' ...
  got babel/core
  has 1 dependencies
  has 1 peers
Evaluating '@babel/helper-replace-supers' ...
  got babel/core
  has 20 dependencies
  has 1 peers
Evaluating '@babel/helper-optimise-call-expression' ...
  got babel/helper-optimise-call-expression
  has 3 dependencies
  has 0 peers
Evaluating '@babel/helper-member-expression-to-functions' ...
  got babel/helper-member-expression-to-functions
  has 18 dependencies
  has 0 peers
Evaluating 'dedent' ...
  got 1.7.2
  has 0 dependencies
  has 1 peers
Evaluating 'proxy-from-env' ...
  got 2.1.0
  has 0 dependencies
  has 0 peers
Evaluating 'mini-css-extract-plugin' ...
  got 2.10.2
  has 0 dependencies
  has 1 peers
Evaluating 'path-browserify' ...
  got 1.0.1
  has 0 dependencies
  has 0 peers
Evaluating 'babel-preset-current-node-syntax' ...
  got babel/core
  has 16 dependencies
  has 1 peers
Evaluating 'json-buffer' ...
  got 3.0.1
  has 0 dependencies
  has 0 peers
Evaluating 'domexception' ...
  got 4.0.0
  has 1 dependencies
  has 0 peers
Evaluating 'nan' ...
  got 2.26.2
  has 0 dependencies
  has 0 peers
Evaluating 'emittery' ...
  got 2.0.0
  has 0 dependencies
  has 0 peers
Evaluating 'keyv' ...
  got 5.6.0
  has 1 dependencies
  has 0 peers
Evaluating 'safe-regex' ...
  got 2.1.1
  has 1 dependencies
  has 0 peers
Evaluating 'nwsapi' ...
  got 2.2.23
  has 0 dependencies
  has 0 peers
Evaluating 'webpack-cli' ...
  got ^5.101.0
  has 37 dependencies
  has 3 peers
Evaluating 'char-regex' ...
  got 2.0.2
  has 0 dependencies
  has 0 peers
Evaluating 'cjs-module-lexer' ...
  got 2.2.0
  has 0 dependencies
  has 0 peers
Evaluating 'collect-v8-coverage' ...
  got 1.0.3
  has 0 dependencies
  has 0 peers
Evaluating 'eslint-import-resolver-node' ...
  got 0.3.10
  has 100 dependencies
  has 0 peers
Evaluating 'ecdsa-sig-formatter' ...
  got 1.0.11
  has 1 dependencies
  has 0 peers
Evaluating '@jest/globals' ...
  got jest/globals
  has 158 dependencies
  has 0 peers
Evaluating '@typescript-eslint/typescript-estree' ...
  got typescript-eslint/typescript-estree
  has 0 dependencies
  has 1 peers
Evaluating 'jws' ...
  got 4.0.1
  has 4 dependencies
  has 0 peers
Evaluating 'jwa' ...
  got 2.0.1
  has 3 dependencies
  has 0 peers
Evaluating 'buffer-equal-constant-time' ...
  got 1.0.1
  has 0 dependencies
  has 0 peers
Evaluating 'arr-union' ...
  got 3.1.0
  has 0 dependencies
  has 0 peers
Evaluating 'map-cache' ...
  got 0.2.2
  has 0 dependencies
  has 0 peers
Evaluating 'resolve-url' ...
  got 0.2.1
  has 0 dependencies
  has 0 peers
Evaluating 'object.pick' ...
  got 1.3.0
  has 1 dependencies
  has 0 peers
Evaluating 'urix' ...
  got 0.1.0
  has 0 dependencies
  has 0 peers
Evaluating 'set-value' ...
  got 4.1.0
  has 3 dependencies
  has 0 peers
Evaluating '@humanwhocodes/object-schema' ...
  got humanwhocodes/object-schema
  has 0 dependencies
  has 0 peers
Evaluating '@humanwhocodes/config-array' ...
  got humanwhocodes/config-array
  has 7 dependencies
  has 0 peers
Evaluating 'regenerator-transform' ...
  got 0.15.2
  has 1 dependencies
  has 0 peers
Evaluating 'remove-trailing-separator' ...
  got 1.1.0
  has 0 dependencies
  has 0 peers
Evaluating 'get-value' ...
  got 4.0.1
  has 0 dependencies
  has 0 peers
Evaluating 'node-forge' ...
  got 1.4.0
  has 0 dependencies
  has 0 peers
Evaluating 'gzip-size' ...
  got 7.0.0
  has 1 dependencies
  has 0 peers
Evaluating 'define-property' ...
  got 2.0.2
  has 6 dependencies
  has 0 peers
Evaluating 'is-descriptor' ...
  got 3.1.1
  has 5 dependencies
  has 0 peers
Evaluating 'base' ...
  got 3.0.0
  has 38 dependencies
  has 0 peers
Evaluating 'has-values' ...
  got 2.0.1
  has 1 dependencies
  has 0 peers
Evaluating '@babel/helper-annotate-as-pure' ...
  got babel/helper-annotate-as-pure
  has 3 dependencies
  has 0 peers
Evaluating 'mixin-deep' ...
  got 2.0.1
  has 0 dependencies
  has 0 peers
Evaluating 'pascalcase' ...
  got 2.0.0
  has 1 dependencies
  has 0 peers
Evaluating 'object-visit' ...
  got 1.0.1
  has 1 dependencies
  has 0 peers
Evaluating 'map-visit' ...
  got 1.0.0
  has 2 dependencies
  has 0 peers
Evaluating 'collection-visit' ...
  got 1.0.0
  has 3 dependencies
  has 0 peers
Evaluating 'union-value' ...
  got 2.0.1
  has 4 dependencies
  has 0 peers
Evaluating 'has-value' ...
  got 2.0.2
  has 4 dependencies
  has 0 peers
Evaluating 'to-object-path' ...
  got 0.3.0
  has 2 dependencies
  has 0 peers
Evaluating 'unset-value' ...
  got 2.0.1
  has 6 dependencies
  has 0 peers
Evaluating '@types/react' ...
  got types/react
  has 1 dependencies
  has 0 peers
Evaluating 'cache-base' ...
  got 4.0.2
  has 27 dependencies
  has 0 peers
Evaluating '@types/prettier' ...
  got types/prettier
  has 1 dependencies
  has 0 peers
Evaluating 'pako' ...
  got 2.1.0
  has 0 dependencies
  has 0 peers
Evaluating 'is-accessor-descriptor' ...
  got 3.0.5
  has 3 dependencies
  has 0 peers
Evaluating 'is-data-descriptor' ...
  got 2.1.3
  has 3 dependencies
  has 0 peers
Evaluating 'handlebars' ...
  got 4.7.9
  has 5 dependencies
  has 0 peers
Evaluating 'assign-symbols' ...
  got 2.0.2
  has 0 dependencies
  has 0 peers
Evaluating 'split-string' ...
  got 6.1.0
  has 0 dependencies
  has 0 peers
Evaluating 'object-copy' ...
  got 1.0.0
  has 8 dependencies
  has 0 peers
Evaluating 'copy-descriptor' ...
  got 0.1.1
  has 0 dependencies
  has 0 peers
Evaluating 'static-extend' ...
  got 0.1.2
  has 10 dependencies
  has 0 peers
Evaluating 'use' ...
  got 3.1.1
  has 0 dependencies
  has 0 peers
Evaluating 'class-utils' ...
  got 0.3.6
  has 13 dependencies
  has 0 peers
Evaluating 'object.values' ...
  got 1.2.1
  has 19 dependencies
  has 0 peers
Evaluating 'to-regex' ...
  got 3.0.2
  has 14 dependencies
  has 0 peers
Evaluating 'snapdragon' ...
  got 0.12.1
  has 30 dependencies
  has 0 peers
Evaluating 'regex-not' ...
  got 1.0.2
  has 7 dependencies
  has 0 peers
Evaluating 'fragment-cache' ...
  got 0.2.1
  has 1 dependencies
  has 0 peers
Evaluating 'nanomatch' ...
  got 1.2.13
  has 79 dependencies
  has 0 peers
Evaluating 'snapdragon-node' ...
  got 3.0.0
  has 0 dependencies
  has 0 peers
Evaluating 'snapdragon-util' ...
  got 5.0.1
  has 1 dependencies
  has 0 peers
Evaluating 'posix-character-classes' ...
  got 1.0.0
  has 0 dependencies
  has 0 peers
Evaluating 'xmlchars' ...
  got 2.2.0
  has 0 dependencies
  has 0 peers
Evaluating 'saxes' ...
  got 6.0.0
  has 1 dependencies
  has 0 peers
Evaluating 'has-property-descriptors' ...
  got 1.0.2
  has 1 dependencies
  has 0 peers
Evaluating '@types/prop-types' ...
  got types/prop-types
  has 0 dependencies
  has 0 peers
Evaluating 'fast-safe-stringify' ...
  got 2.1.1
  has 0 dependencies
  has 0 peers
Evaluating '@typescript-eslint/parser' ...
  got typescript-eslint/parser
  has 0 dependencies
  has 2 peers
Evaluating '@types/parse-json' ...
  got types/parse-json
  has 7 dependencies
  has 0 peers
Evaluating 'html-minifier-terser' ...
  got 7.2.0
  has 22 dependencies
  has 0 peers
Evaluating 'invert-kv' ...
  got 4.2.0
  has 0 dependencies
  has 0 peers
Evaluating 'lcid' ...
  got 5.0.0
  has 1 dependencies
  has 0 peers
Evaluating 'os-locale' ...
  got 8.0.0
  has 0 dependencies
  has 0 peers
Evaluating 'read-pkg' ...
  got 10.1.0
  has 20 dependencies
  has 0 peers
Evaluating 'browser-process-hrtime' ...
  got 1.0.0
  has 0 dependencies
  has 0 peers
Evaluating 'tsconfig-paths' ...
  got 4.2.0
  has 3 dependencies
  has 0 peers
Evaluating 'w3c-xmlserializer' ...
  got 5.0.0
  has 1 dependencies
  has 0 peers
Evaluating 'open' ...
  got 11.0.0
  has 11 dependencies
  has 0 peers
Evaluating 'at-least-node' ...
  got 1.0.0
  has 0 dependencies
  has 0 peers
Evaluating 'is-shared-array-buffer' ...
  got 1.0.4
  has 13 dependencies
  has 0 peers
Evaluating 'util' ...
  got 0.12.5
  has 30 dependencies
  has 0 peers
Evaluating 'w3c-hr-time' ...
  got 1.0.2
  has 1 dependencies
  has 0 peers
Evaluating 'get-symbol-description' ...
  got 1.1.0
  has 13 dependencies
  has 0 peers
Evaluating '@sindresorhus/is' ...
  got sindresorhus/is
  has 0 dependencies
  has 0 peers
Evaluating '@babel/plugin-transform-parameters' ...
  got babel/core
  has 1 dependencies
  has 1 peers
Evaluating 'lodash.isstring' ...
  got 4.0.1
  has 0 dependencies
  has 0 peers
Evaluating '@babel/plugin-transform-modules-commonjs' ...
  got babel/core
  has 21 dependencies
  has 1 peers
Evaluating '@babel/plugin-transform-destructuring' ...
  got babel/core
  has 19 dependencies
  has 1 peers
Evaluating 'is-weakref' ...
  got 1.1.1
  has 13 dependencies
  has 0 peers
Evaluating 'q' ...
  got 1.5.1
  has 0 dependencies
  has 0 peers
Evaluating 'has-proto' ...
  got 1.2.0
  has 5 dependencies
  has 0 peers
Evaluating 'responselike' ...
  got 4.0.2
  has 1 dependencies
  has 0 peers
Evaluating 'cacheable-request' ...
  got 13.0.18
  has 11 dependencies
  has 0 peers
Evaluating '@babel/plugin-transform-computed-properties' ...
  got babel/core
  has 9 dependencies
  has 1 peers
Evaluating '@babel/plugin-transform-arrow-functions' ...
  got babel/core
  has 1 dependencies
  has 1 peers
Evaluating '@babel/plugin-transform-block-scoping' ...
  got babel/core
  has 1 dependencies
  has 1 peers
Evaluating '@babel/plugin-transform-spread' ...
  got babel/core
  has 20 dependencies
  has 1 peers
Evaluating '@babel/plugin-transform-block-scoped-functions' ...
  got babel/core
  has 1 dependencies
  has 1 peers
Evaluating '@babel/plugin-transform-literals' ...
  got babel/core
  has 1 dependencies
  has 1 peers
Evaluating '@babel/plugin-transform-for-of' ...
  got babel/core
  has 20 dependencies
  has 1 peers
Evaluating '@babel/plugin-transform-object-super' ...
  got babel/core
  has 22 dependencies
  has 1 peers
Evaluating '@babel/plugin-transform-shorthand-properties' ...
  got babel/core
  has 1 dependencies
  has 1 peers
Evaluating 'jsonwebtoken' ...
  got 9.0.3
  has 14 dependencies
  has 0 peers
Evaluating '@babel/plugin-transform-classes' ...
  got babel/core
  has 36 dependencies
  has 1 peers
Evaluating '@babel/plugin-transform-template-literals' ...
  got babel/core
  has 1 dependencies
  has 1 peers
Evaluating 'jest-circus' ...
  ! package not resolved
Evaluating '@typescript-eslint/types' ...
  got typescript-eslint/types
  has 0 dependencies
  has 0 peers
Evaluating '@typescript-eslint/visitor-keys' ...
  got typescript-eslint/visitor-keys
  has 2 dependencies
  has 0 peers
Evaluating '@babel/plugin-transform-function-name' ...
  got babel/core
  has 32 dependencies
  has 1 peers
Evaluating '@types/html-minifier-terser' ...
  got types/html-minifier-terser
  has 0 dependencies
  has 0 peers
Evaluating 'progress' ...
  got 2.0.3
  has 0 dependencies
  has 0 peers
Evaluating 'regenerate-unicode-properties' ...
  got 10.2.2
  has 1 dependencies
  has 0 peers
Evaluating 'unicode-match-property-value-ecmascript' ...
  got 2.2.1
  has 0 dependencies
  has 0 peers
Evaluating 'unicode-property-aliases-ecmascript' ...
  got 2.2.0
  has 0 dependencies
  has 0 peers
Evaluating 'unicode-canonical-property-names-ecmascript' ...
  got 2.0.1
  has 0 dependencies
  has 0 peers
Evaluating 'unicode-match-property-ecmascript' ...
  got 2.0.0
  has 2 dependencies
  has 0 peers
Evaluating 'lodash.sortby' ...
  got 4.7.0
  has 0 dependencies
  has 0 peers
Evaluating '@babel/helper-wrap-function' ...
  got babel/helper-wrap-function
  has 18 dependencies
  has 0 peers
Evaluating '@babel/helper-remap-async-to-generator' ...
  got babel/core
  has 20 dependencies
  has 1 peers
Evaluating '@typescript-eslint/scope-manager' ...
  got typescript-eslint/scope-manager
  has 3 dependencies
  has 0 peers
Evaluating '@babel/plugin-transform-async-to-generator' ...
  got babel/core
  has 23 dependencies
  has 1 peers
Evaluating '@babel/plugin-transform-unicode-regex' ...
  got babel/core
  has 17 dependencies
  has 1 peers
Evaluating '@babel/plugin-transform-sticky-regex' ...
  got babel/core
  has 1 dependencies
  has 1 peers
Evaluating '@babel/helper-builder-binary-assignment-operator-visitor' ...
  got babel/helper-builder-binary-assignment-operator-visitor
  has 18 dependencies
  has 0 peers
Evaluating '@babel/plugin-transform-regenerator' ...
  got babel/core
  has 1 dependencies
  has 1 peers
Evaluating '@babel/plugin-transform-exponentiation-operator' ...
  got babel/core
  has 1 dependencies
  has 1 peers
Evaluating '@babel/plugin-transform-typeof-symbol' ...
  got babel/core
  has 1 dependencies
  has 1 peers
Evaluating 'filesize' ...
  got 11.0.17
  has 0 dependencies
  has 0 peers
Evaluating '@babel/plugin-transform-modules-amd' ...
  got babel/core
  has 21 dependencies
  has 1 peers
Evaluating '@babel/plugin-transform-duplicate-keys' ...
  got babel/core
  has 1 dependencies
  has 1 peers
Evaluating '@babel/helper-create-class-features-plugin' ...
  got babel/core
  has 24 dependencies
  has 1 peers
Evaluating '@babel/plugin-transform-property-literals' ...
  got babel/core
  has 1 dependencies
  has 1 peers
Evaluating '@babel/plugin-transform-dotall-regex' ...
  got babel/core
  has 17 dependencies
  has 1 peers
Evaluating '@babel/plugin-syntax-dynamic-import' ...
  got babel/core
  has 1 dependencies
  has 1 peers
Evaluating '@babel/preset-env' ...
  got babel/core
  has 127 dependencies
  has 1 peers
Evaluating '@babel/plugin-transform-modules-systemjs' ...
  got babel/core
  has 21 dependencies
  has 1 peers
Evaluating '@babel/plugin-transform-modules-umd' ...
  got babel/core
  has 21 dependencies
  has 1 peers
Evaluating '@babel/plugin-transform-new-target' ...
  got babel/core
  has 1 dependencies
  has 1 peers
Evaluating 'core-js-compat' ...
  got 3.49.0
  has 8 dependencies
  has 0 peers
Evaluating 'autoprefixer' ...
  got 10.5.0
  has 0 dependencies
  has 1 peers
Evaluating 'clone-response' ...
  got 2.0.0
  has 1 dependencies
  has 0 peers
Evaluating '@babel/plugin-transform-member-expression-literals' ...
  got babel/core
  has 1 dependencies
  has 1 peers
Evaluating 'normalize-range' ...
  got 0.1.2
  has 0 dependencies
  has 0 peers
Evaluating 'regjsgen' ...
  got 0.8.0
  has 0 dependencies
  has 0 peers
Evaluating '@babel/plugin-transform-named-capturing-groups-regex' ...
  got babel/core
  has 17 dependencies
  has 1 peers
Evaluating '@types/minimatch' ...
  got types/minimatch
  has 3 dependencies
  has 0 peers
Evaluating 'sha.js' ...
  got 2.4.12
  has 29 dependencies
  has 0 peers
Evaluating '@typescript-eslint/eslint-plugin' ...
  got typescript-eslint/eslint-plugin
  has 0 dependencies
  has 3 peers
Evaluating '@babel/plugin-transform-reserved-words' ...
  got babel/core
  has 1 dependencies
  has 1 peers
Evaluating 'magic-string' ...
  got 0.30.21
  has 1 dependencies
  has 0 peers
Evaluating 'promise' ...
  got 8.3.0
  has 1 dependencies
  has 0 peers
Evaluating 'read-pkg-up' ...
  got 11.0.0
  has 20 dependencies
  has 0 peers
Evaluating 'faye-websocket' ...
  got 0.11.4
  has 4 dependencies
  has 0 peers
Evaluating '@babel/helper-create-regexp-features-plugin' ...
  got babel/core
  has 15 dependencies
  has 1 peers
Evaluating 'websocket-extensions' ...
  got 0.1.4
  has 0 dependencies
  has 0 peers
Evaluating 'websocket-driver' ...
  got 0.7.4
  has 3 dependencies
  has 0 peers
Evaluating 'mem' ...
  got 10.0.0
  has 3 dependencies
  has 0 peers
Evaluating '@babel/plugin-proposal-unicode-property-regex' ...
  got babel/core
  has 17 dependencies
  has 1 peers
Evaluating '@babel/plugin-proposal-class-properties' ...
  got babel/core
  has 26 dependencies
  has 1 peers
Evaluating 'array-includes' ...
  got 3.1.9
  has 89 dependencies
  has 0 peers
Evaluating 'decimal.js' ...
  got 10.6.0
  has 0 dependencies
  has 0 peers
Evaluating 'touch' ...
  got 3.1.1
  has 0 dependencies
  has 0 peers
Evaluating '@babel/plugin-proposal-object-rest-spread' ...
  got babel/core
  has 17 dependencies
  has 1 peers
Evaluating 'envinfo' ...
  got 7.21.0
  has 0 dependencies
  has 0 peers
Evaluating 'log-symbols' ...
  got 7.0.1
  has 2 dependencies
  has 0 peers
Evaluating '@babel/helper-skip-transparent-expression-wrappers' ...
  got babel/helper-skip-transparent-expression-wrappers
  has 18 dependencies
  has 0 peers
Evaluating 'wildcard' ...
  got 2.0.1
  has 0 dependencies
  has 0 peers
Evaluating '@babel/preset-modules' ...
  got babel/core
  has 20 dependencies
  has 1 peers
Evaluating 'async-limiter' ...
  got 2.0.0
  has 0 dependencies
  has 0 peers
Evaluating '@types/glob' ...
  got types/glob
  has 7 dependencies
  has 0 peers
Evaluating 'global-prefix' ...
  got 4.0.0
  has 4 dependencies
  has 0 peers
Evaluating 'is-potential-custom-element-name' ...
  got 1.0.1
  has 0 dependencies
  has 0 peers
Evaluating 'functions-have-names' ...
  got 1.2.3
  has 0 dependencies
  has 0 peers
Evaluating 'global-modules' ...
  got 2.0.0
  has 5 dependencies
  has 0 peers
Evaluating 'http-parser-js' ...
  got 0.5.10
  has 0 dependencies
  has 0 peers
Evaluating 'eslint-plugin-import' ...
  got ^2 || ^3 || ^4 || ^5 || ^6 || ^7.2.0 || ^8 || ^9
  has 122 dependencies
  has 1 peers
Evaluating 'eslint-module-utils' ...
  got 2.12.1
  has 2 dependencies
  has 0 peers
Evaluating 'is-promise' ...
  got 4.0.0
  has 0 dependencies
  has 0 peers
Evaluating 'detect-libc' ...
  got 2.1.2
  has 0 dependencies
  has 0 peers
Evaluating 'has-ansi' ...
  got 6.0.2
  has 1 dependencies
  has 0 peers
Evaluating '@discoveryjs/json-ext' ...
  got discoveryjs/json-ext
  has 0 dependencies
  has 0 peers
Evaluating '@babel/plugin-proposal-optional-chaining' ...
  got babel/core
  has 21 dependencies
  has 1 peers
Evaluating '@babel/plugin-proposal-nullish-coalescing-operator' ...
  got babel/core
  has 2 dependencies
  has 1 peers
Evaluating '@babel/plugin-proposal-async-generator-functions' ...
  got babel/core
  has 24 dependencies
  has 1 peers
Evaluating '@babel/plugin-transform-unicode-escapes' ...
  got babel/core
  has 1 dependencies
  has 1 peers
Evaluating 'strip-indent' ...
  got 4.1.1
  has 0 dependencies
  has 0 peers
Evaluating 'validator' ...
  got 13.15.35
  has 0 dependencies
  has 0 peers
Evaluating '@babel/plugin-proposal-optional-catch-binding' ...
  got babel/core
  has 2 dependencies
  has 1 peers
Evaluating 'core-js-pure' ...
  got 3.49.0
  has 0 dependencies
  has 0 peers
Evaluating '@babel/plugin-syntax-export-namespace-from' ...
  got babel/core
  has 1 dependencies
  has 1 peers
Evaluating 'npm-cli-docs' ...
  got 0.0.1-security
  has 0 dependencies
  has 0 peers
Evaluating '@babel/plugin-proposal-json-strings' ...
  got babel/core
  has 2 dependencies
  has 1 peers
Evaluating 'ignore-by-default' ...
  got 2.1.0
  has 0 dependencies
  has 0 peers
Evaluating 'supports-hyperlinks' ...
  got 4.4.0
  has 2 dependencies
  has 0 peers
Evaluating 'setimmediate' ...
  got 1.0.5
  has 0 dependencies
  has 0 peers
Evaluating 'arrify' ...
  got 3.0.0
  has 0 dependencies
  has 0 peers
Evaluating '@babel/plugin-proposal-numeric-separator' ...
  got babel/core
  has 2 dependencies
  has 1 peers
Evaluating 'nodemon' ...
  got 3.1.14
  has 27 dependencies
  has 0 peers
Evaluating 'detect-node' ...
  got 2.1.0
  has 0 dependencies
  has 0 peers
Evaluating 'undefsafe' ...
  got 2.0.5
  has 0 dependencies
  has 0 peers
Evaluating 'slice-ansi' ...
  got 9.0.0
  has 3 dependencies
  has 0 peers
Evaluating 'defer-to-connect' ...
  got 2.0.1
  has 0 dependencies
  has 0 peers
Evaluating 'pinkie-promise' ...
  got 2.0.1
  has 1 dependencies
  has 0 peers
Evaluating '@szmarczak/http-timer' ...
  got szmarczak/http-timer
  has 1 dependencies
  has 0 peers
Evaluating 'pinkie' ...
  got 2.0.4
  has 0 dependencies
  has 0 peers
Evaluating 'pstree.remy' ...
  got 1.1.8
  has 0 dependencies
  has 0 peers
Evaluating '@types/json5' ...
  got types/json5
  has 1 dependencies
  has 0 peers
Evaluating 'functional-red-black-tree' ...
  got 1.0.1
  has 0 dependencies
  has 0 peers
Evaluating 'batch' ...
  got 0.6.1
  has 0 dependencies
  has 0 peers
Evaluating 'babel-loader' ...
  got babel/core
  has 6 dependencies
  has 3 peers
Evaluating 'async-each' ...
  got 1.0.6
  has 0 dependencies
  has 0 peers
Evaluating 'csso' ...
  got 5.0.5
  has 3 dependencies
  has 0 peers
Evaluating '@babel/plugin-proposal-dynamic-import' ...
  got babel/core
  has 2 dependencies
  has 1 peers
Evaluating 'array.prototype.flat' ...
  got 1.3.3
  has 90 dependencies
  has 0 peers
Evaluating 'object-hash' ...
  got 3.0.0
  has 0 dependencies
  has 0 peers
Evaluating '@babel/helper-explode-assignable-expression' ...
  got babel/helper-explode-assignable-expression
  has 3 dependencies
  has 0 peers
Evaluating 'lodash.once' ...
  got 4.1.1
  has 0 dependencies
  has 0 peers
Evaluating 'svgo' ...
  got 4.0.1
  has 18 dependencies
  has 0 peers
Evaluating '@babel/helper-define-polyfill-provider' ...
  got babel/core
  has 25 dependencies
  has 1 peers
Evaluating 'babel-plugin-polyfill-corejs3' ...
  got babel/core
  has 27 dependencies
  has 1 peers
Evaluating 'babel-plugin-polyfill-corejs2' ...
  got babel/core
  has 26 dependencies
  has 1 peers
Evaluating 'babel-plugin-polyfill-regenerator' ...
  got babel/core
  has 26 dependencies
  has 1 peers
Evaluating 'util.promisify' ...
  got 1.1.3
  has 92 dependencies
  has 0 peers
Evaluating 'path-dirname' ...
  got 1.0.2
  has 0 dependencies
  has 0 peers
Evaluating '@babel/plugin-proposal-private-methods' ...
  got babel/core
  has 26 dependencies
  has 1 peers
Evaluating 'file-uri-to-path' ...
  got 2.0.0
  has 0 dependencies
  has 0 peers
Evaluating 'd3-color' ...
  got 3.1.0
  has 0 dependencies
  has 0 peers
Evaluating 'd3-interpolate' ...
  got 3.0.1
  has 1 dependencies
  has 0 peers
Evaluating 'ajv-formats' ...
  got 3.0.1
  has 5 dependencies
  has 1 peers
Evaluating 'resolve.exports' ...
  got 2.0.3
  has 0 dependencies
  has 0 peers
Evaluating 'jsonpointer' ...
  got 5.0.1
  has 0 dependencies
  has 0 peers
Evaluating '@webpack-cli/serve' ...
  got webpack-cli/serve
  has 0 dependencies
  has 2 peers
Evaluating '@webpack-cli/info' ...
  got webpack-cli/info
  has 0 dependencies
  has 2 peers
Evaluating 'path-scurry' ...
  got 2.0.2
  has 2 dependencies
  has 0 peers
Evaluating 'bn.js' ...
  got 5.2.3
  has 0 dependencies
  has 0 peers
Evaluating 'html-entities' ...
  got 2.6.0
  has 0 dependencies
  has 0 peers
Evaluating 'fs-constants' ...
  got 1.0.0
  has 0 dependencies
  has 0 peers
Evaluating 'foreground-child' ...
  got 4.0.3
  has 1 dependencies
  has 0 peers
Evaluating '@types/scheduler' ...
  got types/scheduler
  has 0 dependencies
  has 0 peers
Evaluating '@webpack-cli/configtest' ...
  got webpack-cli/configtest
  has 0 dependencies
  has 2 peers
Evaluating 'shell-quote' ...
  got 1.8.3
  has 0 dependencies
  has 0 peers
Evaluating 'eastasianwidth' ...
  got 0.3.0
  has 0 dependencies
  has 0 peers
Evaluating 'http-proxy-middleware' ...
  got 3.0.5
  has 18 dependencies
  has 0 peers
Evaluating 'd3-time' ...
  got 3.1.0
  has 2 dependencies
  has 0 peers
Evaluating 'd3-time-format' ...
  got 4.1.0
  has 3 dependencies
  has 0 peers
Evaluating 'function.prototype.name' ...
  got 1.1.8
  has 21 dependencies
  has 0 peers
Evaluating 'webpack-dev-middleware' ...
  got 8.0.3
  has 43 dependencies
  has 1 peers
Evaluating 'source-map-loader' ...
  got 5.0.0
  has 0 dependencies
  has 1 peers
Evaluating 'serve-index' ...
  got 1.9.2
  has 15 dependencies
  has 0 peers
Evaluating 'quick-lru' ...
  got 7.3.0
  has 0 dependencies
  has 0 peers
Evaluating 'hash.js' ...
  got 1.1.7
  has 2 dependencies
  has 0 peers
Evaluating 'bin' ...
  got 0.0.0
  has 0 dependencies
  has 0 peers
Evaluating 'redent' ...
  got 4.0.0
  has 2 dependencies
  has 0 peers
Evaluating 'check-types' ...
  got 11.2.3
  has 0 dependencies
  has 0 peers
Evaluating 'dist' ...
  got 0.1.2
  has 4 dependencies
  has 0 peers
Evaluating 'd3-timer' ...
  got 3.0.1
  has 0 dependencies
  has 0 peers
Evaluating 'load-json-file' ...
  got 7.0.1
  has 0 dependencies
  has 0 peers
Evaluating 'sockjs' ...
  got 0.3.24
  has 6 dependencies
  has 0 peers
Evaluating 'node-forge-flash' ...
  got 0.0.0
  has 0 dependencies
  has 0 peers
Evaluating 'postcss-calc' ...
  got ^8.4.38
  has 4 dependencies
  has 1 peers
Evaluating 'connect-history-api-fallback' ...
  got 2.0.0
  has 0 dependencies
  has 0 peers
Evaluating 'tryer' ...
  got 1.0.1
  has 0 dependencies
  has 0 peers
Evaluating 'postcss-discard-duplicates' ...
  got ^8.5.10
  has 0 dependencies
  has 1 peers
Evaluating 'postcss-merge-rules' ...
  got ^8.5.10
  has 15 dependencies
  has 1 peers
Evaluating 'bfj' ...
  got 9.1.3
  has 3 dependencies
  has 0 peers
Evaluating 'caniuse-api' ...
  got 3.0.0
  has 10 dependencies
  has 0 peers
Evaluating 'hoopy' ...
  got 0.1.4
  has 0 dependencies
  has 0 peers
Evaluating '@babel/plugin-proposal-export-namespace-from' ...
  got babel/core
  has 2 dependencies
  has 1 peers
Evaluating 'lodash.isboolean' ...
  got 3.0.3
  has 0 dependencies
  has 0 peers
Evaluating 'jest-environment-jsdom' ...
  got 30.3.0
  has 82 dependencies
  has 1 peers
Evaluating 'sourcemap-codec' ...
  got 1.4.8
  has 0 dependencies
  has 0 peers
Evaluating 'obuf' ...
  got 1.1.2
  has 0 dependencies
  has 0 peers
Evaluating '@babel/plugin-proposal-logical-assignment-operators' ...
  got babel/core
  has 2 dependencies
  has 1 peers
Evaluating 'elliptic' ...
  got 6.6.1
  has 7 dependencies
  has 0 peers
Evaluating 'brorand' ...
  got 1.1.0
  has 0 dependencies
  has 0 peers
Evaluating 'terminal-link' ...
  got 5.0.0
  has 5 dependencies
  has 0 peers
Evaluating 'hmac-drbg' ...
  got 1.0.1
  has 4 dependencies
  has 0 peers
Evaluating 'minimalistic-crypto-utils' ...
  got 1.0.1
  has 0 dependencies
  has 0 peers
Evaluating 'es5-ext' ...
  got 0.10.64
  has 8 dependencies
  has 0 peers
Evaluating 'lodash.isinteger' ...
  got 4.0.4
  has 0 dependencies
  has 0 peers
Evaluating 'object.entries' ...
  got 1.1.9
  has 19 dependencies
  has 0 peers
Evaluating 'classnames' ...
  got 2.5.1
  has 0 dependencies
  has 0 peers
Evaluating 'asn1.js' ...
  got 5.4.1
  has 4 dependencies
  has 0 peers
Evaluating 'spdy' ...
  got 4.0.2
  has 20 dependencies
  has 0 peers
Evaluating 'handle-thing' ...
  got 2.0.1
  has 0 dependencies
  has 0 peers
Evaluating 'select-hose' ...
  got 2.0.0
  has 0 dependencies
  has 0 peers
Evaluating 'hpack.js' ...
  got 2.1.6
  has 11 dependencies
  has 0 peers
Evaluating 'http-deceiver' ...
  got 1.2.7
  has 0 dependencies
  has 0 peers
Evaluating 'spdy-transport' ...
  got 3.0.0
  has 16 dependencies
  has 0 peers
Evaluating 'wbuf' ...
  got 1.7.3
  has 1 dependencies
  has 0 peers
Evaluating 'is-typed-array' ...
  got 1.1.15
  has 23 dependencies
  has 0 peers
Evaluating 'available-typed-arrays' ...
  got 1.0.7
  has 1 dependencies
  has 0 peers
Evaluating 'd' ...
  got 1.0.2
  has 8 dependencies
  has 0 peers
Evaluating 'which-typed-array' ...
  got 1.1.20
  has 22 dependencies
  has 0 peers
Evaluating 'es6-symbol' ...
  got 3.1.4
  has 8 dependencies
  has 0 peers
Evaluating 'es6-iterator' ...
  got 2.0.3
  has 8 dependencies
  has 0 peers
Evaluating 'p-retry' ...
  got 8.0.0
  has 1 dependencies
  has 0 peers
Evaluating 'for-each' ...
  got 0.3.5
  has 1 dependencies
  has 0 peers
Evaluating 'lodash.isnumber' ...
  got 3.0.3
  has 0 dependencies
  has 0 peers
Evaluating 'lodash.includes' ...
  got 4.3.0
  has 0 dependencies
  has 0 peers
Evaluating 'postcss-merge-longhand' ...
  got ^8.5.10
  has 13 dependencies
  has 1 peers
Evaluating 'postcss-minify-selectors' ...
  got ^8.5.10
  has 14 dependencies
  has 1 peers
Evaluating 'postcss-discard-comments' ...
  got ^8.5.10
  has 3 dependencies
  has 1 peers
Evaluating 'postcss-ordered-values' ...
  got ^8.5.10
  has 2 dependencies
  has 1 peers
Evaluating 'postcss-unique-selectors' ...
  got ^8.5.10
  has 3 dependencies
  has 1 peers
Evaluating 'postcss-discard-empty' ...
  got ^8.5.10
  has 0 dependencies
  has 1 peers
Evaluating 'postcss-convert-values' ...
  got ^8.5.10
  has 9 dependencies
  has 1 peers
Evaluating 'postcss-normalize-url' ...
  got ^8.5.10
  has 1 dependencies
  has 1 peers
Evaluating 'cssnano' ...
  got 7.1.7
  has 0 dependencies
  has 1 peers
Evaluating 'postcss-colormin' ...
  got ^8.5.10
  has 13 dependencies
  has 1 peers
Evaluating 'postcss-minify-gradients' ...
  got ^8.5.10
  has 3 dependencies
  has 1 peers
Evaluating 'webpack-dev-server' ...
  got 5.2.3
  has 237 dependencies
  has 1 peers
Evaluating 'postcss-minify-params' ...
  got ^8.5.10
  has 10 dependencies
  has 1 peers
Evaluating 'postcss-minify-font-values' ...
  got ^8.5.10
  has 1 dependencies
  has 1 peers
Evaluating 'postcss-reduce-transforms' ...
  got ^8.5.10
  has 1 dependencies
  has 1 peers
Evaluating 'postcss-normalize-charset' ...
  got ^8.5.10
  has 0 dependencies
  has 1 peers
Evaluating 'postcss-discard-overridden' ...
  got ^8.5.10
  has 0 dependencies
  has 1 peers
Evaluating 'postcss-reduce-initial' ...
  got ^8.5.10
  has 11 dependencies
  has 1 peers
Evaluating 'postcss-svgo' ...
  got ^8.5.10
  has 20 dependencies
  has 1 peers
Evaluating '@jridgewell/source-map' ...
  got jridgewell/source-map
  has 4 dependencies
  has 0 peers
Evaluating 'stable' ...
  got 0.1.8
  has 0 dependencies
  has 0 peers
Evaluating 'dns-packet' ...
  got 5.6.1
  has 1 dependencies
  has 0 peers
Evaluating '@types/jest' ...
  got types/jest
  has 41 dependencies
  has 0 peers
Evaluating 'css-tree' ...
  got 3.2.1
  has 2 dependencies
  has 0 peers
Evaluating 'make-error' ...
  got 1.3.6
  has 0 dependencies
  has 0 peers
Evaluating 'thunky' ...
  got 1.1.0
  has 0 dependencies
  has 0 peers
Evaluating 'selfsigned' ...
  got 5.5.0
  has 21 dependencies
  has 0 peers
Evaluating 'mdn-data' ...
  got 2.28.0
  has 0 dependencies
  has 0 peers
Evaluating 'multicast-dns' ...
  got 7.2.5
  has 3 dependencies
  has 0 peers
Evaluating 'dns-equal' ...
  got 1.0.0
  has 0 dependencies
  has 0 peers
Evaluating 'ripemd160' ...
  got 2.0.3
  has 38 dependencies
  has 0 peers
Evaluating 'jest-serializer' ...
  got 28.0.0
  has 3 dependencies
  has 0 peers
Evaluating 'astral-regex' ...
  got 2.0.0
  has 0 dependencies
  has 0 peers
Evaluating 'postcss-load-config' ...
  got 6.0.1
  has 1 dependencies
  has 4 peers
Evaluating 'split2' ...
  got 4.2.0
  has 0 dependencies
  has 0 peers
Evaluating 'find-root' ...
  got 1.1.0
  has 0 dependencies
  has 0 peers
Evaluating 'url-loader' ...
  got 4.1.1
  has 0 dependencies
  has 2 peers
Evaluating 'default-gateway' ...
  got 7.2.2
  has 17 dependencies
  has 0 peers
Evaluating 'browserify-aes' ...
  got 1.2.0
  has 45 dependencies
  has 0 peers
Evaluating 'gopd' ...
  got 1.2.0
  has 0 dependencies
  has 0 peers
Evaluating '@babel/plugin-bugfix-v8-spread-parameters-in-optional-chaining' ...
  got babel/core
  has 21 dependencies
  has 1 peers
Evaluating 'crypto-browserify' ...
  got 3.12.1
  has 75 dependencies
  has 0 peers
Evaluating '@tufjs/models' ...
  got tufjs/models
  has 4 dependencies
  has 0 peers
Evaluating 'hash-base' ...
  got 3.1.2
  has 37 dependencies
  has 0 peers
Evaluating 'throat' ...
  got 6.0.2
  has 0 dependencies
  has 0 peers
Evaluating '@babel/plugin-syntax-private-property-in-object' ...
  got babel/core
  has 1 dependencies
  has 1 peers
Evaluating '@babel/plugin-proposal-private-property-in-object' ...
  got babel/core
  has 27 dependencies
  has 1 peers
Evaluating 'create-hash' ...
  got 1.2.0
  has 42 dependencies
  has 0 peers
Evaluating '@babel/plugin-syntax-class-static-block' ...
  got babel/core
  has 1 dependencies
  has 1 peers
Evaluating '@sigstore/protobuf-specs' ...
  got sigstore/protobuf-specs
  has 0 dependencies
  has 0 peers
Evaluating 'md5.js' ...
  got 1.3.5
  has 38 dependencies
  has 0 peers
Evaluating 'assert' ...
  got 2.1.0
  has 36 dependencies
  has 0 peers
Evaluating 'cipher-base' ...
  got 1.0.7
  has 29 dependencies
  has 0 peers
Evaluating 'create-hmac' ...
  got 1.1.7
  has 43 dependencies
  has 0 peers
Evaluating 'evp_bytestokey' ...
  got 1.0.3
  has 39 dependencies
  has 0 peers
Evaluating 'pbkdf2' ...
  got 3.1.5
  has 44 dependencies
  has 0 peers
Evaluating 'buffer-xor' ...
  got 2.0.2
  has 1 dependencies
  has 0 peers
Evaluating 'stream-browserify' ...
  got 3.0.0
  has 5 dependencies
  has 0 peers
Evaluating '@jest/schemas' ...
  got jest/schemas
  has 1 dependencies
  has 0 peers
Evaluating 'browserify-zlib' ...
  got 0.2.0
  has 1 dependencies
  has 0 peers
Evaluating '@sinclair/typebox' ...
  got sinclair/typebox
  has 0 dependencies
  has 0 peers
Evaluating 'coa' ...
  got 2.0.2
  has 9 dependencies
  has 0 peers
Evaluating 'tar-stream' ...
  got 3.1.8
  has 12 dependencies
  has 0 peers
Evaluating '@babel/plugin-transform-react-jsx' ...
  got babel/core
  has 22 dependencies
  has 1 peers
Evaluating 'array.prototype.flatmap' ...
  got 1.3.3
  has 90 dependencies
  has 0 peers
Evaluating 'rollup' ...
  got 4.60.2
  has 3 dependencies
  has 0 peers
Evaluating 'memfs' ...
  got 4.57.2
  has 28 dependencies
  has 1 peers
Evaluating 'fs-monkey' ...
  got 1.1.0
  has 0 dependencies
  has 0 peers
Evaluating 'des.js' ...
  got 1.1.0
  has 2 dependencies
  has 0 peers
Evaluating 'create-ecdh' ...
  got 4.0.4
  has 8 dependencies
  has 0 peers
Evaluating 'browserify-cipher' ...
  got 1.0.1
  has 49 dependencies
  has 0 peers
Evaluating 'browserify-rsa' ...
  got 4.1.1
  has 3 dependencies
  has 0 peers
Evaluating 'public-encrypt' ...
  got 4.0.3
  has 55 dependencies
  has 0 peers
Evaluating 'parse-asn1' ...
  got 5.1.9
  has 51 dependencies
  has 0 peers
Evaluating 'browserify-sign' ...
  got 4.2.5
  has 61 dependencies
  has 0 peers
Evaluating 'miller-rabin' ...
  got 4.0.1
  has 2 dependencies
  has 0 peers
Evaluating 'browserify-des' ...
  got 1.0.2
  has 32 dependencies
  has 0 peers
Evaluating 'diffie-hellman' ...
  got 5.0.3
  has 5 dependencies
  has 0 peers
Evaluating 'eslint-plugin-react' ...
  got ^3 || ^4 || ^5 || ^6 || ^7 || ^8 || ^9.7
  has 121 dependencies
  has 1 peers
Evaluating 'console-browserify' ...
  got 1.2.0
  has 0 dependencies
  has 0 peers
Evaluating 'array-uniq' ...
  got 3.0.0
  has 0 dependencies
  has 0 peers
Evaluating 'jsx-ast-utils' ...
  got 3.3.5
  has 93 dependencies
  has 0 peers
Evaluating 'marked' ...
  got 18.0.2
  has 0 dependencies
  has 0 peers
Evaluating 'object.fromentries' ...
  got 2.0.8
  has 89 dependencies
  has 0 peers
Evaluating 'domain-browser' ...
  got 5.7.0
  has 0 dependencies
  has 0 peers
Evaluating 'buffer-crc32' ...
  got 1.0.0
  has 0 dependencies
  has 0 peers
Evaluating 'bindings' ...
  got 1.5.0
  has 1 dependencies
  has 0 peers
Evaluating 'randomfill' ...
  got 1.0.4
  has 2 dependencies
  has 0 peers
Evaluating 'jest-jasmine2' ...
  ! package not resolved
Evaluating 'dotenv-expand' ...
  got 13.0.0
  has 1 dependencies
  has 0 peers
Evaluating 'https-browserify' ...
  got 1.0.0
  has 0 dependencies
  has 0 peers
Evaluating 'react-refresh' ...
  got 0.18.0
  has 0 dependencies
  has 0 peers
Evaluating 'p-is-promise' ...
  got 4.0.0
  has 0 dependencies
  has 0 peers
Evaluating 'timers-browserify' ...
  got 2.0.12
  has 1 dependencies
  has 0 peers
Evaluating 'os-browserify' ...
  got 0.3.0
  has 0 dependencies
  has 0 peers
Evaluating 'yn' ...
  got 5.1.0
  has 0 dependencies
  has 0 peers
Evaluating 'querystring-es3' ...
  got 0.2.1
  has 0 dependencies
  has 0 peers
Evaluating 'constants-browserify' ...
  got 1.0.0
  has 0 dependencies
  has 0 peers
Evaluating 'tty-browserify' ...
  got 0.0.1
  has 0 dependencies
  has 0 peers
Evaluating 'vm-browserify' ...
  got 1.1.2
  has 0 dependencies
  has 0 peers
Evaluating 'ts-node' ...
  got types/node
  has 0 dependencies
  has 4 peers
Evaluating 'lodash.curry' ...
  got 4.1.1
  has 0 dependencies
  has 0 peers
Evaluating '@humanwhocodes/module-importer' ...
  got humanwhocodes/module-importer
  has 0 dependencies
  has 0 peers
Evaluating 'dom-helpers' ...
  got 6.0.1
  has 2 dependencies
  has 0 peers
Evaluating 'define-lazy-prop' ...
  got 3.0.0
  has 0 dependencies
  has 0 peers
Evaluating 'table' ...
  got 6.9.0
  has 16 dependencies
  has 0 peers
Evaluating 'builtin-status-codes' ...
  got 3.0.0
  has 0 dependencies
  has 0 peers
Evaluating 'stream-http' ...
  got 3.2.0
  has 7 dependencies
  has 0 peers
Evaluating 'dayjs' ...
  got 1.11.20
  has 0 dependencies
  has 0 peers
Evaluating 'aria-query' ...
  got 5.3.2
  has 0 dependencies
  has 0 peers
Evaluating 'lodash.escape' ...
  got 4.0.1
  has 0 dependencies
  has 0 peers
Evaluating 'p-defer' ...
  got 4.0.1
  has 0 dependencies
  has 0 peers
Evaluating 'bootstrap' ...
  got popperjs/core
  has 0 dependencies
  has 1 peers
Evaluating '@babel/plugin-transform-runtime' ...
  got babel/core
  has 46 dependencies
  has 1 peers
Evaluating 'internmap' ...
  got 2.0.3
  has 0 dependencies
  has 0 peers
Evaluating 'postcss-loader' ...
  got ^7.0.0 || ^8.0.1
  has 19 dependencies
  has 3 peers
Evaluating 'react-transition-group' ...
  got >=16.6.0
  has 8 dependencies
  has 2 peers
Evaluating 'fork-ts-checker-webpack-plugin' ...
  got 9.1.0
  has 0 dependencies
  has 2 peers
Evaluating 'lodash.camelcase' ...
  got 4.3.0
  has 0 dependencies
  has 0 peers
Evaluating 'next-tick' ...
  got 1.1.0
  has 0 dependencies
  has 0 peers
Evaluating 'jackspeak' ...
  got 4.2.3
  has 1 dependencies
  has 0 peers
Evaluating '@types/lodash' ...
  got types/lodash
  has 0 dependencies
  has 0 peers
Evaluating 'safe-regex-test' ...
  got 1.1.0
  has 15 dependencies
  has 0 peers
Evaluating 'pretty-bytes' ...
  got 7.1.0
  has 0 dependencies
  has 0 peers
Evaluating 'is-unicode-supported' ...
  got 2.1.0
  has 0 dependencies
  has 0 peers
Evaluating 'min-indent' ...
  got 1.0.1
  has 0 dependencies
  has 0 peers
Evaluating 'stack-trace' ...
  got 1.0.0-pre2
  has 0 dependencies
  has 0 peers
Evaluating 'streamsearch' ...
  got 1.1.0
  has 0 dependencies
  has 0 peers
Evaluating 'string.prototype.matchall' ...
  got 4.0.12
  has 89 dependencies
  has 0 peers
Evaluating '@pkgjs/parseargs' ...
  got pkgjs/parseargs
  has 0 dependencies
  has 0 peers
Evaluating '@babel/plugin-bugfix-safari-id-destructuring-collision-in-function-expression' ...
  got babel/core
  has 1 dependencies
  has 1 peers
Evaluating '@isaacs/cliui' ...
  got isaacs/cliui
  has 0 dependencies
  has 0 peers
Evaluating 'stylehacks' ...
  got ^8.5.10
  has 11 dependencies
  has 1 peers
Evaluating '@babel/plugin-proposal-class-static-block' ...
  got babel/core
  has 27 dependencies
  has 1 peers
Evaluating 'postcss-normalize-positions' ...
  got ^8.5.10
  has 1 dependencies
  has 1 peers
Evaluating 'postcss-normalize-timing-functions' ...
  got ^8.5.10
  has 1 dependencies
  has 1 peers
Evaluating 'postcss-normalize-repeat-style' ...
  got ^8.5.10
  has 1 dependencies
  has 1 peers
Evaluating 'postcss-normalize-display-values' ...
  got ^8.5.10
  has 1 dependencies
  has 1 peers
Evaluating 'postcss-normalize-string' ...
  got ^8.5.10
  has 1 dependencies
  has 1 peers
Evaluating 'postcss-normalize-whitespace' ...
  got ^8.5.10
  has 1 dependencies
  has 1 peers
Evaluating 'postcss-normalize-unicode' ...
  got ^8.5.10
  has 9 dependencies
  has 1 peers
Evaluating 'css-declaration-sorter' ...
  got 7.4.0
  has 0 dependencies
  has 1 peers
Evaluating 'cssnano-preset-default' ...
  got 7.0.15
  has 0 dependencies
  has 1 peers
Evaluating '@types/semver' ...
  got types/semver
  has 0 dependencies
  has 0 peers
Evaluating 'long' ...
  got 5.3.2
  has 0 dependencies
  has 0 peers
Evaluating 'to-arraybuffer' ...
  got 1.0.1
  has 0 dependencies
  has 0 peers
Evaluating '@typescript-eslint/type-utils' ...
  got typescript-eslint/type-utils
  has 0 dependencies
  has 2 peers
Evaluating '@jest/expect-utils' ...
  got jest/expect-utils
  has 1 dependencies
  has 0 peers
Evaluating 'map-age-cleaner' ...
  got 0.2.0
  has 1 dependencies
  has 0 peers
Evaluating 'grapheme-splitter' ...
  got 1.0.4
  has 0 dependencies
  has 0 peers
Evaluating 'axobject-query' ...
  got 4.1.0
  has 0 dependencies
  has 0 peers
Evaluating 'damerau-levenshtein' ...
  got 1.0.8
  has 0 dependencies
  has 0 peers
Evaluating 'node-addon-api' ...
  got 8.7.0
  has 0 dependencies
  has 0 peers
Evaluating '@babel/plugin-transform-react-jsx-development' ...
  got babel/core
  has 23 dependencies
  has 1 peers
Evaluating 'memory-fs' ...
  got 0.5.0
  has 10 dependencies
  has 0 peers
Evaluating 'is-path-cwd' ...
  got 4.0.1
  has 0 dependencies
  has 0 peers
Evaluating 'del' ...
  got 8.0.1
  has 28 dependencies
  has 0 peers
Evaluating 'ast-types-flow' ...
  got 0.0.8
  has 0 dependencies
  has 0 peers
Evaluating 'babel-runtime' ...
  got 6.26.0
  has 2 dependencies
  has 0 peers
Evaluating 'to-readable-stream' ...
  got 4.0.0
  has 0 dependencies
  has 0 peers
Evaluating 'node-libs-browser' ...
  got 2.2.1
  has 120 dependencies
  has 0 peers
Evaluating '@types/ws' ...
  got types/ws
  has 2 dependencies
  has 0 peers
Evaluating 'eslint-plugin-jsx-a11y' ...
  got ^3 || ^4 || ^5 || ^6 || ^7 || ^8 || ^9
  has 109 dependencies
  has 1 peers
Evaluating 'simple-update-notifier' ...
  got 2.0.0
  has 1 dependencies
  has 0 peers
Evaluating 'sass-loader' ...
  got 16.0.7
  has 1 dependencies
  has 5 peers
Evaluating 'busboy' ...
  got 1.6.0
  has 1 dependencies
  has 0 peers
Evaluating 'enquirer' ...
  got 2.4.1
  has 3 dependencies
  has 0 peers
Evaluating 'jsonify' ...
  got 0.0.1
  has 0 dependencies
  has 0 peers
Evaluating 'is-regexp' ...
  got 3.1.0
  has 0 dependencies
  has 0 peers
Evaluating 'pend' ...
  got 1.2.0
  has 0 dependencies
  has 0 peers
Evaluating '@babel/plugin-transform-react-display-name' ...
  got babel/core
  has 1 dependencies
  has 1 peers
Evaluating 'fd-slicer' ...
  got 1.1.0
  has 1 dependencies
  has 0 peers
Evaluating '@tufjs/canonical-json' ...
  got tufjs/canonical-json
  has 0 dependencies
  has 0 peers
Evaluating 'create-require' ...
  got 1.1.1
  has 0 dependencies
  has 0 peers
Evaluating 'estree-walker' ...
  got 3.0.3
  has 1 dependencies
  has 0 peers
Evaluating '@types/q' ...
  got types/q
  has 0 dependencies
  has 0 peers
Evaluating 'xmlbuilder' ...
  got 15.1.1
  has 0 dependencies
  has 0 peers
Evaluating 'yauzl' ...
  got 3.3.0
  has 2 dependencies
  has 0 peers
Evaluating '@babel/helper-get-function-arity' ...
  got babel/helper-get-function-arity
  has 3 dependencies
  has 0 peers
Evaluating 'eslint-plugin-react-hooks' ...
  got ^3.0.0 || ^4.0.0 || ^5.0.0 || ^6.0.0 || ^7.0.0 || ^8.0.0-0 || ^9.0.0 || ^10.0.0
  has 43 dependencies
  has 1 peers
Evaluating 'unquote' ...
  got 1.1.1
  has 0 dependencies
  has 0 peers
Evaluating 'type' ...
  got 2.7.3
  has 0 dependencies
  has 0 peers
Evaluating 'babel-plugin-dynamic-import-node' ...
  got 2.3.3
  has 20 dependencies
  has 0 peers
Evaluating 'denque' ...
  got 2.1.0
  has 0 dependencies
  has 0 peers
Evaluating 'uniq' ...
  got 1.0.1
  has 0 dependencies
  has 0 peers
Evaluating 'hoist-non-react-statics' ...
  got 3.3.2
  has 1 dependencies
  has 0 peers
Evaluating 'basic-auth' ...
  got 2.0.1
  has 1 dependencies
  has 0 peers
Evaluating '@typescript-eslint/utils' ...
  got typescript-eslint/utils
  has 0 dependencies
  has 2 peers
Evaluating 'css-select-base-adapter' ...
  got 0.1.1
  has 0 dependencies
  has 0 peers
Evaluating 'warning' ...
  got 4.0.3
  has 2 dependencies
  has 0 peers
Evaluating 'ext' ...
  got 1.7.0
  has 1 dependencies
  has 0 peers
Evaluating '@babel/preset-react' ...
  got babel/core
  has 27 dependencies
  has 1 peers
Evaluating 'klona' ...
  got 2.0.6
  has 0 dependencies
  has 0 peers
Evaluating 'json-stable-stringify' ...
  got 1.3.0
  has 20 dependencies
  has 0 peers
Evaluating '@typescript-eslint/experimental-utils' ...
  got typescript-eslint/experimental-utils
  has 0 dependencies
  has 1 peers
Evaluating 'fstream' ...
  got 1.0.12
  has 15 dependencies
  has 0 peers
Evaluating 'pkg-up' ...
  got 5.0.0
  has 6 dependencies
  has 0 peers
Evaluating 'indexes-of' ...
  got 1.0.1
  has 0 dependencies
  has 0 peers
Evaluating 'underscore' ...
  got 1.13.8
  has 0 dependencies
  has 0 peers
Evaluating 'babel-plugin-macros' ...
  got 3.1.0
  has 25 dependencies
  has 0 peers
Evaluating 'lilconfig' ...
  got 3.1.3
  has 0 dependencies
  has 0 peers
Evaluating 'axe-core' ...
  got 4.11.3
  has 0 dependencies
  has 0 peers
Evaluating '@babel/plugin-transform-typescript' ...
  got babel/core
  has 27 dependencies
  has 1 peers
Evaluating 'sort-keys' ...
  got 6.0.0
  has 1 dependencies
  has 0 peers
Evaluating 'jake' ...
  got 12.9.7
  has 6 dependencies
  has 0 peers
Evaluating 'lodash.get' ...
  got 4.4.2
  has 0 dependencies
  has 0 peers
Evaluating '@types/webpack-sources' ...
  got types/webpack-sources
  has 4 dependencies
  has 0 peers
Evaluating 'es-shim-unscopables' ...
  got 1.1.0
  has 2 dependencies
  has 0 peers
Evaluating 'cli-spinners' ...
  got 3.4.0
  has 0 dependencies
  has 0 peers
Evaluating 'jquery' ...
  got 4.0.0
  has 0 dependencies
  has 0 peers
Evaluating '@types/http-proxy' ...
  got types/http-proxy
  has 2 dependencies
  has 0 peers
Evaluating 'stackframe' ...
  got 1.3.4
  has 0 dependencies
  has 0 peers
Evaluating 'd3-array' ...
  got 3.2.4
  has 1 dependencies
  has 0 peers
Evaluating 'error-stack-parser' ...
  got 2.1.4
  has 1 dependencies
  has 0 peers
Evaluating 'language-tags' ...
  got 2.1.0
  has 1 dependencies
  has 0 peers
Evaluating 'language-subtag-registry' ...
  got 0.4.2
  has 0 dependencies
  has 0 peers
Evaluating '@types/retry' ...
  got types/retry
  has 0 dependencies
  has 0 peers
Evaluating 'confusing-browser-globals' ...
  got 1.0.11
  has 0 dependencies
  has 0 peers
Evaluating '@types/source-list-map' ...
  got types/source-list-map
  has 0 dependencies
  has 0 peers
Evaluating 'formidable' ...
  got 3.5.4
  has 6 dependencies
  has 0 peers
Evaluating 'd3-path' ...
  got 3.1.0
  has 0 dependencies
  has 0 peers
Evaluating '@babel/plugin-transform-react-pure-annotations' ...
  got babel/core
  has 5 dependencies
  has 1 peers
Evaluating 'd3-shape' ...
  got 3.2.0
  has 1 dependencies
  has 0 peers
Evaluating 'stealthy-require' ...
  got 1.1.1
  has 0 dependencies
  has 0 peers
Evaluating 'react-lifecycles-compat' ...
  got 3.0.4
  has 0 dependencies
  has 0 peers
Evaluating 'd3-format' ...
  got 3.1.2
  has 0 dependencies
  has 0 peers
Evaluating 'ora' ...
  got 9.4.0
  has 16 dependencies
  has 0 peers
Evaluating '@babel/preset-typescript' ...
  got babel/core
  has 33 dependencies
  has 1 peers
Evaluating 'd3-scale' ...
  got 4.0.2
  has 7 dependencies
  has 0 peers
Evaluating 'get-stdin' ...
  got 10.0.0
  has 0 dependencies
  has 0 peers
Evaluating 'lodash.defaults' ...
  got 4.2.0
  has 0 dependencies
  has 0 peers
Evaluating 'ast-types' ...
  got 0.14.2
  has 1 dependencies
  has 0 peers
Evaluating 'request-promise-core' ...
  got ^2.34
  has 1 dependencies
  has 1 peers
Evaluating '@types/normalize-package-data' ...
  got types/normalize-package-data
  has 0 dependencies
  has 0 peers
Evaluating '@types/resolve' ...
  got types/resolve
  has 0 dependencies
  has 0 peers
Evaluating 'html-loader' ...
  got 5.1.0
  has 0 dependencies
  has 1 peers
Evaluating 'popper.js' ...
  got 1.16.1
  has 0 dependencies
  has 0 peers
Evaluating 'stringify-object' ...
  got 6.0.0
  has 15 dependencies
  has 0 peers
Evaluating 'xml2js' ...
  got 0.6.2
  has 2 dependencies
  has 0 peers
Evaluating '@tsconfig/node14' ...
  got tsconfig/node14
  has 0 dependencies
  has 0 peers
Evaluating 'immer' ...
  got 11.1.4
  has 0 dependencies
  has 0 peers
Evaluating 'd3-dispatch' ...
  got 3.0.1
  has 0 dependencies
  has 0 peers
Evaluating 'defined' ...
  got 1.0.1
  has 0 dependencies
  has 0 peers
Evaluating 'xterm' ...
  got 5.3.0
  has 0 dependencies
  has 0 peers
Evaluating '@tsconfig/node16' ...
  got tsconfig/node16
  has 0 dependencies
  has 0 peers
Evaluating 'any-promise' ...
  got 1.3.0
  has 0 dependencies
  has 0 peers
Evaluating 'rw' ...
  got 1.3.3
  has 0 dependencies
  has 0 peers
Evaluating 'common-tags' ...
  got 1.8.2
  has 0 dependencies
  has 0 peers
Evaluating '@tsconfig/node10' ...
  got tsconfig/node10
  has 0 dependencies
  has 0 peers
Evaluating '@tsconfig/node12' ...
  got tsconfig/node12
  has 0 dependencies
  has 0 peers
Evaluating '@webassemblyjs/wast-parser' ...
  got webassemblyjs/wast-parser
  has 9 dependencies
  has 0 peers
Evaluating '@webassemblyjs/helper-code-frame' ...
  got webassemblyjs/helper-code-frame
  has 7 dependencies
  has 0 peers
Evaluating '@webassemblyjs/helper-fsm' ...
  got webassemblyjs/helper-fsm
  has 0 dependencies
  has 0 peers
Evaluating 'ansi-html-community' ...
  got 0.0.8
  has 0 dependencies
  has 0 peers
Evaluating 'fraction.js' ...
  got 5.3.4
  has 0 dependencies
  has 0 peers
Evaluating 'is-builtin-module' ...
  got 5.0.0
  has 1 dependencies
  has 0 peers
Evaluating 'sanitize-html' ...
  got 2.17.3
  has 15 dependencies
  has 0 peers
Evaluating 'raw-loader' ...
  got 4.0.2
  has 0 dependencies
  has 1 peers
Evaluating 'node-gyp-build' ...
  got 4.8.4
  has 0 dependencies
  has 0 peers
Evaluating '@babel/plugin-syntax-decorators' ...
  got babel/core
  has 1 dependencies
  has 1 peers
Evaluating 'js-sdsl' ...
  got 4.4.2
  has 0 dependencies
  has 0 peers
Evaluating 'safe-stable-stringify' ...
  got 2.5.0
  has 0 dependencies
  has 0 peers
Evaluating '@babel/plugin-proposal-decorators' ...
  got babel/core
  has 27 dependencies
  has 1 peers
Evaluating 'lodash._reinterpolate' ...
  got 3.0.0
  has 0 dependencies
  has 0 peers
Evaluating 'lodash.template' ...
  got 4.18.1
  has 2 dependencies
  has 0 peers
Evaluating 'lodash.templatesettings' ...
  got 4.2.0
  has 1 dependencies
  has 0 peers
Evaluating 'winston' ...
  got 3.19.0
  has 27 dependencies
  has 0 peers
Evaluating 'tree-kill' ...
  got 1.2.2
  has 0 dependencies
  has 0 peers
Evaluating '@babel/plugin-syntax-import-assertions' ...
  got babel/core
  has 1 dependencies
  has 1 peers
Evaluating 'invariant' ...
  got 2.2.4
  has 2 dependencies
  has 0 peers
Evaluating 'address' ...
  got 2.0.3
  has 0 dependencies
  has 0 peers
Evaluating '@webassemblyjs/helper-module-context' ...
  got webassemblyjs/helper-module-context
  has 9 dependencies
  has 0 peers
Evaluating '@cspotcode/source-map-support' ...
  got cspotcode/source-map-support
  has 3 dependencies
  has 0 peers
Evaluating 'get-own-enumerable-property-symbols' ...
  got 3.0.2
  has 0 dependencies
  has 0 peers
Evaluating 'dependency-graph' ...
  got 1.0.0
  has 0 dependencies
  has 0 peers
Evaluating 'tar-fs' ...
  got 3.1.2
  has 17 dependencies
  has 0 peers
Evaluating 'webpack-bundle-analyzer' ...
  got 5.3.0
  has 13 dependencies
  has 0 peers
Evaluating '@babel/plugin-transform-flow-strip-types' ...
  got babel/core
  has 2 dependencies
  has 1 peers
Evaluating '@babel/plugin-syntax-flow' ...
  got babel/core
  has 1 dependencies
  has 1 peers
Evaluating 'd3-hierarchy' ...
  got 3.1.2
  has 0 dependencies
  has 0 peers
Evaluating 'p-timeout' ...
  got 7.0.1
  has 0 dependencies
  has 0 peers
Evaluating 'postcss-custom-media' ...
  got ^8.4
  has 4 dependencies
  has 1 peers
Evaluating 'cookiejar' ...
  got 2.1.4
  has 0 dependencies
  has 0 peers
Evaluating 'bcryptjs' ...
  got 3.0.3
  has 0 dependencies
  has 0 peers
Evaluating 'codemirror' ...
  got 6.0.2
  has 14 dependencies
  has 0 peers
Evaluating 'bson' ...
  got 7.2.0
  has 0 dependencies
  has 0 peers
Evaluating 'postcss-focus-within' ...
  got ^8.4
  has 3 dependencies
  has 1 peers
Evaluating 'raf' ...
  got 3.4.1
  has 1 dependencies
  has 0 peers
Evaluating 'd3-geo' ...
  got 3.1.1
  has 2 dependencies
  has 0 peers
Evaluating 'block-stream' ...
  got 0.0.9
  has 1 dependencies
  has 0 peers
Evaluating 'globalthis' ...
  got 1.0.4
  has 7 dependencies
  has 0 peers
Evaluating 'd3-quadtree' ...
  got 3.0.1
  has 0 dependencies
  has 0 peers
Evaluating 'd3-force' ...
  got 3.0.0
  has 3 dependencies
  has 0 peers
Evaluating 'lodash.mergewith' ...
  got 4.6.2
  has 0 dependencies
  has 0 peers
Evaluating 'resize-observer-polyfill' ...
  got 1.5.1
  has 0 dependencies
  has 0 peers
Evaluating 'mongodb' ...
  got 7.2.0
  has 11 dependencies
  has 7 peers
Evaluating 'd3-dsv' ...
  got 3.0.1
  has 4 dependencies
  has 0 peers
Evaluating '@rollup/pluginutils' ...
  got rollup/pluginutils
  has 3 dependencies
  has 1 peers
Evaluating 'filelist' ...
  got 2.0.2
  has 3 dependencies
  has 0 peers
Evaluating 'v8-compile-cache-lib' ...
  got 3.0.1
  has 0 dependencies
  has 0 peers
Evaluating 'object.hasown' ...
  got 1.1.4
  has 89 dependencies
  has 0 peers
Evaluating 'react-base16-styling' ...
  got 0.10.0
  has 9 dependencies
  has 0 peers
Evaluating 'base16' ...
  got 1.0.0
  has 0 dependencies
  has 0 peers
Evaluating '@yarnpkg/lockfile' ...
  got yarnpkg/lockfile
  has 0 dependencies
  has 0 peers
Evaluating 'superagent' ...
  got 10.3.0
  has 41 dependencies
  has 0 peers
Evaluating 'postcss-custom-properties' ...
  got ^8.4
  has 5 dependencies
  has 1 peers
Evaluating '1to2' ...
  got 1.0.0
  has 12 dependencies
  has 0 peers
Evaluating 'temp-dir' ...
  got 3.0.0
  has 0 dependencies
  has 0 peers
Evaluating 'symbol-observable' ...
  got 4.0.0
  has 0 dependencies
  has 0 peers
Evaluating 'postcss-nesting' ...
  got ^8.4
  has 5 dependencies
  has 1 peers
Evaluating '@babel/runtime-corejs3' ...
  got babel/runtime-corejs3
  has 1 dependencies
  has 0 peers
Evaluating 'pluralize' ...
  got 8.0.0
  has 0 dependencies
  has 0 peers
Evaluating 'fast-json-patch' ...
  got 3.1.1
  has 0 dependencies
  has 0 peers
Evaluating 'is-module' ...
  got 1.0.0
  has 0 dependencies
  has 0 peers
Evaluating 'postcss-selector-not' ...
  got ^8.4
  has 3 dependencies
  has 1 peers
Evaluating 'postcss-custom-selectors' ...
  got ^8.4
  has 6 dependencies
  has 1 peers
Evaluating 'case-sensitive-paths-webpack-plugin' ...
  got 2.4.0
  has 0 dependencies
  has 0 peers
Evaluating 'tsscmp' ...
  got 1.0.6
  has 0 dependencies
  has 0 peers
Evaluating 'postcss-initial' ...
  got 3.0.4
  has 3 dependencies
  has 0 peers
Evaluating 'postcss-pseudo-class-any-link' ...
  got ^8.4
  has 3 dependencies
  has 1 peers
Evaluating 'postcss-font-variant' ...
  got ^8.1.0
  has 0 dependencies
  has 1 peers
Evaluating 'postcss-color-hex-alpha' ...
  got ^8.4
  has 2 dependencies
  has 1 peers
Evaluating 'postcss-attribute-case-insensitive' ...
  got ^8.4
  has 3 dependencies
  has 1 peers
Evaluating 'postcss-color-rebeccapurple' ...
  got ^8.4
  has 2 dependencies
  has 1 peers
Evaluating 'postcss-replace-overflow-wrap' ...
  got ^8.0.3
  has 0 dependencies
  has 1 peers
Evaluating 'is-interactive' ...
  got 2.0.0
  has 0 dependencies
  has 0 peers
Evaluating 'eslint-plugin-jest' ...
  got ^8.57.0 || ^9.0.0 || ^10.0.0
  has 20 dependencies
  has 4 peers
Evaluating 'postcss-focus-visible' ...
  got ^8.4
  has 3 dependencies
  has 1 peers
Evaluating 'portfinder' ...
  got 1.0.38
  has 3 dependencies
  has 0 peers
Evaluating 'postcss-media-minmax' ...
  got ^8.1.0
  has 0 dependencies
  has 1 peers
Evaluating 'postcss-logical' ...
  got ^8.4
  has 1 dependencies
  has 1 peers
Evaluating 'postcss-dir-pseudo-class' ...
  got ^8.4
  has 3 dependencies
  has 1 peers
Evaluating 'sort-object-keys' ...
  got 2.1.0
  has 0 dependencies
  has 0 peers
Evaluating 'postcss-color-functional-notation' ...
  got ^8.4
  has 8 dependencies
  has 1 peers
Evaluating 'postcss-preset-env' ...
  got ^8.4
  has 95 dependencies
  has 1 peers
Evaluating 'postcss-page-break' ...
  got ^8
  has 0 dependencies
  has 1 peers
Evaluating 'cssdb' ...
  got 8.8.0
  has 0 dependencies
  has 0 peers
Evaluating 'postcss-overflow-shorthand' ...
  got ^8.4
  has 1 dependencies
  has 1 peers
Evaluating 'postcss-image-set-function' ...
  got ^8.4
  has 2 dependencies
  has 1 peers
Evaluating 'postcss-lab-function' ...
  got ^8.4
  has 8 dependencies
  has 1 peers
Evaluating 'postcss-gap-properties' ...
  got ^8.4
  has 0 dependencies
  has 1 peers
Evaluating 'postcss-place' ...
  got ^8.4
  has 1 dependencies
  has 1 peers
Evaluating 'lodash.truncate' ...
  got 4.4.2
  has 0 dependencies
  has 0 peers
Evaluating 'lodash.flatten' ...
  got 4.4.0
  has 0 dependencies
  has 0 peers
Evaluating 'homedir-polyfill' ...
  got 1.0.3
  has 1 dependencies
  has 0 peers
Evaluating 'parse-passwd' ...
  got 1.0.0
  has 0 dependencies
  has 0 peers
Evaluating 'postcss-double-position-gradients' ...
  got ^8.4
  has 3 dependencies
  has 1 peers
Evaluating '@types/connect-history-api-fallback' ...
  got types/connect-history-api-fallback
  has 6 dependencies
  has 0 peers
Evaluating 'sort-package-json' ...
  got 3.6.1
  has 9 dependencies
  has 0 peers
Evaluating 'react-json-tree' ...
  got types/react
  has 10 dependencies
  has 2 peers
Evaluating 'memory-pager' ...
  got 1.5.0
  has 0 dependencies
  has 0 peers
Evaluating 'sparse-bitfield' ...
  got 3.0.3
  has 1 dependencies
  has 0 peers
Evaluating 'css-prefers-color-scheme' ...
  got 11.0.0
  has 0 dependencies
  has 1 peers
Evaluating 'css-has-pseudo' ...
  got 8.0.0
  has 0 dependencies
  has 1 peers
Evaluating 'css-blank-pseudo' ...
  got 8.0.1
  has 0 dependencies
  has 1 peers
Evaluating 'cookies' ...
  got 0.9.1
  has 3 dependencies
  has 0 peers
Evaluating 'keygrip' ...
  got 1.1.0
  has 1 dependencies
  has 0 peers
Evaluating 'is-absolute-url' ...
  got 5.0.0
  has 0 dependencies
  has 0 peers
Evaluating 'child_process' ...
  got 1.0.2
  has 0 dependencies
  has 0 peers
Evaluating 'is-root' ...
  got 3.0.0
  has 0 dependencies
  has 0 peers
Evaluating 'num2fraction' ...
  got 1.2.2
  has 0 dependencies
  has 0 peers
Evaluating 'immediate' ...
  got 3.3.0
  has 0 dependencies
  has 0 peers
Evaluating 'postcss-env-function' ...
  got ^8.4
  has 1 dependencies
  has 1 peers
Evaluating 'pino' ...
  got 10.3.1
  has 12 dependencies
  has 0 peers
Evaluating 'quick-format-unescaped' ...
  got 4.0.4
  has 0 dependencies
  has 0 peers
Evaluating 'ajv-errors' ...
  got ^8.0.1
  has 0 dependencies
  has 1 peers
Evaluating 'resolve-url-loader' ...
  got 5.0.0
  has 12 dependencies
  has 0 peers
Evaluating 'recursive-readdir' ...
  got 2.2.3
  has 4 dependencies
  has 0 peers
Evaluating 'create-react-class' ...
  got 15.7.0
  has 3 dependencies
  has 0 peers
Evaluating 'regex-parser' ...
  got 2.3.1
  has 0 dependencies
  has 0 peers
Evaluating 'adjust-sourcemap-loader' ...
  got 5.0.0
  has 2 dependencies
  has 0 peers
Evaluating 'alphanum-sort' ...
  got 1.0.2
  has 0 dependencies
  has 0 peers
Evaluating 'react-paginate' ...
  got ^16 || ^17 || ^18 || ^19
  has 5 dependencies
  has 1 peers
Evaluating 'pino-std-serializers' ...
  got 7.1.0
  has 0 dependencies
  has 0 peers
Evaluating 'sonic-boom' ...
  got 5.0.0
  has 1 dependencies
  has 0 peers
Evaluating '@babel/plugin-transform-react-constant-elements' ...
  got babel/core
  has 1 dependencies
  has 1 peers
Evaluating 'fast-redact' ...
  got 3.5.0
  has 0 dependencies
  has 0 peers
Evaluating '@types/serve-index' ...
  got types/serve-index
  has 11 dependencies
  has 0 peers
Evaluating '@types/sockjs' ...
  got types/sockjs
  has 2 dependencies
  has 0 peers
Evaluating '@types/bonjour' ...
  got types/bonjour
  has 2 dependencies
  has 0 peers
Evaluating '@jupyterlab/coreutils' ...
  got jupyterlab/coreutils
  has 9 dependencies
  has 0 peers
Evaluating 'react-popper' ...
  got popperjs/core
  has 4 dependencies
  has 3 peers
Evaluating '@jupyterlab/services' ...
  got jupyterlab/services
  has 45 dependencies
  has 0 peers
Evaluating '@jupyterlab/codeeditor' ...
  got jupyterlab/codeeditor
  has 98 dependencies
  has 0 peers
Evaluating '@jupyterlab/codemirror' ...
  got jupyterlab/codemirror
  has 138 dependencies
  has 0 peers
Evaluating '@jupyterlab/apputils' ...
  got jupyterlab/apputils
  has 95 dependencies
  has 0 peers
Evaluating '@jupyterlab/rendermime-interfaces' ...
  got jupyterlab/rendermime-interfaces
  has 13 dependencies
  has 0 peers
Evaluating '@jupyterlab/rendermime' ...
  got jupyterlab/rendermime
  has 97 dependencies
  has 0 peers
Evaluating '@jupyterlab/observables' ...
  got jupyterlab/observables
  has 6 dependencies
  has 0 peers
Evaluating '@jupyterlab/docmanager' ...
  got jupyterlab/docmanager
  has 102 dependencies
  has 0 peers
Evaluating '@jupyterlab/launcher' ...
  got jupyterlab/launcher
  has 96 dependencies
  has 0 peers
Evaluating '@jupyterlab/notebook' ...
  got jupyterlab/notebook
  has 394 dependencies
  has 0 peers
Evaluating '@jupyterlab/outputarea' ...
  got jupyterlab/outputarea
  has 98 dependencies
  has 0 peers
Evaluating '@jupyterlab/cells' ...
  got jupyterlab/cells
  has 253 dependencies
  has 0 peers
Evaluating '@jupyterlab/filebrowser' ...
  got jupyterlab/filebrowser
  has 209 dependencies
  has 0 peers
Evaluating '@jupyterlab/docregistry' ...
  got jupyterlab/docregistry
  has 101 dependencies
  has 0 peers
Evaluating '@jupyterlab/console' ...
  got jupyterlab/console
  has 254 dependencies
  has 0 peers
Evaluating '@jupyterlab/fileeditor' ...
  got jupyterlab/fileeditor
  has 153 dependencies
  has 0 peers
Evaluating '@jupyterlab/application' ...
  got jupyterlab/application
  has 104 dependencies
  has 0 peers
Evaluating '@jupyterlab/launcher-extension' ...
  got jupyterlab/launcher-extension
  has 214 dependencies
  has 0 peers
Evaluating '@jupyterlab/inspector' ...
  got jupyterlab/inspector
  has 101 dependencies
  has 0 peers
Evaluating '@jupyterlab/buildutils' ...
  got jupyterlab/buildutils
  has 474 dependencies
  has 0 peers
Evaluating '@jupyterlab/csvviewer' ...
  got jupyterlab/csvviewer
  has 103 dependencies
  has 0 peers
Evaluating '@jupyterlab/theme-dark-extension' ...
  got jupyterlab/theme-dark-extension
  has 105 dependencies
  has 0 peers
Evaluating '@jupyterlab/filebrowser-extension' ...
  got jupyterlab/filebrowser-extension
  has 213 dependencies
  has 0 peers
Evaluating '@jupyterlab/mainmenu' ...
  got jupyterlab/mainmenu
  has 96 dependencies
  has 0 peers
Evaluating '@jupyterlab/shortcuts-extension' ...
  got jupyterlab/shortcuts-extension
  has 105 dependencies
  has 0 peers
Evaluating '@jupyterlab/console-extension' ...
  got jupyterlab/console-extension
  has 261 dependencies
  has 0 peers
Evaluating '@jupyterlab/docmanager-extension' ...
  got jupyterlab/docmanager-extension
  has 106 dependencies
  has 0 peers
Evaluating '@jupyterlab/apputils-extension' ...
  got jupyterlab/apputils-extension
  has 109 dependencies
  has 0 peers
Evaluating '@jupyterlab/imageviewer' ...
  got jupyterlab/imageviewer
  has 102 dependencies
  has 0 peers
Evaluating '@jupyterlab/imageviewer-extension' ...
  got jupyterlab/imageviewer-extension
  has 106 dependencies
  has 0 peers
Evaluating '@jupyterlab/theme-light-extension' ...
  got jupyterlab/theme-light-extension
  has 105 dependencies
  has 0 peers
Evaluating '@jupyterlab/notebook-extension' ...
  got jupyterlab/notebook-extension
  has 406 dependencies
  has 0 peers
Evaluating '@jupyterlab/completer' ...
  got jupyterlab/completer
  has 141 dependencies
  has 0 peers
Evaluating '@jupyterlab/fileeditor-extension' ...
  got jupyterlab/fileeditor-extension
  has 272 dependencies
  has 0 peers
Evaluating '@jupyterlab/markdownviewer-extension' ...
  got jupyterlab/markdownviewer-extension
  has 107 dependencies
  has 0 peers
Evaluating '@jupyterlab/running-extension' ...
  got jupyterlab/running-extension
  has 107 dependencies
  has 0 peers
Evaluating '@jupyterlab/settingeditor-extension' ...
  got jupyterlab/settingeditor-extension
  has 120 dependencies
  has 0 peers
Evaluating '@jupyterlab/running' ...
  got jupyterlab/running
  has 96 dependencies
  has 0 peers
Evaluating '@jupyterlab/codemirror-extension' ...
  got jupyterlab/codemirror-extension
  has 397 dependencies
  has 0 peers
Evaluating '@jupyterlab/terminal' ...
  got jupyterlab/terminal
  has 106 dependencies
  has 0 peers
Evaluating '@jupyterlab/completer-extension' ...
  got jupyterlab/completer-extension
  has 146 dependencies
  has 0 peers
Evaluating '@jupyterlab/tooltip' ...
  got jupyterlab/tooltip
  has 101 dependencies
  has 0 peers
Evaluating '@jupyterlab/terminal-extension' ...
  got jupyterlab/terminal-extension
  has 120 dependencies
  has 0 peers
Evaluating '@jupyterlab/json-extension' ...
  got jupyterlab/json-extension
  has 155 dependencies
  has 0 peers
Evaluating '@jupyterlab/help-extension' ...
  got jupyterlab/help-extension
  has 106 dependencies
  has 0 peers
Evaluating '@jupyterlab/inspector-extension' ...
  got jupyterlab/inspector-extension
  has 398 dependencies
  has 0 peers
Evaluating '@jupyterlab/application-extension' ...
  got jupyterlab/application-extension
  has 106 dependencies
  has 0 peers
Evaluating '@jupyterlab/pdf-extension' ...
  got jupyterlab/pdf-extension
  has 14 dependencies
  has 0 peers
Evaluating '@jupyterlab/tooltip-extension' ...
  got jupyterlab/tooltip-extension
  has 400 dependencies
  has 0 peers
Evaluating '@jupyterlab/csvviewer-extension' ...
  got jupyterlab/csvviewer-extension
  has 109 dependencies
  has 0 peers
Evaluating '@jupyterlab/mainmenu-extension' ...
  got jupyterlab/mainmenu-extension
  has 214 dependencies
  has 0 peers
Evaluating '@jupyterlab/settingeditor' ...
  got jupyterlab/settingeditor
  has 109 dependencies
  has 0 peers
Evaluating '@jupyterlab/rendermime-extension' ...
  got jupyterlab/rendermime-extension
  has 106 dependencies
  has 0 peers
Evaluating 'duplicate-package-checker-webpack-plugin' ...
  got 3.0.0
  has 10 dependencies
  has 0 peers
Evaluating 'is-array-buffer' ...
  got 3.0.5
  has 17 dependencies
  has 0 peers
Evaluating 'topojson-client' ...
  got 3.1.0
  has 1 dependencies
  has 0 peers
Evaluating 'mkdirp-classic' ...
  got 0.5.3
  has 0 dependencies
  has 0 peers
Evaluating 'caller-path' ...
  got 4.0.0
  has 2 dependencies
  has 0 peers
Evaluating 'json-stringify-pretty-compact' ...
  got 4.0.0
  has 0 dependencies
  has 0 peers
Evaluating 'private' ...
  got 0.1.8
  has 0 dependencies
  has 0 peers
Evaluating 'postcss-flexbugs-fixes' ...
  got ^8.1.4
  has 0 dependencies
  has 1 peers
Evaluating 'eslint-config-prettier' ...
  got >=7.0.0
  has 0 dependencies
  has 1 peers
Evaluating 'toposort' ...
  got 2.0.2
  has 0 dependencies
  has 0 peers
Evaluating '@jupyterlab/attachments' ...
  got jupyterlab/attachments
  has 98 dependencies
  has 0 peers
Evaluating '@jupyterlab/extensionmanager' ...
  got jupyterlab/extensionmanager
  has 97 dependencies
  has 0 peers
Evaluating '@jupyterlab/extensionmanager-extension' ...
  got jupyterlab/extensionmanager-extension
  has 107 dependencies
  has 0 peers
Evaluating '@jupyterlab/javascript-extension' ...
  got jupyterlab/javascript-extension
  has 98 dependencies
  has 0 peers
Evaluating '@svgr/core' ...
  got svgr/core
  has 67 dependencies
  has 0 peers
Evaluating '@jest/expect' ...
  got jest/expect
  has 152 dependencies
  has 0 peers
Evaluating 'request-promise-native' ...
  got ^2.34
  has 6 dependencies
  has 1 peers
Evaluating 'natural-compare-lite' ...
  got 1.4.0
  has 0 dependencies
  has 0 peers
Evaluating 'react-error-overlay' ...
  got 6.1.0
  has 0 dependencies
  has 0 peers
Evaluating 'lodash.isarguments' ...
  got 3.1.0
  has 0 dependencies
  has 0 peers
Evaluating '@svgr/babel-plugin-svg-dynamic-title' ...
  got babel/core
  has 0 dependencies
  has 1 peers
Evaluating '@svgr/hast-util-to-babel-ast' ...
  got svgr/hast-util-to-babel-ast
  has 4 dependencies
  has 0 peers
Evaluating '@svgr/babel-plugin-add-jsx-attribute' ...
  got babel/core
  has 0 dependencies
  has 1 peers
Evaluating '@svgr/babel-plugin-remove-jsx-empty-expression' ...
  got babel/core
  has 0 dependencies
  has 1 peers
Evaluating '@svgr/babel-plugin-remove-jsx-attribute' ...
  got babel/core
  has 0 dependencies
  has 1 peers
Evaluating '@svgr/babel-plugin-replace-jsx-attribute-value' ...
  got babel/core
  has 0 dependencies
  has 1 peers
Evaluating '@svgr/babel-plugin-transform-svg-component' ...
  got babel/core
  has 0 dependencies
  has 1 peers
Evaluating '@svgr/plugin-jsx' ...
  got svgr/core
  has 51 dependencies
  has 1 peers
Evaluating '@svgr/babel-preset' ...
  got babel/core
  has 8 dependencies
  has 1 peers
Evaluating '@svgr/babel-plugin-transform-react-native-svg' ...
  got babel/core
  has 0 dependencies
  has 1 peers
Evaluating '@svgr/babel-plugin-svg-em-dimensions' ...
  got babel/core
  has 0 dependencies
  has 1 peers
Evaluating '@rollup/plugin-node-resolve' ...
  got rollup/plugin-node-resolve
  has 14 dependencies
  has 1 peers
Evaluating 'react-dev-utils' ...
  got 12.0.1
  has 138 dependencies
  has 0 peers
Evaluating 'duplexer2' ...
  got 0.1.4
  has 8 dependencies
  has 0 peers
Evaluating 'atomic-sleep' ...
  got 1.0.0
  has 0 dependencies
  has 0 peers
Evaluating '@svgr/webpack' ...
  got svgr/webpack
  has 196 dependencies
  has 0 peers
Evaluating 'svg-parser' ...
  got 2.0.4
  has 0 dependencies
  has 0 peers
Evaluating 'saslprep' ...
  got 1.0.3
  has 2 dependencies
  has 0 peers
Evaluating '@svgr/plugin-svgo' ...
  got svgr/core
  has 36 dependencies
  has 1 peers
Evaluating 'morgan' ...
  got 1.10.1
  has 8 dependencies
  has 0 peers
Evaluating 'css' ...
  got 3.0.0
  has 5 dependencies
  has 0 peers
Evaluating 'strip-comments' ...
  got 2.0.1
  has 0 dependencies
  has 0 peers
Evaluating 'harmony-reflect' ...
  got 1.6.2
  has 0 dependencies
  has 0 peers
Evaluating 'is-property' ...
  got 1.0.2
  has 0 dependencies
  has 0 peers
Evaluating 'identity-obj-proxy' ...
  got 3.0.0
  has 1 dependencies
  has 0 peers
Evaluating 'detect-port-alt' ...
  got 1.1.6
  has 3 dependencies
  has 0 peers
Evaluating 'generate-function' ...
  got 2.3.1
  has 1 dependencies
  has 0 peers
Evaluating 'date-fns' ...
  got 4.1.0
  has 0 dependencies
  has 0 peers
Evaluating 'vega-dataflow' ...
  got 6.1.0
  has 16 dependencies
  has 0 peers
Evaluating 'vega-scenegraph' ...
  got 5.1.0
  has 24 dependencies
  has 0 peers
Evaluating 'vega-event-selector' ...
  got 4.0.0
  has 0 dependencies
  has 0 peers
Evaluating 'vega-lite' ...
  got ^6.0.0
  has 19 dependencies
  has 1 peers
Evaluating 'css.escape' ...
  got 1.5.1
  has 0 dependencies
  has 0 peers
Evaluating 'vega-expression' ...
  got 6.1.0
  has 2 dependencies
  has 0 peers
Evaluating 'vega-util' ...
  got 2.1.0
  has 0 dependencies
  has 0 peers
Evaluating 'vega-schema-url-parser' ...
  got 3.0.2
  has 0 dependencies
  has 0 peers
Evaluating 'vega-loader' ...
  got 5.1.0
  has 15 dependencies
  has 0 peers
Evaluating 'fecha' ...
  got 4.2.3
  has 0 dependencies
  has 0 peers
Evaluating 'vega-geo' ...
  got 5.1.0
  has 27 dependencies
  has 0 peers
Evaluating 'vega-encode' ...
  got 5.1.0
  has 22 dependencies
  has 0 peers
Evaluating 'vega-wordcloud' ...
  got 5.1.0
  has 24 dependencies
  has 0 peers
Evaluating 'vega-scale' ...
  got 8.1.0
  has 11 dependencies
  has 0 peers
Evaluating 'vega-canvas' ...
  got 2.0.0
  has 0 dependencies
  has 0 peers
Evaluating 'vega-runtime' ...
  got 7.1.0
  has 17 dependencies
  has 0 peers
Evaluating 'vega-crossfilter' ...
  got 5.1.0
  has 17 dependencies
  has 0 peers
Evaluating 'vega-projection' ...
  got 2.1.0
  has 15 dependencies
  has 0 peers
Evaluating 'vega-force' ...
  got 5.1.0
  has 21 dependencies
  has 0 peers
Evaluating 'vega-statistics' ...
  got 2.0.0
  has 2 dependencies
  has 0 peers
Evaluating 'vega-voronoi' ...
  got 5.1.0
  has 20 dependencies
  has 0 peers
Evaluating 'vega-view-transforms' ...
  got 5.1.0
  has 26 dependencies
  has 0 peers
Evaluating 'vega-hierarchy' ...
  got 5.1.0
  has 18 dependencies
  has 0 peers
Evaluating 'vega-transforms' ...
  got 5.1.0
  has 18 dependencies
  has 0 peers
Evaluating 'vega-typings' ...
  got 2.1.0
  has 5 dependencies
  has 0 peers
Evaluating 'vega-parser' ...
  got 7.1.0
  has 33 dependencies
  has 0 peers
Evaluating 'vega-view' ...
  got 6.1.0
  has 34 dependencies
  has 0 peers
Evaluating 'workbox-sw' ...
  got 7.4.0
  has 0 dependencies
  has 0 peers
Evaluating 'workbox-strategies' ...
  got 7.4.0
  has 1 dependencies
  has 0 peers
Evaluating 'workbox-routing' ...
  got 7.4.0
  has 1 dependencies
  has 0 peers
Evaluating 'workbox-core' ...
  got 7.4.0
  has 0 dependencies
  has 0 peers
Evaluating 'workbox-cacheable-response' ...
  got 7.4.0
  has 1 dependencies
  has 0 peers
Evaluating 'vega-tooltip' ...
  got 1.1.0
  has 1 dependencies
  has 0 peers
Evaluating 'workbox-build' ...
  got 7.4.0
  has 329 dependencies
  has 0 peers
Evaluating 'workbox-precaching' ...
  got 7.4.0
  has 3 dependencies
  has 0 peers
Evaluating 'workbox-background-sync' ...
  got 7.4.0
  has 2 dependencies
  has 0 peers
Evaluating 'workbox-google-analytics' ...
  got 7.4.0
  has 5 dependencies
  has 0 peers
Evaluating 'workbox-range-requests' ...
  got 7.4.0
  has 1 dependencies
  has 0 peers
Evaluating 'workbox-streams' ...
  got 7.4.0
  has 2 dependencies
  has 0 peers
Evaluating 'workbox-navigation-preload' ...
  got 7.4.0
  has 1 dependencies
  has 0 peers
Evaluating 'map-obj' ...
  got 6.0.0
  has 0 dependencies
  has 0 peers
Evaluating 'babel-plugin-transform-react-remove-prop-types' ...
  got 0.4.24
  has 0 dependencies
  has 0 peers
Evaluating 'crypto' ...
  got 1.0.1
  has 0 dependencies
  has 0 peers
Evaluating 'triple-beam' ...
  got 1.4.1
  has 0 dependencies
  has 0 peers
Evaluating 'logform' ...
  got 2.7.0
  has 6 dependencies
  has 0 peers
Evaluating 'winston-transport' ...
  got 4.9.0
  has 12 dependencies
  has 0 peers
Evaluating 'vega-embed' ...
  got *
  has 0 dependencies
  has 2 peers
Evaluating 'clsx' ...
  got 2.1.1
  has 0 dependencies
  has 0 peers
Evaluating 'camelcase-keys' ...
  got 10.0.2
  has 5 dependencies
  has 0 peers
Evaluating 'eslint-plugin-flowtype' ...
  got babel/plugin-syntax-flow
  has 2 dependencies
  has 3 peers
Evaluating 'tempy' ...
  got 3.2.0
  has 6 dependencies
  has 0 peers
Evaluating 'needle' ...
  got 3.5.0
  has 3 dependencies
  has 0 peers
Evaluating 'typed-array-length' ...
  got 1.0.7
  has 88 dependencies
  has 0 peers
Evaluating 'es-set-tostringtag' ...
  got 2.1.0
  has 13 dependencies
  has 0 peers
Evaluating 'vega-themes' ...
  got *
  has 0 dependencies
  has 2 peers
Evaluating 'enabled' ...
  got 2.0.0
  has 0 dependencies
  has 0 peers
Evaluating 'text-hex' ...
  got 1.0.0
  has 0 dependencies
  has 0 peers
Evaluating 'colorspace' ...
  got 1.1.4
  has 7 dependencies
  has 0 peers
Evaluating 'kuler' ...
  got 2.0.0
  has 0 dependencies
  has 0 peers
Evaluating '@testing-library/dom' ...
  got testing-library/dom
  has 14 dependencies
  has 0 peers
Evaluating 'one-time' ...
  got 1.0.0
  has 1 dependencies
  has 0 peers
Evaluating 'dom-accessibility-api' ...
  got 0.7.1
  has 0 dependencies
  has 0 peers
Evaluating 'webpack-manifest-plugin' ...
  got ^5.75.0
  has 2 dependencies
  has 1 peers
Evaluating 'es-array-method-boxes-properly' ...
  got 1.0.0
  has 0 dependencies
  has 0 peers
Evaluating 'lodash.isequal' ...
  got 4.5.0
  has 0 dependencies
  has 0 peers
Evaluating 'read-cache' ...
  got 1.0.0
  has 1 dependencies
  has 0 peers
Evaluating 'lz-string' ...
  got 1.5.0
  has 0 dependencies
  has 0 peers
Evaluating 'eslint-config-react-app' ...
  got ^8.0.0
  has 374 dependencies
  has 1 peers
Evaluating 'is-utf8' ...
  got 0.2.1
  has 0 dependencies
  has 0 peers
Evaluating '@fortawesome/fontawesome-free' ...
  got fortawesome/fontawesome-free
  has 0 dependencies
  has 0 peers
Evaluating 'optimist' ...
  got 0.6.1
  has 2 dependencies
  has 0 peers
Evaluating 'workbox-expiration' ...
  got 7.4.0
  has 2 dependencies
  has 0 peers
Evaluating 'workbox-broadcast-update' ...
  got 7.4.0
  has 1 dependencies
  has 0 peers
Evaluating 'workbox-window' ...
  got 7.4.0
  has 2 dependencies
  has 0 peers
Evaluating 'workbox-webpack-plugin' ...
  got ^4.4.0 || ^5.91.0
  has 332 dependencies
  has 1 peers
Evaluating '@types/aria-query' ...
  got types/aria-query
  has 0 dependencies
  has 0 peers
Evaluating 'postcss-nested' ...
  got ^8.2.14
  has 3 dependencies
  has 1 peers
Evaluating 'is-path-in-cwd' ...
  got 4.0.0
  has 1 dependencies
  has 0 peers
Evaluating '@pmmmwh/react-refresh-webpack-plugin' ...
  got pmmmwh/react-refresh-webpack-plugin
  has 0 dependencies
  has 8 peers
Evaluating 'camelcase-css' ...
  got 2.0.1
  has 0 dependencies
  has 0 peers
Evaluating 'rollup-plugin-terser' ...
  got ^2.0.0
  has 24 dependencies
  has 1 peers
Evaluating 'babel-preset-react-app' ...
  got 10.1.0
  has 175 dependencies
  has 0 peers
Evaluating 'fast-diff' ...
  got 1.3.0
  has 0 dependencies
  has 0 peers
Evaluating 'blacklist' ...
  got 1.1.4
  has 0 dependencies
  has 0 peers
Evaluating 'css-color-names' ...
  got 1.0.1
  has 0 dependencies
  has 0 peers
Evaluating 'ncp' ...
  got 2.0.0
  has 0 dependencies
  has 0 peers
Evaluating 'react-highlighter' ...
  got ^0.14.0 || ^15.0.0 || ^16.0.0
  has 8 dependencies
  has 1 peers
Evaluating 'opn' ...
  got 6.0.0
  has 1 dependencies
  has 0 peers
Evaluating '@nteract/transform-vdom' ...
  got nteract/transform-vdom
  has 0 dependencies
  has 1 peers
Evaluating '@jupyterlab/vdom-extension' ...
  got jupyterlab/vdom-extension
  has 204 dependencies
  has 0 peers
Evaluating 'pg-connection-string' ...
  got 2.12.0
  has 0 dependencies
  has 0 peers
Evaluating '@jupyterlab/mathjax2-extension' ...
  got jupyterlab/mathjax2-extension
  has 105 dependencies
  has 0 peers
Evaluating 'meow' ...
  got 14.1.0
  has 0 dependencies
  has 0 peers
Evaluating 'trim-newlines' ...
  got 5.0.0
  has 0 dependencies
  has 0 peers
Evaluating 'babel-plugin-named-asset-import' ...
  got babel/core
  has 0 dependencies
  has 1 peers
Evaluating '@types/react-dom' ...
  got types/react
  has 0 dependencies
  has 1 peers
Evaluating 'es6-weak-map' ...
  got 2.0.3
  has 9 dependencies
  has 0 peers
Evaluating 'jest-watch-typeahead' ...
  got ^30.0.0
  has 57 dependencies
  has 1 peers
Evaluating '@testing-library/jest-dom' ...
  got testing-library/jest-dom
  has 9 dependencies
  has 0 peers
Evaluating 'react-scripts' ...
  got >= 16
  has 1477 dependencies
  has 2 peers
Evaluating '@jupyterlab/mathjax2' ...
  got jupyterlab/mathjax2
  has 18 dependencies
  has 0 peers
Evaluating 'uniqs' ...
  got 2.0.0
  has 0 dependencies
  has 0 peers
Evaluating '@testing-library/react' ...
  got testing-library/dom
  has 0 dependencies
  has 5 peers
Evaluating 'react-app-polyfill' ...
  got 3.0.0
  has 8 dependencies
  has 0 peers
Evaluating '@rollup/plugin-replace' ...
  got rollup/plugin-replace
  has 6 dependencies
  has 1 peers
Evaluating 'react-router' ...
  got >=18
  has 2 dependencies
  has 2 peers
Evaluating 'font-awesome' ...
  got 4.7.0
  has 0 dependencies
  has 0 peers
Evaluating '@hapi/hoek' ...
  got hapi/hoek
  has 0 dependencies
  has 0 peers
Evaluating 'vendors' ...
  got 2.0.1
  has 0 dependencies
  has 0 peers
Evaluating 'thenify' ...
  got 3.3.1
  has 1 dependencies
  has 0 peers
Evaluating 'dlv' ...
  got 1.1.3
  has 0 dependencies
  has 0 peers
Evaluating 'colord' ...
  got 2.9.3
  has 0 dependencies
  has 0 peers
Evaluating 'rfdc' ...
  got 1.4.1
  has 0 dependencies
  has 0 peers
Evaluating 'shelljs' ...
  got 0.10.0
  has 34 dependencies
  has 0 peers
Evaluating 'is-directory' ...
  got 0.3.1
  has 0 dependencies
  has 0 peers
Evaluating 'gud' ...
  got 1.0.0
  has 0 dependencies
  has 0 peers
Evaluating 'didyoumean' ...
  got 1.2.2
  has 0 dependencies
  has 0 peers
Evaluating 'eslint-webpack-plugin' ...
  got ^9.0.0 || ^10.0.0
  has 0 dependencies
  has 2 peers
Evaluating 'delaunator' ...
  got 5.1.0
  has 1 dependencies
  has 0 peers
Evaluating 'd3-delaunay' ...
  got 6.0.4
  has 2 dependencies
  has 0 peers
Evaluating '@testing-library/user-event' ...
  got testing-library/dom
  has 0 dependencies
  has 1 peers
Evaluating '@trysound/sax' ...
  got trysound/sax
  has 0 dependencies
  has 0 peers
Evaluating 'babylon' ...
  got 6.18.0
  has 0 dependencies
  has 0 peers
Evaluating 'postcss-normalize' ...
  got >= 4
  has 3 dependencies
  has 2 peers
Evaluating 'postcss-browser-comments' ...
  got ^4.28.1
  has 0 dependencies
  has 2 peers
Evaluating '@csstools/normalize.css' ...
  got csstools/normalize.css
  has 0 dependencies
  has 0 peers
Evaluating 'react-router-dom' ...
  got >=18
  has 3 dependencies
  has 2 peers
Evaluating 'thenify-all' ...
  got 1.6.0
  has 2 dependencies
  has 0 peers
Evaluating 'mz' ...
  got 2.7.0
  has 4 dependencies
  has 0 peers
Evaluating 'is-resolvable' ...
  got 1.1.0
  has 0 dependencies
  has 0 peers
Evaluating 'lodash.escaperegexp' ...
  got 4.1.2
  has 0 dependencies
  has 0 peers
Evaluating 'mocha' ...
  got 11.7.5
  has 93 dependencies
  has 0 peers
Evaluating 'd3-selection' ...
  got 3.0.0
  has 0 dependencies
  has 0 peers
Evaluating 'sanitize.css' ...
  got 13.0.0
  has 0 dependencies
  has 0 peers
Evaluating 'cssnano-utils' ...
  got 5.0.2
  has 0 dependencies
  has 1 peers
Evaluating '@surma/rollup-plugin-off-main-thread' ...
  got surma/rollup-plugin-off-main-thread
  has 101 dependencies
  has 0 peers
Evaluating '@jupyterlab/hub-extension' ...
  got jupyterlab/hub-extension
  has 105 dependencies
  has 0 peers
Evaluating 'typestyle' ...
  got 2.4.0
  has 2 dependencies
  has 0 peers
Evaluating 'free-style' ...
  got 5.0.1
  has 0 dependencies
  has 0 peers
Evaluating '@jupyterlab/ui-components' ...
  got jupyterlab/ui-components
  has 75 dependencies
  has 1 peers
Evaluating '@jupyterlab/statusbar' ...
  got jupyterlab/statusbar
  has 76 dependencies
  has 0 peers
Evaluating '@jupyterlab/htmlviewer-extension' ...
  got jupyterlab/htmlviewer-extension
  has 106 dependencies
  has 0 peers
Evaluating '@jupyterlab/statusbar-extension' ...
  got jupyterlab/statusbar-extension
  has 105 dependencies
  has 0 peers
Evaluating '@jupyterlab/markdownviewer' ...
  got jupyterlab/markdownviewer
  has 103 dependencies
  has 0 peers
Evaluating '@jupyterlab/documentsearch-extension' ...
  got jupyterlab/documentsearch-extension
  has 106 dependencies
  has 0 peers
Evaluating '@jupyterlab/documentsearch' ...
  got jupyterlab/documentsearch
  has 96 dependencies
  has 0 peers
Evaluating '@jupyterlab/htmlviewer' ...
  got jupyterlab/htmlviewer
  has 102 dependencies
  has 0 peers
Evaluating '@jupyterlab/vega5-extension' ...
  got jupyterlab/vega5-extension
  has 106 dependencies
  has 0 peers
Evaluating 'bignumber.js' ...
  got 11.0.0
  has 0 dependencies
  has 0 peers
Evaluating 'append-field' ...
  got 2.0.0
  has 0 dependencies
  has 0 peers
Evaluating 'postcss-js' ...
  got ^8.4.21
  has 0 dependencies
  has 1 peers
Evaluating 'event-emitter' ...
  got 0.3.5
  has 8 dependencies
  has 0 peers
Evaluating 'multer' ...
  got 2.1.1
  has 15 dependencies
  has 0 peers
Evaluating 'for-own' ...
  got 1.0.0
  has 1 dependencies
  has 0 peers
Evaluating 'exec-sh' ...
  got 0.4.0
  has 0 dependencies
  has 0 peers
Evaluating '@jupyterlab/ui-components-extension' ...
  got jupyterlab/ui-components-extension
  has 105 dependencies
  has 0 peers
Evaluating 'is-generator-function' ...
  got 1.1.2
  has 17 dependencies
  has 0 peers
Evaluating '@mapbox/node-pre-gyp' ...
  got mapbox/node-pre-gyp
  has 19 dependencies
  has 0 peers
Evaluating '@jupyterlab/logconsole' ...
  got jupyterlab/logconsole
  has 99 dependencies
  has 0 peers
Evaluating '@types/testing-library__jest-dom' ...
  got types/testing-library__jest-dom
  has 10 dependencies
  has 0 peers
Evaluating '@jupyterlab/logconsole-extension' ...
  got jupyterlab/logconsole-extension
  has 107 dependencies
  has 0 peers
Evaluating 'normalize.css' ...
  got 8.0.1
  has 0 dependencies
  has 0 peers
Evaluating 'hoek' ...
  got 6.1.3
  has 0 dependencies
  has 0 peers
Evaluating 'acorn-node' ...
  got 2.0.1
  has 3 dependencies
  has 0 peers
Evaluating 'rsvp' ...
  got 4.8.5
  has 0 dependencies
  has 0 peers
Evaluating 'sane' ...
  got 5.0.1
  has 39 dependencies
  has 0 peers
Evaluating 'eslint-plugin-testing-library' ...
  got ^8.57.0 || ^9.0.0 || ^10.0.0
  has 20 dependencies
  has 1 peers
Evaluating 'is-set' ...
  got 2.0.3
  has 0 dependencies
  has 0 peers
Evaluating 'is-map' ...
  got 2.0.3
  has 0 dependencies
  has 0 peers
Evaluating 'process-warning' ...
  got 5.0.0
  has 0 dependencies
  has 0 peers
Evaluating 'tailwindcss' ...
  got 4.2.4
  has 0 dependencies
  has 0 peers
Evaluating 'data-uri-to-buffer' ...
  got 8.0.0
  has 0 dependencies
  has 0 peers
Evaluating 'upper-case' ...
  got 3.0.0
  has 0 dependencies
  has 0 peers
Evaluating 'string-natural-compare' ...
  got 3.0.1
  has 0 dependencies
  has 0 peers
Evaluating 'expand-tilde' ...
  got 2.0.2
  has 2 dependencies
  has 0 peers
Evaluating '@leichtgewicht/ip-codec' ...
  got leichtgewicht/ip-codec
  has 0 dependencies
  has 0 peers
Evaluating 'eslint-plugin-prettier' ...
  got >=8.0.0
  has 0 dependencies
  has 4 peers
Evaluating 'sift' ...
  got 17.1.3
  has 0 dependencies
  has 0 peers
Evaluating 'reflect-metadata' ...
  got 0.2.2
  has 0 dependencies
  has 0 peers
Evaluating 'engine.io-parser' ...
  got 5.2.3
  has 0 dependencies
  has 0 peers
Evaluating 'worker-loader' ...
  got ^4.0.0 || ^5.0.0
  has 13 dependencies
  has 1 peers
Evaluating 'd3-geo-projection' ...
  got 4.0.0
  has 4 dependencies
  has 0 peers
Evaluating '@hapi/topo' ...
  got hapi/topo
  has 1 dependencies
  has 0 peers
Evaluating 'pkginfo' ...
  got 0.4.1
  has 0 dependencies
  has 0 peers
Evaluating 'findup-sync' ...
  got 5.0.0
  has 19 dependencies
  has 0 peers
Evaluating 'postcss-import' ...
  got ^8.0.0
  has 10 dependencies
  has 1 peers
Evaluating 'socket.io-parser' ...
  got 4.2.6
  has 3 dependencies
  has 0 peers
Evaluating 'string.prototype.trim' ...
  got 1.2.10
  has 88 dependencies
  has 0 peers
Evaluating 'buffer-indexof' ...
  got 1.1.1
  has 0 dependencies
  has 0 peers
Evaluating '@types/cors' ...
  got types/cors
  has 2 dependencies
  has 0 peers
Evaluating 'multicast-dns-service-types' ...
  got 1.1.0
  has 0 dependencies
  has 0 peers
Evaluating 'dns-txt' ...
  got 2.0.2
  has 1 dependencies
  has 0 peers
Evaluating 'lodash.flow' ...
  got 3.5.0
  has 0 dependencies
  has 0 peers
Evaluating 'array.prototype.reduce' ...
  got 1.0.8
  has 90 dependencies
  has 0 peers
Evaluating 'xterm-addon-fit' ...
  got ^5.0.0
  has 0 dependencies
  has 1 peers
Evaluating 'bonjour' ...
  got 3.5.1
  has 37 dependencies
  has 0 peers
Evaluating 'loglevel' ...
  got 1.9.2
  has 0 dependencies
  has 0 peers
Evaluating 'typed-styles' ...
  got 0.0.8
  has 0 dependencies
  has 0 peers
Evaluating 'resolve-dir' ...
  got 1.0.1
  has 9 dependencies
  has 0 peers
Evaluating 'bonjour-service' ...
  got 1.3.0
  has 5 dependencies
  has 0 peers
Evaluating 'browser-stdout' ...
  got 1.3.1
  has 0 dependencies
  has 0 peers
Evaluating 'is-object' ...
  got 1.0.2
  has 0 dependencies
  has 0 peers
Evaluating 'vega' ...
  got 6.2.0
  has 59 dependencies
  has 0 peers
Evaluating 'mpath' ...
  got 0.9.0
  has 0 dependencies
  has 0 peers
Evaluating 'prettier-linter-helpers' ...
  got 1.0.1
  has 1 dependencies
  has 0 peers
Evaluating 'ua-parser-js' ...
  got 2.0.9
  has 3 dependencies
  has 0 peers
Evaluating 'mongoose' ...
  got 9.5.0
  has 17 dependencies
  has 0 peers
Evaluating '@types/clone' ...
  got types/clone
  has 0 dependencies
  has 0 peers
Evaluating 'mquery' ...
  got 6.0.0
  has 0 dependencies
  has 0 peers
Evaluating 'kareem' ...
  got 3.3.0
  has 0 dependencies
  has 0 peers
Evaluating 'capture-exit' ...
  got 2.0.0
  has 1 dependencies
  has 0 peers
Evaluating 'parse5-htmlparser2-tree-adapter' ...
  got 8.0.1
  has 4 dependencies
  has 0 peers
Evaluating 'babel-code-frame' ...
  got 6.26.0
  has 9 dependencies
  has 0 peers
Evaluating 'extract-zip' ...
  got 2.0.1
  has 14 dependencies
  has 0 peers
Evaluating 'simple-concat' ...
  got 1.0.1
  has 0 dependencies
  has 0 peers
Evaluating 'shellwords' ...
  got 1.1.1
  has 0 dependencies
  has 0 peers
Evaluating 'detective' ...
  got 5.2.1
  has 6 dependencies
  has 0 peers
Evaluating 'growly' ...
  got 1.3.0
  has 0 dependencies
  has 0 peers
Evaluating 'parse-srcset' ...
  got 1.0.2
  has 0 dependencies
  has 0 peers
Evaluating 'node-notifier' ...
  got 10.0.1
  has 8 dependencies
  has 0 peers
Evaluating 'timsort' ...
  got 0.3.0
  has 0 dependencies
  has 0 peers
Evaluating 'supertest' ...
  got 7.2.2
  has 43 dependencies
  has 0 peers
Evaluating 'caller-callsite' ...
  got 6.0.0
  has 1 dependencies
  has 0 peers
Evaluating '@rushstack/eslint-patch' ...
  got rushstack/eslint-patch
  has 0 dependencies
  has 0 peers
Evaluating 'es-get-iterator' ...
  got 1.1.3
  has 30 dependencies
  has 0 peers
Evaluating '@lumino/coreutils' ...
  got lumino/coreutils
  has 1 dependencies
  has 0 peers
Evaluating '@lumino/algorithm' ...
  got lumino/algorithm
  has 0 dependencies
  has 0 peers
Evaluating '@lumino/disposable' ...
  got lumino/disposable
  has 3 dependencies
  has 0 peers
Evaluating '@lumino/commands' ...
  got lumino/commands
  has 7 dependencies
  has 0 peers
Evaluating '@lumino/signaling' ...
  got lumino/signaling
  has 2 dependencies
  has 0 peers
Evaluating '@lumino/messaging' ...
  got lumino/messaging
  has 2 dependencies
  has 0 peers
Evaluating '@lumino/widgets' ...
  got lumino/widgets
  has 12 dependencies
  has 0 peers
Evaluating '@lumino/dragdrop' ...
  got lumino/dragdrop
  has 4 dependencies
  has 0 peers
Evaluating '@lumino/keyboard' ...
  got lumino/keyboard
  has 0 dependencies
  has 0 peers
Evaluating '@lumino/virtualdom' ...
  got lumino/virtualdom
  has 1 dependencies
  has 0 peers
Evaluating '@lumino/properties' ...
  got lumino/properties
  has 0 dependencies
  has 0 peers
Evaluating '@lumino/collections' ...
  got lumino/collections
  has 1 dependencies
  has 0 peers
Evaluating '@lumino/domutils' ...
  got lumino/domutils
  has 0 dependencies
  has 0 peers
Evaluating '@jupyterlab/nbformat' ...
  got jupyterlab/nbformat
  has 2 dependencies
  has 0 peers
Evaluating '@jupyterlab/statedb' ...
  got jupyterlab/statedb
  has 9 dependencies
  has 0 peers
Evaluating '@jupyterlab/settingregistry' ...
  got jupyterlab/settingregistry
  has 0 dependencies
  has 1 peers
Evaluating '@lumino/application' ...
  got lumino/application
  has 13 dependencies
  has 0 peers
Evaluating '@lumino/polling' ...
  got lumino/polling
  has 4 dependencies
  has 0 peers
Evaluating '@eslint/js' ...
  got eslint/js
  has 0 dependencies
  has 1 peers
Evaluating 'vega-time' ...
  got 3.1.0
  has 4 dependencies
  has 0 peers
Evaluating 'vega-functions' ...
  got 6.1.1
  has 31 dependencies
  has 0 peers
Evaluating 'vega-selections' ...
  got 6.1.2
  has 5 dependencies
  has 0 peers
Evaluating 'vega-regression' ...
  got 2.1.0
  has 18 dependencies
  has 0 peers
Evaluating 'moment-timezone' ...
  got 0.6.2
  has 1 dependencies
  has 0 peers
Evaluating 'growl' ...
  got 1.10.5
  has 0 dependencies
  has 0 peers
Evaluating 'vega-format' ...
  got 2.1.0
  has 7 dependencies
  has 0 peers
Evaluating '@jupyterlab/property-inspector' ...
  got jupyterlab/property-inspector
  has 105 dependencies
  has 0 peers
Evaluating '@lumino/datagrid' ...
  got lumino/datagrid
  has 13 dependencies
  has 0 peers
Evaluating '@jupyterlab/celltags-extension' ...
  got jupyterlab/celltags-extension
  has 395 dependencies
  has 0 peers
Evaluating '@babel/eslint-parser' ...
  got babel/core
  has 0 dependencies
  has 2 peers
Evaluating 'mv' ...
  got 2.1.1
  has 14 dependencies
  has 0 peers
Evaluating 'yarn-deduplicate' ...
  got 6.0.2
  has 4 dependencies
  has 0 peers
Evaluating 'web-vitals' ...
  got 5.2.0
  has 0 dependencies
  has 0 peers
Evaluating 'xregexp' ...
  got 5.1.2
  has 2 dependencies
  has 0 peers
Evaluating 'watchpack-chokidar2' ...
  got 2.0.1
  has 126 dependencies
  has 0 peers
Evaluating 'is-finite' ...
  got 2.0.0
  has 0 dependencies
  has 0 peers
Evaluating '@eslint-community/eslint-utils' ...
  got eslint-community/eslint-utils
  has 0 dependencies
  has 1 peers
Evaluating 'lodash-es' ...
  got 4.18.1
  has 0 dependencies
  has 0 peers
Evaluating '@jupyter-widgets/jupyterlab-manager' ...
  got jupyter-widgets/jupyterlab-manager
  has 416 dependencies
  has 0 peers
Evaluating 'detect-file' ...
  got 1.0.0
  has 0 dependencies
  has 0 peers
Evaluating 'exponential-backoff' ...
  got 3.1.3
  has 0 dependencies
  has 0 peers
Evaluating 'lodash.keys' ...
  got 4.2.0
  has 0 dependencies
  has 0 peers
Evaluating 'lodash.difference' ...
  got 4.5.0
  has 0 dependencies
  has 0 peers
Evaluating 'tiny-warning' ...
  got 1.0.3
  has 0 dependencies
  has 0 peers
Evaluating 'pg-types' ...
  got 4.1.0
  has 8 dependencies
  has 0 peers
Evaluating '@blueprintjs/icons' ...
  got blueprintjs/icons
  has 0 dependencies
  has 3 peers
Evaluating '@blueprintjs/core' ...
  got blueprintjs/core
  has 0 dependencies
  has 3 peers
Evaluating 'dom4' ...
  got 2.1.6
  has 0 dependencies
  has 0 peers
Evaluating 'postgres-bytea' ...
  got 3.0.0
  has 1 dependencies
  has 0 peers
Evaluating '@types/dom4' ...
  got types/dom4
  has 0 dependencies
  has 0 peers
Evaluating 'postgres-date' ...
  got 2.1.0
  has 0 dependencies
  has 0 peers
Evaluating 'postgres-array' ...
  got 3.0.4
  has 0 dependencies
  has 0 peers
Evaluating 'postgres-interval' ...
  got 4.0.2
  has 0 dependencies
  has 0 peers
Evaluating '@blueprintjs/select' ...
  got blueprintjs/select
  has 0 dependencies
  has 3 peers
Evaluating 'lodash.flattendeep' ...
  got 4.4.0
  has 0 dependencies
  has 0 peers
Evaluating 'svg-url-loader' ...
  got 8.0.0
  has 0 dependencies
  has 1 peers
Evaluating 'is-weakset' ...
  got 2.0.4
  has 13 dependencies
  has 0 peers
Evaluating 'which-collection' ...
  got 1.0.2
  has 17 dependencies
  has 0 peers
Evaluating 'is-weakmap' ...
  got 2.0.2
  has 0 dependencies
  has 0 peers
Evaluating 'vega-label' ...
  got 2.1.0
  has 26 dependencies
  has 0 peers
Evaluating '@types/webidl-conversions' ...
  got types/webidl-conversions
  has 0 dependencies
  has 0 peers
Evaluating '@jupyterlab/vdom' ...
  got jupyterlab/vdom
  has 193 dependencies
  has 0 peers
Evaluating 'license-webpack-plugin' ...
  got 4.0.2
  has 1 dependencies
  has 0 peers
Evaluating 'requirejs' ...
  got 2.3.8
  has 0 dependencies
  has 0 peers
Evaluating 'base64id' ...
  got 2.0.0
  has 0 dependencies
  has 0 peers
Evaluating '@cnakazawa/watch' ...
  got cnakazawa/watch
  has 2 dependencies
  has 0 peers
Evaluating 'flat' ...
  got 6.0.1
  has 0 dependencies
  has 0 peers
Evaluating '@jupyterlab/metapackage' ...
  got jupyterlab/metapackage
  has 580 dependencies
  has 0 peers
Evaluating '@jupyterlab/nbconvert-css' ...
  got jupyterlab/nbconvert-css
  has 395 dependencies
  has 0 peers
Evaluating 'boom' ...
  got 7.3.0
  has 1 dependencies
  has 0 peers
Evaluating 'ts-jest' ...
  got ^29.0.0 || ^30.0.0
  has 0 dependencies
  has 7 peers
Evaluating 'engine.io' ...
  got 6.6.7
  has 17 dependencies
  has 0 peers
Evaluating 'pg-int8' ...
  got 1.0.1
  has 0 dependencies
  has 0 peers
Evaluating 'socket.io-adapter' ...
  got 2.5.6
  has 3 dependencies
  has 0 peers
Evaluating 'pg' ...
  got 8.20.0
  has 13 dependencies
  has 1 peers
Evaluating 'pgpass' ...
  got 1.0.5
  has 1 dependencies
  has 0 peers
Evaluating 'filter-obj' ...
  got 6.1.0
  has 0 dependencies
  has 0 peers
Evaluating 'lodash.isarray' ...
  got 4.0.0
  has 0 dependencies
  has 0 peers
Evaluating 'packet-reader' ...
  got 1.0.0
  has 0 dependencies
  has 0 peers
Evaluating 'buffer-writer' ...
  got 2.0.0
  has 0 dependencies
  has 0 peers
Evaluating '@eslint-community/regexpp' ...
  got eslint-community/regexpp
  has 0 dependencies
  has 0 peers
Evaluating 'jupyterlab_pygments' ...
  got 0.2.2
  has 195 dependencies
  has 0 peers
Evaluating 'has-symbol-support-x' ...
  got 2.1.2
  has 26 dependencies
  has 0 peers
Evaluating 'has-to-string-tag-x' ...
  got 2.1.2
  has 27 dependencies
  has 0 peers
Evaluating 'bs-logger' ...
  got 0.2.6
  has 1 dependencies
  has 0 peers
Evaluating 'write' ...
  got 2.0.0
  has 2 dependencies
  has 0 peers
Evaluating 'pg-pool' ...
  got >=8.0
  has 0 dependencies
  has 1 peers
Evaluating 'common-path-prefix' ...
  got 3.0.0
  has 0 dependencies
  has 0 peers
Evaluating 'url-to-options' ...
  got 2.0.0
  has 0 dependencies
  has 0 peers
Evaluating 'isurl' ...
  got 4.0.2
  has 30 dependencies
  has 0 peers
Evaluating 'simple-get' ...
  got 4.0.1
  has 5 dependencies
  has 0 peers
Evaluating 'flatten' ...
  got 1.0.3
  has 0 dependencies
  has 0 peers
Evaluating '@types/whatwg-url' ...
  got types/whatwg-url
  has 1 dependencies
  has 0 peers
Evaluating 'http-status-codes' ...
  got 2.3.0
  has 0 dependencies
  has 0 peers
Evaluating 'cryptiles' ...
  got 4.1.3
  has 2 dependencies
  has 0 peers
Evaluating 'mongodb-connection-string-url' ...
  got 7.0.1
  has 6 dependencies
  has 0 peers
Evaluating 'socket.io' ...
  got 4.8.3
  has 21 dependencies
  has 0 peers
Evaluating 'git-hooks-list' ...
  got 4.2.1
  has 0 dependencies
  has 0 peers
Evaluating 'amdefine' ...
  got 1.0.1
  has 0 dependencies
  has 0 peers
Evaluating 'lodash.assign' ...
  got 4.2.0
  has 0 dependencies
  has 0 peers
Evaluating 'steno' ...
  got 4.0.2
  has 0 dependencies
  has 0 peers
Evaluating 'lowdb' ...
  got 7.0.1
  has 1 dependencies
  has 0 peers
Evaluating 'css-minimizer-webpack-plugin' ...
  got 8.0.0
  has 0 dependencies
  has 1 peers
Evaluating 'cookie-parser' ...
  got 1.4.7
  has 2 dependencies
  has 0 peers
Evaluating 'fn.name' ...
  got 1.1.0
  has 0 dependencies
  has 0 peers
Evaluating '@dabh/diagnostics' ...
  got dabh/diagnostics
  has 8 dependencies
  has 0 peers
Evaluating 'hexoid' ...
  got 2.0.0
  has 0 dependencies
  has 0 peers
Evaluating 'hawk' ...
  got 9.0.2
  has 4 dependencies
  has 0 peers
Evaluating 'sntp' ...
  got 3.0.2
  has 4 dependencies
  has 0 peers
Evaluating '@popperjs/core' ...
  got popperjs/core
  has 0 dependencies
  has 0 peers
Evaluating 'import-from' ...
  got 4.0.0
  has 0 dependencies
  has 0 peers
Evaluating 'json3' ...
  got 3.3.3
  has 0 dependencies
  has 0 peers
Evaluating 'repeating' ...
  got 4.0.0
  has 0 dependencies
  has 0 peers
Evaluating 'eventsource' ...
  got 4.1.0
  has 1 dependencies
  has 0 peers
Evaluating '@sigstore/tuf' ...
  got sigstore/tuf
  has 44 dependencies
  has 0 peers
Evaluating 'p-each-series' ...
  got 3.0.0
  has 0 dependencies
  has 0 peers
Evaluating '@jupyterlab/toc' ...
  got jupyterlab/toc
  has 102 dependencies
  has 0 peers
Evaluating 'jsonc-parser' ...
  got 3.3.1
  has 0 dependencies
  has 0 peers
Evaluating '@jupyterlab/translation' ...
  got jupyterlab/translation
  has 51 dependencies
  has 0 peers
Evaluating 'pg-protocol' ...
  got 1.13.0
  has 0 dependencies
  has 0 peers
Evaluating '@jupyterlab/builder' ...
  got jupyterlab/builder
  has 206 dependencies
  has 0 peers
Evaluating '@jupyterlab/debugger' ...
  got jupyterlab/debugger
  has 401 dependencies
  has 0 peers
Evaluating '@jupyterlab/translation-extension' ...
  got jupyterlab/translation-extension
  has 106 dependencies
  has 0 peers
Evaluating '@jupyterlab/debugger-extension' ...
  got jupyterlab/debugger-extension
  has 403 dependencies
  has 0 peers
Evaluating '@jupyterlab/toc-extension' ...
  got jupyterlab/toc-extension
  has 106 dependencies
  has 0 peers
Evaluating 'express-rate-limit' ...
  got >= 4.11
  has 1 dependencies
  has 1 peers
Evaluating 'array-flat-polyfill' ...
  got 1.0.1
  has 0 dependencies
  has 0 peers
Evaluating 'esbuild' ...
  got 0.28.0
  has 1 dependencies
  has 0 peers
Evaluating 'highlight.js' ...
  got 11.11.1
  has 0 dependencies
  has 0 peers
Evaluating 'idb' ...
  got 8.0.3
  has 0 dependencies
  has 0 peers
Evaluating '@jupyterlab/celltags' ...
  got jupyterlab/celltags
  has 202 dependencies
  has 0 peers
Evaluating 'lunr' ...
  got 2.3.9
  has 0 dependencies
  has 0 peers
Evaluating 'sqlstring' ...
  got 2.3.3
  has 0 dependencies
  has 0 peers
Evaluating 'stringstream' ...
  got 1.0.0
  has 0 dependencies
  has 0 peers
Evaluating 'immutable' ...
  got 5.1.5
  has 0 dependencies
  has 0 peers
Evaluating '@protobufjs/utf8' ...
  got protobufjs/utf8
  has 0 dependencies
  has 0 peers
Evaluating '@protobufjs/base64' ...
  got protobufjs/base64
  has 0 dependencies
  has 0 peers
Evaluating '@protobufjs/pool' ...
  got protobufjs/pool
  has 0 dependencies
  has 0 peers
Evaluating '@protobufjs/eventemitter' ...
  got protobufjs/eventemitter
  has 0 dependencies
  has 0 peers
Evaluating '@protobufjs/aspromise' ...
  got protobufjs/aspromise
  has 0 dependencies
  has 0 peers
Evaluating '@protobufjs/float' ...
  got protobufjs/float
  has 0 dependencies
  has 0 peers
Evaluating '@protobufjs/inquire' ...
  got protobufjs/inquire
  has 0 dependencies
  has 0 peers
Evaluating 'tiny-invariant' ...
  got 1.3.3
  has 0 dependencies
  has 0 peers
Evaluating 'unix-crypt-td-js' ...
  got 1.1.4
  has 0 dependencies
  has 0 peers
Evaluating 'apache-md5' ...
  got 1.1.8
  has 0 dependencies
  has 0 peers
Evaluating '@protobufjs/codegen' ...
  got protobufjs/codegen
  has 0 dependencies
  has 0 peers
Evaluating '@protobufjs/fetch' ...
  got protobufjs/fetch
  has 2 dependencies
  has 0 peers
Evaluating '@protobufjs/path' ...
  got protobufjs/path
  has 0 dependencies
  has 0 peers
Evaluating 'array-buffer-byte-length' ...
  got 1.0.2
  has 18 dependencies
  has 0 peers
Evaluating 'lodash.throttle' ...
  got 4.1.1
  has 0 dependencies
  has 0 peers
Evaluating 'lazy-cache' ...
  got 2.0.2
  has 4 dependencies
  has 0 peers
Evaluating 'consola' ...
  got 3.4.2
  has 0 dependencies
  has 0 peers
Evaluating 'sockjs-client' ...
  got 1.6.1
  has 12 dependencies
  has 0 peers
Evaluating 'os' ...
  got 0.1.2
  has 0 dependencies
  has 0 peers
Evaluating '@types/trusted-types' ...
  got types/trusted-types
  has 0 dependencies
  has 0 peers
Evaluating 'sass' ...
  got 1.99.0
  has 12 dependencies
  has 0 peers
Evaluating 'lib0' ...
  got 0.2.117
  has 1 dependencies
  has 0 peers
Evaluating 'isomorphic.js' ...
  got 0.2.5
  has 0 dependencies
  has 0 peers
Evaluating 'assertion-error' ...
  got 2.0.1
  has 0 dependencies
  has 0 peers
Evaluating 'yjs' ...
  got 13.6.30
  has 2 dependencies
  has 0 peers
Evaluating '@types/long' ...
  got types/long
  has 1 dependencies
  has 0 peers
Evaluating 'array.prototype.tosorted' ...
  got 1.1.4
  has 90 dependencies
  has 0 peers
Evaluating 'y-protocols' ...
  got 1.0.7
  has 0 dependencies
  has 1 peers
Evaluating '@rollup/plugin-babel' ...
  got babel/core
  has 23 dependencies
  has 3 peers
Evaluating 'deep-eql' ...
  got 5.0.2
  has 0 dependencies
  has 0 peers
Evaluating 'clipanion' ...
  got 4.0.0-rc.4
  has 1 dependencies
  has 1 peers
Evaluating 'fastparse' ...
  got 1.1.2
  has 0 dependencies
  has 0 peers
Evaluating 'typanion' ...
  got 3.14.0
  has 0 dependencies
  has 0 peers
Evaluating '@types/jsonwebtoken' ...
  got types/jsonwebtoken
  has 3 dependencies
  has 0 peers
Evaluating 'sigmund' ...
  got 1.0.1
  has 0 dependencies
  has 0 peers
Evaluating 'chai' ...
  got 6.2.2
  has 0 dependencies
  has 0 peers
Evaluating 'verdaccio' ...
  got 6.5.2
  has 295 dependencies
  has 0 peers
Evaluating '@verdaccio/streams' ...
  got verdaccio/streams
  has 0 dependencies
  has 0 peers
Evaluating '@verdaccio/file-locking' ...
  got verdaccio/file-locking
  has 2 dependencies
  has 0 peers
Evaluating 'verdaccio-audit' ...
  got 13.0.0
  has 98 dependencies
  has 0 peers
Evaluating '@verdaccio/local-storage' ...
  got verdaccio/local-storage
  has 53 dependencies
  has 0 peers
Evaluating 'verdaccio-htpasswd' ...
  got 13.0.0
  has 26 dependencies
  has 0 peers
Evaluating '@verdaccio/ui-theme' ...
  got verdaccio/ui-theme
  has 0 dependencies
  has 0 peers
Evaluating '@verdaccio/commons-api' ...
  got verdaccio/commons-api
  has 7 dependencies
  has 0 peers
Evaluating 'graceful-readlink' ...
  got 1.0.1
  has 0 dependencies
  has 0 peers
Evaluating 'void-elements' ...
  got 3.1.0
  has 0 dependencies
  has 0 peers
Evaluating 'fast-xml-parser' ...
  got 5.7.2
  has 4 dependencies
  has 0 peers
Evaluating 'v8flags' ...
  got 4.0.1
  has 0 dependencies
  has 0 peers
Evaluating '@types/debug' ...
  got types/debug
  has 1 dependencies
  has 0 peers
Evaluating 'ts-loader' ...
  got 9.5.7
  has 0 dependencies
  has 2 peers
Evaluating 'indexof' ...
  got 0.0.1
  has 0 dependencies
  has 0 peers
Evaluating 'history' ...
  got 5.3.0
  has 1 dependencies
  has 0 peers
Evaluating '@types/base16' ...
  got types/base16
  has 0 dependencies
  has 0 peers
Evaluating '@hypnosphi/create-react-context' ...
  got hypnosphi/create-react-context
  has 0 dependencies
  has 2 peers
Evaluating 'lodash.kebabcase' ...
  got 4.1.1
  has 0 dependencies
  has 0 peers
Evaluating 'npm-registry-client' ...
  got 8.6.0
  has 103 dependencies
  has 0 peers
Evaluating 'webpack-log' ...
  got 3.0.2
  has 9 dependencies
  has 0 peers
Evaluating 'lodash.pick' ...
  got 4.4.0
  has 0 dependencies
  has 0 peers
Evaluating 'bowser' ...
  got 2.14.1
  has 0 dependencies
  has 0 peers
Evaluating 'internal-ip' ...
  got 9.0.0
  has 10 dependencies
  has 0 peers
Evaluating '@types/superagent' ...
  got types/superagent
  has 24 dependencies
  has 0 peers
Evaluating '@types/cookiejar' ...
  got types/cookiejar
  has 0 dependencies
  has 0 peers
Evaluating 'validate.io-array' ...
  got 1.0.6
  has 0 dependencies
  has 0 peers
Evaluating 'validate.io-integer' ...
  got 1.0.5
  has 1 dependencies
  has 0 peers
Evaluating 'validate.io-number' ...
  got 1.0.3
  has 0 dependencies
  has 0 peers
Evaluating '@emotion/hash' ...
  got emotion/hash
  has 0 dependencies
  has 0 peers
Evaluating 'import-cwd' ...
  got 3.0.0
  has 2 dependencies
  has 0 peers
Evaluating '@types/color-name' ...
  got types/color-name
  has 0 dependencies
  has 0 peers
Evaluating 'minimist-options' ...
  got 4.1.0
  has 3 dependencies
  has 0 peers
Evaluating 'napi-macros' ...
  got 2.2.2
  has 0 dependencies
  has 0 peers
Evaluating 'dateformat' ...
  got 5.0.3
  has 0 dependencies
  has 0 peers
Evaluating 'html-comment-regex' ...
  got 1.1.2
  has 0 dependencies
  has 0 peers
Evaluating 'html-minifier' ...
  got 4.0.0
  has 11 dependencies
  has 0 peers
Evaluating 'is-svg' ...
  got 6.1.0
  has 4 dependencies
  has 0 peers
Evaluating 'json-schema-compare' ...
  got 0.2.2
  has 1 dependencies
  has 0 peers
Evaluating 'abstract-leveldown' ...
  got 7.2.0
  has 8 dependencies
  has 0 peers
Evaluating 'ansi-html' ...
  got 0.0.9
  has 0 dependencies
  has 0 peers
Evaluating 'strnum' ...
  got 2.2.3
  has 0 dependencies
  has 0 peers
Evaluating 'levelup' ...
  got 5.1.1
  has 17 dependencies
  has 0 peers
Evaluating 'deferred-leveldown' ...
  got 7.0.0
  has 10 dependencies
  has 0 peers
Evaluating 'window-size' ...
  got 1.1.1
  has 9 dependencies
  has 0 peers
Evaluating '@emotion/memoize' ...
  got emotion/memoize
  has 0 dependencies
  has 0 peers
Evaluating 'ltgt' ...
  got 2.2.1
  has 0 dependencies
  has 0 peers
Evaluating 'node-abi' ...
  got 4.28.0
  has 1 dependencies
  has 0 peers
Evaluating '@types/cookie' ...
  got types/cookie
  has 1 dependencies
  has 0 peers
Evaluating 'level-iterator-stream' ...
  got 5.0.0
  has 5 dependencies
  has 0 peers
Evaluating 'level-errors' ...
  got 3.0.1
  has 0 dependencies
  has 0 peers
Evaluating 'validate.io-function' ...
  got 1.0.2
  has 0 dependencies
  has 0 peers
Evaluating 'hex-color-regex' ...
  got 1.1.0
  has 0 dependencies
  has 0 peers
Evaluating 'rgb-regex' ...
  got 1.0.1
  has 0 dependencies
  has 0 peers
Evaluating 'hsla-regex' ...
  got 1.0.0
  has 0 dependencies
  has 0 peers
Evaluating 'hsl-regex' ...
  got 1.0.0
  has 0 dependencies
  has 0 peers
Evaluating 'rgba-regex' ...
  got 1.0.0
  has 0 dependencies
  has 0 peers
Evaluating 'compute-gcd' ...
  got 1.2.1
  has 5 dependencies
  has 0 peers
Evaluating 'validate.io-integer-array' ...
  got 1.0.0
  has 3 dependencies
  has 0 peers
Evaluating 'compute-lcm' ...
  got 1.1.2
  has 6 dependencies
  has 0 peers
Evaluating 'is-color-stop' ...
  got 1.1.0
  has 6 dependencies
  has 0 peers
Evaluating 'mdurl' ...
  got 2.0.0
  has 0 dependencies
  has 0 peers
Evaluating '@babel/plugin-transform-react-jsx-source' ...
  got babel/core
  has 1 dependencies
  has 1 peers
Evaluating '@babel/plugin-transform-react-jsx-self' ...
  got babel/core
  has 1 dependencies
  has 1 peers
Evaluating 'postcss-safe-parser' ...
  got ^8.4.31
  has 0 dependencies
  has 1 peers
Evaluating 'level-codec' ...
  got 10.0.0
  has 3 dependencies
  has 0 peers
Evaluating 'cheerio' ...
  got 1.2.0
  has 22 dependencies
  has 0 peers
Evaluating 'json-schema-merge-allof' ...
  got 0.8.1
  has 9 dependencies
  has 0 peers
Evaluating 'node-modules-regexp' ...
  got 1.0.0
  has 0 dependencies
  has 0 peers
Evaluating 'expand-template' ...
  got 2.0.3
  has 0 dependencies
  has 0 peers
Evaluating '@emotion/unitless' ...
  got emotion/unitless
  has 0 dependencies
  has 0 peers
Evaluating 'to-string-loader' ...
  got 1.2.0
  has 5 dependencies
  has 0 peers
Evaluating 'level-supports' ...
  got 6.2.0
  has 0 dependencies
  has 0 peers
Evaluating 'workbox-recipes' ...
  got 7.4.0
  has 7 dependencies
  has 0 peers
Evaluating 'killable' ...
  got 1.0.1
  has 0 dependencies
  has 0 peers
Evaluating 'github-from-package' ...
  got 0.0.0
  has 0 dependencies
  has 0 peers
Evaluating '@apideck/better-ajv-errors' ...
  got apideck/better-ajv-errors
  has 0 dependencies
  has 1 peers
Evaluating 'lodash.isfunction' ...
  got 3.0.9
  has 0 dependencies
  has 0 peers
Evaluating 'lunr-mutable-indexes' ...
  got 2.3.2
  has 1 dependencies
  has 0 peers
Evaluating '@rjsf/core' ...
  got rjsf/core
  has 0 dependencies
  has 2 peers
Evaluating 'redis-parser' ...
  got 3.0.0
  has 1 dependencies
  has 0 peers
Evaluating 'cacheable-lookup' ...
  got 7.0.0
  has 0 dependencies
  has 0 peers
Evaluating 'cssnano-util-raw-cache' ...
  got 4.0.1
  has 3 dependencies
  has 0 peers
Evaluating 'cssnano-util-get-match' ...
  got 4.0.0
  has 0 dependencies
  has 0 peers
Evaluating 'cssnano-util-get-arguments' ...
  got 4.0.0
  has 0 dependencies
  has 0 peers
Evaluating 'cssnano-util-same-parent' ...
  got 4.0.1
  has 0 dependencies
  has 0 peers
Evaluating 'split' ...
  got 1.0.1
  has 1 dependencies
  has 0 peers
Evaluating 'js-base64' ...
  got 3.7.8
  has 0 dependencies
  has 0 peers
Evaluating 'level' ...
  got 10.0.0
  has 13 dependencies
  has 0 peers
Evaluating 'original' ...
  got 1.0.2
  has 3 dependencies
  has 0 peers
Evaluating 'call-me-maybe' ...
  got 1.0.2
  has 0 dependencies
  has 0 peers
Evaluating 'level-concat-iterator' ...
  got 3.1.0
  has 1 dependencies
  has 0 peers
Evaluating 'leveldown' ...
  got 6.1.1
  has 11 dependencies
  has 0 peers
Evaluating 'replace-ext' ...
  got 2.0.0
  has 0 dependencies
  has 0 peers
Evaluating 'ansi' ...
  got 0.3.1
  has 0 dependencies
  has 0 peers
Evaluating 'encoding-down' ...
  got 7.1.0
  has 12 dependencies
  has 0 peers
Evaluating 'level-packager' ...
  got 6.0.1
  has 20 dependencies
  has 0 peers
Evaluating '@types/send' ...
  got types/send
  has 2 dependencies
  has 0 peers
Evaluating 'node-emoji' ...
  got 2.2.0
  has 5 dependencies
  has 0 peers
Evaluating '@types/lodash.curry' ...
  got types/lodash.curry
  has 1 dependencies
  has 0 peers
Evaluating 'memoizee' ...
  got 0.4.17
  has 13 dependencies
  has 0 peers
Evaluating '@vscode/debugprotocol' ...
  got vscode/debugprotocol
  has 0 dependencies
  has 0 peers
Evaluating '@types/http-cache-semantics' ...
  got types/http-cache-semantics
  has 0 dependencies
  has 0 peers
Evaluating 'node-pre-gyp' ...
  got 0.17.0
  has 66 dependencies
  has 0 peers
Evaluating 'uc.micro' ...
  got 2.1.0
  has 0 dependencies
  has 0 peers
Evaluating 'linkify-it' ...
  got 5.0.0
  has 1 dependencies
  has 0 peers
Evaluating 'pathval' ...
  got 2.0.1
  has 0 dependencies
  has 0 peers
Evaluating 'lodash.foreach' ...
  got 4.5.0
  has 0 dependencies
  has 0 peers
Evaluating 'stylis' ...
  got 4.4.0
  has 0 dependencies
  has 0 peers
Evaluating 'protobufjs' ...
  got 8.0.3
  has 3 dependencies
  has 0 peers
Evaluating 'decamelize-keys' ...
  got 2.0.1
  has 4 dependencies
  has 0 peers
Evaluating 'level-js' ...
  got 6.1.0
  has 12 dependencies
  has 0 peers
Evaluating 'napi-build-utils' ...
  got 2.0.0
  has 0 dependencies
  has 0 peers
Evaluating 'resolve-alpn' ...
  got 1.2.1
  has 0 dependencies
  has 0 peers
Evaluating 'http2-wrapper' ...
  got 2.2.1
  has 2 dependencies
  has 0 peers
Evaluating 'timers-ext' ...
  got 0.1.8
  has 9 dependencies
  has 0 peers
Evaluating 'lru-queue' ...
  got 0.1.0
  has 9 dependencies
  has 0 peers
Evaluating 'lodash.clone' ...
  got 4.5.0
  has 0 dependencies
  has 0 peers
Evaluating 'file-type' ...
  got 22.0.1
  has 9 dependencies
  has 0 peers
Evaluating '@types/minimist' ...
  got types/minimist
  has 0 dependencies
  has 0 peers
Evaluating '@jupyterlab/cell-toolbar-extension' ...
  got jupyterlab/cell-toolbar-extension
  has 396 dependencies
  has 0 peers
Evaluating '@jupyterlab/cell-toolbar' ...
  got jupyterlab/cell-toolbar
  has 395 dependencies
  has 0 peers
Evaluating 'babel-eslint' ...
  got 10.1.0
  has 0 dependencies
  has 1 peers
Evaluating 'check-error' ...
  got 2.1.3
  has 0 dependencies
  has 0 peers
Evaluating 'lodash.map' ...
  got 4.6.0
  has 0 dependencies
  has 0 peers
Evaluating 'traverse' ...
  got 0.6.11
  has 90 dependencies
  has 0 peers
Evaluating 'get-func-name' ...
  got 3.0.0
  has 0 dependencies
  has 0 peers
Evaluating 'cross-fetch' ...
  got 4.1.0
  has 4 dependencies
  has 0 peers
Evaluating 'lodash.pad' ...
  got 4.5.1
  has 0 dependencies
  has 0 peers
Evaluating 'lodash.snakecase' ...
  got 4.1.1
  has 0 dependencies
  has 0 peers
Evaluating 'lodash.set' ...
  got 4.3.2
  has 0 dependencies
  has 0 peers
Evaluating 'lodash.padstart' ...
  got 4.6.1
  has 0 dependencies
  has 0 peers
Evaluating 'escape-goat' ...
  got 4.0.0
  has 0 dependencies
  has 0 peers
Evaluating '@types/ms' ...
  got types/ms
  has 0 dependencies
  has 0 peers
Evaluating 'isomorphic-fetch' ...
  got 3.0.0
  has 5 dependencies
  has 0 peers
Evaluating 'yargs-unparser' ...
  got 2.0.0
  has 4 dependencies
  has 0 peers
Evaluating 'redux' ...
  got 5.0.1
  has 0 dependencies
  has 0 peers
Evaluating 'lodash.some' ...
  got 4.6.0
  has 0 dependencies
  has 0 peers
Evaluating 'y-websocket' ...
  got 3.0.0
  has 0 dependencies
  has 1 peers
Evaluating 'y-leveldb' ...
  got 0.2.0
  has 0 dependencies
  has 1 peers
Evaluating '@types/responselike' ...
  got types/responselike
  has 2 dependencies
  has 0 peers
Evaluating 'lazystream' ...
  got 1.0.1
  has 8 dependencies
  has 0 peers
Evaluating 'yup' ...
  got 1.7.1
  has 4 dependencies
  has 0 peers
Evaluating '@types/keyv' ...
  got types/keyv
  has 2 dependencies
  has 0 peers
Evaluating 'eventemitter2' ...
  got 6.4.9
  has 0 dependencies
  has 0 peers
Evaluating 'property-expr' ...
  got 2.0.6
  has 0 dependencies
  has 0 peers
Evaluating 'is-relative' ...
  got 1.0.0
  has 2 dependencies
  has 0 peers
Evaluating 'netmask' ...
  got 2.1.1
  has 0 dependencies
  has 0 peers
Evaluating 'pino-abstract-transport' ...
  got 3.0.0
  has 1 dependencies
  has 0 peers
Evaluating 'icss-replace-symbols' ...
  got 1.1.0
  has 0 dependencies
  has 0 peers
Evaluating 'on-exit-leak-free' ...
  got 2.1.2
  has 0 dependencies
  has 0 peers
Evaluating 'lodash.omit' ...
  got 4.18.0
  has 0 dependencies
  has 0 peers
Evaluating '@jupyterlab/docprovider' ...
  got jupyterlab/docprovider
  has 181 dependencies
  has 0 peers
Evaluating '@types/yauzl' ...
  got types/yauzl
  has 2 dependencies
  has 0 peers
Evaluating '@jupyterlab/docprovider-extension' ...
  got jupyterlab/docprovider-extension
  has 195 dependencies
  has 0 peers
Evaluating 'y-codemirror' ...
  got ^5.52.2
  has 0 dependencies
  has 2 peers
Evaluating 'd3-pprof' ...
  ! package not resolved
Evaluating 'lodash.isobject' ...
  got 3.0.2
  has 0 dependencies
  has 0 peers
Evaluating 'd3-flame-graph' ...
  got 5.0.0
  has 14 dependencies
  has 0 peers
Evaluating 'array-find-index' ...
  got 1.0.2
  has 0 dependencies
  has 0 peers
Evaluating 'prebuild-install' ...
  got 7.1.3
  has 34 dependencies
  has 0 peers
Evaluating 'lodash.reduce' ...
  got 4.6.0
  has 0 dependencies
  has 0 peers
Evaluating 'is-absolute' ...
  got 1.0.0
  has 4 dependencies
  has 0 peers
Evaluating '@types/supertest' ...
  got types/supertest
  has 25 dependencies
  has 0 peers
Evaluating 'resolve-pathname' ...
  got 3.0.0
  has 0 dependencies
  has 0 peers
Evaluating 'get-uri' ...
  got 8.0.0
  has 4 dependencies
  has 0 peers
Evaluating 'value-equal' ...
  got 1.0.1
  has 0 dependencies
  has 0 peers
Evaluating 'os-name' ...
  got 7.0.0
  has 3 dependencies
  has 0 peers
Evaluating 'recast' ...
  got 0.23.11
  has 5 dependencies
  has 0 peers
Evaluating 'thread-stream' ...
  got 4.0.0
  has 1 dependencies
  has 0 peers
Evaluating 'pnp-webpack-plugin' ...
  got 1.7.0
  has 1 dependencies
  has 0 peers
Evaluating 'real-require' ...
  got 1.0.0
  has 0 dependencies
  has 0 peers
Evaluating 'html-tags' ...
  got 5.1.0
  has 0 dependencies
  has 0 peers
Evaluating '@types/cacheable-request' ...
  got types/cacheable-request
  has 12 dependencies
  has 0 peers
Evaluating 'url-join' ...
  got 5.0.0
  has 0 dependencies
  has 0 peers
Evaluating 'lodash.padend' ...
  got 4.6.1
  has 0 dependencies
  has 0 peers
Evaluating '@types/tapable' ...
  got types/tapable
  has 1 dependencies
  has 0 peers
Evaluating 'pac-proxy-agent' ...
  got 9.0.1
  has 23 dependencies
  has 0 peers
Evaluating 'degenerator' ...
  got 7.0.1
  has 0 dependencies
  has 1 peers
Evaluating 'pac-resolver' ...
  got 9.0.1
  has 0 dependencies
  has 1 peers
Evaluating 'character-entities' ...
  got 2.0.2
  has 0 dependencies
  has 0 peers
Evaluating '@aws-sdk/types' ...
  got aws-sdk/types
  has 2 dependencies
  has 0 peers
Evaluating 'lodash.assignin' ...
  got 4.2.0
  has 0 dependencies
  has 0 peers
Evaluating 'ts-pnp' ...
  got 1.2.0
  has 0 dependencies
  has 0 peers
Evaluating 'unist-util-stringify-position' ...
  got 4.0.0
  has 1 dependencies
  has 0 peers
Evaluating '@types/uglify-js' ...
  got types/uglify-js
  has 1 dependencies
  has 0 peers
Evaluating 'engine.io-client' ...
  got 6.6.4
  has 6 dependencies
  has 0 peers
Evaluating 'proxy-agent' ...
  got 8.0.1
  has 26 dependencies
  has 0 peers
Evaluating '@csstools/selector-specificity' ...
  got csstools/selector-specificity
  has 0 dependencies
  has 1 peers
Evaluating 'longest' ...
  got 2.0.1
  has 0 dependencies
  has 0 peers
Evaluating '@types/http-errors' ...
  got types/http-errors
  has 0 dependencies
  has 0 peers
Evaluating 'lodash.bind' ...
  got 4.2.1
  has 0 dependencies
  has 0 peers
Evaluating '@emotion/is-prop-valid' ...
  got emotion/is-prop-valid
  has 1 dependencies
  has 0 peers
Evaluating '@aws-sdk/util-utf8-browser' ...
  got aws-sdk/util-utf8-browser
  has 1 dependencies
  has 0 peers
Evaluating 'lodash.repeat' ...
  got 4.1.0
  has 0 dependencies
  has 0 peers
Evaluating '@aws-sdk/credential-provider-ini' ...
  got aws-sdk/credential-provider-ini
  has 80 dependencies
  has 0 peers
Evaluating '@aws-sdk/credential-provider-process' ...
  got aws-sdk/credential-provider-process
  has 37 dependencies
  has 0 peers
Evaluating '@aws-sdk/credential-provider-env' ...
  got aws-sdk/credential-provider-env
  has 37 dependencies
  has 0 peers
Evaluating '@aws-sdk/util-user-agent-node' ...
  got aws-sdk/util-user-agent-node
  has 41 dependencies
  has 1 peers
Evaluating '@aws-sdk/credential-provider-node' ...
  got aws-sdk/credential-provider-node
  has 81 dependencies
  has 0 peers
Evaluating '@aws-sdk/middleware-user-agent' ...
  got aws-sdk/middleware-user-agent
  has 39 dependencies
  has 0 peers
Evaluating '@aws-sdk/middleware-logger' ...
  got aws-sdk/middleware-logger
  has 3 dependencies
  has 0 peers
Evaluating '@aws-sdk/middleware-host-header' ...
  got aws-sdk/middleware-host-header
  has 4 dependencies
  has 0 peers
Evaluating '@aws-sdk/middleware-signing' ...
  got aws-sdk/middleware-signing
  has 12 dependencies
  has 0 peers
Evaluating '@aws-crypto/util' ...
  got aws-crypto/util
  has 6 dependencies
  has 0 peers
Evaluating '@types/webpack' ...
  got types/webpack
  has 73 dependencies
  has 0 peers
Evaluating '@aws-sdk/client-sso' ...
  got aws-sdk/client-sso
  has 74 dependencies
  has 0 peers
Evaluating '@aws-sdk/credential-provider-sso' ...
  got aws-sdk/credential-provider-sso
  has 74 dependencies
  has 0 peers
Evaluating '@aws-sdk/credential-provider-web-identity' ...
  got aws-sdk/credential-provider-web-identity
  has 73 dependencies
  has 0 peers
Evaluating '@aws-crypto/sha256-js' ...
  got aws-crypto/sha256-js
  has 7 dependencies
  has 0 peers
Evaluating '@aws-sdk/client-sts' ...
  got aws-sdk/client-sts
  has 87 dependencies
  has 0 peers
Evaluating 'fbjs' ...
  got 3.0.5
  has 13 dependencies
  has 0 peers
Evaluating 'babel-types' ...
  got 6.26.0
  has 6 dependencies
  has 0 peers
Evaluating 'currently-unhandled' ...
  got 0.4.1
  has 1 dependencies
  has 0 peers
Evaluating 'backo2' ...
  got 1.0.2
  has 0 dependencies
  has 0 peers
Evaluating 'lodash.filter' ...
  got 4.6.0
  has 0 dependencies
  has 0 peers
Evaluating '@aws-crypto/sha256-browser' ...
  got aws-crypto/sha256-browser
  has 10 dependencies
  has 0 peers
Evaluating '@aws-sdk/util-locate-window' ...
  got aws-sdk/util-locate-window
  has 1 dependencies
  has 0 peers
Evaluating '@aws-crypto/supports-web-crypto' ...
  got aws-crypto/supports-web-crypto
  has 1 dependencies
  has 0 peers
Evaluating '@aws-crypto/ie11-detection' ...
  got aws-crypto/ie11-detection
  has 1 dependencies
  has 0 peers
Evaluating '@aws-sdk/middleware-sdk-sts' ...
  got aws-sdk/middleware-sdk-sts
  has 13 dependencies
  has 0 peers
Evaluating 'unbzip2-stream' ...
  got 1.4.3
  has 4 dependencies
  has 0 peers
Evaluating '@aws-sdk/util-user-agent-browser' ...
  got aws-sdk/util-user-agent-browser
  has 4 dependencies
  has 0 peers
Evaluating 'loud-rejection' ...
  got 2.2.0
  has 3 dependencies
  has 0 peers
Evaluating 'socket.io-client' ...
  got 4.8.3
  has 8 dependencies
  has 0 peers
Evaluating 'lodash.isempty' ...
  got 4.4.0
  has 0 dependencies
  has 0 peers
Evaluating 'pause' ...
  got 0.1.0
  has 0 dependencies
  has 0 peers
Evaluating 'base64-arraybuffer' ...
  got 1.0.2
  has 0 dependencies
  has 0 peers
Evaluating 'lodash.mapvalues' ...
  got 4.6.0
  has 0 dependencies
  has 0 peers
Evaluating '@aws-sdk/middleware-recursion-detection' ...
  got aws-sdk/middleware-recursion-detection
  has 5 dependencies
  has 0 peers
Evaluating 'path' ...
  got 0.12.7
  has 3 dependencies
  has 0 peers
Evaluating '@babel/regjsgen' ...
  got babel/regjsgen
  has 0 dependencies
  has 0 peers
Evaluating 'crypt' ...
  got 0.0.2
  has 0 dependencies
  has 0 peers
Evaluating 'redis' ...
  got 5.12.1
  has 6 dependencies
  has 0 peers
Evaluating 'charenc' ...
  got 0.0.2
  has 0 dependencies
  has 0 peers
Evaluating 'markdown-it' ...
  got 14.1.1
  has 6 dependencies
  has 0 peers
Evaluating '@jupyterlab/shared-models' ...
  got jupyterlab/shared-models
  has 11 dependencies
  has 0 peers
Evaluating 'joi' ...
  got 18.1.2
  has 7 dependencies
  has 0 peers
Evaluating 'babel-plugin-syntax-object-rest-spread' ...
  got 6.13.0
  has 0 dependencies
  has 0 peers
Evaluating 'contains-path' ...
  got 1.0.0
  has 3 dependencies
  has 0 peers
Evaluating 'lodash.find' ...
  got 4.6.0
  has 0 dependencies
  has 0 peers
Evaluating 'generate-object-property' ...
  got 2.0.0
  has 1 dependencies
  has 0 peers
Evaluating 'lodash.ismatch' ...
  got 4.4.0
  has 0 dependencies
  has 0 peers
Evaluating '@types/react-transition-group' ...
  got types/react
  has 0 dependencies
  has 1 peers
Evaluating 'ent' ...
  got 2.2.2
  has 17 dependencies
  has 0 peers
Evaluating 'dompurify' ...
  got 3.4.1
  has 1 dependencies
  has 0 peers
Evaluating 'flatstr' ...
  got 1.0.12
  has 0 dependencies
  has 0 peers
Evaluating 'lodash.has' ...
  got 4.5.2
  has 0 dependencies
  has 0 peers
Evaluating '@angular-devkit/core' ...
  got angular-devkit/core
  has 11 dependencies
  has 1 peers
Evaluating '@angular-devkit/schematics' ...
  got angular-devkit/schematics
  has 31 dependencies
  has 0 peers
Evaluating 'lodash.upperfirst' ...
  got 4.3.1
  has 0 dependencies
  has 0 peers
Evaluating 'lodash.toarray' ...
  got 4.4.0
  has 0 dependencies
  has 0 peers
Evaluating '@types/tough-cookie' ...
  got types/tough-cookie
  has 0 dependencies
  has 0 peers
Evaluating '@csstools/postcss-progressive-custom-properties' ...
  got csstools/postcss-progressive-custom-properties
  has 0 dependencies
  has 1 peers
Evaluating '@aws-sdk/util-endpoints' ...
  got aws-sdk/util-endpoints
  has 9 dependencies
  has 0 peers
Evaluating 'get-port' ...
  got 7.2.0
  has 0 dependencies
  has 0 peers
Evaluating 'lodash.unescape' ...
  got 4.0.1
  has 0 dependencies
  has 0 peers
Evaluating 'webpack-node-externals' ...
  got 3.0.0
  has 0 dependencies
  has 0 peers
Evaluating '@csstools/postcss-is-pseudo-class' ...
  got csstools/postcss-is-pseudo-class
  has 0 dependencies
  has 1 peers
Evaluating '@csstools/postcss-hwb-function' ...
  got csstools/postcss-hwb-function
  has 0 dependencies
  has 1 peers
Evaluating 'postcss-opacity-percentage' ...
  got ^8.4
  has 0 dependencies
  has 1 peers
Evaluating '@csstools/postcss-normalize-display-values' ...
  got csstools/postcss-normalize-display-values
  has 0 dependencies
  has 1 peers
Evaluating '@csstools/postcss-font-format-keywords' ...
  got csstools/postcss-font-format-keywords
  has 0 dependencies
  has 1 peers
Evaluating 'memoize-one' ...
  got 6.0.0
  has 0 dependencies
  has 0 peers
Evaluating 'cross-env' ...
  got 10.1.0
  has 7 dependencies
  has 0 peers
Evaluating 'pretty-ms' ...
  got 9.3.0
  has 1 dependencies
  has 0 peers
Evaluating 'lodash.reject' ...
  got 4.6.0
  has 0 dependencies
  has 0 peers
Evaluating 'xmlhttprequest-ssl' ...
  got 4.0.0
  has 0 dependencies
  has 0 peers
Evaluating 'lodash.uniqby' ...
  got 4.7.0
  has 0 dependencies
  has 0 peers
Evaluating 'character-entities-legacy' ...
  got 3.0.0
  has 0 dependencies
  has 0 peers
Evaluating 'postcss-clamp' ...
  got ^8.4.6
  has 1 dependencies
  has 1 peers
Evaluating 'nodemailer' ...
  got 8.0.7
  has 0 dependencies
  has 0 peers
Evaluating 'lodash.groupby' ...
  got 4.6.0
  has 0 dependencies
  has 0 peers
Evaluating '@types/unist' ...
  got types/unist
  has 0 dependencies
  has 0 peers
Evaluating '@csstools/postcss-ic-unit' ...
  got csstools/postcss-ic-unit
  has 0 dependencies
  has 1 peers
Evaluating '@csstools/postcss-oklab-function' ...
  got csstools/postcss-oklab-function
  has 0 dependencies
  has 1 peers
Evaluating '@csstools/postcss-color-function' ...
  got csstools/postcss-color-function
  has 0 dependencies
  has 1 peers
Evaluating 'lodash.defaultsdeep' ...
  got 4.6.1
  has 0 dependencies
  has 0 peers
Evaluating 'macos-release' ...
  got 3.4.0
  has 0 dependencies
  has 0 peers
Evaluating '@emotion/utils' ...
  got emotion/utils
  has 0 dependencies
  has 0 peers
Evaluating 'parse-ms' ...
  got 4.0.0
  has 0 dependencies
  has 0 peers
Evaluating 'is-my-json-valid' ...
  got 2.20.6
  has 6 dependencies
  has 0 peers
Evaluating 'lodash.isundefined' ...
  got 3.0.1
  has 0 dependencies
  has 0 peers
Evaluating 'pupa' ...
  got 3.3.0
  has 1 dependencies
  has 0 peers
Evaluating '@hapi/bourne' ...
  got hapi/bourne
  has 0 dependencies
  has 0 peers
Evaluating '@emotion/serialize' ...
  got emotion/serialize
  has 5 dependencies
  has 0 peers
Evaluating 'is-alphabetical' ...
  got 2.0.1
  has 0 dependencies
  has 0 peers
Evaluating 'is-decimal' ...
  got 2.0.1
  has 0 dependencies
  has 0 peers
Evaluating 'is-alphanumerical' ...
  got 2.0.1
  has 2 dependencies
  has 0 peers
Evaluating '@swc/helpers' ...
  got swc/helpers
  has 1 dependencies
  has 0 peers
Evaluating 'date-now' ...
  got 1.0.1
  has 0 dependencies
  has 0 peers
Evaluating 'jmespath' ...
  got 0.16.0
  has 0 dependencies
  has 0 peers
Evaluating 'fs-readdir-recursive' ...
  got 1.1.0
  has 0 dependencies
  has 0 peers
Evaluating 'stop-iteration-iterator' ...
  got 1.1.0
  has 19 dependencies
  has 0 peers
Evaluating 'vfile' ...
  got 6.0.3
  has 3 dependencies
  has 0 peers
Evaluating 'lodash.tail' ...
  got 4.1.1
  has 0 dependencies
  has 0 peers
Evaluating 'example' ...
  got 0.0.0
  has 0 dependencies
  has 0 peers
Evaluating 'align-text' ...
  got 1.0.2
  has 3 dependencies
  has 0 peers
Evaluating 'right-align' ...
  got 0.1.3
  has 5 dependencies
  has 0 peers
Evaluating 'connect' ...
  got 3.7.0
  has 11 dependencies
  has 0 peers
Evaluating 'css-selector-tokenizer' ...
  got 0.8.0
  has 2 dependencies
  has 0 peers
Evaluating 'image-size' ...
  got 2.0.2
  has 0 dependencies
  has 0 peers
Evaluating 'center-align' ...
  got 1.0.1
  has 4 dependencies
  has 0 peers
Evaluating 'is-hexadecimal' ...
  got 2.0.1
  has 0 dependencies
  has 0 peers
Evaluating 'parse-entities' ...
  got 4.0.2
  has 9 dependencies
  has 0 peers
Evaluating 'character-reference-invalid' ...
  got 2.0.1
  has 0 dependencies
  has 0 peers
Evaluating 'trim-right' ...
  got 2.0.0
  has 0 dependencies
  has 0 peers
Evaluating 'vfile-message' ...
  got 4.0.3
  has 2 dependencies
  has 0 peers
Evaluating 'babel-plugin-transform-object-rest-spread' ...
  got 6.26.0
  has 4 dependencies
  has 0 peers
Evaluating 'uglify-to-browserify' ...
  got 2.1.0
  has 0 dependencies
  has 0 peers
Evaluating 'has-yarn' ...
  got 4.0.0
  has 1 dependencies
  has 0 peers
Evaluating 'node-abort-controller' ...
  got 3.1.1
  has 0 dependencies
  has 0 peers
Evaluating 'md5' ...
  got 2.3.0
  has 3 dependencies
  has 0 peers
Evaluating 'lodash.istypedarray' ...
  got 4.0.1
  has 0 dependencies
  has 0 peers
Evaluating 'swagger-ui-dist' ...
  got 5.32.5
  has 1 dependencies
  has 0 peers
Evaluating 'klaw' ...
  got 4.1.0
  has 0 dependencies
  has 0 peers
Evaluating '@nicolo-ribaudo/eslint-scope-5-internals' ...
  got nicolo-ribaudo/eslint-scope-5-internals
  has 4 dependencies
  has 0 peers
Evaluating '@adobe/css-tools' ...
  got adobe/css-tools
  has 0 dependencies
  has 0 peers
Evaluating 'nanoclone' ...
  got 1.0.2
  has 0 dependencies
  has 0 peers
Evaluating 'hard-rejection' ...
  got 2.1.0
  has 0 dependencies
  has 0 peers
Evaluating 'windows-release' ...
  got 7.1.1
  has 1 dependencies
  has 0 peers
Evaluating '@emotion/weak-memoize' ...
  got emotion/weak-memoize
  has 0 dependencies
  has 0 peers
Evaluating '@emotion/cache' ...
  got emotion/cache
  has 5 dependencies
  has 0 peers
Evaluating '@emotion/sheet' ...
  got emotion/sheet
  has 0 dependencies
  has 0 peers
Evaluating 'buffer-alloc-unsafe' ...
  got 1.1.0
  has 0 dependencies
  has 0 peers
Evaluating '@aws-sdk/token-providers' ...
  got aws-sdk/token-providers
  has 73 dependencies
  has 0 peers
Evaluating 'buffer-fill' ...
  got 1.0.0
  has 0 dependencies
  has 0 peers
Evaluating 'buffer-alloc' ...
  got 1.2.0
  has 2 dependencies
  has 0 peers
Evaluating 'unc-path-regex' ...
  got 0.1.2
  has 0 dependencies
  has 0 peers
Evaluating 'is-unc-path' ...
  got 1.0.0
  has 1 dependencies
  has 0 peers
Evaluating '@grpc/proto-loader' ...
  got grpc/proto-loader
  has 31 dependencies
  has 0 peers
Evaluating '@types/validator' ...
  got types/validator
  has 0 dependencies
  has 0 peers
Evaluating 'lodash.create' ...
  got 4.2.0
  has 0 dependencies
  has 0 peers
Evaluating 'shallowequal' ...
  got 1.1.0
  has 0 dependencies
  has 0 peers
Evaluating 'crc-32' ...
  got 1.2.2
  has 0 dependencies
  has 0 peers
Evaluating 'json-bigint' ...
  got 1.0.0
  has 1 dependencies
  has 0 peers
Evaluating 'cli-truncate' ...
  got 6.0.0
  has 7 dependencies
  has 0 peers
Evaluating '@csstools/postcss-stepped-value-functions' ...
  got csstools/postcss-stepped-value-functions
  has 0 dependencies
  has 1 peers
Evaluating '@csstools/postcss-unset-value' ...
  got csstools/postcss-unset-value
  has 0 dependencies
  has 1 peers
Evaluating 'lodash.isfinite' ...
  got 3.3.2
  has 0 dependencies
  has 0 peers
Evaluating 'shimmer' ...
  got 1.2.1
  has 0 dependencies
  has 0 peers
Evaluating 'unist-util-is' ...
  got 6.0.1
  has 1 dependencies
  has 0 peers
Evaluating 'lodash.zip' ...
  got 4.2.0
  has 0 dependencies
  has 0 peers
Evaluating 'optimize-css-assets-webpack-plugin' ...
  got 6.0.1
  has 0 dependencies
  has 1 peers
Evaluating 'wcwidth.js' ...
  got 2.0.0
  has 0 dependencies
  has 0 peers
Evaluating 'is-yarn-global' ...
  got 0.4.1
  has 0 dependencies
  has 0 peers
Evaluating 'last-call-webpack-plugin' ...
  got 3.0.0
  has 4 dependencies
  has 0 peers
Evaluating 'lodash.isnil' ...
  got 4.0.0
  has 0 dependencies
  has 0 peers
Evaluating 'lodash.transform' ...
  got 4.6.0
  has 0 dependencies
  has 0 peers
Evaluating '@grpc/grpc-js' ...
  got grpc/grpc-js
  has 33 dependencies
  has 0 peers
Evaluating 'lodash.startcase' ...
  got 4.4.0
  has 0 dependencies
  has 0 peers
Evaluating 'browser-resolve' ...
  got 2.0.0
  has 7 dependencies
  has 0 peers
Evaluating 'is-primitive' ...
  got 3.0.1
  has 0 dependencies
  has 0 peers
Evaluating 'iterare' ...
  got 1.2.1
  has 0 dependencies
  has 0 peers
Evaluating 'trough' ...
  got 2.2.0
  has 0 dependencies
  has 0 peers
Evaluating 'bail' ...
  got 2.0.2
  has 0 dependencies
  has 0 peers
Evaluating 'unified' ...
  got 11.0.5
  has 10 dependencies
  has 0 peers
Evaluating 'array-equal' ...
  got 2.0.0
  has 0 dependencies
  has 0 peers
Evaluating 'graphemer' ...
  got 1.4.0
  has 0 dependencies
  has 0 peers
Evaluating 'react-toastify' ...
  got ^18 || ^19
  has 1 dependencies
  has 2 peers
Evaluating '@nestjs/common' ...
  got nestjs/common
  has 0 dependencies
  has 4 peers
Evaluating 'lodash.values' ...
  got 4.3.0
  has 0 dependencies
  has 0 peers
Evaluating '@csstools/postcss-cascade-layers' ...
  got csstools/postcss-cascade-layers
  has 0 dependencies
  has 1 peers
Evaluating '@nuxtjs/opencollective' ...
  got nuxtjs/opencollective
  has 11 dependencies
  has 0 peers
Evaluating '@nestjs/core' ...
  got nestjs/common
  has 0 dependencies
  has 6 peers
Evaluating '@types/events' ...
  got types/events
  has 0 dependencies
  has 0 peers
Evaluating 'big-integer' ...
  got 1.6.52
  has 0 dependencies
  has 0 peers
Evaluating 'lodash.castarray' ...
  got 4.4.0
  has 0 dependencies
  has 0 peers
Evaluating 'lodash.deburr' ...
  got 4.1.0
  has 0 dependencies
  has 0 peers
Evaluating '@hapi/address' ...
  got hapi/address
  has 1 dependencies
  has 0 peers
Evaluating '@csstools/postcss-trigonometric-functions' ...
  got csstools/postcss-trigonometric-functions
  has 0 dependencies
  has 1 peers
Evaluating 'ftp' ...
  got 0.3.10
  has 6 dependencies
  has 0 peers
Evaluating 'lodash.cond' ...
  got 4.5.2
  has 0 dependencies
  has 0 peers
Evaluating 'log-update' ...
  got 8.0.0
  has 15 dependencies
  has 0 peers
Evaluating 'postcss-values-parser' ...
  got ^8.4.14
  has 122 dependencies
  has 1 peers
Evaluating 'rx-lite' ...
  got 4.0.8
  has 0 dependencies
  has 0 peers
Evaluating '@iarna/cli' ...
  got iarna/cli
  has 12 dependencies
  has 0 peers
Evaluating 'lodash.tostring' ...
  got 4.1.4
  has 0 dependencies
  has 0 peers
Evaluating 'extraneous-detected' ...
  got 0.0.1-security
  has 0 dependencies
  has 0 peers
Evaluating 'lodash.topath' ...
  got 4.5.2
  has 0 dependencies
  has 0 peers
Evaluating 'remark-parse' ...
  got 11.0.0
  has 41 dependencies
  has 0 peers
Evaluating '@hapi/joi' ...
  got hapi/joi
  has 5 dependencies
  has 0 peers
Evaluating 'cross-fetch-polyfill' ...
  got 0.0.0
  has 0 dependencies
  has 0 peers
Evaluating 'react-fast-compare' ...
  got 3.2.2
  has 0 dependencies
  has 0 peers
Evaluating 'object.omit' ...
  got 3.0.0
  has 3 dependencies
  has 0 peers
Evaluating 'seq-queue' ...
  got 0.0.5
  has 0 dependencies
  has 0 peers
Evaluating 'mysql2' ...
  got types/node
  has 10 dependencies
  has 1 peers
Evaluating 'named-placeholders' ...
  got 1.1.6
  has 1 dependencies
  has 0 peers
Evaluating 'lodash.capitalize' ...
  got 4.2.1
  has 0 dependencies
  has 0 peers
Evaluating 'lodash.max' ...
  got 4.0.1
  has 0 dependencies
  has 0 peers
Evaluating 'extraneous-dev-dep' ...
  got 0.0.1-security
  has 0 dependencies
  has 0 peers
Evaluating 'isbinaryfile' ...
  got 6.0.0
  has 0 dependencies
  has 0 peers
Evaluating 'tsconfig-paths-webpack-plugin' ...
  got 4.2.0
  has 13 dependencies
  has 0 peers
Evaluating 'string.prototype.trimleft' ...
  got 2.1.3
  has 19 dependencies
  has 0 peers
Evaluating 'string.prototype.trimright' ...
  got 2.1.3
  has 20 dependencies
  has 0 peers
Evaluating 'glob-base' ...
  got 0.3.0
  has 3 dependencies
  has 0 peers
Evaluating 'buffer-equal' ...
  got 1.0.1
  has 0 dependencies
  has 0 peers
Evaluating 'pretty-hrtime' ...
  got 1.0.3
  has 0 dependencies
  has 0 peers
Evaluating 'aws-sdk' ...
  got 2.1693.0
  has 44 dependencies
  has 0 peers
Evaluating '@aws-sdk/is-array-buffer' ...
  got aws-sdk/is-array-buffer
  has 2 dependencies
  has 0 peers
Evaluating '@aws-sdk/util-buffer-from' ...
  got aws-sdk/util-buffer-from
  has 3 dependencies
  has 0 peers
Evaluating 'cluster-key-slot' ...
  got 1.1.2
  has 0 dependencies
  has 0 peers
Evaluating 'less' ...
  got 4.6.4
  has 16 dependencies
  has 0 peers
Evaluating 'untildify' ...
  got 6.0.0
  has 0 dependencies
  has 0 peers
Evaluating 'lodash.pickby' ...
  got 4.6.0
  has 0 dependencies
  has 0 peers
Evaluating 'editorconfig' ...
  got 3.0.2
  has 6 dependencies
  has 0 peers
Evaluating 'lodash.findindex' ...
  got 4.6.0
  has 0 dependencies
  has 0 peers
Evaluating '@aws-sdk/querystring-parser' ...
  got aws-sdk/querystring-parser
  has 3 dependencies
  has 0 peers
Evaluating '@aws-sdk/url-parser' ...
  got aws-sdk/url-parser
  has 4 dependencies
  has 0 peers
Evaluating '@aws-sdk/node-http-handler' ...
  got aws-sdk/node-http-handler
  has 7 dependencies
  has 0 peers
Evaluating '@aws-sdk/util-uri-escape' ...
  got aws-sdk/util-uri-escape
  has 2 dependencies
  has 0 peers
Evaluating 'react-redux' ...
  got ^18.0 || ^19
  has 2 dependencies
  has 3 peers
Evaluating '@aws-sdk/protocol-http' ...
  got aws-sdk/protocol-http
  has 3 dependencies
  has 0 peers
Evaluating '@aws-sdk/service-error-classification' ...
  got aws-sdk/service-error-classification
  has 1 dependencies
  has 0 peers
Evaluating '@aws-sdk/querystring-builder' ...
  got aws-sdk/querystring-builder
  has 4 dependencies
  has 0 peers
Evaluating '@aws-sdk/util-hex-encoding' ...
  got aws-sdk/util-hex-encoding
  has 2 dependencies
  has 0 peers
Evaluating '@nestjs/platform-express' ...
  got nestjs/common
  has 83 dependencies
  has 2 peers
Evaluating '@aws-sdk/middleware-stack' ...
  got aws-sdk/middleware-stack
  has 2 dependencies
  has 0 peers
Evaluating '@aws-sdk/smithy-client' ...
  got aws-sdk/smithy-client
  has 16 dependencies
  has 0 peers
Evaluating '@aws-sdk/signature-v4' ...
  got aws-sdk/signature-v4
  has 17 dependencies
  has 0 peers
Evaluating '@aws-sdk/middleware-serde' ...
  got aws-sdk/middleware-serde
  has 3 dependencies
  has 0 peers
Evaluating '@aws-sdk/property-provider' ...
  got aws-sdk/property-provider
  has 3 dependencies
  has 0 peers
Evaluating '@aws-sdk/shared-ini-file-loader' ...
  got aws-sdk/shared-ini-file-loader
  has 3 dependencies
  has 0 peers
Evaluating '@aws-sdk/credential-provider-imds' ...
  got aws-sdk/credential-provider-imds
  has 8 dependencies
  has 0 peers
Evaluating '@aws-sdk/config-resolver' ...
  got aws-sdk/config-resolver
  has 5 dependencies
  has 0 peers
Evaluating '@aws-sdk/hash-node' ...
  got aws-sdk/hash-node
  has 6 dependencies
  has 0 peers
Evaluating '@aws-sdk/middleware-content-length' ...
  got aws-sdk/middleware-content-length
  has 4 dependencies
  has 0 peers
Evaluating '@aws-sdk/util-body-length-node' ...
  got aws-sdk/util-body-length-node
  has 2 dependencies
  has 0 peers
Evaluating '@aws-sdk/middleware-retry' ...
  got aws-sdk/middleware-retry
  has 8 dependencies
  has 0 peers
Evaluating '@aws-sdk/node-config-provider' ...
  got aws-sdk/node-config-provider
  has 5 dependencies
  has 0 peers
Evaluating '@csstools/postcss-text-decoration-shorthand' ...
  got csstools/postcss-text-decoration-shorthand
  has 0 dependencies
  has 1 peers
Evaluating '@csstools/postcss-nested-calc' ...
  got csstools/postcss-nested-calc
  has 0 dependencies
  has 1 peers
Evaluating '@aws-sdk/abort-controller' ...
  got aws-sdk/abort-controller
  has 3 dependencies
  has 0 peers
Evaluating 'cheerio-select' ...
  got 2.1.0
  has 9 dependencies
  has 0 peers
Evaluating 'lodash.forown' ...
  got 4.4.0
  has 0 dependencies
  has 0 peers
Evaluating 'next' ...
  got 16.2.4
  has 0 dependencies
  has 6 peers
Evaluating 'passport-strategy' ...
  got 1.0.0
  has 0 dependencies
  has 0 peers
Evaluating 'babel-core' ...
  got 6.26.3
  has 49 dependencies
  has 0 peers
Evaluating 'vite' ...
  got 8.0.10
  has 22 dependencies
  has 12 peers
Evaluating 'styled-jsx' ...
  got >= 16.8.0 || 17.x.x || ^18.0.0-0 || ^19.0.0-0
  has 1 dependencies
  has 1 peers
Evaluating '@aws-sdk/invalid-dependency' ...
  got aws-sdk/invalid-dependency
  has 3 dependencies
  has 0 peers
Evaluating 'lodash.noop' ...
  got 3.0.1
  has 0 dependencies
  has 0 peers
Evaluating 'redis-errors' ...
  got 1.2.0
  has 0 dependencies
  has 0 peers
Evaluating 'mini-create-react-context' ...
  got 0.4.1
  has 0 dependencies
  has 2 peers
Evaluating 'fstream-ignore' ...
  got 1.0.5
  has 16 dependencies
  has 0 peers
Evaluating '@aws-sdk/fetch-http-handler' ...
  got aws-sdk/fetch-http-handler
  has 9 dependencies
  has 0 peers
Evaluating 'lodash.rest' ...
  got 4.0.5
  has 0 dependencies
  has 0 peers
Evaluating '@aws-sdk/util-body-length-browser' ...
  got aws-sdk/util-body-length-browser
  has 2 dependencies
  has 0 peers
Evaluating 'parse-glob' ...
  got 3.0.4
  has 5 dependencies
  has 0 peers
Evaluating 'is-dotfile' ...
  got 2.0.0
  has 1 dependencies
  has 0 peers
Evaluating '@aws-sdk/util-config-provider' ...
  got aws-sdk/util-config-provider
  has 2 dependencies
  has 0 peers
Evaluating 'lodash.orderby' ...
  got 4.18.0
  has 0 dependencies
  has 0 peers
Evaluating 'gaxios' ...
  got 7.1.4
  has 11 dependencies
  has 0 peers
Evaluating 'lodash.keyby' ...
  got 4.6.0
  has 0 dependencies
  has 0 peers
Evaluating 'lodash.last' ...
  got 3.0.0
  has 0 dependencies
  has 0 peers
Evaluating '@aws-sdk/util-defaults-mode-node' ...
  got aws-sdk/util-defaults-mode-node
  has 12 dependencies
  has 0 peers
Evaluating 'foreach' ...
  got 2.0.6
  has 0 dependencies
  has 0 peers
Evaluating 'gcp-metadata' ...
  got 8.1.2
  has 15 dependencies
  has 0 peers
Evaluating 'js-beautify' ...
  got 1.15.4
  has 51 dependencies
  has 0 peers
Evaluating 'passport' ...
  got 0.7.0
  has 3 dependencies
  has 0 peers
Evaluating 'postcss-selector-matches' ...
  got 4.0.0
  has 4 dependencies
  has 0 peers
Evaluating 'workerpool' ...
  got 10.0.2
  has 0 dependencies
  has 0 peers
Evaluating '@aws-sdk/util-middleware' ...
  got aws-sdk/util-middleware
  has 2 dependencies
  has 0 peers
Evaluating 'hasha' ...
  got 7.0.0
  has 2 dependencies
  has 0 peers
Evaluating 'lodash.assignwith' ...
  got 4.2.0
  has 0 dependencies
  has 0 peers
Evaluating 'acorn-dynamic-import' ...
  got ^6.0.0
  has 0 dependencies
  has 1 peers
Evaluating 'lodash.identity' ...
  got 3.0.0
  has 0 dependencies
  has 0 peers
Evaluating 'lodash.keysin' ...
  got 4.2.0
  has 0 dependencies
  has 0 peers
Evaluating 'lodash.flatmap' ...
  got 4.5.0
  has 0 dependencies
  has 0 peers
Evaluating '@esbuild/linux-loong64' ...
  ! package not resolved
Evaluating 'lodash.chunk' ...
  got 4.2.0
  has 0 dependencies
  has 0 peers
Evaluating '@aashutoshrathi/word-wrap' ...
  got aashutoshrathi/word-wrap
  has 0 dependencies
  has 0 peers
Evaluating 'pn' ...
  got 1.1.0
  has 0 dependencies
  has 0 peers
Evaluating 'array-slice' ...
  got 1.1.0
  has 0 dependencies
  has 0 peers
Evaluating 'esm' ...
  got 3.2.25
  has 0 dependencies
  has 0 peers
Evaluating 'babel-messages' ...
  got 6.23.0
  has 3 dependencies
  has 0 peers
Evaluating '@types/uuid' ...
  got types/uuid
  has 1 dependencies
  has 0 peers
Evaluating 'babel-traverse' ...
  got 6.26.0
  has 23 dependencies
  has 0 peers
Evaluating 'merge-source-map' ...
  got 1.1.0
  has 1 dependencies
  has 0 peers
Evaluating 'jju' ...
  got 1.4.0
  has 0 dependencies
  has 0 peers
Evaluating '@aws-sdk/util-defaults-mode-browser' ...
  got aws-sdk/util-defaults-mode-browser
  has 5 dependencies
  has 0 peers
Evaluating 'inflection' ...
  got 3.0.2
  has 0 dependencies
  has 0 peers
Evaluating '@next/env' ...
  got next/env
  has 0 dependencies
  has 0 peers
Evaluating 'pngjs' ...
  got 7.0.0
  has 0 dependencies
  has 0 peers
Evaluating '@babel/helper-regex' ...
  got babel/helper-regex
  has 1 dependencies
  has 0 peers
Evaluating 'lodash.partialright' ...
  got 4.2.1
  has 0 dependencies
  has 0 peers
Evaluating 'gtoken' ...
  got 8.0.0
  has 17 dependencies
  has 0 peers
Evaluating 'google-auth-library' ...
  got 10.6.2
  has 22 dependencies
  has 0 peers
Evaluating 'postcss-color-gray' ...
  got 5.0.0
  has 8 dependencies
  has 0 peers
Evaluating 'dequal' ...
  got 2.0.3
  has 0 dependencies
  has 0 peers
Evaluating 'mime-score' ...
  got 2.0.4
  has 0 dependencies
  has 0 peers
Evaluating '@aws-sdk/client-sso-oidc' ...
  got aws-sdk/client-sso-oidc
  has 87 dependencies
  has 0 peers
Evaluating '@csstools/convert-colors' ...
  got csstools/convert-colors
  has 0 dependencies
  has 0 peers
Evaluating 'postcss-color-mod-function' ...
  got ^8.2.15
  has 2 dependencies
  has 1 peers
Evaluating 'node-uuid' ...
  got 1.4.8
  has 0 dependencies
  has 0 peers
Evaluating 'expand-range' ...
  got 2.0.2
  has 9 dependencies
  has 0 peers
Evaluating 'pure-color' ...
  got 1.3.0
  has 0 dependencies
  has 0 peers
Evaluating 'lodash.xorby' ...
  got 4.7.0
  has 0 dependencies
  has 0 peers
Evaluating 'lodash.intersection' ...
  got 4.4.0
  has 0 dependencies
  has 0 peers
Evaluating 'lodash.toplainobject' ...
  got 4.2.0
  has 0 dependencies
  has 0 peers
Evaluating 'get-spdx-license-ids' ...
  got 2.1.0
  has 17 dependencies
  has 0 peers
Evaluating 'lodash.topairs' ...
  got 4.3.0
  has 0 dependencies
  has 0 peers
Evaluating 'lodash.startswith' ...
  got 4.2.1
  has 0 dependencies
  has 0 peers
Evaluating 'lodash.tonumber' ...
  got 4.18.0
  has 0 dependencies
  has 0 peers
Evaluating 'path-root' ...
  got 0.1.1
  has 1 dependencies
  has 0 peers
Evaluating '@aws-sdk/middleware-endpoint' ...
  got aws-sdk/middleware-endpoint
  has 7 dependencies
  has 0 peers
Evaluating 'path-root-regex' ...
  got 0.1.2
  has 0 dependencies
  has 0 peers
Evaluating 'babel-template' ...
  got 6.26.0
  has 24 dependencies
  has 0 peers
Evaluating 'lodash.compact' ...
  got 3.0.1
  has 0 dependencies
  has 0 peers
Evaluating 'lodash.invokemap' ...
  got 4.6.0
  has 0 dependencies
  has 0 peers
Evaluating 'lodash.every' ...
  got 4.6.0
  has 0 dependencies
  has 0 peers
Evaluating 'randomatic' ...
  got 3.1.1
  has 3 dependencies
  has 0 peers
Evaluating 'lodash.zipobject' ...
  got 4.18.0
  has 0 dependencies
  has 0 peers
Evaluating 'lodash.isequalwith' ...
  got 4.4.0
  has 0 dependencies
  has 0 peers
Evaluating 'lodash.sum' ...
  got 4.0.2
  has 0 dependencies
  has 0 peers
Evaluating 'lodash.endswith' ...
  got 4.2.1
  has 0 dependencies
  has 0 peers
Evaluating 'google-p12-pem' ...
  got 5.0.0
  has 1 dependencies
  has 0 peers
Evaluating 'lodash.invert' ...
  got 4.3.0
  has 0 dependencies
  has 0 peers
Evaluating 'node-environment-flags' ...
  got 1.0.6
  has 93 dependencies
  has 0 peers
Evaluating 'lodash.maxby' ...
  got 4.6.0
  has 0 dependencies
  has 0 peers
Evaluating 'uid-safe' ...
  got 2.1.5
  has 1 dependencies
  has 0 peers
Evaluating 'lodash.findkey' ...
  got 4.6.0
  has 0 dependencies
  has 0 peers
Evaluating 'lodash.differencewith' ...
  got 4.5.0
  has 0 dependencies
  has 0 peers
Evaluating 'lodash.uniqueid' ...
  got 4.0.1
  has 0 dependencies
  has 0 peers
Evaluating 'lodash.size' ...
  got 4.2.0
  has 0 dependencies
  has 0 peers
Evaluating 'fast-text-encoding' ...
  got 1.0.6
  has 0 dependencies
  has 0 peers
Evaluating 'lodash.constant' ...
  got 3.0.0
  has 0 dependencies
  has 0 peers
Evaluating '@emotion/react' ...
  got emotion/react
  has 0 dependencies
  has 1 peers
Evaluating 'time-stamp' ...
  got 2.2.0
  has 0 dependencies
  has 0 peers
Evaluating 'lodash.trimend' ...
  got 4.18.0
  has 0 dependencies
  has 0 peers
Evaluating 'lodash.lowerfirst' ...
  got 4.3.1
  has 0 dependencies
  has 0 peers
Evaluating 'lodash.forin' ...
  got 4.4.0
  has 0 dependencies
  has 0 peers
Evaluating 'lodash.lowercase' ...
  got 4.3.0
  has 0 dependencies
  has 0 peers
Evaluating 'lodash.fill' ...
  got 3.4.0
  has 0 dependencies
  has 0 peers
Evaluating 'into-stream' ...
  got 9.1.0
  has 0 dependencies
  has 0 peers
Evaluating 'lodash.words' ...
  got 4.2.0
  has 0 dependencies
  has 0 peers
Evaluating 'lodash.uniqwith' ...
  got 4.5.0
  has 0 dependencies
  has 0 peers
Evaluating 'lodash.trim' ...
  got 4.18.0
  has 0 dependencies
  has 0 peers
Evaluating 'libphonenumber-js' ...
  got 1.12.42
  has 0 dependencies
  has 0 peers
Evaluating 'lodash.at' ...
  got 4.6.0
  has 0 dependencies
  has 0 peers
Evaluating 'clone-stats' ...
  got 1.0.0
  has 0 dependencies
  has 0 peers
Evaluating 'vinyl' ...
  got 3.0.1
  has 10 dependencies
  has 0 peers
Evaluating 'graphql' ...
  got 16.13.2
  has 0 dependencies
  has 0 peers
Evaluating 'preserve' ...
  got 0.2.0
  has 0 dependencies
  has 0 peers
Evaluating 'launch-editor' ...
  got 2.13.2
  has 2 dependencies
  has 0 peers
Evaluating '@mrmlnc/readdir-enhanced' ...
  got mrmlnc/readdir-enhanced
  has 2 dependencies
  has 0 peers
Evaluating 'log4js' ...
  got 6.9.1
  has 10 dependencies
  has 0 peers
Evaluating 'set-immediate-shim' ...
  got 4.0.0
  has 0 dependencies
  has 0 peers
Evaluating 'filename-regex' ...
  got 2.0.1
  has 0 dependencies
  has 0 peers
Evaluating 'redis-commands' ...
  got 1.7.0
  has 0 dependencies
  has 0 peers
Evaluating 'lie' ...
  got 3.3.0
  has 1 dependencies
  has 0 peers
Evaluating 'lodash.frompairs' ...
  got 4.0.1
  has 0 dependencies
  has 0 peers
Evaluating 'lodash.isregexp' ...
  got 4.0.1
  has 0 dependencies
  has 0 peers
Evaluating 'vm2' ...
  got 3.10.5
  has 2 dependencies
  has 0 peers
Evaluating 'regex-cache' ...
  got 0.4.4
  has 2 dependencies
  has 0 peers
Evaluating 'is-equal-shallow' ...
  got 0.1.3
  has 1 dependencies
  has 0 peers
Evaluating 'babel-plugin-syntax-jsx' ...
  got 6.18.0
  has 0 dependencies
  has 0 peers
Evaluating 'bcrypt' ...
  got 6.0.0
  has 2 dependencies
  has 0 peers
Evaluating 'lodash.range' ...
  got 3.2.0
  has 0 dependencies
  has 0 peers
Evaluating 'lodash.pullall' ...
  got 4.2.0
  has 0 dependencies
  has 0 peers
Evaluating 'lodash.iteratee' ...
  got 4.7.0
  has 0 dependencies
  has 0 peers
Evaluating 'lodash.omitby' ...
  got 4.6.0
  has 0 dependencies
  has 0 peers
Evaluating 'lodash.unset' ...
  got 4.18.0
  has 0 dependencies
  has 0 peers
Evaluating 'lodash.partial' ...
  got 4.2.1
  has 0 dependencies
  has 0 peers
Evaluating '@aws-sdk/client-cognito-identity' ...
  got aws-sdk/client-cognito-identity
  has 87 dependencies
  has 0 peers
Evaluating 'random-bytes' ...
  got 1.0.0
  has 0 dependencies
  has 0 peers
Evaluating 'lodash.trimstart' ...
  got 4.5.1
  has 0 dependencies
  has 0 peers
Evaluating '@aws-sdk/credential-provider-cognito-identity' ...
  got aws-sdk/credential-provider-cognito-identity
  has 78 dependencies
  has 0 peers
Evaluating 'lodash.xor' ...
  got 4.5.0
  has 0 dependencies
  has 0 peers
Evaluating 'lodash.partition' ...
  got 4.6.0
  has 0 dependencies
  has 0 peers
Evaluating 'lodash.head' ...
  got 4.0.1
  has 0 dependencies
  has 0 peers
Evaluating 'lodash.sample' ...
  got 4.2.1
  has 0 dependencies
  has 0 peers
Evaluating 'lodash.clamp' ...
  got 4.0.3
  has 0 dependencies
  has 0 peers
Evaluating 'lodash.isdate' ...
  got 4.0.1
  has 0 dependencies
  has 0 peers
Evaluating 'lodash.mean' ...
  got 4.1.0
  has 0 dependencies
  has 0 peers
Evaluating 'lodash.unionby' ...
  got 4.8.0
  has 0 dependencies
  has 0 peers
Evaluating 'lodash.shuffle' ...
  got 4.2.0
  has 0 dependencies
  has 0 peers
Evaluating 'parse-node-version' ...
  got 2.0.0
  has 0 dependencies
  has 0 peers
Evaluating 'tunnel' ...
  got 0.0.6
  has 0 dependencies
  has 0 peers
Evaluating 'lodash.isnull' ...
  got 3.0.0
  has 0 dependencies
  has 0 peers
Evaluating 'lodash.now' ...
  got 4.0.2
  has 0 dependencies
  has 0 peers
Evaluating 'lodash.hasin' ...
  got 4.5.2
  has 0 dependencies
  has 0 peers
Evaluating '@aws-sdk/util-base64' ...
  got aws-sdk/util-base64
  has 4 dependencies
  has 0 peers
Evaluating 'lodash.clonedeepwith' ...
  got 4.5.0
  has 0 dependencies
  has 0 peers
Evaluating 'es6-error' ...
  got 4.1.1
  has 0 dependencies
  has 0 peers
Evaluating 'lodash.issafeinteger' ...
  got 4.0.4
  has 0 dependencies
  has 0 peers
Evaluating 'lodash.assigninwith' ...
  got 4.2.0
  has 0 dependencies
  has 0 peers
Evaluating 'is-posix-bracket' ...
  got 0.1.1
  has 0 dependencies
  has 0 peers
Evaluating 'lodash.indexof' ...
  got 4.0.5
  has 0 dependencies
  has 0 peers
Evaluating 'mdast-util-to-string' ...
  got 4.0.0
  has 2 dependencies
  has 0 peers
Evaluating 'parseuri' ...
  got 3.0.2
  has 0 dependencies
  has 0 peers
Evaluating 'lodash.mapkeys' ...
  got 4.6.0
  has 0 dependencies
  has 0 peers
Evaluating 'parseqs' ...
  got 0.0.6
  has 0 dependencies
  has 0 peers
Evaluating 'lodash.sortedlastindex' ...
  got 4.1.0
  has 0 dependencies
  has 0 peers
Evaluating 'reduce-css-calc' ...
  got 2.1.8
  has 2 dependencies
  has 0 peers
Evaluating 'has-cors' ...
  got 1.1.0
  has 0 dependencies
  has 0 peers
Evaluating 'rollup-pluginutils' ...
  got 2.8.2
  has 1 dependencies
  has 0 peers
Evaluating 'lodash.findlast' ...
  got 4.6.0
  has 0 dependencies
  has 0 peers
Evaluating 'lodash.split' ...
  got 4.4.2
  has 0 dependencies
  has 0 peers
Evaluating 'lodash.concat' ...
  got 4.5.0
  has 0 dependencies
  has 0 peers
Evaluating 'lodash.zipwith' ...
  got 4.2.0
  has 0 dependencies
  has 0 peers
Evaluating 'lodash.isnan' ...
  got 3.0.2
  has 0 dependencies
  has 0 peers
Evaluating 'lodash.iserror' ...
  got 3.1.1
  has 0 dependencies
  has 0 peers
Evaluating 'lodash.intersectionby' ...
  got 4.7.0
  has 0 dependencies
  has 0 peers
Evaluating 'lodash.property' ...
  got 4.4.2
  has 0 dependencies
  has 0 peers
Evaluating 'lodash.initial' ...
  got 4.1.1
  has 0 dependencies
  has 0 peers
Evaluating '@aws-sdk/credential-providers' ...
  got aws-sdk/credential-providers
  has 89 dependencies
  has 0 peers
Evaluating 'lodash.islength' ...
  got 4.0.1
  has 0 dependencies
  has 0 peers
Evaluating 'lodash.remove' ...
  got 4.7.0
  has 0 dependencies
  has 0 peers
Evaluating 'lodash.result' ...
  got 4.5.2
  has 0 dependencies
  has 0 peers
Evaluating 'lodash.setwith' ...
  got 4.3.2
  has 0 dependencies
  has 0 peers
Evaluating 'lodash.uppercase' ...
  got 4.3.0
  has 0 dependencies
  has 0 peers
Evaluating 'lodash.pull' ...
  got 4.1.0
  has 0 dependencies
  has 0 peers
Evaluating 'lodash.flowright' ...
  got 3.5.0
  has 0 dependencies
  has 0 peers
Evaluating 'json-parse-helpfulerror' ...
  got 1.0.3
  has 1 dependencies
  has 0 peers
Evaluating 'lodash.lt' ...
  got 3.9.2
  has 0 dependencies
  has 0 peers
Evaluating 'global' ...
  got 4.4.0
  has 3 dependencies
  has 0 peers
Evaluating 'lodash.differenceby' ...
  got 4.8.0
  has 0 dependencies
  has 0 peers
Evaluating 'lodash.unionwith' ...
  got 4.6.0
  has 0 dependencies
  has 0 peers
Evaluating 'lodash.invoke' ...
  got 4.5.2
  has 0 dependencies
  has 0 peers
Evaluating 'lodash.isobjectlike' ...
  got 4.0.0
  has 0 dependencies
  has 0 peers
Evaluating 'lodash.random' ...
  got 3.2.0
  has 0 dependencies
  has 0 peers
Evaluating 'lodash.times' ...
  got 4.3.2
  has 0 dependencies
  has 0 peers
Evaluating 'lodash.samplesize' ...
  got 4.2.0
  has 0 dependencies
  has 0 peers
Evaluating 'lodash.rangeright' ...
  got 4.2.0
  has 0 dependencies
  has 0 peers
Evaluating 'lodash.ary' ...
  got 4.1.1
  has 0 dependencies
  has 0 peers
Evaluating 'lodash.min' ...
  got 4.0.1
  has 0 dependencies
  has 0 peers
Evaluating 'yeast' ...
  got 0.1.2
  has 0 dependencies
  has 0 peers
Evaluating 'lodash.delay' ...
  got 4.1.1
  has 0 dependencies
  has 0 peers
Evaluating 'lodash.take' ...
  got 4.1.1
  has 0 dependencies
  has 0 peers
Evaluating 'lodash.sumby' ...
  got 4.6.0
  has 0 dependencies
  has 0 peers
Evaluating 'append-transform' ...
  got 2.0.0
  has 2 dependencies
  has 0 peers
Evaluating 'lodash.countby' ...
  got 4.6.0
  has 0 dependencies
  has 0 peers
Evaluating 'lodash.defaultto' ...
  got 4.14.0
  has 0 dependencies
  has 0 peers
Evaluating 'lodash.takeright' ...
  got 4.1.1
  has 0 dependencies
  has 0 peers
Evaluating 'lodash.spread' ...
  got 4.2.1
  has 0 dependencies
  has 0 peers
Evaluating 'lodash.bindall' ...
  got 4.4.0
  has 0 dependencies
  has 0 peers
Evaluating 'lodash.intersectionwith' ...
  got 4.4.0
  has 0 dependencies
  has 0 peers
Evaluating 'lodash.over' ...
  got 4.7.0
  has 0 dependencies
  has 0 peers
Evaluating 'lodash.sortedindexof' ...
  got 4.1.0
  has 0 dependencies
  has 0 peers
Evaluating 'lodash.eq' ...
  got 4.0.0
  has 0 dependencies
  has 0 peers
Evaluating 'lodash.round' ...
  got 4.0.4
  has 0 dependencies
  has 0 peers
Evaluating 'lodash.dropright' ...
  got 4.1.1
  has 0 dependencies
  has 0 peers
Evaluating 'lodash.ismap' ...
  got 4.4.2
  has 0 dependencies
  has 0 peers
Evaluating 'lodash.isset' ...
  got 4.4.2
  has 0 dependencies
  has 0 peers
Evaluating 'lodash.flattendepth' ...
  got 4.7.0
  has 0 dependencies
  has 0 peers
Evaluating 'default-require-extensions' ...
  got 3.0.1
  has 1 dependencies
  has 0 peers
Evaluating 'lodash.wrap' ...
  got 4.1.1
  has 0 dependencies
  has 0 peers
Evaluating 'lodash.negate' ...
  got 3.0.2
  has 0 dependencies
  has 0 peers
Evaluating 'lodash.drop' ...
  got 4.1.1
  has 0 dependencies
  has 0 peers
Evaluating 'lodash.replace' ...
  got 4.1.4
  has 0 dependencies
  has 0 peers
Evaluating 'lodash.isarraylike' ...
  got 4.2.0
  has 0 dependencies
  has 0 peers
Evaluating 'puppeteer' ...
  ! package not resolved
Evaluating 'lodash.sortedindex' ...
  got 4.1.0
  has 0 dependencies
  has 0 peers
Evaluating 'lodash.parseint' ...
  got 4.0.2
  has 0 dependencies
  has 0 peers
Evaluating 'lodash.foreachright' ...
  got 4.4.0
  has 0 dependencies
  has 0 peers
Evaluating 'lodash.join' ...
  got 4.0.1
  has 0 dependencies
  has 0 peers
Evaluating 'lodash.inrange' ...
  got 3.3.6
  has 0 dependencies
  has 0 peers
Evaluating 'lodash.after' ...
  got 4.0.4
  has 0 dependencies
  has 0 peers
Evaluating 'lodash.update' ...
  got 4.10.2
  has 0 dependencies
  has 0 peers
Evaluating 'lodash.methodof' ...
  got 4.5.2
  has 0 dependencies
  has 0 peers
Evaluating 'lodash.tolength' ...
  got 4.0.4
  has 0 dependencies
  has 0 peers
Evaluating 'lodash.slice' ...
  got 4.2.0
  has 0 dependencies
  has 0 peers
Evaluating 'lodash.sorteduniq' ...
  got 4.2.0
  has 0 dependencies
  has 0 peers
Evaluating 'lodash.findlastkey' ...
  got 4.7.0
  has 0 dependencies
  has 0 peers
Evaluating 'lodash.isweakmap' ...
  got 4.4.1
  has 0 dependencies
  has 0 peers
Evaluating 'lodash.stubobject' ...
  got 4.13.0
  has 0 dependencies
  has 0 peers
Evaluating 'lodash.isweakset' ...
  got 4.3.0
  has 0 dependencies
  has 0 peers
Evaluating 'lodash.dropwhile' ...
  got 4.6.0
  has 0 dependencies
  has 0 peers
Evaluating '@types/node-fetch' ...
  got types/node-fetch
  has 22 dependencies
  has 0 peers
Evaluating 'lodash.subtract' ...
  got 4.2.0
  has 0 dependencies
  has 0 peers
Evaluating 'lodash.forownright' ...
  got 4.5.0
  has 0 dependencies
  has 0 peers
Evaluating 'lodash.pullallby' ...
  got 4.7.0
  has 0 dependencies
  has 0 peers
Evaluating 'lodash.stubarray' ...
  got 4.13.0
  has 0 dependencies
  has 0 peers
Evaluating 'lodash.isarraybuffer' ...
  got 4.4.1
  has 0 dependencies
  has 0 peers
Evaluating 'lodash.ntharg' ...
  got 4.2.1
  has 0 dependencies
  has 0 peers
Evaluating 'lodash.unzip' ...
  got 3.4.0
  has 0 dependencies
  has 0 peers
Evaluating 'lodash.sortedlastindexby' ...
  got 4.6.0
  has 0 dependencies
  has 0 peers
Evaluating 'lodash.forinright' ...
  got 4.5.0
  has 0 dependencies
  has 0 peers
Evaluating 'lodash.clonewith' ...
  got 4.5.0
  has 0 dependencies
  has 0 peers
Evaluating 'lodash.matchesproperty' ...
  got 4.7.0
  has 0 dependencies
  has 0 peers
Evaluating 'lodash.conforms' ...
  got 4.5.0
  has 0 dependencies
  has 0 peers
Evaluating 'lodash.droprightwhile' ...
  got 4.6.0
  has 0 dependencies
  has 0 peers
Evaluating 'lodash.flatmapdepth' ...
  got 4.10.0
  has 0 dependencies
  has 0 peers
Evaluating 'lodash.unary' ...
  got 4.2.1
  has 0 dependencies
  has 0 peers
Evaluating 'lodash.divide' ...
  got 4.9.0
  has 0 dependencies
  has 0 peers
Evaluating 'lodash.stubstring' ...
  got 4.13.0
  has 0 dependencies
  has 0 peers
Evaluating 'lodash.mixin' ...
  got 4.3.0
  has 0 dependencies
  has 0 peers
Evaluating 'lodash.rearg' ...
  got 4.4.0
  has 0 dependencies
  has 0 peers
Evaluating 'lodash.oversome' ...
  got 4.7.0
  has 0 dependencies
  has 0 peers
Evaluating 'lodash.ceil' ...
  got 4.0.4
  has 0 dependencies
  has 0 peers
Evaluating 'lodash.stubfalse' ...
  got 4.13.0
  has 0 dependencies
  has 0 peers
Evaluating 'lodash.stubtrue' ...
  got 4.13.0
  has 0 dependencies
  has 0 peers
Evaluating 'lodash.before' ...
  got 4.0.4
  has 0 dependencies
  has 0 peers
Evaluating 'lodash.toupper' ...
  got 4.1.2
  has 0 dependencies
  has 0 peers
Evaluating 'lodash.gt' ...
  got 3.9.2
  has 0 dependencies
  has 0 peers
Evaluating 'lodash.method' ...
  got 4.5.2
  has 0 dependencies
  has 0 peers
Evaluating 'lodash.valuesin' ...
  got 4.3.0
  has 0 dependencies
  has 0 peers
Evaluating 'lodash.tofinite' ...
  got 4.12.1
  has 0 dependencies
  has 0 peers
Evaluating 'lodash.functionsin' ...
  got 4.3.0
  has 0 dependencies
  has 0 peers
Evaluating 'lodash.flip' ...
  got 4.2.1
  has 0 dependencies
  has 0 peers
Evaluating 'lodash.bindkey' ...
  got 4.2.1
  has 0 dependencies
  has 0 peers
Evaluating 'lodash.zipobjectdeep' ...
  got 4.18.0
  has 0 dependencies
  has 0 peers
Evaluating 'lodash.minby' ...
  got 4.6.0
  has 0 dependencies
  has 0 peers
Evaluating 'lodash.gte' ...
  got 3.9.2
  has 0 dependencies
  has 0 peers
Evaluating 'lodash.functions' ...
  got 4.3.0
  has 0 dependencies
  has 0 peers
Evaluating 'lodash.tosafeinteger' ...
  got 4.0.4
  has 0 dependencies
  has 0 peers
Evaluating 'lodash.issymbol' ...
  got 4.0.1
  has 0 dependencies
  has 0 peers
Evaluating 'lodash.overargs' ...
  got 4.7.0
  has 0 dependencies
  has 0 peers
Evaluating 'lodash.multiply' ...
  got 4.9.0
  has 0 dependencies
  has 0 peers
Evaluating 'lodash.overevery' ...
  got 4.7.0
  has 0 dependencies
  has 0 peers
Evaluating 'lodash.unzipwith' ...
  got 4.3.0
  has 0 dependencies
  has 0 peers
Evaluating 'lodash.tolower' ...
  got 4.1.2
  has 0 dependencies
  has 0 peers
Evaluating 'lodash.flatmapdeep' ...
  got 4.10.0
  has 0 dependencies
  has 0 peers
Evaluating 'lodash.sortedlastindexof' ...
  got 4.1.0
  has 0 dependencies
  has 0 peers
Evaluating 'lodash.isarraylikeobject' ...
  got 4.2.0
  has 0 dependencies
  has 0 peers
Evaluating 'lodash.meanby' ...
  got 4.10.0
  has 0 dependencies
  has 0 peers
Evaluating 'lodash.xorwith' ...
  got 4.5.0
  has 0 dependencies
  has 0 peers
Evaluating 'lodash.conformsto' ...
  got 4.15.0
  has 0 dependencies
  has 0 peers
Evaluating 'lodash.takewhile' ...
  got 4.6.0
  has 0 dependencies
  has 0 peers
Evaluating 'lodash.nth' ...
  got 4.11.2
  has 0 dependencies
  has 0 peers
Evaluating 'lodash.topairsin' ...
  got 4.3.0
  has 0 dependencies
  has 0 peers
Evaluating 'lodash.attempt' ...
  got 4.2.0
  has 0 dependencies
  has 0 peers
Evaluating 'lodash.lte' ...
  got 3.9.2
  has 0 dependencies
  has 0 peers
Evaluating 'lodash.reduceright' ...
  got 4.6.0
  has 0 dependencies
  has 0 peers
Evaluating 'lodash.propertyof' ...
  got 4.4.2
  has 0 dependencies
  has 0 peers
Evaluating 'lodash.takerightwhile' ...
  got 4.6.0
  has 0 dependencies
  has 0 peers
Evaluating 'lodash.invertby' ...
  got 4.7.0
  has 0 dependencies
  has 0 peers
Evaluating 'lodash.sortedindexby' ...
  got 4.18.0
  has 0 dependencies
  has 0 peers
Evaluating 'lodash.defer' ...
  got 4.1.0
  has 0 dependencies
  has 0 peers
Evaluating 'lodash.floor' ...
  got 4.0.4
  has 0 dependencies
  has 0 peers
Evaluating 'lodash.isnative' ...
  got 4.0.1
  has 0 dependencies
  has 0 peers
Evaluating 'lodash.add' ...
  got 3.7.0
  has 0 dependencies
  has 0 peers
Evaluating 'lodash.curryright' ...
  got 4.1.1
  has 0 dependencies
  has 0 peers
Evaluating 'lodash.reverse' ...
  got 4.0.1
  has 0 dependencies
  has 0 peers
Evaluating 'lodash.isbuffer' ...
  got 4.3.4
  has 0 dependencies
  has 0 peers
Evaluating 'lodash.tointeger' ...
  got 4.0.4
  has 0 dependencies
  has 0 peers
Evaluating 'lodash.updatewith' ...
  got 4.10.2
  has 0 dependencies
  has 0 peers
Evaluating 'lodash.iselement' ...
  got 4.1.1
  has 0 dependencies
  has 0 peers
Evaluating 'lodash.ismatchwith' ...
  got 4.4.0
  has 0 dependencies
  has 0 peers
Evaluating 'lodash.lastindexof' ...
  got 4.0.5
  has 0 dependencies
  has 0 peers
Evaluating 'lodash.pullallwith' ...
  got 4.7.0
  has 0 dependencies
  has 0 peers
Evaluating 'lodash.matches' ...
  got 4.6.0
  has 0 dependencies
  has 0 peers
Evaluating 'lodash.pullat' ...
  got 4.6.0
  has 0 dependencies
  has 0 peers
Evaluating 'lodash.findlastindex' ...
  got 4.6.0
  has 0 dependencies
  has 0 peers
Evaluating 'lodash.sorteduniqby' ...
  got 4.7.0
  has 0 dependencies
  has 0 peers
Evaluating 'istanbul-lib-hook' ...
  got 3.0.0
  has 3 dependencies
  has 0 peers
Evaluating 'arch' ...
  got 3.0.0
  has 0 dependencies
  has 0 peers
Evaluating 'min-document' ...
  got 2.19.2
  has 1 dependencies
  has 0 peers
Evaluating 'dom-walk' ...
  got 0.1.2
  has 0 dependencies
  has 0 peers
Evaluating '@esbuild/android-arm' ...
  ! package not resolved
Evaluating '@babel/register' ...
  got babel/core
  has 21 dependencies
  has 1 peers
Evaluating '@nestjs/schematics' ...
  got nestjs/schematics
  has 0 dependencies
  has 2 peers
Evaluating 'toggle-selection' ...
  got 2.1.0
  has 0 dependencies
  has 0 peers
Evaluating 'buffer-shims' ...
  got 1.0.0
  has 0 dependencies
  has 0 peers
Evaluating 'copy-to-clipboard' ...
  got 4.0.2
  has 0 dependencies
  has 0 peers
Evaluating 'log-driver' ...
  got 1.2.7
  has 0 dependencies
  has 0 peers
Evaluating 'safe-array-concat' ...
  got 1.1.4
  has 18 dependencies
  has 0 peers
Evaluating 'parse-filepath' ...
  got 1.0.2
  has 8 dependencies
  has 0 peers
Evaluating 'xterm-addon-web-links' ...
  got ^5.0.0
  has 0 dependencies
  has 1 peers
Evaluating '@socket.io/component-emitter' ...
  got socket.io/component-emitter
  has 0 dependencies
  has 0 peers
Evaluating 'array-differ' ...
  got 4.0.0
  has 0 dependencies
  has 0 peers
Evaluating '@nestjs/testing' ...
  got nestjs/common
  has 1 dependencies
  has 4 peers
Evaluating 'luxon' ...
  got 3.7.2
  has 0 dependencies
  has 0 peers
Evaluating 'unist-util-visit' ...
  got 5.1.0
  has 3 dependencies
  has 0 peers
Evaluating 'ultron' ...
  got 1.1.1
  has 0 dependencies
  has 0 peers
Evaluating '@babel/cli' ...
  got babel/cli
  has 0 dependencies
  has 1 peers
Evaluating 'app-root-path' ...
  got 3.1.0
  has 0 dependencies
  has 0 peers
Evaluating 'svg-tags' ...
  got 1.0.0
  has 0 dependencies
  has 0 peers
Evaluating 'dicer' ...
  got 0.3.1
  has 1 dependencies
  has 0 peers
Evaluating 'worker-rpc' ...
  got 0.2.0
  has 1 dependencies
  has 0 peers
Evaluating '@types/hoist-non-react-statics' ...
  got types/hoist-non-react-statics
  has 0 dependencies
  has 1 peers
Evaluating 'microevent.ts' ...
  got 0.2.1
  has 0 dependencies
  has 0 peers
Evaluating 'class-validator' ...
  got 0.15.1
  has 3 dependencies
  has 0 peers
Evaluating 'web-streams-polyfill' ...
  got 4.2.0
  has 0 dependencies
  has 0 peers
Evaluating '@angular-devkit/schematics-cli' ...
  got angular-devkit/schematics-cli
  has 63 dependencies
  has 0 peers
Evaluating '@nestjs/cli' ...
  got nestjs/cli
  has 209 dependencies
  has 2 peers
Evaluating '@sideway/address' ...
  got sideway/address
  has 1 dependencies
  has 0 peers
Evaluating '@sideway/pinpoint' ...
  got sideway/pinpoint
  has 0 dependencies
  has 0 peers
Evaluating '@sideway/formula' ...
  got sideway/formula
  has 0 dependencies
  has 0 peers
Evaluating 'date-format' ...
  got 4.0.14
  has 0 dependencies
  has 0 peers
Evaluating 'tsconfig' ...
  got 7.0.0
  has 4 dependencies
  has 0 peers
Evaluating 'unist-util-visit-parents' ...
  got 6.0.2
  has 2 dependencies
  has 0 peers
Evaluating 'circular-json' ...
  got 0.5.9
  has 0 dependencies
  has 0 peers
Evaluating '@types/mdast' ...
  got types/mdast
  has 1 dependencies
  has 0 peers
Evaluating 'eslint-plugin-promise' ...
  got ^7.0.0 || ^8.0.0 || ^9.0.0 || ^10.0.0
  has 2 dependencies
  has 1 peers
Evaluating 'babel-generator' ...
  got 6.26.1
  has 14 dependencies
  has 0 peers
Evaluating 'kindof' ...
  got 2.0.0
  has 0 dependencies
  has 0 peers
Evaluating 'zip-stream' ...
  got 7.0.2
  has 15 dependencies
  has 0 peers
Evaluating 'oolong' ...
  got 1.15.1
  has 0 dependencies
  has 0 peers
Evaluating 'must' ...
  got 0.13.4
  has 7 dependencies
  has 0 peers
Evaluating 'egal' ...
  got 1.3.0
  has 1 dependencies
  has 0 peers
Evaluating 'crc32-stream' ...
  got 7.0.1
  has 11 dependencies
  has 0 peers
Evaluating 'devtools-protocol' ...
  got 0.0.1621552
  has 0 dependencies
  has 0 peers
Evaluating 'archiver' ...
  got 7.0.1
  has 86 dependencies
  has 0 peers
Evaluating '@emotion/babel-plugin' ...
  got emotion/babel-plugin
  has 52 dependencies
  has 0 peers
Evaluating 'rework' ...
  got 1.0.1
  has 10 dependencies
  has 0 peers
Evaluating '@jupyter/ydoc' ...
  got jupyter/ydoc
  has 9 dependencies
  has 0 peers
Evaluating 'ansi-wrap' ...
  got 0.1.0
  has 0 dependencies
  has 0 peers
Evaluating 'compress-commons' ...
  got 7.0.0
  has 14 dependencies
  has 0 peers
Evaluating 'rework-visit' ...
  got 1.0.0
  has 0 dependencies
  has 0 peers
Evaluating 'jquery-ui' ...
  got 1.14.2
  has 1 dependencies
  has 0 peers
Evaluating 'copy-webpack-plugin' ...
  got 14.0.0
  has 0 dependencies
  has 1 peers
Evaluating 'mamacro' ...
  got 0.0.7
  has 0 dependencies
  has 0 peers
Evaluating 'fancy-log' ...
  got 2.0.0
  has 1 dependencies
  has 0 peers
Evaluating 'eslint-plugin-es' ...
  got >=4.19.1
  has 3 dependencies
  has 1 peers
Evaluating 'helmet' ...
  got 8.1.0
  has 0 dependencies
  has 0 peers
Evaluating 'mri' ...
  got 1.2.0
  has 0 dependencies
  has 0 peers
Evaluating 'flagged-respawn' ...
  got 2.0.0
  has 0 dependencies
  has 0 peers
Evaluating 'archiver-utils' ...
  got 5.0.2
  has 64 dependencies
  has 0 peers
Evaluating 'streamroller' ...
  got 3.1.5
  has 7 dependencies
  has 0 peers
Evaluating 'jiti' ...
  got 2.6.1
  has 0 dependencies
  has 0 peers
Evaluating 'globule' ...
  got 1.3.4
  has 12 dependencies
  has 0 peers
Evaluating '@edge-runtime/primitives' ...
  got edge-runtime/primitives
  has 0 dependencies
  has 0 peers
Evaluating 'sqlite3' ...
  got 6.0.1
  has 57 dependencies
  has 1 peers
Evaluating 'vscode-languageserver-types' ...
  got 3.17.5
  has 0 dependencies
  has 0 peers
Evaluating 'xml' ...
  got 1.0.1
  has 0 dependencies
  has 0 peers
Evaluating 'srcset' ...
  got 5.0.3
  has 0 dependencies
  has 0 peers
Evaluating 'gaze' ...
  got 1.1.3
  has 13 dependencies
  has 0 peers
Evaluating 'fined' ...
  got 2.0.0
  has 20 dependencies
  has 0 peers
Evaluating 'gulp' ...
  got 5.0.1
  has 142 dependencies
  has 0 peers
Evaluating 'cli-highlight' ...
  got 2.1.11
  has 28 dependencies
  has 0 peers
Evaluating 'pug' ...
  got 3.0.4
  has 50 dependencies
  has 0 peers
Evaluating 'clone-buffer' ...
  got 1.0.0
  has 0 dependencies
  has 0 peers
Evaluating 'babel-extract-comments' ...
  got 1.0.0
  has 1 dependencies
  has 0 peers
Evaluating 'array-each' ...
  got 1.0.1
  has 0 dependencies
  has 0 peers
Evaluating 'object.defaults' ...
  got 1.1.0
  has 5 dependencies
  has 0 peers
Evaluating 'user-home' ...
  got 3.0.0
  has 1 dependencies
  has 0 peers
Evaluating 'class-transformer' ...
  got 0.5.1
  has 0 dependencies
  has 0 peers
Evaluating 'path-posix' ...
  got 1.0.0
  has 0 dependencies
  has 0 peers
Evaluating '@types/strip-bom' ...
  got types/strip-bom
  has 1 dependencies
  has 0 peers
Evaluating '@types/strip-json-comments' ...
  got types/strip-json-comments
  has 1 dependencies
  has 0 peers
Evaluating 'esbuild-linux-64' ...
  got 0.15.18
  has 0 dependencies
  has 0 peers
Evaluating 'reselect' ...
  got 5.1.1
  has 0 dependencies
  has 0 peers
Evaluating 'es6-templates' ...
  got 0.2.3
  has 6 dependencies
  has 0 peers
Evaluating 'use-sync-external-store' ...
  got ^16.8.0 || ^17.0.0 || ^18.0.0 || ^19.0.0
  has 0 dependencies
  has 1 peers
Evaluating 'after' ...
  got 0.8.2
  has 0 dependencies
  has 0 peers
Evaluating 'zwitch' ...
  got 2.0.4
  has 0 dependencies
  has 0 peers
Evaluating 'crypto-js' ...
  got 4.2.0
  has 0 dependencies
  has 0 peers
Evaluating 'longest-streak' ...
  got 3.1.0
  has 0 dependencies
  has 0 peers
Evaluating 'fstream-npm' ...
  got 1.2.1
  has 17 dependencies
  has 0 peers
Evaluating 'sinon' ...
  got 21.1.2
  has 6 dependencies
  has 0 peers
Evaluating 'ts-interface-checker' ...
  got 1.0.2
  has 0 dependencies
  has 0 peers
Evaluating 'cloneable-readable' ...
  got 3.0.0
  has 10 dependencies
  has 0 peers
Evaluating 'compose-function' ...
  got 3.0.3
  has 1 dependencies
  has 0 peers
Evaluating 'arity-n' ...
  got 1.0.4
  has 0 dependencies
  has 0 peers
Evaluating 'make-iterator' ...
  got 2.0.0
  has 1 dependencies
  has 0 peers
Evaluating 'sucrase' ...
  got 3.35.1
  has 16 dependencies
  has 0 peers
Evaluating 'husky' ...
  got 9.1.7
  has 0 dependencies
  has 0 peers
Evaluating '@esbuild/linux-x64' ...
  got esbuild/linux-x64
  has 0 dependencies
  has 0 peers
Evaluating 'blob' ...
  got 0.1.0
  has 1 dependencies
  has 0 peers
Evaluating '@polka/url' ...
  got polka/url
  has 0 dependencies
  has 0 peers
Evaluating 'jszip' ...
  got 3.10.1
  has 12 dependencies
  has 0 peers
Evaluating 'dottie' ...
  got 2.0.7
  has 0 dependencies
  has 0 peers
Evaluating 'eslint-config-airbnb-base' ...
  got ^7.32.0 || ^8.2.0
  has 0 dependencies
  has 2 peers
Evaluating 'prettier-bytes' ...
  got 1.0.4
  has 0 dependencies
  has 0 peers
Evaluating 'yamljs' ...
  got 0.3.0
  has 13 dependencies
  has 0 peers
Evaluating 'character-parser' ...
  got 4.0.0
  has 0 dependencies
  has 0 peers
Evaluating 'sequelize' ...
  got 6.37.8
  has 20 dependencies
  has 0 peers
Evaluating 'pidtree' ...
  got 0.6.0
  has 0 dependencies
  has 0 peers
Evaluating 'string-argv' ...
  got 0.3.2
  has 0 dependencies
  has 0 peers
Evaluating 'mustache' ...
  got 4.2.0
  has 0 dependencies
  has 0 peers
Evaluating 'wkx' ...
  got 0.5.0
  has 2 dependencies
  has 0 peers
Evaluating 'totalist' ...
  got 3.0.1
  has 0 dependencies
  has 0 peers
Evaluating 'pure-rand' ...
  got 8.4.0
  has 0 dependencies
  has 0 peers
Evaluating 'async-retry' ...
  got 1.3.3
  has 1 dependencies
  has 0 peers
Evaluating 'emitter-listener' ...
  got 1.1.2
  has 1 dependencies
  has 0 peers
Evaluating 'camelize' ...
  got 1.0.1
  has 0 dependencies
  has 0 peers
Evaluating 'express-session' ...
  got 1.19.0
  has 10 dependencies
  has 0 peers
Evaluating 'component-inherit' ...
  got 0.0.3
  has 0 dependencies
  has 0 peers
Evaluating 'module-details-from-path' ...
  got 1.0.4
  has 0 dependencies
  has 0 peers
Evaluating '@verdaccio/tarball' ...
  got verdaccio/tarball
  has 52 dependencies
  has 0 peers
Evaluating '@verdaccio/logger-prettify' ...
  got verdaccio/logger-prettify
  has 18 dependencies
  has 0 peers
Evaluating '@verdaccio/url' ...
  got verdaccio/url
  has 21 dependencies
  has 0 peers
Evaluating '@verdaccio/config' ...
  got verdaccio/config
  has 23 dependencies
  has 0 peers
Evaluating '@verdaccio/tarball' ...
  got verdaccio/tarball
  has 52 dependencies
  has 0 peers
Evaluating '@verdaccio/config' ...
  got verdaccio/config
  has 23 dependencies
  has 0 peers
Evaluating '@verdaccio/core' ...
  got verdaccio/core
  has 17 dependencies
  has 0 peers
Evaluating '@verdaccio/url' ...
  got verdaccio/url
  has 21 dependencies
  has 0 peers
Evaluating '@verdaccio/middleware' ...
  got verdaccio/middleware
  has 96 dependencies
  has 0 peers
Evaluating 'arraybuffer.slice' ...
  got 0.0.7
  has 0 dependencies
  has 0 peers
Evaluating 'sirv' ...
  got 3.0.2
  has 3 dependencies
  has 0 peers
Evaluating 'throttleit' ...
  got 2.1.0
  has 0 dependencies
  has 0 peers
Evaluating 'with' ...
  got 7.0.2
  has 6 dependencies
  has 0 peers
Evaluating 'component-bind' ...
  got 1.0.0
  has 0 dependencies
  has 0 peers
Evaluating 'object.map' ...
  got 1.0.1
  has 4 dependencies
  has 0 peers
Evaluating 'constantinople' ...
  got 4.0.1
  has 4 dependencies
  has 0 peers
Evaluating 'has-color' ...
  got 0.2.0
  has 0 dependencies
  has 0 peers
Evaluating 'retry-as-promised' ...
  got 7.1.1
  has 0 dependencies
  has 0 peers
Evaluating '@verdaccio/readme' ...
  got verdaccio/readme
  has 73 dependencies
  has 0 peers
Evaluating 'to-array' ...
  got 0.1.4
  has 0 dependencies
  has 0 peers
Evaluating '@nicolo-ribaudo/chokidar-2' ...
  got nicolo-ribaudo/chokidar-2
  has 0 dependencies
  has 0 peers
Evaluating 'jupyter-offlinenotebook' ...
  got 0.3.2
  has 399 dependencies
  has 0 peers
Evaluating 'strftime' ...
  got 0.10.3
  has 0 dependencies
  has 0 peers
Evaluating 'jstransformer' ...
  got 1.0.0
  has 3 dependencies
  has 0 peers
Evaluating 'micromark' ...
  got 4.0.2
  has 27 dependencies
  has 0 peers
Evaluating 'toposort-class' ...
  got 1.0.1
  has 0 dependencies
  has 0 peers
Evaluating 'memo-parser' ...
  got 0.1.0
  has 0 dependencies
  has 0 peers
Evaluating '@emotion/use-insertion-effect-with-fallbacks' ...
  got emotion/use-insertion-effect-with-fallbacks
  has 0 dependencies
  has 1 peers
Evaluating 'mdast-util-from-markdown' ...
  got 2.0.3
  has 33 dependencies
  has 0 peers
Evaluating 'ansi-gray' ...
  got 0.1.1
  has 1 dependencies
  has 0 peers
Evaluating 'jupyterlab-plotly' ...
  got 5.24.1
  has 356 dependencies
  has 0 peers
Evaluating 'liftoff' ...
  got 5.0.1
  has 47 dependencies
  has 0 peers
Evaluating 'is-urlsearchparams' ...
  got 1.0.2
  has 29 dependencies
  has 0 peers
Evaluating 'home-or-tmp' ...
  got 4.0.0
  has 0 dependencies
  has 0 peers
Evaluating 'es6-set' ...
  got 0.1.6
  has 9 dependencies
  has 0 peers
Evaluating 'request-progress' ...
  got 3.0.0
  has 1 dependencies
  has 0 peers
Evaluating '@emotion/styled' ...
  got emotion/react
  has 0 dependencies
  has 2 peers
Evaluating '@aws-sdk/util-retry' ...
  got aws-sdk/util-retry
  has 3 dependencies
  has 0 peers
Evaluating 'p-reduce' ...
  got 3.0.0
  has 0 dependencies
  has 0 peers
Evaluating 'client-only' ...
  got 0.0.1
  has 0 dependencies
  has 0 peers
Evaluating 'google-protobuf' ...
  got 4.0.2
  has 0 dependencies
  has 0 peers
Evaluating 'jodid25519' ...
  got 1.0.2
  has 1 dependencies
  has 0 peers
Evaluating 'require-in-the-middle' ...
  got 8.0.1
  has 3 dependencies
  has 0 peers
Evaluating 'caniuse-db' ...
  got 1.0.30001791
  has 0 dependencies
  has 0 peers
Evaluating 'vue' ...
  got 3.5.33
  has 22 dependencies
  has 1 peers
Evaluating 'jose' ...
  got 6.2.3
  has 0 dependencies
  has 0 peers
Evaluating 'sequelize-pool' ...
  got 8.0.1
  has 0 dependencies
  has 0 peers
Evaluating 'is-url' ...
  got 1.2.4
  has 0 dependencies
  has 0 peers
Evaluating 'pause-stream' ...
  got 0.0.11
  has 1 dependencies
  has 0 peers
Evaluating 'callsite' ...
  got 1.0.0
  has 0 dependencies
  has 0 peers
Evaluating 'bintrees' ...
  got 1.0.2
  has 0 dependencies
  has 0 peers
Evaluating 'babel-helpers' ...
  got 6.24.1
  has 25 dependencies
  has 0 peers
Evaluating 'tdigest' ...
  got 0.1.2
  has 1 dependencies
  has 0 peers
Evaluating 'babel-register' ...
  got 6.26.0
  has 49 dependencies
  has 0 peers
Evaluating 'prom-client' ...
  got 15.1.3
  has 3 dependencies
  has 0 peers
Evaluating 'stream-combiner' ...
  got 0.2.2
  has 2 dependencies
  has 0 peers
Evaluating 'ioredis' ...
  got 5.10.1
  has 10 dependencies
  has 0 peers
Evaluating '@types/chai' ...
  got types/chai
  has 2 dependencies
  has 0 peers
Evaluating 'rx-lite-aggregates' ...
  got 4.0.8
  has 1 dependencies
  has 0 peers
Evaluating 'mrmime' ...
  got 2.0.1
  has 0 dependencies
  has 0 peers
Evaluating '@esbuild/darwin-arm64' ...
  ! package not resolved
Evaluating 'normalize-git-url' ...
  got 3.0.2
  has 0 dependencies
  has 0 peers
Evaluating 'glob-stream' ...
  got 8.0.3
  has 16 dependencies
  has 0 peers
Evaluating 'unique-stream' ...
  got 2.4.0
  has 12 dependencies
  has 0 peers
Evaluating 'ordered-read-streams' ...
  got 2.0.0
  has 6 dependencies
  has 0 peers
Evaluating '@nestjs/config' ...
  got nestjs/common
  has 0 dependencies
  has 2 peers
Evaluating '@jupyter-server/resource-usage' ...
  got jupyter-server/resource-usage
  has 397 dependencies
  has 0 peers
Evaluating '@esbuild/win32-x64' ...
  ! package not resolved
Evaluating '@esbuild/linux-arm64' ...
  ! package not resolved
Evaluating 'babel-plugin-syntax-trailing-function-commas' ...
  got 6.22.0
  has 0 dependencies
  has 0 peers
Evaluating '@emotion/stylis' ...
  got emotion/stylis
  has 0 dependencies
  has 0 peers
Evaluating '@esbuild/darwin-x64' ...
  ! package not resolved
Evaluating 'es6-map' ...
  got 0.1.5
  has 10 dependencies
  has 0 peers
Evaluating '@esbuild/android-x64' ...
  ! package not resolved
Evaluating 'prismjs' ...
  got 1.30.0
  has 0 dependencies
  has 0 peers
Evaluating 'listr2' ...
  got 10.2.1
  has 23 dependencies
  has 0 peers
Evaluating '@esbuild/android-arm64' ...
  ! package not resolved
Evaluating '@esbuild/netbsd-x64' ...
  ! package not resolved
Evaluating '@esbuild/win32-arm64' ...
  ! package not resolved
Evaluating '@esbuild/linux-ia32' ...
  ! package not resolved
Evaluating '@esbuild/linux-s390x' ...
  ! package not resolved
Evaluating '@esbuild/freebsd-arm64' ...
  ! package not resolved
Evaluating '@esbuild/sunos-x64' ...
  ! package not resolved
Evaluating '@esbuild/win32-ia32' ...
  ! package not resolved
Evaluating 'postcss-merge-idents' ...
  got ^8.5.10
  has 2 dependencies
  has 1 peers
Evaluating '@esbuild/freebsd-x64' ...
  ! package not resolved
Evaluating 'postcss-zindex' ...
  got ^8.5.10
  has 0 dependencies
  has 1 peers
Evaluating '@esbuild/openbsd-x64' ...
  ! package not resolved
Evaluating '@esbuild/linux-arm' ...
  ! package not resolved
Evaluating '@esbuild/linux-riscv64' ...
  ! package not resolved
Evaluating 'postcss-discard-unused' ...
  got ^8.5.10
  has 3 dependencies
  has 1 peers
Evaluating '@esbuild/linux-mips64el' ...
  ! package not resolved
Evaluating 'postcss-reduce-idents' ...
  got ^8.5.10
  has 1 dependencies
  has 1 peers
Evaluating '@esbuild/linux-ppc64' ...
  ! package not resolved
Evaluating 'realize-package-specifier' ...
  got 3.0.3
  has 6 dependencies
  has 0 peers
Evaluating 'node-domexception' ...
  got 2.0.2
  has 0 dependencies
  has 0 peers
Evaluating 'multimatch' ...
  got 8.0.0
  has 5 dependencies
  has 0 peers
Evaluating 'vscode-jsonrpc' ...
  got 8.2.1
  has 0 dependencies
  has 0 peers
Evaluating 'map-stream' ...
  got 0.0.7
  has 0 dependencies
  has 0 peers
Evaluating '@nestjs/mapped-types' ...
  got nestjs/common
  has 0 dependencies
  has 4 peers
Evaluating 'reduce-function-call' ...
  got 1.0.3
  has 1 dependencies
  has 0 peers
Evaluating 'ramda' ...
  got 0.32.0
  has 0 dependencies
  has 0 peers
Evaluating 'math-expression-evaluator' ...
  got 2.0.7
  has 0 dependencies
  has 0 peers
Evaluating '@jupyterlab/tabmanager-extension' ...
  got jupyterlab/tabmanager-extension
  has 148 dependencies
  has 0 peers
Evaluating 'js-cookie' ...
  got 3.0.5
  has 0 dependencies
  has 0 peers
Evaluating 'hyphenate-style-name' ...
  got 1.1.0
  has 0 dependencies
  has 0 peers
Evaluating 'ccount' ...
  got 2.0.1
  has 0 dependencies
  has 0 peers
Evaluating 'vfile-location' ...
  got 5.0.3
  has 4 dependencies
  has 0 peers
Evaluating '@types/sizzle' ...
  got types/sizzle
  has 0 dependencies
  has 0 peers
Evaluating 'standard-as-callback' ...
  got 2.1.0
  has 0 dependencies
  has 0 peers
Evaluating 'sliced' ...
  got 1.0.1
  has 0 dependencies
  has 0 peers
Evaluating 'vscode-languageserver-protocol' ...
  got 3.17.5
  has 2 dependencies
  has 0 peers
Evaluating 'd3-collection' ...
  got 1.0.7
  has 0 dependencies
  has 0 peers
Evaluating 'redux-thunk' ...
  got ^5.0.0
  has 0 dependencies
  has 1 peers
Evaluating 'async-listener' ...
  got 0.6.10
  has 2 dependencies
  has 0 peers
Evaluating 'uglify-es' ...
  got 3.3.9
  has 2 dependencies
  has 0 peers
Evaluating 'string.prototype.padend' ...
  got 3.1.6
  has 89 dependencies
  has 0 peers
Evaluating 'deep' ...
  got 0.0.2
  has 1 dependencies
  has 0 peers
Evaluating 'continuation-local-storage' ...
  got 3.2.1
  has 4 dependencies
  has 0 peers
Evaluating 'nyc' ...
  got 18.0.0
  has 139 dependencies
  has 0 peers
Evaluating 'event-stream' ...
  got 4.0.1
  has 7 dependencies
  has 0 peers
Evaluating 'hash-sum' ...
  got 2.0.0
  has 0 dependencies
  has 0 peers
Evaluating 'babel-plugin-transform-es2015-modules-commonjs' ...
  got 6.26.2
  has 26 dependencies
  has 0 peers
Evaluating 'babel-plugin-transform-strict-mode' ...
  got 6.24.1
  has 7 dependencies
  has 0 peers
Evaluating 'eslint-import-resolver-typescript' ...
  ! package not resolved
Evaluating '@types/triple-beam' ...
  got types/triple-beam
  has 0 dependencies
  has 0 peers
Evaluating '@types/jsdom' ...
  got types/jsdom
  has 6 dependencies
  has 0 peers
Evaluating 'pixelmatch' ...
  got 7.1.0
  has 1 dependencies
  has 0 peers
Evaluating 'cli-table' ...
  got 0.3.11
  has 1 dependencies
  has 0 peers
Evaluating '@babel/helper-define-map' ...
  got babel/helper-define-map
  has 9 dependencies
  has 0 peers
Evaluating 'is-function' ...
  got 1.0.2
  has 0 dependencies
  has 0 peers
Evaluating '@next/swc-linux-x64-gnu' ...
  got next/swc-linux-x64-gnu
  has 0 dependencies
  has 0 peers
Evaluating 'd3-scale-chromatic' ...
  got 3.1.0
  has 2 dependencies
  has 0 peers
Evaluating 'eslint-config-standard' ...
  got ^8.0.1
  has 0 dependencies
  has 4 peers
Evaluating 'caching-transform' ...
  got 4.0.0
  has 15 dependencies
  has 0 peers
Evaluating 'generic-pool' ...
  got 3.9.0
  has 0 dependencies
  has 0 peers
Evaluating 'semver-compare' ...
  got 1.0.0
  has 0 dependencies
  has 0 peers
Evaluating 'uglifyjs-webpack-plugin' ...
  got 2.2.0
  has 0 dependencies
  has 1 peers
Evaluating 'babel-helper-get-function-arity' ...
  got 6.24.1
  has 7 dependencies
  has 0 peers
Evaluating 'babel-helper-function-name' ...
  got 6.24.1
  has 26 dependencies
  has 0 peers
Evaluating 'mysql' ...
  got 2.18.1
  has 10 dependencies
  has 0 peers
Evaluating 'regexp-tree' ...
  got 0.1.27
  has 0 dependencies
  has 0 peers
Evaluating 'typed-array-byte-offset' ...
  got 1.0.4
  has 88 dependencies
  has 0 peers
Evaluating 'chainsaw' ...
  got 0.1.0
  has 1 dependencies
  has 0 peers
Evaluating 'spawn-wrap' ...
  got 3.0.0
  has 20 dependencies
  has 0 peers
Evaluating 'from' ...
  got 0.1.7
  has 0 dependencies
  has 0 peers
Evaluating 'postcss-message-helpers' ...
  got 2.0.0
  has 0 dependencies
  has 0 peers
Evaluating 'crc' ...
  got 4.3.2
  has 0 dependencies
  has 1 peers
Evaluating 'retry-request' ...
  got 8.0.2
  has 15 dependencies
  has 0 peers
Evaluating '@remix-run/router' ...
  got remix-run/router
  has 0 dependencies
  has 0 peers
Evaluating 'native-url' ...
  got 0.3.4
  has 1 dependencies
  has 0 peers
Evaluating 'clap' ...
  got 3.1.1
  has 1 dependencies
  has 0 peers
Evaluating 'buffers' ...
  got 0.1.1
  has 0 dependencies
  has 0 peers
Evaluating '@next/swc-linux-x64-musl' ...
  got next/swc-linux-x64-musl
  has 0 dependencies
  has 0 peers
Evaluating 'eslint-plugin-node' ...
  got >=5.16.0
  has 17 dependencies
  has 1 peers
Evaluating 'rollup-plugin-babel' ...
  got babel/core
  has 21 dependencies
  has 2 peers
Evaluating 'whet.extend' ...
  got 0.9.9
  has 0 dependencies
  has 0 peers
Evaluating 'typeorm' ...
  got 0.3.28
  has 103 dependencies
  has 16 peers
Evaluating 'postcss-filter-plugins' ...
  got 3.0.1
  has 9 dependencies
  has 0 peers
Evaluating 'adm-zip' ...
  got 0.5.17
  has 0 dependencies
  has 0 peers
Evaluating 'to-buffer' ...
  got 1.2.2
  has 27 dependencies
  has 0 peers
Evaluating 'configurable-http-proxy' ...
  got 5.2.0
  has 36 dependencies
  has 0 peers
Evaluating 'loupe' ...
  got 3.2.1
  has 0 dependencies
  has 0 peers
Evaluating 'dynamic-dedupe' ...
  got 0.3.0
  has 1 dependencies
  has 0 peers
Evaluating 'binary' ...
  got 0.3.0
  has 3 dependencies
  has 0 peers
Evaluating 'colormin' ...
  got 1.1.2
  has 7 dependencies
  has 0 peers
Evaluating '@ungap/promise-all-settled' ...
  got ungap/promise-all-settled
  has 0 dependencies
  has 0 peers
Evaluating 'just-extend' ...
  got 6.2.0
  has 0 dependencies
  has 0 peers
Evaluating 'limiter' ...
  got 3.0.0
  has 0 dependencies
  has 0 peers
Evaluating 'zod' ...
  got 4.3.6
  has 0 dependencies
  has 0 peers
Evaluating 'ts-node-dev' ...
  got 2.0.0
  has 0 dependencies
  has 2 peers
Evaluating 'exit-hook' ...
  got 5.1.0
  has 0 dependencies
  has 0 peers
Evaluating 'styled-components' ...
  got >= 16.8.0
  has 8 dependencies
  has 4 peers
Evaluating 'nise' ...
  got 6.1.5
  has 5 dependencies
  has 0 peers
Evaluating 'memorystream' ...
  got 0.3.1
  has 0 dependencies
  has 0 peers
Evaluating 'babel-plugin-transform-es2015-block-scoping' ...
  got 6.26.0
  has 25 dependencies
  has 0 peers
Evaluating 'babel-helper-hoist-variables' ...
  got 6.24.1
  has 7 dependencies
  has 0 peers
Evaluating '@sigstore/bundle' ...
  got sigstore/bundle
  has 1 dependencies
  has 0 peers
Evaluating 'to-absolute-glob' ...
  got 3.0.0
  has 6 dependencies
  has 0 peers
Evaluating 'babel-plugin-transform-es2015-destructuring' ...
  got 6.23.0
  has 3 dependencies
  has 0 peers
Evaluating 'through2-filter' ...
  got 4.0.0
  has 6 dependencies
  has 0 peers
Evaluating '@sqltools/formatter' ...
  got sqltools/formatter
  has 0 dependencies
  has 0 peers
Evaluating 'babel-helper-call-delegate' ...
  got 6.24.1
  has 25 dependencies
  has 0 peers
Evaluating 'babel-plugin-transform-es2015-parameters' ...
  got 6.24.1
  has 28 dependencies
  has 0 peers
Evaluating 'has-binary2' ...
  got 2.0.0
  has 0 dependencies
  has 0 peers
Evaluating 'space-separated-tokens' ...
  got 2.0.2
  has 0 dependencies
  has 0 peers
Evaluating 'grunt' ...
  got 1.6.2
  has 97 dependencies
  has 0 peers
Evaluating 'css-to-react-native' ...
  got 3.2.0
  has 3 dependencies
  has 0 peers
Evaluating 'babel-plugin-transform-es2015-spread' ...
  got 6.22.0
  has 3 dependencies
  has 0 peers
Evaluating 'css-color-keywords' ...
  got 1.0.0
  has 0 dependencies
  has 0 peers
Evaluating 'known-css-properties' ...
  got 0.37.0
  has 0 dependencies
  has 0 peers
Evaluating 'babel-plugin-transform-es2015-function-name' ...
  got 6.24.1
  has 27 dependencies
  has 0 peers
Evaluating '@types/anymatch' ...
  got types/anymatch
  has 3 dependencies
  has 0 peers
Evaluating 'arraybuffer.prototype.slice' ...
  got 1.0.4
  has 88 dependencies
  has 0 peers
Evaluating 'typed-array-byte-length' ...
  got 1.0.3
  has 25 dependencies
  has 0 peers
Evaluating 'babel-plugin-transform-es2015-template-literals' ...
  got 6.22.0
  has 3 dependencies
  has 0 peers
Evaluating 'typed-array-buffer' ...
  got 1.0.3
  has 24 dependencies
  has 0 peers
Evaluating 'babel-helper-optimise-call-expression' ...
  got 6.24.1
  has 7 dependencies
  has 0 peers
Evaluating 'babel-plugin-transform-es2015-arrow-functions' ...
  got 6.22.0
  has 3 dependencies
  has 0 peers
Evaluating 'babel-helper-replace-supers' ...
  got 6.24.1
  has 26 dependencies
  has 0 peers
Evaluating 'vinyl-fs' ...
  got 4.0.2
  has 47 dependencies
  has 0 peers
Evaluating 'babel-helper-define-map' ...
  got 6.26.0
  has 27 dependencies
  has 0 peers
Evaluating 'babel-plugin-transform-es2015-classes' ...
  got 6.24.1
  has 30 dependencies
  has 0 peers
Evaluating 'babel-plugin-transform-es2015-shorthand-properties' ...
  got 6.24.1
  has 7 dependencies
  has 0 peers
Evaluating 'require-uncached' ...
  got 2.0.0
  has 3 dependencies
  has 0 peers
Evaluating 'd3-contour' ...
  got 4.0.2
  has 2 dependencies
  has 0 peers
Evaluating 'babel-plugin-transform-es2015-for-of' ...
  got 6.23.0
  has 3 dependencies
  has 0 peers
Evaluating 'babel-plugin-transform-es2015-computed-properties' ...
  got 6.24.1
  has 25 dependencies
  has 0 peers
Evaluating 'babel-plugin-check-es2015-constants' ...
  got 6.22.0
  has 3 dependencies
  has 0 peers
Evaluating 'babel-plugin-transform-es2015-object-super' ...
  got 6.24.1
  has 27 dependencies
  has 0 peers
Evaluating 'babel-plugin-transform-es2015-block-scoped-functions' ...
  got 6.22.0
  has 3 dependencies
  has 0 peers
Evaluating 'babel-plugin-transform-es2015-literals' ...
  got 6.22.0
  has 3 dependencies
  has 0 peers
Evaluating 'is-nan' ...
  got 1.3.2
  has 18 dependencies
  has 0 peers
Evaluating 'babel-helper-regex' ...
  got 6.26.0
  has 7 dependencies
  has 0 peers
Evaluating 'lodash._basecopy' ...
  got 3.0.1
  has 0 dependencies
  has 0 peers
Evaluating 'babel-plugin-transform-es2015-unicode-regex' ...
  got 6.24.1
  has 13 dependencies
  has 0 peers
Evaluating 'babel-plugin-transform-es2015-sticky-regex' ...
  got 6.24.1
  has 8 dependencies
  has 0 peers
Evaluating 'math-random' ...
  got 2.0.1
  has 0 dependencies
  has 0 peers
Evaluating 'define-data-property' ...
  got 1.1.4
  has 3 dependencies
  has 0 peers
Evaluating 'systeminformation' ...
  got 5.31.5
  has 0 dependencies
  has 0 peers
Evaluating 'babel-plugin-transform-es2015-typeof-symbol' ...
  got 6.23.0
  has 3 dependencies
  has 0 peers
Evaluating 'babel-plugin-transform-regenerator' ...
  got 6.26.0
  has 9 dependencies
  has 0 peers
Evaluating '@jupyterlab/collaboration-extension' ...
  got jupyterlab/collaboration-extension
  has 196 dependencies
  has 0 peers
Evaluating '@jupyterlab/collaboration' ...
  got jupyterlab/collaboration
  has 146 dependencies
  has 0 peers
Evaluating 'promptly' ...
  got 3.2.0
  has 2 dependencies
  has 0 peers
Evaluating '@sigstore/sign' ...
  got sigstore/sign
  has 43 dependencies
  has 0 peers
Evaluating 'left-pad' ...
  got 1.3.0
  has 0 dependencies
  has 0 peers
Evaluating '@babel/plugin-syntax-unicode-sets-regex' ...
  got babel/core
  has 17 dependencies
  has 1 peers
Evaluating 'array-filter' ...
  got 1.0.0
  has 0 dependencies
  has 0 peers
Evaluating 'readdir-glob' ...
  got 3.0.0
  has 3 dependencies
  has 0 peers
Evaluating 'teeny-request' ...
  got 10.1.2
  has 13 dependencies
  has 0 peers
Evaluating 'tv4' ...
  got 1.3.0
  has 0 dependencies
  has 0 peers
Evaluating 'regexp-clone' ...
  got 1.2.0
  has 0 dependencies
  has 0 peers
Evaluating 'comma-separated-tokens' ...
  got 2.0.3
  has 0 dependencies
  has 0 peers
Evaluating 'property-information' ...
  got 7.1.0
  has 0 dependencies
  has 0 peers
Evaluating 'babel-plugin-transform-es2015-duplicate-keys' ...
  got 6.24.1
  has 7 dependencies
  has 0 peers
Evaluating 'stubs' ...
  got 3.0.0
  has 0 dependencies
  has 0 peers
Evaluating 'stream-events' ...
  got 1.0.5
  has 1 dependencies
  has 0 peers
Evaluating 'package-hash' ...
  got 4.0.0
  has 7 dependencies
  has 0 peers
Evaluating '@sinonjs/samsam' ...
  got sinonjs/samsam
  has 3 dependencies
  has 0 peers
Evaluating 'custom-event' ...
  got 1.0.1
  has 0 dependencies
  has 0 peers
Evaluating 'consolidate' ...
  got 1.0.4
  has 0 dependencies
  has 48 peers
Evaluating '@google-cloud/promisify' ...
  got google-cloud/promisify
  has 0 dependencies
  has 0 peers
Evaluating 'tinycolor2' ...
  got 1.6.0
  has 0 dependencies
  has 0 peers
Evaluating 'lodash._isiterateecall' ...
  got 3.0.9
  has 0 dependencies
  has 0 peers
Evaluating 'd3-voronoi' ...
  got 1.1.4
  has 0 dependencies
  has 0 peers
Evaluating 'release-zalgo' ...
  got 1.0.0
  has 1 dependencies
  has 0 peers
Evaluating 'postcss-media-query-parser' ...
  got 0.2.3
  has 0 dependencies
  has 0 peers
Evaluating 'yazl' ...
  got 3.3.1
  has 1 dependencies
  has 0 peers
Evaluating 'globrex' ...
  got 0.1.2
  has 0 dependencies
  has 0 peers
Evaluating '@google-cloud/projectify' ...
  got google-cloud/projectify
  has 0 dependencies
  has 0 peers
Evaluating 'true-case-path' ...
  got 2.2.1
  has 0 dependencies
  has 0 peers
Evaluating 'realpath-native' ...
  got 3.0.0
  has 0 dependencies
  has 0 peers
Evaluating 'pidusage' ...
  got 4.0.1
  has 1 dependencies
  has 0 peers
Evaluating 'globjoin' ...
  got 0.1.4
  has 0 dependencies
  has 0 peers
Evaluating 'stylelint' ...
  got 17.9.1
  has 116 dependencies
  has 0 peers
Evaluating 'postcss-resolve-nested-selector' ...
  got 0.1.6
  has 0 dependencies
  has 0 peers
Evaluating 'babel-plugin-transform-es2015-modules-amd' ...
  got 6.24.1
  has 27 dependencies
  has 0 peers
Evaluating 'style-search' ...
  got 0.1.0
  has 0 dependencies
  has 0 peers
Evaluating 'specificity' ...
  got 1.0.0
  has 3 dependencies
  has 0 peers
Evaluating 'babel-plugin-transform-es2015-modules-systemjs' ...
  got 6.24.1
  has 26 dependencies
  has 0 peers
Evaluating 'undici' ...
  got 8.1.0
  has 0 dependencies
  has 0 peers
Evaluating 'nteract-on-jupyter' ...
  got 1.9.2
  has 900 dependencies
  has 0 peers
Evaluating 'mathml-tag-names' ...
  got 4.0.0
  has 0 dependencies
  has 0 peers
Evaluating 'babel-plugin-transform-es2015-modules-umd' ...
  got 6.24.1
  has 28 dependencies
  has 0 peers
Evaluating '@types/keygrip' ...
  got types/keygrip
  has 0 dependencies
  has 0 peers
Evaluating 'mdast-util-to-markdown' ...
  got 2.1.2
  has 17 dependencies
  has 0 peers
Evaluating '@sinonjs/text-encoding' ...
  got sinonjs/text-encoding
  has 0 dependencies
  has 0 peers
Evaluating 'async-foreach' ...
  got 0.1.3
  has 0 dependencies
  has 0 peers
Evaluating 'nested-error-stacks' ...
  got 2.1.1
  has 0 dependencies
  has 0 peers
Evaluating 'node-sass' ...
  got 9.0.0
  has 201 dependencies
  has 0 peers
Evaluating 'sass-graph' ...
  got 4.0.1
  has 31 dependencies
  has 0 peers
Evaluating '@babel/plugin-transform-optional-chaining' ...
  got babel/core
  has 20 dependencies
  has 1 peers
Evaluating '@npmcli/agent' ...
  got npmcli/agent
  has 10 dependencies
  has 0 peers
Evaluating 'optional-require' ...
  got 2.1.0
  has 1 dependencies
  has 0 peers
Evaluating 'uid' ...
  got 2.0.2
  has 1 dependencies
  has 0 peers
Evaluating '@lukeed/csprng' ...
  got lukeed/csprng
  has 0 dependencies
  has 0 peers
Evaluating 'sparkles' ...
  got 2.1.0
  has 0 dependencies
  has 0 peers
Evaluating 'glogg' ...
  got 2.2.0
  has 1 dependencies
  has 0 peers
Evaluating 'lazy' ...
  got 1.0.11
  has 0 dependencies
  has 0 peers
Evaluating 'underscore.string' ...
  got 3.3.6
  has 2 dependencies
  has 0 peers
Evaluating 'coffeescript' ...
  got 2.7.0
  has 0 dependencies
  has 0 peers
Evaluating 'gulplog' ...
  got 2.2.0
  has 2 dependencies
  has 0 peers
Evaluating 'secure-json-parse' ...
  got 4.1.0
  has 0 dependencies
  has 0 peers
Evaluating 'eyes' ...
  got 0.1.8
  has 0 dependencies
  has 0 peers
Evaluating 'stdout-stream' ...
  got 2.0.0
  has 10 dependencies
  has 0 peers
Evaluating 'is-expression' ...
  got 4.0.0
  has 2 dependencies
  has 0 peers
Evaluating 'scss-tokenizer' ...
  got 0.4.3
  has 2 dependencies
  has 0 peers
Evaluating 'trim' ...
  got 1.0.1
  has 0 dependencies
  has 0 peers
Evaluating 'graphql-tag' ...
  got ^0.9.0 || ^0.10.0 || ^0.11.0 || ^0.12.0 || ^0.13.0 || ^14.0.0 || ^15.0.0 || ^16.0.0
  has 1 dependencies
  has 1 peers
Evaluating 'buffer-more-ints' ...
  got 1.0.0
  has 0 dependencies
  has 0 peers
Evaluating 'amqplib' ...
  got 1.0.3
  has 1 dependencies
  has 0 peers
Evaluating 'karma' ...
  got 6.4.4
  has 154 dependencies
  has 0 peers
Evaluating 'di' ...
  got 0.0.1
  has 0 dependencies
  has 0 peers
Evaluating 'fetch-blob' ...
  got 4.0.0
  has 1 dependencies
  has 0 peers
Evaluating 'is-negated-glob' ...
  got 1.0.0
  has 0 dependencies
  has 0 peers
Evaluating 'get-tsconfig' ...
  got 4.14.0
  has 1 dependencies
  has 0 peers
Evaluating 'array-index' ...
  got 1.0.0
  has 11 dependencies
  has 0 peers
Evaluating 'swagger-ui-express' ...
  got >=4.0.0 || >=5.0.0-beta
  has 2 dependencies
  has 1 peers
Evaluating 'set-cookie-parser' ...
  got 3.1.0
  has 0 dependencies
  has 0 peers
Evaluating 'pug-lexer' ...
  got 5.0.1
  has 20 dependencies
  has 0 peers
Evaluating 'pug-error' ...
  got 2.1.0
  has 0 dependencies
  has 0 peers
Evaluating 'dom-serialize' ...
  got 2.2.1
  has 21 dependencies
  has 0 peers
Evaluating 'sharp' ...
  got 0.34.5
  has 9 dependencies
  has 0 peers
Evaluating '@babel/plugin-syntax-import-attributes' ...
  got babel/core
  has 1 dependencies
  has 1 peers
Evaluating '@opentelemetry/api' ...
  got opentelemetry/api
  has 0 dependencies
  has 0 peers
Evaluating 'js-stringify' ...
  got 1.0.2
  has 0 dependencies
  has 0 peers
Evaluating 'path-array' ...
  got 1.0.1
  has 12 dependencies
  has 0 peers
Evaluating 'lint-staged' ...
  got 16.4.0
  has 29 dependencies
  has 0 peers
Evaluating 'compute-scroll-into-view' ...
  got 3.1.1
  has 0 dependencies
  has 0 peers
Evaluating 'p-event' ...
  got 7.1.0
  has 1 dependencies
  has 0 peers
Evaluating '@babel/plugin-transform-numeric-separator' ...
  got babel/core
  has 1 dependencies
  has 1 peers
Evaluating '@babel/plugin-transform-unicode-sets-regex' ...
  got babel/core
  has 17 dependencies
  has 1 peers
Evaluating '@babel/plugin-transform-optional-catch-binding' ...
  got babel/core
  has 1 dependencies
  has 1 peers
Evaluating '@babel/plugin-transform-object-rest-spread' ...
  got babel/core
  has 34 dependencies
  has 1 peers
Evaluating '@babel/plugin-transform-nullish-coalescing-operator' ...
  got babel/core
  has 1 dependencies
  has 1 peers
Evaluating '@babel/plugin-transform-logical-assignment-operators' ...
  got babel/core
  has 1 dependencies
  has 1 peers
Evaluating '@babel/plugin-transform-async-generator-functions' ...
  got babel/core
  has 22 dependencies
  has 1 peers
Evaluating '@babel/plugin-transform-unicode-property-regex' ...
  got babel/core
  has 17 dependencies
  has 1 peers
Evaluating '@babel/plugin-transform-class-properties' ...
  got babel/core
  has 26 dependencies
  has 1 peers
Evaluating '@babel/plugin-transform-private-methods' ...
  got babel/core
  has 26 dependencies
  has 1 peers
Evaluating '@babel/plugin-transform-export-namespace-from' ...
  got babel/core
  has 1 dependencies
  has 1 peers
Evaluating '@babel/plugin-transform-dynamic-import' ...
  got babel/core
  has 1 dependencies
  has 1 peers
Evaluating '@babel/plugin-transform-private-property-in-object' ...
  got babel/core
  has 26 dependencies
  has 1 peers
Evaluating '@babel/plugin-transform-json-strings' ...
  got babel/core
  has 1 dependencies
  has 1 peers
Evaluating '@babel/plugin-transform-class-static-block' ...
  got babel/core
  has 26 dependencies
  has 1 peers
Evaluating 'pug-parser' ...
  got 6.0.0
  has 2 dependencies
  has 0 peers
Evaluating 'globalyzer' ...
  got 0.1.4
  has 0 dependencies
  has 0 peers
Evaluating 'token-stream' ...
  got 1.0.0
  has 0 dependencies
  has 0 peers
Evaluating 'unist-util-remove-position' ...
  got 5.0.0
  has 4 dependencies
  has 0 peers
Evaluating 'pug-walk' ...
  got 2.0.0
  has 0 dependencies
  has 0 peers
Evaluating 'tiny-glob' ...
  got 0.2.9
  has 2 dependencies
  has 0 peers
Evaluating 'pug-attrs' ...
  got 3.0.0
  has 7 dependencies
  has 0 peers
Evaluating 'pug-runtime' ...
  got 3.0.1
  has 0 dependencies
  has 0 peers
Evaluating 'babel-plugin-styled-components' ...
  got 2.1.4
  has 0 dependencies
  has 1 peers
Evaluating 'pug-strip-comments' ...
  got 2.0.0
  has 1 dependencies
  has 0 peers
Evaluating 'pug-filters' ...
  got 4.0.0
  has 18 dependencies
  has 0 peers
Evaluating 'pug-linker' ...
  got 4.0.0
  has 2 dependencies
  has 0 peers
Evaluating '@google-cloud/paginator' ...
  got google-cloud/paginator
  has 1 dependencies
  has 0 peers
Evaluating 'doctypes' ...
  got 1.1.0
  has 0 dependencies
  has 0 peers
Evaluating 'pug-code-gen' ...
  got 3.0.4
  has 14 dependencies
  has 0 peers
Evaluating 'pug-load' ...
  got 3.0.0
  has 2 dependencies
  has 0 peers
Evaluating 'remark-stringify' ...
  got 11.0.0
  has 28 dependencies
  has 0 peers
Evaluating '@aws-sdk/util-utf8-node' ...
  got aws-sdk/util-utf8-node
  has 3 dependencies
  has 0 peers
Evaluating 'redeyed' ...
  got 2.1.1
  has 1 dependencies
  has 0 peers
Evaluating 'cron-parser' ...
  got 5.5.0
  has 1 dependencies
  has 0 peers
Evaluating 'postcss-scss' ...
  got ^8.4.29
  has 0 dependencies
  has 1 peers
Evaluating '@types/mocha' ...
  got types/mocha
  has 0 dependencies
  has 0 peers
Evaluating 'cardinal' ...
  got 2.1.1
  has 3 dependencies
  has 0 peers
Evaluating '@types/geojson' ...
  got types/geojson
  has 0 dependencies
  has 0 peers
Evaluating 'is-valid-glob' ...
  got 1.0.0
  has 0 dependencies
  has 0 peers
Evaluating 'charm' ...
  got 1.0.2
  has 1 dependencies
  has 0 peers
Evaluating 'mixin-object' ...
  got 3.0.0
  has 4 dependencies
  has 0 peers
Evaluating 'iterall' ...
  got 1.3.0
  has 0 dependencies
  has 0 peers
Evaluating '@types/json-stable-stringify' ...
  got types/json-stable-stringify
  has 21 dependencies
  has 0 peers
Evaluating 'better-assert' ...
  got 1.0.2
  has 1 dependencies
  has 0 peers
Evaluating 'npm-run-all' ...
  got 4.1.5
  has 133 dependencies
  has 0 peers
Evaluating 'formdata-polyfill' ...
  got 4.0.10
  has 3 dependencies
  has 0 peers
Evaluating '@babel/node' ...
  got babel/core
  has 121 dependencies
  has 1 peers
Evaluating 'js-sha3' ...
  got 0.9.3
  has 0 dependencies
  has 0 peers
Evaluating 'express-validator' ...
  got 7.3.2
  has 2 dependencies
  has 0 peers
Evaluating 'bootstrap-sass' ...
  got 3.4.3
  has 0 dependencies
  has 0 peers
Evaluating 'babel-plugin-syntax-async-functions' ...
  got 6.13.0
  has 0 dependencies
  has 0 peers
Evaluating 'qjobs' ...
  got 1.2.0
  has 0 dependencies
  has 0 peers
Evaluating 'style-to-object' ...
  got 1.0.14
  has 1 dependencies
  has 0 peers
Evaluating 'comment-json' ...
  got 5.0.0
  has 2 dependencies
  has 0 peers
Evaluating 'hasown' ...
  got 2.0.3
  has 1 dependencies
  has 0 peers
Evaluating 'clipboardy' ...
  got 5.3.1
  has 50 dependencies
  has 0 peers
Evaluating 'colornames' ...
  got 1.1.1
  has 0 dependencies
  has 0 peers
Evaluating 'require-at' ...
  got 1.0.6
  has 0 dependencies
  has 0 peers
Evaluating 'spawn-command' ...
  got 1.0.0
  has 0 dependencies
  has 0 peers
Evaluating 'inline-style-parser' ...
  got 0.2.7
  has 0 dependencies
  has 0 peers
Evaluating 'babel-helper-remap-async-to-generator' ...
  got 6.24.1
  has 27 dependencies
  has 0 peers
Evaluating 'babel-plugin-transform-async-to-generator' ...
  got 6.24.1
  has 29 dependencies
  has 0 peers
Evaluating 'diagnostics' ...
  got 3.0.0
  has 10 dependencies
  has 0 peers
Evaluating '@aws-sdk/util-utf8' ...
  got aws-sdk/util-utf8
  has 4 dependencies
  has 0 peers
Evaluating 'p-queue' ...
  got 9.2.0
  has 2 dependencies
  has 0 peers
Evaluating 'nssocket' ...
  got 0.6.0
  has 2 dependencies
  has 0 peers
Evaluating 'env-variable' ...
  got 0.0.6
  has 0 dependencies
  has 0 peers
Evaluating 'object-component' ...
  got 0.0.3
  has 0 dependencies
  has 0 peers
Evaluating '@xmldom/xmldom' ...
  got xmldom/xmldom
  has 0 dependencies
  has 0 peers
Evaluating 'concurrently' ...
  got 9.2.1
  has 24 dependencies
  has 0 peers
Evaluating 'collapse-white-space' ...
  got 2.1.0
  has 0 dependencies
  has 0 peers
Evaluating 'static-eval' ...
  got 2.1.1
  has 5 dependencies
  has 0 peers
Evaluating '@alloc/quick-lru' ...
  got alloc/quick-lru
  has 0 dependencies
  has 0 peers
Evaluating 'unherit' ...
  got 3.0.1
  has 0 dependencies
  has 0 peers
Evaluating 'dargs' ...
  got 8.1.0
  has 0 dependencies
  has 0 peers
Evaluating 'is-stream-ended' ...
  got 0.1.4
  has 0 dependencies
  has 0 peers
Evaluating '@next/swc-darwin-arm64' ...
  ! package not resolved
Evaluating '@next/swc-darwin-x64' ...
  ! package not resolved
Evaluating 'xterm-addon-webgl' ...
  got ^5.0.0
  has 0 dependencies
  has 1 peers
Evaluating '@next/swc-win32-x64-msvc' ...
  ! package not resolved
Evaluating 'cycle' ...
  got 1.0.3
  has 0 dependencies
  has 0 peers
Evaluating 'parse-headers' ...
  got 2.0.6
  has 0 dependencies
  has 0 peers
Evaluating 'playwright-core' ...
  got 1.59.1
  has 0 dependencies
  has 0 peers
Evaluating 'babel-plugin-syntax-exponentiation-operator' ...
  got 6.13.0
  has 0 dependencies
  has 0 peers
Evaluating 'wait-port' ...
  got 1.1.0
  has 9 dependencies
  has 0 peers
Evaluating 'tildify' ...
  got 3.0.0
  has 0 dependencies
  has 0 peers
Evaluating 'babel-plugin-transform-exponentiation-operator' ...
  got 6.24.1
  has 27 dependencies
  has 0 peers
Evaluating 'babel-helper-builder-binary-assignment-operator-visitor' ...
  got 6.24.1
  has 25 dependencies
  has 0 peers
Evaluating 'babel-helper-explode-assignable-expression' ...
  got 6.24.1
  has 24 dependencies
  has 0 peers
Evaluating 'blessed' ...
  got 0.1.81
  has 0 dependencies
  has 0 peers
Evaluating 'vue-router' ...
  got ^3.5.0
  has 56 dependencies
  has 4 peers
Evaluating '@next/swc-linux-arm64-musl' ...
  ! package not resolved
Evaluating 'babel-polyfill' ...
  got 6.26.0
  has 4 dependencies
  has 0 peers
Evaluating '@next/swc-linux-arm64-gnu' ...
  ! package not resolved
Evaluating 'trim-trailing-lines' ...
  got 2.1.0
  has 0 dependencies
  has 0 peers
Evaluating 'mongoose-legacy-pluralize' ...
  got *
  has 0 dependencies
  has 1 peers
Evaluating 'keytar' ...
  got 7.9.0
  has 36 dependencies
  has 0 peers
Evaluating '@next/swc-win32-arm64-msvc' ...
  ! package not resolved
Evaluating '@next/swc-win32-ia32-msvc' ...
  ! package not resolved
Evaluating '@vue/compiler-sfc' ...
  got vue/compiler-sfc
  has 16 dependencies
  has 0 peers
Evaluating 'base64url' ...
  got 3.0.1
  has 0 dependencies
  has 0 peers
Evaluating 'de-indent' ...
  got 1.0.2
  has 0 dependencies
  has 0 peers
Evaluating 'vue-template-compiler' ...
  got 2.7.16
  has 2 dependencies
  has 0 peers
Evaluating 'karma-chrome-launcher' ...
  got 3.2.0
  has 2 dependencies
  has 0 peers
Evaluating 'bootstrap-colorpicker' ...
  got 3.4.0
  has 3 dependencies
  has 0 peers
Evaluating 'google-gax' ...
  got 5.0.6
  has 103 dependencies
  has 0 peers
Evaluating 'is-whitespace-character' ...
  got 2.0.1
  has 0 dependencies
  has 0 peers
Evaluating 'is-word-character' ...
  got 2.0.1
  has 0 dependencies
  has 0 peers
Evaluating 'state-toggle' ...
  got 2.0.2
  has 0 dependencies
  has 0 peers
Evaluating 'markdown-escapes' ...
  got 2.0.1
  has 0 dependencies
  has 0 peers
Evaluating 'hast-util-parse-selector' ...
  got 4.0.0
  has 2 dependencies
  has 0 peers
Evaluating 'hastscript' ...
  got 9.0.1
  has 6 dependencies
  has 0 peers
Evaluating 'fast-url-parser' ...
  got 1.1.3
  has 1 dependencies
  has 0 peers
Evaluating 'object-path' ...
  got 0.11.8
  has 0 dependencies
  has 0 peers
Evaluating 'remark' ...
  got 15.0.1
  has 50 dependencies
  has 0 peers
Evaluating 'serialize-error' ...
  got 13.0.1
  has 3 dependencies
  has 0 peers
Evaluating 'markdown-table' ...
  got 3.0.4
  has 0 dependencies
  has 0 peers
Evaluating 'universal-user-agent' ...
  got 7.0.3
  has 0 dependencies
  has 0 peers
Evaluating '@types/fast-json-stable-stringify' ...
  got types/fast-json-stable-stringify
  has 1 dependencies
  has 0 peers
Evaluating '@parcel/watcher' ...
  got parcel/watcher
  has 7 dependencies
  has 0 peers
Evaluating '@aws-crypto/crc32' ...
  got aws-crypto/crc32
  has 7 dependencies
  has 0 peers
Evaluating '@types/js-yaml' ...
  got types/js-yaml
  has 0 dependencies
  has 0 peers
Evaluating 'benchmarks' ...
  ! package not resolved
Evaluating '@opencensus/core' ...
  got opencensus/core
  has 8 dependencies
  has 0 peers
Evaluating '@types/mongodb' ...
  got types/mongodb
  has 12 dependencies
  has 0 peers
Evaluating 'clone-regexp' ...
  got 3.0.0
  has 1 dependencies
  has 0 peers
Evaluating 'fclone' ...
  got 1.0.11
  has 0 dependencies
  has 0 peers
Evaluating 'create-react-context' ...
  got 0.3.0
  has 0 dependencies
  has 2 peers
Evaluating '@phosphor/coreutils' ...
  got phosphor/coreutils
  has 0 dependencies
  has 0 peers
Evaluating 'cli-table2' ...
  got 0.2.0
  has 8 dependencies
  has 0 peers
Evaluating 'stream-buffers' ...
  got 3.0.3
  has 0 dependencies
  has 0 peers
Evaluating 'mdast-util-definitions' ...
  got 6.0.0
  has 5 dependencies
  has 0 peers
Evaluating 'amp' ...
  got 0.3.1
  has 0 dependencies
  has 0 peers
Evaluating '@phosphor/domutils' ...
  got phosphor/domutils
  has 0 dependencies
  has 0 peers
Evaluating '@phosphor/algorithm' ...
  got phosphor/algorithm
  has 0 dependencies
  has 0 peers
Evaluating '@phosphor/signaling' ...
  got phosphor/signaling
  has 1 dependencies
  has 0 peers
Evaluating '@phosphor/disposable' ...
  got phosphor/disposable
  has 2 dependencies
  has 0 peers
Evaluating 'amp-message' ...
  got 0.1.2
  has 1 dependencies
  has 0 peers
Evaluating '@phosphor/commands' ...
  got phosphor/commands
  has 6 dependencies
  has 0 peers
Evaluating '@phosphor/properties' ...
  got phosphor/properties
  has 0 dependencies
  has 0 peers
Evaluating '@phosphor/keyboard' ...
  got phosphor/keyboard
  has 0 dependencies
  has 0 peers
Evaluating 'pm2-axon-rpc' ...
  got 0.7.1
  has 2 dependencies
  has 0 peers
Evaluating '@phosphor/messaging' ...
  got phosphor/messaging
  has 2 dependencies
  has 0 peers
Evaluating 'pm2-axon' ...
  got 4.0.1
  has 5 dependencies
  has 0 peers
Evaluating '@phosphor/widgets' ...
  got phosphor/widgets
  has 12 dependencies
  has 0 peers
Evaluating '@phosphor/collections' ...
  got phosphor/collections
  has 1 dependencies
  has 0 peers
Evaluating '@vitejs/plugin-react' ...
  got vitejs/plugin-react
  has 0 dependencies
  has 3 peers
Evaluating '@phosphor/dragdrop' ...
  got phosphor/dragdrop
  has 4 dependencies
  has 0 peers
Evaluating 'vizion' ...
  got 2.2.1
  has 9 dependencies
  has 0 peers
Evaluating 'lodash._basetostring' ...
  got 4.12.0
  has 0 dependencies
  has 0 peers
Evaluating '@phosphor/virtualdom' ...
  got phosphor/virtualdom
  has 1 dependencies
  has 0 peers
Evaluating 'pm2-deploy' ...
  got 1.0.2
  has 2 dependencies
  has 0 peers
Evaluating 'pm2' ...
  got 6.0.14
  has 133 dependencies
  has 0 peers
Evaluating 'zen-observable' ...
  got 0.10.0
  has 0 dependencies
  has 0 peers
Evaluating 'passport-local' ...
  got 1.0.0
  has 1 dependencies
  has 0 peers
Evaluating 'execall' ...
  got 3.0.0
  has 2 dependencies
  has 0 peers
Evaluating 'serve-favicon' ...
  got 2.5.1
  has 5 dependencies
  has 0 peers
Evaluating 'js2xmlparser' ...
  got 5.0.0
  has 1 dependencies
  has 0 peers
Evaluating '@mui/utils' ...
  got mui/utils
  has 0 dependencies
  has 2 peers
Evaluating 'pm2-multimeter' ...
  got 0.1.2
  has 1 dependencies
  has 0 peers
Evaluating '@mui/system' ...
  got mui/system
  has 0 dependencies
  has 4 peers
Evaluating '@mui/private-theming' ...
  got mui/private-theming
  has 0 dependencies
  has 2 peers
Evaluating 'lolex' ...
  got 6.0.0
  has 2 dependencies
  has 0 peers
Evaluating 'before-after-hook' ...
  got 4.0.0
  has 0 dependencies
  has 0 peers
Evaluating 'unist-util-position' ...
  got 5.0.0
  has 1 dependencies
  has 0 peers
Evaluating '@mui/styled-engine' ...
  got mui/styled-engine
  has 0 dependencies
  has 3 peers
Evaluating 'tslint' ...
  got 6.1.3
  has 0 dependencies
  has 1 peers
Evaluating 'bootswatch' ...
  got 5.3.8
  has 0 dependencies
  has 0 peers
Evaluating 'double-ended-queue' ...
  got 2.1.0-0
  has 0 dependencies
  has 0 peers
Evaluating 'bench' ...
  got 0.3.6
  has 0 dependencies
  has 0 peers
Evaluating '@mui/material' ...
  got mui/material
  has 0 dependencies
  has 6 peers
Evaluating 'stylelint-config-recommended' ...
  got ^17.0.0
  has 0 dependencies
  has 1 peers
Evaluating '@nestjs/swagger' ...
  got nestjs/common
  has 0 dependencies
  has 6 peers
Evaluating 'snake-case' ...
  got 4.0.0
  has 1 dependencies
  has 0 peers
Evaluating 'chart.js' ...
  got 4.5.1
  has 1 dependencies
  has 0 peers
Evaluating '@mui/base' ...
  got mui/base
  has 0 dependencies
  has 3 peers
Evaluating 'configurable' ...
  got 0.0.1
  has 0 dependencies
  has 0 peers
Evaluating 'unist-util-generated' ...
  got 3.0.0
  has 0 dependencies
  has 0 peers
Evaluating 'levenary' ...
  got 1.1.1
  has 1 dependencies
  has 0 peers
Evaluating 'esbuild-darwin-64' ...
  ! package not resolved
Evaluating 'gonzales-pe' ...
  got 4.3.0
  has 1 dependencies
  has 0 peers
Evaluating 'esbuild-windows-64' ...
  ! package not resolved
Evaluating 'passport-jwt' ...
  got 4.0.1
  has 16 dependencies
  has 0 peers
Evaluating 'filename-reserved-regex' ...
  got 4.0.0
  has 0 dependencies
  has 0 peers
Evaluating '@types/bson' ...
  got types/bson
  has 1 dependencies
  has 0 peers
Evaluating 'compare-versions' ...
  got 6.1.1
  has 0 dependencies
  has 0 peers
Evaluating 'run-series' ...
  got 1.1.9
  has 0 dependencies
  has 0 peers
Evaluating 'esbuild-linux-arm64' ...
  ! package not resolved
Evaluating 'vue-style-loader' ...
  got 4.1.3
  has 6 dependencies
  has 0 peers
Evaluating 'proto3-json-serializer' ...
  got 3.0.4
  has 14 dependencies
  has 0 peers
Evaluating 'esbuild-darwin-arm64' ...
  ! package not resolved
Evaluating 'glob-watcher' ...
  got 6.0.0
  has 19 dependencies
  has 0 peers
Evaluating '@pm2/io' ...
  got pm2/io
  has 20 dependencies
  has 0 peers
Evaluating '@types/hast' ...
  got types/hast
  has 1 dependencies
  has 0 peers
Evaluating 'bootstrap-accessibility-plugin' ...
  got 1.0.6
  has 0 dependencies
  has 0 peers
Evaluating 'esbuild-linux-mips64le' ...
  ! package not resolved
Evaluating 'esbuild-openbsd-64' ...
  ! package not resolved
Evaluating 'esbuild-freebsd-arm64' ...
  ! package not resolved
Evaluating 'esbuild-android-arm64' ...
  ! package not resolved
Evaluating 'esbuild-windows-arm64' ...
  ! package not resolved
Evaluating 'esbuild-freebsd-64' ...
  ! package not resolved
Evaluating 'esbuild-linux-32' ...
  ! package not resolved
Evaluating 'esbuild-windows-32' ...
  ! package not resolved
Evaluating 'esbuild-sunos-64' ...
  ! package not resolved
Evaluating '@octokit/endpoint' ...
  got octokit/endpoint
  has 3 dependencies
  has 0 peers
Evaluating 'esbuild-linux-ppc64le' ...
  ! package not resolved
Evaluating 'esbuild-netbsd-64' ...
  ! package not resolved
Evaluating '@octokit/request' ...
  got octokit/request
  has 7 dependencies
  has 0 peers
Evaluating 'esbuild-linux-arm' ...
  ! package not resolved
Evaluating 'is-in-browser' ...
  got 2.0.0
  has 0 dependencies
  has 0 peers
Evaluating 'cron' ...
  got 4.4.0
  has 2 dependencies
  has 0 peers
Evaluating '@pm2/js-api' ...
  got pm2/js-api
  has 8 dependencies
  has 0 peers
Evaluating '@pm2/agent' ...
  got pm2/agent
  has 47 dependencies
  has 0 peers
Evaluating 'deprecation' ...
  got 2.3.1
  has 0 dependencies
  has 0 peers
Evaluating 'format' ...
  got 0.2.2
  has 0 dependencies
  has 0 peers
Evaluating '@next/eslint-plugin-next' ...
  got next/eslint-plugin-next
  has 18 dependencies
  has 0 peers
Evaluating '@opencensus/propagation-b3' ...
  got opencensus/propagation-b3
  has 9 dependencies
  has 0 peers
Evaluating 'filenamify' ...
  got 7.0.1
  has 1 dependencies
  has 0 peers
Evaluating 'i18next' ...
  got 26.0.8
  has 0 dependencies
  has 1 peers
Evaluating 'mdast-util-to-hast' ...
  got 13.2.1
  has 19 dependencies
  has 0 peers
Evaluating 'strip-outer' ...
  got 2.0.0
  has 0 dependencies
  has 0 peers
Evaluating 'trim-repeated' ...
  got 2.0.0
  has 1 dependencies
  has 0 peers
Evaluating 'mini-svg-data-uri' ...
  got 1.4.4
  has 0 dependencies
  has 0 peers
Evaluating 'normalize-selector' ...
  got 0.2.0
  has 0 dependencies
  has 0 peers
Evaluating '@octokit/request-error' ...
  got octokit/request-error
  has 2 dependencies
  has 0 peers
Evaluating '@phosphor/application' ...
  got phosphor/application
  has 13 dependencies
  has 0 peers
Evaluating 'eslint-config-next' ...
  ! package not resolved
Evaluating '@phosphor/datagrid' ...
  got phosphor/datagrid
  has 13 dependencies
  has 0 peers
Evaluating 'protocols' ...
  got 2.0.2
  has 0 dependencies
  has 0 peers
Evaluating 'vue-eslint-parser' ...
  got ^8.57.0 || ^9.0.0 || ^10.0.0
  has 13 dependencies
  has 1 peers
Evaluating 'stream-combiner2' ...
  got 1.1.1
  has 9 dependencies
  has 0 peers
Evaluating 'is-what' ...
  got 5.5.0
  has 0 dependencies
  has 0 peers
Evaluating 'js-levenshtein' ...
  got 1.1.6
  has 0 dependencies
  has 0 peers
Evaluating 'is-text-path' ...
  got 3.0.0
  has 1 dependencies
  has 0 peers
Evaluating 'text-extensions' ...
  got 3.1.0
  has 0 dependencies
  has 0 peers
Evaluating 'xterm-addon-canvas' ...
  got ^5.0.0
  has 0 dependencies
  has 1 peers
Evaluating 'tarn' ...
  got 3.0.2
  has 0 dependencies
  has 0 peers
Evaluating '@octokit/types' ...
  got octokit/types
  has 1 dependencies
  has 0 peers
Evaluating 'zen-observable-ts' ...
  got 1.1.0
  has 2 dependencies
  has 0 peers
Evaluating 'parse-url' ...
  got 11.1.0
  has 2 dependencies
  has 0 peers
Evaluating '@pm2/pm2-version-check' ...
  got pm2/pm2-version-check
  has 2 dependencies
  has 0 peers
Evaluating 'merge' ...
  got 2.1.1
  has 0 dependencies
  has 0 peers
Evaluating 'fault' ...
  got 2.0.1
  has 1 dependencies
  has 0 peers
Evaluating 'xhr' ...
  got 2.6.0
  has 7 dependencies
  has 0 peers
Evaluating 'vue-template-es2015-compiler' ...
  got 1.9.1
  has 0 dependencies
  has 0 peers
Evaluating 'sugarss' ...
  got ^8.3.3
  has 0 dependencies
  has 1 peers
Evaluating '@ioredis/commands' ...
  got ioredis/commands
  has 0 dependencies
  has 0 peers
Evaluating 'synckit' ...
  got 0.11.12
  has 1 dependencies
  has 0 peers
Evaluating 'lodash._baseassign' ...
  got 3.2.0
  has 5 dependencies
  has 0 peers
Evaluating 'culvert' ...
  got 0.1.2
  has 0 dependencies
  has 0 peers
Evaluating 'bodec' ...
  got 1.1.0
  has 0 dependencies
  has 0 peers
Evaluating 'git-sha1' ...
  got 0.1.2
  has 0 dependencies
  has 0 peers
Evaluating 'js-git' ...
  got 0.7.8
  has 4 dependencies
  has 0 peers
Evaluating 'git-node-fs' ...
  got 1.0.0
  has 0 dependencies
  has 0 peers
Evaluating 'w3c-keyname' ...
  got 2.2.8
  has 0 dependencies
  has 0 peers
Evaluating 'is-ssh' ...
  got 1.4.1
  has 1 dependencies
  has 0 peers
Evaluating '@types/rimraf' ...
  got types/rimraf
  has 9 dependencies
  has 0 peers
Evaluating 'queue' ...
  got 7.0.0
  has 0 dependencies
  has 0 peers
Evaluating '@types/mdurl' ...
  got types/mdurl
  has 0 dependencies
  has 0 peers
Evaluating '@sentry/utils' ...
  got sentry/utils
  has 1 dependencies
  has 0 peers
Evaluating '@sentry/core' ...
  got sentry/core
  has 0 dependencies
  has 0 peers
Evaluating 'compare-func' ...
  got 2.0.0
  has 3 dependencies
  has 0 peers
Evaluating 'vue-loader' ...
  got 17.4.2
  has 0 dependencies
  has 1 peers
Evaluating 'ext-list' ...
  got 4.0.0
  has 1 dependencies
  has 0 peers
Evaluating 'now-and-later' ...
  got 3.0.0
  has 2 dependencies
  has 0 peers
Evaluating 'array-ify' ...
  got 1.0.0
  has 0 dependencies
  has 0 peers
Evaluating 'jss' ...
  got 10.10.0
  has 4 dependencies
  has 0 peers
Evaluating 'utf-8-validate' ...
  got 6.0.6
  has 1 dependencies
  has 0 peers
Evaluating '@pkgr/utils' ...
  got pkgr/utils
  has 4 dependencies
  has 0 peers
Evaluating 'base-64' ...
  got 1.0.0
  has 0 dependencies
  has 0 peers
Evaluating 'bufferutil' ...
  got 4.1.0
  has 1 dependencies
  has 0 peers
Evaluating 'simple-http-server' ...
  got 0.1.8
  has 4 dependencies
  has 0 peers
Evaluating 'cli-tableau' ...
  got 2.0.1
  has 6 dependencies
  has 0 peers
Evaluating 'conventional-changelog-angular' ...
  got 8.3.1
  has 4 dependencies
  has 0 peers
Evaluating 'abstract-logging' ...
  got 2.0.1
  has 0 dependencies
  has 0 peers
Evaluating 'command-exists' ...
  got 1.2.9
  has 0 dependencies
  has 0 peers
Evaluating 'std-env' ...
  got 4.1.0
  has 0 dependencies
  has 0 peers
Evaluating 'conventional-commits-parser' ...
  got 6.4.0
  has 2 dependencies
  has 0 peers
Evaluating 'union' ...
  ! package not resolved
Evaluating 'cli-color' ...
  got 2.0.4
  has 14 dependencies
  has 0 peers
Evaluating 'xmlcreate' ...
  got 2.0.4
  has 0 dependencies
  has 0 peers
Evaluating '@mui/types' ...
  got mui/types
  has 1 dependencies
  has 1 peers
Evaluating 'd3-ease' ...
  got 3.0.1
  has 0 dependencies
  has 0 peers
Evaluating 'corser' ...
  got 2.0.1
  has 0 dependencies
  has 0 peers
Evaluating 'debounce' ...
  got 3.0.0
  has 0 dependencies
  has 0 peers
Evaluating 'in-publish' ...
  got 2.0.1
  has 0 dependencies
  has 0 peers
Evaluating 'isomorphic-ws' ...
  got 5.0.0
  has 0 dependencies
  has 1 peers
Evaluating 'http-server' ...
  got 14.1.1
  has 47 dependencies
  has 0 peers
Evaluating 'git-up' ...
  got 8.1.1
  has 5 dependencies
  has 0 peers
Evaluating '@sentry/types' ...
  got sentry/types
  has 1 dependencies
  has 0 peers
Evaluating 'sort-keys-length' ...
  got 2.0.0
  has 3 dependencies
  has 0 peers
Evaluating 'transport' ...
  got 0.0.3
  has 0 dependencies
  has 0 peers
Evaluating 'markdown-it-anchor' ...
  got types/markdown-it
  has 0 dependencies
  has 2 peers
Evaluating 'resolve-options' ...
  got 2.0.0
  has 1 dependencies
  has 0 peers
Evaluating 'fs-mkdirp-stream' ...
  got 2.0.1
  has 7 dependencies
  has 0 peers
Evaluating 'lead' ...
  got 4.0.0
  has 0 dependencies
  has 0 peers
Evaluating 'vinyl-sourcemap' ...
  got 2.0.0
  has 26 dependencies
  has 0 peers
Evaluating 'value-or-function' ...
  got 4.0.0
  has 0 dependencies
  has 0 peers
Evaluating 'to-through' ...
  got 3.0.0
  has 6 dependencies
  has 0 peers
Evaluating 'remove-bom-buffer' ...
  got 3.0.0
  has 2 dependencies
  has 0 peers
Evaluating 'remove-bom-stream' ...
  got 2.0.0
  has 6 dependencies
  has 0 peers
Evaluating 'append-buffer' ...
  got 1.0.2
  has 1 dependencies
  has 0 peers
Evaluating 'css-vendor' ...
  got 2.0.8
  has 2 dependencies
  has 0 peers
Evaluating '@jupyterlab/vega4-extension' ...
  got jupyterlab/vega4-extension
  has 14 dependencies
  has 0 peers
Evaluating 'less-loader' ...
  got ^3.5.0 || ^4.0.0
  has 0 dependencies
  has 3 peers
Evaluating 'options' ...
  got 0.0.6
  has 0 dependencies
  has 0 peers
Evaluating '@types/component-emitter' ...
  got types/component-emitter
  has 0 dependencies
  has 0 peers
Evaluating 'github' ...
  got 14.0.0
  has 0 dependencies
  has 0 peers
Evaluating '@types/jquery' ...
  got types/jquery
  has 0 dependencies
  has 0 peers
Evaluating 'temp' ...
  got 0.9.4
  has 14 dependencies
  has 0 peers
Evaluating '@types/multer' ...
  got types/multer
  has 11 dependencies
  has 0 peers
Evaluating '@types/fs-extra' ...
  got types/fs-extra
  has 3 dependencies
  has 0 peers
Evaluating 'ansi_up' ...
  got 6.0.6
  has 0 dependencies
  has 0 peers
Evaluating 'randexp' ...
  got 0.5.3
  has 2 dependencies
  has 0 peers
Evaluating 'esbuild-linux-s390x' ...
  ! package not resolved
Evaluating '@vue/shared' ...
  got vue/shared
  has 0 dependencies
  has 0 peers
Evaluating '@graphql-tools/utils' ...
  got graphql-tools/utils
  has 0 dependencies
  has 1 peers
Evaluating 'fromentries' ...
  got 1.3.2
  has 0 dependencies
  has 0 peers
Evaluating 'syntax-error' ...
  got 1.4.0
  has 4 dependencies
  has 0 peers
Evaluating 'd3' ...
  got 7.9.0
  has 37 dependencies
  has 0 peers
Evaluating 'jwt-decode' ...
  got 4.0.0
  has 0 dependencies
  has 0 peers
Evaluating 'postcss-less' ...
  got ^8.3.5
  has 0 dependencies
  has 1 peers
Evaluating 'esbuild-linux-riscv64' ...
  ! package not resolved
Evaluating 'is' ...
  got 3.3.2
  has 0 dependencies
  has 0 peers
Evaluating '@graphql-tools/schema' ...
  got graphql-tools/schema
  has 0 dependencies
  has 1 peers
Evaluating 'es6-object-assign' ...
  got 1.1.0
  has 0 dependencies
  has 0 peers
Evaluating 'executable' ...
  got 4.1.1
  has 1 dependencies
  has 0 peers
Evaluating '@graphql-tools/merge' ...
  got graphql-tools/merge
  has 0 dependencies
  has 1 peers
Evaluating '@edge-runtime/cookies' ...
  got edge-runtime/cookies
  has 0 dependencies
  has 0 peers
Evaluating '@types/accepts' ...
  got types/accepts
  has 2 dependencies
  has 0 peers
Evaluating 'bplist-parser' ...
  got 0.3.2
  has 1 dependencies
  has 0 peers
Evaluating 'default-compare' ...
  got 1.0.0
  has 1 dependencies
  has 0 peers
Evaluating 'array-sort' ...
  got 1.0.0
  has 3 dependencies
  has 0 peers
Evaluating 'upper-case-first' ...
  got 3.0.0
  has 0 dependencies
  has 0 peers
Evaluating '101-app' ...
  got 1.0.0
  has 216 dependencies
  has 0 peers
Evaluating 'tx2' ...
  got 1.0.5
  has 1 dependencies
  has 0 peers
Evaluating 'pm2-sysmonit' ...
  got 1.2.8
  has 8 dependencies
  has 0 peers
Evaluating '@types/react-is' ...
  got types/react-is
  has 2 dependencies
  has 0 peers
Evaluating '@types/eslint-visitor-keys' ...
  got types/eslint-visitor-keys
  has 1 dependencies
  has 0 peers
Evaluating 'fast-json-stringify' ...
  got 6.3.0
  has 10 dependencies
  has 0 peers
Evaluating 'postcss-html' ...
  got 1.8.1
  has 12 dependencies
  has 0 peers
Evaluating '@octokit/auth-token' ...
  got octokit/auth-token
  has 0 dependencies
  has 0 peers
Evaluating 'vue-hot-reload-api' ...
  got 2.3.4
  has 0 dependencies
  has 0 peers
Evaluating 'eslint-loader' ...
  got ^6.0.0 || ^7.0.0
  has 0 dependencies
  has 2 peers
Evaluating 'css-parse' ...
  got 2.0.0
  has 9 dependencies
  has 0 peers
Evaluating 'set-function-length' ...
  got 1.2.2
  has 14 dependencies
  has 0 peers
Evaluating '@floating-ui/core' ...
  got floating-ui/core
  has 1 dependencies
  has 0 peers
Evaluating 'secure-compare' ...
  got 3.0.1
  has 0 dependencies
  has 0 peers
Evaluating '@floating-ui/dom' ...
  got floating-ui/dom
  has 2 dependencies
  has 0 peers
Evaluating 'ext-name' ...
  got 5.0.0
  has 5 dependencies
  has 0 peers
Evaluating 'form-data-encoder' ...
  got 4.1.0
  has 0 dependencies
  has 0 peers
Evaluating 'throttle-debounce' ...
  got 5.0.2
  has 0 dependencies
  has 0 peers
Evaluating '@vue/component-compiler-utils' ...
  got vue/component-compiler-utils
  has 15 dependencies
  has 0 peers
Evaluating 'catharsis' ...
  got 0.11.0
  has 1 dependencies
  has 0 peers
Evaluating 'escope' ...
  got 4.0.0
  has 3 dependencies
  has 0 peers
Evaluating 'requizzle' ...
  got 0.2.4
  has 1 dependencies
  has 0 peers
Evaluating '@types/mime-types' ...
  got types/mime-types
  has 0 dependencies
  has 0 peers
Evaluating '@types/parse5' ...
  got types/parse5
  has 2 dependencies
  has 0 peers
Evaluating 'array-map' ...
  got 0.0.1
  has 0 dependencies
  has 0 peers
Evaluating 'which-pm-runs' ...
  got 2.0.0
  has 0 dependencies
  has 0 peers
Evaluating 'esbuild-android-64' ...
  ! package not resolved
Evaluating 'array-reduce' ...
  got 0.0.0
  has 0 dependencies
  has 0 peers
Evaluating 'git-url-parse' ...
  got 16.1.0
  has 6 dependencies
  has 0 peers
Evaluating 'please-upgrade-node' ...
  got 3.2.0
  has 1 dependencies
  has 0 peers
Evaluating 'rc-util' ...
  got 5.44.4
  has 0 dependencies
  has 2 peers
Evaluating '@octokit/plugin-paginate-rest' ...
  got octokit/core
  has 2 dependencies
  has 1 peers
Evaluating 'value-or-promise' ...
  got 1.0.12
  has 0 dependencies
  has 0 peers
Evaluating 'uid2' ...
  got 1.0.0
  has 0 dependencies
  has 0 peers
Evaluating 'cachedir' ...
  got 2.4.0
  has 0 dependencies
  has 0 peers
Evaluating '@octokit/openapi-types' ...
  got octokit/openapi-types
  has 0 dependencies
  has 0 peers
Evaluating 'undici-types' ...
  got 8.1.0
  has 0 dependencies
  has 0 peers
Evaluating 'joycon' ...
  got 3.1.1
  has 0 dependencies
  has 0 peers
Evaluating 'text-encoding' ...
  got 0.7.0
  has 0 dependencies
  has 0 peers
Evaluating 'exit-on-epipe' ...
  got 1.0.1
  has 0 dependencies
  has 0 peers
Evaluating '@graphql-typed-document-node/core' ...
  got graphql-typed-document-node/core
  has 0 dependencies
  has 1 peers
Evaluating 'strtok3' ...
  got 10.3.5
  has 1 dependencies
  has 0 peers
Evaluating 'readable-web-to-node-stream' ...
  got 5.0.0
  has 10 dependencies
  has 0 peers
Evaluating 'jss-plugin-camel-case' ...
  got 10.10.0
  has 6 dependencies
  has 0 peers
Evaluating 'jss-plugin-global' ...
  got 10.10.0
  has 5 dependencies
  has 0 peers
Evaluating 'peek-readable' ...
  got 7.0.0
  has 0 dependencies
  has 0 peers
Evaluating 'croner' ...
  got 10.0.1
  has 0 dependencies
  has 0 peers
Evaluating 'eslint-plugin-vue' ...
  got ^8.57.0 || ^9.0.0 || ^10.0.0
  has 0 dependencies
  has 4 peers
Evaluating 'token-types' ...
  got 6.1.2
  has 3 dependencies
  has 0 peers
Evaluating 'string-template' ...
  got 1.0.0
  has 0 dependencies
  has 0 peers
Evaluating 'jss-plugin-nested' ...
  got 10.10.0
  has 5 dependencies
  has 0 peers
Evaluating 'jss-plugin-default-unit' ...
  got 10.10.0
  has 5 dependencies
  has 0 peers
Evaluating '@tokenizer/token' ...
  got tokenizer/token
  has 0 dependencies
  has 0 peers
Evaluating 'printj' ...
  got 1.3.1
  has 0 dependencies
  has 0 peers
Evaluating '@octokit/graphql' ...
  got octokit/graphql
  has 8 dependencies
  has 0 peers
Evaluating 'copy-anything' ...
  got 4.0.5
  has 1 dependencies
  has 0 peers
Evaluating 'server-only' ...
  got 0.0.1
  has 0 dependencies
  has 0 peers
Evaluating 'istanbul-lib-processinfo' ...
  got 3.0.0
  has 22 dependencies
  has 0 peers
Evaluating 'junk' ...
  got 4.0.1
  has 0 dependencies
  has 0 peers
Evaluating 'jss-plugin-props-sort' ...
  got 10.10.0
  has 5 dependencies
  has 0 peers
Evaluating 'jss-plugin-rule-value-function' ...
  got 10.10.0
  has 5 dependencies
  has 0 peers
Evaluating 'jss-plugin-vendor-prefixer' ...
  got 10.10.0
  has 6 dependencies
  has 0 peers
Evaluating 'matchdep' ...
  got 2.0.0
  has 118 dependencies
  has 0 peers
Evaluating '@types/markdown-it' ...
  got types/markdown-it
  has 2 dependencies
  has 0 peers
Evaluating 'sentence-case' ...
  got 4.0.0
  has 1 dependencies
  has 0 peers
Evaluating 'constant-case' ...
  got 4.0.0
  has 1 dependencies
  has 0 peers
Evaluating '@vue/compiler-core' ...
  got vue/compiler-core
  has 8 dependencies
  has 0 peers
Evaluating '@types/linkify-it' ...
  got types/linkify-it
  has 0 dependencies
  has 0 peers
Evaluating '@vue/compiler-dom' ...
  got vue/compiler-dom
  has 9 dependencies
  has 0 peers
Evaluating 'change-case' ...
  got 5.4.4
  has 0 dependencies
  has 0 peers
Evaluating 'readline2' ...
  got 1.0.1
  has 4 dependencies
  has 0 peers
Evaluating 'path-case' ...
  got 4.0.0
  has 1 dependencies
  has 0 peers
Evaluating 'jasmine-core' ...
  got 6.2.0
  has 0 dependencies
  has 0 peers
Evaluating 'each-props' ...
  got 3.0.0
  has 7 dependencies
  has 0 peers
Evaluating 'parse-path' ...
  got 7.1.0
  has 1 dependencies
  has 0 peers
Evaluating 'copy-props' ...
  got 4.0.0
  has 8 dependencies
  has 0 peers
Evaluating 'jpeg-js' ...
  got 0.4.4
  has 0 dependencies
  has 0 peers
Evaluating 'async-mutex' ...
  got 0.5.0
  has 1 dependencies
  has 0 peers
Evaluating '@octokit/plugin-rest-endpoint-methods' ...
  got octokit/core
  has 2 dependencies
  has 1 peers
Evaluating 'string-convert' ...
  got 0.2.1
  has 0 dependencies
  has 0 peers
Evaluating 'json2mq' ...
  got 0.2.0
  has 1 dependencies
  has 0 peers
Evaluating 'babel-preset-env' ...
  got 1.7.0
  has 77 dependencies
  has 0 peers
Evaluating '@octokit/core' ...
  got octokit/core
  has 11 dependencies
  has 0 peers
Evaluating 'jsdoc' ...
  got 4.0.5
  has 29 dependencies
  has 0 peers
Evaluating 'axe-puppeteer' ...
  got 1.1.1
  has 0 dependencies
  has 1 peers
Evaluating 'unist-util-find-all-after' ...
  got 5.0.0
  has 2 dependencies
  has 0 peers
Evaluating 'nomnom' ...
  got 1.8.1
  has 5 dependencies
  has 0 peers
Evaluating 'fast-decode-uri-component' ...
  got 1.0.1
  has 0 dependencies
  has 0 peers
Evaluating 'decompress' ...
  got 4.2.1
  has 76 dependencies
  has 0 peers
Evaluating 'postcss-sass' ...
  got 0.5.0
  has 6 dependencies
  has 0 peers
Evaluating '@nestjs/typeorm' ...
  got nestjs/common
  has 0 dependencies
  has 5 peers
Evaluating 'robust-predicates' ...
  got 3.0.3
  has 0 dependencies
  has 0 peers
Evaluating 'mute-stdout' ...
  got 2.0.0
  has 0 dependencies
  has 0 peers
Evaluating 'react-select' ...
  got ^16.8.0 || ^17.0.0 || ^18.0.0 || ^19.0.0
  has 71 dependencies
  has 2 peers
Evaluating 'semver-greatest-satisfied-range' ...
  got 2.0.0
  has 2 dependencies
  has 0 peers
Evaluating '@types/mkdirp' ...
  got types/mkdirp
  has 1 dependencies
  has 0 peers
Evaluating 'node-preload' ...
  got 0.2.1
  has 2 dependencies
  has 0 peers
Evaluating 'process-on-spawn' ...
  got 1.1.0
  has 1 dependencies
  has 0 peers
Evaluating 'is-reference' ...
  got 3.0.3
  has 1 dependencies
  has 0 peers
Evaluating '@types/bluebird' ...
  got types/bluebird
  has 0 dependencies
  has 0 peers
Evaluating 'vscode-textmate' ...
  got 9.3.2
  has 0 dependencies
  has 0 peers
Evaluating 'seek-bzip' ...
  got 2.0.0
  has 1 dependencies
  has 0 peers
Evaluating 'request-promise' ...
  got ^2.34
  has 7 dependencies
  has 1 peers
Evaluating '@types/react-redux' ...
  got types/react-redux
  has 7 dependencies
  has 0 peers
Evaluating 'sade' ...
  got 1.8.1
  has 1 dependencies
  has 0 peers
Evaluating '@nestjs/jwt' ...
  got nestjs/common
  has 19 dependencies
  has 1 peers
Evaluating 'require_optional' ...
  got 1.0.1
  has 2 dependencies
  has 0 peers
Evaluating 'postcss-syntax' ...
  got >=5.0.0
  has 0 dependencies
  has 1 peers
Evaluating 'react-icons' ...
  got *
  has 0 dependencies
  has 1 peers
Evaluating 'write-json-file' ...
  got 7.0.0
  has 6 dependencies
  has 0 peers
Evaluating 'strip-dirs' ...
  got 3.0.0
  has 3 dependencies
  has 0 peers
Evaluating 'git-raw-commits' ...
  got 5.0.1
  has 5 dependencies
  has 0 peers
Evaluating 'sver-compat' ...
  got 1.5.0
  has 9 dependencies
  has 0 peers
Evaluating '@types/sinonjs__fake-timers' ...
  got types/sinonjs__fake-timers
  has 0 dependencies
  has 0 peers
Evaluating 'decompress-tarbz2' ...
  got 4.1.1
  has 58 dependencies
  has 0 peers
Evaluating 'decompress-unzip' ...
  got 4.0.1
  has 10 dependencies
  has 0 peers
Evaluating 'decompress-targz' ...
  got 4.1.1
  has 50 dependencies
  has 0 peers
Evaluating 'decompress-tar' ...
  got 4.1.1
  has 49 dependencies
  has 0 peers
Evaluating 'replace-homedir' ...
  got 2.0.0
  has 0 dependencies
  has 0 peers
Evaluating 'cp-file' ...
  got 11.0.0
  has 4 dependencies
  has 0 peers
Evaluating 'shallow-copy' ...
  got 0.0.1
  has 0 dependencies
  has 0 peers
Evaluating '@sentry/node' ...
  got sentry/node
  has 68 dependencies
  has 0 peers
Evaluating 'is-natural-number' ...
  got 4.0.1
  has 0 dependencies
  has 0 peers
Evaluating 'semver-regex' ...
  got 4.0.5
  has 0 dependencies
  has 0 peers
Evaluating '@types/bcrypt' ...
  got types/bcrypt
  has 2 dependencies
  has 0 peers
Evaluating 'moo' ...
  got 0.5.3
  has 0 dependencies
  has 0 peers
Evaluating '@vue/compiler-ssr' ...
  got vue/compiler-ssr
  has 10 dependencies
  has 0 peers
Evaluating 'error' ...
  got 10.4.0
  has 0 dependencies
  has 0 peers
Evaluating '@types/request' ...
  got types/request
  has 25 dependencies
  has 0 peers
Evaluating 'tiny-emitter' ...
  got 2.1.0
  has 0 dependencies
  has 0 peers
Evaluating 'json-loader' ...
  got 0.5.7
  has 0 dependencies
  has 0 peers
Evaluating 'css-unit-converter' ...
  got 1.1.2
  has 0 dependencies
  has 0 peers
Evaluating 'mersenne' ...
  got 0.0.4
  has 0 dependencies
  has 0 peers
Evaluating 'assert-never' ...
  got 1.4.0
  has 0 dependencies
  has 0 peers
Evaluating 'subarg' ...
  got 1.0.0
  has 1 dependencies
  has 0 peers
Evaluating 'postcss-reporter' ...
  got ^8.1.0
  has 2 dependencies
  has 1 peers
Evaluating 'lynx' ...
  got 0.2.0
  has 2 dependencies
  has 0 peers
Evaluating 'frontend' ...
  got 2.0.0-alpha.4
  has 524 dependencies
  has 0 peers
Evaluating 'statsd-parser' ...
  got 0.0.4
  has 0 dependencies
  has 0 peers
Evaluating 'crelt' ...
  got 1.0.6
  has 0 dependencies
  has 0 peers
Evaluating '@humanwhocodes/gitignore-to-minimatch' ...
  got humanwhocodes/gitignore-to-minimatch
  has 0 dependencies
  has 0 peers
Evaluating 'xmldom' ...
  got 0.6.0
  has 0 dependencies
  has 0 peers
Evaluating '@material-ui/core' ...
  got material-ui/core
  has 0 dependencies
  has 3 peers
Evaluating 'lru_map' ...
  got 0.4.1
  has 0 dependencies
  has 0 peers
Evaluating '@lezer/common' ...
  got lezer/common
  has 0 dependencies
  has 0 peers
Evaluating '@lezer/lr' ...
  got lezer/lr
  has 1 dependencies
  has 0 peers
Evaluating 'header-case' ...
  got 3.0.0
  has 1 dependencies
  has 0 peers
Evaluating 'nvm' ...
  got 0.0.4
  has 0 dependencies
  has 0 peers
Evaluating '@material-ui/utils' ...
  got material-ui/utils
  has 0 dependencies
  has 2 peers
Evaluating '@types/caseless' ...
  got types/caseless
  has 0 dependencies
  has 0 peers
Evaluating 'puppeteer-core' ...
  got 24.42.0
  has 80 dependencies
  has 0 peers
Evaluating 'arr-map' ...
  got 2.0.2
  has 2 dependencies
  has 0 peers
Evaluating 'preact' ...
  got 10.29.1
  has 0 dependencies
  has 0 peers
Evaluating 'getopts' ...
  got 2.3.0
  has 0 dependencies
  has 0 peers
Evaluating 'fs' ...
  got 0.0.1-security
  has 0 dependencies
  has 0 peers
Evaluating '@material-ui/system' ...
  got material-ui/system
  has 0 dependencies
  has 3 peers
Evaluating 'run-applescript' ...
  got 7.1.0
  has 0 dependencies
  has 0 peers
Evaluating '@redis/client' ...
  got redis/client
  has 1 dependencies
  has 2 peers
Evaluating 'xss' ...
  got 1.0.15
  has 2 dependencies
  has 0 peers
Evaluating 'jschardet' ...
  got 3.1.4
  has 0 dependencies
  has 0 peers
Evaluating 'server-destroy' ...
  got 1.0.1
  has 0 dependencies
  has 0 peers
Evaluating 'cssfilter' ...
  got 0.0.11
  has 0 dependencies
  has 0 peers
Evaluating 'getos' ...
  got 3.2.1
  has 1 dependencies
  has 0 peers
Evaluating 'async-validator' ...
  got 4.2.5
  has 0 dependencies
  has 0 peers
Evaluating 'use-isomorphic-layout-effect' ...
  got ^16.8.0 || ^17.0.0 || ^18.0.0 || ^19.0.0
  has 0 dependencies
  has 1 peers
Evaluating 'stream-exhaust' ...
  got 1.0.2
  has 0 dependencies
  has 0 peers
Evaluating 'rx' ...
  got 4.1.0
  has 0 dependencies
  has 0 peers
Evaluating 'async-done' ...
  got 2.0.0
  has 4 dependencies
  has 0 peers
Evaluating 'vscode-oniguruma' ...
  got 2.0.1
  has 0 dependencies
  has 0 peers
Evaluating 'd3-transition' ...
  got 2 - 3
  has 5 dependencies
  has 1 peers
Evaluating '@google-cloud/storage' ...
  got google-cloud/storage
  has 86 dependencies
  has 0 peers
Evaluating '@mui/core-downloads-tracker' ...
  got mui/core-downloads-tracker
  has 0 dependencies
  has 0 peers
Evaluating 'find-my-way' ...
  got 9.5.0
  has 5 dependencies
  has 0 peers
Evaluating 'path-platform' ...
  got 0.11.15
  has 0 dependencies
  has 0 peers
Evaluating 'parents' ...
  got 1.0.1
  has 1 dependencies
  has 0 peers
Evaluating '@redis/time-series' ...
  got redis/client
  has 0 dependencies
  has 1 peers
Evaluating '@redis/bloom' ...
  got redis/bloom
  has 0 dependencies
  has 1 peers
Evaluating '@redis/graph' ...
  got redis/client
  has 0 dependencies
  has 1 peers
Evaluating '@redis/json' ...
  got redis/client
  has 0 dependencies
  has 1 peers
Evaluating '@redis/search' ...
  got redis/client
  has 0 dependencies
  has 1 peers
Evaluating 'emmet' ...
  got 2.4.11
  has 3 dependencies
  has 0 peers
Evaluating 'dom-align' ...
  got 1.12.4
  has 0 dependencies
  has 0 peers
Evaluating 'web-namespaces' ...
  got 2.0.1
  has 0 dependencies
  has 0 peers
Evaluating 'eslint-config-airbnb' ...
  got ^7.32.0 || ^8.2.0
  has 0 dependencies
  has 5 peers
Evaluating 'loader-fs-cache' ...
  got 1.0.3
  has 9 dependencies
  has 0 peers
Evaluating '@material-ui/types' ...
  got material-ui/types
  has 0 dependencies
  has 1 peers
Evaluating 'babel-walk' ...
  got 3.0.1
  has 3 dependencies
  has 0 peers
Evaluating '@nestjs/passport' ...
  got nestjs/common
  has 0 dependencies
  has 2 peers
Evaluating 'async-settle' ...
  got 2.0.0
  has 5 dependencies
  has 0 peers
Evaluating 'multipipe' ...
  got 4.0.0
  has 10 dependencies
  has 0 peers
Evaluating 'bach' ...
  got 2.0.1
  has 7 dependencies
  has 0 peers
Evaluating '@jsdevtools/ono' ...
  got jsdevtools/ono
  has 0 dependencies
  has 0 peers
Evaluating '@types/passport' ...
  got types/passport
  has 11 dependencies
  has 0 peers
Evaluating 'ps-tree' ...
  got 1.2.0
  has 8 dependencies
  has 0 peers
Evaluating '@octokit/rest' ...
  got octokit/rest
  has 15 dependencies
  has 0 peers
Evaluating 'lcov-parse' ...
  got 1.0.0
  has 0 dependencies
  has 0 peers
Evaluating 'find-versions' ...
  got 6.0.0
  has 10 dependencies
  has 0 peers
Evaluating 'eslint-plugin-standard' ...
  got >=5.0.0
  has 0 dependencies
  has 1 peers
Evaluating 'array-last' ...
  got 1.3.0
  has 1 dependencies
  has 0 peers
Evaluating 'base-x' ...
  got 5.0.1
  has 0 dependencies
  has 0 peers
Evaluating 'node-dir' ...
  got 0.1.17
  has 4 dependencies
  has 0 peers
Evaluating 'arr-filter' ...
  got 1.1.2
  has 2 dependencies
  has 0 peers
Evaluating 'search-result' ...
  ! package not resolved
Evaluating '@material-ui/styles' ...
  got material-ui/styles
  has 0 dependencies
  has 3 peers
Evaluating 'markdown-to-jsx' ...
  got 9.7.16
  has 0 dependencies
  has 3 peers
Evaluating 'object.reduce' ...
  got 1.0.1
  has 4 dependencies
  has 0 peers
Evaluating 'webpack-hot-middleware' ...
  got 2.26.1
  has 4 dependencies
  has 0 peers
Evaluating 'clean-webpack-plugin' ...
  got 4.0.0
  has 0 dependencies
  has 1 peers
Evaluating 'undertaker' ...
  got 2.0.0
  has 12 dependencies
  has 0 peers
Evaluating 'undertaker-registry' ...
  got 2.0.0
  has 0 dependencies
  has 0 peers
Evaluating 'last-run' ...
  got 2.0.0
  has 0 dependencies
  has 0 peers
Evaluating 'default-resolution' ...
  got 3.0.0
  has 1 dependencies
  has 0 peers
Evaluating 'array-initial' ...
  got 1.1.0
  has 2 dependencies
  has 0 peers
Evaluating 'help-me' ...
  got 5.0.0
  has 0 dependencies
  has 0 peers
Evaluating '@codemirror/state' ...
  got codemirror/state
  has 1 dependencies
  has 0 peers
Evaluating 'collection-map' ...
  got 1.0.0
  has 5 dependencies
  has 0 peers
Evaluating 'style-mod' ...
  got 4.1.3
  has 0 dependencies
  has 0 peers
Evaluating '@codemirror/view' ...
  got codemirror/view
  has 5 dependencies
  has 0 peers
Evaluating 'just-debounce' ...
  got 1.1.0
  has 0 dependencies
  has 0 peers
Evaluating '@firebase/util' ...
  ! package not resolved
Evaluating 'listenercount' ...
  got 1.0.1
  has 0 dependencies
  has 0 peers
Evaluating '@codemirror/language' ...
  got codemirror/language
  has 9 dependencies
  has 0 peers
Evaluating 'pretty-time' ...
  got 1.1.0
  has 0 dependencies
  has 0 peers
Evaluating '@firebase/logger' ...
  got firebase/logger
  has 1 dependencies
  has 0 peers
Evaluating 'unist-builder' ...
  got 4.0.0
  has 1 dependencies
  has 0 peers
Evaluating '@babel/helper-call-delegate' ...
  got babel/helper-call-delegate
  has 4 dependencies
  has 0 peers
Evaluating 'mathjax-full' ...
  got 3.2.2
  has 7 dependencies
  has 0 peers
Evaluating 'global-modules-path' ...
  got 3.0.0
  has 0 dependencies
  has 0 peers
Evaluating 'buffer-indexof-polyfill' ...
  got 1.0.2
  has 0 dependencies
  has 0 peers
Evaluating 'cuint' ...
  got 0.2.2
  has 0 dependencies
  has 0 peers
Evaluating 'unzipper' ...
  got 0.12.3
  has 15 dependencies
  has 0 peers
Evaluating 'mhchemparser' ...
  got 4.2.1
  has 0 dependencies
  has 0 peers
Evaluating 'when' ...
  got 3.7.8
  has 0 dependencies
  has 0 peers
Evaluating 'wicked-good-xpath' ...
  got 1.3.0
  has 0 dependencies
  has 0 peers
Evaluating 'speech-rule-engine' ...
  got 5.0.0-rc.1
  has 3 dependencies
  has 0 peers
Evaluating 'xmldom-sre' ...
  got 0.9.0-beta.7
  has 0 dependencies
  has 0 peers
Evaluating 'websocket' ...
  got 1.0.35
  has 17 dependencies
  has 0 peers
Evaluating 'd3-drag' ...
  got 3.0.0
  has 2 dependencies
  has 0 peers
Evaluating 'jade' ...
  got 1.11.0
  has 46 dependencies
  has 0 peers
Evaluating 'coveralls' ...
  got 3.1.1
  has 54 dependencies
  has 0 peers
Evaluating 'oauth' ...
  got 0.10.2
  has 0 dependencies
  has 0 peers
Evaluating 'mj-context-menu' ...
  got 1.0.0
  has 9 dependencies
  has 0 peers
Evaluating 'csv-parse' ...
  got 6.2.1
  has 0 dependencies
  has 0 peers
Evaluating '@smithy/types' ...
  got smithy/types
  has 1 dependencies
  has 0 peers
Evaluating 'tiny-lru' ...
  got 13.0.0
  has 0 dependencies
  has 0 peers
Evaluating 'yaeti' ...
  got 1.0.3
  has 0 dependencies
  has 0 peers
Evaluating '@types/which' ...
  got types/which
  has 0 dependencies
  has 0 peers
Evaluating 'combine-source-map' ...
  got 0.8.0
  has 4 dependencies
  has 0 peers
Evaluating 'is-ip' ...
  got 5.0.1
  has 7 dependencies
  has 0 peers
Evaluating 'inline-source-map' ...
  got 0.6.3
  has 1 dependencies
  has 0 peers
Evaluating 'rc-align' ...
  got 4.0.15
  has 0 dependencies
  has 2 peers
Evaluating '@smithy/protocol-http' ...
  got smithy/protocol-http
  has 2 dependencies
  has 0 peers
Evaluating '@firebase/database' ...
  ! package not resolved
Evaluating 'urijs' ...
  got 1.19.11
  has 0 dependencies
  has 0 peers
Evaluating '@firebase/database-types' ...
  ! package not resolved
Evaluating '@ctrl/tinycolor' ...
  got ctrl/tinycolor
  has 0 dependencies
  has 0 peers
Evaluating 'get-assigned-identifiers' ...
  got 1.2.0
  has 0 dependencies
  has 0 peers
Evaluating '@firebase/app-types' ...
  got firebase/app-types
  has 2 dependencies
  has 0 peers
Evaluating '@firebase/component' ...
  ! package not resolved
Evaluating 'vlq' ...
  got 2.0.4
  has 0 dependencies
  has 0 peers
Evaluating '@babel/helper-builder-react-jsx' ...
  got babel/helper-builder-react-jsx
  has 4 dependencies
  has 0 peers
Evaluating 'mitt' ...
  got 3.0.1
  has 0 dependencies
  has 0 peers
Evaluating 'koa-compose' ...
  got 4.1.0
  has 0 dependencies
  has 0 peers
Evaluating 'scroll-into-view-if-needed' ...
  got 3.1.0
  has 1 dependencies
  has 0 peers
Evaluating '@reduxjs/toolkit' ...
  got reduxjs/toolkit
  has 6 dependencies
  has 2 peers
Evaluating '@codemirror/commands' ...
  got codemirror/commands
  has 10 dependencies
  has 0 peers
Evaluating '@types/use-sync-external-store' ...
  got types/use-sync-external-store
  has 0 dependencies
  has 0 peers
Evaluating 'character-entities-html4' ...
  got 2.1.0
  has 0 dependencies
  has 0 peers
Evaluating '@codemirror/lint' ...
  got codemirror/lint
  has 6 dependencies
  has 0 peers
Evaluating 'stringify-entities' ...
  got 4.0.4
  has 2 dependencies
  has 0 peers
Evaluating '@azure/abort-controller' ...
  got azure/abort-controller
  has 1 dependencies
  has 0 peers
Evaluating 'cookie-session' ...
  got 2.1.1
  has 8 dependencies
  has 0 peers
Evaluating 'stoppable' ...
  got 1.1.0
  has 0 dependencies
  has 0 peers
Evaluating 'http-assert' ...
  got 1.5.0
  has 7 dependencies
  has 0 peers
Evaluating 'umd' ...
  got 3.0.3
  has 0 dependencies
  has 0 peers
Evaluating 'react-meta-tags' ...
  got ^16.6.0
  has 0 dependencies
  has 2 peers
Evaluating 'browserify' ...
  got 17.0.1
  has 177 dependencies
  has 0 peers
Evaluating 'requireindex' ...
  got 1.2.0
  has 0 dependencies
  has 0 peers
Evaluating 'deps-sort' ...
  got 2.0.1
  has 17 dependencies
  has 0 peers
Evaluating '@azure/core-auth' ...
  got azure/core-auth
  has 9 dependencies
  has 0 peers
Evaluating 'browser-pack' ...
  got 6.1.0
  has 22 dependencies
  has 0 peers
Evaluating 'plist' ...
  got 4.0.0
  has 2 dependencies
  has 0 peers
Evaluating 'only' ...
  got 0.0.2
  has 0 dependencies
  has 0 peers
Evaluating 'htmlescape' ...
  got 1.1.1
  has 0 dependencies
  has 0 peers
Evaluating 'insert-module-globals' ...
  got 7.2.1
  has 31 dependencies
  has 0 peers
Evaluating 'pg-cloudflare' ...
  got 1.3.0
  has 0 dependencies
  has 0 peers
Evaluating '@playwright/test' ...
  got playwright/test
  has 2 dependencies
  has 0 peers
Evaluating 'test-npmlink' ...
  got 0.0.1
  has 0 dependencies
  has 0 peers
Evaluating 'stylelint-scss' ...
  got ^16.8.2 || ^17.0.0
  has 12 dependencies
  has 1 peers
Evaluating 'gulp-cli' ...
  got 3.1.0
  has 80 dependencies
  has 0 peers
Evaluating '@apidevtools/json-schema-ref-parser' ...
  got apidevtools/json-schema-ref-parser
  has 0 dependencies
  has 1 peers
Evaluating '@lezer/highlight' ...
  got lezer/highlight
  has 1 dependencies
  has 0 peers
Evaluating 'first-chunk-stream' ...
  got 6.0.0
  has 1 dependencies
  has 0 peers
Evaluating '@firebase/auth-interop-types' ...
  got firebase/auth-interop-types
  has 0 dependencies
  has 0 peers
Evaluating 'koa' ...
  got 3.2.0
  has 34 dependencies
  has 0 peers
Evaluating 'd3-zoom' ...
  got 3.0.0
  has 8 dependencies
  has 0 peers
Evaluating '@codemirror/autocomplete' ...
  got codemirror/autocomplete
  has 10 dependencies
  has 0 peers
Evaluating 'nestedtest' ...
  got 1.0.0
  has 0 dependencies
  has 0 peers
Evaluating 'array-from' ...
  got 2.1.1
  has 0 dependencies
  has 0 peers
Evaluating 'pkg-conf' ...
  got 5.0.0
  has 2 dependencies
  has 0 peers
Evaluating '@mui/icons-material' ...
  got mui/icons-material
  has 0 dependencies
  has 3 peers
Evaluating 'tiny-inflate' ...
  got 1.0.3
  has 0 dependencies
  has 0 peers
Evaluating 'vscode-json-languageserver' ...
  got 1.3.4
  has 19 dependencies
  has 0 peers
Evaluating 'valid-url' ...
  got 1.0.9
  has 0 dependencies
  has 0 peers
Evaluating 'module-deps' ...
  got 6.2.3
  has 36 dependencies
  has 0 peers
Evaluating 'koa-convert' ...
  got 2.0.0
  has 2 dependencies
  has 0 peers
Evaluating 'vega-lib' ...
  got 4.4.0
  has 74 dependencies
  has 0 peers
Evaluating 'isemail' ...
  got 3.2.0
  has 1 dependencies
  has 0 peers
Evaluating 'vscode-uri' ...
  got 3.1.0
  has 0 dependencies
  has 0 peers
Evaluating 'log' ...
  got 6.3.2
  has 12 dependencies
  has 0 peers
Evaluating 'stream-splicer' ...
  got 2.0.1
  has 8 dependencies
  has 0 peers
Evaluating 'boolean' ...
  got 3.2.0
  has 0 dependencies
  has 0 peers
Evaluating 'simple-app' ...
  got 6.0.6
  has 561 dependencies
  has 0 peers
Evaluating 'errorhandler' ...
  got 1.5.2
  has 5 dependencies
  has 0 peers
Evaluating 'opencollective-postinstall' ...
  got 2.0.3
  has 0 dependencies
  has 0 peers
Evaluating 'default-browser-id' ...
  got 5.0.1
  has 0 dependencies
  has 0 peers
Evaluating 'dataloader' ...
  got 2.2.3
  has 0 dependencies
  has 0 peers
Evaluating 'knex' ...
  got 3.2.9
  has 22 dependencies
  has 1 peers
Evaluating 'lowlight' ...
  got 3.3.0
  has 5 dependencies
  has 0 peers
Evaluating 'labeled-stream-splicer' ...
  got 2.0.2
  has 9 dependencies
  has 0 peers
Evaluating 'hast-util-from-parse5' ...
  got 8.0.3
  has 14 dependencies
  has 0 peers
Evaluating 'clipboard' ...
  got 2.0.11
  has 4 dependencies
  has 0 peers
Evaluating 'intl-messageformat' ...
  got 11.2.2
  has 3 dependencies
  has 0 peers
Evaluating '@vue/reactivity-transform' ...
  got vue/reactivity-transform
  has 10 dependencies
  has 0 peers
Evaluating 'read-only-stream' ...
  got 2.0.0
  has 8 dependencies
  has 0 peers
Evaluating 'github-slugger' ...
  got 2.0.0
  has 0 dependencies
  has 0 peers
Evaluating '@codemirror/search' ...
  got codemirror/search
  has 6 dependencies
  has 0 peers
Evaluating 'webpack-virtual-modules' ...
  got 0.6.2
  has 0 dependencies
  has 0 peers
Evaluating 'git' ...
  got 0.1.5
  has 1 dependencies
  has 0 peers
Evaluating '@types/supports-color' ...
  got types/supports-color
  has 1 dependencies
  has 0 peers
Evaluating 'md5-file' ...
  got 5.0.0
  has 0 dependencies
  has 0 peers
Evaluating 'utf8' ...
  got 3.0.0
  has 0 dependencies
  has 0 peers
Evaluating 'coffee-script' ...
  got 1.12.7
  has 0 dependencies
  has 0 peers
Evaluating 'p-pipe' ...
  got 4.0.0
  has 0 dependencies
  has 0 peers
Evaluating 'conventional-commits-filter' ...
  got 5.0.0
  has 0 dependencies
  has 0 peers
Evaluating 'modify-values' ...
  got 2.1.1
  has 0 dependencies
  has 0 peers
Evaluating 'eslint-plugin-n' ...
  got >=8.23.0
  has 16 dependencies
  has 1 peers
Evaluating 'discontinuous-range' ...
  got 1.0.3
  has 0 dependencies
  has 0 peers
Evaluating 'conventional-changelog-writer' ...
  got 8.4.0
  has 10 dependencies
  has 0 peers
Evaluating 'react-window' ...
  got ^18.0.0 || ^19.0.0
  has 0 dependencies
  has 2 peers
Evaluating 'comment-parser' ...
  got 1.4.6
  has 0 dependencies
  has 0 peers
Evaluating 'fastify' ...
  got 5.8.5
  has 46 dependencies
  has 0 peers
Evaluating 'ylru' ...
  got 2.0.0
  has 0 dependencies
  has 0 peers
Evaluating 'avvio' ...
  got 9.2.0
  has 3 dependencies
  has 0 peers
Evaluating 'rc-trigger' ...
  got 5.3.4
  has 0 dependencies
  has 2 peers
Evaluating 'select' ...
  got 1.1.2
  has 0 dependencies
  has 0 peers
Evaluating 'delegate' ...
  got 3.2.0
  has 0 dependencies
  has 0 peers
Evaluating 'light-my-request' ...
  got 6.6.0
  has 3 dependencies
  has 0 peers
Evaluating 'merge-deep' ...
  got 3.0.3
  has 15 dependencies
  has 0 peers
Evaluating '@hapi/boom' ...
  got hapi/boom
  has 1 dependencies
  has 0 peers
Evaluating 'object.groupby' ...
  got 1.0.3
  has 89 dependencies
  has 0 peers
Evaluating 'array.prototype.findlastindex' ...
  got 1.2.6
  has 90 dependencies
  has 0 peers
Evaluating 'good-listener' ...
  got 1.2.2
  has 1 dependencies
  has 0 peers
Evaluating 'nearley' ...
  got 2.20.1
  has 6 dependencies
  has 0 peers
Evaluating 'railroad-diagrams' ...
  got 1.0.0
  has 0 dependencies
  has 0 peers
Evaluating 'cached-path-relative' ...
  got 1.1.0
  has 0 dependencies
  has 0 peers
Evaluating 'cache-content-type' ...
  got 2.1.0
  has 3 dependencies
  has 0 peers
Evaluating 'json-parser' ...
  got 3.1.2
  has 5 dependencies
  has 0 peers
Evaluating '@vue/reactivity' ...
  got vue/reactivity
  has 1 dependencies
  has 0 peers
Evaluating 'graphql-ws' ...
  got ^15.10.1 || ^16
  has 0 dependencies
  has 4 peers
Evaluating 'use-callback-ref' ...
  got ^16.8.0 || ^17.0.0 || ^18.0.0 || ^19.0.0 || ^19.0.0-rc
  has 1 dependencies
  has 2 peers
Evaluating 'rtlcss' ...
  got 4.3.0
  has 6 dependencies
  has 0 peers
Evaluating 'use-sidecar' ...
  got ^16.8.0 || ^17.0.0 || ^18.0.0 || ^19.0.0 || ^19.0.0-rc
  has 2 dependencies
  has 2 peers
Evaluating 'kew' ...
  got 0.7.0
  has 0 dependencies
  has 0 peers
Evaluating 'hast-util-whitespace' ...
  got 3.0.0
  has 2 dependencies
  has 0 peers
Evaluating '@material-ui/icons' ...
  got material-ui/core
  has 0 dependencies
  has 4 peers
Evaluating 'noop-logger' ...
  got 0.1.1
  has 0 dependencies
  has 0 peers
Evaluating 'ljharb-monorepo-symlink-test' ...
  got 1.0.2
  has 0 dependencies
  has 0 peers
Evaluating 'js-polyfills' ...
  got 0.1.43
  has 0 dependencies
  has 0 peers
Evaluating 'karma-jasmine' ...
  got ^6.0.0
  has 1 dependencies
  has 1 peers
Evaluating 'stylus' ...
  got 0.64.0
  has 46 dependencies
  has 0 peers
Evaluating 'static-module' ...
  got 3.0.4
  has 56 dependencies
  has 0 peers
Evaluating 'set-function-name' ...
  got 2.0.2
  has 6 dependencies
  has 0 peers
Evaluating 'html-void-elements' ...
  got 3.0.0
  has 0 dependencies
  has 0 peers
Evaluating 'quote-stream' ...
  got 1.0.2
  has 12 dependencies
  has 0 peers
Evaluating 'react-hook-form' ...
  got ^16.8.0 || ^17 || ^18 || ^19
  has 0 dependencies
  has 1 peers
Evaluating '@next/swc-android-arm64' ...
  ! package not resolved
Evaluating 'webpackbar' ...
  got 7.0.0
  has 4 dependencies
  has 2 peers
Evaluating '@next/swc-linux-arm-gnueabihf' ...
  ! package not resolved
Evaluating 'promise-polyfill' ...
  got 8.3.0
  has 0 dependencies
  has 0 peers
Evaluating 'ssh2' ...
  got 1.17.0
  has 5 dependencies
  has 0 peers
Evaluating '@azure/logger' ...
  got azure/logger
  has 7 dependencies
  has 0 peers
Evaluating 'matcher' ...
  got 6.0.0
  has 1 dependencies
  has 0 peers
Evaluating '@azure/core-tracing' ...
  got azure/core-tracing
  has 1 dependencies
  has 0 peers
Evaluating 'rc-slider' ...
  got 11.1.9
  has 0 dependencies
  has 2 peers
Evaluating 'dash-ast' ...
  got 2.0.1
  has 0 dependencies
  has 0 peers
Evaluating 'serve-handler' ...
  got 6.1.7
  has 11 dependencies
  has 0 peers
Evaluating '@types/through' ...
  got types/through
  has 2 dependencies
  has 0 peers
Evaluating 'istanbul' ...
  got 0.4.5
  has 42 dependencies
  has 0 peers
Evaluating 'glur' ...
  got 1.1.2
  has 0 dependencies
  has 0 peers
Evaluating 'rc-tooltip' ...
  got 6.4.0
  has 0 dependencies
  has 2 peers
Evaluating '@babel/preset-flow' ...
  got babel/core
  has 4 dependencies
  has 1 peers
Evaluating 'ts-invariant' ...
  got 0.10.3
  has 1 dependencies
  has 0 peers
Evaluating '@nestjs/microservices' ...
  got nestjs/common
  has 0 dependencies
  has 13 peers
Evaluating 'jest-image-snapshot' ...
  got 6.5.2
  has 13 dependencies
  has 1 peers
Evaluating '@jupyterlab/faq-extension' ...
  got jupyterlab/faq-extension
  has 115 dependencies
  has 0 peers
Evaluating 'uncontrollable' ...
  got >=16.14.0
  has 0 dependencies
  has 1 peers
Evaluating 'ssim.js' ...
  got 3.5.0
  has 0 dependencies
  has 0 peers
Evaluating 'microsoft-authentication' ...
  ! package not resolved
Evaluating 'aria-hidden' ...
  got 1.2.6
  has 1 dependencies
  has 0 peers
Evaluating '@wry/equality' ...
  got wry/equality
  has 1 dependencies
  has 0 peers
Evaluating 'titleize' ...
  got 4.0.0
  has 0 dependencies
  has 0 peers
Evaluating '@rollup/plugin-commonjs' ...
  got rollup/plugin-commonjs
  has 9 dependencies
  has 1 peers
Evaluating 'vuex' ...
  got ^3.2.0
  has 1 dependencies
  has 1 peers
Evaluating 'topo' ...
  got 3.0.3
  has 1 dependencies
  has 0 peers
Evaluating 'rc-progress' ...
  got 4.0.0
  has 0 dependencies
  has 2 peers
Evaluating '@fortawesome/fontawesome-common-types' ...
  got fortawesome/fontawesome-common-types
  has 0 dependencies
  has 0 peers
Evaluating 'xterm-addon-search' ...
  got ^5.0.0
  has 0 dependencies
  has 1 peers
Evaluating 'leb' ...
  got 1.0.0
  has 0 dependencies
  has 0 peers
Evaluating 'binaryextensions' ...
  got 6.11.0
  has 2 dependencies
  has 0 peers
Evaluating 'unfetch' ...
  got 5.0.0
  has 0 dependencies
  has 0 peers
Evaluating 'safe-regex2' ...
  got 5.1.1
  has 1 dependencies
  has 0 peers
Evaluating 'textextensions' ...
  got 6.11.0
  has 2 dependencies
  has 0 peers
Evaluating 'string-hash' ...
  got 1.1.3
  has 0 dependencies
  has 0 peers
Evaluating '@stylelint/postcss-css-in-js' ...
  got stylelint/postcss-css-in-js
  has 0 dependencies
  has 2 peers
Evaluating 'x-is-string' ...
  got 0.1.0
  has 0 dependencies
  has 0 peers
Evaluating 'refractor' ...
  got 5.0.0
  has 18 dependencies
  has 0 peers
Evaluating 'simple-browser' ...
  got 1.0.7
  has 71 dependencies
  has 0 peers
Evaluating 'html' ...
  got 1.0.0
  has 11 dependencies
  has 0 peers
Evaluating '@types/tar' ...
  got types/tar
  has 6 dependencies
  has 0 peers
Evaluating '@fortawesome/fontawesome-svg-core' ...
  got fortawesome/fontawesome-svg-core
  has 1 dependencies
  has 0 peers
Evaluating 'simple-app-subdir' ...
  ! package not resolved
Evaluating 'python' ...
  got 0.0.4
  has 0 dependencies
  has 0 peers
Evaluating 'node-pty' ...
  ! package not resolved
Evaluating 'is-subset' ...
  got 0.1.1
  has 0 dependencies
  has 0 peers
Evaluating '@firebase/database-compat' ...
  ! package not resolved
Evaluating '@types/cookies' ...
  got types/cookies
  has 12 dependencies
  has 0 peers
Evaluating 'css-box-model' ...
  got 1.2.1
  has 1 dependencies
  has 0 peers
Evaluating 'fileset' ...
  got 2.0.3
  has 11 dependencies
  has 0 peers
Evaluating 'check-more-types' ...
  got 2.24.0
  has 0 dependencies
  has 0 peers
Evaluating 'thread-loader' ...
  got 4.0.4
  has 0 dependencies
  has 1 peers
Evaluating 'oidc-token-hash' ...
  got 5.2.0
  has 0 dependencies
  has 0 peers
Evaluating 'lazy-ass' ...
  got 2.0.3
  has 0 dependencies
  has 0 peers
Evaluating 'js-debug' ...
  got 0.1.1
  has 2 dependencies
  has 0 peers
Evaluating 'brfs' ...
  got 2.0.2
  has 67 dependencies
  has 0 peers
Evaluating 'node-cache' ...
  got 5.1.2
  has 1 dependencies
  has 0 peers
Evaluating 'rc-motion' ...
  got 2.9.5
  has 0 dependencies
  has 2 peers
Evaluating 'libbase64' ...
  got 1.3.0
  has 0 dependencies
  has 0 peers
Evaluating 'libqp' ...
  got 2.1.1
  has 0 dependencies
  has 0 peers
Evaluating 'openid-client' ...
  got 6.8.4
  has 2 dependencies
  has 0 peers
Evaluating 'libmime' ...
  got 5.3.8
  has 5 dependencies
  has 0 peers
Evaluating 'plugin-error' ...
  got 2.0.1
  has 2 dependencies
  has 0 peers
Evaluating 'elegant-spinner' ...
  got 3.0.0
  has 0 dependencies
  has 0 peers
Evaluating 'strip-bom-string' ...
  got 1.0.0
  has 0 dependencies
  has 0 peers
Evaluating 'rc-menu' ...
  got 9.16.1
  has 0 dependencies
  has 2 peers
Evaluating 'babel-plugin-transform-class-properties' ...
  got 6.24.1
  has 28 dependencies
  has 0 peers
Evaluating 'rc-dropdown' ...
  got 4.2.1
  has 0 dependencies
  has 2 peers
Evaluating 'babel-plugin-syntax-class-properties' ...
  got 6.13.0
  has 0 dependencies
  has 0 peers
Evaluating 'treeify' ...
  got 1.1.0
  has 0 dependencies
  has 0 peers
Evaluating '@prisma/client' ...
  got prisma/client
  has 1 dependencies
  has 2 peers
Evaluating 'remove-accents' ...
  got 0.5.0
  has 0 dependencies
  has 0 peers
Evaluating 'node-cron' ...
  got 4.2.1
  has 0 dependencies
  has 0 peers
Evaluating 'bmp-js' ...
  got 0.1.0
  has 0 dependencies
  has 0 peers
Evaluating 'rc-tabs' ...
  got 15.7.0
  has 0 dependencies
  has 2 peers
Evaluating 'ipynb' ...
  got 1.0.0
  has 39 dependencies
  has 0 peers
Evaluating 'xlsx' ...
  got 0.18.5
  has 8 dependencies
  has 0 peers
Evaluating '@types/http-assert' ...
  got types/http-assert
  has 0 dependencies
  has 0 peers
Evaluating 'react-test-renderer' ...
  got ^19.2.5
  has 2 dependencies
  has 1 peers
Evaluating '@stylelint/postcss-markdown' ...
  got stylelint/postcss-markdown
  has 0 dependencies
  has 2 peers
Evaluating '@types/koa' ...
  got types/koa
  has 17 dependencies
  has 0 peers
Evaluating '@types/koa-compose' ...
  got types/koa-compose
  has 17 dependencies
  has 0 peers
Evaluating 'express-async-errors' ...
  got ^4.16.2
  has 0 dependencies
  has 1 peers
Evaluating 'vinyl-sourcemaps-apply' ...
  got 0.2.1
  has 1 dependencies
  has 0 peers
Evaluating 'nats' ...
  got 2.29.3
  has 2 dependencies
  has 0 peers
Evaluating 'unicode-trie' ...
  got 2.0.0
  has 2 dependencies
  has 0 peers
Evaluating 'bitsyntax' ...
  got 0.1.0
  has 4 dependencies
  has 0 peers
Evaluating 'rc-resize-observer' ...
  got 1.4.3
  has 0 dependencies
  has 2 peers
Evaluating 'ctype' ...
  got 0.5.5
  has 0 dependencies
  has 0 peers
Evaluating '@cypress/xvfb' ...
  got cypress/xvfb
  has 3 dependencies
  has 0 peers
Evaluating 'subscriptions-transport-ws' ...
  got ^15.7.2 || ^16.0.0
  has 5 dependencies
  has 1 peers
Evaluating '@octokit/plugin-request-log' ...
  got octokit/core
  has 0 dependencies
  has 1 peers
Evaluating 'rc-pagination' ...
  got 5.1.0
  has 0 dependencies
  has 2 peers
Evaluating 'local-pkg' ...
  got 1.1.2
  has 10 dependencies
  has 0 peers
Evaluating 'adler-32' ...
  got 1.3.1
  has 0 dependencies
  has 0 peers
Evaluating 'plur' ...
  got 6.0.0
  has 1 dependencies
  has 0 peers
Evaluating 'hast-util-to-parse5' ...
  got 8.0.1
  has 9 dependencies
  has 0 peers
Evaluating 'hast-util-raw' ...
  got 9.1.0
  has 33 dependencies
  has 0 peers
Evaluating 'cypress' ...
  ! package not resolved
Evaluating 'remark-rehype' ...
  got 11.1.2
  has 25 dependencies
  has 0 peers
Evaluating 'fast-json-parse' ...
  got 1.0.3
  has 0 dependencies
  has 0 peers
Evaluating 'xpath' ...
  got 0.0.34
  has 0 dependencies
  has 0 peers
Evaluating 'pnpm' ...
  got 10.33.2
  has 0 dependencies
  has 0 peers
Evaluating '@lezer/json' ...
  got lezer/json
  has 3 dependencies
  has 0 peers
Evaluating '@codemirror/lang-json' ...
  got codemirror/lang-json
  has 11 dependencies
  has 0 peers
Evaluating '@ant-design/colors' ...
  got ant-design/colors
  has 1 dependencies
  has 0 peers
Evaluating 'stylelint-config-standard' ...
  got ^17.0.0
  has 1 dependencies
  has 1 peers
Evaluating '@types/warning' ...
  got types/warning
  has 0 dependencies
  has 0 peers
Evaluating 'cfb' ...
  got 1.2.2
  has 2 dependencies
  has 0 peers
Evaluating 'brotli' ...
  got 1.3.3
  has 1 dependencies
  has 0 peers
Evaluating '@sentry/hub' ...
  got sentry/hub
  has 3 dependencies
  has 0 peers
Evaluating 'pino-pretty' ...
  got 13.1.3
  has 18 dependencies
  has 0 peers
Evaluating 'fuse.js' ...
  got 7.3.0
  has 0 dependencies
  has 0 peers
Evaluating 'is-observable' ...
  got 3.0.0
  has 0 dependencies
  has 0 peers
Evaluating 'js-string-escape' ...
  got 1.0.1
  has 0 dependencies
  has 0 peers
Evaluating 'array.prototype.find' ...
  got 2.2.3
  has 90 dependencies
  has 0 peers
Evaluating '@vue/runtime-core' ...
  got vue/runtime-core
  has 2 dependencies
  has 0 peers
Evaluating 'prop-types-extra' ...
  got 1.1.1
  has 0 dependencies
  has 1 peers
Evaluating '@vue/runtime-dom' ...
  got vue/runtime-dom
  has 4 dependencies
  has 0 peers
Evaluating 'omggif' ...
  got 1.0.10
  has 0 dependencies
  has 0 peers
Evaluating 'falafel' ...
  got 2.2.5
  has 2 dependencies
  has 0 peers
Evaluating 'codepage' ...
  got 1.15.0
  has 0 dependencies
  has 0 peers
Evaluating 'is-my-ip-valid' ...
  got 1.0.1
  has 0 dependencies
  has 0 peers
Evaluating 'frac' ...
  got 1.1.2
  has 0 dependencies
  has 0 peers
Evaluating 'rc-input-number' ...
  got 9.5.0
  has 0 dependencies
  has 2 peers
Evaluating 'ssf' ...
  got 0.11.2
  has 1 dependencies
  has 0 peers
Evaluating '@fortawesome/free-solid-svg-icons' ...
  got fortawesome/free-solid-svg-icons
  has 1 dependencies
  has 0 peers
Evaluating 'useragent' ...
  got 2.3.0
  has 5 dependencies
  has 0 peers
Evaluating 'graphlib' ...
  got 2.1.8
  has 1 dependencies
  has 0 peers
Evaluating '@apollo/protobufjs' ...
  got apollo/protobufjs
  has 12 dependencies
  has 0 peers
Evaluating 'bs58' ...
  got 6.0.0
  has 1 dependencies
  has 0 peers
Evaluating 'detect-port' ...
  got 2.1.0
  has 1 dependencies
  has 0 peers
Evaluating 'vscode-debugprotocol' ...
  got 1.51.0
  has 0 dependencies
  has 0 peers
Evaluating 'safe-json-stringify' ...
  got 1.2.0
  has 0 dependencies
  has 0 peers
Evaluating 'string-similarity' ...
  got 4.0.4
  has 0 dependencies
  has 0 peers
Evaluating '@vue/server-renderer' ...
  got vue/server-renderer
  has 0 dependencies
  has 1 peers
Evaluating 'array-tree-filter' ...
  got 3.0.3
  has 0 dependencies
  has 0 peers
Evaluating 'detect-node-es' ...
  got 1.1.0
  has 0 dependencies
  has 0 peers
Evaluating 'lru-memoizer' ...
  got 3.0.0
  has 2 dependencies
  has 0 peers
Evaluating '@types/content-disposition' ...
  got types/content-disposition
  has 0 dependencies
  has 0 peers
Evaluating 'umzug' ...
  got 3.8.2
  has 54 dependencies
  has 0 peers
Evaluating 'btoa' ...
  got 1.2.1
  has 0 dependencies
  has 0 peers
Evaluating 'react-bootstrap' ...
  got >=16.14.0
  has 0 dependencies
  has 3 peers
Evaluating '@types/nodemailer' ...
  got types/nodemailer
  has 2 dependencies
  has 0 peers
Evaluating 'jwks-rsa' ...
  got 4.0.1
  has 11 dependencies
  has 0 peers
Evaluating 'rc-notification' ...
  got 5.6.4
  has 0 dependencies
  has 2 peers
Evaluating 'prisma' ...
  ! package not resolved
Evaluating 'node.extend' ...
  got 2.0.3
  has 3 dependencies
  has 0 peers
Evaluating 'long-timeout' ...
  got 0.1.1
  has 0 dependencies
  has 0 peers
Evaluating 'cli-progress' ...
  got 3.12.0
  has 5 dependencies
  has 0 peers
Evaluating 'ospath' ...
  got 1.2.2
  has 0 dependencies
  has 0 peers
Evaluating '@prisma/engines' ...
  ! package not resolved
Evaluating 'uvu' ...
  got 0.5.6
  has 5 dependencies
  has 0 peers
Evaluating 'listr' ...
  got 0.14.3
  has 50 dependencies
  has 0 peers
Evaluating 'markdown' ...
  got 0.5.0
  has 2 dependencies
  has 0 peers
Evaluating 'listr-silent-renderer' ...
  got 1.1.1
  has 0 dependencies
  has 0 peers
Evaluating 'listr-update-renderer' ...
  got ^0.14.2
  has 30 dependencies
  has 1 peers
Evaluating 'listr-verbose-renderer' ...
  got 0.6.0
  has 15 dependencies
  has 0 peers
Evaluating 'github-url-from-git' ...
  got 1.5.0
  has 0 dependencies
  has 0 peers
Evaluating 'rc-cascader' ...
  got 3.34.0
  has 0 dependencies
  has 2 peers
Evaluating 'react-style-singleton' ...
  got ^16.8.0 || ^17.0.0 || ^18.0.0 || ^19.0.0 || ^19.0.0-rc
  has 2 dependencies
  has 2 peers
Evaluating 'get-nonce' ...
  got 1.0.1
  has 0 dependencies
  has 0 peers
Evaluating 'react-remove-scroll-bar' ...
  got ^16.8.0 || ^17.0.0 || ^18.0.0 || ^19.0.0
  has 3 dependencies
  has 2 peers
Evaluating 'concat-with-sourcemaps' ...
  got 1.1.0
  has 1 dependencies
  has 0 peers
Evaluating 'cac' ...
  got 7.0.0
  has 0 dependencies
  has 0 peers
Evaluating 'react-remove-scroll' ...
  got ^16.8.0 || ^17.0.0 || ^18.0.0 || ^19.0.0 || ^19.0.0-rc
  has 7 dependencies
  has 2 peers
Evaluating 'xxhashjs' ...
  got 0.2.2
  has 1 dependencies
  has 0 peers
Evaluating 'rc-table' ...
  got 7.55.1
  has 0 dependencies
  has 2 peers
Evaluating 'backend' ...
  got 0.0.0
  has 0 dependencies
  has 0 peers
Evaluating 'rc-select' ...
  got 14.16.8
  has 0 dependencies
  has 2 peers
Evaluating 'pg-hstore' ...
  got 2.3.4
  has 1 dependencies
  has 0 peers
Evaluating 'rc-tree' ...
  got 5.13.1
  has 0 dependencies
  has 2 peers
Evaluating 'json' ...
  got 11.0.0
  has 0 dependencies
  has 0 peers
Evaluating 'any-base' ...
  got 1.1.0
  has 0 dependencies
  has 0 peers
Evaluating '@ant-design/icons' ...
  got ant-design/icons
  has 0 dependencies
  has 2 peers
Evaluating '@next/swc-android-arm-eabi' ...
  ! package not resolved
Evaluating 'rc-checkbox' ...
  got 3.5.0
  has 0 dependencies
  has 2 peers
Evaluating '@azure/core-paging' ...
  got azure/core-paging
  has 1 dependencies
  has 0 peers
Evaluating 'ip-address' ...
  got 10.1.1
  has 0 dependencies
  has 0 peers
Evaluating 'url-template' ...
  got 3.1.1
  has 0 dependencies
  has 0 peers
Evaluating 'rc-dialog' ...
  got 10.0.0
  has 0 dependencies
  has 2 peers
Evaluating 'rc-collapse' ...
  got 4.0.0
  has 0 dependencies
  has 2 peers
Evaluating 'rc-switch' ...
  got 4.1.0
  has 0 dependencies
  has 2 peers
Evaluating 'rc-upload' ...
  got 4.11.0
  has 0 dependencies
  has 2 peers
Evaluating '@azure/core-util' ...
  got azure/core-util
  has 8 dependencies
  has 0 peers
Evaluating 'cache-loader' ...
  got 4.1.0
  has 0 dependencies
  has 1 peers
Evaluating 'phantomjs-prebuilt' ...
  got 2.1.16
  has 81 dependencies
  has 0 peers
Evaluating '@yarnpkg/parsers' ...
  got yarnpkg/parsers
  has 5 dependencies
  has 0 peers
Evaluating 'antd' ...
  got 6.3.7
  has 0 dependencies
  has 2 peers
Evaluating 'rc-drawer' ...
  got 7.3.0
  has 0 dependencies
  has 2 peers
Evaluating 'rc-rate' ...
  got 2.13.1
  has 0 dependencies
  has 2 peers
Evaluating 'rc-tree-select' ...
  got 5.27.0
  has 0 dependencies
  has 2 peers
Evaluating 'rc-steps' ...
  got 6.0.1
  has 0 dependencies
  has 2 peers
Evaluating 'chmodr' ...
  got 2.0.2
  has 0 dependencies
  has 0 peers
Evaluating 'z-schema' ...
  got 12.2.0
  has 5 dependencies
  has 0 peers
Evaluating '@types/npmlog' ...
  got types/npmlog
  has 2 dependencies
  has 0 peers
Evaluating 'cli' ...
  got 1.0.1
  has 12 dependencies
  has 0 peers
Evaluating '@azure/core-lro' ...
  got azure/core-lro
  has 10 dependencies
  has 0 peers
Evaluating '@restart/hooks' ...
  got restart/hooks
  has 0 dependencies
  has 1 peers
Evaluating '@cypress/request' ...
  got cypress/request
  has 58 dependencies
  has 0 peers
Evaluating 'xmlhttprequest' ...
  got 1.8.0
  has 0 dependencies
  has 0 peers
Evaluating 'title-case' ...
  got 4.3.2
  has 0 dependencies
  has 0 peers
Evaluating 'platform' ...
  got 1.3.6
  has 0 dependencies
  has 0 peers
Evaluating 'any-observable' ...
  got 0.6.0
  has 0 dependencies
  has 0 peers
Evaluating '@prisma/engines-version' ...
  got prisma/engines-version
  has 0 dependencies
  has 0 peers
Evaluating 'formik' ...
  got 2.4.9
  has 0 dependencies
  has 1 peers
Evaluating 'aes-js' ...
  got 3.1.2
  has 0 dependencies
  has 0 peers
Evaluating '@google-cloud/common' ...
  got google-cloud/common
  has 41 dependencies
  has 0 peers
Evaluating 'xml-parse-from-string' ...
  got 1.0.1
  has 0 dependencies
  has 0 peers
Evaluating 'parse-bmfont-ascii' ...
  got 1.0.6
  has 0 dependencies
  has 0 peers
Evaluating 'parse-bmfont-xml' ...
  got 1.1.6
  has 4 dependencies
  has 0 peers
Evaluating 'parse-bmfont-binary' ...
  got 1.0.6
  has 0 dependencies
  has 0 peers
Evaluating 'load-bmfont' ...
  got 1.4.2
  has 20 dependencies
  has 0 peers
Evaluating '@nestjs/axios' ...
  got nestjs/axios
  has 0 dependencies
  has 3 peers
Evaluating 'go' ...
  got 3.0.1
  has 224 dependencies
  has 0 peers
Evaluating 'exif-parser' ...
  got 0.1.12
  has 0 dependencies
  has 0 peers
Evaluating 'hooker' ...
  got 0.2.3
  has 0 dependencies
  has 0 peers
Evaluating '@aws-sdk/xml-builder' ...
  got aws-sdk/xml-builder
  has 7 dependencies
  has 0 peers
Evaluating 'micromark-util-character' ...
  got 2.1.1
  has 2 dependencies
  has 0 peers
Evaluating 'zone.js' ...
  got 0.16.1
  has 0 dependencies
  has 0 peers
Evaluating '@types/sinon' ...
  got types/sinon
  has 1 dependencies
  has 0 peers
Evaluating 'micromark-util-sanitize-uri' ...
  got 2.0.1
  has 4 dependencies
  has 0 peers
Evaluating 'micromark-util-encode' ...
  got 2.0.1
  has 0 dependencies
  has 0 peers
Evaluating 'openapi-types' ...
  got 12.1.3
  has 0 dependencies
  has 0 peers
Evaluating 'docker' ...
  got 1.0.0
  has 142 dependencies
  has 0 peers
Evaluating 'phin' ...
  got 3.7.1
  has 2 dependencies
  has 0 peers
Evaluating 'grunt-legacy-log' ...
  got 3.0.1
  has 10 dependencies
  has 0 peers
Evaluating 'getobject' ...
  got 1.1.1
  has 0 dependencies
  has 0 peers
Evaluating '@aws-sdk/middleware-expect-continue' ...
  got aws-sdk/middleware-expect-continue
  has 4 dependencies
  has 0 peers
Evaluating 'stylelint-config-recommended-scss' ...
  got ^17.0.0
  has 15 dependencies
  has 2 peers
Evaluating 'grunt-legacy-log-utils' ...
  got 2.1.3
  has 6 dependencies
  has 0 peers
Evaluating 'micromark-util-html-tag-name' ...
  got 2.0.1
  has 0 dependencies
  has 0 peers
Evaluating 'micromark-factory-destination' ...
  got 2.0.1
  has 3 dependencies
  has 0 peers
Evaluating 'micromark-util-resolve-all' ...
  got 2.0.1
  has 1 dependencies
  has 0 peers
Evaluating 'micromark-util-classify-character' ...
  got 2.0.1
  has 3 dependencies
  has 0 peers
Evaluating 'micromark-util-normalize-identifier' ...
  got 2.0.1
  has 1 dependencies
  has 0 peers
Evaluating 'micromark-factory-whitespace' ...
  got 2.0.1
  has 4 dependencies
  has 0 peers
Evaluating 'micromark-util-subtokenize' ...
  got 2.1.0
  has 5 dependencies
  has 0 peers
Evaluating 'micromark-factory-space' ...
  got 2.0.1
  has 3 dependencies
  has 0 peers
Evaluating 'micromark-factory-label' ...
  got 2.0.1
  has 5 dependencies
  has 0 peers
Evaluating 'micromark-factory-title' ...
  got 2.0.1
  has 4 dependencies
  has 0 peers
Evaluating 'micromark-util-chunked' ...
  got 2.0.1
  has 1 dependencies
  has 0 peers
Evaluating 'micromark-util-decode-numeric-character-reference' ...
  got 2.0.2
  has 1 dependencies
  has 0 peers
Evaluating 'micromark-core-commonmark' ...
  got 2.0.3
  has 18 dependencies
  has 0 peers
Evaluating '@aws-sdk/util-arn-parser' ...
  got aws-sdk/util-arn-parser
  has 1 dependencies
  has 0 peers
Evaluating 'micromark-util-combine-extensions' ...
  got 2.0.1
  has 3 dependencies
  has 0 peers
Evaluating '@aws-sdk/client-s3' ...
  got aws-sdk/client-s3
  has 109 dependencies
  has 0 peers
Evaluating '@aws-sdk/middleware-ssec' ...
  got aws-sdk/middleware-ssec
  has 3 dependencies
  has 0 peers
Evaluating '@aws-sdk/middleware-sdk-s3' ...
  got aws-sdk/middleware-sdk-s3
  has 39 dependencies
  has 0 peers
Evaluating '@sinonjs/formatio' ...
  got sinonjs/formatio
  has 4 dependencies
  has 0 peers
Evaluating '@aws-sdk/middleware-location-constraint' ...
  got aws-sdk/middleware-location-constraint
  has 3 dependencies
  has 0 peers
Evaluating '@aws-sdk/middleware-bucket-endpoint' ...
  got aws-sdk/middleware-bucket-endpoint
  has 9 dependencies
  has 0 peers
Evaluating 'tcp-port-used' ...
  got 1.0.2
  has 6 dependencies
  has 0 peers
Evaluating 'gl-matrix' ...
  got 3.4.4
  has 0 dependencies
  has 0 peers
Evaluating 'xterm-addon-unicode11' ...
  got ^5.0.0
  has 0 dependencies
  has 1 peers
Evaluating 'taffydb' ...
  got 2.7.3
  has 0 dependencies
  has 0 peers
Evaluating 'vega-interpreter' ...
  got 2.2.1
  has 1 dependencies
  has 0 peers
Evaluating '@babel/polyfill' ...
  got babel/polyfill
  has 2 dependencies
  has 0 peers
Evaluating 'has-gulplog' ...
  got 1.0.0
  has 1 dependencies
  has 0 peers
Evaluating 'utf8-byte-length' ...
  got 1.0.5
  has 0 dependencies
  has 0 peers
Evaluating 'tape' ...
  got 5.9.0
  has 122 dependencies
  has 0 peers
Evaluating '@ant-design/icons-svg' ...
  got ant-design/icons-svg
  has 0 dependencies
  has 0 peers
Evaluating 'framer-motion' ...
  got 12.38.0
  has 3 dependencies
  has 3 peers
Evaluating 'jest-extended' ...
  got 7.0.0
  has 0 dependencies
  has 2 peers
Evaluating 'grunt-legacy-util' ...
  got 2.0.2
  has 10 dependencies
  has 0 peers
Evaluating 'sockjs-multiplex' ...
  got 0.1.0
  has 7 dependencies
  has 0 peers
Evaluating 'rc-mentions' ...
  got 2.20.0
  has 0 dependencies
  has 2 peers
Evaluating 'hast-to-hyperscript' ...
  got 11.0.0
  has 0 dependencies
  has 0 peers
Evaluating 'scrypt-js' ...
  got 3.0.1
  has 0 dependencies
  has 0 peers
Evaluating '@ethersproject/bytes' ...
  got ethersproject/bytes
  has 1 dependencies
  has 0 peers
Evaluating '@ethersproject/logger' ...
  got ethersproject/logger
  has 0 dependencies
  has 0 peers
Evaluating 'apollo-server-core' ...
  got 3.13.0
  has 0 dependencies
  has 1 peers
Evaluating 'apollo-server-errors' ...
  got 3.3.1
  has 0 dependencies
  has 1 peers
Evaluating 'license-checker' ...
  got 25.0.1
  has 58 dependencies
  has 0 peers
Evaluating 'vscode-markdown-languageserver' ...
  got 0.5.0-alpha.13
  has 21 dependencies
  has 0 peers
Evaluating '@types/morgan' ...
  got types/morgan
  has 2 dependencies
  has 0 peers
Evaluating 'truncate-utf8-bytes' ...
  got 1.0.2
  has 1 dependencies
  has 0 peers
Evaluating 'sanitize-filename' ...
  got 1.6.4
  has 2 dependencies
  has 0 peers
Evaluating 'decode-named-character-reference' ...
  got 1.3.0
  has 1 dependencies
  has 0 peers
Evaluating 'nock' ...
  got 14.0.13
  has 9 dependencies
  has 0 peers
Evaluating '@types/tmp' ...
  got types/tmp
  has 0 dependencies
  has 0 peers
Evaluating '@ethersproject/bignumber' ...
  got ethersproject/bignumber
  has 3 dependencies
  has 0 peers
Evaluating 'fs-exists-cached' ...
  got 1.0.0
  has 0 dependencies
  has 0 peers
Evaluating 'update-check' ...
  got 1.5.4
  has 8 dependencies
  has 0 peers
Evaluating '@codemirror/legacy-modes' ...
  got codemirror/legacy-modes
  has 10 dependencies
  has 0 peers
Evaluating 'micromark-util-decode-string' ...
  got 2.0.1
  has 6 dependencies
  has 0 peers
Evaluating 'grunt-cli' ...
  got 1.5.0
  has 56 dependencies
  has 0 peers
Evaluating '@ethersproject/keccak256' ...
  got ethersproject/keccak256
  has 3 dependencies
  has 0 peers
Evaluating '@smithy/querystring-parser' ...
  got smithy/querystring-parser
  has 2 dependencies
  has 0 peers
Evaluating 'react-side-effect' ...
  got ^16.3.0 || ^17.0.0 || ^18.0.0
  has 0 dependencies
  has 1 peers
Evaluating '@apollographql/graphql-playground-html' ...
  got apollographql/graphql-playground-html
  has 3 dependencies
  has 0 peers
Evaluating 'npm-conf' ...
  got 1.1.3
  has 4 dependencies
  has 0 peers
Evaluating '@ethersproject/address' ...
  got ethersproject/address
  has 7 dependencies
  has 0 peers
Evaluating 'babel-preset-es2015' ...
  got 6.24.1
  has 65 dependencies
  has 0 peers
Evaluating '@smithy/util-utf8' ...
  got smithy/util-utf8
  has 3 dependencies
  has 0 peers
Evaluating 'tas-client-umd' ...
  got 0.2.0
  has 0 dependencies
  has 0 peers
Evaluating 'native-watchdog' ...
  ! package not resolved
Evaluating '@ethersproject/rlp' ...
  got ethersproject/rlp
  has 2 dependencies
  has 0 peers
Evaluating 'd3-brush' ...
  got 3.0.0
  has 8 dependencies
  has 0 peers
Evaluating '@smithy/util-buffer-from' ...
  got smithy/util-buffer-from
  has 2 dependencies
  has 0 peers
Evaluating 'istextorbinary' ...
  got 9.5.0
  has 4 dependencies
  has 0 peers
Evaluating '@smithy/is-array-buffer' ...
  got smithy/is-array-buffer
  has 1 dependencies
  has 0 peers
Evaluating 'eslint-plugin-unicorn' ...
  got >=9.38.0
  has 27 dependencies
  has 1 peers
Evaluating '@smithy/util-uri-escape' ...
  got smithy/util-uri-escape
  has 1 dependencies
  has 0 peers
Evaluating '@smithy/url-parser' ...
  got smithy/url-parser
  has 3 dependencies
  has 0 peers
Evaluating 'vscode-languageclient' ...
  got 9.0.1
  has 7 dependencies
  has 0 peers
Evaluating '@smithy/util-hex-encoding' ...
  got smithy/util-hex-encoding
  has 1 dependencies
  has 0 peers
Evaluating '@smithy/util-middleware' ...
  got smithy/util-middleware
  has 2 dependencies
  has 0 peers
Evaluating 'archive-type' ...
  got 4.0.0
  has 1 dependencies
  has 0 peers
Evaluating '@smithy/eventstream-codec' ...
  got smithy/eventstream-codec
  has 9 dependencies
  has 0 peers
Evaluating 'babel-plugin-add-module-exports' ...
  got 1.0.4
  has 0 dependencies
  has 0 peers
Evaluating '@smithy/signature-v4' ...
  got smithy/signature-v4
  has 9 dependencies
  has 0 peers
Evaluating 'propagate' ...
  got 2.0.1
  has 0 dependencies
  has 0 peers
Evaluating 'istanbul-api' ...
  got 3.0.0
  has 55 dependencies
  has 0 peers
Evaluating '@next/swc-freebsd-x64' ...
  ! package not resolved
Evaluating '@codemirror/lang-javascript' ...
  got codemirror/lang-javascript
  has 13 dependencies
  has 0 peers
Evaluating '@lezer/javascript' ...
  got lezer/javascript
  has 3 dependencies
  has 0 peers
Evaluating '@ethersproject/constants' ...
  got ethersproject/constants
  has 4 dependencies
  has 0 peers
Evaluating '@smithy/node-http-handler' ...
  got smithy/node-http-handler
  has 5 dependencies
  has 0 peers
Evaluating '@smithy/querystring-builder' ...
  got smithy/querystring-builder
  has 3 dependencies
  has 0 peers
Evaluating '@smithy/middleware-endpoint' ...
  got smithy/middleware-endpoint
  has 23 dependencies
  has 0 peers
Evaluating '@smithy/middleware-serde' ...
  got smithy/middleware-serde
  has 19 dependencies
  has 0 peers
Evaluating '@smithy/smithy-client' ...
  got smithy/smithy-client
  has 25 dependencies
  has 0 peers
Evaluating '@smithy/middleware-stack' ...
  got smithy/middleware-stack
  has 2 dependencies
  has 0 peers
Evaluating '@ethersproject/properties' ...
  got ethersproject/properties
  has 1 dependencies
  has 0 peers
Evaluating 'tap-parser' ...
  got 18.3.3
  has 4 dependencies
  has 0 peers
Evaluating '@smithy/util-base64' ...
  got smithy/util-base64
  has 4 dependencies
  has 0 peers
Evaluating '@smithy/util-stream' ...
  got smithy/util-stream
  has 12 dependencies
  has 0 peers
Evaluating 'd3-axis' ...
  got 3.0.0
  has 0 dependencies
  has 0 peers
Evaluating '@smithy/hash-node' ...
  got smithy/hash-node
  has 5 dependencies
  has 0 peers
Evaluating '@smithy/property-provider' ...
  got smithy/property-provider
  has 2 dependencies
  has 0 peers
Evaluating 'gitconfiglocal' ...
  got 2.1.0
  has 1 dependencies
  has 0 peers
Evaluating '@smithy/shared-ini-file-loader' ...
  got smithy/shared-ini-file-loader
  has 2 dependencies
  has 0 peers
Evaluating '@smithy/node-config-provider' ...
  got smithy/node-config-provider
  has 4 dependencies
  has 0 peers
Evaluating '@smithy/service-error-classification' ...
  got smithy/service-error-classification
  has 2 dependencies
  has 0 peers
Evaluating '@smithy/util-config-provider' ...
  got smithy/util-config-provider
  has 1 dependencies
  has 0 peers
Evaluating '@smithy/config-resolver' ...
  got smithy/config-resolver
  has 8 dependencies
  has 0 peers
Evaluating '@smithy/util-retry' ...
  got smithy/util-retry
  has 3 dependencies
  has 0 peers
Evaluating '@schematics/angular' ...
  got schematics/angular
  has 32 dependencies
  has 0 peers
Evaluating '@smithy/util-defaults-mode-node' ...
  got smithy/util-defaults-mode-node
  has 30 dependencies
  has 0 peers
Evaluating 'highlight-words-core' ...
  got 1.2.3
  has 0 dependencies
  has 0 peers
Evaluating '@smithy/middleware-retry' ...
  got smithy/middleware-retry
  has 28 dependencies
  has 0 peers
Evaluating '@smithy/middleware-content-length' ...
  got smithy/middleware-content-length
  has 3 dependencies
  has 0 peers
Evaluating '@smithy/credential-provider-imds' ...
  got smithy/credential-provider-imds
  has 7 dependencies
  has 0 peers
Evaluating '@smithy/util-body-length-node' ...
  got smithy/util-body-length-node
  has 1 dependencies
  has 0 peers
Evaluating '@types/passport-strategy' ...
  got types/passport-strategy
  has 12 dependencies
  has 0 peers
Evaluating 'polished' ...
  got 4.3.1
  has 1 dependencies
  has 0 peers
Evaluating 'esbuild-jest' ...
  got >=0.8.50
  has 271 dependencies
  has 1 peers
Evaluating 'inflation' ...
  got 2.1.0
  has 0 dependencies
  has 0 peers
Evaluating '@josephg/resolvable' ...
  got josephg/resolvable
  has 0 dependencies
  has 0 peers
Evaluating 'blob-util' ...
  got 2.0.2
  has 0 dependencies
  has 0 peers
Evaluating 'react-highlight-words' ...
  got ^0.14.0 || ^15.0.0 || ^16.0.0-0 || ^17.0.0-0 || ^18.0.0-0 || ^19.0.0-0
  has 2 dependencies
  has 1 peers
Evaluating '@types/mime-db' ...
  got types/mime-db
  has 0 dependencies
  has 0 peers
Evaluating '@ethersproject/strings' ...
  got ethersproject/strings
  has 5 dependencies
  has 0 peers
Evaluating '@ethersproject/transactions' ...
  got ethersproject/transactions
  has 19 dependencies
  has 0 peers
Evaluating '@ethersproject/signing-key' ...
  got ethersproject/signing-key
  has 12 dependencies
  has 0 peers
Evaluating 'clean-regexp' ...
  got 1.0.0
  has 1 dependencies
  has 0 peers
Evaluating 'ansi-red' ...
  got 0.1.1
  has 1 dependencies
  has 0 peers
Evaluating 'focus-lock' ...
  got 1.3.6
  has 1 dependencies
  has 0 peers
Evaluating '@smithy/abort-controller' ...
  got smithy/abort-controller
  has 2 dependencies
  has 0 peers
Evaluating 'rc-overflow' ...
  got 1.5.0
  has 0 dependencies
  has 2 peers
Evaluating 'client' ...
  got 0.0.1
  has 65 dependencies
  has 0 peers
Evaluating '@smithy/fetch-http-handler' ...
  got smithy/fetch-http-handler
  has 9 dependencies
  has 0 peers
Evaluating 'node-html-parser' ...
  got 7.1.0
  has 10 dependencies
  has 0 peers
Evaluating 'react-dropzone' ...
  got >= 16.8 || 18.0.0
  has 8 dependencies
  has 1 peers
Evaluating '@ethersproject/hash' ...
  got ethersproject/hash
  has 26 dependencies
  has 0 peers
Evaluating 'match-sorter' ...
  got 8.3.0
  has 2 dependencies
  has 0 peers
Evaluating 'rc-virtual-list' ...
  got 3.19.2
  has 0 dependencies
  has 2 peers
Evaluating 'wait-on' ...
  got 9.0.5
  has 35 dependencies
  has 0 peers
Evaluating 'jimp' ...
  got 1.6.1
  has 63 dependencies
  has 0 peers
Evaluating '@smithy/util-body-length-browser' ...
  got smithy/util-body-length-browser
  has 1 dependencies
  has 0 peers
Evaluating '@smithy/invalid-dependency' ...
  got smithy/invalid-dependency
  has 2 dependencies
  has 0 peers
Evaluating 'resumer' ...
  got 0.0.0
  has 1 dependencies
  has 0 peers
Evaluating '@smithy/util-defaults-mode-browser' ...
  got smithy/util-defaults-mode-browser
  has 26 dependencies
  has 0 peers
Evaluating 'lodash._baseclone' ...
  got 4.5.7
  has 0 dependencies
  has 0 peers
Evaluating '@ethersproject/abi' ...
  got ethersproject/abi
  has 27 dependencies
  has 0 peers
Evaluating 'selenium-webdriver' ...
  got 4.43.0
  has 16 dependencies
  has 0 peers
Evaluating '@sentry/minimal' ...
  got sentry/minimal
  has 4 dependencies
  has 0 peers
Evaluating 'git-semver-tags' ...
  got 8.0.1
  has 5 dependencies
  has 0 peers
Evaluating 'sql' ...
  got 0.78.0
  has 2 dependencies
  has 0 peers
Evaluating '@ethersproject/abstract-signer' ...
  got ethersproject/abstract-signer
  has 25 dependencies
  has 0 peers
Evaluating '@ethersproject/base64' ...
  got ethersproject/base64
  has 2 dependencies
  has 0 peers
Evaluating '@ethersproject/abstract-provider' ...
  got ethersproject/abstract-provider
  has 24 dependencies
  has 0 peers
Evaluating '@acuminous/bitsyntax' ...
  got acuminous/bitsyntax
  has 4 dependencies
  has 0 peers
Evaluating 'cross-spawn-async' ...
  got 2.2.5
  has 5 dependencies
  has 0 peers
Evaluating '@ethersproject/networks' ...
  got ethersproject/networks
  has 1 dependencies
  has 0 peers
Evaluating '@ethersproject/web' ...
  got ethersproject/web
  has 8 dependencies
  has 0 peers
Evaluating 'method-override' ...
  got 3.0.0
  has 5 dependencies
  has 0 peers
Evaluating 'abortcontroller-polyfill' ...
  got 1.7.8
  has 0 dependencies
  has 0 peers
Evaluating 'react-syntax-highlighter' ...
  got >= 0.14.0
  has 26 dependencies
  has 1 peers
Evaluating 'node-schedule' ...
  got 2.1.1
  has 4 dependencies
  has 0 peers
Evaluating 'rc-field-form' ...
  got 2.7.1
  has 0 dependencies
  has 2 peers
Evaluating 'get-pkg-repo' ...
  got 5.0.0
  has 30 dependencies
  has 0 peers
Evaluating 'protocol-buffers-schema' ...
  got 3.6.1
  has 0 dependencies
  has 0 peers
Evaluating '@opentelemetry/semantic-conventions' ...
  got opentelemetry/semantic-conventions
  has 0 dependencies
  has 0 peers
Evaluating 'conventional-changelog-core' ...
  got 9.0.0
  has 28 dependencies
  has 0 peers
Evaluating 'download' ...
  got 8.0.0
  has 136 dependencies
  has 0 peers
Evaluating 'git-remote-origin-url' ...
  got 4.0.0
  has 2 dependencies
  has 0 peers
Evaluating '@types/history' ...
  got types/history
  has 2 dependencies
  has 0 peers
Evaluating '@react-aria/ssr' ...
  got react-aria/ssr
  has 0 dependencies
  has 2 peers
Evaluating 'sorted-array-functions' ...
  got 1.3.0
  has 0 dependencies
  has 0 peers
Evaluating 'basic-ftp' ...
  got 5.3.1
  has 0 dependencies
  has 0 peers
Evaluating '@vscode/vscode-languagedetection' ...
  got vscode/vscode-languagedetection
  has 0 dependencies
  has 0 peers
Evaluating 'simple-git' ...
  got 3.36.0
  has 6 dependencies
  has 0 peers
Evaluating 'events-to-array' ...
  got 2.0.3
  has 0 dependencies
  has 0 peers
Evaluating 'java' ...
  ! package not resolved
Evaluating 'rc-picker' ...
  got 4.11.3
  has 0 dependencies
  has 6 peers
Evaluating 'output-file-sync' ...
  got 2.0.1
  has 4 dependencies
  has 0 peers
Evaluating 'mdast-util-find-and-replace' ...
  got 3.0.2
  has 5 dependencies
  has 0 peers
Evaluating 'rc-textarea' ...
  got 1.10.2
  has 0 dependencies
  has 2 peers
Evaluating 'serve' ...
  got 14.2.6
  has 86 dependencies
  has 0 peers
Evaluating 'scss' ...
  got 0.2.4
  has 1 dependencies
  has 0 peers
Evaluating '@aws-sdk/middleware-flexible-checksums' ...
  got aws-sdk/middleware-flexible-checksums
  has 46 dependencies
  has 0 peers
Evaluating '@aws-crypto/crc32c' ...
  got aws-crypto/crc32c
  has 7 dependencies
  has 0 peers
Evaluating 'react-helmet' ...
  got >=16.3.0
  has 7 dependencies
  has 1 peers
Evaluating 'grunt-known-options' ...
  got 2.0.0
  has 0 dependencies
  has 0 peers
Evaluating 'co-body' ...
  got 6.2.0
  has 36 dependencies
  has 0 peers
Evaluating 'apollo-server-env' ...
  got 4.2.1
  has 4 dependencies
  has 0 peers
Evaluating '@ant-design/react-slick' ...
  got ant-design/react-slick
  has 0 dependencies
  has 2 peers
Evaluating '@samverschueren/stream-to-observable' ...
  got samverschueren/stream-to-observable
  has 1 dependencies
  has 0 peers
Evaluating 'timm' ...
  got 1.7.1
  has 0 dependencies
  has 0 peers
Evaluating '@rjsf/utils' ...
  got rjsf/utils
  has 0 dependencies
  has 1 peers
Evaluating 'default-browser' ...
  got 5.5.0
  has 3 dependencies
  has 0 peers
Evaluating 'bundle-name' ...
  got 4.1.0
  has 1 dependencies
  has 0 peers
Evaluating '@angular/cli' ...
  got angular/cli
  has 294 dependencies
  has 0 peers
Evaluating 'd3-polygon' ...
  got 3.0.1
  has 0 dependencies
  has 0 peers
Evaluating '@aws-sdk/signature-v4-multi-region' ...
  got aws-sdk/signature-v4-multi-region
  has 40 dependencies
  has 0 peers
Evaluating '@jimp/plugin-resize' ...
  got jimp/plugin-resize
  has 19 dependencies
  has 0 peers
Evaluating '@jimp/bmp' ...
  got jimp/bmp
  has 0 dependencies
  has 1 peers
Evaluating '@jimp/png' ...
  got jimp/custom
  has 3 dependencies
  has 1 peers
Evaluating '@jimp/gif' ...
  got jimp/custom
  has 6 dependencies
  has 1 peers
Evaluating '@jimp/custom' ...
  got jimp/custom
  has 31 dependencies
  has 0 peers
Evaluating '@jimp/jpeg' ...
  got jimp/custom
  has 3 dependencies
  has 1 peers
Evaluating 'attr-accept' ...
  got 2.2.5
  has 0 dependencies
  has 0 peers
Evaluating '@jimp/tiff' ...
  got jimp/custom
  has 2 dependencies
  has 1 peers
Evaluating '@jimp/core' ...
  got jimp/core
  has 18 dependencies
  has 0 peers
Evaluating '@jimp/utils' ...
  got jimp/utils
  has 3 dependencies
  has 0 peers
Evaluating '@jimp/types' ...
  got jimp/types
  has 1 dependencies
  has 0 peers
Evaluating '@vue/babel-helper-vue-jsx-merge-props' ...
  got vue/babel-helper-vue-jsx-merge-props
  has 0 dependencies
  has 0 peers
Evaluating 'optimism' ...
  got 0.18.1
  has 4 dependencies
  has 0 peers
Evaluating '@vue/babel-plugin-transform-vue-jsx' ...
  got babel/core
  has 25 dependencies
  has 1 peers
Evaluating 'vscode-regexpp' ...
  got 3.1.0
  has 0 dependencies
  has 0 peers
Evaluating '@aws-crypto/sha1-browser' ...
  got aws-crypto/sha1-browser
  has 9 dependencies
  has 0 peers
Evaluating 'fast-fifo' ...
  got 1.3.2
  has 0 dependencies
  has 0 peers
Evaluating '@types/cookie-session' ...
  got types/cookie-session
  has 12 dependencies
  has 0 peers
Evaluating '@vue/babel-sugar-v-model' ...
  got babel/core
  has 27 dependencies
  has 1 peers
Evaluating '@vue/babel-sugar-inject-h' ...
  got babel/core
  has 2 dependencies
  has 1 peers
Evaluating '@vue/babel-preset-jsx' ...
  got babel/core
  has 33 dependencies
  has 2 peers
Evaluating 'samsam' ...
  got 1.3.0
  has 0 dependencies
  has 0 peers
Evaluating '@emotion/css' ...
  got emotion/css
  has 56 dependencies
  has 0 peers
Evaluating '@vue/babel-sugar-v-on' ...
  got babel/core
  has 27 dependencies
  has 1 peers
Evaluating '@vue/babel-sugar-functional-vue' ...
  got babel/core
  has 2 dependencies
  has 1 peers
Evaluating 'babel-plugin-syntax-dynamic-import' ...
  got 6.18.0
  has 0 dependencies
  has 0 peers
Evaluating 'micromark-util-symbol' ...
  got 2.0.1
  has 0 dependencies
  has 0 peers
Evaluating '@lezer/css' ...
  got lezer/css
  has 3 dependencies
  has 0 peers
Evaluating 'micromark-util-types' ...
  got 2.0.2
  has 0 dependencies
  has 0 peers
Evaluating '@codemirror/lang-css' ...
  got codemirror/lang-css
  has 12 dependencies
  has 0 peers
Evaluating 'strip-bom-stream' ...
  got 5.0.0
  has 3 dependencies
  has 0 peers
Evaluating 'is-inside-container' ...
  got 1.0.0
  has 1 dependencies
  has 0 peers
Evaluating 'javascript-stringify' ...
  got 2.1.0
  has 0 dependencies
  has 0 peers
Evaluating 'watch' ...
  got 1.0.2
  has 3 dependencies
  has 0 peers
Evaluating '@lezer/html' ...
  got lezer/html
  has 3 dependencies
  has 0 peers
Evaluating 'react-input-autosize' ...
  got ^16.3.0 || ^17.0.0
  has 5 dependencies
  has 1 peers
Evaluating '@google-cloud/firestore' ...
  got google-cloud/firestore
  has 107 dependencies
  has 0 peers
Evaluating 'lower-case-first' ...
  got 3.0.0
  has 0 dependencies
  has 0 peers
Evaluating 'javascript' ...
  got 1.0.0
  has 0 dependencies
  has 0 peers
Evaluating 'typical' ...
  got 7.3.0
  has 0 dependencies
  has 0 peers
Evaluating 'eslint-plugin-jsdoc' ...
  got ^7.0.0 || ^8.0.0 || ^9.0.0 || ^10.0.0
  has 27 dependencies
  has 1 peers
Evaluating 'babel-plugin-emotion' ...
  got 11.0.0
  has 0 dependencies
  has 0 peers
Evaluating 'hpagent' ...
  got 1.2.0
  has 0 dependencies
  has 0 peers
Evaluating 'apollo-server-types' ...
  got 3.8.0
  has 0 dependencies
  has 1 peers
Evaluating 'stylus-loader' ...
  got >=0.52.4
  has 19 dependencies
  has 3 peers
Evaluating 'rc-image' ...
  got 7.12.0
  has 0 dependencies
  has 2 peers
Evaluating 'apollo-datasource' ...
  got 3.3.2
  has 8 dependencies
  has 0 peers
Evaluating 'test' ...
  got 3.3.0
  has 101 dependencies
  has 0 peers
Evaluating '@rjsf/validator-ajv8' ...
  got rjsf/utils
  has 8 dependencies
  has 1 peers
Evaluating 'd3-random' ...
  got 3.0.1
  has 0 dependencies
  has 0 peers
Evaluating 'array-back' ...
  got 6.2.3
  has 0 dependencies
  has 0 peers
Evaluating 'postcss-cli' ...
  got ^8.0.0
  has 48 dependencies
  has 1 peers
Evaluating 'is-lower-case' ...
  got 3.0.0
  has 0 dependencies
  has 0 peers
Evaluating '@apollographql/apollo-tools' ...
  got apollographql/apollo-tools
  has 0 dependencies
  has 1 peers
Evaluating 'is-upper-case' ...
  got 3.0.0
  has 0 dependencies
  has 0 peers
Evaluating 'd3-chord' ...
  got 3.0.1
  has 1 dependencies
  has 0 peers
Evaluating 'rust' ...
  ! package not resolved
Evaluating 'make' ...
  got 0.8.1
  has 129 dependencies
  has 0 peers
Evaluating 'lua' ...
  got 0.0.1
  has 0 dependencies
  has 0 peers
Evaluating '@angular-devkit/architect' ...
  got angular-devkit/architect
  has 12 dependencies
  has 0 peers
Evaluating 'swift' ...
  got 2.8.0
  has 63 dependencies
  has 0 peers
Evaluating 'ruby' ...
  got 0.6.1
  has 1 dependencies
  has 0 peers
Evaluating '@wry/context' ...
  got wry/context
  has 1 dependencies
  has 0 peers
Evaluating 'cpp' ...
  got 0.0.1
  has 0 dependencies
  has 0 peers
Evaluating '@fastify/ajv-compiler' ...
  got fastify/ajv-compiler
  has 6 dependencies
  has 0 peers
Evaluating '@types/cookie-parser' ...
  got types/cookie-parser
  has 0 dependencies
  has 1 peers
Evaluating 'nprogress' ...
  got 0.2.0
  has 0 dependencies
  has 0 peers
Evaluating 'shellscript' ...
  ! package not resolved
Evaluating 'r' ...
  got 0.0.5
  has 0 dependencies
  has 0 peers
Evaluating 'bat' ...
  got 0.0.0
  has 0 dependencies
  has 0 peers
Evaluating 'vb' ...
  got 0.0.0
  has 0 dependencies
  has 0 peers
Evaluating 'perl' ...
  ! package not resolved
Evaluating 'swap-case' ...
  got 3.0.3
  has 0 dependencies
  has 0 peers
Evaluating 'csharp' ...
  got 0.0.1
  has 0 dependencies
  has 0 peers
Evaluating 'faker' ...
  got 6.6.6
  has 0 dependencies
  has 0 peers
Evaluating 'powershell' ...
  got 2.3.3
  has 4 dependencies
  has 0 peers
Evaluating 'resolve-path' ...
  got 1.4.0
  has 6 dependencies
  has 0 peers
Evaluating 'groovy' ...
  got 0.0.1
  has 0 dependencies
  has 0 peers
Evaluating '@zeit/schemas' ...
  got zeit/schemas
  has 0 dependencies
  has 0 peers
Evaluating 'shaderlab' ...
  got 0.0.2
  has 0 dependencies
  has 0 peers
Evaluating 'fsharp' ...
  got 0.1.4
  has 1 dependencies
  has 0 peers
Evaluating 'clojure' ...
  got 0.0.0
  has 33 dependencies
  has 0 peers
Evaluating 'capital-case' ...
  got 2.0.0
  has 1 dependencies
  has 0 peers
Evaluating 'fbjs-css-vars' ...
  got 1.0.2
  has 0 dependencies
  has 0 peers
Evaluating 'razor' ...
  got 1.1.1
  has 0 dependencies
  has 0 peers
Evaluating '@vscode/iconv-lite-umd' ...
  got vscode/iconv-lite-umd
  has 0 dependencies
  has 0 peers
Evaluating '@types/d3-time' ...
  got types/d3-time
  has 0 dependencies
  has 0 peers
Evaluating '@types/d3-scale' ...
  got types/d3-scale
  has 1 dependencies
  has 0 peers
Evaluating '@fastify/busboy' ...
  got fastify/busboy
  has 0 dependencies
  has 0 peers
Evaluating 'backoff' ...
  got 2.5.0
  has 1 dependencies
  has 0 peers
Evaluating 'ufo' ...
  got 1.6.3
  has 0 dependencies
  has 0 peers
Evaluating 'tmp-promise' ...
  got 3.0.3
  has 1 dependencies
  has 0 peers
Evaluating '@codemirror/lang-html' ...
  got codemirror/lang-html
  has 17 dependencies
  has 0 peers
Evaluating 'regexp-match-indices' ...
  got 1.0.2
  has 1 dependencies
  has 0 peers
Evaluating 'vscode-ws-jsonrpc' ...
  got 3.5.0
  has 1 dependencies
  has 0 peers
Evaluating '@types/babel-types' ...
  got types/babel-types
  has 0 dependencies
  has 0 peers
Evaluating '@microsoft/applicationinsights-core-js' ...
  got microsoft/applicationinsights-core-js
  has 0 dependencies
  has 1 peers
Evaluating 'apollo-server-plugin-base' ...
  got 3.7.2
  has 0 dependencies
  has 1 peers
Evaluating 'bunyan' ...
  got 1.8.15
  has 19 dependencies
  has 0 peers
Evaluating 'jshint' ...
  got 2.13.6
  has 30 dependencies
  has 0 peers
Evaluating 'xterm-headless' ...
  got 5.3.0
  has 0 dependencies
  has 0 peers
Evaluating 'xterm-addon-serialize' ...
  got ^5.0.0
  has 0 dependencies
  has 1 peers
Evaluating 'shortid' ...
  got 2.2.17
  has 1 dependencies
  has 0 peers
Evaluating 'css-url-regex' ...
  got 4.0.0
  has 0 dependencies
  has 0 peers
Evaluating '@microsoft/applicationinsights-shims' ...
  got microsoft/applicationinsights-shims
  has 1 dependencies
  has 0 peers
Evaluating '@microsoft/dynamicproto-js' ...
  got microsoft/dynamicproto-js
  has 1 dependencies
  has 0 peers
Evaluating '@codemirror/lang-xml' ...
  got codemirror/lang-xml
  has 12 dependencies
  has 0 peers
Evaluating '@lezer/xml' ...
  got lezer/xml
  has 3 dependencies
  has 0 peers
Evaluating 'app' ...
  got 0.1.0
  has 38 dependencies
  has 0 peers
Evaluating 'react-focus-lock' ...
  got ^16.8.0 || ^17.0.0 || ^18.0.0 || ^19.0.0 || ^19.0.0-rc
  has 12 dependencies
  has 2 peers
Evaluating 'react-clientside-effect' ...
  got ^16.8.0 || ^17.0.0 || ^18.0.0 || ^19.0.0 || ^19.0.0-rc
  has 1 dependencies
  has 1 peers
Evaluating '@azure/core-rest-pipeline' ...
  got azure/core-rest-pipeline
  has 12 dependencies
  has 0 peers
Evaluating 'beeper' ...
  got 3.0.0
  has 1 dependencies
  has 0 peers
Evaluating '@lezer/markdown' ...
  got lezer/markdown
  has 2 dependencies
  has 0 peers
Evaluating 'php' ...
  got 1.1.0
  has 0 dependencies
  has 0 peers
Evaluating '@lezer/generator' ...
  got lezer/generator
  has 2 dependencies
  has 0 peers
Evaluating '@codemirror/lang-markdown' ...
  got codemirror/lang-markdown
  has 19 dependencies
  has 0 peers
Evaluating 'delay' ...
  got 7.0.0
  has 2 dependencies
  has 0 peers
Evaluating 'fast-querystring' ...
  got 1.1.2
  has 1 dependencies
  has 0 peers
Evaluating '@verdaccio/signature' ...
  got verdaccio/signature
  has 37 dependencies
  has 0 peers
Evaluating '@lezer/python' ...
  got lezer/python
  has 3 dependencies
  has 0 peers
Evaluating '@codemirror/lang-sql' ...
  got codemirror/lang-sql
  has 11 dependencies
  has 0 peers
Evaluating '@aws-sdk/util-waiter' ...
  got aws-sdk/util-waiter
  has 4 dependencies
  has 0 peers
Evaluating 'localforage' ...
  got 1.10.0
  has 2 dependencies
  has 0 peers
Evaluating '@codemirror/lang-python' ...
  got codemirror/lang-python
  has 12 dependencies
  has 0 peers
Evaluating 'file-saver' ...
  got 2.0.5
  has 0 dependencies
  has 0 peers
Evaluating 'fs-exists-sync' ...
  got 0.1.0
  has 0 dependencies
  has 0 peers
Evaluating 'ansi-cyan' ...
  got 0.1.1
  has 1 dependencies
  has 0 peers
Evaluating 'slugify' ...
  got 1.6.9
  has 0 dependencies
  has 0 peers
Evaluating 'micromark-extension-gfm-autolink-literal' ...
  got 2.1.0
  has 5 dependencies
  has 0 peers
Evaluating 'micromark-extension-gfm-strikethrough' ...
  got 2.1.0
  has 8 dependencies
  has 0 peers
Evaluating 'mdast-util-gfm-strikethrough' ...
  got 2.0.0
  has 41 dependencies
  has 0 peers
Evaluating 'mdast-util-gfm-autolink-literal' ...
  got 2.0.1
  has 12 dependencies
  has 0 peers
Evaluating 'tap' ...
  got 21.7.1
  has 294 dependencies
  has 0 peers
Evaluating 'micromark-extension-gfm-table' ...
  got 2.1.1
  has 6 dependencies
  has 0 peers
Evaluating 'micromark-extension-gfm' ...
  got 3.0.0
  has 28 dependencies
  has 0 peers
Evaluating 'micromark-extension-gfm-task-list-item' ...
  got 2.1.0
  has 6 dependencies
  has 0 peers
Evaluating '@types/bn.js' ...
  got types/bn.js
  has 2 dependencies
  has 0 peers
Evaluating 'karma-coverage' ...
  got 2.2.1
  has 55 dependencies
  has 0 peers
Evaluating 'html-to-text' ...
  got 9.0.5
  has 12 dependencies
  has 0 peers
Evaluating 'mdast-util-gfm-task-list-item' ...
  got 2.0.0
  has 41 dependencies
  has 0 peers
Evaluating 'remark-gfm' ...
  got 4.0.1
  has 67 dependencies
  has 0 peers
Evaluating '@lezer/php' ...
  got lezer/php
  has 3 dependencies
  has 0 peers
Evaluating 'precond' ...
  got 0.2.3
  has 0 dependencies
  has 0 peers
Evaluating 'mdast-util-gfm-table' ...
  got 2.0.0
  has 42 dependencies
  has 0 peers
Evaluating '@codemirror/lang-php' ...
  got codemirror/lang-php
  has 19 dependencies
  has 0 peers
Evaluating 'mdast-util-gfm' ...
  got 3.1.0
  has 50 dependencies
  has 0 peers
Evaluating '@jimp/plugin-normalize' ...
  got jimp/custom
  has 2 dependencies
  has 1 peers
Evaluating '@jimp/plugin-flip' ...
  got jimp/plugin-flip
  has 2 dependencies
  has 0 peers
Evaluating '@jimp/plugin-blur' ...
  got jimp/plugin-blur
  has 19 dependencies
  has 0 peers
Evaluating '@jimp/plugin-gaussian' ...
  got jimp/custom
  has 2 dependencies
  has 1 peers
Evaluating '@jimp/plugin-scale' ...
  got jimp/custom
  has 2 dependencies
  has 2 peers
Evaluating 'dijkstrajs' ...
  got 1.0.3
  has 0 dependencies
  has 0 peers
Evaluating '@jimp/plugins' ...
  got jimp/custom
  has 46 dependencies
  has 1 peers
Evaluating '@jimp/plugin-blit' ...
  got jimp/plugin-blit
  has 4 dependencies
  has 0 peers
Evaluating '@jimp/plugin-displace' ...
  got jimp/plugin-displace
  has 4 dependencies
  has 0 peers
Evaluating '@jimp/plugin-contain' ...
  got jimp/plugin-contain
  has 21 dependencies
  has 0 peers
Evaluating '@jimp/plugin-mask' ...
  got jimp/plugin-mask
  has 2 dependencies
  has 0 peers
Evaluating '@jimp/plugin-crop' ...
  got jimp/plugin-crop
  has 19 dependencies
  has 0 peers
Evaluating '@jimp/plugin-rotate' ...
  got jimp/plugin-rotate
  has 21 dependencies
  has 0 peers
Evaluating 'micromark-extension-gfm-tagfilter' ...
  got 2.0.0
  has 1 dependencies
  has 0 peers
Evaluating '@jimp/plugin-invert' ...
  got jimp/custom
  has 2 dependencies
  has 1 peers
Evaluating '@jimp/plugin-dither' ...
  got jimp/plugin-dither
  has 2 dependencies
  has 0 peers
Evaluating '@jimp/plugin-color' ...
  got jimp/plugin-color
  has 19 dependencies
  has 0 peers
Evaluating '@jimp/plugin-cover' ...
  got jimp/plugin-cover
  has 21 dependencies
  has 0 peers
Evaluating '@jimp/plugin-print' ...
  got jimp/plugin-print
  has 32 dependencies
  has 0 peers
Evaluating 'tap-mocha-reporter' ...
  got 5.0.4
  has 24 dependencies
  has 0 peers
Evaluating 'tedious' ...
  got 19.2.1
  has 69 dependencies
  has 0 peers
Evaluating 'jupyter-matplotlib' ...
  got 0.12.0
  has 60 dependencies
  has 0 peers
Evaluating '@lezer/java' ...
  got lezer/java
  has 3 dependencies
  has 0 peers
Evaluating '@vscode/ripgrep' ...
  ! package not resolved
Evaluating '@codemirror/lang-java' ...
  got codemirror/lang-java
  has 11 dependencies
  has 0 peers
Evaluating '@lezer/cpp' ...
  got lezer/cpp
  has 3 dependencies
  has 0 peers
Evaluating '@codemirror/lang-cpp' ...
  got codemirror/lang-cpp
  has 11 dependencies
  has 0 peers
Evaluating '@rails/actiontext' ...
  got rails/actiontext
  has 0 dependencies
  has 1 peers
Evaluating '@lezer/rust' ...
  got lezer/rust
  has 3 dependencies
  has 0 peers
Evaluating 'purgecss' ...
  got 8.0.0
  has 26 dependencies
  has 0 peers
Evaluating 'hammerjs' ...
  got 2.0.8
  has 0 dependencies
  has 0 peers
Evaluating '@codemirror/lang-rust' ...
  got codemirror/lang-rust
  has 11 dependencies
  has 0 peers
Evaluating 'babelify' ...
  got babel/core
  has 0 dependencies
  has 1 peers
Evaluating '@codemirror/lang-wast' ...
  got codemirror/lang-wast
  has 10 dependencies
  has 0 peers
Evaluating 'react-textarea-autosize' ...
  got ^16.8.0 || ^17.0.0 || ^18.0.0 || ^19.0.0
  has 4 dependencies
  has 1 peers
Evaluating 'async-listen' ...
  got 3.1.0
  has 0 dependencies
  has 0 peers
Evaluating 'undeclared-identifiers' ...
  got 1.1.3
  has 7 dependencies
  has 0 peers
Evaluating 'conventional-changelog-preset-loader' ...
  got 5.0.0
  has 0 dependencies
  has 0 peers
Evaluating 'launch-editor-middleware' ...
  got 2.13.2
  has 3 dependencies
  has 0 peers
Evaluating '@apidevtools/openapi-schemas' ...
  got apidevtools/openapi-schemas
  has 0 dependencies
  has 0 peers
Evaluating 'utif' ...
  got 3.1.0
  has 1 dependencies
  has 0 peers
Evaluating '@types/jasmine' ...
  got types/jasmine
  has 0 dependencies
  has 0 peers
Evaluating 'dtrace-provider' ...
  got 0.8.8
  has 1 dependencies
  has 0 peers
Evaluating '@types/d3-path' ...
  got types/d3-path
  has 0 dependencies
  has 0 peers
Evaluating 'react-markdown' ...
  got types/react
  has 81 dependencies
  has 2 peers
Evaluating '@types/d3-shape' ...
  got types/d3-shape
  has 1 dependencies
  has 0 peers
Evaluating 'remark-footnotes' ...
  got 5.0.0
  has 0 dependencies
  has 0 peers
Evaluating '@apidevtools/swagger-methods' ...
  got apidevtools/swagger-methods
  has 0 dependencies
  has 0 peers
Evaluating 'koa-send' ...
  got 5.0.1
  has 13 dependencies
  has 0 peers
Evaluating 'natives' ...
  got 1.1.6
  has 0 dependencies
  has 0 peers
Evaluating 'lodash._basecreate' ...
  got 3.0.3
  has 0 dependencies
  has 0 peers
Evaluating 'secp256k1' ...
  got 5.0.1
  has 10 dependencies
  has 0 peers
Evaluating 'denodeify' ...
  got 1.2.1
  has 0 dependencies
  has 0 peers
Evaluating '@vue/devtools-api' ...
  got vue/devtools-api
  has 5 dependencies
  has 0 peers
Evaluating 'irregular-plurals' ...
  got 4.2.0
  has 0 dependencies
  has 0 peers
Evaluating 'apollo-reporting-protobuf' ...
  got 3.4.0
  has 14 dependencies
  has 0 peers
Evaluating 'is2' ...
  got 2.0.9
  has 3 dependencies
  has 0 peers
Evaluating '@nestjs/mongoose' ...
  got nestjs/common
  has 0 dependencies
  has 4 peers
Evaluating 'own-or-env' ...
  got 1.0.2
  has 1 dependencies
  has 0 peers
Evaluating 'own-or' ...
  got 1.0.0
  has 0 dependencies
  has 0 peers
Evaluating 'trivial-deferred' ...
  got 2.0.0
  has 0 dependencies
  has 0 peers
Evaluating 'bind-obj-methods' ...
  got 3.0.0
  has 0 dependencies
  has 0 peers
Evaluating '@floating-ui/react-dom' ...
  got floating-ui/react-dom
  has 0 dependencies
  has 2 peers
Evaluating 'mqtt-packet' ...
  got 9.0.2
  has 18 dependencies
  has 0 peers
Evaluating 'function-loop' ...
  got 4.0.0
  has 0 dependencies
  has 0 peers
Evaluating '@types/pg' ...
  got types/pg
  has 10 dependencies
  has 0 peers
Evaluating 'diff-match-patch' ...
  got 1.0.5
  has 0 dependencies
  has 0 peers
Evaluating 'file-stream-rotator' ...
  got 1.0.0
  has 0 dependencies
  has 0 peers
Evaluating 'resolve-global' ...
  got 2.0.0
  has 2 dependencies
  has 0 peers
Evaluating '@azure/msal-common' ...
  got azure/msal-common
  has 0 dependencies
  has 0 peers
Evaluating 'roarr' ...
  got 7.21.4
  has 3 dependencies
  has 0 peers
Evaluating '@types/write-file-atomic' ...
  got types/write-file-atomic
  has 2 dependencies
  has 0 peers
Evaluating 'd3-fetch' ...
  got 3.0.1
  has 5 dependencies
  has 0 peers
Evaluating 'eslint-rule-composer' ...
  got 0.3.0
  has 0 dependencies
  has 0 peers
Evaluating '@types/zen-observable' ...
  got types/zen-observable
  has 0 dependencies
  has 0 peers
Evaluating '@jupyterlab/lsp' ...
  got jupyterlab/lsp
  has 149 dependencies
  has 0 peers
Evaluating '@aws-sdk/eventstream-codec' ...
  got aws-sdk/eventstream-codec
  has 11 dependencies
  has 0 peers
Evaluating '@jupyterlab/lsp-extension' ...
  got jupyterlab/lsp-extension
  has 154 dependencies
  has 0 peers
Evaluating '@jupyterlab/markedparser-extension' ...
  got jupyterlab/markedparser-extension
  has 279 dependencies
  has 0 peers
Evaluating 'wmf' ...
  got 1.0.2
  has 0 dependencies
  has 0 peers
Evaluating '@jupyterlab/mathjax-extension' ...
  got jupyterlab/mathjax-extension
  has 113 dependencies
  has 0 peers
Evaluating '@jupyterlab/metadataform-extension' ...
  got jupyterlab/metadataform-extension
  has 399 dependencies
  has 0 peers
Evaluating 'qrcode' ...
  got 1.5.4
  has 28 dependencies
  has 0 peers
Evaluating 'unload' ...
  got 2.4.1
  has 0 dependencies
  has 0 peers
Evaluating '@jupyterlab/metadataform' ...
  got jupyterlab/metadataform
  has 398 dependencies
  has 0 peers
Evaluating 'winston-daily-rotate-file' ...
  got ^3
  has 16 dependencies
  has 1 peers
Evaluating 'pathe' ...
  got 2.0.3
  has 0 dependencies
  has 0 peers
Evaluating 'gray-matter' ...
  got 4.0.3
  has 9 dependencies
  has 0 peers
Evaluating 'broadcast-channel' ...
  got 7.3.0
  has 7 dependencies
  has 0 peers
Evaluating 'buffer-json' ...
  got 2.0.0
  has 0 dependencies
  has 0 peers
Evaluating 'cache-manager' ...
  got 7.2.8
  has 5 dependencies
  has 0 peers
Evaluating 'koa-static' ...
  got 5.0.0
  has 15 dependencies
  has 0 peers
Evaluating 'is-port-reachable' ...
  got 4.0.0
  has 0 dependencies
  has 0 peers
Evaluating 'proper-lockfile' ...
  got 4.1.2
  has 3 dependencies
  has 0 peers
Evaluating 'trim-lines' ...
  got 3.0.1
  has 0 dependencies
  has 0 peers
Evaluating 'resolve-pkg-maps' ...
  got 1.0.0
  has 0 dependencies
  has 0 peers
Evaluating 'find-yarn-workspace-root' ...
  got 2.0.0
  has 6 dependencies
  has 0 peers
Evaluating 'bech32' ...
  got 2.0.0
  has 0 dependencies
  has 0 peers
Evaluating 'walk' ...
  got 2.3.15
  has 1 dependencies
  has 0 peers
Evaluating '@apidevtools/swagger-parser' ...
  got apidevtools/swagger-parser
  has 0 dependencies
  has 1 peers
Evaluating 'varint' ...
  got 6.0.0
  has 0 dependencies
  has 0 peers
Evaluating 'p-filter' ...
  got 4.1.0
  has 1 dependencies
  has 0 peers
Evaluating 'mongodb-memory-server-core' ...
  got 11.0.1
  has 49 dependencies
  has 0 peers
Evaluating 'args' ...
  got 5.0.3
  has 10 dependencies
  has 0 peers
Evaluating 'mongodb-memory-server' ...
  ! package not resolved
Evaluating '@babel/plugin-syntax-export-default-from' ...
  got babel/core
  has 1 dependencies
  has 1 peers
Evaluating 'lodash._basevalues' ...
  got 3.0.0
  has 0 dependencies
  has 0 peers
Evaluating 'react-i18next' ...
  got >= 26.0.1
  has 4 dependencies
  has 3 peers
Evaluating 'express-handlebars' ...
  got 9.0.1
  has 14 dependencies
  has 0 peers
Evaluating '@types/pug' ...
  got types/pug
  has 0 dependencies
  has 0 peers
Evaluating '@babel/plugin-proposal-export-default-from' ...
  got babel/core
  has 1 dependencies
  has 1 peers
Evaluating '@types/passport-jwt' ...
  got types/passport-jwt
  has 15 dependencies
  has 0 peers
Evaluating 'webpack-subresource-integrity' ...
  got ^5.12.0
  has 0 dependencies
  has 2 peers
Evaluating 'commist' ...
  got 3.2.0
  has 0 dependencies
  has 0 peers
Evaluating '@panva/asn1.js' ...
  got panva/asn1.js
  has 0 dependencies
  has 0 peers
Evaluating 'ansi-to-html' ...
  got 0.7.2
  has 1 dependencies
  has 0 peers
Evaluating '@aws-sdk/md5-js' ...
  got aws-sdk/md5-js
  has 6 dependencies
  has 0 peers
Evaluating 'reinterval' ...
  got 1.1.0
  has 0 dependencies
  has 0 peers
Evaluating 'reactstrap' ...
  got >=16.8.0
  has 14 dependencies
  has 2 peers
Evaluating 'stack-chain' ...
  got 2.0.0
  has 0 dependencies
  has 0 peers
Evaluating 'msgpackr' ...
  got 1.11.10
  has 4 dependencies
  has 0 peers
Evaluating 'foreachasync' ...
  got 5.1.3
  has 0 dependencies
  has 0 peers
Evaluating 'opentracing' ...
  got 0.14.7
  has 0 dependencies
  has 0 peers
Evaluating '@azure/msal-node' ...
  got azure/msal-node
  has 17 dependencies
  has 0 peers
Evaluating 'resolve-protobuf-schema' ...
  got 2.1.0
  has 1 dependencies
  has 0 peers
Evaluating '@sendgrid/client' ...
  got sendgrid/client
  has 25 dependencies
  has 0 peers
Evaluating 'react-copy-to-clipboard' ...
  got >=15.3.0
  has 7 dependencies
  has 1 peers
Evaluating 'parse5-sax-parser' ...
  got 8.0.0
  has 2 dependencies
  has 0 peers
Evaluating 'gulp-util' ...
  got 3.0.8
  has 58 dependencies
  has 0 peers
Evaluating '@sendgrid/helpers' ...
  got sendgrid/helpers
  has 1 dependencies
  has 0 peers
Evaluating 'chalk-template' ...
  got 1.1.2
  has 1 dependencies
  has 0 peers
Evaluating 'p-map-series' ...
  got 3.0.0
  has 0 dependencies
  has 0 peers
Evaluating 'ts-nkeys' ...
  got 1.0.16
  has 1 dependencies
  has 0 peers
Evaluating 'nullthrows' ...
  got 1.1.1
  has 0 dependencies
  has 0 peers
Evaluating 'nuid' ...
  got 2.0.1-2
  has 0 dependencies
  has 0 peers
Evaluating '@sendgrid/mail' ...
  got sendgrid/mail
  has 26 dependencies
  has 0 peers
Evaluating 'bufferstreams' ...
  got 6.0.1
  has 1 dependencies
  has 0 peers
Evaluating 'pbf' ...
  got 4.0.1
  has 2 dependencies
  has 0 peers
Evaluating 'msgpackr-extract' ...
  got 3.0.3
  has 3 dependencies
  has 0 peers
Evaluating 'bs58check' ...
  got 4.0.0
  has 3 dependencies
  has 0 peers
Evaluating 'karma-source-map-support' ...
  got 1.4.0
  has 3 dependencies
  has 0 peers
Evaluating 'binary-search' ...
  got 1.3.6
  has 0 dependencies
  has 0 peers
Evaluating 'shasum' ...
  got 1.0.2
  has 32 dependencies
  has 0 peers
Evaluating 'parse5-html-rewriting-stream' ...
  got 8.0.1
  has 3 dependencies
  has 0 peers
Evaluating '@types/react-router' ...
  got types/react-router
  has 3 dependencies
  has 0 peers
Evaluating '@types/d3-color' ...
  got types/d3-color
  has 0 dependencies
  has 0 peers
Evaluating '@iarna/toml' ...
  got iarna/toml
  has 0 dependencies
  has 0 peers
Evaluating 'karma-jasmine-html-reporter' ...
  got ^4.0.0 || ^5.0.0 || ^6.0.0
  has 0 dependencies
  has 3 peers
Evaluating '@microsoft/1ds-core-js' ...
  got microsoft/1ds-core-js
  has 5 dependencies
  has 0 peers
Evaluating 'babel-plugin-syntax-flow' ...
  got 6.18.0
  has 0 dependencies
  has 0 peers
Evaluating '@types/lru-cache' ...
  got types/lru-cache
  has 1 dependencies
  has 0 peers
Evaluating '@microsoft/1ds-post-js' ...
  got microsoft/1ds-post-js
  has 5 dependencies
  has 0 peers
Evaluating 'babel-plugin-transform-flow-strip-types' ...
  got 6.22.0
  has 4 dependencies
  has 0 peers
Evaluating '@azure/core-client' ...
  got azure/core-client
  has 13 dependencies
  has 0 peers
Evaluating 'read-all-stream' ...
  got 3.1.0
  has 10 dependencies
  has 0 peers
Evaluating 'nano-time' ...
  got 1.0.0
  has 1 dependencies
  has 0 peers
Evaluating 'protobufjs-cli' ...
  got ^8.0.0
  has 66 dependencies
  has 1 peers
Evaluating 'react-intl' ...
  got types/react
  has 5 dependencies
  has 2 peers
Evaluating 'toml' ...
  got 4.1.1
  has 0 dependencies
  has 0 peers
Evaluating 'lodash._reescape' ...
  got 3.0.0
  has 0 dependencies
  has 0 peers
Evaluating 'is-alphanumeric' ...
  got 1.0.0
  has 0 dependencies
  has 0 peers
Evaluating 'lodash._reevaluate' ...
  got 3.0.0
  has 0 dependencies
  has 0 peers
Evaluating 'mdast-util-compact' ...
  got 5.0.0
  has 7 dependencies
  has 0 peers
Evaluating 'array.prototype.map' ...
  got 1.0.8
  has 90 dependencies
  has 0 peers
Evaluating 'blakejs' ...
  got 1.2.1
  has 0 dependencies
  has 0 peers
Evaluating 'queue-tick' ...
  got 1.0.1
  has 0 dependencies
  has 0 peers
Evaluating 'livereload-js' ...
  got 4.0.2
  has 0 dependencies
  has 0 peers
Evaluating 'node-gyp-build-optional-packages' ...
  got 5.2.2
  has 1 dependencies
  has 0 peers
Evaluating '@types/d3-interpolate' ...
  got types/d3-interpolate
  has 1 dependencies
  has 0 peers
Evaluating 'keccak' ...
  got 3.0.4
  has 7 dependencies
  has 0 peers
Evaluating 'c8' ...
  got 11.0.0
  has 54 dependencies
  has 1 peers
Evaluating 'enzyme' ...
  got 3.11.0
  has 136 dependencies
  has 0 peers
Evaluating 'microseconds' ...
  got 0.2.0
  has 0 dependencies
  has 0 peers
Evaluating 'seedrandom' ...
  got 3.0.5
  has 0 dependencies
  has 0 peers
Evaluating 'apollo-server-express' ...
  got 3.13.0
  has 0 dependencies
  has 2 peers
Evaluating 'jsbi' ...
  got 4.3.2
  has 0 dependencies
  has 0 peers
Evaluating 'iterate-value' ...
  got 1.0.2
  has 32 dependencies
  has 0 peers
Evaluating 'julia' ...
  got 1.0.0
  has 0 dependencies
  has 0 peers
Evaluating 'quickselect' ...
  got 3.0.0
  has 0 dependencies
  has 0 peers
Evaluating '@aws-sdk/hash-stream-node' ...
  got aws-sdk/hash-stream-node
  has 6 dependencies
  has 0 peers
Evaluating 'swagger-parser' ...
  got 10.0.3
  has 14 dependencies
  has 0 peers
Evaluating 'iterate-iterator' ...
  got 1.0.2
  has 0 dependencies
  has 0 peers
Evaluating 'firebase-admin' ...
  ! package not resolved
Evaluating 'vscode-languageserver-textdocument' ...
  got 1.0.12
  has 0 dependencies
  has 0 peers
Evaluating '@fastify/error' ...
  got fastify/error
  has 0 dependencies
  has 0 peers
Evaluating 'tar-pack' ...
  got 3.4.1
  has 29 dependencies
  has 0 peers
Evaluating 'utility-types' ...
  got 3.11.0
  has 0 dependencies
  has 0 peers
Evaluating 'stylis-rule-sheet' ...
  got ^3.5.0
  has 0 dependencies
  has 1 peers
Evaluating 'prop-types-exact' ...
  got 1.2.7
  has 23 dependencies
  has 0 peers
Evaluating 'global-agent' ...
  got 4.1.3
  has 13 dependencies
  has 0 peers
Evaluating 'tempfile' ...
  got 6.0.1
  has 2 dependencies
  has 0 peers
Evaluating 'sortablejs' ...
  got 1.15.7
  has 0 dependencies
  has 0 peers
Evaluating '@azure/identity' ...
  got azure/identity
  has 42 dependencies
  has 0 peers
Evaluating 'file-selector' ...
  got 2.1.2
  has 1 dependencies
  has 0 peers
Evaluating '@angular/core' ...
  got angular/core
  has 0 dependencies
  has 3 peers
Evaluating '@angular/compiler' ...
  got angular/compiler
  has 1 dependencies
  has 0 peers
Evaluating 'shallow-equal' ...
  got 3.1.0
  has 0 dependencies
  has 0 peers
Evaluating '@types/underscore' ...
  got types/underscore
  has 0 dependencies
  has 0 peers
Evaluating 'reflect.ownkeys' ...
  got 1.1.6
  has 24 dependencies
  has 0 peers
Evaluating 'mqtt' ...
  got 5.15.1
  has 45 dependencies
  has 0 peers
Evaluating 'react-query' ...
  got ^16.8.0 || ^17.0.0 || ^18.0.0
  has 23 dependencies
  has 1 peers
Evaluating 'oblivious-set' ...
  got 2.0.0
  has 0 dependencies
  has 0 peers
Evaluating 'inline-style-prefixer' ...
  got 7.0.1
  has 2 dependencies
  has 0 peers
Evaluating 'flatpickr' ...
  got 4.6.13
  has 0 dependencies
  has 0 peers
Evaluating 'vscode-proxy-agent' ...
  got 0.12.0
  has 11 dependencies
  has 0 peers
Evaluating 'null-check' ...
  got 3.0.0
  has 0 dependencies
  has 0 peers
Evaluating 'fs-access' ...
  got 2.0.0
  has 1 dependencies
  has 0 peers
Evaluating '@sentry/tracing' ...
  got sentry/tracing
  has 4 dependencies
  has 0 peers
Evaluating 'jsonschema' ...
  got 1.5.0
  has 0 dependencies
  has 0 peers
Evaluating 'randomstring' ...
  got 1.3.1
  has 2 dependencies
  has 0 peers
Evaluating 'spdlog' ...
  ! package not resolved
Evaluating 'eslint-config-google' ...
  got >=5.16.0
  has 0 dependencies
  has 1 peers
Evaluating '@types/lodash.mergewith' ...
  got types/lodash.mergewith
  has 1 dependencies
  has 0 peers
Evaluating 'stream-to-array' ...
  got 2.3.0
  has 1 dependencies
  has 0 peers
Evaluating '@angular/common' ...
  got angular/common
  has 0 dependencies
  has 2 peers
Evaluating '@types/compression' ...
  got types/compression
  has 11 dependencies
  has 0 peers
Evaluating 'node-nats-streaming' ...
  got 0.3.2
  has 5 dependencies
  has 0 peers
Evaluating 'jsonpath-plus' ...
  got 10.4.0
  has 3 dependencies
  has 0 peers
Evaluating 'nocache' ...
  got 4.0.0
  has 0 dependencies
  has 0 peers
Evaluating 'tlds' ...
  got 1.261.0
  has 0 dependencies
  has 0 peers
Evaluating '@mapbox/point-geometry' ...
  got mapbox/point-geometry
  has 0 dependencies
  has 0 peers
Evaluating '@firebase/app' ...
  ! package not resolved
Evaluating '@opentelemetry/core' ...
  got opentelemetry/api
  has 1 dependencies
  has 1 peers
Evaluating '@cspotcode/source-map-consumer' ...
  got cspotcode/source-map-consumer
  has 0 dependencies
  has 0 peers
Evaluating 'gifwrap' ...
  got 0.10.1
  has 3 dependencies
  has 0 peers
Evaluating 'image-q' ...
  got 4.0.0
  has 1 dependencies
  has 0 peers
Evaluating 'dart' ...
  got 0.49.0
  has 1684 dependencies
  has 0 peers
Evaluating 'chai-as-promised' ...
  got >= 2.1.2 < 7
  has 1 dependencies
  has 1 peers
Evaluating '@vue/babel-sugar-composition-api-render-instance' ...
  got babel/core
  has 2 dependencies
  has 1 peers
Evaluating '@types/react-router-dom' ...
  got types/react-router-dom
  has 4 dependencies
  has 0 peers
Evaluating 'find-replace' ...
  got 5.0.2
  has 0 dependencies
  has 1 peers
Evaluating 'native-duplexpair' ...
  got 1.0.0
  has 0 dependencies
  has 0 peers
Evaluating '@vue/babel-sugar-composition-api-inject-h' ...
  got babel/core
  has 2 dependencies
  has 1 peers
Evaluating 'passport-oauth2' ...
  got 1.8.0
  has 5 dependencies
  has 0 peers
Evaluating 'command-line-args' ...
  got 6.0.2
  has 4 dependencies
  has 1 peers
Evaluating 'scmp' ...
  got 2.1.0
  has 0 dependencies
  has 0 peers
Evaluating '@jimp/plugin-threshold' ...
  got jimp/plugin-threshold
  has 32 dependencies
  has 0 peers
Evaluating 'promise.allsettled' ...
  got 1.0.7
  has 95 dependencies
  has 0 peers
Evaluating '@jimp/plugin-shadow' ...
  got jimp/plugin-shadow
  has 22 dependencies
  has 0 peers
Evaluating '@jimp/plugin-fisheye' ...
  got jimp/plugin-fisheye
  has 4 dependencies
  has 0 peers
Evaluating '@jimp/plugin-circle' ...
  got jimp/plugin-circle
  has 2 dependencies
  has 0 peers
Evaluating 'ethereum-cryptography' ...
  got 3.2.0
  has 6 dependencies
  has 0 peers
Evaluating 'regextras' ...
  got 0.8.0
  has 0 dependencies
  has 0 peers
Evaluating 'rlp' ...
  got 3.0.0
  has 0 dependencies
  has 0 peers
Evaluating 'is-odd' ...
  got 3.0.1
  has 1 dependencies
  has 0 peers
Evaluating 'eslint-plugin-html' ...
  got 8.1.4
  has 7 dependencies
  has 0 peers
Evaluating 'optional' ...
  got 0.1.4
  has 0 dependencies
  has 0 peers
Evaluating '@angular/platform-browser' ...
  got angular/common
  has 1 dependencies
  has 3 peers
Evaluating 'ethers' ...
  got 6.16.0
  has 8 dependencies
  has 0 peers
Evaluating 'word' ...
  got 0.4.0
  has 74 dependencies
  has 0 peers
Evaluating 'tabbable' ...
  got 6.4.0
  has 0 dependencies
  has 0 peers
Evaluating 'async-some' ...
  got 1.0.2
  has 3 dependencies
  has 0 peers
Evaluating 'os-shim' ...
  got 0.1.3
  has 0 dependencies
  has 0 peers
Evaluating 'cosmiconfig-typescript-loader' ...
  got types/node
  has 0 dependencies
  has 3 peers
Evaluating '@graphql-tools/delegate' ...
  got graphql-tools/delegate
  has 0 dependencies
  has 1 peers
Evaluating 'screenfull' ...
  got 6.0.2
  has 0 dependencies
  has 0 peers
Evaluating 'slick' ...
  got 1.12.2
  has 0 dependencies
  has 0 peers
Evaluating 'framesync' ...
  got 6.1.2
  has 1 dependencies
  has 0 peers
Evaluating 'extract-text-webpack-plugin' ...
  got 3.0.2
  has 0 dependencies
  has 1 peers
Evaluating '@angular/platform-browser-dynamic' ...
  got angular/common
  has 1 dependencies
  has 4 peers
Evaluating 'require-package-name' ...
  got 2.0.1
  has 0 dependencies
  has 0 peers
Evaluating 'react-resize-detector' ...
  got ^18.0.0 || ^19.0.0
  has 1 dependencies
  has 1 peers
Evaluating 'md5-hex' ...
  got 5.0.0
  has 1 dependencies
  has 0 peers
Evaluating '@jupyterlab/template' ...
  got jupyterlab/template
  has 0 dependencies
  has 0 peers
Evaluating 'lodash._basefor' ...
  got 3.0.3
  has 0 dependencies
  has 0 peers
Evaluating '@aws-sdk/eventstream-serde-node' ...
  got aws-sdk/eventstream-serde-node
  has 11 dependencies
  has 0 peers
Evaluating '@aws-sdk/eventstream-serde-universal' ...
  got aws-sdk/eventstream-serde-universal
  has 12 dependencies
  has 0 peers
Evaluating 'stream-parser' ...
  got 0.3.1
  has 2 dependencies
  has 0 peers
Evaluating '@opentelemetry/resources' ...
  got opentelemetry/api
  has 2 dependencies
  has 1 peers
Evaluating 'rst-selector-parser' ...
  got 2.2.3
  has 8 dependencies
  has 0 peers
Evaluating '@aws-sdk/eventstream-serde-config-resolver' ...
  got aws-sdk/eventstream-serde-config-resolver
  has 3 dependencies
  has 0 peers
Evaluating 'server' ...
  got 1.0.42
  has 210 dependencies
  has 0 peers
Evaluating 'merge-options' ...
  got 3.0.4
  has 1 dependencies
  has 0 peers
Evaluating 'conventional-recommended-bump' ...
  got 11.2.0
  has 8 dependencies
  has 0 peers
Evaluating 'babel-plugin-transform-react-jsx' ...
  got 6.24.1
  has 9 dependencies
  has 0 peers
Evaluating 'babel-helper-builder-react-jsx' ...
  got 6.26.0
  has 7 dependencies
  has 0 peers
Evaluating 'html-parse-stringify' ...
  got 3.0.1
  has 1 dependencies
  has 0 peers
Evaluating 'raf-schd' ...
  got 4.0.3
  has 0 dependencies
  has 0 peers
Evaluating '@aws-sdk/hash-blob-browser' ...
  got aws-sdk/hash-blob-browser
  has 8 dependencies
  has 0 peers
Evaluating 'node-machine-id' ...
  got 1.1.12
  has 0 dependencies
  has 0 peers
Evaluating '@aws-sdk/chunked-blob-reader' ...
  got aws-sdk/chunked-blob-reader
  has 2 dependencies
  has 0 peers
Evaluating '@angular/forms' ...
  got angular/common
  has 0 dependencies
  has 4 peers
Evaluating 'new-find-package-json' ...
  got 2.0.0
  has 2 dependencies
  has 0 peers
Evaluating 'is-hex-prefixed' ...
  got 1.0.0
  has 0 dependencies
  has 0 peers
Evaluating 'ethereumjs-util' ...
  got 7.1.5
  has 76 dependencies
  has 0 peers
Evaluating '@types/luxon' ...
  got types/luxon
  has 0 dependencies
  has 0 peers
Evaluating 'strip-hex-prefix' ...
  got 1.0.0
  has 1 dependencies
  has 0 peers
Evaluating 'i' ...
  got 0.3.7
  has 0 dependencies
  has 0 peers
Evaluating 'css-in-js-utils' ...
  got 3.1.0
  has 1 dependencies
  has 0 peers
Evaluating 'apollo-utilities' ...
  got 1.3.4
  has 0 dependencies
  has 1 peers
Evaluating '@fortawesome/react-fontawesome' ...
  got fortawesome/fontawesome-svg-core
  has 0 dependencies
  has 2 peers
Evaluating '@angular/router' ...
  got angular/common
  has 0 dependencies
  has 4 peers
Evaluating 'text-decoding' ...
  got 1.0.0
  has 0 dependencies
  has 0 peers
Evaluating '@aws-sdk/eventstream-serde-browser' ...
  got aws-sdk/eventstream-serde-browser
  has 13 dependencies
  has 0 peers
Evaluating 'has-own-prop' ...
  got 3.1.0
  has 0 dependencies
  has 0 peers
Evaluating '@edge-runtime/ponyfill' ...
  got edge-runtime/ponyfill
  has 0 dependencies
  has 0 peers
Evaluating 'jsonlint' ...
  got 1.6.3
  has 7 dependencies
  has 0 peers
Evaluating 'detab' ...
  got 3.0.2
  has 0 dependencies
  has 0 peers
Evaluating 'apollo-link' ...
  got 1.2.14
  has 0 dependencies
  has 1 peers
Evaluating 'hey-listen' ...
  got 1.0.8
  has 0 dependencies
  has 0 peers
Evaluating 'fastify-plugin' ...
  got 5.1.0
  has 0 dependencies
  has 0 peers
Evaluating 'get-proxy' ...
  got 2.1.0
  has 5 dependencies
  has 0 peers
Evaluating '@graphql-tools/batch-execute' ...
  got graphql-tools/batch-execute
  has 0 dependencies
  has 1 peers
Evaluating 'stack-generator' ...
  got 2.0.10
  has 1 dependencies
  has 0 peers
Evaluating '@tootallnate/quickjs-emscripten' ...
  got tootallnate/quickjs-emscripten
  has 0 dependencies
  has 0 peers
Evaluating 'imagemin' ...
  got 9.0.1
  has 58 dependencies
  has 0 peers
Evaluating 'thenby' ...
  got 1.4.1
  has 0 dependencies
  has 0 peers
Evaluating 'charset' ...
  got 1.0.1
  has 0 dependencies
  has 0 peers
Evaluating 'strong-log-transformer' ...
  got 2.1.0
  has 3 dependencies
  has 0 peers
Evaluating '@restart/ui' ...
  got restart/ui
  has 0 dependencies
  has 2 peers
Evaluating 'nwmatcher' ...
  got 1.4.4
  has 0 dependencies
  has 0 peers
Evaluating 'charcodes' ...
  got 0.2.1
  has 0 dependencies
  has 0 peers
Evaluating 'is-html' ...
  got 3.2.0
  has 1 dependencies
  has 0 peers
Evaluating 'jwk-to-pem' ...
  got 2.0.7
  has 11 dependencies
  has 0 peers
Evaluating 'caw' ...
  got 2.0.1
  has 13 dependencies
  has 0 peers
Evaluating 'native-promise-only' ...
  got 0.8.1
  has 0 dependencies
  has 0 peers
Evaluating 'extract-files' ...
  got 13.0.0
  has 1 dependencies
  has 0 peers
Evaluating 'clean-yaml-object' ...
  got 1.0.0
  has 1 dependencies
  has 0 peers
Evaluating '@fastify/deepmerge' ...
  got fastify/deepmerge
  has 0 dependencies
  has 0 peers
Evaluating '@mongodb-js/saslprep' ...
  got mongodb-js/saslprep
  has 2 dependencies
  has 0 peers
Evaluating 'promise-breaker' ...
  got 6.0.0
  has 0 dependencies
  has 0 peers
Evaluating 'fast-equals' ...
  got 6.0.0
  has 0 dependencies
  has 0 peers
Evaluating 'exenv' ...
  got 1.2.2
  has 0 dependencies
  has 0 peers
Evaluating 'fast-uri' ...
  got 3.1.0
  has 0 dependencies
  has 0 peers
Evaluating 'typed-rest-client' ...
  got 2.3.1
  has 25 dependencies
  has 0 peers
Evaluating 'transformers' ...
  got 3.1.0
  has 20 dependencies
  has 0 peers
Evaluating 'karma-firefox-launcher' ...
  got 2.1.3
  has 4 dependencies
  has 0 peers
Evaluating '@angular/compiler-cli' ...
  got angular/compiler
  has 58 dependencies
  has 2 peers
Evaluating '@types/babylon' ...
  got types/babylon
  has 1 dependencies
  has 0 peers
Evaluating 'gulp-sourcemaps' ...
  got 3.0.0
  has 49 dependencies
  has 0 peers
Evaluating 'benchmark' ...
  got 2.1.4
  has 2 dependencies
  has 0 peers
Evaluating 'dfa' ...
  got 1.2.0
  has 0 dependencies
  has 0 peers
Evaluating 'section-matter' ...
  got 1.0.0
  has 3 dependencies
  has 0 peers
Evaluating 'streamx' ...
  got 2.25.0
  has 5 dependencies
  has 0 peers
Evaluating 'mongodb-core' ...
  got 3.2.7
  has 8 dependencies
  has 0 peers
Evaluating 'fast-copy' ...
  got 4.0.3
  has 0 dependencies
  has 0 peers
Evaluating 'mkdirp-promise' ...
  got 5.0.1
  has 1 dependencies
  has 0 peers
Evaluating 'angular' ...
  got 1.8.3
  has 0 dependencies
  has 0 peers
Evaluating '@ngtools/webpack' ...
  got angular/compiler-cli
  has 0 dependencies
  has 3 peers
Evaluating '@rollup/plugin-json' ...
  got rollup/plugin-json
  has 4 dependencies
  has 1 peers
Evaluating 'which-builtin-type' ...
  got 1.2.1
  has 49 dependencies
  has 0 peers
Evaluating 'is-async-function' ...
  got 2.1.1
  has 17 dependencies
  has 0 peers
Evaluating 'is-finalizationregistry' ...
  got 1.1.1
  has 13 dependencies
  has 0 peers
Evaluating 'reflect.getprototypeof' ...
  got 1.0.10
  has 88 dependencies
  has 0 peers
Evaluating 'promise.prototype.finally' ...
  got 3.1.8
  has 89 dependencies
  has 0 peers
Evaluating 'lodash._arrayeach' ...
  got 3.0.0
  has 0 dependencies
  has 0 peers
Evaluating 'latex' ...
  got 0.0.1
  has 9 dependencies
  has 0 peers
Evaluating 'is-bluebird' ...
  got 1.0.2
  has 0 dependencies
  has 0 peers
Evaluating 'ts-dedent' ...
  got 2.2.0
  has 0 dependencies
  has 0 peers
Evaluating 'select2' ...
  got 4.1.0-rc.0
  has 0 dependencies
  has 0 peers
Evaluating 'cls-bluebird' ...
  got 2.1.0
  has 2 dependencies
  has 0 peers
Evaluating '@types/ejs' ...
  got types/ejs
  has 0 dependencies
  has 0 peers
Evaluating 'vscode-languageserver' ...
  got 9.0.1
  has 3 dependencies
  has 0 peers
Evaluating 'password-prompt' ...
  got 1.1.3
  has 8 dependencies
  has 0 peers
Evaluating 'unicode-properties' ...
  got 1.4.1
  has 4 dependencies
  has 0 peers
Evaluating '@azure/msal-browser' ...
  got azure/msal-browser
  has 1 dependencies
  has 0 peers
Evaluating 'kafkajs' ...
  got 2.2.4
  has 0 dependencies
  has 0 peers
Evaluating 'router' ...
  got 2.2.0
  has 6 dependencies
  has 0 peers
Evaluating 'conventional-changelog-conventionalcommits' ...
  got 9.3.1
  has 4 dependencies
  has 0 peers
Evaluating 'webpack-chain' ...
  got 6.5.1
  has 2 dependencies
  has 0 peers
Evaluating 'babel-plugin-transform-react-display-name' ...
  got 6.25.0
  has 3 dependencies
  has 0 peers
Evaluating 'copy-to' ...
  got 2.0.1
  has 0 dependencies
  has 0 peers
Evaluating 'markdown-it-emoji' ...
  got 3.0.0
  has 0 dependencies
  has 0 peers
Evaluating 'tiny-lr' ...
  got 2.0.0
  has 36 dependencies
  has 0 peers
Evaluating '@mdx-js/react' ...
  got mdx-js/react
  has 0 dependencies
  has 2 peers
Evaluating 'add-stream' ...
  got 1.0.0
  has 0 dependencies
  has 0 peers
Evaluating 'papaparse' ...
  got 5.5.3
  has 0 dependencies
  has 0 peers
Evaluating '@types/secp256k1' ...
  got types/secp256k1
  has 2 dependencies
  has 0 peers
Evaluating 'css-stringify' ...
  got 2.0.0
  has 9 dependencies
  has 0 peers
Evaluating 'should' ...
  got 13.2.3
  has 5 dependencies
  has 0 peers
Evaluating '@types/pbkdf2' ...
  got types/pbkdf2
  has 2 dependencies
  has 0 peers
Evaluating 'node-status-codes' ...
  got 3.0.0
  has 0 dependencies
  has 0 peers
Evaluating '@msgpackr-extract/msgpackr-extract-linux-x64' ...
  got msgpackr-extract/msgpackr-extract-linux-x64
  has 0 dependencies
  has 0 peers
Evaluating '@angular/animations' ...
  got angular/animations
  has 0 dependencies
  has 1 peers
Evaluating '@apollo/utils.logger' ...
  got apollo/utils.logger
  has 0 dependencies
  has 0 peers
Evaluating 'rc-input' ...
  got 1.8.0
  has 0 dependencies
  has 2 peers
Evaluating 'bottleneck' ...
  got 2.19.5
  has 0 dependencies
  has 0 peers
Evaluating 'axios-retry' ...
  got 0.x || 1.x
  has 1 dependencies
  has 1 peers
Evaluating '@fastify/fast-json-stringify-compiler' ...
  got fastify/fast-json-stringify-compiler
  has 11 dependencies
  has 0 peers
Evaluating 'graphql-subscriptions' ...
  got ^15.7.2 || ^16.0.0
  has 0 dependencies
  has 1 peers
Evaluating 'jasmine' ...
  got 6.2.0
  has 9 dependencies
  has 0 peers
Evaluating '@phc/format' ...
  got phc/format
  has 0 dependencies
  has 0 peers
Evaluating 'httpreq' ...
  got 1.1.1
  has 0 dependencies
  has 0 peers
Evaluating 'formatio' ...
  got 1.2.0
  has 1 dependencies
  has 0 peers
Evaluating 'lodash._arraycopy' ...
  got 3.0.0
  has 0 dependencies
  has 0 peers
Evaluating 'chartjs-color-string' ...
  got 0.6.0
  has 1 dependencies
  has 0 peers
Evaluating 'chartjs-color' ...
  got 2.4.1
  has 4 dependencies
  has 0 peers
Evaluating 'sequelize-cli' ...
  got 6.6.5
  has 85 dependencies
  has 0 peers
Evaluating 'eslint-config-standard-jsx' ...
  got ^8.8.0
  has 0 dependencies
  has 2 peers
Evaluating 'nbdime-jupyterlab' ...
  got 3.0.4
  has 405 dependencies
  has 0 peers
Evaluating 'webpack-core' ...
  got 0.6.9
  has 3 dependencies
  has 0 peers
Evaluating '@apollo/utils.keyvaluecache' ...
  got apollo/utils.keyvaluecache
  has 2 dependencies
  has 0 peers
Evaluating '@graphql-tools/wrap' ...
  got graphql-tools/wrap
  has 0 dependencies
  has 1 peers
Evaluating 'async-hook-jl' ...
  got 1.7.6
  has 1 dependencies
  has 0 peers
Evaluating 'cpu-features' ...
  ! package not resolved
Evaluating 'shasum-object' ...
  got 1.0.1
  has 1 dependencies
  has 0 peers
Evaluating '@commitlint/resolve-extends' ...
  got commitlint/resolve-extends
  has 16 dependencies
  has 0 peers
Evaluating 'asynciterator.prototype' ...
  got 1.0.0
  has 1 dependencies
  has 0 peers
Evaluating 'iterator.prototype' ...
  got 1.1.5
  has 16 dependencies
  has 0 peers
Evaluating 'stacktrace-parser' ...
  got 0.1.11
  has 1 dependencies
  has 0 peers
Evaluating '@commitlint/execute-rule' ...
  got commitlint/execute-rule
  has 0 dependencies
  has 0 peers
Evaluating 'airbnb-prop-types' ...
  got 2.16.0
  has 0 dependencies
  has 1 peers
Evaluating '@commitlint/load' ...
  got commitlint/load
  has 37 dependencies
  has 0 peers
Evaluating 'es-iterator-helpers' ...
  got 1.3.2
  has 90 dependencies
  has 0 peers
Evaluating 'email-validator' ...
  got 2.0.4
  has 0 dependencies
  has 0 peers
Evaluating 'b4a' ...
  got 1.8.0
  has 0 dependencies
  has 1 peers
Evaluating '@emotion/core' ...
  got emotion/core
  has 0 dependencies
  has 0 peers
Evaluating 'dnd-core' ...
  got 16.0.1
  has 4 dependencies
  has 0 peers
Evaluating 'postcss-url' ...
  got ^8.0.0
  has 9 dependencies
  has 1 peers
Evaluating 'react-dnd' ...
  got >= 16.14
  has 9 dependencies
  has 4 peers
Evaluating 'addressparser' ...
  got 1.0.1
  has 0 dependencies
  has 0 peers
Evaluating 'parseley' ...
  got 0.13.1
  has 2 dependencies
  has 0 peers
Evaluating 'selderee' ...
  got 0.12.0
  has 3 dependencies
  has 0 peers
Evaluating '@selderee/plugin-htmlparser2' ...
  got selderee/plugin-htmlparser2
  has 0 dependencies
  has 1 peers
Evaluating 'hast-util-is-element' ...
  got 3.0.0
  has 2 dependencies
  has 0 peers
Evaluating 'flow-parser' ...
  got 0.311.0
  has 0 dependencies
  has 0 peers
Evaluating 'react-dnd-html5-backend' ...
  got 16.0.1
  has 5 dependencies
  has 0 peers
Evaluating 'react-inspector' ...
  got ^18.0.0 || ^19.0.0
  has 0 dependencies
  has 1 peers
Evaluating '@types/tunnel' ...
  got types/tunnel
  has 2 dependencies
  has 0 peers
Evaluating 'bin-version' ...
  got 7.0.0
  has 28 dependencies
  has 0 peers
Evaluating 'semver-truncate' ...
  got 3.0.0
  has 1 dependencies
  has 0 peers
Evaluating 'bin-version-check' ...
  got 6.0.0
  has 31 dependencies
  has 0 peers
Evaluating 'vscode' ...
  got 1.1.37
  has 44 dependencies
  has 0 peers
Evaluating 'firebase' ...
  ! package not resolved
Evaluating 'es6-shim' ...
  got 0.35.8
  has 0 dependencies
  has 0 peers
Evaluating 'babel-plugin-transform-react-jsx-source' ...
  got 6.22.0
  has 4 dependencies
  has 0 peers
Evaluating 'babel-preset-react' ...
  got 6.24.1
  has 16 dependencies
  has 0 peers
Evaluating 'backbone' ...
  got 1.6.1
  has 1 dependencies
  has 0 peers
Evaluating 'argon2' ...
  ! package not resolved
Evaluating 'babel-plugin-syntax-async-generators' ...
  got 6.13.0
  has 0 dependencies
  has 0 peers
Evaluating 'safe-json-parse' ...
  got 4.0.0
  has 2 dependencies
  has 0 peers
Evaluating 'material-colors' ...
  got 1.2.6
  has 0 dependencies
  has 0 peers
Evaluating 'chai-http' ...
  got 5.1.2
  has 56 dependencies
  has 0 peers
Evaluating '@angular-devkit/build-angular' ...
  got angular-devkit/build-angular
  has 0 dependencies
  has 16 peers
Evaluating 'uniqid' ...
  got 5.4.0
  has 0 dependencies
  has 0 peers
Evaluating '@ethersproject/sha2' ...
  got ethersproject/sha2
  has 5 dependencies
  has 0 peers
Evaluating 'defu' ...
  got 6.1.7
  has 0 dependencies
  has 0 peers
Evaluating '@apollo/utils.sortast' ...
  got apollo/utils.sortast
  has 0 dependencies
  has 1 peers
Evaluating '@apollo/utils.stripsensitiveliterals' ...
  got apollo/utils.stripsensitiveliterals
  has 0 dependencies
  has 1 peers
Evaluating '@apollo/utils.removealiases' ...
  got apollo/utils.removealiases
  has 0 dependencies
  has 1 peers
Evaluating 'pem' ...
  got 1.14.8
  has 8 dependencies
  has 0 peers
Evaluating '@apollo/utils.usagereporting' ...
  got apollo/utils.usagereporting
  has 0 dependencies
  has 1 peers
Evaluating '@apollo/utils.printwithreducedwhitespace' ...
  got apollo/utils.printwithreducedwhitespace
  has 0 dependencies
  has 1 peers
Evaluating '@apollo/utils.dropunuseddefinitions' ...
  got apollo/utils.dropunuseddefinitions
  has 0 dependencies
  has 1 peers
Evaluating '@es-joy/jsdoccomment' ...
  got es-joy/jsdoccomment
  has 6 dependencies
  has 0 peers
Evaluating 'web3-utils' ...
  got 4.3.3
  has 42 dependencies
  has 0 peers
Evaluating 'sinon-chai' ...
  got ^5.0.0 || ^6.0.0
  has 0 dependencies
  has 2 peers
Evaluating 'react-draggable' ...
  got >= 16.3.0
  has 6 dependencies
  has 2 peers
Evaluating 'marked-terminal' ...
  got >=1 <16
  has 42 dependencies
  has 1 peers
Evaluating 'jsdoc-type-pratt-parser' ...
  got 7.2.0
  has 0 dependencies
  has 0 peers
Evaluating 'auto-bind' ...
  got 5.0.1
  has 0 dependencies
  has 0 peers
Evaluating '@opentelemetry/sdk-trace-base' ...
  got opentelemetry/api
  has 3 dependencies
  has 1 peers
Evaluating 'xml-js' ...
  got 1.6.11
  has 1 dependencies
  has 0 peers
Evaluating 'synchronous-promise' ...
  got 2.0.17
  has 0 dependencies
  has 0 peers
Evaluating 'azure-devops-node-api' ...
  got 15.1.2
  has 26 dependencies
  has 0 peers
Evaluating 'rollup-plugin-node-resolve' ...
  got >=1.11.0
  has 14 dependencies
  has 1 peers
Evaluating '@angular-devkit/build-webpack' ...
  got angular-devkit/build-webpack
  has 0 dependencies
  has 2 peers
Evaluating 'encode-utf8' ...
  got 2.0.0
  has 0 dependencies
  has 0 peers
Evaluating 'mkpath' ...
  got 1.0.0
  has 0 dependencies
  has 0 peers
Evaluating 'tmatch' ...
  got 5.0.0
  has 0 dependencies
  has 0 peers
Evaluating 'karma-mocha' ...
  got 2.0.1
  has 1 dependencies
  has 0 peers
Evaluating 'react-onclickoutside' ...
  got ^15.5.x || ^16.x || ^17.x || ^18.x
  has 0 dependencies
  has 2 peers
Evaluating 'remark-mdx' ...
  got 3.1.1
  has 72 dependencies
  has 0 peers
Evaluating 'googleapis' ...
  got 171.4.0
  has 44 dependencies
  has 0 peers
Evaluating '@types/inquirer' ...
  got types/inquirer
  has 5 dependencies
  has 0 peers
Evaluating 'express-fileupload' ...
  got 1.5.2
  has 2 dependencies
  has 0 peers
Evaluating 'use-memo-one' ...
  got ^16.8.0 || ^17.0.0 || ^18.0.0
  has 0 dependencies
  has 1 peers
Evaluating '@ethersproject/random' ...
  got ethersproject/random
  has 2 dependencies
  has 0 peers
Evaluating 'parsejson' ...
  got 0.0.3
  has 2 dependencies
  has 0 peers
Evaluating '@ethersproject/basex' ...
  got ethersproject/basex
  has 3 dependencies
  has 0 peers
Evaluating 'babel-plugin-transform-react-jsx-self' ...
  got 6.22.0
  has 4 dependencies
  has 0 peers
Evaluating 'should-type' ...
  got 1.4.0
  has 0 dependencies
  has 0 peers
Evaluating 'should-format' ...
  got 3.0.3
  has 3 dependencies
  has 0 peers
Evaluating 'should-equal' ...
  got 2.0.0
  has 1 dependencies
  has 0 peers
Evaluating 'mock-fs' ...
  got 5.5.0
  has 0 dependencies
  has 0 peers
Evaluating '@assemblyscript/loader' ...
  got assemblyscript/loader
  has 0 dependencies
  has 0 peers
Evaluating '@formatjs/ecma402-abstract' ...
  got formatjs/ecma402-abstract
  has 3 dependencies
  has 0 peers
Evaluating 'gulp-rename' ...
  got 2.1.0
  has 0 dependencies
  has 0 peers
Evaluating 'png-js' ...
  got 2.0.0
  has 1 dependencies
  has 0 peers
Evaluating 'mssql' ...
  got 12.5.0
  has 73 dependencies
  has 0 peers
Evaluating 'find-babel-config' ...
  got 2.1.2
  has 1 dependencies
  has 0 peers
Evaluating 'ts-api-utils' ...
  got 2.5.0
  has 0 dependencies
  has 1 peers
Evaluating '@vue/babel-preset-app' ...
  got vue/babel-preset-app
  has 195 dependencies
  has 3 peers
Evaluating 'portscanner' ...
  got 2.2.0
  has 4 dependencies
  has 0 peers
Evaluating 'stacktrace-js' ...
  got 2.0.2
  has 5 dependencies
  has 0 peers
Evaluating 'multistream' ...
  got 4.1.0
  has 7 dependencies
  has 0 peers
Evaluating 'stacktrace-gps' ...
  got 3.1.2
  has 2 dependencies
  has 0 peers
Evaluating '@nestjs/schedule' ...
  got nestjs/common
  has 3 dependencies
  has 2 peers
Evaluating '@ethersproject/pbkdf2' ...
  got ethersproject/pbkdf2
  has 6 dependencies
  has 0 peers
Evaluating '@ethersproject/providers' ...
  got ethersproject/providers
  has 32 dependencies
  has 0 peers
Evaluating 'set-getter' ...
  got 0.1.1
  has 3 dependencies
  has 0 peers
Evaluating '@firebase/auth' ...
  ! package not resolved
Evaluating '@ethersproject/wallet' ...
  got ethersproject/wallet
  has 36 dependencies
  has 0 peers
Evaluating '@ethersproject/json-wallets' ...
  got ethersproject/json-wallets
  has 35 dependencies
  has 0 peers
Evaluating '@ethersproject/wordlists' ...
  got ethersproject/wordlists
  has 27 dependencies
  has 0 peers
Evaluating 'github-url-from-username-repo' ...
  got 1.0.2
  has 0 dependencies
  has 0 peers
Evaluating '@ethersproject/hdnode' ...
  got ethersproject/hdnode
  has 31 dependencies
  has 0 peers
Evaluating 'bull' ...
  got 4.16.5
  has 22 dependencies
  has 0 peers
Evaluating 'fflate' ...
  got 0.8.2
  has 0 dependencies
  has 0 peers
Evaluating 'enzyme-shallow-equal' ...
  got 1.0.7
  has 19 dependencies
  has 0 peers
Evaluating 'browser-request' ...
  got 0.3.3
  has 0 dependencies
  has 0 peers
Evaluating 'html-element-map' ...
  got 1.4.0
  has 91 dependencies
  has 0 peers
Evaluating '@ethersproject/contracts' ...
  got ethersproject/contracts
  has 28 dependencies
  has 0 peers
Evaluating 'enzyme-adapter-utils' ...
  got 1.14.2
  has 0 dependencies
  has 1 peers
Evaluating 'redux-devtools-extension' ...
  got ^3.1.0 || ^4.0.0
  has 0 dependencies
  has 1 peers
Evaluating '@graphql-tools/mock' ...
  got graphql-tools/mock
  has 0 dependencies
  has 1 peers
Evaluating 'command-line-usage' ...
  got 7.0.4
  has 11 dependencies
  has 0 peers
Evaluating 'wordwrapjs' ...
  got 5.1.1
  has 0 dependencies
  has 0 peers
Evaluating '@mdx-js/mdx' ...
  got mdx-js/mdx
  has 111 dependencies
  has 0 peers
Evaluating '@firebase/firestore' ...
  ! package not resolved
Evaluating '@firebase/installations' ...
  ! package not resolved
Evaluating '@ethersproject/units' ...
  got ethersproject/units
  has 5 dependencies
  has 0 peers
Evaluating 'stripe' ...
  got 22.1.0
  has 0 dependencies
  has 1 peers
Evaluating 'babel-cli' ...
  got 6.26.0
  has 221 dependencies
  has 0 peers
Evaluating 'valid-data-url' ...
  got 5.0.0
  has 0 dependencies
  has 0 peers
Evaluating 'number-to-bn' ...
  got 1.7.0
  has 3 dependencies
  has 0 peers
Evaluating 'yapool' ...
  got 1.0.0
  has 0 dependencies
  has 0 peers
Evaluating 'module-alias' ...
  got 2.3.4
  has 0 dependencies
  has 0 peers
Evaluating '@types/emscripten' ...
  got types/emscripten
  has 0 dependencies
  has 0 peers
Evaluating '@firebase/messaging' ...
  ! package not resolved
Evaluating 'standard-engine' ...
  got 15.1.0
  has 19 dependencies
  has 0 peers
Evaluating '@firebase/storage' ...
  ! package not resolved
Evaluating '@firebase/analytics' ...
  ! package not resolved
Evaluating 'table-layout' ...
  got 4.1.1
  has 2 dependencies
  has 0 peers
Evaluating 'babel-plugin-transform-async-generator-functions' ...
  got 6.24.1
  has 29 dependencies
  has 0 peers
Evaluating '@vitejs/plugin-vue' ...
  got vitejs/plugin-vue
  has 0 dependencies
  has 2 peers
Evaluating '@firebase/functions' ...
  ! package not resolved
Evaluating '@firebase/storage-types' ...
  got firebase/app-types
  has 0 dependencies
  has 2 peers
Evaluating 'leaflet' ...
  got 1.9.4
  has 0 dependencies
  has 0 peers
Evaluating 'find-parent-dir' ...
  got 0.3.1
  has 0 dependencies
  has 0 peers
Evaluating '@firebase/firestore-types' ...
  got firebase/app-types
  has 0 dependencies
  has 2 peers
Evaluating 'csv-stringify' ...
  got 6.7.0
  has 0 dependencies
  has 0 peers
Evaluating '@firebase/webchannel-wrapper' ...
  got firebase/webchannel-wrapper
  has 0 dependencies
  has 0 peers
Evaluating 'lodash._createassigner' ...
  got 3.1.1
  has 3 dependencies
  has 0 peers
Evaluating '@firebase/auth-types' ...
  got firebase/app-types
  has 0 dependencies
  has 2 peers
Evaluating 'has-binary' ...
  got 0.1.7
  has 1 dependencies
  has 0 peers
Evaluating '@azure/core-http' ...
  got azure/core-http
  has 49 dependencies
  has 0 peers
Evaluating 'use-latest' ...
  got ^16.8.0 || ^17.0.0 || ^18.0.0 || ^19.0.0
  has 1 dependencies
  has 1 peers
Evaluating '@firebase/functions-types' ...
  got firebase/functions-types
  has 0 dependencies
  has 0 peers
Evaluating '@firebase/performance' ...
  ! package not resolved
Evaluating '@mapbox/unitbezier' ...
  got mapbox/unitbezier
  has 0 dependencies
  has 0 peers
Evaluating '@firebase/analytics-types' ...
  got firebase/analytics-types
  has 0 dependencies
  has 0 peers
Evaluating '@firebase/performance-types' ...
  got firebase/performance-types
  has 0 dependencies
  has 0 peers
Evaluating 'auth-api' ...
  ! package not resolved
Evaluating '@jupyterlab/git' ...
  got jupyterlab/git
  has 510 dependencies
  has 0 peers
Evaluating '@firebase/remote-config-types' ...
  got firebase/remote-config-types
  has 0 dependencies
  has 0 peers
Evaluating '@firebase/remote-config' ...
  ! package not resolved
Evaluating 'js' ...
  got 0.1.0
  has 2 dependencies
  has 0 peers
Evaluating '@ethersproject/solidity' ...
  got ethersproject/solidity
  has 12 dependencies
  has 0 peers
Evaluating 'juice' ...
  got 11.1.1
  has 32 dependencies
  has 0 peers
Evaluating 'web-resource-inliner' ...
  got 8.0.0
  has 10 dependencies
  has 0 peers
Evaluating 'csscolorparser' ...
  got 1.0.3
  has 0 dependencies
  has 0 peers
Evaluating 'intl-messageformat-parser' ...
  got 6.4.4
  has 2 dependencies
  has 0 peers
Evaluating '@mapbox/jsonlint-lines-primitives' ...
  got mapbox/jsonlint-lines-primitives
  has 0 dependencies
  has 0 peers
Evaluating 'trim-off-newlines' ...
  got 1.0.3
  has 0 dependencies
  has 0 peers
Evaluating 'puka' ...
  got 1.0.1
  has 0 dependencies
  has 0 peers
Evaluating 'httpntlm' ...
  got 1.8.13
  has 6 dependencies
  has 0 peers
Evaluating 'mensch' ...
  got 0.3.4
  has 0 dependencies
  has 0 peers
Evaluating '@vue/babel-plugin-jsx' ...
  got vue/babel-plugin-jsx
  has 34 dependencies
  has 1 peers
Evaluating 'ethjs-unit' ...
  got 0.1.6
  has 4 dependencies
  has 0 peers
Evaluating 'anser' ...
  got 2.3.5
  has 0 dependencies
  has 0 peers
Evaluating 'use-composed-ref' ...
  got ^16.8.0 || ^17.0.0 || ^18.0.0 || ^19.0.0
  has 0 dependencies
  has 1 peers
Evaluating '@vue/babel-helper-vue-transform-on' ...
  got vue/babel-helper-vue-transform-on
  has 0 dependencies
  has 0 peers
Evaluating '@apollo/client' ...
  got apollo/client
  has 0 dependencies
  has 6 peers
Evaluating 'koa-is-json' ...
  got 1.0.0
  has 0 dependencies
  has 0 peers
Evaluating 'googleapis-common' ...
  got 8.0.1
  has 43 dependencies
  has 0 peers
Evaluating 'unist-util-remove' ...
  got 4.0.0
  has 3 dependencies
  has 0 peers
Evaluating '@wry/trie' ...
  got wry/trie
  has 1 dependencies
  has 0 peers
Evaluating 'http-https' ...
  got 1.0.0
  has 0 dependencies
  has 0 peers
Evaluating '@types/ip' ...
  got types/ip
  has 2 dependencies
  has 0 peers
Evaluating 'babel-plugin-transform-runtime' ...
  got 6.23.0
  has 3 dependencies
  has 0 peers
Evaluating 'parse-semver' ...
  got 1.1.1
  has 1 dependencies
  has 0 peers
Evaluating '@commitlint/types' ...
  got commitlint/types
  has 4 dependencies
  has 0 peers
Evaluating '@types/sequelize' ...
  got types/sequelize
  has 21 dependencies
  has 0 peers
Evaluating '@types/continuation-local-storage' ...
  got types/continuation-local-storage
  has 2 dependencies
  has 0 peers
Evaluating 'reduce-flatten' ...
  got 3.0.1
  has 0 dependencies
  has 0 peers
Evaluating '@types/webpack-env' ...
  got types/webpack-env
  has 0 dependencies
  has 0 peers
Evaluating '@juggle/resize-observer' ...
  got juggle/resize-observer
  has 0 dependencies
  has 0 peers
Evaluating 'jupyterlab-jupytext' ...
  got 1.4.3
  has 401 dependencies
  has 0 peers
Evaluating 'markdown-it-container' ...
  got 4.0.0
  has 0 dependencies
  has 0 peers
Evaluating '@jsdoc/salty' ...
  got jsdoc/salty
  has 1 dependencies
  has 0 peers
Evaluating '@yarnpkg/libzip' ...
  got yarnpkg/libzip
  has 3 dependencies
  has 1 peers
Evaluating 'enzyme-adapter-react-16' ...
  got ^3.0.0
  has 0 dependencies
  has 3 peers
Evaluating '@yarnpkg/fslib' ...
  got yarnpkg/fslib
  has 1 dependencies
  has 0 peers
Evaluating 'thunkify' ...
  got 2.1.2
  has 0 dependencies
  has 0 peers
Evaluating '@kwsites/file-exists' ...
  got kwsites/file-exists
  has 2 dependencies
  has 0 peers
Evaluating '@oclif/linewrap' ...
  got oclif/linewrap
  has 0 dependencies
  has 0 peers
Evaluating '@kwsites/promise-deferred' ...
  got kwsites/promise-deferred
  has 0 dependencies
  has 0 peers
Evaluating 'js-message' ...
  got 2.1.0
  has 0 dependencies
  has 0 peers
Evaluating 'easy-stack' ...
  got 1.0.1
  has 0 dependencies
  has 0 peers
Evaluating '@faker-js/faker' ...
  got faker-js/faker
  has 0 dependencies
  has 0 peers
Evaluating 'better-opn' ...
  got 3.0.2
  has 4 dependencies
  has 0 peers
Evaluating 'mdast-squeeze-paragraphs' ...
  got 6.0.0
  has 5 dependencies
  has 0 peers
Evaluating '@types/mongoose' ...
  got types/mongoose
  has 18 dependencies
  has 0 peers
Evaluating 'safe-compare' ...
  got 1.1.4
  has 3 dependencies
  has 0 peers
Evaluating 'array-timsort' ...
  got 1.0.3
  has 0 dependencies
  has 0 peers
Evaluating 'remark-squeeze-paragraphs' ...
  got 6.0.0
  has 6 dependencies
  has 0 peers
Evaluating 'ethereum-bloom-filters' ...
  got 1.2.0
  has 1 dependencies
  has 0 peers
Evaluating 'char-spinner' ...
  got 2.0.0
  has 0 dependencies
  has 0 peers
Evaluating '@formatjs/icu-messageformat-parser' ...
  got formatjs/icu-messageformat-parser
  has 1 dependencies
  has 0 peers
Evaluating '@noble/hashes' ...
  got noble/hashes
  has 0 dependencies
  has 0 peers
Evaluating 'cls-hooked' ...
  got 4.2.2
  has 5 dependencies
  has 0 peers
Evaluating '@formatjs/icu-skeleton-parser' ...
  got formatjs/icu-skeleton-parser
  has 0 dependencies
  has 0 peers
Evaluating 'jscodeshift' ...
  got 17.3.0
  has 98 dependencies
  has 1 peers
Evaluating 'css-functions-list' ...
  got 3.3.3
  has 0 dependencies
  has 0 peers
Evaluating 'should-util' ...
  got 1.0.1
  has 0 dependencies
  has 0 peers
Evaluating 'should-type-adaptors' ...
  got 1.1.0
  has 2 dependencies
  has 0 peers
Evaluating 'spawn-sync' ...
  got 2.0.0
  has 0 dependencies
  has 0 peers
Evaluating 'hdr-histogram-js' ...
  got 3.0.1
  has 3 dependencies
  has 0 peers
Evaluating 'vscode-test' ...
  got 1.6.1
  has 41 dependencies
  has 0 peers
Evaluating 'generic-names' ...
  got 4.0.0
  has 1 dependencies
  has 0 peers
Evaluating 'lodash._baseflatten' ...
  got 4.2.1
  has 0 dependencies
  has 0 peers
Evaluating '@types/ioredis' ...
  got types/ioredis
  has 11 dependencies
  has 0 peers
Evaluating 'event-pubsub' ...
  got 5.0.3
  has 44 dependencies
  has 0 peers
Evaluating '@aws-sdk/util-stream-node' ...
  got aws-sdk/util-stream-node
  has 10 dependencies
  has 0 peers
Evaluating 'amqp-connection-manager' ...
  got 5.0.0
  has 0 dependencies
  has 1 peers
Evaluating '@headlessui/react' ...
  got headlessui/react
  has 0 dependencies
  has 2 peers
Evaluating '@react-dnd/invariant' ...
  got react-dnd/invariant
  has 0 dependencies
  has 0 peers
Evaluating '@react-dnd/asap' ...
  got react-dnd/asap
  has 0 dependencies
  has 0 peers
Evaluating '@react-dnd/shallowequal' ...
  got react-dnd/shallowequal
  has 0 dependencies
  has 0 peers
Evaluating '@formatjs/fast-memoize' ...
  got formatjs/fast-memoize
  has 0 dependencies
  has 0 peers
Evaluating 'svgo-loader' ...
  got 5.0.0
  has 19 dependencies
  has 0 peers
Evaluating 'vsce' ...
  got 2.15.0
  has 124 dependencies
  has 0 peers
Evaluating 'fp-ts' ...
  got 2.16.11
  has 0 dependencies
  has 0 peers
Evaluating 'pdfjs-dist' ...
  got 5.7.284
  has 3 dependencies
  has 0 peers
Evaluating 'devalue' ...
  got 5.7.1
  has 0 dependencies
  has 0 peers
Evaluating 'vue-demi' ...
  got ^3.0.0-0 || ^2.6.0
  has 0 dependencies
  has 2 peers
Evaluating '@firebase/app-compat' ...
  ! package not resolved
Evaluating 'rndm' ...
  got 1.2.0
  has 0 dependencies
  has 0 peers
Evaluating 'react-beautiful-dnd' ...
  got ^16.8.5 || ^17.0.0 || ^18.0.0
  has 0 dependencies
  has 2 peers
Evaluating 'reactcss' ...
  got 1.2.3
  has 1 dependencies
  has 0 peers
Evaluating '@commitlint/to-lines' ...
  got commitlint/to-lines
  has 0 dependencies
  has 0 peers
Evaluating '@commitlint/ensure' ...
  got commitlint/ensure
  has 10 dependencies
  has 0 peers
Evaluating '@formatjs/intl-localematcher' ...
  got formatjs/intl-localematcher
  has 1 dependencies
  has 0 peers
Evaluating '@commitlint/message' ...
  got commitlint/message
  has 0 dependencies
  has 0 peers
Evaluating '@commitlint/is-ignored' ...
  got commitlint/is-ignored
  has 6 dependencies
  has 0 peers
Evaluating 'config' ...
  got 4.4.1
  has 1 dependencies
  has 0 peers
Evaluating 'babel-plugin-syntax-decorators' ...
  got 6.13.0
  has 0 dependencies
  has 0 peers
Evaluating '@commitlint/rules' ...
  got commitlint/rules
  has 13 dependencies
  has 0 peers
Evaluating '@commitlint/parse' ...
  got commitlint/parse
  has 10 dependencies
  has 0 peers
Evaluating '@commitlint/lint' ...
  got commitlint/lint
  has 22 dependencies
  has 0 peers
Evaluating 'graphql-tools' ...
  got ^14.0.0 || ^15.0.0 || ^16.0.0 || ^17.0.0
  has 14 dependencies
  has 1 peers
Evaluating '@commitlint/format' ...
  got commitlint/format
  has 5 dependencies
  has 0 peers
Evaluating '@types/bcryptjs' ...
  got types/bcryptjs
  has 1 dependencies
  has 0 peers
Evaluating 'hyperlinker' ...
  got 1.0.0
  has 0 dependencies
  has 0 peers
Evaluating 'obliterator' ...
  got 2.0.5
  has 0 dependencies
  has 0 peers
Evaluating '@msgpackr-extract/msgpackr-extract-darwin-arm64' ...
  ! package not resolved
Evaluating '@commitlint/top-level' ...
  got commitlint/top-level
  has 1 dependencies
  has 0 peers
Evaluating '@commitlint/read' ...
  got commitlint/read
  has 13 dependencies
  has 0 peers
Evaluating 'find-index' ...
  got 1.1.1
  has 0 dependencies
  has 0 peers
Evaluating 'web3-eth-abi' ...
  got 4.4.1
  has 44 dependencies
  has 0 peers
Evaluating 'oboe' ...
  got 2.1.7
  has 1 dependencies
  has 0 peers
Evaluating 'store2' ...
  got 2.14.4
  has 0 dependencies
  has 0 peers
Evaluating 'hdr-histogram-percentiles-obj' ...
  got 3.0.0
  has 0 dependencies
  has 0 peers
Evaluating 'expand-braces' ...
  got 0.1.2
  has 6 dependencies
  has 0 peers
Evaluating '@commitlint/cli' ...
  got commitlint/cli
  has 80 dependencies
  has 0 peers
Evaluating 'natural-orderby' ...
  got 5.0.0
  has 0 dependencies
  has 0 peers
Evaluating '@aws-sdk/util-stream-browser' ...
  got aws-sdk/util-stream-browser
  has 12 dependencies
  has 0 peers
Evaluating 'maxmin' ...
  got 4.1.0
  has 11 dependencies
  has 0 peers
Evaluating '@types/redis' ...
  got types/redis
  has 7 dependencies
  has 0 peers
Evaluating '@swc/core' ...
  got swc/core
  has 4 dependencies
  has 1 peers
Evaluating 'is-number-like' ...
  got 1.0.8
  has 1 dependencies
  has 0 peers
Evaluating 'editions' ...
  got 6.22.0
  has 1 dependencies
  has 0 peers
Evaluating '@mdx-js/util' ...
  got mdx-js/util
  has 0 dependencies
  has 0 peers
Evaluating '@msgpackr-extract/msgpackr-extract-darwin-x64' ...
  ! package not resolved
Evaluating 'web3-core' ...
  got 4.7.1
  has 60 dependencies
  has 0 peers
Evaluating 'web3-eth-iban' ...
  got 4.0.7
  has 43 dependencies
  has 0 peers
Evaluating 'preact-compat' ...
  got <10
  has 12 dependencies
  has 1 peers
Evaluating 'write-pkg' ...
  got 7.0.0
  has 32 dependencies
  has 0 peers
Evaluating 'mnemonist' ...
  got 0.40.3
  has 1 dependencies
  has 0 peers
Evaluating '@types/formidable' ...
  got types/formidable
  has 2 dependencies
  has 0 peers
Evaluating '@msgpackr-extract/msgpackr-extract-linux-arm64' ...
  ! package not resolved
Evaluating '@msgpackr-extract/msgpackr-extract-win32-x64' ...
  ! package not resolved
Evaluating 'web3-providers-http' ...
  got 4.2.0
  has 48 dependencies
  has 0 peers
Evaluating 'chromium-bidi' ...
  got 15.0.0
  has 0 dependencies
  has 1 peers
Evaluating 'yaml-ast-parser' ...
  got 0.0.43
  has 0 dependencies
  has 0 peers
Evaluating 'tsame' ...
  got 2.0.1
  has 0 dependencies
  has 0 peers
Evaluating 'web3-providers-ipc' ...
  got 4.0.7
  has 43 dependencies
  has 0 peers
Evaluating 'web3-providers-ws' ...
  got 4.0.8
  has 48 dependencies
  has 0 peers
Evaluating '@msgpackr-extract/msgpackr-extract-linux-arm' ...
  ! package not resolved
Evaluating 'babel-plugin-lodash' ...
  got 3.3.4
  has 32 dependencies
  has 0 peers
Evaluating 'mailparser' ...
  got 3.9.8
  has 28 dependencies
  has 0 peers
Evaluating 'react-virtualized-auto-sizer' ...
  got ^18.0.0 || ^19.0.0
  has 0 dependencies
  has 2 peers
Evaluating 'multibase' ...
  got 4.0.6
  has 1 dependencies
  has 0 peers
Evaluating 'array-find' ...
  got 1.0.0
  has 0 dependencies
  has 0 peers
Evaluating 'semaphore' ...
  got 1.1.0
  has 0 dependencies
  has 0 peers
Evaluating 'weak-map' ...
  got 1.0.8
  has 0 dependencies
  has 0 peers
Evaluating 'web3' ...
  got 4.16.0
  has 73 dependencies
  has 0 peers
Evaluating 'babel-preset-stage-3' ...
  got 6.24.1
  has 39 dependencies
  has 0 peers
Evaluating 'swagger-jsdoc' ...
  got 6.2.8
  has 31 dependencies
  has 0 peers
Evaluating '@types/lodash.debounce' ...
  got types/lodash.debounce
  has 1 dependencies
  has 0 peers
Evaluating 'hash-stream-validation' ...
  got 0.2.4
  has 0 dependencies
  has 0 peers
Evaluating '@apollo/usage-reporting-protobuf' ...
  got apollo/usage-reporting-protobuf
  has 13 dependencies
  has 0 peers
Evaluating 'md5-o-matic' ...
  got 0.1.1
  has 0 dependencies
  has 0 peers
Evaluating 'sequelize-typescript' ...
  got types/node
  has 11 dependencies
  has 4 peers
Evaluating 'babel-plugin-apply-mdx-type-prop' ...
  got 2.0.0
  has 0 dependencies
  has 0 peers
Evaluating 'babel-plugin-extract-import-names' ...
  got 2.0.0
  has 0 dependencies
  has 0 peers
Evaluating 'body' ...
  got 5.1.0
  has 7 dependencies
  has 0 peers
Evaluating 'babel-preset-flow' ...
  got 6.23.0
  has 5 dependencies
  has 0 peers
Evaluating 'prompt' ...
  got 1.3.0
  has 13 dependencies
  has 0 peers
Evaluating 'unicode-length' ...
  got 2.1.0
  has 1 dependencies
  has 0 peers
Evaluating 'web3-eth-contract' ...
  got 4.7.2
  has 68 dependencies
  has 0 peers
Evaluating 'formdata-node' ...
  got 6.0.3
  has 0 dependencies
  has 0 peers
Evaluating '@types/d3-array' ...
  got types/d3-array
  has 0 dependencies
  has 0 peers
Evaluating '@radix-ui/react-use-callback-ref' ...
  got radix-ui/react-use-callback-ref
  has 0 dependencies
  has 2 peers
Evaluating '@swc/core-linux-x64-gnu' ...
  got swc/core-linux-x64-gnu
  has 0 dependencies
  has 0 peers
Evaluating 'objectorarray' ...
  got 1.0.5
  has 0 dependencies
  has 0 peers
Evaluating 'compression-webpack-plugin' ...
  got 12.0.0
  has 0 dependencies
  has 1 peers
Evaluating 'web3-eth-accounts' ...
  got 4.3.1
  has 45 dependencies
  has 0 peers
Evaluating '@firebase/app-check-interop-types' ...
  got firebase/app-check-interop-types
  has 0 dependencies
  has 0 peers
Evaluating '@firebase/app-check' ...
  ! package not resolved
Evaluating 'multiparty' ...
  got 4.2.3
  has 9 dependencies
  has 0 peers
Evaluating '@swc/core-linux-x64-musl' ...
  got swc/core-linux-x64-musl
  has 0 dependencies
  has 0 peers
Evaluating 'continuable-cache' ...
  got 0.3.1
  has 0 dependencies
  has 0 peers
Evaluating '@babel/runtime-corejs2' ...
  got babel/runtime-corejs2
  has 1 dependencies
  has 0 peers
Evaluating 'klaw-sync' ...
  got 7.0.0
  has 30 dependencies
  has 0 peers
Evaluating 'mout' ...
  got 1.2.4
  has 0 dependencies
  has 0 peers
Evaluating 'multihashes' ...
  got 4.0.3
  has 5 dependencies
  has 0 peers
Evaluating '@ungap/structured-clone' ...
  got ungap/structured-clone
  has 0 dependencies
  has 0 peers
Evaluating 'css-selector-parser' ...
  got 3.3.0
  has 0 dependencies
  has 0 peers
Evaluating 'imports-loader' ...
  got 5.0.0
  has 0 dependencies
  has 1 peers
Evaluating 'find-process' ...
  got 2.1.1
  has 8 dependencies
  has 0 peers
Evaluating '@vue/cli-shared-utils' ...
  got vue/cli-shared-utils
  has 99 dependencies
  has 0 peers
Evaluating 'endent' ...
  got 2.1.0
  has 3 dependencies
  has 0 peers
Evaluating 'react-server-dom-webpack' ...
  got ^19.2.5
  has 0 dependencies
  has 3 peers
Evaluating 'unixify' ...
  got 1.0.0
  has 2 dependencies
  has 0 peers
Evaluating 'web3-net' ...
  got 4.1.0
  has 62 dependencies
  has 0 peers
Evaluating 'web3-eth' ...
  got 4.11.1
  has 66 dependencies
  has 0 peers
Evaluating '@braintree/sanitize-url' ...
  got braintree/sanitize-url
  has 0 dependencies
  has 0 peers
Evaluating 'mocha-junit-reporter' ...
  got >=2.2.5
  has 10 dependencies
  has 1 peers
Evaluating 'babel-preset-stage-2' ...
  got 6.24.1
  has 47 dependencies
  has 0 peers
Evaluating '@oclif/plugin-help' ...
  got oclif/plugin-help
  has 42 dependencies
  has 0 peers
Evaluating 'keypress' ...
  got 0.2.1
  has 0 dependencies
  has 0 peers
Evaluating 'web3-eth-personal' ...
  got 4.1.0
  has 67 dependencies
  has 0 peers
Evaluating '@types/ansi-styles' ...
  got types/ansi-styles
  has 1 dependencies
  has 0 peers
Evaluating 'babel-plugin-transform-decorators' ...
  got 6.24.1
  has 28 dependencies
  has 0 peers
Evaluating 'babel-helper-explode-class' ...
  got 6.24.1
  has 25 dependencies
  has 0 peers
Evaluating 'babel-helper-bindify-decorators' ...
  got 6.24.1
  has 24 dependencies
  has 0 peers
Evaluating '@types/cheerio' ...
  got types/cheerio
  has 23 dependencies
  has 0 peers
Evaluating 'react-error-boundary' ...
  got ^18.0.0 || ^19.0.0
  has 0 dependencies
  has 1 peers
Evaluating 'multicodec' ...
  got 3.2.1
  has 3 dependencies
  has 0 peers
Evaluating 'strip-literal' ...
  got 3.1.0
  has 1 dependencies
  has 0 peers
Evaluating 'stat-mode' ...
  got 1.0.0
  has 0 dependencies
  has 0 peers
Evaluating 'babel-preset-fbjs' ...
  got babel/core
  has 67 dependencies
  has 1 peers
Evaluating 'nouislider' ...
  got 15.8.1
  has 0 dependencies
  has 0 peers
Evaluating 'fluent-ffmpeg' ...
  got 2.1.3
  has 3 dependencies
  has 0 peers
Evaluating '@types/diff' ...
  got types/diff
  has 1 dependencies
  has 0 peers
Evaluating 'web3-eth-ens' ...
  got 4.4.0
  has 70 dependencies
  has 0 peers
Evaluating 'nodemailer-fetch' ...
  got 2.1.0
  has 0 dependencies
  has 0 peers
Evaluating 'encoding-japanese' ...
  got 2.2.0
  has 0 dependencies
  has 0 peers
Evaluating 'react-color' ...
  got *
  has 11 dependencies
  has 1 peers
Evaluating 'revalidator' ...
  got 0.3.1
  has 0 dependencies
  has 0 peers
Evaluating 'eslint-plugin-mocha' ...
  got >=9.0.0
  has 3 dependencies
  has 1 peers
Evaluating 'buffer-to-arraybuffer' ...
  got 0.0.6
  has 0 dependencies
  has 0 peers
Evaluating 'xhr-request' ...
  got 1.1.0
  has 21 dependencies
  has 0 peers
Evaluating '@types/fancy-log' ...
  got types/fancy-log
  has 0 dependencies
  has 0 peers
Evaluating '@oclif/screen' ...
  got oclif/screen
  has 0 dependencies
  has 0 peers
Evaluating 'url-set-query' ...
  got 1.0.0
  has 0 dependencies
  has 0 peers
Evaluating 'cids' ...
  got 1.1.9
  has 8 dependencies
  has 0 peers
Evaluating '@hapi/accept' ...
  got hapi/accept
  has 2 dependencies
  has 0 peers
Evaluating '@types/js-cookie' ...
  got types/js-cookie
  has 0 dependencies
  has 0 peers
Evaluating 'stream-to-promise' ...
  got 3.0.0
  has 5 dependencies
  has 0 peers
Evaluating 'deasync' ...
  got 0.1.31
  has 3 dependencies
  has 0 peers
Evaluating 'make-plural' ...
  got 8.1.0
  has 0 dependencies
  has 0 peers
Evaluating 'numeral' ...
  got 2.0.6
  has 0 dependencies
  has 0 peers
Evaluating 'eventemitter-asyncresource' ...
  got 1.0.0
  has 0 dependencies
  has 0 peers
Evaluating 'wtf-8' ...
  got 1.0.1
  has 0 dependencies
  has 0 peers
Evaluating 'nodemailer-shared' ...
  got 2.0.0
  has 1 dependencies
  has 0 peers
Evaluating '@commitlint/config-conventional' ...
  got commitlint/config-conventional
  has 10 dependencies
  has 0 peers
Evaluating '@types/chai-subset' ...
  got types/chai
  has 0 dependencies
  has 1 peers
Evaluating '@js-joda/core' ...
  got js-joda/core
  has 0 dependencies
  has 0 peers
Evaluating 'autolinker' ...
  got 4.1.5
  has 1 dependencies
  has 0 peers
Evaluating 'semver-store' ...
  got 0.3.0
  has 0 dependencies
  has 0 peers
Evaluating 'os-filter-obj' ...
  got 2.0.0
  has 1 dependencies
  has 0 peers
Evaluating 'debug-log' ...
  got 2.0.0
  has 0 dependencies
  has 0 peers
Evaluating 'tinyqueue' ...
  got 3.0.0
  has 0 dependencies
  has 0 peers
Evaluating 'bin-check' ...
  got 4.1.0
  has 18 dependencies
  has 0 peers
Evaluating 'macaddress' ...
  got 0.5.4
  has 0 dependencies
  has 0 peers
Evaluating 'web3-core-helpers' ...
  got 1.10.3
  has 22 dependencies
  has 0 peers
Evaluating 'class-is' ...
  got 1.1.0
  has 0 dependencies
  has 0 peers
Evaluating '@nicolo-ribaudo/semver-v6' ...
  got nicolo-ribaudo/semver-v6
  has 0 dependencies
  has 0 peers
Evaluating 'nice-napi' ...
  got 1.0.2
  has 2 dependencies
  has 0 peers
Evaluating 'style-value-types' ...
  got 5.1.2
  has 2 dependencies
  has 0 peers
Evaluating 'buildcheck' ...
  got 0.0.7
  has 0 dependencies
  has 0 peers
Evaluating 'eth-lib' ...
  got 0.1.29
  has 149 dependencies
  has 0 peers
Evaluating 'preact-debug' ...
  ! package not resolved
Evaluating 'test-utils' ...
  got 1.1.1
  has 75 dependencies
  has 0 peers
Evaluating 'isomorphic-unfetch' ...
  got 4.0.2
  has 7 dependencies
  has 0 peers
Evaluating 'mailsplit' ...
  got 5.4.6
  has 6 dependencies
  has 0 peers
Evaluating 'chevrotain' ...
  got 12.0.0
  has 5 dependencies
  has 0 peers
Evaluating 'web3-core-subscriptions' ...
  got 1.10.3
  has 24 dependencies
  has 0 peers
Evaluating 'request-ip' ...
  got 3.3.0
  has 0 dependencies
  has 0 peers
Evaluating 'web3-core-method' ...
  got 1.10.3
  has 45 dependencies
  has 0 peers
Evaluating '@yarnpkg/shell' ...
  got yarnpkg/shell
  has 39 dependencies
  has 0 peers
Evaluating 'web3-core-promievent' ...
  got 1.10.3
  has 1 dependencies
  has 0 peers
Evaluating '@yarnpkg/core' ...
  got yarnpkg/core
  has 96 dependencies
  has 0 peers
Evaluating 'xml-crypto' ...
  got 6.1.2
  has 3 dependencies
  has 0 peers
Evaluating 'glob2base' ...
  got 0.0.12
  has 1 dependencies
  has 0 peers
Evaluating 'piscina' ...
  got 5.1.4
  has 3 dependencies
  has 0 peers
Evaluating 'parse-git-config' ...
  got 3.0.0
  has 2 dependencies
  has 0 peers
Evaluating 'web3-core-requestmanager' ...
  got 1.10.3
  has 85 dependencies
  has 0 peers
Evaluating 'walkdir' ...
  got 0.4.1
  has 0 dependencies
  has 0 peers
Evaluating 'xhr-request-promise' ...
  got 0.1.3
  has 22 dependencies
  has 0 peers
Evaluating 'jsonpath' ...
  got 1.3.0
  has 8 dependencies
  has 0 peers
Evaluating '@yarnpkg/pnp' ...
  got yarnpkg/pnp
  has 4 dependencies
  has 0 peers
Evaluating 'rc-segmented' ...
  got 2.7.1
  has 0 dependencies
  has 2 peers
Evaluating 'datatables.net' ...
  got 2.3.8
  has 1 dependencies
  has 0 peers
Evaluating 'superagent-proxy' ...
  got >= 0.15.4 || 1 || 2 || 3
  has 60 dependencies
  has 1 peers
Evaluating 'temp-write' ...
  got 6.0.1
  has 3 dependencies
  has 0 peers
Evaluating 'tryit' ...
  got 1.0.3
  has 0 dependencies
  has 0 peers
Evaluating '@types/slice-ansi' ...
  got types/slice-ansi
  has 4 dependencies
  has 0 peers
Evaluating 'jest-junit' ...
  got 17.0.0
  has 5 dependencies
  has 0 peers
Evaluating '@csstools/css-parser-algorithms' ...
  got csstools/css-parser-algorithms
  has 0 dependencies
  has 1 peers
Evaluating '@types/d3-timer' ...
  got types/d3-timer
  has 0 dependencies
  has 0 peers
Evaluating '@csstools/css-tokenizer' ...
  got csstools/css-tokenizer
  has 0 dependencies
  has 0 peers
Evaluating 'popmotion' ...
  got 11.0.5
  has 4 dependencies
  has 0 peers
Evaluating 'saucelabs' ...
  got 9.0.2
  has 135 dependencies
  has 0 peers
Evaluating 'deprecated-decorator' ...
  got 0.1.6
  has 0 dependencies
  has 0 peers
Evaluating 'promiseback' ...
  got 2.0.3
  has 4 dependencies
  has 0 peers
Evaluating 'json-file-plus' ...
  got 4.0.1
  has 4 dependencies
  has 0 peers
Evaluating '@types/lodash.union' ...
  got types/lodash.union
  has 1 dependencies
  has 0 peers
Evaluating 'earcut' ...
  got 3.0.2
  has 0 dependencies
  has 0 peers
Evaluating 'promise-deferred' ...
  got 2.0.4
  has 2 dependencies
  has 0 peers
Evaluating 'zustand' ...
  got 5.0.12
  has 0 dependencies
  has 4 peers
Evaluating 'posthtml-render' ...
  got 3.0.0
  has 1 dependencies
  has 0 peers
Evaluating 'standard' ...
  got 17.1.2
  has 263 dependencies
  has 0 peers
Evaluating 'es-aggregate-error' ...
  got 1.0.14
  has 89 dependencies
  has 0 peers
Evaluating 'posthtml-parser' ...
  got 0.12.1
  has 6 dependencies
  has 0 peers
Evaluating 'posthtml' ...
  got 0.16.7
  has 10 dependencies
  has 0 peers
Evaluating 'fetch-retry' ...
  got 6.0.0
  has 0 dependencies
  has 0 peers
Evaluating '@azure/keyvault-keys' ...
  got azure/keyvault-keys
  has 18 dependencies
  has 0 peers
Evaluating '@types/treeify' ...
  got types/treeify
  has 0 dependencies
  has 0 peers
Evaluating '@types/agent-base' ...
  got types/agent-base
  has 1 dependencies
  has 0 peers
Evaluating 'canvas' ...
  ! package not resolved
Evaluating 'dagre' ...
  got 0.8.5
  has 2 dependencies
  has 0 peers
Evaluating 'pkg-types' ...
  got 2.3.1
  has 3 dependencies
  has 0 peers
Evaluating 'mlly' ...
  got 1.8.2
  has 5 dependencies
  has 0 peers
Evaluating '@date-io/core' ...
  got date-io/core
  has 0 dependencies
  has 0 peers
Evaluating '@arcanis/slice-ansi' ...
  got arcanis/slice-ansi
  has 0 dependencies
  has 0 peers
Evaluating 'fast-content-type-parse' ...
  got 3.0.0
  has 0 dependencies
  has 0 peers
Evaluating '@babel/helper-builder-react-jsx-experimental' ...
  got babel/helper-builder-react-jsx-experimental
  has 20 dependencies
  has 0 peers
Evaluating 'yorkie' ...
  got 2.0.0
  has 20 dependencies
  has 0 peers
Evaluating '@types/passport-local' ...
  got types/passport-local
  has 13 dependencies
  has 0 peers
Evaluating 'react-docgen' ...
  got 8.0.3
  has 55 dependencies
  has 0 peers
Evaluating 'react-chartjs-2' ...
  got ^4.1.1
  has 0 dependencies
  has 2 peers
Evaluating 'git-config-path' ...
  got 2.0.0
  has 0 dependencies
  has 0 peers
Evaluating '@zxing/text-encoding' ...
  got zxing/text-encoding
  has 0 dependencies
  has 0 peers
Evaluating 'vasync' ...
  got 2.2.1
  has 4 dependencies
  has 0 peers
Evaluating 'lodash._baseisequal' ...
  got 4.1.1
  has 3 dependencies
  has 0 peers
Evaluating 'dotignore' ...
  got 0.1.2
  has 4 dependencies
  has 0 peers
Evaluating 'openurl' ...
  got 1.1.1
  has 0 dependencies
  has 0 peers
Evaluating 'create-jest' ...
  ! package not resolved
Evaluating '@yarnpkg/json-proxy' ...
  got yarnpkg/json-proxy
  has 3 dependencies
  has 0 peers
Evaluating 'graphql-request' ...
  got 14 - 16
  has 1 dependencies
  has 1 peers
Evaluating 'json2csv' ...
  got 6.0.0-alpha.2
  has 3 dependencies
  has 0 peers
Evaluating 'destr' ...
  got 2.0.5
  has 0 dependencies
  has 0 peers
Evaluating 'is-integer' ...
  got 1.0.7
  has 1 dependencies
  has 0 peers
Evaluating '@types/cron' ...
  got types/cron
  has 3 dependencies
  has 0 peers
Evaluating 'enquire.js' ...
  got 2.1.6
  has 0 dependencies
  has 0 peers
Evaluating 'eth-ens-namehash' ...
  got 2.0.8
  has 3 dependencies
  has 0 peers
Evaluating 'idna-uts46-hx' ...
  got 6.1.7
  has 2 dependencies
  has 0 peers
Evaluating '@oclif/errors' ...
  got oclif/errors
  has 16 dependencies
  has 0 peers
Evaluating 'fast-memoize' ...
  got 2.5.2
  has 0 dependencies
  has 0 peers
Evaluating 'mailcomposer' ...
  got 4.0.2
  has 9 dependencies
  has 0 peers
Evaluating 'es5-shim' ...
  got 4.6.7
  has 0 dependencies
  has 0 peers
Evaluating 'is-whitespace' ...
  got 0.3.0
  has 0 dependencies
  has 0 peers
Evaluating 'bundle-require' ...
  got 5.1.0
  has 0 dependencies
  has 1 peers
Evaluating '@firebase/installations-types' ...
  got firebase/app-types
  has 0 dependencies
  has 1 peers
Evaluating 'conf' ...
  got 15.1.0
  has 19 dependencies
  has 0 peers
Evaluating 'openai' ...
  got 6.34.0
  has 0 dependencies
  has 2 peers
Evaluating 'react-hot-loader' ...
  got ^15.0.0 || ^16.0.0 || ^17.0.0
  has 18 dependencies
  has 3 peers
Evaluating 'lodash._basedifference' ...
  got 4.5.0
  has 1 dependencies
  has 0 peers
Evaluating 'rotating-file-stream' ...
  got 3.2.9
  has 0 dependencies
  has 0 peers
Evaluating 'heap' ...
  got 0.2.7
  has 0 dependencies
  has 0 peers
Evaluating 'html2canvas' ...
  got 1.4.1
  has 4 dependencies
  has 0 peers
Evaluating 'web3-shh' ...
  got 1.10.3
  has 112 dependencies
  has 0 peers
Evaluating 'swarm-js' ...
  got 0.1.42
  has 198 dependencies
  has 0 peers
Evaluating 'passport-google-oauth20' ...
  got 2.0.0
  has 6 dependencies
  has 0 peers
Evaluating 'react-shallow-renderer' ...
  got ^16.0.0 || ^17.0.0 || ^18.0.0
  has 2 dependencies
  has 1 peers
Evaluating 'nano-json-stream-parser' ...
  got 0.1.2
  has 0 dependencies
  has 0 peers
Evaluating 'servify' ...
  got 0.1.12
  has 122 dependencies
  has 0 peers
Evaluating 'web3-bzz' ...
  got 1.10.3
  has 208 dependencies
  has 0 peers
Evaluating 'twilio' ...
  got 6.0.0
  has 51 dependencies
  has 0 peers
Evaluating 'fastest-stable-stringify' ...
  got 2.0.2
  has 0 dependencies
  has 0 peers
Evaluating 'bower' ...
  got 1.8.14
  has 0 dependencies
  has 0 peers
Evaluating 'deep-diff' ...
  got 1.0.2
  has 0 dependencies
  has 0 peers
Evaluating 'decimal.js-light' ...
  got 2.5.1
  has 0 dependencies
  has 0 peers
Evaluating 'vscode-nls' ...
  got 5.2.0
  has 0 dependencies
  has 0 peers
Evaluating 'async-lock' ...
  got 1.4.1
  has 0 dependencies
  has 0 peers
Evaluating 'app-root-dir' ...
  got 1.0.2
  has 0 dependencies
  has 0 peers
Evaluating 'rtl-css-js' ...
  got 1.16.1
  has 1 dependencies
  has 0 peers
Evaluating 'recharts-scale' ...
  got 0.4.5
  has 1 dependencies
  has 0 peers
Evaluating '@sentry/browser' ...
  got sentry/browser
  has 5 dependencies
  has 0 peers
Evaluating '@types/mute-stream' ...
  got types/mute-stream
  has 2 dependencies
  has 0 peers
Evaluating 'react-smooth' ...
  got ^16.8.0 || ^17.0.0 || ^18.0.0 || ^19.0.0
  has 10 dependencies
  has 2 peers
Evaluating 'recharts' ...
  got ^16.8.0 || ^17.0.0 || ^18.0.0 || ^19.0.0
  has 38 dependencies
  has 3 peers
Evaluating '@firebase/auth-compat' ...
  ! package not resolved
Evaluating 'is-gzip' ...
  got 2.0.0
  has 0 dependencies
  has 0 peers
Evaluating 'semver-utils' ...
  got 1.1.4
  has 0 dependencies
  has 0 peers
Evaluating '@firebase/messaging-interop-types' ...
  got firebase/messaging-interop-types
  has 0 dependencies
  has 0 peers
Evaluating '@firebase/functions-compat' ...
  ! package not resolved
Evaluating 'btoa-lite' ...
  got 1.0.0
  has 0 dependencies
  has 0 peers
Evaluating '@firebase/firestore-compat' ...
  ! package not resolved
Evaluating '@puppeteer/browsers' ...
  got puppeteer/browsers
  has 72 dependencies
  has 0 peers
Evaluating '@firebase/storage-compat' ...
  ! package not resolved
Evaluating '@firebase/messaging-compat' ...
  ! package not resolved
Evaluating '@firebase/analytics-compat' ...
  ! package not resolved
Evaluating '@firebase/remote-config-compat' ...
  ! package not resolved
Evaluating '@firebase/app-check-compat' ...
  ! package not resolved
Evaluating '@firebase/performance-compat' ...
  ! package not resolved
Evaluating '@oclif/config' ...
  got oclif/config
  has 51 dependencies
  has 0 peers
Evaluating '@oclif/parser' ...
  got oclif/parser
  has 22 dependencies
  has 0 peers
Evaluating '@types/yallist' ...
  got types/yallist
  has 1 dependencies
  has 0 peers
Evaluating '@oclif/command' ...
  got oclif/command
  has 58 dependencies
  has 1 peers
Evaluating 'vue-i18n' ...
  got ^3.0.0
  has 6 dependencies
  has 1 peers
Evaluating 'reserved-words' ...
  got 0.1.2
  has 0 dependencies
  has 0 peers
Evaluating 'postcss-load-plugins' ...
  got 2.3.0
  has 13 dependencies
  has 0 peers
Evaluating 'meros' ...
  got 1.3.2
  has 0 dependencies
  has 1 peers
Evaluating 'prettyjson' ...
  got 1.2.5
  has 2 dependencies
  has 0 peers
Evaluating 'JSV' ...
  got 4.0.2
  has 0 dependencies
  has 0 peers
Evaluating '@date-io/date-fns' ...
  got date-io/date-fns
  has 1 dependencies
  has 1 peers
Evaluating 'casperjs' ...
  got 1.1.4
  has 0 dependencies
  has 0 peers
Evaluating 'swr' ...
  got ^16.11.0 || ^17.0.0 || ^18.0.0 || ^19.0.0
  has 2 dependencies
  has 1 peers
Evaluating 'combine-lists' ...
  got 1.0.1
  has 1 dependencies
  has 0 peers
Evaluating '@vue/cli-service' ...
  got vue/cli-service
  has 653 dependencies
  has 2 peers
Evaluating 'stream-consume' ...
  got 0.1.1
  has 0 dependencies
  has 0 peers
Evaluating 'map-or-similar' ...
  got 1.5.0
  has 0 dependencies
  has 0 peers
Evaluating '@vue/cli-overlay' ...
  got vue/cli-overlay
  has 0 dependencies
  has 0 peers
Evaluating 'memoizerific' ...
  got 1.11.3
  has 1 dependencies
  has 0 peers
Evaluating '@fortawesome/free-brands-svg-icons' ...
  got fortawesome/free-brands-svg-icons
  has 1 dependencies
  has 0 peers
Evaluating '@vue/web-component-wrapper' ...
  got vue/web-component-wrapper
  has 0 dependencies
  has 0 peers
Evaluating '@types/negotiator' ...
  got types/negotiator
  has 0 dependencies
  has 0 peers
Evaluating 'pretty' ...
  got 2.0.0
  has 58 dependencies
  has 0 peers
Evaluating 'lodash._objecttypes' ...
  got 2.4.1
  has 0 dependencies
  has 0 peers
Evaluating 'uri-path' ...
  got 1.0.0
  has 0 dependencies
  has 0 peers
Evaluating 'cson-parser' ...
  got 4.0.9
  has 1 dependencies
  has 0 peers
Evaluating 'grunt-contrib-uglify' ...
  got 5.2.2
  has 15 dependencies
  has 0 peers
Evaluating 'kdbush' ...
  got 4.0.2
  has 0 dependencies
  has 0 peers
Evaluating 'content-hash' ...
  got 2.5.2
  has 13 dependencies
  has 0 peers
Evaluating 'hbs' ...
  got 4.2.1
  has 8 dependencies
  has 0 peers
Evaluating 'win-release' ...
  got 3.0.0
  has 15 dependencies
  has 0 peers
Evaluating '@commitlint/config-validator' ...
  got commitlint/config-validator
  has 10 dependencies
  has 0 peers
Evaluating '@types/cli-table' ...
  got types/cli-table
  has 0 dependencies
  has 0 peers
Evaluating '@csstools/media-query-list-parser' ...
  got csstools/css-parser-algorithms
  has 0 dependencies
  has 2 peers
Evaluating 'babel-plugin-module-resolver' ...
  got 5.0.3
  has 26 dependencies
  has 0 peers
Evaluating 'node-rsa' ...
  got 1.1.1
  has 2 dependencies
  has 0 peers
Evaluating '@material-ui/lab' ...
  got material-ui/core
  has 0 dependencies
  has 4 peers
Evaluating '@koa/router' ...
  got koa/router
  has 0 dependencies
  has 1 peers
Evaluating 'supercluster' ...
  got 8.0.1
  has 1 dependencies
  has 0 peers
Evaluating '@types/lodash.omit' ...
  got types/lodash.omit
  has 1 dependencies
  has 0 peers
Evaluating '@types/isexe' ...
  got types/isexe
  has 2 dependencies
  has 0 peers
Evaluating 'regexp-to-ast' ...
  got 0.5.0
  has 0 dependencies
  has 0 peers
Evaluating 'react-use' ...
  got *
  has 33 dependencies
  has 2 peers
Evaluating 'react-datepicker' ...
  got ^16.9.0 || ^17 || ^18 || ^19 || ^19.0.0-rc
  has 0 dependencies
  has 3 peers
Evaluating 'chrome-remote-interface' ...
  got 0.34.0
  has 2 dependencies
  has 0 peers
Evaluating 'karma-mocha-reporter' ...
  got >=0.13
  has 10 dependencies
  has 1 peers
Evaluating 'utile' ...
  got 0.3.0
  has 18 dependencies
  has 0 peers
Evaluating '@types/abbrev' ...
  got types/abbrev
  has 0 dependencies
  has 0 peers
Evaluating '@types/are-we-there-yet' ...
  got types/are-we-there-yet
  has 2 dependencies
  has 0 peers
Evaluating 'bower-config' ...
  got 1.4.3
  has 8 dependencies
  has 0 peers
Evaluating '@types/end-of-stream' ...
  got types/end-of-stream
  has 2 dependencies
  has 0 peers
Evaluating '@types/spdx-expression-parse' ...
  got types/spdx-expression-parse
  has 0 dependencies
  has 0 peers
Evaluating 'katex' ...
  got 0.16.45
  has 1 dependencies
  has 0 peers
Evaluating '@types/string-width' ...
  got types/string-width
  has 4 dependencies
  has 0 peers
Evaluating '@types/defaults' ...
  got types/defaults
  has 0 dependencies
  has 0 peers
Evaluating 'event-bus' ...
  ! package not resolved
Evaluating 'string.prototype.padstart' ...
  got 3.1.7
  has 89 dependencies
  has 0 peers
Evaluating 'chromedriver' ...
  ! package not resolved
Evaluating '@types/osenv' ...
  got types/osenv
  has 0 dependencies
  has 0 peers
Evaluating '@types/imurmurhash' ...
  got types/imurmurhash
  has 0 dependencies
  has 0 peers
Evaluating '@types/json-parse-better-errors' ...
  got types/json-parse-better-errors
  has 0 dependencies
  has 0 peers
Evaluating 'exports-loader' ...
  got 5.0.0
  has 0 dependencies
  has 1 peers
Evaluating '@tailwindcss/forms' ...
  got tailwindcss/forms
  has 0 dependencies
  has 1 peers
Evaluating 'object-treeify' ...
  got 5.0.1
  has 0 dependencies
  has 0 peers
Evaluating '@types/iferr' ...
  got types/iferr
  has 0 dependencies
  has 0 peers
Evaluating '@types/promise-inflight' ...
  got types/promise-inflight
  has 0 dependencies
  has 0 peers
Evaluating 'monaco-editor' ...
  got 0.55.1
  has 3 dependencies
  has 0 peers
Evaluating 'esprima-fb' ...
  got 15001.1001.0-dev-harmony-fb
  has 0 dependencies
  has 0 peers
Evaluating '@types/cli-table2' ...
  got types/cli-table2
  has 0 dependencies
  has 0 peers
Evaluating '@types/ip-regex' ...
  got types/ip-regex
  has 1 dependencies
  has 0 peers
Evaluating 'hast-util-to-html' ...
  got 9.0.5
  has 30 dependencies
  has 0 peers
Evaluating '@types/signal-exit' ...
  got types/signal-exit
  has 1 dependencies
  has 0 peers
Evaluating 'ast-transform' ...
  got 0.0.0
  has 7 dependencies
  has 0 peers
Evaluating 'condense-newlines' ...
  got 0.2.1
  has 5 dependencies
  has 0 peers
Evaluating 'browserify-optional' ...
  got 1.0.1
  has 11 dependencies
  has 0 peers
Evaluating '@soda/friendly-errors-webpack-plugin' ...
  got soda/friendly-errors-webpack-plugin
  has 0 dependencies
  has 1 peers
Evaluating '@fortawesome/free-regular-svg-icons' ...
  got fortawesome/free-regular-svg-icons
  has 1 dependencies
  has 0 peers
Evaluating 'vinyl-file' ...
  got 5.0.0
  has 19 dependencies
  has 0 peers
Evaluating '@storybook/client-logger' ...
  got storybook/client-logger
  has 0 dependencies
  has 1 peers
Evaluating '@opentelemetry/context-async-hooks' ...
  got opentelemetry/api
  has 0 dependencies
  has 1 peers
Evaluating 'tippy.js' ...
  got 6.3.7
  has 1 dependencies
  has 0 peers
Evaluating 'js-sha256' ...
  got 0.11.1
  has 0 dependencies
  has 0 peers
Evaluating 'buildmail' ...
  got 4.0.1
  has 8 dependencies
  has 0 peers
Evaluating 'ts-easing' ...
  got 0.2.0
  has 0 dependencies
  has 0 peers
Evaluating 'jwt-simple' ...
  got 0.5.6
  has 0 dependencies
  has 0 peers
Evaluating 'set-harmonic-interval' ...
  got 1.0.1
  has 0 dependencies
  has 0 peers
Evaluating 'algoliasearch' ...
  got 5.51.0
  has 14 dependencies
  has 0 peers
Evaluating 'ace-builds' ...
  got 1.43.6
  has 0 dependencies
  has 0 peers
Evaluating '@storybook/node-logger' ...
  got storybook/node-logger
  has 0 dependencies
  has 1 peers
Evaluating 'nano-css' ...
  got 5.6.2
  has 0 dependencies
  has 2 peers
Evaluating '@radix-ui/react-compose-refs' ...
  got radix-ui/react-compose-refs
  has 0 dependencies
  has 2 peers
Evaluating '@types/columnify' ...
  got types/columnify
  has 0 dependencies
  has 0 peers
Evaluating 'perfect-scrollbar' ...
  got 1.5.6
  has 0 dependencies
  has 0 peers
Evaluating '@storybook/components' ...
  got storybook/components
  has 0 dependencies
  has 1 peers
Evaluating '@storybook/channels' ...
  got storybook/channels
  has 0 dependencies
  has 1 peers
Evaluating '@aws-sdk/chunked-blob-reader-native' ...
  got aws-sdk/chunked-blob-reader-native
  has 5 dependencies
  has 0 peers
Evaluating 'preact-hooks' ...
  got 0.0.0-0.0.0
  has 0 dependencies
  has 0 peers
Evaluating 'async-each-series' ...
  got 1.1.0
  has 0 dependencies
  has 0 peers
Evaluating '@firebase/app-check-types' ...
  got firebase/app-check-types
  has 0 dependencies
  has 0 peers
Evaluating '@radix-ui/react-slot' ...
  got radix-ui/react-slot
  has 0 dependencies
  has 2 peers
Evaluating '@hapi/cryptiles' ...
  got hapi/cryptiles
  has 2 dependencies
  has 0 peers
Evaluating '@nuxt/opencollective' ...
  got nuxt/opencollective
  has 1 dependencies
  has 0 peers
Evaluating '@mapbox/vector-tile' ...
  got mapbox/vector-tile
  has 5 dependencies
  has 0 peers
Evaluating 'redux-saga' ...
  got 1.4.2
  has 10 dependencies
  has 0 peers
Evaluating '@koa/cors' ...
  got koa/cors
  has 1 dependencies
  has 0 peers
Evaluating '@types/lodash.chunk' ...
  got types/lodash.chunk
  has 1 dependencies
  has 0 peers
Evaluating 'css-line-break' ...
  got 2.1.0
  has 2 dependencies
  has 0 peers
Evaluating 'sweetalert2' ...
  got 11.26.24
  has 0 dependencies
  has 0 peers
Evaluating 'fs-capacitor' ...
  got 8.0.0
  has 0 dependencies
  has 0 peers
Evaluating 'remark-slug' ...
  got 8.0.0
  has 0 dependencies
  has 0 peers
Evaluating 'react-slick' ...
  got ^0.14.0 || ^15.0.1 || ^16.0.0 || ^17.0.0 || ^18.0.0 || ^19.0.0
  has 5 dependencies
  has 2 peers
Evaluating '@types/json-buffer' ...
  got types/json-buffer
  has 0 dependencies
  has 0 peers
Evaluating 'telejson' ...
  got 8.0.0
  has 0 dependencies
  has 0 peers
Evaluating '@types/d3-ease' ...
  got types/d3-ease
  has 0 dependencies
  has 0 peers
Evaluating 'critters' ...
  got 0.0.25
  has 21 dependencies
  has 0 peers
Evaluating 'micromark-extension-gfm-footnote' ...
  got 2.1.0
  has 21 dependencies
  has 0 peers
Evaluating '@swc/core-darwin-arm64' ...
  ! package not resolved
Evaluating 'mdast-util-gfm-footnote' ...
  got 2.1.0
  has 41 dependencies
  has 0 peers
Evaluating '@vue/cli-plugin-babel' ...
  got vue/cli-plugin-babel
  has 0 dependencies
  has 1 peers
Evaluating 'rc-config-loader' ...
  got 4.1.4
  has 6 dependencies
  has 0 peers
Evaluating 'p-all' ...
  got 5.0.1
  has 1 dependencies
  has 0 peers
Evaluating 'express-graphql' ...
  got 0.12.0
  has 0 dependencies
  has 1 peers
Evaluating 'number-allocator' ...
  got 1.0.14
  has 3 dependencies
  has 0 peers
Evaluating 'postcss-load-options' ...
  got 1.2.0
  has 13 dependencies
  has 0 peers
Evaluating '@novnc/novnc' ...
  got novnc/novnc
  has 0 dependencies
  has 0 peers
Evaluating 'jsdoctypeparser' ...
  got 9.0.0
  has 0 dependencies
  has 0 peers
Evaluating '@hapi/b64' ...
  got hapi/b64
  has 1 dependencies
  has 0 peers
Evaluating 'file-system-cache' ...
  got 3.0.0-alpha.8
  has 0 dependencies
  has 0 peers
Evaluating 'remarkable' ...
  got 2.0.1
  has 4 dependencies
  has 0 peers
Evaluating 'graphql-type-json' ...
  got >=0.8.0
  has 0 dependencies
  has 1 peers
Evaluating 'load-tsconfig' ...
  got 0.2.5
  has 0 dependencies
  has 0 peers
Evaluating 'json-schema-typed' ...
  got 8.0.2
  has 0 dependencies
  has 0 peers
Evaluating 'fast-shallow-equal' ...
  got 1.0.0
  has 0 dependencies
  has 0 peers
Evaluating 'fast-csv' ...
  got 5.0.5
  has 9 dependencies
  has 0 peers
Evaluating 'jsx-runtime' ...
  got 1.2.0
  has 1 dependencies
  has 0 peers
Evaluating '@hapi/pinpoint' ...
  got hapi/pinpoint
  has 0 dependencies
  has 0 peers
Evaluating 'use-subscription' ...
  got ^16.8.0 || ^17.0.0 || ^18.0.0 || ^19.0.0
  has 1 dependencies
  has 1 peers
Evaluating '@xobotyi/scrollbar-width' ...
  got xobotyi/scrollbar-width
  has 0 dependencies
  has 0 peers
Evaluating 'ts-essentials' ...
  got 10.2.0
  has 0 dependencies
  has 1 peers
Evaluating '@hapi/formula' ...
  got hapi/formula
  has 0 dependencies
  has 0 peers
Evaluating '@storybook/core-events' ...
  got storybook/core-events
  has 0 dependencies
  has 1 peers
Evaluating 'react-reconciler' ...
  got ^19.2.0
  has 1 dependencies
  has 1 peers
Evaluating '@opentelemetry/propagator-b3' ...
  got opentelemetry/api
  has 2 dependencies
  has 1 peers
Evaluating '@types/debounce' ...
  got types/debounce
  has 0 dependencies
  has 0 peers
Evaluating '@radix-ui/react-primitive' ...
  got radix-ui/react-primitive
  has 0 dependencies
  has 4 peers
Evaluating '@hutson/parse-repository-url' ...
  got hutson/parse-repository-url
  has 0 dependencies
  has 0 peers
Evaluating '@azure/storage-blob' ...
  got azure/storage-blob
  has 25 dependencies
  has 0 peers
Evaluating 'docusaurus' ...
  got 1.14.7
  has 1140 dependencies
  has 0 peers
Evaluating '@hapi/iron' ...
  got hapi/iron
  has 5 dependencies
  has 0 peers
Evaluating '@opentelemetry/propagator-jaeger' ...
  got opentelemetry/api
  has 2 dependencies
  has 1 peers
Evaluating 'jest-environment-jsdom-fourteen' ...
  got 1.0.1
  has 450 dependencies
  has 0 peers
Evaluating '@types/crypto-js' ...
  got types/crypto-js
  has 0 dependencies
  has 0 peers
Evaluating '@hapi/validate' ...
  got hapi/validate
  has 2 dependencies
  has 0 peers
Evaluating 'native-request' ...
  got 1.1.2
  has 0 dependencies
  has 0 peers
Evaluating 'pbkdf2-compat' ...
  got 4.0.0
  has 44 dependencies
  has 0 peers
Evaluating 'preact-devtools' ...
  got 0.0.1
  has 0 dependencies
  has 0 peers
Evaluating 'eslint-import-resolver-webpack' ...
  got 0.13.11
  has 0 dependencies
  has 2 peers
Evaluating '@swc/core-win32-x64-msvc' ...
  ! package not resolved
Evaluating 'rifm' ...
  got >=16.8
  has 0 dependencies
  has 1 peers
Evaluating '@chevrotain/utils' ...
  got chevrotain/utils
  has 0 dependencies
  has 0 peers
Evaluating 'blueimp-md5' ...
  got 2.19.0
  has 0 dependencies
  has 0 peers
Evaluating 'web-encoding' ...
  got 1.1.5
  has 32 dependencies
  has 0 peers
Evaluating 'lerna' ...
  got 9.0.7
  has 532 dependencies
  has 0 peers
Evaluating 'date-time' ...
  got 4.0.0
  has 1 dependencies
  has 0 peers
Evaluating 'postcss-sorting' ...
  got ^8.4.20
  has 0 dependencies
  has 1 peers
Evaluating '@swc/core-darwin-x64' ...
  ! package not resolved
Evaluating 'lazy-universal-dotenv' ...
  got 4.0.0
  has 3 dependencies
  has 0 peers
Evaluating '@storybook/router' ...
  got storybook/router
  has 0 dependencies
  has 1 peers
Evaluating '@storybook/theming' ...
  got storybook/theming
  has 0 dependencies
  has 1 peers
Evaluating 'glob-promise' ...
  got ^8.0.3
  has 0 dependencies
  has 1 peers
Evaluating 'remark-frontmatter' ...
  got 5.0.0
  has 53 dependencies
  has 0 peers
Evaluating 'typed-assert' ...
  got 1.0.9
  has 0 dependencies
  has 0 peers
Evaluating '@swc/core-linux-arm64-gnu' ...
  ! package not resolved
Evaluating '@swc/core-win32-ia32-msvc' ...
  ! package not resolved
Evaluating 'http-status' ...
  got 2.1.0
  has 0 dependencies
  has 0 peers
Evaluating 'spark-md5' ...
  got 3.0.2
  has 0 dependencies
  has 0 peers
Evaluating '@swc/core-linux-arm64-musl' ...
  ! package not resolved
Evaluating '@swc/core-win32-arm64-msvc' ...
  ! package not resolved
Evaluating '@ethereumjs/common' ...
  got ethereumjs/common
  has 5 dependencies
  has 0 peers
Evaluating 'ssh2-streams' ...
  got 0.4.10
  has 5 dependencies
  has 0 peers
Evaluating '@nestjs/websockets' ...
  got nestjs/common
  has 0 dependencies
  has 5 peers
Evaluating 'rfc4648' ...
  got 1.5.4
  has 0 dependencies
  has 0 peers
Evaluating '@chevrotain/types' ...
  got chevrotain/types
  has 0 dependencies
  has 0 peers
Evaluating 'speed-measure-webpack-plugin' ...
  got 1.6.0
  has 0 dependencies
  has 1 peers
Evaluating 'restructure' ...
  got 3.0.2
  has 0 dependencies
  has 0 peers
Evaluating 'httpolyglot' ...
  got 0.1.2
  has 0 dependencies
  has 0 peers
Evaluating '@vue/test-utils' ...
  got vue/compiler-dom
  has 0 dependencies
  has 3 peers
Evaluating '@luma.gl/constants' ...
  got luma.gl/constants
  has 0 dependencies
  has 0 peers
Evaluating '@heroicons/react' ...
  got heroicons/react
  has 0 dependencies
  has 1 peers
Evaluating '@aws-sdk/util-base64-node' ...
  got aws-sdk/util-base64-node
  has 3 dependencies
  has 0 peers
Evaluating 'remark-external-links' ...
  got 10.0.0
  has 0 dependencies
  has 0 peers
Evaluating '@radix-ui/react-context' ...
  got radix-ui/react-context
  has 0 dependencies
  has 2 peers
Evaluating '@radix-ui/react-use-layout-effect' ...
  got radix-ui/react-use-layout-effect
  has 0 dependencies
  has 2 peers
Evaluating '@graphql-tools/load' ...
  got graphql-tools/load
  has 0 dependencies
  has 1 peers
Evaluating '@radix-ui/primitive' ...
  got radix-ui/primitive
  has 0 dependencies
  has 0 peers
Evaluating '@floating-ui/utils' ...
  got floating-ui/utils
  has 0 dependencies
  has 0 peers
Evaluating 'dset' ...
  got 3.1.4
  has 0 dependencies
  has 0 peers
Evaluating 'geojson-vt' ...
  got 4.0.2
  has 0 dependencies
  has 0 peers
Evaluating 'htm' ...
  got 3.1.1
  has 0 dependencies
  has 0 peers
Evaluating 'regl' ...
  got 2.1.1
  has 0 dependencies
  has 0 peers
Evaluating '@ethereumjs/tx' ...
  got ethereumjs/tx
  has 6 dependencies
  has 0 peers
Evaluating 'vt-pbf' ...
  got 3.1.3
  has 6 dependencies
  has 0 peers
Evaluating '@opentelemetry/sdk-metrics' ...
  got opentelemetry/api
  has 3 dependencies
  has 1 peers
Evaluating '@swc/core-linux-arm-gnueabihf' ...
  ! package not resolved
Evaluating '@pnpm/npm-conf' ...
  got pnpm/npm-conf
  has 6 dependencies
  has 0 peers
Evaluating '@pnpm/network.ca-file' ...
  got pnpm/network.ca-file
  has 1 dependencies
  has 0 peers
Evaluating 'cropperjs' ...
  got 2.1.1
  has 11 dependencies
  has 0 peers
Evaluating '@hapi/teamwork' ...
  got hapi/teamwork
  has 0 dependencies
  has 0 peers
Evaluating 'murmurhash-js' ...
  got 1.0.0
  has 0 dependencies
  has 0 peers
Evaluating 'react-helmet-async' ...
  got ^16.6.0 || ^17.0.0 || ^18.0.0 || ^19.0.0
  has 5 dependencies
  has 1 peers
Evaluating 'browserstack' ...
  got 1.6.1
  has 6 dependencies
  has 0 peers
Evaluating 'stylelint-order' ...
  got ^16.18.0 || ^17.0.0
  has 5 dependencies
  has 1 peers
Evaluating 'debounce-fn' ...
  got 6.0.0
  has 1 dependencies
  has 0 peers
Evaluating 'koa-body' ...
  got 7.0.1
  has 67 dependencies
  has 0 peers
Evaluating 'copyfiles' ...
  got 2.4.1
  has 42 dependencies
  has 0 peers
Evaluating 'lodash.padright' ...
  got 3.1.3
  has 4 dependencies
  has 0 peers
Evaluating 'atomically' ...
  got 2.1.1
  has 3 dependencies
  has 0 peers
Evaluating 'noms' ...
  got 0.0.0
  has 5 dependencies
  has 0 peers
Evaluating 'lodash.padleft' ...
  got 3.1.3
  has 4 dependencies
  has 0 peers
Evaluating 'postcss-modules' ...
  got ^8.0.0
  has 13 dependencies
  has 1 peers
Evaluating '@types/websocket' ...
  got types/websocket
  has 2 dependencies
  has 0 peers
Evaluating '@opentelemetry/sdk-trace-node' ...
  got opentelemetry/api
  has 5 dependencies
  has 1 peers
Evaluating '@hapi/podium' ...
  got hapi/podium
  has 4 dependencies
  has 0 peers
Evaluating 'base64-url' ...
  got 2.3.3
  has 0 dependencies
  has 0 peers
Evaluating 'io-ts' ...
  got ^2.5.0
  has 0 dependencies
  has 1 peers
Evaluating '@kubernetes/client-node' ...
  got kubernetes/client-node
  has 68 dependencies
  has 0 peers
Evaluating '@aws-sdk/util-base64-browser' ...
  got aws-sdk/util-base64-browser
  has 1 dependencies
  has 0 peers
Evaluating '@storybook/addons' ...
  got storybook/addons
  has 68 dependencies
  has 0 peers
Evaluating '@types/form-data' ...
  got types/form-data
  has 20 dependencies
  has 0 peers
Evaluating '@types/styled-components' ...
  got types/styled-components
  has 5 dependencies
  has 0 peers
Evaluating '@storybook/csf' ...
  got storybook/csf
  has 1 dependencies
  has 0 peers
Evaluating 'cuid' ...
  got 3.0.0
  has 0 dependencies
  has 0 peers
Evaluating '@vue/cli-plugin-router' ...
  got vue/cli-plugin-router
  has 0 dependencies
  has 1 peers
Evaluating '@vue/cli-plugin-vuex' ...
  got vue/cli-plugin-vuex
  has 0 dependencies
  has 1 peers
Evaluating '@esbuild-kit/core-utils' ...
  got esbuild-kit/core-utils
  has 5 dependencies
  has 0 peers
Evaluating '@opentelemetry/instrumentation' ...
  got opentelemetry/instrumentation
  has 10 dependencies
  has 1 peers
Evaluating 'load-script' ...
  got 2.0.0
  has 0 dependencies
  has 0 peers
Evaluating 'replace-in-file' ...
  got 8.4.0
  has 21 dependencies
  has 0 peers
Evaluating '@coder/logger' ...
  got coder/logger
  has 0 dependencies
  has 0 peers
Evaluating 'code-server' ...
  ! package not resolved
Evaluating 'cpy' ...
  got 13.2.1
  has 31 dependencies
  has 0 peers
Evaluating 'eventid' ...
  got 2.0.1
  has 1 dependencies
  has 0 peers
Evaluating '@storybook/addon-actions' ...
  got storybook/addon-actions
  has 0 dependencies
  has 0 peers
Evaluating '@types/lodash.get' ...
  got types/lodash.get
  has 1 dependencies
  has 0 peers
Evaluating 'ethjs-util' ...
  got 0.1.6
  has 2 dependencies
  has 0 peers
Evaluating 'nconf' ...
  got 0.13.0
  has 19 dependencies
  has 0 peers
Evaluating 'localtunnel' ...
  got 2.0.2
  has 21 dependencies
  has 0 peers
Evaluating '@fast-csv/format' ...
  got fast-csv/format
  has 4 dependencies
  has 0 peers
Evaluating '@types/lodash.uniqby' ...
  got types/lodash.uniqby
  has 1 dependencies
  has 0 peers
Evaluating 'p-waterfall' ...
  got 3.0.0
  has 1 dependencies
  has 0 peers
Evaluating 'decompress-zip' ...
  got 0.3.3
  has 16 dependencies
  has 0 peers
Evaluating '@graphql-tools/graphql-file-loader' ...
  got graphql-tools/graphql-file-loader
  has 0 dependencies
  has 1 peers
Evaluating '@oclif/color' ...
  got oclif/color
  has 10 dependencies
  has 0 peers
Evaluating 'json-schema-ref-parser' ...
  got 9.0.9
  has 6 dependencies
  has 0 peers
Evaluating 'eslint-plugin-unused-imports' ...
  got ^10.0.0 || ^9.0.0 || ^8.0.0
  has 0 dependencies
  has 2 peers
Evaluating 'is-electron' ...
  got 2.2.2
  has 0 dependencies
  has 0 peers
Evaluating '@graphql-tools/import' ...
  got graphql-tools/import
  has 0 dependencies
  has 1 peers
Evaluating 'webpack-notifier' ...
  got 1.15.0
  has 11 dependencies
  has 1 peers
Evaluating '@lerna/child-process' ...
  got lerna/child-process
  has 26 dependencies
  has 0 peers
Evaluating 'fontkit' ...
  got 2.0.4
  has 12 dependencies
  has 0 peers
Evaluating '@fast-csv/parse' ...
  got fast-csv/parse
  has 6 dependencies
  has 0 peers
Evaluating '@lerna/create' ...
  got lerna/create
  has 530 dependencies
  has 0 peers
Evaluating '@octokit/plugin-enterprise-rest' ...
  got octokit/plugin-enterprise-rest
  has 0 dependencies
  has 0 peers
Evaluating 'split-ca' ...
  got 1.0.1
  has 0 dependencies
  has 0 peers
Evaluating '@types/sprintf-js' ...
  got types/sprintf-js
  has 0 dependencies
  has 0 peers
Evaluating 'chokidar-cli' ...
  got 3.0.0
  has 42 dependencies
  has 0 peers
Evaluating 'potpack' ...
  got 2.1.0
  has 0 dependencies
  has 0 peers
Evaluating 'docker-modem' ...
  got 5.0.7
  has 14 dependencies
  has 0 peers
Evaluating 'console-log-level' ...
  got 1.4.1
  has 0 dependencies
  has 0 peers
Evaluating '@ts-morph/common' ...
  got ts-morph/common
  has 7 dependencies
  has 0 peers
Evaluating '@tailwindcss/typography' ...
  got tailwindcss/typography
  has 0 dependencies
  has 1 peers
Evaluating 'eslint-config-xo' ...
  ! package not resolved
Evaluating '@types/source-map-support' ...
  got types/source-map-support
  has 1 dependencies
  has 0 peers
Evaluating 'apollo-server-caching' ...
  got 3.3.0
  has 2 dependencies
  has 0 peers
Evaluating 'react-element-to-jsx-string' ...
  got ^19.0.0
  has 0 dependencies
  has 3 peers
Evaluating 'markdownlint' ...
  got 0.40.0
  has 48 dependencies
  has 0 peers
Evaluating 'apollo-graphql' ...
  got 0.9.7
  has 0 dependencies
  has 1 peers
Evaluating '@esbuild-kit/cjs-loader' ...
  got esbuild-kit/cjs-loader
  has 8 dependencies
  has 0 peers
Evaluating 'koa-compress' ...
  got 5.2.1
  has 11 dependencies
  has 0 peers
Evaluating 'intl-format-cache' ...
  got 4.3.1
  has 0 dependencies
  has 0 peers
Evaluating 'is-dom' ...
  got 1.1.0
  has 2 dependencies
  has 0 peers
Evaluating 'esbuild-wasm' ...
  got 0.28.0
  has 0 dependencies
  has 0 peers
Evaluating '@types/d3' ...
  got types/d3
  has 31 dependencies
  has 0 peers
Evaluating 'is-window' ...
  got 1.0.2
  has 0 dependencies
  has 0 peers
Evaluating '@storybook/channel-postmessage' ...
  got storybook/channel-postmessage
  has 28 dependencies
  has 0 peers
Evaluating 'lodash._createpadding' ...
  got 3.6.1
  has 2 dependencies
  has 0 peers
Evaluating '@mapbox/mapbox-gl-style-spec' ...
  got mapbox/mapbox-gl-style-spec
  has 9 dependencies
  has 0 peers
Evaluating 'friendly-errors-webpack-plugin' ...
  got 1.7.0
  has 0 dependencies
  has 1 peers
Evaluating '@soda/get-current-script' ...
  got soda/get-current-script
  has 0 dependencies
  has 0 peers
Evaluating '@turf/helpers' ...
  got turf/helpers
  has 2 dependencies
  has 0 peers
Evaluating 'sumchecker' ...
  got 3.0.1
  has 2 dependencies
  has 0 peers
Evaluating 'human-interval' ...
  got 2.0.1
  has 1 dependencies
  has 0 peers
Evaluating 'http' ...
  got 0.0.1-security
  has 0 dependencies
  has 0 peers
Evaluating 'peek-stream' ...
  got 1.1.3
  has 16 dependencies
  has 0 peers
Evaluating '@types/lodash.orderby' ...
  got types/lodash.orderby
  has 1 dependencies
  has 0 peers
Evaluating 'swiper' ...
  got 12.1.3
  has 0 dependencies
  has 0 peers
Evaluating '@types/lodash.memoize' ...
  got types/lodash.memoize
  has 1 dependencies
  has 0 peers
Evaluating 'read-chunk' ...
  got 5.0.0
  has 0 dependencies
  has 0 peers
Evaluating 'bin-wrapper' ...
  got 4.1.0
  has 171 dependencies
  has 0 peers
Evaluating 'javascript-natural-sort' ...
  got 0.7.1
  has 0 dependencies
  has 0 peers
Evaluating '@types/clean-css' ...
  got types/clean-css
  has 3 dependencies
  has 0 peers
Evaluating '@vue/cli-plugin-eslint' ...
  got vue/cli-plugin-eslint
  has 0 dependencies
  has 2 peers
Evaluating 'helmet-csp' ...
  got 4.0.0
  has 0 dependencies
  has 0 peers
Evaluating '@opentelemetry/otlp-exporter-base' ...
  got opentelemetry/otlp-exporter-base
  has 13 dependencies
  has 1 peers
Evaluating '@formatjs/intl-listformat' ...
  got formatjs/intl-listformat
  has 2 dependencies
  has 0 peers
Evaluating 'graphql-config' ...
  got ^0.11.0 || ^0.12.0 || ^0.13.0 || ^14.0.0 || ^15.0.0 || ^16.0.0
  has 99 dependencies
  has 2 peers
Evaluating '@opentelemetry/otlp-transformer' ...
  got opentelemetry/otlp-transformer
  has 12 dependencies
  has 1 peers
Evaluating 'ruby-typeprof' ...
  got 0.0.1-security.0
  has 0 dependencies
  has 0 peers
Evaluating '@textlint/ast-node-types' ...
  got textlint/ast-node-types
  has 0 dependencies
  has 0 peers
Evaluating '@hapi/wreck' ...
  got hapi/wreck
  has 3 dependencies
  has 0 peers
Evaluating 'java-properties' ...
  got 1.0.2
  has 0 dependencies
  has 0 peers
Evaluating 'grunt-contrib-watch' ...
  got 1.1.0
  has 52 dependencies
  has 0 peers
Evaluating 'move-file' ...
  got 4.1.0
  has 0 dependencies
  has 0 peers
Evaluating 'xpath.js' ...
  got 1.1.0
  has 0 dependencies
  has 0 peers
Evaluating 'brace' ...
  got 0.11.1
  has 0 dependencies
  has 0 peers
Evaluating 'watchify' ...
  got 4.0.0
  has 199 dependencies
  has 0 peers
Evaluating 'pdfmake' ...
  got 0.3.7
  has 25 dependencies
  has 0 peers
Evaluating '@next/react-refresh-utils' ...
  got next/react-refresh-utils
  has 0 dependencies
  has 2 peers
Evaluating 'npm-path' ...
  got 2.0.4
  has 2 dependencies
  has 0 peers
Evaluating 'vscode-extensions' ...
  got 0.0.1
  has 0 dependencies
  has 0 peers
Evaluating 'npm-which' ...
  got 3.0.1
  has 4 dependencies
  has 0 peers
Evaluating 'csrf' ...
  got 3.1.0
  has 4 dependencies
  has 0 peers
Evaluating 'stream-slice' ...
  got 0.1.2
  has 0 dependencies
  has 0 peers
Evaluating 'hsts' ...
  got 2.2.0
  has 1 dependencies
  has 0 peers
Evaluating '@discordjs/collection' ...
  got discordjs/collection
  has 0 dependencies
  has 0 peers
Evaluating 'flatbuffers' ...
  got 25.9.23
  has 0 dependencies
  has 0 peers
Evaluating 'scule' ...
  got 1.3.0
  has 0 dependencies
  has 0 peers
Evaluating 'ensure-posix-path' ...
  got 1.1.1
  has 0 dependencies
  has 0 peers
Evaluating 'structured-source' ...
  got 4.0.0
  has 1 dependencies
  has 0 peers
Evaluating 'circular-dependency-plugin' ...
  got 5.2.2
  has 0 dependencies
  has 1 peers
Evaluating 'is-type-of' ...
  got 2.2.0
  has 0 dependencies
  has 0 peers
Evaluating '@graphql-tools/url-loader' ...
  got graphql-tools/url-loader
  has 0 dependencies
  has 1 peers
Evaluating 'x-xss-protection' ...
  got 2.0.0
  has 0 dependencies
  has 0 peers
Evaluating 'env-ci' ...
  got 11.2.0
  has 18 dependencies
  has 0 peers
Evaluating 'boundary' ...
  got 2.0.0
  has 0 dependencies
  has 0 peers
Evaluating '@types/lodash.throttle' ...
  got types/lodash.throttle
  has 1 dependencies
  has 0 peers
Evaluating 'koa-router' ...
  got 14.0.0
  has 10 dependencies
  has 0 peers
Evaluating 'dont-sniff-mimetype' ...
  got 1.1.0
  has 0 dependencies
  has 0 peers
Evaluating '@verdaccio/search' ...
  got verdaccio/search
  has 0 dependencies
  has 0 peers
Evaluating '@types/lodash.clonedeep' ...
  got types/lodash.clonedeep
  has 1 dependencies
  has 0 peers
Evaluating 'tsx' ...
  got 4.21.0
  has 4 dependencies
  has 0 peers
Evaluating 'eslint-plugin-eslint-comments' ...
  got >=4.19.1
  has 2 dependencies
  has 1 peers
Evaluating 'react-table' ...
  got ^16.8.3 || ^17.0.0-0 || ^18.0.0
  has 0 dependencies
  has 1 peers
Evaluating 'dotenv-defaults' ...
  got 6.0.0
  has 1 dependencies
  has 0 peers
Evaluating '@actions/http-client' ...
  got actions/http-client
  has 2 dependencies
  has 0 peers
Evaluating 'extract-stack' ...
  got 3.0.0
  has 0 dependencies
  has 0 peers
Evaluating 'vite-node' ...
  got 6.0.0
  has 27 dependencies
  has 0 peers
Evaluating 'karma-coverage-istanbul-reporter' ...
  got 3.0.3
  has 28 dependencies
  has 0 peers
Evaluating 'koa-bodyparser' ...
  got 4.4.1
  has 38 dependencies
  has 0 peers
Evaluating 'vali-date' ...
  got 1.0.0
  has 0 dependencies
  has 0 peers
Evaluating 'hide-powered-by' ...
  got 1.1.0
  has 0 dependencies
  has 0 peers
Evaluating 'quill-delta' ...
  got 5.1.0
  has 3 dependencies
  has 0 peers
Evaluating 'conventional-changelog' ...
  got 7.2.0
  has 27 dependencies
  has 0 peers
Evaluating 'json-formatter-js' ...
  got 2.5.23
  has 0 dependencies
  has 0 peers
Evaluating '@azure/ms-rest-js' ...
  got azure/ms-rest-js
  has 46 dependencies
  has 0 peers
Evaluating 'proj4' ...
  got 2.20.8
  has 2 dependencies
  has 0 peers
Evaluating 'content-security-policy-builder' ...
  got 2.3.0
  has 0 dependencies
  has 0 peers
Evaluating '@graphql-tools/json-file-loader' ...
  got graphql-tools/json-file-loader
  has 0 dependencies
  has 1 peers
Evaluating 'grunt-contrib-clean' ...
  got >=0.4.5
  has 13 dependencies
  has 1 peers
Evaluating 'has-glob' ...
  got 1.0.0
  has 2 dependencies
  has 0 peers
Evaluating '@base2/pretty-print-object' ...
  got base2/pretty-print-object
  has 0 dependencies
  has 0 peers
Evaluating 'hpkp' ...
  got 3.0.0
  has 0 dependencies
  has 0 peers
Evaluating '@azure/core-http-compat' ...
  got azure/core-client
  has 0 dependencies
  has 2 peers
Evaluating 'is-class-hotfix' ...
  got 0.0.6
  has 0 dependencies
  has 0 peers
Evaluating 'strip-bom-buf' ...
  got 4.0.0
  has 2 dependencies
  has 0 peers
Evaluating '@holoviz/panel' ...
  got holoviz/panel
  has 77 dependencies
  has 0 peers
Evaluating 'api' ...
  got 6.1.3
  has 231 dependencies
  has 0 peers
Evaluating 'conventional-changelog-express' ...
  got 5.1.0
  has 0 dependencies
  has 0 peers
Evaluating 'conventional-changelog-jquery' ...
  got 6.1.0
  has 0 dependencies
  has 0 peers
Evaluating 'qrcode.react' ...
  got 4.2.0
  has 0 dependencies
  has 1 peers
Evaluating 'conventional-changelog-atom' ...
  got 5.1.0
  has 0 dependencies
  has 0 peers
Evaluating 'conventional-changelog-eslint' ...
  got 6.1.0
  has 0 dependencies
  has 0 peers
Evaluating 'conventional-changelog-jshint' ...
  got 5.2.0
  has 4 dependencies
  has 0 peers
Evaluating '@types/lodash.kebabcase' ...
  got types/lodash.kebabcase
  has 1 dependencies
  has 0 peers
Evaluating 'elasticsearch' ...
  got 16.7.3
  has 11 dependencies
  has 0 peers
Evaluating 'conventional-changelog-codemirror' ...
  got 5.1.0
  has 0 dependencies
  has 0 peers
Evaluating 'dropzone' ...
  got 6.0.0-beta.2
  has 2 dependencies
  has 0 peers
Evaluating '@tediousjs/connection-string' ...
  got tediousjs/connection-string
  has 0 dependencies
  has 0 peers
Evaluating 'conventional-changelog-ember' ...
  got 5.1.0
  has 0 dependencies
  has 0 peers
Evaluating 'dotenv-webpack' ...
  got 9.0.0
  has 0 dependencies
  has 1 peers
Evaluating 'try-resolve' ...
  got 1.0.1
  has 0 dependencies
  has 0 peers
Evaluating '@storybook/api' ...
  got storybook/api
  has 65 dependencies
  has 0 peers
Evaluating 'karma-webpack' ...
  got 5.0.1
  has 0 dependencies
  has 1 peers
Evaluating 'node-fetch-native' ...
  got 1.6.7
  has 0 dependencies
  has 0 peers
Evaluating 'date-utils' ...
  got 1.2.21
  has 0 dependencies
  has 0 peers
Evaluating 'import-meta-resolve' ...
  got 4.2.0
  has 0 dependencies
  has 0 peers
Evaluating 'url-value-parser' ...
  got 2.2.0
  has 0 dependencies
  has 0 peers
Evaluating '@rc-component/portal' ...
  got rc-component/portal
  has 0 dependencies
  has 2 peers
Evaluating '@storybook/client-api' ...
  got storybook/client-api
  has 63 dependencies
  has 0 peers
Evaluating 'drange' ...
  got 2.0.1
  has 0 dependencies
  has 0 peers
Evaluating 'mgrs' ...
  got 2.1.0
  has 0 dependencies
  has 0 peers
Evaluating '@types/lodash.pickby' ...
  got types/lodash.pickby
  has 1 dependencies
  has 0 peers
Evaluating 'rehype-raw' ...
  got 7.0.0
  has 34 dependencies
  has 0 peers
Evaluating 'parchment' ...
  got 3.0.0
  has 0 dependencies
  has 0 peers
Evaluating 'code-block-writer' ...
  got 13.0.3
  has 0 dependencies
  has 0 peers
Evaluating '@types/lodash.flattendeep' ...
  got types/lodash.flattendeep
  has 1 dependencies
  has 0 peers
Evaluating 'async-cache' ...
  got 1.1.0
  has 3 dependencies
  has 0 peers
Evaluating '@mapbox/tiny-sdf' ...
  got mapbox/tiny-sdf
  has 0 dependencies
  has 0 peers
Evaluating 'estree-to-babel' ...
  got 12.0.1
  has 1 dependencies
  has 0 peers
Evaluating 'keycode' ...
  got 2.2.1
  has 0 dependencies
  has 0 peers
Evaluating 'http-call' ...
  got 5.3.0
  has 11 dependencies
  has 0 peers
Evaluating '@esbuild-kit/esm-loader' ...
  got esbuild-kit/esm-loader
  has 8 dependencies
  has 0 peers
Evaluating '@mapbox/whoots-js' ...
  got mapbox/whoots-js
  has 0 dependencies
  has 0 peers
Evaluating 'xmldoc' ...
  got 2.0.3
  has 1 dependencies
  has 0 peers
Evaluating 'referrer-policy' ...
  got 1.2.0
  has 0 dependencies
  has 0 peers
Evaluating '@mapbox/geojson-rewind' ...
  got mapbox/geojson-rewind
  has 2 dependencies
  has 0 peers
Evaluating 'mousetrap' ...
  got 1.6.5
  has 0 dependencies
  has 0 peers
Evaluating '@oclif/plugin-not-found' ...
  got oclif/plugin-not-found
  has 68 dependencies
  has 0 peers
Evaluating '@types/concat-stream' ...
  got types/concat-stream
  has 2 dependencies
  has 0 peers
Evaluating 'postcss-css-variables' ...
  got ^8.2.6
  has 3 dependencies
  has 1 peers
Evaluating '@chakra-ui/utils' ...
  got chakra-ui/utils
  has 0 dependencies
  has 1 peers
Evaluating '@tanstack/query-core' ...
  got tanstack/query-core
  has 0 dependencies
  has 0 peers
Evaluating 'commoner' ...
  got 0.10.8
  has 25 dependencies
  has 0 peers
Evaluating 'wkt-parser' ...
  got 1.5.5
  has 0 dependencies
  has 0 peers
Evaluating 'nano' ...
  got 11.0.5
  has 0 dependencies
  has 0 peers
Evaluating 'patch-package' ...
  got 8.0.1
  has 55 dependencies
  has 0 peers
Evaluating '@formatjs/intl-displaynames' ...
  got formatjs/intl-displaynames
  has 2 dependencies
  has 0 peers
Evaluating 'react-virtualized' ...
  got ^16.3.0 || ^17.0.0 || ^18.0.0 || ^19.0.0
  has 10 dependencies
  has 2 peers
Evaluating 'dasherize' ...
  got 2.0.0
  has 0 dependencies
  has 0 peers
Evaluating 'mjml-core' ...
  got 5.1.0
  has 129 dependencies
  has 0 peers
Evaluating '@types/lodash.assignin' ...
  got types/lodash.assignin
  has 1 dependencies
  has 0 peers
Evaluating 'orchestrator' ...
  got 0.3.8
  has 5 dependencies
  has 0 peers
Evaluating '@wordpress/browserslist-config' ...
  got wordpress/browserslist-config
  has 0 dependencies
  has 0 peers
Evaluating 'angular-sanitize' ...
  got 1.8.3
  has 0 dependencies
  has 0 peers
Evaluating '@chakra-ui/react-utils' ...
  got chakra-ui/react-utils
  has 0 dependencies
  has 1 peers
Evaluating 'mjml' ...
  got 5.1.0
  has 228 dependencies
  has 0 peers
Evaluating '@types/lodash.capitalize' ...
  got types/lodash.capitalize
  has 1 dependencies
  has 0 peers
Evaluating 'mjml-validator' ...
  got 5.1.0
  has 1 dependencies
  has 0 peers
Evaluating 'graphql-extensions' ...
  got ^0.12.0 || ^0.13.0 || ^14.0.0 || ^15.0.0
  has 118 dependencies
  has 1 peers
Evaluating 'apollo-cache-control' ...
  got 0.15.0
  has 0 dependencies
  has 1 peers
Evaluating 'apollo-tracing' ...
  got 0.16.0
  has 0 dependencies
  has 1 peers
Evaluating '@mui/lab' ...
  got mui/lab
  has 0 dependencies
  has 7 peers
Evaluating 'mjml-head-attributes' ...
  got 5.1.0
  has 130 dependencies
  has 0 peers
Evaluating 'mjml-divider' ...
  got 5.1.0
  has 130 dependencies
  has 0 peers
Evaluating 'leac' ...
  got 0.7.0
  has 0 dependencies
  has 0 peers
Evaluating 'mjml-image' ...
  got 5.1.0
  has 130 dependencies
  has 0 peers
Evaluating 'mjml-navbar' ...
  got 5.1.0
  has 130 dependencies
  has 0 peers
Evaluating 'mjml-group' ...
  got 5.1.0
  has 130 dependencies
  has 0 peers
Evaluating 'mjml-social' ...
  got 5.1.0
  has 130 dependencies
  has 0 peers
Evaluating 'mjml-text' ...
  got 5.1.0
  has 130 dependencies
  has 0 peers
Evaluating 'vuedraggable' ...
  got 2.24.3
  has 1 dependencies
  has 0 peers
Evaluating 'mjml-wrapper' ...
  got 5.1.0
  has 131 dependencies
  has 0 peers
Evaluating '@firebase/installations-compat' ...
  ! package not resolved
Evaluating 'mjml-raw' ...
  got 5.1.0
  has 130 dependencies
  has 0 peers
Evaluating '@chakra-ui/counter' ...
  got chakra-ui/counter
  has 0 dependencies
  has 1 peers
Evaluating 'mjml-column' ...
  got 5.1.0
  has 130 dependencies
  has 0 peers
Evaluating '@chakra-ui/hooks' ...
  got chakra-ui/hooks
  has 0 dependencies
  has 1 peers
Evaluating 'mjml-table' ...
  got 5.1.0
  has 130 dependencies
  has 0 peers
Evaluating 'mjml-spacer' ...
  got 5.1.0
  has 130 dependencies
  has 0 peers
Evaluating 'mjml-head-font' ...
  got 5.1.0
  has 130 dependencies
  has 0 peers
Evaluating '@nestjs/platform-socket.io' ...
  got nestjs/common
  has 0 dependencies
  has 3 peers
Evaluating 'mjml-head-style' ...
  got 5.1.0
  has 130 dependencies
  has 0 peers
Evaluating 'mjml-head-preview' ...
  got 5.1.0
  has 130 dependencies
  has 0 peers
Evaluating 'peberminta' ...
  got 0.10.0
  has 0 dependencies
  has 0 peers
Evaluating 'mjml-hero' ...
  got 5.1.0
  has 130 dependencies
  has 0 peers
Evaluating 'mjml-accordion' ...
  got 5.1.0
  has 130 dependencies
  has 0 peers
Evaluating 'mjml-head-title' ...
  got 5.1.0
  has 130 dependencies
  has 0 peers
Evaluating 'mjml-button' ...
  got 5.1.0
  has 130 dependencies
  has 0 peers
Evaluating 'mjml-carousel' ...
  got 5.1.0
  has 130 dependencies
  has 0 peers
Evaluating 'mjml-section' ...
  got 5.1.0
  has 130 dependencies
  has 0 peers
Evaluating '@icons/material' ...
  got icons/material
  has 0 dependencies
  has 1 peers
Evaluating 'mjml-migrate' ...
  got 4.18.0
  has 123 dependencies
  has 0 peers
Evaluating '@mapbox/mapbox-gl-supported' ...
  got mapbox/mapbox-gl-supported
  has 0 dependencies
  has 0 peers
Evaluating 'mjml-cli' ...
  got 5.1.0
  has 227 dependencies
  has 0 peers
Evaluating '@radix-ui/react-presence' ...
  got radix-ui/react-presence
  has 0 dependencies
  has 4 peers
Evaluating 'mjml-parser-xml' ...
  got 5.1.0
  has 9 dependencies
  has 0 peers
Evaluating 'react-universal-interface' ...
  got *
  has 0 dependencies
  has 2 peers
Evaluating 'vue-server-renderer' ...
  got 2.7.16
  has 23 dependencies
  has 0 peers
Evaluating 'mjml-head' ...
  got 5.1.0
  has 130 dependencies
  has 0 peers
Evaluating 'esbuild-loader' ...
  got 4.4.3
  has 0 dependencies
  has 1 peers
Evaluating 'mjml-head-breakpoint' ...
  got 5.1.0
  has 130 dependencies
  has 0 peers
Evaluating 'mjml-body' ...
  got 5.1.0
  has 130 dependencies
  has 0 peers
Evaluating 'discord.js' ...
  got 14.26.3
  has 25 dependencies
  has 0 peers
Evaluating 'eslint-plugin-cypress' ...
  got >=9
  has 1 dependencies
  has 1 peers
Evaluating '@storybook/postinstall' ...
  got storybook/postinstall
  has 0 dependencies
  has 0 peers
Evaluating 'estree-is-function' ...
  got 1.0.0
  has 0 dependencies
  has 0 peers
Evaluating '@types/gl-matrix' ...
  got types/gl-matrix
  has 1 dependencies
  has 0 peers
Evaluating '@testim/chrome-version' ...
  got testim/chrome-version
  has 0 dependencies
  has 0 peers
Evaluating '@storybook/addon-docs' ...
  got storybook/addon-docs
  has 0 dependencies
  has 1 peers
Evaluating 'scope-analyzer' ...
  got 2.1.2
  has 15 dependencies
  has 0 peers
Evaluating '@types/invariant' ...
  got types/invariant
  has 0 dependencies
  has 0 peers
Evaluating 'babel-plugin-syntax-export-extensions' ...
  got 6.13.0
  has 0 dependencies
  has 0 peers
Evaluating '@tanstack/react-query' ...
  got tanstack/react-query
  has 0 dependencies
  has 1 peers
Evaluating '@bokeh/bokehjs' ...
  got bokeh/bokehjs
  has 52 dependencies
  has 0 peers
Evaluating 'streamifier' ...
  got 0.1.1
  has 0 dependencies
  has 0 peers
Evaluating 'safe-identifier' ...
  got 0.4.2
  has 0 dependencies
  has 0 peers
Evaluating 'rrweb-cssom' ...
  got 0.8.0
  has 0 dependencies
  has 0 peers
Evaluating 'mjml-head-html-attributes' ...
  got 5.1.0
  has 130 dependencies
  has 0 peers
Evaluating 'pkg-config' ...
  got 1.1.1
  has 3 dependencies
  has 0 peers
Evaluating 'deglob' ...
  got 4.0.1
  has 19 dependencies
  has 0 peers
Evaluating 'vsda' ...
  got 1.0.0
  has 0 dependencies
  has 0 peers
Evaluating '@motionone/utils' ...
  got motionone/utils
  has 3 dependencies
  has 0 peers
Evaluating 'parse-github-repo-url' ...
  got 1.4.1
  has 0 dependencies
  has 0 peers
Evaluating '@motionone/easing' ...
  got motionone/easing
  has 4 dependencies
  has 0 peers
Evaluating '@pyviz/jupyterlab_pyviz' ...
  got jupyter-widgets/base
  has 401 dependencies
  has 2 peers
Evaluating 'sequencify' ...
  got 0.0.7
  has 0 dependencies
  has 0 peers
Evaluating '@motionone/easing' ...
  got motionone/easing
  has 4 dependencies
  has 0 peers
Evaluating '@motionone/utils' ...
  got motionone/utils
  has 3 dependencies
  has 0 peers
Evaluating 'vsda' ...
  got 1.0.0
  has 0 dependencies
  has 0 peers
Evaluating '@motionone/generators' ...
  got motionone/generators
  has 4 dependencies
  has 0 peers
Evaluating 'tinylogic' ...
  got 2.0.0
  has 0 dependencies
  has 0 peers
Evaluating 'sitemap' ...
  got 9.0.1
  has 5 dependencies
  has 0 peers
Evaluating 'mdast-util-phrasing' ...
  got 4.1.0
  has 3 dependencies
  has 0 peers
Evaluating 'is-invalid-path' ...
  got 1.0.2
  has 0 dependencies
  has 0 peers
Evaluating '@elastic/elasticsearch' ...
  got elastic/elasticsearch
  has 33 dependencies
  has 0 peers
Evaluating 'quill' ...
  got 2.0.3
  has 7 dependencies
  has 0 peers
Evaluating 'deprecated' ...
  got 0.0.2
  has 0 dependencies
  has 0 peers
Evaluating 'resolve-pkg' ...
  got 3.0.1
  has 1 dependencies
  has 0 peers
Evaluating 'cli-ux' ...
  got 6.0.9
  has 92 dependencies
  has 0 peers
Evaluating 'tinyspy' ...
  got 4.0.4
  has 0 dependencies
  has 0 peers
Evaluating '@types/argparse' ...
  got types/argparse
  has 0 dependencies
  has 0 peers
Evaluating 'outpipe' ...
  got 1.1.1
  has 1 dependencies
  has 0 peers
Evaluating 'rbush' ...
  got 4.0.1
  has 1 dependencies
  has 0 peers
Evaluating 'debug-fabulous' ...
  got 2.0.67
  has 2 dependencies
  has 0 peers
Evaluating 'mjml-preset-core' ...
  got 5.1.0
  has 155 dependencies
  has 0 peers
Evaluating 'express-unless' ...
  got 2.1.3
  has 0 dependencies
  has 0 peers
Evaluating '@chakra-ui/system' ...
  got chakra-ui/system
  has 0 dependencies
  has 3 peers
Evaluating '@chakra-ui/theme' ...
  got chakra-ui/styled-system
  has 7 dependencies
  has 1 peers
Evaluating '@chakra-ui/react' ...
  got chakra-ui/react
  has 0 dependencies
  has 3 peers
Evaluating 'babel-plugin-transform-export-extensions' ...
  got 6.22.0
  has 4 dependencies
  has 0 peers
Evaluating 'apollo-link-http-common' ...
  got 0.2.16
  has 0 dependencies
  has 1 peers
Evaluating 'text-segmentation' ...
  got 1.0.3
  has 2 dependencies
  has 0 peers
Evaluating '@chakra-ui/color-mode' ...
  got chakra-ui/color-mode
  has 0 dependencies
  has 1 peers
Evaluating '@chakra-ui/theme-tools' ...
  got chakra-ui/styled-system
  has 6 dependencies
  has 1 peers
Evaluating 'utrie' ...
  got 1.0.2
  has 1 dependencies
  has 0 peers
Evaluating 'inline-css' ...
  got 4.0.3
  has 64 dependencies
  has 0 peers
Evaluating '@chakra-ui/styled-system' ...
  got chakra-ui/styled-system
  has 5 dependencies
  has 0 peers
Evaluating '@chakra-ui/select' ...
  got chakra-ui/select
  has 0 dependencies
  has 2 peers
Evaluating '@chakra-ui/media-query' ...
  got chakra-ui/media-query
  has 0 dependencies
  has 2 peers
Evaluating 'href-content' ...
  got 2.0.3
  has 25 dependencies
  has 0 peers
Evaluating '@chakra-ui/control-box' ...
  got chakra-ui/control-box
  has 0 dependencies
  has 2 peers
Evaluating '@chakra-ui/popover' ...
  got chakra-ui/popover
  has 0 dependencies
  has 3 peers
Evaluating '@storybook/addon-viewport' ...
  got storybook/addon-viewport
  has 0 dependencies
  has 0 peers
Evaluating '@chakra-ui/css-reset' ...
  got chakra-ui/css-reset
  has 0 dependencies
  has 2 peers
Evaluating '@chakra-ui/popper' ...
  got chakra-ui/popper
  has 0 dependencies
  has 1 peers
Evaluating 'findit2' ...
  got 2.2.3
  has 0 dependencies
  has 0 peers
Evaluating 'extract-css' ...
  got 3.0.2
  has 55 dependencies
  has 0 peers
Evaluating 'ldapjs' ...
  got 3.0.7
  has 21 dependencies
  has 0 peers
Evaluating '@chakra-ui/tag' ...
  got chakra-ui/system
  has 0 dependencies
  has 2 peers
Evaluating '@chakra-ui/react-env' ...
  got chakra-ui/react-env
  has 0 dependencies
  has 1 peers
Evaluating '@chakra-ui/clickable' ...
  got chakra-ui/clickable
  has 0 dependencies
  has 1 peers
Evaluating '@chakra-ui/focus-lock' ...
  got chakra-ui/focus-lock
  has 0 dependencies
  has 1 peers
Evaluating 'css-rules' ...
  got 1.1.0
  has 1 dependencies
  has 0 peers
Evaluating '@chakra-ui/descendant' ...
  got chakra-ui/descendant
  has 0 dependencies
  has 1 peers
Evaluating '@chakra-ui/switch' ...
  got chakra-ui/switch
  has 0 dependencies
  has 3 peers
Evaluating 'mediaquery-text' ...
  got 1.2.0
  has 1 dependencies
  has 0 peers
Evaluating '@chakra-ui/image' ...
  got chakra-ui/image
  has 0 dependencies
  has 2 peers
Evaluating 'escape-string-applescript' ...
  got 3.0.0
  has 0 dependencies
  has 0 peers
Evaluating 'list-stylesheets' ...
  got 2.0.2
  has 24 dependencies
  has 0 peers
Evaluating 'style-data' ...
  got 2.0.2
  has 27 dependencies
  has 0 peers
Evaluating '@chakra-ui/breadcrumb' ...
  got chakra-ui/breadcrumb
  has 0 dependencies
  has 2 peers
Evaluating '@chakra-ui/skeleton' ...
  got chakra-ui/skeleton
  has 0 dependencies
  has 2 peers
Evaluating '@chakra-ui/transition' ...
  got chakra-ui/transition
  has 0 dependencies
  has 2 peers
Evaluating '@chakra-ui/radio' ...
  got chakra-ui/radio
  has 0 dependencies
  has 2 peers
Evaluating '@chakra-ui/avatar' ...
  got chakra-ui/avatar
  has 0 dependencies
  has 2 peers
Evaluating '@chakra-ui/pin-input' ...
  got chakra-ui/pin-input
  has 0 dependencies
  has 2 peers
Evaluating '@lerna/package' ...
  got lerna/package
  has 32 dependencies
  has 0 peers
Evaluating 'modify-filename' ...
  got 2.0.0
  has 0 dependencies
  has 0 peers
Evaluating 'remote-content' ...
  got 4.0.1
  has 24 dependencies
  has 0 peers
Evaluating '@chakra-ui/number-input' ...
  got chakra-ui/number-input
  has 0 dependencies
  has 2 peers
Evaluating '@chakra-ui/input' ...
  got chakra-ui/input
  has 0 dependencies
  has 2 peers
Evaluating '@chakra-ui/spinner' ...
  got chakra-ui/spinner
  has 0 dependencies
  has 2 peers
Evaluating '@chakra-ui/close-button' ...
  got chakra-ui/close-button
  has 0 dependencies
  has 2 peers
Evaluating '@chakra-ui/toast' ...
  got chakra-ui/system
  has 0 dependencies
  has 4 peers
Evaluating '@chakra-ui/stat' ...
  got chakra-ui/stat
  has 0 dependencies
  has 2 peers
Evaluating '@chakra-ui/visually-hidden' ...
  got chakra-ui/system
  has 0 dependencies
  has 2 peers
Evaluating '@chakra-ui/tooltip' ...
  got chakra-ui/system
  has 0 dependencies
  has 4 peers
Evaluating '@chakra-ui/tabs' ...
  got chakra-ui/system
  has 0 dependencies
  has 2 peers
Evaluating '@chakra-ui/table' ...
  got chakra-ui/system
  has 0 dependencies
  has 2 peers
Evaluating '@chakra-ui/icon' ...
  got chakra-ui/icon
  has 0 dependencies
  has 2 peers
Evaluating '@chakra-ui/form-control' ...
  got chakra-ui/form-control
  has 0 dependencies
  has 2 peers
Evaluating '@chakra-ui/accordion' ...
  got chakra-ui/accordion
  has 0 dependencies
  has 3 peers
Evaluating '@chakra-ui/layout' ...
  got chakra-ui/layout
  has 0 dependencies
  has 2 peers
Evaluating '@chakra-ui/editable' ...
  got chakra-ui/editable
  has 0 dependencies
  has 2 peers
Evaluating '@chakra-ui/textarea' ...
  got chakra-ui/system
  has 0 dependencies
  has 2 peers
Evaluating '@chakra-ui/modal' ...
  got chakra-ui/modal
  has 0 dependencies
  has 4 peers
Evaluating 'chroma-js' ...
  got 3.2.0
  has 0 dependencies
  has 0 peers
Evaluating '@chakra-ui/progress' ...
  got chakra-ui/progress
  has 0 dependencies
  has 2 peers
Evaluating '@chakra-ui/portal' ...
  got chakra-ui/portal
  has 0 dependencies
  has 2 peers
Evaluating '@chakra-ui/alert' ...
  got chakra-ui/alert
  has 0 dependencies
  has 2 peers
Evaluating '@chakra-ui/menu' ...
  got chakra-ui/menu
  has 0 dependencies
  has 3 peers
Evaluating '@chakra-ui/button' ...
  got chakra-ui/button
  has 0 dependencies
  has 2 peers
Evaluating '@chakra-ui/slider' ...
  got chakra-ui/slider
  has 0 dependencies
  has 2 peers
Evaluating '@chakra-ui/checkbox' ...
  got chakra-ui/checkbox
  has 0 dependencies
  has 2 peers
Evaluating 'nunjucks' ...
  got 3.2.4
  has 3 dependencies
  has 1 peers
Evaluating '@jonkemp/package-utils' ...
  got jonkemp/package-utils
  has 0 dependencies
  has 0 peers
Evaluating 'pick-util' ...
  got 1.1.5
  has 1 dependencies
  has 0 peers
Evaluating 'flat-util' ...
  got 1.1.11
  has 0 dependencies
  has 0 peers
Evaluating 'adal-node' ...
  got 0.2.4
  has 14 dependencies
  has 0 peers
Evaluating 'ono' ...
  got 7.1.3
  has 1 dependencies
  has 0 peers
Evaluating 'import-modules' ...
  got 3.2.0
  has 0 dependencies
  has 0 peers
Evaluating 'chromium-pickle-js' ...
  got 0.2.0
  has 0 dependencies
  has 0 peers
Evaluating 'mobx' ...
  got 6.15.0
  has 0 dependencies
  has 0 peers
Evaluating '@lerna/validation-error' ...
  got lerna/validation-error
  has 21 dependencies
  has 0 peers
Evaluating '@types/lodash.merge' ...
  got types/lodash.merge
  has 1 dependencies
  has 0 peers
Evaluating '@lerna/project' ...
  got lerna/project
  has 104 dependencies
  has 0 peers
Evaluating '@types/lodash.set' ...
  got types/lodash.set
  has 1 dependencies
  has 0 peers
Evaluating '@chakra-ui/anatomy' ...
  got chakra-ui/anatomy
  has 0 dependencies
  has 0 peers
Evaluating 'requestretry' ...
  got ^2.88.1-postman
  has 2 dependencies
  has 1 peers
Evaluating '@types/lodash.frompairs' ...
  got types/lodash.frompairs
  has 1 dependencies
  has 0 peers
Evaluating 'time-zone' ...
  got 2.0.0
  has 0 dependencies
  has 0 peers
Evaluating '@parcel/utils' ...
  got parcel/utils
  has 21 dependencies
  has 0 peers
Evaluating 'tinypool' ...
  got 2.1.0
  has 0 dependencies
  has 0 peers
Evaluating 'img-loader' ...
  got ^5.0.0 || ^6.0.0 || ^7.0.0 || ^8.0.0
  has 5 dependencies
  has 1 peers
Evaluating '@parcel/workers' ...
  got parcel/core
  has 27 dependencies
  has 1 peers
Evaluating 'js-md4' ...
  got 0.3.2
  has 0 dependencies
  has 0 peers
Evaluating '@lerna/symlink-binary' ...
  got lerna/symlink-binary
  has 67 dependencies
  has 0 peers
Evaluating '@parcel/logger' ...
  got parcel/logger
  has 7 dependencies
  has 0 peers
Evaluating '@lerna/link' ...
  ! package not resolved
Evaluating '@lerna/command' ...
  got lerna/command
  has 142 dependencies
  has 0 peers
Evaluating '@lerna/resolve-symlink' ...
  got lerna/resolve-symlink
  has 27 dependencies
  has 0 peers
Evaluating 'markdown-it-footnote' ...
  got 4.0.0
  has 0 dependencies
  has 0 peers
Evaluating '@lerna/write-log-file' ...
  got lerna/write-log-file
  has 23 dependencies
  has 0 peers
Evaluating '@lerna/package-graph' ...
  got lerna/package-graph
  has 30 dependencies
  has 0 peers
Evaluating '@parcel/fs' ...
  got parcel/core
  has 36 dependencies
  has 1 peers
Evaluating '@lerna/symlink-dependencies' ...
  got lerna/symlink-dependencies
  has 71 dependencies
  has 0 peers
Evaluating '@chakra-ui/provider' ...
  got chakra-ui/provider
  has 0 dependencies
  has 4 peers
Evaluating '@lerna/create-symlink' ...
  got lerna/create-symlink
  has 31 dependencies
  has 0 peers
Evaluating 'vitest' ...
  got 4.1.5
  has 51 dependencies
  has 12 peers
Evaluating 'mapbox-gl' ...
  got 3.22.0
  has 27 dependencies
  has 0 peers
Evaluating 'ts-morph' ...
  got 28.0.0
  has 9 dependencies
  has 0 peers
Evaluating '@lerna/bootstrap' ...
  ! package not resolved
Evaluating '@lerna/import' ...
  ! package not resolved
Evaluating '@lerna/describe-ref' ...
  got lerna/describe-ref
  has 47 dependencies
  has 0 peers
Evaluating '@lerna/npm-publish' ...
  got lerna/npm-publish
  has 183 dependencies
  has 0 peers
Evaluating '@lerna/conventional-commits' ...
  got lerna/conventional-commits
  has 176 dependencies
  has 0 peers
Evaluating '@lerna/list' ...
  ! package not resolved
Evaluating '@lerna/log-packed' ...
  got lerna/log-packed
  has 26 dependencies
  has 0 peers
Evaluating '@lerna/run-lifecycle' ...
  got lerna/run-lifecycle
  has 109 dependencies
  has 0 peers
Evaluating '@lerna/changed' ...
  ! package not resolved
Evaluating '@lerna/listable' ...
  got lerna/listable
  has 42 dependencies
  has 0 peers
Evaluating 'next-line' ...
  got 1.1.0
  has 0 dependencies
  has 0 peers
Evaluating '@lerna/prompt' ...
  got lerna/prompt
  has 60 dependencies
  has 0 peers
Evaluating '@lerna/diff' ...
  ! package not resolved
Evaluating '@lerna/output' ...
  got lerna/output
  has 21 dependencies
  has 0 peers
Evaluating '@lerna/rimraf-dir' ...
  got lerna/rimraf-dir
  has 59 dependencies
  has 0 peers
Evaluating '@lerna/version' ...
  ! package not resolved
Evaluating '@lerna/check-working-tree' ...
  got lerna/check-working-tree
  has 50 dependencies
  has 0 peers
Evaluating '@lerna/filter-packages' ...
  got lerna/filter-packages
  has 31 dependencies
  has 0 peers
Evaluating '@lerna/publish' ...
  ! package not resolved
Evaluating '@lerna/has-npm-version' ...
  got lerna/has-npm-version
  has 28 dependencies
  has 0 peers
Evaluating '@lerna/npm-install' ...
  got lerna/npm-install
  has 71 dependencies
  has 0 peers
Evaluating 'atob-lite' ...
  got 2.0.0
  has 0 dependencies
  has 0 peers
Evaluating '@lerna/clean' ...
  ! package not resolved
Evaluating '@lerna/npm-conf' ...
  got lerna/npm-conf
  has 4 dependencies
  has 0 peers
Evaluating '@lerna/run' ...
  ! package not resolved
Evaluating 'to-no-case' ...
  got 1.0.2
  has 0 dependencies
  has 0 peers
Evaluating '@lerna/global-options' ...
  got lerna/global-options
  has 0 dependencies
  has 0 peers
Evaluating '@lerna/add' ...
  ! package not resolved
Evaluating '@lerna/npm-run-script' ...
  got lerna/npm-run-script
  has 48 dependencies
  has 0 peers
Evaluating '@lerna/exec' ...
  ! package not resolved
Evaluating '@lerna/collect-updates' ...
  got lerna/collect-updates
  has 53 dependencies
  has 0 peers
Evaluating '@lerna/get-npm-exec-opts' ...
  got lerna/get-npm-exec-opts
  has 21 dependencies
  has 0 peers
Evaluating '@lerna/filter-options' ...
  got lerna/filter-options
  has 62 dependencies
  has 0 peers
Evaluating 'eslint-config-airbnb-typescript' ...
  got typescript-eslint/eslint-plugin
  has 24 dependencies
  has 3 peers
Evaluating '@lerna/cli' ...
  got lerna/cli
  has 34 dependencies
  has 0 peers
Evaluating 'preact-render-to-string' ...
  got >=10 || >= 11.0.0-0
  has 0 dependencies
  has 1 peers
Evaluating '@lerna/init' ...
  ! package not resolved
Evaluating '@lerna/npm-dist-tag' ...
  got lerna/npm-dist-tag
  has 141 dependencies
  has 0 peers
Evaluating '@types/lodash.isequal' ...
  got types/lodash.isequal
  has 1 dependencies
  has 0 peers
Evaluating 'http-headers' ...
  got 3.0.2
  has 1 dependencies
  has 0 peers
Evaluating 'karma-sourcemap-loader' ...
  got 0.4.0
  has 1 dependencies
  has 0 peers
Evaluating '@types/pretty-hrtime' ...
  got types/pretty-hrtime
  has 0 dependencies
  has 0 peers
Evaluating 'grid-index' ...
  got 1.1.0
  has 0 dependencies
  has 0 peers
Evaluating 'to-space-case' ...
  got 1.0.0
  has 1 dependencies
  has 0 peers
Evaluating 'null-loader' ...
  got 4.0.1
  has 0 dependencies
  has 1 peers
Evaluating '@sentry-internal/tracing' ...
  got sentry-internal/tracing
  has 3 dependencies
  has 0 peers
Evaluating '@lerna/github-client' ...
  got lerna/github-client
  has 78 dependencies
  has 0 peers
Evaluating 'astw' ...
  got 2.2.0
  has 1 dependencies
  has 0 peers
Evaluating 'date-and-time' ...
  got 4.4.0
  has 0 dependencies
  has 0 peers
Evaluating '@lerna/prerelease-id-from-version' ...
  got lerna/prerelease-id-from-version
  has 1 dependencies
  has 0 peers
Evaluating '@storybook/core-common' ...
  got storybook/core-common
  has 0 dependencies
  has 1 peers
Evaluating '@types/lodash.pick' ...
  got types/lodash.pick
  has 1 dependencies
  has 0 peers
Evaluating '@lerna/timer' ...
  got lerna/timer
  has 0 dependencies
  has 0 peers
Evaluating '@lerna/pulse-till-done' ...
  got lerna/pulse-till-done
  has 21 dependencies
  has 0 peers
Evaluating 'ansi-color' ...
  got 0.2.2
  has 0 dependencies
  has 0 peers
Evaluating '@types/pino' ...
  got types/pino
  has 13 dependencies
  has 0 peers
Evaluating '@lerna/get-packed' ...
  got lerna/get-packed
  has 14 dependencies
  has 0 peers
Evaluating '@lerna/pack-directory' ...
  got lerna/pack-directory
  has 159 dependencies
  has 0 peers
Evaluating 'thirty-two' ...
  got 1.0.2
  has 0 dependencies
  has 0 peers
Evaluating 'react-overlays' ...
  got >=16.3.0
  has 17 dependencies
  has 2 peers
Evaluating '@lerna/run-topologically' ...
  got lerna/run-topologically
  has 36 dependencies
  has 0 peers
Evaluating 'better-sqlite3' ...
  ! package not resolved
Evaluating '@lerna/query-graph' ...
  got lerna/query-graph
  has 31 dependencies
  has 0 peers
Evaluating '@lerna/otplease' ...
  got lerna/otplease
  has 61 dependencies
  has 0 peers
Evaluating 'koa-range' ...
  got 0.3.0
  has 1 dependencies
  has 0 peers
Evaluating '@wordpress/eslint-plugin' ...
  ! package not resolved
Evaluating 'rc9' ...
  got 3.0.1
  has 2 dependencies
  has 0 peers
Evaluating '@lerna/collect-uncommitted' ...
  got lerna/collect-uncommitted
  has 47 dependencies
  has 0 peers
Evaluating 'require-relative' ...
  got 0.8.7
  has 0 dependencies
  has 0 peers
Evaluating 'batch-processor' ...
  got 1.0.0
  has 0 dependencies
  has 0 peers
Evaluating 'element-resize-detector' ...
  got 1.2.4
  has 1 dependencies
  has 0 peers
Evaluating 'get-port-please' ...
  got 3.2.0
  has 0 dependencies
  has 0 peers
Evaluating 'xorshift' ...
  got 1.2.0
  has 0 dependencies
  has 0 peers
Evaluating '@lerna/gitlab-client' ...
  got lerna/gitlab-client
  has 25 dependencies
  has 0 peers
Evaluating 'check-disk-space' ...
  got 3.4.0
  has 0 dependencies
  has 0 peers
Evaluating 'prettysize' ...
  got 2.0.0
  has 0 dependencies
  has 0 peers
Evaluating 'pop-iterate' ...
  got 1.0.1
  has 0 dependencies
  has 0 peers
Evaluating 'is-valid-path' ...
  got 0.1.1
  has 3 dependencies
  has 0 peers
Evaluating '@types/vfile-message' ...
  got types/vfile-message
  has 3 dependencies
  has 0 peers
Evaluating '@babel/plugin-external-helpers' ...
  got babel/core
  has 1 dependencies
  has 1 peers
Evaluating 'vscode-regexp-languagedetection' ...
  ! package not resolved
Evaluating 'postcss-import-resolver' ...
  got 2.0.0
  has 14 dependencies
  has 0 peers
Evaluating 'html-dom-parser' ...
  got 7.0.1
  has 6 dependencies
  has 0 peers
Evaluating 'passport-oauth1' ...
  got 1.3.0
  has 3 dependencies
  has 0 peers
Evaluating 'html-react-parser' ...
  got 6.0.1
  has 0 dependencies
  has 2 peers
Evaluating 'decache' ...
  got 4.6.2
  has 1 dependencies
  has 0 peers
Evaluating 'physical-cpu-count' ...
  got 2.0.0
  has 0 dependencies
  has 0 peers
Evaluating '@angular/cdk' ...
  got angular/cdk
  has 0 dependencies
  has 4 peers
Evaluating 'applicationinsights' ...
  got 3.14.0
  has 225 dependencies
  has 0 peers
Evaluating 'lodash._shimkeys' ...
  got 2.4.1
  has 1 dependencies
  has 0 peers
Evaluating 'babel-plugin-transform-class-constructor-call' ...
  got 6.24.1
  has 26 dependencies
  has 0 peers
Evaluating 'babel-plugin-syntax-class-constructor-call' ...
  got 6.18.0
  has 0 dependencies
  has 0 peers
Evaluating 'babel-preset-stage-1' ...
  got 6.24.1
  has 52 dependencies
  has 0 peers
Evaluating '@nrwl/tao' ...
  ! package not resolved
Evaluating 'ssr-window' ...
  got 5.0.1
  has 0 dependencies
  has 0 peers
Evaluating '@types/lodash.camelcase' ...
  got types/lodash.camelcase
  has 1 dependencies
  has 0 peers
Evaluating 'node-object-hash' ...
  got 3.1.1
  has 0 dependencies
  has 0 peers
Evaluating 'parse-github-url' ...
  got 1.0.4
  has 0 dependencies
  has 0 peers
Evaluating 'nuxt' ...
  got 4.4.2
  has 595 dependencies
  has 2 peers
Evaluating 'first-run' ...
  got 4.0.0
  has 9 dependencies
  has 0 peers
Evaluating 'express-jwt' ...
  got 8.5.1
  has 20 dependencies
  has 0 peers
Evaluating 'ldap-filter' ...
  got 0.3.3
  has 1 dependencies
  has 0 peers
Evaluating 'pino-http' ...
  got 11.0.0
  has 14 dependencies
  has 0 peers
Evaluating 'bufrw' ...
  got 1.4.0
  has 7 dependencies
  has 0 peers
Evaluating 'thriftrw' ...
  got 3.11.4
  has 9 dependencies
  has 0 peers
Evaluating 'universal-cookie' ...
  got 8.1.0
  has 1 dependencies
  has 0 peers
Evaluating '@types/lodash.mapvalues' ...
  got types/lodash.mapvalues
  has 1 dependencies
  has 0 peers
Evaluating '@noble/secp256k1' ...
  got noble/secp256k1
  has 0 dependencies
  has 0 peers
Evaluating 'laravel-mix' ...
  got 6.0.49
  has 749 dependencies
  has 8 peers
Evaluating '@internationalized/number' ...
  got internationalized/number
  has 2 dependencies
  has 0 peers
Evaluating 'airbnb-js-shims' ...
  got 2.2.1
  has 112 dependencies
  has 0 peers
Evaluating '@types/lodash.escape' ...
  got types/lodash.escape
  has 1 dependencies
  has 0 peers
Evaluating 'tinybench' ...
  got 6.0.0
  has 0 dependencies
  has 0 peers
Evaluating '@types/lodash.groupby' ...
  got types/lodash.groupby
  has 1 dependencies
  has 0 peers
Evaluating 'mongoose-update-if-current' ...
  got >=5.0.0
  has 3 dependencies
  has 1 peers
Evaluating 'jaeger-client' ...
  got 3.19.0
  has 14 dependencies
  has 0 peers
Evaluating '@types/lodash.mapkeys' ...
  got types/lodash.mapkeys
  has 1 dependencies
  has 0 peers
Evaluating '@types/lodash.difference' ...
  got types/lodash.difference
  has 1 dependencies
  has 0 peers
Evaluating 'react-property' ...
  got 2.0.2
  has 0 dependencies
  has 0 peers
Evaluating 'eslint-plugin-markdown' ...
  got >=8
  has 16 dependencies
  has 1 peers
Evaluating '@types/dotenv' ...
  got types/dotenv
  has 1 dependencies
  has 0 peers
Evaluating '@types/aws-lambda' ...
  got types/aws-lambda
  has 0 dependencies
  has 0 peers
Evaluating '@types/lodash.isstring' ...
  got types/lodash.isstring
  has 1 dependencies
  has 0 peers
Evaluating 'stream-throttle' ...
  got 0.1.3
  has 2 dependencies
  has 0 peers
Evaluating '@types/is-function' ...
  got types/is-function
  has 0 dependencies
  has 0 peers
Evaluating '@types/lodash.uniq' ...
  got types/lodash.uniq
  has 1 dependencies
  has 0 peers
Evaluating '@types/lodash.foreach' ...
  got types/lodash.foreach
  has 1 dependencies
  has 0 peers
Evaluating 'grunt-contrib-concat' ...
  got >=1.4.1
  has 7 dependencies
  has 1 peers
Evaluating '@storybook/core-server' ...
  got storybook/core-server
  has 0 dependencies
  has 1 peers
Evaluating '@types/lodash.has' ...
  got types/lodash.has
  has 1 dependencies
  has 0 peers
Evaluating 'echarts' ...
  got 6.0.0
  has 2 dependencies
  has 0 peers
Evaluating '@types/lodash.values' ...
  got types/lodash.values
  has 1 dependencies
  has 0 peers
Evaluating '@graphql-tools/code-file-loader' ...
  got graphql-tools/code-file-loader
  has 0 dependencies
  has 1 peers
Evaluating 'lexical-scope' ...
  got 1.2.0
  has 2 dependencies
  has 0 peers
Evaluating '@types/lodash.clonedeepwith' ...
  got types/lodash.clonedeepwith
  has 1 dependencies
  has 0 peers
Evaluating '@graphql-tools/graphql-tag-pluck' ...
  got graphql-tools/graphql-tag-pluck
  has 0 dependencies
  has 1 peers
Evaluating 'stream-length' ...
  got 1.0.2
  has 1 dependencies
  has 0 peers
Evaluating '@types/lodash.snakecase' ...
  got types/lodash.snakecase
  has 1 dependencies
  has 0 peers
Evaluating 'gulp-concat' ...
  got 2.6.1
  has 19 dependencies
  has 0 peers
Evaluating '@storybook/core-client' ...
  got storybook/core-client
  has 63 dependencies
  has 0 peers
Evaluating 'make-error-cause' ...
  got 2.3.0
  has 1 dependencies
  has 0 peers
Evaluating 'preview-email' ...
  got 3.1.3
  has 128 dependencies
  has 0 peers
Evaluating '@hookform/resolvers' ...
  got hookform/resolvers
  has 0 dependencies
  has 1 peers
Evaluating 'feature-policy' ...
  got 0.6.0
  has 0 dependencies
  has 0 peers
Evaluating '@nuxt/devalue' ...
  got nuxt/devalue
  has 0 dependencies
  has 0 peers
Evaluating '@types/lodash.upperfirst' ...
  got types/lodash.upperfirst
  has 1 dependencies
  has 0 peers
Evaluating '@types/lodash.zip' ...
  got types/lodash.zip
  has 1 dependencies
  has 0 peers
Evaluating '@types/lodash.compact' ...
  got types/lodash.compact
  has 1 dependencies
  has 0 peers
Evaluating '@types/lodash.unset' ...
  got types/lodash.unset
  has 1 dependencies
  has 0 peers
Evaluating '@types/lodash.split' ...
  got types/lodash.split
  has 1 dependencies
  has 0 peers
Evaluating '@types/lodash.flatmap' ...
  got types/lodash.flatmap
  has 1 dependencies
  has 0 peers
Evaluating '@types/esprima' ...
  got types/esprima
  has 1 dependencies
  has 0 peers
Evaluating '@types/lodash.intersection' ...
  got types/lodash.intersection
  has 1 dependencies
  has 0 peers
Evaluating '@types/lodash.escaperegexp' ...
  got types/lodash.escaperegexp
  has 1 dependencies
  has 0 peers
Evaluating 'graphql-scalars' ...
  got ^0.8.0 || ^0.9.0 || ^0.10.0 || ^0.11.0 || ^0.12.0 || ^0.13.0 || ^14.0.0 || ^15.0.0 || ^16.0.0
  has 1 dependencies
  has 1 peers
Evaluating '@types/lodash.range' ...
  got types/lodash.range
  has 1 dependencies
  has 0 peers
Evaluating '@types/lodash.every' ...
  got types/lodash.every
  has 1 dependencies
  has 0 peers
Evaluating 'grunt-contrib-jshint' ...
  got 3.2.0
  has 38 dependencies
  has 0 peers
Evaluating 'htmlnano' ...
  got 3.2.1
  has 30 dependencies
  has 8 peers
Evaluating '@types/lodash.isregexp' ...
  got types/lodash.isregexp
  has 1 dependencies
  has 0 peers
Evaluating 'osx-release' ...
  got 2.0.0
  has 0 dependencies
  has 0 peers
Evaluating '@cypress/webpack-preprocessor' ...
  got babel/core
  has 0 dependencies
  has 4 peers
Evaluating '@types/lodash.isempty' ...
  got types/lodash.isempty
  has 1 dependencies
  has 0 peers
Evaluating '@types/lodash.template' ...
  got types/lodash.template
  has 1 dependencies
  has 0 peers
Evaluating '@types/lodash.partition' ...
  got types/lodash.partition
  has 1 dependencies
  has 0 peers
Evaluating '@smithy/util-waiter' ...
  got smithy/util-waiter
  has 2 dependencies
  has 0 peers
Evaluating '@types/lodash.zipwith' ...
  got types/lodash.zipwith
  has 1 dependencies
  has 0 peers
Evaluating 'ts-mixer' ...
  got 6.0.4
  has 0 dependencies
  has 0 peers
Evaluating '@types/lodash.assign' ...
  got types/lodash.assign
  has 1 dependencies
  has 0 peers
Evaluating '@types/lodash.isfunction' ...
  got types/lodash.isfunction
  has 1 dependencies
  has 0 peers
Evaluating 'serve-placeholder' ...
  got 2.0.2
  has 1 dependencies
  has 0 peers
Evaluating 'test-node-app' ...
  got 1.0.0
  has 1 dependencies
  has 0 peers
Evaluating 'vscode-reh' ...
  got 0.0.1-security
  has 0 dependencies
  has 0 peers
Evaluating '@types/lodash.times' ...
  got types/lodash.times
  has 1 dependencies
  has 0 peers
Evaluating '@types/lodash.isplainobject' ...
  got types/lodash.isplainobject
  has 1 dependencies
  has 0 peers
Evaluating 'unplugin' ...
  got 3.0.0
  has 7 dependencies
  has 0 peers
Evaluating '@types/lodash.isobject' ...
  got types/lodash.isobject
  has 1 dependencies
  has 0 peers
Evaluating 'symbol.prototype.description' ...
  got 2.0.0
  has 92 dependencies
  has 0 peers
Evaluating '@types/lodash.transform' ...
  got types/lodash.transform
  has 1 dependencies
  has 0 peers
Evaluating '@types/lodash.flow' ...
  got types/lodash.flow
  has 1 dependencies
  has 0 peers
Evaluating '@types/lodash.sumby' ...
  got types/lodash.sumby
  has 1 dependencies
  has 0 peers
Evaluating 'universal-analytics' ...
  got 0.5.3
  has 3 dependencies
  has 0 peers
Evaluating '@types/lodash.some' ...
  got types/lodash.some
  has 1 dependencies
  has 0 peers
Evaluating '@types/lodash.keyby' ...
  got types/lodash.keyby
  has 1 dependencies
  has 0 peers
Evaluating '@types/lodash.map' ...
  got types/lodash.map
  has 1 dependencies
  has 0 peers
Evaluating 'playwright' ...
  got 1.59.1
  has 1 dependencies
  has 0 peers
Evaluating '@sapphire/async-queue' ...
  got sapphire/async-queue
  has 0 dependencies
  has 0 peers
Evaluating '@types/lodash.sortby' ...
  got types/lodash.sortby
  has 1 dependencies
  has 0 peers
Evaluating '@types/lodash.startcase' ...
  got types/lodash.startcase
  has 1 dependencies
  has 0 peers
Evaluating '@types/lodash.isarray' ...
  got types/lodash.isarray
  has 1 dependencies
  has 0 peers
Evaluating 'rootpath' ...
  got 0.1.2
  has 0 dependencies
  has 0 peers
Evaluating 'electron-is-dev' ...
  got 3.0.1
  has 0 dependencies
  has 0 peers
Evaluating '@types/lodash.assignwith' ...
  got types/lodash.assignwith
  has 1 dependencies
  has 0 peers
Evaluating '@types/lodash.maxby' ...
  got types/lodash.maxby
  has 1 dependencies
  has 0 peers
Evaluating '@types/lodash.xor' ...
  got types/lodash.xor
  has 1 dependencies
  has 0 peers
Evaluating '@types/lodash.partialright' ...
  got types/lodash.partialright
  has 1 dependencies
  has 0 peers
Evaluating '@types/lodash.replace' ...
  got types/lodash.replace
  has 1 dependencies
  has 0 peers
Evaluating '@turf/meta' ...
  got turf/meta
  has 3 dependencies
  has 0 peers
Evaluating '@types/lodash.clone' ...
  got types/lodash.clone
  has 1 dependencies
  has 0 peers
Evaluating '@types/asap' ...
  got types/asap
  has 0 dependencies
  has 0 peers
Evaluating '@types/lodash.tostring' ...
  got types/lodash.tostring
  has 1 dependencies
  has 0 peers
Evaluating '@types/lodash.reduce' ...
  got types/lodash.reduce
  has 1 dependencies
  has 0 peers
Evaluating '@types/lodash.sample' ...
  got types/lodash.sample
  has 1 dependencies
  has 0 peers
Evaluating '@types/lodash.includes' ...
  got types/lodash.includes
  has 1 dependencies
  has 0 peers
Evaluating 'signale' ...
  got 1.4.0
  has 23 dependencies
  has 0 peers
Evaluating '@types/lodash.unionby' ...
  got types/lodash.unionby
  has 1 dependencies
  has 0 peers
Evaluating '@types/lodash.tonumber' ...
  got types/lodash.tonumber
  has 1 dependencies
  has 0 peers
Evaluating '@types/lodash.iteratee' ...
  got types/lodash.iteratee
  has 1 dependencies
  has 0 peers
Evaluating '@types/lodash.iserror' ...
  got types/lodash.iserror
  has 1 dependencies
  has 0 peers
Evaluating '@types/lodash.lt' ...
  got types/lodash.lt
  has 1 dependencies
  has 0 peers
Evaluating '@storybook/addon-controls' ...
  got storybook/addon-controls
  has 0 dependencies
  has 0 peers
Evaluating '@types/lodash.find' ...
  got types/lodash.find
  has 1 dependencies
  has 0 peers
Evaluating 'linebreak' ...
  got 1.1.0
  has 4 dependencies
  has 0 peers
Evaluating '@types/lodash.delay' ...
  got types/lodash.delay
  has 1 dependencies
  has 0 peers
Evaluating '@types/lodash.isnumber' ...
  got types/lodash.isnumber
  has 1 dependencies
  has 0 peers
Evaluating '@types/lodash.flatten' ...
  got types/lodash.flatten
  has 1 dependencies
  has 0 peers
Evaluating '@types/lodash.trim' ...
  got types/lodash.trim
  has 1 dependencies
  has 0 peers
Evaluating '@types/lodash.shuffle' ...
  got types/lodash.shuffle
  has 1 dependencies
  has 0 peers
Evaluating '@types/lodash.isinteger' ...
  got types/lodash.isinteger
  has 1 dependencies
  has 0 peers
Evaluating '@types/lodash.isboolean' ...
  got types/lodash.isboolean
  has 1 dependencies
  has 0 peers
Evaluating '@types/lodash.topath' ...
  got types/lodash.topath
  has 1 dependencies
  has 0 peers
Evaluating '@types/lodash.remove' ...
  got types/lodash.remove
  has 1 dependencies
  has 0 peers
Evaluating '@types/lodash.last' ...
  got types/lodash.last
  has 1 dependencies
  has 0 peers
Evaluating '@types/lodash.omitby' ...
  got types/lodash.omitby
  has 1 dependencies
  has 0 peers
Evaluating '@types/lodash.forown' ...
  got types/lodash.forown
  has 1 dependencies
  has 0 peers
Evaluating '@types/lodash.once' ...
  got types/lodash.once
  has 1 dependencies
  has 0 peers
Evaluating '@types/lodash.concat' ...
  got types/lodash.concat
  has 1 dependencies
  has 0 peers
Evaluating '@types/lodash.unescape' ...
  got types/lodash.unescape
  has 1 dependencies
  has 0 peers
Evaluating '@types/lodash.indexof' ...
  got types/lodash.indexof
  has 1 dependencies
  has 0 peers
Evaluating '@types/lodash.uppercase' ...
  got types/lodash.uppercase
  has 1 dependencies
  has 0 peers
Evaluating '@types/lodash.property' ...
  got types/lodash.property
  has 1 dependencies
  has 0 peers
Evaluating '@types/lodash.isequalwith' ...
  got types/lodash.isequalwith
  has 1 dependencies
  has 0 peers
Evaluating '@types/lodash.bindkey' ...
  got types/lodash.bindkey
  has 1 dependencies
  has 0 peers
Evaluating 'express-prom-bundle' ...
  got 8.0.0
  has 0 dependencies
  has 1 peers
Evaluating '@types/lodash.isdate' ...
  got types/lodash.isdate
  has 1 dependencies
  has 0 peers
Evaluating '@types/lodash.isset' ...
  got types/lodash.isset
  has 1 dependencies
  has 0 peers
Evaluating '@types/lodash.tolower' ...
  got types/lodash.tolower
  has 1 dependencies
  has 0 peers
Evaluating '@types/lodash.forownright' ...
  got types/lodash.forownright
  has 1 dependencies
  has 0 peers
Evaluating '@types/lodash.after' ...
  got types/lodash.after
  has 1 dependencies
  has 0 peers
Evaluating '@types/lodash.matchesproperty' ...
  got types/lodash.matchesproperty
  has 1 dependencies
  has 0 peers
Evaluating '@types/lodash.forinright' ...
  got types/lodash.forinright
  has 1 dependencies
  has 0 peers
Evaluating '@types/lodash.pullallwith' ...
  got types/lodash.pullallwith
  has 1 dependencies
  has 0 peers
Evaluating '@types/lodash.toupper' ...
  got types/lodash.toupper
  has 1 dependencies
  has 0 peers
Evaluating '@types/lodash.lte' ...
  got types/lodash.lte
  has 1 dependencies
  has 0 peers
Evaluating '@types/lodash.reject' ...
  got types/lodash.reject
  has 1 dependencies
  has 0 peers
Evaluating '@types/lodash.eq' ...
  got types/lodash.eq
  has 1 dependencies
  has 0 peers
Evaluating '@types/lodash.isarraylike' ...
  got types/lodash.isarraylike
  has 1 dependencies
  has 0 peers
Evaluating '@types/lodash.oversome' ...
  got types/lodash.oversome
  has 1 dependencies
  has 0 peers
Evaluating '@types/lodash.rest' ...
  got types/lodash.rest
  has 1 dependencies
  has 0 peers
Evaluating '@types/lodash.tosafeinteger' ...
  got types/lodash.tosafeinteger
  has 1 dependencies
  has 0 peers
Evaluating '@types/lodash.issymbol' ...
  got types/lodash.issymbol
  has 1 dependencies
  has 0 peers
Evaluating '@types/lodash.hasin' ...
  got types/lodash.hasin
  has 1 dependencies
  has 0 peers
Evaluating '@types/lodash.findindex' ...
  got types/lodash.findindex
  has 1 dependencies
  has 0 peers
Evaluating '@types/lodash.isnan' ...
  got types/lodash.isnan
  has 1 dependencies
  has 0 peers
Evaluating '@types/lodash.tointeger' ...
  got types/lodash.tointeger
  has 1 dependencies
  has 0 peers
Evaluating '@types/lodash.keys' ...
  got types/lodash.keys
  has 1 dependencies
  has 0 peers
Evaluating '@types/lodash.isfinite' ...
  got types/lodash.isfinite
  has 1 dependencies
  has 0 peers
Evaluating '@types/lodash.subtract' ...
  got types/lodash.subtract
  has 1 dependencies
  has 0 peers
Evaluating '@types/lodash.flattendepth' ...
  got types/lodash.flattendepth
  has 1 dependencies
  has 0 peers
Evaluating '@types/lodash.join' ...
  got types/lodash.join
  has 1 dependencies
  has 0 peers
Evaluating '@types/lodash.pullat' ...
  got types/lodash.pullat
  has 1 dependencies
  has 0 peers
Evaluating '@types/lodash.flatmapdepth' ...
  got types/lodash.flatmapdepth
  has 1 dependencies
  has 0 peers
Evaluating '@storybook/addon-backgrounds' ...
  got storybook/addon-backgrounds
  has 0 dependencies
  has 0 peers
Evaluating '@types/lodash.isarraylikeobject' ...
  got types/lodash.isarraylikeobject
  has 1 dependencies
  has 0 peers
Evaluating '@types/lodash.attempt' ...
  got types/lodash.attempt
  has 1 dependencies
  has 0 peers
Evaluating '@types/lodash.size' ...
  got types/lodash.size
  has 1 dependencies
  has 0 peers
Evaluating '@types/lodash.reduceright' ...
  got types/lodash.reduceright
  has 1 dependencies
  has 0 peers
Evaluating '@types/lodash.ary' ...
  got types/lodash.ary
  has 1 dependencies
  has 0 peers
Evaluating '@types/lodash.clamp' ...
  got types/lodash.clamp
  has 1 dependencies
  has 0 peers
Evaluating '@types/lodash.sortedlastindexof' ...
  got types/lodash.sortedlastindexof
  has 1 dependencies
  has 0 peers
Evaluating '@types/lodash.fill' ...
  got types/lodash.fill
  has 1 dependencies
  has 0 peers
Evaluating '@types/lodash.isweakmap' ...
  got types/lodash.isweakmap
  has 1 dependencies
  has 0 peers
Evaluating '@types/lodash.min' ...
  got types/lodash.min
  has 1 dependencies
  has 0 peers
Evaluating '@types/lodash.sortedindexby' ...
  got types/lodash.sortedindexby
  has 1 dependencies
  has 0 peers
Evaluating '@types/lodash.constant' ...
  got types/lodash.constant
  has 1 dependencies
  has 0 peers
Evaluating '@types/lodash.differenceby' ...
  got types/lodash.differenceby
  has 1 dependencies
  has 0 peers
Evaluating '@scure/base' ...
  got scure/base
  has 0 dependencies
  has 0 peers
Evaluating '@types/lodash.max' ...
  got types/lodash.max
  has 1 dependencies
  has 0 peers
Evaluating '@types/lodash.sortedlastindexby' ...
  got types/lodash.sortedlastindexby
  has 1 dependencies
  has 0 peers
Evaluating '@types/lodash.result' ...
  got types/lodash.result
  has 1 dependencies
  has 0 peers
Evaluating '@types/lodash.ntharg' ...
  got types/lodash.ntharg
  has 1 dependencies
  has 0 peers
Evaluating '@types/lodash.method' ...
  got types/lodash.method
  has 1 dependencies
  has 0 peers
Evaluating '@types/lodash.slice' ...
  got types/lodash.slice
  has 1 dependencies
  has 0 peers
Evaluating '@electron/get' ...
  got electron/get
  has 8 dependencies
  has 0 peers
Evaluating '@types/lodash.round' ...
  got types/lodash.round
  has 1 dependencies
  has 0 peers
Evaluating '@types/lodash.isweakset' ...
  got types/lodash.isweakset
  has 1 dependencies
  has 0 peers
Evaluating '@types/lodash.islength' ...
  got types/lodash.islength
  has 1 dependencies
  has 0 peers
Evaluating '@types/lodash.padstart' ...
  got types/lodash.padstart
  has 1 dependencies
  has 0 peers
Evaluating '@types/lodash.takewhile' ...
  got types/lodash.takewhile
  has 1 dependencies
  has 0 peers
Evaluating '@types/lodash.issafeinteger' ...
  got types/lodash.issafeinteger
  has 1 dependencies
  has 0 peers
Evaluating '@types/lodash.differencewith' ...
  got types/lodash.differencewith
  has 1 dependencies
  has 0 peers
Evaluating '@types/lodash.intersectionby' ...
  got types/lodash.intersectionby
  has 1 dependencies
  has 0 peers
Evaluating '@types/lodash.castarray' ...
  got types/lodash.castarray
  has 1 dependencies
  has 0 peers
Evaluating '@types/lodash.iselement' ...
  got types/lodash.iselement
  has 1 dependencies
  has 0 peers
Evaluating '@types/lodash.parseint' ...
  got types/lodash.parseint
  has 1 dependencies
  has 0 peers
Evaluating 'pdfkit' ...
  got 0.18.0
  has 21 dependencies
  has 0 peers
Evaluating '@types/lodash.flatmapdeep' ...
  got types/lodash.flatmapdeep
  has 1 dependencies
  has 0 peers
Evaluating '@types/lodash.bind' ...
  got types/lodash.bind
  has 1 dependencies
  has 0 peers
Evaluating '@types/lodash.before' ...
  got types/lodash.before
  has 1 dependencies
  has 0 peers
Evaluating '@types/lodash.findlastindex' ...
  got types/lodash.findlastindex
  has 1 dependencies
  has 0 peers
Evaluating '@types/lodash.stubtrue' ...
  got types/lodash.stubtrue
  has 1 dependencies
  has 0 peers
Evaluating '@types/lodash.toarray' ...
  got types/lodash.toarray
  has 1 dependencies
  has 0 peers
Evaluating '@types/lodash.wrap' ...
  got types/lodash.wrap
  has 1 dependencies
  has 0 peers
Evaluating '@types/lodash.endswith' ...
  got types/lodash.endswith
  has 1 dependencies
  has 0 peers
Evaluating '@types/lodash.samplesize' ...
  got types/lodash.samplesize
  has 1 dependencies
  has 0 peers
Evaluating '@types/lodash.sum' ...
  got types/lodash.sum
  has 1 dependencies
  has 0 peers
Evaluating '@types/lodash.mean' ...
  got types/lodash.mean
  has 1 dependencies
  has 0 peers
Evaluating '@types/lodash.without' ...
  got types/lodash.without
  has 1 dependencies
  has 0 peers
Evaluating '@types/lodash.topairsin' ...
  got types/lodash.topairsin
  has 1 dependencies
  has 0 peers
Evaluating '@types/lodash.repeat' ...
  got types/lodash.repeat
  has 1 dependencies
  has 0 peers
Evaluating '@types/lodash.functionsin' ...
  got types/lodash.functionsin
  has 1 dependencies
  has 0 peers
Evaluating '@types/lodash.pullall' ...
  got types/lodash.pullall
  has 1 dependencies
  has 0 peers
Evaluating '@types/lodash.truncate' ...
  got types/lodash.truncate
  has 1 dependencies
  has 0 peers
Evaluating '@types/lodash.ceil' ...
  got types/lodash.ceil
  has 1 dependencies
  has 0 peers
Evaluating '@types/lodash.pullallby' ...
  got types/lodash.pullallby
  has 1 dependencies
  has 0 peers
Evaluating '@types/lodash.identity' ...
  got types/lodash.identity
  has 1 dependencies
  has 0 peers
Evaluating '@types/lodash.take' ...
  got types/lodash.take
  has 1 dependencies
  has 0 peers
Evaluating '@types/lodash.deburr' ...
  got types/lodash.deburr
  has 1 dependencies
  has 0 peers
Evaluating '@types/lodash.head' ...
  got types/lodash.head
  has 1 dependencies
  has 0 peers
Evaluating '@types/lodash.setwith' ...
  got types/lodash.setwith
  has 1 dependencies
  has 0 peers
Evaluating '@types/lodash.xorwith' ...
  got types/lodash.xorwith
  has 1 dependencies
  has 0 peers
Evaluating '@types/lodash.isundefined' ...
  got types/lodash.isundefined
  has 1 dependencies
  has 0 peers
Evaluating '@types/lodash.ismatch' ...
  got types/lodash.ismatch
  has 1 dependencies
  has 0 peers
Evaluating '@types/lodash.propertyof' ...
  got types/lodash.propertyof
  has 1 dependencies
  has 0 peers
Evaluating '@types/lodash.assigninwith' ...
  got types/lodash.assigninwith
  has 1 dependencies
  has 0 peers
Evaluating '@types/lodash.nth' ...
  got types/lodash.nth
  has 1 dependencies
  has 0 peers
Evaluating '@types/lodash.findkey' ...
  got types/lodash.findkey
  has 1 dependencies
  has 0 peers
Evaluating '@types/lodash.lowercase' ...
  got types/lodash.lowercase
  has 1 dependencies
  has 0 peers
Evaluating '@types/lodash.unary' ...
  got types/lodash.unary
  has 1 dependencies
  has 0 peers
Evaluating '@types/lodash.uniqueid' ...
  got types/lodash.uniqueid
  has 1 dependencies
  has 0 peers
Evaluating '@types/lodash.isnull' ...
  got types/lodash.isnull
  has 1 dependencies
  has 0 peers
Evaluating 'bin-build' ...
  got 3.0.0
  has 138 dependencies
  has 0 peers
Evaluating '@types/lodash.drop' ...
  got types/lodash.drop
  has 1 dependencies
  has 0 peers
Evaluating '@types/lodash.valuesin' ...
  got types/lodash.valuesin
  has 1 dependencies
  has 0 peers
Evaluating '@types/lodash.partial' ...
  got types/lodash.partial
  has 1 dependencies
  has 0 peers
Evaluating '@types/lodash.defaultsdeep' ...
  got types/lodash.defaultsdeep
  has 1 dependencies
  has 0 peers
Evaluating '@types/lodash.meanby' ...
  got types/lodash.meanby
  has 1 dependencies
  has 0 peers
Evaluating '@types/lodash.istypedarray' ...
  got types/lodash.istypedarray
  has 1 dependencies
  has 0 peers
Evaluating '@opentelemetry/exporter-trace-otlp-http' ...
  got opentelemetry/exporter-trace-otlp-http
  has 14 dependencies
  has 1 peers
Evaluating '@types/lodash.toplainobject' ...
  got types/lodash.toplainobject
  has 1 dependencies
  has 0 peers
Evaluating '@types/lodash.unionwith' ...
  got types/lodash.unionwith
  has 1 dependencies
  has 0 peers
Evaluating '@types/lodash.multiply' ...
  got types/lodash.multiply
  has 1 dependencies
  has 0 peers
Evaluating '@types/lodash.invert' ...
  got types/lodash.invert
  has 1 dependencies
  has 0 peers
Evaluating '@types/lodash.at' ...
  got types/lodash.at
  has 1 dependencies
  has 0 peers
Evaluating '@types/lodash.random' ...
  got types/lodash.random
  has 1 dependencies
  has 0 peers
Evaluating '@types/lodash.topairs' ...
  got types/lodash.topairs
  has 1 dependencies
  has 0 peers
Evaluating '@types/lodash.isnil' ...
  got types/lodash.isnil
  has 1 dependencies
  has 0 peers
Evaluating '@types/lodash.create' ...
  got types/lodash.create
  has 1 dependencies
  has 0 peers
Evaluating '@storybook/ui' ...
  got storybook/ui
  has 0 dependencies
  has 2 peers
Evaluating '@types/lodash.mixin' ...
  got types/lodash.mixin
  has 1 dependencies
  has 0 peers
Evaluating '@types/lodash.padend' ...
  got types/lodash.padend
  has 1 dependencies
  has 0 peers
Evaluating '@types/lodash.floor' ...
  got types/lodash.floor
  has 1 dependencies
  has 0 peers
Evaluating '@types/lodash.takeright' ...
  got types/lodash.takeright
  has 1 dependencies
  has 0 peers
Evaluating '@types/lodash.noop' ...
  got types/lodash.noop
  has 1 dependencies
  has 0 peers
Evaluating '@types/lodash.negate' ...
  got types/lodash.negate
  has 1 dependencies
  has 0 peers
Evaluating '@types/lodash.words' ...
  got types/lodash.words
  has 1 dependencies
  has 0 peers
Evaluating '@types/lodash.matches' ...
  got types/lodash.matches
  has 1 dependencies
  has 0 peers
Evaluating '@types/lodash.spread' ...
  got types/lodash.spread
  has 1 dependencies
  has 0 peers
Evaluating '@types/lodash.filter' ...
  got types/lodash.filter
  has 1 dependencies
  has 0 peers
Evaluating '@types/lodash.gt' ...
  got types/lodash.gt
  has 1 dependencies
  has 0 peers
Evaluating '@types/lodash.defaults' ...
  got types/lodash.defaults
  has 1 dependencies
  has 0 peers
Evaluating 'airflow-www' ...
  got 0.0.1-security
  has 0 dependencies
  has 0 peers
Evaluating '@types/lodash.tolength' ...
  got types/lodash.tolength
  has 1 dependencies
  has 0 peers
Evaluating '@types/lodash.flip' ...
  got types/lodash.flip
  has 1 dependencies
  has 0 peers
Evaluating '@types/lodash.now' ...
  got types/lodash.now
  has 1 dependencies
  has 0 peers
Evaluating '@types/lodash.sortedindex' ...
  got types/lodash.sortedindex
  has 1 dependencies
  has 0 peers
Evaluating '@types/lodash.sorteduniqby' ...
  got types/lodash.sorteduniqby
  has 1 dependencies
  has 0 peers
Evaluating '@types/lodash.startswith' ...
  got types/lodash.startswith
  has 1 dependencies
  has 0 peers
Evaluating '@types/lodash.over' ...
  got types/lodash.over
  has 1 dependencies
  has 0 peers
Evaluating '@types/lodash.rearg' ...
  got types/lodash.rearg
  has 1 dependencies
  has 0 peers
Evaluating '@storybook/addon-toolbars' ...
  got storybook/addon-toolbars
  has 0 dependencies
  has 0 peers
Evaluating '@types/lodash.invoke' ...
  got types/lodash.invoke
  has 1 dependencies
  has 0 peers
Evaluating '@types/lodash.reverse' ...
  got types/lodash.reverse
  has 1 dependencies
  has 0 peers
Evaluating '@types/lodash.foreachright' ...
  got types/lodash.foreachright
  has 1 dependencies
  has 0 peers
Evaluating '@types/lodash.flatmapdeep' ...
  got types/lodash.flatmapdeep
  has 1 dependencies
  has 0 peers
Evaluating '@types/lodash.mixin' ...
  got types/lodash.mixin
  has 1 dependencies
  has 0 peers
Evaluating '@types/lodash.topairs' ...
  got types/lodash.topairs
  has 1 dependencies
  has 0 peers
Evaluating '@types/lodash.unzipwith' ...
  got types/lodash.unzipwith
  has 1 dependencies
  has 0 peers
Evaluating '@types/lodash.multiply' ...
  got types/lodash.multiply
  has 1 dependencies
  has 0 peers
Evaluating '@types/lodash.min' ...
  got types/lodash.min
  has 1 dependencies
  has 0 peers
Evaluating '@types/lodash.takewhile' ...
  got types/lodash.takewhile
  has 1 dependencies
  has 0 peers
Evaluating '@types/lodash.now' ...
  got types/lodash.now
  has 1 dependencies
  has 0 peers
Evaluating '@types/lodash.matchesproperty' ...
  got types/lodash.matchesproperty
  has 1 dependencies
  has 0 peers
Evaluating '@types/lodash.keys' ...
  got types/lodash.keys
  has 1 dependencies
  has 0 peers
Evaluating '@types/lodash.at' ...
  got types/lodash.at
  has 1 dependencies
  has 0 peers
Evaluating '@types/lodash.bind' ...
  got types/lodash.bind
  has 1 dependencies
  has 0 peers
Evaluating '@types/lodash.findkey' ...
  got types/lodash.findkey
  has 1 dependencies
  has 0 peers
Evaluating '@types/lodash.valuesin' ...
  got types/lodash.valuesin
  has 1 dependencies
  has 0 peers
Evaluating '@types/lodash.update' ...
  got types/lodash.update
  has 1 dependencies
  has 0 peers
Evaluating '@types/lodash.sortedlastindexby' ...
  got types/lodash.sortedlastindexby
  has 1 dependencies
  has 0 peers
Evaluating '@types/lodash.zipobjectdeep' ...
  got types/lodash.zipobjectdeep
  has 1 dependencies
  has 0 peers
Evaluating '@types/lodash.isundefined' ...
  got types/lodash.isundefined
  has 1 dependencies
  has 0 peers
Evaluating '@types/lodash.trimend' ...
  got types/lodash.trimend
  has 1 dependencies
  has 0 peers
Evaluating '@types/lodash.isbuffer' ...
  got types/lodash.isbuffer
  has 1 dependencies
  has 0 peers
Evaluating '@types/lodash.tolength' ...
  got types/lodash.tolength
  has 1 dependencies
  has 0 peers
Evaluating '@types/lodash.clamp' ...
  got types/lodash.clamp
  has 1 dependencies
  has 0 peers
Evaluating '@types/lodash.forinright' ...
  got types/lodash.forinright
  has 1 dependencies
  has 0 peers
Evaluating '@types/lodash.differenceby' ...
  got types/lodash.differenceby
  has 1 dependencies
  has 0 peers
Evaluating '@types/lodash.floor' ...
  got types/lodash.floor
  has 1 dependencies
  has 0 peers
Evaluating '@types/lodash.method' ...
  got types/lodash.method
  has 1 dependencies
  has 0 peers
Evaluating '@types/lodash.ismatch' ...
  got types/lodash.ismatch
  has 1 dependencies
  has 0 peers
Evaluating '@types/lodash.takeright' ...
  got types/lodash.takeright
  has 1 dependencies
  has 0 peers
Evaluating '@types/lodash.droprightwhile' ...
  got types/lodash.droprightwhile
  has 1 dependencies
  has 0 peers
Evaluating '@types/lodash.findindex' ...
  got types/lodash.findindex
  has 1 dependencies
  has 0 peers
Evaluating '@types/lodash.keysin' ...
  got types/lodash.keysin
  has 1 dependencies
  has 0 peers
Evaluating 'bin-build' ...
  got 3.0.0
  has 138 dependencies
  has 0 peers
Evaluating '@types/lodash.issymbol' ...
  got types/lodash.issymbol
  has 1 dependencies
  has 0 peers
Evaluating '@types/lodash.padend' ...
  got types/lodash.padend
  has 1 dependencies
  has 0 peers
Evaluating 'is-deflate' ...
  got 1.0.0
  has 0 dependencies
  has 0 peers
Evaluating '@types/lodash.invoke' ...
  got types/lodash.invoke
  has 1 dependencies
  has 0 peers
Evaluating '@types/lodash.isweakset' ...
  got types/lodash.isweakset
  has 1 dependencies
  has 0 peers
Evaluating '@types/lodash.unzip' ...
  got types/lodash.unzip
  has 1 dependencies
  has 0 peers
Evaluating '@types/lodash.tofinite' ...
  got types/lodash.tofinite
  has 1 dependencies
  has 0 peers
Evaluating '@types/lodash.takerightwhile' ...
  got types/lodash.takerightwhile
  has 1 dependencies
  has 0 peers
Evaluating '@types/lodash.over' ...
  got types/lodash.over
  has 1 dependencies
  has 0 peers
Evaluating '@types/lodash.forin' ...
  got types/lodash.forin
  has 1 dependencies
  has 0 peers
Evaluating '@types/lodash.inrange' ...
  got types/lodash.inrange
  has 1 dependencies
  has 0 peers
Evaluating '@types/lodash.curryright' ...
  got types/lodash.curryright
  has 1 dependencies
  has 0 peers
Evaluating '@types/lodash.subtract' ...
  got types/lodash.subtract
  has 1 dependencies
  has 0 peers
Evaluating '@electron/get' ...
  got electron/get
  has 8 dependencies
  has 0 peers
Evaluating '@types/lodash.join' ...
  got types/lodash.join
  has 1 dependencies
  has 0 peers
Evaluating '@types/lodash.isweakmap' ...
  got types/lodash.isweakmap
  has 1 dependencies
  has 0 peers
Evaluating '@types/lodash.isfinite' ...
  got types/lodash.isfinite
  has 1 dependencies
  has 0 peers
Evaluating '@types/lodash.iselement' ...
  got types/lodash.iselement
  has 1 dependencies
  has 0 peers
Evaluating '@types/lodash.slice' ...
  got types/lodash.slice
  has 1 dependencies
  has 0 peers
Evaluating '@types/lodash.stubfalse' ...
  got types/lodash.stubfalse
  has 1 dependencies
  has 0 peers
Evaluating '@types/lodash.sortedindex' ...
  got types/lodash.sortedindex
  has 1 dependencies
  has 0 peers
Evaluating '@types/lodash.head' ...
  got types/lodash.head
  has 1 dependencies
  has 0 peers
Evaluating '@types/lodash.ary' ...
  got types/lodash.ary
  has 1 dependencies
  has 0 peers
Evaluating '@types/lodash.invertby' ...
  got types/lodash.invertby
  has 1 dependencies
  has 0 peers
Evaluating '@types/lodash.before' ...
  got types/lodash.before
  has 1 dependencies
  has 0 peers
Evaluating '@types/lodash.negate' ...
  got types/lodash.negate
  has 1 dependencies
  has 0 peers
Evaluating '@types/color-convert' ...
  got types/color-convert
  has 2 dependencies
  has 0 peers
Evaluating '@aws-sdk/region-config-resolver' ...
  got aws-sdk/region-config-resolver
  has 10 dependencies
  has 0 peers
Evaluating '@actions/core' ...
  got actions/core
  has 5 dependencies
  has 0 peers
Evaluating 'resp-modifier' ...
  got 6.0.2
  has 6 dependencies
  has 0 peers
Evaluating 'timezone' ...
  got 1.0.23
  has 0 dependencies
  has 0 peers
Evaluating 'asn1js' ...
  got 3.0.10
  has 3 dependencies
  has 0 peers
Evaluating '@storybook/addon-essentials' ...
  got storybook/addon-essentials
  has 0 dependencies
  has 1 peers
Evaluating 'fbemitter' ...
  got 3.0.0
  has 14 dependencies
  has 0 peers
Evaluating 'yaml-eslint-parser' ...
  got 2.0.0
  has 2 dependencies
  has 0 peers
Evaluating '@gulp-sourcemaps/map-sources' ...
  got gulp-sourcemaps/map-sources
  has 12 dependencies
  has 0 peers
Evaluating 'envify' ...
  got 4.1.0
  has 2 dependencies
  has 0 peers
Evaluating 'eol' ...
  got 0.10.0
  has 0 dependencies
  has 0 peers
Evaluating 'discord-api-types' ...
  got 0.38.47
  has 0 dependencies
  has 0 peers
Evaluating 'staged-git-files' ...
  got 1.3.0
  has 0 dependencies
  has 0 peers
Evaluating '@storybook/core' ...
  got storybook/core
  has 53 dependencies
  has 1 peers
Evaluating 'jquery-validation' ...
  got ^1.7 || ^2.0 || ^3.1 || ^4.0
  has 0 dependencies
  has 1 peers
Evaluating 'intersect' ...
  got 1.0.1
  has 0 dependencies
  has 0 peers
Evaluating 'liftup' ...
  got 3.0.1
  has 50 dependencies
  has 0 peers
Evaluating 'filled-array' ...
  got 2.2.0
  has 0 dependencies
  has 0 peers
Evaluating 'marky' ...
  got 1.3.0
  has 0 dependencies
  has 0 peers
Evaluating 'markdown-it-mark' ...
  got 4.0.0
  has 0 dependencies
  has 0 peers
Evaluating 'client-sessions' ...
  got 0.8.0
  has 3 dependencies
  has 0 peers
Evaluating '@wordpress/prettier-config' ...
  got wordpress/prettier-config
  has 0 dependencies
  has 1 peers
Evaluating 'global-tunnel-ng' ...
  got 2.7.1
  has 8 dependencies
  has 0 peers
Evaluating 'apollo-link-http' ...
  got 1.5.17
  has 0 dependencies
  has 1 peers
Evaluating 'dev-ip' ...
  got 1.0.1
  has 0 dependencies
  has 0 peers
Evaluating 'sander' ...
  got 0.6.0
  has 15 dependencies
  has 0 peers
Evaluating 'block-stream2' ...
  got 2.1.0
  has 5 dependencies
  has 0 peers
Evaluating 'twentytwentyone' ...
  got 0.0.1-security
  has 0 dependencies
  has 0 peers
Evaluating 'csurf' ...
  got 1.11.0
  has 13 dependencies
  has 0 peers
Evaluating 'prosemirror-model' ...
  got 1.25.4
  has 1 dependencies
  has 0 peers
Evaluating 'zrender' ...
  got 6.0.0
  has 1 dependencies
  has 0 peers
Evaluating 'prosemirror-state' ...
  got 1.4.4
  has 4 dependencies
  has 0 peers
Evaluating 'prosemirror-view' ...
  got 1.41.8
  has 4 dependencies
  has 0 peers
Evaluating '@types/busboy' ...
  got types/busboy
  has 2 dependencies
  has 0 peers
Evaluating 'prosemirror-transform' ...
  got 1.12.0
  has 2 dependencies
  has 0 peers
Evaluating 'pvutils' ...
  got 1.1.5
  has 0 dependencies
  has 0 peers
Evaluating '@discordjs/builders' ...
  got discordjs/builders
  has 8 dependencies
  has 0 peers
Evaluating '@oclif/plugin-warn-if-update-available' ...
  got oclif/plugin-warn-if-update-available
  has 61 dependencies
  has 0 peers
Evaluating 'diagnostic-channel-publishers' ...
  got *
  has 0 dependencies
  has 1 peers
Evaluating 'diagnostic-channel' ...
  got 1.1.1
  has 1 dependencies
  has 0 peers
Evaluating 'nx' ...
  got 22.7.0
  has 112 dependencies
  has 2 peers
Evaluating '@radix-ui/react-direction' ...
  got radix-ui/react-direction
  has 0 dependencies
  has 2 peers
Evaluating '@nuxt/telemetry' ...
  got nuxt/kit
  has 7 dependencies
  has 1 peers
Evaluating 'dom-event-types' ...
  got 1.1.0
  has 0 dependencies
  has 0 peers
Evaluating 'sorcery' ...
  got 1.0.0
  has 5 dependencies
  has 0 peers
Evaluating 'node-watch' ...
  got 0.7.4
  has 0 dependencies
  has 0 peers
Evaluating 'babel-plugin-transform-remove-console' ...
  got 6.9.4
  has 0 dependencies
  has 0 peers
Evaluating 'mem-fs' ...
  got 4.1.4
  has 20 dependencies
  has 0 peers
Evaluating 'orderedmap' ...
  got 2.1.1
  has 0 dependencies
  has 0 peers
Evaluating '@types/d3-scale-chromatic' ...
  got types/d3-scale-chromatic
  has 0 dependencies
  has 0 peers
Evaluating 'svg-pathdata' ...
  got 9.0.0
  has 0 dependencies
  has 0 peers
Evaluating 'browser-sync' ...
  got 3.0.4
  has 141 dependencies
  has 0 peers
Evaluating 'eazy-logger' ...
  got 4.1.0
  has 6 dependencies
  has 0 peers
Evaluating 'gunzip-maybe' ...
  got 1.4.2
  has 23 dependencies
  has 0 peers
Evaluating 'prosemirror-commands' ...
  got 1.7.1
  has 5 dependencies
  has 0 peers
Evaluating 'parse-duration' ...
  got 2.1.6
  has 0 dependencies
  has 0 peers
Evaluating 'grunt-contrib-copy' ...
  got 1.0.0
  has 8 dependencies
  has 0 peers
Evaluating 'json-stream' ...
  got 1.0.0
  has 0 dependencies
  has 0 peers
Evaluating '@jest/create-cache-key-function' ...
  got jest/create-cache-key-function
  has 18 dependencies
  has 0 peers
Evaluating 'prosemirror-keymap' ...
  got 1.2.3
  has 6 dependencies
  has 0 peers
Evaluating 'bower-logger' ...
  got 0.2.2
  has 0 dependencies
  has 0 peers
Evaluating 'goober' ...
  got ^3.0.10
  has 0 dependencies
  has 1 peers
Evaluating '@wordpress/stylelint-config' ...
  got wordpress/stylelint-config
  has 0 dependencies
  has 2 peers
Evaluating 'babel-helper-vue-jsx-merge-props' ...
  got 2.0.3
  has 0 dependencies
  has 0 peers
Evaluating '@sapphire/shapeshift' ...
  got sapphire/shapeshift
  has 2 dependencies
  has 0 peers
Evaluating 'ends-with' ...
  got 1.0.1
  has 0 dependencies
  has 0 peers
Evaluating 'helmet-crossdomain' ...
  got 0.5.0
  has 0 dependencies
  has 0 peers
Evaluating 'figlet' ...
  got 1.11.0
  has 1 dependencies
  has 0 peers
Evaluating 'loglevelnext' ...
  got 6.0.0
  has 0 dependencies
  has 0 peers
Evaluating 'bs-recipes' ...
  got 1.3.4
  has 0 dependencies
  has 0 peers
Evaluating 'hexer' ...
  got 1.5.0
  has 4 dependencies
  has 0 peers
Evaluating 'prosemirror-history' ...
  got 1.5.0
  has 6 dependencies
  has 0 peers
Evaluating '@storybook/csf-tools' ...
  got storybook/csf-tools
  has 0 dependencies
  has 1 peers
Evaluating 'rope-sequence' ...
  got 1.3.4
  has 0 dependencies
  has 0 peers
Evaluating 'markdown-it-sub' ...
  got 2.0.0
  has 0 dependencies
  has 0 peers
Evaluating 'markdown-it-sup' ...
  got 2.0.0
  has 0 dependencies
  has 0 peers
Evaluating 'style-to-js' ...
  got 1.1.21
  has 2 dependencies
  has 0 peers
Evaluating 'react-modal' ...
  got ^0.14.0 || ^15.0.0 || ^16 || ^17 || ^18 || ^19
  has 8 dependencies
  has 2 peers
Evaluating 'unused-filename' ...
  got 4.0.1
  has 2 dependencies
  has 0 peers
Evaluating 'load-grunt-tasks' ...
  got >=1
  has 18 dependencies
  has 1 peers
Evaluating 'electron-dl' ...
  got 4.0.0
  has 11 dependencies
  has 0 peers
Evaluating '@formatjs/intl' ...
  got formatjs/intl
  has 4 dependencies
  has 0 peers
Evaluating 'angular-route' ...
  got 1.8.3
  has 0 dependencies
  has 0 peers
Evaluating 'autosize' ...
  got 6.0.1
  has 0 dependencies
  has 0 peers
Evaluating 'react-ace' ...
  got ^0.13.0 || ^0.14.0 || ^15.0.1 || ^16.0.0 || ^17.0.0 || ^18.0.0 || ^19.0.0
  has 0 dependencies
  has 2 peers
Evaluating '@babel/standalone' ...
  got babel/standalone
  has 0 dependencies
  has 0 peers
Evaluating 'gulp-uglify' ...
  got 3.0.2
  has 27 dependencies
  has 0 peers
Evaluating 'jsonc-eslint-parser' ...
  got 3.1.0
  has 3 dependencies
  has 0 peers
Evaluating 'three' ...
  got 0.184.0
  has 0 dependencies
  has 0 peers
Evaluating 'node-jose' ...
  got 2.2.0
  has 11 dependencies
  has 0 peers
Evaluating 'emoticon' ...
  got 4.1.0
  has 0 dependencies
  has 0 peers
Evaluating '@jupyter-notebook/lab-extension' ...
  got jupyter-notebook/lab-extension
  has 396 dependencies
  has 0 peers
Evaluating 'remark-emoji' ...
  got 5.0.2
  has 23 dependencies
  has 0 peers
Evaluating '@types/vfile' ...
  got types/vfile
  has 4 dependencies
  has 0 peers
Evaluating 'relay-runtime' ...
  got 20.1.1
  has 16 dependencies
  has 0 peers
Evaluating 'pvtsutils' ...
  got 1.3.6
  has 1 dependencies
  has 0 peers
Evaluating 'tabtab' ...
  got 3.0.2
  has 40 dependencies
  has 0 peers
Evaluating 'is-supported-regexp-flag' ...
  got 2.0.0
  has 0 dependencies
  has 0 peers
Evaluating '@hapi/shot' ...
  got hapi/shot
  has 3 dependencies
  has 0 peers
Evaluating '@cypress/mount-utils' ...
  got cypress/mount-utils
  has 0 dependencies
  has 0 peers
Evaluating 'gettext-parser' ...
  got 9.0.2
  has 4 dependencies
  has 0 peers
Evaluating 'content-type-parser' ...
  got 1.0.2
  has 0 dependencies
  has 0 peers
Evaluating 'browser-sync-ui' ...
  got 3.0.4
  has 22 dependencies
  has 0 peers
Evaluating 'ps-list' ...
  got 9.0.0
  has 0 dependencies
  has 0 peers
Evaluating '@dqbd/tiktoken' ...
  got dqbd/tiktoken
  has 0 dependencies
  has 0 peers
Evaluating 'electron-context-menu' ...
  got 4.1.2
  has 22 dependencies
  has 0 peers
Evaluating 'easy-extender' ...
  got 2.3.4
  has 1 dependencies
  has 0 peers
Evaluating '@types/vinyl' ...
  got types/vinyl
  has 3 dependencies
  has 0 peers
Evaluating 'signedsource' ...
  got 2.0.0
  has 0 dependencies
  has 0 peers
Evaluating '@cypress/react' ...
  got cypress/react
  has 0 dependencies
  has 5 peers
Evaluating 'stream-counter' ...
  got 1.0.0
  has 0 dependencies
  has 0 peers
Evaluating 'tweetnacl-util' ...
  got 0.15.1
  has 0 dependencies
  has 0 peers
Evaluating '@peculiar/asn1-schema' ...
  got peculiar/asn1-schema
  has 4 dependencies
  has 0 peers
Evaluating 'promise-queue' ...
  got 2.2.5
  has 0 dependencies
  has 0 peers
Evaluating 'install' ...
  got 0.13.0
  has 0 dependencies
  has 0 peers
Evaluating '@sindresorhus/slugify' ...
  got sindresorhus/slugify
  has 2 dependencies
  has 0 peers
Evaluating 'recompose' ...
  got ^0.14.0 || ^15.0.0 || ^16.0.0
  has 21 dependencies
  has 1 peers
Evaluating 'mem-fs-editor' ...
  got ^4.0.0
  has 33 dependencies
  has 2 peers
Evaluating 'jquery-mousewheel' ...
  got 3.2.2
  has 1 dependencies
  has 0 peers
Evaluating '@types/d3-time-format' ...
  got types/d3-time-format
  has 0 dependencies
  has 0 peers
Evaluating 'change-emitter' ...
  got 0.1.6
  has 0 dependencies
  has 0 peers
Evaluating '@kurkle/color' ...
  got kurkle/color
  has 0 dependencies
  has 0 peers
Evaluating 'choices.js' ...
  got 11.2.2
  has 1 dependencies
  has 0 peers
Evaluating 'bash' ...
  got 0.0.1
  has 0 dependencies
  has 0 peers
Evaluating 'array.prototype.filter' ...
  got 1.0.4
  has 90 dependencies
  has 0 peers
Evaluating '@sindresorhus/df' ...
  got sindresorhus/df
  has 23 dependencies
  has 0 peers
Evaluating 'js-queue' ...
  got 2.0.2
  has 1 dependencies
  has 0 peers
Evaluating 'parse-cache-control' ...
  got 1.0.1
  has 0 dependencies
  has 0 peers
Evaluating 'node-ipc' ...
  got 12.0.0
  has 49 dependencies
  has 0 peers
Evaluating 'showdown' ...
  got 2.1.0
  has 1 dependencies
  has 0 peers
Evaluating 'enzyme-to-json' ...
  got ^3.4.0
  has 5 dependencies
  has 1 peers
Evaluating 'file-sync-cmp' ...
  got 0.1.1
  has 0 dependencies
  has 0 peers
Evaluating '@sindresorhus/transliterate' ...
  got sindresorhus/transliterate
  has 0 dependencies
  has 0 peers
Evaluating '@actions/github' ...
  got actions/github
  has 17 dependencies
  has 0 peers
Evaluating 'a-sync-waterfall' ...
  got 1.0.1
  has 0 dependencies
  has 0 peers
Evaluating 'errs' ...
  got 1.0.0
  has 0 dependencies
  has 0 peers
Evaluating 'bytebuffer' ...
  got 5.0.1
  has 1 dependencies
  has 0 peers
Evaluating '@cypress/vue2' ...
  got cypress/vue2
  has 0 dependencies
  has 2 peers
Evaluating 'react-sizeme' ...
  got 3.0.2
  has 7 dependencies
  has 0 peers
Evaluating '@storybook/react' ...
  got storybook/react
  has 0 dependencies
  has 4 peers
Evaluating 'http-response-object' ...
  got 3.0.2
  has 1 dependencies
  has 0 peers
Evaluating 'trash' ...
  got 10.1.1
  has 65 dependencies
  has 0 peers
Evaluating 'd3-sankey' ...
  got 0.12.3
  has 4 dependencies
  has 0 peers
Evaluating '@emotion/styled-base' ...
  got emotion/styled-base
  has 0 dependencies
  has 0 peers
Evaluating 'n' ...
  got 10.2.0
  has 0 dependencies
  has 0 peers
Evaluating '@types/amqplib' ...
  got types/amqplib
  has 2 dependencies
  has 0 peers
Evaluating '@rushstack/ts-command-line' ...
  got rushstack/ts-command-line
  has 30 dependencies
  has 0 peers
Evaluating '@google-cloud/logging' ...
  got google-cloud/logging
  has 121 dependencies
  has 0 peers
Evaluating 'prosemirror-schema-list' ...
  got 1.5.1
  has 5 dependencies
  has 0 peers
Evaluating '@lerna/profiler' ...
  got lerna/profiler
  has 27 dependencies
  has 0 peers
Evaluating 'run-parallel-limit' ...
  got 1.1.0
  has 1 dependencies
  has 0 peers
Evaluating '@lerna/info' ...
  ! package not resolved
Evaluating 'retimer' ...
  got 4.0.0
  has 6 dependencies
  has 0 peers
Evaluating 'xdg-trashdir' ...
  got 3.1.0
  has 29 dependencies
  has 0 peers
Evaluating '@types/fs-capacitor' ...
  got types/fs-capacitor
  has 1 dependencies
  has 0 peers
Evaluating 'downshift' ...
  got 9.3.2
  has 0 dependencies
  has 1 peers
Evaluating 'exceljs' ...
  got 4.4.0
  has 86 dependencies
  has 0 peers
Evaluating 'mount-point' ...
  got 3.0.0
  has 4 dependencies
  has 0 peers
Evaluating 'jquery-migrate' ...
  got >=4 <5
  has 0 dependencies
  has 1 peers
Evaluating '@algolia/cache-in-memory' ...
  got algolia/cache-in-memory
  has 1 dependencies
  has 0 peers
Evaluating '@algolia/cache-common' ...
  got algolia/cache-common
  has 0 dependencies
  has 0 peers
Evaluating '@mui/x-date-pickers' ...
  got mui/material
  has 0 dependencies
  has 13 peers
Evaluating 'bower-endpoint-parser' ...
  got 0.2.2
  has 0 dependencies
  has 0 peers
Evaluating 'snakeize' ...
  got 0.1.0
  has 0 dependencies
  has 0 peers
Evaluating 'wscat' ...
  got 6.1.0
  has 8 dependencies
  has 0 peers
Evaluating 'lighthouse-logger' ...
  got 2.0.2
  has 3 dependencies
  has 0 peers
Evaluating 'i18next-fs-backend' ...
  got 2.6.5
  has 0 dependencies
  has 0 peers
Evaluating 'xhr2-cookies' ...
  got 1.1.0
  has 1 dependencies
  has 0 peers
Evaluating 'ethereumjs-abi' ...
  got 0.6.8
  has 80 dependencies
  has 0 peers
Evaluating 'chrome-launcher' ...
  got 1.2.1
  has 9 dependencies
  has 0 peers
Evaluating 'fn-name' ...
  got 4.0.0
  has 0 dependencies
  has 0 peers
Evaluating '@algolia/cache-browser-local-storage' ...
  got algolia/cache-browser-local-storage
  has 1 dependencies
  has 0 peers
Evaluating 'pinia' ...
  got 3.0.4
  has 0 dependencies
  has 2 peers
Evaluating 'pinkyswear' ...
  got 2.2.3
  has 0 dependencies
  has 0 peers
Evaluating 'prism-react-renderer' ...
  got 2.4.1
  has 0 dependencies
  has 1 peers
Evaluating '@algolia/requester-node-http' ...
  got algolia/requester-node-http
  has 1 dependencies
  has 0 peers
Evaluating '@algolia/client-common' ...
  got algolia/client-common
  has 0 dependencies
  has 0 peers
Evaluating '@vueuse/shared' ...
  got vueuse/shared
  has 0 dependencies
  has 1 peers
Evaluating 'html-tokenize' ...
  got 2.0.1
  has 10 dependencies
  has 0 peers
Evaluating '@algolia/requester-common' ...
  got algolia/requester-common
  has 0 dependencies
  has 0 peers
Evaluating 'emotion' ...
  got 11.0.0
  has 0 dependencies
  has 0 peers
Evaluating '@algolia/logger-common' ...
  got algolia/logger-common
  has 0 dependencies
  has 0 peers
Evaluating '@algolia/client-search' ...
  got algolia/client-search
  has 4 dependencies
  has 0 peers
Evaluating '@algolia/transporter' ...
  got algolia/transporter
  has 3 dependencies
  has 0 peers
Evaluating '@algolia/client-analytics' ...
  got algolia/client-analytics
  has 4 dependencies
  has 0 peers
Evaluating 'loglevel-plugin-prefix' ...
  got 0.8.4
  has 0 dependencies
  has 0 peers
Evaluating '@radix-ui/number' ...
  got radix-ui/number
  has 0 dependencies
  has 0 peers
Evaluating 'karma-ie-launcher' ...
  got >=0.9
  has 1 dependencies
  has 1 peers
Evaluating 'semver-intersect' ...
  got 1.5.0
  has 1 dependencies
  has 0 peers
Evaluating 'asar' ...
  got 3.2.0
  has 17 dependencies
  has 0 peers
Evaluating '@algolia/client-account' ...
  got algolia/client-account
  has 6 dependencies
  has 0 peers
Evaluating 'eventsource-parser' ...
  got 3.0.8
  has 0 dependencies
  has 0 peers
Evaluating '@algolia/requester-browser-xhr' ...
  got algolia/requester-browser-xhr
  has 1 dependencies
  has 0 peers
Evaluating '@algolia/logger-console' ...
  got algolia/logger-console
  has 1 dependencies
  has 0 peers
Evaluating 'unescape' ...
  got 1.0.1
  has 2 dependencies
  has 0 peers
Evaluating 'root' ...
  got 3.2.0
  has 4 dependencies
  has 0 peers
Evaluating 'sudo-prompt' ...
  got 9.2.1
  has 0 dependencies
  has 0 peers
Evaluating '@mapbox/geojson-types' ...
  got mapbox/geojson-types
  has 0 dependencies
  has 0 peers
Evaluating 'wait-for-expect' ...
  got 4.0.0
  has 0 dependencies
  has 0 peers
Evaluating '@panva/hkdf' ...
  got panva/hkdf
  has 0 dependencies
  has 0 peers
Evaluating '@vueuse/core' ...
  got vueuse/core
  has 0 dependencies
  has 1 peers
Evaluating 'basic-auth-connect' ...
  got 1.1.0
  has 1 dependencies
  has 0 peers
Evaluating 'babel-plugin-minify-dead-code-elimination' ...
  got 0.5.2
  has 4 dependencies
  has 0 peers
Evaluating 'babel-helper-flip-expressions' ...
  got 0.4.3
  has 0 dependencies
  has 0 peers
Evaluating 'babel-helper-remove-or-void' ...
  got 0.4.3
  has 0 dependencies
  has 0 peers
Evaluating 'is-scoped' ...
  got 3.0.0
  has 1 dependencies
  has 0 peers
Evaluating 'test-value' ...
  got 3.0.0
  has 2 dependencies
  has 0 peers
Evaluating 'scoped-regex' ...
  got 3.0.0
  has 0 dependencies
  has 0 peers
Evaluating 'babel-helper-mark-eval-scopes' ...
  got 0.4.3
  has 0 dependencies
  has 0 peers
Evaluating 'vinyl-source-stream' ...
  got 2.0.0
  has 17 dependencies
  has 0 peers
Evaluating 'acorn-class-fields' ...
  got ^6 || ^7 || ^8
  has 1 dependencies
  has 1 peers
Evaluating 'babel-plugin-minify-guarded-expressions' ...
  got 0.4.4
  has 2 dependencies
  has 0 peers
Evaluating 'babel-helper-evaluate-path' ...
  got 0.5.0
  has 0 dependencies
  has 0 peers
Evaluating 'i18n' ...
  got 0.15.3
  has 13 dependencies
  has 0 peers
Evaluating 'compress-brotli' ...
  got 1.3.14
  has 2 dependencies
  has 0 peers
Evaluating 'babel-plugin-minify-constant-folding' ...
  got 0.5.0
  has 1 dependencies
  has 0 peers
Evaluating 'svelte' ...
  got 5.55.5
  has 19 dependencies
  has 0 peers
Evaluating 'css-modules-loader-core' ...
  got 1.1.0
  has 19 dependencies
  has 0 peers
Evaluating 'domino' ...
  got 2.1.7
  has 0 dependencies
  has 0 peers
Evaluating 'babel-plugin-transform-undefined-to-void' ...
  got 6.9.4
  has 0 dependencies
  has 0 peers
Evaluating 'babel-plugin-transform-inline-consecutive-adds' ...
  got 0.4.3
  has 0 dependencies
  has 0 peers
Evaluating '@radix-ui/react-use-size' ...
  got radix-ui/react-use-size
  has 0 dependencies
  has 2 peers
Evaluating '@types/d3-format' ...
  got types/d3-format
  has 0 dependencies
  has 0 peers
Evaluating 'babel-plugin-transform-remove-debugger' ...
  got 6.9.4
  has 0 dependencies
  has 0 peers
Evaluating 'striptags' ...
  got 3.2.0
  has 0 dependencies
  has 0 peers
Evaluating 'babel-plugin-transform-property-literals' ...
  got 6.9.4
  has 1 dependencies
  has 0 peers
Evaluating '@oclif/plugin-plugins' ...
  got oclif/plugin-plugins
  has 197 dependencies
  has 0 peers
Evaluating 'node-cleanup' ...
  got 2.1.2
  has 0 dependencies
  has 0 peers
Evaluating 'jasmine-spec-reporter' ...
  got 7.0.0
  has 1 dependencies
  has 0 peers
Evaluating 'babel-helper-is-void-0' ...
  got 0.4.3
  has 0 dependencies
  has 0 peers
Evaluating 'babel-plugin-minify-simplify' ...
  got 0.5.1
  has 4 dependencies
  has 0 peers
Evaluating 'rehype-stringify' ...
  got 10.0.1
  has 36 dependencies
  has 0 peers
Evaluating 'zeromq' ...
  ! package not resolved
Evaluating 'babel-plugin-transform-regexp-constructors' ...
  got 0.4.3
  has 0 dependencies
  has 0 peers
Evaluating 'babel-plugin-transform-simplify-comparison-operators' ...
  got 6.9.4
  has 0 dependencies
  has 0 peers
Evaluating 'babel-plugin-minify-type-constructors' ...
  got 0.4.3
  has 1 dependencies
  has 0 peers
Evaluating 'babel-plugin-minify-flip-comparisons' ...
  got 0.4.3
  has 1 dependencies
  has 0 peers
Evaluating 'csv' ...
  got 6.5.1
  has 4 dependencies
  has 0 peers
Evaluating 'babel-helper-to-multiple-sequence-expressions' ...
  got 0.5.0
  has 0 dependencies
  has 0 peers
Evaluating 'expose-loader' ...
  got 5.0.1
  has 0 dependencies
  has 1 peers
Evaluating 'babel-plugin-minify-mangle-names' ...
  got 0.5.1
  has 1 dependencies
  has 0 peers
Evaluating 'babel-helper-is-nodes-equiv' ...
  got 0.0.1
  has 0 dependencies
  has 0 peers
Evaluating 'babel-plugin-transform-merge-sibling-variables' ...
  got 6.9.5
  has 0 dependencies
  has 0 peers
Evaluating 'babel-plugin-minify-infinity' ...
  got 0.4.3
  has 0 dependencies
  has 0 peers
Evaluating '@radix-ui/react-use-controllable-state' ...
  got radix-ui/react-use-controllable-state
  has 0 dependencies
  has 2 peers
Evaluating '@sapphire/snowflake' ...
  got sapphire/snowflake
  has 0 dependencies
  has 0 peers
Evaluating 'babel-plugin-transform-remove-undefined' ...
  got 0.5.0
  has 1 dependencies
  has 0 peers
Evaluating '@discordjs/rest' ...
  got discordjs/rest
  has 9 dependencies
  has 0 peers
Evaluating 'babel-plugin-minify-replace' ...
  got 0.5.0
  has 0 dependencies
  has 0 peers
Evaluating 'requireg' ...
  got 0.2.2
  has 8 dependencies
  has 0 peers
Evaluating 'babel-plugin-transform-minify-booleans' ...
  got 6.9.4
  has 0 dependencies
  has 0 peers
Evaluating 'babel-plugin-minify-numeric-literals' ...
  got 0.4.3
  has 0 dependencies
  has 0 peers
Evaluating 'babel-plugin-transform-member-expression-literals' ...
  got 6.9.4
  has 0 dependencies
  has 0 peers
Evaluating 'phoenix' ...
  got 1.8.5
  has 0 dependencies
  has 0 peers
Evaluating '@ffmpeg-installer/linux-x64' ...
  got ffmpeg-installer/linux-x64
  has 0 dependencies
  has 0 peers
Evaluating 're2' ...
  ! package not resolved
Evaluating 'micromark-extension-frontmatter' ...
  got 2.0.0
  has 5 dependencies
  has 0 peers
Evaluating '@babel/plugin-proposal-throw-expressions' ...
  got babel/core
  has 1 dependencies
  has 1 peers
Evaluating '@rollup/plugin-alias' ...
  got rollup/plugin-alias
  has 0 dependencies
  has 1 peers
Evaluating 'math-interval-parser' ...
  got 2.0.1
  has 0 dependencies
  has 0 peers
Evaluating '@storybook/addon-links' ...
  got storybook/addon-links
  has 0 dependencies
  has 2 peers
Evaluating 'component-type' ...
  got 2.0.0
  has 0 dependencies
  has 0 peers
Evaluating 'lit-html' ...
  got 3.3.2
  has 1 dependencies
  has 0 peers
Evaluating 'mdast-util-frontmatter' ...
  got 2.0.1
  has 45 dependencies
  has 0 peers
Evaluating 'front-matter' ...
  got 4.0.2
  has 4 dependencies
  has 0 peers
Evaluating 'run-node' ...
  got 3.0.0
  has 0 dependencies
  has 0 peers
Evaluating 'default-shell' ...
  got 2.2.0
  has 0 dependencies
  has 0 peers
Evaluating 'create-emotion' ...
  got 11.0.0
  has 0 dependencies
  has 0 peers
Evaluating '@redux-saga/delay-p' ...
  got redux-saga/delay-p
  has 1 dependencies
  has 0 peers
Evaluating '@redux-saga/is' ...
  got redux-saga/is
  has 2 dependencies
  has 0 peers
Evaluating 'response-iterator' ...
  got 1.0.10
  has 0 dependencies
  has 0 peers
Evaluating 'glob-all' ...
  got 3.3.1
  has 37 dependencies
  has 0 peers
Evaluating 'memdown' ...
  got 6.1.1
  has 12 dependencies
  has 0 peers
Evaluating 'keycloak-connect' ...
  got 26.1.1
  has 12 dependencies
  has 0 peers
Evaluating '@redux-saga/deferred' ...
  got redux-saga/deferred
  has 0 dependencies
  has 0 peers
Evaluating 'ndjson' ...
  got 2.0.0
  has 9 dependencies
  has 0 peers
Evaluating '@redux-saga/symbols' ...
  got redux-saga/symbols
  has 0 dependencies
  has 0 peers
Evaluating '@babel/plugin-syntax-throw-expressions' ...
  got babel/core
  has 1 dependencies
  has 1 peers
Evaluating '@redux-saga/core' ...
  got redux-saga/core
  has 9 dependencies
  has 0 peers
Evaluating 'find-port' ...
  got 3.0.0
  has 1 dependencies
  has 0 peers
Evaluating 'env-cmd' ...
  got 11.0.0
  has 8 dependencies
  has 0 peers
Evaluating '@types/slickgrid' ...
  got types/slickgrid
  has 1 dependencies
  has 0 peers
Evaluating '@intervolga/optimize-cssnano-plugin' ...
  got intervolga/optimize-cssnano-plugin
  has 0 dependencies
  has 1 peers
Evaluating 'next-auth' ...
  got ^12.2.5 || ^13 || ^14 || ^15 || ^16
  has 0 dependencies
  has 5 peers
Evaluating 'flatqueue' ...
  got 3.0.0
  has 0 dependencies
  has 0 peers
Evaluating 'underscore.template' ...
  got 0.1.7
  has 0 dependencies
  has 0 peers
Evaluating 'hogan.js' ...
  got 3.0.2
  has 3 dependencies
  has 0 peers
Evaluating '@nestjs/serve-static' ...
  got nestjs/common
  has 1 dependencies
  has 5 peers
Evaluating 'flatbush' ...
  got 4.5.1
  has 1 dependencies
  has 0 peers
Evaluating 'is-png' ...
  got 3.0.1
  has 0 dependencies
  has 0 peers
Evaluating '@radix-ui/react-id' ...
  got radix-ui/react-id
  has 0 dependencies
  has 2 peers
Evaluating '@storybook/source-loader' ...
  got storybook/source-loader
  has 0 dependencies
  has 1 peers
Evaluating '@bokeh/slickgrid' ...
  got bokeh/slickgrid
  has 5 dependencies
  has 0 peers
Evaluating 'async-exit-hook' ...
  got 2.0.1
  has 0 dependencies
  has 0 peers
Evaluating '@types/opener' ...
  got types/opener
  has 2 dependencies
  has 0 peers
Evaluating 'json-pointer' ...
  got 0.6.2
  has 1 dependencies
  has 0 peers
Evaluating '@radix-ui/react-portal' ...
  got radix-ui/react-portal
  has 0 dependencies
  has 4 peers
Evaluating '@bokeh/numbro' ...
  got bokeh/numbro
  has 0 dependencies
  has 0 peers
Evaluating 'fs-jetpack' ...
  got 5.1.0
  has 3 dependencies
  has 0 peers
Evaluating 'collect.js' ...
  got 4.36.1
  has 0 dependencies
  has 0 peers
Evaluating 'swagger-client' ...
  got 3.37.3
  has 72 dependencies
  has 0 peers
Evaluating 'secure-keys' ...
  got 1.0.0
  has 0 dependencies
  has 0 peers
Evaluating 'stream-transform' ...
  got 3.4.1
  has 0 dependencies
  has 0 peers
Evaluating 'snyk' ...
  got 1.1304.1
  has 30 dependencies
  has 0 peers
Evaluating '@vue/preload-webpack-plugin' ...
  got vue/preload-webpack-plugin
  has 0 dependencies
  has 2 peers
Evaluating 'tslint-config-prettier' ...
  got 1.18.0
  has 0 dependencies
  has 0 peers
Evaluating 'svg.js' ...
  got 2.7.1
  has 0 dependencies
  has 0 peers
Evaluating 'smtp-connection' ...
  got 4.0.2
  has 1 dependencies
  has 0 peers
Evaluating 'typescript-logic' ...
  got 0.0.0
  has 0 dependencies
  has 0 peers
Evaluating 'string-env-interpolation' ...
  got 1.0.1
  has 0 dependencies
  has 0 peers
Evaluating 'svg.resize.js' ...
  got 1.4.3
  has 2 dependencies
  has 0 peers
Evaluating 'posts' ...
  got 0.0.1
  has 0 dependencies
  has 0 peers
Evaluating 'svg.select.js' ...
  got 3.0.1
  has 1 dependencies
  has 0 peers
Evaluating 'typescript-compare' ...
  got 0.0.2
  has 1 dependencies
  has 0 peers
Evaluating '@casl/ability' ...
  got casl/ability
  has 4 dependencies
  has 0 peers
Evaluating '@storybook/addon-measure' ...
  got storybook/addon-measure
  has 0 dependencies
  has 0 peers
Evaluating 'babel-plugin-react-docgen' ...
  got 4.2.1
  has 107 dependencies
  has 0 peers
Evaluating 'websocket-stream' ...
  got 5.5.2
  has 20 dependencies
  has 0 peers
Evaluating 'acorn-static-class-features' ...
  got ^6.1.0 || ^7 || ^8
  has 1 dependencies
  has 1 peers
Evaluating 'svg.draggable.js' ...
  got 3.0.0
  has 1 dependencies
  has 0 peers
Evaluating 'typescript-tuple' ...
  got 5.0.1
  has 2 dependencies
  has 0 peers
Evaluating 'acorn-private-methods' ...
  got ^6 || ^7 || ^8
  has 1 dependencies
  has 1 peers
Evaluating 'svg.easing.js' ...
  got 2.0.0
  has 1 dependencies
  has 0 peers
Evaluating 'svg.filter.js' ...
  got 2.0.2
  has 1 dependencies
  has 0 peers
Evaluating '@sheerun/mutationobserver-shim' ...
  got sheerun/mutationobserver-shim
  has 0 dependencies
  has 0 peers
Evaluating 'https' ...
  got 1.0.0
  has 0 dependencies
  has 0 peers
Evaluating 'svg.pathmorphing.js' ...
  got 0.1.3
  has 1 dependencies
  has 0 peers
Evaluating '@storybook/semver' ...
  got storybook/semver
  has 7 dependencies
  has 0 peers
Evaluating 'browser-or-node' ...
  got 3.0.0
  has 0 dependencies
  has 0 peers
Evaluating 'node-polyfill-webpack-plugin' ...
  got 4.1.0
  has 0 dependencies
  has 1 peers
Evaluating 'babel-plugin-transform-function-bind' ...
  got 6.22.0
  has 4 dependencies
  has 0 peers
Evaluating 'chance' ...
  got 1.1.13
  has 0 dependencies
  has 0 peers
Evaluating 'cloudant-follow' ...
  got 0.18.2
  has 50 dependencies
  has 0 peers
Evaluating 'electron' ...
  got 41.3.0
  has 69 dependencies
  has 0 peers
Evaluating 'acorn-private-class-elements' ...
  got ^6.1.0 || ^7 || ^8
  has 0 dependencies
  has 1 peers
Evaluating 'babel-plugin-syntax-function-bind' ...
  got 6.13.0
  has 0 dependencies
  has 0 peers
Evaluating 'optional-js' ...
  got 2.3.0
  has 0 dependencies
  has 0 peers
Evaluating '@types/react-syntax-highlighter' ...
  got types/react-syntax-highlighter
  has 2 dependencies
  has 0 peers
Evaluating 'acorn-loose' ...
  got 8.5.2
  has 1 dependencies
  has 0 peers
Evaluating 'babel-plugin-syntax-do-expressions' ...
  got 6.13.0
  has 0 dependencies
  has 0 peers
Evaluating 'babel-plugin-transform-do-expressions' ...
  got 6.22.0
  has 4 dependencies
  has 0 peers
Evaluating 'webcrypto-core' ...
  got 1.8.1
  has 6 dependencies
  has 0 peers
Evaluating 'markdown-it-abbr' ...
  got 2.0.0
  has 0 dependencies
  has 0 peers
Evaluating 'karma-safari-launcher' ...
  got >=0.9
  has 0 dependencies
  has 1 peers
Evaluating '@nrwl/devkit' ...
  got nrwl/devkit
  has 17 dependencies
  has 0 peers
Evaluating 'cbor' ...
  got 10.0.12
  has 1 dependencies
  has 0 peers
Evaluating '@redux-saga/types' ...
  got redux-saga/types
  has 0 dependencies
  has 0 peers
Evaluating '@chakra-ui/live-region' ...
  got chakra-ui/live-region
  has 0 dependencies
  has 1 peers
Evaluating 'to-iso-string' ...
  got 0.0.2
  has 0 dependencies
  has 0 peers
Evaluating 'turndown' ...
  got 7.2.4
  has 1 dependencies
  has 0 peers
Evaluating '@one-ini/wasm' ...
  got one-ini/wasm
  has 0 dependencies
  has 0 peers
Evaluating 'response-time' ...
  got 2.3.4
  has 2 dependencies
  has 0 peers
Evaluating 'babel-preset-stage-0' ...
  got 6.24.1
  has 57 dependencies
  has 0 peers
Evaluating '@types/d3-selection' ...
  got types/d3-selection
  has 0 dependencies
  has 0 peers
Evaluating 'is-jpg' ...
  got 3.0.0
  has 0 dependencies
  has 0 peers
Evaluating 'csv-generate' ...
  got 4.5.1
  has 0 dependencies
  has 0 peers
Evaluating '@smithy/eventstream-serde-universal' ...
  got smithy/eventstream-serde-universal
  has 10 dependencies
  has 0 peers
Evaluating '@smithy/eventstream-serde-config-resolver' ...
  got smithy/eventstream-serde-config-resolver
  has 2 dependencies
  has 0 peers
Evaluating '@smithy/eventstream-serde-node' ...
  got smithy/eventstream-serde-node
  has 11 dependencies
  has 0 peers
Evaluating 'prosemirror-dropcursor' ...
  got 1.8.2
  has 5 dependencies
  has 0 peers
Evaluating '@nestjs/graphql' ...
  got nestjs/common
  has 0 dependencies
  has 8 peers
Evaluating '@hadim/jupyter-archive' ...
  got hadim/jupyter-archive
  has 213 dependencies
  has 0 peers
Evaluating 'prosemirror-gapcursor' ...
  got 1.4.1
  has 7 dependencies
  has 0 peers
Evaluating 'dockerode' ...
  got 5.0.0
  has 64 dependencies
  has 0 peers
Evaluating 'install-artifact-from-github' ...
  got 1.6.0
  has 0 dependencies
  has 0 peers
Evaluating 'modern-normalize' ...
  got 3.0.1
  has 0 dependencies
  has 0 peers
Evaluating 'unorm' ...
  got 1.6.0
  has 0 dependencies
  has 0 peers
Evaluating 'eslint-plugin-compat' ...
  got ^9.0.0 || ^10.0.0
  has 20 dependencies
  has 1 peers
Evaluating 'can-use-dom' ...
  got 0.1.0
  has 0 dependencies
  has 0 peers
Evaluating '@radix-ui/react-use-rect' ...
  got radix-ui/react-use-rect
  has 0 dependencies
  has 2 peers
Evaluating '@radix-ui/rect' ...
  got radix-ui/rect
  has 0 dependencies
  has 0 peers
Evaluating 'koa-session' ...
  got 7.0.2
  has 6 dependencies
  has 0 peers
Evaluating 'apexcharts' ...
  got 5.10.6
  has 0 dependencies
  has 0 peers
Evaluating '@textlint/markdown-to-ast' ...
  got textlint/markdown-to-ast
  has 59 dependencies
  has 0 peers
Evaluating 'mermaid' ...
  got 11.14.0
  has 127 dependencies
  has 0 peers
Evaluating 'grouped-queue' ...
  got 2.1.0
  has 0 dependencies
  has 0 peers
Evaluating '@radix-ui/react-use-escape-keydown' ...
  got radix-ui/react-use-escape-keydown
  has 0 dependencies
  has 2 peers
Evaluating 'nofilter' ...
  got 6.4.1
  has 0 dependencies
  has 0 peers
Evaluating 'yeoman-environment' ...
  got 6.0.1
  has 286 dependencies
  has 3 peers
Evaluating 'expect.js' ...
  got 0.3.1
  has 0 dependencies
  has 0 peers
Evaluating '@csstools/cascade-layer-name-parser' ...
  got csstools/cascade-layer-name-parser
  has 0 dependencies
  has 2 peers
Evaluating 'gulp-filter' ...
  got 10.0.0
  has 18 dependencies
  has 1 peers
Evaluating 'xml-encryption' ...
  got 4.0.0
  has 3 dependencies
  has 0 peers
Evaluating 'lodash.pairs' ...
  got 3.0.1
  has 4 dependencies
  has 0 peers
Evaluating 'react-docgen-typescript' ...
  got 2.4.0
  has 0 dependencies
  has 1 peers
Evaluating 'import-in-the-middle' ...
  got 3.0.1
  has 4 dependencies
  has 0 peers
Evaluating 'recursedir-comparisons' ...
  got 0.0.0
  has 0 dependencies
  has 0 peers
Evaluating '@graphql-tools/relay-operation-optimizer' ...
  got graphql-tools/relay-operation-optimizer
  has 0 dependencies
  has 1 peers
Evaluating '@types/swagger-ui-express' ...
  got types/swagger-ui-express
  has 11 dependencies
  has 0 peers
Evaluating 'liquid-json' ...
  got 0.3.1
  has 0 dependencies
  has 0 peers
Evaluating '@smithy/eventstream-serde-browser' ...
  got smithy/eventstream-serde-browser
  has 11 dependencies
  has 0 peers
Evaluating '@peculiar/json-schema' ...
  got peculiar/json-schema
  has 1 dependencies
  has 0 peers
Evaluating 'github-username' ...
  got 9.0.0
  has 19 dependencies
  has 0 peers
Evaluating '@cypress/vue' ...
  got cypress/vue
  has 0 dependencies
  has 3 peers
Evaluating 'exec-buffer' ...
  got 3.2.0
  has 32 dependencies
  has 0 peers
Evaluating 'node-getopt' ...
  got 0.3.2
  has 0 dependencies
  has 0 peers
Evaluating 'portable-fetch' ...
  got 3.0.0
  has 6 dependencies
  has 0 peers
Evaluating 'istanbul-instrumenter-loader' ...
  got 3.0.1
  has 0 dependencies
  has 1 peers
Evaluating 'yeoman-generator' ...
  got yeoman/types
  has 109 dependencies
  has 3 peers
Evaluating 'markdown-it-deflist' ...
  got 3.0.0
  has 0 dependencies
  has 0 peers
Evaluating 'react-devtools-core' ...
  got 7.0.1
  has 2 dependencies
  has 0 peers
Evaluating 'tinymce' ...
  got 8.4.0
  has 0 dependencies
  has 0 peers
Evaluating 'postman-collection' ...
  got 5.3.0
  has 14 dependencies
  has 0 peers
Evaluating 'mime-format' ...
  got 2.0.2
  has 1 dependencies
  has 0 peers
Evaluating 'cwd' ...
  got 0.10.0
  has 14 dependencies
  has 0 peers
Evaluating 'cssmin' ...
  got 0.4.3
  has 0 dependencies
  has 0 peers
Evaluating 'lodash._basecallback' ...
  got 3.3.1
  has 8 dependencies
  has 0 peers
Evaluating 'uncss' ...
  got 0.17.3
  has 114 dependencies
  has 0 peers
Evaluating 'lodash._baseslice' ...
  got 4.0.0
  has 0 dependencies
  has 0 peers
Evaluating '@peculiar/webcrypto' ...
  got peculiar/webcrypto
  has 7 dependencies
  has 0 peers
Evaluating 'browser-sync-client' ...
  got 3.0.4
  has 3 dependencies
  has 0 peers
Evaluating '@types/testing-library__react' ...
  got types/testing-library__react
  has 2 dependencies
  has 0 peers
Evaluating '@angular/language-service' ...
  got angular/language-service
  has 0 dependencies
  has 0 peers
Evaluating 'http-reasons' ...
  got 0.1.0
  has 0 dependencies
  has 0 peers
Evaluating 'postman-url-encoder' ...
  got 3.0.8
  has 1 dependencies
  has 0 peers
Evaluating 'shell-env' ...
  got 4.0.3
  has 19 dependencies
  has 0 peers
Evaluating '@azure/ms-rest-nodeauth' ...
  got azure/ms-rest-nodeauth
  has 62 dependencies
  has 0 peers
Evaluating '@hapi/bounce' ...
  got hapi/bounce
  has 2 dependencies
  has 0 peers
Evaluating 'slick-carousel' ...
  got >=1.8.0
  has 0 dependencies
  has 1 peers
Evaluating '@types/bull' ...
  got types/bull
  has 23 dependencies
  has 0 peers
Evaluating 'load-yaml-file' ...
  got 1.0.0
  has 4 dependencies
  has 0 peers
Evaluating 'streamfilter' ...
  got 4.0.0
  has 1 dependencies
  has 0 peers
Evaluating 'dkim-signer' ...
  got 0.2.2
  has 4 dependencies
  has 0 peers
Evaluating '@azure/ms-rest-azure-env' ...
  got azure/ms-rest-azure-env
  has 0 dependencies
  has 0 peers
Evaluating '@discordjs/util' ...
  got discordjs/util
  has 1 dependencies
  has 0 peers
Evaluating '@gulp-sourcemaps/identity-map' ...
  got gulp-sourcemaps/identity-map
  has 11 dependencies
  has 0 peers
Evaluating '@nestjs-modules/mailer' ...
  got nestjs-modules/mailer
  has 0 dependencies
  has 16 peers
Evaluating 'protractor' ...
  got 7.0.0
  has 150 dependencies
  has 0 peers
Evaluating '@types/selenium-webdriver' ...
  got types/selenium-webdriver
  has 3 dependencies
  has 0 peers
Evaluating 'which-pm' ...
  got 4.0.0
  has 5 dependencies
  has 0 peers
Evaluating 'axios-mock-adapter' ...
  got >= 0.17.0
  has 2 dependencies
  has 1 peers
Evaluating '@types/puppeteer' ...
  ! package not resolved
Evaluating 'lodash._isnative' ...
  got 2.4.1
  has 0 dependencies
  has 0 peers
Evaluating 'app-module-path' ...
  got 2.2.0
  has 0 dependencies
  has 0 peers
Evaluating 'babel-plugin-minify-builtins' ...
  got 0.5.0
  has 0 dependencies
  has 0 peers
Evaluating '@types/testing-library__dom' ...
  got types/testing-library__dom
  has 15 dependencies
  has 0 peers
Evaluating '@types/web-bluetooth' ...
  got types/web-bluetooth
  has 0 dependencies
  has 0 peers
Evaluating 'cssauron' ...
  got 1.4.0
  has 1 dependencies
  has 0 peers
Evaluating 'vitefu' ...
  got 1.1.3
  has 0 dependencies
  has 1 peers
Evaluating '@vueuse/metadata' ...
  got vueuse/metadata
  has 0 dependencies
  has 0 peers
Evaluating 'grpc-examples' ...
  got 0.0.1-security
  has 0 dependencies
  has 0 peers
Evaluating 'preferred-pm' ...
  got 5.0.0
  has 30 dependencies
  has 0 peers
Evaluating 'd3-cloud' ...
  got 1.2.9
  has 1 dependencies
  has 0 peers
Evaluating 'babel-preset-minify' ...
  got 0.5.2
  has 31 dependencies
  has 0 peers
Evaluating '@types/express-session' ...
  got types/express-session
  has 11 dependencies
  has 0 peers
Evaluating 'grpc-examples' ...
  got 0.0.1-security
  has 0 dependencies
  has 0 peers
Evaluating 'babel-plugin-add-react-displayname' ...
  got 0.0.5
  has 0 dependencies
  has 0 peers
Evaluating '@radix-ui/react-dismissable-layer' ...
  got radix-ui/react-dismissable-layer
  has 0 dependencies
  has 4 peers
Evaluating 'ts-toolbelt' ...
  got 9.6.0
  has 0 dependencies
  has 0 peers
Evaluating '@opentelemetry/api-metrics' ...
  got opentelemetry/api-metrics
  has 1 dependencies
  has 0 peers
Evaluating 'leaflet.markercluster' ...
  got ^1.3.1
  has 0 dependencies
  has 1 peers
Evaluating 'rehype-parse' ...
  got 9.0.1
  has 23 dependencies
  has 0 peers
Evaluating 'react-json-view' ...
  got ^17.0.0 || ^16.3.0 || ^15.5.4
  has 27 dependencies
  has 2 peers
Evaluating 'fill-keys' ...
  got 2.0.0
  has 2 dependencies
  has 0 peers
Evaluating '@storybook/addon-outline' ...
  got storybook/addon-outline
  has 0 dependencies
  has 0 peers
Evaluating '@types/express-unless' ...
  got types/express-unless
  has 1 dependencies
  has 0 peers
Evaluating 'eslint-plugin-babel' ...
  got >=4.0.0
  has 1 dependencies
  has 1 peers
Evaluating 'concat' ...
  got 1.0.3
  has 1 dependencies
  has 0 peers
Evaluating 'errlop' ...
  got 8.5.0
  has 2 dependencies
  has 0 peers
Evaluating 'flux' ...
  got 4.0.4
  has 0 dependencies
  has 1 peers
Evaluating '@babel/plugin-proposal-function-sent' ...
  got babel/core
  has 20 dependencies
  has 1 peers
Evaluating '@zag-js/focus-visible' ...
  got zag-js/focus-visible
  has 3 dependencies
  has 0 peers
Evaluating 'prosemirror-inputrules' ...
  got 1.5.1
  has 5 dependencies
  has 0 peers
Evaluating 'beaker' ...
  ! package not resolved
Evaluating 'react-colorful' ...
  got >=16.8.0
  has 0 dependencies
  has 2 peers
Evaluating 'jquery-ui-dist' ...
  got 1.13.3
  has 1 dependencies
  has 0 peers
Evaluating '@babel/plugin-syntax-function-sent' ...
  got babel/core
  has 1 dependencies
  has 1 peers
Evaluating 'module-not-found-error' ...
  got 1.0.1
  has 0 dependencies
  has 0 peers
Evaluating 'duration' ...
  got 0.2.2
  has 9 dependencies
  has 0 peers
Evaluating 'bower-json' ...
  got 0.8.4
  has 9 dependencies
  has 0 peers
Evaluating 'eslint-restricted-globals' ...
  got 0.2.0
  has 0 dependencies
  has 0 peers
Evaluating '@hapi/ammo' ...
  got hapi/ammo
  has 1 dependencies
  has 0 peers
Evaluating '@angular-devkit/build-optimizer' ...
  got angular-devkit/build-optimizer
  has 3 dependencies
  has 1 peers
Evaluating 'detect-browser' ...
  got 5.3.0
  has 0 dependencies
  has 0 peers
Evaluating 'pony-cause' ...
  got 2.1.11
  has 0 dependencies
  has 0 peers
Evaluating 'jasminewd2' ...
  got 2.2.0
  has 0 dependencies
  has 0 peers
Evaluating '@types/extsprintf' ...
  got types/extsprintf
  has 0 dependencies
  has 0 peers
Evaluating 'urlpattern-polyfill' ...
  got 10.1.0
  has 0 dependencies
  has 0 peers
Evaluating '@babel/plugin-transform-object-assign' ...
  got babel/core
  has 1 dependencies
  has 1 peers
Evaluating 'deep-object-diff' ...
  got 1.1.9
  has 0 dependencies
  has 0 peers
Evaluating 'grpc' ...
  got 1.24.11
  has 94 dependencies
  has 0 peers
Evaluating 'i18next-browser-languagedetector' ...
  got 8.2.1
  has 1 dependencies
  has 0 peers
Evaluating '@types/codemirror' ...
  got types/codemirror
  has 2 dependencies
  has 0 peers
Evaluating 'minio' ...
  got 8.0.7
  has 30 dependencies
  has 0 peers
Evaluating '@types/enzyme' ...
  got types/enzyme
  has 7 dependencies
  has 0 peers
Evaluating 'koa-helmet' ...
  got ^6 || ^7 || ^8
  has 0 dependencies
  has 2 peers
Evaluating 'webpack-filter-warnings-plugin' ...
  got ^2.0.0 || ^3.0.0 || ^4.0.0
  has 0 dependencies
  has 1 peers
Evaluating '@cypress/react18' ...
  got cypress/react18
  has 0 dependencies
  has 5 peers
Evaluating 'p-throttler' ...
  got 1.0.2
  has 0 dependencies
  has 0 peers
Evaluating 'flow-bin' ...
  got 0.311.0
  has 0 dependencies
  has 0 peers
Evaluating 'proxyquire' ...
  got 2.1.3
  has 11 dependencies
  has 0 peers
Evaluating 'request-replay' ...
  got 1.0.4
  has 1 dependencies
  has 0 peers
Evaluating 'vue-meta' ...
  got 2.4.0
  has 1 dependencies
  has 0 peers
Evaluating '@react-spring/shared' ...
  got react-spring/shared
  has 0 dependencies
  has 1 peers
Evaluating '@react-spring/animated' ...
  got react-spring/animated
  has 0 dependencies
  has 1 peers
Evaluating 'shiki' ...
  got 4.0.2
  has 44 dependencies
  has 0 peers
Evaluating '@react-spring/core' ...
  got react-spring/core
  has 0 dependencies
  has 1 peers
Evaluating 'bower-registry-client' ...
  got 1.0.0
  has 65 dependencies
  has 0 peers
Evaluating '@types/classnames' ...
  got types/classnames
  has 1 dependencies
  has 0 peers
Evaluating '@date-io/moment' ...
  got date-io/moment
  has 1 dependencies
  has 1 peers
Evaluating '@opentelemetry/otlp-grpc-exporter-base' ...
  got opentelemetry/otlp-grpc-exporter-base
  has 45 dependencies
  has 1 peers
Evaluating '@scure/bip39' ...
  got scure/bip39
  has 2 dependencies
  has 0 peers
Evaluating '@nuxt/friendly-errors-webpack-plugin' ...
  got nuxt/friendly-errors-webpack-plugin
  has 0 dependencies
  has 1 peers
Evaluating 'argv' ...
  got 0.0.3
  has 0 dependencies
  has 0 peers
Evaluating 'codelyzer' ...
  got 6.0.2
  has 0 dependencies
  has 3 peers
Evaluating '@hapi/call' ...
  got hapi/call
  has 2 dependencies
  has 0 peers
Evaluating 'tiny-case' ...
  got 1.0.3
  has 0 dependencies
  has 0 peers
Evaluating '@hapi/hapi' ...
  got hapi/hapi
  has 29 dependencies
  has 0 peers
Evaluating '@schematics/update' ...
  got schematics/update
  has 207 dependencies
  has 0 peers
Evaluating 'fs-memo' ...
  got 1.2.0
  has 0 dependencies
  has 0 peers
Evaluating '@hapi/catbox' ...
  got hapi/catbox
  has 6 dependencies
  has 0 peers
Evaluating '@hapi/statehood' ...
  got hapi/statehood
  has 9 dependencies
  has 0 peers
Evaluating '@hapi/nigel' ...
  got hapi/nigel
  has 2 dependencies
  has 0 peers
Evaluating '@hapi/catbox-memory' ...
  got hapi/catbox-memory
  has 2 dependencies
  has 0 peers
Evaluating '@hapi/pez' ...
  got hapi/pez
  has 6 dependencies
  has 0 peers
Evaluating 'time-fix-plugin' ...
  got 2.0.7
  has 0 dependencies
  has 1 peers
Evaluating 'web-worker' ...
  got 1.5.0
  has 0 dependencies
  has 0 peers
Evaluating 'webpack-assets-manifest' ...
  got ^5.61.0
  has 15 dependencies
  has 1 peers
Evaluating 'ast-metadata-inferer' ...
  got 0.8.1
  has 1 dependencies
  has 0 peers
Evaluating '@hapi/heavy' ...
  got hapi/heavy
  has 4 dependencies
  has 0 peers
Evaluating '@hapi/somever' ...
  got hapi/somever
  has 3 dependencies
  has 0 peers
Evaluating '@hapi/content' ...
  got hapi/content
  has 2 dependencies
  has 0 peers
Evaluating '@hapi/mimos' ...
  got hapi/mimos
  has 2 dependencies
  has 0 peers
Evaluating '@types/mysql' ...
  got types/mysql
  has 2 dependencies
  has 0 peers
Evaluating 'vue-resize' ...
  got ^2.6.0
  has 1 dependencies
  has 1 peers
Evaluating '@hapi/vise' ...
  got hapi/vise
  has 1 dependencies
  has 0 peers
Evaluating '@hapi/file' ...
  got hapi/file
  has 0 dependencies
  has 0 peers
Evaluating '@hapi/subtext' ...
  got hapi/subtext
  has 10 dependencies
  has 0 peers
Evaluating 'pegjs' ...
  got 0.10.0
  has 0 dependencies
  has 0 peers
Evaluating '@cypress/angular' ...
  got angular/common
  has 0 dependencies
  has 5 peers
Evaluating 'focus-trap' ...
  got 8.1.0
  has 1 dependencies
  has 0 peers
Evaluating '@react-spring/types' ...
  got react-spring/types
  has 0 dependencies
  has 0 peers
Evaluating 'inline-chunk-html-plugin' ...
  got 1.1.1
  has 0 dependencies
  has 0 peers
Evaluating 'css-mediaquery' ...
  got 0.1.2
  has 0 dependencies
  has 0 peers
Evaluating '@types/dompurify' ...
  got types/dompurify
  has 2 dependencies
  has 0 peers
Evaluating 'notepack.io' ...
  got 3.0.1
  has 0 dependencies
  has 0 peers
Evaluating 'eslint-plugin-no-only-tests' ...
  got 3.3.0
  has 0 dependencies
  has 0 peers
Evaluating 'postcss-markdown' ...
  got 1.3.1
  has 25 dependencies
  has 0 peers
Evaluating 'google-closure-compiler' ...
  got 20260422.0.0
  has 17 dependencies
  has 0 peers
Evaluating '@radix-ui/react-arrow' ...
  got radix-ui/react-arrow
  has 0 dependencies
  has 4 peers
Evaluating '@jupyterlab/server-proxy' ...
  got jupyterlab/server-proxy
  has 196 dependencies
  has 0 peers
Evaluating '@radix-ui/react-popper' ...
  got radix-ui/react-popper
  has 0 dependencies
  has 4 peers
Evaluating 'passport-http-bearer' ...
  got 1.0.1
  has 1 dependencies
  has 0 peers
Evaluating 'immutability-helper' ...
  got 3.1.1
  has 0 dependencies
  has 0 peers
Evaluating 'measured-core' ...
  got 2.0.0
  has 2 dependencies
  has 0 peers
Evaluating '@types/marked' ...
  got types/marked
  has 1 dependencies
  has 0 peers
Evaluating 'eventsource-polyfill' ...
  got 0.9.6
  has 0 dependencies
  has 0 peers
Evaluating '@mdn/browser-compat-data' ...
  got mdn/browser-compat-data
  has 0 dependencies
  has 0 peers
Evaluating 'find-file-up' ...
  got 2.0.1
  has 10 dependencies
  has 0 peers
Evaluating 'eslint-plugin-yml' ...
  got >=9.38.0
  has 15 dependencies
  has 1 peers
Evaluating 'find-pkg' ...
  got 2.0.0
  has 11 dependencies
  has 0 peers
Evaluating '@types/webpack-dev-server' ...
  got types/webpack-dev-server
  has 238 dependencies
  has 0 peers
Evaluating 'readline-sync' ...
  got 1.4.10
  has 0 dependencies
  has 0 peers
Evaluating 'semver-dsl' ...
  got 1.0.1
  has 1 dependencies
  has 0 peers
Evaluating 'replacestream' ...
  got 4.0.3
  has 10 dependencies
  has 0 peers
Evaluating 'nest-winston' ...
  got nestjs/common
  has 0 dependencies
  has 2 peers
Evaluating '@types/micromatch' ...
  got types/micromatch
  has 1 dependencies
  has 0 peers
Evaluating 'react-motion' ...
  got ^0.14.9 || ^15.3.0 || ^16.0.0
  has 8 dependencies
  has 1 peers
Evaluating 'parent-require' ...
  got 1.0.0
  has 0 dependencies
  has 0 peers
Evaluating 'black-hole-stream' ...
  got 0.0.1
  has 0 dependencies
  has 0 peers
Evaluating 'urlgrey' ...
  got 2.1.0
  has 0 dependencies
  has 0 peers
Evaluating 'redux-persist' ...
  got >4.0.0
  has 0 dependencies
  has 1 peers
Evaluating 'emitter-component' ...
  got 2.0.0
  has 0 dependencies
  has 0 peers
Evaluating 'tinycolor' ...
  got 0.0.1
  has 0 dependencies
  has 0 peers
Evaluating '@types/tern' ...
  got types/tern
  has 1 dependencies
  has 0 peers
Evaluating '@types/express-jwt' ...
  got types/express-jwt
  has 21 dependencies
  has 0 peers
Evaluating '@types/d3-dsv' ...
  got types/d3-dsv
  has 0 dependencies
  has 0 peers
Evaluating 'find-yarn-workspace-root2' ...
  got 1.2.54
  has 22 dependencies
  has 0 peers
Evaluating '@cypress/svelte' ...
  got cypress/svelte
  has 0 dependencies
  has 2 peers
Evaluating 'markdown-it-ins' ...
  got 4.0.0
  has 0 dependencies
  has 0 peers
Evaluating 'nkeys.js' ...
  got 1.1.0
  has 1 dependencies
  has 0 peers
Evaluating 'tfunk' ...
  got 4.0.0
  has 8 dependencies
  has 0 peers
Evaluating 'issue-parser' ...
  got 7.0.1
  has 5 dependencies
  has 0 peers
Evaluating 'rgbcolor' ...
  got 1.0.1
  has 0 dependencies
  has 0 peers
Evaluating 'multiformats' ...
  got 13.4.2
  has 0 dependencies
  has 0 peers
Evaluating 'colour' ...
  got 0.7.1
  has 0 dependencies
  has 0 peers
Evaluating '@pnpm/config.env-replace' ...
  got pnpm/config.env-replace
  has 0 dependencies
  has 0 peers
Evaluating 'react-hot-toast' ...
  got >=16
  has 2 dependencies
  has 2 peers
Evaluating 'firefox-profile' ...
  got 4.7.0
  has 10 dependencies
  has 0 peers
Evaluating '@types/backbone' ...
  got types/backbone
  has 2 dependencies
  has 0 peers
Evaluating 'graphql-upload' ...
  got ^16.3.0
  has 14 dependencies
  has 3 peers
Evaluating 'remove-trailing-slash' ...
  got 0.1.1
  has 0 dependencies
  has 0 peers
Evaluating 'direction' ...
  got 2.0.1
  has 0 dependencies
  has 0 peers
Evaluating 'connect-livereload' ...
  got 0.6.1
  has 0 dependencies
  has 0 peers
Evaluating 'websockify' ...
  got 0.7.1
  has 5 dependencies
  has 0 peers
Evaluating '@aws-sdk/util-format-url' ...
  got aws-sdk/util-format-url
  has 5 dependencies
  has 0 peers
Evaluating '@emotion/server' ...
  got emotion/server
  has 22 dependencies
  has 1 peers
Evaluating '@types/winston' ...
  got types/winston
  has 28 dependencies
  has 0 peers
Evaluating 'default-user-agent' ...
  got 1.0.0
  has 5 dependencies
  has 0 peers
Evaluating 'shell-escape' ...
  got 0.2.0
  has 0 dependencies
  has 0 peers
Evaluating 'stackblur-canvas' ...
  got 3.0.1
  has 0 dependencies
  has 0 peers
Evaluating 'printf' ...
  got 0.6.1
  has 0 dependencies
  has 0 peers
Evaluating 'detect-package-manager' ...
  got 3.0.2
  has 16 dependencies
  has 0 peers
Evaluating 'intl-relativeformat' ...
  got 6.4.3
  has 0 dependencies
  has 0 peers
Evaluating '@angular/material' ...
  got angular/cdk
  has 0 dependencies
  has 6 peers
Evaluating 'each-async' ...
  got 2.0.0
  has 2 dependencies
  has 0 peers
Evaluating 'passport-oauth' ...
  got 1.0.0
  has 8 dependencies
  has 0 peers
Evaluating 'bootstrap-datepicker' ...
  got 1.10.1
  has 1 dependencies
  has 0 peers
Evaluating '@turf/invariant' ...
  got turf/invariant
  has 3 dependencies
  has 0 peers
Evaluating 'postcss-jsx' ...
  got >=5.0.0
  has 0 dependencies
  has 2 peers
Evaluating 'khroma' ...
  got 2.1.0
  has 0 dependencies
  has 0 peers
Evaluating 'forwarded-parse' ...
  got 2.1.2
  has 0 dependencies
  has 0 peers
Evaluating 'dagre-d3' ...
  got 0.6.4
  has 39 dependencies
  has 0 peers
Evaluating 'safefs' ...
  got 8.10.0
  has 4 dependencies
  has 0 peers
Evaluating 'draft-js' ...
  got 0.11.7
  has 0 dependencies
  has 2 peers
Evaluating 'is-nil' ...
  got 1.0.1
  has 0 dependencies
  has 0 peers
Evaluating 'po2json' ...
  got 0.4.5
  has 10 dependencies
  has 0 peers
Evaluating 'karma-script-launcher' ...
  got >=0.9
  has 0 dependencies
  has 1 peers
Evaluating '@turf/bbox' ...
  got turf/bbox
  has 4 dependencies
  has 0 peers
Evaluating 'fast-stream-to-buffer' ...
  got 1.0.0
  has 3 dependencies
  has 0 peers
Evaluating 'canonical-path' ...
  got 1.0.0
  has 0 dependencies
  has 0 peers
Evaluating 'messageformat' ...
  got 4.0.0
  has 0 dependencies
  has 0 peers
Evaluating 'apollo-client' ...
  got 2.6.10
  has 0 dependencies
  has 1 peers
Evaluating 'after-all-results' ...
  got 2.0.0
  has 0 dependencies
  has 0 peers
Evaluating '@graphql-tools/git-loader' ...
  got graphql-tools/git-loader
  has 0 dependencies
  has 1 peers
Evaluating '@graphql-tools/github-loader' ...
  got graphql-tools/github-loader
  has 0 dependencies
  has 1 peers
Evaluating '@storybook/store' ...
  got storybook/store
  has 63 dependencies
  has 0 peers
Evaluating 'optjs' ...
  got 3.2.2
  has 0 dependencies
  has 0 peers
Evaluating 'ascli' ...
  got 1.0.1
  has 2 dependencies
  has 0 peers
Evaluating 'error-callsites' ...
  got 2.0.4
  has 0 dependencies
  has 0 peers
Evaluating 'postman-request' ...
  got 2.88.1-postman.48
  has 69 dependencies
  has 0 peers
Evaluating 'eslint-plugin-no-jquery' ...
  got >=8.0.0
  has 0 dependencies
  has 1 peers
Evaluating '@scure/bip32' ...
  got scure/bip32
  has 3 dependencies
  has 0 peers
Evaluating 'feed' ...
  got 5.2.1
  has 2 dependencies
  has 0 peers
Evaluating 'sauce-connect-launcher' ...
  got 1.3.2
  has 19 dependencies
  has 0 peers
Evaluating 'stackback' ...
  got 0.0.2
  has 0 dependencies
  has 0 peers
Evaluating 'connect-redis' ...
  got 9.0.0
  has 0 dependencies
  has 2 peers
Evaluating 'auth' ...
  got 1.6.9
  has 126 dependencies
  has 0 peers
Evaluating 'openapi3-ts' ...
  got 4.5.0
  has 1 dependencies
  has 0 peers
Evaluating '@ucast/mongo' ...
  got ucast/mongo
  has 1 dependencies
  has 0 peers
Evaluating '@ucast/mongo2js' ...
  got ucast/mongo2js
  has 3 dependencies
  has 0 peers
Evaluating 'gulp-header' ...
  got 2.0.12
  has 10 dependencies
  has 0 peers
Evaluating 'original-url' ...
  got 1.2.3
  has 1 dependencies
  has 0 peers
Evaluating 'unicode-substring' ...
  got 1.0.0
  has 0 dependencies
  has 0 peers
Evaluating '@ucast/core' ...
  got ucast/core
  has 0 dependencies
  has 0 peers
Evaluating 'why-is-node-running' ...
  got 3.2.2
  has 0 dependencies
  has 0 peers
Evaluating '@storybook/docs-tools' ...
  got storybook/docs-tools
  has 0 dependencies
  has 1 peers
Evaluating '@ucast/js' ...
  got ucast/js
  has 1 dependencies
  has 0 peers
Evaluating 'apollo-cache' ...
  got 1.3.5
  has 0 dependencies
  has 1 peers
Evaluating 'karma-phantomjs-launcher' ...
  got >=0.9
  has 83 dependencies
  has 1 peers
Evaluating 'mock-stdin' ...
  got 1.0.0
  has 0 dependencies
  has 0 peers
Evaluating 'sql-summary' ...
  got 1.0.1
  has 0 dependencies
  has 0 peers
Evaluating 'google-closure-compiler-linux' ...
  got 20260422.0.0
  has 0 dependencies
  has 0 peers
Evaluating 'async-eventemitter' ...
  got 0.2.4
  has 2 dependencies
  has 0 peers
Evaluating 'elastic-apm-node' ...
  got 4.15.0
  has 111 dependencies
  has 0 peers
Evaluating 'unicode-byte-truncate' ...
  got 1.0.0
  has 3 dependencies
  has 0 peers
Evaluating 'tsc-watch' ...
  got 7.2.0
  has 0 dependencies
  has 1 peers
Evaluating '@types/axios' ...
  got types/axios
  has 23 dependencies
  has 0 peers
Evaluating 'eve-raphael' ...
  got 0.5.0
  has 0 dependencies
  has 0 peers
Evaluating '@aws-sdk/lib-storage' ...
  got aws-sdk/client-s3
  has 36 dependencies
  has 1 peers
Evaluating 'pretty-quick' ...
  got ^3.0.0
  has 7 dependencies
  has 1 peers
Evaluating 'rustbn.js' ...
  got 0.3.0
  has 0 dependencies
  has 0 peers
Evaluating '@types/d3-zoom' ...
  got types/d3-zoom
  has 3 dependencies
  has 0 peers
Evaluating 'siginfo' ...
  got 2.0.0
  has 0 dependencies
  has 0 peers
Evaluating 'keypair' ...
  got 1.0.4
  has 0 dependencies
  has 0 peers
Evaluating '@storybook/telemetry' ...
  got storybook/telemetry
  has 0 dependencies
  has 1 peers
Evaluating 'dom7' ...
  got 4.0.6
  has 1 dependencies
  has 0 peers
Evaluating 'coffee-loader' ...
  got 5.0.0
  has 0 dependencies
  has 2 peers
Evaluating 'async-value' ...
  got 1.2.2
  has 0 dependencies
  has 0 peers
Evaluating 'async-value-promise' ...
  got 1.1.1
  has 1 dependencies
  has 0 peers
Evaluating 'evil-dns' ...
  got 0.2.0
  has 0 dependencies
  has 0 peers
Evaluating 'to-camel-case' ...
  got 1.0.0
  has 2 dependencies
  has 0 peers
Evaluating '@types/d3-geo' ...
  got types/d3-geo
  has 1 dependencies
  has 0 peers
Evaluating 'relative-microtime' ...
  got 2.0.0
  has 0 dependencies
  has 0 peers
Evaluating 'apollo-cache-inmemory' ...
  got 1.6.6
  has 0 dependencies
  has 1 peers
Evaluating 'stream-chopper' ...
  got 3.0.1
  has 5 dependencies
  has 0 peers
Evaluating 'babylon-walk' ...
  got 1.0.2
  has 8 dependencies
  has 0 peers
Evaluating '@cypress/commit-info' ...
  got cypress/commit-info
  has 26 dependencies
  has 0 peers
Evaluating 'ts-log' ...
  got 3.0.2
  has 0 dependencies
  has 0 peers
Evaluating '@types/bunyan' ...
  got types/bunyan
  has 2 dependencies
  has 0 peers
Evaluating 'measured-reporting' ...
  got 2.0.0
  has 5 dependencies
  has 0 peers
Evaluating 'object-filter-sequence' ...
  got 1.0.0
  has 0 dependencies
  has 0 peers
Evaluating 'reveal.js' ...
  got 6.0.1
  has 0 dependencies
  has 0 peers
Evaluating 'breadth-filter' ...
  got 2.0.0
  has 20 dependencies
  has 0 peers
Evaluating 'canvg' ...
  got 4.0.3
  has 6 dependencies
  has 0 peers
Evaluating 'google-closure-compiler-osx' ...
  ! package not resolved
Evaluating '@types/d3-hierarchy' ...
  got types/d3-hierarchy
  has 0 dependencies
  has 0 peers
Evaluating 'js-sha512' ...
  got 0.9.0
  has 0 dependencies
  has 0 peers
Evaluating '@postman/tunnel-agent' ...
  got postman/tunnel-agent
  has 1 dependencies
  has 0 peers
Evaluating 'to-source-code' ...
  got 1.0.2
  has 1 dependencies
  has 0 peers
Evaluating '@types/es-aggregate-error' ...
  got types/es-aggregate-error
  has 2 dependencies
  has 0 peers
Evaluating 'utility' ...
  got 2.5.0
  has 5 dependencies
  has 0 peers
Evaluating 'karma-sinon-chai' ...
  got >=3.5.0
  has 0 dependencies
  has 3 peers
Evaluating 'simple-is' ...
  got 0.2.0
  has 0 dependencies
  has 0 peers
Evaluating '@opentelemetry/exporter-jaeger' ...
  got opentelemetry/api
  has 19 dependencies
  has 1 peers
Evaluating 'is-fork-pr' ...
  got 2.5.0
  has 0 dependencies
  has 0 peers
Evaluating 'monitor-event-loop-delay' ...
  got 1.0.0
  has 0 dependencies
  has 0 peers
Evaluating 'return-deep-diff' ...
  got 0.4.0
  has 0 dependencies
  has 0 peers
Evaluating '@types/helmet' ...
  got types/helmet
  has 1 dependencies
  has 0 peers
Evaluating 'is-native' ...
  got 1.0.1
  has 2 dependencies
  has 0 peers
Evaluating 'wonka' ...
  got 6.3.6
  has 0 dependencies
  has 0 peers
Evaluating 'tsup' ...
  got 8.5.1
  has 47 dependencies
  has 4 peers
Evaluating 'url-regex' ...
  got 5.0.0
  has 2 dependencies
  has 0 peers
Evaluating '@storybook/builder-webpack4' ...
  got storybook/builder-webpack4
  has 0 dependencies
  has 2 peers
Evaluating 'jest-fetch-mock' ...
  got 3.0.3
  has 6 dependencies
  has 0 peers
Evaluating '@urql/core' ...
  got urql/core
  has 2 dependencies
  has 0 peers
Evaluating '@types/oauth' ...
  got types/oauth
  has 2 dependencies
  has 0 peers
Evaluating 'parcel-bundler' ...
  got 1.12.5
  has 831 dependencies
  has 0 peers
Evaluating '@types/d3-random' ...
  got types/d3-random
  has 0 dependencies
  has 0 peers
Evaluating 'd3-queue' ...
  got 3.0.7
  has 0 dependencies
  has 0 peers
Evaluating 'grunt-contrib-cssmin' ...
  got 5.0.0
  has 15 dependencies
  has 0 peers
Evaluating '@storybook/channel-websocket' ...
  got storybook/channel-websocket
  has 28 dependencies
  has 0 peers
Evaluating 'grapheme-breaker' ...
  got 0.3.2
  has 56 dependencies
  has 0 peers
Evaluating 'middie' ...
  got 7.1.0
  has 5 dependencies
  has 0 peers
Evaluating '@types/braces' ...
  got types/braces
  has 0 dependencies
  has 0 peers
Evaluating 'uuid-browser' ...
  got 3.1.0
  has 0 dependencies
  has 0 peers
Evaluating '@vitest/spy' ...
  got vitest/spy
  has 0 dependencies
  has 0 peers
Evaluating 'join-component' ...
  got 1.1.0
  has 0 dependencies
  has 0 peers
Evaluating 'fast-plist' ...
  got 0.1.3
  has 0 dependencies
  has 0 peers
Evaluating '@types/d3-drag' ...
  got types/d3-drag
  has 1 dependencies
  has 0 peers
Evaluating 'mapcap' ...
  got 1.0.0
  has 0 dependencies
  has 0 peers
Evaluating 'ethereumjs-tx' ...
  got 2.1.2
  has 81 dependencies
  has 0 peers
Evaluating 'uint8arrays' ...
  got 5.1.1
  has 1 dependencies
  has 0 peers
Evaluating 'squirrelly' ...
  got 9.1.0
  has 0 dependencies
  has 0 peers
Evaluating 'findit' ...
  got 2.0.0
  has 0 dependencies
  has 0 peers
Evaluating '@next/font' ...
  got next/font
  has 0 dependencies
  has 1 peers
Evaluating '@types/d3-force' ...
  got types/d3-force
  has 0 dependencies
  has 0 peers
Evaluating '@cypress/get-windows-proxy' ...
  got cypress/get-windows-proxy
  has 2 dependencies
  has 0 peers
Evaluating '@types/d3-axis' ...
  got types/d3-axis
  has 1 dependencies
  has 0 peers
Evaluating '@vitest/utils' ...
  got vitest/utils
  has 3 dependencies
  has 0 peers
Evaluating '@codemirror/theme-one-dark' ...
  got codemirror/theme-one-dark
  has 10 dependencies
  has 0 peers
Evaluating '@types/expect' ...
  got types/expect
  has 41 dependencies
  has 0 peers
Evaluating '@types/seedrandom' ...
  got types/seedrandom
  has 0 dependencies
  has 0 peers
Evaluating '@types/d3-transition' ...
  got types/d3-transition
  has 1 dependencies
  has 0 peers
Evaluating '@types/d3-dispatch' ...
  got types/d3-dispatch
  has 0 dependencies
  has 0 peers
Evaluating 'serialize-to-js' ...
  got 3.1.2
  has 0 dependencies
  has 0 peers
Evaluating '@vitest/expect' ...
  got vitest/expect
  has 10 dependencies
  has 0 peers
Evaluating 'lit-element' ...
  got 4.2.2
  has 4 dependencies
  has 0 peers
Evaluating '@types/d3-brush' ...
  got types/d3-brush
  has 1 dependencies
  has 0 peers
Evaluating 'shallow-clone-shim' ...
  got 2.0.0
  has 0 dependencies
  has 0 peers
Evaluating 'is_js' ...
  got 0.9.0
  has 0 dependencies
  has 0 peers
Evaluating 'line-column' ...
  got 1.0.2
  has 2 dependencies
  has 0 peers
Evaluating '@slack/types' ...
  got slack/types
  has 0 dependencies
  has 0 peers
Evaluating 'object-identity-map' ...
  got 1.0.2
  has 20 dependencies
  has 0 peers
Evaluating '@vitest/runner' ...
  got vitest/runner
  has 5 dependencies
  has 0 peers
Evaluating 'mock-require' ...
  got 3.0.3
  has 3 dependencies
  has 0 peers
Evaluating 'probe-image-size' ...
  got 7.2.3
  has 10 dependencies
  has 0 peers
Evaluating '@jupyter-widgets/base' ...
  got jupyter-widgets/base
  has 57 dependencies
  has 0 peers
Evaluating 'mocha-teamcity-reporter' ...
  got >=6
  has 0 dependencies
  has 1 peers
Evaluating 'hard-source-webpack-plugin' ...
  got 0.13.1
  has 0 dependencies
  has 1 peers
Evaluating 'nerf-dart' ...
  got 1.0.0
  has 0 dependencies
  has 0 peers
Evaluating '@opentelemetry/instrumentation-grpc' ...
  got opentelemetry/instrumentation-grpc
  has 12 dependencies
  has 1 peers
Evaluating 'matcher-collection' ...
  got 2.0.1
  has 5 dependencies
  has 0 peers
Evaluating 'then-request' ...
  got 6.0.2
  has 50 dependencies
  has 0 peers
Evaluating '@react-spring/web' ...
  got react-spring/web
  has 0 dependencies
  has 2 peers
Evaluating 'image-preview' ...
  got 0.0.7
  has 0 dependencies
  has 1 peers
Evaluating '@opentelemetry/sdk-node' ...
  got opentelemetry/sdk-node
  has 72 dependencies
  has 1 peers
Evaluating 'walk-sync' ...
  got 4.0.1
  has 11 dependencies
  has 0 peers
Evaluating 'http2-client' ...
  got 1.3.5
  has 0 dependencies
  has 0 peers
Evaluating '@intlify/shared' ...
  got intlify/shared
  has 0 dependencies
  has 0 peers
Evaluating 'tunnel-ssh' ...
  got 5.2.0
  has 6 dependencies
  has 0 peers
Evaluating 'reftools' ...
  got 1.1.9
  has 0 dependencies
  has 0 peers
Evaluating 'messageformat-parser' ...
  got 4.1.3
  has 0 dependencies
  has 0 peers
Evaluating 'oas-kit-common' ...
  got 1.0.8
  has 1 dependencies
  has 0 peers
Evaluating 'node-fetch-h2' ...
  got 2.3.1-0
  has 1 dependencies
  has 0 peers
Evaluating '@webpack-contrib/schema-utils' ...
  got webpack-contrib/schema-utils
  has 0 dependencies
  has 1 peers
Evaluating 'url-search-params-polyfill' ...
  got 8.2.5
  has 0 dependencies
  has 0 peers
Evaluating 'fast-printf' ...
  got 1.6.10
  has 0 dependencies
  has 0 peers
Evaluating 'http-basic' ...
  got 8.1.3
  has 15 dependencies
  has 0 peers
Evaluating 'bplist-creator' ...
  got 0.1.1
  has 1 dependencies
  has 0 peers
Evaluating 'reduce-component' ...
  got 1.0.1
  has 0 dependencies
  has 0 peers
Evaluating '@algolia/client-personalization' ...
  got algolia/client-personalization
  has 4 dependencies
  has 0 peers
Evaluating 'rgb2hex' ...
  got 0.2.5
  has 0 dependencies
  has 0 peers
Evaluating 'urllib' ...
  got 4.9.0
  has 36 dependencies
  has 0 peers
Evaluating 'blocking-proxy' ...
  got 1.0.1
  has 1 dependencies
  has 0 peers
Evaluating '@types/d3-polygon' ...
  got types/d3-polygon
  has 0 dependencies
  has 0 peers
Evaluating 'css-value' ...
  got 0.0.1
  has 0 dependencies
  has 0 peers
Evaluating '@types/d3-chord' ...
  got types/d3-chord
  has 0 dependencies
  has 0 peers
Evaluating 'jspdf' ...
  got 4.2.1
  has 22 dependencies
  has 0 peers
Evaluating '@types/d3-quadtree' ...
  got types/d3-quadtree
  has 0 dependencies
  has 0 peers
Evaluating 'my-app' ...
  ! package not resolved
Evaluating 'webdriverio' ...
  got 9.27.0
  has 236 dependencies
  has 1 peers
Evaluating 'pngquant-bin' ...
  ! package not resolved
Evaluating '@types/react-window' ...
  got types/react-window
  has 1 dependencies
  has 0 peers
Evaluating 'prosemirror-tables' ...
  got 1.8.5
  has 7 dependencies
  has 0 peers
Evaluating '@semantic-release/error' ...
  got semantic-release/error
  has 0 dependencies
  has 0 peers
Evaluating 'stream-json' ...
  got 2.1.0
  has 1 dependencies
  has 0 peers
Evaluating 'apollo-upload-client' ...
  got apollo/client
  has 0 dependencies
  has 3 peers
Evaluating '@rails/actioncable' ...
  got rails/actioncable
  has 0 dependencies
  has 0 peers
Evaluating '@fastify/cors' ...
  got fastify/cors
  has 2 dependencies
  has 0 peers
Evaluating 'redux-immutable' ...
  got ^3.8.1 || ^4.0.0-rc.1
  has 0 dependencies
  has 1 peers
Evaluating '@radix-ui/react-visually-hidden' ...
  got radix-ui/react-visually-hidden
  has 0 dependencies
  has 4 peers
Evaluating 'p-any' ...
  got 4.0.0
  has 6 dependencies
  has 0 peers
Evaluating '@nuxtjs/youch' ...
  got nuxtjs/youch
  has 3 dependencies
  has 0 peers
Evaluating 'svg-sprite' ...
  got 2.0.4
  has 97 dependencies
  has 0 peers
Evaluating 'webdriver-manager' ...
  got 12.1.9
  has 87 dependencies
  has 0 peers
Evaluating 'p-some' ...
  got 7.0.0
  has 0 dependencies
  has 0 peers
Evaluating 'email-addresses' ...
  got 5.0.0
  has 0 dependencies
  has 0 peers
Evaluating 'nodemailer-wellknown' ...
  got 0.2.3
  has 0 dependencies
  has 0 peers
Evaluating 'koa-passport' ...
  got 6.0.0
  has 4 dependencies
  has 0 peers
Evaluating 'stream-chain' ...
  got 3.6.1
  has 0 dependencies
  has 0 peers
Evaluating 'digest-header' ...
  got 1.1.0
  has 0 dependencies
  has 0 peers
Evaluating 'acorn-numeric-separator' ...
  got ^6 || ^7 || ^8
  has 0 dependencies
  has 1 peers
Evaluating 'utf8-stream' ...
  got 0.0.0
  has 5 dependencies
  has 0 peers
Evaluating 'webdriver-js-extender' ...
  got 2.2.0
  has 31 dependencies
  has 0 peers
Evaluating 'node-stream-zip' ...
  got 1.15.0
  has 0 dependencies
  has 0 peers
Evaluating 'deep-assign' ...
  got 3.0.0
  has 1 dependencies
  has 0 peers
Evaluating '@oclif/help' ...
  got oclif/help
  has 55 dependencies
  has 0 peers
Evaluating '@react-spring/rafz' ...
  got react-spring/rafz
  has 0 dependencies
  has 0 peers
Evaluating '@oclif/plugin-commands' ...
  got oclif/plugin-commands
  has 104 dependencies
  has 0 peers
Evaluating 'vue-no-ssr' ...
  got 1.1.1
  has 0 dependencies
  has 0 peers
Evaluating 'prettier-plugin-tailwindcss' ...
  got ^3.0
  has 0 dependencies
  has 17 peers
Evaluating 'lazy-req' ...
  got 3.0.0
  has 0 dependencies
  has 0 peers
Evaluating 'with-open-file' ...
  got 0.1.7
  has 3 dependencies
  has 0 peers
Evaluating 'vue-client-only' ...
  got 2.1.0
  has 0 dependencies
  has 0 peers
Evaluating 'express-ws' ...
  got ^4.0.0 || ^5.0.0-alpha.1
  has 1 dependencies
  has 1 peers
Evaluating 'uuidv4' ...
  got 6.2.13
  has 2 dependencies
  has 0 peers
Evaluating '@exodus/schemasafe' ...
  got exodus/schemasafe
  has 0 dependencies
  has 0 peers
Evaluating '@radix-ui/react-collection' ...
  got radix-ui/react-collection
  has 0 dependencies
  has 4 peers
Evaluating '@types/svgo' ...
  got types/svgo
  has 19 dependencies
  has 0 peers
Evaluating 'Base64' ...
  got 1.3.0
  has 0 dependencies
  has 0 peers
Evaluating '@date-io/dayjs' ...
  got date-io/dayjs
  has 1 dependencies
  has 1 peers
Evaluating 'omit.js' ...
  got 2.0.2
  has 0 dependencies
  has 0 peers
Evaluating 'inversify' ...
  got 8.1.0
  has 6 dependencies
  has 0 peers
Evaluating 'nodemailer-direct-transport' ...
  got 3.3.2
  has 6 dependencies
  has 0 peers
Evaluating 'vuetify' ...
  got ^3.5.0
  has 0 dependencies
  has 4 peers
Evaluating '@opentelemetry/exporter-zipkin' ...
  got opentelemetry/api
  has 4 dependencies
  has 1 peers
Evaluating 'idb-keyval' ...
  got 6.2.2
  has 0 dependencies
  has 0 peers
Evaluating '@nrwl/cli' ...
  ! package not resolved
Evaluating '@nuxt/utils' ...
  got nuxt/utils
  has 19 dependencies
  has 0 peers
Evaluating '@babel/eslint-plugin' ...
  got babel/eslint-parser
  has 0 dependencies
  has 2 peers
Evaluating 'hable' ...
  got 3.0.0
  has 0 dependencies
  has 0 peers
Evaluating 'css-shorthand-properties' ...
  got 1.1.2
  has 0 dependencies
  has 0 peers
Evaluating 'node-res' ...
  got 5.0.1
  has 7 dependencies
  has 0 peers
Evaluating '@nuxt/vue-renderer' ...
  got nuxt/vue-renderer
  has 59 dependencies
  has 0 peers
Evaluating 'nodemailer-smtp-transport' ...
  got 2.7.4
  has 7 dependencies
  has 0 peers
Evaluating '@nuxt/config' ...
  got nuxt/config
  has 25 dependencies
  has 0 peers
Evaluating '@date-io/luxon' ...
  got date-io/luxon
  has 1 dependencies
  has 1 peers
Evaluating 'just-performance' ...
  got 4.4.0
  has 0 dependencies
  has 0 peers
Evaluating '@nuxt/server' ...
  got nuxt/server
  has 108 dependencies
  has 0 peers
Evaluating '@nuxt/cli' ...
  got nuxt/cli
  has 79 dependencies
  has 1 peers
Evaluating 'eslint-plugin-simple-import-sort' ...
  got >=5.0.0
  has 0 dependencies
  has 1 peers
Evaluating '@nuxt/core' ...
  got nuxt/core
  has 115 dependencies
  has 0 peers
Evaluating 'svelte-hmr' ...
  got ^3.19.0 || ^4.0.0
  has 0 dependencies
  has 1 peers
Evaluating '@radix-ui/react-focus-scope' ...
  got radix-ui/react-focus-scope
  has 0 dependencies
  has 4 peers
Evaluating '@semantic-release/commit-analyzer' ...
  got semantic-release/commit-analyzer
  has 0 dependencies
  has 1 peers
Evaluating '@semantic-release/release-notes-generator' ...
  got semantic-release/release-notes-generator
  has 0 dependencies
  has 1 peers
Evaluating 'clamp' ...
  got 1.0.1
  has 0 dependencies
  has 0 peers
Evaluating 'mariadb' ...
  got 3.5.2
  has 7 dependencies
  has 0 peers
Evaluating 'csvtojson' ...
  got 2.0.14
  has 1 dependencies
  has 0 peers
Evaluating 'style-resources-loader' ...
  got 1.5.0
  has 0 dependencies
  has 1 peers
Evaluating '@types/stoppable' ...
  got types/stoppable
  has 2 dependencies
  has 0 peers
Evaluating 'zenscroll' ...
  got 4.0.2
  has 0 dependencies
  has 0 peers
Evaluating '@radix-ui/react-focus-guards' ...
  got radix-ui/react-focus-guards
  has 0 dependencies
  has 2 peers
Evaluating '@sentry/react' ...
  got sentry/react
  has 0 dependencies
  has 1 peers
Evaluating '@sveltejs/vite-plugin-svelte' ...
  got sveltejs/vite-plugin-svelte
  has 0 dependencies
  has 2 peers
Evaluating 'npmconf' ...
  got 2.1.3
  has 16 dependencies
  has 0 peers
Evaluating 'redux-logger' ...
  got 3.0.6
  has 1 dependencies
  has 0 peers
Evaluating '@sentry/integrations' ...
  got sentry/integrations
  has 6 dependencies
  has 0 peers
Evaluating 'datatables.net-bs' ...
  got 2.3.8
  has 2 dependencies
  has 0 peers
Evaluating 'extract-css-chunks-webpack-plugin' ...
  got 4.10.0
  has 0 dependencies
  has 1 peers
Evaluating '@oclif/core' ...
  got oclif/core
  has 41 dependencies
  has 0 peers
Evaluating 'ethereumjs-common' ...
  got 1.5.2
  has 0 dependencies
  has 0 peers
Evaluating 'getenv' ...
  got 2.0.0
  has 0 dependencies
  has 0 peers
Evaluating 'parse-numeric-range' ...
  got 1.3.0
  has 0 dependencies
  has 0 peers
Evaluating 'throttle' ...
  got 1.0.3
  has 13 dependencies
  has 0 peers
Evaluating '@oclif/plugin-update' ...
  got oclif/plugin-update
  has 184 dependencies
  has 0 peers
Evaluating '@cypress/request-promise' ...
  got cypress/request
  has 11 dependencies
  has 1 peers
Evaluating 'type-name' ...
  got 2.0.2
  has 0 dependencies
  has 0 peers
Evaluating '@chiragrupani/karma-chromium-edge-launcher' ...
  got chiragrupani/karma-chromium-edge-launcher
  has 0 dependencies
  has 0 peers
Evaluating 'log-chopper' ...
  got 1.0.2
  has 1 dependencies
  has 0 peers
Evaluating 'csv-parser' ...
  got 3.2.0
  has 0 dependencies
  has 0 peers
Evaluating 'preload-webpack-plugin' ...
  got 2.3.0
  has 0 dependencies
  has 1 peers
Evaluating 'base32.js' ...
  got 0.1.0
  has 0 dependencies
  has 0 peers
Evaluating 'tinygradient' ...
  got 2.0.1
  has 1 dependencies
  has 0 peers
Evaluating '@ant-design/cssinjs' ...
  got ant-design/cssinjs
  has 0 dependencies
  has 2 peers
Evaluating 'semantic-release' ...
  got 25.0.3
  has 433 dependencies
  has 0 peers
Evaluating 'portal-vue' ...
  got 3.0.0
  has 0 dependencies
  has 1 peers
Evaluating 'json-rpc-engine' ...
  got 6.1.0
  has 3 dependencies
  has 0 peers
Evaluating 'parse-svg-path' ...
  got 0.1.2
  has 0 dependencies
  has 0 peers
Evaluating 're-resizable' ...
  got 6.11.2
  has 0 dependencies
  has 2 peers
Evaluating 'intl' ...
  got 1.2.5
  has 0 dependencies
  has 0 peers
Evaluating 'react-resizable' ...
  got >= 16.3
  has 7 dependencies
  has 2 peers
Evaluating '@rails/ujs' ...
  got rails/ujs
  has 0 dependencies
  has 0 peers
Evaluating '@nuxt/loading-screen' ...
  got nuxt/loading-screen
  has 37 dependencies
  has 0 peers
Evaluating 'socket-retry-connect' ...
  got 0.0.1
  has 2 dependencies
  has 0 peers
Evaluating '@nuxt/babel-preset-app' ...
  got nuxt/babel-preset-app
  has 163 dependencies
  has 0 peers
Evaluating 'formstream' ...
  got 1.5.2
  has 5 dependencies
  has 0 peers
Evaluating 'protobufjs-websocket-example' ...
  got 0.0.1-security
  has 0 dependencies
  has 0 peers
Evaluating 'es-module-loader' ...
  got 2.3.0
  has 0 dependencies
  has 0 peers
Evaluating 'babel-plugin-import-redirect' ...
  got 1.1.1
  has 8 dependencies
  has 0 peers
Evaluating 'bip39' ...
  got 3.1.0
  has 1 dependencies
  has 0 peers
Evaluating 'react-immutable-proptypes' ...
  got >=3.6.2
  has 3 dependencies
  has 1 peers
Evaluating 'json-rpc-random-id' ...
  got 1.0.1
  has 0 dependencies
  has 0 peers
Evaluating '@nuxt/generator' ...
  got nuxt/generator
  has 61 dependencies
  has 0 peers
Evaluating 'sendmail' ...
  got 1.6.1
  has 14 dependencies
  has 0 peers
Evaluating 'items' ...
  got 2.2.1
  has 0 dependencies
  has 0 peers
Evaluating '@nuxt/vue-app' ...
  got nuxt/vue-app
  has 25 dependencies
  has 0 peers
Evaluating '@nuxt/webpack' ...
  got nuxt/webpack
  has 1103 dependencies
  has 0 peers
Evaluating '@types/reach__router' ...
  got types/reach__router
  has 2 dependencies
  has 0 peers
Evaluating 'death' ...
  got 1.1.0
  has 0 dependencies
  has 0 peers
Evaluating '@nuxt/builder' ...
  got nuxt/builder
  has 1119 dependencies
  has 0 peers
Evaluating '@cypress/parse-domain' ...
  got cypress/parse-domain
  has 184 dependencies
  has 0 peers

== COMPUTING STATS ==
tran: 0
tran: 0
tran: 1
tran: 0
tran: 0
tran: 0
tran: 0
tran: 2
tran: 1
tran: 6
tran: 0
tran: 1
tran: 1
tran: 0
tran: 0
tran: 0
tran: 1
tran: 0
tran: 2
tran: 0
tran: 0
tran: 0
tran: 0
tran: 0
tran: 0
tran: 0
tran: 0
tran: 0
tran: 9
tran: 8
tran: 1
tran: 0
tran: 3
tran: 1
tran: 0
tran: 0
tran: 0
tran: 1
tran: 0
tran: 0
tran: 1
tran: 0
tran: 0
tran: 5
tran: 0
tran: 0
tran: 0
tran: 0
tran: 1
tran: 4
tran: 1
tran: 0
tran: 0
tran: 8
tran: 0
tran: 1
tran: 2
tran: 2
tran: 3
tran: 0
tran: 0
tran: 11
tran: 0
tran: 14
tran: 5
tran: 0
tran: 3
tran: 0
tran: 0
tran: 1
tran: 1
tran: 0
tran: 0
tran: 0
tran: 1
tran: 19
tran: 18
tran: 0
tran: 1
tran: 0
tran: 1
tran: 3
tran: 0
tran: 0
tran: 143
tran: 0
tran: 0
tran: 1
tran: 1
tran: 0
tran: 5
tran: 1
tran: 2
tran: 29
tran: 51
tran: 5
tran: 0
tran: 2
tran: 0
tran: 0
tran: 2
tran: 6
tran: 0
tran: 0
tran: 2
tran: 39
tran: 2
tran: 1
tran: 3
tran: 1
tran: 5
tran: 2
tran: 0
tran: 8
tran: 89
tran: 0
tran: 0
tran: 0
tran: 45
tran: 1
tran: 6
tran: 6
tran: 44
tran: 1
tran: 5
tran: 0
tran: 0
tran: 91
tran: 18
tran: 0
tran: 0
tran: 45
tran: 69
tran: 46
tran: 46
tran: 45
tran: 0
tran: 0
tran: 0
tran: 0
tran: 0
tran: 5
tran: 0
tran: 1
tran: 0
tran: 2
tran: 0
tran: 0
tran: 0
tran: 0
tran: 0
tran: 6
tran: 0
tran: 5
tran: 0
tran: 0
tran: 0
tran: 5
tran: 4
tran: 0
tran: 1
tran: 0
tran: 2
tran: 3
tran: 0
tran: 0
tran: 0
tran: 0
tran: 1
tran: 0
tran: 19
tran: 0
tran: 0
tran: 0
tran: 0
tran: 0
tran: 0
tran: 0
tran: 0
tran: 2
tran: 0
tran: 0
tran: 2
tran: 5
tran: 0
tran: 3
tran: 0
tran: 0
tran: 1
tran: 3
tran: 0
tran: 10
tran: 0
tran: 0
tran: 0
tran: 0
tran: 0
tran: 0
tran: 12
tran: 0
tran: 0
tran: 7
tran: 0
tran: 0
tran: 0
tran: 0
tran: 4
tran: 0
tran: 0
tran: 17
tran: 0
tran: 1
tran: 0
tran: 1
tran: 1
tran: 1
tran: 0
tran: 0
tran: 8
tran: 0
tran: 0
tran: 0
tran: 0
tran: 19
tran: 0
tran: 0
tran: 2
tran: 2
tran: 0
tran: 39
tran: 0
tran: 0
tran: 2
tran: 64
tran: 22
tran: 0
tran: 0
tran: 0
tran: 0
tran: 0
tran: 1
tran: 2
tran: 11
tran: 15
tran: 0
tran: 0
tran: 2
tran: 3
tran: 0
tran: 0
tran: 0
tran: 2
tran: 0
tran: 0
tran: 1
tran: 0
tran: 1
tran: 0
tran: 0
tran: 0
tran: 0
tran: 2
tran: 0
tran: 0
tran: 0
tran: 0
tran: 6
tran: 13
tran: 1
tran: 5
tran: 0
tran: 1
tran: 17
tran: 2
tran: 2
tran: 3
tran: 2
tran: 2
tran: 2
tran: 14
tran: 42
tran: 0
tran: 0
tran: 1
tran: 1
tran: 0
tran: 2
tran: 0
tran: 27
tran: 0
tran: 0
tran: 0
tran: 112
tran: 0
tran: 0
tran: 3
tran: 89
tran: 0
tran: 32
tran: 113
tran: 43
tran: 113
tran: 0
tran: 0
tran: 3
tran: 115
tran: 0
tran: 3
tran: 0
tran: 0
tran: 0
tran: 0
tran: 116
tran: 25
tran: 0
tran: 0
tran: 6
tran: 0
tran: 0
tran: 0
tran: 0
tran: 0
tran: 1
tran: 0
tran: 14
tran: 14
tran: 0
tran: 1
tran: 0
tran: 1
tran: 0
tran: 0
tran: 0
tran: 5
tran: 0
tran: 0
tran: 0
tran: 0
tran: 0
tran: 0
tran: 2
tran: 0
tran: 0
tran: 0
tran: 1
tran: 0
tran: 0
tran: 0
tran: 0
tran: 0
tran: 15
tran: 0
tran: 3
tran: 0
tran: 0
tran: 0
tran: 9
tran: 5
tran: 1
tran: 1
tran: 0
tran: 0
tran: 0
tran: 1
tran: 1
tran: 7
tran: 1
tran: 46
tran: 1
tran: 3
tran: 7
tran: 0
tran: 16
tran: 1
tran: 0
tran: 88
tran: 19
tran: 0
tran: 1
tran: 0
tran: 7
tran: 0
tran: 0
tran: 4
tran: 0
tran: 4
tran: 0
tran: 1
tran: 0
tran: 4
tran: 0
tran: 0
tran: 0
tran: 0
tran: 0
tran: 0
tran: 0
tran: 24
tran: 0
tran: 0
tran: 0
tran: 0
tran: 0
tran: 0
tran: 9
tran: 0
tran: 0
tran: 0
tran: 0
tran: 0
tran: 0
tran: 0
tran: 1
tran: 1
tran: 0
tran: 0
tran: 1
tran: 7
tran: 0
tran: 2
tran: 1
tran: 9
tran: 0
tran: 0
tran: 0
tran: 0
tran: 0
tran: 15
tran: 5
tran: 0
tran: 25
tran: 1
tran: 0
tran: 1
tran: 0
tran: 0
tran: 2
tran: 2
tran: 0
tran: 3
tran: 0
tran: 1
tran: 0
tran: 0
tran: 0
tran: 0
tran: 2
tran: 0
tran: 6
tran: 0
tran: 1
tran: 2
tran: 0
tran: 0
tran: 2
tran: 0
tran: 1
tran: 2
tran: 6
tran: 0
tran: 1
tran: 1
tran: 0
tran: 91
tran: 0
tran: 2
tran: 1
tran: 0
tran: 0
tran: 0
tran: 3
tran: 10
tran: 0
tran: 0
tran: 11
tran: 0
tran: 1
tran: 11
tran: 72
tran: 0
tran: 2
tran: 23
tran: 5
tran: 8
tran: 0
tran: 0
tran: 0
tran: 0
tran: 0
tran: 0
tran: 0
tran: 0
tran: 2
tran: 1
tran: 0
tran: 4
tran: 10
tran: 0
tran: 0
tran: 0
tran: 0
tran: 0
tran: 5
tran: 0
tran: 0
tran: 16
tran: 13
tran: 12
tran: 10
tran: 1
tran: 10
tran: 0
tran: 1
tran: 0
tran: 0
tran: 6
tran: 8
tran: 5
tran: 0
tran: 20
tran: 0
tran: 0
tran: 17
tran: 1
tran: 5
tran: 0
tran: 0
tran: 1
tran: 3
tran: 0
tran: 0
tran: 0
tran: 1
tran: 27
tran: 28
tran: 0
tran: 0
tran: 3
tran: 0
tran: 35
tran: 4
tran: 0
tran: 0
tran: 9
tran: 3
tran: 6
tran: 3
tran: 0
tran: 0
tran: 0
tran: 1
tran: 1
tran: 10
tran: 0
tran: 0
tran: 0
tran: 2
tran: 2
tran: 0
tran: 0
tran: 3
tran: 1
tran: 0
tran: 16
tran: 0
tran: 0
tran: 55
tran: 0
tran: 0
tran: 4
tran: 3
tran: 9
tran: 7
tran: 8
tran: 17
tran: 0
tran: 3
tran: 0
tran: 0
tran: 0
tran: 0
tran: 1
tran: 0
tran: 0
tran: 0
tran: 0
tran: 0
tran: 36
tran: 0
tran: 0
tran: 0
tran: 0
tran: 18
tran: 0
tran: 0
tran: 14
tran: 0
tran: 1
tran: 1
tran: 0
tran: 0
tran: 124
tran: 38
tran: 8
tran: 0
tran: 0
tran: 0
tran: 2
tran: 0
tran: 5
tran: 0
tran: 0
tran: 1
tran: 0
tran: 0
tran: 0
tran: 0
tran: 19
tran: 18
tran: 0
tran: 1
tran: 19
tran: 3
tran: 0
tran: 20
tran: 0
tran: 0
tran: 0
tran: 1
tran: 0
tran: 8
tran: 0
tran: 0
tran: 0
tran: 1
tran: 8
tran: 13
tran: 0
tran: 0
tran: 2
tran: 9
tran: 6
tran: 0
tran: 3
tran: 0
tran: 0
tran: 0
tran: 0
tran: 5
tran: 1
tran: 3
tran: 0
tran: 0
tran: 0
tran: 107
tran: 0
tran: 0
tran: 0
tran: 124
tran: 1
tran: 0
tran: 0
tran: 0
tran: 0
tran: 0
tran: 11
tran: 0
tran: 12
tran: 0
tran: 0
tran: 0
tran: 2
tran: 0
tran: 0
tran: 24
tran: 0
tran: 1
tran: 68
tran: 0
tran: 0
tran: 0
tran: 22
tran: 1
tran: 4
tran: 0
tran: 0
tran: 21
tran: 213
tran: 1
tran: 1
tran: 0
tran: 0
tran: 1
tran: 1
tran: 1
tran: 0
tran: 2
tran: 3
tran: 4
tran: 4
tran: 0
tran: 0
tran: 2
tran: 1
tran: 1
tran: 3
tran: 1
tran: 2
tran: 5
tran: 1
tran: 0
tran: 1
tran: 3
tran: 5
tran: 0
tran: 1
tran: 1
tran: 1
tran: 8
tran: 0
tran: 0
tran: 9
tran: 0
tran: 231
tran: 0
tran: 1
tran: 43
tran: 14
tran: 0
tran: 0
tran: 0
tran: 14
tran: 1
tran: 5
tran: 7
tran: 1
tran: 1
tran: 7
tran: 92
tran: 1
tran: 18
tran: 19
tran: 0
tran: 6
tran: 8
tran: 14
tran: 0
tran: 1
tran: 0
tran: 0
tran: 0
tran: 0
tran: 0
tran: 0
tran: 3
tran: 0
tran: 1
tran: 8
tran: 49
tran: 0
tran: 0
tran: 0
tran: 0
tran: 3
tran: 0
tran: 58
tran: 0
tran: 0
tran: 6
tran: 14
tran: 14
tran: 4
tran: 0
tran: 0
tran: 28
tran: 0
tran: 0
tran: 16
tran: 1
tran: 20
tran: 0
tran: 22
tran: 1
tran: 0
tran: 2
tran: 0
tran: 0
tran: 104
tran: 0
tran: 21
tran: 0
tran: 1
tran: 1
tran: 15
tran: 0
tran: 16
tran: 0
tran: 0
tran: 23
tran: 2
tran: 0
tran: 1
tran: 0
tran: 0
tran: 13
tran: 0
tran: 0
tran: 0
tran: 2
tran: 1
tran: 25
tran: 2
tran: 14
tran: 1
tran: 0
tran: 2
tran: 5
tran: 17
tran: 18
tran: 31
tran: 0
tran: 0
tran: 42
tran: 1
tran: 0
tran: 8
tran: 26
tran: 40
tran: 0
tran: 35
tran: 22
tran: 3
tran: 0
tran: 24
tran: 0
tran: 136
tran: 7
tran: 4
tran: 3
tran: 151
tran: 2
tran: 44
tran: 0
tran: 1
tran: 0
tran: 40
tran: 1
tran: 13
tran: 152
tran: 3
tran: 0
tran: 1
tran: 18
tran: 2
tran: 0
tran: 6
tran: 2
tran: 3
tran: 26
tran: 44
tran: 0
tran: 0
tran: 2
tran: 5
tran: 1
tran: 0
tran: 3
tran: 0
tran: 4
tran: 3
tran: 10
tran: 9
tran: 0
tran: 113
tran: 0
tran: 0
tran: 1
tran: 38
tran: 39
tran: 0
tran: 34
tran: 36
tran: 5
tran: 2
tran: 173
tran: 51
tran: 0
tran: 0
tran: 1
tran: 4
tran: 1
tran: 1
tran: 0
tran: 1
tran: 2
tran: 0
tran: 7
tran: 0
tran: 0
tran: 0
tran: 1
tran: 0
tran: 0
tran: 2
tran: 12
tran: 1
tran: 0
tran: 0
tran: 0
tran: 0
tran: 38
tran: 4
tran: 0
tran: 0
tran: 5
tran: 0
tran: 1
tran: 0
tran: 0
tran: 40
tran: 36
tran: 1
tran: 1
tran: 20
tran: 3
tran: 18
tran: 0
tran: 0
tran: 0
tran: 0
tran: 16
tran: 0
tran: 1
tran: 0
tran: 0
tran: 1
tran: 1
tran: 0
tran: 37
tran: 0
tran: 0
tran: 0
tran: 100
tran: 1
tran: 158
tran: 0
tran: 4
tran: 3
tran: 0
tran: 0
tran: 0
tran: 0
tran: 1
tran: 0
tran: 3
tran: 0
tran: 7
tran: 1
tran: 0
tran: 0
tran: 0
tran: 1
tran: 6
tran: 5
tran: 38
tran: 1
tran: 3
tran: 0
tran: 1
tran: 1
tran: 2
tran: 3
tran: 4
tran: 4
tran: 2
tran: 6
tran: 1
tran: 27
tran: 1
tran: 0
tran: 3
tran: 3
tran: 5
tran: 0
tran: 0
tran: 8
tran: 0
tran: 10
tran: 0
tran: 13
tran: 19
tran: 14
tran: 30
tran: 7
tran: 1
tran: 79
tran: 0
tran: 1
tran: 0
tran: 0
tran: 1
tran: 1
tran: 0
tran: 0
tran: 0
tran: 7
tran: 22
tran: 0
tran: 1
tran: 0
tran: 20
tran: 0
tran: 3
tran: 1
tran: 11
tran: 0
tran: 13
tran: 30
tran: 1
tran: 13
tran: 0
tran: 1
tran: 0
tran: 21
tran: 19
tran: 13
tran: 0
tran: 5
tran: 1
tran: 11
tran: 9
tran: 1
tran: 1
tran: 20
tran: 1
tran: 1
tran: 20
tran: 22
tran: 1
tran: 14
tran: 36
tran: 1
tran: 0
tran: 2
tran: 32
tran: 0
tran: 0
tran: 1
tran: 0
tran: 0
tran: 0
tran: 2
tran: 0
tran: 18
tran: 20
tran: 3
tran: 23
tran: 17
tran: 1
tran: 18
tran: 1
tran: 1
tran: 1
tran: 0
tran: 21
tran: 1
tran: 24
tran: 1
tran: 17
tran: 1
tran: 127
tran: 21
tran: 21
tran: 1
tran: 8
tran: 0
tran: 1
tran: 1
tran: 0
tran: 0
tran: 17
tran: 3
tran: 29
tran: 0
tran: 1
tran: 1
tran: 1
tran: 20
tran: 4
tran: 15
tran: 0
tran: 3
tran: 3
tran: 17
tran: 26
tran: 89
tran: 0
tran: 0
tran: 17
tran: 0
tran: 2
tran: 18
tran: 0
tran: 20
tran: 0
tran: 7
tran: 4
tran: 0
tran: 0
tran: 5
tran: 0
tran: 122
tran: 2
tran: 0
tran: 0
tran: 1
tran: 0
tran: 21
tran: 2
tran: 24
tran: 1
tran: 0
tran: 0
tran: 2
tran: 0
tran: 1
tran: 0
tran: 2
tran: 0
tran: 2
tran: 0
tran: 0
tran: 2
tran: 27
tran: 0
tran: 0
tran: 3
tran: 0
tran: 1
tran: 1
tran: 0
tran: 0
tran: 1
tran: 0
tran: 0
tran: 6
tran: 0
tran: 3
tran: 2
tran: 90
tran: 0
tran: 3
tran: 0
tran: 18
tran: 25
tran: 27
tran: 26
tran: 26
tran: 92
tran: 0
tran: 26
tran: 0
tran: 0
tran: 1
tran: 5
tran: 0
tran: 0
tran: 0
tran: 0
tran: 2
tran: 0
tran: 0
tran: 0
tran: 1
tran: 0
tran: 0
tran: 0
tran: 0
tran: 18
tran: 2
tran: 3
tran: 21
tran: 43
tran: 0
tran: 15
tran: 0
tran: 2
tran: 0
tran: 2
tran: 0
tran: 4
tran: 0
tran: 0
tran: 6
tran: 0
tran: 4
tran: 0
tran: 0
tran: 0
tran: 15
tran: 3
tran: 10
tran: 0
tran: 2
tran: 0
tran: 82
tran: 0
tran: 0
tran: 2
tran: 7
tran: 0
tran: 5
tran: 4
tran: 0
tran: 8
tran: 0
tran: 19
tran: 0
tran: 4
tran: 20
tran: 0
tran: 0
tran: 11
tran: 0
tran: 16
tran: 1
tran: 23
tran: 1
tran: 8
tran: 22
tran: 8
tran: 8
tran: 1
tran: 1
tran: 0
tran: 0
tran: 13
tran: 14
tran: 3
tran: 2
tran: 3
tran: 0
tran: 9
tran: 1
tran: 0
tran: 13
tran: 3
tran: 237
tran: 10
tran: 1
tran: 1
tran: 0
tran: 0
tran: 11
tran: 20
tran: 4
tran: 0
tran: 1
tran: 41
tran: 2
tran: 0
tran: 0
tran: 21
tran: 0
tran: 3
tran: 0
tran: 38
tran: 3
tran: 0
tran: 1
tran: 0
tran: 0
tran: 0
tran: 17
tran: 45
tran: 0
tran: 21
tran: 75
tran: 4
tran: 37
tran: 0
tran: 1
tran: 27
tran: 42
tran: 1
tran: 0
tran: 38
tran: 36
tran: 29
tran: 43
tran: 39
tran: 44
tran: 1
tran: 5
tran: 1
tran: 1
tran: 0
tran: 9
tran: 12
tran: 22
tran: 90
tran: 3
tran: 28
tran: 0
tran: 2
tran: 8
tran: 49
tran: 3
tran: 55
tran: 51
tran: 61
tran: 2
tran: 32
tran: 5
tran: 121
tran: 0
tran: 0
tran: 93
tran: 0
tran: 89
tran: 0
tran: 0
tran: 1
tran: 2
tran: 1
tran: 0
tran: 0
tran: 0
tran: 1
tran: 0
tran: 0
tran: 0
tran: 0
tran: 0
tran: 0
tran: 0
tran: 0
tran: 0
tran: 2
tran: 0
tran: 16
tran: 0
tran: 7
tran: 0
tran: 0
tran: 0
tran: 0
tran: 0
tran: 46
tran: 0
tran: 19
tran: 8
tran: 0
tran: 0
tran: 0
tran: 1
tran: 0
tran: 15
tran: 0
tran: 0
tran: 0
tran: 0
tran: 0
tran: 89
tran: 0
tran: 1
tran: 0
tran: 11
tran: 27
tran: 1
tran: 1
tran: 1
tran: 1
tran: 1
tran: 1
tran: 9
tran: 0
tran: 0
tran: 0
tran: 0
tran: 0
tran: 0
tran: 1
tran: 1
tran: 0
tran: 0
tran: 0
tran: 0
tran: 23
tran: 10
tran: 0
tran: 28
tran: 0
tran: 2
tran: 0
tran: 120
tran: 2
tran: 109
tran: 1
tran: 1
tran: 1
tran: 3
tran: 0
tran: 0
tran: 0
tran: 1
tran: 1
tran: 0
tran: 0
tran: 1
tran: 0
tran: 0
tran: 2
tran: 3
tran: 43
tran: 0
tran: 0
tran: 20
tran: 0
tran: 0
tran: 1
tran: 1
tran: 0
tran: 0
tran: 2
tran: 1
tran: 27
tran: 0
tran: 20
tran: 0
tran: 15
tran: 6
tran: 0
tran: 0
tran: 25
tran: 0
tran: 0
tran: 27
tran: 1
tran: 6
tran: 0
tran: 4
tran: 2
tran: 0
tran: 0
tran: 2
tran: 0
tran: 1
tran: 1
tran: 1
tran: 0
tran: 0
tran: 0
tran: 0
tran: 6
tran: 0
tran: 5
tran: 1
tran: 0
tran: 0
tran: 0
tran: 16
tran: 33
tran: 7
tran: 0
tran: 0
tran: 1
tran: 1
tran: 0
tran: 0
tran: 0
tran: 0
tran: 15
tran: 2
tran: 0
tran: 0
tran: 0
tran: 0
tran: 0
tran: 0
tran: 0
tran: 0
tran: 0
tran: 0
tran: 0
tran: 9
tran: 7
tran: 0
tran: 0
tran: 0
tran: 1
tran: 15
tran: 0
tran: 0
tran: 1
tran: 0
tran: 0
tran: 27
tran: 0
tran: 2
tran: 1
tran: 27
tran: 0
tran: 1
tran: 2
tran: 0
tran: 9
tran: 3
tran: 0
tran: 0
tran: 17
tran: 13
tran: 2
tran: 1
tran: 0
tran: 0
tran: 4
tran: 0
tran: 0
tran: 14
tran: 0
tran: 3
tran: 1
tran: 2
tran: 1
tran: 7
tran: 0
tran: 3
tran: 0
tran: 0
tran: 11
tran: 4
tran: 3
tran: 3
tran: 0
tran: 89
tran: 9
tran: 0
tran: 0
tran: 41
tran: 5
tran: 12
tran: 0
tran: 0
tran: 5
tran: 1
tran: 0
tran: 0
tran: 0
tran: 3
tran: 6
tran: 0
tran: 0
tran: 3
tran: 3
tran: 0
tran: 2
tran: 3
tran: 2
tran: 0
tran: 0
tran: 20
tran: 3
tran: 3
tran: 0
tran: 1
tran: 3
tran: 0
tran: 8
tran: 95
tran: 0
tran: 0
tran: 1
tran: 2
tran: 8
tran: 0
tran: 1
tran: 0
tran: 0
tran: 1
tran: 0
tran: 3
tran: 6
tran: 9
tran: 10
tran: 0
tran: 1
tran: 0
tran: 0
tran: 0
tran: 3
tran: 1
tran: 0
tran: 0
tran: 0
tran: 0
tran: 0
tran: 1
tran: 12
tran: 0
tran: 0
tran: 12
tran: 4
tran: 3
tran: 0
tran: 2
tran: 0
tran: 5
tran: 0
tran: 1
tran: 1
tran: 0
tran: 11
tran: 2
tran: 2
tran: 9
tran: 4
tran: 45
tran: 98
tran: 138
tran: 95
tran: 13
tran: 97
tran: 6
tran: 102
tran: 96
tran: 394
tran: 98
tran: 253
tran: 209
tran: 101
tran: 254
tran: 153
tran: 104
tran: 214
tran: 101
tran: 474
tran: 103
tran: 105
tran: 213
tran: 96
tran: 105
tran: 261
tran: 106
tran: 109
tran: 102
tran: 106
tran: 105
tran: 406
tran: 141
tran: 272
tran: 107
tran: 107
tran: 120
tran: 96
tran: 397
tran: 106
tran: 146
tran: 101
tran: 120
tran: 155
tran: 106
tran: 398
tran: 106
tran: 14
tran: 400
tran: 109
tran: 214
tran: 109
tran: 106
tran: 10
tran: 17
tran: 1
tran: 0
tran: 2
tran: 0
tran: 0
tran: 0
tran: 0
tran: 0
tran: 98
tran: 97
tran: 107
tran: 98
tran: 67
tran: 152
tran: 6
tran: 0
tran: 0
tran: 0
tran: 0
tran: 4
tran: 0
tran: 0
tran: 0
tran: 0
tran: 0
tran: 51
tran: 8
tran: 0
tran: 0
tran: 14
tran: 138
tran: 8
tran: 0
tran: 196
tran: 0
tran: 2
tran: 36
tran: 8
tran: 5
tran: 0
tran: 0
tran: 0
tran: 1
tran: 3
tran: 1
tran: 0
tran: 16
tran: 24
tran: 0
tran: 19
tran: 0
tran: 2
tran: 0
tran: 0
tran: 15
tran: 0
tran: 27
tran: 22
tran: 24
tran: 11
tran: 0
tran: 17
tran: 17
tran: 15
tran: 21
tran: 2
tran: 20
tran: 26
tran: 18
tran: 18
tran: 5
tran: 33
tran: 34
tran: 0
tran: 1
tran: 1
tran: 0
tran: 1
tran: 1
tran: 329
tran: 3
tran: 2
tran: 5
tran: 1
tran: 2
tran: 1
tran: 0
tran: 0
tran: 0
tran: 0
tran: 6
tran: 12
tran: 0
tran: 0
tran: 5
tran: 2
tran: 6
tran: 3
tran: 88
tran: 13
tran: 0
tran: 0
tran: 0
tran: 7
tran: 0
tran: 14
tran: 1
tran: 0
tran: 2
tran: 0
tran: 0
tran: 1
tran: 0
tran: 374
tran: 0
tran: 0
tran: 2
tran: 2
tran: 1
tran: 2
tran: 332
tran: 0
tran: 3
tran: 1
tran: 0
tran: 0
tran: 24
tran: 175
tran: 0
tran: 0
tran: 0
tran: 0
tran: 8
tran: 1
tran: 0
tran: 204
tran: 0
tran: 105
tran: 0
tran: 0
tran: 0
tran: 0
tran: 9
tran: 57
tran: 9
tran: 1477
tran: 18
tran: 0
tran: 0
tran: 8
tran: 6
tran: 2
tran: 0
tran: 0
tran: 0
tran: 1
tran: 0
tran: 0
tran: 0
tran: 34
tran: 0
tran: 0
tran: 0
tran: 0
tran: 1
tran: 2
tran: 0
tran: 0
tran: 0
tran: 3
tran: 0
tran: 0
tran: 3
tran: 2
tran: 4
tran: 0
tran: 0
tran: 93
tran: 0
tran: 0
tran: 0
tran: 101
tran: 105
tran: 2
tran: 0
tran: 75
tran: 76
tran: 106
tran: 105
tran: 103
tran: 106
tran: 96
tran: 102
tran: 106
tran: 0
tran: 0
tran: 0
tran: 8
tran: 15
tran: 1
tran: 0
tran: 105
tran: 17
tran: 19
tran: 99
tran: 10
tran: 107
tran: 0
tran: 0
tran: 3
tran: 0
tran: 39
tran: 20
tran: 0
tran: 0
tran: 0
tran: 0
tran: 0
tran: 0
tran: 0
tran: 2
tran: 0
tran: 0
tran: 0
tran: 0
tran: 0
tran: 13
tran: 4
tran: 1
tran: 0
tran: 19
tran: 10
tran: 3
tran: 88
tran: 0
tran: 2
tran: 0
tran: 1
tran: 0
tran: 90
tran: 0
tran: 37
tran: 0
tran: 0
tran: 9
tran: 5
tran: 0
tran: 0
tran: 59
tran: 0
tran: 1
tran: 3
tran: 17
tran: 0
tran: 0
tran: 0
tran: 1
tran: 4
tran: 9
tran: 14
tran: 0
tran: 0
tran: 6
tran: 0
tran: 0
tran: 8
tran: 0
tran: 43
tran: 1
tran: 0
tran: 30
tran: 1
tran: 0
tran: 3
tran: 7
tran: 2
tran: 2
tran: 12
tran: 4
tran: 0
tran: 1
tran: 0
tran: 1
tran: 0
tran: 2
tran: 9
tran: 0
tran: 13
tran: 4
tran: 0
tran: 4
tran: 31
tran: 5
tran: 18
tran: 1
tran: 0
tran: 7
tran: 105
tran: 13
tran: 395
tran: 0
tran: 14
tran: 4
tran: 0
tran: 2
tran: 126
tran: 0
tran: 0
tran: 0
tran: 416
tran: 0
tran: 0
tran: 0
tran: 0
tran: 0
tran: 8
tran: 0
tran: 0
tran: 0
tran: 1
tran: 0
tran: 0
tran: 0
tran: 0
tran: 0
tran: 0
tran: 0
tran: 13
tran: 17
tran: 0
tran: 26
tran: 0
tran: 193
tran: 1
tran: 0
tran: 0
tran: 2
tran: 0
tran: 580
tran: 395
tran: 1
tran: 0
tran: 17
tran: 0
tran: 3
tran: 13
tran: 1
tran: 0
tran: 0
tran: 0
tran: 0
tran: 0
tran: 195
tran: 26
tran: 27
tran: 1
tran: 2
tran: 0
tran: 0
tran: 0
tran: 30
tran: 5
tran: 0
tran: 1
tran: 0
tran: 2
tran: 6
tran: 21
tran: 0
tran: 0
tran: 0
tran: 0
tran: 1
tran: 0
tran: 2
tran: 0
tran: 8
tran: 0
tran: 4
tran: 4
tran: 0
tran: 0
tran: 0
tran: 0
tran: 1
tran: 44
tran: 0
tran: 102
tran: 0
tran: 51
tran: 0
tran: 206
tran: 401
tran: 106
tran: 403
tran: 106
tran: 1
tran: 0
tran: 1
tran: 0
tran: 0
tran: 202
tran: 0
tran: 0
tran: 0
tran: 0
tran: 0
tran: 0
tran: 0
tran: 0
tran: 0
tran: 0
tran: 0
tran: 0
tran: 0
tran: 0
tran: 0
tran: 2
tran: 0
tran: 18
tran: 0
tran: 4
tran: 0
tran: 12
tran: 0
tran: 0
tran: 12
tran: 1
tran: 0
tran: 0
tran: 2
tran: 1
tran: 90
tran: 0
tran: 23
tran: 0
tran: 1
tran: 0
tran: 0
tran: 3
tran: 0
tran: 0
tran: 295
tran: 0
tran: 2
tran: 98
tran: 53
tran: 26
tran: 0
tran: 7
tran: 0
tran: 0
tran: 4
tran: 0
tran: 1
tran: 0
tran: 0
tran: 1
tran: 0
tran: 0
tran: 0
tran: 103
tran: 9
tran: 0
tran: 0
tran: 10
tran: 24
tran: 0
tran: 0
tran: 1
tran: 0
tran: 0
tran: 2
tran: 0
tran: 3
tran: 0
tran: 0
tran: 0
tran: 11
tran: 4
tran: 1
tran: 8
tran: 0
tran: 0
tran: 17
tran: 10
tran: 9
tran: 0
tran: 0
tran: 1
tran: 1
tran: 5
tran: 0
tran: 0
tran: 0
tran: 0
tran: 0
tran: 0
tran: 0
tran: 5
tran: 3
tran: 6
tran: 6
tran: 0
tran: 1
tran: 1
tran: 0
tran: 3
tran: 22
tran: 9
tran: 0
tran: 0
tran: 0
tran: 5
tran: 0
tran: 7
tran: 0
tran: 0
tran: 0
tran: 0
tran: 1
tran: 0
tran: 1
tran: 0
tran: 3
tran: 0
tran: 0
tran: 0
tran: 1
tran: 0
tran: 13
tran: 3
tran: 0
tran: 1
tran: 11
tran: 0
tran: 0
tran: 12
tran: 20
tran: 2
tran: 5
tran: 1
tran: 13
tran: 0
tran: 0
tran: 66
tran: 0
tran: 1
tran: 0
tran: 0
tran: 0
tran: 3
tran: 4
tran: 12
tran: 0
tran: 0
tran: 2
tran: 9
tran: 9
tran: 0
tran: 9
tran: 0
tran: 396
tran: 395
tran: 0
tran: 0
tran: 0
tran: 90
tran: 0
tran: 4
tran: 0
tran: 0
tran: 0
tran: 0
tran: 0
tran: 0
tran: 5
tran: 4
tran: 0
tran: 0
tran: 0
tran: 0
tran: 2
tran: 8
tran: 4
tran: 2
tran: 0
tran: 0
tran: 2
tran: 0
tran: 1
tran: 0
tran: 0
tran: 0
tran: 181
tran: 2
tran: 195
tran: 0
tran: 0
tran: 14
tran: 0
tran: 34
tran: 0
tran: 4
tran: 25
tran: 0
tran: 4
tran: 0
tran: 3
tran: 5
tran: 1
tran: 1
tran: 0
tran: 0
tran: 12
tran: 0
tran: 0
tran: 1
tran: 23
tran: 0
tran: 0
tran: 0
tran: 2
tran: 0
tran: 0
tran: 1
tran: 1
tran: 6
tran: 26
tran: 0
tran: 0
tran: 0
tran: 0
tran: 1
tran: 1
tran: 0
tran: 80
tran: 37
tran: 37
tran: 41
tran: 81
tran: 39
tran: 3
tran: 4
tran: 12
tran: 6
tran: 73
tran: 74
tran: 74
tran: 73
tran: 7
tran: 87
tran: 13
tran: 6
tran: 1
tran: 0
tran: 0
tran: 10
tran: 1
tran: 1
tran: 1
tran: 13
tran: 4
tran: 4
tran: 3
tran: 8
tran: 0
tran: 0
tran: 0
tran: 0
tran: 5
tran: 3
tran: 0
tran: 0
tran: 6
tran: 0
tran: 6
tran: 11
tran: 7
tran: 0
tran: 3
tran: 0
tran: 1
tran: 0
tran: 0
tran: 17
tran: 1
tran: 0
tran: 0
tran: 11
tran: 31
tran: 0
tran: 0
tran: 0
tran: 0
tran: 9
tran: 0
tran: 0
tran: 0
tran: 0
tran: 0
tran: 0
tran: 0
tran: 0
tran: 0
tran: 7
tran: 1
tran: 0
tran: 0
tran: 0
tran: 0
tran: 1
tran: 0
tran: 0
tran: 0
tran: 0
tran: 0
tran: 0
tran: 0
tran: 0
tran: 0
tran: 0
tran: 6
tran: 0
tran: 1
tran: 0
tran: 5
tran: 0
tran: 0
tran: 2
tran: 1
tran: 0
tran: 0
tran: 0
tran: 19
tran: 3
tran: 0
tran: 0
tran: 3
tran: 5
tran: 11
tran: 2
tran: 0
tran: 4
tran: 0
tran: 9
tran: 0
tran: 0
tran: 2
tran: 4
tran: 0
tran: 1
tran: 0
tran: 3
tran: 0
tran: 1
tran: 0
tran: 4
tran: 0
tran: 0
tran: 0
tran: 1
tran: 0
tran: 5
tran: 0
tran: 0
tran: 73
tran: 0
tran: 2
tran: 0
tran: 1
tran: 31
tran: 0
tran: 0
tran: 0
tran: 0
tran: 1
tran: 7
tran: 0
tran: 0
tran: 0
tran: 0
tran: 1
tran: 0
tran: 0
tran: 0
tran: 0
tran: 4
tran: 0
tran: 0
tran: 33
tran: 0
tran: 7
tran: 0
tran: 0
tran: 0
tran: 0
tran: 10
tran: 0
tran: 0
tran: 1
tran: 0
tran: 0
tran: 0
tran: 11
tran: 0
tran: 0
tran: 0
tran: 0
tran: 0
tran: 1
tran: 0
tran: 6
tran: 0
tran: 15
tran: 122
tran: 0
tran: 12
tran: 0
tran: 0
tran: 0
tran: 41
tran: 5
tran: 0
tran: 0
tran: 3
tran: 0
tran: 10
tran: 1
tran: 0
tran: 0
tran: 0
tran: 0
tran: 13
tran: 19
tran: 20
tran: 3
tran: 0
tran: 0
tran: 44
tran: 2
tran: 3
tran: 0
tran: 16
tran: 0
tran: 0
tran: 6
tran: 0
tran: 3
tran: 4
tran: 7
tran: 2
tran: 2
tran: 3
tran: 1
tran: 4
tran: 2
tran: 83
tran: 2
tran: 16
tran: 17
tran: 3
tran: 3
tran: 3
tran: 8
tran: 5
tran: 6
tran: 4
tran: 2
tran: 8
tran: 5
tran: 0
tran: 0
tran: 3
tran: 9
tran: 0
tran: 0
tran: 0
tran: 49
tran: 22
tran: 1
tran: 3
tran: 0
tran: 0
tran: 0
tran: 16
tran: 9
tran: 0
tran: 2
tran: 5
tran: 1
tran: 2
tran: 0
tran: 11
tran: 0
tran: 0
tran: 12
tran: 0
tran: 15
tran: 51
tran: 3
tran: 4
tran: 0
tran: 2
tran: 2
tran: 0
tran: 0
tran: 0
tran: 0
tran: 0
tran: 0
tran: 0
tran: 0
tran: 0
tran: 0
tran: 3
tran: 1
tran: 23
tran: 1
tran: 0
tran: 5
tran: 0
tran: 0
tran: 0
tran: 1
tran: 0
tran: 17
tran: 22
tran: 8
tran: 0
tran: 0
tran: 87
tran: 0
tran: 2
tran: 0
tran: 9
tran: 0
tran: 0
tran: 0
tran: 0
tran: 17
tran: 0
tran: 0
tran: 0
tran: 1
tran: 7
tran: 0
tran: 24
tran: 0
tran: 0
tran: 0
tran: 3
tran: 0
tran: 0
tran: 0
tran: 0
tran: 1
tran: 0
tran: 93
tran: 0
tran: 1
tran: 0
tran: 0
tran: 0
tran: 0
tran: 0
tran: 0
tran: 0
tran: 0
tran: 0
tran: 0
tran: 0
tran: 0
tran: 0
tran: 0
tran: 0
tran: 0
tran: 0
tran: 0
tran: 0
tran: 0
tran: 10
tran: 0
tran: 0
tran: 2
tran: 2
tran: 10
tran: 0
tran: 0
tran: 0
tran: 1
tran: 0
tran: 0
tran: 2
tran: 2
tran: 1
tran: 0
tran: 2
tran: 0
tran: 0
tran: 0
tran: 0
tran: 0
tran: 0
tran: 87
tran: 0
tran: 0
tran: 78
tran: 0
tran: 0
tran: 0
tran: 0
tran: 0
tran: 0
tran: 0
tran: 0
tran: 0
tran: 0
tran: 0
tran: 0
tran: 0
tran: 0
tran: 4
tran: 0
tran: 0
tran: 0
tran: 0
tran: 0
tran: 0
tran: 2
tran: 0
tran: 0
tran: 0
tran: 0
tran: 2
tran: 0
tran: 1
tran: 0
tran: 0
tran: 0
tran: 0
tran: 0
tran: 0
tran: 0
tran: 0
tran: 0
tran: 89
tran: 0
tran: 0
tran: 0
tran: 0
tran: 0
tran: 0
tran: 0
tran: 1
tran: 0
tran: 3
tran: 0
tran: 0
tran: 0
tran: 0
tran: 0
tran: 0
tran: 0
tran: 0
tran: 0
tran: 0
tran: 0
tran: 0
tran: 0
tran: 0
tran: 2
tran: 0
tran: 0
tran: 0
tran: 0
tran: 0
tran: 0
tran: 0
tran: 0
tran: 0
tran: 0
tran: 0
tran: 0
tran: 0
tran: 0
tran: 1
tran: 0
tran: 0
tran: 0
tran: 0
tran: 0
tran: 0
tran: 0
tran: 0
tran: 0
tran: 0
tran: 0
tran: 0
tran: 0
tran: 0
tran: 0
tran: 0
tran: 0
tran: 0
tran: 0
tran: 0
tran: 0
tran: 22
tran: 0
tran: 0
tran: 0
tran: 0
tran: 0
tran: 0
tran: 0
tran: 0
tran: 0
tran: 0
tran: 0
tran: 0
tran: 0
tran: 0
tran: 0
tran: 0
tran: 0
tran: 0
tran: 0
tran: 0
tran: 0
tran: 0
tran: 0
tran: 0
tran: 0
tran: 0
tran: 0
tran: 0
tran: 0
tran: 0
tran: 0
tran: 0
tran: 0
tran: 0
tran: 0
tran: 0
tran: 0
tran: 0
tran: 0
tran: 0
tran: 0
tran: 0
tran: 0
tran: 0
tran: 0
tran: 0
tran: 0
tran: 0
tran: 0
tran: 0
tran: 0
tran: 0
tran: 0
tran: 0
tran: 0
tran: 0
tran: 0
tran: 0
tran: 0
tran: 0
tran: 0
tran: 0
tran: 0
tran: 0
tran: 0
tran: 0
tran: 0
tran: 0
tran: 0
tran: 0
tran: 0
tran: 0
tran: 0
tran: 0
tran: 0
tran: 0
tran: 3
tran: 0
tran: 1
tran: 0
tran: 21
tran: 0
tran: 0
tran: 0
tran: 0
tran: 0
tran: 18
tran: 8
tran: 0
tran: 0
tran: 0
tran: 1
tran: 0
tran: 3
tran: 0
tran: 0
tran: 0
tran: 0
tran: 1
tran: 1
tran: 0
tran: 0
tran: 3
tran: 0
tran: 63
tran: 209
tran: 1
tran: 0
tran: 0
tran: 0
tran: 4
tran: 2
tran: 0
tran: 1
tran: 2
tran: 14
tran: 0
tran: 15
tran: 0
tran: 7
tran: 1
tran: 11
tran: 0
tran: 86
tran: 52
tran: 10
tran: 9
tran: 0
tran: 14
tran: 0
tran: 1
tran: 0
tran: 0
tran: 1
tran: 3
tran: 0
tran: 0
tran: 0
tran: 64
tran: 7
tran: 0
tran: 12
tran: 0
tran: 57
tran: 0
tran: 0
tran: 0
tran: 13
tran: 20
tran: 142
tran: 28
tran: 50
tran: 0
tran: 1
tran: 0
tran: 5
tran: 1
tran: 0
tran: 0
tran: 1
tran: 1
tran: 0
tran: 0
tran: 6
tran: 0
tran: 0
tran: 0
tran: 0
tran: 0
tran: 17
tran: 6
tran: 0
tran: 10
tran: 1
tran: 0
tran: 1
tran: 16
tran: 0
tran: 0
tran: 1
tran: 0
tran: 12
tran: 0
tran: 0
tran: 0
tran: 13
tran: 0
tran: 20
tran: 0
tran: 0
tran: 0
tran: 2
tran: 0
tran: 0
tran: 1
tran: 1
tran: 0
tran: 10
tran: 0
tran: 0
tran: 52
tran: 18
tran: 21
tran: 23
tran: 52
tran: 23
tran: 17
tran: 21
tran: 96
tran: 0
tran: 3
tran: 0
tran: 6
tran: 0
tran: 4
tran: 4
tran: 0
tran: 0
tran: 73
tran: 0
tran: 0
tran: 399
tran: 0
tran: 3
tran: 27
tran: 0
tran: 0
tran: 0
tran: 33
tran: 1
tran: 356
tran: 47
tran: 29
tran: 0
tran: 9
tran: 1
tran: 0
tran: 3
tran: 0
tran: 0
tran: 0
tran: 1
tran: 3
tran: 0
tran: 22
tran: 0
tran: 0
tran: 0
tran: 1
tran: 0
tran: 0
tran: 25
tran: 1
tran: 49
tran: 3
tran: 2
tran: 10
tran: 2
tran: 1
tran: 0
tran: 0
tran: 16
tran: 12
tran: 6
tran: 0
tran: 397
tran: 0
tran: 0
tran: 10
tran: 0
tran: 23
tran: 2
tran: 0
tran: 3
tran: 1
tran: 6
tran: 0
tran: 5
tran: 0
tran: 0
tran: 0
tran: 1
tran: 0
tran: 0
tran: 148
tran: 0
tran: 0
tran: 0
tran: 4
tran: 0
tran: 0
tran: 0
tran: 2
tran: 0
tran: 0
tran: 2
tran: 2
tran: 89
tran: 1
tran: 4
tran: 139
tran: 7
tran: 0
tran: 26
tran: 7
tran: 0
tran: 6
tran: 1
tran: 1
tran: 9
tran: 0
tran: 0
tran: 2
tran: 0
tran: 15
tran: 0
tran: 0
tran: 0
tran: 7
tran: 26
tran: 10
tran: 0
tran: 88
tran: 1
tran: 20
tran: 0
tran: 0
tran: 0
tran: 15
tran: 0
tran: 1
tran: 1
tran: 0
tran: 0
tran: 17
tran: 21
tran: 0
tran: 103
tran: 9
tran: 0
tran: 27
tran: 36
tran: 0
tran: 1
tran: 3
tran: 7
tran: 0
tran: 0
tran: 0
tran: 0
tran: 0
tran: 0
tran: 8
tran: 5
tran: 0
tran: 25
tran: 7
tran: 1
tran: 6
tran: 3
tran: 6
tran: 0
tran: 25
tran: 28
tran: 0
tran: 0
tran: 97
tran: 3
tran: 3
tran: 0
tran: 0
tran: 27
tran: 3
tran: 88
tran: 25
tran: 3
tran: 24
tran: 7
tran: 3
tran: 26
tran: 47
tran: 27
tran: 30
tran: 7
tran: 3
tran: 2
tran: 3
tran: 25
tran: 3
tran: 27
tran: 3
tran: 3
tran: 18
tran: 7
tran: 0
tran: 13
tran: 8
tran: 0
tran: 3
tran: 0
tran: 3
tran: 9
tran: 196
tran: 146
tran: 2
tran: 43
tran: 0
tran: 17
tran: 0
tran: 3
tran: 13
tran: 0
tran: 0
tran: 0
tran: 0
tran: 7
tran: 0
tran: 1
tran: 7
tran: 3
tran: 0
tran: 0
tran: 0
tran: 0
tran: 0
tran: 0
tran: 1
tran: 0
tran: 1
tran: 0
tran: 0
tran: 0
tran: 0
tran: 1
tran: 0
tran: 116
tran: 0
tran: 27
tran: 0
tran: 3
tran: 26
tran: 0
tran: 900
tran: 0
tran: 28
tran: 0
tran: 17
tran: 0
tran: 0
tran: 0
tran: 201
tran: 31
tran: 20
tran: 10
tran: 1
tran: 1
tran: 0
tran: 0
tran: 1
tran: 0
tran: 2
tran: 0
tran: 2
tran: 0
tran: 0
tran: 10
tran: 2
tran: 2
tran: 0
tran: 1
tran: 0
tran: 1
tran: 154
tran: 0
tran: 1
tran: 0
tran: 1
tran: 11
tran: 2
tran: 0
tran: 20
tran: 0
tran: 21
tran: 9
tran: 1
tran: 0
tran: 0
tran: 12
tran: 29
tran: 0
tran: 1
tran: 1
tran: 17
tran: 1
tran: 34
tran: 1
tran: 1
tran: 22
tran: 17
tran: 26
tran: 26
tran: 1
tran: 1
tran: 26
tran: 1
tran: 26
tran: 2
tran: 0
tran: 0
tran: 4
tran: 0
tran: 2
tran: 7
tran: 0
tran: 0
tran: 1
tran: 18
tran: 2
tran: 1
tran: 0
tran: 14
tran: 2
tran: 28
tran: 3
tran: 1
tran: 1
tran: 0
tran: 0
tran: 3
tran: 0
tran: 0
tran: 1
tran: 4
tran: 0
tran: 21
tran: 1
tran: 133
tran: 3
tran: 121
tran: 0
tran: 2
tran: 0
tran: 0
tran: 0
tran: 1
tran: 2
tran: 1
tran: 50
tran: 0
tran: 0
tran: 0
tran: 0
tran: 27
tran: 29
tran: 10
tran: 4
tran: 2
tran: 2
tran: 0
tran: 0
tran: 0
tran: 24
tran: 0
tran: 5
tran: 0
tran: 0
tran: 0
tran: 0
tran: 0
tran: 0
tran: 0
tran: 0
tran: 0
tran: 9
tran: 0
tran: 27
tran: 25
tran: 24
tran: 0
tran: 56
tran: 4
tran: 0
tran: 0
tran: 36
tran: 16
tran: 0
tran: 0
tran: 2
tran: 2
tran: 3
tran: 103
tran: 0
tran: 0
tran: 0
tran: 0
tran: 2
tran: 6
tran: 1
tran: 0
tran: 50
tran: 3
tran: 0
tran: 0
tran: 1
tran: 7
tran: 7
tran: 0
tran: 8
tran: 12
tran: 1
tran: 0
tran: 0
tran: 0
tran: 8
tran: 0
tran: 5
tran: 0
tran: 0
tran: 0
tran: 1
tran: 2
tran: 1
tran: 6
tran: 0
tran: 0
tran: 2
tran: 2
tran: 5
tran: 12
tran: 1
tran: 0
tran: 4
tran: 9
tran: 0
tran: 1
tran: 2
tran: 133
tran: 0
tran: 1
tran: 2
tran: 5
tran: 1
tran: 0
tran: 1
tran: 0
tran: 0
tran: 2
tran: 0
tran: 1
tran: 0
tran: 0
tran: 0
tran: 0
tran: 0
tran: 0
tran: 0
tran: 0
tran: 1
tran: 1
tran: 0
tran: 0
tran: 0
tran: 1
tran: 1
tran: 16
tran: 0
tran: 1
tran: 0
tran: 0
tran: 6
tran: 14
tran: 19
tran: 20
tran: 1
tran: 0
tran: 3
tran: 7
tran: 0
tran: 2
tran: 8
tran: 47
tran: 0
tran: 0
tran: 18
tran: 9
tran: 1
tran: 0
tran: 19
tran: 0
tran: 1
tran: 0
tran: 0
tran: 2
tran: 13
tran: 13
tran: 0
tran: 13
tran: 9
tran: 0
tran: 0
tran: 1
tran: 0
tran: 0
tran: 0
tran: 1
tran: 2
tran: 2
tran: 2
tran: 0
tran: 1
tran: 7
tran: 0
tran: 0
tran: 0
tran: 1
tran: 5
tran: 0
tran: 0
tran: 0
tran: 4
tran: 0
tran: 0
tran: 1
tran: 9
tran: 0
tran: 0
tran: 1
tran: 0
tran: 3
tran: 0
tran: 1
tran: 2
tran: 0
tran: 4
tran: 1
tran: 4
tran: 0
tran: 1
tran: 4
tran: 6
tran: 4
tran: 0
tran: 0
tran: 0
tran: 2
tran: 14
tran: 0
tran: 1
tran: 0
tran: 0
tran: 0
tran: 0
tran: 0
tran: 47
tran: 5
tran: 1
tran: 3
tran: 0
tran: 0
tran: 1
tran: 7
tran: 0
tran: 26
tran: 0
tran: 6
tran: 2
tran: 6
tran: 1
tran: 2
tran: 14
tran: 0
tran: 0
tran: 0
tran: 0
tran: 0
tran: 14
tran: 11
tran: 3
tran: 0
tran: 2
tran: 0
tran: 0
tran: 0
tran: 4
tran: 37
tran: 0
tran: 0
tran: 0
tran: 0
tran: 0
tran: 1
tran: 0
tran: 0
tran: 2
tran: 1
tran: 1
tran: 3
tran: 0
tran: 216
tran: 1
tran: 8
tran: 2
tran: 1
tran: 10
tran: 12
tran: 0
tran: 0
tran: 0
tran: 9
tran: 14
tran: 1
tran: 0
tran: 2
tran: 5
tran: 0
tran: 0
tran: 15
tran: 1
tran: 3
tran: 1
tran: 0
tran: 2
tran: 0
tran: 0
tran: 0
tran: 6
tran: 1
tran: 0
tran: 2
tran: 0
tran: 0
tran: 0
tran: 0
tran: 0
tran: 0
tran: 0
tran: 0
tran: 0
tran: 1
tran: 10
tran: 6
tran: 5
tran: 0
tran: 0
tran: 0
tran: 3
tran: 0
tran: 5
tran: 5
tran: 0
tran: 0
tran: 8
tran: 1
tran: 0
tran: 22
tran: 0
tran: 5
tran: 5
tran: 6
tran: 118
tran: 2
tran: 1
tran: 1
tran: 8
tran: 0
tran: 9
tran: 0
tran: 4
tran: 1
tran: 0
tran: 7
tran: 1
tran: 8
tran: 0
tran: 1
tran: 2
tran: 0
tran: 1
tran: 77
tran: 11
tran: 29
tran: 0
tran: 2
tran: 5
tran: 0
tran: 76
tran: 6
tran: 0
tran: 0
tran: 0
tran: 71
tran: 2
tran: 1
tran: 2
tran: 1
tran: 1
tran: 0
tran: 0
tran: 1
tran: 7
tran: 7
tran: 1
tran: 19
tran: 2
tran: 0
tran: 0
tran: 6
tran: 3
tran: 5
tran: 9
tran: 0
tran: 58
tran: 10
tran: 50
tran: 49
tran: 0
tran: 4
tran: 0
tran: 68
tran: 0
tran: 0
tran: 2
tran: 0
tran: 10
tran: 0
tran: 25
tran: 0
tran: 0
tran: 0
tran: 0
tran: 0
tran: 1
tran: 2
tran: 2
tran: 524
tran: 0
tran: 0
tran: 0
tran: 0
tran: 0
tran: 0
tran: 0
tran: 1
tran: 1
tran: 0
tran: 0
tran: 0
tran: 80
tran: 2
tran: 0
tran: 0
tran: 0
tran: 0
tran: 0
tran: 1
tran: 2
tran: 0
tran: 0
tran: 0
tran: 1
tran: 0
tran: 0
tran: 0
tran: 0
tran: 4
tran: 0
tran: 5
tran: 86
tran: 0
tran: 5
tran: 0
tran: 1
tran: 0
tran: 0
tran: 0
tran: 0
tran: 0
tran: 3
tran: 0
tran: 0
tran: 0
tran: 9
tran: 0
tran: 3
tran: 0
tran: 5
tran: 10
tran: 7
tran: 0
tran: 11
tran: 8
tran: 15
tran: 0
tran: 10
tran: 0
tran: 1
tran: 0
tran: 4
tran: 2
tran: 0
tran: 0
tran: 4
tran: 4
tran: 0
tran: 12
tran: 0
tran: 0
tran: 1
tran: 2
tran: 0
tran: 1
tran: 5
tran: 0
tran: 5
tran: 0
tran: 0
tran: 9
tran: 0
tran: 1
tran: 1
tran: 4
tran: 7
tran: 0
tran: 0
tran: 0
tran: 15
tran: 0
tran: 0
tran: 0
tran: 3
tran: 0
tran: 17
tran: 2
tran: 46
tran: 54
tran: 0
tran: 9
tran: 0
tran: 1
tran: 0
tran: 0
tran: 0
tran: 4
tran: 7
tran: 1
tran: 0
tran: 2
tran: 0
tran: 0
tran: 0
tran: 2
tran: 0
tran: 4
tran: 0
tran: 0
tran: 1
tran: 6
tran: 10
tran: 0
tran: 0
tran: 6
tran: 2
tran: 1
tran: 8
tran: 0
tran: 7
tran: 0
tran: 0
tran: 177
tran: 0
tran: 17
tran: 9
tran: 22
tran: 2
tran: 0
tran: 0
tran: 31
tran: 0
tran: 2
tran: 0
tran: 12
tran: 80
tran: 0
tran: 1
tran: 1
tran: 0
tran: 34
tran: 8
tran: 10
tran: 0
tran: 0
tran: 2
tran: 0
tran: 0
tran: 19
tran: 0
tran: 36
tran: 2
tran: 74
tran: 1
tran: 0
tran: 12
tran: 8
tran: 0
tran: 561
tran: 5
tran: 0
tran: 0
tran: 0
tran: 22
tran: 5
tran: 9
tran: 14
tran: 4
tran: 3
tran: 10
tran: 8
tran: 0
tran: 6
tran: 0
tran: 1
tran: 1
tran: 0
tran: 0
tran: 0
tran: 0
tran: 0
tran: 0
tran: 16
tran: 0
tran: 10
tran: 0
tran: 0
tran: 46
tran: 0
tran: 3
tran: 0
tran: 0
tran: 0
tran: 3
tran: 15
tran: 1
tran: 89
tran: 90
tran: 1
tran: 6
tran: 0
tran: 0
tran: 3
tran: 5
tran: 1
tran: 0
tran: 1
tran: 6
tran: 2
tran: 0
tran: 2
tran: 0
tran: 0
tran: 0
tran: 0
tran: 1
tran: 46
tran: 56
tran: 6
tran: 0
tran: 12
tran: 0
tran: 4
tran: 0
tran: 5
tran: 7
tran: 1
tran: 1
tran: 0
tran: 0
tran: 11
tran: 2
tran: 42
tran: 0
tran: 0
tran: 4
tran: 1
tran: 0
tran: 13
tran: 115
tran: 0
tran: 0
tran: 1
tran: 1
tran: 0
tran: 9
tran: 1
tran: 1
tran: 0
tran: 0
tran: 0
tran: 0
tran: 2
tran: 0
tran: 1
tran: 2
tran: 0
tran: 0
tran: 0
tran: 18
tran: 71
tran: 11
tran: 6
tran: 1
tran: 0
tran: 0
tran: 12
tran: 1
tran: 11
tran: 0
tran: 0
tran: 0
tran: 0
tran: 2
tran: 67
tran: 1
tran: 0
tran: 0
tran: 0
tran: 2
tran: 5
tran: 2
tran: 0
tran: 0
tran: 0
tran: 28
tran: 0
tran: 0
tran: 0
tran: 1
tran: 0
tran: 0
tran: 0
tran: 0
tran: 39
tran: 8
tran: 0
tran: 2
tran: 0
tran: 17
tran: 17
tran: 0
tran: 1
tran: 2
tran: 2
tran: 4
tran: 0
tran: 0
tran: 3
tran: 5
tran: 0
tran: 0
tran: 10
tran: 0
tran: 1
tran: 9
tran: 33
tran: 25
tran: 0
tran: 0
tran: 0
tran: 3
tran: 11
tran: 1
tran: 1
tran: 0
tran: 2
tran: 1
tran: 3
tran: 18
tran: 0
tran: 0
tran: 0
tran: 90
tran: 2
tran: 0
tran: 4
tran: 0
tran: 2
tran: 0
tran: 0
tran: 0
tran: 0
tran: 1
tran: 1
tran: 5
tran: 1
tran: 12
tran: 1
tran: 1
tran: 0
tran: 0
tran: 0
tran: 0
tran: 0
tran: 0
tran: 2
tran: 0
tran: 54
tran: 0
tran: 0
tran: 2
tran: 11
tran: 0
tran: 3
tran: 0
tran: 5
tran: 0
tran: 5
tran: 50
tran: 2
tran: 0
tran: 30
tran: 15
tran: 0
tran: 0
tran: 2
tran: 0
tran: 3
tran: 1
tran: 0
tran: 7
tran: 1
tran: 0
tran: 0
tran: 0
tran: 1
tran: 0
tran: 0
tran: 0
tran: 0
tran: 0
tran: 1
tran: 0
tran: 0
tran: 0
tran: 0
tran: 0
tran: 0
tran: 8
tran: 0
tran: 81
tran: 5
tran: 0
tran: 0
tran: 0
tran: 0
tran: 0
tran: 0
tran: 5
tran: 2
tran: 12
tran: 10
tran: 0
tran: 58
tran: 0
tran: 0
tran: 0
tran: 0
tran: 0
tran: 0
tran: 0
tran: 41
tran: 0
tran: 0
tran: 4
tran: 0
tran: 20
tran: 0
tran: 224
tran: 0
tran: 0
tran: 7
tran: 2
tran: 0
tran: 1
tran: 4
tran: 0
tran: 0
tran: 142
tran: 2
tran: 10
tran: 0
tran: 4
tran: 15
tran: 6
tran: 0
tran: 3
tran: 1
tran: 3
tran: 1
tran: 4
tran: 5
tran: 3
tran: 5
tran: 4
tran: 1
tran: 1
tran: 18
tran: 1
tran: 3
tran: 109
tran: 3
tran: 39
tran: 4
tran: 3
tran: 9
tran: 6
tran: 0
tran: 0
tran: 0
tran: 1
tran: 2
tran: 1
tran: 0
tran: 122
tran: 0
tran: 3
tran: 0
tran: 10
tran: 7
tran: 0
tran: 0
tran: 0
tran: 1
tran: 0
tran: 0
tran: 0
tran: 58
tran: 21
tran: 2
tran: 1
tran: 2
tran: 1
tran: 9
tran: 0
tran: 3
tran: 0
tran: 8
tran: 10
tran: 6
tran: 56
tran: 3
tran: 2
tran: 0
tran: 3
tran: 4
tran: 7
tran: 65
tran: 3
tran: 0
tran: 2
tran: 8
tran: 2
tran: 4
tran: 1
tran: 27
tran: 1
tran: 3
tran: 7
tran: 1
tran: 2
tran: 1
tran: 9
tran: 0
tran: 9
tran: 0
tran: 55
tran: 13
tran: 3
tran: 4
tran: 5
tran: 3
tran: 23
tran: 19
tran: 25
tran: 2
tran: 1
tran: 4
tran: 4
tran: 12
tran: 0
tran: 5
tran: 2
tran: 1
tran: 2
tran: 4
tran: 2
tran: 1
tran: 8
tran: 3
tran: 32
tran: 30
tran: 0
tran: 28
tran: 3
tran: 7
tran: 1
tran: 12
tran: 1
tran: 271
tran: 0
tran: 0
tran: 0
tran: 2
tran: 0
tran: 5
tran: 19
tran: 12
tran: 1
tran: 1
tran: 1
tran: 2
tran: 0
tran: 65
tran: 9
tran: 10
tran: 8
tran: 26
tran: 2
tran: 0
tran: 35
tran: 63
tran: 1
tran: 2
tran: 1
tran: 26
tran: 0
tran: 27
tran: 16
tran: 4
tran: 5
tran: 2
tran: 25
tran: 2
tran: 24
tran: 4
tran: 5
tran: 1
tran: 8
tran: 5
tran: 0
tran: 26
tran: 4
tran: 0
tran: 30
tran: 0
tran: 0
tran: 28
tran: 136
tran: 2
tran: 2
tran: 0
tran: 0
tran: 0
tran: 0
tran: 6
tran: 0
tran: 0
tran: 4
tran: 5
tran: 0
tran: 86
tran: 1
tran: 46
tran: 7
tran: 7
tran: 0
tran: 36
tran: 4
tran: 0
tran: 1
tran: 0
tran: 0
tran: 3
tran: 1
tran: 294
tran: 0
tran: 40
tran: 19
tran: 0
tran: 3
tran: 6
tran: 31
tran: 3
tran: 0
tran: 2
tran: 18
tran: 3
tran: 1
tran: 0
tran: 4
tran: 25
tran: 0
tran: 9
tran: 0
tran: 12
tran: 27
tran: 2
tran: 33
tran: 0
tran: 56
tran: 27
tran: 2
tran: 0
tran: 0
tran: 3
tran: 0
tran: 12
tran: 3
tran: 1
tran: 0
tran: 3
tran: 3
tran: 5
tran: 107
tran: 0
tran: 0
tran: 0
tran: 27
tran: 0
tran: 0
tran: 0
tran: 19
tran: 0
tran: 8
tran: 101
tran: 8
tran: 0
tran: 0
tran: 48
tran: 0
tran: 0
tran: 0
tran: 1
tran: 129
tran: 0
tran: 12
tran: 63
tran: 1
tran: 1
tran: 0
tran: 6
tran: 0
tran: 0
tran: 0
tran: 0
tran: 0
tran: 0
tran: 0
tran: 0
tran: 4
tran: 6
tran: 0
tran: 0
tran: 0
tran: 1
tran: 33
tran: 1
tran: 0
tran: 0
tran: 0
tran: 0
tran: 1
tran: 0
tran: 1
tran: 0
tran: 1
tran: 17
tran: 1
tran: 1
tran: 0
tran: 0
tran: 0
tran: 19
tran: 30
tran: 0
tran: 0
tran: 1
tran: 0
tran: 1
tran: 1
tran: 12
tran: 3
tran: 38
tran: 12
tran: 1
tran: 12
tran: 1
tran: 2
tran: 0
tran: 2
tran: 19
tran: 2
tran: 1
tran: 37
tran: 3
tran: 11
tran: 4
tran: 2
tran: 12
tran: 0
tran: 0
tran: 1
tran: 0
tran: 5
tran: 8
tran: 41
tran: 12
tran: 294
tran: 6
tran: 28
tran: 6
tran: 2
tran: 55
tran: 12
tran: 41
tran: 67
tran: 3
tran: 0
tran: 42
tran: 19
tran: 50
tran: 2
tran: 2
tran: 19
tran: 2
tran: 2
tran: 0
tran: 46
tran: 4
tran: 4
tran: 21
tran: 2
tran: 19
tran: 21
tran: 1
tran: 2
tran: 2
tran: 19
tran: 21
tran: 32
tran: 24
tran: 69
tran: 60
tran: 3
tran: 11
tran: 3
tran: 11
tran: 0
tran: 3
tran: 26
tran: 0
tran: 11
tran: 0
tran: 10
tran: 4
tran: 0
tran: 7
tran: 0
tran: 3
tran: 0
tran: 1
tran: 0
tran: 1
tran: 0
tran: 81
tran: 1
tran: 0
tran: 0
tran: 13
tran: 0
tran: 0
tran: 10
tran: 0
tran: 5
tran: 0
tran: 14
tran: 3
tran: 0
tran: 1
tran: 0
tran: 0
tran: 0
tran: 0
tran: 18
tran: 0
tran: 10
tran: 0
tran: 0
tran: 2
tran: 0
tran: 3
tran: 2
tran: 5
tran: 0
tran: 0
tran: 149
tran: 11
tran: 154
tran: 279
tran: 0
tran: 113
tran: 399
tran: 28
tran: 0
tran: 398
tran: 16
tran: 0
tran: 9
tran: 7
tran: 0
tran: 5
tran: 15
tran: 0
tran: 3
tran: 0
tran: 0
tran: 6
tran: 0
tran: 1
tran: 0
tran: 0
tran: 1
tran: 49
tran: 10
tran: 1
tran: 0
tran: 4
tran: 14
tran: 0
tran: 1
tran: 15
tran: 0
tran: 0
tran: 0
tran: 1
tran: 6
tran: 0
tran: 14
tran: 0
tran: 4
tran: 0
tran: 0
tran: 17
tran: 1
tran: 25
tran: 7
tran: 2
tran: 58
tran: 1
tran: 1
tran: 0
tran: 1
tran: 0
tran: 0
tran: 26
tran: 1
tran: 2
tran: 3
tran: 3
tran: 3
tran: 0
tran: 32
tran: 3
tran: 3
tran: 0
tran: 0
tran: 0
tran: 5
tran: 0
tran: 1
tran: 5
tran: 4
tran: 13
tran: 10
tran: 1
tran: 66
tran: 5
tran: 0
tran: 0
tran: 0
tran: 0
tran: 7
tran: 90
tran: 0
tran: 0
tran: 0
tran: 1
tran: 1
tran: 7
tran: 54
tran: 136
tran: 0
tran: 0
tran: 0
tran: 0
tran: 32
tran: 0
tran: 0
tran: 6
tran: 14
tran: 0
tran: 0
tran: 0
tran: 29
tran: 0
tran: 0
tran: 23
tran: 13
tran: 2
tran: 0
tran: 42
tran: 1
tran: 0
tran: 1
tran: 0
tran: 0
tran: 24
tran: 45
tran: 23
tran: 0
tran: 2
tran: 0
tran: 11
tran: 0
tran: 1
tran: 4
tran: 0
tran: 2
tran: 0
tran: 1
tran: 1
tran: 0
tran: 11
tran: 5
tran: 3
tran: 0
tran: 0
tran: 0
tran: 1
tran: 0
tran: 3
tran: 1
tran: 1684
tran: 1
tran: 2
tran: 4
tran: 0
tran: 0
tran: 2
tran: 5
tran: 4
tran: 0
tran: 32
tran: 95
tran: 22
tran: 4
tran: 2
tran: 6
tran: 0
tran: 0
tran: 1
tran: 7
tran: 0
tran: 1
tran: 8
tran: 74
tran: 0
tran: 3
tran: 0
tran: 0
tran: 0
tran: 0
tran: 0
tran: 1
tran: 0
tran: 1
tran: 0
tran: 1
tran: 1
tran: 0
tran: 0
tran: 11
tran: 12
tran: 2
tran: 2
tran: 8
tran: 3
tran: 210
tran: 1
tran: 8
tran: 9
tran: 7
tran: 1
tran: 0
tran: 8
tran: 0
tran: 2
tran: 0
tran: 2
tran: 0
tran: 76
tran: 0
tran: 1
tran: 0
tran: 1
tran: 0
tran: 0
tran: 0
tran: 0
tran: 13
tran: 0
tran: 0
tran: 7
tran: 0
tran: 0
tran: 0
tran: 0
tran: 5
tran: 0
tran: 1
tran: 0
tran: 58
tran: 0
tran: 0
tran: 3
tran: 0
tran: 0
tran: 0
tran: 1
tran: 11
tran: 13
tran: 0
tran: 1
tran: 1
tran: 0
tran: 2
tran: 0
tran: 0
tran: 0
tran: 0
tran: 25
tran: 20
tran: 4
tran: 58
tran: 1
tran: 49
tran: 2
tran: 0
tran: 3
tran: 5
tran: 8
tran: 0
tran: 1
tran: 0
tran: 0
tran: 4
tran: 49
tran: 17
tran: 13
tran: 88
tran: 89
tran: 0
tran: 9
tran: 0
tran: 0
tran: 0
tran: 2
tran: 0
tran: 3
tran: 8
tran: 4
tran: 1
tran: 0
tran: 6
tran: 4
tran: 2
tran: 3
tran: 0
tran: 0
tran: 36
tran: 0
tran: 0
tran: 0
tran: 2
tran: 9
tran: 5
tran: 2
tran: 0
tran: 0
tran: 0
tran: 0
tran: 0
tran: 0
tran: 1
tran: 11
tran: 0
tran: 9
tran: 0
tran: 0
tran: 1
tran: 0
tran: 1
tran: 4
tran: 85
tran: 0
tran: 405
tran: 3
tran: 2
tran: 0
tran: 1
tran: 1
tran: 16
tran: 1
tran: 16
tran: 1
tran: 0
tran: 0
tran: 37
tran: 90
tran: 0
tran: 0
tran: 0
tran: 4
tran: 9
tran: 9
tran: 0
tran: 2
tran: 3
tran: 0
tran: 2
tran: 0
tran: 5
tran: 0
tran: 2
tran: 28
tran: 1
tran: 31
tran: 44
tran: 0
tran: 4
tran: 16
tran: 1
tran: 0
tran: 2
tran: 0
tran: 56
tran: 0
tran: 0
tran: 5
tran: 0
tran: 0
tran: 0
tran: 0
tran: 8
tran: 0
tran: 0
tran: 0
tran: 6
tran: 42
tran: 0
tran: 6
tran: 42
tran: 0
tran: 0
tran: 3
tran: 1
tran: 0
tran: 26
tran: 14
tran: 0
tran: 0
tran: 0
tran: 0
tran: 1
tran: 0
tran: 72
tran: 44
tran: 5
tran: 2
tran: 0
tran: 2
tran: 2
tran: 3
tran: 4
tran: 0
tran: 3
tran: 1
tran: 0
tran: 0
tran: 3
tran: 0
tran: 1
tran: 73
tran: 1
tran: 0
tran: 195
tran: 4
tran: 5
tran: 7
tran: 2
tran: 3
tran: 6
tran: 32
tran: 3
tran: 36
tran: 35
tran: 27
tran: 0
tran: 31
tran: 22
tran: 0
tran: 19
tran: 0
tran: 91
tran: 28
tran: 0
tran: 0
tran: 0
tran: 11
tran: 0
tran: 111
tran: 5
tran: 0
tran: 221
tran: 0
tran: 3
tran: 0
tran: 0
tran: 0
tran: 19
tran: 2
tran: 29
tran: 0
tran: 0
tran: 0
tran: 0
tran: 0
tran: 0
tran: 0
tran: 3
tran: 0
tran: 1
tran: 49
tran: 1
tran: 0
tran: 0
tran: 0
tran: 0
tran: 510
tran: 0
tran: 2
tran: 12
tran: 32
tran: 10
tran: 0
tran: 2
tran: 0
tran: 0
tran: 0
tran: 6
tran: 0
tran: 34
tran: 4
tran: 0
tran: 0
tran: 0
tran: 0
tran: 0
tran: 43
tran: 3
tran: 1
tran: 0
tran: 2
tran: 3
tran: 1
tran: 4
tran: 21
tran: 2
tran: 0
tran: 0
tran: 0
tran: 401
tran: 0
tran: 1
tran: 3
tran: 0
tran: 1
tran: 0
tran: 2
tran: 0
tran: 0
tran: 0
tran: 0
tran: 0
tran: 4
tran: 5
tran: 18
tran: 3
tran: 0
tran: 6
tran: 1
tran: 0
tran: 1
tran: 0
tran: 5
tran: 0
tran: 98
tran: 0
tran: 0
tran: 2
tran: 0
tran: 3
tran: 41
tran: 1
tran: 0
tran: 11
tran: 44
tran: 10
tran: 0
tran: 0
tran: 0
tran: 0
tran: 0
tran: 0
tran: 19
tran: 124
tran: 0
tran: 3
tran: 0
tran: 0
tran: 0
tran: 0
tran: 1
tran: 0
tran: 10
tran: 1
tran: 0
tran: 6
tran: 1
tran: 0
tran: 13
tran: 10
tran: 22
tran: 14
tran: 5
tran: 1
tran: 0
tran: 0
tran: 1
tran: 13
tran: 0
tran: 44
tran: 1
tran: 0
tran: 0
tran: 6
tran: 80
tran: 0
tran: 12
tran: 11
tran: 7
tran: 4
tran: 1
tran: 1
tran: 0
tran: 60
tran: 43
tran: 12
tran: 32
tran: 1
tran: 2
tran: 48
tran: 0
tran: 0
tran: 0
tran: 43
tran: 48
tran: 32
tran: 28
tran: 0
tran: 1
tran: 0
tran: 0
tran: 0
tran: 73
tran: 39
tran: 31
tran: 1
tran: 0
tran: 13
tran: 0
tran: 11
tran: 0
tran: 0
tran: 7
tran: 5
tran: 13
tran: 1
tran: 68
tran: 0
tran: 0
tran: 0
tran: 0
tran: 0
tran: 0
tran: 45
tran: 0
tran: 9
tran: 0
tran: 0
tran: 1
tran: 30
tran: 0
tran: 5
tran: 0
tran: 0
tran: 0
tran: 8
tran: 99
tran: 3
tran: 0
tran: 2
tran: 62
tran: 66
tran: 0
tran: 10
tran: 47
tran: 42
tran: 0
tran: 67
tran: 1
tran: 28
tran: 25
tran: 24
tran: 23
tran: 0
tran: 3
tran: 1
tran: 0
tran: 67
tran: 0
tran: 3
tran: 1
tran: 70
tran: 0
tran: 0
tran: 11
tran: 0
tran: 3
tran: 0
tran: 21
tran: 0
tran: 0
tran: 0
tran: 8
tran: 2
tran: 0
tran: 5
tran: 3
tran: 0
tran: 0
tran: 0
tran: 0
tran: 1
tran: 10
tran: 0
tran: 0
tran: 1
tran: 0
tran: 1
tran: 0
tran: 0
tran: 18
tran: 0
tran: 22
tran: 0
tran: 0
tran: 2
tran: 2
tran: 0
tran: 149
tran: 75
tran: 7
tran: 6
tran: 5
tran: 24
tran: 0
tran: 45
tran: 39
tran: 1
tran: 96
tran: 3
tran: 1
tran: 3
tran: 2
tran: 85
tran: 0
tran: 22
tran: 8
tran: 4
tran: 0
tran: 1
tran: 60
tran: 3
tran: 0
tran: 4
tran: 5
tran: 0
tran: 0
tran: 0
tran: 4
tran: 135
tran: 0
tran: 4
tran: 4
tran: 1
tran: 0
tran: 2
tran: 0
tran: 1
tran: 263
tran: 89
tran: 6
tran: 10
tran: 0
tran: 18
tran: 0
tran: 1
tran: 2
tran: 3
tran: 5
tran: 0
tran: 0
tran: 0
tran: 20
tran: 20
tran: 13
tran: 55
tran: 0
tran: 0
tran: 0
tran: 4
tran: 3
tran: 4
tran: 0
tran: 3
tran: 1
tran: 3
tran: 0
tran: 1
tran: 3
tran: 0
tran: 3
tran: 2
tran: 16
tran: 0
tran: 9
tran: 0
tran: 0
tran: 0
tran: 0
tran: 19
tran: 0
tran: 18
tran: 1
tran: 0
tran: 0
tran: 4
tran: 112
tran: 198
tran: 6
tran: 2
tran: 0
tran: 122
tran: 208
tran: 51
tran: 0
tran: 0
tran: 0
tran: 0
tran: 0
tran: 0
tran: 0
tran: 1
tran: 1
tran: 5
tran: 2
tran: 10
tran: 38
tran: 0
tran: 0
tran: 0
tran: 0
tran: 72
tran: 51
tran: 22
tran: 1
tran: 58
tran: 6
tran: 0
tran: 13
tran: 0
tran: 2
tran: 0
tran: 1
tran: 0
tran: 2
tran: 1
tran: 653
tran: 0
tran: 0
tran: 0
tran: 1
tran: 1
tran: 0
tran: 0
tran: 58
tran: 0
tran: 0
tran: 1
tran: 15
tran: 0
tran: 13
tran: 8
tran: 15
tran: 10
tran: 0
tran: 0
tran: 26
tran: 2
tran: 0
tran: 0
tran: 1
tran: 1
tran: 2
tran: 0
tran: 33
tran: 0
tran: 2
tran: 10
tran: 18
tran: 0
tran: 2
tran: 8
tran: 2
tran: 0
tran: 1
tran: 4
tran: 0
tran: 89
tran: 0
tran: 0
tran: 0
tran: 0
tran: 0
tran: 0
tran: 0
tran: 0
tran: 3
tran: 0
tran: 0
tran: 1
tran: 30
tran: 1
tran: 7
tran: 5
tran: 11
tran: 0
tran: 1
tran: 19
tran: 0
tran: 0
tran: 1
tran: 0
tran: 8
tran: 0
tran: 0
tran: 0
tran: 14
tran: 0
tran: 0
tran: 0
tran: 0
tran: 0
tran: 0
tran: 0
tran: 0
tran: 5
tran: 0
tran: 0
tran: 0
tran: 0
tran: 2
tran: 1
tran: 5
tran: 10
tran: 1
tran: 1
tran: 2
tran: 0
tran: 0
tran: 0
tran: 5
tran: 0
tran: 0
tran: 0
tran: 21
tran: 21
tran: 41
tran: 0
tran: 6
tran: 1
tran: 0
tran: 3
tran: 13
tran: 0
tran: 0
tran: 1
tran: 0
tran: 4
tran: 0
tran: 0
tran: 0
tran: 0
tran: 9
tran: 1
tran: 0
tran: 1
tran: 0
tran: 0
tran: 0
tran: 0
tran: 1
tran: 2
tran: 0
tran: 0
tran: 0
tran: 25
tran: 1140
tran: 5
tran: 2
tran: 450
tran: 0
tran: 2
tran: 0
tran: 44
tran: 0
tran: 0
tran: 0
tran: 0
tran: 0
tran: 32
tran: 532
tran: 1
tran: 0
tran: 3
tran: 0
tran: 0
tran: 0
tran: 53
tran: 0
tran: 0
tran: 0
tran: 5
tran: 5
tran: 0
tran: 0
tran: 0
tran: 0
tran: 0
tran: 0
tran: 0
tran: 0
tran: 0
tran: 3
tran: 0
tran: 0
tran: 0
tran: 0
tran: 0
tran: 0
tran: 0
tran: 0
tran: 0
tran: 0
tran: 6
tran: 6
tran: 3
tran: 6
tran: 1
tran: 11
tran: 0
tran: 0
tran: 5
tran: 6
tran: 5
tran: 1
tran: 67
tran: 42
tran: 4
tran: 3
tran: 5
tran: 4
tran: 13
tran: 2
tran: 5
tran: 4
tran: 0
tran: 0
tran: 68
tran: 1
tran: 68
tran: 20
tran: 5
tran: 1
tran: 0
tran: 0
tran: 0
tran: 5
tran: 10
tran: 0
tran: 21
tran: 0
tran: 31
tran: 1
tran: 0
tran: 1
tran: 2
tran: 19
tran: 21
tran: 4
tran: 1
tran: 1
tran: 16
tran: 0
tran: 10
tran: 6
tran: 0
tran: 0
tran: 0
tran: 11
tran: 26
tran: 12
tran: 6
tran: 530
tran: 0
tran: 0
tran: 0
tran: 42
tran: 0
tran: 14
tran: 0
tran: 7
tran: 0
tran: 1
tran: 2
tran: 0
tran: 48
tran: 0
tran: 8
tran: 11
tran: 0
tran: 2
tran: 0
tran: 31
tran: 0
tran: 28
tran: 2
tran: 9
tran: 0
tran: 0
tran: 2
tran: 2
tran: 1
tran: 0
tran: 16
tran: 1
tran: 0
tran: 1
tran: 0
tran: 171
tran: 0
tran: 3
tran: 0
tran: 0
tran: 13
tran: 2
tran: 99
tran: 12
tran: 0
tran: 0
tran: 3
tran: 0
tran: 52
tran: 0
tran: 0
tran: 0
tran: 199
tran: 25
tran: 0
tran: 2
tran: 0
tran: 4
tran: 4
tran: 0
tran: 1
tran: 0
tran: 0
tran: 0
tran: 0
tran: 1
tran: 0
tran: 0
tran: 0
tran: 0
tran: 18
tran: 0
tran: 1
tran: 10
tran: 0
tran: 0
tran: 1
tran: 4
tran: 2
tran: 0
tran: 1
tran: 2
tran: 0
tran: 27
tran: 28
tran: 38
tran: 0
tran: 0
tran: 3
tran: 27
tran: 0
tran: 46
tran: 2
tran: 0
tran: 0
tran: 13
tran: 2
tran: 0
tran: 0
tran: 0
tran: 0
tran: 2
tran: 77
tran: 231
tran: 0
tran: 0
tran: 0
tran: 0
tran: 0
tran: 4
tran: 1
tran: 11
tran: 0
tran: 2
tran: 0
tran: 0
tran: 0
tran: 0
tran: 65
tran: 0
tran: 0
tran: 0
tran: 0
tran: 0
tran: 0
tran: 63
tran: 0
tran: 0
tran: 1
tran: 34
tran: 0
tran: 0
tran: 1
tran: 3
tran: 0
tran: 1
tran: 0
tran: 11
tran: 8
tran: 0
tran: 1
tran: 0
tran: 2
tran: 0
tran: 68
tran: 2
tran: 3
tran: 0
tran: 0
tran: 25
tran: 0
tran: 0
tran: 55
tran: 2
tran: 10
tran: 0
tran: 129
tran: 1
tran: 5
tran: 0
tran: 0
tran: 0
tran: 228
tran: 1
tran: 1
tran: 118
tran: 0
tran: 0
tran: 0
tran: 130
tran: 130
tran: 0
tran: 130
tran: 130
tran: 130
tran: 130
tran: 130
tran: 1
tran: 131
tran: 130
tran: 0
tran: 130
tran: 0
tran: 130
tran: 130
tran: 130
tran: 0
tran: 130
tran: 130
tran: 0
tran: 130
tran: 130
tran: 130
tran: 130
tran: 130
tran: 130
tran: 0
tran: 123
tran: 0
tran: 227
tran: 0
tran: 9
tran: 0
tran: 23
tran: 130
tran: 0
tran: 130
tran: 130
tran: 25
tran: 1
tran: 0
tran: 0
tran: 1
tran: 0
tran: 0
tran: 15
tran: 0
tran: 0
tran: 0
tran: 52
tran: 0
tran: 0
tran: 0
tran: 130
tran: 3
tran: 19
tran: 0
tran: 3
tran: 0
tran: 4
tran: 401
tran: 0
tran: 4
tran: 3
tran: 0
tran: 4
tran: 0
tran: 5
tran: 3
tran: 0
tran: 33
tran: 7
tran: 0
tran: 1
tran: 92
tran: 0
tran: 0
tran: 1
tran: 1
tran: 2
tran: 155
tran: 0
tran: 0
tran: 7
tran: 0
tran: 4
tran: 0
tran: 2
tran: 0
tran: 6
tran: 1
tran: 64
tran: 5
tran: 0
tran: 0
tran: 25
tran: 0
tran: 0
tran: 0
tran: 0
tran: 0
tran: 0
tran: 55
tran: 21
tran: 0
tran: 0
tran: 0
tran: 0
tran: 1
tran: 0
tran: 0
tran: 1
tran: 0
tran: 0
tran: 24
tran: 27
tran: 0
tran: 0
tran: 0
tran: 0
tran: 0
tran: 0
tran: 32
tran: 0
tran: 24
tran: 0
tran: 0
tran: 0
tran: 0
tran: 0
tran: 0
tran: 0
tran: 0
tran: 0
tran: 0
tran: 0
tran: 0
tran: 0
tran: 0
tran: 0
tran: 0
tran: 0
tran: 0
tran: 0
tran: 0
tran: 0
tran: 0
tran: 0
tran: 0
tran: 0
tran: 3
tran: 0
tran: 1
tran: 0
tran: 14
tran: 1
tran: 0
tran: 0
tran: 0
tran: 21
tran: 1
tran: 104
tran: 1
tran: 0
tran: 2
tran: 1
tran: 0
tran: 21
tran: 0
tran: 5
tran: 27
tran: 0
tran: 67
tran: 7
tran: 142
tran: 27
tran: 0
tran: 23
tran: 30
tran: 36
tran: 71
tran: 0
tran: 31
tran: 51
tran: 27
tran: 9
tran: 47
tran: 183
tran: 176
tran: 26
tran: 109
tran: 42
tran: 0
tran: 60
tran: 21
tran: 59
tran: 50
tran: 31
tran: 28
tran: 71
tran: 0
tran: 4
tran: 0
tran: 0
tran: 48
tran: 53
tran: 21
tran: 62
tran: 24
tran: 34
tran: 0
tran: 141
tran: 1
tran: 1
tran: 1
tran: 0
tran: 0
tran: 1
tran: 0
tran: 3
tran: 78
tran: 1
tran: 0
tran: 1
tran: 0
tran: 1
tran: 0
tran: 21
tran: 0
tran: 13
tran: 14
tran: 159
tran: 0
tran: 17
tran: 36
tran: 31
tran: 61
tran: 1
tran: 2
tran: 47
tran: 0
tran: 0
tran: 1
tran: 0
tran: 0
tran: 25
tran: 0
tran: 0
tran: 0
tran: 3
tran: 3
tran: 1
tran: 14
tran: 6
tran: 3
tran: 0
tran: 1
tran: 0
tran: 0
tran: 225
tran: 1
tran: 26
tran: 0
tran: 52
tran: 0
tran: 1
tran: 0
tran: 0
tran: 595
tran: 9
tran: 20
tran: 1
tran: 14
tran: 7
tran: 9
tran: 1
tran: 1
tran: 0
tran: 749
tran: 2
tran: 112
tran: 1
tran: 0
tran: 1
tran: 3
tran: 14
tran: 1
tran: 1
tran: 0
tran: 16
tran: 1
tran: 0
tran: 1
tran: 2
tran: 0
tran: 1
tran: 1
tran: 7
tran: 0
tran: 1
tran: 2
tran: 1
tran: 0
tran: 2
tran: 1
tran: 0
tran: 1
tran: 1
tran: 19
tran: 63
tran: 1
tran: 128
tran: 0
tran: 0
tran: 0
tran: 1
tran: 1
tran: 1
tran: 1
tran: 1
tran: 1
tran: 1
tran: 1
tran: 1
tran: 1
tran: 1
tran: 1
tran: 38
tran: 30
tran: 1
tran: 0
tran: 0
tran: 1
tran: 1
tran: 1
tran: 2
tran: 1
tran: 0
tran: 1
tran: 1
tran: 1
tran: 1
tran: 0
tran: 1
tran: 1
tran: 7
tran: 1
tran: 92
tran: 1
tran: 1
tran: 1
tran: 3
tran: 1
tran: 1
tran: 1
tran: 1
tran: 0
tran: 1
tran: 1
tran: 1
tran: 0
tran: 0
tran: 1
tran: 1
tran: 1
tran: 1
tran: 1
tran: 3
tran: 1
tran: 0
tran: 1
tran: 1
tran: 1
tran: 1
tran: 23
tran: 1
tran: 1
tran: 1
tran: 1
tran: 1
tran: 0
tran: 1
tran: 4
tran: 1
tran: 1
tran: 1
tran: 1
tran: 1
tran: 1
tran: 1
tran: 1
tran: 1
tran: 1
tran: 1
tran: 1
tran: 1
tran: 1
tran: 1
tran: 1
tran: 1
tran: 1
tran: 1
tran: 1
tran: 0
tran: 1
tran: 1
tran: 1
tran: 1
tran: 1
tran: 1
tran: 1
tran: 1
tran: 1
tran: 1
tran: 1
tran: 1
tran: 1
tran: 1
tran: 1
tran: 1
tran: 1
tran: 1
tran: 1
tran: 1
tran: 1
tran: 1
tran: 1
tran: 1
tran: 1
tran: 1
tran: 1
tran: 1
tran: 0
tran: 1
tran: 1
tran: 1
tran: 1
tran: 1
tran: 1
tran: 1
tran: 1
tran: 1
tran: 1
tran: 1
tran: 1
tran: 1
tran: 0
tran: 1
tran: 1
tran: 1
tran: 1
tran: 1
tran: 1
tran: 8
tran: 1
tran: 1
tran: 1
tran: 1
tran: 1
tran: 1
tran: 1
tran: 1
tran: 1
tran: 1
tran: 1
tran: 21
tran: 1
tran: 1
tran: 1
tran: 1
tran: 1
tran: 1
tran: 1
tran: 1
tran: 1
tran: 1
tran: 1
tran: 1
tran: 1
tran: 1
tran: 1
tran: 1
tran: 1
tran: 1
tran: 1
tran: 1
tran: 1
tran: 1
tran: 1
tran: 1
tran: 1
tran: 1
tran: 1
tran: 1
tran: 1
tran: 1
tran: 1
tran: 1
tran: 1
tran: 1
tran: 1
tran: 138
tran: 1
tran: 1
tran: 1
tran: 1
tran: 1
tran: 1
tran: 14
tran: 1
tran: 1
tran: 1
tran: 1
tran: 1
tran: 1
tran: 1
tran: 1
tran: 1
tran: 0
tran: 1
tran: 1
tran: 1
tran: 1
tran: 1
tran: 1
tran: 1
tran: 1
tran: 1
tran: 1
tran: 1
tran: 1
tran: 0
tran: 1
tran: 1
tran: 1
tran: 1
tran: 1
tran: 1
tran: 1
tran: 1
tran: 0
tran: 1
tran: 1
tran: 1
tran: 1
tran: 1
tran: 1
tran: 1
tran: 1
tran: 1
tran: 1
tran: 1
tran: 1
tran: 1
tran: 1
tran: 1
tran: 1
tran: 1
tran: 1
tran: 1
tran: 1
tran: 1
tran: 1
tran: 1
tran: 1
tran: 1
tran: 1
tran: 1
tran: 1
tran: 1
tran: 1
tran: 1
tran: 1
tran: 1
tran: 1
tran: 138
tran: 1
tran: 1
tran: 0
tran: 1
tran: 1
tran: 1
tran: 1
tran: 1
tran: 1
tran: 1
tran: 1
tran: 1
tran: 1
tran: 8
tran: 1
tran: 1
tran: 1
tran: 1
tran: 1
tran: 1
tran: 1
tran: 1
tran: 1
tran: 1
tran: 1
tran: 1
tran: 2
tran: 10
tran: 5
tran: 6
tran: 0
tran: 3
tran: 0
tran: 14
tran: 2
tran: 12
tran: 2
tran: 0
tran: 0
tran: 0
tran: 53
tran: 0
tran: 0
tran: 50
tran: 0
tran: 0
tran: 0
tran: 3
tran: 0
tran: 8
tran: 0
tran: 0
tran: 15
tran: 5
tran: 0
tran: 13
tran: 1
tran: 1
tran: 4
tran: 4
tran: 2
tran: 2
tran: 0
tran: 8
tran: 61
tran: 0
tran: 1
tran: 112
tran: 0
tran: 7
tran: 0
tran: 5
tran: 0
tran: 0
tran: 20
tran: 0
tran: 0
tran: 0
tran: 141
tran: 6
tran: 23
tran: 5
tran: 0
tran: 8
tran: 0
tran: 18
tran: 6
tran: 0
tran: 0
tran: 0
tran: 0
tran: 2
tran: 0
tran: 0
tran: 1
tran: 0
tran: 0
tran: 4
tran: 6
tran: 0
tran: 0
tran: 0
tran: 0
tran: 2
tran: 8
tran: 2
tran: 18
tran: 11
tran: 4
tran: 0
tran: 0
tran: 0
tran: 0
tran: 27
tran: 3
tran: 0
tran: 11
tran: 0
tran: 396
tran: 23
tran: 4
tran: 16
tran: 1
tran: 40
tran: 0
tran: 3
tran: 0
tran: 4
tran: 0
tran: 22
tran: 0
tran: 0
tran: 22
tran: 1
tran: 3
tran: 0
tran: 0
tran: 0
tran: 0
tran: 4
tran: 0
tran: 0
tran: 2
tran: 21
tran: 33
tran: 1
tran: 0
tran: 0
tran: 0
tran: 1
tran: 0
tran: 90
tran: 23
tran: 1
tran: 0
tran: 49
tran: 1
tran: 5
tran: 0
tran: 0
tran: 17
tran: 0
tran: 0
tran: 1
tran: 0
tran: 7
tran: 0
tran: 1
tran: 65
tran: 4
tran: 0
tran: 0
tran: 2
tran: 30
tran: 121
tran: 5
tran: 27
tran: 1
tran: 6
tran: 29
tran: 1
tran: 0
tran: 86
tran: 4
tran: 0
tran: 1
tran: 0
tran: 0
tran: 0
tran: 0
tran: 8
tran: 3
tran: 0
tran: 1
tran: 80
tran: 9
tran: 0
tran: 1
tran: 0
tran: 0
tran: 0
tran: 1
tran: 0
tran: 0
tran: 10
tran: 0
tran: 0
tran: 0
tran: 4
tran: 3
tran: 4
tran: 0
tran: 0
tran: 1
tran: 1
tran: 17
tran: 6
tran: 0
tran: 1
tran: 1
tran: 2
tran: 4
tran: 0
tran: 0
tran: 0
tran: 0
tran: 0
tran: 1
tran: 4
tran: 0
tran: 0
tran: 1
tran: 2
tran: 0
tran: 0
tran: 17
tran: 1
tran: 2
tran: 0
tran: 13
tran: 2
tran: 1
tran: 19
tran: 19
tran: 0
tran: 0
tran: 0
tran: 0
tran: 0
tran: 0
tran: 0
tran: 1
tran: 197
tran: 0
tran: 1
tran: 0
tran: 4
tran: 36
tran: 0
tran: 0
tran: 1
tran: 1
tran: 4
tran: 0
tran: 0
tran: 1
tran: 0
tran: 0
tran: 0
tran: 0
tran: 0
tran: 1
tran: 9
tran: 0
tran: 8
tran: 0
tran: 0
tran: 0
tran: 0
tran: 0
tran: 5
tran: 1
tran: 0
tran: 0
tran: 0
tran: 0
tran: 1
tran: 45
tran: 4
tran: 0
tran: 0
tran: 0
tran: 1
tran: 2
tran: 0
tran: 37
tran: 12
tran: 12
tran: 0
tran: 9
tran: 0
tran: 1
tran: 9
tran: 1
tran: 8
tran: 1
tran: 0
tran: 0
tran: 0
tran: 0
tran: 3
tran: 1
tran: 1
tran: 0
tran: 0
tran: 0
tran: 5
tran: 0
tran: 2
tran: 1
tran: 0
tran: 0
tran: 3
tran: 0
tran: 72
tran: 0
tran: 0
tran: 30
tran: 0
tran: 0
tran: 0
tran: 1
tran: 0
tran: 0
tran: 2
tran: 0
tran: 1
tran: 1
tran: 4
tran: 0
tran: 107
tran: 20
tran: 1
tran: 1
tran: 2
tran: 1
tran: 1
tran: 1
tran: 0
tran: 0
tran: 1
tran: 7
tran: 0
tran: 0
tran: 4
tran: 0
tran: 50
tran: 69
tran: 0
tran: 0
tran: 0
tran: 2
tran: 1
tran: 0
tran: 4
tran: 6
tran: 0
tran: 0
tran: 17
tran: 1
tran: 0
tran: 0
tran: 0
tran: 1
tran: 0
tran: 2
tran: 57
tran: 0
tran: 0
tran: 0
tran: 10
tran: 2
tran: 11
tran: 5
tran: 0
tran: 213
tran: 7
tran: 64
tran: 0
tran: 0
tran: 0
tran: 20
tran: 0
tran: 0
tran: 0
tran: 6
tran: 0
tran: 59
tran: 127
tran: 0
tran: 0
tran: 0
tran: 286
tran: 0
tran: 0
tran: 18
tran: 3
tran: 4
tran: 0
tran: 4
tran: 0
tran: 0
tran: 11
tran: 0
tran: 11
tran: 1
tran: 19
tran: 0
tran: 32
tran: 0
tran: 6
tran: 0
tran: 109
tran: 0
tran: 2
tran: 0
tran: 14
tran: 1
tran: 14
tran: 0
tran: 8
tran: 114
tran: 0
tran: 7
tran: 3
tran: 2
tran: 0
tran: 0
tran: 1
tran: 19
tran: 62
tran: 2
tran: 0
tran: 23
tran: 4
tran: 1
tran: 4
tran: 0
tran: 1
tran: 11
tran: 0
tran: 150
tran: 3
tran: 5
tran: 2
tran: 0
tran: 0
tran: 0
tran: 15
tran: 0
tran: 1
tran: 0
tran: 0
tran: 0
tran: 30
tran: 1
tran: 31
tran: 11
tran: 0
tran: 0
tran: 0
tran: 0
tran: 1
tran: 0
tran: 23
tran: 27
tran: 2
tran: 0
tran: 1
tran: 1
tran: 1
tran: 2
tran: 0
tran: 20
tran: 3
tran: 5
tran: 0
tran: 1
tran: 1
tran: 0
tran: 9
tran: 9
tran: 0
tran: 1
tran: 3
tran: 0
tran: 0
tran: 0
tran: 0
tran: 0
tran: 1
tran: 0
tran: 94
tran: 1
tran: 2
tran: 30
tran: 7
tran: 0
tran: 0
tran: 0
tran: 0
tran: 0
tran: 11
tran: 1
tran: 1
tran: 0
tran: 0
tran: 44
tran: 0
tran: 65
tran: 1
tran: 1
tran: 45
tran: 2
tran: 0
tran: 0
tran: 0
tran: 2
tran: 0
tran: 29
tran: 207
tran: 0
tran: 6
tran: 9
tran: 2
tran: 2
tran: 6
tran: 0
tran: 0
tran: 15
tran: 1
tran: 4
tran: 3
tran: 2
tran: 2
tran: 2
tran: 1
tran: 1
tran: 0
tran: 10
tran: 0
tran: 0
tran: 1
tran: 0
tran: 0
tran: 0
tran: 2
tran: 0
tran: 0
tran: 25
tran: 17
tran: 0
tran: 196
tran: 0
tran: 1
tran: 0
tran: 2
tran: 1
tran: 0
tran: 0
tran: 10
tran: 15
tran: 11
tran: 238
tran: 0
tran: 1
tran: 10
tran: 0
tran: 1
tran: 8
tran: 0
tran: 0
tran: 0
tran: 0
tran: 0
tran: 0
tran: 1
tran: 21
tran: 0
tran: 22
tran: 0
tran: 0
tran: 1
tran: 8
tran: 5
tran: 0
tran: 0
tran: 0
tran: 0
tran: 2
tran: 10
tran: 2
tran: 14
tran: 0
tran: 0
tran: 0
tran: 5
tran: 5
tran: 22
tran: 28
tran: 5
tran: 0
tran: 0
tran: 0
tran: 16
tran: 0
tran: 0
tran: 2
tran: 8
tran: 1
tran: 3
tran: 0
tran: 0
tran: 0
tran: 39
tran: 4
tran: 0
tran: 0
tran: 10
tran: 0
tran: 4
tran: 3
tran: 0
tran: 0
tran: 0
tran: 0
tran: 0
tran: 0
tran: 63
tran: 0
tran: 2
tran: 0
tran: 69
tran: 0
tran: 3
tran: 2
tran: 19
tran: 0
tran: 0
tran: 126
tran: 1
tran: 1
tran: 3
tran: 10
tran: 1
tran: 0
tran: 0
tran: 0
tran: 0
tran: 1
tran: 0
tran: 83
tran: 0
tran: 0
tran: 0
tran: 2
tran: 111
tran: 3
tran: 0
tran: 23
tran: 0
tran: 36
tran: 7
tran: 0
tran: 3
tran: 0
tran: 0
tran: 0
tran: 1
tran: 0
tran: 0
tran: 1
tran: 0
tran: 2
tran: 1
tran: 0
tran: 0
tran: 5
tran: 8
tran: 26
tran: 0
tran: 2
tran: 5
tran: 0
tran: 0
tran: 20
tran: 6
tran: 0
tran: 0
tran: 1
tran: 1
tran: 2
tran: 5
tran: 0
tran: 0
tran: 19
tran: 0
tran: 0
tran: 0
tran: 1
tran: 2
tran: 0
tran: 47
tran: 2
tran: 0
tran: 6
tran: 2
tran: 2
tran: 831
tran: 0
tran: 0
tran: 15
tran: 28
tran: 56
tran: 5
tran: 0
tran: 0
tran: 0
tran: 0
tran: 0
tran: 1
tran: 0
tran: 81
tran: 1
tran: 0
tran: 0
tran: 0
tran: 0
tran: 2
tran: 1
tran: 3
tran: 10
tran: 41
tran: 0
tran: 1
tran: 0
tran: 0
tran: 10
tran: 4
tran: 1
tran: 0
tran: 0
tran: 2
tran: 0
tran: 20
tran: 5
tran: 3
tran: 10
tran: 57
tran: 0
tran: 0
tran: 0
tran: 12
tran: 5
tran: 50
tran: 0
tran: 0
tran: 72
tran: 11
tran: 0
tran: 0
tran: 6
tran: 0
tran: 0
tran: 1
tran: 1
tran: 0
tran: 0
tran: 0
tran: 15
tran: 1
tran: 0
tran: 4
tran: 0
tran: 36
tran: 1
tran: 0
tran: 0
tran: 0
tran: 22
tran: 0
tran: 236
tran: 1
tran: 7
tran: 0
tran: 1
tran: 0
tran: 0
tran: 2
tran: 0
tran: 0
tran: 6
tran: 3
tran: 97
tran: 87
tran: 0
tran: 0
tran: 0
tran: 4
tran: 0
tran: 0
tran: 0
tran: 5
tran: 31
tran: 0
tran: 1
tran: 55
tran: 0
tran: 104
tran: 0
tran: 0
tran: 0
tran: 3
tran: 0
tran: 1
tran: 2
tran: 0
tran: 0
tran: 19
tran: 0
tran: 1
tran: 0
tran: 6
tran: 6
tran: 0
tran: 4
tran: 0
tran: 19
tran: 0
tran: 0
tran: 0
tran: 7
tran: 59
tran: 7
tran: 25
tran: 1
tran: 0
tran: 108
tran: 79
tran: 0
tran: 115
tran: 0
tran: 0
tran: 0
tran: 0
tran: 0
tran: 7
tran: 1
tran: 0
tran: 2
tran: 0
tran: 0
tran: 0
tran: 0
tran: 16
tran: 1
tran: 6
tran: 2
tran: 0
tran: 41
tran: 0
tran: 0
tran: 0
tran: 13
tran: 184
tran: 11
tran: 0
tran: 0
tran: 1
tran: 0
tran: 0
tran: 0
tran: 1
tran: 0
tran: 433
tran: 0
tran: 3
tran: 0
tran: 0
tran: 0
tran: 7
tran: 0
tran: 37
tran: 2
tran: 163
tran: 5
tran: 0
tran: 0
tran: 8
tran: 1
tran: 3
tran: 0
tran: 61
tran: 14
tran: 0
tran: 25
tran: 1103
tran: 2
tran: 0
tran: 1119
tran: 184
peer: 0
peer: 0
peer: 0
peer: 0
peer: 0
peer: 0
peer: 0
peer: 0
peer: 0
peer: 0
peer: 0
peer: 0
peer: 0
peer: 0
peer: 0
peer: 0
peer: 0
peer: 0
peer: 0
peer: 0
peer: 0
peer: 0
peer: 0
peer: 0
peer: 0
peer: 0
peer: 0
peer: 0
peer: 0
peer: 0
peer: 0
peer: 0
peer: 0
peer: 0
peer: 0
peer: 0
peer: 0
peer: 0
peer: 0
peer: 0
peer: 0
peer: 0
peer: 0
peer: 0
peer: 0
peer: 0
peer: 0
peer: 0
peer: 0
peer: 0
peer: 0
peer: 0
peer: 0
peer: 0
peer: 0
peer: 0
peer: 0
peer: 0
peer: 0
peer: 0
peer: 0
peer: 0
peer: 0
peer: 0
peer: 0
peer: 0
peer: 0
peer: 0
peer: 0
peer: 0
peer: 0
peer: 0
peer: 0
peer: 0
peer: 0
peer: 0
peer: 0
peer: 0
peer: 0
peer: 0
peer: 0
peer: 0
peer: 0
peer: 0
peer: 0
peer: 0
peer: 0
peer: 0
peer: 0
peer: 0
peer: 0
peer: 0
peer: 0
peer: 0
peer: 0
peer: 0
peer: 0
peer: 0
peer: 0
peer: 0
peer: 0
peer: 0
peer: 0
peer: 0
peer: 0
peer: 0
peer: 0
peer: 0
peer: 0
peer: 0
peer: 0
peer: 0
peer: 0
peer: 0
peer: 0
peer: 0
peer: 0
peer: 0
peer: 0
peer: 0
peer: 0
peer: 0
peer: 0
peer: 0
peer: 0
peer: 0
peer: 0
peer: 0
peer: 0
peer: 0
peer: 0
peer: 0
peer: 0
peer: 0
peer: 0
peer: 0
peer: 0
peer: 0
peer: 0
peer: 0
peer: 0
peer: 0
peer: 0
peer: 0
peer: 0
peer: 0
peer: 0
peer: 0
peer: 0
peer: 0
peer: 0
peer: 0
peer: 0
peer: 0
peer: 0
peer: 0
peer: 0
peer: 0
peer: 0
peer: 0
peer: 0
peer: 0
peer: 0
peer: 0
peer: 0
peer: 0
peer: 0
peer: 0
peer: 0
peer: 0
peer: 0
peer: 0
peer: 0
peer: 0
peer: 0
peer: 0
peer: 0
peer: 0
peer: 0
peer: 0
peer: 0
peer: 0
peer: 0
peer: 0
peer: 0
peer: 0
peer: 0
peer: 0
peer: 0
peer: 0
peer: 0
peer: 0
peer: 0
peer: 0
peer: 0
peer: 0
peer: 0
peer: 0
peer: 0
peer: 0
peer: 0
peer: 0
peer: 0
peer: 0
peer: 0
peer: 0
peer: 0
peer: 0
peer: 0
peer: 0
peer: 0
peer: 0
peer: 0
peer: 0
peer: 0
peer: 0
peer: 0
peer: 0
peer: 0
peer: 0
peer: 0
peer: 0
peer: 0
peer: 0
peer: 0
peer: 0
peer: 0
peer: 0
peer: 0
peer: 0
peer: 0
peer: 0
peer: 0
peer: 0
peer: 0
peer: 0
peer: 0
peer: 0
peer: 0
peer: 0
peer: 0
peer: 0
peer: 0
peer: 0
peer: 0
peer: 0
peer: 0
peer: 0
peer: 0
peer: 0
peer: 0
peer: 0
peer: 0
peer: 0
peer: 0
peer: 0
peer: 0
peer: 0
peer: 0
peer: 0
peer: 0
peer: 0
peer: 0
peer: 0
peer: 0
peer: 0
peer: 0
peer: 0
peer: 0
peer: 0
peer: 0
peer: 0
peer: 0
peer: 0
peer: 0
peer: 0
peer: 0
peer: 0
peer: 0
peer: 0
peer: 0
peer: 0
peer: 0
peer: 0
peer: 0
peer: 0
peer: 0
peer: 0
peer: 0
peer: 0
peer: 0
peer: 0
peer: 0
peer: 0
peer: 0
peer: 0
peer: 0
peer: 0
peer: 0
peer: 0
peer: 0
peer: 0
peer: 0
peer: 0
peer: 0
peer: 0
peer: 0
peer: 0
peer: 0
peer: 0
peer: 0
peer: 0
peer: 0
peer: 0
peer: 0
peer: 0
peer: 0
peer: 0
peer: 0
peer: 0
peer: 0
peer: 0
peer: 0
peer: 0
peer: 0
peer: 0
peer: 0
peer: 0
peer: 0
peer: 0
peer: 0
peer: 0
peer: 0
peer: 0
peer: 0
peer: 0
peer: 0
peer: 0
peer: 0
peer: 0
peer: 0
peer: 0
peer: 0
peer: 0
peer: 0
peer: 0
peer: 0
peer: 0
peer: 0
peer: 0
peer: 0
peer: 0
peer: 0
peer: 0
peer: 0
peer: 0
peer: 0
peer: 0
peer: 0
peer: 0
peer: 0
peer: 0
peer: 0
peer: 0
peer: 0
peer: 0
peer: 0
peer: 0
peer: 0
peer: 0
peer: 0
peer: 0
peer: 0
peer: 0
peer: 0
peer: 0
peer: 0
peer: 0
peer: 0
peer: 0
peer: 0
peer: 0
peer: 0
peer: 0
peer: 0
peer: 0
peer: 0
peer: 0
peer: 0
peer: 0
peer: 0
peer: 0
peer: 0
peer: 0
peer: 0
peer: 0
peer: 0
peer: 0
peer: 0
peer: 0
peer: 0
peer: 0
peer: 0
peer: 0
peer: 0
peer: 0
peer: 0
peer: 0
peer: 0
peer: 2
peer: 0
peer: 0
peer: 0
peer: 0
peer: 0
peer: 0
peer: 0
peer: 0
peer: 0
peer: 0
peer: 0
peer: 0
peer: 0
peer: 0
peer: 0
peer: 0
peer: 0
peer: 0
peer: 0
peer: 0
peer: 0
peer: 0
peer: 0
peer: 0
peer: 0
peer: 0
peer: 0
peer: 0
peer: 0
peer: 0
peer: 0
peer: 0
peer: 0
peer: 0
peer: 0
peer: 0
peer: 0
peer: 0
peer: 0
peer: 0
peer: 0
peer: 0
peer: 0
peer: 0
peer: 0
peer: 0
peer: 0
peer: 0
peer: 0
peer: 0
peer: 0
peer: 1
peer: 0
peer: 0
peer: 0
peer: 0
peer: 0
peer: 0
peer: 0
peer: 0
peer: 0
peer: 0
peer: 0
peer: 0
peer: 0
peer: 0
peer: 0
peer: 0
peer: 0
peer: 0
peer: 0
peer: 0
peer: 0
peer: 0
peer: 0
peer: 0
peer: 0
peer: 0
peer: 0
peer: 0
peer: 0
peer: 0
peer: 0
peer: 0
peer: 0
peer: 0
peer: 0
peer: 0
peer: 0
peer: 0
peer: 0
peer: 0
peer: 0
peer: 0
peer: 0
peer: 0
peer: 0
peer: 0
peer: 0
peer: 0
peer: 0
peer: 0
peer: 0
peer: 0
peer: 0
peer: 0
peer: 0
peer: 0
peer: 0
peer: 0
peer: 0
peer: 0
peer: 0
peer: 0
peer: 0
peer: 0
peer: 0
peer: 0
peer: 0
peer: 0
peer: 0
peer: 0
peer: 0
peer: 0
peer: 0
peer: 0
peer: 0
peer: 0
peer: 0
peer: 0
peer: 0
peer: 0
peer: 0
peer: 0
peer: 0
peer: 0
peer: 0
peer: 0
peer: 0
peer: 1
peer: 0
peer: 0
peer: 0
peer: 0
peer: 0
peer: 0
peer: 0
peer: 0
peer: 0
peer: 0
peer: 0
peer: 0
peer: 0
peer: 0
peer: 0
peer: 0
peer: 0
peer: 0
peer: 0
peer: 0
peer: 0
peer: 0
peer: 0
peer: 0
peer: 0
peer: 0
peer: 0
peer: 0
peer: 0
peer: 0
peer: 0
peer: 0
peer: 0
peer: 0
peer: 0
peer: 0
peer: 0
peer: 0
peer: 0
peer: 0
peer: 0
peer: 0
peer: 0
peer: 0
peer: 0
peer: 0
peer: 0
peer: 0
peer: 0
peer: 0
peer: 0
peer: 0
peer: 0
peer: 0
peer: 0
peer: 0
peer: 0
peer: 0
peer: 0
peer: 0
peer: 0
peer: 0
peer: 0
peer: 0
peer: 0
peer: 0
peer: 0
peer: 1
peer: 0
peer: 0
peer: 0
peer: 0
peer: 0
peer: 0
peer: 0
peer: 1
peer: 0
peer: 0
peer: 0
peer: 0
peer: 0
peer: 0
peer: 0
peer: 0
peer: 0
peer: 0
peer: 0
peer: 0
peer: 0
peer: 0
peer: 0
peer: 0
peer: 0
peer: 0
peer: 0
peer: 0
peer: 1
peer: 0
peer: 0
peer: 0
peer: 0
peer: 0
peer: 0
peer: 0
peer: 0
peer: 0
peer: 0
peer: 0
peer: 0
peer: 0
peer: 0
peer: 0
peer: 0
peer: 0
peer: 0
peer: 0
peer: 0
peer: 0
peer: 0
peer: 0
peer: 0
peer: 0
peer: 0
peer: 0
peer: 0
peer: 0
peer: 1
peer: 1
peer: 0
peer: 0
peer: 0
peer: 0
peer: 0
peer: 0
peer: 0
peer: 0
peer: 0
peer: 0
peer: 0
peer: 1
peer: 0
peer: 0
peer: 1
peer: 0
peer: 1
peer: 0
peer: 0
peer: 0
peer: 0
peer: 0
peer: 0
peer: 0
peer: 0
peer: 0
peer: 1
peer: 0
peer: 1
peer: 0
peer: 0
peer: 1
peer: 0
peer: 1
peer: 1
peer: 1
peer: 1
peer: 1
peer: 1
peer: 1
peer: 0
peer: 0
peer: 0
peer: 0
peer: 0
peer: 0
peer: 0
peer: 1
peer: 0
peer: 0
peer: 0
peer: 0
peer: 1
peer: 2
peer: 0
peer: 0
peer: 0
peer: 0
peer: 0
peer: 0
peer: 0
peer: 0
peer: 0
peer: 0
peer: 0
peer: 0
peer: 0
peer: 0
peer: 0
peer: 0
peer: 0
peer: 0
peer: 0
peer: 0
peer: 0
peer: 0
peer: 0
peer: 0
peer: 0
peer: 0
peer: 0
peer: 0
peer: 0
peer: 0
peer: 0
peer: 0
peer: 0
peer: 0
peer: 0
peer: 0
peer: 0
peer: 0
peer: 0
peer: 0
peer: 0
peer: 0
peer: 1
peer: 0
peer: 0
peer: 1
peer: 0
peer: 0
peer: 0
peer: 0
peer: 0
peer: 0
peer: 1
peer: 1
peer: 0
peer: 0
peer: 0
peer: 0
peer: 0
peer: 0
peer: 0
peer: 0
peer: 0
peer: 0
peer: 0
peer: 0
peer: 0
peer: 0
peer: 0
peer: 0
peer: 0
peer: 0
peer: 0
peer: 0
peer: 0
peer: 1
peer: 0
peer: 0
peer: 0
peer: 0
peer: 0
peer: 0
peer: 0
peer: 0
peer: 0
peer: 0
peer: 0
peer: 0
peer: 0
peer: 0
peer: 2
peer: 0
peer: 0
peer: 0
peer: 1
peer: 0
peer: 0
peer: 0
peer: 0
peer: 0
peer: 0
peer: 0
peer: 0
peer: 1
peer: 0
peer: 0
peer: 0
peer: 0
peer: 0
peer: 0
peer: 0
peer: 0
peer: 0
peer: 0
peer: 0
peer: 0
peer: 0
peer: 0
peer: 0
peer: 0
peer: 0
peer: 0
peer: 0
peer: 0
peer: 0
peer: 0
peer: 0
peer: 0
peer: 0
peer: 0
peer: 0
peer: 0
peer: 0
peer: 0
peer: 0
peer: 0
peer: 0
peer: 0
peer: 0
peer: 0
peer: 0
peer: 0
peer: 0
peer: 1
peer: 1
peer: 0
peer: 0
peer: 0
peer: 0
peer: 0
peer: 0
peer: 0
peer: 1
peer: 0
peer: 0
peer: 0
peer: 0
peer: 0
peer: 0
peer: 1
peer: 0
peer: 1
peer: 0
peer: 0
peer: 0
peer: 0
peer: 0
peer: 1
peer: 1
peer: 0
peer: 0
peer: 0
peer: 0
peer: 0
peer: 0
peer: 0
peer: 1
peer: 0
peer: 1
peer: 0
peer: 0
peer: 0
peer: 0
peer: 0
peer: 0
peer: 0
peer: 0
peer: 0
peer: 0
peer: 0
peer: 1
peer: 1
peer: 0
peer: 0
peer: 1
peer: 0
peer: 1
peer: 0
peer: 1
peer: 0
peer: 0
peer: 0
peer: 0
peer: 0
peer: 0
peer: 0
peer: 3
peer: 0
peer: 0
peer: 0
peer: 0
peer: 0
peer: 0
peer: 1
peer: 0
peer: 0
peer: 0
peer: 0
peer: 0
peer: 0
peer: 0
peer: 0
peer: 0
peer: 0
peer: 0
peer: 0
peer: 0
peer: 0
peer: 0
peer: 0
peer: 0
peer: 0
peer: 0
peer: 0
peer: 0
peer: 0
peer: 0
peer: 0
peer: 0
peer: 0
peer: 0
peer: 0
peer: 0
peer: 0
peer: 0
peer: 0
peer: 0
peer: 0
peer: 0
peer: 0
peer: 0
peer: 0
peer: 0
peer: 0
peer: 0
peer: 0
peer: 0
peer: 0
peer: 0
peer: 0
peer: 0
peer: 0
peer: 0
peer: 0
peer: 0
peer: 0
peer: 0
peer: 0
peer: 0
peer: 0
peer: 0
peer: 0
peer: 2
peer: 0
peer: 0
peer: 0
peer: 0
peer: 0
peer: 0
peer: 0
peer: 0
peer: 0
peer: 0
peer: 0
peer: 0
peer: 0
peer: 0
peer: 0
peer: 0
peer: 1
peer: 0
peer: 1
peer: 1
peer: 0
peer: 0
peer: 0
peer: 0
peer: 0
peer: 1
peer: 1
peer: 1
peer: 1
peer: 1
peer: 1
peer: 1
peer: 1
peer: 1
peer: 0
peer: 1
peer: 1
peer: 0
peer: 0
peer: 1
peer: 0
peer: 0
peer: 0
peer: 0
peer: 0
peer: 0
peer: 0
peer: 0
peer: 0
peer: 1
peer: 0
peer: 1
peer: 1
peer: 1
peer: 0
peer: 1
peer: 1
peer: 1
peer: 0
peer: 1
peer: 1
peer: 1
peer: 1
peer: 1
peer: 1
peer: 1
peer: 1
peer: 1
peer: 1
peer: 0
peer: 1
peer: 0
peer: 1
peer: 0
peer: 0
peer: 1
peer: 0
peer: 0
peer: 3
peer: 1
peer: 0
peer: 0
peer: 0
peer: 0
peer: 1
peer: 0
peer: 0
peer: 0
peer: 1
peer: 1
peer: 0
peer: 0
peer: 0
peer: 1
peer: 0
peer: 0
peer: 0
peer: 0
peer: 1
peer: 0
peer: 0
peer: 0
peer: 0
peer: 0
peer: 0
peer: 0
peer: 1
peer: 0
peer: 0
peer: 0
peer: 0
peer: 0
peer: 1
peer: 1
peer: 1
peer: 1
peer: 0
peer: 0
peer: 1
peer: 0
peer: 1
peer: 0
peer: 1
peer: 0
peer: 0
peer: 0
peer: 0
peer: 1
peer: 0
peer: 0
peer: 0
peer: 0
peer: 0
peer: 0
peer: 0
peer: 0
peer: 0
peer: 0
peer: 0
peer: 0
peer: 3
peer: 0
peer: 0
peer: 1
peer: 0
peer: 0
peer: 0
peer: 0
peer: 0
peer: 1
peer: 1
peer: 1
peer: 1
peer: 0
peer: 0
peer: 1
peer: 0
peer: 0
peer: 0
peer: 1
peer: 0
peer: 0
peer: 2
peer: 2
peer: 0
peer: 0
peer: 0
peer: 0
peer: 0
peer: 0
peer: 2
peer: 0
peer: 0
peer: 0
peer: 0
peer: 0
peer: 0
peer: 1
peer: 1
peer: 0
peer: 0
peer: 0
peer: 0
peer: 0
peer: 0
peer: 0
peer: 0
peer: 0
peer: 0
peer: 0
peer: 1
peer: 0
peer: 0
peer: 1
peer: 1
peer: 0
peer: 0
peer: 0
peer: 1
peer: 0
peer: 1
peer: 0
peer: 0
peer: 1
peer: 0
peer: 0
peer: 0
peer: 0
peer: 0
peer: 0
peer: 0
peer: 0
peer: 0
peer: 0
peer: 0
peer: 0
peer: 0
peer: 0
peer: 0
peer: 0
peer: 0
peer: 0
peer: 0
peer: 0
peer: 0
peer: 0
peer: 0
peer: 0
peer: 0
peer: 0
peer: 0
peer: 1
peer: 1
peer: 1
peer: 1
peer: 1
peer: 1
peer: 1
peer: 1
peer: 1
peer: 1
peer: 1
peer: 1
peer: 1
peer: 1
peer: 1
peer: 1
peer: 1
peer: 1
peer: 1
peer: 0
peer: 0
peer: 0
peer: 0
peer: 0
peer: 0
peer: 0
peer: 0
peer: 0
peer: 0
peer: 0
peer: 0
peer: 0
peer: 0
peer: 4
peer: 0
peer: 0
peer: 2
peer: 0
peer: 0
peer: 0
peer: 1
peer: 0
peer: 0
peer: 0
peer: 0
peer: 1
peer: 1
peer: 0
peer: 1
peer: 0
peer: 0
peer: 0
peer: 0
peer: 0
peer: 0
peer: 0
peer: 0
peer: 0
peer: 0
peer: 0
peer: 0
peer: 0
peer: 0
peer: 1
peer: 0
peer: 0
peer: 1
peer: 0
peer: 0
peer: 0
peer: 0
peer: 0
peer: 0
peer: 0
peer: 0
peer: 0
peer: 0
peer: 0
peer: 1
peer: 0
peer: 0
peer: 0
peer: 0
peer: 0
peer: 0
peer: 0
peer: 0
peer: 0
peer: 0
peer: 0
peer: 0
peer: 0
peer: 0
peer: 0
peer: 0
peer: 0
peer: 0
peer: 0
peer: 0
peer: 4
peer: 0
peer: 0
peer: 0
peer: 0
peer: 0
peer: 0
peer: 0
peer: 0
peer: 0
peer: 0
peer: 0
peer: 1
peer: 1
peer: 0
peer: 3
peer: 2
peer: 2
peer: 0
peer: 0
peer: 0
peer: 0
peer: 0
peer: 0
peer: 0
peer: 0
peer: 0
peer: 0
peer: 0
peer: 0
peer: 1
peer: 0
peer: 1
peer: 1
peer: 1
peer: 1
peer: 1
peer: 1
peer: 1
peer: 1
peer: 1
peer: 1
peer: 1
peer: 0
peer: 0
peer: 0
peer: 2
peer: 0
peer: 0
peer: 0
peer: 0
peer: 0
peer: 0
peer: 1
peer: 0
peer: 0
peer: 0
peer: 0
peer: 0
peer: 0
peer: 0
peer: 0
peer: 1
peer: 0
peer: 5
peer: 0
peer: 0
peer: 0
peer: 0
peer: 0
peer: 1
peer: 0
peer: 0
peer: 0
peer: 0
peer: 0
peer: 0
peer: 0
peer: 0
peer: 1
peer: 0
peer: 0
peer: 0
peer: 0
peer: 0
peer: 0
peer: 0
peer: 2
peer: 0
peer: 0
peer: 0
peer: 1
peer: 0
peer: 0
peer: 1
peer: 0
peer: 0
peer: 0
peer: 0
peer: 0
peer: 0
peer: 0
peer: 1
peer: 0
peer: 0
peer: 0
peer: 0
peer: 0
peer: 0
peer: 0
peer: 0
peer: 0
peer: 0
peer: 0
peer: 0
peer: 0
peer: 0
peer: 0
peer: 0
peer: 0
peer: 0
peer: 1
peer: 0
peer: 0
peer: 0
peer: 0
peer: 0
peer: 1
peer: 0
peer: 0
peer: 0
peer: 0
peer: 1
peer: 0
peer: 0
peer: 1
peer: 0
peer: 0
peer: 0
peer: 0
peer: 0
peer: 0
peer: 0
peer: 0
peer: 0
peer: 0
peer: 0
peer: 0
peer: 0
peer: 0
peer: 0
peer: 0
peer: 0
peer: 0
peer: 0
peer: 0
peer: 0
peer: 1
peer: 0
peer: 1
peer: 0
peer: 0
peer: 1
peer: 0
peer: 0
peer: 0
peer: 0
peer: 0
peer: 1
peer: 0
peer: 0
peer: 0
peer: 0
peer: 0
peer: 0
peer: 0
peer: 0
peer: 1
peer: 1
peer: 0
peer: 0
peer: 1
peer: 0
peer: 0
peer: 0
peer: 0
peer: 1
peer: 0
peer: 0
peer: 0
peer: 0
peer: 0
peer: 0
peer: 0
peer: 0
peer: 7
peer: 0
peer: 1
peer: 0
peer: 0
peer: 0
peer: 0
peer: 0
peer: 0
peer: 0
peer: 1
peer: 0
peer: 0
peer: 0
peer: 1
peer: 0
peer: 0
peer: 0
peer: 0
peer: 1
peer: 1
peer: 0
peer: 0
peer: 0
peer: 1
peer: 1
peer: 1
peer: 1
peer: 1
peer: 1
peer: 0
peer: 4
peer: 1
peer: 0
peer: 1
peer: 1
peer: 1
peer: 0
peer: 1
peer: 1
peer: 1
peer: 0
peer: 1
peer: 1
peer: 1
peer: 1
peer: 1
peer: 0
peer: 0
peer: 0
peer: 0
peer: 1
peer: 0
peer: 0
peer: 2
peer: 0
peer: 0
peer: 1
peer: 1
peer: 1
peer: 0
peer: 0
peer: 0
peer: 0
peer: 0
peer: 0
peer: 0
peer: 1
peer: 0
peer: 0
peer: 1
peer: 0
peer: 0
peer: 0
peer: 0
peer: 0
peer: 0
peer: 1
peer: 0
peer: 0
peer: 1
peer: 0
peer: 0
peer: 0
peer: 0
peer: 0
peer: 3
peer: 0
peer: 0
peer: 0
peer: 0
peer: 0
peer: 0
peer: 0
peer: 0
peer: 0
peer: 0
peer: 0
peer: 0
peer: 0
peer: 0
peer: 0
peer: 0
peer: 0
peer: 0
peer: 0
peer: 0
peer: 0
peer: 0
peer: 0
peer: 0
peer: 0
peer: 0
peer: 0
peer: 0
peer: 0
peer: 0
peer: 0
peer: 0
peer: 0
peer: 0
peer: 0
peer: 0
peer: 0
peer: 0
peer: 0
peer: 0
peer: 0
peer: 0
peer: 0
peer: 0
peer: 0
peer: 0
peer: 0
peer: 0
peer: 0
peer: 0
peer: 0
peer: 0
peer: 0
peer: 0
peer: 0
peer: 0
peer: 0
peer: 0
peer: 0
peer: 0
peer: 1
peer: 1
peer: 0
peer: 0
peer: 0
peer: 0
peer: 0
peer: 0
peer: 0
peer: 1
peer: 0
peer: 0
peer: 0
peer: 1
peer: 0
peer: 1
peer: 1
peer: 1
peer: 1
peer: 1
peer: 1
peer: 1
peer: 1
peer: 1
peer: 1
peer: 0
peer: 0
peer: 0
peer: 0
peer: 0
peer: 0
peer: 1
peer: 0
peer: 0
peer: 0
peer: 0
peer: 0
peer: 0
peer: 0
peer: 0
peer: 0
peer: 0
peer: 0
peer: 0
peer: 1
peer: 0
peer: 0
peer: 0
peer: 0
peer: 0
peer: 0
peer: 0
peer: 0
peer: 0
peer: 0
peer: 0
peer: 0
peer: 0
peer: 0
peer: 0
peer: 0
peer: 0
peer: 0
peer: 0
peer: 0
peer: 0
peer: 0
peer: 0
peer: 0
peer: 0
peer: 0
peer: 0
peer: 0
peer: 0
peer: 0
peer: 0
peer: 0
peer: 0
peer: 0
peer: 0
peer: 0
peer: 0
peer: 0
peer: 0
peer: 0
peer: 0
peer: 0
peer: 2
peer: 0
peer: 0
peer: 3
peer: 0
peer: 0
peer: 0
peer: 0
peer: 2
peer: 0
peer: 0
peer: 0
peer: 0
peer: 0
peer: 0
peer: 0
peer: 1
peer: 0
peer: 0
peer: 0
peer: 0
peer: 1
peer: 0
peer: 0
peer: 0
peer: 0
peer: 0
peer: 0
peer: 1
peer: 0
peer: 1
peer: 0
peer: 8
peer: 0
peer: 1
peer: 0
peer: 0
peer: 0
peer: 0
peer: 0
peer: 1
peer: 0
peer: 1
peer: 0
peer: 0
peer: 0
peer: 0
peer: 0
peer: 1
peer: 1
peer: 0
peer: 1
peer: 0
peer: 2
peer: 0
peer: 0
peer: 5
peer: 0
peer: 1
peer: 2
peer: 0
peer: 0
peer: 0
peer: 0
peer: 0
peer: 0
peer: 0
peer: 0
peer: 0
peer: 0
peer: 0
peer: 2
peer: 0
peer: 0
peer: 1
peer: 0
peer: 0
peer: 2
peer: 2
peer: 0
peer: 2
peer: 0
peer: 0
peer: 0
peer: 0
peer: 0
peer: 0
peer: 0
peer: 1
peer: 0
peer: 0
peer: 0
peer: 0
peer: 1
peer: 0
peer: 0
peer: 0
peer: 0
peer: 0
peer: 0
peer: 0
peer: 0
peer: 0
peer: 0
peer: 1
peer: 0
peer: 0
peer: 0
peer: 0
peer: 0
peer: 0
peer: 0
peer: 0
peer: 0
peer: 0
peer: 0
peer: 0
peer: 0
peer: 0
peer: 0
peer: 1
peer: 0
peer: 0
peer: 0
peer: 0
peer: 0
peer: 0
peer: 0
peer: 0
peer: 0
peer: 4
peer: 0
peer: 0
peer: 0
peer: 1
peer: 0
peer: 0
peer: 0
peer: 0
peer: 1
peer: 0
peer: 0
peer: 0
peer: 0
peer: 0
peer: 0
peer: 0
peer: 0
peer: 1
peer: 0
peer: 0
peer: 0
peer: 0
peer: 0
peer: 0
peer: 0
peer: 0
peer: 0
peer: 0
peer: 0
peer: 0
peer: 0
peer: 0
peer: 0
peer: 0
peer: 0
peer: 0
peer: 0
peer: 0
peer: 0
peer: 0
peer: 0
peer: 0
peer: 0
peer: 0
peer: 0
peer: 0
peer: 0
peer: 0
peer: 0
peer: 0
peer: 0
peer: 0
peer: 0
peer: 0
peer: 0
peer: 0
peer: 0
peer: 0
peer: 0
peer: 0
peer: 0
peer: 0
peer: 0
peer: 1
peer: 0
peer: 0
peer: 1
peer: 0
peer: 0
peer: 0
peer: 0
peer: 0
peer: 0
peer: 0
peer: 0
peer: 0
peer: 0
peer: 2
peer: 0
peer: 0
peer: 0
peer: 0
peer: 0
peer: 0
peer: 1
peer: 0
peer: 0
peer: 0
peer: 0
peer: 0
peer: 0
peer: 0
peer: 0
peer: 3
peer: 3
peer: 0
peer: 0
peer: 0
peer: 0
peer: 0
peer: 0
peer: 3
peer: 0
peer: 1
peer: 0
peer: 0
peer: 0
peer: 0
peer: 0
peer: 0
peer: 0
peer: 0
peer: 0
peer: 0
peer: 0
peer: 0
peer: 0
peer: 0
peer: 7
peer: 0
peer: 0
peer: 0
peer: 1
peer: 0
peer: 0
peer: 0
peer: 0
peer: 0
peer: 0
peer: 0
peer: 0
peer: 0
peer: 0
peer: 0
peer: 1
peer: 0
peer: 0
peer: 0
peer: 0
peer: 0
peer: 0
peer: 0
peer: 0
peer: 0
peer: 0
peer: 0
peer: 0
peer: 0
peer: 0
peer: 0
peer: 1
peer: 0
peer: 0
peer: 0
peer: 0
peer: 0
peer: 0
peer: 0
peer: 0
peer: 0
peer: 0
peer: 0
peer: 0
peer: 0
peer: 0
peer: 0
peer: 0
peer: 0
peer: 0
peer: 0
peer: 0
peer: 0
peer: 0
peer: 1
peer: 0
peer: 0
peer: 0
peer: 0
peer: 0
peer: 0
peer: 0
peer: 0
peer: 0
peer: 0
peer: 0
peer: 0
peer: 0
peer: 0
peer: 0
peer: 0
peer: 0
peer: 0
peer: 0
peer: 0
peer: 0
peer: 0
peer: 0
peer: 0
peer: 0
peer: 0
peer: 0
peer: 0
peer: 0
peer: 0
peer: 0
peer: 0
peer: 0
peer: 0
peer: 0
peer: 0
peer: 1
peer: 3
peer: 0
peer: 1
peer: 0
peer: 0
peer: 0
peer: 0
peer: 0
peer: 0
peer: 0
peer: 0
peer: 0
peer: 0
peer: 0
peer: 0
peer: 0
peer: 0
peer: 0
peer: 0
peer: 0
peer: 0
peer: 2
peer: 0
peer: 0
peer: 0
peer: 2
peer: 0
peer: 0
peer: 0
peer: 0
peer: 0
peer: 0
peer: 0
peer: 0
peer: 0
peer: 0
peer: 0
peer: 0
peer: 0
peer: 0
peer: 0
peer: 0
peer: 0
peer: 0
peer: 0
peer: 0
peer: 0
peer: 0
peer: 0
peer: 0
peer: 0
peer: 0
peer: 0
peer: 0
peer: 0
peer: 0
peer: 0
peer: 0
peer: 0
peer: 0
peer: 0
peer: 0
peer: 0
peer: 0
peer: 0
peer: 0
peer: 0
peer: 0
peer: 0
peer: 0
peer: 1
peer: 1
peer: 1
peer: 0
peer: 0
peer: 0
peer: 0
peer: 0
peer: 0
peer: 0
peer: 0
peer: 0
peer: 0
peer: 0
peer: 1
peer: 0
peer: 0
peer: 2
peer: 0
peer: 0
peer: 0
peer: 0
peer: 0
peer: 0
peer: 0
peer: 0
peer: 0
peer: 0
peer: 0
peer: 0
peer: 0
peer: 0
peer: 0
peer: 0
peer: 0
peer: 0
peer: 0
peer: 0
peer: 0
peer: 0
peer: 0
peer: 0
peer: 0
peer: 0
peer: 0
peer: 0
peer: 0
peer: 0
peer: 0
peer: 0
peer: 0
peer: 0
peer: 0
peer: 0
peer: 0
peer: 0
peer: 0
peer: 0
peer: 0
peer: 0
peer: 1
peer: 0
peer: 0
peer: 0
peer: 0
peer: 0
peer: 0
peer: 0
peer: 0
peer: 0
peer: 0
peer: 0
peer: 0
peer: 0
peer: 0
peer: 0
peer: 1
peer: 1
peer: 0
peer: 0
peer: 0
peer: 0
peer: 0
peer: 0
peer: 0
peer: 0
peer: 0
peer: 0
peer: 0
peer: 0
peer: 0
peer: 0
peer: 0
peer: 2
peer: 0
peer: 0
peer: 0
peer: 0
peer: 0
peer: 0
peer: 0
peer: 0
peer: 0
peer: 0
peer: 0
peer: 0
peer: 0
peer: 0
peer: 0
peer: 0
peer: 0
peer: 0
peer: 0
peer: 0
peer: 0
peer: 1
peer: 1
peer: 0
peer: 0
peer: 0
peer: 0
peer: 0
peer: 0
peer: 0
peer: 0
peer: 1
peer: 0
peer: 0
peer: 0
peer: 0
peer: 0
peer: 0
peer: 0
peer: 0
peer: 0
peer: 1
peer: 0
peer: 0
peer: 0
peer: 0
peer: 0
peer: 0
peer: 0
peer: 0
peer: 0
peer: 0
peer: 0
peer: 0
peer: 0
peer: 0
peer: 0
peer: 0
peer: 0
peer: 0
peer: 0
peer: 0
peer: 0
peer: 0
peer: 0
peer: 0
peer: 0
peer: 0
peer: 0
peer: 0
peer: 0
peer: 0
peer: 0
peer: 0
peer: 0
peer: 0
peer: 0
peer: 0
peer: 0
peer: 0
peer: 0
peer: 0
peer: 0
peer: 0
peer: 0
peer: 0
peer: 1
peer: 0
peer: 0
peer: 0
peer: 0
peer: 1
peer: 0
peer: 0
peer: 0
peer: 0
peer: 1
peer: 0
peer: 0
peer: 0
peer: 0
peer: 1
peer: 1
peer: 1
peer: 1
peer: 1
peer: 0
peer: 0
peer: 0
peer: 0
peer: 0
peer: 0
peer: 0
peer: 1
peer: 0
peer: 0
peer: 0
peer: 1
peer: 1
peer: 1
peer: 0
peer: 0
peer: 0
peer: 0
peer: 0
peer: 0
peer: 0
peer: 0
peer: 0
peer: 0
peer: 0
peer: 0
peer: 0
peer: 0
peer: 0
peer: 0
peer: 0
peer: 0
peer: 0
peer: 0
peer: 0
peer: 0
peer: 0
peer: 0
peer: 0
peer: 0
peer: 0
peer: 0
peer: 0
peer: 0
peer: 0
peer: 0
peer: 0
peer: 0
peer: 0
peer: 0
peer: 0
peer: 0
peer: 0
peer: 0
peer: 0
peer: 0
peer: 0
peer: 0
peer: 0
peer: 0
peer: 0
peer: 0
peer: 0
peer: 0
peer: 0
peer: 0
peer: 0
peer: 0
peer: 0
peer: 0
peer: 0
peer: 0
peer: 0
peer: 0
peer: 1
peer: 1
peer: 0
peer: 0
peer: 0
peer: 0
peer: 1
peer: 0
peer: 0
peer: 0
peer: 0
peer: 0
peer: 0
peer: 0
peer: 0
peer: 0
peer: 0
peer: 0
peer: 0
peer: 0
peer: 0
peer: 0
peer: 2
peer: 4
peer: 0
peer: 1
peer: 0
peer: 6
peer: 0
peer: 0
peer: 0
peer: 0
peer: 0
peer: 1
peer: 0
peer: 0
peer: 0
peer: 1
peer: 0
peer: 0
peer: 0
peer: 0
peer: 0
peer: 0
peer: 0
peer: 0
peer: 0
peer: 0
peer: 0
peer: 1
peer: 0
peer: 0
peer: 0
peer: 0
peer: 0
peer: 0
peer: 0
peer: 0
peer: 0
peer: 0
peer: 0
peer: 0
peer: 0
peer: 0
peer: 0
peer: 0
peer: 0
peer: 0
peer: 0
peer: 0
peer: 0
peer: 0
peer: 0
peer: 0
peer: 3
peer: 0
peer: 0
peer: 0
peer: 0
peer: 2
peer: 0
peer: 0
peer: 0
peer: 0
peer: 0
peer: 0
peer: 0
peer: 0
peer: 0
peer: 0
peer: 0
peer: 0
peer: 0
peer: 1
peer: 1
peer: 0
peer: 0
peer: 0
peer: 6
peer: 0
peer: 0
peer: 12
peer: 1
peer: 0
peer: 0
peer: 0
peer: 2
peer: 0
peer: 0
peer: 0
peer: 0
peer: 0
peer: 0
peer: 0
peer: 0
peer: 0
peer: 0
peer: 0
peer: 0
peer: 0
peer: 0
peer: 0
peer: 0
peer: 0
peer: 0
peer: 0
peer: 0
peer: 0
peer: 1
peer: 0
peer: 0
peer: 0
peer: 0
peer: 0
peer: 0
peer: 0
peer: 0
peer: 0
peer: 0
peer: 0
peer: 0
peer: 0
peer: 0
peer: 0
peer: 0
peer: 0
peer: 0
peer: 0
peer: 0
peer: 0
peer: 0
peer: 0
peer: 0
peer: 0
peer: 0
peer: 1
peer: 0
peer: 0
peer: 0
peer: 0
peer: 0
peer: 0
peer: 0
peer: 0
peer: 0
peer: 0
peer: 0
peer: 0
peer: 0
peer: 0
peer: 0
peer: 0
peer: 0
peer: 0
peer: 0
peer: 0
peer: 0
peer: 0
peer: 0
peer: 0
peer: 0
peer: 0
peer: 0
peer: 0
peer: 0
peer: 0
peer: 0
peer: 0
peer: 0
peer: 1
peer: 0
peer: 0
peer: 0
peer: 0
peer: 0
peer: 0
peer: 0
peer: 0
peer: 0
peer: 0
peer: 0
peer: 0
peer: 0
peer: 0
peer: 0
peer: 0
peer: 0
peer: 0
peer: 0
peer: 0
peer: 0
peer: 0
peer: 0
peer: 0
peer: 0
peer: 0
peer: 0
peer: 0
peer: 0
peer: 0
peer: 0
peer: 0
peer: 0
peer: 0
peer: 0
peer: 0
peer: 0
peer: 0
peer: 0
peer: 0
peer: 0
peer: 0
peer: 0
peer: 0
peer: 0
peer: 0
peer: 0
peer: 0
peer: 0
peer: 0
peer: 0
peer: 0
peer: 0
peer: 0
peer: 0
peer: 0
peer: 0
peer: 0
peer: 0
peer: 0
peer: 0
peer: 0
peer: 0
peer: 0
peer: 0
peer: 0
peer: 0
peer: 0
peer: 0
peer: 0
peer: 0
peer: 0
peer: 0
peer: 0
peer: 0
peer: 0
peer: 0
peer: 0
peer: 0
peer: 0
peer: 0
peer: 0
peer: 0
peer: 0
peer: 0
peer: 0
peer: 0
peer: 0
peer: 0
peer: 0
peer: 0
peer: 0
peer: 0
peer: 0
peer: 0
peer: 0
peer: 0
peer: 0
peer: 0
peer: 0
peer: 0
peer: 0
peer: 0
peer: 0
peer: 0
peer: 0
peer: 0
peer: 0
peer: 0
peer: 0
peer: 0
peer: 0
peer: 0
peer: 0
peer: 0
peer: 0
peer: 0
peer: 0
peer: 0
peer: 0
peer: 0
peer: 0
peer: 0
peer: 0
peer: 0
peer: 0
peer: 0
peer: 0
peer: 0
peer: 0
peer: 0
peer: 0
peer: 0
peer: 0
peer: 0
peer: 0
peer: 0
peer: 0
peer: 0
peer: 0
peer: 0
peer: 0
peer: 0
peer: 0
peer: 0
peer: 0
peer: 0
peer: 0
peer: 0
peer: 0
peer: 0
peer: 0
peer: 0
peer: 0
peer: 0
peer: 0
peer: 0
peer: 0
peer: 0
peer: 0
peer: 0
peer: 0
peer: 0
peer: 0
peer: 0
peer: 0
peer: 0
peer: 0
peer: 0
peer: 0
peer: 0
peer: 0
peer: 0
peer: 0
peer: 0
peer: 0
peer: 0
peer: 0
peer: 0
peer: 0
peer: 0
peer: 0
peer: 0
peer: 0
peer: 0
peer: 0
peer: 0
peer: 0
peer: 0
peer: 0
peer: 0
peer: 0
peer: 0
peer: 0
peer: 0
peer: 0
peer: 0
peer: 0
peer: 0
peer: 0
peer: 0
peer: 0
peer: 0
peer: 0
peer: 0
peer: 0
peer: 0
peer: 0
peer: 0
peer: 0
peer: 0
peer: 0
peer: 0
peer: 0
peer: 0
peer: 0
peer: 0
peer: 0
peer: 0
peer: 0
peer: 0
peer: 1
peer: 2
peer: 0
peer: 0
peer: 0
peer: 0
peer: 0
peer: 0
peer: 1
peer: 0
peer: 0
peer: 4
peer: 0
peer: 0
peer: 0
peer: 1
peer: 0
peer: 0
peer: 0
peer: 0
peer: 1
peer: 0
peer: 0
peer: 0
peer: 0
peer: 2
peer: 0
peer: 0
peer: 0
peer: 0
peer: 0
peer: 0
peer: 0
peer: 0
peer: 1
peer: 0
peer: 0
peer: 0
peer: 0
peer: 0
peer: 0
peer: 0
peer: 0
peer: 0
peer: 0
peer: 0
peer: 0
peer: 0
peer: 0
peer: 0
peer: 0
peer: 1
peer: 0
peer: 0
peer: 1
peer: 0
peer: 0
peer: 0
peer: 0
peer: 0
peer: 0
peer: 0
peer: 0
peer: 1
peer: 0
peer: 0
peer: 0
peer: 0
peer: 0
peer: 0
peer: 0
peer: 0
peer: 0
peer: 0
peer: 0
peer: 0
peer: 0
peer: 0
peer: 0
peer: 0
peer: 0
peer: 0
peer: 0
peer: 0
peer: 1
peer: 0
peer: 0
peer: 0
peer: 0
peer: 0
peer: 0
peer: 0
peer: 0
peer: 0
peer: 0
peer: 0
peer: 0
peer: 0
peer: 0
peer: 0
peer: 0
peer: 0
peer: 0
peer: 2
peer: 0
peer: 0
peer: 0
peer: 0
peer: 0
peer: 0
peer: 0
peer: 0
peer: 0
peer: 0
peer: 0
peer: 0
peer: 0
peer: 0
peer: 0
peer: 0
peer: 0
peer: 0
peer: 0
peer: 0
peer: 0
peer: 0
peer: 0
peer: 0
peer: 0
peer: 0
peer: 0
peer: 0
peer: 0
peer: 0
peer: 0
peer: 0
peer: 0
peer: 0
peer: 0
peer: 0
peer: 0
peer: 0
peer: 0
peer: 0
peer: 0
peer: 0
peer: 0
peer: 1
peer: 0
peer: 0
peer: 0
peer: 0
peer: 0
peer: 0
peer: 0
peer: 0
peer: 2
peer: 0
peer: 0
peer: 0
peer: 0
peer: 0
peer: 0
peer: 0
peer: 1
peer: 0
peer: 0
peer: 0
peer: 0
peer: 0
peer: 0
peer: 0
peer: 0
peer: 0
peer: 0
peer: 0
peer: 0
peer: 0
peer: 0
peer: 0
peer: 0
peer: 0
peer: 0
peer: 0
peer: 2
peer: 0
peer: 0
peer: 0
peer: 0
peer: 0
peer: 0
peer: 1
peer: 1
peer: 1
peer: 1
peer: 0
peer: 0
peer: 0
peer: 0
peer: 0
peer: 4
peer: 0
peer: 0
peer: 0
peer: 0
peer: 0
peer: 0
peer: 0
peer: 0
peer: 0
peer: 0
peer: 0
peer: 0
peer: 0
peer: 1
peer: 0
peer: 0
peer: 0
peer: 0
peer: 0
peer: 0
peer: 0
peer: 0
peer: 0
peer: 0
peer: 0
peer: 0
peer: 0
peer: 0
peer: 0
peer: 0
peer: 0
peer: 0
peer: 4
peer: 0
peer: 0
peer: 0
peer: 1
peer: 0
peer: 0
peer: 0
peer: 0
peer: 0
peer: 0
peer: 0
peer: 0
peer: 0
peer: 1
peer: 0
peer: 0
peer: 0
peer: 0
peer: 0
peer: 0
peer: 1
peer: 2
peer: 0
peer: 16
peer: 0
peer: 0
peer: 0
peer: 0
peer: 0
peer: 0
peer: 0
peer: 0
peer: 0
peer: 0
peer: 0
peer: 0
peer: 2
peer: 0
peer: 4
peer: 0
peer: 0
peer: 0
peer: 0
peer: 0
peer: 0
peer: 0
peer: 0
peer: 0
peer: 0
peer: 0
peer: 0
peer: 0
peer: 0
peer: 0
peer: 0
peer: 0
peer: 0
peer: 0
peer: 0
peer: 0
peer: 0
peer: 0
peer: 0
peer: 0
peer: 0
peer: 0
peer: 0
peer: 0
peer: 0
peer: 0
peer: 0
peer: 0
peer: 0
peer: 0
peer: 0
peer: 0
peer: 0
peer: 0
peer: 0
peer: 0
peer: 0
peer: 0
peer: 0
peer: 0
peer: 0
peer: 0
peer: 0
peer: 0
peer: 0
peer: 0
peer: 0
peer: 0
peer: 0
peer: 1
peer: 0
peer: 0
peer: 0
peer: 0
peer: 0
peer: 0
peer: 0
peer: 0
peer: 0
peer: 0
peer: 0
peer: 0
peer: 0
peer: 48
peer: 0
peer: 0
peer: 0
peer: 0
peer: 0
peer: 0
peer: 0
peer: 0
peer: 0
peer: 0
peer: 0
peer: 0
peer: 0
peer: 0
peer: 0
peer: 0
peer: 0
peer: 0
peer: 0
peer: 0
peer: 0
peer: 0
peer: 0
peer: 0
peer: 0
peer: 0
peer: 0
peer: 0
peer: 0
peer: 0
peer: 1
peer: 0
peer: 0
peer: 0
peer: 0
peer: 0
peer: 0
peer: 0
peer: 0
peer: 0
peer: 0
peer: 0
peer: 0
peer: 0
peer: 0
peer: 0
peer: 0
peer: 1
peer: 0
peer: 0
peer: 0
peer: 0
peer: 0
peer: 0
peer: 0
peer: 0
peer: 1
peer: 0
peer: 0
peer: 0
peer: 0
peer: 0
peer: 1
peer: 0
peer: 0
peer: 0
peer: 0
peer: 0
peer: 0
peer: 1
peer: 1
peer: 1
peer: 1
peer: 1
peer: 1
peer: 1
peer: 1
peer: 1
peer: 1
peer: 1
peer: 1
peer: 1
peer: 1
peer: 1
peer: 0
peer: 0
peer: 0
peer: 0
peer: 0
peer: 0
peer: 0
peer: 0
peer: 1
peer: 0
peer: 0
peer: 0
peer: 0
peer: 0
peer: 0
peer: 0
peer: 0
peer: 0
peer: 0
peer: 0
peer: 1
peer: 0
peer: 0
peer: 0
peer: 0
peer: 0
peer: 0
peer: 0
peer: 0
peer: 0
peer: 0
peer: 0
peer: 1
peer: 0
peer: 0
peer: 0
peer: 0
peer: 0
peer: 0
peer: 0
peer: 0
peer: 0
peer: 0
peer: 0
peer: 0
peer: 0
peer: 0
peer: 0
peer: 0
peer: 0
peer: 0
peer: 0
peer: 0
peer: 0
peer: 0
peer: 0
peer: 0
peer: 0
peer: 0
peer: 0
peer: 0
peer: 0
peer: 1
peer: 0
peer: 0
peer: 0
peer: 0
peer: 0
peer: 0
peer: 0
peer: 0
peer: 0
peer: 0
peer: 4
peer: 0
peer: 0
peer: 1
peer: 0
peer: 0
peer: 0
peer: 0
peer: 0
peer: 0
peer: 0
peer: 0
peer: 0
peer: 0
peer: 0
peer: 0
peer: 0
peer: 0
peer: 0
peer: 0
peer: 0
peer: 0
peer: 0
peer: 0
peer: 0
peer: 0
peer: 0
peer: 0
peer: 0
peer: 0
peer: 0
peer: 0
peer: 2
peer: 0
peer: 0
peer: 0
peer: 0
peer: 0
peer: 0
peer: 0
peer: 0
peer: 0
peer: 0
peer: 0
peer: 0
peer: 0
peer: 0
peer: 0
peer: 0
peer: 0
peer: 0
peer: 3
peer: 0
peer: 0
peer: 0
peer: 0
peer: 0
peer: 0
peer: 0
peer: 0
peer: 0
peer: 0
peer: 0
peer: 2
peer: 0
peer: 4
peer: 2
peer: 0
peer: 0
peer: 0
peer: 3
peer: 1
peer: 0
peer: 0
peer: 0
peer: 6
peer: 1
peer: 6
peer: 0
peer: 0
peer: 3
peer: 0
peer: 0
peer: 0
peer: 0
peer: 0
peer: 0
peer: 0
peer: 0
peer: 0
peer: 0
peer: 0
peer: 0
peer: 0
peer: 0
peer: 0
peer: 0
peer: 0
peer: 0
peer: 0
peer: 0
peer: 0
peer: 0
peer: 0
peer: 0
peer: 0
peer: 0
peer: 1
peer: 0
peer: 0
peer: 0
peer: 0
peer: 0
peer: 0
peer: 0
peer: 0
peer: 0
peer: 1
peer: 0
peer: 0
peer: 0
peer: 0
peer: 0
peer: 1
peer: 0
peer: 0
peer: 0
peer: 0
peer: 0
peer: 0
peer: 0
peer: 0
peer: 0
peer: 1
peer: 0
peer: 0
peer: 0
peer: 0
peer: 0
peer: 0
peer: 0
peer: 0
peer: 0
peer: 0
peer: 0
peer: 0
peer: 0
peer: 0
peer: 0
peer: 0
peer: 1
peer: 0
peer: 0
peer: 0
peer: 0
peer: 0
peer: 0
peer: 0
peer: 0
peer: 0
peer: 0
peer: 0
peer: 0
peer: 0
peer: 0
peer: 0
peer: 0
peer: 0
peer: 1
peer: 0
peer: 0
peer: 0
peer: 0
peer: 1
peer: 0
peer: 0
peer: 0
peer: 0
peer: 0
peer: 2
peer: 0
peer: 0
peer: 0
peer: 0
peer: 0
peer: 0
peer: 0
peer: 0
peer: 0
peer: 0
peer: 0
peer: 3
peer: 0
peer: 0
peer: 0
peer: 0
peer: 0
peer: 0
peer: 0
peer: 0
peer: 0
peer: 0
peer: 1
peer: 0
peer: 0
peer: 0
peer: 0
peer: 1
peer: 0
peer: 1
peer: 0
peer: 0
peer: 1
peer: 0
peer: 0
peer: 0
peer: 0
peer: 0
peer: 0
peer: 0
peer: 0
peer: 0
peer: 0
peer: 0
peer: 0
peer: 0
peer: 0
peer: 0
peer: 2
peer: 0
peer: 0
peer: 0
peer: 0
peer: 0
peer: 0
peer: 0
peer: 0
peer: 0
peer: 0
peer: 0
peer: 0
peer: 0
peer: 0
peer: 0
peer: 0
peer: 0
peer: 0
peer: 0
peer: 2
peer: 1
peer: 0
peer: 0
peer: 0
peer: 0
peer: 0
peer: 0
peer: 0
peer: 0
peer: 1
peer: 0
peer: 0
peer: 0
peer: 0
peer: 0
peer: 0
peer: 4
peer: 0
peer: 0
peer: 0
peer: 0
peer: 0
peer: 0
peer: 0
peer: 0
peer: 0
peer: 0
peer: 0
peer: 0
peer: 0
peer: 0
peer: 0
peer: 0
peer: 0
peer: 0
peer: 0
peer: 0
peer: 0
peer: 0
peer: 0
peer: 0
peer: 0
peer: 0
peer: 0
peer: 0
peer: 0
peer: 0
peer: 1
peer: 0
peer: 0
peer: 0
peer: 0
peer: 0
peer: 1
peer: 0
peer: 0
peer: 0
peer: 0
peer: 0
peer: 5
peer: 0
peer: 0
peer: 2
peer: 0
peer: 0
peer: 0
peer: 0
peer: 0
peer: 0
peer: 0
peer: 0
peer: 1
peer: 0
peer: 0
peer: 1
peer: 0
peer: 1
peer: 1
peer: 0
peer: 0
peer: 0
peer: 0
peer: 0
peer: 0
peer: 0
peer: 0
peer: 0
peer: 0
peer: 0
peer: 0
peer: 0
peer: 0
peer: 0
peer: 0
peer: 0
peer: 0
peer: 0
peer: 0
peer: 0
peer: 0
peer: 0
peer: 0
peer: 0
peer: 0
peer: 1
peer: 0
peer: 0
peer: 0
peer: 0
peer: 0
peer: 0
peer: 3
peer: 0
peer: 0
peer: 0
peer: 0
peer: 0
peer: 2
peer: 0
peer: 0
peer: 0
peer: 0
peer: 0
peer: 0
peer: 3
peer: 0
peer: 2
peer: 0
peer: 0
peer: 0
peer: 0
peer: 0
peer: 0
peer: 1
peer: 0
peer: 0
peer: 0
peer: 0
peer: 1
peer: 0
peer: 0
peer: 0
peer: 0
peer: 0
peer: 1
peer: 1
peer: 1
peer: 1
peer: 1
peer: 0
peer: 0
peer: 0
peer: 5
peer: 0
peer: 1
peer: 0
peer: 2
peer: 0
peer: 0
peer: 0
peer: 0
peer: 0
peer: 0
peer: 0
peer: 0
peer: 0
peer: 1
peer: 0
peer: 0
peer: 0
peer: 0
peer: 3
peer: 3
peer: 0
peer: 0
peer: 1
peer: 0
peer: 0
peer: 0
peer: 0
peer: 0
peer: 0
peer: 0
peer: 0
peer: 0
peer: 0
peer: 0
peer: 0
peer: 0
peer: 0
peer: 0
peer: 0
peer: 0
peer: 0
peer: 0
peer: 0
peer: 0
peer: 0
peer: 0
peer: 0
peer: 0
peer: 0
peer: 0
peer: 0
peer: 0
peer: 0
peer: 0
peer: 0
peer: 0
peer: 0
peer: 0
peer: 0
peer: 0
peer: 0
peer: 0
peer: 0
peer: 0
peer: 2
peer: 0
peer: 0
peer: 0
peer: 0
peer: 0
peer: 0
peer: 0
peer: 0
peer: 0
peer: 0
peer: 2
peer: 0
peer: 0
peer: 0
peer: 0
peer: 0
peer: 0
peer: 0
peer: 0
peer: 0
peer: 0
peer: 2
peer: 0
peer: 0
peer: 0
peer: 0
peer: 0
peer: 0
peer: 0
peer: 0
peer: 0
peer: 0
peer: 0
peer: 0
peer: 1
peer: 0
peer: 1
peer: 0
peer: 0
peer: 0
peer: 0
peer: 0
peer: 0
peer: 0
peer: 0
peer: 0
peer: 3
peer: 0
peer: 0
peer: 0
peer: 0
peer: 0
peer: 0
peer: 0
peer: 0
peer: 0
peer: 0
peer: 0
peer: 0
peer: 0
peer: 0
peer: 0
peer: 0
peer: 1
peer: 0
peer: 0
peer: 0
peer: 0
peer: 0
peer: 0
peer: 0
peer: 0
peer: 0
peer: 0
peer: 0
peer: 0
peer: 0
peer: 0
peer: 0
peer: 0
peer: 0
peer: 0
peer: 1
peer: 0
peer: 0
peer: 2
peer: 0
peer: 0
peer: 0
peer: 0
peer: 2
peer: 0
peer: 0
peer: 0
peer: 0
peer: 0
peer: 0
peer: 0
peer: 0
peer: 0
peer: 0
peer: 0
peer: 0
peer: 0
peer: 0
peer: 4
peer: 2
peer: 0
peer: 2
peer: 0
peer: 0
peer: 4
peer: 0
peer: 0
peer: 0
peer: 1
peer: 0
peer: 0
peer: 0
peer: 0
peer: 0
peer: 1
peer: 2
peer: 0
peer: 0
peer: 0
peer: 0
peer: 0
peer: 2
peer: 0
peer: 0
peer: 0
peer: 0
peer: 0
peer: 2
peer: 1
peer: 0
peer: 13
peer: 1
peer: 0
peer: 1
peer: 0
peer: 0
peer: 0
peer: 0
peer: 1
peer: 1
peer: 0
peer: 2
peer: 0
peer: 1
peer: 0
peer: 0
peer: 0
peer: 0
peer: 0
peer: 0
peer: 2
peer: 0
peer: 0
peer: 0
peer: 0
peer: 0
peer: 0
peer: 0
peer: 0
peer: 0
peer: 0
peer: 0
peer: 0
peer: 1
peer: 0
peer: 0
peer: 0
peer: 0
peer: 0
peer: 2
peer: 0
peer: 0
peer: 0
peer: 0
peer: 0
peer: 0
peer: 0
peer: 2
peer: 0
peer: 2
peer: 0
peer: 0
peer: 2
peer: 0
peer: 0
peer: 0
peer: 2
peer: 0
peer: 0
peer: 0
peer: 1
peer: 2
peer: 0
peer: 0
peer: 1
peer: 0
peer: 0
peer: 0
peer: 0
peer: 2
peer: 0
peer: 0
peer: 1
peer: 1
peer: 2
peer: 0
peer: 0
peer: 0
peer: 0
peer: 0
peer: 0
peer: 0
peer: 0
peer: 0
peer: 0
peer: 0
peer: 0
peer: 1
peer: 0
peer: 0
peer: 0
peer: 0
peer: 0
peer: 0
peer: 0
peer: 0
peer: 0
peer: 0
peer: 1
peer: 0
peer: 0
peer: 0
peer: 0
peer: 0
peer: 0
peer: 2
peer: 0
peer: 0
peer: 0
peer: 0
peer: 0
peer: 0
peer: 0
peer: 0
peer: 0
peer: 0
peer: 1
peer: 0
peer: 0
peer: 0
peer: 0
peer: 0
peer: 0
peer: 3
peer: 0
peer: 0
peer: 2
peer: 0
peer: 0
peer: 0
peer: 0
peer: 0
peer: 0
peer: 0
peer: 0
peer: 1
peer: 0
peer: 0
peer: 2
peer: 2
peer: 0
peer: 2
peer: 0
peer: 0
peer: 2
peer: 0
peer: 2
peer: 0
peer: 2
peer: 0
peer: 2
peer: 0
peer: 0
peer: 2
peer: 2
peer: 0
peer: 0
peer: 0
peer: 2
peer: 2
peer: 2
peer: 2
peer: 0
peer: 1
peer: 0
peer: 0
peer: 2
peer: 2
peer: 2
peer: 2
peer: 2
peer: 0
peer: 0
peer: 0
peer: 0
peer: 0
peer: 1
peer: 0
peer: 0
peer: 0
peer: 0
peer: 0
peer: 0
peer: 1
peer: 0
peer: 0
peer: 0
peer: 0
peer: 0
peer: 0
peer: 0
peer: 3
peer: 0
peer: 0
peer: 0
peer: 0
peer: 0
peer: 0
peer: 0
peer: 0
peer: 0
peer: 0
peer: 0
peer: 0
peer: 0
peer: 0
peer: 0
peer: 2
peer: 0
peer: 0
peer: 0
peer: 0
peer: 0
peer: 0
peer: 0
peer: 0
peer: 0
peer: 0
peer: 0
peer: 0
peer: 0
peer: 0
peer: 0
peer: 0
peer: 0
peer: 0
peer: 0
peer: 0
peer: 0
peer: 0
peer: 0
peer: 0
peer: 1
peer: 0
peer: 0
peer: 0
peer: 0
peer: 0
peer: 0
peer: 0
peer: 3
peer: 2
peer: 0
peer: 0
peer: 2
peer: 0
peer: 0
peer: 0
peer: 0
peer: 1
peer: 1
peer: 0
peer: 0
peer: 0
peer: 0
peer: 0
peer: 0
peer: 0
peer: 0
peer: 0
peer: 0
peer: 0
peer: 0
peer: 0
peer: 0
peer: 0
peer: 0
peer: 1
peer: 0
peer: 0
peer: 0
peer: 0
peer: 0
peer: 0
peer: 0
peer: 0
peer: 0
peer: 0
peer: 0
peer: 1
peer: 0
peer: 0
peer: 0
peer: 0
peer: 0
peer: 0
peer: 0
peer: 0
peer: 0
peer: 0
peer: 0
peer: 0
peer: 0
peer: 0
peer: 0
peer: 0
peer: 0
peer: 0
peer: 0
peer: 0
peer: 0
peer: 0
peer: 0
peer: 0
peer: 0
peer: 0
peer: 0
peer: 0
peer: 0
peer: 0
peer: 0
peer: 0
peer: 0
peer: 0
peer: 0
peer: 0
peer: 0
peer: 0
peer: 0
peer: 0
peer: 0
peer: 0
peer: 0
peer: 1
peer: 0
peer: 0
peer: 0
peer: 1
peer: 0
peer: 0
peer: 0
peer: 0
peer: 0
peer: 0
peer: 0
peer: 0
peer: 2
peer: 0
peer: 0
peer: 0
peer: 1
peer: 0
peer: 0
peer: 2
peer: 0
peer: 0
peer: 0
peer: 0
peer: 0
peer: 0
peer: 0
peer: 0
peer: 0
peer: 0
peer: 0
peer: 0
peer: 0
peer: 0
peer: 0
peer: 0
peer: 0
peer: 0
peer: 0
peer: 0
peer: 0
peer: 1
peer: 0
peer: 2
peer: 0
peer: 0
peer: 0
peer: 0
peer: 0
peer: 0
peer: 0
peer: 2
peer: 0
peer: 0
peer: 0
peer: 0
peer: 0
peer: 6
peer: 0
peer: 0
peer: 2
peer: 0
peer: 0
peer: 0
peer: 0
peer: 1
peer: 0
peer: 0
peer: 0
peer: 2
peer: 0
peer: 0
peer: 1
peer: 0
peer: 0
peer: 0
peer: 0
peer: 0
peer: 0
peer: 1
peer: 1
peer: 1
peer: 0
peer: 1
peer: 0
peer: 1
peer: 0
peer: 0
peer: 0
peer: 0
peer: 0
peer: 1
peer: 0
peer: 0
peer: 0
peer: 0
peer: 1
peer: 1
peer: 2
peer: 0
peer: 0
peer: 1
peer: 1
peer: 0
peer: 0
peer: 0
peer: 0
peer: 0
peer: 0
peer: 0
peer: 0
peer: 0
peer: 0
peer: 1
peer: 0
peer: 0
peer: 0
peer: 0
peer: 1
peer: 0
peer: 0
peer: 1
peer: 3
peer: 2
peer: 0
peer: 0
peer: 1
peer: 0
peer: 0
peer: 1
peer: 0
peer: 1
peer: 0
peer: 0
peer: 0
peer: 0
peer: 0
peer: 0
peer: 0
peer: 0
peer: 0
peer: 0
peer: 1
peer: 0
peer: 0
peer: 0
peer: 0
peer: 0
peer: 0
peer: 0
peer: 0
peer: 0
peer: 0
peer: 0
peer: 0
peer: 0
peer: 0
peer: 0
peer: 0
peer: 0
peer: 0
peer: 0
peer: 0
peer: 0
peer: 0
peer: 0
peer: 0
peer: 0
peer: 0
peer: 0
peer: 0
peer: 1
peer: 1
peer: 0
peer: 0
peer: 0
peer: 1
peer: 0
peer: 0
peer: 0
peer: 0
peer: 0
peer: 0
peer: 0
peer: 2
peer: 1
peer: 0
peer: 0
peer: 0
peer: 0
peer: 0
peer: 0
peer: 0
peer: 0
peer: 0
peer: 0
peer: 0
peer: 0
peer: 0
peer: 0
peer: 0
peer: 0
peer: 0
peer: 0
peer: 0
peer: 0
peer: 0
peer: 0
peer: 0
peer: 0
peer: 0
peer: 0
peer: 0
peer: 0
peer: 0
peer: 0
peer: 0
peer: 0
peer: 0
peer: 0
peer: 0
peer: 0
peer: 1
peer: 0
peer: 0
peer: 1
peer: 2
peer: 0
peer: 1
peer: 0
peer: 0
peer: 0
peer: 0
peer: 0
peer: 0
peer: 0
peer: 1
peer: 0
peer: 0
peer: 0
peer: 0
peer: 0
peer: 0
peer: 0
peer: 0
peer: 0
peer: 0
peer: 0
peer: 1
peer: 0
peer: 0
peer: 0
peer: 0
peer: 1
peer: 0
peer: 1
peer: 0
peer: 0
peer: 0
peer: 0
peer: 0
peer: 0
peer: 0
peer: 0
peer: 0
peer: 2
peer: 0
peer: 0
peer: 0
peer: 0
peer: 0
peer: 0
peer: 0
peer: 0
peer: 0
peer: 0
peer: 0
peer: 0
peer: 4
peer: 0
peer: 0
peer: 0
peer: 0
peer: 2
peer: 0
peer: 0
peer: 0
peer: 0
peer: 0
peer: 0
peer: 0
peer: 0
peer: 0
peer: 0
peer: 0
peer: 0
peer: 0
peer: 0
peer: 0
peer: 0
peer: 0
peer: 0
peer: 0
peer: 0
peer: 0
peer: 0
peer: 1
peer: 0
peer: 0
peer: 0
peer: 0
peer: 0
peer: 0
peer: 0
peer: 0
peer: 0
peer: 0
peer: 0
peer: 0
peer: 0
peer: 1
peer: 0
peer: 0
peer: 0
peer: 0
peer: 1
peer: 0
peer: 3
peer: 0
peer: 0
peer: 1
peer: 0
peer: 2
peer: 0
peer: 0
peer: 0
peer: 0
peer: 0
peer: 2
peer: 0
peer: 0
peer: 0
peer: 0
peer: 0
peer: 0
peer: 0
peer: 1
peer: 0
peer: 0
peer: 0
peer: 0
peer: 0
peer: 0
peer: 0
peer: 0
peer: 0
peer: 0
peer: 0
peer: 0
peer: 0
peer: 0
peer: 0
peer: 0
peer: 0
peer: 0
peer: 0
peer: 0
peer: 3
peer: 0
peer: 0
peer: 0
peer: 0
peer: 0
peer: 0
peer: 0
peer: 0
peer: 1
peer: 2
peer: 0
peer: 0
peer: 0
peer: 0
peer: 0
peer: 0
peer: 0
peer: 0
peer: 0
peer: 0
peer: 0
peer: 0
peer: 1
peer: 0
peer: 0
peer: 0
peer: 2
peer: 0
peer: 0
peer: 0
peer: 0
peer: 0
peer: 0
peer: 0
peer: 0
peer: 0
peer: 0
peer: 0
peer: 1
peer: 0
peer: 0
peer: 0
peer: 0
peer: 0
peer: 0
peer: 3
peer: 0
peer: 0
peer: 0
peer: 0
peer: 0
peer: 1
peer: 0
peer: 0
peer: 0
peer: 0
peer: 0
peer: 0
peer: 0
peer: 0
peer: 0
peer: 1
peer: 0
peer: 0
peer: 2
peer: 0
peer: 0
peer: 0
peer: 0
peer: 0
peer: 0
peer: 1
peer: 0
peer: 0
peer: 0
peer: 0
peer: 1
peer: 1
peer: 0
peer: 1
peer: 0
peer: 1
peer: 0
peer: 1
peer: 0
peer: 0
peer: 0
peer: 0
peer: 0
peer: 0
peer: 0
peer: 0
peer: 0
peer: 0
peer: 0
peer: 0
peer: 3
peer: 0
peer: 0
peer: 0
peer: 0
peer: 0
peer: 3
peer: 1
peer: 0
peer: 0
peer: 0
peer: 1
peer: 4
peer: 0
peer: 1
peer: 0
peer: 0
peer: 0
peer: 0
peer: 0
peer: 0
peer: 1
peer: 0
peer: 0
peer: 0
peer: 0
peer: 0
peer: 0
peer: 0
peer: 0
peer: 0
peer: 0
peer: 0
peer: 0
peer: 4
peer: 0
peer: 0
peer: 0
peer: 0
peer: 0
peer: 0
peer: 0
peer: 1
peer: 2
peer: 4
peer: 0
peer: 0
peer: 0
peer: 0
peer: 0
peer: 0
peer: 1
peer: 0
peer: 0
peer: 0
peer: 1
peer: 0
peer: 0
peer: 0
peer: 0
peer: 0
peer: 0
peer: 2
peer: 0
peer: 0
peer: 0
peer: 0
peer: 0
peer: 0
peer: 0
peer: 0
peer: 0
peer: 0
peer: 0
peer: 0
peer: 0
peer: 0
peer: 0
peer: 0
peer: 0
peer: 2
peer: 0
peer: 0
peer: 0
peer: 0
peer: 0
peer: 0
peer: 0
peer: 0
peer: 0
peer: 0
peer: 3
peer: 1
peer: 0
peer: 0
peer: 0
peer: 0
peer: 0
peer: 0
peer: 0
peer: 0
peer: 0
peer: 0
peer: 0
peer: 0
peer: 0
peer: 0
peer: 0
peer: 0
peer: 0
peer: 0
peer: 0
peer: 0
peer: 0
peer: 0
peer: 0
peer: 0
peer: 2
peer: 0
peer: 0
peer: 0
peer: 0
peer: 0
peer: 0
peer: 0
peer: 0
peer: 1
peer: 0
peer: 2
peer: 0
peer: 1
peer: 0
peer: 1
peer: 0
peer: 0
peer: 0
peer: 0
peer: 0
peer: 0
peer: 0
peer: 0
peer: 2
peer: 0
peer: 0
peer: 0
peer: 1
peer: 0
peer: 0
peer: 0
peer: 0
peer: 0
peer: 0
peer: 0
peer: 1
peer: 0
peer: 0
peer: 0
peer: 1
peer: 0
peer: 0
peer: 1
peer: 4
peer: 0
peer: 0
peer: 0
peer: 1
peer: 0
peer: 0
peer: 0
peer: 1
peer: 0
peer: 0
peer: 0
peer: 0
peer: 0
peer: 0
peer: 0
peer: 0
peer: 0
peer: 0
peer: 0
peer: 0
peer: 0
peer: 16
peer: 0
peer: 0
peer: 0
peer: 1
peer: 1
peer: 1
peer: 0
peer: 1
peer: 1
peer: 1
peer: 0
peer: 0
peer: 2
peer: 2
peer: 1
peer: 0
peer: 0
peer: 1
peer: 0
peer: 0
peer: 0
peer: 1
peer: 2
peer: 0
peer: 0
peer: 0
peer: 0
peer: 2
peer: 0
peer: 0
peer: 0
peer: 0
peer: 1
peer: 0
peer: 0
peer: 0
peer: 0
peer: 0
peer: 0
peer: 0
peer: 0
peer: 0
peer: 0
peer: 0
peer: 0
peer: 0
peer: 0
peer: 1
peer: 3
peer: 0
peer: 0
peer: 0
peer: 0
peer: 2
peer: 0
peer: 0
peer: 0
peer: 0
peer: 0
peer: 0
peer: 0
peer: 0
peer: 0
peer: 0
peer: 0
peer: 0
peer: 0
peer: 0
peer: 1
peer: 1
peer: 1
peer: 0
peer: 0
peer: 0
peer: 0
peer: 1
peer: 0
peer: 0
peer: 0
peer: 0
peer: 0
peer: 0
peer: 0
peer: 0
peer: 0
peer: 2
peer: 2
peer: 0
peer: 0
peer: 2
peer: 0
peer: 0
peer: 0
peer: 2
peer: 0
peer: 0
peer: 1
peer: 0
peer: 0
peer: 0
peer: 0
peer: 0
peer: 0
peer: 0
peer: 0
peer: 0
peer: 0
peer: 0
peer: 0
peer: 0
peer: 0
peer: 0
peer: 0
peer: 0
peer: 1
peer: 0
peer: 0
peer: 1
peer: 0
peer: 6
peer: 0
peer: 0
peer: 0
peer: 0
peer: 0
peer: 0
peer: 0
peer: 0
peer: 0
peer: 0
peer: 0
peer: 0
peer: 0
peer: 0
peer: 0
peer: 0
peer: 0
peer: 1
peer: 3
peer: 0
peer: 0
peer: 0
peer: 0
peer: 0
peer: 0
peer: 0
peer: 0
peer: 0
peer: 0
peer: 0
peer: 0
peer: 0
peer: 0
peer: 0
peer: 0
peer: 0
peer: 0
peer: 0
peer: 0
peer: 1
peer: 0
peer: 0
peer: 0
peer: 0
peer: 0
peer: 0
peer: 0
peer: 0
peer: 0
peer: 0
peer: 0
peer: 1
peer: 2
peer: 0
peer: 0
peer: 0
peer: 0
peer: 0
peer: 0
peer: 0
peer: 0
peer: 0
peer: 2
peer: 0
peer: 2
peer: 0
peer: 0
peer: 0
peer: 0
peer: 0
peer: 0
peer: 0
peer: 0
peer: 0
peer: 0
peer: 0
peer: 1
peer: 0
peer: 0
peer: 0
peer: 0
peer: 0
peer: 0
peer: 0
peer: 0
peer: 0
peer: 0
peer: 0
peer: 0
peer: 0
peer: 0
peer: 0
peer: 0
peer: 0
peer: 1
peer: 0
peer: 0
peer: 0
peer: 0
peer: 0
peer: 1
peer: 0
peer: 0
peer: 0
peer: 0
peer: 1
peer: 0
peer: 0
peer: 0
peer: 0
peer: 0
peer: 0
peer: 2
peer: 0
peer: 0
peer: 0
peer: 0
peer: 0
peer: 0
peer: 0
peer: 0
peer: 0
peer: 0
peer: 0
peer: 4
peer: 0
peer: 0
peer: 0
peer: 0
peer: 0
peer: 0
peer: 0
peer: 0
peer: 0
peer: 2
peer: 0
peer: 0
peer: 1
peer: 0
peer: 0
peer: 0
peer: 0
peer: 0
peer: 0
peer: 0
peer: 0
peer: 0
peer: 0
peer: 0
peer: 1
peer: 0
peer: 0
peer: 0
peer: 3
peer: 0
peer: 0
peer: 0
peer: 0
peer: 1
peer: 0
peer: 0
peer: 0
peer: 0
peer: 0
peer: 0
peer: 0
peer: 0
peer: 0
peer: 1
peer: 0
peer: 0
peer: 0
peer: 1
peer: 0
peer: 0
peer: 0
peer: 0
peer: 0
peer: 0
peer: 1
peer: 0
peer: 1
peer: 0
peer: 0
peer: 0
peer: 0
peer: 0
peer: 0
peer: 0
peer: 0
peer: 0
peer: 0
peer: 0
peer: 0
peer: 0
peer: 0
peer: 0
peer: 0
peer: 1
peer: 0
peer: 0
peer: 0
peer: 0
peer: 0
peer: 0
peer: 0
peer: 0
peer: 0
peer: 0
peer: 0
peer: 0
peer: 0
peer: 0
peer: 0
peer: 0
peer: 0
peer: 0
peer: 0
peer: 0
peer: 0
peer: 0
peer: 0
peer: 0
peer: 0
peer: 0
peer: 0
peer: 0
peer: 0
peer: 0
peer: 0
peer: 0
peer: 0
peer: 0
peer: 2
peer: 0
peer: 1
peer: 0
peer: 0
peer: 0
peer: 0
peer: 1
peer: 0
peer: 0
peer: 0
peer: 0
peer: 0
peer: 0
peer: 0
peer: 0
peer: 0
peer: 0
peer: 4
peer: 0
peer: 0
peer: 0
peer: 0
peer: 0
peer: 0
peer: 0
peer: 0
peer: 0
peer: 0
peer: 0
peer: 0
peer: 0
peer: 0
peer: 0
peer: 0
peer: 0
peer: 0
peer: 0
peer: 2
peer: 0
peer: 0
peer: 0
peer: 0
peer: 0
peer: 0
peer: 0
peer: 1
peer: 0
peer: 0
peer: 0
peer: 0
peer: 0
peer: 0
peer: 0
peer: 0
peer: 0
peer: 0
peer: 0
peer: 0
peer: 1
peer: 1
peer: 0
peer: 2
peer: 3
peer: 0
peer: 0
peer: 0
peer: 0
peer: 0
peer: 0
peer: 0
peer: 1
peer: 0
peer: 0
peer: 0
peer: 0
peer: 0
peer: 0
peer: 0
peer: 0
peer: 0
peer: 0
peer: 0
peer: 0
peer: 0
peer: 0
peer: 0
peer: 2
peer: 3
peer: 0
peer: 0
peer: 0
peer: 0
peer: 0
peer: 0
peer: 0
peer: 0
peer: 1
peer: 1
peer: 0
peer: 0
peer: 1
peer: 0
peer: 0
peer: 1
peer: 0
peer: 1
peer: 0
peer: 2
peer: 0
peer: 0
peer: 0
peer: 0
peer: 0
peer: 0
peer: 0
peer: 0
peer: 0
peer: 0
peer: 0
peer: 0
peer: 0
peer: 0
peer: 0
peer: 0
peer: 0
peer: 0
peer: 2
peer: 0
peer: 0
peer: 4
peer: 1
peer: 0
peer: 0
peer: 0
peer: 0
peer: 2
peer: 3
peer: 0
peer: 1
peer: 0
peer: 0
peer: 0
peer: 0
peer: 0
peer: 0
peer: 0
peer: 0
peer: 0
peer: 0
peer: 0
peer: 0
peer: 0
peer: 1
peer: 1
peer: 0
peer: 0
peer: 0
peer: 0
peer: 0
peer: 0
peer: 0
peer: 0
peer: 0
peer: 0
peer: 0
peer: 0
peer: 1
peer: 0
peer: 0
peer: 1
peer: 1
peer: 0
peer: 0
peer: 0
peer: 0
peer: 0
peer: 0
peer: 0
peer: 0
peer: 1
peer: 2
peer: 2
peer: 0
peer: 0
peer: 1
peer: 1
peer: 0
peer: 0
peer: 0
peer: 0
peer: 2
peer: 0
peer: 0
peer: 0
peer: 0
peer: 0
peer: 0
peer: 0
peer: 0
peer: 0
peer: 0
peer: 2
peer: 0
peer: 0
peer: 0
peer: 0
peer: 0
peer: 0
peer: 1
peer: 0
peer: 0
peer: 1
peer: 0
peer: 0
peer: 0
peer: 0
peer: 0
peer: 0
peer: 0
peer: 1
peer: 0
peer: 0
peer: 0
peer: 0
peer: 0
peer: 0
peer: 1
peer: 0
peer: 1
peer: 0
peer: 1
peer: 1
peer: 1
peer: 0
peer: 4
peer: 0
peer: 0
peer: 0
peer: 0
peer: 1
peer: 0
peer: 0
peer: 0
peer: 0
peer: 0
peer: 0
peer: 2
peer: 1
peer: 0
peer: 0
peer: 0
peer: 0
peer: 0
peer: 1
peer: 0
peer: 1
peer: 1
peer: 1
peer: 0
peer: 0
peer: 0
peer: 0
peer: 0
peer: 0
peer: 5
peer: 0
peer: 0
peer: 1
peer: 0
peer: 0
peer: 3
peer: 0
peer: 1
peer: 0
peer: 0
peer: 2
peer: 2
peer: 1
peer: 0
peer: 0
peer: 0
peer: 0
peer: 0
peer: 0
peer: 0
peer: 0
peer: 1
peer: 0
peer: 0
peer: 0
peer: 0
peer: 0
peer: 1
peer: 0
peer: 1
peer: 0
peer: 0
peer: 0
peer: 0
peer: 0
peer: 0
peer: 0
peer: 1
peer: 0
peer: 1
peer: 0
peer: 0
peer: 1
peer: 0
peer: 0
peer: 0
peer: 0
peer: 0
peer: 0
peer: 0
peer: 1
peer: 1
peer: 0
peer: 1
peer: 0
peer: 0
peer: 0
peer: 0
peer: 0
peer: 0
peer: 0
peer: 0
peer: 0
peer: 0
peer: 0
peer: 0
peer: 0
peer: 0
peer: 1
peer: 0
peer: 0
peer: 2
peer: 0
peer: 1
peer: 1
peer: 0
peer: 0
peer: 0
peer: 0
peer: 0
peer: 0
peer: 0
peer: 0
peer: 0
peer: 0
peer: 0
peer: 0
peer: 1
peer: 0
peer: 0
peer: 3
peer: 0
peer: 1
peer: 0
peer: 0
peer: 0
peer: 0
peer: 0
peer: 0
peer: 0
peer: 0
peer: 0
peer: 0
peer: 1
peer: 0
peer: 0
peer: 0
peer: 0
peer: 0
peer: 0
peer: 0
peer: 0
peer: 0
peer: 0
peer: 0
peer: 0
peer: 0
peer: 2
peer: 0
peer: 1
peer: 0
peer: 2
peer: 1
peer: 0
peer: 0
peer: 0
peer: 0
peer: 0
peer: 0
peer: 0
peer: 0
peer: 0
peer: 0
peer: 2
peer: 0
peer: 0
peer: 0
peer: 0
peer: 0
peer: 0
peer: 0
peer: 0
peer: 0
peer: 0
peer: 0
peer: 1
peer: 0
peer: 1
peer: 0
peer: 0
peer: 0
peer: 0
peer: 0
peer: 0
peer: 0
peer: 0
peer: 0
peer: 1
peer: 1
peer: 0
peer: 0
peer: 0
peer: 0
peer: 0
peer: 0
peer: 0
peer: 0
peer: 0
peer: 0
peer: 0
peer: 0
peer: 0
peer: 0
peer: 1
peer: 1
peer: 0
peer: 0
peer: 0
peer: 2
peer: 0
peer: 0
peer: 0
peer: 0
peer: 0
peer: 0
peer: 1
peer: 0
peer: 0
peer: 0
peer: 0
peer: 0
peer: 0
peer: 0
peer: 0
peer: 0
peer: 1
peer: 0
peer: 0
peer: 1
peer: 0
peer: 0
peer: 0
peer: 0
peer: 2
peer: 0
peer: 0
peer: 0
peer: 0
peer: 0
peer: 0
peer: 0
peer: 0
peer: 0
peer: 0
peer: 0
peer: 0
peer: 0
peer: 0
peer: 0
peer: 0
peer: 0
peer: 0
peer: 0
peer: 0
peer: 0
peer: 1
peer: 1
peer: 0
peer: 0
peer: 0
peer: 0
peer: 0
peer: 0
peer: 2
peer: 0
peer: 0
peer: 0
peer: 0
peer: 0
peer: 0
peer: 1
peer: 0
peer: 0
peer: 0
peer: 1
peer: 1
peer: 1
peer: 7
peer: 0
peer: 0
peer: 0
peer: 0
peer: 0
peer: 0
peer: 0
peer: 0
peer: 0
peer: 0
peer: 0
peer: 1
peer: 0
peer: 1
peer: 0
peer: 0
peer: 0
peer: 3
peer: 0
peer: 0
peer: 0
peer: 0
peer: 0
peer: 0
peer: 0
peer: 0
peer: 0
peer: 1
peer: 0
peer: 0
peer: 0
peer: 4
peer: 0
peer: 2
peer: 0
peer: 0
peer: 1
peer: 0
peer: 0
peer: 0
peer: 1
peer: 0
peer: 0
peer: 0
peer: 0
peer: 1
peer: 0
peer: 0
peer: 0
peer: 1
peer: 0
peer: 0
peer: 0
peer: 0
peer: 0
peer: 0
peer: 0
peer: 0
peer: 0
peer: 0
peer: 0
peer: 2
peer: 0
peer: 0
peer: 0
peer: 0
peer: 0
peer: 0
peer: 0
peer: 0
peer: 0
peer: 0
peer: 0
peer: 0
peer: 0
peer: 0
peer: 0
peer: 0
peer: 0
peer: 0
peer: 0
peer: 0
peer: 0
peer: 3
peer: 1
peer: 3
peer: 0
peer: 1
peer: 0
peer: 1
peer: 1
peer: 0
peer: 0
peer: 0
peer: 2
peer: 2
peer: 0
peer: 2
peer: 3
peer: 0
peer: 2
peer: 1
peer: 0
peer: 0
peer: 0
peer: 2
peer: 1
peer: 1
peer: 1
peer: 0
peer: 1
peer: 3
peer: 0
peer: 2
peer: 0
peer: 0
peer: 0
peer: 2
peer: 2
peer: 2
peer: 2
peer: 2
peer: 2
peer: 0
peer: 0
peer: 0
peer: 2
peer: 2
peer: 2
peer: 2
peer: 4
peer: 2
peer: 2
peer: 4
peer: 2
peer: 2
peer: 2
peer: 2
peer: 3
peer: 2
peer: 2
peer: 2
peer: 4
peer: 0
peer: 2
peer: 2
peer: 2
peer: 3
peer: 2
peer: 2
peer: 2
peer: 1
peer: 0
peer: 0
peer: 0
peer: 0
peer: 0
peer: 0
peer: 0
peer: 0
peer: 0
peer: 0
peer: 0
peer: 0
peer: 0
peer: 1
peer: 0
peer: 0
peer: 0
peer: 0
peer: 1
peer: 1
peer: 0
peer: 0
peer: 0
peer: 0
peer: 0
peer: 0
peer: 0
peer: 0
peer: 1
peer: 0
peer: 4
peer: 0
peer: 12
peer: 0
peer: 0
peer: 0
peer: 0
peer: 0
peer: 0
peer: 0
peer: 0
peer: 0
peer: 0
peer: 0
peer: 0
peer: 0
peer: 0
peer: 0
peer: 0
peer: 0
peer: 0
peer: 0
peer: 0
peer: 0
peer: 0
peer: 0
peer: 0
peer: 3
peer: 0
peer: 1
peer: 0
peer: 0
peer: 0
peer: 0
peer: 0
peer: 0
peer: 0
peer: 1
peer: 0
peer: 0
peer: 0
peer: 0
peer: 0
peer: 1
peer: 0
peer: 0
peer: 0
peer: 0
peer: 0
peer: 0
peer: 0
peer: 0
peer: 2
peer: 0
peer: 0
peer: 0
peer: 0
peer: 0
peer: 0
peer: 0
peer: 0
peer: 0
peer: 0
peer: 0
peer: 0
peer: 0
peer: 0
peer: 0
peer: 0
peer: 0
peer: 1
peer: 0
peer: 0
peer: 0
peer: 2
peer: 0
peer: 0
peer: 4
peer: 0
peer: 0
peer: 0
peer: 0
peer: 0
peer: 0
peer: 0
peer: 0
peer: 0
peer: 2
peer: 0
peer: 0
peer: 0
peer: 0
peer: 0
peer: 0
peer: 0
peer: 0
peer: 0
peer: 8
peer: 0
peer: 0
peer: 0
peer: 0
peer: 0
peer: 1
peer: 0
peer: 0
peer: 0
peer: 0
peer: 1
peer: 0
peer: 0
peer: 0
peer: 0
peer: 0
peer: 0
peer: 0
peer: 1
peer: 1
peer: 0
peer: 0
peer: 0
peer: 1
peer: 0
peer: 0
peer: 1
peer: 0
peer: 0
peer: 0
peer: 0
peer: 0
peer: 0
peer: 1
peer: 0
peer: 0
peer: 0
peer: 0
peer: 0
peer: 0
peer: 0
peer: 0
peer: 0
peer: 0
peer: 0
peer: 1
peer: 0
peer: 0
peer: 0
peer: 8
peer: 0
peer: 0
peer: 4
peer: 0
peer: 0
peer: 0
peer: 0
peer: 0
peer: 0
peer: 0
peer: 0
peer: 0
peer: 0
peer: 0
peer: 0
peer: 0
peer: 0
peer: 0
peer: 0
peer: 0
peer: 0
peer: 0
peer: 0
peer: 0
peer: 0
peer: 0
peer: 0
peer: 0
peer: 0
peer: 0
peer: 0
peer: 0
peer: 0
peer: 0
peer: 0
peer: 0
peer: 0
peer: 0
peer: 0
peer: 0
peer: 0
peer: 0
peer: 0
peer: 0
peer: 0
peer: 0
peer: 0
peer: 0
peer: 0
peer: 0
peer: 0
peer: 0
peer: 0
peer: 0
peer: 0
peer: 0
peer: 0
peer: 0
peer: 0
peer: 0
peer: 0
peer: 0
peer: 0
peer: 0
peer: 0
peer: 0
peer: 0
peer: 0
peer: 0
peer: 0
peer: 0
peer: 0
peer: 0
peer: 0
peer: 1
peer: 0
peer: 0
peer: 0
peer: 0
peer: 0
peer: 0
peer: 0
peer: 0
peer: 0
peer: 0
peer: 0
peer: 0
peer: 0
peer: 0
peer: 0
peer: 0
peer: 0
peer: 0
peer: 0
peer: 0
peer: 0
peer: 0
peer: 0
peer: 0
peer: 0
peer: 0
peer: 0
peer: 0
peer: 0
peer: 0
peer: 0
peer: 0
peer: 0
peer: 0
peer: 0
peer: 0
peer: 0
peer: 0
peer: 0
peer: 0
peer: 0
peer: 0
peer: 0
peer: 0
peer: 0
peer: 0
peer: 0
peer: 0
peer: 0
peer: 0
peer: 0
peer: 0
peer: 0
peer: 0
peer: 0
peer: 0
peer: 0
peer: 0
peer: 0
peer: 0
peer: 0
peer: 0
peer: 0
peer: 0
peer: 0
peer: 0
peer: 0
peer: 0
peer: 0
peer: 0
peer: 0
peer: 0
peer: 0
peer: 0
peer: 0
peer: 0
peer: 0
peer: 0
peer: 0
peer: 0
peer: 0
peer: 0
peer: 0
peer: 0
peer: 0
peer: 0
peer: 0
peer: 0
peer: 0
peer: 0
peer: 0
peer: 0
peer: 0
peer: 0
peer: 0
peer: 0
peer: 0
peer: 0
peer: 0
peer: 0
peer: 0
peer: 0
peer: 0
peer: 0
peer: 1
peer: 0
peer: 0
peer: 0
peer: 0
peer: 0
peer: 0
peer: 0
peer: 0
peer: 0
peer: 2
peer: 0
peer: 0
peer: 0
peer: 0
peer: 0
peer: 0
peer: 0
peer: 0
peer: 0
peer: 0
peer: 0
peer: 0
peer: 0
peer: 0
peer: 0
peer: 0
peer: 0
peer: 0
peer: 0
peer: 0
peer: 0
peer: 0
peer: 0
peer: 0
peer: 0
peer: 0
peer: 0
peer: 0
peer: 0
peer: 0
peer: 0
peer: 0
peer: 0
peer: 0
peer: 0
peer: 0
peer: 0
peer: 0
peer: 0
peer: 0
peer: 0
peer: 0
peer: 0
peer: 0
peer: 0
peer: 0
peer: 0
peer: 0
peer: 0
peer: 0
peer: 0
peer: 0
peer: 0
peer: 0
peer: 0
peer: 0
peer: 0
peer: 0
peer: 0
peer: 0
peer: 0
peer: 0
peer: 0
peer: 0
peer: 0
peer: 0
peer: 0
peer: 0
peer: 0
peer: 0
peer: 0
peer: 0
peer: 0
peer: 0
peer: 0
peer: 0
peer: 0
peer: 0
peer: 0
peer: 0
peer: 0
peer: 0
peer: 0
peer: 0
peer: 0
peer: 0
peer: 0
peer: 0
peer: 0
peer: 1
peer: 0
peer: 0
peer: 0
peer: 0
peer: 0
peer: 0
peer: 0
peer: 1
peer: 1
peer: 0
peer: 0
peer: 0
peer: 0
peer: 0
peer: 0
peer: 1
peer: 0
peer: 1
peer: 0
peer: 0
peer: 0
peer: 0
peer: 0
peer: 0
peer: 0
peer: 0
peer: 0
peer: 0
peer: 0
peer: 0
peer: 0
peer: 0
peer: 1
peer: 0
peer: 2
peer: 2
peer: 1
peer: 0
peer: 0
peer: 0
peer: 0
peer: 0
peer: 0
peer: 0
peer: 0
peer: 0
peer: 0
peer: 0
peer: 0
peer: 0
peer: 0
peer: 0
peer: 0
peer: 0
peer: 0
peer: 1
peer: 2
peer: 0
peer: 0
peer: 0
peer: 0
peer: 0
peer: 0
peer: 0
peer: 0
peer: 0
peer: 1
peer: 0
peer: 0
peer: 0
peer: 0
peer: 2
peer: 0
peer: 1
peer: 0
peer: 0
peer: 0
peer: 0
peer: 2
peer: 0
peer: 0
peer: 0
peer: 0
peer: 0
peer: 0
peer: 0
peer: 0
peer: 0
peer: 0
peer: 0
peer: 0
peer: 0
peer: 0
peer: 0
peer: 0
peer: 0
peer: 0
peer: 0
peer: 0
peer: 0
peer: 0
peer: 0
peer: 0
peer: 5
peer: 0
peer: 0
peer: 0
peer: 0
peer: 0
peer: 0
peer: 1
peer: 2
peer: 0
peer: 0
peer: 0
peer: 0
peer: 0
peer: 0
peer: 0
peer: 0
peer: 0
peer: 0
peer: 0
peer: 0
peer: 1
peer: 0
peer: 0
peer: 0
peer: 0
peer: 0
peer: 0
peer: 2
peer: 0
peer: 4
peer: 0
peer: 0
peer: 0
peer: 0
peer: 0
peer: 0
peer: 0
peer: 0
peer: 0
peer: 0
peer: 0
peer: 0
peer: 0
peer: 0
peer: 1
peer: 0
peer: 0
peer: 1
peer: 0
peer: 0
peer: 13
peer: 0
peer: 0
peer: 0
peer: 0
peer: 0
peer: 0
peer: 0
peer: 0
peer: 0
peer: 0
peer: 2
peer: 0
peer: 1
peer: 0
peer: 0
peer: 1
peer: 0
peer: 0
peer: 0
peer: 0
peer: 0
peer: 0
peer: 0
peer: 0
peer: 0
peer: 1
peer: 0
peer: 0
peer: 0
peer: 0
peer: 0
peer: 0
peer: 0
peer: 0
peer: 0
peer: 0
peer: 0
peer: 0
peer: 1
peer: 0
peer: 0
peer: 0
peer: 0
peer: 0
peer: 0
peer: 0
peer: 0
peer: 0
peer: 1
peer: 0
peer: 0
peer: 0
peer: 0
peer: 0
peer: 0
peer: 0
peer: 0
peer: 0
peer: 0
peer: 2
peer: 0
peer: 0
peer: 0
peer: 0
peer: 0
peer: 0
peer: 0
peer: 0
peer: 0
peer: 0
peer: 0
peer: 0
peer: 0
peer: 0
peer: 0
peer: 0
peer: 1
peer: 0
peer: 0
peer: 0
peer: 0
peer: 2
peer: 0
peer: 0
peer: 0
peer: 0
peer: 0
peer: 0
peer: 0
peer: 0
peer: 0
peer: 0
peer: 0
peer: 1
peer: 1
peer: 0
peer: 2
peer: 0
peer: 0
peer: 0
peer: 0
peer: 0
peer: 0
peer: 0
peer: 0
peer: 0
peer: 0
peer: 0
peer: 0
peer: 0
peer: 0
peer: 0
peer: 0
peer: 1
peer: 0
peer: 0
peer: 0
peer: 0
peer: 1
peer: 5
peer: 0
peer: 0
peer: 0
peer: 5
peer: 0
peer: 0
peer: 2
peer: 1
peer: 0
peer: 0
peer: 0
peer: 0
peer: 4
peer: 0
peer: 0
peer: 0
peer: 0
peer: 0
peer: 0
peer: 0
peer: 2
peer: 0
peer: 0
peer: 0
peer: 0
peer: 0
peer: 0
peer: 0
peer: 0
peer: 0
peer: 0
peer: 0
peer: 0
peer: 0
peer: 1
peer: 0
peer: 0
peer: 1
peer: 0
peer: 0
peer: 0
peer: 0
peer: 0
peer: 0
peer: 0
peer: 1
peer: 0
peer: 0
peer: 0
peer: 0
peer: 1
peer: 0
peer: 0
peer: 0
peer: 0
peer: 0
peer: 0
peer: 0
peer: 0
peer: 1
peer: 0
peer: 0
peer: 0
peer: 1
peer: 0
peer: 0
peer: 0
peer: 0
peer: 0
peer: 0
peer: 0
peer: 0
peer: 0
peer: 0
peer: 0
peer: 0
peer: 8
peer: 0
peer: 0
peer: 0
peer: 0
peer: 0
peer: 0
peer: 1
peer: 0
peer: 2
peer: 0
peer: 0
peer: 0
peer: 0
peer: 0
peer: 0
peer: 2
peer: 0
peer: 3
peer: 0
peer: 2
peer: 1
peer: 0
peer: 0
peer: 1
peer: 0
peer: 0
peer: 1
peer: 0
peer: 0
peer: 0
peer: 0
peer: 0
peer: 3
peer: 0
peer: 0
peer: 0
peer: 1
peer: 3
peer: 0
peer: 0
peer: 0
peer: 0
peer: 0
peer: 0
peer: 0
peer: 0
peer: 0
peer: 0
peer: 0
peer: 0
peer: 0
peer: 0
peer: 0
peer: 0
peer: 0
peer: 0
peer: 0
peer: 1
peer: 0
peer: 0
peer: 0
peer: 0
peer: 0
peer: 0
peer: 0
peer: 16
peer: 0
peer: 0
peer: 0
peer: 1
peer: 0
peer: 0
peer: 0
peer: 0
peer: 0
peer: 0
peer: 1
peer: 0
peer: 0
peer: 0
peer: 0
peer: 0
peer: 0
peer: 0
peer: 0
peer: 4
peer: 0
peer: 0
peer: 1
peer: 0
peer: 2
peer: 0
peer: 0
peer: 0
peer: 1
peer: 0
peer: 0
peer: 1
peer: 1
peer: 0
peer: 0
peer: 2
peer: 0
peer: 1
peer: 0
peer: 0
peer: 0
peer: 0
peer: 0
peer: 1
peer: 0
peer: 0
peer: 0
peer: 0
peer: 0
peer: 1
peer: 0
peer: 0
peer: 0
peer: 0
peer: 0
peer: 0
peer: 2
peer: 1
peer: 5
peer: 0
peer: 0
peer: 0
peer: 0
peer: 0
peer: 1
peer: 1
peer: 0
peer: 1
peer: 0
peer: 0
peer: 1
peer: 1
peer: 0
peer: 1
peer: 0
peer: 3
peer: 0
peer: 0
peer: 0
peer: 0
peer: 0
peer: 0
peer: 0
peer: 0
peer: 0
peer: 0
peer: 1
peer: 0
peer: 1
peer: 0
peer: 0
peer: 0
peer: 0
peer: 0
peer: 0
peer: 1
peer: 0
peer: 0
peer: 0
peer: 0
peer: 5
peer: 0
peer: 0
peer: 0
peer: 0
peer: 0
peer: 0
peer: 0
peer: 0
peer: 0
peer: 4
peer: 0
peer: 4
peer: 0
peer: 0
peer: 0
peer: 0
peer: 0
peer: 0
peer: 0
peer: 1
peer: 0
peer: 0
peer: 0
peer: 0
peer: 0
peer: 2
peer: 0
peer: 1
peer: 0
peer: 0
peer: 0
peer: 1
peer: 0
peer: 0
peer: 0
peer: 0
peer: 0
peer: 0
peer: 2
peer: 0
peer: 0
peer: 0
peer: 0
peer: 0
peer: 0
peer: 0
peer: 0
peer: 2
peer: 0
peer: 0
peer: 3
peer: 0
peer: 0
peer: 0
peer: 0
peer: 0
peer: 1
peer: 0
peer: 0
peer: 0
peer: 0
peer: 0
peer: 0
peer: 0
peer: 6
peer: 0
peer: 0
peer: 0
peer: 0
peer: 2
peer: 0
peer: 0
peer: 0
peer: 0
peer: 2
peer: 0
peer: 0
peer: 1
peer: 0
peer: 0
peer: 0
peer: 0
peer: 1
peer: 0
peer: 1
peer: 1
peer: 0
peer: 0
peer: 0
peer: 0
peer: 0
peer: 1
peer: 0
peer: 0
peer: 0
peer: 0
peer: 2
peer: 0
peer: 0
peer: 0
peer: 0
peer: 0
peer: 0
peer: 0
peer: 0
peer: 0
peer: 1
peer: 0
peer: 1
peer: 1
peer: 0
peer: 0
peer: 0
peer: 0
peer: 0
peer: 0
peer: 1
peer: 0
peer: 0
peer: 1
peer: 1
peer: 0
peer: 0
peer: 0
peer: 0
peer: 1
peer: 0
peer: 2
peer: 0
peer: 0
peer: 0
peer: 0
peer: 0
peer: 0
peer: 1
peer: 0
peer: 0
peer: 0
peer: 0
peer: 0
peer: 0
peer: 0
peer: 0
peer: 0
peer: 0
peer: 0
peer: 0
peer: 0
peer: 0
peer: 0
peer: 0
peer: 3
peer: 0
peer: 1
peer: 0
peer: 0
peer: 0
peer: 0
peer: 0
peer: 0
peer: 4
peer: 0
peer: 2
peer: 0
peer: 0
peer: 0
peer: 0
peer: 0
peer: 0
peer: 0
peer: 0
peer: 0
peer: 0
peer: 0
peer: 0
peer: 0
peer: 0
peer: 0
peer: 0
peer: 0
peer: 0
peer: 0
peer: 0
peer: 0
peer: 1
peer: 0
peer: 0
peer: 0
peer: 0
peer: 0
peer: 0
peer: 0
peer: 0
peer: 0
peer: 0
peer: 0
peer: 0
peer: 0
peer: 0
peer: 0
peer: 0
peer: 0
peer: 0
peer: 0
peer: 0
peer: 0
peer: 0
peer: 1
peer: 1
peer: 0
peer: 1
peer: 0
peer: 0
peer: 2
peer: 1
peer: 1
peer: 0
peer: 0
peer: 0
peer: 0
peer: 0
peer: 0
peer: 0
peer: 0
peer: 1
peer: 0
peer: 0
peer: 0
peer: 0
peer: 0
peer: 0
peer: 0
peer: 0
peer: 0
peer: 0
peer: 0
peer: 0
peer: 0
peer: 0
peer: 1
peer: 0
peer: 0
peer: 0
peer: 0
peer: 3
peer: 0
peer: 0
peer: 1
peer: 4
peer: 0
peer: 0
peer: 0
peer: 0
peer: 0
peer: 0
peer: 0
peer: 0
peer: 0
peer: 0
peer: 1
peer: 0
peer: 0
peer: 0
peer: 0
peer: 0
peer: 0
peer: 0
peer: 0
peer: 17
peer: 0
peer: 0
peer: 0
peer: 1
peer: 0
peer: 0
peer: 4
peer: 0
peer: 0
peer: 1
peer: 0
peer: 0
peer: 0
peer: 4
peer: 1
peer: 0
peer: 0
peer: 2
peer: 0
peer: 0
peer: 0
peer: 0
peer: 0
peer: 0
peer: 1
peer: 0
peer: 0
peer: 1
peer: 1
peer: 0
peer: 1
peer: 4
peer: 1
peer: 1
peer: 0
peer: 0
peer: 0
peer: 1
peer: 0
peer: 0
peer: 2
peer: 1
peer: 2
peer: 0
peer: 0
peer: 0
peer: 0
peer: 1
peer: 0
peer: 0
peer: 0
peer: 0
peer: 0
peer: 0
peer: 1
peer: 0
peer: 0
peer: 0
peer: 0
peer: 1
peer: 0
peer: 0
peer: 2
peer: 0
peer: 1
peer: 0
peer: 0
peer: 2
peer: 0
peer: 2
peer: 0
peer: 0
peer: 0
peer: 0
peer: 0
peer: 0
peer: 0
peer: 0
peer: 0
peer: 1
peer: 0
peer: 0
peer: 0
peer: 0
peer: 0
peer: 0
peer: 0
peer: 0
peer: 0
peer: 0

== RESULTS ==
avg # deps : 13.72 (=100085/7291)
avg # peers: .24 (=1753/7291)
