Evaluating dependency metrics of top 10000 Rust (crates.io) crates, based on the metric 'docker_dependents_count'
Using page size 500

== COLLECTING PACKAGE NAMES ==
Fetching page 1 ...
Fetching page 2 ...
Fetching page 3 ...
Fetching page 4 ...
Fetching page 5 ...
Fetching page 6 ...
Fetching page 7 ...
Fetching page 8 ...
Fetching page 9 ...
Fetching page 10 ...
Fetching page 11 ...
Fetching page 12 ...
Fetching page 13 ...
Fetching page 14 ...
Fetching page 15 ...
Fetching page 16 ...
Fetching page 17 ...
Fetching page 18 ...
Fetching page 19 ...
Fetching page 20 ...

== DETERMINING TRANSITIVE COUNT ==
Evaluating 'libc' ...
  got v0.2.186
  has 0 dependencies
Evaluating 'quote' ...
  got v1.0.45
  has 2 dependencies
Evaluating 'proc-macro2' ...
  got v1.0.106
  has 1 dependencies
Evaluating 'cfg-if' ...
  got v1.0.4
  has 0 dependencies
Evaluating 'syn' ...
  got v2.0.117
  has 5 dependencies
Evaluating 'memchr' ...
  got v2.8.0
  has 0 dependencies
Evaluating 'bitflags' ...
  got v2.11.1
  has 0 dependencies
Evaluating 'lazy_static' ...
  got v1.5.0
  has 0 dependencies
Evaluating 'regex-syntax' ...
  got v0.8.10
  has 0 dependencies
Evaluating 'regex' ...
  got v1.12.3
  has 8 dependencies
Evaluating 'winapi' ...
  got v0.3.9
  has 0 dependencies
Evaluating 'aho-corasick' ...
  got v1.1.4
  has 1 dependencies
Evaluating 'winapi-i686-pc-windows-gnu' ...
  got v0.4.0
  has 0 dependencies
Evaluating 'winapi-x86_64-pc-windows-gnu' ...
  got v0.4.0
  has 0 dependencies
Evaluating 'log' ...
  got v0.4.29
  has 0 dependencies
Evaluating 'once_cell' ...
  got v1.21.4
  has 0 dependencies
Evaluating 'rand' ...
  got v0.10.1
  has 9 dependencies
Evaluating 'rand_core' ...
  got v0.10.1
  has 0 dependencies
Evaluating 'unicode-ident' ...
  got v1.0.24
  has 0 dependencies
Evaluating 'rand_chacha' ...
  got v0.10.0
  has 3 dependencies
Evaluating 'getrandom' ...
  got v0.4.2
  has 2 dependencies
Evaluating 'wasi' ...
  got v0.14.7+wasi-0.2.4
  has 3 dependencies
Evaluating 'ppv-lite86' ...
  got v0.2.21
  has 1 dependencies
Evaluating 'autocfg' ...
  got v1.5.0
  has 0 dependencies
Evaluating 'serde' ...
  got v1.0.228
  has 1 dependencies
Evaluating 'hermit-abi' ...
  got v0.5.2
  has 0 dependencies
Evaluating 'either' ...
  got v1.15.0
  has 0 dependencies
Evaluating 'serde_derive' ...
  got v1.0.228
  has 8 dependencies
Evaluating 'scopeguard' ...
  got v1.2.0
  has 0 dependencies
Evaluating 'version_check' ...
  got v0.9.5
  has 0 dependencies
Evaluating 'redox_syscall' ...
  got v0.7.4
  has 1 dependencies
Evaluating 'num_cpus' ...
  got v1.17.0
  has 1 dependencies
Evaluating 'atty' ...
  got v0.2.14
  has 1 dependencies
Evaluating 'itoa' ...
  got v1.0.18
  has 0 dependencies
Evaluating 'num-traits' ...
  got v0.2.19
  has 2 dependencies
Evaluating 'serde_json' ...
  got v1.0.149
  has 4 dependencies
Evaluating 'ryu' ...
  got v1.0.23
  has 0 dependencies
Evaluating 'cc' ...
  got v1.2.61
  has 2 dependencies
Evaluating 'smallvec' ...
  got v1.15.1
  has 0 dependencies
Evaluating 'itertools' ...
  got v0.14.0
  has 1 dependencies
Evaluating 'glob' ...
  got v0.3.3
  has 0 dependencies
Evaluating 'crossbeam-utils' ...
  got v0.8.21
  has 0 dependencies
Evaluating 'unicode-xid' ...
  got v0.2.6
  has 0 dependencies
Evaluating 'thread_local' ...
  got v1.1.9
  has 1 dependencies
Evaluating 'memoffset' ...
  got v0.9.1
  has 2 dependencies
Evaluating 'hashbrown' ...
  got v0.17.0
  has 3 dependencies
Evaluating 'heck' ...
  got v0.5.0
  has 0 dependencies
Evaluating 'clap' ...
  got v4.6.1
  has 12 dependencies
Evaluating 'unicode-width' ...
  got v0.2.2
  has 0 dependencies
Evaluating 'parking_lot_core' ...
  got v0.9.12
  has 3 dependencies
Evaluating 'termcolor' ...
  got v1.4.1
  has 0 dependencies
Evaluating 'indexmap' ...
  got v2.14.0
  has 2 dependencies
Evaluating 'winapi-util' ...
  got v0.1.11
  has 0 dependencies
Evaluating 'strsim' ...
  got v0.11.1
  has 0 dependencies
Evaluating 'crossbeam-epoch' ...
  got v0.9.18
  has 1 dependencies
Evaluating 'crossbeam-deque' ...
  got v0.8.6
  has 3 dependencies
Evaluating 'nom' ...
  got v8.0.0
  has 1 dependencies
Evaluating 'bumpalo' ...
  got v3.20.2
  has 0 dependencies
Evaluating 'wasm-bindgen-backend' ...
  got v0.2.104
  has 12 dependencies
Evaluating 'wasm-bindgen-macro-support' ...
  got v0.2.118
  has 11 dependencies
Evaluating 'wasm-bindgen-macro' ...
  got v0.2.118
  has 13 dependencies
Evaluating 'wasm-bindgen-shared' ...
  got v0.2.118
  has 1 dependencies
Evaluating 'wasm-bindgen' ...
  got v0.2.118
  has 19 dependencies
Evaluating 'lock_api' ...
  got v0.4.14
  has 1 dependencies
Evaluating 'parking_lot' ...
  got v0.12.5
  has 6 dependencies
Evaluating 'js-sys' ...
  got v0.3.95
  has 21 dependencies
Evaluating 'thiserror' ...
  got v2.0.18
  has 9 dependencies
Evaluating 'thiserror-impl' ...
  got v2.0.18
  has 8 dependencies
Evaluating 'libloading' ...
  got v0.9.0
  has 1 dependencies
Evaluating 'rayon' ...
  got v1.12.0
  has 7 dependencies
Evaluating 'rayon-core' ...
  got v1.13.0
  has 5 dependencies
Evaluating 'base64' ...
  got v0.22.1
  has 0 dependencies
Evaluating 'tempfile' ...
  got v3.27.0
  has 8 dependencies
Evaluating 'byteorder' ...
  got v1.5.0
  has 0 dependencies
Evaluating 'crossbeam-channel' ...
  got v0.5.15
  has 1 dependencies
Evaluating 'shlex' ...
  got v1.3.0
  has 0 dependencies
Evaluating 'textwrap' ...
  got v0.16.2
  has 3 dependencies
Evaluating 'percent-encoding' ...
  got v2.3.2
  has 0 dependencies
Evaluating 'semver' ...
  got v1.0.28
  has 0 dependencies
Evaluating 'regex-automata' ...
  got v0.4.14
  has 4 dependencies
Evaluating 'unicode-segmentation' ...
  got v1.13.2
  has 0 dependencies
Evaluating 'windows_i686_msvc' ...
  got v0.53.1
  has 0 dependencies
Evaluating 'windows_x86_64_msvc' ...
  got v0.53.1
  has 0 dependencies
Evaluating 'windows_i686_gnu' ...
  got v0.53.1
  has 0 dependencies
Evaluating 'windows_x86_64_gnu' ...
  got v0.53.1
  has 0 dependencies
Evaluating 'windows_aarch64_msvc' ...
  got v0.53.1
  has 0 dependencies
Evaluating 'windows-sys' ...
  got v0.61.2
  has 1 dependencies
Evaluating 'fnv' ...
  got v1.0.7
  has 0 dependencies
Evaluating 'bytes' ...
  got v1.11.1
  has 0 dependencies
Evaluating 'typenum' ...
  got v1.20.0
  has 0 dependencies
Evaluating 'rustc_version' ...
  got v0.4.1
  has 1 dependencies
Evaluating 'miniz_oxide' ...
  got v0.9.1
  has 1 dependencies
Evaluating 'unicode-normalization' ...
  got v0.1.25
  has 2 dependencies
Evaluating 'slab' ...
  got v0.4.12
  has 0 dependencies
Evaluating 'unicode-bidi' ...
  got v0.3.18
  has 0 dependencies
Evaluating 'pin-project-lite' ...
  got v0.2.17
  has 0 dependencies
Evaluating 'humantime' ...
  got v2.3.0
  has 0 dependencies
Evaluating 'rustversion' ...
  got v1.0.22
  has 0 dependencies
Evaluating 'idna' ...
  got v1.1.0
  has 69 dependencies
Evaluating 'url' ...
  got v2.5.8
  has 73 dependencies
Evaluating 'generic-array' ...
  got v1.4.1
  has 2 dependencies
Evaluating 'same-file' ...
  got v1.0.6
  has 0 dependencies
Evaluating 'walkdir' ...
  got v2.5.0
  has 1 dependencies
Evaluating 'num-integer' ...
  got v0.1.46
  has 3 dependencies
Evaluating 'pin-utils' ...
  got v0.1.0
  has 0 dependencies
Evaluating 'remove_dir_all' ...
  got v1.0.0
  has 15 dependencies
Evaluating 'rustc-hash' ...
  got v2.1.2
  has 0 dependencies
Evaluating 'digest' ...
  got v0.11.2
  has 5 dependencies
Evaluating 'env_logger' ...
  got v0.11.10
  has 22 dependencies
Evaluating 'instant' ...
  got v0.1.13
  has 1 dependencies
Evaluating 'block-buffer' ...
  got v0.12.0
  has 2 dependencies
Evaluating 'proc-macro-error' ...
  got v1.0.4
  has 14 dependencies
Evaluating 'lazycell' ...
  got v1.3.0
  has 0 dependencies
Evaluating 'futures-core' ...
  got v0.3.32
  has 0 dependencies
Evaluating 'proc-macro-error-attr' ...
  got v1.0.4
  has 6 dependencies
Evaluating 'rand_xorshift' ...
  got v0.5.0
  has 1 dependencies
Evaluating 'tokio' ...
  got v1.52.1
  has 1 dependencies
Evaluating 'futures-channel' ...
  got v0.3.32
  has 1 dependencies
Evaluating 'ansi_term' ...
  got v0.12.1
  has 0 dependencies
Evaluating 'toml' ...
  got v1.1.2+spec-1.1.0
  has 9 dependencies
Evaluating 'bstr' ...
  got v1.12.1
  has 2 dependencies
Evaluating 'anyhow' ...
  got v1.0.102
  has 0 dependencies
Evaluating 'crc32fast' ...
  got v1.5.0
  has 1 dependencies
Evaluating 'time' ...
  got v0.3.47
  has 5 dependencies
Evaluating 'futures-io' ...
  got v0.3.32
  has 0 dependencies
Evaluating 'socket2' ...
  got v0.6.3
  has 1 dependencies
Evaluating 'adler' ...
  got v1.0.2
  has 0 dependencies
Evaluating 'futures-task' ...
  got v0.3.32
  has 0 dependencies
Evaluating 'futures-util' ...
  got v0.3.32
  has 13 dependencies
Evaluating 'flate2' ...
  got v1.1.9
  has 5 dependencies
Evaluating 'futures' ...
  got v0.3.32
  has 29 dependencies
Evaluating 'futures-sink' ...
  got v0.3.32
  has 0 dependencies
Evaluating 'core-foundation-sys' ...
  got v0.8.7
  has 0 dependencies
Evaluating 'rand_hc' ...
  got v0.5.0
  has 1 dependencies
Evaluating 'minimal-lexical' ...
  got v0.2.1
  has 0 dependencies
Evaluating 'chrono' ...
  got v0.4.44
  has 4 dependencies
Evaluating 'web-sys' ...
  got v0.3.95
  has 23 dependencies
Evaluating 'arrayvec' ...
  got v0.7.6
  has 0 dependencies
Evaluating 'unicase' ...
  got v2.9.0
  has 0 dependencies
Evaluating 'pkg-config' ...
  got v0.3.33
  has 0 dependencies
Evaluating 'tinyvec' ...
  got v1.11.0
  has 0 dependencies
Evaluating 'mio' ...
  got v1.2.0
  has 2 dependencies
Evaluating 'rustc-demangle' ...
  got v0.1.27
  has 0 dependencies
Evaluating 'matches' ...
  got v0.1.10
  has 0 dependencies
Evaluating 'quick-error' ...
  got v2.0.1
  has 0 dependencies
Evaluating 'sha2' ...
  got v0.11.0
  has 9 dependencies
Evaluating 'redox_users' ...
  got v0.5.2
  has 28 dependencies
Evaluating 'futures-executor' ...
  got v0.3.32
  has 7 dependencies
Evaluating 'tracing' ...
  got v0.1.44
  has 12 dependencies
Evaluating 'tracing-core' ...
  got v0.1.36
  has 1 dependencies
Evaluating 'jobserver' ...
  got v0.1.34
  has 1 dependencies
Evaluating 'cpufeatures' ...
  got v0.3.0
  has 0 dependencies
Evaluating 'diff' ...
  got v0.1.13
  has 0 dependencies
Evaluating 'futures-macro' ...
  got v0.3.32
  has 8 dependencies
Evaluating 'fastrand' ...
  got v2.4.1
  has 0 dependencies
Evaluating 'vec_map' ...
  got v0.8.2
  has 0 dependencies
Evaluating 'ctor' ...
  got v0.10.1
  has 4 dependencies
Evaluating 'signal-hook-registry' ...
  got v1.4.8
  has 3 dependencies
Evaluating 'form_urlencoded' ...
  got v1.2.2
  has 1 dependencies
Evaluating 'hex' ...
  got v0.4.3
  has 0 dependencies
Evaluating 'backtrace' ...
  got v0.3.76
  has 9 dependencies
Evaluating 'gimli' ...
  got v0.33.0
  has 6 dependencies
Evaluating 'addr2line' ...
  got v0.26.1
  has 19 dependencies
Evaluating 'crypto-common' ...
  got v0.2.1
  has 2 dependencies
Evaluating 'scoped-tls' ...
  got v1.0.1
  has 0 dependencies
Evaluating 'openssl-probe' ...
  got v0.2.1
  has 0 dependencies
Evaluating 'vcpkg' ...
  got v0.2.15
  has 0 dependencies
Evaluating 'tracing-attributes' ...
  got v0.1.31
  has 8 dependencies
Evaluating 'os_str_bytes' ...
  got v7.1.1
  has 1 dependencies
Evaluating 'tinyvec_macros' ...
  got v0.1.1
  has 0 dependencies
Evaluating 'schannel' ...
  got v0.1.29
  has 2 dependencies
Evaluating 'object' ...
  got v0.39.1
  has 9 dependencies
Evaluating 'core-foundation' ...
  got v0.10.1
  has 2 dependencies
Evaluating 'static_assertions' ...
  got v1.1.0
  has 0 dependencies
Evaluating 'proc-macro-hack' ...
  got v0.5.20+deprecated
  has 0 dependencies
Evaluating 'openssl-sys' ...
  got v0.9.114
  has 7 dependencies
Evaluating 'tinytemplate' ...
  got v1.2.1
  has 7 dependencies
Evaluating 'cast' ...
  got v0.3.0
  has 0 dependencies
Evaluating 'clap_lex' ...
  got v1.1.0
  has 0 dependencies
Evaluating 'criterion-plot' ...
  got v0.8.2
  has 3 dependencies
Evaluating 'criterion' ...
  got v0.8.2
  has 72 dependencies
Evaluating 'semver-parser' ...
  got v0.10.3
  has 3 dependencies
Evaluating 'miow' ...
  got v0.6.1
  has 2 dependencies
Evaluating 'windows_x86_64_gnullvm' ...
  got v0.53.1
  has 0 dependencies
Evaluating 'windows_aarch64_gnullvm' ...
  got v0.53.1
  has 0 dependencies
Evaluating 'rand_pcg' ...
  got v0.10.2
  has 1 dependencies
Evaluating 'term' ...
  got v1.2.1
  has 0 dependencies
Evaluating 'oorandom' ...
  got v11.1.5
  has 0 dependencies
Evaluating 'yaml-rust' ...
  got v0.4.5
  has 1 dependencies
Evaluating 'plotters' ...
  got v0.3.7
  has 70 dependencies
Evaluating 'security-framework-sys' ...
  got v2.17.0
  has 2 dependencies
Evaluating 'security-framework' ...
  got v3.7.0
  has 9 dependencies
Evaluating 'linked-hash-map' ...
  got v0.5.6
  has 0 dependencies
Evaluating 'foreign-types-shared' ...
  got v0.3.1
  has 0 dependencies
Evaluating 'foreign-types' ...
  got v0.5.0
  has 10 dependencies
Evaluating 'crossbeam-queue' ...
  got v0.3.12
  has 1 dependencies
Evaluating 'rustix' ...
  got v1.1.4
  has 2 dependencies
Evaluating 'linux-raw-sys' ...
  got v0.12.1
  has 0 dependencies
Evaluating 'siphasher' ...
  got v1.0.2
  has 0 dependencies
Evaluating 'tokio-util' ...
  got v0.7.18
  has 6 dependencies
Evaluating 'fuchsia-cprng' ...
  got v0.1.1
  has 0 dependencies
Evaluating 'csv' ...
  got v1.4.0
  has 5 dependencies
Evaluating 'rdrand' ...
  got v0.8.3
  has 4 dependencies
Evaluating 'csv-core' ...
  got v0.1.13
  has 1 dependencies
Evaluating 'wasm-bindgen-futures' ...
  got v0.4.68
  has 29 dependencies
Evaluating 'libm' ...
  got v0.2.16
  has 0 dependencies
Evaluating 'tracing-subscriber' ...
  got v0.3.23
  has 12 dependencies
Evaluating 'sharded-slab' ...
  got v0.1.7
  has 1 dependencies
Evaluating 'openssl' ...
  got v0.10.78
  has 23 dependencies
Evaluating 'mime' ...
  got v0.3.17
  has 0 dependencies
Evaluating 'rustc-std-workspace-core' ...
  got v1.0.1
  has 0 dependencies
Evaluating 'compiler_builtins' ...
  got v0.1.160
  has 0 dependencies
Evaluating 'structopt' ...
  got v0.3.26
  has 33 dependencies
Evaluating 'filetime' ...
  got v0.2.27
  has 2 dependencies
Evaluating 'structopt-derive' ...
  got v0.4.18
  has 21 dependencies
Evaluating 'libz-sys' ...
  got v1.1.28
  has 7 dependencies
Evaluating 'dirs' ...
  got v6.0.0
  has 3 dependencies
Evaluating 'pulldown-cmark' ...
  got v0.13.3
  has 6 dependencies
Evaluating 'httparse' ...
  got v1.10.1
  has 0 dependencies
Evaluating 'tower-service' ...
  got v0.3.3
  has 0 dependencies
Evaluating 'ahash' ...
  got v0.8.12
  has 8 dependencies
Evaluating 'phf_shared' ...
  got v0.13.1
  has 1 dependencies
Evaluating 'io-lifetimes' ...
  got v3.0.1
  has 0 dependencies
Evaluating 'spin' ...
  got v0.10.0
  has 2 dependencies
Evaluating 'clang-sys' ...
  got v1.8.1
  has 4 dependencies
Evaluating 'bindgen' ...
  got v0.72.1
  has 32 dependencies
Evaluating 'peeking_take_while' ...
  got v1.0.0
  has 0 dependencies
Evaluating 'cexpr' ...
  got v0.6.0
  has 3 dependencies
Evaluating 'errno' ...
  got v0.3.14
  has 1 dependencies
Evaluating 'quickcheck' ...
  got v1.1.0
  has 20 dependencies
Evaluating 'clap_derive' ...
  got v4.6.1
  has 9 dependencies
Evaluating 'http' ...
  got v1.4.0
  has 2 dependencies
Evaluating 'tokio-macros' ...
  got v2.7.0
  has 8 dependencies
Evaluating 'fixedbitset' ...
  got v0.5.7
  has 0 dependencies
Evaluating 'cloudabi' ...
  got v0.1.0
  has 1 dependencies
Evaluating 'hyper' ...
  got v1.9.0
  has 9 dependencies
Evaluating 'utf8parse' ...
  got v0.2.2
  has 0 dependencies
Evaluating 'errno-dragonfly' ...
  got v0.1.2
  has 5 dependencies
Evaluating 'phf' ...
  got v0.13.1
  has 2 dependencies
Evaluating 'pest' ...
  got v2.8.6
  has 2 dependencies
Evaluating 'ucd-trie' ...
  got v0.1.7
  has 0 dependencies
Evaluating 'petgraph' ...
  got v0.8.3
  has 6 dependencies
Evaluating 'doc-comment' ...
  got v0.3.4
  has 0 dependencies
Evaluating 'matchers' ...
  got v0.2.0
  has 2 dependencies
Evaluating 'phf_generator' ...
  got v0.13.1
  has 3 dependencies
Evaluating 'tracing-log' ...
  got v0.2.0
  has 4 dependencies
Evaluating 'untrusted' ...
  got v0.9.0
  has 0 dependencies
Evaluating 'ring' ...
  got v0.17.14
  has 9 dependencies
Evaluating 'rand_os' ...
  got v0.2.2
  has 5 dependencies
Evaluating 'stable_deref_trait' ...
  got v1.2.1
  has 0 dependencies
Evaluating 'trybuild' ...
  got v1.0.116
  has 29 dependencies
Evaluating 'rustc-std-workspace-alloc' ...
  got v1.0.1
  has 0 dependencies
Evaluating 'rustls' ...
  got v0.23.39
  has 24 dependencies
Evaluating 'sct' ...
  got v0.7.1
  has 11 dependencies
Evaluating 'getopts' ...
  got v0.2.24
  has 1 dependencies
Evaluating 'no-panic' ...
  got v0.1.36
  has 8 dependencies
Evaluating 'derive_more' ...
  got v2.1.1
  has 12 dependencies
Evaluating 'dirs-sys-next' ...
  got v0.1.2
  has 1 dependencies
Evaluating 'synstructure' ...
  got v0.13.2
  has 8 dependencies
Evaluating 'half' ...
  got v2.7.1
  has 11 dependencies
Evaluating 'dirs-next' ...
  got v2.0.0
  has 3 dependencies
Evaluating 'try-lock' ...
  got v0.2.5
  has 0 dependencies
Evaluating 'want' ...
  got v0.3.1
  has 1 dependencies
Evaluating 'terminal_size' ...
  got v0.4.4
  has 3 dependencies
Evaluating 'uuid' ...
  got v1.23.1
  has 0 dependencies
Evaluating 'wait-timeout' ...
  got v0.2.1
  has 1 dependencies
Evaluating 'http-body' ...
  got v1.0.1
  has 4 dependencies
Evaluating 'new_debug_unreachable' ...
  got v1.0.6
  has 0 dependencies
Evaluating 'normalize-line-endings' ...
  got v0.3.0
  has 0 dependencies
Evaluating 'toml_edit' ...
  got v0.25.11+spec-1.1.0
  has 8 dependencies
Evaluating 'webpki' ...
  got v0.22.4
  has 11 dependencies
Evaluating 'bincode' ...
  got v3.0.0
  has 0 dependencies
Evaluating 'rand_isaac' ...
  got v0.5.0
  has 1 dependencies
Evaluating 'which' ...
  got v8.0.2
  has 1 dependencies
Evaluating 'windows-targets' ...
  got v0.53.5
  has 1 dependencies
Evaluating 'rand_jitter' ...
  got v0.6.0
  has 1 dependencies
Evaluating 'nix' ...
  got v0.31.2
  has 5 dependencies
Evaluating 'plotters-svg' ...
  got v0.3.7
  has 1 dependencies
Evaluating 'plotters-backend' ...
  got v0.3.7
  has 0 dependencies
Evaluating 'critical-section' ...
  got v1.2.0
  has 0 dependencies
Evaluating 'h2' ...
  got v0.4.13
  has 25 dependencies
Evaluating 'openssl-src' ...
  got v300.6.0+3.6.2
  has 3 dependencies
Evaluating 'signal-hook' ...
  got v0.4.4
  has 5 dependencies
Evaluating 'atomic-polyfill' ...
  got v1.0.3
  has 1 dependencies
Evaluating 'webpki-roots' ...
  got v1.0.7
  has 1 dependencies
Evaluating 'pretty_assertions' ...
  got v1.4.1
  has 2 dependencies
Evaluating 'encoding_rs' ...
  got v0.8.35
  has 1 dependencies
Evaluating 'pest_generator' ...
  got v2.8.6
  has 26 dependencies
Evaluating 'pest_meta' ...
  got v2.8.6
  has 16 dependencies
Evaluating 'tokio-stream' ...
  got v0.1.18
  has 4 dependencies
Evaluating 'packed_simd_2' ...
  got v0.3.8
  has 2 dependencies
Evaluating 'pest_derive' ...
  got v2.8.6
  has 28 dependencies
Evaluating 'tar' ...
  got v0.4.45
  has 8 dependencies
Evaluating 'pin-project-internal' ...
  got v1.1.11
  has 8 dependencies
Evaluating 'pin-project' ...
  got v1.1.11
  has 9 dependencies
Evaluating 'dirs-sys' ...
  got v0.5.0
  has 2 dependencies
Evaluating 'globset' ...
  got v0.4.18
  has 10 dependencies
Evaluating 'httpdate' ...
  got v1.0.3
  has 0 dependencies
Evaluating 'opaque-debug' ...
  got v0.4.0
  has 0 dependencies
Evaluating 'time-macros' ...
  got v0.2.27
  has 2 dependencies
Evaluating 'is-terminal' ...
  got v0.4.17
  has 1 dependencies
Evaluating 'bit-vec' ...
  got v0.9.1
  has 0 dependencies
Evaluating 'pretty_env_logger' ...
  got v0.5.0
  has 16 dependencies
Evaluating 'memmap2' ...
  got v0.9.10
  has 1 dependencies
Evaluating 'sha1' ...
  got v0.11.0
  has 9 dependencies
Evaluating 'difference' ...
  got v2.0.0
  has 0 dependencies
Evaluating 'output_vt100' ...
  got v0.1.3
  has 1 dependencies
Evaluating 'xattr' ...
  got v1.6.1
  has 3 dependencies
Evaluating 'valuable' ...
  got v0.1.1
  has 0 dependencies
Evaluating 'cmake' ...
  got v0.1.58
  has 3 dependencies
Evaluating 'iana-time-zone' ...
  got v0.1.65
  has 0 dependencies
Evaluating 'ignore' ...
  got v0.4.25
  has 21 dependencies
Evaluating 'utf-8' ...
  got v0.7.6
  has 0 dependencies
Evaluating 'string_cache' ...
  got v0.9.0
  has 13 dependencies
Evaluating 'fallible-iterator' ...
  got v0.3.0
  has 0 dependencies
Evaluating 'convert_case' ...
  got v0.11.0
  has 1 dependencies
Evaluating 'precomputed-hash' ...
  got v0.1.1
  has 0 dependencies
Evaluating 'bytecount' ...
  got v0.6.9
  has 0 dependencies
Evaluating 'yansi' ...
  got v1.0.1
  has 0 dependencies
Evaluating 'serde_urlencoded' ...
  got v0.7.1
  has 6 dependencies
Evaluating 'bit-set' ...
  got v0.10.0
  has 1 dependencies
Evaluating 'similar' ...
  got v3.1.0
  has 0 dependencies
Evaluating 'phf_codegen' ...
  got v0.13.1
  has 5 dependencies
Evaluating 'async-trait' ...
  got v0.1.89
  has 8 dependencies
Evaluating 'mime_guess' ...
  got v2.0.5
  has 4 dependencies
Evaluating 'cargo_metadata' ...
  got v0.23.1
  has 27 dependencies
Evaluating 'android_system_properties' ...
  got v0.1.5
  has 1 dependencies
Evaluating 'thread-id' ...
  got v5.1.0
  has 1 dependencies
Evaluating 'clippy' ...
  got v0.0.302
  has 5 dependencies
Evaluating 'rand_xoshiro' ...
  got v0.8.0
  has 1 dependencies
Evaluating 'constant_time_eq' ...
  got v0.5.0
  has 0 dependencies
Evaluating 'colored' ...
  got v3.1.1
  has 0 dependencies
Evaluating 'unic-ucd-version' ...
  got v0.9.0
  has 1 dependencies
Evaluating 'unic-char-range' ...
  got v0.9.0
  has 0 dependencies
Evaluating 'unic-char-property' ...
  got v0.9.0
  has 1 dependencies
Evaluating 'unic-common' ...
  got v0.9.0
  has 0 dependencies
Evaluating 'handlebars' ...
  got v6.4.0
  has 64 dependencies
Evaluating 'native-tls' ...
  got v0.2.18
  has 27 dependencies
Evaluating 'tokio-rustls' ...
  got v0.26.4
  has 27 dependencies
Evaluating 'console_error_panic_hook' ...
  got v0.1.7
  has 21 dependencies
Evaluating 'sha-1' ...
  got v0.10.1
  has 11 dependencies
Evaluating 'maplit' ...
  got v1.0.2
  has 0 dependencies
Evaluating 'unic-emoji-char' ...
  got v0.9.0
  has 5 dependencies
Evaluating 'wasm-bindgen-test' ...
  got v0.3.68
  has 60 dependencies
Evaluating 'wasm-bindgen-test-macro' ...
  got v0.3.68
  has 8 dependencies
Evaluating 'ntapi' ...
  got v0.4.3
  has 1 dependencies
Evaluating 'serde_cbor' ...
  got v0.11.2
  has 3 dependencies
Evaluating 'serde_test' ...
  got v1.0.177
  has 2 dependencies
Evaluating 'paste' ...
  got v1.0.15
  has 0 dependencies
Evaluating 'md-5' ...
  got v0.11.0
  has 8 dependencies
Evaluating 'cargo-platform' ...
  got v0.3.3
  has 1 dependencies
Evaluating 'winapi-build' ...
  got v0.1.1
  has 0 dependencies
Evaluating 'windows' ...
  got v0.62.2
  has 29 dependencies
Evaluating 'fs-err' ...
  got v3.3.0
  has 2 dependencies
Evaluating 'kernel32-sys' ...
  got v0.2.2
  has 3 dependencies
Evaluating 'snapbox' ...
  got v1.2.1
  has 13 dependencies
Evaluating 'snapbox-macros' ...
  got v1.1.0
  has 0 dependencies
Evaluating 'maybe-uninit' ...
  got v2.0.0
  has 0 dependencies
Evaluating 'ena' ...
  got v0.14.4
  has 1 dependencies
Evaluating 'iana-time-zone-haiku' ...
  got v0.1.2
  has 4 dependencies
Evaluating 'winreg' ...
  got v0.56.0
  has 3 dependencies
Evaluating 'rustls-pemfile' ...
  got v2.2.0
  has 2 dependencies
Evaluating 'curl-sys' ...
  got v0.4.87+curl-8.19.0
  has 18 dependencies
Evaluating 'curl' ...
  got v0.4.49
  has 24 dependencies
Evaluating 'arrayref' ...
  got v0.3.9
  has 0 dependencies
Evaluating 'combine' ...
  got v4.6.7
  has 2 dependencies
Evaluating 'threadpool' ...
  got v1.8.1
  has 2 dependencies
Evaluating 'anes' ...
  got v0.2.1
  has 0 dependencies
Evaluating 'crossbeam' ...
  got v0.8.4
  has 10 dependencies
Evaluating 'ciborium-io' ...
  got v0.2.2
  has 0 dependencies
Evaluating 'ciborium-ll' ...
  got v0.2.2
  has 13 dependencies
Evaluating 'ciborium' ...
  got v0.2.2
  has 21 dependencies
Evaluating 'subtle' ...
  got v2.6.1
  has 0 dependencies
Evaluating 'codespan-reporting' ...
  got v0.13.1
  has 2 dependencies
Evaluating 'strum_macros' ...
  got v0.28.0
  has 9 dependencies
Evaluating 'reqwest' ...
  got v0.13.3
  has 226 dependencies
Evaluating 'ucd-parse' ...
  got v0.1.13
  has 1 dependencies
Evaluating 'home' ...
  got v0.5.12
  has 0 dependencies
Evaluating 'rustls-native-certs' ...
  got v0.8.3
  has 3 dependencies
Evaluating 'strum' ...
  got v0.28.0
  has 0 dependencies
Evaluating 'concolor-query' ...
  got v0.3.3
  has 0 dependencies
Evaluating 'proptest' ...
  got v1.11.0
  has 35 dependencies
Evaluating 'console' ...
  got v0.16.3
  has 2 dependencies
Evaluating 'os_pipe' ...
  got v1.2.3
  has 1 dependencies
Evaluating 'proc-macro-crate' ...
  got v3.5.0
  has 8 dependencies
Evaluating 'hmac' ...
  got v0.13.0
  has 8 dependencies
Evaluating 'fs_extra' ...
  got v1.3.0
  has 0 dependencies
Evaluating 'adler32' ...
  got v1.2.0
  has 0 dependencies
Evaluating 'git2' ...
  got v0.20.4
  has 108 dependencies
Evaluating 'libgit2-sys' ...
  got v0.18.3+1.9.2
  has 15 dependencies
Evaluating 'net2' ...
  got v0.2.39
  has 2 dependencies
Evaluating 'tempdir' ...
  got v0.3.7
  has 3 dependencies
Evaluating 'string_cache_codegen' ...
  got v0.6.1
  has 9 dependencies
Evaluating 'dunce' ...
  got v1.0.5
  has 0 dependencies
Evaluating 'markup5ever' ...
  got v0.39.0
  has 32 dependencies
Evaluating 'mac' ...
  got v0.1.1
  has 0 dependencies
Evaluating 'fuchsia-zircon-sys' ...
  got v0.3.3
  has 0 dependencies
Evaluating 'fuchsia-zircon' ...
  got v0.3.3
  has 2 dependencies
Evaluating 'shell-escape' ...
  got v0.1.5
  has 0 dependencies
Evaluating 'tendril' ...
  got v0.5.0
  has 2 dependencies
Evaluating 'futf' ...
  got v0.1.5
  has 2 dependencies
Evaluating 'html5ever' ...
  got v0.39.0
  has 34 dependencies
Evaluating 'event-listener' ...
  got v5.4.1
  has 4 dependencies
Evaluating 'openssl-macros' ...
  got v0.1.1
  has 8 dependencies
Evaluating 'async-stream' ...
  got v0.3.6
  has 11 dependencies
Evaluating 'async-stream-impl' ...
  got v0.3.6
  has 8 dependencies
Evaluating 'utf8-ranges' ...
  got v1.0.5
  has 0 dependencies
Evaluating 'escargot' ...
  got v0.5.15
  has 17 dependencies
Evaluating 'pathdiff' ...
  got v0.2.3
  has 0 dependencies
Evaluating 'flamer' ...
  got v0.5.0
  has 22 dependencies
Evaluating 'flame' ...
  got v0.2.2
  has 19 dependencies
Evaluating 'time-core' ...
  got v0.1.8
  has 0 dependencies
Evaluating 'byte-tools' ...
  got v0.3.1
  has 0 dependencies
Evaluating 'fake-simd' ...
  got v0.1.2
  has 0 dependencies
Evaluating 'redox_termios' ...
  got v0.1.3
  has 0 dependencies
Evaluating 'termion' ...
  got v4.0.6
  has 2 dependencies
Evaluating 'fst' ...
  got v0.4.7
  has 0 dependencies
Evaluating 'cookie' ...
  got v0.18.1
  has 12 dependencies
Evaluating 'hyper-tls' ...
  got v0.6.0
  has 79 dependencies
Evaluating 'vte' ...
  got v0.15.0
  has 2 dependencies
Evaluating 'ident_case' ...
  got v1.0.1
  has 0 dependencies
Evaluating 'concurrent-queue' ...
  got v2.5.0
  has 1 dependencies
Evaluating 'iovec' ...
  got v0.1.4
  has 1 dependencies
Evaluating 'hyper-rustls' ...
  got v0.27.9
  has 79 dependencies
Evaluating 'proc-macro-nested' ...
  got v0.1.7
  has 0 dependencies
Evaluating 'directories' ...
  got v6.0.0
  has 3 dependencies
Evaluating 'num-bigint' ...
  got v0.4.6
  has 5 dependencies
Evaluating 'camino' ...
  got v1.2.2
  has 0 dependencies
Evaluating 'overload' ...
  got v0.1.1
  has 0 dependencies
Evaluating 'nu-ansi-term' ...
  got v0.50.3
  has 0 dependencies
Evaluating 'libssh2-sys' ...
  got v0.3.1
  has 18 dependencies
Evaluating 'rustfix' ...
  got v0.9.5
  has 25 dependencies
Evaluating 'tower' ...
  got v0.5.3
  has 2 dependencies
Evaluating 'tower-layer' ...
  got v0.3.3
  has 0 dependencies
Evaluating 'blake2b_simd' ...
  got v1.0.4
  has 3 dependencies
Evaluating 'ipnet' ...
  got v2.12.0
  has 0 dependencies
Evaluating 'link-cplusplus' ...
  got v1.0.12
  has 4 dependencies
Evaluating 'cxxbridge-flags' ...
  got v1.0.194
  has 0 dependencies
Evaluating 'darling' ...
  got v0.23.0
  has 19 dependencies
Evaluating 'darling_core' ...
  got v0.23.0
  has 9 dependencies
Evaluating 'cxxbridge-macro' ...
  got v1.0.194
  has 11 dependencies
Evaluating 'darling_macro' ...
  got v0.23.0
  has 12 dependencies
Evaluating 'toml_datetime' ...
  got v1.1.1+spec-1.1.0
  has 0 dependencies
Evaluating 'cxx' ...
  got v1.0.194
  has 21 dependencies
Evaluating 'ws2_32-sys' ...
  got v0.2.1
  has 3 dependencies
Evaluating 'cxx-build' ...
  got v1.0.194
  has 18 dependencies
Evaluating 'scratch' ...
  got v1.0.9
  has 0 dependencies
Evaluating 'futures-lite' ...
  got v2.6.1
  has 5 dependencies
Evaluating 'libnghttp2-sys' ...
  got v0.1.13+1.68.1
  has 5 dependencies
Evaluating 'version-sync' ...
  got v0.9.5
  has 105 dependencies
Evaluating 'waker-fn' ...
  got v1.2.0
  has 0 dependencies
Evaluating 'parking' ...
  got v2.2.1
  has 0 dependencies
Evaluating 'serial_test' ...
  got v3.4.0
  has 29 dependencies
Evaluating 'opener' ...
  got v0.8.4
  has 3 dependencies
Evaluating 'serial_test_derive' ...
  got v3.4.0
  has 8 dependencies
Evaluating 'dissimilar' ...
  got v1.0.11
  has 0 dependencies
Evaluating 'lzma-sys' ...
  got v0.1.20
  has 6 dependencies
Evaluating 'num_threads' ...
  got v0.1.7
  has 0 dependencies
Evaluating 'polling' ...
  got v3.11.0
  has 4 dependencies
Evaluating 'rusty-fork' ...
  got v0.3.1
  has 13 dependencies
Evaluating 'concolor' ...
  got v0.1.1
  has 0 dependencies
Evaluating 'rust-argon2' ...
  got v3.0.0
  has 7 dependencies
Evaluating 'encode_unicode' ...
  got v1.0.0
  has 0 dependencies
Evaluating 'block-padding' ...
  got v0.4.2
  has 2 dependencies
Evaluating 'xz2' ...
  got v0.1.7
  has 7 dependencies
Evaluating 'async-io' ...
  got v2.6.0
  has 17 dependencies
Evaluating 'async-channel' ...
  got v2.5.0
  has 10 dependencies
Evaluating 'jemalloc-sys' ...
  got v0.5.4+5.3.0-patched
  has 5 dependencies
Evaluating 'failure' ...
  got v0.1.8
  has 24 dependencies
Evaluating 'alloc-stdlib' ...
  got v0.2.2
  has 1 dependencies
Evaluating 'brotli-decompressor' ...
  got v5.0.0
  has 3 dependencies
Evaluating 'alloc-no-stdlib' ...
  got v2.0.4
  has 0 dependencies
Evaluating 'async-task' ...
  got v4.7.1
  has 0 dependencies
Evaluating 'ucd-util' ...
  got v0.2.2
  has 0 dependencies
Evaluating 'unicode_categories' ...
  got v0.1.1
  has 0 dependencies
Evaluating 'shell-words' ...
  got v1.1.1
  has 0 dependencies
Evaluating 'arbitrary' ...
  got v1.4.2
  has 0 dependencies
Evaluating 'basic-toml' ...
  got v0.1.10
  has 2 dependencies
Evaluating 'bytemuck' ...
  got v1.25.0
  has 0 dependencies
Evaluating 'tokio-test' ...
  got v0.4.5
  has 7 dependencies
Evaluating 'async-lock' ...
  got v3.4.2
  has 9 dependencies
Evaluating 'term_size' ...
  got v0.3.2
  has 1 dependencies
Evaluating 'strip-ansi-escapes' ...
  got v0.2.1
  has 2 dependencies
Evaluating 'indoc' ...
  got v2.0.7
  has 2 dependencies
Evaluating 'annotate-snippets' ...
  got v0.12.15
  has 2 dependencies
Evaluating 'anstyle' ...
  got v1.0.14
  has 0 dependencies
Evaluating 'tokio-native-tls' ...
  got v0.3.1
  has 30 dependencies
Evaluating 'ammonia' ...
  got v4.1.2
  has 134 dependencies
Evaluating 'atomic-waker' ...
  got v1.1.2
  has 0 dependencies
Evaluating 'blocking' ...
  got v1.6.2
  has 20 dependencies
Evaluating 'rustc-serialize' ...
  got v0.3.25
  has 0 dependencies
Evaluating 'mdbook' ...
  got v0.5.2
  has 451 dependencies
Evaluating 'elasticlunr-rs' ...
  got v3.0.2
  has 25 dependencies
Evaluating 'spmc' ...
  got v0.3.0
  has 0 dependencies
Evaluating 'failure_derive' ...
  got v0.1.8
  has 13 dependencies
Evaluating 'async-executor' ...
  got v1.14.0
  has 9 dependencies
Evaluating 'if_chain' ...
  got v1.0.3
  has 0 dependencies
Evaluating 'value-bag' ...
  got v1.12.0
  has 0 dependencies
Evaluating 'brotli' ...
  got v8.0.2
  has 6 dependencies
Evaluating 'hostname' ...
  got v0.4.2
  has 2 dependencies
Evaluating 'c2-chacha' ...
  got v0.3.3
  has 7 dependencies
Evaluating 'derive-new' ...
  got v0.7.0
  has 8 dependencies
Evaluating 'dlmalloc' ...
  got v0.2.13
  has 2 dependencies
Evaluating 'humantime-serde' ...
  got v1.1.1
  has 12 dependencies
Evaluating 'serde_ignored' ...
  got v0.1.14
  has 1 dependencies
Evaluating 'linkchecker' ...
  got v0.2.0
  has 0 dependencies
Evaluating 'kv-log-macro' ...
  got v1.0.7
  has 2 dependencies
Evaluating 'async-std' ...
  got v1.13.2
  has 73 dependencies
Evaluating 'widestring' ...
  got v1.2.1
  has 0 dependencies
Evaluating 'nodrop' ...
  got v0.1.14
  has 0 dependencies
Evaluating 'gloo-timers' ...
  got v0.4.0
  has 23 dependencies
Evaluating 'dashmap' ...
  got v6.1.0
  has 10 dependencies
Evaluating 'cookie_store' ...
  got v0.22.1
  has 107 dependencies
Evaluating 'async-global-executor' ...
  got v3.1.0
  has 52 dependencies
Evaluating 'trycmd' ...
  got v1.2.0
  has 79 dependencies
Evaluating 'arc-swap' ...
  got v1.9.1
  has 1 dependencies
Evaluating 'bitmaps' ...
  got v3.2.1
  has 0 dependencies
Evaluating 'bytesize' ...
  got v2.3.1
  has 0 dependencies
Evaluating 'punycode' ...
  got v0.4.1
  has 0 dependencies
Evaluating 'num-rational' ...
  got v0.4.2
  has 8 dependencies
Evaluating 'measureme' ...
  got v12.0.3
  has 14 dependencies
Evaluating 'tester' ...
  got v0.9.1
  has 11 dependencies
Evaluating 'clap_complete' ...
  got v4.6.3
  has 4 dependencies
Evaluating 'rustc-workspace-hack' ...
  got v1.0.0
  has 0 dependencies
Evaluating 'anstyle-parse' ...
  got v1.0.0
  has 1 dependencies
Evaluating 'compiletest_rs' ...
  got v0.11.2
  has 58 dependencies
Evaluating 'unicode-script' ...
  got v0.5.8
  has 0 dependencies
Evaluating 'cpp_demangle' ...
  got v0.5.1
  has 1 dependencies
Evaluating 'clap_builder' ...
  got v4.6.0
  has 11 dependencies
Evaluating 'owo-colors' ...
  got v4.3.0
  has 0 dependencies
Evaluating 'unwind' ...
  got v0.4.2
  has 16 dependencies
Evaluating 'dtoa' ...
  got v1.0.11
  has 0 dependencies
Evaluating 'clippy_lints' ...
  got v0.0.212
  has 57 dependencies
Evaluating 'publicsuffix' ...
  got v2.3.0
  has 71 dependencies
Evaluating 'rustc_lexer' ...
  got v0.1.0
  has 1 dependencies
Evaluating 'quine-mc_cluskey' ...
  got v0.2.4
  has 0 dependencies
Evaluating 'void' ...
  got v1.0.2
  has 0 dependencies
Evaluating 'anstream' ...
  got v1.0.0
  has 7 dependencies
Evaluating 'rustc_tools_util' ...
  got v0.4.2
  has 0 dependencies
Evaluating 'lru-cache' ...
  got v0.1.2
  has 1 dependencies
Evaluating 'rustc-rayon-core' ...
  got v0.5.1
  has 5 dependencies
Evaluating 'enum-as-inner' ...
  got v0.7.0
  has 9 dependencies
Evaluating 'minifier' ...
  got v0.3.6
  has 13 dependencies
Evaluating 'rustc-rayon' ...
  got v0.5.1
  has 7 dependencies
Evaluating 'anstyle-wincon' ...
  got v3.0.11
  has 1 dependencies
Evaluating 'fortanix-sgx-abi' ...
  got v0.7.0
  has 0 dependencies
Evaluating 'datafrog' ...
  got v2.0.1
  has 0 dependencies
Evaluating 'miri' ...
  ! crate not resolved: error: the crate `miri` could not be found in registry index.
Evaluating 'trust-dns-proto' ...
  got v0.23.2
  has 133 dependencies
Evaluating 'installer' ...
  ! crate not resolved: error: failed to select a version for the requirement `manager = "^0.1.1"`
Evaluating 'panic_unwind' ...
  got v0.0.0
  has 5 dependencies
Evaluating 'tidy' ...
  got v1.0.1
  has 23 dependencies
Evaluating 'rls' ...
  got v0.122.2
  has 0 dependencies
Evaluating 'rustc_apfloat' ...
  got v0.2.3+llvm-462a31f5a5ab
  has 2 dependencies
Evaluating 'rustc_errors' ...
  got v0.1.2
  has 1 dependencies
Evaluating 'rustc_data_structures' ...
  got v0.1.2
  has 63 dependencies
Evaluating 'rustfmt-nightly' ...
  got v1.4.21
  has 362 dependencies
Evaluating 'sized-chunks' ...
  got v0.7.0
  has 1 dependencies
Evaluating 'polonius-engine' ...
  got v0.13.0
  has 3 dependencies
Evaluating 'kstring' ...
  got v2.0.2
  has 1 dependencies
Evaluating 'snap' ...
  got v1.1.1
  has 0 dependencies
Evaluating 'serde_repr' ...
  got v0.1.20
  has 8 dependencies
Evaluating 'rustfmt-config_proc_macro' ...
  got v0.5.1
  has 8 dependencies
Evaluating 'trust-dns-resolver' ...
  got v0.23.2
  has 152 dependencies
Evaluating 'ipconfig' ...
  got v0.3.4
  has 0 dependencies
Evaluating 'resolv-conf' ...
  got v0.7.6
  has 0 dependencies
Evaluating 'predicates' ...
  got v3.1.4
  has 17 dependencies
Evaluating 'serde_spanned' ...
  got v1.1.1
  has 1 dependencies
Evaluating 'predicates-core' ...
  got v1.0.10
  has 0 dependencies
Evaluating 'predicates-tree' ...
  got v1.0.13
  has 2 dependencies
Evaluating 'crates-io' ...
  got v0.40.18
  has 116 dependencies
Evaluating 'git2-curl' ...
  got v0.21.0
  has 114 dependencies
Evaluating 'cargo' ...
  got v0.96.0
  has 974 dependencies
Evaluating 'im-rc' ...
  got v15.1.0
  has 11 dependencies
Evaluating 'rustc-std-workspace-std' ...
  got v1.0.1
  has 0 dependencies
Evaluating 'cargo-test-macro' ...
  got v0.4.10
  has 0 dependencies
Evaluating 'indenter' ...
  got v0.3.4
  has 0 dependencies
Evaluating 'rb-sys' ...
  got v0.9.127
  has 42 dependencies
Evaluating 'fwdansi' ...
  got v1.1.0
  has 2 dependencies
Evaluating 'findshlibs' ...
  got v0.10.2
  has 5 dependencies
Evaluating 'backtrace-sys' ...
  got v0.1.37
  has 5 dependencies
Evaluating 'tokio-io' ...
  got v0.1.13
  has 6 dependencies
Evaluating 'crypto-hash' ...
  got v0.3.4
  has 25 dependencies
Evaluating 'commoncrypto' ...
  got v0.2.0
  has 2 dependencies
Evaluating 'commoncrypto-sys' ...
  got v0.2.0
  has 1 dependencies
Evaluating 'zeroize' ...
  got v1.8.2
  has 0 dependencies
Evaluating 'cargo-test-support' ...
  got v0.11.1
  has 346 dependencies
Evaluating 'unicode-security' ...
  got v0.1.2
  has 4 dependencies
Evaluating 'ipnetwork' ...
  got v0.21.1
  has 0 dependencies
Evaluating 'rb-sys-build' ...
  got v0.9.127
  has 40 dependencies
Evaluating 'match_cfg' ...
  got v0.1.0
  has 0 dependencies
Evaluating 'eyre' ...
  got v0.6.12
  has 2 dependencies
Evaluating 'async-compression' ...
  got v0.4.42
  has 4 dependencies
Evaluating 'content_inspector' ...
  got v0.2.4
  has 1 dependencies
Evaluating 'sha1_smol' ...
  got v1.0.1
  has 0 dependencies
Evaluating 'rustc_span' ...
  got v0.1.2
  has 87 dependencies
Evaluating 'winnow' ...
  got v1.0.2
  has 0 dependencies
Evaluating 'typed-arena' ...
  got v2.0.2
  has 0 dependencies
Evaluating 'pnet_base' ...
  got v0.35.0
  has 1 dependencies
Evaluating 'expect-test' ...
  got v1.5.1
  has 2 dependencies
Evaluating 'pnet_datalink' ...
  got v0.35.0
  has 8 dependencies
Evaluating 'pnet_sys' ...
  got v0.35.0
  has 1 dependencies
Evaluating 'safemem' ...
  got v0.3.3
  has 0 dependencies
Evaluating 'psm' ...
  got v0.1.31
  has 7 dependencies
Evaluating 'zerocopy' ...
  got v0.8.48
  has 0 dependencies
Evaluating 'chalk-engine' ...
  got v0.104.0
  has 63 dependencies
Evaluating 'tracing-error' ...
  got v0.2.1
  has 10 dependencies
Evaluating 'zerocopy-derive' ...
  got v0.8.48
  has 8 dependencies
Evaluating 'stacker' ...
  got v0.1.24
  has 12 dependencies
Evaluating 'crunchy' ...
  got v0.2.4
  has 0 dependencies
Evaluating 'yansi-term' ...
  got v0.1.2
  has 0 dependencies
Evaluating 'generator' ...
  got v0.8.8
  has 8 dependencies
Evaluating 'loom' ...
  got v0.7.2
  has 33 dependencies
Evaluating 'jsonpath_lib' ...
  got v0.3.0
  has 20 dependencies
Evaluating 'data-encoding' ...
  got v2.11.0
  has 0 dependencies
Evaluating 'numtoa' ...
  got v1.0.0
  has 0 dependencies
Evaluating 'prettyplease' ...
  got v0.2.37
  has 5 dependencies
Evaluating 'ordered-float' ...
  got v5.3.0
  has 3 dependencies
Evaluating 'float-cmp' ...
  got v0.10.0
  has 3 dependencies
Evaluating 'zstd-sys' ...
  got v2.0.16+zstd.1.5.7
  has 37 dependencies
Evaluating 'tracing-tree' ...
  got v0.4.1
  has 13 dependencies
Evaluating 'perf-event-open-sys' ...
  got v6.0.0
  has 1 dependencies
Evaluating 'libflate' ...
  got v2.3.0
  has 13 dependencies
Evaluating 'color-spantrace' ...
  got v0.3.0
  has 14 dependencies
Evaluating 'inotify' ...
  got v0.11.1
  has 12 dependencies
Evaluating 'color-eyre' ...
  got v0.6.5
  has 32 dependencies
Evaluating 'inotify-sys' ...
  got v0.1.5
  has 1 dependencies
Evaluating 'target-lexicon' ...
  got v0.13.5
  has 0 dependencies
Evaluating 'twox-hash' ...
  got v2.1.2
  has 9 dependencies
Evaluating 'const_fn' ...
  got v0.4.12
  has 0 dependencies
Evaluating 'rle-decode-fast' ...
  got v1.0.3
  has 0 dependencies
Evaluating 'zstd' ...
  got v0.13.3
  has 10 dependencies
Evaluating 'zstd-safe' ...
  got v7.2.4
  has 9 dependencies
Evaluating 'askama_escape' ...
  got v0.15.6
  has 0 dependencies
Evaluating 'anstyle-query' ...
  got v1.1.5
  has 0 dependencies
Evaluating 'colorchoice' ...
  got v1.0.5
  has 0 dependencies
Evaluating 'quick-xml' ...
  got v0.39.2
  has 1 dependencies
Evaluating 'base-x' ...
  got v0.2.11
  has 0 dependencies
Evaluating 'cipher' ...
  got v0.5.1
  has 5 dependencies
Evaluating 'yaml-merge-keys' ...
  got v0.8.2
  has 21 dependencies
Evaluating 'termize' ...
  got v0.2.1
  has 1 dependencies
Evaluating 'cargo-util' ...
  got v0.2.28
  has 58 dependencies
Evaluating 'num-complex' ...
  got v0.4.6
  has 3 dependencies
Evaluating 'json' ...
  got v0.12.4
  has 0 dependencies
Evaluating 'cloudflare-zlib-sys' ...
  got v0.3.7
  has 4 dependencies
Evaluating 'stdweb' ...
  got v0.4.20
  has 40 dependencies
Evaluating 'cargo-miri' ...
  ! crate not resolved: error: the crate `cargo-miri` could not be found in registry index.
Evaluating 'stdweb-internal-macros' ...
  got v0.2.9
  has 25 dependencies
Evaluating 'stdweb-internal-runtime' ...
  got v0.1.5
  has 0 dependencies
Evaluating 'discard' ...
  got v1.0.4
  has 0 dependencies
Evaluating 'stdweb-derive' ...
  got v0.5.3
  has 17 dependencies
Evaluating 'tokio-socks' ...
  got v0.5.2
  has 23 dependencies
Evaluating 'rstest' ...
  got v0.26.1
  has 44 dependencies
Evaluating 'mio-uds' ...
  got v0.6.8
  has 12 dependencies
Evaluating 'cstr' ...
  got v0.2.12
  has 4 dependencies
Evaluating 'vte_generate_state_changes' ...
  got v0.2.0
  has 4 dependencies
Evaluating 'rustc-semver' ...
  got v1.1.0
  has 0 dependencies
Evaluating 'gsgdt' ...
  got v0.1.2
  has 11 dependencies
Evaluating 'derive_arbitrary' ...
  got v1.4.2
  has 8 dependencies
Evaluating 'aes' ...
  got v0.9.0
  has 8 dependencies
Evaluating 'serde_yaml' ...
  got v0.9.34+deprecated
  has 8 dependencies
Evaluating 'array_tool' ...
  got v1.0.3
  has 0 dependencies
Evaluating 'clippy_utils' ...
  got v0.1.97
  has 17 dependencies
Evaluating 'unified-diff' ...
  got v0.2.1
  has 1 dependencies
Evaluating 'error-chain' ...
  got v0.12.4
  has 12 dependencies
Evaluating 'wasmparser' ...
  got v0.247.0
  has 11 dependencies
Evaluating 'assert_cmd' ...
  got v2.2.1
  has 14 dependencies
Evaluating 'vergen' ...
  got v9.1.0
  has 32 dependencies
Evaluating 'wepoll-ffi' ...
  got v0.1.2
  has 4 dependencies
Evaluating 'serde_bytes' ...
  got v0.11.19
  has 1 dependencies
Evaluating 'std_detect' ...
  got v0.1.5
  has 2 dependencies
Evaluating 'cache-padded' ...
  got v1.3.0
  has 0 dependencies
Evaluating 'wincolor' ...
  got v1.0.3
  has 2 dependencies
Evaluating 'libz-ng-sys' ...
  got v1.1.28
  has 6 dependencies
Evaluating 'base64ct' ...
  got v1.8.3
  has 0 dependencies
Evaluating 'memmap' ...
  got v0.7.0
  has 1 dependencies
Evaluating 'packed_simd' ...
  got v0.3.9
  has 5 dependencies
Evaluating 'unicode-linebreak' ...
  got v0.1.5
  has 0 dependencies
Evaluating 'chalk-derive' ...
  got v0.104.0
  has 12 dependencies
Evaluating 'chalk-ir' ...
  got v0.104.0
  has 14 dependencies
Evaluating 'askama' ...
  got v0.15.6
  has 29 dependencies
Evaluating 'pem' ...
  got v3.0.6
  has 1 dependencies
Evaluating 'smawk' ...
  got v0.3.2
  has 0 dependencies
Evaluating 'chalk-solve' ...
  got v0.104.0
  has 58 dependencies
Evaluating 'askama_derive' ...
  got v0.15.6
  has 33 dependencies
Evaluating 'topological-sort' ...
  got v0.2.2
  has 0 dependencies
Evaluating 'num-iter' ...
  got v0.1.45
  has 7 dependencies
Evaluating 'lsp-types' ...
  got v0.97.0
  has 23 dependencies
Evaluating 'rls-data' ...
  got v0.19.1
  has 13 dependencies
Evaluating 'rls-span' ...
  got v0.5.4
  has 2 dependencies
Evaluating 'fxhash' ...
  got v0.2.1
  has 1 dependencies
Evaluating 'mio-extras' ...
  got v2.0.6
  has 13 dependencies
Evaluating 'os_info' ...
  got v3.14.0
  has 18 dependencies
Evaluating 'notify' ...
  got v8.2.0
  has 14 dependencies
Evaluating 'mach' ...
  got v0.3.2
  has 0 dependencies
Evaluating 'fsevent-sys' ...
  got v5.2.0
  has 5 dependencies
Evaluating 'libtest-mimic' ...
  got v0.8.2
  has 26 dependencies
Evaluating 'radium' ...
  got v1.1.1
  has 1 dependencies
Evaluating 'tokio-executor' ...
  got v0.1.10
  has 6 dependencies
Evaluating 'tokio-reactor' ...
  got v0.1.12
  has 47 dependencies
Evaluating 'tracing-futures' ...
  got v0.2.5
  has 14 dependencies
Evaluating 'tokio-threadpool' ...
  got v0.1.18
  has 32 dependencies
Evaluating 'bzip2-sys' ...
  got v0.1.13+1.0.8
  has 5 dependencies
Evaluating 'tokio-tcp' ...
  got v0.1.4
  has 53 dependencies
Evaluating 'ctrlc' ...
  got v3.5.2
  has 6 dependencies
Evaluating 'difflib' ...
  got v0.4.0
  has 0 dependencies
Evaluating 'hyphenation_commons' ...
  got v0.8.4
  has 12 dependencies
Evaluating 'pocket-resources' ...
  got v0.3.2
  has 0 dependencies
Evaluating 'hyphenation' ...
  got v0.8.4
  has 22 dependencies
Evaluating 'prost-derive' ...
  got v0.14.3
  has 11 dependencies
Evaluating 'prost' ...
  got v0.14.3
  has 13 dependencies
Evaluating 'jsonrpc-core' ...
  got v18.0.0
  has 44 dependencies
Evaluating 'language-tags' ...
  got v0.3.2
  has 0 dependencies
Evaluating 'lexopt' ...
  got v0.3.2
  has 0 dependencies
Evaluating 'rstest_reuse' ...
  got v0.7.0
  has 17 dependencies
Evaluating 'termtree' ...
  got v1.0.0
  has 0 dependencies
Evaluating 'parity-tokio-ipc' ...
  got v0.9.0
  has 50 dependencies
Evaluating 'bitvec' ...
  got v1.0.1
  has 5 dependencies
Evaluating 'wyz' ...
  got v0.6.1
  has 1 dependencies
Evaluating 'funty' ...
  got v2.0.0
  has 0 dependencies
Evaluating 'phf_macros' ...
  got v0.13.1
  has 13 dependencies
Evaluating 'tiny-keccak' ...
  got v2.0.2
  has 1 dependencies
Evaluating 'tap' ...
  got v1.0.1
  has 0 dependencies
Evaluating 'libflate_lz77' ...
  got v2.3.0
  has 7 dependencies
Evaluating 'self_cell' ...
  got v1.2.2
  has 0 dependencies
Evaluating 'unic-langid' ...
  got v0.9.6
  has 11 dependencies
Evaluating 'unic-langid-impl' ...
  got v0.9.6
  has 10 dependencies
Evaluating 'tinystr' ...
  got v0.8.3
  has 9 dependencies
Evaluating 'fluent-bundle' ...
  got v0.16.0
  has 30 dependencies
Evaluating 'intl-memoizer' ...
  got v0.5.3
  has 14 dependencies
Evaluating 'bzip2' ...
  got v0.6.1
  has 1 dependencies
Evaluating 'intl_pluralrules' ...
  got v7.0.2
  has 12 dependencies
Evaluating 'type-map' ...
  got v0.5.1
  has 1 dependencies
Evaluating 'fluent-syntax' ...
  got v0.12.0
  has 11 dependencies
Evaluating 'fluent-langneg' ...
  got v0.14.2
  has 14 dependencies
Evaluating 'odht' ...
  got v0.3.1
  has 1 dependencies
Evaluating 'unic-langid-macros-impl' ...
  got v0.9.6
  has 14 dependencies
Evaluating 'unindent' ...
  got v0.2.4
  has 0 dependencies
Evaluating 'unic-langid-macros' ...
  got v0.9.6
  has 18 dependencies
Evaluating 'thorin-dwp' ...
  got v0.10.0
  has 36 dependencies
Evaluating 'prost-types' ...
  got v0.14.3
  has 14 dependencies
Evaluating 'psl-types' ...
  got v2.0.11
  has 0 dependencies
Evaluating 'tokio-sync' ...
  got v0.1.8
  has 2 dependencies
Evaluating 'cargo-credential-macos-keychain' ...
  got v0.4.21
  has 33 dependencies
Evaluating 'cargo-credential' ...
  got v0.4.10
  has 32 dependencies
Evaluating 'cargo-credential-wincred' ...
  got v0.4.21
  has 33 dependencies
Evaluating 'jsonrpc-server-utils' ...
  got v18.0.0
  has 80 dependencies
Evaluating 'unarray' ...
  got v0.1.4
  has 0 dependencies
Evaluating 'tungstenite' ...
  got v0.29.0
  has 38 dependencies
Evaluating 'serde-value' ...
  got v0.7.0
  has 6 dependencies
Evaluating 'cargo-credential-1password' ...
  got v0.4.6
  has 35 dependencies
Evaluating 'derive_builder' ...
  got v0.20.2
  has 23 dependencies
Evaluating 'bytemuck_derive' ...
  got v1.10.2
  has 8 dependencies
Evaluating 'derive_builder_core' ...
  got v0.20.2
  has 25 dependencies
Evaluating 'hkdf' ...
  got v0.13.0
  has 9 dependencies
Evaluating 'tokio-timer' ...
  got v0.2.13
  has 10 dependencies
Evaluating 'pbkdf2' ...
  got v0.13.0
  has 10 dependencies
Evaluating 'jsonrpc-derive' ...
  got v18.0.0
  has 12 dependencies
Evaluating 'tokio-current-thread' ...
  got v0.1.7
  has 8 dependencies
Evaluating 'jsonrpc-pubsub' ...
  got v18.0.0
  has 70 dependencies
Evaluating 'jsonrpc-ipc-server' ...
  got v18.0.0
  has 111 dependencies
Evaluating 'equivalent' ...
  got v1.0.2
  has 0 dependencies
Evaluating 'fsevent' ...
  got v2.3.0
  has 5 dependencies
Evaluating 'atomic' ...
  got v0.6.1
  has 1 dependencies
Evaluating 'displaydoc' ...
  got v0.2.5
  has 8 dependencies
Evaluating 'matchit' ...
  got v0.9.2
  has 0 dependencies
Evaluating 'insta' ...
  got v1.47.2
  has 13 dependencies
Evaluating 'enum-iterator' ...
  got v2.3.0
  has 9 dependencies
Evaluating 'sync_wrapper' ...
  got v1.0.2
  has 0 dependencies
Evaluating 'enum-iterator-derive' ...
  got v1.5.0
  has 8 dependencies
Evaluating 'fern' ...
  got v0.7.1
  has 1 dependencies
Evaluating 'axum' ...
  got v0.8.9
  has 108 dependencies
Evaluating 'android-tzdata' ...
  got v0.1.1
  has 0 dependencies
Evaluating 'axum-core' ...
  got v0.5.6
  has 19 dependencies
Evaluating 'num-derive' ...
  got v0.4.2
  has 8 dependencies
Evaluating 'humansize' ...
  got v2.1.3
  has 1 dependencies
Evaluating 'ascii' ...
  got v1.1.0
  has 0 dependencies
Evaluating 'tokio-codec' ...
  got v0.1.2
  has 9 dependencies
Evaluating 'peg' ...
  got v0.8.5
  has 7 dependencies
Evaluating 'hex-literal' ...
  got v1.1.0
  has 0 dependencies
Evaluating 'lexical-core' ...
  got v1.0.6
  has 11 dependencies
Evaluating 'tokio-fs' ...
  got v0.1.7
  has 41 dependencies
Evaluating 'zip' ...
  got v8.6.0
  has 79 dependencies
Evaluating 'tokio-uds' ...
  got v0.2.7
  has 63 dependencies
Evaluating 'tokio-udp' ...
  got v0.1.6
  has 57 dependencies
Evaluating 'futures-timer' ...
  got v3.0.3
  has 0 dependencies
Evaluating 'chunked_transfer' ...
  got v1.5.0
  has 0 dependencies
Evaluating 'macrotest' ...
  got v1.2.1
  has 36 dependencies
Evaluating 'bencher' ...
  got v0.1.5
  has 0 dependencies
Evaluating 'async-mutex' ...
  got v1.4.1
  has 1 dependencies
Evaluating 'test-cert-gen' ...
  got v0.9.0
  has 17 dependencies
Evaluating 'multimap' ...
  got v0.10.1
  has 2 dependencies
Evaluating 'include_dir' ...
  got v0.7.4
  has 5 dependencies
Evaluating 'scoped_threadpool' ...
  got v0.1.9
  has 0 dependencies
Evaluating 'ui_test' ...
  got v0.30.4
  has 100 dependencies
Evaluating 'slog' ...
  got v2.8.2
  has 6 dependencies
Evaluating 'bit_field' ...
  got v0.10.3
  has 0 dependencies
Evaluating 'open' ...
  got v5.3.4
  has 6 dependencies
Evaluating 'derivative' ...
  got v2.2.0
  has 8 dependencies
Evaluating 'portable-atomic' ...
  got v1.13.1
  has 0 dependencies
Evaluating 'headers' ...
  got v0.4.1
  has 21 dependencies
Evaluating 'pyo3' ...
  got v0.28.3
  has 28 dependencies
Evaluating 'cranelift-bforest' ...
  got v0.131.0
  has 8 dependencies
Evaluating 'cranelift-codegen-shared' ...
  got v0.131.0
  has 0 dependencies
Evaluating 'cranelift-codegen' ...
  got v0.131.0
  has 47 dependencies
Evaluating 'cranelift-entity' ...
  got v0.131.0
  has 6 dependencies
Evaluating 'cranelift-frontend' ...
  got v0.131.0
  has 51 dependencies
Evaluating 'cranelift-codegen-meta' ...
  got v0.131.0
  has 5 dependencies
Evaluating 'termios' ...
  got v0.3.3
  has 1 dependencies
Evaluating 'tokio-tungstenite' ...
  got v0.29.0
  has 54 dependencies
Evaluating 'ruzstd' ...
  got v0.8.2
  has 1 dependencies
Evaluating 'xml-rs' ...
  got v1.0.0
  has 1 dependencies
Evaluating 'askama_shared' ...
  got v0.12.2
  has 36 dependencies
Evaluating 'uuid-macro-internal' ...
  got v1.19.0
  has 8 dependencies
Evaluating 'rls-analysis' ...
  got v0.18.3
  has 33 dependencies
Evaluating 'racer' ...
  got v2.2.2
  has 59 dependencies
Evaluating 'rls-vfs' ...
  got v0.8.0
  has 4 dependencies
Evaluating 'lsp-codec' ...
  got v0.3.0
  has 14 dependencies
Evaluating 'rls-rustc' ...
  got v0.5.0
  has 0 dependencies
Evaluating 'region' ...
  got v3.0.2
  has 2 dependencies
Evaluating 'ordslice' ...
  got v0.3.0
  has 0 dependencies
Evaluating 'docopt' ...
  got v1.1.1
  has 17 dependencies
Evaluating 'include_dir_macros' ...
  got v0.7.4
  has 4 dependencies
Evaluating 'pico-args' ...
  got v0.5.0
  has 0 dependencies
Evaluating 'jsonrpc-client-transports' ...
  got v18.0.0
  has 305 dependencies
Evaluating 'num' ...
  got v0.4.3
  has 19 dependencies
Evaluating 'rgb' ...
  got v0.8.53
  has 1 dependencies
Evaluating 'jsonrpc-core-client' ...
  got v18.0.0
  has 98 dependencies
Evaluating 'tracing-serde' ...
  got v0.2.0
  has 4 dependencies
Evaluating 'hdrhistogram' ...
  got v7.5.4
  has 16 dependencies
Evaluating 'test-assembler' ...
  got v0.1.6
  has 1 dependencies
Evaluating 'prost-build' ...
  got v0.14.3
  has 50 dependencies
Evaluating 'headers-core' ...
  got v0.3.0
  has 3 dependencies
Evaluating 'cpuid-bool' ...
  got v0.99.99
  has 0 dependencies
Evaluating 'number_prefix' ...
  got v0.4.0
  has 0 dependencies
Evaluating 'getset' ...
  got v0.1.6
  has 15 dependencies
Evaluating 'lalrpop-util' ...
  got v0.23.1
  has 5 dependencies
Evaluating 'libffi' ...
  got v5.1.0
  has 6 dependencies
Evaluating 'wasm-streams' ...
  got v0.5.0
  has 43 dependencies
Evaluating 'time-macros-impl' ...
  got v0.1.2
  has 12 dependencies
Evaluating 'libffi-sys' ...
  got v4.1.0
  has 4 dependencies
Evaluating 'lalrpop' ...
  got v0.23.1
  has 53 dependencies
Evaluating 'ascii-canvas' ...
  got v4.0.0
  has 1 dependencies
Evaluating 'futures-cpupool' ...
  got v0.1.8
  has 3 dependencies
Evaluating 'cranelift-native' ...
  got v0.131.0
  has 49 dependencies
Evaluating 'scroll' ...
  got v0.13.0
  has 0 dependencies
Evaluating 'num_enum_derive' ...
  got v0.7.6
  has 17 dependencies
Evaluating 'fs2' ...
  got v0.4.3
  has 1 dependencies
Evaluating 'num_enum' ...
  got v0.7.6
  has 19 dependencies
Evaluating 'standback' ...
  got v0.4.4
  has 4 dependencies
Evaluating 'scroll_derive' ...
  got v0.13.1
  has 8 dependencies
Evaluating 'string' ...
  got v0.3.1
  has 1 dependencies
Evaluating 'group' ...
  got v0.13.0
  has 5 dependencies
Evaluating 'ff' ...
  got v0.13.1
  has 8 dependencies
Evaluating 'twoway' ...
  got v0.2.2
  has 2 dependencies
Evaluating 'assert_matches' ...
  got v1.5.0
  has 0 dependencies
Evaluating 'clicolors-control' ...
  got v1.0.1
  has 2 dependencies
Evaluating 'hex-literal-impl' ...
  got v0.2.3
  has 1 dependencies
Evaluating 'crypto-mac' ...
  got v0.11.1
  has 5 dependencies
Evaluating 'thin-vec' ...
  got v0.2.16
  has 0 dependencies
Evaluating 'async-attributes' ...
  got v1.1.2
  has 7 dependencies
Evaluating 'concolor-override' ...
  got v1.1.0
  has 1 dependencies
Evaluating 'ar' ...
  got v0.9.0
  has 0 dependencies
Evaluating 'signature' ...
  got v2.2.0
  has 0 dependencies
Evaluating 'http-range-header' ...
  got v0.4.2
  has 0 dependencies
Evaluating 'plain' ...
  got v0.2.3
  has 0 dependencies
Evaluating 'tower-http' ...
  got v0.6.8
  has 8 dependencies
Evaluating 'rustls-webpki' ...
  got v0.103.13
  has 3 dependencies
Evaluating 'const-oid' ...
  got v0.10.2
  has 0 dependencies
Evaluating 'der' ...
  got v0.8.0
  has 0 dependencies
Evaluating 'goblin' ...
  got v0.10.5
  has 12 dependencies
Evaluating 'buf_redux' ...
  got v0.8.4
  has 4 dependencies
Evaluating 'partial-io' ...
  got v0.5.4
  has 0 dependencies
Evaluating 'flume' ...
  got v0.12.0
  has 6 dependencies
Evaluating 'ctr' ...
  got v0.10.0
  has 8 dependencies
Evaluating 'multipart' ...
  got v0.18.0
  has 152 dependencies
Evaluating 'lab' ...
  got v0.11.0
  has 0 dependencies
Evaluating 'crc' ...
  got v3.4.0
  has 1 dependencies
Evaluating 'async-process' ...
  got v2.5.0
  has 50 dependencies
Evaluating 'tokio-buf' ...
  got v0.1.1
  has 7 dependencies
Evaluating 'tokio-io-timeout' ...
  got v1.2.1
  has 3 dependencies
Evaluating 'png' ...
  got v0.18.1
  has 11 dependencies
Evaluating 'hyper-timeout' ...
  got v0.5.2
  has 47 dependencies
Evaluating 'aead' ...
  got v0.5.2
  has 8 dependencies
Evaluating 'xml5ever' ...
  got v0.39.0
  has 34 dependencies
Evaluating 'pkcs8' ...
  got v0.11.0
  has 4 dependencies
Evaluating 'inout' ...
  got v0.2.2
  has 2 dependencies
Evaluating 'image' ...
  got v0.25.10
  has 153 dependencies
Evaluating 'spki' ...
  got v0.8.0
  has 2 dependencies
Evaluating 'ureq' ...
  got v3.3.0
  has 41 dependencies
Evaluating 'stringprep' ...
  got v0.1.5
  has 5 dependencies
Evaluating 'inventory' ...
  got v0.3.24
  has 0 dependencies
Evaluating 'leb128' ...
  got v0.2.6
  has 0 dependencies
Evaluating 'color_quant' ...
  got v1.1.0
  has 0 dependencies
Evaluating 'tokio-openssl' ...
  got v0.6.5
  has 27 dependencies
Evaluating 'skeptic' ...
  got v0.13.7
  has 43 dependencies
Evaluating 'markup5ever_rcdom' ...
  got v0.38.0+unofficial
  has 42 dependencies
Evaluating 'crypto-bigint' ...
  got v0.7.3
  has 7 dependencies
Evaluating 'cranelift-jit' ...
  got v0.131.0
  has 68 dependencies
Evaluating 'cranelift-module' ...
  got v0.131.0
  has 50 dependencies
Evaluating 'encoding' ...
  got v0.2.33
  has 10 dependencies
Evaluating 'universal-hash' ...
  got v0.6.1
  has 5 dependencies
Evaluating 'napi' ...
  got v3.8.5
  has 42 dependencies
Evaluating 'tonic' ...
  got v0.14.5
  has 156 dependencies
Evaluating 'napi-sys' ...
  got v3.2.1
  has 2 dependencies
Evaluating 'cranelift-object' ...
  got v0.131.0
  has 63 dependencies
Evaluating 'warp' ...
  got v0.4.2
  has 85 dependencies
Evaluating 'napi-derive' ...
  got v3.5.4
  has 20 dependencies
Evaluating 'napi-build' ...
  got v2.3.1
  has 0 dependencies
Evaluating 'malloc_buf' ...
  got v1.0.0
  has 1 dependencies
Evaluating 'toml-test-harness' ...
  got v1.6.0
  has 71 dependencies
Evaluating 'toml-test-data' ...
  got v2.6.0
  has 6 dependencies
Evaluating 'napi-derive-backend' ...
  got v5.0.3
  has 10 dependencies
Evaluating 'unreachable' ...
  got v1.0.0
  has 1 dependencies
Evaluating 'toml-test' ...
  got v2.1.0
  has 21 dependencies
Evaluating 'objc' ...
  got v0.2.7
  has 2 dependencies
Evaluating 'bootstrap' ...
  got v1.0.2
  has 0 dependencies
Evaluating 'ct-logs' ...
  got v0.9.0
  has 12 dependencies
Evaluating 'ghost' ...
  got v0.1.20
  has 8 dependencies
Evaluating 'password-hash' ...
  got v0.6.1
  has 0 dependencies
Evaluating 'try_from' ...
  got v0.3.2
  has 1 dependencies
Evaluating 'protobuf' ...
  got v3.7.2
  has 13 dependencies
Evaluating 'indicatif' ...
  got v0.18.4
  has 6 dependencies
Evaluating 'rand_distr' ...
  got v0.6.0
  has 6 dependencies
Evaluating 'treeline' ...
  got v0.1.0
  has 0 dependencies
Evaluating 'rustyline' ...
  got v18.0.0
  has 19 dependencies
Evaluating 'input_buffer' ...
  got v0.5.0
  has 1 dependencies
Evaluating 'deflate' ...
  got v1.0.0
  has 1 dependencies
Evaluating 'rustc-test' ...
  got v0.3.1
  has 11 dependencies
Evaluating 'bssl-sys' ...
  got v0.1.0
  has 0 dependencies
Evaluating 'blake2-rfc' ...
  got v0.2.18
  has 3 dependencies
Evaluating 'owning_ref' ...
  got v0.4.1
  has 1 dependencies
Evaluating 'tower-test' ...
  got v0.4.0
  has 25 dependencies
Evaluating 'block' ...
  got v0.1.6
  has 0 dependencies
Evaluating 'actix-router' ...
  got v0.5.4
  has 23 dependencies
Evaluating 'polyval' ...
  got v0.7.1
  has 8 dependencies
Evaluating 'jemallocator' ...
  got v0.5.4
  has 7 dependencies
Evaluating 'aes-gcm' ...
  got v0.10.3
  has 32 dependencies
Evaluating 'actix-rt' ...
  got v2.11.0
  has 28 dependencies
Evaluating 'quinn-proto' ...
  got v0.11.14
  has 56 dependencies
Evaluating 'codegenrs' ...
  got v3.0.2
  has 25 dependencies
Evaluating 'is_ci' ...
  got v1.2.0
  has 0 dependencies
Evaluating 'bytestring' ...
  got v1.5.0
  has 1 dependencies
Evaluating 'quinn' ...
  got v0.11.9
  has 86 dependencies
Evaluating 'MacTypes-sys' ...
  got v2.1.0
  has 1 dependencies
Evaluating 'macro-utils' ...
  got v0.1.3
  has 0 dependencies
Evaluating 'weedle' ...
  got v0.13.1
  has 4 dependencies
Evaluating 'quinn-udp' ...
  got v0.6.1
  has 10 dependencies
Evaluating 'serde_with' ...
  got v3.18.0
  has 21 dependencies
Evaluating 'zeroize_derive' ...
  got v1.4.3
  has 8 dependencies
Evaluating 'ghash' ...
  got v0.6.0
  has 9 dependencies
Evaluating 'lipsum' ...
  got v0.9.1
  has 6 dependencies
Evaluating 'traitobject' ...
  got v0.1.1
  has 0 dependencies
Evaluating 'actix-utils' ...
  got v3.0.1
  has 2 dependencies
Evaluating 'sha2-asm' ...
  got v0.6.4
  has 4 dependencies
Evaluating 'actix-codec' ...
  got v0.5.2
  has 18 dependencies
Evaluating 'actix-web' ...
  got v4.13.0
  has 321 dependencies
Evaluating 'actix-http' ...
  got v3.12.1
  has 84 dependencies
Evaluating 'pem-rfc7468' ...
  got v1.0.0
  has 1 dependencies
Evaluating 'actix-service' ...
  got v2.0.3
  has 2 dependencies
Evaluating 'actix-macros' ...
  got v0.2.4
  has 7 dependencies
Evaluating 'circular' ...
  got v0.3.0
  has 0 dependencies
Evaluating 'mio-named-pipes' ...
  got v0.1.7
  has 0 dependencies
Evaluating 'actix-server' ...
  got v2.6.0
  has 42 dependencies
Evaluating 'actix-web-codegen' ...
  got v4.3.0
  has 19 dependencies
Evaluating 'supports-color' ...
  got v3.0.2
  has 1 dependencies
Evaluating 'crossterm' ...
  got v0.29.0
  has 41 dependencies
Evaluating 'hash32' ...
  got v1.0.0
  has 0 dependencies
Evaluating 'env_proxy' ...
  got v0.4.1
  has 75 dependencies
Evaluating 'signal-hook-mio' ...
  got v0.3.0
  has 7 dependencies
Evaluating 'icu_locid' ...
  got v2.0.0
  has 0 dependencies
Evaluating 'zerofrom' ...
  got v0.1.7
  has 0 dependencies
Evaluating 'zerofrom-derive' ...
  got v0.1.7
  has 12 dependencies
Evaluating 'rustc-build-sysroot' ...
  got v0.5.13
  has 27 dependencies
Evaluating 'icu_provider' ...
  got v2.2.0
  has 38 dependencies
Evaluating 'zerovec' ...
  got v0.11.6
  has 1 dependencies
Evaluating 'writeable' ...
  got v0.6.3
  has 0 dependencies
Evaluating 'litemap' ...
  got v0.8.2
  has 0 dependencies
Evaluating 'jpeg-decoder' ...
  got v0.3.2
  has 8 dependencies
Evaluating 'icu_provider_macros' ...
  got v1.5.0
  has 8 dependencies
Evaluating 'yoke' ...
  got v0.8.2
  has 2 dependencies
Evaluating 'tokio-tls' ...
  got v0.3.1
  has 31 dependencies
Evaluating 'yoke-derive' ...
  got v0.8.2
  has 12 dependencies
Evaluating 'icu_provider_adapters' ...
  got v2.2.0
  has 59 dependencies
Evaluating 'zerovec-derive' ...
  got v0.11.3
  has 8 dependencies
Evaluating 'approx' ...
  got v0.5.1
  has 3 dependencies
Evaluating 'crossterm_winapi' ...
  got v0.9.1
  has 0 dependencies
Evaluating 'ecdsa' ...
  got v0.16.9
  has 34 dependencies
Evaluating 'sourcefile' ...
  got v0.2.1
  has 0 dependencies
Evaluating 'bitstream-io' ...
  got v4.10.0
  has 2 dependencies
Evaluating 'wasm-bindgen-webidl' ...
  got v0.2.75
  has 69 dependencies
Evaluating 'elliptic-curve' ...
  got v0.13.8
  has 21 dependencies
Evaluating 'typeable' ...
  got v0.1.2
  has 0 dependencies
Evaluating 'subprocess' ...
  got v1.0.3
  has 1 dependencies
Evaluating 'cranelift-isle' ...
  got v0.131.0
  has 0 dependencies
Evaluating 'gif' ...
  got v0.14.2
  has 2 dependencies
Evaluating 'slice-group-by' ...
  got v0.3.1
  has 0 dependencies
Evaluating 'noop_proc_macro' ...
  got v0.3.0
  has 0 dependencies
Evaluating 'regalloc2' ...
  got v0.15.1
  has 7 dependencies
Evaluating 'derive_builder_macro' ...
  got v0.20.2
  has 22 dependencies
Evaluating 'cranelift-isle' ...
  got v0.131.0
  has 0 dependencies
Evaluating 'encoding-index-korean' ...
  got v1.20141219.5
  has 1 dependencies
Evaluating 'encoding_index_tests' ...
  got v0.1.4
  has 0 dependencies
Evaluating 'encoding-index-simpchinese' ...
  got v1.20141219.5
  has 1 dependencies
Evaluating 'simd_helpers' ...
  got v0.1.0
  has 3 dependencies
Evaluating 'encoding-index-japanese' ...
  got v1.20141219.5
  has 1 dependencies
Evaluating 'assert_approx_eq' ...
  got v1.1.0
  has 0 dependencies
Evaluating 'interpolate_name' ...
  got v0.2.4
  has 8 dependencies
Evaluating 'base16ct' ...
  got v1.0.0
  has 0 dependencies
Evaluating 'v_frame' ...
  got v0.5.2
  has 13 dependencies
Evaluating 'rav1e' ...
  got v0.8.1
  has 242 dependencies
Evaluating 'pyo3-macros' ...
  got v0.28.3
  has 19 dependencies
Evaluating 'rfc6979' ...
  got v0.4.0
  has 12 dependencies
Evaluating 'encoding-index-tradchinese' ...
  got v1.20141219.5
  has 1 dependencies
Evaluating 'arg_enum_proc_macro' ...
  got v0.3.4
  has 8 dependencies
Evaluating 'pyo3-macros-backend' ...
  got v0.28.3
  has 18 dependencies
Evaluating 'encoding-index-singlebyte' ...
  got v1.20141219.5
  has 1 dependencies
Evaluating 'elsa' ...
  got v1.11.2
  has 1 dependencies
Evaluating 'nanorand' ...
  got v0.8.0
  has 0 dependencies
Evaluating 'inventory-impl' ...
  got v0.1.11
  has 8 dependencies
Evaluating 'seahash' ...
  got v4.1.0
  has 0 dependencies
Evaluating 'paste-impl' ...
  got v0.1.18
  has 1 dependencies
Evaluating 'sec1' ...
  got v0.8.1
  has 7 dependencies
Evaluating 'scan_fmt' ...
  got v0.2.6
  has 9 dependencies
Evaluating 'heapless' ...
  got v0.9.2
  has 3 dependencies
Evaluating 'keccak' ...
  got v0.2.0
  has 1 dependencies
Evaluating 'version-compare' ...
  got v0.2.1
  has 0 dependencies
Evaluating 'lru' ...
  got v0.18.0
  has 4 dependencies
Evaluating 'blake3' ...
  got v1.8.5
  has 9 dependencies
Evaluating 'permutohedron' ...
  got v0.2.4
  has 0 dependencies
Evaluating 'take_mut' ...
  got v0.2.2
  has 0 dependencies
Evaluating 'cfg-expr' ...
  got v0.20.7
  has 1 dependencies
Evaluating 'argh' ...
  got v0.1.19
  has 17 dependencies
Evaluating 'argh_shared' ...
  got v0.1.19
  has 0 dependencies
Evaluating 'argh_derive' ...
  got v0.1.19
  has 9 dependencies
Evaluating 'rust_hawktracer_normal_macro' ...
  got v0.4.1
  has 0 dependencies
Evaluating 'smol_str' ...
  got v0.3.6
  has 0 dependencies
Evaluating 'local-channel' ...
  got v0.1.5
  has 3 dependencies
Evaluating 'local-waker' ...
  got v0.1.4
  has 0 dependencies
Evaluating 'syn-mid' ...
  got v0.6.1
  has 8 dependencies
Evaluating 'state' ...
  got v0.6.0
  has 0 dependencies
Evaluating 'uds_windows' ...
  got v1.2.1
  has 3 dependencies
Evaluating 'rust_hawktracer_proc_macro' ...
  got v0.4.1
  has 0 dependencies
Evaluating 'rust_hawktracer' ...
  got v0.7.0
  has 2 dependencies
Evaluating 'term-transcript' ...
  got v0.4.0
  has 81 dependencies
Evaluating 'tikv-jemalloc-sys' ...
  got v0.6.1+5.3.0-1-ge13ca993e8ccb9ba9847cc330696e02839f328f7
  has 5 dependencies
Evaluating 'erased-serde' ...
  got v0.4.10
  has 2 dependencies
Evaluating 'socks' ...
  got v0.3.4
  has 2 dependencies
Evaluating 'serde_with_macros' ...
  got v3.18.0
  has 19 dependencies
Evaluating 'blobby' ...
  got v0.4.0
  has 0 dependencies
Evaluating 'wepoll-sys' ...
  got v3.0.1
  has 4 dependencies
Evaluating 'tiny_http' ...
  got v0.12.0
  has 4 dependencies
Evaluating 'libsqlite3-sys' ...
  got v0.37.0
  has 3 dependencies
Evaluating 'rustc-ap-rustc_lexer' ...
  got v727.0.0
  has 1 dependencies
Evaluating 'icu_list' ...
  got v2.2.0
  has 66 dependencies
Evaluating 'postgres-protocol' ...
  got v0.6.11
  has 38 dependencies
Evaluating 'core-graphics' ...
  got v0.25.0
  has 20 dependencies
Evaluating 'raw-cpuid' ...
  got v11.6.0
  has 1 dependencies
Evaluating 'gcc' ...
  got v0.3.55
  has 0 dependencies
Evaluating 'wast' ...
  got v247.0.0
  has 6 dependencies
Evaluating 'weezl' ...
  got v0.1.12
  has 0 dependencies
Evaluating 'dyn-clone' ...
  got v1.0.20
  has 0 dependencies
Evaluating 'rustc_codegen_cranelift' ...
  got v0.0.0
  has 0 dependencies
Evaluating 'jni-sys' ...
  got v0.4.1
  has 8 dependencies
Evaluating 'postgres' ...
  got v0.19.13
  has 100 dependencies
Evaluating 'crc-catalog' ...
  got v2.5.0
  has 0 dependencies
Evaluating 'ar_archive_writer' ...
  got v0.5.1
  has 2 dependencies
Evaluating 'spdx-rs' ...
  got v0.5.5
  has 52 dependencies
Evaluating 'spdx-expression' ...
  got v0.5.2
  has 23 dependencies
Evaluating 'tokio-postgres' ...
  got v0.7.17
  has 94 dependencies
Evaluating 'postgres-types' ...
  got v0.2.13
  has 41 dependencies
Evaluating 'assert-json-diff' ...
  got v2.0.2
  has 7 dependencies
Evaluating 'cty' ...
  got v0.2.2
  has 0 dependencies
Evaluating 'pear_codegen' ...
  got v0.2.9
  has 15 dependencies
Evaluating 'downcast-rs' ...
  got v2.0.2
  has 0 dependencies
Evaluating 'rusticata-macros' ...
  got v5.0.0
  has 2 dependencies
Evaluating 'oid-registry' ...
  got v0.8.1
  has 35 dependencies
Evaluating 'fragile' ...
  got v2.1.0
  has 1 dependencies
Evaluating 'field-offset' ...
  got v0.3.6
  has 6 dependencies
Evaluating 'x509-parser' ...
  got v0.18.1
  has 63 dependencies
Evaluating 'pear' ...
  got v0.2.9
  has 18 dependencies
Evaluating 'core-graphics-types' ...
  got v0.2.0
  has 5 dependencies
Evaluating 'der-parser' ...
  got v10.0.0
  has 39 dependencies
Evaluating 'curve25519-dalek' ...
  got v4.1.3
  has 16 dependencies
Evaluating 'libfuzzer-sys' ...
  got v0.4.12
  has 8 dependencies
Evaluating 'downcast' ...
  got v0.11.0
  has 0 dependencies
Evaluating 'mockall' ...
  got v0.14.0
  has 20 dependencies
Evaluating 'mockall_derive' ...
  got v0.14.0
  has 9 dependencies
Evaluating 'hashlink' ...
  got v0.11.0
  has 2 dependencies
Evaluating 'borsh-derive-internal' ...
  got v0.10.4
  has 8 dependencies
Evaluating 'borsh' ...
  got v1.6.1
  has 2 dependencies
Evaluating 'borsh-derive' ...
  got v1.6.1
  has 18 dependencies
Evaluating 'borsh-schema-derive-internal' ...
  got v0.10.4
  has 8 dependencies
Evaluating 'pyo3-build-config' ...
  got v0.28.3
  has 3 dependencies
Evaluating 'ordermap' ...
  got v1.2.0
  has 3 dependencies
Evaluating 'infer' ...
  got v0.19.0
  has 4 dependencies
Evaluating 'simple_asn1' ...
  got v0.6.4
  has 27 dependencies
Evaluating 'matrixmultiply' ...
  got v0.3.10
  has 3 dependencies
Evaluating 'actix-tls' ...
  got v3.5.0
  has 41 dependencies
Evaluating 'as-slice' ...
  got v0.2.1
  has 1 dependencies
Evaluating 'rawpointer' ...
  got v0.2.1
  has 0 dependencies
Evaluating 'ndk-context' ...
  got v0.1.1
  has 0 dependencies
Evaluating 'globwalk' ...
  got v0.9.1
  has 24 dependencies
Evaluating 'maybe-rayon' ...
  got v0.1.1
  has 9 dependencies
Evaluating 'plist' ...
  got v1.9.0
  has 15 dependencies
Evaluating 'serde_derive_internals' ...
  got v0.29.1
  has 8 dependencies
Evaluating 'rustc-ap-rustc_errors' ...
  got v727.0.0
  has 171 dependencies
Evaluating 'rustc-ap-rustc_target' ...
  got v727.0.0
  has 142 dependencies
Evaluating 'rustc-ap-rustc_data_structures' ...
  got v727.0.0
  has 103 dependencies
Evaluating 'rustc-ap-rustc_macros' ...
  got v727.0.0
  has 13 dependencies
Evaluating 'line-wrap' ...
  got v0.2.0
  has 0 dependencies
Evaluating 'av1-grain' ...
  got v0.4.2
  has 27 dependencies
Evaluating 'cbindgen' ...
  got v0.29.2
  has 60 dependencies
Evaluating 'is_executable' ...
  got v1.0.5
  has 0 dependencies
Evaluating 'volatile-register' ...
  got v0.2.2
  has 1 dependencies
Evaluating 'cortex-m' ...
  got v0.7.7
  has 12 dependencies
Evaluating 'sha3' ...
  got v0.11.0
  has 9 dependencies
Evaluating 'vcell' ...
  got v0.1.3
  has 0 dependencies
Evaluating 'sysinfo' ...
  got v0.38.4
  has 2 dependencies
Evaluating 'bare-metal' ...
  got v1.0.0
  has 0 dependencies
Evaluating 'string_cache_shared' ...
  got v0.3.0
  has 0 dependencies
Evaluating 'devise_codegen' ...
  got v0.4.2
  has 18 dependencies
Evaluating 'rocket' ...
  got v0.5.1
  has 311 dependencies
Evaluating 'rocket_codegen' ...
  got v0.5.1
  has 120 dependencies
Evaluating 'devise' ...
  got v0.4.2
  has 20 dependencies
Evaluating 'fuzzy-matcher' ...
  got v0.3.7
  has 2 dependencies
Evaluating 'rocket_http' ...
  got v0.5.1
  has 102 dependencies
Evaluating 'windows-bindgen' ...
  got v0.66.0
  has 18 dependencies
Evaluating 'devise_core' ...
  got v0.4.2
  has 16 dependencies
Evaluating 'windows-metadata' ...
  got v0.60.0
  has 0 dependencies
Evaluating 'xdg' ...
  got v3.0.0
  has 0 dependencies
Evaluating 'ndk-sys' ...
  got v0.6.0+11769913
  has 10 dependencies
Evaluating 'ndk' ...
  got v0.9.0
  has 35 dependencies
Evaluating 'vsda' ...
  ! crate not resolved: error: the crate `vsda` could not be found in registry index.
Evaluating 'p384' ...
  got v0.13.1
  has 69 dependencies
Evaluating 'fiat-crypto' ...
  got v0.3.0
  has 0 dependencies
Evaluating 'watchexec' ...
  got v8.2.0
  has 119 dependencies
Evaluating 'ptr_meta_derive' ...
  got v0.3.1
  has 8 dependencies
Evaluating 'rkyv' ...
  got v0.8.16
  has 32 dependencies
Evaluating 'config' ...
  got v0.15.22
  has 93 dependencies
Evaluating 'smartstring' ...
  got v1.0.1
  has 4 dependencies
Evaluating 'rkyv_derive' ...
  got v0.8.16
  has 8 dependencies
Evaluating 'argon2rs' ...
  got v0.2.5
  has 5 dependencies
Evaluating 'ptr_meta' ...
  got v0.3.1
  has 9 dependencies
Evaluating 'indoc-impl' ...
  got v0.3.7
  has 9 dependencies
Evaluating 'opentelemetry' ...
  got v0.31.0
  has 16 dependencies
Evaluating 'system-deps' ...
  got v7.0.8
  has 12 dependencies
Evaluating 'cargo-lock' ...
  got v11.0.1
  has 92 dependencies
Evaluating 'raw-window-handle' ...
  got v0.6.2
  has 0 dependencies
Evaluating 'fancy-regex' ...
  got v0.18.0
  has 8 dependencies
Evaluating 'ref-cast' ...
  got v1.0.25
  has 9 dependencies
Evaluating 'cargo-edit' ...
  got v0.13.10
  has 388 dependencies
Evaluating 'urlencoding' ...
  got v2.1.3
  has 0 dependencies
Evaluating 'ref-cast-impl' ...
  got v1.0.25
  has 8 dependencies
Evaluating 'http-auth' ...
  got v0.1.10
  has 29 dependencies
Evaluating 'rustc-ap-rustc_index' ...
  got v727.0.0
  has 21 dependencies
Evaluating 'bitfield' ...
  got v0.19.4
  has 9 dependencies
Evaluating 'unix_socket' ...
  got v0.5.0
  has 2 dependencies
Evaluating 'libc-print' ...
  got v0.1.23
  has 1 dependencies
Evaluating 'schemars' ...
  got v1.2.1
  has 26 dependencies
Evaluating 'freetype-sys' ...
  got v0.23.0
  has 11 dependencies
Evaluating 'objc_id' ...
  got v0.1.1
  has 3 dependencies
Evaluating 'tonic-build' ...
  got v0.14.5
  has 11 dependencies
Evaluating 'schemars_derive' ...
  got v1.2.1
  has 12 dependencies
Evaluating 'tiff' ...
  got v0.11.3
  has 23 dependencies
Evaluating 'dialoguer' ...
  got v0.12.0
  has 14 dependencies
Evaluating 'tracing-opentelemetry' ...
  got v0.32.1
  has 30 dependencies
Evaluating 'inflate' ...
  got v0.4.5
  has 1 dependencies
Evaluating 'blake2' ...
  got v0.10.6
  has 10 dependencies
Evaluating 'cocoa' ...
  got v0.26.1
  has 35 dependencies
Evaluating 'windows-tokens' ...
  got v0.48.0
  has 0 dependencies
Evaluating 'deranged' ...
  got v0.5.8
  has 0 dependencies
Evaluating 'unsafe-libyaml' ...
  got v0.2.11
  has 0 dependencies
Evaluating 'http-client' ...
  got v6.5.3
  has 405 dependencies
Evaluating 'prometheus' ...
  got v0.14.0
  has 30 dependencies
Evaluating 'async-net' ...
  got v2.0.0
  has 40 dependencies
Evaluating 'rmp' ...
  got v0.8.15
  has 3 dependencies
Evaluating 'uncased' ...
  got v0.9.10
  has 2 dependencies
Evaluating 'str-buf' ...
  got v4.0.0
  has 0 dependencies
Evaluating 'embedded-hal' ...
  got v1.0.0
  has 0 dependencies
Evaluating 'gumdrop' ...
  got v0.8.1
  has 9 dependencies
Evaluating 'nb' ...
  got v1.1.0
  has 0 dependencies
Evaluating 'md5' ...
  got v0.8.0
  has 0 dependencies
Evaluating 'objc-foundation' ...
  got v0.1.1
  has 6 dependencies
Evaluating 'synom' ...
  got v0.11.3
  has 1 dependencies
Evaluating 'Inflector' ...
  got v0.11.4
  has 10 dependencies
Evaluating 'orion' ...
  got v0.17.14
  has 7 dependencies
Evaluating 'cocoa-foundation' ...
  got v0.2.1
  has 12 dependencies
Evaluating 'aes-soft' ...
  got v0.99.99
  has 0 dependencies
Evaluating 'smol' ...
  got v2.0.2
  has 79 dependencies
Evaluating 'serde_qs' ...
  got v1.1.1
  has 5 dependencies
Evaluating 'enum_dispatch' ...
  got v0.3.13
  has 9 dependencies
Evaluating 'shared_child' ...
  got v1.1.1
  has 11 dependencies
Evaluating 'num-format' ...
  got v0.4.4
  has 2 dependencies
Evaluating 'ed25519-compact' ...
  got v2.2.0
  has 4 dependencies
Evaluating 'ct-codecs' ...
  got v1.1.6
  has 0 dependencies
Evaluating 'dotenvy' ...
  got v0.15.7
  has 0 dependencies
Evaluating 'async-native-tls' ...
  got v0.6.0
  has 113 dependencies
Evaluating 'solang-parser' ...
  got v0.3.5
  has 69 dependencies
Evaluating 'thrift' ...
  got v0.17.0
  has 10 dependencies
Evaluating 'debugid' ...
  got v0.8.0
  has 1 dependencies
Evaluating 'pasetors' ...
  got v0.7.8
  has 34 dependencies
Evaluating 'protobuf-codegen' ...
  got v3.7.2
  has 51 dependencies
Evaluating 'sval' ...
  got v2.18.0
  has 0 dependencies
Evaluating 'codespan' ...
  got v0.13.1
  has 3 dependencies
Evaluating 'peg-macros' ...
  got v0.8.5
  has 5 dependencies
Evaluating 'gumdrop_derive' ...
  got v0.8.1
  has 8 dependencies
Evaluating 'aesni' ...
  got v0.99.99
  has 0 dependencies
Evaluating 'async-fs' ...
  got v2.2.0
  has 29 dependencies
Evaluating 'async-recursion' ...
  got v1.1.1
  has 8 dependencies
Evaluating 'slotmap' ...
  got v1.1.1
  has 2 dependencies
Evaluating 'dlib' ...
  got v0.5.3
  has 2 dependencies
Evaluating 'easy-parallel' ...
  got v3.3.1
  has 0 dependencies
Evaluating 'riscv' ...
  got v0.16.0
  has 13 dependencies
Evaluating 'peg-runtime' ...
  got v0.8.5
  has 0 dependencies
Evaluating 'linkify' ...
  got v0.11.0
  has 1 dependencies
Evaluating 'test-case' ...
  got v3.3.1
  has 14 dependencies
Evaluating 'jsonwebtoken' ...
  got v10.3.0
  has 43 dependencies
Evaluating 'http-types' ...
  got v2.12.0
  has 273 dependencies
Evaluating 'scheduled-thread-pool' ...
  got v0.2.7
  has 7 dependencies
Evaluating 'rust-ini' ...
  got v0.21.3
  has 12 dependencies
Evaluating 'sha1-asm' ...
  got v0.5.3
  has 4 dependencies
Evaluating 'ndk-glue' ...
  got v0.7.0
  has 65 dependencies
Evaluating 'unsafe-any' ...
  got v0.4.2
  has 1 dependencies
Evaluating 'riscv-target' ...
  got v0.1.2
  has 10 dependencies
Evaluating 'x11-dl' ...
  got v2.21.0
  has 4 dependencies
Evaluating 'http-range' ...
  got v0.1.5
  has 0 dependencies
Evaluating 'tikv-jemallocator' ...
  got v0.6.1
  has 7 dependencies
Evaluating 'rmp-serde' ...
  got v1.3.1
  has 6 dependencies
Evaluating 'typemap' ...
  got v0.3.3
  has 2 dependencies
Evaluating 'uint' ...
  got v0.10.0
  has 4 dependencies
Evaluating 'av-metrics' ...
  got v0.9.1
  has 40 dependencies
Evaluating 'lz4-sys' ...
  got v1.11.1+lz4-1.10.0
  has 5 dependencies
Evaluating 'tokio-named-pipes' ...
  got v0.1.0
  has 131 dependencies
Evaluating 'ndk-macro' ...
  got v0.3.0
  has 28 dependencies
Evaluating 'cassowary' ...
  got v0.3.0
  has 0 dependencies
Evaluating 'ivf' ...
  got v0.1.4
  has 3 dependencies
Evaluating 'y4m' ...
  got v0.8.0
  has 0 dependencies
Evaluating 'multer' ...
  got v3.1.0
  has 16 dependencies
Evaluating 'clipboard-win' ...
  got v5.4.1
  has 0 dependencies
Evaluating 'dynasm' ...
  got v5.0.0
  has 18 dependencies
Evaluating 'r2d2' ...
  got v0.8.10
  has 10 dependencies
Evaluating 'dynasmrt' ...
  got v5.0.0
  has 23 dependencies
Evaluating 'whoami' ...
  got v2.1.2
  has 1 dependencies
Evaluating 'rusqlite' ...
  got v0.39.0
  has 11 dependencies
Evaluating 'tokio-service' ...
  got v0.1.0
  has 1 dependencies
Evaluating 'firestorm' ...
  got v0.5.1
  has 0 dependencies
Evaluating 'symbolic-common' ...
  got v12.18.3
  has 6 dependencies
Evaluating 'bytecheck' ...
  got v0.8.2
  has 17 dependencies
Evaluating 'fallible-streaming-iterator' ...
  got v0.1.9
  has 0 dependencies
Evaluating 'rend' ...
  got v0.5.3
  has 0 dependencies
Evaluating 'bytecheck_derive' ...
  got v0.8.2
  has 8 dependencies
Evaluating 'symbolic-demangle' ...
  got v12.18.3
  has 17 dependencies
Evaluating 'simple_logger' ...
  got v5.2.0
  has 14 dependencies
Evaluating 'expat-sys' ...
  got v2.1.6
  has 6 dependencies
Evaluating 'basic' ...
  got v0.1.0
  has 0 dependencies
Evaluating 'byte-slice-cast' ...
  got v1.2.3
  has 0 dependencies
Evaluating 'servo-fontconfig-sys' ...
  got v5.1.0
  has 14 dependencies
Evaluating 'dispatch' ...
  got v0.2.0
  has 0 dependencies
Evaluating 'dotenv' ...
  got v0.15.0
  has 0 dependencies
Evaluating 'servo-fontconfig' ...
  got v0.5.1
  has 16 dependencies
Evaluating 'toml-query' ...
  got v0.11.0
  has 49 dependencies
Evaluating 'asn1-rs-impl' ...
  got v0.3.0
  has 8 dependencies
Evaluating 'is-match' ...
  got v0.1.0
  has 0 dependencies
Evaluating 'terminfo' ...
  got v0.9.0
  has 15 dependencies
Evaluating 'syslog' ...
  got v7.0.0
  has 14 dependencies
Evaluating 'asn1-rs' ...
  got v0.7.1
  has 34 dependencies
Evaluating 'asn1-rs-derive' ...
  got v0.7.0
  has 12 dependencies
Evaluating 'shellexpand' ...
  got v3.1.2
  has 4 dependencies
Evaluating 'nb-connect' ...
  got v1.2.0
  has 3 dependencies
Evaluating 'simplelog' ...
  got v0.12.2
  has 14 dependencies
Evaluating 'toml-query_derive' ...
  got v0.10.0
  has 19 dependencies
Evaluating 'cargo_toml' ...
  got v0.22.3
  has 21 dependencies
Evaluating 'merge' ...
  got v0.2.0
  has 19 dependencies
Evaluating 'serde_path_to_error' ...
  got v0.1.20
  has 2 dependencies
Evaluating 'plugin' ...
  got v0.2.6
  has 3 dependencies
Evaluating 'ndarray' ...
  got v0.17.2
  has 12 dependencies
Evaluating 'merge_derive' ...
  got v0.2.0
  has 15 dependencies
Evaluating 'dbus' ...
  got v0.9.11
  has 4 dependencies
Evaluating 'thiserror-core-impl' ...
  got v1.0.50
  has 8 dependencies
Evaluating 'paw' ...
  got v1.0.0
  has 10 dependencies
Evaluating 'paw-raw' ...
  got v1.0.0
  has 0 dependencies
Evaluating 'libdbus-sys' ...
  got v0.2.7
  has 2 dependencies
Evaluating 'backoff' ...
  got v0.4.0
  has 13 dependencies
Evaluating 'lebe' ...
  got v0.5.3
  has 0 dependencies
Evaluating 'paw-attributes' ...
  got v1.0.2
  has 8 dependencies
Evaluating 'test-case-macros' ...
  got v3.3.1
  has 13 dependencies
Evaluating 'exr' ...
  got v1.74.0
  has 25 dependencies
Evaluating 'thiserror-core' ...
  got v1.0.50
  has 9 dependencies
Evaluating 'kqueue-sys' ...
  got v1.0.4
  has 2 dependencies
Evaluating 'duct' ...
  got v1.1.1
  has 15 dependencies
Evaluating 'dlv-list' ...
  got v0.6.0
  has 0 dependencies
Evaluating 'kqueue' ...
  got v1.1.1
  has 4 dependencies
Evaluating 'advapi32-sys' ...
  got v0.2.0
  has 3 dependencies
Evaluating 'wasmtime-jit-icache-coherence' ...
  got v34.0.2
  has 3 dependencies
Evaluating 'build_const' ...
  got v0.2.2
  has 0 dependencies
Evaluating 'pprof' ...
  got v0.15.0
  has 64 dependencies
Evaluating 'iron' ...
  got v0.6.1
  has 77 dependencies
Evaluating 'tiny-bip39' ...
  got v2.0.0
  has 47 dependencies
Evaluating 'modifier' ...
  got v0.1.0
  has 0 dependencies
Evaluating 'ordered-multimap' ...
  got v0.7.3
  has 10 dependencies
Evaluating 'str_stack' ...
  got v0.1.0
  has 0 dependencies
Evaluating 'wasm-encoder' ...
  got v0.247.0
  has 1 dependencies
Evaluating 'inferno' ...
  got v0.12.6
  has 64 dependencies
Evaluating 'tokio-serde' ...
  got v0.9.0
  has 13 dependencies
Evaluating 'edit-distance' ...
  got v2.2.2
  has 0 dependencies
Evaluating 'yasna' ...
  got v0.6.0
  has 0 dependencies
Evaluating 'const-random-macro' ...
  got v0.1.16
  has 6 dependencies
Evaluating 'fm' ...
  got v0.4.0
  has 9 dependencies
Evaluating 'ed25519' ...
  got v2.2.3
  has 1 dependencies
Evaluating 'gccjit_sys' ...
  got v1.3.0
  has 1 dependencies
Evaluating 'lang_tester' ...
  got v0.9.0
  has 22 dependencies
Evaluating 'merlin' ...
  got v3.0.0
  has 16 dependencies
Evaluating 'const-random' ...
  got v0.1.18
  has 7 dependencies
Evaluating 'gccjit' ...
  got v3.3.0
  has 2 dependencies
Evaluating 'environment' ...
  got v0.1.1
  has 0 dependencies
Evaluating 'wayland-client' ...
  got v0.31.14
  has 22 dependencies
Evaluating 'metrics' ...
  got v0.24.3
  has 6 dependencies
Evaluating 'jni' ...
  got v0.22.4
  has 34 dependencies
Evaluating 'wayland-scanner' ...
  got v0.31.10
  has 6 dependencies
Evaluating 'wayland-sys' ...
  got v0.31.11
  has 2 dependencies
Evaluating 'smithay-client-toolkit' ...
  got v0.20.0
  has 100 dependencies
Evaluating 'num-bigint-dig' ...
  got v0.9.1
  has 17 dependencies
Evaluating 'wayland-protocols' ...
  got v0.32.12
  has 21 dependencies
Evaluating 'h3-quinn' ...
  got v0.0.10
  has 92 dependencies
Evaluating 'const-cstr' ...
  got v0.3.0
  has 0 dependencies
Evaluating 'h3' ...
  got v0.0.8
  has 15 dependencies
Evaluating 'jwalk' ...
  got v0.8.1
  has 16 dependencies
Evaluating 'tree-sitter' ...
  got v0.26.8
  has 24 dependencies
Evaluating 'dtoa-short' ...
  got v0.3.5
  has 1 dependencies
Evaluating 'castaway' ...
  got v0.2.4
  has 1 dependencies
Evaluating 'quickcheck_macros' ...
  got v1.2.0
  has 8 dependencies
Evaluating 'cesu8' ...
  got v1.1.0
  has 0 dependencies
Evaluating 'cssparser' ...
  got v0.37.0
  has 24 dependencies
Evaluating 'simd-adler32' ...
  got v0.3.9
  has 0 dependencies
Evaluating 'educe' ...
  got v0.6.0
  has 13 dependencies
Evaluating 'enum-ordinalize' ...
  got v4.3.2
  has 9 dependencies
Evaluating 'cssparser-macros' ...
  got v0.7.0
  has 7 dependencies
Evaluating 'wio' ...
  got v0.2.2
  has 1 dependencies
Evaluating 'rust-embed-utils' ...
  got v8.11.0
  has 14 dependencies
Evaluating 'envy' ...
  got v0.4.2
  has 2 dependencies
Evaluating 'onig_sys' ...
  got v69.9.3
  has 38 dependencies
Evaluating 'fallible_collections' ...
  got v0.5.1
  has 8 dependencies
Evaluating 'core-text' ...
  got v21.0.0
  has 24 dependencies
Evaluating 'serde-xml-rs' ...
  got v0.8.2
  has 14 dependencies
Evaluating 'document-features' ...
  got v0.2.12
  has 1 dependencies
Evaluating 'no-std-compat' ...
  got v0.4.1
  has 0 dependencies
Evaluating 'dwrote' ...
  got v0.11.5
  has 16 dependencies
Evaluating 'onig' ...
  got v6.5.3
  has 41 dependencies
Evaluating 'comfy-table' ...
  got v7.2.2
  has 16 dependencies
Evaluating 'rust-embed-impl' ...
  got v8.11.0
  has 24 dependencies
Evaluating 'rust-embed' ...
  got v8.11.0
  has 27 dependencies
Evaluating 'servo_arc' ...
  got v0.4.3
  has 1 dependencies
Evaluating 'actix-files' ...
  got v0.6.10
  has 243 dependencies
Evaluating 'wayland-commons' ...
  got v0.29.5
  has 12 dependencies
Evaluating 'gl_generator' ...
  got v0.14.0
  has 3 dependencies
Evaluating 'winit' ...
  got v0.30.13
  has 155 dependencies
Evaluating 'pairing' ...
  got v0.23.0
  has 6 dependencies
Evaluating 'redis' ...
  got v1.2.0
  has 91 dependencies
Evaluating 'rustc-hex' ...
  got v2.1.0
  has 0 dependencies
Evaluating 'typetag-impl' ...
  got v0.2.21
  has 8 dependencies
Evaluating 'rure' ...
  got v0.2.5
  has 10 dependencies
Evaluating 'selectors' ...
  got v0.37.0
  has 46 dependencies
Evaluating 'wat' ...
  got v1.247.0
  has 7 dependencies
Evaluating 'bs58' ...
  got v0.5.1
  has 0 dependencies
Evaluating 'khronos_api' ...
  got v3.1.0
  has 0 dependencies
Evaluating 'typetag' ...
  got v0.2.21
  has 20 dependencies
Evaluating 'simdutf8' ...
  got v0.1.5
  has 0 dependencies
Evaluating 'faster-hex' ...
  got v0.10.0
  has 6 dependencies
Evaluating 'prettytable-rs' ...
  got v0.10.0
  has 16 dependencies
Evaluating 'quanta' ...
  got v0.12.6
  has 5 dependencies
Evaluating 'opentelemetry_sdk' ...
  got v0.31.0
  has 44 dependencies
Evaluating 'ron' ...
  got v0.12.1
  has 16 dependencies
Evaluating 'xcursor' ...
  got v0.3.10
  has 0 dependencies
Evaluating 'cxxbridge-cmd' ...
  got v1.0.194
  has 19 dependencies
Evaluating 'shared_library' ...
  got v0.1.9
  has 2 dependencies
Evaluating 'opentelemetry_api' ...
  got v0.20.0
  has 25 dependencies
Evaluating 'parity-scale-codec' ...
  got v3.7.5
  has 22 dependencies
Evaluating 'calloop' ...
  got v0.14.4
  has 12 dependencies
Evaluating 'wayland-cursor' ...
  got v0.31.14
  has 25 dependencies
Evaluating 'abomonation' ...
  got v0.7.3
  has 0 dependencies
Evaluating 'procinfo' ...
  got v0.4.2
  has 7 dependencies
Evaluating 'clru' ...
  got v0.6.3
  has 4 dependencies
Evaluating 'bls12_381' ...
  got v0.8.0
  has 17 dependencies
Evaluating 'glutin_gles2_sys' ...
  got v0.6.1
  has 5 dependencies
Evaluating 'glutin_egl_sys' ...
  got v0.7.1
  has 5 dependencies
Evaluating 'thin-slice' ...
  got v0.1.1
  has 0 dependencies
Evaluating 'cgl' ...
  got v0.3.2
  has 1 dependencies
Evaluating 'glutin_wgl_sys' ...
  got v0.6.1
  has 5 dependencies
Evaluating 'rsa' ...
  got v0.9.10
  has 56 dependencies
Evaluating 'xxhash-rust' ...
  got v0.8.15
  has 0 dependencies
Evaluating 'tokio-signal' ...
  got v0.2.9
  has 61 dependencies
Evaluating 'rustls-ffi' ...
  got v0.15.3
  has 37 dependencies
Evaluating 'ed25519-dalek' ...
  got v2.2.0
  has 34 dependencies
Evaluating 'glutin' ...
  got v0.32.3
  has 29 dependencies
Evaluating 'glutin_glx_sys' ...
  got v0.6.1
  has 10 dependencies
Evaluating 'osmesa-sys' ...
  got v0.1.2
  has 3 dependencies
Evaluating 'pretty-hex' ...
  got v0.4.2
  has 0 dependencies
Evaluating 'pyo3-ffi' ...
  got v0.28.3
  has 6 dependencies
Evaluating 'local-encoding' ...
  got v0.2.0
  has 9 dependencies
Evaluating 'futures-test' ...
  got v0.3.32
  has 29 dependencies
Evaluating 'extend' ...
  got v1.2.0
  has 8 dependencies
Evaluating 'fixed-hash' ...
  got v0.8.0
  has 13 dependencies
Evaluating 'pbr' ...
  got v1.1.1
  has 3 dependencies
Evaluating 'filedescriptor' ...
  got v0.8.3
  has 11 dependencies
Evaluating 'integer-encoding' ...
  got v4.1.0
  has 0 dependencies
Evaluating 'primitive-types' ...
  got v0.14.0
  has 19 dependencies
Evaluating 'normpath' ...
  got v1.5.0
  has 0 dependencies
Evaluating 'proc-macro2-diagnostics' ...
  got v0.10.1
  has 11 dependencies
Evaluating 'miette-derive' ...
  got v7.6.0
  has 8 dependencies
Evaluating 'regalloc' ...
  got v0.0.34
  has 3 dependencies
Evaluating 'enumflags2_derive' ...
  got v0.7.12
  has 8 dependencies
Evaluating 'const_format_proc_macros' ...
  got v0.2.34
  has 5 dependencies
Evaluating 'enumflags2' ...
  got v0.7.12
  has 9 dependencies
Evaluating 'btoi' ...
  got v0.5.0
  has 3 dependencies
Evaluating 'mustache' ...
  got v0.9.0
  has 4 dependencies
Evaluating 'auto_impl' ...
  got v1.3.0
  has 8 dependencies
Evaluating 'const_format' ...
  got v0.2.36
  has 8 dependencies
Evaluating 'finl_unicode' ...
  got v1.4.0
  has 0 dependencies
Evaluating 'safe_arch' ...
  got v1.0.0
  has 0 dependencies
Evaluating 'miette' ...
  got v7.6.0
  has 11 dependencies
Evaluating 'pkcs1' ...
  got v0.7.5
  has 4 dependencies
Evaluating 'cxx-gen' ...
  got v0.7.194
  has 14 dependencies
Evaluating 'x11' ...
  got v2.21.0
  has 3 dependencies
Evaluating 'glium' ...
  got v0.36.0
  has 199 dependencies
Evaluating 'secrecy' ...
  got v0.10.3
  has 1 dependencies
Evaluating 'flagset' ...
  got v0.4.7
  has 0 dependencies
Evaluating 'mockito' ...
  got v1.7.2
  has 109 dependencies
Evaluating 'demo' ...
  ! crate not resolved: error: the crate `demo` could not be found in registry index.
Evaluating 'glib' ...
  got v0.22.6
  has 58 dependencies
Evaluating 'gobject-sys' ...
  got v0.22.6
  has 19 dependencies
Evaluating 'ttf-parser' ...
  got v0.25.1
  has 0 dependencies
Evaluating 'cxx-test-suite' ...
  got v0.0.1
  has 0 dependencies
Evaluating 'glib-sys' ...
  got v0.22.6
  has 15 dependencies
Evaluating 'vfs' ...
  got v0.13.0
  has 3 dependencies
Evaluating 'types' ...
  got v0.1.0
  has 16 dependencies
Evaluating 'ansi-parser' ...
  got v0.9.1
  has 7 dependencies
Evaluating 'glib-macros' ...
  got v0.22.6
  has 18 dependencies
Evaluating 'compact_str' ...
  got v0.9.0
  has 7 dependencies
Evaluating 'shell32-sys' ...
  got v0.1.2
  has 3 dependencies
Evaluating 'wayland-egl' ...
  got v0.32.11
  has 19 dependencies
Evaluating 'sys-info' ...
  got v0.9.1
  has 5 dependencies
Evaluating 'enumset_derive' ...
  got v0.14.0
  has 19 dependencies
Evaluating 'listenfd' ...
  got v1.0.2
  has 1 dependencies
Evaluating 'clippy-mini-macro-test' ...
  ! crate not resolved: error: the crate `clippy-mini-macro-test` could not be found in registry index.
Evaluating 'supports-hyperlinks' ...
  got v3.2.0
  has 0 dependencies
Evaluating 'new_mime_guess' ...
  got v4.0.4
  has 4 dependencies
Evaluating 'enumset' ...
  got v1.1.10
  has 20 dependencies
Evaluating 'ouroboros_macro' ...
  got v0.18.5
  has 16 dependencies
Evaluating 'wasm-smith' ...
  got v0.247.0
  has 14 dependencies
Evaluating 'base58' ...
  got v0.2.0
  has 0 dependencies
Evaluating 'vec-arena' ...
  got v1.2.0
  has 0 dependencies
Evaluating 'better-panic' ...
  got v0.3.0
  has 13 dependencies
Evaluating 'zydis' ...
  got v4.1.1
  has 6 dependencies
Evaluating 'ouroboros' ...
  got v0.18.5
  has 19 dependencies
Evaluating 'schnorrkel' ...
  got v0.11.5
  has 58 dependencies
Evaluating 'test-generator' ...
  got v0.3.1
  has 9 dependencies
Evaluating 'etag' ...
  got v4.0.0
  has 2 dependencies
Evaluating 'isahc' ...
  got v1.8.1
  has 160 dependencies
Evaluating 'platforms' ...
  got v3.10.0
  has 0 dependencies
Evaluating 'aliasable' ...
  got v0.1.3
  has 0 dependencies
Evaluating 'system-configuration' ...
  got v0.7.0
  has 7 dependencies
Evaluating 'actix-web-lab' ...
  got v0.26.0
  has 299 dependencies
Evaluating 'impl-serde' ...
  got v0.5.0
  has 2 dependencies
Evaluating 'tokio-core' ...
  got v0.1.18
  has 137 dependencies
Evaluating 'procfs' ...
  got v0.18.0
  has 19 dependencies
Evaluating 'secp256k1-sys' ...
  got v0.13.0
  has 4 dependencies
Evaluating 'unicode-bom' ...
  got v2.0.3
  has 0 dependencies
Evaluating 'imagequant' ...
  got v4.4.1
  has 14 dependencies
Evaluating 'litrs' ...
  got v1.0.0
  has 0 dependencies
Evaluating 'serde_plain' ...
  got v1.0.2
  has 2 dependencies
Evaluating 'secp256k1' ...
  got v0.31.1
  has 5 dependencies
Evaluating 'imgref' ...
  got v1.12.0
  has 0 dependencies
Evaluating 'fdlimit' ...
  got v0.3.0
  has 11 dependencies
Evaluating 'os_type' ...
  got v2.6.0
  has 9 dependencies
Evaluating 'lancelot-flirt' ...
  got v0.9.10
  has 68 dependencies
Evaluating 'imagequant-sys' ...
  got v4.1.0
  has 17 dependencies
Evaluating 'wasm-ast' ...
  got v0.1.0
  has 10 dependencies
Evaluating 'opentelemetry-semantic-conventions' ...
  got v0.31.0
  has 0 dependencies
Evaluating 'deadpool' ...
  got v0.13.0
  has 5 dependencies
Evaluating 'lancelot' ...
  got v0.9.10
  has 123 dependencies
Evaluating 'allocator-api2' ...
  got v0.4.0
  has 0 dependencies
Evaluating 'lancelot-bin' ...
  got v0.9.10
  has 204 dependencies
Evaluating 'minify-html-onepass' ...
  got v0.18.1
  has 360 dependencies
Evaluating 'stringplus' ...
  got v0.1.0
  has 0 dependencies
Evaluating 'takeable-option' ...
  got v0.5.0
  has 0 dependencies
Evaluating 'sluice' ...
  got v0.6.0
  has 13 dependencies
Evaluating 'supports-unicode' ...
  got v3.0.0
  has 0 dependencies
Evaluating 'lz4_flex' ...
  got v0.13.0
  has 1 dependencies
Evaluating 'build-helper' ...
  got v0.1.1
  has 2 dependencies
Evaluating 'rust_decimal' ...
  got v1.41.0
  has 6 dependencies
Evaluating 'hexyl' ...
  got v0.17.0
  has 47 dependencies
Evaluating 'impl-codec' ...
  got v0.7.1
  has 23 dependencies
Evaluating 'actix-web-lab-derive' ...
  got v0.26.0
  has 7 dependencies
Evaluating 'io' ...
  got v0.0.2
  has 223 dependencies
Evaluating 'serde_html_form' ...
  got v0.4.0
  has 8 dependencies
Evaluating 'syntect' ...
  got v5.3.0
  has 60 dependencies
Evaluating 'system-configuration-sys' ...
  got v0.6.0
  has 2 dependencies
Evaluating 'clang-ast' ...
  got v0.1.35
  has 2 dependencies
Evaluating 'lsp-server' ...
  got v0.7.9
  has 19 dependencies
Evaluating 'dav1d-sys' ...
  got v0.8.3
  has 15 dependencies
Evaluating 'rupantor' ...
  got v0.3.0
  has 6 dependencies
Evaluating 'xmlparser' ...
  got v0.13.6
  has 0 dependencies
Evaluating 'inlinable_string' ...
  got v0.1.15
  has 0 dependencies
Evaluating 'nasm-rs' ...
  got v0.3.2
  has 1 dependencies
Evaluating 'gix-hash' ...
  got v0.25.0
  has 26 dependencies
Evaluating 'surf' ...
  got v2.3.2
  has 400 dependencies
Evaluating 'timerfd' ...
  got v1.6.0
  has 3 dependencies
Evaluating 'seq-macro' ...
  got v0.3.6
  has 0 dependencies
Evaluating 'ringbuf' ...
  got v0.4.8
  has 1 dependencies
Evaluating 'gix-path' ...
  got v0.12.0
  has 15 dependencies
Evaluating 'gio-sys' ...
  got v0.22.0
  has 24 dependencies
Evaluating 'chia_wasm' ...
  got v0.42.0
  has 20 dependencies
Evaluating 'lsp-server' ...
  got v0.7.9
  has 19 dependencies
Evaluating 'chia_rs' ...
  got v0.42.0
  has 527 dependencies
Evaluating 'figment' ...
  got v0.10.19
  has 7 dependencies
Evaluating 'encoding_rs_io' ...
  got v0.1.7
  has 2 dependencies
Evaluating 'chia' ...
  got v0.42.0
  has 540 dependencies
Evaluating 'az' ...
  got v1.3.0
  has 0 dependencies
Evaluating 'gix-features' ...
  got v0.48.0
  has 2 dependencies
Evaluating 'gio' ...
  got v0.22.6
  has 66 dependencies
Evaluating 'fdeflate' ...
  got v0.3.7
  has 1 dependencies
Evaluating 'gix-ref' ...
  got v0.63.0
  has 98 dependencies
Evaluating 'users' ...
  got v0.11.0
  has 2 dependencies
Evaluating 'gix-actor' ...
  got v0.41.0
  has 11 dependencies
Evaluating 'gethostname' ...
  got v1.1.0
  has 3 dependencies
Evaluating 'bitreader' ...
  got v0.3.11
  has 1 dependencies
Evaluating 'rhai' ...
  got v1.24.0
  has 39 dependencies
Evaluating 'fail' ...
  got v0.5.1
  has 12 dependencies
Evaluating 'gix-tempfile' ...
  got v23.0.0
  has 54 dependencies
Evaluating 'mp4parse' ...
  got v0.17.0
  has 16 dependencies
Evaluating 'gix-date' ...
  got v0.15.3
  has 7 dependencies
Evaluating 'dav1d' ...
  got v0.11.1
  has 40 dependencies
Evaluating 'gix-glob' ...
  got v0.26.0
  has 21 dependencies
Evaluating 'rustc_version_runtime' ...
  got v0.3.0
  has 6 dependencies
Evaluating 'gix-sec' ...
  got v0.14.0
  has 2 dependencies
Evaluating 'gix-config-value' ...
  got v0.18.0
  has 20 dependencies
Evaluating 'migration' ...
  got v0.2.2
  has 493 dependencies
Evaluating 'tokio-process' ...
  got v0.2.5
  has 73 dependencies
Evaluating 'thread-tree' ...
  got v0.3.3
  has 2 dependencies
Evaluating 'gix-lock' ...
  got v23.0.0
  has 50 dependencies
Evaluating 'dolby_vision' ...
  got v3.3.2
  has 12 dependencies
Evaluating 'bitvec_helpers' ...
  got v4.0.2
  has 8 dependencies
Evaluating 'gix-validate' ...
  got v0.11.1
  has 2 dependencies
Evaluating 'nalgebra' ...
  got v0.34.2
  has 34 dependencies
Evaluating 'gix-config' ...
  got v0.56.0
  has 119 dependencies
Evaluating 'gix-object' ...
  got v0.60.0
  has 56 dependencies
Evaluating 'cliparser' ...
  got v0.1.2
  has 0 dependencies
Evaluating 'futures-intrusive' ...
  got v0.5.0
  has 9 dependencies
Evaluating 'loop9' ...
  got v0.1.5
  has 1 dependencies
Evaluating 'maybe-async' ...
  got v0.2.10
  has 8 dependencies
Evaluating 'dcv-color-primitives' ...
  got v1.0.0
  has 7 dependencies
Evaluating 'rpassword' ...
  got v7.4.0
  has 3 dependencies
Evaluating 'concolor-control' ...
  got v0.0.7
  has 0 dependencies
Evaluating 'opentelemetry-otlp' ...
  got v0.31.1
  has 260 dependencies
Evaluating 'nalgebra-macros' ...
  got v0.3.0
  has 8 dependencies
Evaluating 'mimalloc' ...
  got v0.1.50
  has 5 dependencies
Evaluating 'rstest_macros' ...
  got v0.26.1
  has 33 dependencies
Evaluating 'libmimalloc-sys' ...
  got v0.1.47
  has 4 dependencies
Evaluating 'io-uring' ...
  got v0.7.12
  has 3 dependencies
Evaluating 'impl-trait-for-tuples' ...
  got v0.2.3
  has 8 dependencies
Evaluating 'simba' ...
  got v0.9.1
  has 12 dependencies
Evaluating 'nonzero_ext' ...
  got v0.3.0
  has 0 dependencies
Evaluating 'x11-clipboard' ...
  got v0.9.3
  has 8 dependencies
Evaluating 'opentelemetry-proto' ...
  got v0.31.0
  has 184 dependencies
Evaluating 'governor' ...
  got v0.10.4
  has 49 dependencies
Evaluating 'bigdecimal' ...
  got v0.4.10
  has 11 dependencies
Evaluating 'parity-scale-codec-derive' ...
  got v3.7.5
  has 17 dependencies
Evaluating 'prodash' ...
  got v31.0.0
  has 7 dependencies
Evaluating 'zune-inflate' ...
  got v0.2.54
  has 1 dependencies
Evaluating 'similar-asserts' ...
  got v2.0.0
  has 4 dependencies
Evaluating 'fd-lock' ...
  got v4.0.4
  has 4 dependencies
Evaluating 'cargo-watch' ...
  got v8.5.3
  has 322 dependencies
Evaluating 'id-arena' ...
  got v2.3.0
  has 0 dependencies
Evaluating 'rocksdb' ...
  got v0.24.0
  has 56 dependencies
Evaluating 'libdeflater' ...
  got v1.25.2
  has 5 dependencies
Evaluating 'bech32' ...
  got v0.11.1
  has 0 dependencies
Evaluating 'memmem' ...
  got v0.1.1
  has 0 dependencies
Evaluating 'magnus-macros' ...
  got v0.8.0
  has 8 dependencies
Evaluating 'rb-sys-env' ...
  got v0.2.3
  has 0 dependencies
Evaluating 'magnus' ...
  got v0.8.2
  has 50 dependencies
Evaluating 'crates-index' ...
  got v3.13.0
  has 42 dependencies
Evaluating 'memfd' ...
  got v0.6.5
  has 3 dependencies
Evaluating 'tiny-skia' ...
  got v0.12.0
  has 21 dependencies
Evaluating 'option-ext' ...
  got v0.2.0
  has 0 dependencies
Evaluating 'rspec' ...
  got v1.0.0
  has 58 dependencies
Evaluating 'librocksdb-sys' ...
  got v6.20.3
  has 35 dependencies
Evaluating 'tui' ...
  got v0.19.0
  has 27 dependencies
Evaluating 'libdeflate-sys' ...
  got v1.25.2
  has 4 dependencies
Evaluating 'rcgen' ...
  got v0.14.7
  has 22 dependencies
Evaluating 'ole32-sys' ...
  got v0.2.0
  has 3 dependencies
Evaluating 'http-serde' ...
  got v2.1.1
  has 5 dependencies
Evaluating 'cpu-time' ...
  got v1.0.0
  has 1 dependencies
Evaluating 'memory_units' ...
  got v0.4.0
  has 0 dependencies
Evaluating 'tower-util' ...
  got v0.3.1
  has 17 dependencies
Evaluating 'gix-url' ...
  got v0.36.0
  has 19 dependencies
Evaluating 'dag' ...
  got v0.0.0
  has 0 dependencies
Evaluating 'vtparse' ...
  got v0.7.0
  has 1 dependencies
Evaluating 'endian-type' ...
  got v0.2.0
  has 0 dependencies
Evaluating 'termwiz' ...
  got v0.23.3
  has 170 dependencies
Evaluating 'femme' ...
  got v2.2.1
  has 27 dependencies
Evaluating 'radix_trie' ...
  got v0.3.0
  has 3 dependencies
Evaluating 'csscolorparser' ...
  got v0.8.3
  has 29 dependencies
Evaluating 'panic-message' ...
  got v0.3.0
  has 0 dependencies
Evaluating 'console_log' ...
  got v1.0.0
  has 31 dependencies
Evaluating 'opentelemetry-jaeger' ...
  got v0.22.0
  has 68 dependencies
Evaluating 'float-ord' ...
  got v0.3.2
  has 0 dependencies
Evaluating 'nibble_vec' ...
  got v0.1.0
  has 1 dependencies
Evaluating 'capstone' ...
  got v0.14.0
  has 6 dependencies
Evaluating 'core2' ...
  ! crate not resolved: error: the crate `core2` could not be found in registry index.
Evaluating 'json5' ...
  got v1.3.1
  has 3 dependencies
Evaluating 'capstone-sys' ...
  got v0.18.0
  has 4 dependencies
Evaluating 'endian_trait_derive' ...
  got v0.6.0
  has 7 dependencies
Evaluating 'binascii' ...
  got v0.1.4
  has 0 dependencies
Evaluating 'foreign-types-macros' ...
  got v0.2.3
  has 8 dependencies
Evaluating 'spinning_top' ...
  got v0.3.0
  has 2 dependencies
Evaluating 'toml2nix' ...
  got v0.1.1
  has 3 dependencies
Evaluating 'py-bip39-bindings' ...
  got v0.1.6
  has 155 dependencies
Evaluating 'include_dir_impl' ...
  got v0.6.2
  has 10 dependencies
Evaluating 'dupe-krill' ...
  got v1.5.0
  has 37 dependencies
Evaluating 'pathpatterns' ...
  got v0.1.2
  has 2 dependencies
Evaluating 'color-backtrace' ...
  got v0.7.2
  has 11 dependencies
Evaluating 'clearscreen' ...
  got v4.0.6
  has 34 dependencies
Evaluating 'app_dirs' ...
  got v2.0.1
  has 0 dependencies
Evaluating 'bitcoin_hashes' ...
  got v0.20.0
  has 3 dependencies
Evaluating 'endian_trait' ...
  got v0.6.0
  has 8 dependencies
Evaluating 'aws_lambda_events' ...
  got v1.1.3
  has 66 dependencies
Evaluating 'rust-stemmers' ...
  got v1.2.0
  has 11 dependencies
Evaluating 'built' ...
  got v0.8.0
  has 0 dependencies
Evaluating 'route-recognizer' ...
  got v0.3.1
  has 0 dependencies
Evaluating 'rlp' ...
  got v0.6.1
  has 2 dependencies
Evaluating 'mdman' ...
  got v0.0.0
  has 0 dependencies
Evaluating 'chrono-tz' ...
  got v0.10.4
  has 7 dependencies
Evaluating 'parse-zoneinfo' ...
  got v0.5.0
  has 0 dependencies
Evaluating 'impl-rlp' ...
  got v0.4.0
  has 3 dependencies
Evaluating 'wezterm-color-types' ...
  got v0.3.0
  has 41 dependencies
Evaluating 'console-subscriber' ...
  got v0.5.0
  has 227 dependencies
Evaluating 'wezterm-bidi' ...
  got v0.2.3
  has 25 dependencies
Evaluating 'wezterm-dynamic-derive' ...
  got v0.1.1
  has 8 dependencies
Evaluating 'zvariant' ...
  got v5.10.1
  has 33 dependencies
Evaluating 'zbus' ...
  got v5.15.0
  has 161 dependencies
Evaluating 'libwebp-sys' ...
  got v0.14.3
  has 9 dependencies
Evaluating 'stable-pattern' ...
  got v0.1.0
  has 1 dependencies
Evaluating 'console-api' ...
  got v0.9.0
  has 146 dependencies
Evaluating 'retain_mut' ...
  got v0.1.9
  has 0 dependencies
Evaluating 'deltae' ...
  got v0.3.2
  has 0 dependencies
Evaluating 'glam' ...
  got v0.32.1
  has 0 dependencies
Evaluating 'noisy_float' ...
  got v0.2.1
  has 3 dependencies
Evaluating 'wezterm-dynamic' ...
  got v0.2.1
  has 23 dependencies
Evaluating 'ethereum-types' ...
  got v0.16.0
  has 38 dependencies
Evaluating 'ethbloom' ...
  got v0.14.1
  has 24 dependencies
Evaluating 'miniz-sys' ...
  got v0.1.12
  has 5 dependencies
Evaluating 'k256' ...
  got v0.13.4
  has 64 dependencies
Evaluating 'notify-rust' ...
  got v4.16.0
  has 165 dependencies
Evaluating 'zvariant_derive' ...
  got v5.10.1
  has 28 dependencies
Evaluating 'ubyte' ...
  got v0.10.4
  has 0 dependencies
Evaluating 'beef' ...
  got v0.5.2
  has 0 dependencies
Evaluating 'zbus_macros' ...
  got v5.15.0
  has 49 dependencies
Evaluating 'pathfinder_geometry' ...
  got v0.5.1
  has 5 dependencies
Evaluating 'freetype' ...
  got v0.7.2
  has 8 dependencies
Evaluating 'daemonize' ...
  got v0.5.0
  has 1 dependencies
Evaluating 'ripemd' ...
  got v0.2.0
  has 7 dependencies
Evaluating 'serde_fmt' ...
  got v1.1.0
  has 1 dependencies
Evaluating 'font-kit' ...
  got v0.14.3
  has 33 dependencies
Evaluating 'watchman_client' ...
  got v0.9.0
  has 87 dependencies
Evaluating 'bufstream' ...
  got v0.1.4
  has 0 dependencies
Evaluating 'atoi' ...
  got v2.0.0
  has 3 dependencies
Evaluating 'directories-next' ...
  got v2.0.0
  has 3 dependencies
Evaluating 'chrono-tz-build' ...
  got v0.5.0
  has 7 dependencies
Evaluating 'pathfinder_simd' ...
  got v0.5.6
  has 3 dependencies
Evaluating 'poly1305' ...
  got v0.8.0
  has 10 dependencies
Evaluating 'bufsize' ...
  got v1.0.10
  has 1 dependencies
Evaluating 'sqlformat' ...
  got v0.5.0
  has 3 dependencies
Evaluating 'more-asserts' ...
  got v0.3.1
  has 0 dependencies
Evaluating 'cpython' ...
  got v0.7.2
  has 17 dependencies
Evaluating 'blake2s_simd' ...
  got v1.0.4
  has 3 dependencies
Evaluating 'python3-sys' ...
  got v0.7.2
  has 11 dependencies
Evaluating 'typed-builder' ...
  got v0.23.2
  has 9 dependencies
Evaluating 'async-tungstenite' ...
  got v0.34.0
  has 50 dependencies
Evaluating 'vt100' ...
  got v0.16.2
  has 5 dependencies
Evaluating 'unic-segment' ...
  got v0.9.0
  has 6 dependencies
Evaluating 'mac-notification-sys' ...
  got v0.6.12
  has 21 dependencies
Evaluating 'unic-ucd-segment' ...
  got v0.9.0
  has 5 dependencies
Evaluating 'serde_regex' ...
  got v1.1.0
  has 11 dependencies
Evaluating 'fbthrift' ...
  got v0.0.3
  has 71 dependencies
Evaluating 'serde_bser' ...
  got v0.4.0
  has 22 dependencies
Evaluating 'clone' ...
  got v0.1.2
  has 2 dependencies
Evaluating 'abomonation_derive' ...
  got v0.5.0
  has 12 dependencies
Evaluating 'page_size' ...
  got v0.6.0
  has 1 dependencies
Evaluating 'tracing-collector' ...
  got v0.1.2
  has 32 dependencies
Evaluating 'nonblocking' ...
  got v0.1.4
  has 56 dependencies
Evaluating 'serde-wasm-bindgen' ...
  got v0.6.5
  has 35 dependencies
Evaluating 'ethabi' ...
  got v18.0.0
  has 82 dependencies
Evaluating 'nodemap' ...
  ! crate not resolved: error: the crate `nodemap` could not be found in registry index.
Evaluating 'repo' ...
  got v0.14.8
  has 236 dependencies
Evaluating 'fbinit_macros' ...
  got v0.2.0
  has 8 dependencies
Evaluating 'identity' ...
  got v0.0.6
  has 0 dependencies
Evaluating 'renderdag' ...
  got v0.3.1
  has 0 dependencies
Evaluating 'version' ...
  got v3.0.0
  has 0 dependencies
Evaluating 'pad' ...
  got v0.1.6
  has 1 dependencies
Evaluating 'codegen_includer_proc_macro' ...
  ! crate not resolved: error: the crate `codegen_includer_proc_macro` could not be found in registry index.
Evaluating 'boxfnonce' ...
  got v0.1.1
  has 0 dependencies
Evaluating 'anymap' ...
  got v0.12.1
  has 0 dependencies
Evaluating 'streams' ...
  got v0.0.2
  has 35 dependencies
Evaluating 'xcb' ...
  got v1.7.0
  has 5 dependencies
Evaluating 'tiny-skia-path' ...
  got v0.12.0
  has 3 dependencies
Evaluating 'util' ...
  got v0.1.3
  has 0 dependencies
Evaluating 'exchange' ...
  got v0.1.0
  has 298 dependencies
Evaluating 'conch-parser' ...
  got v0.1.1
  has 1 dependencies
Evaluating 'metalog' ...
  ! crate not resolved: error: the crate `metalog` could not be found in registry index.
Evaluating 'sqlx' ...
  got v0.8.6
  has 185 dependencies
Evaluating 'xdiff' ...
  got v0.4.3
  has 378 dependencies
Evaluating 'checkout' ...
  got v0.1.5
  has 651 dependencies
Evaluating 'sqlx-core' ...
  got v0.8.6
  has 132 dependencies
Evaluating 'rhai_codegen' ...
  got v3.1.0
  has 8 dependencies
Evaluating 'gitdag' ...
  got v0.1.2
  has 199 dependencies
Evaluating 'async-runtime' ...
  got v0.0.0
  has 0 dependencies
Evaluating 'retry' ...
  got v2.2.0
  has 9 dependencies
Evaluating 'mpatch' ...
  got v1.4.1
  has 57 dependencies
Evaluating 'select' ...
  got v0.6.1
  has 70 dependencies
Evaluating 'wild' ...
  got v2.2.1
  has 0 dependencies
Evaluating 'mkscratch' ...
  got v1.1.0
  has 3 dependencies
Evaluating 'fbinit' ...
  got v0.2.0
  has 30 dependencies
Evaluating 'snafu' ...
  got v0.9.0
  has 10 dependencies
Evaluating 'manifest' ...
  got v0.2.0
  has 0 dependencies
Evaluating 'pipe' ...
  got v0.4.0
  has 2 dependencies
Evaluating 'treestate' ...
  got v0.1.1
  has 21 dependencies
Evaluating 'drop_bomb' ...
  got v0.1.5
  has 0 dependencies
Evaluating 'dag-types' ...
  ! crate not resolved: error: the crate `dag-types` could not be found in registry index.
Evaluating 'cats' ...
  got v0.1.16
  has 338 dependencies
Evaluating 'blackbox' ...
  got v0.2.0
  has 85 dependencies
Evaluating 'sqlx-macros' ...
  got v0.8.6
  has 172 dependencies
Evaluating 'sorted_vector_map' ...
  got v0.2.1
  has 23 dependencies
Evaluating 'core-video-sys' ...
  got v0.1.4
  has 34 dependencies
Evaluating 'sparse' ...
  got v0.1.2
  has 0 dependencies
Evaluating 'cloned' ...
  got v0.1.1
  has 0 dependencies
Evaluating 'status' ...
  got v0.0.10
  has 4 dependencies
Evaluating 'uname' ...
  got v0.1.1
  has 1 dependencies
Evaluating 'streampager' ...
  got v0.10.3
  has 263 dependencies
Evaluating 'deunicode' ...
  got v1.6.2
  has 0 dependencies
Evaluating 'error-code' ...
  got v3.3.2
  has 0 dependencies
Evaluating 'termstyle' ...
  got v0.1.2
  has 15 dependencies
Evaluating 'snafu-derive' ...
  got v0.9.0
  has 9 dependencies
Evaluating 'auth' ...
  got v0.1.0
  has 191 dependencies
Evaluating 'dev-logger' ...
  ! crate not resolved: error: the crate `dev-logger` could not be found in registry index.
Evaluating 'pprint' ...
  got v0.3.6
  has 21 dependencies
Evaluating 'unsigned-varint' ...
  got v0.8.0
  has 0 dependencies
Evaluating 'tokio-tower' ...
  got v0.6.0
  has 52 dependencies
Evaluating 'crossfont' ...
  got v0.9.0
  has 32 dependencies
Evaluating 'stderrlog' ...
  got v0.6.0
  has 11 dependencies
Evaluating 'md5-asm' ...
  got v0.5.2
  has 4 dependencies
Evaluating 'rlimit' ...
  got v0.11.0
  has 1 dependencies
Evaluating 'log_settings' ...
  ! crate not resolved: error: the crate `log_settings` could not be found in registry index.
Evaluating 'gmp-mpfr-sys' ...
  got v1.7.1
  has 1 dependencies
Evaluating 'winutil' ...
  got v0.1.1
  has 0 dependencies
Evaluating 'clap-cargo' ...
  got v0.18.3
  has 15 dependencies
Evaluating 'android_glue' ...
  got v0.2.3
  has 0 dependencies
Evaluating 'racer-interner' ...
  got v0.1.0
  has 2 dependencies
Evaluating 'deadpool-runtime' ...
  got v0.3.1
  has 0 dependencies
Evaluating 'clipboard' ...
  got v0.5.0
  has 6 dependencies
Evaluating 'assert_fs' ...
  got v1.1.3
  has 44 dependencies
Evaluating 'racer-cargo-metadata' ...
  got v0.1.2
  has 18 dependencies
Evaluating 'sctk-adwaita' ...
  got v0.11.0
  has 89 dependencies
Evaluating 'awc' ...
  got v3.8.2
  has 222 dependencies
Evaluating 'diesel' ...
  got v2.3.8
  has 30 dependencies
Evaluating 'path-dedot' ...
  got v3.1.1
  has 1 dependencies
Evaluating 'test-case-core' ...
  got v3.3.1
  has 9 dependencies
Evaluating 'roxmltree' ...
  got v0.21.1
  has 1 dependencies
Evaluating 'text-size' ...
  got v1.1.1
  has 0 dependencies
Evaluating 'diesel_derives' ...
  got v2.3.8
  has 28 dependencies
Evaluating 'wit-parser' ...
  got v0.247.0
  has 30 dependencies
Evaluating 'xshell-macros' ...
  got v0.2.7
  has 0 dependencies
Evaluating 'xshell' ...
  got v0.2.7
  has 1 dependencies
Evaluating 'tree-sitter-json' ...
  got v0.24.8
  has 5 dependencies
Evaluating 'rug' ...
  got v1.30.0
  has 5 dependencies
Evaluating 'freetype-rs' ...
  got v0.38.0
  has 14 dependencies
Evaluating 'rustc-ap-rustc_parse' ...
  got v727.0.0
  has 203 dependencies
Evaluating 'self_update' ...
  got v0.44.0
  has 266 dependencies
Evaluating 'human-panic' ...
  got v2.0.8
  has 44 dependencies
Evaluating 'rustc-ap-rustc_ast_pretty' ...
  got v727.0.0
  has 148 dependencies
Evaluating 'hyper-multipart-rfc7578' ...
  got v0.9.0
  has 50 dependencies
Evaluating 'nohash-hasher' ...
  got v0.2.0
  has 0 dependencies
Evaluating 'plotters-bitmap' ...
  got v0.3.7
  has 24 dependencies
Evaluating 'tera' ...
  got v1.20.1
  has 108 dependencies
Evaluating 'slug' ...
  got v0.1.6
  has 1 dependencies
Evaluating 'common-multipart-rfc7578' ...
  got v0.7.0
  has 38 dependencies
Evaluating 'rustc-ap-rustc_session' ...
  got v727.0.0
  has 187 dependencies
Evaluating 'rustc-ap-rustc_feature' ...
  got v727.0.0
  has 137 dependencies
Evaluating 'rustc-ap-rustc_fs_util' ...
  got v727.0.0
  has 0 dependencies
Evaluating 'chacha20' ...
  got v0.10.0
  has 10 dependencies
Evaluating 'unescape' ...
  got v0.1.0
  has 0 dependencies
Evaluating 'x25519-dalek' ...
  got v2.0.1
  has 23 dependencies
Evaluating 'rustc-ap-rustc_ast' ...
  got v727.0.0
  has 145 dependencies
Evaluating 'rowan' ...
  got v0.16.1
  has 4 dependencies
Evaluating 'mdbook-linkcheck' ...
  got v0.7.7
  has 433 dependencies
Evaluating 'protobuf-codegen-pure' ...
  got v2.28.0
  has 3 dependencies
Evaluating 'rustc-ap-rustc_span' ...
  got v727.0.0
  has 135 dependencies
Evaluating 'command-group' ...
  got v5.0.1
  has 4 dependencies
Evaluating 'chacha20poly1305' ...
  got v0.10.1
  has 28 dependencies
Evaluating 'attohttpc' ...
  got v0.30.1
  has 108 dependencies
Evaluating 'qoi' ...
  got v0.4.1
  has 1 dependencies
Evaluating 'cookie-factory' ...
  got v0.3.3
  has 30 dependencies
Evaluating 'lexical-parse-float' ...
  got v1.0.6
  has 3 dependencies
Evaluating 'enumn' ...
  got v0.1.14
  has 8 dependencies
Evaluating 'salsa20' ...
  got v0.11.0
  has 9 dependencies
Evaluating 'walrus' ...
  got v0.26.1
  has 32 dependencies
Evaluating 'crc16' ...
  got v0.4.0
  has 0 dependencies
Evaluating 'cargo-tree' ...
  got v0.29.0
  has 58 dependencies
Evaluating 'countme' ...
  got v3.0.1
  has 0 dependencies
Evaluating 'hyperlocal' ...
  got v0.9.1
  has 55 dependencies
Evaluating 'bollard-stubs' ...
  got v1.41.0
  has 38 dependencies
Evaluating 'lexical-util' ...
  got v1.0.7
  has 0 dependencies
Evaluating 'qstring' ...
  got v0.7.2
  has 1 dependencies
Evaluating 'rustyline-derive' ...
  got v0.12.0
  has 8 dependencies
Evaluating 'temp-env' ...
  got v0.3.6
  has 7 dependencies
Evaluating 'walrus-macro' ...
  got v0.26.0
  has 9 dependencies
Evaluating 'proptest-derive' ...
  got v0.8.0
  has 8 dependencies
Evaluating 'tikv-jemalloc-ctl' ...
  got v0.6.1
  has 8 dependencies
Evaluating 'bollard' ...
  got v0.20.2
  has 183 dependencies
Evaluating 'lexical-parse-integer' ...
  got v1.0.6
  has 1 dependencies
Evaluating 'wee_alloc' ...
  got v0.4.5
  has 3 dependencies
Evaluating 'futures-rustls' ...
  got v0.26.0
  has 27 dependencies
Evaluating 'ci_info' ...
  got v0.14.15
  has 6 dependencies
Evaluating 'one' ...
  got v0.1.0
  has 0 dependencies
Evaluating 'pq-sys' ...
  got v0.7.5
  has 3 dependencies
Evaluating 'backtrace-ext' ...
  got v0.2.1
  has 10 dependencies
Evaluating 'managed' ...
  got v0.8.0
  has 0 dependencies
Evaluating 'x86' ...
  got v0.52.0
  has 4 dependencies
Evaluating 'parity-wasm' ...
  got v0.45.0
  has 0 dependencies
Evaluating 'pledge' ...
  got v0.4.2
  has 1 dependencies
Evaluating 'always-assert' ...
  got v0.2.0
  has 0 dependencies
Evaluating 'futures-locks' ...
  got v0.7.1
  has 5 dependencies
Evaluating 'overrider_build' ...
  got v0.7.0
  has 7 dependencies
Evaluating 'test-log' ...
  got v0.2.20
  has 24 dependencies
Evaluating 'sendfd' ...
  got v0.4.4
  has 1 dependencies
Evaluating 'objc_exception' ...
  got v0.1.2
  has 4 dependencies
Evaluating 'rustc-ap-arena' ...
  got v662.0.0
  has 86 dependencies
Evaluating 'rustc-ap-rustc_serialize' ...
  got v727.0.0
  has 5 dependencies
Evaluating 'rustc-ap-rustc_arena' ...
  got v727.0.0
  has 105 dependencies
Evaluating 'rustc-ap-rustc_graphviz' ...
  got v727.0.0
  has 0 dependencies
Evaluating 'proc_use' ...
  got v0.2.1
  has 3 dependencies
Evaluating 'speculate' ...
  got v0.1.2
  has 9 dependencies
Evaluating 'lz4' ...
  got v1.28.1
  has 6 dependencies
Evaluating 'protoc' ...
  got v2.28.0
  has 7 dependencies
Evaluating 'lindera-dictionary' ...
  got v3.0.7
  has 104 dependencies
Evaluating 'primeorder' ...
  got v0.13.6
  has 30 dependencies
Evaluating 'libsodium-sys' ...
  got v0.2.7
  has 8 dependencies
Evaluating 'tokio-tar' ...
  got v0.3.1
  has 16 dependencies
Evaluating 'glutin_emscripten_sys' ...
  got v0.1.1
  has 0 dependencies
Evaluating 'lindera-core' ...
  got v0.33.0
  has 177 dependencies
Evaluating 'wasmprinter' ...
  got v0.247.0
  has 5 dependencies
Evaluating 'overrider' ...
  got v0.7.0
  has 8 dependencies
Evaluating 'jieba-rs' ...
  got v0.9.0
  has 66 dependencies
Evaluating 'rustc-ap-serialize' ...
  got v662.0.0
  has 5 dependencies
Evaluating 'windows-implement' ...
  got v0.60.2
  has 8 dependencies
Evaluating 'treediff' ...
  got v5.0.0
  has 0 dependencies
Evaluating 'rustc-ap-graphviz' ...
  got v662.0.0
  has 0 dependencies
Evaluating 'cedarwood' ...
  got v0.4.6
  has 1 dependencies
Evaluating 'timer' ...
  got v0.2.0
  has 5 dependencies
Evaluating 'async-h1' ...
  got v2.3.4
  has 219 dependencies
Evaluating 'json-patch' ...
  got v4.1.0
  has 24 dependencies
Evaluating 'envmnt' ...
  got v0.10.4
  has 5 dependencies
Evaluating 'sqlx-rt' ...
  got v0.6.3
  has 0 dependencies
Evaluating 'copyless' ...
  got v0.1.5
  has 0 dependencies
Evaluating 'gdbstub' ...
  got v0.7.10
  has 8 dependencies
Evaluating 'data-encoding-macro-internal' ...
  got v0.1.18
  has 5 dependencies
Evaluating 'actix-testing' ...
  got v1.0.1
  has 129 dependencies
Evaluating 'data-encoding-macro' ...
  got v0.1.20
  has 7 dependencies
Evaluating 'wiremock' ...
  got v0.6.5
  has 194 dependencies
Evaluating 'aligned' ...
  got v0.4.3
  has 2 dependencies
Evaluating 'wide' ...
  got v1.3.0
  has 3 dependencies
Evaluating 'fsio' ...
  got v0.4.1
  has 0 dependencies
Evaluating 'kuchiki' ...
  got v0.8.1
  has 113 dependencies
Evaluating 'async-dup' ...
  got v1.2.4
  has 11 dependencies
Evaluating 'yeslogic-fontconfig-sys' ...
  got v6.0.0
  has 6 dependencies
Evaluating 'log4rs' ...
  got v1.4.0
  has 79 dependencies
Evaluating 'simplecss' ...
  got v0.2.2
  has 1 dependencies
Evaluating 'any_ascii' ...
  got v0.3.3
  has 0 dependencies
Evaluating 'pnet_macros' ...
  got v0.35.0
  has 17 dependencies
Evaluating 'grep-searcher' ...
  got v0.1.16
  has 12 dependencies
Evaluating 'libsecp256k1' ...
  got v0.7.2
  has 57 dependencies
Evaluating 'libmount' ...
  got v0.1.15
  has 7 dependencies
Evaluating 'async-tls' ...
  got v0.13.0
  has 26 dependencies
Evaluating 'actix-threadpool' ...
  got v0.3.3
  has 31 dependencies
Evaluating 'actix-connect' ...
  got v2.0.0
  has 250 dependencies
Evaluating 'simple-mutex' ...
  got v1.1.5
  has 1 dependencies
Evaluating 'log-mdc' ...
  got v0.1.0
  has 0 dependencies
Evaluating 'ordered-stream' ...
  got v0.2.0
  has 2 dependencies
Evaluating 'async-broadcast' ...
  got v0.7.2
  has 10 dependencies
Evaluating 'grep-regex' ...
  got v0.1.14
  has 12 dependencies
Evaluating 'sodiumoxide' ...
  got v0.2.7
  has 14 dependencies
Evaluating 'pnet_macros_support' ...
  got v0.35.0
  has 2 dependencies
Evaluating 'grep-matcher' ...
  got v0.1.8
  has 1 dependencies
Evaluating 'zbus_names' ...
  got v4.3.2
  has 42 dependencies
Evaluating 'tuikit' ...
  got v0.5.0
  has 13 dependencies
Evaluating 'rewrk' ...
  got v0.3.2
  has 151 dependencies
Evaluating 'asynchronous-codec' ...
  got v0.7.0
  has 20 dependencies
Evaluating 'hmac-drbg' ...
  got v0.3.0
  has 11 dependencies
Evaluating 'hypervisor' ...
  got v0.0.8
  has 1 dependencies
Evaluating 'rustc-ap-syntax' ...
  got v645.0.0
  has 92 dependencies
Evaluating 'configparser' ...
  got v3.1.0
  has 0 dependencies
Evaluating 'chalk-macros' ...
  got v0.10.0
  has 1 dependencies
Evaluating 'imara-diff' ...
  got v0.2.0
  has 3 dependencies
Evaluating 'wasmtime-runtime' ...
  got v20.0.2
  has 71 dependencies
Evaluating 'send_wrapper' ...
  got v0.6.0
  has 0 dependencies
Evaluating 'intrusive-collections' ...
  got v0.10.0
  has 3 dependencies
Evaluating 'rustc-ap-syntax_pos' ...
  got v634.0.0
  has 84 dependencies
Evaluating 'wasmtime-jit' ...
  got v17.0.3
  has 97 dependencies
Evaluating 'hyperx' ...
  got v1.4.0
  has 13 dependencies
Evaluating 'nias' ...
  got v0.7.0
  has 0 dependencies
Evaluating 'pulldown-cmark-to-cmark' ...
  got v22.0.0
  has 4 dependencies
Evaluating 'cfb' ...
  got v0.14.0
  has 3 dependencies
Evaluating 'multihash' ...
  got v0.19.5
  has 1 dependencies
Evaluating 'ddcommon' ...
  got v0.0.0
  has 0 dependencies
Evaluating 'wasmtime' ...
  got v44.0.0
  has 365 dependencies
Evaluating 'cranelift-wasm' ...
  got v0.112.3
  has 72 dependencies
Evaluating 'rusty-hook' ...
  got v0.11.2
  has 17 dependencies
Evaluating 'lexical-sort' ...
  got v0.3.1
  has 1 dependencies
Evaluating 'datadog-profiling' ...
  got v0.1.0
  has 0 dependencies
Evaluating 'wasmtime-cranelift' ...
  got v34.0.2
  has 117 dependencies
Evaluating 'vhost' ...
  got v0.16.0
  has 29 dependencies
Evaluating 'wasmtime-environ' ...
  got v44.0.0
  has 65 dependencies
Evaluating 'skim' ...
  got v4.6.1
  has 382 dependencies
Evaluating 'libsecp256k1-gen-genmult' ...
  got v0.3.0
  has 8 dependencies
Evaluating 'wit-text' ...
  got v0.8.0
  has 6 dependencies
Evaluating 'gdk-pixbuf-sys' ...
  got v0.22.0
  has 30 dependencies
Evaluating 'simple-logging' ...
  got v2.0.2
  has 4 dependencies
Evaluating 'scale-info-derive' ...
  got v2.11.6
  has 17 dependencies
Evaluating 'devices' ...
  got v0.5.0
  has 33 dependencies
Evaluating 'wasm-bindgen-externref-xform' ...
  got v0.2.100
  has 49 dependencies
Evaluating 'wasm-bindgen-multi-value-xform' ...
  got v0.2.100
  has 49 dependencies
Evaluating 'data-url' ...
  got v0.3.2
  has 0 dependencies
Evaluating 'wit-schema-version' ...
  got v0.1.0
  has 0 dependencies
Evaluating 'libsecp256k1-gen-ecmult' ...
  got v0.3.0
  has 8 dependencies
Evaluating 'cairo-rs' ...
  got v0.22.0
  has 43 dependencies
Evaluating 'utf8-width' ...
  got v0.1.8
  has 0 dependencies
Evaluating 'multibase' ...
  got v0.9.2
  has 18 dependencies
Evaluating 'libsecp256k1-core' ...
  got v0.3.0
  has 7 dependencies
Evaluating 'wit-walrus' ...
  got v0.6.0
  has 27 dependencies
Evaluating 'wit-writer' ...
  got v0.2.0
  has 2 dependencies
Evaluating 'cairo-sys-rs' ...
  got v0.22.0
  has 15 dependencies
Evaluating 'arch' ...
  got v0.5.0
  has 60 dependencies
Evaluating 'multihash-derive' ...
  got v0.9.3
  has 24 dependencies
Evaluating 'block-modes' ...
  got v0.9.1
  has 0 dependencies
Evaluating 'wasm-bindgen-wasm-conventions' ...
  got v0.2.100
  has 46 dependencies
Evaluating 'ed25519-zebra' ...
  got v4.2.0
  has 50 dependencies
Evaluating 'cpal' ...
  got v0.17.3
  has 10 dependencies
Evaluating 'wit-validator' ...
  got v0.2.1
  has 7 dependencies
Evaluating 'asn1_derive' ...
  got v0.24.1
  has 8 dependencies
Evaluating 'migrations_internals' ...
  got v2.3.0
  has 20 dependencies
Evaluating 'migrations_macros' ...
  got v2.3.0
  has 23 dependencies
Evaluating 'alsa' ...
  got v0.11.0
  has 7 dependencies
Evaluating 'asn1' ...
  got v0.24.1
  has 10 dependencies
Evaluating 'pango-sys' ...
  got v0.22.0
  has 24 dependencies
Evaluating 'wasm-bindgen-cli-support' ...
  got v0.2.120
  has 60 dependencies
Evaluating 'remain' ...
  got v0.2.15
  has 8 dependencies
Evaluating 'wasm-bindgen-threads-xform' ...
  got v0.2.100
  has 49 dependencies
Evaluating 'alsa-sys' ...
  got v0.4.0
  has 3 dependencies
Evaluating 'gdbstub_arch' ...
  got v0.3.3
  has 10 dependencies
Evaluating 'wasm-bindgen-wasm-interpreter' ...
  got v0.2.100
  has 50 dependencies
Evaluating 'tracing-test' ...
  got v0.2.6
  has 30 dependencies
Evaluating 'gdk-pixbuf' ...
  got v0.22.0
  has 76 dependencies
Evaluating 'sptr' ...
  got v0.3.2
  has 0 dependencies
Evaluating 'diesel_migrations' ...
  got v2.3.2
  has 51 dependencies
Evaluating 'scale-info' ...
  got v2.11.6
  has 42 dependencies
Evaluating 'fraction' ...
  got v0.15.4
  has 21 dependencies
Evaluating 'tracing-test-macro' ...
  got v0.2.6
  has 7 dependencies
Evaluating 'pango' ...
  got v0.22.6
  has 75 dependencies
Evaluating 'lindera-ipadic' ...
  got v3.0.7
  has 354 dependencies
Evaluating 'tauri-winrt-notification' ...
  got v0.7.2
  has 40 dependencies
Evaluating 'io-close' ...
  got v0.3.7
  has 1 dependencies
Evaluating 'acpi_tables' ...
  got v0.2.1
  has 10 dependencies
Evaluating 'gtk3-macros' ...
  got v0.18.2
  has 29 dependencies
Evaluating 'oboe' ...
  got v0.6.1
  has 20 dependencies
Evaluating 'mint' ...
  got v0.5.9
  has 0 dependencies
Evaluating 'gix-traverse' ...
  got v0.57.0
  has 81 dependencies
Evaluating 'pnet_transport' ...
  got v0.35.0
  has 29 dependencies
Evaluating 'papergrid' ...
  got v0.17.0
  has 3 dependencies
Evaluating 'gix-refspec' ...
  got v0.41.0
  has 96 dependencies
Evaluating 'gix-attributes' ...
  got v0.33.0
  has 40 dependencies
Evaluating 'chia-bls' ...
  got v0.42.0
  has 58 dependencies
Evaluating 'gix-prompt' ...
  got v0.15.0
  has 47 dependencies
Evaluating 'argparse' ...
  got v0.2.2
  has 0 dependencies
Evaluating 'atk' ...
  got v0.18.2
  has 97 dependencies
Evaluating 'soketto' ...
  got v0.8.1
  has 43 dependencies
Evaluating 'atk-sys' ...
  got v0.18.2
  has 33 dependencies
Evaluating 'gix-index' ...
  got v0.51.0
  has 133 dependencies
Evaluating 'proc-quote' ...
  got v0.4.0
  has 13 dependencies
Evaluating 'bls12_381_plus' ...
  got v0.8.18
  has 58 dependencies
Evaluating 'gix-credentials' ...
  got v0.38.0
  has 68 dependencies
Evaluating 'gix-command' ...
  got v0.9.0
  has 29 dependencies
Evaluating 'gix-worktree' ...
  got v0.52.0
  has 165 dependencies
Evaluating 'gix-discover' ...
  got v0.51.0
  has 106 dependencies
Evaluating 'gix-hashtable' ...
  got v0.15.0
  has 29 dependencies
Evaluating 'gix-pack' ...
  got v0.70.0
  has 126 dependencies
Evaluating 'gix-bitmap' ...
  got v0.3.1
  has 3 dependencies
Evaluating 'gix-quote' ...
  got v0.7.1
  has 9 dependencies
Evaluating 'gix-diff' ...
  got v0.63.0
  has 225 dependencies
Evaluating 'gdk' ...
  got v0.18.2
  has 148 dependencies
Evaluating 'gix-odb' ...
  got v0.80.0
  has 110 dependencies
Evaluating 'gtk' ...
  got v0.18.2
  has 197 dependencies
Evaluating 'paths' ...
  got v0.0.0
  has 0 dependencies
Evaluating 'rustc-ap-rustc_lint_defs' ...
  got v727.0.0
  has 158 dependencies
Evaluating 'tabled' ...
  got v0.20.0
  has 23 dependencies
Evaluating 'pyo3-derive-backend' ...
  got v0.12.5
  has 8 dependencies
Evaluating 'pure-rust-locales' ...
  got v0.8.2
  has 0 dependencies
Evaluating 'pyo3cls' ...
  got v0.12.5
  has 11 dependencies
Evaluating 'fuse' ...
  got v0.3.1
  has 8 dependencies
Evaluating 'gdk-sys' ...
  got v0.18.2
  has 57 dependencies
Evaluating 'pnet' ...
  got v0.35.0
  has 41 dependencies
Evaluating 'gtk3-macros' ...
  got v0.18.2
  has 29 dependencies
Evaluating 'tokio-graceful-shutdown' ...
  got v0.19.3
  has 47 dependencies
Evaluating 'clvm-utils' ...
  got v0.42.0
  has 217 dependencies
Evaluating 'chia_streamable_macro' ...
  got v0.42.0
  has 16 dependencies
Evaluating 'proc-quote-impl' ...
  got v0.3.2
  has 5 dependencies
Evaluating 'coreaudio-rs' ...
  got v0.14.1
  has 21 dependencies
Evaluating 'bls12_381_plus' ...
  got v0.8.18
  has 58 dependencies
Evaluating 'coreaudio-sys' ...
  got v0.2.17
  has 30 dependencies
Evaluating 'mint' ...
  got v0.5.9
  has 0 dependencies
Evaluating 'log-panics' ...
  got v2.1.0
  has 1 dependencies
Evaluating 'gtk-sys' ...
  got v0.18.2
  has 73 dependencies
Evaluating 'gitignore' ...
  got v1.0.8
  has 1 dependencies
Evaluating 'soketto' ...
  got v0.8.1
  has 43 dependencies
Evaluating 'pnet_transport' ...
  got v0.35.0
  has 29 dependencies
Evaluating 'tokio-retry' ...
  got v0.3.1
  has 13 dependencies
Evaluating 'lscolors' ...
  got v0.21.0
  has 3 dependencies
Evaluating 'serde-hjson' ...
  got v1.1.0
  has 17 dependencies
Evaluating 'oboe-sys' ...
  got v0.6.1
  has 7 dependencies
Evaluating 'chia-protocol' ...
  got v0.42.0
  has 258 dependencies
Evaluating 'gdk' ...
  got v0.18.2
  has 148 dependencies
Evaluating 'unsafe-any-ors' ...
  got v1.0.0
  has 1 dependencies
Evaluating 'typemap-ors' ...
  got v1.0.0
  has 2 dependencies
Evaluating 'ogg' ...
  got v0.9.2
  has 1 dependencies
Evaluating 'lexical-write-float' ...
  got v1.0.6
  has 3 dependencies
Evaluating 'lexical-write-integer' ...
  got v1.0.6
  has 1 dependencies
Evaluating 'ico' ...
  got v0.5.0
  has 13 dependencies
Evaluating 'quick-junit' ...
  got v0.6.0
  has 25 dependencies
Evaluating 'owned_ttf_parser' ...
  got v0.25.1
  has 1 dependencies
Evaluating 'block-cipher-trait' ...
  ! crate not resolved: error: the crate `block-cipher-trait` could not be found in registry index.
Evaluating 'ab_glyph_rasterizer' ...
  got v0.1.10
  has 0 dependencies
Evaluating 'natord' ...
  got v1.0.9
  has 0 dependencies
Evaluating 'bson' ...
  got v3.1.0
  has 55 dependencies
Evaluating 'path-absolutize' ...
  got v3.1.1
  has 2 dependencies
Evaluating 'destructure_traitobject' ...
  got v0.3.0
  has 0 dependencies
Evaluating 'fork' ...
  got v0.7.0
  has 1 dependencies
Evaluating 'hound' ...
  got v3.5.1
  has 0 dependencies
Evaluating 'lzw' ...
  got v0.10.0
  has 0 dependencies
Evaluating 'zvariant_utils' ...
  got v3.3.1
  has 20 dependencies
Evaluating 'lewton' ...
  got v0.10.2
  has 5 dependencies
Evaluating 'pcre2' ...
  got v0.2.11
  has 12 dependencies
Evaluating 'path-slash' ...
  got v0.2.1
  has 0 dependencies
Evaluating 'p256' ...
  got v0.13.2
  has 67 dependencies
Evaluating 'pcre2-sys' ...
  got v0.2.10
  has 9 dependencies
Evaluating 'iso8601' ...
  got v0.6.3
  has 2 dependencies
Evaluating 'la-arena' ...
  got v0.3.1
  has 0 dependencies
Evaluating 'wasm-timer' ...
  got v0.2.5
  has 41 dependencies
Evaluating 'blowfish' ...
  got v0.10.0
  has 7 dependencies
Evaluating 'rodio' ...
  got v0.22.2
  has 99 dependencies
Evaluating 'prettydiff' ...
  got v0.9.0
  has 12 dependencies
Evaluating 'jsonschema' ...
  got v0.46.2
  has 329 dependencies
Evaluating 'webbrowser' ...
  got v1.2.1
  has 75 dependencies
Evaluating 'serialize-to-javascript-impl' ...
  got v0.1.2
  has 8 dependencies
Evaluating 'array-init' ...
  got v2.1.0
  has 0 dependencies
Evaluating 'gix-packetline' ...
  got v0.21.3
  has 18 dependencies
Evaluating 'gix-protocol' ...
  got v0.61.0
  has 143 dependencies
Evaluating 'gix-utils' ...
  got v0.3.2
  has 4 dependencies
Evaluating 'gix-fs' ...
  got v0.21.0
  has 29 dependencies
Evaluating 'faccess' ...
  got v0.2.4
  has 2 dependencies
Evaluating 'byte-unit' ...
  got v5.2.0
  has 6 dependencies
Evaluating 'gix-transport' ...
  got v0.57.0
  has 53 dependencies
Evaluating 'javascriptcore-rs' ...
  got v1.1.2
  has 97 dependencies
Evaluating 'antidote' ...
  got v1.0.0
  has 0 dependencies
Evaluating 'py-sr25519-bindings' ...
  got v0.1.2
  has 114 dependencies
Evaluating 'bytes-utils' ...
  got v0.1.4
  has 2 dependencies
Evaluating 'tide' ...
  got v0.16.0
  has 413 dependencies
Evaluating 'vswhom' ...
  got v0.1.0
  has 2 dependencies
Evaluating 'webkit2gtk-sys' ...
  got v2.0.2
  has 97 dependencies
Evaluating 'vswhom-sys' ...
  got v0.1.3
  has 1 dependencies
Evaluating 'assert_cli' ...
  got v0.6.3
  has 37 dependencies
Evaluating 'enum_primitive' ...
  got v0.1.1
  has 4 dependencies
Evaluating 'lodepng' ...
  got v3.12.2
  has 7 dependencies
Evaluating 'exitfailure' ...
  got v0.5.1
  has 25 dependencies
Evaluating 'tauri-utils' ...
  got v2.8.3
  has 187 dependencies
Evaluating 'serialize-to-javascript' ...
  got v0.1.2
  has 20 dependencies
Evaluating 'palette_derive' ...
  got v0.7.6
  has 9 dependencies
Evaluating 'hexf-parse' ...
  got v0.2.1
  has 0 dependencies
Evaluating 'flaky_test' ...
  got v0.2.2
  has 14 dependencies
Evaluating 'git-version-macro' ...
  got v0.3.9
  has 8 dependencies
Evaluating 'kurbo' ...
  got v0.13.0
  has 2 dependencies
Evaluating 'actix_derive' ...
  got v0.6.2
  has 8 dependencies
Evaluating 'levenshtein' ...
  got v1.0.5
  has 0 dependencies
Evaluating 'palette' ...
  got v0.7.6
  has 27 dependencies
Evaluating 'winres' ...
  got v0.1.12
  has 3 dependencies
Evaluating 'linked_hash_set' ...
  got v0.1.6
  has 1 dependencies
Evaluating 'num-cmp' ...
  got v0.1.0
  has 0 dependencies
Evaluating 'git-version' ...
  got v0.3.9
  has 9 dependencies
Evaluating 'tarpc' ...
  got v0.37.0
  has 109 dependencies
Evaluating 'tarpc-plugins' ...
  got v0.14.1
  has 8 dependencies
Evaluating 'actix' ...
  got v0.13.5
  has 56 dependencies
Evaluating 'javascriptcore-rs-sys' ...
  got v1.1.1
  has 33 dependencies
Evaluating 'async-sse' ...
  got v5.1.0
  has 134 dependencies
Evaluating 'iai' ...
  got v0.1.1
  has 0 dependencies
Evaluating 'query_map' ...
  got v0.7.0
  has 0 dependencies
Evaluating 'webkit2gtk' ...
  got v2.0.2
  has 245 dependencies
Evaluating 'glibc_version' ...
  got v0.1.2
  has 9 dependencies
Evaluating 'cfg_aliases' ...
  got v0.2.1
  has 0 dependencies
Evaluating 'pharos' ...
  got v0.5.3
  has 20 dependencies
Evaluating 'rctree' ...
  got v0.6.0
  has 0 dependencies
Evaluating 'xflags' ...
  got v0.3.2
  has 1 dependencies
Evaluating 'multiaddr' ...
  got v0.18.2
  has 130 dependencies
Evaluating 'snow' ...
  got v0.10.0
  has 84 dependencies
Evaluating 'find-crate' ...
  got v0.7.1
  has 9 dependencies
Evaluating 'aws-smithy-query' ...
  got v0.60.15
  has 43 dependencies
Evaluating 'aws-types' ...
  got v1.3.15
  has 85 dependencies
Evaluating 'aws-config' ...
  got v1.8.16
  has 424 dependencies
Evaluating 'aws-smithy-json' ...
  got v0.62.5
  has 25 dependencies
Evaluating 'aws-smithy-client' ...
  got v0.60.3
  has 0 dependencies
Evaluating 'aws-smithy-http-tower' ...
  got v0.60.3
  has 0 dependencies
Evaluating 'aws-smithy-http' ...
  got v0.63.6
  has 85 dependencies
Evaluating 'aws-http' ...
  got v0.60.6
  has 162 dependencies
Evaluating 'aws-smithy-xml' ...
  got v0.60.15
  has 1 dependencies
Evaluating 'aws-smithy-async' ...
  got v1.2.14
  has 7 dependencies
Evaluating 'aws-smithy-types' ...
  got v1.4.7
  has 24 dependencies
Evaluating 'metadeps' ...
  got v1.1.2
  has 3 dependencies
Evaluating 'wasmtime-jit-debug' ...
  got v34.0.2
  has 14 dependencies
Evaluating 'xmas-elf' ...
  got v0.10.0
  has 1 dependencies
Evaluating 'gstreamer' ...
  got v0.25.1
  has 93 dependencies
Evaluating 'aws-sdk-sso' ...
  got v1.98.0
  has 345 dependencies
Evaluating 'jsonrpsee-core' ...
  got v0.26.0
  has 40 dependencies
Evaluating 'embed-resource' ...
  got v3.0.9
  has 16 dependencies
Evaluating 'nextest-workspace-hack' ...
  got v0.1.0
  has 0 dependencies
Evaluating 'muldiv' ...
  got v1.0.1
  has 0 dependencies
Evaluating 'slog-async' ...
  got v2.8.0
  has 12 dependencies
Evaluating 'names' ...
  got v0.14.0
  has 45 dependencies
Evaluating 'hyper-old-types' ...
  got v0.11.0
  has 15 dependencies
Evaluating 'aws-sigv4' ...
  got v1.4.3
  has 117 dependencies
Evaluating 'aws-sdk-sts' ...
  got v1.103.0
  has 415 dependencies
Evaluating 'async-session' ...
  got v3.0.0
  has 72 dependencies
Evaluating 'scrypt' ...
  got v0.12.0
  has 23 dependencies
Evaluating 'gstreamer-sys' ...
  got v0.25.0
  has 25 dependencies
Evaluating 'custom_derive' ...
  got v0.1.7
  has 0 dependencies
Evaluating 'zero' ...
  got v0.1.3
  has 0 dependencies
Evaluating 'xflags-macros' ...
  got v0.3.2
  has 0 dependencies
Evaluating 'android_log-sys' ...
  got v0.3.2
  has 0 dependencies
Evaluating 'slog-term' ...
  got v2.9.2
  has 27 dependencies
Evaluating 'jsonrpsee-types' ...
  got v0.26.0
  has 24 dependencies
Evaluating 'crc32c' ...
  got v0.6.8
  has 3 dependencies
Evaluating 'file-per-thread-logger' ...
  got v0.2.0
  has 16 dependencies
Evaluating 'wasmtime-cache' ...
  got v34.0.2
  has 68 dependencies
Evaluating 'if-addrs' ...
  got v0.15.0
  has 1 dependencies
Evaluating 'ungrammar' ...
  got v1.16.1
  has 0 dependencies
Evaluating 'wasmtime-types' ...
  got v25.0.3
  has 34 dependencies
Evaluating 'netlink-sys' ...
  got v0.8.8
  has 3 dependencies
Evaluating 'option-operations' ...
  got v0.6.1
  has 1 dependencies
Evaluating 'ab_glyph' ...
  got v0.2.32
  has 3 dependencies
Evaluating 'tauri-runtime-wry' ...
  got v2.10.1
  has 529 dependencies
Evaluating 'claxon' ...
  got v0.4.3
  has 0 dependencies
Evaluating 'clap_complete_fig' ...
  got v4.5.2
  has 6 dependencies
Evaluating 'cid' ...
  got v0.11.3
  has 22 dependencies
Evaluating 'aws-sig-auth' ...
  got v0.60.3
  has 0 dependencies
Evaluating 'aws-endpoint' ...
  got v0.60.3
  has 0 dependencies
Evaluating 'reshape' ...
  got v0.9.1
  has 289 dependencies
Evaluating 'tauri' ...
  got v2.10.3
  has 841 dependencies
Evaluating 'soup2-sys' ...
  got v0.2.0
  has 48 dependencies
Evaluating 'gdkx11-sys' ...
  got v0.18.2
  has 66 dependencies
Evaluating 'async_io_stream' ...
  got v0.3.3
  has 33 dependencies
Evaluating 'colorous' ...
  got v1.0.16
  has 0 dependencies
Evaluating 'tao' ...
  got v0.35.0
  has 317 dependencies
Evaluating 'minimp3' ...
  got v0.6.1
  has 17 dependencies
Evaluating 'netlink-packet-utils' ...
  got v0.6.0
  has 12 dependencies
Evaluating 'portpicker' ...
  got v0.1.1
  has 10 dependencies
Evaluating 'mongodb' ...
  got v3.6.0
  has 374 dependencies
Evaluating 'netlink-packet-route' ...
  got v0.30.0
  has 5 dependencies
Evaluating 'hash-db' ...
  got v0.16.0
  has 0 dependencies
Evaluating 'xmlwriter' ...
  got v0.1.0
  has 0 dependencies
Evaluating 'webview2-com-sys' ...
  got v0.39.1
  has 37 dependencies
Evaluating 'jsonrpsee' ...
  got v0.26.0
  has 0 dependencies
Evaluating 'webview2-com' ...
  got v0.39.1
  has 44 dependencies
Evaluating 'generational-arena' ...
  got v0.2.9
  has 1 dependencies
Evaluating 'actix-cors' ...
  got v0.7.1
  has 231 dependencies
Evaluating 'unicode-normalization-alignments' ...
  got v0.1.12
  has 1 dependencies
Evaluating 'wry' ...
  got v0.55.0
  has 300 dependencies
Evaluating 'hex_fmt' ...
  got v0.3.0
  has 0 dependencies
Evaluating 'minimp3-sys' ...
  got v0.6.0
  has 4 dependencies
Evaluating 'common' ...
  got v0.1.0
  has 17 dependencies
Evaluating 'tauri-macros' ...
  got v2.5.5
  has 380 dependencies
Evaluating 'usvg' ...
  got v0.47.0
  has 58 dependencies
Evaluating 'symbolic_expressions' ...
  got v5.0.3
  has 0 dependencies
Evaluating 'hash256-std-hasher' ...
  got v0.15.2
  has 1 dependencies
Evaluating 'embed_plist' ...
  got v1.2.2
  has 0 dependencies
Evaluating 'zmq' ...
  got v0.10.0
  has 55 dependencies
Evaluating 'cobs' ...
  got v0.5.1
  has 14 dependencies
Evaluating 'htmlescape' ...
  got v0.3.1
  has 0 dependencies
Evaluating 'base64-simd' ...
  got v0.8.0
  has 2 dependencies
Evaluating 'tabular' ...
  got v0.2.0
  has 1 dependencies
Evaluating 'tls-api' ...
  got v0.12.0
  has 30 dependencies
Evaluating 'webview2-com-macros' ...
  got v0.8.1
  has 8 dependencies
Evaluating 'zmq-sys' ...
  got v0.12.0
  has 52 dependencies
Evaluating 'no-std-net' ...
  got v0.6.0
  has 0 dependencies
Evaluating 'outref' ...
  got v0.5.2
  has 0 dependencies
Evaluating 'tauri-runtime' ...
  got v2.10.1
  has 447 dependencies
Evaluating 'sled' ...
  got v0.34.7
  has 21 dependencies
Evaluating 'nom_locate' ...
  got v5.0.0
  has 4 dependencies
Evaluating 'slice-deque' ...
  got v0.3.0
  has 1 dependencies
Evaluating 'svgtypes' ...
  got v0.16.1
  has 4 dependencies
Evaluating 'soup2' ...
  got v0.2.1
  has 117 dependencies
Evaluating 'wasmtime-asm-macros' ...
  got v34.0.2
  has 1 dependencies
Evaluating 'gstreamer-base-sys' ...
  got v0.25.0
  has 31 dependencies
Evaluating 'resize' ...
  got v0.8.9
  has 9 dependencies
Evaluating 'tauri-build' ...
  got v2.5.6
  has 373 dependencies
Evaluating 'ethabi-cli' ...
  got v16.0.0
  has 136 dependencies
Evaluating 'tauri-codegen' ...
  got v2.5.5
  has 378 dependencies
Evaluating 'defer-drop' ...
  got v1.3.0
  has 3 dependencies
Evaluating 'netlink-packet-core' ...
  got v0.8.1
  has 1 dependencies
Evaluating 'aes-ctr' ...
  got v0.99.99
  has 0 dependencies
Evaluating 'lzma-rs' ...
  got v0.3.0
  has 3 dependencies
Evaluating 'yada' ...
  got v0.5.1
  has 0 dependencies
Evaluating 'thousands' ...
  got v0.2.0
  has 0 dependencies
Evaluating 'cosmwasm-std' ...
  got v3.0.5
  has 304 dependencies
Evaluating 'rustybuzz' ...
  got v0.20.1
  has 12 dependencies
Evaluating 'enum-map-derive' ...
  got v0.17.0
  has 8 dependencies
Evaluating 'aws-smithy-eventstream' ...
  got v0.60.20
  has 45 dependencies
Evaluating 'aws-smithy-checksums' ...
  got v0.64.7
  has 123 dependencies
Evaluating 'impls' ...
  got v1.0.3
  has 0 dependencies
Evaluating 'minimad' ...
  got v0.14.0
  has 1 dependencies
Evaluating 'rtnetlink' ...
  got v0.21.0
  has 74 dependencies
Evaluating 'lexical' ...
  got v7.0.5
  has 12 dependencies
Evaluating 'levenshtein_automata' ...
  got v0.2.1
  has 0 dependencies
Evaluating 'unicode-bidi-mirroring' ...
  got v0.4.0
  has 0 dependencies
Evaluating 'ethabi-contract' ...
  got v16.0.0
  has 0 dependencies
Evaluating 'anymap2' ...
  got v0.13.0
  has 0 dependencies
Evaluating 'unicorn-engine' ...
  got v2.1.5
  has 47 dependencies
Evaluating 'ohx' ...
  got v0.1.0
  has 48 dependencies
Evaluating 'prometheus-client' ...
  got v0.24.1
  has 18 dependencies
Evaluating 'itm' ...
  got v0.3.1
  has 54 dependencies
Evaluating 'nom-tracable-macros' ...
  got v0.9.1
  has 7 dependencies
Evaluating 'rfd' ...
  got v0.17.2
  has 39 dependencies
Evaluating 'environmental' ...
  got v1.1.4
  has 0 dependencies
Evaluating 'termimad' ...
  got v0.34.1
  has 95 dependencies
Evaluating 'rustc-demangle-capi' ...
  got v0.1.1
  has 1 dependencies
Evaluating 'aws-sdk-s3' ...
  got v1.131.0
  has 526 dependencies
Evaluating 'wasmi' ...
  got v1.0.9
  has 16 dependencies
Evaluating 'cov-mark' ...
  got v2.2.0
  has 0 dependencies
Evaluating 'resvg' ...
  got v0.47.0
  has 86 dependencies
Evaluating 'cosmwasm-crypto' ...
  got v3.0.5
  has 200 dependencies
Evaluating 'jsonrpc-tcp-server' ...
  got v18.0.0
  has 94 dependencies
Evaluating 'netlink-proto' ...
  got v0.12.0
  has 51 dependencies
Evaluating 'mp3-duration' ...
  got v0.1.10
  has 10 dependencies
Evaluating 'unicode-general-category' ...
  got v1.1.0
  has 0 dependencies
Evaluating 'esaxx-rs' ...
  got v0.1.10
  has 4 dependencies
Evaluating 'vec1' ...
  got v1.12.1
  has 0 dependencies
Evaluating 'lindera-ipadic-builder' ...
  got v0.32.3
  has 84 dependencies
Evaluating 'nom-tracable' ...
  got v0.9.1
  has 15 dependencies
Evaluating 'mmap' ...
  got v0.1.1
  has 5 dependencies
Evaluating 'cranelift-egraph' ...
  got v0.91.1
  has 17 dependencies
Evaluating 'diffus' ...
  got v0.10.0
  has 2 dependencies
Evaluating 'im' ...
  got v15.1.0
  has 11 dependencies
Evaluating 'slog-stdlog' ...
  got v4.1.1
  has 13 dependencies
Evaluating 'liboverdrop' ...
  got v0.1.0
  has 1 dependencies
Evaluating 'priority-queue' ...
  got v2.7.0
  has 4 dependencies
Evaluating 'cosmwasm-derive' ...
  got v3.0.5
  has 8 dependencies
Evaluating 'stream-cipher' ...
  got v0.99.99
  has 0 dependencies
Evaluating 'axum-server' ...
  got v0.8.0
  has 74 dependencies
Evaluating 'unicode-ccc' ...
  got v0.4.0
  has 0 dependencies
Evaluating 'ethabi-derive' ...
  got v16.0.0
  has 107 dependencies
Evaluating 'perfcnt' ...
  got v0.8.0
  has 47 dependencies
Evaluating 'serde-json-wasm' ...
  got v1.0.1
  has 2 dependencies
Evaluating 'fasteval' ...
  got v0.2.4
  has 0 dependencies
Evaluating 'slog-scope' ...
  got v4.4.1
  has 10 dependencies
Evaluating 'mysqlclient-sys' ...
  got v0.5.1
  has 3 dependencies
Evaluating 'enum-map' ...
  got v2.7.3
  has 9 dependencies
Evaluating 'zram-generator' ...
  got v1.2.1
  has 21 dependencies
Evaluating 'scraper' ...
  got v0.26.0
  has 79 dependencies
Evaluating 'sea-query' ...
  got v0.32.7
  has 30 dependencies
Evaluating 'atomic_refcell' ...
  got v0.1.14
  has 0 dependencies
Evaluating 'winapi-wsapoll' ...
  got v0.1.2
  has 0 dependencies
Evaluating 'x11rb-protocol' ...
  got v0.13.2
  has 0 dependencies
Evaluating 'yamux' ...
  got v0.13.10
  has 51 dependencies
Evaluating 'triomphe' ...
  got v0.1.15
  has 3 dependencies
Evaluating 'libp2p-metrics' ...
  got v0.17.0
  has 249 dependencies
Evaluating 'windows-core' ...
  got v0.62.2
  has 18 dependencies
Evaluating 'sanitize-filename' ...
  got v0.6.0
  has 4 dependencies
Evaluating 'smithay-clipboard' ...
  got v0.7.3
  has 97 dependencies
Evaluating 'if-watch' ...
  got v3.2.2
  has 74 dependencies
Evaluating 'dyn-clonable' ...
  got v0.9.2
  has 10 dependencies
Evaluating 'tree-sitter-ruby' ...
  got v0.23.1
  has 5 dependencies
Evaluating 'libp2p' ...
  got v0.56.0
  has 256 dependencies
Evaluating 'criterion-perf-events' ...
  got v0.4.0
  has 114 dependencies
Evaluating 'libp2p-dns' ...
  got v0.44.0
  has 286 dependencies
Evaluating 'libp2p-core' ...
  got v0.43.2
  has 221 dependencies
Evaluating 'atomicwrites' ...
  got v0.4.4
  has 12 dependencies
Evaluating 'libp2p-yamux' ...
  got v0.47.0
  has 250 dependencies
Evaluating 'libp2p-mdns' ...
  got v0.48.0
  has 320 dependencies
Evaluating 'libp2p-ping' ...
  got v0.47.0
  has 243 dependencies
Evaluating 'rw-stream-sink' ...
  got v0.4.0
  has 36 dependencies
Evaluating 'sp-arithmetic' ...
  got v28.0.1
  has 98 dependencies
Evaluating 'rusoto_credential' ...
  got v0.48.0
  has 96 dependencies
Evaluating 'uluru' ...
  got v3.1.0
  has 1 dependencies
Evaluating 'reqwest-eventsource' ...
  got v0.6.0
  has 190 dependencies
Evaluating 'postcard' ...
  got v1.1.3
  has 28 dependencies
Evaluating 'rusttype' ...
  got v0.9.3
  has 3 dependencies
Evaluating 'trie-root' ...
  got v0.18.0
  has 1 dependencies
Evaluating 'roff' ...
  got v1.1.1
  has 0 dependencies
Evaluating 'rlp-derive' ...
  got v0.2.0
  has 8 dependencies
Evaluating 'integer-sqrt' ...
  got v0.1.5
  has 3 dependencies
Evaluating 'byte-pool' ...
  got v0.2.4
  has 3 dependencies
Evaluating 'lindera-ko-dic-builder' ...
  got v0.32.3
  has 84 dependencies
Evaluating 'wildmatch' ...
  got v2.6.1
  has 0 dependencies
Evaluating 'caps' ...
  got v0.5.6
  has 1 dependencies
Evaluating 'lindera-cc-cedict-builder' ...
  got v0.32.3
  has 84 dependencies
Evaluating 'x11rb' ...
  got v0.13.2
  has 6 dependencies
Evaluating 'ego-tree' ...
  got v0.11.0
  has 0 dependencies
Evaluating 'rusoto_core' ...
  got v0.48.0
  has 204 dependencies
Evaluating 'urlparse' ...
  got v0.7.3
  has 0 dependencies
Evaluating 'manual_future' ...
  got v0.1.4
  has 5 dependencies
Evaluating 'async-std-resolver' ...
  got v0.24.4
  has 239 dependencies
Evaluating 'libp2p-swarm' ...
  got v0.47.1
  has 235 dependencies
Evaluating 'futures_codec' ...
  got v0.5.0
  has 20 dependencies
Evaluating 'libp2p-noise' ...
  got v0.46.1
  has 260 dependencies
Evaluating 'lindera-decompress' ...
  got v0.32.3
  has 18 dependencies
Evaluating 'wasm-instrument' ...
  got v0.4.0
  has 1 dependencies
Evaluating 'human_format' ...
  got v1.2.1
  has 0 dependencies
Evaluating 'assert-type-eq' ...
  got v0.1.0
  has 0 dependencies
Evaluating 'datadog-sidecar' ...
  got v0.0.0
  has 0 dependencies
Evaluating 'oxipng' ...
  got v10.1.1
  has 56 dependencies
Evaluating 'lindera-unidic-builder' ...
  got v0.32.3
  has 84 dependencies
Evaluating 'oauth2' ...
  got v5.0.0
  has 252 dependencies
Evaluating 'memory-db' ...
  got v0.34.0
  has 6 dependencies
Evaluating 'libp2p-kad' ...
  got v0.48.0
  has 275 dependencies
Evaluating 'libp2p-identify' ...
  got v0.47.0
  has 264 dependencies
Evaluating 'flexi_logger' ...
  got v0.31.8
  has 26 dependencies
Evaluating 'blst' ...
  got v0.3.16
  has 17 dependencies
Evaluating 'trie-db' ...
  got v0.31.0
  has 4 dependencies
Evaluating 'libp2p-swarm-derive' ...
  got v0.35.1
  has 8 dependencies
Evaluating 'rusoto_signature' ...
  got v0.48.0
  has 137 dependencies
Evaluating 'asn1_der' ...
  got v0.7.7
  has 0 dependencies
Evaluating 'ddcommon-ffi' ...
  got v0.0.0
  has 0 dependencies
Evaluating 'const-sha1' ...
  got v0.3.0
  has 0 dependencies
Evaluating 'eventsource-stream' ...
  got v0.2.3
  has 5 dependencies
Evaluating 'lmdb-rkv-sys' ...
  got v0.11.2
  has 6 dependencies
Evaluating 'libp2p-tcp' ...
  got v0.44.1
  has 270 dependencies
Evaluating 'sp-debug-derive' ...
  got v15.0.0
  has 12 dependencies
Evaluating 'xdg-home' ...
  got v1.3.0
  has 1 dependencies
Evaluating 'sp-std' ...
  got v14.0.0
  has 0 dependencies
Evaluating 'multistream-select' ...
  got v0.13.0
  has 39 dependencies
Evaluating 'dyn-clonable-impl' ...
  got v0.9.2
  has 8 dependencies
Evaluating 'sp-application-crypto' ...
  got v45.0.0
  has 660 dependencies
Evaluating 'guppy' ...
  got v0.17.25
  has 67 dependencies
Evaluating 'flatbuffers' ...
  got v25.12.19
  has 4 dependencies
Evaluating 'cstr_core' ...
  got v0.2.6
  has 2 dependencies
Evaluating 'sea-query-binder' ...
  got v0.7.0
  has 10 dependencies
Evaluating 'enum-primitive-derive' ...
  got v0.3.0
  has 10 dependencies
Evaluating 'strict-num' ...
  got v0.2.0
  has 1 dependencies
Evaluating 'frame-support' ...
  got v46.0.0
  has 891 dependencies
Evaluating 'sudo' ...
  got v0.6.0
  has 2 dependencies
Evaluating 'eidolon' ...
  got v1.4.6
  has 465 dependencies
Evaluating 'radix_fmt' ...
  got v1.0.0
  has 0 dependencies
Evaluating 'prost-codec' ...
  got v0.3.0
  has 42 dependencies
Evaluating 'fslock' ...
  got v0.2.1
  has 1 dependencies
Evaluating 'sea-orm' ...
  got v1.1.20
  has 202 dependencies
Evaluating 'sp-runtime-interface' ...
  got v34.0.0
  has 145 dependencies
Evaluating 'libp2p-gossipsub' ...
  got v0.49.4
  has 297 dependencies
Evaluating 'sp-tracing' ...
  got v19.0.0
  has 74 dependencies
Evaluating 'sp-state-machine' ...
  got v0.50.0
  has 531 dependencies
Evaluating 'quoted_printable' ...
  got v0.5.2
  has 0 dependencies
Evaluating 'minreq' ...
  got v2.14.1
  has 0 dependencies
Evaluating 'sp-version-proc-macro' ...
  got v15.0.0
  has 43 dependencies
Evaluating 'frame-support-procedural-tools-derive' ...
  got v12.0.0
  has 8 dependencies
Evaluating 'sp-io' ...
  got v45.0.0
  has 655 dependencies
Evaluating 'andrew' ...
  got v0.3.1
  has 9 dependencies
Evaluating 'jsonrpsee-proc-macros' ...
  got v0.26.0
  has 18 dependencies
Evaluating 'liquid-derive' ...
  got v0.26.10
  has 8 dependencies
Evaluating 'metrics-macros' ...
  got v0.7.1
  has 8 dependencies
Evaluating 'ss58-registry' ...
  got v1.51.0
  has 24 dependencies
Evaluating 'mach2' ...
  got v0.6.0
  has 0 dependencies
Evaluating 'hyper-proxy' ...
  got v0.9.1
  has 120 dependencies
Evaluating 'objc-sys' ...
  got v0.3.5
  has 0 dependencies
Evaluating 'sp-staking' ...
  got v43.0.0
  has 714 dependencies
Evaluating 'tracing-appender' ...
  got v0.2.5
  has 27 dependencies
Evaluating 'serenity' ...
  got v0.12.5
  has 371 dependencies
Evaluating 'sp-core' ...
  got v40.0.0
  has 394 dependencies
Evaluating 'sp-core-hashing-proc-macro' ...
  got v16.0.0
  has 34 dependencies
Evaluating 'conv' ...
  got v0.3.3
  has 1 dependencies
Evaluating 'sp-trie' ...
  got v43.0.0
  has 499 dependencies
Evaluating 'hidapi' ...
  got v2.6.5
  has 7 dependencies
Evaluating 'sp-wasm-interface' ...
  got v24.0.0
  has 38 dependencies
Evaluating 'lazy-regex-proc_macros' ...
  got v3.6.0
  has 17 dependencies
Evaluating 'sp-api' ...
  got v41.0.0
  has 773 dependencies
Evaluating 'objc2-encode' ...
  got v4.1.0
  has 0 dependencies
Evaluating 'unchecked-index' ...
  got v0.2.2
  has 0 dependencies
Evaluating 'parity-util-mem' ...
  got v0.12.0
  has 77 dependencies
Evaluating 'frame-support-procedural-tools' ...
  got v13.0.1
  has 24 dependencies
Evaluating 'nickel' ...
  got v0.11.0
  has 58 dependencies
Evaluating 'features' ...
  got v0.10.0
  has 1 dependencies
Evaluating 'jsonrpsee-client-transport' ...
  got v0.26.0
  has 58 dependencies
Evaluating 'frame-support-procedural' ...
  got v37.0.0
  has 147 dependencies
Evaluating 'parity-util-mem-derive' ...
  got v0.1.0
  has 12 dependencies
Evaluating 'typemap_rev' ...
  got v0.4.0
  has 0 dependencies
Evaluating 'base32' ...
  got v0.5.1
  has 0 dependencies
Evaluating 'sp-externalities' ...
  got v0.32.0
  has 59 dependencies
Evaluating 'include-flate-codegen' ...
  got v0.3.3
  has 41 dependencies
Evaluating 'sp-runtime-interface-proc-macro' ...
  got v21.0.0
  has 51 dependencies
Evaluating 'sp-runtime' ...
  got v46.0.0
  has 708 dependencies
Evaluating 'objc2' ...
  got v0.6.4
  has 1 dependencies
Evaluating 'tt-call' ...
  got v1.0.9
  has 0 dependencies
Evaluating 'autocorrect-derive' ...
  got v0.3.0
  has 7 dependencies
Evaluating 'crc64' ...
  got v2.0.0
  has 0 dependencies
Evaluating 'sp-storage' ...
  got v23.0.0
  has 56 dependencies
Evaluating 'k8s-openapi' ...
  got v0.27.1
  has 10 dependencies
Evaluating 'autocorrect' ...
  got v2.14.2
  has 91 dependencies
Evaluating 'lazy-regex' ...
  got v3.6.0
  has 20 dependencies
Evaluating 'pallet-transaction-payment' ...
  got v46.0.0
  has 911 dependencies
Evaluating 'butlerd' ...
  got v0.1.2
  has 388 dependencies
Evaluating 'numpy' ...
  got v0.28.0
  has 49 dependencies
Evaluating 'substrate-wasm-builder' ...
  got v32.0.0
  has 163 dependencies
Evaluating 'frame-system' ...
  got v46.0.0
  has 903 dependencies
Evaluating 'pallet-balances' ...
  got v47.0.0
  has 911 dependencies
Evaluating 'v1' ...
  ! crate not resolved: error: the crate `v1` could not be found in registry index.
Evaluating 'kube' ...
  got v3.1.0
  has 251 dependencies
Evaluating 'nested' ...
  got v0.1.1
  has 0 dependencies
Evaluating 'frame-metadata' ...
  got v23.0.1
  has 56 dependencies
Evaluating 'egg' ...
  got v0.11.0
  has 40 dependencies
Evaluating 'jsonrpsee-ws-client' ...
  got v0.26.0
  has 232 dependencies
Evaluating 'breezy' ...
  got v3.3.4
  has 117 dependencies
Evaluating 'reqwest-middleware' ...
  got v0.5.1
  has 172 dependencies
Evaluating 'target-spec' ...
  got v3.6.0
  has 5 dependencies
Evaluating 'sp-api-proc-macro' ...
  got v27.0.0
  has 52 dependencies
Evaluating 'task-local-extensions' ...
  got v0.1.4
  has 1 dependencies
Evaluating 'liquid' ...
  got v0.26.11
  has 75 dependencies
Evaluating 'sp-maybe-compressed-blob' ...
  got v11.1.0
  has 22 dependencies
Evaluating 'sdl2-sys' ...
  got v0.38.0
  has 4 dependencies
Evaluating 'sp-core-hashing' ...
  got v16.0.0
  has 36 dependencies
Evaluating 'sdl2' ...
  got v0.38.0
  has 8 dependencies
Evaluating 'sp-version' ...
  got v44.0.0
  has 752 dependencies
Evaluating 'smart-default' ...
  got v0.7.1
  has 8 dependencies
Evaluating 'sp-inherents' ...
  got v41.0.0
  has 717 dependencies
Evaluating 'groupable' ...
  got v0.2.0
  has 0 dependencies
Evaluating 'tabled_derive' ...
  got v0.11.0
  has 16 dependencies
Evaluating 'include-flate-codegen-exports' ...
  got v0.1.4
  has 16 dependencies
Evaluating 'comma' ...
  got v1.0.0
  has 0 dependencies
Evaluating 'sea-orm-macros' ...
  got v1.1.20
  has 22 dependencies
Evaluating 'protobuf-parse' ...
  got v3.7.2
  has 36 dependencies
Evaluating 'include-flate' ...
  got v0.3.3
  has 43 dependencies
Evaluating 'array-bytes' ...
  got v9.3.0
  has 11 dependencies
Evaluating 'konst_macro_rules' ...
  got v0.2.19
  has 0 dependencies
Evaluating 'tokenizers' ...
  got v0.23.1
  has 135 dependencies
Evaluating 'webrtc-media' ...
  got v0.17.1
  has 72 dependencies
Evaluating 'pallet-transaction-payment-rpc-runtime-api' ...
  got v46.0.0
  has 916 dependencies
Evaluating 'sentry' ...
  got v0.47.0
  has 314 dependencies
Evaluating 'pallet-sudo' ...
  got v46.0.0
  has 910 dependencies
Evaluating 'clap_complete_nushell' ...
  got v4.6.0
  has 6 dependencies
Evaluating 'pallet-offences' ...
  got v45.0.0
  has 911 dependencies
Evaluating 'uom' ...
  got v0.38.0
  has 4 dependencies
Evaluating 'libp2p-websocket' ...
  got v0.45.1
  has 266 dependencies
Evaluating 'libp2p-quic' ...
  got v0.13.0
  has 400 dependencies
Evaluating 'pmutil' ...
  got v0.6.1
  has 7 dependencies
Evaluating 'frame-benchmarking' ...
  got v46.0.0
  has 944 dependencies
Evaluating 'sp-consensus-babe' ...
  got v0.47.0
  has 802 dependencies
Evaluating 'webrtc-srtp' ...
  got v0.17.1
  has 125 dependencies
Evaluating 'rdkafka' ...
  got v0.39.0
  has 55 dependencies
Evaluating 'rdkafka-sys' ...
  got v4.10.0+2.12.1
  has 31 dependencies
Evaluating 'pallet-proxy' ...
  got v46.0.0
  has 1003 dependencies
Evaluating 'pallet-indices' ...
  got v46.0.0
  has 910 dependencies
Evaluating 'konst' ...
  got v0.4.3
  has 4 dependencies
Evaluating 'pallet-beefy' ...
  got v47.0.0
  has 992 dependencies
Evaluating 'pallet-babe' ...
  got v46.0.0
  has 984 dependencies
Evaluating 'pallet-nomination-pools-runtime-api' ...
  got v42.0.0
  has 915 dependencies
Evaluating 'pallet-recovery' ...
  got v46.0.0
  has 1003 dependencies
Evaluating 'pallet-multisig' ...
  got v46.0.0
  has 1004 dependencies
Evaluating 'pallet-election-provider-multi-phase' ...
  got v45.0.0
  has 936 dependencies
Evaluating 'sysctl' ...
  got v0.7.1
  has 20 dependencies
Evaluating 'pallet-im-online' ...
  got v45.0.0
  has 920 dependencies
Evaluating 'pallet-bags-list' ...
  got v45.0.0
  has 932 dependencies
Evaluating 'windows_macros' ...
  got v0.31.0
  has 0 dependencies
Evaluating 'windows_gen' ...
  got v0.31.0
  has 0 dependencies
Evaluating 'sp-mmr-primitives' ...
  got v41.0.0
  has 786 dependencies
Evaluating 'ethers-core' ...
  got v2.0.14
  has 242 dependencies
Evaluating 'rtoolbox' ...
  got v0.0.5
  has 1 dependencies
Evaluating 'rtcp' ...
  got v0.17.1
  has 58 dependencies
Evaluating 'pallet-staking-reward-fn' ...
  got v24.0.1
  has 100 dependencies
Evaluating 'is-macro' ...
  got v0.3.7
  has 9 dependencies
Evaluating 'open-fastrlp' ...
  got v0.1.4
  has 11 dependencies
Evaluating 'waitgroup' ...
  got v0.1.2
  has 1 dependencies
Evaluating 'pallet-elections-phragmen' ...
  got v47.0.0
  has 919 dependencies
Evaluating 'pallet-scheduler' ...
  got v47.0.0
  has 912 dependencies
Evaluating 'pallet-tips' ...
  got v45.0.0
  has 931 dependencies
Evaluating 'pallet-democracy' ...
  got v46.0.0
  has 912 dependencies
Evaluating 'webrtc-mdns' ...
  got v0.17.1
  has 61 dependencies
Evaluating 'sp-offchain' ...
  got v41.0.0
  has 776 dependencies
Evaluating 'sentry-types' ...
  got v0.47.0
  has 114 dependencies
Evaluating 'ckb-merkle-mountain-range' ...
  got v0.6.1
  has 1 dependencies
Evaluating 'sp-keystore' ...
  got v0.46.0
  has 398 dependencies
Evaluating 'pallet-preimage' ...
  got v46.0.0
  has 911 dependencies
Evaluating 'cvt' ...
  got v0.1.2
  has 1 dependencies
Evaluating 'bcrypt' ...
  got v0.19.0
  has 17 dependencies
Evaluating 'mysql_common' ...
  got v0.37.1
  has 113 dependencies
Evaluating 'webrtc-sctp' ...
  got v0.17.1
  has 67 dependencies
Evaluating 'interceptor' ...
  got v0.17.1
  has 163 dependencies
Evaluating 'webrtc-util' ...
  got v0.17.1
  has 55 dependencies
Evaluating 'sp-panic-handler' ...
  got v13.0.2
  has 19 dependencies
Evaluating 'mysql_common' ...
  got v0.37.1
  has 113 dependencies
Evaluating 'rtp' ...
  got v0.17.1
  has 67 dependencies
Evaluating 'pallet-indices' ...
  got v46.0.0
  has 910 dependencies
Evaluating 'pallet-vesting' ...
  got v46.0.0
  has 909 dependencies
Evaluating 'hyper-native-tls' ...
  got v0.3.0
  has 57 dependencies
Evaluating 'pallet-nomination-pools-runtime-api' ...
  got v42.0.0
  has 915 dependencies
Evaluating 'debug-helper' ...
  got v0.3.13
  has 0 dependencies
Evaluating 'pallet-sudo' ...
  got v46.0.0
  has 910 dependencies
Evaluating 'sha256' ...
  got v1.6.0
  has 26 dependencies
Evaluating 'pallet-ranked-collective' ...
  got v46.0.0
  has 913 dependencies
Evaluating 'pallet-authority-discovery' ...
  got v46.0.0
  has 961 dependencies
Evaluating 'webrtc' ...
  got v0.17.1
  has 595 dependencies
Evaluating 'ripemd160' ...
  got v0.10.0
  has 0 dependencies
Evaluating 'webrtc-dtls' ...
  got v0.12.0
  has 292 dependencies
Evaluating 'pallet-preimage' ...
  got v46.0.0
  has 911 dependencies
Evaluating 'wasm-opt-sys' ...
  got v0.116.0
  has 38 dependencies
Evaluating 'gl' ...
  got v0.14.0
  has 5 dependencies
Evaluating 'datetime' ...
  got v0.5.2
  has 10 dependencies
Evaluating 'html-escape' ...
  got v0.2.13
  has 1 dependencies
Evaluating 'linregress' ...
  got v0.5.4
  has 26 dependencies
Evaluating 'rdkafka' ...
  got v0.39.0
  has 55 dependencies
Evaluating 'pmutil' ...
  got v0.6.1
  has 7 dependencies
Evaluating 'open-fastrlp' ...
  got v0.1.4
  has 11 dependencies
Evaluating 'wasm-opt' ...
  got v0.116.1
  has 72 dependencies
Evaluating 'tokenizers' ...
  got v0.23.1
  has 135 dependencies
Evaluating 'uom' ...
  got v0.38.0
  has 4 dependencies
Evaluating 'ws_stream_wasm' ...
  got v0.7.5
  has 75 dependencies
Evaluating 'parity-send-wrapper' ...
  got v0.1.0
  has 0 dependencies
Evaluating 'frame-try-runtime' ...
  got v0.52.0
  has 895 dependencies
Evaluating 'utils' ...
  got v0.0.3
  has 1 dependencies
Evaluating 'libp2p-tls' ...
  got v0.6.2
  has 307 dependencies
Evaluating 'sp-authority-discovery' ...
  got v41.0.0
  has 778 dependencies
Evaluating 'pallet-timestamp' ...
  got v45.0.0
  has 918 dependencies
Evaluating 'pallet-uniques' ...
  got v46.0.0
  has 909 dependencies
Evaluating 'sp-offchain' ...
  got v41.0.0
  has 776 dependencies
Evaluating 'sp-session' ...
  got v43.0.0
  has 786 dependencies
Evaluating 'cargo-husky' ...
  got v1.5.0
  has 0 dependencies
Evaluating 'interceptor' ...
  got v0.17.1
  has 163 dependencies
Evaluating 'pallet-child-bounties' ...
  got v45.0.0
  has 940 dependencies
Evaluating 'windows_macros' ...
  got v0.31.0
  has 0 dependencies
Evaluating 'pallet-conviction-voting' ...
  got v46.0.0
  has 911 dependencies
Evaluating 'konst_macro_rules' ...
  got v0.2.19
  has 0 dependencies
Evaluating 'sp-consensus-aura' ...
  got v0.47.0
  has 800 dependencies
Evaluating 'pallet-whitelist' ...
  got v45.0.0
  has 1003 dependencies
Evaluating 'block-sys' ...
  got v0.2.1
  has 0 dependencies
Evaluating 'quick-protobuf' ...
  got v0.8.1
  has 1 dependencies
Evaluating 'liquid-lib' ...
  got v0.26.11
  has 71 dependencies
Evaluating 'pallet-identity' ...
  got v46.0.0
  has 915 dependencies
Evaluating 'libp2p-wasm-ext' ...
  got v0.40.0
  has 255 dependencies
Evaluating 'pallet-staking-reward-fn' ...
  got v24.0.1
  has 100 dependencies
Evaluating 'windows_gen' ...
  got v0.31.0
  has 0 dependencies
Evaluating 'libp2p-quic' ...
  got v0.13.0
  has 400 dependencies
Evaluating 'substrate-bip39' ...
  got v0.6.1
  has 70 dependencies
Evaluating 'sp-block-builder' ...
  got v41.0.0
  has 785 dependencies
Evaluating 'chic' ...
  got v1.2.2
  has 1 dependencies
Evaluating 'pallet-mmr' ...
  got v46.0.1
  has 1018 dependencies
Evaluating 'libp2p-request-response' ...
  got v0.29.0
  has 249 dependencies
Evaluating 'sentry' ...
  got v0.47.0
  has 314 dependencies
Evaluating 'des' ...
  got v0.9.0
  has 6 dependencies
Evaluating 'sp-mmr-primitives' ...
  got v41.0.0
  has 786 dependencies
Evaluating 'sp-keyring' ...
  got v46.0.0
  has 711 dependencies
Evaluating 'pallet-beefy-mmr' ...
  got v47.0.0
  has 1141 dependencies
Evaluating 'pallet-multisig' ...
  got v46.0.0
  has 1004 dependencies
Evaluating 'pallet-assets' ...
  got v49.0.1
  has 911 dependencies
Evaluating 'bcrypt' ...
  got v0.19.0
  has 17 dependencies
Evaluating 'coolor' ...
  got v1.1.0
  has 0 dependencies
Evaluating 'sp-consensus-babe' ...
  got v0.47.0
  has 802 dependencies
Evaluating 'pallet-transaction-payment-rpc-runtime-api' ...
  got v46.0.0
  has 916 dependencies
Evaluating 'rtcp' ...
  got v0.17.1
  has 58 dependencies
Evaluating 'pallet-democracy' ...
  got v46.0.0
  has 912 dependencies
Evaluating 'pallet-recovery' ...
  got v46.0.0
  has 1003 dependencies
Evaluating 'konst' ...
  got v0.4.3
  has 4 dependencies
Evaluating 'pallet-beefy' ...
  got v47.0.0
  has 992 dependencies
Evaluating 'sdp' ...
  got v0.17.1
  has 91 dependencies
Evaluating 'libp2p-webrtc' ...
  got v0.9.0-alpha.1
  has 405 dependencies
Evaluating 'pallet-session' ...
  got v46.0.0
  has 948 dependencies
Evaluating 'turn' ...
  got v0.17.1
  has 200 dependencies
Evaluating 'pallet-im-online' ...
  got v45.0.0
  has 920 dependencies
Evaluating 'sentry-types' ...
  got v0.47.0
  has 114 dependencies
Evaluating 'webrtc-media' ...
  got v0.17.1
  has 72 dependencies
Evaluating 'is-macro' ...
  got v0.3.7
  has 9 dependencies
Evaluating 'ckb-merkle-mountain-range' ...
  got v0.6.1
  has 1 dependencies
Evaluating 'sp-rpc' ...
  got v38.0.0
  has 397 dependencies
Evaluating 'subslice' ...
  got v0.2.3
  has 1 dependencies
Evaluating 'wasm-opt-cxx-sys' ...
  got v0.116.0
  has 44 dependencies
Evaluating 'rusoto_s3' ...
  got v0.48.0
  has 209 dependencies
Evaluating 'frame-benchmarking' ...
  got v46.0.0
  has 944 dependencies
Evaluating 'frame-system-rpc-runtime-api' ...
  got v41.0.0
  has 776 dependencies
Evaluating 'bimap' ...
  got v0.6.3
  has 0 dependencies
Evaluating 'sp-npos-elections' ...
  got v41.0.0
  has 714 dependencies
Evaluating 'pallet-staking-reward-curve' ...
  got v12.0.0
  has 17 dependencies
Evaluating 'pallet-referenda' ...
  got v46.0.0
  has 912 dependencies
Evaluating 'sp-consensus-slots' ...
  got v0.47.0
  has 726 dependencies
Evaluating 'stun' ...
  got v0.17.1
  has 154 dependencies
Evaluating 'ethers-core' ...
  got v2.0.14
  has 242 dependencies
Evaluating 'pallet-collective' ...
  got v46.0.0
  has 912 dependencies
Evaluating 'unic-ucd-ident' ...
  got v0.9.0
  has 5 dependencies
Evaluating 'kvdb-memorydb' ...
  got v0.13.0
  has 9 dependencies
Evaluating 'promptly' ...
  got v0.3.1
  has 30 dependencies
Evaluating 'lenient_semver_parser' ...
  got v0.4.2
  has 3 dependencies
Evaluating 'hayagriva' ...
  got v0.9.1
  has 147 dependencies
Evaluating 'sc-block-builder' ...
  got v0.49.0
  has 818 dependencies
Evaluating 'tree-sitter-python' ...
  got v0.25.0
  has 5 dependencies
Evaluating 'sea-query-derive' ...
  got v0.4.3
  has 25 dependencies
Evaluating 'sc-offchain' ...
  ! crate not resolved: error: failed to select a version for the requirement `core2 = "^0.4.0"`
Evaluating 'frame-support-test' ...
  ! crate not resolved: error: the crate `frame-support-test` could not be found in registry index.
Evaluating 'syn-ext' ...
  got v0.5.0
  has 8 dependencies
Evaluating 'substrate-build-script-utils' ...
  got v11.0.0
  has 0 dependencies
Evaluating 'prometheus-client-derive-text-encode' ...
  got v0.3.0
  has 8 dependencies
Evaluating 'winrt' ...
  got v0.8.0
  has 0 dependencies
Evaluating 'pallet-election-provider-support-benchmarking' ...
  got v45.0.0
  has 928 dependencies
Evaluating 'kube-core' ...
  got v3.1.0
  has 47 dependencies
Evaluating 'ansitok' ...
  got v0.3.0
  has 6 dependencies
Evaluating 'rustpython-compiler-core' ...
  got v0.5.0
  has 53 dependencies
Evaluating 'sc-telemetry' ...
  got v30.0.1
  has 553 dependencies
Evaluating 'sp-consensus' ...
  got v0.47.0
  has 792 dependencies
Evaluating 'kube-client' ...
  got v3.1.0
  has 213 dependencies
Evaluating 'graphql-parser' ...
  got v0.4.1
  has 13 dependencies
Evaluating 'unscanny' ...
  got v0.1.0
  has 0 dependencies
Evaluating 'frame-support-test-pallet' ...
  ! crate not resolved: error: the crate `frame-support-test-pallet` could not be found in registry index.
Evaluating 'ecow' ...
  got v0.2.6
  has 0 dependencies
Evaluating 'pallet-transaction-payment-rpc' ...
  got v49.0.0
  has 982 dependencies
Evaluating 'sc-executor' ...
  got v0.48.0
  has 1057 dependencies
Evaluating 'gstreamer-webrtc-sys' ...
  got v0.25.0
  has 36 dependencies
Evaluating 'addr' ...
  got v0.15.6
  has 3 dependencies
Evaluating 'pallet-nomination-pools-benchmarking' ...
  got v44.0.0
  has 1067 dependencies
Evaluating 'nonempty' ...
  got v0.12.0
  has 0 dependencies
Evaluating 'eth-keystore' ...
  got v0.5.0
  has 71 dependencies
Evaluating 'tree-sitter-cpp' ...
  got v0.23.4
  has 5 dependencies
Evaluating 'pallet-offences-benchmarking' ...
  got v46.0.0
  has 1135 dependencies
Evaluating 'spm_precompiled' ...
  got v0.1.4
  has 16 dependencies
Evaluating 'volatile' ...
  got v0.6.1
  has 0 dependencies
Evaluating 'exitcode' ...
  got v1.1.2
  has 0 dependencies
Evaluating 'orbclient' ...
  got v0.3.53
  has 9 dependencies
Evaluating 'try-runtime-cli' ...
  ! crate not resolved: error: failed to select a version for the requirement `core2 = "^0.4.0"`
Evaluating 'js_int' ...
  got v0.2.2
  has 0 dependencies
Evaluating 'frame-system-benchmarking' ...
  got v46.0.0
  has 951 dependencies
Evaluating 'shutdown_hooks' ...
  got v0.1.0
  has 0 dependencies
Evaluating 'sc-proposer-metrics' ...
  got v0.20.0
  has 88 dependencies
Evaluating 'hashers' ...
  got v1.0.1
  has 2 dependencies
Evaluating 'static_init_macro' ...
  got v1.0.4
  has 11 dependencies
Evaluating 'sc-cli' ...
  ! crate not resolved: error: failed to select a version for the requirement `core2 = "^0.4.0"`
Evaluating 'ethers' ...
  got v2.0.14
  has 763 dependencies
Evaluating 'parity-db' ...
  got v0.5.4
  has 45 dependencies
Evaluating 'gstreamer-base' ...
  got v0.25.0
  has 105 dependencies
Evaluating 'ip_network' ...
  got v0.4.1
  has 0 dependencies
Evaluating 'multiversion-macros' ...
  got v0.8.0
  has 9 dependencies
Evaluating 'tree-sitter-php' ...
  got v0.24.2
  has 5 dependencies
Evaluating 'ethers-middleware' ...
  got v2.0.14
  has 714 dependencies
Evaluating 'unicode-vo' ...
  got v0.1.0
  has 0 dependencies
Evaluating 'sys-locale' ...
  got v0.3.2
  has 0 dependencies
Evaluating 'yaml-front-matter' ...
  got v0.1.0
  has 20 dependencies
Evaluating 'sc-keystore' ...
  got v40.0.0
  has 671 dependencies
Evaluating 'sc-rpc' ...
  ! crate not resolved: error: failed to select a version for the requirement `core2 = "^0.4.0"`
Evaluating 'sc-state-db' ...
  got v0.42.0
  has 398 dependencies
Evaluating 'sc-consensus-slots' ...
  ! crate not resolved: error: failed to select a version for the requirement `core2 = "^0.4.0"`
Evaluating 'substrate-test-utils' ...
  got v3.0.0
  has 49 dependencies
Evaluating 'rustpython-ast' ...
  got v0.4.0
  has 51 dependencies
Evaluating 'coins-core' ...
  got v0.13.0
  has 42 dependencies
Evaluating 'exit-future' ...
  got v0.2.0
  has 30 dependencies
Evaluating 'sc-network-gossip' ...
  ! crate not resolved: error: failed to select a version for the requirement `core2 = "^0.4.0"`
Evaluating 'rayon-cond' ...
  got v0.4.0
  has 11 dependencies
Evaluating 'typst-macros' ...
  got v0.14.2
  has 9 dependencies
Evaluating 'clap_mangen' ...
  got v0.3.0
  has 5 dependencies
Evaluating 'slog-kvfilter' ...
  got v0.7.0
  has 16 dependencies
Evaluating 'isolang' ...
  got v2.4.0
  has 3 dependencies
Evaluating 'ethers-contract-abigen' ...
  got v2.0.14
  has 290 dependencies
Evaluating 'llvm-sys' ...
  got v221.0.1
  has 9 dependencies
Evaluating 'ethers-contract' ...
  got v2.0.14
  has 581 dependencies
Evaluating 'utf8-chars' ...
  got v3.0.6
  has 1 dependencies
Evaluating 'ruma-federation-api' ...
  got v0.14.0
  has 259 dependencies
Evaluating 'sc-chain-spec-derive' ...
  got v12.0.0
  has 17 dependencies
Evaluating 'ruma-macros' ...
  got v0.18.0
  has 40 dependencies
Evaluating 'persy' ...
  got v1.7.1
  has 30 dependencies
Evaluating 'simd-abstraction' ...
  got v0.7.1
  has 1 dependencies
Evaluating 'heed-traits' ...
  got v0.20.0
  has 0 dependencies
Evaluating 'sc-consensus-babe' ...
  ! crate not resolved: error: failed to select a version for the requirement `core2 = "^0.4.0"`
Evaluating 'cachedir' ...
  got v0.3.1
  has 9 dependencies
Evaluating 'comemo-macros' ...
  got v0.5.1
  has 8 dependencies
Evaluating 'curve25519-dalek-ng' ...
  got v4.1.1
  has 12 dependencies
Evaluating 'substrate-test-client' ...
  ! crate not resolved: error: the crate `substrate-test-client` could not be found in registry index.
Evaluating 'sc-chain-spec' ...
  ! crate not resolved: error: failed to select a version for the requirement `core2 = "^0.4.0"`
Evaluating 'numerals' ...
  got v0.1.4
  has 0 dependencies
Evaluating 'sd-notify' ...
  got v0.5.0
  has 1 dependencies
Evaluating 'sc-informant' ...
  ! crate not resolved: error: failed to select a version for the requirement `core2 = "^0.4.0"`
Evaluating 'r2d2_sqlite' ...
  got v0.33.0
  has 35 dependencies
Evaluating 'coins-bip39' ...
  got v0.13.0
  has 125 dependencies
Evaluating 'sc-rpc-api' ...
  ! crate not resolved: error: failed to select a version for the requirement `core2 = "^0.4.0"`
Evaluating 'parquet' ...
  got v58.1.0
  has 111 dependencies
Evaluating 'sp-weights' ...
  got v34.0.0
  has 129 dependencies
Evaluating 'sc-network-light' ...
  ! crate not resolved: error: failed to select a version for the requirement `core2 = "^0.4.0"`
Evaluating 'svg2pdf' ...
  got v0.13.0
  has 148 dependencies
Evaluating 'multiversion' ...
  got v0.8.0
  has 11 dependencies
Evaluating 'arrow' ...
  got v58.1.0
  has 169 dependencies
Evaluating 'trackable_derive' ...
  got v1.0.0
  has 7 dependencies
Evaluating 'wasmi_core' ...
  got v1.0.9
  has 1 dependencies
Evaluating 'jsonrpsee-server' ...
  got v0.26.0
  has 202 dependencies
Evaluating 'assign' ...
  got v1.1.1
  has 0 dependencies
Evaluating 'hypher' ...
  got v0.1.7
  has 0 dependencies
Evaluating 'comemo' ...
  got v0.5.1
  has 19 dependencies
Evaluating 'sp-database' ...
  got v10.0.1
  has 9 dependencies
Evaluating 'ansi-str' ...
  got v0.9.0
  has 7 dependencies
Evaluating 'nanoid' ...
  got v0.5.0
  has 9 dependencies
Evaluating 'sc-tracing-proc-macro' ...
  got v11.1.1
  has 17 dependencies
Evaluating 'unic-ucd-category' ...
  got v0.9.0
  has 6 dependencies
Evaluating 'ruma-identity-service-api' ...
  got v0.14.0
  has 187 dependencies
Evaluating 'substrate-state-trie-migration-rpc' ...
  ! crate not resolved: error: failed to select a version for the requirement `core2 = "^0.4.0"`
Evaluating 'sc-allocator' ...
  got v36.0.0
  has 401 dependencies
Evaluating 'sentry-panic' ...
  got v0.47.0
  has 136 dependencies
Evaluating 'substrate-prometheus-endpoint' ...
  got v0.17.7
  has 86 dependencies
Evaluating 'geo-types' ...
  got v0.7.19
  has 4 dependencies
Evaluating 'lenient_semver' ...
  got v0.4.2
  has 5 dependencies
Evaluating 'synchronoise' ...
  got v1.0.1
  has 2 dependencies
Evaluating 'zopfli' ...
  got v0.8.3
  has 5 dependencies
Evaluating 'coins-bip32' ...
  got v0.13.0
  has 103 dependencies
Evaluating 'app' ...
  got v0.6.5
  has 9 dependencies
Evaluating 'sc-client-db' ...
  got v0.52.0
  has 1179 dependencies
Evaluating 'gstreamer-webrtc' ...
  got v0.25.0
  has 112 dependencies
Evaluating 'gstreamer-sdp-sys' ...
  got v0.25.0
  has 30 dependencies
Evaluating 'anstyle-stream' ...
  got v0.2.2
  has 9 dependencies
Evaluating 'pdf-writer' ...
  got v0.14.0
  has 4 dependencies
Evaluating 'euclid' ...
  got v0.22.14
  has 3 dependencies
Evaluating 'pallet-bags-list-remote-tests' ...
  ! crate not resolved: error: the crate `pallet-bags-list-remote-tests` could not be found in registry index.
Evaluating 'subsetter' ...
  got v0.2.3
  has 27 dependencies
Evaluating 'sentry-core' ...
  got v0.47.0
  has 118 dependencies
Evaluating 'pixglyph' ...
  got v0.6.0
  has 1 dependencies
Evaluating 'sp-blockchain' ...
  got v44.0.0
  has 807 dependencies
Evaluating 'result-like-derive' ...
  got v0.5.1
  has 12 dependencies
Evaluating 'sc-basic-authorship' ...
  got v0.54.0
  has 1202 dependencies
Evaluating 'unicode-math-class' ...
  got v0.1.0
  has 0 dependencies
Evaluating 'proc-macro-hack-impl' ...
  got v0.4.3
  has 0 dependencies
Evaluating 'sc-consensus-babe-rpc' ...
  ! crate not resolved: error: failed to select a version for the requirement `core2 = "^0.4.0"`
Evaluating 'hyper-openssl' ...
  got v0.10.2
  has 35 dependencies
Evaluating 'ruma-identifiers-validation' ...
  got v0.12.1
  has 11 dependencies
Evaluating 'sc-sysinfo' ...
  got v47.0.0
  has 1036 dependencies
Evaluating 'sqlparser' ...
  got v0.61.0
  has 23 dependencies
Evaluating 'sc-executor-wasmtime' ...
  got v0.44.0
  has 747 dependencies
Evaluating 'trackable' ...
  got v1.3.0
  has 8 dependencies
Evaluating 'substrate-frame-rpc-system' ...
  ! crate not resolved: error: failed to select a version for the requirement `core2 = "^0.4.0"`
Evaluating 'zigzag' ...
  got v0.1.0
  has 3 dependencies
Evaluating 'strength_reduce' ...
  got v0.2.4
  has 0 dependencies
Evaluating 'actix-multipart' ...
  got v0.7.2
  has 281 dependencies
Evaluating 'sc-service' ...
  ! crate not resolved: error: failed to select a version for the requirement `core2 = "^0.4.0"`
Evaluating 'libp2p-plaintext' ...
  got v0.43.0
  has 243 dependencies
Evaluating 'heed-types' ...
  got v0.21.0
  has 11 dependencies
Evaluating 'tree-sitter-query' ...
  got v0.1.0
  has 16 dependencies
Evaluating 'sc-sync-state-rpc' ...
  ! crate not resolved: error: failed to select a version for the requirement `core2 = "^0.4.0"`
Evaluating 'rustpython-parser' ...
  got v0.4.0
  has 101 dependencies
Evaluating 'sc-authority-discovery' ...
  ! crate not resolved: error: failed to select a version for the requirement `core2 = "^0.4.0"`
Evaluating 'ruma' ...
  got v0.15.1
  has 167 dependencies
Evaluating 'sloggers' ...
  got v2.2.0
  has 90 dependencies
Evaluating 'result-like' ...
  got v0.5.1
  has 13 dependencies
Evaluating 'kvdb' ...
  got v0.13.0
  has 1 dependencies
Evaluating 'ruma-client-api' ...
  got v0.23.1
  has 200 dependencies
Evaluating 'typst' ...
  got v0.14.2
  has 680 dependencies
Evaluating 'pallet-session-benchmarking' ...
  got v46.0.0
  has 1037 dependencies
Evaluating 'der-oid-macro' ...
  got v0.5.0
  has 13 dependencies
Evaluating 'gstreamer-sdp' ...
  got v0.25.0
  has 101 dependencies
Evaluating 'sc-transaction-pool' ...
  got v45.0.0
  has 1166 dependencies
Evaluating 'unicode_names2' ...
  got v2.0.0
  has 21 dependencies
Evaluating 'rustpython-common' ...
  got v0.5.0
  has 106 dependencies
Evaluating 'xmp-writer' ...
  got v0.3.3
  has 0 dependencies
Evaluating 'ruma-signatures' ...
  got v0.20.0
  has 213 dependencies
Evaluating 'sc-transaction-pool-api' ...
  got v44.0.0
  has 818 dependencies
Evaluating 'maybe-owned' ...
  got v0.3.4
  has 0 dependencies
Evaluating 'winrt-notification' ...
  got v0.5.1
  has 14 dependencies
Evaluating 'kvdb-rocksdb' ...
  got v0.21.0
  has 58 dependencies
Evaluating 'biblatex' ...
  got v0.11.0
  has 17 dependencies
Evaluating 'fork-tree' ...
  got v13.0.1
  has 36 dependencies
Evaluating 'ruma-appservice-api' ...
  got v0.15.0
  has 188 dependencies
Evaluating 'ruma-push-gateway-api' ...
  got v0.14.0
  has 188 dependencies
Evaluating 'ethers-signers' ...
  got v2.0.14
  has 334 dependencies
Evaluating 'tree-sitter-r' ...
  got v1.2.0
  has 5 dependencies
Evaluating 'sc-rpc-server' ...
  ! crate not resolved: error: failed to select a version for the requirement `core2 = "^0.4.0"`
Evaluating 'sentry-contexts' ...
  got v0.47.0
  has 128 dependencies
Evaluating 'subtle-ng' ...
  got v2.5.0
  has 0 dependencies
Evaluating 'ethers-contract-derive' ...
  got v2.0.14
  has 295 dependencies
Evaluating 'sc-consensus' ...
  ! crate not resolved: error: failed to select a version for the requirement `core2 = "^0.4.0"`
Evaluating 'heed' ...
  got v0.22.1
  has 52 dependencies
Evaluating 'sc-client-api' ...
  got v45.0.0
  has 1132 dependencies
Evaluating 'tree-sitter-javascript' ...
  got v0.25.0
  has 5 dependencies
Evaluating 'conduit' ...
  got v0.10.0
  has 4 dependencies
Evaluating 'sc-network-sync' ...
  ! crate not resolved: error: failed to select a version for the requirement `core2 = "^0.4.0"`
Evaluating 'sc-utils' ...
  got v20.1.0
  has 141 dependencies
Evaluating 'keccak-hasher' ...
  got v0.16.0
  has 5 dependencies
Evaluating 'sentry-backtrace' ...
  got v0.47.0
  has 133 dependencies
Evaluating 'ruma-common' ...
  got v0.18.0
  has 161 dependencies
Evaluating 'gstreamer-app-sys' ...
  got v0.25.0
  has 37 dependencies
Evaluating 'gstreamer-app' ...
  got v0.25.0
  has 118 dependencies
Evaluating 'ruma-state-res' ...
  got v0.16.0
  has 235 dependencies
Evaluating 'sc-tracing' ...
  got v45.0.0
  has 1174 dependencies
Evaluating 'tree-sitter-c' ...
  got v0.24.2
  has 5 dependencies
Evaluating 'generate-bags' ...
  got v46.0.0
  has 996 dependencies
Evaluating 'sc-consensus-epochs' ...
  ! crate not resolved: error: failed to select a version for the requirement `core2 = "^0.4.0"`
Evaluating 'gcd' ...
  got v2.3.0
  has 0 dependencies
Evaluating 'tracing-flame' ...
  got v0.2.0
  has 12 dependencies
Evaluating 'pallet-state-trie-migration' ...
  got v51.0.0
  has 911 dependencies
Evaluating 'sc-network-common' ...
  got v0.53.0
  has 711 dependencies
Evaluating 'typst-cli' ...
  got v0.14.2
  has 952 dependencies
Evaluating 'static_init' ...
  got v1.0.4
  has 16 dependencies
Evaluating 'js_option' ...
  got v0.2.0
  has 1 dependencies
Evaluating 'frame-benchmarking-cli' ...
  ! crate not resolved: error: failed to select a version for the requirement `core2 = "^0.4.0"`
Evaluating 'pep440_rs' ...
  got v0.7.3
  has 14 dependencies
Evaluating 'pallet-fast-unstake' ...
  got v45.0.0
  has 975 dependencies
Evaluating 'ethers-providers' ...
  got v2.0.14
  has 562 dependencies
Evaluating 'ethers-solc' ...
  got v2.0.14
  has 345 dependencies
Evaluating 'sc-network' ...
  ! crate not resolved: error: failed to select a version for the requirement `core2 = "^0.4.0"`
Evaluating 'tree-sitter-bash' ...
  got v0.25.1
  has 5 dependencies
Evaluating 'line_drawing' ...
  got v1.0.1
  has 4 dependencies
Evaluating 'sc-executor-common' ...
  got v0.44.0
  has 428 dependencies
Evaluating 'ethers-etherscan' ...
  got v2.0.14
  has 432 dependencies
Evaluating 'lenient_semver_version_builder' ...
  got v0.4.2
  has 1 dependencies
Evaluating 'rouille' ...
  got v3.6.2
  has 160 dependencies
Evaluating 'pallet-nis' ...
  got v46.0.0
  has 1003 dependencies
Evaluating 'gloo-net' ...
  got v0.7.0
  has 65 dependencies
Evaluating 'modular-bitfield' ...
  got v0.13.1
  has 10 dependencies
Evaluating 'accesskit_consumer' ...
  got v0.35.0
  has 4 dependencies
Evaluating 'libcst_derive' ...
  got v1.8.6
  has 7 dependencies
Evaluating 'amcl' ...
  got v0.2.0
  has 0 dependencies
Evaluating 'tokio-uring' ...
  got v0.5.0
  has 19 dependencies
Evaluating 'polkadot-runtime-metrics' ...
  got v26.0.0
  has 856 dependencies
Evaluating 'libudev-sys' ...
  got v0.1.4
  has 3 dependencies
Evaluating 'wayland-backend' ...
  got v0.3.15
  has 12 dependencies
Evaluating 'rosvgtree' ...
  got v0.3.0
  has 10 dependencies
Evaluating 'symphonia-core' ...
  got v0.5.5
  has 5 dependencies
Evaluating 'fetch' ...
  got v0.8.1
  has 0 dependencies
Evaluating 'pyroscope' ...
  got v2.0.3
  has 269 dependencies
Evaluating 'prometheus-parse' ...
  got v0.2.5
  has 17 dependencies
Evaluating 'gstreamer-rtp-sys' ...
  got v0.25.0
  has 37 dependencies
Evaluating 'man' ...
  got v0.3.0
  has 1 dependencies
Evaluating 'rustfft' ...
  got v6.4.1
  has 13 dependencies
Evaluating 'xcm-procedural' ...
  got v11.0.2
  has 19 dependencies
Evaluating 'embedded-graphics' ...
  got v0.8.2
  has 10 dependencies
Evaluating 'fontconfig-parser' ...
  got v0.5.8
  has 1 dependencies
Evaluating 'enr' ...
  got v0.13.0
  has 93 dependencies
Evaluating 'fs4' ...
  got v1.1.0
  has 3 dependencies
Evaluating 'starship-battery' ...
  got v0.11.0
  has 8 dependencies
Evaluating 'valico' ...
  got v4.0.0
  has 129 dependencies
Evaluating 'macro_rules_attribute' ...
  got v0.2.2
  has 2 dependencies
Evaluating 'lindera' ...
  got v3.0.7
  has 201 dependencies
Evaluating 'glow' ...
  got v0.17.0
  has 0 dependencies
Evaluating 'mmr-gadget' ...
  ! crate not resolved: error: failed to select a version for the requirement `core2 = "^0.4.0"`
Evaluating 'tree_magic_mini' ...
  got v3.2.2
  has 10 dependencies
Evaluating 'frame-remote-externalities' ...
  ! crate not resolved: error: failed to select a version for the requirement `core2 = "^0.4.0"`
Evaluating 'mailparse' ...
  got v0.16.1
  has 6 dependencies
Evaluating 'separator' ...
  got v0.4.1
  has 0 dependencies
Evaluating 'validator' ...
  got v0.20.0
  has 91 dependencies
Evaluating 'transpose' ...
  got v0.2.3
  has 5 dependencies
Evaluating 'imagesize' ...
  got v0.14.0
  has 0 dependencies
Evaluating 'parquet-format' ...
  got v4.0.0
  has 11 dependencies
Evaluating 'async-rustls' ...
  got v0.4.2
  has 19 dependencies
Evaluating 'tree-sitter-java' ...
  got v0.23.5
  has 5 dependencies
Evaluating 'polkadot-runtime-parachains' ...
  got v25.0.0
  has 1215 dependencies
Evaluating 'git-testament' ...
  got v0.2.6
  has 20 dependencies
Evaluating 'thread-scoped' ...
  got v1.0.2
  has 0 dependencies
Evaluating 'tree-sitter-c-sharp' ...
  got v0.23.5
  has 5 dependencies
Evaluating 'gstreamer-rtp' ...
  got v0.25.0
  has 109 dependencies
Evaluating 'futures-retry' ...
  got v0.6.0
  has 33 dependencies
Evaluating 'schnellru' ...
  got v0.2.4
  has 11 dependencies
Evaluating 'logos' ...
  got v0.16.1
  has 17 dependencies
Evaluating 'logos-derive' ...
  got v0.16.1
  has 16 dependencies
Evaluating 'macro_rules_attribute-proc_macro' ...
  got v0.2.2
  has 0 dependencies
Evaluating 'pallet-xcm' ...
  got v26.0.0
  has 1064 dependencies
Evaluating 'kvdb-shared-tests' ...
  got v0.11.0
  has 2 dependencies
Evaluating 'routerify' ...
  got v3.0.0
  has 44 dependencies
Evaluating 'libcst' ...
  got v1.8.6
  has 64 dependencies
Evaluating 'accesskit_macos' ...
  got v0.26.0
  has 17 dependencies
Evaluating 'validator_derive' ...
  got v0.20.0
  has 28 dependencies
Evaluating 'uritemplate-next' ...
  got v0.2.0
  has 9 dependencies
Evaluating 'jemalloc-ctl' ...
  got v0.5.4
  has 8 dependencies
Evaluating 'tree-sitter-typescript' ...
  got v0.23.2
  has 5 dependencies
Evaluating 'jsonway' ...
  got v2.0.0
  has 7 dependencies
Evaluating 'accesskit' ...
  got v0.24.0
  has 1 dependencies
Evaluating 'never' ...
  got v0.1.0
  has 0 dependencies
Evaluating 'psl' ...
  got v2.1.205
  has 1 dependencies
Evaluating 'tide-rustls' ...
  got v0.3.0
  has 390 dependencies
Evaluating 'polkadot-core-primitives' ...
  got v22.0.0
  has 712 dependencies
Evaluating 'rmpv' ...
  got v1.3.1
  has 4 dependencies
Evaluating 'gloo-utils' ...
  got v0.3.0
  has 39 dependencies
Evaluating 'modular-bitfield-impl' ...
  got v0.13.1
  has 8 dependencies
Evaluating 'polkadot-runtime-common' ...
  got v25.0.0
  has 1354 dependencies
Evaluating 'lettre' ...
  got v0.11.21
  has 122 dependencies
Evaluating 'amq-protocol-types' ...
  got v10.2.0
  has 19 dependencies
Evaluating 'metrics-util' ...
  got v0.20.1
  has 42 dependencies
Evaluating 'sc-network-bitswap' ...
  ! crate not resolved: error: failed to select a version for the requirement `core2 = "^0.4"`
Evaluating 'trie-standardmap' ...
  got v0.16.0
  has 7 dependencies
Evaluating 'sc-network-transactions' ...
  ! crate not resolved: error: failed to select a version for the requirement `core2 = "^0.4.0"`
Evaluating 'imap-proto' ...
  got v0.16.7
  has 3 dependencies
Evaluating 'clap_complete_command' ...
  got v0.6.1
  has 18 dependencies
Evaluating 'charset' ...
  got v0.1.5
  has 3 dependencies
Evaluating 'aws-credential-types' ...
  got v1.2.14
  has 77 dependencies
Evaluating 'named_pipe' ...
  got v0.4.1
  has 1 dependencies
Evaluating 'embedded-graphics-core' ...
  got v0.4.1
  has 2 dependencies
Evaluating 'fs_at' ...
  got v0.2.1
  has 10 dependencies
Evaluating 'varbincode' ...
  got v0.1.0
  has 4 dependencies
Evaluating 'accesskit_winit' ...
  got v0.32.2
  has 355 dependencies
Evaluating 'mmr-rpc' ...
  got v45.0.0
  has 861 dependencies
Evaluating 'tree-sitter-lua' ...
  got v0.5.0
  has 5 dependencies
Evaluating 'substrate-rpc-client' ...
  ! crate not resolved: error: failed to select a version for the requirement `core2 = "^0.4.0"`
Evaluating 'slot-range-helper' ...
  got v22.0.0
  has 715 dependencies
Evaluating 'polkadot-primitives' ...
  got v23.0.0
  has 852 dependencies
Evaluating 'accesskit_windows' ...
  got v0.32.1
  has 39 dependencies
Evaluating 'wit-component' ...
  got v0.247.0
  has 49 dependencies
Evaluating 'typst-library' ...
  got v0.14.2
  has 528 dependencies
Evaluating 'tabwriter' ...
  got v1.4.1
  has 1 dependencies
Evaluating 'micromath' ...
  got v2.1.0
  has 0 dependencies
Evaluating 'metrics-exporter-prometheus' ...
  got v0.18.1
  has 156 dependencies
Evaluating 'amq-protocol' ...
  got v10.2.0
  has 293 dependencies
Evaluating 'serde-aux' ...
  got v4.7.0
  has 25 dependencies
Evaluating 'fontdb' ...
  got v0.23.0
  has 13 dependencies
Evaluating 'usvg-text-layout' ...
  got v0.38.0
  has 37 dependencies
Evaluating 'sc-rpc-spec-v2' ...
  ! crate not resolved: error: failed to select a version for the requirement `core2 = "^0.4.0"`
Evaluating 'rstar' ...
  got v0.12.2
  has 9 dependencies
Evaluating 'imperative' ...
  got v1.0.7
  has 15 dependencies
Evaluating 'decimal' ...
  got v2.1.0
  has 10 dependencies
Evaluating 'libp2p-identity' ...
  got v0.2.13
  has 13 dependencies
Evaluating 'jsonrpc-http-server' ...
  got v18.0.0
  has 125 dependencies
Evaluating 'gstreamer-audio-sys' ...
  got v0.25.0
  has 38 dependencies
Evaluating 'sketches-ddsketch' ...
  got v0.4.0
  has 0 dependencies
Evaluating 'git-testament-derive' ...
  got v0.2.1
  has 19 dependencies
Evaluating 'reed-solomon-novelpoly' ...
  got v2.0.0
  has 34 dependencies
Evaluating 'virtio-queue' ...
  got v0.17.0
  has 18 dependencies
Evaluating 'polkadot-node-core-chain-selection' ...
  ! crate not resolved: error: failed to select a version for the requirement `core2 = "^0.4.0"`
Evaluating 'hyper-tungstenite' ...
  got v0.19.0
  has 79 dependencies
Evaluating 'safe-regex' ...
  got v0.3.0
  has 7 dependencies
Evaluating 'polkadot-service' ...
  ! crate not resolved: error: failed to select a version for the requirement `core2 = "^0.4.0"`
Evaluating 'polkadot-availability-distribution' ...
  ! crate not resolved: error: failed to select a version for the requirement `core2 = "^0.4.0"`
Evaluating 'svg' ...
  got v0.18.0
  has 0 dependencies
Evaluating 'heim-common' ...
  got v0.0.11
  has 35 dependencies
Evaluating 'polkadot-runtime' ...
  got v3.0.0
  has 1966 dependencies
Evaluating 'polkadot-node-primitives' ...
  got v24.0.0
  has 903 dependencies
Evaluating 'polkadot-node-subsystem-types' ...
  ! crate not resolved: error: failed to select a version for the requirement `core2 = "^0.4.0"`
Evaluating 'battery' ...
  got v0.7.8
  has 8 dependencies
Evaluating 'robust' ...
  got v1.2.0
  has 0 dependencies
Evaluating 'git-tempfile' ...
  got v3.0.3
  has 28 dependencies
Evaluating 'ref_thread_local' ...
  got v0.1.1
  has 0 dependencies
Evaluating 'polkadot-availability-recovery' ...
  ! crate not resolved: error: failed to select a version for the requirement `core2 = "^0.4.0"`
Evaluating 'email_address' ...
  got v0.2.9
  has 2 dependencies
Evaluating 'polkadot-node-core-pvf' ...
  ! crate not resolved: error: failed to select a version for the requirement `core2 = "^0.4.0"`
Evaluating 'polkadot-node-core-candidate-validation' ...
  ! crate not resolved: error: failed to select a version for the requirement `core2 = "^0.4.0"`
Evaluating 'sc-storage-monitor' ...
  got v0.28.0
  has 421 dependencies
Evaluating 'protobuf-support' ...
  got v3.7.2
  has 10 dependencies
Evaluating 'polkadot-node-metrics' ...
  ! crate not resolved: error: failed to select a version for the requirement `core2 = "^0.4.0"`
Evaluating 'ascii_utils' ...
  got v0.9.3
  has 0 dependencies
Evaluating 'polkadot-statement-distribution' ...
  ! crate not resolved: error: failed to select a version for the requirement `core2 = "^0.4.0"`
Evaluating 'wasm-metadata' ...
  got v0.247.0
  has 113 dependencies
Evaluating 'wasm-mutate' ...
  got v0.247.0
  has 37 dependencies
Evaluating 'polkadot-dispute-distribution' ...
  ! crate not resolved: error: failed to select a version for the requirement `core2 = "^0.4.0"`
Evaluating 'web3' ...
  got v0.19.0
  has 388 dependencies
Evaluating 'lru_time_cache' ...
  got v0.11.11
  has 0 dependencies
Evaluating 'heim-cpu' ...
  got v0.0.11
  has 48 dependencies
Evaluating 'heim-disk' ...
  got v0.0.11
  has 48 dependencies
Evaluating 'android-activity' ...
  got v0.6.1
  has 77 dependencies
Evaluating 'fatality-proc-macro' ...
  got v0.1.1
  has 41 dependencies
Evaluating 'polkadot-node-core-backing' ...
  ! crate not resolved: error: failed to select a version for the requirement `core2 = "^0.4.0"`
Evaluating 'lmdb-rkv' ...
  got v0.14.0
  has 10 dependencies
Evaluating 'fatality' ...
  got v0.1.1
  has 47 dependencies
Evaluating 'rococo-runtime' ...
  got v30.0.0
  has 1950 dependencies
Evaluating 'polkadot-availability-bitfield-distribution' ...
  ! crate not resolved: error: failed to select a version for the requirement `core2 = "^0.4.0"`
Evaluating 'rococo-runtime-constants' ...
  got v26.0.0
  has 1363 dependencies
Evaluating 'polkadot-gossip-support' ...
  ! crate not resolved: error: failed to select a version for the requirement `core2 = "^0.4.0"`
Evaluating 'cranelift' ...
  got v0.131.0
  has 53 dependencies
Evaluating 'pcap' ...
  got v2.4.0
  has 17 dependencies
Evaluating 'colorful' ...
  got v0.3.2
  has 0 dependencies
Evaluating 'polkadot-test-runtime' ...
  ! crate not resolved: error: the crate `polkadot-test-runtime` could not be found in registry index.
Evaluating 'apache-avro' ...
  got v0.21.0
  has 90 dependencies
Evaluating 'krb5-src' ...
  got v0.3.4
  has 17 dependencies
Evaluating 'polkadot-rpc' ...
  ! crate not resolved: error: failed to select a version for the requirement `core2 = "^0.4.0"`
Evaluating 'orchestra-proc-macro' ...
  got v0.4.1
  has 42 dependencies
Evaluating 'heim-memory' ...
  got v0.0.11
  has 46 dependencies
Evaluating 'gloo-console' ...
  got v0.4.0
  has 48 dependencies
Evaluating 'ndarray-stats' ...
  got v0.7.0
  has 32 dependencies
Evaluating 'git-object' ...
  got v0.26.2
  has 55 dependencies
Evaluating 'westend-runtime' ...
  got v31.0.0
  has 1964 dependencies
Evaluating 'git-validate' ...
  got v0.7.3
  has 12 dependencies
Evaluating 'aquamarine' ...
  got v0.6.0
  has 20 dependencies
Evaluating 'gix-mailmap' ...
  got v0.33.0
  has 15 dependencies
Evaluating 'geo' ...
  got v0.33.1
  has 54 dependencies
Evaluating 'git-features' ...
  got v0.26.5
  has 13 dependencies
Evaluating 'gstreamer-video' ...
  got v0.25.0
  has 120 dependencies
Evaluating 'polkadot-node-core-av-store' ...
  ! crate not resolved: error: failed to select a version for the requirement `core2 = "^0.4.0"`
Evaluating 'polkadot-node-collation-generation' ...
  ! crate not resolved: error: failed to select a version for the requirement `core2 = "^0.4.0"`
Evaluating 'vmm-sys-util' ...
  got v0.15.0
  has 2 dependencies
Evaluating 'cached_proc_macro' ...
  got v0.27.0
  has 20 dependencies
Evaluating 'versions' ...
  got v7.0.0
  has 4 dependencies
Evaluating 'bounded-vec' ...
  got v0.9.0
  has 10 dependencies
Evaluating 'orchestra' ...
  got v0.4.1
  has 123 dependencies
Evaluating 'polkadot-approval-distribution' ...
  ! crate not resolved: error: failed to select a version for the requirement `core2 = "^0.4.0"`
Evaluating 'ssh2' ...
  got v0.9.5
  has 28 dependencies
Evaluating 'tracing-gum' ...
  got v24.0.0
  has 862 dependencies
Evaluating 'safe-quote' ...
  got v1.0.40
  has 2 dependencies
Evaluating 'polkadot-node-core-provisioner' ...
  ! crate not resolved: error: failed to select a version for the requirement `core2 = "^0.4.0"`
Evaluating 'android-properties' ...
  got v0.2.2
  has 0 dependencies
Evaluating 'polkadot-node-core-pvf-checker' ...
  ! crate not resolved: error: failed to select a version for the requirement `core2 = "^0.4.0"`
Evaluating 'polkadot' ...
  ! crate not resolved: error: failed to select a version for the requirement `core2 = "^0.4.0"`
Evaluating 'reqwest-retry' ...
  got v0.9.1
  has 215 dependencies
Evaluating 'polkadot-node-core-parachains-inherent' ...
  ! crate not resolved: error: failed to select a version for the requirement `core2 = "^0.4.0"`
Evaluating 'rpc' ...
  ! crate not found
Evaluating 'polkadot-node-core-approval-voting' ...
  ! crate not resolved: error: failed to select a version for the requirement `core2 = "^0.4.0"`
Evaluating 'git-lock' ...
  got v3.0.3
  has 31 dependencies
Evaluating 'heim-sensors' ...
  got v0.0.6
  has 46 dependencies
Evaluating 'tracing-gum' ...
  got v24.0.0
  has 862 dependencies
Evaluating 'parse_duration' ...
  got v2.1.1
  has 36 dependencies
Evaluating 'polkadot-rpc' ...
  ! crate not resolved: error: failed to select a version for the requirement `core2 = "^0.4.0"`
Evaluating 'heim-memory' ...
  got v0.0.11
  has 46 dependencies
Evaluating 'git-hash' ...
  got v0.10.3
  has 11 dependencies
Evaluating 'safe-regex-macro' ...
  got v0.3.0
  has 6 dependencies
Evaluating 'test-parachain-undying-collator' ...
  got v0.0.0
  has 0 dependencies
Evaluating 'polkadot-availability-distribution' ...
  ! crate not resolved: error: failed to select a version for the requirement `core2 = "^0.4.0"`
Evaluating 'polkadot-runtime' ...
  got v3.0.0
  has 1966 dependencies
Evaluating 'safe-proc-macro2' ...
  got v1.0.95
  has 1 dependencies
Evaluating 'pretty' ...
  got v0.12.5
  has 3 dependencies
Evaluating 'postgres-native-tls' ...
  got v0.5.3
  has 122 dependencies
Evaluating 'polkadot' ...
  ! crate not resolved: error: failed to select a version for the requirement `core2 = "^0.4.0"`
Evaluating 'retry-policies' ...
  got v0.5.1
  has 9 dependencies
Evaluating 'virtio-queue' ...
  got v0.17.0
  has 18 dependencies
Evaluating 'orchestra-proc-macro' ...
  got v0.4.1
  has 42 dependencies
Evaluating 'opentelemetry-http' ...
  got v0.31.0
  has 25 dependencies
Evaluating 'pinned_vec' ...
  got v0.1.1
  has 0 dependencies
Evaluating 'xcm-executor-integration-tests' ...
  got v0.0.0
  has 0 dependencies
Evaluating 'zip-extensions' ...
  got v0.14.1
  has 81 dependencies
Evaluating 'ssh2' ...
  got v0.9.5
  has 28 dependencies
Evaluating 'audiopus_sys' ...
  got v0.2.2
  has 7 dependencies
Evaluating 'rococo-runtime-constants' ...
  got v26.0.0
  has 1363 dependencies
Evaluating 'diffy' ...
  got v0.5.0
  has 2 dependencies
Evaluating 'signal-hook-tokio' ...
  got v0.4.0
  has 14 dependencies
Evaluating 'heim-cpu' ...
  got v0.0.11
  has 48 dependencies
Evaluating 'coarsetime' ...
  got v0.1.37
  has 1 dependencies
Evaluating 'junction' ...
  got v1.4.2
  has 0 dependencies
Evaluating 'ruff' ...
  got v0.0.1
  has 0 dependencies
Evaluating 'cached' ...
  got v0.59.0
  has 46 dependencies
Evaluating 'polkadot-erasure-coding' ...
  got v24.0.0
  has 930 dependencies
Evaluating 'gloo-render' ...
  got v0.3.0
  has 31 dependencies
Evaluating 'websocket' ...
  got v0.27.1
  has 174 dependencies
Evaluating 'lru_time_cache' ...
  got v0.11.11
  has 0 dependencies
Evaluating 'rust-base58' ...
  got v0.0.4
  has 20 dependencies
Evaluating 'metal' ...
  got v0.33.0
  has 24 dependencies
Evaluating 'gloo-console' ...
  got v0.4.0
  has 48 dependencies
Evaluating 'bb8' ...
  got v0.9.1
  has 15 dependencies
Evaluating 'expander' ...
  got v2.2.1
  has 26 dependencies
Evaluating 'git-object' ...
  got v0.26.2
  has 55 dependencies
Evaluating 'polkadot-service' ...
  ! crate not resolved: error: failed to select a version for the requirement `core2 = "^0.4.0"`
Evaluating 'polkadot-node-network-protocol' ...
  ! crate not resolved: error: failed to select a version for the requirement `core2 = "^0.4.0"`
Evaluating 'heim-net' ...
  got v0.0.11
  has 51 dependencies
Evaluating 'linkcheck' ...
  got v0.4.1
  has 243 dependencies
Evaluating 'polkadot-availability-bitfield-distribution' ...
  ! crate not resolved: error: failed to select a version for the requirement `core2 = "^0.4.0"`
Evaluating 'validator_types' ...
  got v0.16.0
  has 7 dependencies
Evaluating 'heim-common' ...
  got v0.0.11
  has 35 dependencies
Evaluating 'polkadot-voter-bags' ...
  got v31.0.0
  has 1993 dependencies
Evaluating 'polkadot-node-core-bitfield-signing' ...
  ! crate not resolved: error: failed to select a version for the requirement `core2 = "^0.4.0"`
Evaluating 'vm-memory' ...
  got v0.18.0
  has 11 dependencies
Evaluating 'polkadot-node-core-av-store' ...
  ! crate not resolved: error: failed to select a version for the requirement `core2 = "^0.4.0"`
Evaluating 'polkadot-availability-recovery' ...
  ! crate not resolved: error: failed to select a version for the requirement `core2 = "^0.4.0"`
Evaluating 'sasl2-sys' ...
  got v0.1.22+2.1.28
  has 22 dependencies
Evaluating 'gstreamer-video-sys' ...
  got v0.25.0
  has 38 dependencies
Evaluating 'polkadot-node-primitives' ...
  got v24.0.0
  has 903 dependencies
Evaluating 'polkadot-primitives-test-helpers' ...
  got v0.3.0
  has 863 dependencies
Evaluating 'krb5-src' ...
  got v0.3.4
  has 17 dependencies
Evaluating 'email_address' ...
  got v0.2.9
  has 2 dependencies
Evaluating 'postgres-openssl' ...
  got v0.5.3
  has 119 dependencies
Evaluating 'quad-rand' ...
  got v0.2.3
  has 0 dependencies
Evaluating 'evm' ...
  got v1.1.1
  has 48 dependencies
Evaluating 'test-parachain-adder' ...
  got v0.0.0
  has 0 dependencies
Evaluating 'robust' ...
  got v1.2.0
  has 0 dependencies
Evaluating 'git-tempfile' ...
  got v3.0.3
  has 28 dependencies
Evaluating 'bounded-vec' ...
  got v0.9.0
  has 10 dependencies
Evaluating 'vhdl_lang' ...
  got v0.86.0
  has 83 dependencies
Evaluating 'gloo-events' ...
  got v0.3.0
  has 31 dependencies
Evaluating 'gix-mailmap' ...
  got v0.33.0
  has 15 dependencies
Evaluating 'git-features' ...
  got v0.26.5
  has 13 dependencies
Evaluating 'polkadot-node-subsystem-util' ...
  ! crate not resolved: error: failed to select a version for the requirement `core2 = "^0.4.0"`
Evaluating 'entities' ...
  got v1.0.1
  has 0 dependencies
Evaluating 'kube-runtime' ...
  got v3.1.0
  has 297 dependencies
Evaluating 'slog-envlogger' ...
  got v2.2.0
  has 54 dependencies
Evaluating 'protobuf-support' ...
  got v3.7.2
  has 10 dependencies
Evaluating 'tracing-gum-proc-macro' ...
  got v5.0.0
  has 40 dependencies
Evaluating 'shannon' ...
  got v0.2.0
  has 1 dependencies
Evaluating 'polkadot-cli' ...
  ! crate not resolved: error: failed to select a version for the requirement `core2 = "^0.4.0"`
Evaluating 'geographiclib-rs' ...
  got v0.2.7
  has 7 dependencies
Evaluating 'email-encoding' ...
  got v0.4.1
  has 2 dependencies
Evaluating 'fake' ...
  got v5.1.0
  has 12 dependencies
Evaluating 'ascii_utils' ...
  got v0.9.3
  has 0 dependencies
Evaluating 'polkadot-gossip-support' ...
  ! crate not resolved: error: failed to select a version for the requirement `core2 = "^0.4.0"`
Evaluating 'cidr-utils' ...
  got v0.6.2
  has 8 dependencies
Evaluating 'cranelift' ...
  got v0.131.0
  has 53 dependencies
Evaluating 'rpc' ...
  ! crate not found
Evaluating 'stop-token' ...
  got v0.7.0
  has 8 dependencies
Evaluating 'polkadot-statement-distribution' ...
  ! crate not resolved: error: failed to select a version for the requirement `core2 = "^0.4.0"`
Evaluating 'polkadot-node-core-parachains-inherent' ...
  ! crate not resolved: error: failed to select a version for the requirement `core2 = "^0.4.0"`
Evaluating 'polkadot-statement-table' ...
  got v24.0.0
  has 865 dependencies
Evaluating 'smallstr' ...
  got v0.3.1
  has 1 dependencies
Evaluating 'westend-runtime' ...
  got v31.0.0
  has 1964 dependencies
Evaluating 'wasm-mutate' ...
  got v0.247.0
  has 37 dependencies
Evaluating 'safe-quote' ...
  got v1.0.40
  has 2 dependencies
Evaluating 'fatality-proc-macro' ...
  got v0.1.1
  has 41 dependencies
Evaluating 'git-validate' ...
  got v0.7.3
  has 12 dependencies
Evaluating 'vhdl_ls' ...
  got v0.86.0
  has 202 dependencies
Evaluating 'cached_proc_macro_types' ...
  got v0.1.1
  has 0 dependencies
Evaluating 'heim-runtime' ...
  got v0.0.7
  has 43 dependencies
Evaluating 'test-parachain-halt' ...
  got v0.0.0
  has 0 dependencies
Evaluating 'polkadot-test-service' ...
  ! crate not resolved: error: the crate `polkadot-test-service` could not be found in registry index.
Evaluating 'err-derive' ...
  got v0.3.1
  has 26 dependencies
Evaluating 'versions' ...
  got v7.0.0
  has 4 dependencies
Evaluating 'polkadot-node-subsystem-test-helpers' ...
  ! crate not resolved: error: the crate `polkadot-node-subsystem-test-helpers` could not be found in registry index.
Evaluating 'gstreamer-video' ...
  got v0.25.0
  has 120 dependencies
Evaluating 'vsimd' ...
  got v0.8.0
  has 0 dependencies
Evaluating 'macaddr' ...
  got v1.0.1
  has 0 dependencies
Evaluating 'pangocairo' ...
  got v0.22.0
  has 94 dependencies
Evaluating 'binary-merkle-tree' ...
  got v16.1.1
  has 39 dependencies
Evaluating 'polkadot-node-core-approval-voting' ...
  ! crate not resolved: error: failed to select a version for the requirement `core2 = "^0.4.0"`
Evaluating 'xcm-simulator-example' ...
  got v27.0.0
  has 1312 dependencies
Evaluating 'web3-async-native-tls' ...
  got v0.4.0
  has 113 dependencies
Evaluating 'kusama-runtime-constants' ...
  got v3.0.0
  has 1460 dependencies
Evaluating 'heim-disk' ...
  got v0.0.11
  has 48 dependencies
Evaluating 'safe-regex-compiler' ...
  got v0.3.0
  has 4 dependencies
Evaluating 'rprompt' ...
  got v2.2.0
  has 2 dependencies
Evaluating 'safe-regex' ...
  got v0.3.0
  has 7 dependencies
Evaluating 'rust_tokenizers' ...
  got v8.1.1
  has 61 dependencies
Evaluating 'temp-dir' ...
  got v0.2.0
  has 0 dependencies
Evaluating 'orchestra' ...
  got v0.4.1
  has 123 dependencies
Evaluating 'test-parachain-adder-collator' ...
  got v0.0.0
  has 0 dependencies
Evaluating 'float_next_after' ...
  got v2.0.0
  has 0 dependencies
Evaluating 'cmd_lib' ...
  got v2.0.0
  has 45 dependencies
Evaluating 'hidapi-rusb' ...
  got v1.3.3
  has 13 dependencies
Evaluating 'frunk_derives' ...
  got v0.4.4
  has 12 dependencies
Evaluating 'tree-sitter-html' ...
  got v0.23.2
  has 5 dependencies
Evaluating 'egui' ...
  got v0.34.1
  has 69 dependencies
Evaluating 'async-graphql-derive' ...
  got v7.2.1
  has 62 dependencies
Evaluating 'parry2d' ...
  got v0.26.0
  has 58 dependencies
Evaluating 'xmltree' ...
  got v0.12.0
  has 1 dependencies
Evaluating 'boring-sys' ...
  got v5.1.0
  has 37 dependencies
Evaluating 'evalexpr' ...
  got v13.1.0
  has 0 dependencies
Evaluating 'atomic-take' ...
  got v1.1.0
  has 0 dependencies
Evaluating 'spectral' ...
  got v0.6.0
  has 31 dependencies
Evaluating 'path-clean' ...
  got v1.0.1
  has 0 dependencies
Evaluating 'filter' ...
  got v0.2.0
  has 35 dependencies
Evaluating 'enum-display-derive' ...
  got v0.1.1
  has 8 dependencies
Evaluating 'yew-macro' ...
  got v0.23.0
  has 25 dependencies
Evaluating 'frunk' ...
  got v0.4.4
  has 19 dependencies
Evaluating 'dasp_sample' ...
  got v0.11.0
  has 0 dependencies
Evaluating 'core_affinity' ...
  got v0.8.3
  has 3 dependencies
Evaluating 'seccompiler' ...
  got v0.5.0
  has 1 dependencies
Evaluating 'inkwell_internals' ...
  got v0.14.0
  has 8 dependencies
Evaluating 'value-trait' ...
  got v0.12.1
  has 11 dependencies
Evaluating 'gix-trace' ...
  got v0.1.19
  has 0 dependencies
Evaluating 'boring' ...
  got v5.1.0
  has 50 dependencies
Evaluating 'linux-loader' ...
  got v0.13.2
  has 12 dependencies
Evaluating 'wl-clipboard-rs' ...
  got v0.9.3
  has 59 dependencies
Evaluating 'cron' ...
  got v0.16.0
  has 25 dependencies
Evaluating 'epaint' ...
  got v0.34.1
  has 58 dependencies
Evaluating 'axum-macros' ...
  got v0.5.1
  has 8 dependencies
Evaluating 'symphonia-metadata' ...
  got v0.5.5
  has 10 dependencies
Evaluating 'kamadak-exif' ...
  got v0.6.1
  has 1 dependencies
Evaluating 'tests' ...
  ! crate not resolved: error: the crate `tests` could not be found in registry index.
Evaluating 'wasm-shrink' ...
  got v0.247.0
  has 52 dependencies
Evaluating 'executor-trait' ...
  got v3.1.0
  has 9 dependencies
Evaluating 'sc' ...
  got v0.2.7
  has 0 dependencies
Evaluating 'cli' ...
  got v0.0.1
  has 2 dependencies
Evaluating 'wu-diff' ...
  got v0.1.2
  has 0 dependencies
Evaluating 'pallet-staking-runtime-api' ...
  got v31.0.0
  has 782 dependencies
Evaluating 'graphql_client' ...
  got v0.16.0
  has 37 dependencies
Evaluating 'argon2' ...
  got v0.5.3
  has 17 dependencies
Evaluating 'docmatic' ...
  got v0.1.2
  has 13 dependencies
Evaluating 'graphql_client_codegen' ...
  got v0.16.0
  has 34 dependencies
Evaluating 'yazi' ...
  got v0.2.1
  has 0 dependencies
Evaluating 'dummy' ...
  got v0.12.0
  has 19 dependencies
Evaluating 'matcher' ...
  got v0.1.0
  has 620 dependencies
Evaluating 'goauth' ...
  got v0.17.0
  has 146 dependencies
Evaluating 'async-reactor-trait' ...
  got v3.1.1
  has 41 dependencies
Evaluating 'chumsky' ...
  got v0.12.0
  has 19 dependencies
Evaluating 'smpl_jwt' ...
  got v0.9.0
  has 44 dependencies
Evaluating 'ffmpeg-sys-next' ...
  got v8.1.0
  has 37 dependencies
Evaluating 'harfbuzz-sys' ...
  got v0.6.1
  has 10 dependencies
Evaluating 'inflections' ...
  got v1.1.1
  has 0 dependencies
Evaluating 'symphonia-utils-xiph' ...
  got v0.5.5
  has 12 dependencies
Evaluating 'async-global-executor-trait' ...
  got v3.1.0
  has 70 dependencies
Evaluating 'wasm-logger' ...
  got v0.2.0
  has 32 dependencies
Evaluating 'tower-lsp-macros' ...
  got v0.9.0
  has 8 dependencies
Evaluating 'tree-sitter-md' ...
  got v0.5.3
  has 5 dependencies
Evaluating 'zeno' ...
  got v0.3.3
  has 0 dependencies
Evaluating 'libudev' ...
  got v0.3.0
  has 5 dependencies
Evaluating 'coins-ledger' ...
  got v0.13.0
  has 52 dependencies
Evaluating 'radix-heap' ...
  got v0.4.2
  has 0 dependencies
Evaluating 'hash_hasher' ...
  got v2.0.4
  has 0 dependencies
Evaluating 'wasm-tools' ...
  got v1.247.0
  has 373 dependencies
Evaluating 'custom_debug_derive' ...
  got v0.6.2
  has 24 dependencies
Evaluating 'graphql-introspection-query' ...
  got v0.3.0
  has 11 dependencies
Evaluating 'fomat-macros' ...
  got v0.3.2
  has 0 dependencies
Evaluating 'udev' ...
  got v0.9.3
  has 9 dependencies
Evaluating 'colorgrad' ...
  got v0.8.0
  has 6 dependencies
Evaluating 'mlua' ...
  got v0.11.6
  has 24 dependencies
Evaluating 'symphonia-format-wav' ...
  got v0.5.5
  has 13 dependencies
Evaluating 'CoreFoundation-sys' ...
  got v0.1.4
  has 3 dependencies
Evaluating 'tree-sitter-go' ...
  got v0.25.0
  has 5 dependencies
Evaluating 'symphonia' ...
  got v0.5.5
  has 46 dependencies
Evaluating 'konst_proc_macros' ...
  got v0.4.1
  has 0 dependencies
Evaluating 'vm-fdt' ...
  got v0.3.0
  has 0 dependencies
Evaluating 'meval' ...
  got v0.2.0
  has 2 dependencies
Evaluating 'frunk_proc_macro_helpers' ...
  got v0.1.4
  has 9 dependencies
Evaluating 'darwin-libproc-sys' ...
  got v0.2.0
  has 1 dependencies
Evaluating 'printer' ...
  got v0.8.1
  has 50 dependencies
Evaluating 'ecolor' ...
  got v0.34.1
  has 1 dependencies
Evaluating 'cast5' ...
  got v0.12.0
  has 6 dependencies
Evaluating 'boolinator' ...
  got v2.4.0
  has 0 dependencies
Evaluating 'yew-router' ...
  got v0.20.0
  has 244 dependencies
Evaluating 'async-priority-channel' ...
  got v0.2.0
  has 5 dependencies
Evaluating 'chan' ...
  got v0.1.23
  has 4 dependencies
Evaluating 'pinky-swear' ...
  got v6.2.1
  has 14 dependencies
Evaluating 'cli-table' ...
  got v0.5.0
  has 17 dependencies
Evaluating 'maple' ...
  got v0.3.0
  has 608 dependencies
Evaluating 'cmd_lib_macros' ...
  got v2.0.0
  has 15 dependencies
Evaluating 'pollster' ...
  got v0.4.0
  has 0 dependencies
Evaluating 'swash' ...
  got v0.2.7
  has 17 dependencies
Evaluating 'locale_config' ...
  got v0.3.0
  has 10 dependencies
Evaluating 'graphql_query_derive' ...
  got v0.16.0
  has 34 dependencies
Evaluating 'difftastic' ...
  got v0.68.0
  has 385 dependencies
Evaluating 'runner' ...
  got v0.5.0
  has 27 dependencies
Evaluating 'lapin' ...
  got v4.6.0
  has 326 dependencies
Evaluating 'aws-smithy-protocol-test' ...
  got v0.63.14
  has 199 dependencies
Evaluating 'twofish' ...
  got v0.8.0
  has 6 dependencies
Evaluating 'simpl' ...
  got v0.1.0
  has 0 dependencies
Evaluating 'yew' ...
  got v0.23.0
  has 227 dependencies
Evaluating 'upgrade' ...
  got v2.0.1
  has 10 dependencies
Evaluating 'serialport' ...
  got v4.9.0
  has 24 dependencies
Evaluating 'spinning' ...
  got v0.1.0
  has 2 dependencies
Evaluating 'symphonia-bundle-mp3' ...
  got v0.5.5
  has 14 dependencies
Evaluating 'frunk_core' ...
  got v0.4.4
  has 0 dependencies
Evaluating 'moka' ...
  got v0.12.15
  has 20 dependencies
Evaluating 'stream-cancel' ...
  got v0.8.2
  has 13 dependencies
Evaluating 'neon-build' ...
  got v0.10.1
  has 0 dependencies
Evaluating 'tcp-stream' ...
  got v0.34.5
  has 214 dependencies
Evaluating 'wasm-compose' ...
  got v0.247.0
  has 56 dependencies
Evaluating 'project-origins' ...
  got v1.4.2
  has 36 dependencies
Evaluating 'qrcodegen' ...
  got v1.8.0
  has 0 dependencies
Evaluating 'colored_json' ...
  got v5.0.0
  has 8 dependencies
Evaluating 'heim-process' ...
  ! crate not resolved: error: failed to select a version for the requirement `platforms = "^0.2.0"`
Evaluating 'clap-verbosity-flag' ...
  got v3.0.4
  has 15 dependencies
Evaluating 'cli-table-derive' ...
  got v0.5.0
  has 8 dependencies
Evaluating 'relay' ...
  got v0.1.1
  has 1 dependencies
Evaluating 'minisign-verify' ...
  got v0.2.5
  has 0 dependencies
Evaluating 'amq-protocol-tcp' ...
  got v10.2.0
  has 305 dependencies
Evaluating 'epoll' ...
  got v4.4.0
  has 2 dependencies
Evaluating 'memalloc' ...
  got v0.1.0
  has 0 dependencies
Evaluating 'usvg-parser' ...
  got v0.38.0
  has 26 dependencies
Evaluating 'custom_debug' ...
  got v0.6.2
  has 25 dependencies
Evaluating 'bae' ...
  got v0.1.7
  has 21 dependencies
Evaluating 'svgfilters' ...
  got v0.4.0
  has 3 dependencies
Evaluating 'amq-protocol-uri' ...
  got v10.2.0
  has 90 dependencies
Evaluating 'yew-router-macro' ...
  got v0.20.0
  has 8 dependencies
Evaluating 'arboard' ...
  got v3.6.1
  has 37 dependencies
Evaluating 'ignore-files' ...
  got v3.0.5
  has 223 dependencies
Evaluating 'simd-json' ...
  got v0.17.0
  has 36 dependencies
Evaluating 'openidconnect' ...
  got v4.0.1
  has 404 dependencies
Evaluating 'tower-lsp' ...
  got v0.20.0
  has 168 dependencies
Evaluating 'halfbrown' ...
  got v0.4.0
  has 4 dependencies
Evaluating 'kvm-ioctls' ...
  got v0.24.0
  has 7 dependencies
Evaluating 'float_eq' ...
  got v1.0.1
  has 0 dependencies
Evaluating 'pyo3-file' ...
  got v0.15.0
  has 76 dependencies
Evaluating 'usvg-tree' ...
  got v0.38.0
  has 10 dependencies
Evaluating 'async-graphql-value' ...
  got v7.2.1
  has 22 dependencies
Evaluating 'mutate_once' ...
  got v0.1.2
  has 0 dependencies
Evaluating 'symphonia-codec-pcm' ...
  got v0.5.5
  has 7 dependencies
Evaluating 'v8' ...
  got v147.4.0
  has 166 dependencies
Evaluating 'watchexec-signals' ...
  got v5.0.1
  has 23 dependencies
Evaluating 'browserslist-rs' ...
  got v0.19.0
  has 45 dependencies
Evaluating 'chan-signal' ...
  got v0.3.3
  has 9 dependencies
Evaluating 'trash' ...
  got v5.2.5
  has 10 dependencies
Evaluating 'tree-sitter-toml' ...
  got v0.20.0
  has 16 dependencies
Evaluating 'luajit-src' ...
  got v210.7.1+18b087c
  has 5 dependencies
Evaluating 'neon-runtime' ...
  got v0.10.1
  has 2 dependencies
Evaluating 'glutin-winit' ...
  got v0.5.0
  has 160 dependencies
Evaluating 'kvm-bindings' ...
  got v0.14.0
  has 0 dependencies
Evaluating 'puffin' ...
  got v0.20.0
  has 12 dependencies
Evaluating 'egui-winit' ...
  got v0.34.1
  has 367 dependencies
Evaluating 'libusb1-sys' ...
  got v0.7.0
  has 6 dependencies
Evaluating 'dns-lookup' ...
  got v3.0.1
  has 4 dependencies
Evaluating 'gstreamer-audio' ...
  got v0.25.0
  has 119 dependencies
Evaluating 'websocket-base' ...
  got v0.26.5
  has 135 dependencies
Evaluating 'intmap' ...
  got v3.1.3
  has 0 dependencies
Evaluating 'ffmpeg-next' ...
  got v8.1.0
  has 40 dependencies
Evaluating 'trust-dns-server' ...
  got v0.23.2
  has 178 dependencies
Evaluating 'darwin-libproc' ...
  got v0.2.0
  has 4 dependencies
Evaluating 'bounded-collections' ...
  got v0.3.2
  has 68 dependencies
Evaluating 'umask' ...
  got v2.1.0
  has 10 dependencies
Evaluating 'p12' ...
  got v0.6.3
  has 32 dependencies
Evaluating 'lua-src' ...
  got v550.1.0
  has 3 dependencies
Evaluating 'IOKit-sys' ...
  got v0.1.5
  has 6 dependencies
Evaluating 'polkadot-performance-test' ...
  ! crate not resolved: error: failed to select a version for the requirement `core2 = "^0.4.0"`
Evaluating 'egui_glow' ...
  got v0.34.1
  has 79 dependencies
Evaluating 'wayland-protocols-wlr' ...
  got v0.3.12
  has 25 dependencies
Evaluating 'forward_ref' ...
  got v1.0.0
  has 0 dependencies
Evaluating 'pattern' ...
  got v1.0.0
  has 10 dependencies
Evaluating 'vhost-user-backend' ...
  got v0.22.0
  has 42 dependencies
Evaluating 'rc2' ...
  got v0.9.0
  has 6 dependencies
Evaluating 'symphonia-format-ogg' ...
  got v0.5.5
  has 16 dependencies
Evaluating 'frunk_proc_macros' ...
  got v0.1.4
  has 13 dependencies
Evaluating 'heapsize' ...
  got v0.4.2
  has 0 dependencies
Evaluating 'rusb' ...
  got v0.9.4
  has 8 dependencies
Evaluating 'node-semver' ...
  got v2.2.0
  has 23 dependencies
Evaluating 'tagptr' ...
  got v0.2.0
  has 0 dependencies
Evaluating 'saturating' ...
  got v0.1.0
  has 0 dependencies
Evaluating 'heim-virt' ...
  got v0.0.11
  has 55 dependencies
Evaluating 'reactor-trait' ...
  got v3.1.1
  has 19 dependencies
Evaluating 'emath' ...
  got v0.34.1
  has 0 dependencies
Evaluating 'heim-host' ...
  ! crate not resolved: error: failed to select a version for the requirement `platforms = "^0.2.0"`
Evaluating 'icon' ...
  got v0.2.0
  has 14 dependencies
Evaluating 'async-graphql-parser' ...
  got v7.2.1
  has 28 dependencies
Evaluating 'neon' ...
  got v1.1.1
  has 24 dependencies
Evaluating 'stfu8' ...
  got v0.2.7
  has 0 dependencies
Evaluating 'atomic-shim' ...
  got v0.2.0
  has 0 dependencies
Evaluating 'watchexec-events' ...
  got v6.1.0
  has 9 dependencies
Evaluating 'async-graphql' ...
  got v7.2.1
  has 203 dependencies
Evaluating 'json-pointer' ...
  got v0.3.4
  has 5 dependencies
Evaluating 'confy' ...
  got v2.0.0
  has 26 dependencies
Evaluating 'ipc-channel' ...
  got v0.21.0
  has 37 dependencies
Evaluating 'harfbuzz' ...
  got v0.6.0
  has 12 dependencies
Evaluating 'git-protocol' ...
  got v0.26.4
  has 155 dependencies
Evaluating 'git-transport' ...
  got v0.25.5
  has 111 dependencies
Evaluating 'serial-unix' ...
  got v0.4.0
  has 7 dependencies
Evaluating 'etherparse' ...
  got v0.20.1
  has 1 dependencies
Evaluating 'ulid' ...
  got v1.2.1
  has 9 dependencies
Evaluating 'atom_syndication' ...
  got v0.12.7
  has 35 dependencies
Evaluating 'client' ...
  got v0.1.1-beta1
  has 274 dependencies
Evaluating 'cargo-options' ...
  got v0.7.6
  has 28 dependencies
Evaluating 'iroh' ...
  got v0.98.1
  has 824 dependencies
Evaluating 'splitty' ...
  got v1.0.2
  has 0 dependencies
Evaluating 'oid' ...
  got v0.3.0
  has 0 dependencies
Evaluating 'tools' ...
  got v0.0.0
  has 0 dependencies
Evaluating 'trust-dns-client' ...
  got v0.23.2
  has 147 dependencies
Evaluating 'nvml-wrapper' ...
  got v0.12.1
  has 32 dependencies
Evaluating 'cmd_lib_core' ...
  got v0.4.0
  has 0 dependencies
Evaluating 'cadence' ...
  got v1.8.0
  has 2 dependencies
Evaluating 'fs-set-times' ...
  got v0.20.3
  has 4 dependencies
Evaluating 'picky-asn1-der' ...
  got v0.5.6
  has 18 dependencies
Evaluating 'swc_macros_common' ...
  got v1.0.1
  has 8 dependencies
Evaluating 'tagger' ...
  got v4.3.5
  has 0 dependencies
Evaluating 'crc24' ...
  got v0.1.6
  has 0 dependencies
Evaluating 'jwt' ...
  got v0.16.0
  has 34 dependencies
Evaluating 'diligent-date-parser' ...
  got v0.1.5
  has 4 dependencies
Evaluating 'torch-sys' ...
  got v0.24.0
  has 71 dependencies
Evaluating 'lber' ...
  got v0.5.1
  has 4 dependencies
Evaluating 'typescript-type-def-derive' ...
  got v0.5.13
  has 28 dependencies
Evaluating 'swc_eq_ignore_macros' ...
  got v1.0.1
  has 8 dependencies
Evaluating 'faux_macros' ...
  got v0.1.13
  has 24 dependencies
Evaluating 'libpulse-binding' ...
  got v2.30.1
  has 20 dependencies
Evaluating 'gstreamer-player' ...
  got v0.25.0
  has 132 dependencies
Evaluating 'librsvg' ...
  got v2.62.1
  has 354 dependencies
Evaluating 'actix-web-httpauth' ...
  got v0.8.2
  has 231 dependencies
Evaluating 'swc_visit' ...
  got v2.0.1
  has 2 dependencies
Evaluating 'avif-serialize' ...
  got v0.8.8
  has 1 dependencies
Evaluating 'swc_ecma_ast' ...
  got v23.0.0
  has 172 dependencies
Evaluating 'gstreamer-pbutils-sys' ...
  got v0.25.0
  has 53 dependencies
Evaluating 'cap-primitives' ...
  got v4.0.2
  has 15 dependencies
Evaluating 'cfb-mode' ...
  got v0.9.0
  has 6 dependencies
Evaluating 'rust-hsluv' ...
  got v0.1.4
  has 0 dependencies
Evaluating 'sourcemap' ...
  got v9.3.2
  has 101 dependencies
Evaluating 'vfio-ioctls' ...
  got v0.6.0
  has 28 dependencies
Evaluating 'nu-glob' ...
  got v0.112.2
  has 0 dependencies
Evaluating 'monostate-impl' ...
  got v1.0.2
  has 7 dependencies
Evaluating 'libpulse-simple-binding' ...
  got v2.29.0
  has 26 dependencies
Evaluating 'minicbor' ...
  got v2.2.1
  has 0 dependencies
Evaluating 'fs-swap' ...
  got v0.2.6
  has 1 dependencies
Evaluating 'regex-cache' ...
  got v0.2.1
  has 13 dependencies
Evaluating 'azure_core' ...
  got v0.35.0
  has 346 dependencies
Evaluating 'tee' ...
  got v0.1.0
  has 0 dependencies
Evaluating 'typescript-type-def' ...
  got v0.5.13
  has 29 dependencies
Evaluating 'signal-hook-async-std' ...
  got v0.4.0
  has 29 dependencies
Evaluating 'email' ...
  got v0.0.21
  has 31 dependencies
Evaluating 'yerpc_derive' ...
  got v0.6.4
  has 21 dependencies
Evaluating 'ethnum' ...
  got v1.5.3
  has 0 dependencies
Evaluating 'git-traverse' ...
  got v0.22.2
  has 61 dependencies
Evaluating 'domain' ...
  got v0.12.0
  has 23 dependencies
Evaluating 'cap-rand' ...
  got v4.0.2
  has 16 dependencies
Evaluating 'serde_millis' ...
  got v0.1.1
  has 2 dependencies
Evaluating 'async-smtp' ...
  got v0.10.2
  has 48 dependencies
Evaluating 'ssmarshal' ...
  got v1.0.0
  has 3 dependencies
Evaluating 'persist' ...
  got v0.0.0
  has 0 dependencies
Evaluating 'mapr' ...
  got v0.8.0
  has 1 dependencies
Evaluating 'gstreamer-player-sys' ...
  got v0.25.0
  has 45 dependencies
Evaluating 'swc_common' ...
  got v21.0.1
  has 141 dependencies
Evaluating 'git-odb' ...
  got v0.41.0
  has 143 dependencies
Evaluating 'gettext-sys' ...
  got v0.26.0
  has 5 dependencies
Evaluating 'keyboard-types' ...
  got v0.8.3
  has 1 dependencies
Evaluating 'wasmtime-component-util' ...
  got v34.0.2
  has 0 dependencies
Evaluating 'rate_limiter' ...
  got v0.1.0
  has 2 dependencies
Evaluating 'partition-identity' ...
  got v0.3.1
  has 10 dependencies
Evaluating 'parse-size' ...
  got v1.1.0
  has 0 dependencies
Evaluating 'elasticsearch' ...
  got v9.1.0-alpha.1
  has 278 dependencies
Evaluating 'autocxx-build' ...
  got v0.30.0
  has 155 dependencies
Evaluating 'ntest_test_cases' ...
  got v0.9.5
  has 8 dependencies
Evaluating 'sp-consensus-grandpa' ...
  got v28.0.0
  has 791 dependencies
Evaluating 'der_derive' ...
  got v0.8.0
  has 8 dependencies
Evaluating 'atspi' ...
  got v0.29.0
  has 196 dependencies
Evaluating 'string_enum' ...
  got v1.0.2
  has 11 dependencies
Evaluating 'ws' ...
  got v0.9.2
  has 119 dependencies
Evaluating 'ambient-authority' ...
  got v0.0.2
  has 0 dependencies
Evaluating 'ittapi' ...
  got v0.5.0
  has 7 dependencies
Evaluating 'windows-service' ...
  got v0.8.0
  has 0 dependencies
Evaluating 'buffered-reader' ...
  got v1.4.0
  has 14 dependencies
Evaluating 'maxminddb' ...
  got v0.28.1
  has 19 dependencies
Evaluating 'effective-limits' ...
  got v0.5.5
  has 18 dependencies
Evaluating 'octocrab' ...
  got v0.49.9
  has 452 dependencies
Evaluating 'tracing-forest' ...
  got v0.3.1
  has 31 dependencies
Evaluating 'deno_console' ...
  got v0.222.0
  has 0 dependencies
Evaluating 'git-pack' ...
  got v0.31.0
  has 127 dependencies
Evaluating 'swc_ecma_parser' ...
  got v39.0.1
  has 201 dependencies
Evaluating 'fast-socks5' ...
  got v1.0.0
  has 34 dependencies
Evaluating 'piston-float' ...
  got v1.0.1
  has 0 dependencies
Evaluating 'igd' ...
  got v0.12.1
  has 95 dependencies
Evaluating 'autocxx' ...
  got v0.30.0
  has 78 dependencies
Evaluating 'serde_v8' ...
  got v0.308.0
  has 186 dependencies
Evaluating 'deno_core' ...
  got v0.399.0
  has 363 dependencies
Evaluating 'juniper_codegen' ...
  got v0.17.0
  has 88 dependencies
Evaluating 'escaper' ...
  got v0.1.1
  has 1 dependencies
Evaluating 'symphonia-codec-vorbis' ...
  got v0.5.5
  has 15 dependencies
Evaluating 'pwd' ...
  got v1.4.0
  has 11 dependencies
Evaluating 'zenith' ...
  got v0.0.2
  has 0 dependencies
Evaluating 'naga' ...
  got v29.0.1
  has 40 dependencies
Evaluating 'mshv-bindings' ...
  got v0.6.8
  has 20 dependencies
Evaluating 'ssh-encoding' ...
  got v0.2.0
  has 0 dependencies
Evaluating 'urlpattern' ...
  got v0.6.0
  has 90 dependencies
Evaluating 'linux-taskstats' ...
  got v0.7.0
  has 97 dependencies
Evaluating 'ethereum-forkid' ...
  got v1.0.0
  has 34 dependencies
Evaluating 'platform-dirs' ...
  got v0.3.0
  has 4 dependencies
Evaluating 'default-net' ...
  got v0.22.0
  has 1 dependencies
Evaluating 'git-conventional' ...
  got v1.1.0
  has 2 dependencies
Evaluating 'arr_macro_impl' ...
  got v0.2.1
  has 8 dependencies
Evaluating 'sequoia-openpgp' ...
  got v2.2.0
  has 217 dependencies
Evaluating 'juniper' ...
  got v0.17.1
  has 145 dependencies
Evaluating 'sc-consensus-grandpa-rpc' ...
  ! crate not resolved: error: failed to select a version for the requirement `core2 = "^0.4.0"`
Evaluating 'core_io' ...
  got v0.1.20210325
  has 3 dependencies
Evaluating 'async-imap' ...
  got v0.11.2
  has 126 dependencies
Evaluating 'libpulse-sys' ...
  got v1.23.0
  has 15 dependencies
Evaluating 'sha1collisiondetection' ...
  got v0.3.4
  has 12 dependencies
Evaluating 'rexpect' ...
  got v0.7.0
  has 35 dependencies
Evaluating 'parquet2' ...
  got v0.17.2
  has 36 dependencies
Evaluating 'tiger' ...
  got v0.3.0
  has 6 dependencies
Evaluating 'md4' ...
  got v0.11.0
  has 7 dependencies
Evaluating 'sea-strum' ...
  got v0.23.0
  has 0 dependencies
Evaluating 'longest-increasing-subsequence' ...
  got v0.1.0
  has 0 dependencies
Evaluating 'imageproc' ...
  got v0.26.1
  has 216 dependencies
Evaluating 'hotwatch' ...
  got v0.5.0
  has 31 dependencies
Evaluating 'azure_storage' ...
  got v0.21.0
  has 371 dependencies
Evaluating 'tch' ...
  got v0.24.0
  has 127 dependencies
Evaluating 'fluent' ...
  got v0.17.0
  has 32 dependencies
Evaluating 'cap-time-ext' ...
  got v4.0.2
  has 19 dependencies
Evaluating 'wasi-cap-std-sync' ...
  got v17.0.3
  has 216 dependencies
Evaluating 'accesskit_unix' ...
  got v0.21.0
  has 227 dependencies
Evaluating 'nvim-rs' ...
  got v0.9.2
  has 50 dependencies
Evaluating 'vfio-bindings' ...
  got v0.6.2
  has 0 dependencies
Evaluating 'delegate' ...
  got v0.13.5
  has 8 dependencies
Evaluating 'strfmt' ...
  got v0.2.5
  has 0 dependencies
Evaluating 'arrow-format' ...
  got v0.8.1
  has 0 dependencies
Evaluating 'ittapi-sys' ...
  got v0.5.0
  has 4 dependencies
Evaluating 'rustup' ...
  ! crate not resolved: error: the crate `rustup` could not be found in registry index.
Evaluating 'wrapcenum-derive' ...
  got v0.4.1
  has 20 dependencies
Evaluating 'qrcode-generator' ...
  got v5.0.0
  has 24 dependencies
Evaluating 'winx' ...
  got v0.36.4
  has 1 dependencies
Evaluating 'rangemap' ...
  got v1.7.1
  has 0 dependencies
Evaluating 'fdt' ...
  got v0.1.5
  has 0 dependencies
Evaluating 'jsonrpc-lite' ...
  got v0.7.0
  has 16 dependencies
Evaluating 'download' ...
  ! crate not resolved: error: the crate `download` could not be found in registry index.
Evaluating 'silicon' ...
  got v0.5.2
  has 250 dependencies
Evaluating 'substrate-test-utils-derive' ...
  got v0.9.0
  has 11 dependencies
Evaluating 'pasteboard' ...
  got v0.1.3
  has 81 dependencies
Evaluating 'ioctl-rs' ...
  got v0.2.0
  has 1 dependencies
Evaluating 'newline-converter' ...
  got v0.3.0
  has 1 dependencies
Evaluating 'vfio_user' ...
  got v0.1.3
  has 35 dependencies
Evaluating 'cap-std' ...
  got v4.0.2
  has 19 dependencies
Evaluating 'wiggle-generate' ...
  got v44.0.0
  has 83 dependencies
Evaluating 'pgp' ...
  got v0.19.0
  has 389 dependencies
Evaluating 'from_variant' ...
  got v3.0.0
  has 10 dependencies
Evaluating 'cargo-zigbuild' ...
  got v0.22.3
  has 97 dependencies
Evaluating 'serial-core' ...
  got v0.4.0
  has 1 dependencies
Evaluating 'wasm' ...
  got v0.0.0
  has 0 dependencies
Evaluating 'streaming-decompression' ...
  got v0.1.2
  has 1 dependencies
Evaluating 'minicbor-derive' ...
  got v0.19.3
  has 8 dependencies
Evaluating 'ash' ...
  got v0.38.0+1.3.281
  has 2 dependencies
Evaluating 'versionize' ...
  got v0.2.0
  has 28 dependencies
Evaluating 'logging' ...
  got v0.1.0
  has 1 dependencies
Evaluating 'magic-crypt' ...
  got v4.0.1
  has 33 dependencies
Evaluating 'fs3' ...
  got v0.5.0
  has 5 dependencies
Evaluating 'pci' ...
  got v0.0.1
  has 0 dependencies
Evaluating 'jmespatch' ...
  got v0.3.0
  has 12 dependencies
Evaluating 'sc-consensus-beefy-rpc' ...
  ! crate not resolved: error: failed to select a version for the requirement `core2 = "^0.4.0"`
Evaluating 'snmalloc-sys' ...
  got v0.7.4
  has 5 dependencies
Evaluating 'picky-asn1-x509' ...
  got v0.15.4
  has 23 dependencies
Evaluating 'oncemutex' ...
  got v0.1.1
  has 0 dependencies
Evaluating 'roaring' ...
  got v0.11.4
  has 2 dependencies
Evaluating 'deno_web' ...
  got v0.277.0
  has 446 dependencies
Evaluating 'derive_utils' ...
  got v0.15.1
  has 8 dependencies
Evaluating 'memsec' ...
  got v0.7.0
  has 4 dependencies
Evaluating 'moveit' ...
  got v0.6.0
  has 0 dependencies
Evaluating 'ssh-key' ...
  got v0.6.7
  has 30 dependencies
Evaluating 'fuzz' ...
  got v0.1.1
  has 317 dependencies
Evaluating 'arr_macro' ...
  got v0.2.1
  has 11 dependencies
Evaluating 'git-diff' ...
  got v0.26.2
  has 61 dependencies
Evaluating 'cap-fs-ext' ...
  got v4.0.2
  has 22 dependencies
Evaluating 'monostate' ...
  got v1.0.2
  has 9 dependencies
Evaluating 'smol-potat-macro' ...
  got v0.6.0
  has 8 dependencies
Evaluating 'deno_webidl' ...
  got v0.246.0
  has 364 dependencies
Evaluating 'picky-asn1' ...
  got v0.10.1
  has 15 dependencies
Evaluating 'sp-consensus-beefy' ...
  got v29.0.0
  has 799 dependencies
Evaluating 'cargo-options' ...
  got v0.7.6
  has 28 dependencies
Evaluating 'logging' ...
  got v0.1.0
  has 1 dependencies
Evaluating 'async-smtp' ...
  got v0.10.2
  has 48 dependencies
Evaluating 'tracer' ...
  ! crate not resolved: error: the crate `tracer` could not be found in registry index.
Evaluating 'cfb-mode' ...
  got v0.9.0
  has 6 dependencies
Evaluating 'ssh-encoding' ...
  got v0.2.0
  has 0 dependencies
Evaluating 'urlpattern' ...
  got v0.6.0
  has 90 dependencies
Evaluating 'fuzz' ...
  got v0.1.1
  has 317 dependencies
Evaluating 'autocxx' ...
  got v0.30.0
  has 78 dependencies
Evaluating 'autocxx-engine' ...
  got v0.30.0
  has 142 dependencies
Evaluating 'autocxx-build' ...
  got v0.30.0
  has 155 dependencies
Evaluating 'autocxx-parser' ...
  got v0.30.0
  has 36 dependencies
Evaluating 'base16' ...
  got v0.2.1
  has 0 dependencies
Evaluating 'gstreamer-pbutils-sys' ...
  got v0.25.0
  has 53 dependencies
Evaluating 'fs3' ...
  got v0.5.0
  has 5 dependencies
Evaluating 'git-packetline' ...
  got v0.14.3
  has 13 dependencies
Evaluating 'swc_ecma_ast' ...
  got v23.0.0
  has 172 dependencies
Evaluating 'memsec' ...
  got v0.7.0
  has 4 dependencies
Evaluating 'arr_macro' ...
  got v0.2.1
  has 11 dependencies
Evaluating 'swc_common' ...
  got v21.0.1
  has 141 dependencies
Evaluating 'libpulse-simple-binding' ...
  got v2.29.0
  has 26 dependencies
Evaluating 'gettext-sys' ...
  got v0.26.0
  has 5 dependencies
Evaluating 'regex-cache' ...
  got v0.2.1
  has 13 dependencies
Evaluating 'lettre_email' ...
  got v0.9.4
  has 62 dependencies
Evaluating 'gettext-rs' ...
  got v0.7.7
  has 17 dependencies
Evaluating 'rate_limiter' ...
  got v0.1.0
  has 2 dependencies
Evaluating 'jmespatch' ...
  got v0.3.0
  has 12 dependencies
Evaluating 'git-protocol' ...
  got v0.26.4
  has 155 dependencies
Evaluating 'pci' ...
  got v0.0.1
  has 0 dependencies
Evaluating 'parse-size' ...
  got v1.1.0
  has 0 dependencies
Evaluating 'fs-set-times' ...
  got v0.20.3
  has 4 dependencies
Evaluating 'auto_generate_cdp' ...
  got v0.4.6
  has 67 dependencies
Evaluating 'deno_core' ...
  got v0.399.0
  has 363 dependencies
Evaluating 'atspi-macros' ...
  got v0.4.0
  has 16 dependencies
Evaluating 'nvml-wrapper-sys' ...
  got v0.9.1
  has 2 dependencies
Evaluating 'cap-rand' ...
  got v4.0.2
  has 16 dependencies
Evaluating 'cap-fs-ext' ...
  got v4.0.2
  has 22 dependencies
Evaluating 'libpulse-simple-sys' ...
  got v1.22.0
  has 18 dependencies
Evaluating 'git-transport' ...
  got v0.25.5
  has 111 dependencies
Evaluating 'typescript-type-def' ...
  got v0.5.13
  has 29 dependencies
Evaluating 'witx' ...
  got v0.9.1
  has 14 dependencies
Evaluating 'streaming-decompression' ...
  got v0.1.2
  has 1 dependencies
Evaluating 'rangemap' ...
  got v1.7.1
  has 0 dependencies
Evaluating 'cmd_lib_core' ...
  got v0.4.0
  has 0 dependencies
Evaluating 'partition-identity' ...
  got v0.3.1
  has 10 dependencies
Evaluating 'deno_web' ...
  got v0.277.0
  has 446 dependencies
Evaluating 'picky-asn1-der' ...
  got v0.5.6
  has 18 dependencies
Evaluating 'strfmt' ...
  got v0.2.5
  has 0 dependencies
Evaluating 'tpm' ...
  ! crate not resolved: error: the crate `tpm` could not be found in registry index.
Evaluating 'libpulse-binding' ...
  got v2.30.1
  has 20 dependencies
Evaluating 'ambient-authority' ...
  got v0.0.2
  has 0 dependencies
Evaluating 'ast_node' ...
  got v5.0.0
  has 11 dependencies
Evaluating 'triple_accel' ...
  got v0.4.0
  has 0 dependencies
Evaluating 'azure_storage' ...
  got v0.21.0
  has 371 dependencies
Evaluating 'serde-error' ...
  got v0.1.3
  has 11 dependencies
Evaluating 'arrow2' ...
  got v0.18.0
  has 35 dependencies
Evaluating 'atspi' ...
  got v0.29.0
  has 196 dependencies
Evaluating 'core_io' ...
  got v0.1.20210325
  has 3 dependencies
Evaluating 'store' ...
  got v0.1.0-alpha.3
  has 5 dependencies
Evaluating 'string_enum' ...
  got v1.0.2
  has 11 dependencies
Evaluating 'vfio-ioctls' ...
  got v0.6.0
  has 28 dependencies
Evaluating 'git-conventional' ...
  got v1.1.0
  has 2 dependencies
Evaluating 'yerpc_derive' ...
  got v0.6.4
  has 21 dependencies
Evaluating 'swc_ecma_parser' ...
  got v39.0.1
  has 201 dependencies
Evaluating 'fast-socks5' ...
  got v1.0.0
  has 34 dependencies
Evaluating 'oncemutex' ...
  got v0.1.1
  has 0 dependencies
Evaluating 'snmalloc-rs' ...
  got v0.7.4
  has 6 dependencies
Evaluating 'evdev' ...
  got v0.13.2
  has 14 dependencies
Evaluating 'futures-concurrency' ...
  got v7.7.1
  has 19 dependencies
Evaluating 'gcemeta' ...
  got v0.3.0
  has 81 dependencies
Evaluating 'rexpect' ...
  got v0.7.0
  has 35 dependencies
Evaluating 'faux' ...
  got v0.1.13
  has 26 dependencies
Evaluating 'psutil' ...
  got v5.4.0
  has 28 dependencies
Evaluating 'sp-consensus-grandpa' ...
  got v28.0.0
  has 791 dependencies
Evaluating 'mshv-bindings' ...
  got v0.6.8
  has 20 dependencies
Evaluating 'piston-float' ...
  got v1.0.1
  has 0 dependencies
Evaluating 'ws' ...
  got v0.9.2
  has 119 dependencies
Evaluating 'rust-bert' ...
  got v0.23.0
  has 438 dependencies
Evaluating 'jsonrpc-lite' ...
  got v0.7.0
  has 16 dependencies
Evaluating 'xkbcommon' ...
  got v0.9.0
  has 4 dependencies
Evaluating 'pgp' ...
  got v0.19.0
  has 389 dependencies
Evaluating 'domain' ...
  got v0.12.0
  has 23 dependencies
Evaluating 'vfio_user' ...
  got v0.1.3
  has 35 dependencies
Evaluating 'git-traverse' ...
  got v0.22.2
  has 61 dependencies
Evaluating 'minicbor' ...
  got v2.2.1
  has 0 dependencies
Evaluating 'abao' ...
  got v0.2.0
  has 27 dependencies
Evaluating 'hotwatch' ...
  got v0.5.0
  has 31 dependencies
Evaluating 'swc_atoms' ...
  got v9.0.0
  has 19 dependencies
Evaluating 'rs_tracing' ...
  got v1.1.0
  has 0 dependencies
Evaluating 'nvim-rs' ...
  got v0.9.2
  has 50 dependencies
Evaluating 'tch' ...
  got v0.24.0
  has 127 dependencies
Evaluating 'parquet2' ...
  got v0.17.2
  has 36 dependencies
Evaluating 'async-graphql-warp' ...
  got v7.2.1
  has 344 dependencies
Evaluating 'better_scoped_tls' ...
  got v1.0.1
  has 1 dependencies
Evaluating 'gst-plugin-version-helper' ...
  got v0.8.3
  has 13 dependencies
Evaluating 'postcard-derive' ...
  got v0.2.2
  has 8 dependencies
Evaluating 'splitty' ...
  got v1.0.2
  has 0 dependencies
Evaluating 'api' ...
  got v0.2.0
  has 0 dependencies
Evaluating 'minicbor-derive' ...
  got v0.19.3
  has 8 dependencies
Evaluating 'secular' ...
  got v1.0.1
  has 0 dependencies
Evaluating 'iroh' ...
  got v0.98.1
  has 824 dependencies
Evaluating 'gstreamer-pbutils' ...
  got v0.25.0
  has 149 dependencies
Evaluating 'mshv-ioctls' ...
  got v0.6.8
  has 28 dependencies
Evaluating 'sc-consensus-grandpa-rpc' ...
  ! crate not resolved: error: failed to select a version for the requirement `core2 = "^0.4.0"`
Evaluating 'git-pack' ...
  got v0.31.0
  has 127 dependencies
Evaluating 'signal' ...
  got v0.7.0
  has 6 dependencies
Evaluating 'idea' ...
  got v0.6.0
  has 6 dependencies
Evaluating 'tracing-forest' ...
  got v0.3.1
  has 31 dependencies
Evaluating 'autocxx-macro' ...
  got v0.30.0
  has 50 dependencies
Evaluating 'v4l-sys' ...
  got v0.3.0
  has 41 dependencies
Evaluating 'sensitive_url' ...
  got v0.1.0
  has 74 dependencies
Evaluating 'hprof' ...
  got v0.1.3
  has 3 dependencies
Evaluating 'rustpython-doc' ...
  got v0.5.0
  has 16 dependencies
Evaluating 'mccs-db' ...
  got v0.2.0
  has 23 dependencies
Evaluating 'dec' ...
  got v0.4.11
  has 9 dependencies
Evaluating 'librespot' ...
  got v0.8.0
  has 780 dependencies
Evaluating 'parity-bytes' ...
  got v0.1.2
  has 0 dependencies
Evaluating 'immutable-chunkmap' ...
  got v2.1.2
  has 1 dependencies
Evaluating 'i18n-config' ...
  got v0.4.8
  has 28 dependencies
Evaluating 'test-cli' ...
  ! crate not resolved: error: the crate `test-cli` could not be found in registry index.
Evaluating 'mnl' ...
  got v0.3.1
  has 6 dependencies
Evaluating 'git-trailers' ...
  got v0.1.0
  has 13 dependencies
Evaluating 'edgedb-errors' ...
  got v0.5.0
  has 0 dependencies
Evaluating 'dog' ...
  got v0.1.0
  has 0 dependencies
Evaluating 'gpg-error' ...
  got v0.6.2
  has 25 dependencies
Evaluating 'testcontainers' ...
  got v0.27.3
  has 510 dependencies
Evaluating 'vm' ...
  got v0.1.0
  has 0 dependencies
Evaluating 'dasp_window' ...
  got v0.11.1
  has 1 dependencies
Evaluating 'librad' ...
  got v0.0.0
  has 0 dependencies
Evaluating 'rustpython-stdlib' ...
  got v0.5.0
  has 551 dependencies
Evaluating 'anime' ...
  got v0.1.2
  has 42 dependencies
Evaluating 'edgedb-protocol' ...
  got v0.7.0
  has 0 dependencies
Evaluating 'tantivy-bitpacker' ...
  got v0.10.0
  has 2 dependencies
Evaluating 'aws-sdk-firehose' ...
  got v1.106.0
  has 345 dependencies
Evaluating 'wgpu-hal' ...
  got v29.0.1
  has 60 dependencies
Evaluating 'piston-gfx_texture' ...
  got v0.45.0
  has 164 dependencies
Evaluating 'gdk4-wayland-sys' ...
  got v0.11.0
  has 19 dependencies
Evaluating 'rustpython-compiler' ...
  got v0.5.0
  has 219 dependencies
Evaluating 'webauthn-rs' ...
  got v0.5.4
  has 220 dependencies
Evaluating 'hex-slice' ...
  got v0.1.4
  has 0 dependencies
Evaluating 'dbus-tokio' ...
  got v0.7.6
  has 19 dependencies
Evaluating 'g2poly' ...
  got v1.2.2
  has 0 dependencies
Evaluating 'matrix-sdk-base' ...
  got v0.16.0
  has 378 dependencies
Evaluating 'radicle-git-ext' ...
  got v0.12.0
  has 122 dependencies
Evaluating 'tls-api-not-tls' ...
  got v0.12.1
  has 34 dependencies
Evaluating 'libpanel-sys' ...
  got v0.7.0
  has 91 dependencies
Evaluating 'primal' ...
  got v0.3.3
  has 11 dependencies
Evaluating 'primal-bit' ...
  got v0.3.2
  has 1 dependencies
Evaluating 'elefren' ...
  got v0.22.0
  has 495 dependencies
Evaluating 'cmsis-cffi' ...
  got v0.7.2
  has 269 dependencies
Evaluating 'is-docker' ...
  got v0.2.0
  has 1 dependencies
Evaluating 'fltk-sys' ...
  got v1.5.22
  has 5 dependencies
Evaluating 'qr2term' ...
  got v0.3.3
  has 13 dependencies
Evaluating 'relm4-macros' ...
  got v0.11.0
  has 8 dependencies
Evaluating 'probe-rs-target' ...
  got v0.31.0
  has 92 dependencies
Evaluating 'cargo-lambda-metadata' ...
  got v1.9.1
  has 724 dependencies
Evaluating 'poppler-sys-rs' ...
  got v0.26.0
  has 34 dependencies
Evaluating 'serde_array_query' ...
  got v0.3.0
  has 17 dependencies
Evaluating 'nvapi' ...
  got v0.1.4
  has 17 dependencies
Evaluating 'as-result' ...
  got v0.2.1
  has 0 dependencies
Evaluating 'uhidrs-sys' ...
  got v1.0.4
  has 28 dependencies
Evaluating 'gfx_device_gl' ...
  got v0.16.2
  has 12 dependencies
Evaluating 'bevy_app' ...
  got v0.18.1
  has 136 dependencies
Evaluating 'iced_native' ...
  got v0.10.3
  has 77 dependencies
Evaluating 'olm-rs' ...
  got v2.2.0
  has 27 dependencies
Evaluating 'libshumate' ...
  got v0.8.0
  has 193 dependencies
Evaluating 'compile-time-run' ...
  got v0.2.12
  has 8 dependencies
Evaluating 'metastruct_macro' ...
  got v0.1.4
  has 22 dependencies
Evaluating 'ratelim' ...
  got v0.3.1
  has 0 dependencies
Evaluating 'gif-dispose' ...
  got v6.0.0
  has 5 dependencies
Evaluating 'g2p' ...
  got v1.2.2
  has 10 dependencies
Evaluating 'ownedbytes' ...
  got v0.9.0
  has 1 dependencies
Evaluating 'bevy_macro_utils' ...
  got v0.18.1
  has 16 dependencies
Evaluating 'cursive_core' ...
  got v0.4.6
  has 89 dependencies
Evaluating 'inkwell' ...
  got v0.9.0
  has 16 dependencies
Evaluating 'wezterm-input-types' ...
  got v0.1.0
  has 34 dependencies
Evaluating 'build-rs' ...
  got v0.3.4
  has 1 dependencies
Evaluating 'bevy_math' ...
  got v0.18.1
  has 40 dependencies
Evaluating 'exacl' ...
  got v0.12.0
  has 4 dependencies
Evaluating 'serde-transcode' ...
  got v1.1.1
  has 2 dependencies
Evaluating 'wgpu_glyph' ...
  got v0.28.0
  has 178 dependencies
Evaluating 'env-test-util' ...
  got v1.0.1
  has 0 dependencies
Evaluating 'hassle-rs' ...
  got v0.12.0
  has 26 dependencies
Evaluating 'slog-mozlog-json' ...
  got v0.1.0
  has 18 dependencies
Evaluating 'nftnl-sys' ...
  got v0.6.4
  has 9 dependencies
Evaluating 'rustpython-derive-impl' ...
  got v0.5.0
  has 79 dependencies
Evaluating 'assay' ...
  got v0.1.1
  has 28 dependencies
Evaluating 'cursive' ...
  got v0.21.1
  has 118 dependencies
Evaluating 'rusoto_dynamodb' ...
  got v0.48.0
  has 210 dependencies
Evaluating 'packed_struct' ...
  got v0.10.1
  has 17 dependencies
Evaluating 'flamescope' ...
  got v0.1.3
  has 26 dependencies
Evaluating 'olm-sys' ...
  got v1.3.2
  has 6 dependencies
Evaluating 'utoipa-swagger-ui' ...
  got v9.0.2
  has 149 dependencies
Evaluating 'iso_currency' ...
  got v0.5.3
  has 7 dependencies
Evaluating 'mpris-player' ...
  got v0.6.3
  has 88 dependencies
Evaluating 'analysis' ...
  got v0.1.3
  has 615 dependencies
Evaluating 'bevy_time' ...
  got v0.18.1
  has 143 dependencies
Evaluating 'primal-estimate' ...
  got v0.3.3
  has 0 dependencies
Evaluating 'libssh-rs-sys' ...
  got v0.2.6
  has 11 dependencies
Evaluating 'rb' ...
  got v0.4.1
  has 0 dependencies
Evaluating 'deno_webgpu' ...
  got v0.213.0
  has 492 dependencies
Evaluating 'ruma-serde' ...
  got v0.6.1
  has 38 dependencies
Evaluating 'buildchain' ...
  got v0.5.3
  has 255 dependencies
Evaluating 'bevy_sprite' ...
  got v0.18.1
  has 441 dependencies
Evaluating 'primal-sieve' ...
  got v0.3.7
  has 4 dependencies
Evaluating 'grenad' ...
  got v0.5.0
  has 22 dependencies
Evaluating 'newsblur_api' ...
  got v0.1.2
  has 261 dependencies
Evaluating 'clap_generate' ...
  got v3.0.3
  has 11 dependencies
Evaluating 'tantivy-fst' ...
  got v0.5.0
  has 3 dependencies
Evaluating 'phantom_newtype' ...
  got v0.2.0
  has 0 dependencies
Evaluating 'atomic-arena' ...
  got v0.1.2
  has 0 dependencies
Evaluating 'ruma-identifiers-macros' ...
  got v0.22.1
  has 85 dependencies
Evaluating 'is-wsl' ...
  got v0.4.0
  has 3 dependencies
Evaluating 'tracker' ...
  got v0.2.2
  has 9 dependencies
Evaluating 'bluer' ...
  got v0.17.4
  has 79 dependencies
Evaluating 'prometheus-parser' ...
  got v0.4.2
  has 48 dependencies
Evaluating 'safe_arith' ...
  got v0.1.0
  has 0 dependencies
Evaluating 'value' ...
  got v0.1.1
  has 0 dependencies
Evaluating 'murmurhash32' ...
  got v0.4.0
  has 0 dependencies
Evaluating 'minidl' ...
  got v0.1.6
  has 0 dependencies
Evaluating 'wasi-experimental-http-wasmtime' ...
  got v0.10.0
  has 584 dependencies
Evaluating 'rustdoc-stripper' ...
  got v0.1.19
  has 0 dependencies
Evaluating 'radsort' ...
  got v0.1.1
  has 0 dependencies
Evaluating 'tremor-kv' ...
  got v0.7.2
  has 48 dependencies
Evaluating 'vector' ...
  got v0.4.1
  has 1 dependencies
Evaluating 'mac_address' ...
  got v1.1.8
  has 9 dependencies
Evaluating 'pistoncore-event_loop' ...
  got v1.0.0
  has 19 dependencies
Evaluating 'differential-dataflow' ...
  got v0.23.0
  has 49 dependencies
Evaluating 'puffin_egui' ...
  got v0.30.0
  has 92 dependencies
Evaluating 'ralloc_shim' ...
  ! crate not resolved: error: failed to select a version for the requirement `syscall = "^0.2.1"`
Evaluating 'shapefile' ...
  got v0.8.0
  has 10 dependencies
Evaluating 'iso_country' ...
  got v0.1.4
  has 1 dependencies
Evaluating 'transform' ...
  got v0.1.0
  has 0 dependencies
Evaluating 'strip_markdown' ...
  got v0.2.0
  has 7 dependencies
Evaluating 'libadwaita-sys' ...
  got v0.9.1
  has 83 dependencies
Evaluating 'bevy_ecs_macros' ...
  got v0.18.1
  has 20 dependencies
Evaluating 'ffi-opaque' ...
  got v2.0.1
  has 0 dependencies
Evaluating 'kira' ...
  got v0.12.0
  has 62 dependencies
Evaluating 'auto_enums_core' ...
  got v0.7.12
  has 8 dependencies
Evaluating 'bevy_window' ...
  got v0.18.1
  has 157 dependencies
Evaluating 'upower_dbus' ...
  got v0.3.2
  has 208 dependencies
Evaluating 'candid' ...
  got v0.10.27
  has 82 dependencies
Evaluating 'gfx-auxil' ...
  got v0.10.0
  has 37 dependencies
Evaluating 'grok' ...
  got v2.4.1
  has 11 dependencies
Evaluating 'ethcore-io' ...
  got v1.12.0
  has 153 dependencies
Evaluating 'gfx-backend-empty' ...
  got v0.9.0
  has 38 dependencies
Evaluating 'librespot-metadata' ...
  got v0.8.0
  has 608 dependencies
Evaluating 'piston-viewport' ...
  got v1.0.2
  has 1 dependencies
Evaluating 'iso9660' ...
  got v0.1.1
  has 10 dependencies
Evaluating 'rustpython-derive' ...
  got v0.5.0
  has 244 dependencies
Evaluating 'ic-identity-hsm' ...
  got v0.47.2
  has 584 dependencies
Evaluating 'keystream' ...
  got v1.0.0
  has 0 dependencies
Evaluating 'matrix-sdk' ...
  got v0.16.0
  has 791 dependencies
Evaluating 'reflink' ...
  got v0.1.3
  has 1 dependencies
Evaluating 'small' ...
  ! crate not resolved: error: the crate `small` could not be found in registry index.
Evaluating 'linreg' ...
  got v0.2.0
  has 12 dependencies
Evaluating 'headless_chrome' ...
  got v1.0.21
  has 217 dependencies
Evaluating 'mktemp' ...
  got v0.5.1
  has 4 dependencies
Evaluating 'ajour-core' ...
  got v1.0.1
  has 379 dependencies
Evaluating 'librespot-core' ...
  got v0.8.0
  has 595 dependencies
Evaluating 'iced_style' ...
  got v0.12.1
  has 43 dependencies
Evaluating 'fn-error-context' ...
  got v0.2.1
  has 8 dependencies
Evaluating 'sized-vec' ...
  got v0.3.0
  has 1 dependencies
Evaluating 'apple-bundles' ...
  got v0.21.0
  has 20 dependencies
Evaluating 'trace-time' ...
  got v0.1.3
  has 1 dependencies
Evaluating 'html5gum' ...
  got v0.8.3
  has 1 dependencies
Evaluating 'pomsky-syntax' ...
  got v0.12.0
  has 0 dependencies
Evaluating 'wfd' ...
  got v0.1.8
  has 2 dependencies
Evaluating 'pistoncore-window' ...
  got v1.0.0
  has 16 dependencies
Evaluating 'ruma-events-macros' ...
  got v0.26.1
  has 16 dependencies
Evaluating 'build-data' ...
  got v0.3.3
  has 12 dependencies
Evaluating 'piston' ...
  got v1.0.0
  has 22 dependencies
Evaluating 'glyph_brush_layout' ...
  got v0.2.4
  has 9 dependencies
Evaluating 'unic-ucd' ...
  got v0.9.0
  has 51 dependencies
Evaluating 'satellite' ...
  got v0.1.2
  has 49 dependencies
Evaluating 'parity-rocksdb-sys' ...
  got v0.5.6
  has 20 dependencies
Evaluating 'jsonnet' ...
  got v0.1.0
  has 1 dependencies
Evaluating 'chainspec' ...
  got v0.1.0
  has 65 dependencies
Evaluating 'expr' ...
  got v0.0.1
  has 0 dependencies
Evaluating 'serde_str' ...
  got v0.1.0
  has 2 dependencies
Evaluating 'gl_loader' ...
  got v0.1.2
  has 5 dependencies
Evaluating 'unic-ucd-bidi' ...
  got v0.9.0
  has 5 dependencies
Evaluating 'lnx' ...
  got v1.0.0
  has 0 dependencies
Evaluating 'actix-web-static-files' ...
  got v4.1.1
  has 248 dependencies
Evaluating 'eth2' ...
  ! crate not resolved: error: the crate `eth2` could not be found in registry index.
Evaluating 'permutate' ...
  got v0.3.2
  has 0 dependencies
Evaluating 'jrsonnet-gc-derive' ...
  got v0.4.1
  has 13 dependencies
Evaluating 'cargo-lambda-interactive' ...
  got v1.9.1
  has 75 dependencies
Evaluating 'dir' ...
  got v0.1.2
  has 134 dependencies
Evaluating 'librespot-audio' ...
  got v0.8.0
  has 608 dependencies
Evaluating 'manifest-dir-macros' ...
  got v0.1.18
  has 9 dependencies
Evaluating 'benchmark' ...
  got v0.8.0
  has 0 dependencies
Evaluating 'ink-stroke-modeler-rs' ...
  got v0.1.0
  has 10 dependencies
Evaluating 'job_scheduler_ng' ...
  got v2.4.0
  has 13 dependencies
Evaluating 'shader_version' ...
  got v0.7.0
  has 1 dependencies
Evaluating 'unic-idna-mapping' ...
  got v0.9.0
  has 5 dependencies
Evaluating 'vdev' ...
  got v0.3.1
  has 349 dependencies
Evaluating 'parity-path' ...
  got v0.1.3
  has 1 dependencies
Evaluating 'unic-bidi' ...
  got v0.9.0
  has 7 dependencies
Evaluating 'lightdm' ...
  got v0.1.0
  has 77 dependencies
Evaluating 'piston2d-graphics' ...
  got v0.45.0
  has 7 dependencies
Evaluating 'tokio-udev' ...
  got v0.10.0
  has 18 dependencies
Evaluating 'markdown' ...
  got v1.0.0
  has 1 dependencies
Evaluating 'cow-utils' ...
  got v0.1.3
  has 0 dependencies
Evaluating 'lighthouse' ...
  got v0.2.1
  has 260 dependencies
Evaluating 'axum-client-ip' ...
  got v1.3.1
  has 87 dependencies
Evaluating 'http-api-problem' ...
  got v0.60.0
  has 19 dependencies
Evaluating 'jnix-macros' ...
  got v0.4.1
  has 9 dependencies
Evaluating 'udp-over-tcp' ...
  got v0.1.9
  has 48 dependencies
Evaluating 'repr' ...
  got v0.8.0
  has 19 dependencies
Evaluating 'scram' ...
  got v0.6.0
  has 20 dependencies
Evaluating 'libsignal-protocol' ...
  ! crate not resolved: error: failed to select a version for the requirement `aes = "^0.3.2"`
Evaluating 'podio' ...
  got v0.2.0
  has 0 dependencies
Evaluating 'deltalake' ...
  got v0.32.0
  has 744 dependencies
Evaluating 'redox_liner' ...
  got v0.5.3
  has 10 dependencies
Evaluating 'clokwerk' ...
  got v0.4.0
  has 5 dependencies
Evaluating 'cob' ...
  ! crate not resolved: error: the crate `cob` could not be found in registry index.
Evaluating 'tokio-tfo' ...
  got v0.4.3
  has 51 dependencies
Evaluating 'gfx_core' ...
  got v0.9.2
  has 4 dependencies
Evaluating 'tracing-tower' ...
  got v0.0.0
  has 0 dependencies
Evaluating 'forwarded-header-value' ...
  got v0.1.1
  has 11 dependencies
Evaluating 'vte4' ...
  got v0.10.0
  has 196 dependencies
Evaluating 'dlopen2_derive' ...
  got v0.4.3
  has 8 dependencies
Evaluating 'libadwaita' ...
  got v0.9.1
  has 193 dependencies
Evaluating 'memzero' ...
  got v0.1.0
  has 0 dependencies
Evaluating 'article_scraper' ...
  got v2.3.1
  has 337 dependencies
Evaluating 'bitmask-enum' ...
  got v2.2.5
  has 7 dependencies
Evaluating 'interpolation' ...
  got v0.3.0
  has 0 dependencies
Evaluating 'binread' ...
  got v2.2.0
  has 11 dependencies
Evaluating 'system_health' ...
  got v0.1.0
  has 21 dependencies
Evaluating 'piet-web' ...
  got v0.8.0
  has 46 dependencies
Evaluating 'gilrs-core' ...
  got v0.6.7
  has 19 dependencies
Evaluating 'bevy_utils' ...
  got v0.18.1
  has 8 dependencies
Evaluating 'emblem' ...
  ! crate not resolved: error: the crate `emblem` could not be found in registry index.
Evaluating 'encase_derive_impl' ...
  got v0.12.0
  has 8 dependencies
Evaluating 'plain_hasher' ...
  got v0.2.3
  has 1 dependencies
Evaluating 'ruma-api' ...
  got v0.20.1
  has 146 dependencies
Evaluating 'gdk4-wayland' ...
  got v0.11.0
  has 120 dependencies
Evaluating 'topiary' ...
  got v0.0.1
  has 0 dependencies
Evaluating 'scryer-prolog' ...
  got v0.10.0
  has 640 dependencies
Evaluating 'bevy_gilrs' ...
  got v0.18.1
  has 204 dependencies
Evaluating 'lyon_algorithms' ...
  got v1.0.19
  has 11 dependencies
Evaluating 'gzip-header' ...
  got v1.1.0
  has 2 dependencies
Evaluating 'serde_jsonrc' ...
  got v0.1.0
  has 4 dependencies
Evaluating 'coord' ...
  got v0.11.1
  has 31 dependencies
Evaluating 'pinyin' ...
  got v0.11.0
  has 0 dependencies
Evaluating 'kusama-runtime' ...
  ! crate not resolved: error: the crate `kusama-runtime` could not be found in registry index.
Evaluating 'geohash' ...
  got v0.13.1
  has 6 dependencies
Evaluating 'uaparser' ...
  got v0.6.4
  has 37 dependencies
Evaluating 'tree-sitter-nickel' ...
  got v0.5.0
  has 28 dependencies
Evaluating 'tracker-macros' ...
  got v0.2.2
  has 8 dependencies
Evaluating 'storage-map' ...
  got v0.3.0
  has 2 dependencies
Evaluating 'bevy' ...
  got v0.18.1
  has 1331 dependencies
Evaluating 'spa' ...
  got v0.5.1
  has 14 dependencies
Evaluating 'points_on_curve' ...
  got v0.7.0
  has 5 dependencies
Evaluating 'qml' ...
  got v0.0.9
  has 2 dependencies
Evaluating 'audio_thread_priority' ...
  got v0.35.1
  has 8 dependencies
Evaluating 'bevy_winit' ...
  got v0.18.1
  has 292 dependencies
Evaluating 'yup-oauth2' ...
  got v12.1.2
  has 218 dependencies
Evaluating 'unic-char' ...
  got v0.9.0
  has 4 dependencies
Evaluating 'permutation_iterator' ...
  got v0.1.2
  has 15 dependencies
Evaluating 'podman-api-stubs' ...
  got v0.11.0
  has 22 dependencies
Evaluating 'xcm' ...
  got v0.0.1
  has 0 dependencies
Evaluating 'mpart-async' ...
  got v0.7.0
  has 47 dependencies
Evaluating 'classic-mceliece-rust' ...
  got v3.1.0
  has 14 dependencies
Evaluating 'ring-compat' ...
  got v0.8.0
  has 71 dependencies
Evaluating 'greader_api' ...
  got v0.6.0
  has 258 dependencies
Evaluating 'lyon_tessellation' ...
  got v1.0.20
  has 12 dependencies
Evaluating 'nix-compat' ...
  got v0.0.0-pre
  has 0 dependencies
Evaluating 'byte_string' ...
  got v1.0.0
  has 0 dependencies
Evaluating 'rog_anime' ...
  got v1.3.0
  has 45 dependencies
Evaluating 'tremor-common' ...
  ! crate not resolved: error: failed to select a version for the requirement `simd-json-derive = "^0.3"`
Evaluating 'tls-api-test' ...
  got v0.9.0
  has 73 dependencies
Evaluating 'dasp_envelope' ...
  got v0.11.0
  has 11 dependencies
Evaluating 'weak-table' ...
  got v0.3.2
  has 0 dependencies
Evaluating 'libxml' ...
  got v0.3.9
  has 32 dependencies
Evaluating 'ic-error-types' ...
  got v0.2.0
  has 19 dependencies
Evaluating 'meilisearch' ...
  got v0.0.0
  has 0 dependencies
Evaluating 'graphene-sys' ...
  got v0.22.0
  has 20 dependencies
Evaluating 'ethash' ...
  got v0.4.0
  has 59 dependencies
Evaluating 'poppler-rs' ...
  got v0.26.0
  has 87 dependencies
Evaluating 'apply' ...
  got v0.3.0
  has 0 dependencies
Evaluating 'gfx-backend-dx11' ...
  got v0.9.0
  has 74 dependencies
Evaluating 'indexed_db_futures' ...
  got v0.6.4
  has 98 dependencies
Evaluating 'bevy_transform' ...
  got v0.18.1
  has 186 dependencies
Evaluating 'ldap3_proto' ...
  got v0.7.0
  has 40 dependencies
Evaluating 'git-ref-format-core' ...
  got v0.6.0
  has 10 dependencies
Evaluating 'bevy_input' ...
  got v0.18.1
  has 162 dependencies
Evaluating 'rustpython_wasm' ...
  got v0.4.0
  has 517 dependencies
Evaluating 'libhandy' ...
  got v0.11.1
  has 216 dependencies
Evaluating 'mz-avro' ...
  got v0.7.0
  has 77 dependencies
Evaluating 'piston2d-sprite' ...
  got v0.69.0
  has 31 dependencies
Evaluating 'rusoto_sts' ...
  got v0.48.0
  has 216 dependencies
Evaluating 'cargo-lambda-new' ...
  got v1.9.1
  has 1366 dependencies
Evaluating 'texture-synthesis' ...
  got v0.8.2
  has 38 dependencies
Evaluating 'fractal' ...
  got v0.7.1
  has 10 dependencies
Evaluating 'schema' ...
  got v0.1.0
  has 16 dependencies
Evaluating 'mz-http-proxy' ...
  got v0.1.0
  has 7 dependencies
Evaluating 'shadowsocks-service' ...
  got v1.24.0
  has 384 dependencies
Evaluating 'tree-sitter-haskell' ...
  got v0.23.1
  has 5 dependencies
Evaluating 'rustpython' ...
  got v0.5.0
  has 733 dependencies
Evaluating 'tree-sitter-yaml' ...
  got v0.7.2
  has 5 dependencies
Evaluating 'unic-ucd-name_aliases' ...
  got v0.9.0
  has 4 dependencies
Evaluating 'i18n-embed-fl' ...
  got v0.10.0
  has 114 dependencies
Evaluating 'iced_glutin' ...
  got v0.8.0
  has 374 dependencies
Evaluating 'libhandy-sys' ...
  got v0.11.1
  has 84 dependencies
Evaluating 'aws-sdk-cloudwatchlogs' ...
  got v1.129.0
  has 353 dependencies
Evaluating 'rocket_sync_db_pools' ...
  got v0.1.0
  has 297 dependencies
Evaluating 'bevy_reflect_derive' ...
  got v0.18.1
  has 21 dependencies
Evaluating 'openvpn-plugin' ...
  got v0.4.3
  has 9 dependencies
Evaluating 'spin_sleep' ...
  got v1.3.3
  has 0 dependencies
Evaluating 'obkv' ...
  got v0.3.0
  has 0 dependencies
Evaluating 'bevy_ptr' ...
  got v0.18.1
  has 0 dependencies
Evaluating 'texture-synthesis-cli' ...
  got v0.8.3
  has 82 dependencies
Evaluating 'hex-view' ...
  got v0.1.3
  has 0 dependencies
Evaluating 'bevy_log' ...
  got v0.18.1
  has 162 dependencies
Evaluating 'g2gen' ...
  got v1.2.2
  has 8 dependencies
Evaluating 'ddc' ...
  got v0.3.0
  has 1 dependencies
Evaluating 'tunnelto_lib' ...
  got v0.1.19
  has 39 dependencies
Evaluating 'gpgme-sys' ...
  got v0.11.0
  has 28 dependencies
Evaluating 'wchar' ...
  got v0.11.1
  has 9 dependencies
Evaluating 'diesel_logger' ...
  got v0.4.0
  has 43 dependencies
Evaluating 'cascade' ...
  got v1.0.1
  has 0 dependencies
Evaluating 'bevy_dylib' ...
  got v0.18.1
  has 176 dependencies
Evaluating 'iced' ...
  got v0.14.0
  has 677 dependencies
Evaluating 'loopdev' ...
  got v0.4.0
  has 30 dependencies
Evaluating 'elastic-array' ...
  got v0.11.0
  has 1 dependencies
Evaluating 'edid' ...
  got v0.3.0
  has 3 dependencies
Evaluating 'auto_enums' ...
  got v0.8.8
  has 12 dependencies
Evaluating 'rad' ...
  got v0.5.0
  has 32 dependencies
Evaluating 'jrsonnet-stdlib' ...
  got v0.4.2
  has 0 dependencies
Evaluating 'discv5' ...
  got v0.10.4
  has 227 dependencies
Evaluating 'cdylib-link-lines' ...
  got v0.1.5
  has 0 dependencies
Evaluating 'elapsed' ...
  got v0.1.2
  has 0 dependencies
Evaluating 'libhoney-rust' ...
  got v0.1.6
  has 264 dependencies
Evaluating 'barrel' ...
  got v0.7.0
  has 0 dependencies
Evaluating 'ion-c-sys' ...
  got v0.4.17
  has 85 dependencies
Evaluating 'bevy_render' ...
  got v0.18.1
  has 607 dependencies
Evaluating 'tracing-fluent-assertions' ...
  got v0.3.0
  has 6 dependencies
Evaluating 'qdrant' ...
  got v0.0.0
  has 0 dependencies
Evaluating 'iced_winit' ...
  got v0.14.0
  has 336 dependencies
Evaluating 'nvapi-sys' ...
  got v0.1.3
  has 12 dependencies
Evaluating 'piet-direct2d' ...
  got v0.8.0
  has 22 dependencies
Evaluating 'unicorn' ...
  got v0.9.1
  has 20 dependencies
Evaluating 'bevy_render_macros' ...
  got v0.18.1
  has 20 dependencies
Evaluating 'serde_tuple_macros' ...
  got v1.1.3
  has 8 dependencies
Evaluating 'unic-ucd-hangul' ...
  got v0.9.0
  has 2 dependencies
Evaluating 'v4l' ...
  got v0.14.0
  has 44 dependencies
Evaluating 'io-kit-sys' ...
  got v0.5.0
  has 2 dependencies
Evaluating 'grpcio-sys' ...
  got v0.13.0+1.56.2-patched
  has 16 dependencies
Evaluating 'matrix-sdk-indexeddb' ...
  got v0.16.0
  has 654 dependencies
Evaluating 'cargo-lambda-invoke' ...
  got v1.9.1
  has 787 dependencies
Evaluating 'directory' ...
  got v0.0.0
  has 0 dependencies
Evaluating 'unic-ucd-normal' ...
  got v0.9.0
  has 7 dependencies
Evaluating 'rocket_sync_db_pools_codegen' ...
  got v0.1.0
  has 22 dependencies
Evaluating 'grpcio' ...
  got v0.13.0
  has 39 dependencies
Evaluating 'benchmarking' ...
  got v0.4.13
  has 0 dependencies
Evaluating 'bevy_diagnostic' ...
  got v0.18.1
  has 149 dependencies
Evaluating 'roughr' ...
  got v0.12.0
  has 76 dependencies
Evaluating 'nurl' ...
  got v0.4.0
  has 163 dependencies
Evaluating 'fontdue' ...
  got v0.9.3
  has 5 dependencies
Evaluating 'voca_rs' ...
  got v1.15.2
  has 11 dependencies
Evaluating 'sql-parser' ...
  got v0.1.0
  has 0 dependencies
Evaluating 'time-humanize' ...
  got v0.1.3
  has 0 dependencies
Evaluating 'gdk4-sys' ...
  got v0.11.2
  has 48 dependencies
Evaluating 'graphene-rs' ...
  got v0.22.0
  has 43 dependencies
Evaluating 'woothee' ...
  got v0.13.0
  has 10 dependencies
Evaluating 'swf' ...
  got v0.2.2
  has 54 dependencies
Evaluating 'system76_ectool' ...
  got v0.3.8
  has 19 dependencies
Evaluating 'typst-lsp' ...
  got v0.0.0
  has 0 dependencies
Evaluating 'matrix-sdk-common' ...
  got v0.16.0
  has 254 dependencies
Evaluating 'fast-float' ...
  got v0.2.0
  has 0 dependencies
Evaluating 'parity-snappy-sys' ...
  got v0.1.2
  has 6 dependencies
Evaluating 'vrl' ...
  got v0.32.0
  has 841 dependencies
Evaluating 'uhid-virt' ...
  got v0.0.8
  has 35 dependencies
Evaluating 'fwupd-dbus' ...
  got v0.3.0
  has 351 dependencies
Evaluating 'simd-json-derive-int' ...
  got v0.18.0
  has 45 dependencies
Evaluating 'rustpython-pylib' ...
  got v0.5.0
  has 2 dependencies
Evaluating 'rmp3' ...
  got v0.3.1
  has 5 dependencies
Evaluating 'piston-shaders_graphics2d' ...
  got v0.4.0
  has 0 dependencies
Evaluating 'piet-coregraphics' ...
  got v0.8.0
  has 42 dependencies
Evaluating 'lnk-cryptovec' ...
  got v0.6.1
  has 2 dependencies
Evaluating 'mux' ...
  got v0.1.1
  has 1 dependencies
Evaluating 'relm4' ...
  got v0.11.0
  has 216 dependencies
Evaluating 'parity-daemonize' ...
  got v0.3.0
  has 38 dependencies
Evaluating 'iced_glow' ...
  got v0.8.0
  has 137 dependencies
Evaluating 'podman-api' ...
  got v0.11.0
  has 201 dependencies
Evaluating 'interchange' ...
  got v0.3.2
  has 0 dependencies
Evaluating 'pods' ...
  ! crate not resolved: error: the crate `pods` could not be found in registry index.
Evaluating 'rust-lzma' ...
  got v0.6.0
  has 2 dependencies
Evaluating 'pkcs11' ...
  got v0.5.0
  has 13 dependencies
Evaluating 'devserver_lib' ...
  got v0.4.2
  has 28 dependencies
Evaluating 'datadriven' ...
  got v0.9.0
  has 35 dependencies
Evaluating 'mccs-caps' ...
  got v0.2.0
  has 4 dependencies
Evaluating 'lindera-ko-dic' ...
  got v3.0.7
  has 354 dependencies
Evaluating 'prof' ...
  got v0.1.9
  has 131 dependencies
Evaluating 'enum_derive' ...
  got v0.1.7
  has 0 dependencies
Evaluating 'utime' ...
  got v0.3.3
  has 3 dependencies
Evaluating 'piet-common' ...
  got v0.8.0
  has 125 dependencies
Evaluating 'iced_graphics' ...
  got v0.14.0
  has 115 dependencies
Evaluating 'cubeb-core' ...
  got v0.34.1
  has 10 dependencies
Evaluating 'minifb' ...
  got v0.28.0
  has 63 dependencies
Evaluating 'clipboard_wayland' ...
  got v0.2.2
  has 98 dependencies
Evaluating 'kubernix' ...
  got v0.3.1
  has 94 dependencies
Evaluating 'nurl' ...
  got v0.4.0
  has 163 dependencies
Evaluating 'env' ...
  got v1.0.1
  has 1 dependencies
Evaluating 'spa' ...
  got v0.5.1
  has 14 dependencies
Evaluating 'tracker' ...
  got v0.2.2
  has 9 dependencies
Evaluating 'gsk4-sys' ...
  got v0.11.1
  has 62 dependencies
Evaluating 'ffi-opaque' ...
  got v2.0.1
  has 0 dependencies
Evaluating 'mz-http-proxy' ...
  got v0.1.0
  has 7 dependencies
Evaluating 'pkg-version-impl' ...
  got v0.1.1
  has 1 dependencies
Evaluating 'opml' ...
  got v1.1.6
  has 29 dependencies
Evaluating 'schema' ...
  got v0.1.0
  has 16 dependencies
Evaluating 'tree-sitter-prisma-io' ...
  got v1.6.0
  has 5 dependencies
Evaluating 'dasp_window' ...
  got v0.11.1
  has 1 dependencies
Evaluating 'obfstr' ...
  got v0.4.4
  has 0 dependencies
Evaluating 'i18n-embed-fl' ...
  got v0.10.0
  has 114 dependencies
Evaluating 'chacha' ...
  got v0.4.0
  has 1 dependencies
Evaluating 'aws-sdk-firehose' ...
  got v1.106.0
  has 345 dependencies
Evaluating 'timely' ...
  got v0.29.0
  has 42 dependencies
Evaluating 'signatory' ...
  got v0.27.1
  has 14 dependencies
Evaluating 'html2pango' ...
  got v0.6.0
  has 159 dependencies
Evaluating 'delay_map' ...
  got v0.4.1
  has 39 dependencies
Evaluating 'gdk4-wayland-sys' ...
  got v0.11.0
  has 19 dependencies
Evaluating 'bevy_ptr' ...
  got v0.18.1
  has 0 dependencies
Evaluating 'assay' ...
  got v0.1.1
  has 28 dependencies
Evaluating 'bevy_reflect_derive' ...
  got v0.18.1
  has 21 dependencies
Evaluating 'radicle-keystore' ...
  got v0.2.0
  has 124 dependencies
Evaluating 'big_s' ...
  got v1.0.2
  has 0 dependencies
Evaluating 'dbus-tokio' ...
  got v0.7.6
  has 19 dependencies
Evaluating 'radicle-git-ext' ...
  got v0.12.0
  has 122 dependencies
Evaluating 'cargo-lambda-invoke' ...
  got v1.9.1
  has 787 dependencies
Evaluating 'ddc' ...
  got v0.3.0
  has 1 dependencies
Evaluating 'bitset-core' ...
  got v0.1.1
  has 0 dependencies
Evaluating 'test-macros' ...
  ! crate not resolved: error: the crate `test-macros` could not be found in registry index.
Evaluating 'libvips' ...
  got v1.7.3
  has 12 dependencies
Evaluating 'souvlaki' ...
  got v0.8.3
  has 17 dependencies
Evaluating 'profiling' ...
  got v1.0.17
  has 8 dependencies
Evaluating 'target_info' ...
  got v0.1.0
  has 0 dependencies
Evaluating 'poppler-sys-rs' ...
  got v0.26.0
  has 34 dependencies
Evaluating 'cubeb' ...
  got v0.34.1
  has 11 dependencies
Evaluating 'ddc-macos' ...
  got v0.2.2
  has 35 dependencies
Evaluating 'uhidrs-sys' ...
  got v1.0.4
  has 28 dependencies
Evaluating 'gifski' ...
  got v1.34.0
  has 67 dependencies
Evaluating 'olm-rs' ...
  got v2.2.0
  has 27 dependencies
Evaluating 'primal' ...
  got v0.3.3
  has 11 dependencies
Evaluating 'order-stat' ...
  got v0.1.3
  has 0 dependencies
Evaluating 'iced' ...
  got v0.14.0
  has 677 dependencies
Evaluating 'metastruct_macro' ...
  got v0.1.4
  has 22 dependencies
Evaluating 'piet-direct2d' ...
  got v0.8.0
  has 22 dependencies
Evaluating 'librespot-metadata' ...
  got v0.8.0
  has 608 dependencies
Evaluating 'grpcio' ...
  got v0.13.0
  has 39 dependencies
Evaluating 'qdrant' ...
  got v0.0.0
  has 0 dependencies
Evaluating 'deserr' ...
  got v0.6.4
  has 20 dependencies
Evaluating 'urlqstring' ...
  got v0.3.5
  has 0 dependencies
Evaluating 'gouth' ...
  got v0.2.1
  has 159 dependencies
Evaluating 'metrohash' ...
  got v1.0.7
  has 0 dependencies
Evaluating 'mock_instant' ...
  got v0.6.0
  has 0 dependencies
Evaluating 'country-parser' ...
  got v0.1.1
  has 20 dependencies
Evaluating 'optional' ...
  got v0.5.0
  has 0 dependencies
Evaluating 'piston2d-gfx_graphics' ...
  got v0.82.0
  has 183 dependencies
Evaluating 'interchange' ...
  got v0.3.2
  has 0 dependencies
Evaluating 'vrl' ...
  got v0.32.0
  has 841 dependencies
Evaluating 'migration-rocksdb' ...
  got v0.1.0
  has 160 dependencies
Evaluating 'plain_hasher' ...
  got v0.2.3
  has 1 dependencies
Evaluating 'capnp-rpc' ...
  got v0.25.0
  has 22 dependencies
Evaluating 'libmdns' ...
  got v0.10.1
  has 44 dependencies
Evaluating 'serde-cs' ...
  got v0.2.4
  has 2 dependencies
Evaluating 'binread' ...
  got v2.2.0
  has 11 dependencies
Evaluating 'memzero' ...
  got v0.1.0
  has 0 dependencies
Evaluating 'ion-c-sys' ...
  got v0.4.17
  has 85 dependencies
Evaluating 'points_on_curve' ...
  got v0.7.0
  has 5 dependencies
Evaluating 'lioness' ...
  got v0.1.2
  has 14 dependencies
Evaluating 'cargo-lambda-metadata' ...
  got v1.9.1
  has 724 dependencies
Evaluating 'parity-rocksdb' ...
  got v0.5.1
  has 23 dependencies
Evaluating 'yup-oauth2' ...
  got v12.1.2
  has 218 dependencies
Evaluating 'ethcore-logger' ...
  got v1.12.0
  has 31 dependencies
Evaluating 'mdbx-sys' ...
  got v13.11.0
  has 34 dependencies
Evaluating 'coord' ...
  got v0.11.1
  has 31 dependencies
Evaluating 'whatlang' ...
  got v0.18.0
  has 4 dependencies
Evaluating 'scryer-prolog' ...
  got v0.10.0
  has 640 dependencies
Evaluating 'packed_struct_codegen' ...
  got v0.10.1
  has 8 dependencies
Evaluating 'gfx-backend-dx11' ...
  got v0.9.0
  has 74 dependencies
Evaluating 'portable-pty' ...
  got v0.9.0
  has 26 dependencies
Evaluating 'puruspe' ...
  got v0.4.4
  has 7 dependencies
Evaluating 'cargo-lambda-interactive' ...
  got v1.9.1
  has 75 dependencies
Evaluating 'eth-secp256k1' ...
  got v0.5.7
  has 9 dependencies
Evaluating 'systemd-zbus' ...
  got v5.3.2
  has 163 dependencies
Evaluating 'cdylib-link-lines' ...
  got v0.1.5
  has 0 dependencies
Evaluating 'pp-rs' ...
  got v0.2.1
  has 1 dependencies
Evaluating 'bluer' ...
  got v0.17.4
  has 79 dependencies
Evaluating 'bn' ...
  got v0.4.3
  has 6 dependencies
Evaluating 'matrix-sdk-qrcode' ...
  got v0.16.0
  has 346 dependencies
Evaluating 'roughr' ...
  got v0.12.0
  has 76 dependencies
Evaluating 'topiary' ...
  got v0.0.1
  has 0 dependencies
Evaluating 'fontconfig' ...
  got v0.10.0
  has 7 dependencies
Evaluating 'serial' ...
  got v0.4.0
  has 9 dependencies
Evaluating 'dmg' ...
  got v0.1.2
  has 15 dependencies
Evaluating 'google-cloud-rust-raw' ...
  got v0.16.1
  has 63 dependencies
Evaluating 'bevy_core_pipeline' ...
  got v0.18.1
  has 629 dependencies
Evaluating 'mpris-player' ...
  got v0.6.3
  has 88 dependencies
Evaluating 'deno_webgpu' ...
  got v0.213.0
  has 492 dependencies
Evaluating 'serde_tuple' ...
  got v1.1.3
  has 15 dependencies
Evaluating 'cargo-lambda-build' ...
  got v1.9.1
  has 909 dependencies
Evaluating 'atomic-arena' ...
  got v0.1.2
  has 0 dependencies
Evaluating 'httm' ...
  got v0.49.9
  has 142 dependencies
Evaluating 'popsicle' ...
  got v0.1.5
  has 27 dependencies
Evaluating 'compare_fields_derive' ...
  got v0.1.1
  has 7 dependencies
Evaluating 'build-env' ...
  got v0.3.1
  has 0 dependencies
Evaluating 'http_api' ...
  got v0.1.0
  has 374 dependencies
Evaluating 'rnote' ...
  got v0.0.0
  has 0 dependencies
Evaluating 'hard-xml' ...
  got v1.41.0
  has 14 dependencies
Evaluating 'cob' ...
  ! crate not resolved: error: the crate `cob` could not be found in registry index.
Evaluating 'prof' ...
  got v0.1.9
  has 131 dependencies
Evaluating 'libadwaita' ...
  got v0.9.1
  has 193 dependencies
Evaluating 'discv5' ...
  got v0.10.4
  has 227 dependencies
Evaluating 'sqlite-cache' ...
  got v0.1.4
  has 56 dependencies
Evaluating 'cargo-lambda-watch' ...
  got v1.9.1
  has 1173 dependencies
Evaluating 'auto_enums' ...
  got v0.8.8
  has 12 dependencies
Evaluating 'test-cli' ...
  ! crate not resolved: error: the crate `test-cli` could not be found in registry index.
Evaluating 'dns' ...
  got v0.0.1
  has 0 dependencies
Evaluating 'markup' ...
  got v0.16.0
  has 9 dependencies
Evaluating 'git-trailers' ...
  got v0.1.0
  has 13 dependencies
Evaluating 'cascade' ...
  got v1.0.1
  has 0 dependencies
Evaluating 'tabout' ...
  got v0.3.0
  has 107 dependencies
Evaluating 'feed-rs' ...
  got v2.3.1
  has 113 dependencies
Evaluating 'keystream' ...
  got v1.0.0
  has 0 dependencies
Evaluating 'gfx_device_gl' ...
  got v0.16.2
  has 12 dependencies
Evaluating 'fractal' ...
  got v0.7.1
  has 10 dependencies
Evaluating 'timely-util' ...
  got v0.1.1
  has 88 dependencies
Evaluating 'matrix-sdk-common' ...
  got v0.16.0
  has 254 dependencies
Evaluating 'jrsonnet-gc' ...
  got v0.4.2
  has 0 dependencies
Evaluating 'rb' ...
  got v0.4.1
  has 0 dependencies
Evaluating 'postgres-util' ...
  got v0.1.1
  has 9 dependencies
Evaluating 'librespot-core' ...
  got v0.8.0
  has 595 dependencies
Evaluating 'puffin_egui' ...
  got v0.30.0
  has 92 dependencies
Evaluating 'permissive-json-pointer' ...
  got v0.2.0
  has 5 dependencies
Evaluating 'pfctl' ...
  got v0.7.0
  has 27 dependencies
Evaluating 'rnote-compose' ...
  got v0.0.0
  has 0 dependencies
Evaluating 'shadowsocks' ...
  got v1.24.0
  has 344 dependencies
Evaluating 'bevy_reflect' ...
  got v0.18.1
  has 67 dependencies
Evaluating 'metaflac' ...
  got v0.2.8
  has 2 dependencies
Evaluating 'compare_fields' ...
  got v0.1.1
  has 10 dependencies
Evaluating 'fakedata_generator' ...
  got v0.7.1
  has 26 dependencies
Evaluating 'sre-engine' ...
  got v0.4.3
  has 20 dependencies
Evaluating 'rustpython-derive' ...
  got v0.5.0
  has 244 dependencies
Evaluating 'io-kit-sys' ...
  got v0.5.0
  has 2 dependencies
Evaluating 'clap_generate' ...
  got v3.0.3
  has 11 dependencies
Evaluating 'fwupd-dbus' ...
  got v0.3.0
  has 351 dependencies
Evaluating 'gfx' ...
  got v0.18.3
  has 7 dependencies
Evaluating 'unexpected' ...
  got v0.1.0
  has 0 dependencies
Evaluating 'rustpython-compiler' ...
  got v0.5.0
  has 219 dependencies
Evaluating 'ruma-events-macros' ...
  got v0.26.1
  has 16 dependencies
Evaluating 'binread_derive' ...
  got v2.1.0
  has 9 dependencies
Evaluating 'mktemp' ...
  got v0.5.1
  has 4 dependencies
Evaluating 'markdown' ...
  got v1.0.0
  has 1 dependencies
Evaluating 'wgpu-hal' ...
  got v29.0.1
  has 60 dependencies
Evaluating 'edgedb-protocol' ...
  got v0.7.0
  has 0 dependencies
Evaluating 'mux' ...
  got v0.1.1
  has 1 dependencies
Evaluating 'spd' ...
  got v0.2.0
  has 293 dependencies
Evaluating 'wgpu' ...
  got v29.0.1
  has 151 dependencies
Evaluating 'tun' ...
  got v0.8.7
  has 20 dependencies
Evaluating 'tokio-udev' ...
  got v0.10.0
  has 18 dependencies
Evaluating 'librespot-discovery' ...
  got v0.8.0
  has 637 dependencies
Evaluating 'price-info' ...
  got v1.12.0
  has 360 dependencies
Evaluating 'fake-fetch' ...
  got v0.0.1
  has 300 dependencies
Evaluating 'encase_derive' ...
  got v0.12.0
  has 9 dependencies
Evaluating 'piston_window' ...
  got v0.147.0
  has 498 dependencies
Evaluating 'tunnelto_lib' ...
  got v0.1.19
  has 39 dependencies
Evaluating 'dog' ...
  got v0.1.0
  has 0 dependencies
Evaluating 'gfx-backend-dx12' ...
  got v0.9.1
  has 76 dependencies
Evaluating 'bevy' ...
  got v0.18.1
  has 1331 dependencies
Evaluating 'linkme' ...
  got v0.3.36
  has 9 dependencies
Evaluating 'geohash' ...
  got v0.13.1
  has 6 dependencies
Evaluating 'tremor-script' ...
  ! crate not resolved: error: failed to select a version for the requirement `simd-json-derive = "^0.3"`
Evaluating 'parquet-format-async-temp' ...
  got v0.3.1
  has 37 dependencies
Evaluating 'gpu-allocator' ...
  got v0.28.0
  has 13 dependencies
Evaluating 'html5gum' ...
  got v0.8.3
  has 1 dependencies
Evaluating 'qwal' ...
  got v0.1.0
  has 13 dependencies
Evaluating 'rustpython_wasm' ...
  got v0.4.0
  has 517 dependencies
Evaluating 'iso9660' ...
  got v0.1.1
  has 10 dependencies
Evaluating 'relm4-components' ...
  got v0.11.0
  has 223 dependencies
Evaluating 'serial-windows' ...
  got v0.4.0
  has 3 dependencies
Evaluating 'lapce-xi-rope' ...
  got v0.4.0
  has 12 dependencies
Evaluating 'gurk' ...
  ! crate not resolved: error: the crate `gurk` could not be found in registry index.
Evaluating 'i18n-embed' ...
  got v0.16.0
  has 47 dependencies
Evaluating 'reflink' ...
  got v0.1.3
  has 1 dependencies
Evaluating 'tracing-distributed' ...
  got v0.4.0
  has 28 dependencies
Evaluating 'mnl-sys' ...
  got v0.2.2
  has 3 dependencies
Evaluating 'piet-coregraphics' ...
  got v0.8.0
  has 42 dependencies
Evaluating 'bevy_transform' ...
  got v0.18.1
  has 186 dependencies
Evaluating 'ashpd' ...
  got v0.13.10
  has 132 dependencies
Evaluating 'spirv_headers' ...
  got v1.5.0
  has 4 dependencies
Evaluating 'db-key' ...
  got v0.1.0
  has 0 dependencies
Evaluating 'iced_glow' ...
  got v0.8.0
  has 137 dependencies
Evaluating 'mimallocator' ...
  got v0.1.3
  has 6 dependencies
Evaluating 'input' ...
  got v0.10.0
  has 14 dependencies
Evaluating 'rapier2d' ...
  got v0.32.0
  has 99 dependencies
Evaluating 'libxml' ...
  got v0.3.9
  has 32 dependencies
Evaluating 'datadriven' ...
  got v0.9.0
  has 35 dependencies
Evaluating 'pistoncore-event_loop' ...
  got v1.0.0
  has 19 dependencies
Evaluating 'librespot' ...
  got v0.8.0
  has 780 dependencies
Evaluating 'bevy_ecs_macros' ...
  got v0.18.1
  has 20 dependencies
Evaluating 'claim' ...
  got v0.5.0
  has 2 dependencies
Evaluating 'dasp_rms' ...
  got v0.11.0
  has 4 dependencies
Evaluating 'pix' ...
  got v0.15.0
  has 0 dependencies
Evaluating 'actix-web-static-files' ...
  got v4.1.1
  has 248 dependencies
Evaluating 'tree-sitter-yaml' ...
  got v0.7.2
  has 5 dependencies
Evaluating 'gfx-hal' ...
  got v0.9.0
  has 35 dependencies
Evaluating 'unborrow' ...
  got v0.3.1
  has 0 dependencies
Evaluating 'eip-152' ...
  got v0.1.0
  has 1 dependencies
Evaluating 'bevy_mikktspace' ...
  got v1.0.0
  has 0 dependencies
Evaluating 'png_pong' ...
  got v0.11.0
  has 16 dependencies
Evaluating 'gilrs' ...
  got v0.11.1
  has 24 dependencies
Evaluating 'gfx-descriptor' ...
  got v0.2.0
  has 10 dependencies
Evaluating 'dasp_ring_buffer' ...
  got v0.11.0
  has 0 dependencies
Evaluating 'meilisearch' ...
  got v0.0.0
  has 0 dependencies
Evaluating 'associative-cache' ...
  got v3.0.1
  has 0 dependencies
Evaluating 'vte4-sys' ...
  got v0.10.0
  has 84 dependencies
Evaluating 'nix-compat' ...
  got v0.0.0-pre
  has 0 dependencies
Evaluating 'graphene-sys' ...
  got v0.22.0
  has 20 dependencies
Evaluating 'unic-emoji' ...
  got v0.9.0
  has 6 dependencies
Evaluating 'unic-idna' ...
  got v0.9.0
  has 21 dependencies
Evaluating 'surface' ...
  got v0.1.0
  has 0 dependencies
Evaluating 'enum_derive' ...
  got v0.1.7
  has 0 dependencies
Evaluating 'raft' ...
  got v0.7.0
  has 105 dependencies
Evaluating 'safe-lock' ...
  got v0.1.4
  has 0 dependencies
Evaluating 'i2c' ...
  got v0.1.0
  has 1 dependencies
Evaluating 'gfx-memory' ...
  got v0.2.2
  has 12 dependencies
Evaluating 'analysis' ...
  got v0.1.3
  has 615 dependencies
Evaluating 'pistoncore-glutin_window' ...
  got v0.73.2
  has 201 dependencies
Evaluating 'piston2d-graphics' ...
  got v0.45.0
  has 7 dependencies
Evaluating 'simd-json-derive-int' ...
  got v0.18.0
  has 45 dependencies
Evaluating 'syzygy' ...
  got v0.0.6
  has 48 dependencies
Evaluating 'build-info' ...
  got v0.0.44
  has 83 dependencies
Evaluating 'hmac-sha256' ...
  got v1.1.14
  has 0 dependencies
Evaluating 'libsystemd-sys' ...
  got v0.9.4
  has 5 dependencies
Evaluating 'glow_glyph' ...
  got v0.7.0
  has 42 dependencies
Evaluating 'rmp3' ...
  got v0.3.1
  has 5 dependencies
Evaluating 'matrix-sdk-store-encryption' ...
  got v0.16.0
  has 92 dependencies
Evaluating 'gc-arena' ...
  got v0.5.3
  has 14 dependencies
Evaluating 'uhid-virt' ...
  got v0.0.8
  has 35 dependencies
Evaluating 'xorf' ...
  got v0.12.0
  has 11 dependencies
Evaluating 'realfft' ...
  got v3.5.0
  has 14 dependencies
Evaluating 'logging_timer' ...
  got v1.1.1
  has 11 dependencies
Evaluating 'libadwaita-sys' ...
  got v0.9.1
  has 83 dependencies
Evaluating 'forwarded-header-value' ...
  got v0.1.1
  has 11 dependencies
Evaluating 'spin_sleep' ...
  got v1.3.3
  has 0 dependencies
Evaluating 'timely_bytes' ...
  got v0.29.0
  has 0 dependencies
Evaluating 'bevy_egui' ...
  got v0.39.1
  has 1034 dependencies
Evaluating 'internet-checksum' ...
  got v0.2.1
  has 0 dependencies
Evaluating 'tracing-honeycomb' ...
  got v0.4.3
  has 314 dependencies
Evaluating 'opentelemetry-aws' ...
  got v0.19.0
  has 52 dependencies
Evaluating 'tantivy-common' ...
  got v0.11.0
  has 27 dependencies
Evaluating 'fn-error-context' ...
  got v0.2.1
  has 8 dependencies
Evaluating 'dbus-crossroads' ...
  got v0.5.3
  has 5 dependencies
Evaluating 'candid' ...
  got v0.10.27
  has 82 dependencies
Evaluating 'keccak-hash' ...
  got v0.12.0
  has 22 dependencies
Evaluating 'wpaperd' ...
  got v1.0.1
  has 391 dependencies
Evaluating 'exporter' ...
  got v0.1.3
  has 18 dependencies
Evaluating 'pkcs11' ...
  got v0.5.0
  has 13 dependencies
Evaluating 'winauth' ...
  got v0.0.5
  has 16 dependencies
Evaluating 'sequoia-ipc' ...
  got v0.36.1
  has 225 dependencies
Evaluating 'logfmt' ...
  got v0.0.2
  has 0 dependencies
Evaluating 'dasp_slice' ...
  got v0.11.0
  has 3 dependencies
Evaluating 'tunnelto' ...
  got v0.1.20
  has 592 dependencies
Evaluating 'bevy_gilrs' ...
  got v0.18.1
  has 204 dependencies
Evaluating 'inplace_it' ...
  got v0.3.6
  has 0 dependencies
Evaluating 'i18n-config' ...
  got v0.4.8
  has 28 dependencies
Evaluating 'mac_address' ...
  got v1.1.8
  has 9 dependencies
Evaluating 'parity-snappy-sys' ...
  got v0.1.2
  has 6 dependencies
Evaluating 'tracker-macros' ...
  got v0.2.2
  has 8 dependencies
Evaluating 'tls-api-rustls' ...
  got v0.12.1
  has 58 dependencies
Evaluating 'gpu-alloc' ...
  got v0.6.0
  has 3 dependencies
Evaluating 'codec' ...
  got v0.0.7
  has 4 dependencies
Evaluating 'nftnl' ...
  got v0.9.2
  has 20 dependencies
Evaluating 'result' ...
  got v1.0.0
  has 0 dependencies
Evaluating 'player' ...
  got v0.1.1
  has 0 dependencies
Evaluating 'guillotiere' ...
  got v0.7.0
  has 4 dependencies
Evaluating 'dump' ...
  got v0.1.1
  has 0 dependencies
Evaluating 'gfx-backend-vulkan' ...
  got v0.9.0
  has 59 dependencies
Evaluating 'g2p' ...
  got v1.2.2
  has 10 dependencies
Evaluating 'dec' ...
  got v0.4.11
  has 9 dependencies
Evaluating 'powerfmt' ...
  got v0.2.0
  has 9 dependencies
Evaluating 'egui_extras' ...
  got v0.34.1
  has 87 dependencies
Evaluating 'line-index' ...
  got v0.1.2
  has 2 dependencies
Evaluating 'gdk4-x11-sys' ...
  got v0.11.0
  has 53 dependencies
Evaluating 'postcard-cobs' ...
  got v0.2.0
  has 0 dependencies
Evaluating 'parity-wordlist' ...
  got v1.3.1
  has 12 dependencies
Evaluating 'posix-regex' ...
  got v0.1.4
  has 0 dependencies
Evaluating 'tremor-value' ...
  ! crate not resolved: error: failed to select a version for the requirement `simd-json-derive = "^0.3"`
Evaluating 'piet' ...
  got v0.8.0
  has 11 dependencies
Evaluating 'tree-sitter-ocaml' ...
  got v0.24.2
  has 5 dependencies
Evaluating 'regex-test' ...
  got v0.1.1
  has 29 dependencies
Evaluating 'serde_ini' ...
  got v0.2.0
  has 4 dependencies
Evaluating 'find_folder' ...
  got v0.3.0
  has 0 dependencies
Evaluating 'mccs-caps' ...
  got v0.2.0
  has 4 dependencies
Evaluating 'shapefile' ...
  got v0.8.0
  has 10 dependencies
Evaluating 'minidom' ...
  got v0.18.0
  has 21 dependencies
Evaluating 'eth_pairings' ...
  got v0.2.0
  has 25 dependencies
Evaluating 'scram' ...
  got v0.6.0
  has 20 dependencies
Evaluating 'rsmt2' ...
  got v0.16.2
  has 13 dependencies
Evaluating 'ddc-i2c' ...
  got v0.2.2
  has 7 dependencies
Evaluating 'pinyin' ...
  got v0.11.0
  has 0 dependencies
Evaluating 'codecs' ...
  ! crate not resolved: error: failed to select a version for the requirement `core2 = "^0.3.2"`
Evaluating 'ruma-api-macros' ...
  got v0.20.1
  has 16 dependencies
Evaluating 'differential-dataflow' ...
  got v0.23.0
  has 49 dependencies
Evaluating 'libshumate-sys' ...
  got v0.8.0
  has 83 dependencies
Evaluating 'journaldb' ...
  got v0.2.0
  has 129 dependencies
Evaluating 'uninitialized' ...
  got v0.0.2
  has 0 dependencies
Evaluating 'rnote-engine' ...
  got v0.0.0
  has 0 dependencies
Evaluating 'markup-proc-macro' ...
  got v0.16.0
  has 8 dependencies
Evaluating 'async-listen' ...
  got v0.2.1
  has 74 dependencies
Evaluating 'piston-ai_behavior' ...
  got v0.33.0
  has 17 dependencies
Evaluating 'libsignal-protocol' ...
  ! crate not resolved: error: failed to select a version for the requirement `aes = "^0.3.2"`
Evaluating 'vodozemac' ...
  got v0.10.0
  has 149 dependencies
Evaluating 'iced_pure' ...
  got v0.2.2
  has 46 dependencies
Evaluating 'lyon' ...
  got v1.0.19
  has 16 dependencies
Evaluating 'no-proxy' ...
  got v0.3.6
  has 12 dependencies
Evaluating 'distance' ...
  got v0.4.0
  has 0 dependencies
Evaluating 'bintree' ...
  got v0.1.0
  has 0 dependencies
Evaluating 'base91' ...
  got v0.1.0
  has 0 dependencies
Evaluating 'hamming' ...
  got v0.1.3
  has 0 dependencies
Evaluating 'i2c-linux-sys' ...
  got v0.2.1
  has 3 dependencies
Evaluating 'devserver_lib' ...
  got v0.4.2
  has 28 dependencies
Evaluating 'system_health' ...
  got v0.1.0
  has 21 dependencies
Evaluating 'psp-types' ...
  got v0.1.1
  has 26 dependencies
Evaluating 'thunderdome' ...
  got v0.6.1
  has 0 dependencies
Evaluating 'rustpython-derive-impl' ...
  got v0.5.0
  has 79 dependencies
Evaluating 'parity-path' ...
  got v0.1.3
  has 1 dependencies
Evaluating 'libpanel-sys' ...
  got v0.7.0
  has 91 dependencies
Evaluating 'gpu-descriptor' ...
  got v0.3.2
  has 5 dependencies
Evaluating 'newsblur_api' ...
  got v0.1.2
  has 261 dependencies
Evaluating 'wgpu-core' ...
  got v29.0.1
  has 89 dependencies
Evaluating 'matrix-sdk-indexeddb' ...
  got v0.16.0
  has 654 dependencies
Evaluating 'bevy_sprite' ...
  got v0.18.1
  has 441 dependencies
Evaluating 'libssh-rs' ...
  got v0.3.6
  has 25 dependencies
Evaluating 'glyph_brush_layout' ...
  got v0.2.4
  has 9 dependencies
Evaluating 'resize-slice' ...
  got v0.1.3
  has 1 dependencies
Evaluating 'ajour-weak-auras' ...
  got v1.0.1
  has 402 dependencies
Evaluating 'as-result' ...
  got v0.2.1
  has 0 dependencies
Evaluating 'iced_native' ...
  got v0.10.3
  has 77 dependencies
Evaluating 'winresource' ...
  got v0.1.31
  has 10 dependencies
Evaluating 'jrsonnet-interner' ...
  got v0.4.2
  has 18 dependencies
Evaluating 'hawk' ...
  got v5.0.1
  has 93 dependencies
Evaluating 'wslapi' ...
  got v0.1.3
  has 0 dependencies
Evaluating 'nuid' ...
  got v0.6.0
  has 9 dependencies
Evaluating 'gfx_core' ...
  got v0.9.2
  has 4 dependencies
Evaluating 'chainspec' ...
  got v0.1.0
  has 65 dependencies
Evaluating 'jrsonnet-cli' ...
  got v0.5.0-pre97
  has 153 dependencies
Evaluating 'ic-agent' ...
  got v0.47.2
  has 563 dependencies
Evaluating 'iced_style' ...
  got v0.12.1
  has 43 dependencies
Evaluating 'dasp_interpolate' ...
  got v0.11.0
  has 4 dependencies
Evaluating 'lockfile' ...
  got v0.4.0
  has 0 dependencies
Evaluating 'to-syn-value' ...
  got v0.1.1
  has 12 dependencies
Evaluating 'git-ref-format' ...
  got v0.6.0
  has 11 dependencies
Evaluating 'patricia-trie-ethereum' ...
  got v0.1.0
  has 46 dependencies
Evaluating 'gilrs-core' ...
  got v0.6.7
  has 19 dependencies
Evaluating 'common-types' ...
  ! crate not resolved: error: failed to select a version for the requirement `aes = "^0.3.2"`
Evaluating 'jrsonnet-parser' ...
  got v0.4.2
  has 27 dependencies
Evaluating 'polkadot-parachain' ...
  got v1.0.0
  has 994 dependencies
Evaluating 'json-gettext' ...
  got v4.0.10
  has 26 dependencies
Evaluating 'grok' ...
  got v2.4.1
  has 11 dependencies
Evaluating 'cargo-lambda' ...
  got v1.9.1
  has 2086 dependencies
Evaluating 'pkg-version' ...
  got v1.0.0
  has 3 dependencies
Evaluating 'ethkey' ...
  ! crate not resolved: error: failed to select a version for the requirement `zeroize = "^0.10.0"`
Evaluating 'pdqselect' ...
  got v0.1.1
  has 0 dependencies
Evaluating 'tree-sitter-cmake' ...
  got v0.7.1
  has 5 dependencies
Evaluating 'ic-error-types' ...
  got v0.2.0
  has 19 dependencies
Evaluating 'sodalite' ...
  got v0.4.0
  has 1 dependencies
Evaluating 'timsort' ...
  got v0.1.3
  has 0 dependencies
Evaluating 'i2c-linux' ...
  got v0.1.2
  has 7 dependencies
Evaluating 'opentls' ...
  got v0.2.1
  has 27 dependencies
Evaluating 'mt19937' ...
  got v3.3.0
  has 1 dependencies
Evaluating 'ic-types' ...
  got v0.7.0
  has 0 dependencies
Evaluating 'raft-proto' ...
  got v0.7.0
  has 19 dependencies
Evaluating 'dlopen2' ...
  got v0.8.2
  has 11 dependencies
Evaluating 'build-data' ...
  got v0.3.3
  has 12 dependencies
Evaluating 'gl_loader' ...
  got v0.1.2
  has 5 dependencies
Evaluating 'tree-sitter-nickel' ...
  got v0.5.0
  has 28 dependencies
Evaluating 'sys-mount' ...
  got v3.1.0
  has 57 dependencies
Evaluating 'fix-getters-rules' ...
  got v0.3.2
  has 1 dependencies
Evaluating 'audio_thread_priority' ...
  got v0.35.1
  has 8 dependencies
Evaluating 'libsamplerate' ...
  got v0.1.0
  has 1 dependencies
Evaluating 'gfx_gl' ...
  got v0.6.1
  has 5 dependencies
Evaluating 'lightdm' ...
  got v0.1.0
  has 77 dependencies
Evaluating 'gc-arena-derive' ...
  got v0.5.3
  has 12 dependencies
Evaluating 'iced_wgpu' ...
  got v0.14.0
  has 254 dependencies
Evaluating 'leveldb' ...
  got v0.8.6
  has 12 dependencies
Evaluating 'lnk-cryptovec' ...
  got v0.6.1
  has 2 dependencies
Evaluating 'opus' ...
  got v0.3.1
  has 8 dependencies
Evaluating 'eth_pairings_repr_derive' ...
  got v0.1.0
  has 19 dependencies
Evaluating 'veloren-serverbrowser-api' ...
  got v0.4.0
  has 22 dependencies
Evaluating 'fstrings' ...
  got v0.2.3
  has 11 dependencies
Evaluating 'tree-sitter-glsl' ...
  got v0.2.0
  has 5 dependencies
Evaluating 'lnk-thrussh-encoding' ...
  got v0.1.0
  has 14 dependencies
Evaluating 'swf' ...
  got v0.2.2
  has 54 dependencies
Evaluating 'dasp_frame' ...
  got v0.11.0
  has 1 dependencies
Evaluating 'http-api-problem' ...
  got v0.60.0
  has 19 dependencies
Evaluating 'emblem' ...
  ! crate not resolved: error: the crate `emblem` could not be found in registry index.
Evaluating 'divrem' ...
  got v1.0.0
  has 0 dependencies
Evaluating 'is-docker' ...
  got v0.2.0
  has 1 dependencies
Evaluating 'piston' ...
  got v1.0.0
  has 22 dependencies
Evaluating 'mpart-async' ...
  got v0.7.0
  has 47 dependencies
Evaluating 'apple-bundles' ...
  got v0.21.0
  has 20 dependencies
Evaluating 'grpcio-sys' ...
  got v0.13.0+1.56.2-patched
  has 16 dependencies
Evaluating 'probe-rs' ...
  got v0.31.0
  has 347 dependencies
Evaluating 'collection' ...
  got v0.1.1
  has 6 dependencies
Evaluating 'article_scraper' ...
  got v2.3.1
  has 337 dependencies
Evaluating 'system76_ectool' ...
  got v0.3.8
  has 19 dependencies
Evaluating 'serde_array_query' ...
  got v0.3.0
  has 17 dependencies
Evaluating 'crrl' ...
  got v0.9.0
  has 16 dependencies
Evaluating 'ajour' ...
  got v1.0.1
  has 953 dependencies
Evaluating 'gifsicle' ...
  got v1.95.0
  has 5 dependencies
Evaluating 'value' ...
  got v0.1.1
  has 0 dependencies
Evaluating 'conquer-once' ...
  got v0.4.0
  has 1 dependencies
Evaluating 'strip_markdown' ...
  got v0.2.0
  has 7 dependencies
Evaluating 'token' ...
  got v1.0.0-rc1
  has 0 dependencies
Evaluating 'iso_country' ...
  got v0.1.4
  has 1 dependencies
Evaluating 'native-dialog' ...
  got v0.9.6
  has 28 dependencies
Evaluating 'lighthouse' ...
  got v0.2.1
  has 260 dependencies
Evaluating 'wgpu-info' ...
  got v29.0.0
  has 180 dependencies
Evaluating 'bevy_window' ...
  got v0.18.1
  has 157 dependencies
Evaluating 'gfx-auxil' ...
  got v0.10.0
  has 37 dependencies
Evaluating 'shader_version' ...
  got v0.7.0
  has 1 dependencies
Evaluating 'rustdoc-stripper' ...
  got v0.1.19
  has 0 dependencies
Evaluating 'tracing-bunyan-formatter' ...
  got v0.3.10
  has 42 dependencies
Evaluating 'nettle-sys' ...
  got v2.3.2
  has 44 dependencies
Evaluating 'diagnostics' ...
  got v0.1.0
  has 0 dependencies
Evaluating 'wezterm-blob-leases' ...
  got v0.1.1
  has 41 dependencies
Evaluating 'piston-shaders_graphics2d' ...
  got v0.4.0
  has 0 dependencies
Evaluating 'librespot-playback' ...
  got v0.8.0
  has 691 dependencies
Evaluating 'iced_winit' ...
  got v0.14.0
  has 336 dependencies
Evaluating 'encase_derive_impl' ...
  got v0.12.0
  has 8 dependencies
Evaluating 'ante' ...
  got v0.1.0
  has 0 dependencies
Evaluating 'dasp_signal' ...
  got v0.11.0
  has 23 dependencies
Evaluating 'ratelim' ...
  got v0.3.1
  has 0 dependencies
Evaluating 'genawaiter' ...
  got v0.99.1
  has 28 dependencies
Evaluating 'piet-cairo' ...
  got v0.8.0
  has 120 dependencies
Evaluating 'iced_web' ...
  got v0.4.0
  has 142 dependencies
Evaluating 'nkeys' ...
  got v0.4.5
  has 60 dependencies
Evaluating 'decnumber-sys' ...
  got v0.1.6
  has 5 dependencies
Evaluating 'totp-rs' ...
  got v5.7.1
  has 21 dependencies
Evaluating 'fastdivide' ...
  got v0.4.2
  has 0 dependencies
Evaluating 'protobuf-build' ...
  got v0.15.1
  has 20 dependencies
Evaluating 'dodrio' ...
  got v0.2.0
  has 40 dependencies
Evaluating 'elefren' ...
  got v0.22.0
  has 495 dependencies
Evaluating 'melody_compiler' ...
  got v0.20.0
  has 36 dependencies
Evaluating 'htmlize' ...
  got v1.1.0
  has 2 dependencies
Evaluating 'podman-api-stubs' ...
  got v0.11.0
  has 22 dependencies
Evaluating 'glyph_brush' ...
  got v0.7.12
  has 38 dependencies
Evaluating 'khronos-egl' ...
  got v6.0.0
  has 1 dependencies
Evaluating 'autopilot' ...
  got v0.4.1
  has 70 dependencies
Evaluating 'srec' ...
  got v0.2.0
  has 0 dependencies
Evaluating 'metastruct' ...
  got v0.1.4
  has 23 dependencies
Evaluating 'flamescope' ...
  got v0.1.3
  has 26 dependencies
Evaluating 'feedly_api' ...
  got v0.7.0
  has 259 dependencies
Evaluating 'parity-crypto' ...
  got v0.9.0
  has 66 dependencies
Evaluating 'edgedb-derive' ...
  got v0.6.0
  has 0 dependencies
Evaluating 'html2text' ...
  got v0.17.1
  has 45 dependencies
Evaluating 'quaint' ...
  got v0.1.13
  has 65 dependencies
Evaluating 'kusama-runtime' ...
  ! crate not resolved: error: the crate `kusama-runtime` could not be found in registry index.
Evaluating 'wgpu_glyph' ...
  got v0.28.0
  has 178 dependencies
Evaluating 'rubato' ...
  got v2.0.0
  has 38 dependencies
Evaluating 'elastic-array' ...
  got v0.11.0
  has 1 dependencies
Evaluating 'fever_api' ...
  got v0.6.0
  has 259 dependencies
Evaluating 'serde_str' ...
  got v0.1.0
  has 2 dependencies
Evaluating 'feedbin_api' ...
  got v0.5.0
  has 256 dependencies
Evaluating 'compose' ...
  got v0.1.0
  has 0 dependencies
Evaluating 'sensitive_url' ...
  got v0.1.0
  has 74 dependencies
Evaluating 'apply' ...
  got v0.3.0
  has 0 dependencies
Evaluating 'index-fixed' ...
  got v0.3.1
  has 0 dependencies
Evaluating 'bevy_input' ...
  got v0.18.1
  has 162 dependencies
Evaluating 'promise' ...
  got v0.0.4
  has 0 dependencies
Evaluating 'matrix-sdk' ...
  got v0.16.0
  has 791 dependencies
Evaluating 'cmsis-cli' ...
  got v0.7.2
  has 283 dependencies
Evaluating 'segment' ...
  got v0.2.6
  has 232 dependencies
Evaluating 'piston-viewport' ...
  got v1.0.2
  has 1 dependencies
Evaluating 'upower_dbus' ...
  got v0.3.2
  has 208 dependencies
Evaluating 'findomain' ...
  ! crate not resolved: error: the crate `findomain` could not be found in registry index.
Evaluating 'auto_enums_core' ...
  got v0.7.12
  has 8 dependencies
Evaluating 'cargo-lambda-new' ...
  got v1.9.1
  has 1366 dependencies
Evaluating 'immutable-chunkmap' ...
  got v2.1.2
  has 1 dependencies
Evaluating 'libgpg-error-sys' ...
  got v0.6.2
  has 24 dependencies
Evaluating 'caseless' ...
  got v0.2.2
  has 3 dependencies
Evaluating 'id3' ...
  got v1.16.4
  has 8 dependencies
Evaluating 'fontdue' ...
  got v0.9.3
  has 5 dependencies
Evaluating 'obj' ...
  got v0.10.2
  has 0 dependencies
Evaluating 'tremor-kv' ...
  got v0.7.2
  has 48 dependencies
Evaluating 'webauthn-rs' ...
  got v0.5.4
  has 220 dependencies
Evaluating 'charabia' ...
  got v0.9.9
  has 450 dependencies
Evaluating 'openvpn-plugin' ...
  got v0.4.3
  has 9 dependencies
Evaluating 'murmurhash32' ...
  got v0.4.0
  has 0 dependencies
Evaluating 'piston2d-sprite' ...
  got v0.69.0
  has 31 dependencies
Evaluating 'jrsonnet-evaluator' ...
  got v0.4.2
  has 72 dependencies
Evaluating 'tree_hash' ...
  got v0.12.1
  has 87 dependencies
Evaluating 'candid' ...
  got v0.10.27
  has 82 dependencies
Evaluating 'lockfile' ...
  got v0.4.0
  has 0 dependencies
Evaluating 'conquer-once' ...
  got v0.4.0
  has 1 dependencies
Evaluating 'elapsed' ...
  got v0.1.2
  has 0 dependencies
Evaluating 'rustdoc-stripper' ...
  got v0.1.19
  has 0 dependencies
Evaluating 'pomsky' ...
  got v0.12.0
  has 1 dependencies
Evaluating 'bevy_prototype_lyon' ...
  got v0.16.0
  has 718 dependencies
Evaluating 'base91' ...
  got v0.1.0
  has 0 dependencies
Evaluating 'encase_derive' ...
  got v0.12.0
  has 9 dependencies
Evaluating 'player' ...
  got v0.1.1
  has 0 dependencies
Evaluating 'iced_core' ...
  got v0.14.0
  has 22 dependencies
Evaluating 'fontconfig' ...
  got v0.10.0
  has 7 dependencies
Evaluating 'khronos-egl' ...
  got v6.0.0
  has 1 dependencies
Evaluating 'file-mode' ...
  got v0.1.2
  has 1 dependencies
Evaluating 'ratelim' ...
  got v0.3.1
  has 0 dependencies
Evaluating 'libhoney-rust' ...
  got v0.1.6
  has 264 dependencies
Evaluating 'edgedb-protocol' ...
  got v0.7.0
  has 0 dependencies
Evaluating 'serde-transcode' ...
  got v1.1.1
  has 2 dependencies
Evaluating 'metastruct_macro' ...
  got v0.1.4
  has 22 dependencies
Evaluating 'bevy_dylib' ...
  got v0.18.1
  has 176 dependencies
Evaluating 'ic-identity-hsm' ...
  got v0.47.2
  has 584 dependencies
Evaluating 'eth-secp256k1' ...
  got v0.5.7
  has 9 dependencies
Evaluating 'ic-agent' ...
  got v0.47.2
  has 563 dependencies
Evaluating 'hassle-rs' ...
  got v0.12.0
  has 26 dependencies
Evaluating 'stats' ...
  got v0.0.1
  has 0 dependencies
Evaluating 'http-api-problem' ...
  got v0.60.0
  has 19 dependencies
Evaluating 'sql' ...
  got v0.4.3
  has 0 dependencies
Evaluating 'iced_style' ...
  got v0.12.1
  has 43 dependencies
Evaluating 'ic-utils' ...
  got v0.47.2
  has 583 dependencies
Evaluating 'shadowsocks' ...
  got v1.24.0
  has 344 dependencies
Evaluating 'secret-service' ...
  got v5.1.0
  has 143 dependencies
Evaluating 'testcontainers' ...
  got v0.27.3
  has 510 dependencies
Evaluating 'os-release' ...
  got v0.1.0
  has 1 dependencies
Evaluating 'gfx-hal' ...
  got v0.9.0
  has 35 dependencies
Evaluating 'lapce-rpc' ...
  got v0.2.1
  has 123 dependencies
Evaluating 'jrsonnet-interner' ...
  got v0.4.2
  has 18 dependencies
Evaluating 'dump' ...
  got v0.1.1
  has 0 dependencies
Evaluating 'static-files' ...
  got v0.3.1
  has 14 dependencies
Evaluating 'quill' ...
  got v0.2.0
  has 28 dependencies
Evaluating 'rangeset' ...
  got v0.4.0
  has 0 dependencies
Evaluating 'swf' ...
  got v0.2.2
  has 54 dependencies
Evaluating 'cargo-lambda-metadata' ...
  got v1.9.1
  has 724 dependencies
Evaluating 'texture-synthesis-cli' ...
  got v0.8.3
  has 82 dependencies
Evaluating 'fltk-sys' ...
  got v1.5.22
  has 5 dependencies
Evaluating 'indexed_db_futures' ...
  got v0.6.4
  has 98 dependencies
Evaluating 'no-proxy' ...
  got v0.3.6
  has 12 dependencies
Evaluating 'miniflux_api' ...
  got v0.8.0
  has 265 dependencies
Evaluating 'parity-rocksdb' ...
  got v0.5.1
  has 23 dependencies
Evaluating 'unexpected' ...
  got v0.1.0
  has 0 dependencies
Evaluating 'gfx-backend-empty' ...
  got v0.9.0
  has 38 dependencies
Evaluating 'rnote-compose' ...
  got v0.0.0
  has 0 dependencies
Evaluating 'discv5' ...
  got v0.10.4
  has 227 dependencies
Evaluating 'agg' ...
  got v0.1.0
  has 15 dependencies
Evaluating 'mux' ...
  got v0.1.1
  has 1 dependencies
Evaluating 'mnl-sys' ...
  got v0.2.2
  has 3 dependencies
Evaluating 'unborrow' ...
  got v0.3.1
  has 0 dependencies
Evaluating 'journaldb' ...
  got v0.2.0
  has 129 dependencies
Evaluating 'cargo-lambda-interactive' ...
  got v1.9.1
  has 75 dependencies
Evaluating 'axum-client-ip' ...
  got v1.3.1
  has 87 dependencies
Evaluating 'system_health' ...
  got v0.1.0
  has 21 dependencies
Evaluating 'emojis' ...
  got v0.8.1
  has 3 dependencies
Evaluating 'bones_asset' ...
  got v0.4.0
  has 313 dependencies
Evaluating 'distance' ...
  got v0.4.0
  has 0 dependencies
Evaluating 'radicle-keystore' ...
  got v0.2.0
  has 124 dependencies
Evaluating 'ethcore-logger' ...
  got v1.12.0
  has 31 dependencies
Evaluating 'tls-api-rustls' ...
  got v0.12.1
  has 58 dependencies
Evaluating 'i2c-linux-sys' ...
  got v0.2.1
  has 3 dependencies
Evaluating 'yaup' ...
  got v0.3.1
  has 14 dependencies
Evaluating 'deserr' ...
  got v0.6.4
  has 20 dependencies
Evaluating 'bytefmt' ...
  got v0.1.7
  has 9 dependencies
Evaluating 'bones_ecs' ...
  got v0.4.0
  has 102 dependencies
Evaluating 'yup-oauth2' ...
  got v12.1.2
  has 218 dependencies
Evaluating 'iced_winit' ...
  got v0.14.0
  has 336 dependencies
Evaluating 'token' ...
  got v1.0.0-rc1
  has 0 dependencies
Evaluating 'piston-gfx_texture' ...
  got v0.45.0
  has 164 dependencies
Evaluating 'dasp_peak' ...
  got v0.11.0
  has 3 dependencies
Evaluating 'windows-acl' ...
  got v0.3.0
  has 10 dependencies
Evaluating 'librad' ...
  got v0.0.0
  has 0 dependencies
Evaluating 'capnp-futures' ...
  got v0.25.2
  has 10 dependencies
Evaluating 'engine' ...
  got v0.0.0
  has 25 dependencies
Evaluating 'rusoto_dynamodb' ...
  got v0.48.0
  has 210 dependencies
Evaluating 'gdk4-wayland-sys' ...
  got v0.11.0
  has 19 dependencies
Evaluating 'nftnl-sys' ...
  got v0.6.4
  has 9 dependencies
Evaluating 'loopdev' ...
  got v0.4.0
  has 30 dependencies
Evaluating 'wgpu_glyph' ...
  got v0.28.0
  has 178 dependencies
Evaluating 'kubernix' ...
  got v0.3.1
  has 94 dependencies
Evaluating 'slog-mozlog-json' ...
  got v0.1.0
  has 18 dependencies
Evaluating 'flatten-serde-json' ...
  got v0.1.0
  has 5 dependencies
Evaluating 'compile-time-run' ...
  got v0.2.12
  has 8 dependencies
Evaluating 'eip-152' ...
  got v0.1.0
  has 1 dependencies
Evaluating 'pubnub-core' ...
  ! crate not resolved: error: failed to select a version for the requirement `fragile = "^0.3"`
Evaluating 'pubnub-util' ...
  got v0.1.0
  has 1 dependencies
Evaluating 'walletconnect' ...
  got v0.2.0
  has 390 dependencies
Evaluating 'mobc' ...
  got v0.9.0
  has 59 dependencies
Evaluating 'iced_glutin' ...
  got v0.8.0
  has 374 dependencies
Evaluating 'rust-lzma' ...
  got v0.6.0
  has 2 dependencies
Evaluating 'jrsonnet' ...
  got v0.5.0-pre97
  has 168 dependencies
Evaluating 'mutagen' ...
  got v0.1.2
  has 1 dependencies
Evaluating 'portable-pty' ...
  got v0.9.0
  has 26 dependencies
Evaluating 'mdbx-sys' ...
  got v13.11.0
  has 34 dependencies
Evaluating 'dlopen2' ...
  got v0.8.2
  has 11 dependencies
Evaluating 'cargo-release' ...
  got v1.1.2
  has 439 dependencies
Evaluating 'exacl' ...
  got v0.12.0
  has 4 dependencies
Evaluating 'egui_nodes' ...
  got v0.1.3
  has 28 dependencies
Evaluating 'radicle-std-ext' ...
  got v0.2.0
  has 0 dependencies
Evaluating 'piston2d-sprite' ...
  got v0.69.0
  has 31 dependencies
Evaluating 'gpu-descriptor' ...
  got v0.3.2
  has 5 dependencies
Evaluating 'coord' ...
  got v0.11.1
  has 31 dependencies
Evaluating 'gpu-alloc-types' ...
  got v0.3.0
  has 1 dependencies
Evaluating 'superstruct' ...
  got v0.10.1
  has 22 dependencies
Evaluating 'tantivy-fst' ...
  got v0.5.0
  has 3 dependencies
Evaluating 'compare_fields' ...
  got v0.1.1
  has 10 dependencies
Evaluating 'hard-xml-derive' ...
  got v1.41.0
  has 9 dependencies
Evaluating 'gfx-auxil' ...
  got v0.10.0
  has 37 dependencies
Evaluating 'clipboard_macos' ...
  got v0.1.1
  has 10 dependencies
Evaluating 'edid' ...
  got v0.3.0
  has 3 dependencies
Evaluating 'range-alloc' ...
  got v0.1.5
  has 0 dependencies
Evaluating 'd3d12' ...
  got v22.0.0
  has 0 dependencies
Evaluating 'jep106' ...
  got v0.3.0
  has 11 dependencies
Evaluating 'wgpu-core' ...
  got v29.0.1
  has 89 dependencies
Evaluating 'filesystem' ...
  got v0.4.4
  has 5 dependencies
Evaluating 'bevy_winit' ...
  got v0.18.1
  has 292 dependencies
Evaluating 'dasp_interpolate' ...
  got v0.11.0
  has 4 dependencies
Evaluating 'caseless' ...
  got v0.2.2
  has 3 dependencies
Evaluating 'sre-engine' ...
  got v0.4.3
  has 20 dependencies
Evaluating 'tree-sitter-ocaml' ...
  got v0.24.2
  has 5 dependencies
Evaluating 'transient-hashmap' ...
  got v0.4.1
  has 0 dependencies
Evaluating 'tremor-common' ...
  ! crate not resolved: error: failed to select a version for the requirement `simd-json-derive = "^0.3"`
Evaluating 'helptext' ...
  got v0.1.2
  has 0 dependencies
Evaluating 'i2c-linux' ...
  got v0.1.2
  has 7 dependencies
Evaluating 'bones_lib' ...
  got v0.4.0
  has 104 dependencies
Evaluating 'qml' ...
  got v0.0.9
  has 2 dependencies
Evaluating 'grenad' ...
  got v0.5.0
  has 22 dependencies
Evaluating 'env-test-util' ...
  got v1.0.1
  has 0 dependencies
Evaluating 'bevy_mikktspace' ...
  got v1.0.0
  has 0 dependencies
Evaluating 'git-ref-format-macro' ...
  got v0.6.0
  has 20 dependencies
Evaluating 'bn' ...
  got v0.4.3
  has 6 dependencies
Evaluating 'pqcrypto-traits' ...
  got v0.3.5
  has 0 dependencies
Evaluating 'configure' ...
  got v0.1.1
  has 16 dependencies
Evaluating 'array-init-cursor' ...
  got v0.2.1
  has 0 dependencies
Evaluating 'fixed' ...
  got v1.31.0
  has 15 dependencies
Evaluating 'url-escape' ...
  got v0.1.1
  has 1 dependencies
Evaluating 'bones_render' ...
  got v0.2.0
  has 62 dependencies
Evaluating 'gh-emoji' ...
  got v1.0.8
  has 7 dependencies
Evaluating 'tree-sitter-wgsl' ...
  got v0.0.6
  has 16 dependencies
Evaluating 'sentry-failure' ...
  got v0.21.0
  has 147 dependencies
Evaluating 'tree-sitter-elixir' ...
  got v0.3.5
  has 5 dependencies
Evaluating 'pop-launcher' ...
  got v1.2.7
  has 76 dependencies
Evaluating 'gstreamer-gl-sys' ...
  got v0.25.0
  has 46 dependencies
Evaluating 'planus' ...
  got v1.3.0
  has 5 dependencies
Evaluating 'swc_ecma_visit' ...
  got v23.0.0
  has 179 dependencies
Evaluating 'advancedresearch-tree_mem_sort' ...
  got v0.2.0
  has 0 dependencies
Evaluating 'wasmer-vm' ...
  got v7.1.0
  has 142 dependencies
Evaluating 'wasmer-compiler' ...
  got v7.1.0
  has 198 dependencies
Evaluating 'lmdb' ...
  got v0.8.0
  has 9 dependencies
Evaluating 'petitset' ...
  got v0.2.1
  has 0 dependencies
Evaluating 'snowflake' ...
  got v1.3.0
  has 0 dependencies
Evaluating 'tugger-windows' ...
  got v0.10.0
  has 233 dependencies
Evaluating 'ftl' ...
  got v0.0.0
  has 0 dependencies
Evaluating 'staking-miner' ...
  ! crate not resolved: error: the crate `staking-miner` could not be found in registry index.
Evaluating 'test-context' ...
  got v0.5.8
  has 34 dependencies
Evaluating 'utf16string' ...
  got v0.2.0
  has 1 dependencies
Evaluating 'panic-hook' ...
  got v0.1.0
  has 10 dependencies
Evaluating 'gstreamer-check-sys' ...
  got v0.25.0
  has 31 dependencies
Evaluating 'webm' ...
  got v2.2.0
  has 5 dependencies
Evaluating 'id_tree' ...
  got v1.8.0
  has 1 dependencies
Evaluating 'bevy_kira_audio' ...
  got v0.25.0
  has 413 dependencies
Evaluating 'pqc_kyber' ...
  got v0.7.1
  has 1 dependencies
Evaluating 'wasmer' ...
  got v7.1.0
  has 350 dependencies
Evaluating 'samplerate' ...
  got v0.2.4
  has 6 dependencies
Evaluating 'parley' ...
  got v0.9.0
  has 122 dependencies
Evaluating 'swc_ecma_transforms_macros' ...
  got v1.0.1
  has 12 dependencies
Evaluating 'opendal' ...
  got v0.55.0
  has 269 dependencies
Evaluating 'range' ...
  got v1.0.0
  has 0 dependencies
Evaluating 'chain-map' ...
  got v0.1.0
  has 0 dependencies
Evaluating 'tugger-windows-codesign' ...
  got v0.10.0
  has 296 dependencies
Evaluating 'gen-z' ...
  got v0.1.0
  has 30 dependencies
Evaluating 'yubico' ...
  got v0.11.0
  has 242 dependencies
Evaluating 'gstreamer-net' ...
  got v0.25.0
  has 112 dependencies
Evaluating 'fluent_content' ...
  got v0.0.5
  has 47 dependencies
Evaluating 'polars-pipe' ...
  got v0.48.1
  has 323 dependencies
Evaluating 'delog' ...
  got v0.1.8
  has 1 dependencies
Evaluating 'eth2_ssz' ...
  got v0.4.0
  has 74 dependencies
Evaluating 'tree-sitter-hcl' ...
  got v1.1.0
  has 5 dependencies
Evaluating 'chinese-variant' ...
  got v1.1.5
  has 0 dependencies
Evaluating 'camellia' ...
  got v0.2.0
  has 7 dependencies
Evaluating 'stats_alloc' ...
  got v0.1.10
  has 0 dependencies
Evaluating 'rdev' ...
  got v0.5.3
  has 6 dependencies
Evaluating 'tame-oauth' ...
  got v0.10.0
  has 102 dependencies
Evaluating 'async-oneshot' ...
  got v0.5.9
  has 2 dependencies
Evaluating 'tree-sitter-dart' ...
  got v0.2.0
  has 5 dependencies
Evaluating 'gstreamer-gl-x11-sys' ...
  got v0.25.0
  has 51 dependencies
Evaluating 'tree-sitter-erlang' ...
  got v0.16.0
  has 5 dependencies
Evaluating 'tree-sitter-d' ...
  got v0.8.2
  has 5 dependencies
Evaluating 'abort_on_panic' ...
  got v2.0.0
  has 0 dependencies
Evaluating 'gstreamer-play' ...
  got v0.25.0
  has 132 dependencies
Evaluating 'quest' ...
  got v0.3.0
  has 14 dependencies
Evaluating 'gstreamer-utils' ...
  got v0.25.0
  has 137 dependencies
Evaluating 'ward' ...
  got v2.1.0
  has 0 dependencies
Evaluating 'aligned-vec' ...
  got v0.6.4
  has 10 dependencies
Evaluating 'rc4' ...
  got v0.2.0
  has 8 dependencies
Evaluating 'gstreamer-net-sys' ...
  got v0.25.0
  has 36 dependencies
Evaluating 'bones_input' ...
  got v0.2.0
  has 244 dependencies
Evaluating 'gstreamer-play-sys' ...
  got v0.25.0
  has 45 dependencies
Evaluating 'tree-sitter-latex' ...
  got v0.1.0
  has 5 dependencies
Evaluating 'tree-sitter-sql' ...
  got v0.0.2
  has 16 dependencies
Evaluating 'iso7816-tlv' ...
  got v0.4.4
  has 1 dependencies
Evaluating 'iyes_loopless' ...
  got v0.9.1
  has 137 dependencies
Evaluating 'soup3' ...
  got v0.9.0
  has 78 dependencies
Evaluating 'bones_bevy_asset_macros' ...
  got v0.2.0
  has 18 dependencies
Evaluating 'dir-diff' ...
  got v0.3.3
  has 2 dependencies
Evaluating 'read_token' ...
  got v1.0.0
  has 1 dependencies
Evaluating 'pacmog' ...
  got v0.6.0
  has 31 dependencies
Evaluating 'eth2_hashing' ...
  got v0.2.0
  has 22 dependencies
Evaluating 'leafwing-input-manager' ...
  got v0.20.0
  has 660 dependencies
Evaluating 'vaultwarden' ...
  got v0.0.1
  has 0 dependencies
Evaluating 'swc_config' ...
  got v4.0.1
  has 31 dependencies
Evaluating 'rusty-sandbox' ...
  got v0.2.1
  has 4 dependencies
Evaluating 'freedesktop-icons' ...
  got v0.4.0
  has 26 dependencies
Evaluating 'basic-cookies' ...
  got v0.1.5
  has 57 dependencies
Evaluating 'bevy_simple_tilemap' ...
  got v0.19.0
  has 733 dependencies
Evaluating 'type_ulid_macros' ...
  got v0.2.0
  has 9 dependencies
Evaluating 'scoped-tls-hkt' ...
  got v0.1.5
  has 0 dependencies
Evaluating 'sciter-rs' ...
  got v0.5.58
  has 2 dependencies
Evaluating 'gps' ...
  got v7.3.3
  has 235 dependencies
Evaluating 'enigo' ...
  got v0.6.1
  has 17 dependencies
Evaluating 'polars-arrow' ...
  got v0.53.0
  has 156 dependencies
Evaluating 'polars-utils' ...
  got v0.53.0
  has 123 dependencies
Evaluating 'polars-lazy' ...
  got v0.53.0
  has 389 dependencies
Evaluating 'webkit6' ...
  got v0.6.1
  has 214 dependencies
Evaluating 'fount' ...
  got v0.8.6
  has 320 dependencies
Evaluating 'fast_image_resize' ...
  got v6.0.0
  has 16 dependencies
Evaluating 'polars-time' ...
  got v0.53.0
  has 257 dependencies
Evaluating 'rust-pulsectl' ...
  got v0.2.6
  has 21 dependencies
Evaluating 'parquet-format-safe' ...
  got v0.2.4
  has 0 dependencies
Evaluating 'polars-plan' ...
  got v0.53.0
  has 344 dependencies
Evaluating 'benchmarks' ...
  ! crate not resolved: error: the crate `benchmarks` could not be found in registry index.
Evaluating 'supercow' ...
  got v0.1.0
  has 0 dependencies
Evaluating 'dyon' ...
  got v0.51.0
  has 364 dependencies
Evaluating 'magnum-opus' ...
  got v0.3.2
  has 8 dependencies
Evaluating 'tree-sitter-swift' ...
  got v0.7.1
  has 5 dependencies
Evaluating 'tree-sitter-glimmer' ...
  got v0.0.1
  has 27 dependencies
Evaluating 'swc_ecma_transforms_typescript' ...
  got v46.0.1
  has 280 dependencies
Evaluating 'emoji' ...
  got v0.2.1
  has 36 dependencies
Evaluating 'm3u8-rs' ...
  got v6.0.0
  has 7 dependencies
Evaluating 'futures-micro' ...
  got v0.5.0
  has 1 dependencies
Evaluating 'avro-schema' ...
  got v0.3.0
  has 8 dependencies
Evaluating 'eth2_serde_utils' ...
  got v0.1.0
  has 13 dependencies
Evaluating 'swc_config_macro' ...
  got v1.0.1
  has 12 dependencies
Evaluating 'tree-sitter-css' ...
  got v0.25.0
  has 5 dependencies
Evaluating 'hyper-sync-rustls' ...
  ! crate not resolved: error: failed to select a version for the requirement `ring = "^0.12"`
Evaluating 'tree-sitter-hare' ...
  got v0.20.7
  has 16 dependencies
Evaluating 'polars-ops' ...
  got v0.53.0
  has 238 dependencies
Evaluating 'gstreamer-gl-wayland-sys' ...
  got v0.25.0
  has 51 dependencies
Evaluating 'tree-sitter-svelte' ...
  got v0.10.2
  has 16 dependencies
Evaluating 'polars' ...
  got v0.53.0
  has 330 dependencies
Evaluating 'rustup-toolchain-install-master' ...
  got v1.12.0
  has 314 dependencies
Evaluating 'window-shadows' ...
  got v0.2.2
  has 1 dependencies
Evaluating 'bevy-inspector-egui-derive' ...
  got v0.36.0
  has 8 dependencies
Evaluating 'recently-used-xbel' ...
  got v1.2.0
  has 107 dependencies
Evaluating 'find-winsdk' ...
  got v0.2.0
  has 0 dependencies
Evaluating 'swc_ecma_codegen' ...
  got v26.0.1
  has 209 dependencies
Evaluating 'swc_ecma_codegen_macros' ...
  got v2.0.2
  has 11 dependencies
Evaluating 'home-dir' ...
  got v0.1.0
  has 14 dependencies
Evaluating 'swc_ecma_transforms_react' ...
  got v46.0.0
  has 270 dependencies
Evaluating 'piston_meta' ...
  got v2.0.1
  has 4 dependencies
Evaluating 'swc_ecma_transforms_proposal' ...
  got v42.0.0
  has 239 dependencies
Evaluating 'concat-string' ...
  got v1.0.1
  has 0 dependencies
Evaluating 'totp-lite' ...
  got v2.0.1
  has 20 dependencies
Evaluating 'nom-bibtex' ...
  got v0.6.0
  has 25 dependencies
Evaluating 'pretty-type-name' ...
  got v1.0.1
  has 0 dependencies
Evaluating 'kubectl-view-allocations' ...
  got v1.1.1
  has 449 dependencies
Evaluating 'fix-hidden-lifetime-bug-proc_macros' ...
  got v0.2.7
  has 8 dependencies
Evaluating 'evscript' ...
  got v0.1.0
  has 84 dependencies
Evaluating 'spsc-buffer' ...
  got v0.1.1
  has 0 dependencies
Evaluating 'swc_ecma_transforms_base' ...
  got v42.0.0
  has 224 dependencies
Evaluating 'eth2_ssz_types' ...
  got v0.2.1
  has 112 dependencies
Evaluating 'swc_ecma_transforms_classes' ...
  got v42.0.0
  has 229 dependencies
Evaluating 'webm-sys' ...
  got v2.2.0
  has 4 dependencies
Evaluating 'gstreamer-check' ...
  got v0.25.0
  has 102 dependencies
Evaluating 'swc_ecma_utils' ...
  got v29.1.0
  has 194 dependencies
Evaluating 'tree-sitter-nix' ...
  got v0.3.0
  has 5 dependencies
Evaluating 'tree-sitter-scss' ...
  got v1.0.0
  has 27 dependencies
Evaluating 'wasmer-derive' ...
  got v7.1.0
  has 15 dependencies
Evaluating 'irg-kvariants' ...
  got v0.1.1
  has 21 dependencies
Evaluating 'tugger-common' ...
  got v0.10.0
  has 229 dependencies
Evaluating 'bones_bevy_utils' ...
  got v0.2.0
  has 128 dependencies
Evaluating 'pqcrypto-kyber' ...
  got v0.8.1
  has 18 dependencies
Evaluating 'async-pidfd' ...
  got v0.1.5
  has 19 dependencies
Evaluating 'tao-macros' ...
  got v0.1.3
  has 8 dependencies
Evaluating 'rfc822_sanitizer' ...
  got v0.3.7
  has 15 dependencies
Evaluating 'backon' ...
  got v1.6.0
  has 3 dependencies
Evaluating 'bevy_framepace' ...
  got v0.21.0
  has 686 dependencies
Evaluating 'tree-sitter-xml' ...
  got v0.7.0
  has 5 dependencies
Evaluating 'streaming-iterator' ...
  got v0.1.9
  has 0 dependencies
Evaluating 'clipcat' ...
  got v0.1.5
  has 154 dependencies
Evaluating 'bones_bevy_asset' ...
  got v0.2.0
  has 498 dependencies
Evaluating 'polars-core' ...
  got v0.53.0
  has 217 dependencies
Evaluating 'leafwing_input_manager_macros' ...
  got v0.17.0
  has 17 dependencies
Evaluating 'fix-hidden-lifetime-bug' ...
  got v0.2.7
  has 9 dependencies
Evaluating 'sid' ...
  got v0.6.1
  has 3 dependencies
Evaluating 'base64-url' ...
  got v3.0.3
  has 1 dependencies
Evaluating 'repng' ...
  got v0.2.2
  has 7 dependencies
Evaluating 'swc_ecma_loader' ...
  got v21.0.0
  has 148 dependencies
Evaluating 'runas' ...
  got v1.2.0
  has 6 dependencies
Evaluating 'machine-uid' ...
  got v0.5.4
  has 0 dependencies
Evaluating 'bevy-inspector-egui' ...
  got v0.36.0
  has 899 dependencies
Evaluating 'workspace-hack' ...
  got v0.1.0
  has 0 dependencies
Evaluating 'safe-transmute' ...
  got v0.11.3
  has 0 dependencies
Evaluating 'iso7816' ...
  got v0.2.0
  has 4 dependencies
Evaluating 'lmdb-sys' ...
  got v0.8.0
  has 6 dependencies
Evaluating 'arbitrary-int' ...
  got v2.1.1
  has 0 dependencies
Evaluating 'fruitbasket' ...
  got v0.10.0
  has 6 dependencies
Evaluating 'cli-clipboard' ...
  got v0.4.0
  has 80 dependencies
Evaluating 'tree-sitter-dockerfile' ...
  got v0.2.0
  has 16 dependencies
Evaluating 'tree-sitter-zig' ...
  got v1.1.2
  has 5 dependencies
Evaluating 'color-hex' ...
  got v0.2.0
  has 0 dependencies
Evaluating 'tauri-plugin-window-state' ...
  got v2.4.1
  has 774 dependencies
Evaluating 'bevy_tweening' ...
  got v0.15.0
  has 809 dependencies
Evaluating 'wana_kana' ...
  got v4.0.0
  has 4 dependencies
Evaluating 'citations' ...
  got v0.1.0
  has 5 dependencies
Evaluating 'gstreamer-gl' ...
  got v0.25.0
  has 134 dependencies
Evaluating 'tree-sitter-vue' ...
  got v0.0.3
  has 16 dependencies
Evaluating 'rustdesk' ...
  got v0.1.1
  has 157 dependencies
Evaluating 'bevy_fluent' ...
  got v0.14.0
  has 393 dependencies
Evaluating 'libsamplerate-sys' ...
  got v0.1.12
  has 5 dependencies
Evaluating 'codspeed' ...
  got v4.5.0
  has 40 dependencies
Evaluating 'opus_headers' ...
  got v0.1.2
  has 0 dependencies
Evaluating 'webkit6-sys' ...
  got v0.6.0
  has 95 dependencies
Evaluating 'javascriptcore6' ...
  got v0.6.0
  has 66 dependencies
Evaluating 'buffer-redux' ...
  got v1.1.0
  has 3 dependencies
Evaluating 'mio-anonymous-pipes' ...
  got v0.2.0
  has 24 dependencies
Evaluating 'diagnostic' ...
  got v0.6.4
  has 76 dependencies
Evaluating 'ldap3' ...
  got v0.12.1
  has 166 dependencies
Evaluating 'now' ...
  got v0.1.3
  has 5 dependencies
Evaluating 'codspeed-criterion-compat' ...
  got v4.5.0
  has 99 dependencies
Evaluating 'gstreamer-gl-x11' ...
  got v0.25.0
  has 144 dependencies
Evaluating 'type_ulid' ...
  got v0.2.0
  has 11 dependencies
Evaluating 'lindera-compress' ...
  got v0.32.3
  has 21 dependencies
Evaluating 'scrap' ...
  got v0.5.0
  has 4 dependencies
Evaluating 'chinese-number' ...
  got v0.7.8
  has 18 dependencies
Evaluating 'anki' ...
  got v0.0.1
  has 0 dependencies
Evaluating 'javascriptcore6-sys' ...
  got v0.6.0
  has 24 dependencies
Evaluating 'tree-sitter-elm' ...
  got v5.9.0
  has 5 dependencies
Evaluating 'rdp-rs' ...
  got v0.1.0
  has 122 dependencies
Evaluating 'speculoos' ...
  got v0.13.0
  has 25 dependencies
Evaluating 'gstreamer-gl-egl-sys' ...
  got v0.25.0
  has 51 dependencies
Evaluating 'gstreamer-gl-wayland' ...
  got v0.25.0
  has 144 dependencies
Evaluating 'conceal' ...
  got v0.7.0
  has 57 dependencies
Evaluating 'piet-wgpu' ...
  got v0.3.4
  has 206 dependencies
Evaluating 'gstreamer-gl-egl' ...
  got v0.25.0
  has 144 dependencies
Evaluating 'wasmer-types' ...
  got v7.1.0
  has 81 dependencies
Evaluating 'window-vibrancy' ...
  got v0.7.1
  has 1 dependencies
Evaluating 'eth2_ssz_derive' ...
  got v0.3.0
  has 20 dependencies
Evaluating 'async_once' ...
  got v0.2.6
  has 0 dependencies
Evaluating 'tree-sitter-scheme' ...
  got v0.24.7
  has 5 dependencies
Evaluating 'polars-io' ...
  got v0.53.0
  has 247 dependencies
Evaluating 'test-context-macros' ...
  got v0.5.8
  has 8 dependencies
Evaluating 'target_build_utils' ...
  got v0.3.1
  has 42 dependencies
Evaluating 'raptorq' ...
  got v2.0.1
  has 0 dependencies
Evaluating 'tree-sitter-julia' ...
  got v0.23.1
  has 5 dependencies
Evaluating 'foreign_vec' ...
  got v0.1.0
  has 0 dependencies
Evaluating 'psd' ...
  got v0.3.5
  has 10 dependencies
Evaluating 'git-backup' ...
  got v0.1.4
  has 63 dependencies
Evaluating 'dds-rs' ...
  got v0.7.0
  has 20 dependencies
Evaluating 'proc_macro_roids' ...
  got v0.8.0
  has 8 dependencies
Evaluating 'turbojpeg' ...
  got v1.4.0
  has 21 dependencies
Evaluating 'aw-datastore' ...
  got v0.1.0
  has 228 dependencies
Evaluating 'indexmap-nostd' ...
  got v0.4.0
  has 0 dependencies
Evaluating 'redfa' ...
  got v0.0.3
  has 2 dependencies
Evaluating 'parse-display-derive' ...
  got v0.10.0
  has 26 dependencies
Evaluating 'font-loader' ...
  got v0.11.0
  has 18 dependencies
Evaluating 'notan_text' ...
  got v0.14.0
  has 164 dependencies
Evaluating 'wasmer-compiler-cranelift' ...
  got v7.1.0
  has 260 dependencies
Evaluating 'mdl' ...
  got v1.0.5
  has 24 dependencies
Evaluating 'libavif-sys' ...
  got v0.17.0+libavif.1.0.4
  has 87 dependencies
Evaluating 'roead' ...
  got v1.0.0
  has 77 dependencies
Evaluating 'libdrm_amdgpu_sys' ...
  got v0.8.13
  has 1 dependencies
Evaluating 'requestty' ...
  got v0.6.3
  has 59 dependencies
Evaluating 'requestty-ui' ...
  got v0.6.3
  has 7 dependencies
Evaluating 'random' ...
  got v0.14.1
  has 0 dependencies
Evaluating 'quickraw' ...
  got v0.1.6
  has 42 dependencies
Evaluating 'notan_app' ...
  got v0.14.0
  has 111 dependencies
Evaluating 'lighter-derive' ...
  got v0.1.0
  has 16 dependencies
Evaluating 'libdav1d-sys' ...
  got v0.7.1+libdav1d.1.4.3
  has 1 dependencies
Evaluating 'gdkwayland-sys' ...
  got v0.18.2
  has 64 dependencies
Evaluating 'aw-transform' ...
  got v0.1.0
  has 201 dependencies
Evaluating 'ttl_cache' ...
  got v0.5.1
  has 1 dependencies
Evaluating 'deque' ...
  got v0.3.2
  has 0 dependencies
Evaluating 'anyhow_ext' ...
  got v0.2.1
  has 1 dependencies
Evaluating 'aw-sync' ...
  got v0.1.0
  has 563 dependencies
Evaluating 'bolero-generator-derive' ...
  got v0.13.4
  has 16 dependencies
Evaluating 'loggerv' ...
  got v0.7.2
  has 4 dependencies
Evaluating 'avif-parse' ...
  got v2.1.0
  has 7 dependencies
Evaluating 'botw-utils' ...
  got v0.5.1
  has 123 dependencies
Evaluating 'libavif-image' ...
  got v0.14.0
  has 96 dependencies
Evaluating 'binrw' ...
  got v0.15.1
  has 13 dependencies
Evaluating 'lalr' ...
  got v0.0.2
  has 0 dependencies
Evaluating 'notan_input' ...
  got v0.14.0
  has 9 dependencies
Evaluating 'target-features' ...
  got v0.1.6
  has 0 dependencies
Evaluating 'egui-notify' ...
  got v0.22.0
  has 69 dependencies
Evaluating 'auto-enum' ...
  got v0.1.2
  has 8 dependencies
Evaluating 'piz' ...
  got v0.5.1
  has 33 dependencies
Evaluating 'polars-error' ...
  got v0.53.0
  has 14 dependencies
Evaluating 'opaque-ke' ...
  got v4.0.1
  has 109 dependencies
Evaluating 'rants' ...
  got v0.6.0
  has 94 dependencies
Evaluating 'loc' ...
  got v0.5.0
  has 44 dependencies
Evaluating 'mount' ...
  got v0.4.0
  has 79 dependencies
Evaluating 'cargo-dephell' ...
  got v0.5.1
  has 509 dependencies
Evaluating 'notan_graphics' ...
  got v0.14.0
  has 29 dependencies
Evaluating 'argfile' ...
  got v1.0.0
  has 5 dependencies
Evaluating 'filetime_creation' ...
  got v0.2.0
  has 4 dependencies
Evaluating 'httpmock' ...
  got v0.8.3
  has 240 dependencies
Evaluating 'catppuccin-egui' ...
  got v5.7.0
  has 24 dependencies
Evaluating 'termbook-cli' ...
  got v1.4.6
  has 563 dependencies
Evaluating 'turbojpeg-sys' ...
  got v1.1.1
  has 8 dependencies
Evaluating 'generic-bytes' ...
  got v0.2.3
  has 4 dependencies
Evaluating 'platter2' ...
  got v0.1.6
  has 4 dependencies
Evaluating 'munkres' ...
  got v0.5.2
  has 12 dependencies
Evaluating 'binrw_derive' ...
  got v0.15.1
  has 9 dependencies
Evaluating 'ryml' ...
  got v0.3.2
  has 53 dependencies
Evaluating 'capctl' ...
  got v0.2.4
  has 3 dependencies
Evaluating 'epub-builder' ...
  got v0.8.3
  has 55 dependencies
Evaluating 'rust-s3' ...
  got v0.37.1
  has 326 dependencies
Evaluating 'futures-enum' ...
  got v0.1.18
  has 21 dependencies
Evaluating 'colosseum' ...
  got v0.2.2
  has 0 dependencies
Evaluating 'tracing-actix-web' ...
  got v0.7.21
  has 236 dependencies
Evaluating 'egui_dock' ...
  got v0.19.1
  has 84 dependencies
Evaluating 'bolero-generator' ...
  got v0.13.5
  has 24 dependencies
Evaluating 'fractal-matrix-api' ...
  ! crate not resolved: error: failed to select a version for the requirement `fragile = "^0.3"`
Evaluating 'lighter' ...
  got v0.1.0
  has 17 dependencies
Evaluating 'aom-decode' ...
  got v0.2.13
  has 23 dependencies
Evaluating 'amdgpu_top' ...
  got v0.11.4
  has 1238 dependencies
Evaluating 'itoap' ...
  got v1.0.1
  has 0 dependencies
Evaluating 'spotify-tui' ...
  got v0.25.0
  has 495 dependencies
Evaluating 'sevenz-rust' ...
  got v0.6.1
  has 34 dependencies
Evaluating 'polars-algo' ...
  got v0.35.4
  has 216 dependencies
Evaluating 'dircpy' ...
  got v0.3.20
  has 20 dependencies
Evaluating 'google-calendar3' ...
  got v7.0.0+20251214
  has 264 dependencies
Evaluating 'polars-sql' ...
  got v0.53.0
  has 446 dependencies
Evaluating 'globmatch' ...
  got v0.3.1
  has 13 dependencies
Evaluating 'lenient_version' ...
  got v0.4.2
  has 3 dependencies
Evaluating 'almost' ...
  got v0.2.0
  has 0 dependencies
Evaluating 'notan_glow' ...
  got v0.14.0
  has 61 dependencies
Evaluating 'windres' ...
  got v0.2.2
  has 0 dependencies
Evaluating 'parselnk' ...
  got v0.1.1
  has 18 dependencies
Evaluating 'naga_oil' ...
  got v0.22.0
  has 71 dependencies
Evaluating 'minicbor-ser' ...
  got v0.2.0
  has 3 dependencies
Evaluating 'staticfile' ...
  got v0.5.0
  has 83 dependencies
Evaluating 'colorparse' ...
  got v3.0.0
  has 1 dependencies
Evaluating 'rstb' ...
  got v1.0.0
  has 12 dependencies
Evaluating 'ehttp' ...
  got v0.7.1
  has 44 dependencies
Evaluating 'join_str' ...
  got v0.1.0
  has 0 dependencies
Evaluating 'wasmtime-wit-bindgen' ...
  got v34.0.2
  has 32 dependencies
Evaluating 'aw-client-rust' ...
  got v0.1.0
  has 256 dependencies
Evaluating 'figment_file_provider_adapter' ...
  got v0.1.1
  has 27 dependencies
Evaluating 'notan_backend' ...
  got v0.14.0
  has 321 dependencies
Evaluating 'tracy-client' ...
  got v0.18.4
  has 6 dependencies
Evaluating 'oculante' ...
  got v0.9.2
  has 1803 dependencies
Evaluating 'iocuddle' ...
  got v0.2.0
  has 0 dependencies
Evaluating 'tracing-tracy' ...
  got v0.11.4
  has 15 dependencies
Evaluating 'libavif' ...
  got v0.14.0
  has 88 dependencies
Evaluating 'glib-build-tools' ...
  got v0.22.0
  has 67 dependencies
Evaluating 'polars-row' ...
  got v0.53.0
  has 194 dependencies
Evaluating 'notan_winit' ...
  got v0.14.0
  has 320 dependencies
Evaluating 'chit' ...
  got v0.1.15
  has 410 dependencies
Evaluating 'lldap_auth' ...
  got v0.3.0
  has 96 dependencies
Evaluating 'gspell' ...
  got v0.7.0
  has 211 dependencies
Evaluating 'argminmax' ...
  got v0.6.3
  has 3 dependencies
Evaluating 'notan_math' ...
  got v0.14.0
  has 2 dependencies
Evaluating 'tuckr' ...
  got v0.13.1
  has 201 dependencies
Evaluating 'atlatl' ...
  got v0.1.2
  has 4 dependencies
Evaluating 'rocket_cors' ...
  got v0.6.0
  has 371 dependencies
Evaluating 'pyo3-built' ...
  got v0.6.0
  has 0 dependencies
Evaluating 'mpsc_requests' ...
  got v0.3.4
  has 2 dependencies
Evaluating 'aw-query' ...
  got v0.1.0
  has 245 dependencies
Evaluating 'notan_utils' ...
  got v0.14.0
  has 2 dependencies
Evaluating 'notan' ...
  got v0.14.0
  has 441 dependencies
Evaluating 'yew_form_derive' ...
  got v0.1.7
  has 219 dependencies
Evaluating 'yuv' ...
  got v0.8.13
  has 3 dependencies
Evaluating 'sourceview4-sys' ...
  got v0.5.0
  has 85 dependencies
Evaluating 'bolero-engine' ...
  got v0.13.4
  has 22 dependencies
Evaluating 'aw-models' ...
  got v0.1.0
  has 38 dependencies
Evaluating 'plex' ...
  got v0.3.1
  has 12 dependencies
Evaluating 'lzma-rust' ...
  got v0.1.7
  has 1 dependencies
Evaluating 'notan_draw' ...
  got v0.14.0
  has 197 dependencies
Evaluating 'gspell-sys' ...
  got v0.7.0
  has 80 dependencies
Evaluating 'bolero-honggfuzz' ...
  got v0.13.0
  has 23 dependencies
Evaluating 'tauri-winres' ...
  got v0.3.6
  has 19 dependencies
Evaluating 'wasmparser-nostd' ...
  got v0.100.2
  has 1 dependencies
Evaluating 'tracy-client-sys' ...
  got v0.28.0
  has 4 dependencies
Evaluating 'profiling-procmacros' ...
  got v1.0.17
  has 7 dependencies
Evaluating 'unicase_serde' ...
  got v0.1.0
  has 3 dependencies
Evaluating 'sequence_trie' ...
  got v0.3.6
  has 0 dependencies
Evaluating 'imbl' ...
  got v7.0.0
  has 13 dependencies
Evaluating 'glsl-to-spirv' ...
  got v0.1.7
  has 23 dependencies
Evaluating 'break-time' ...
  got v0.1.2
  has 319 dependencies
Evaluating 'webp' ...
  got v0.3.1
  has 18 dependencies
Evaluating 'sourceview4' ...
  got v0.5.0
  has 218 dependencies
Evaluating 'imbl-sized-chunks' ...
  got v0.1.3
  has 1 dependencies
Evaluating 'indexmap-nostd' ...
  got v0.4.0
  has 0 dependencies
Evaluating 'profiling-procmacros' ...
  got v1.0.17
  has 7 dependencies
Evaluating 'unicase_serde' ...
  got v0.1.0
  has 3 dependencies
Evaluating 'imbl' ...
  got v7.0.0
  has 13 dependencies
Evaluating 'sequence_trie' ...
  got v0.3.6
  has 0 dependencies
Evaluating 'imbl-sized-chunks' ...
  got v0.1.3
  has 1 dependencies
Evaluating 'colorparse' ...
  got v3.0.0
  has 1 dependencies
Evaluating 'sourceview4' ...
  got v0.5.0
  has 218 dependencies
Evaluating 'colosseum' ...
  got v0.2.2
  has 0 dependencies
Evaluating 'byteordered' ...
  got v0.6.0
  has 1 dependencies
Evaluating 'image_hasher' ...
  got v3.1.1
  has 35 dependencies
Evaluating 'naga_oil' ...
  got v0.22.0
  has 71 dependencies
Evaluating 'notan_glyph' ...
  got v0.14.0
  has 156 dependencies
Evaluating 'egui-notify' ...
  got v0.22.0
  has 69 dependencies
Evaluating 'termbook' ...
  got v1.4.2
  has 552 dependencies
Evaluating 'capctl' ...
  got v0.2.4
  has 3 dependencies
Evaluating 'neli' ...
  got v0.7.4
  has 57 dependencies
Evaluating 'bolero-afl' ...
  got v0.13.0
  has 27 dependencies
Evaluating 'notan_egui' ...
  got v0.14.0
  has 147 dependencies
Evaluating 'dirs2' ...
  got v3.0.1
  has 3 dependencies
Evaluating 'notan_web' ...
  got v0.14.0
  has 174 dependencies
Evaluating 'filetime_creation' ...
  got v0.2.0
  has 4 dependencies
Evaluating 'prctl' ...
  got v1.0.0
  has 7 dependencies
Evaluating 'astrolabe' ...
  got v0.5.4
  has 0 dependencies
Evaluating 'spotify-tui' ...
  got v0.25.0
  has 495 dependencies
Evaluating 'wasmparser-nostd' ...
  got v0.100.2
  has 1 dependencies
Evaluating 'async-object-pool' ...
  got v0.2.0
  has 11 dependencies
Evaluating 'sanitise-file-name' ...
  got v1.0.0
  has 0 dependencies
Evaluating 'break-time' ...
  got v0.1.2
  has 319 dependencies
Evaluating 'rspotify' ...
  got v0.16.1
  has 303 dependencies
Evaluating 'gdkwayland-sys' ...
  got v0.18.2
  has 64 dependencies
Evaluating 'zarchive' ...
  got v0.2.0
  has 71 dependencies
Evaluating 'almost' ...
  got v0.2.0
  has 0 dependencies
Evaluating 'bolero' ...
  got v0.13.4
  has 40 dependencies
Evaluating 'bolero-libfuzzer' ...
  got v0.13.0
  has 27 dependencies
Evaluating 'staticfile' ...
  got v0.5.0
  has 83 dependencies
Evaluating 'egui_commonmark' ...
  got v0.23.0
  has 106 dependencies
Evaluating 'appdirs' ...
  got v0.2.0
  has 0 dependencies
Evaluating 'aws-creds' ...
  got v0.39.1
  has 148 dependencies
Evaluating 'notan_macro' ...
  got v0.14.0
  has 38 dependencies
Evaluating 'cap-tempfile' ...
  got v4.0.2
  has 26 dependencies
Evaluating 'tarmac' ...
  got v0.5.0
  has 461 dependencies
Evaluating 'figment_file_provider_adapter' ...
  got v0.1.1
  has 27 dependencies
Evaluating 'letter-avatar' ...
  got v1.4.0
  has 117 dependencies
Evaluating 'sampling' ...
  got v0.3.1
  has 46 dependencies
Evaluating 'stratisd' ...
  got v3.9.0
  has 407 dependencies
Evaluating 'nnnoiseless' ...
  got v0.5.2
  has 85 dependencies
Evaluating 'oo7' ...
  got v0.6.0
  has 227 dependencies
Evaluating 'flex-error' ...
  got v0.4.4
  has 5 dependencies
Evaluating 'test-with' ...
  got v0.16.1
  has 297 dependencies
Evaluating 'va_list' ...
  got v0.2.1
  has 0 dependencies
Evaluating 'color-name' ...
  got v1.2.0
  has 0 dependencies
Evaluating 'pipeline' ...
  got v0.5.0
  has 0 dependencies
Evaluating 'alga' ...
  got v0.9.3
  has 10 dependencies
Evaluating 'devicemapper-sys' ...
  got v0.3.3
  has 35 dependencies
Evaluating 'gst-plugin-json' ...
  got v0.15.0
  has 123 dependencies
Evaluating 'csound-sys' ...
  got v0.1.2
  has 2 dependencies
Evaluating 'quinn_runtime_bevy' ...
  got v0.2.0
  has 135 dependencies
Evaluating 'cargo-bolero' ...
  got v0.13.4
  has 90 dependencies
Evaluating 'hyper-reverse-proxy' ...
  got v0.5.1
  has 59 dependencies
Evaluating 'tokiotest-httpserver' ...
  got v0.2.1
  has 134 dependencies
Evaluating 'pallet-message-queue' ...
  got v49.0.0
  has 914 dependencies
Evaluating 'libwebp-sys2' ...
  got v0.2.0
  has 13 dependencies
Evaluating 'gst-plugin-togglerecord' ...
  got v0.15.0
  has 158 dependencies
Evaluating 'stratisd_proc_macros' ...
  got v0.2.3
  has 8 dependencies
Evaluating 'gst-plugin-rtp' ...
  got v0.15.1
  has 244 dependencies
Evaluating 'gst-plugin-flavors' ...
  got v0.0.0
  has 0 dependencies
Evaluating 'gst-plugin-regex' ...
  got v0.15.0
  has 117 dependencies
Evaluating 'parse_link_header' ...
  got v0.4.1
  has 13 dependencies
Evaluating 'gst-plugin-closedcaption' ...
  got v0.15.1
  has 216 dependencies
Evaluating 'ncurses' ...
  got v6.0.1
  has 6 dependencies
Evaluating 'axum-sessions' ...
  got v0.6.1
  has 249 dependencies
Evaluating 'cdg' ...
  got v0.1.0
  has 0 dependencies
Evaluating 'espanso' ...
  got v0.1.0
  has 0 dependencies
Evaluating 'shuttle-codegen' ...
  got v0.57.0
  has 55 dependencies
Evaluating 'neon-macros' ...
  got v1.1.1
  has 8 dependencies
Evaluating 'varinteger' ...
  got v1.0.6
  has 0 dependencies
Evaluating 'jsonrpsee-http-client' ...
  got v0.26.0
  has 242 dependencies
Evaluating 'gst-plugin-file' ...
  got v0.15.0
  has 190 dependencies
Evaluating 'css-inline' ...
  got v0.20.2
  has 296 dependencies
Evaluating 'gst-plugin-cdg' ...
  got v0.15.0
  has 148 dependencies
Evaluating 'biscuit-parser' ...
  got v0.2.0
  has 23 dependencies
Evaluating 'cdg_renderer' ...
  got v0.8.0
  has 10 dependencies
Evaluating 'ebur128' ...
  got v0.1.10
  has 5 dependencies
Evaluating 'axum-extra' ...
  got v0.12.6
  has 63 dependencies
Evaluating 'deadpool-sync' ...
  got v0.2.0
  has 1 dependencies
Evaluating 'gst-plugin-uriplaylistbin' ...
  got v0.15.0
  has 110 dependencies
Evaluating 'gst-plugin-claxon' ...
  got v0.15.0
  has 138 dependencies
Evaluating 'gst-plugin-threadshare' ...
  got v0.15.1
  has 235 dependencies
Evaluating 'squote' ...
  got v0.1.2
  has 0 dependencies
Evaluating 'ping-rs' ...
  got v0.1.2
  has 36 dependencies
Evaluating 'matrix-sdk-sqlite' ...
  got v0.16.0
  has 493 dependencies
Evaluating 'bloom' ...
  got v0.3.2
  has 1 dependencies
Evaluating 'gst-plugin-webp' ...
  got v0.15.0
  has 150 dependencies
Evaluating 'subtle-encoding' ...
  got v0.5.1
  has 1 dependencies
Evaluating 'gst-plugin-lewton' ...
  got v0.15.0
  has 141 dependencies
Evaluating 'ostree' ...
  got v0.20.5
  has 94 dependencies
Evaluating 'snailquote' ...
  got v0.3.1
  has 11 dependencies
Evaluating 'ffv1' ...
  got v0.0.0
  has 0 dependencies
Evaluating 'msvc-demangler' ...
  got v0.11.0
  has 2 dependencies
Evaluating 'libamdgpu_top' ...
  got v0.11.4
  has 28 dependencies
Evaluating 'amdgpu_top_json' ...
  got v0.11.4
  has 34 dependencies
Evaluating 'windows_gen_macros' ...
  got v0.6.0
  has 8 dependencies
Evaluating 'eyeball' ...
  got v0.8.8
  has 2 dependencies
Evaluating 'amdgpu_top_tui' ...
  got v0.11.4
  has 145 dependencies
Evaluating 'gst-plugin-livesync' ...
  got v0.15.0
  has 143 dependencies
Evaluating 'notify-debouncer-mini' ...
  got v0.7.0
  has 26 dependencies
Evaluating 'gst-plugin-webrtc' ...
  got v0.15.0
  has 697 dependencies
Evaluating 'ggrs' ...
  got v0.12.0
  has 43 dependencies
Evaluating 'gst-plugin-reqwest' ...
  got v0.15.0
  has 428 dependencies
Evaluating 'bitfield-rle' ...
  got v0.2.1
  has 2 dependencies
Evaluating 'amdgpu_top_gui' ...
  got v0.11.4
  has 625 dependencies
Evaluating 'cargo-shuttle' ...
  got v0.57.3
  has 1215 dependencies
Evaluating 'deadpool-sqlite' ...
  got v0.13.0
  has 21 dependencies
Evaluating 'gst-plugin-mp4' ...
  got v0.14.5
  has 190 dependencies
Evaluating 'numquant' ...
  got v0.2.0
  has 0 dependencies
Evaluating 'matrix-pickle' ...
  got v0.2.2
  has 29 dependencies
Evaluating 'mdns-sd' ...
  got v0.19.1
  has 18 dependencies
Evaluating 'instant-acme' ...
  got v0.8.5
  has 159 dependencies
Evaluating 'gst-plugin-audiofx' ...
  got v0.15.0
  has 192 dependencies
Evaluating 'prometheus-client-derive-encode' ...
  got v0.5.0
  has 8 dependencies
Evaluating 'loupe-derive' ...
  got v0.2.0
  has 7 dependencies
Evaluating 'cgmath' ...
  got v0.18.0
  has 5 dependencies
Evaluating 'async-timer' ...
  got v0.7.4
  has 1 dependencies
Evaluating 'gst-plugin-videofx' ...
  got v0.15.0
  has 180 dependencies
Evaluating 'gst-plugin-aws' ...
  got v0.15.1
  has 793 dependencies
Evaluating 'djb_hash' ...
  got v0.1.3
  has 0 dependencies
Evaluating 'gst-plugin-webrtchttp' ...
  got v0.15.0
  has 380 dependencies
Evaluating 'gst-plugin-rav1e' ...
  got v0.15.0
  has 212 dependencies
Evaluating 'gst-plugin-png' ...
  got v0.15.0
  has 155 dependencies
Evaluating 'windows_winmd' ...
  got v0.3.1
  has 9 dependencies
Evaluating 'containers-image-proxy' ...
  got v0.10.0
  has 143 dependencies
Evaluating 'ostree-sys' ...
  got v0.15.3
  has 30 dependencies
Evaluating 'gst-plugin-onvif' ...
  got v0.15.1
  has 193 dependencies
Evaluating 'gst-plugin-csound' ...
  got v0.15.0
  has 144 dependencies
Evaluating 'libblkid-rs-sys' ...
  got v0.3.3
  has 38 dependencies
Evaluating 'matrix-pickle-derive' ...
  got v0.2.2
  has 23 dependencies
Evaluating 'gst-plugin-fallbackswitch' ...
  got v0.15.0
  has 169 dependencies
Evaluating 'gst-plugin-spotify' ...
  got v0.15.0
  has 823 dependencies
Evaluating 'gst-plugin-webrtc-signalling-protocol' ...
  got v0.15.0
  has 16 dependencies
Evaluating 'cap-std-ext' ...
  got v5.1.2
  has 30 dependencies
Evaluating 'dssim-core' ...
  got v3.4.0
  has 13 dependencies
Evaluating 'hrtf' ...
  got v0.8.1
  has 21 dependencies
Evaluating 'bones_matchmaker_proto' ...
  got v0.4.0
  has 969 dependencies
Evaluating 'shuttle-service' ...
  got v0.57.0
  has 54 dependencies
Evaluating 'human_bytes' ...
  got v0.4.3
  has 0 dependencies
Evaluating 'dbus-tree' ...
  got v0.9.2
  has 5 dependencies
Evaluating 'gst-plugin-sodium' ...
  got v0.15.0
  has 138 dependencies
Evaluating 'gvariant' ...
  got v0.5.1
  has 16 dependencies
Evaluating 'olpc-cjson' ...
  got v0.1.4
  has 10 dependencies
Evaluating 'lambda_runtime' ...
  got v1.1.3
  has 158 dependencies
Evaluating 'gst-plugin-raptorq' ...
  got v0.15.0
  has 133 dependencies
Evaluating 'tendermint-proto' ...
  got v0.40.4
  has 37 dependencies
Evaluating 'html2md' ...
  got v0.2.15
  has 67 dependencies
Evaluating 'oci-spec' ...
  got v0.9.0
  has 73 dependencies
Evaluating 'shuttle-common' ...
  got v0.57.0
  has 40 dependencies
Evaluating 'libblkid-rs' ...
  got v0.4.2
  has 42 dependencies
Evaluating 'shuttle-proto' ...
  got v0.51.0
  has 287 dependencies
Evaluating 'gst-plugin-tracers' ...
  got v0.15.0
  has 296 dependencies
Evaluating 'devicemapper' ...
  got v0.34.7
  has 85 dependencies
Evaluating 'wasmer-object' ...
  got v5.0.1
  has 113 dependencies
Evaluating 'ostree-ext' ...
  got v0.15.3
  has 426 dependencies
Evaluating 'gst-plugin-ndi' ...
  got v0.15.0
  has 163 dependencies
Evaluating 'biscuit-auth' ...
  got v6.0.0
  has 196 dependencies
Evaluating 'gst-plugin-hsv' ...
  got v0.15.0
  has 154 dependencies
Evaluating 'gst-plugin-textahead' ...
  got v0.15.0
  has 108 dependencies
Evaluating 'loupe' ...
  got v0.2.0
  has 9 dependencies
Evaluating 'libcryptsetup-rs-sys' ...
  got v0.6.1
  has 39 dependencies
Evaluating 'eyeball-im' ...
  got v0.8.0
  has 13 dependencies
Evaluating 'sh-inline' ...
  got v0.4.0
  has 10 dependencies
Evaluating 'reopen' ...
  got v1.0.3
  has 2 dependencies
Evaluating 'geo-uri' ...
  got v0.2.5
  has 10 dependencies
Evaluating 'color-thief' ...
  got v0.2.2
  has 2 dependencies
Evaluating 'gst-plugin-textwrap' ...
  got v0.15.0
  has 132 dependencies
Evaluating 'gst-plugin-webrtc-signalling' ...
  got v0.15.0
  has 193 dependencies
Evaluating 'csound' ...
  got v0.1.8
  has 6 dependencies
Evaluating 'readlock' ...
  got v0.1.11
  has 0 dependencies
Evaluating 'minijinja' ...
  got v2.19.0
  has 3 dependencies
Evaluating 'fqdn' ...
  got v0.5.2
  has 0 dependencies
Evaluating 'wasmi_arena' ...
  got v0.5.0
  has 0 dependencies
Evaluating 'queues' ...
  got v1.1.0
  has 0 dependencies
Evaluating 'gvariant-macro' ...
  got v0.5.1
  has 6 dependencies
Evaluating 'windows_winmd_macros' ...
  got v0.3.1
  has 8 dependencies
Evaluating 'shuttle-runtime' ...
  got v0.57.0
  has 422 dependencies
Evaluating 'gst-plugin-dav1d' ...
  got v0.15.0
  has 158 dependencies
Evaluating 'gag' ...
  got v1.0.0
  has 21 dependencies
Evaluating 'gst-plugin-ffv1' ...
  got v0.0.0
  has 0 dependencies
Evaluating 'libcryptsetup-rs' ...
  got v0.15.1
  has 59 dependencies
Evaluating 'gst-plugin-fmp4' ...
  got v0.14.5
  has 189 dependencies
Evaluating 'biscuit-quote' ...
  got v0.3.0
  has 37 dependencies
Evaluating 'rustrict' ...
  got v0.7.38
  has 12 dependencies
Evaluating 'aws-sdk-rds' ...
  got v1.132.0
  has 418 dependencies
Evaluating 'biscuit-cli' ...
  got v0.6.0
  has 282 dependencies
Evaluating 'gst-plugin-hlssink3' ...
  got v0.15.0
  has 154 dependencies
Evaluating 'gst-plugin-gif' ...
  got v0.15.0
  has 140 dependencies
Evaluating 'tendermint' ...
  got v0.40.4
  has 111 dependencies
Evaluating 'opentelemetry-prometheus' ...
  got v0.31.0
  has 56 dependencies
Evaluating 'wasmer-engine-universal' ...
  got v2.3.0
  has 161 dependencies
Evaluating 'wasmer-engine-dylib' ...
  got v2.3.0
  has 192 dependencies
Evaluating 'local-ip-address' ...
  got v0.6.12
  has 59 dependencies
Evaluating 'odds' ...
  got v0.4.0
  has 4 dependencies
Evaluating 'nats' ...
  got v0.26.0
  has 230 dependencies
Evaluating 'gloo-history' ...
  got v0.3.0
  has 65 dependencies
Evaluating 'libp2p-allow-block-list' ...
  got v0.6.0
  has 238 dependencies
Evaluating 'gloo-worker' ...
  got v0.6.0
  has 94 dependencies
Evaluating 'wasmer-engine' ...
  got v2.3.0
  has 140 dependencies
Evaluating 'isocountry' ...
  got v0.3.2
  has 12 dependencies
Evaluating 'windows-win' ...
  got v3.0.0
  has 1 dependencies
Evaluating 'sgx-quote' ...
  got v0.1.0
  has 10 dependencies
Evaluating 'quick-protobuf-codec' ...
  got v0.3.1
  has 30 dependencies
Evaluating 'libp2p-connection-limits' ...
  got v0.6.0
  has 238 dependencies
Evaluating 'hello' ...
  got v1.0.4
  has 0 dependencies
Evaluating 'self-replace' ...
  got v1.5.0
  has 9 dependencies
Evaluating 'rusoto_kms' ...
  got v0.48.0
  has 210 dependencies
Evaluating 'sp-metadata-ir' ...
  got v0.12.3
  has 59 dependencies
Evaluating 'cargo-strip' ...
  got v0.2.3
  has 30 dependencies
Evaluating 'etcetera' ...
  got v0.11.0
  has 1 dependencies
Evaluating 'systray' ...
  got v0.4.0
  has 212 dependencies
Evaluating 'rusoto_ec2' ...
  got v0.48.0
  has 215 dependencies
Evaluating 'padlock' ...
  got v0.2.0
  has 0 dependencies
Evaluating 'implicit-clone' ...
  got v0.6.0
  has 8 dependencies
Evaluating 'glsl-layout' ...
  got v0.5.0
  has 9 dependencies
Evaluating 'switchboard-common' ...
  got v0.11.6
  has 37 dependencies
Evaluating 'prokio' ...
  got v0.1.0
  has 48 dependencies
Evaluating 'cblas-sys' ...
  got v0.3.0
  has 0 dependencies
Evaluating 'pinned' ...
  got v0.1.0
  has 32 dependencies
Evaluating 'spdx' ...
  got v0.13.4
  has 1 dependencies
Evaluating 'partial_sort' ...
  got v1.0.0
  has 0 dependencies
Evaluating 'tendermint-rpc' ...
  got v0.40.4
  has 249 dependencies
Evaluating 'credstash' ...
  got v0.9.2
  has 298 dependencies
Evaluating 'async-once-cell' ...
  got v0.5.4
  has 0 dependencies
Evaluating 'fs-utils' ...
  got v1.1.4
  has 1 dependencies
Evaluating 'tray-item' ...
  got v0.10.0
  has 0 dependencies
Evaluating 'inherent' ...
  got v1.0.13
  has 8 dependencies
Evaluating 'ledger-apdu' ...
  got v0.11.0
  has 13 dependencies
Evaluating 'defmac' ...
  got v0.2.1
  has 0 dependencies
Evaluating 'mozjpeg-sys' ...
  got v2.2.3
  has 12 dependencies
Evaluating 'ledger-transport-hid' ...
  got v0.11.0
  has 37 dependencies
Evaluating 'unicode-properties' ...
  got v0.1.4
  has 0 dependencies
Evaluating 'derive_setters' ...
  got v0.1.9
  has 20 dependencies
Evaluating 'tendermint-config' ...
  got v0.40.4
  has 199 dependencies
Evaluating 'pyroscope_pprofrs' ...
  got v0.2.10
  has 308 dependencies
Evaluating 'indent_write' ...
  got v2.2.0
  has 0 dependencies
Evaluating 'ledger-transport' ...
  got v0.11.0
  has 18 dependencies
Evaluating 'cgroups-rs' ...
  got v0.5.0
  has 176 dependencies
Evaluating 'proc-macro-warning' ...
  got v1.84.1
  has 7 dependencies
Evaluating 'cw-storage-plus' ...
  got v3.0.1
  has 307 dependencies
Evaluating 'clipboard-master' ...
  got v4.0.0
  has 10 dependencies
Evaluating 'glsl-layout-derive' ...
  got v0.4.0
  has 8 dependencies
Evaluating 'opusic-sys' ...
  got v0.7.2
  has 5 dependencies
Evaluating 'soup-sys' ...
  got v0.10.0
  has 46 dependencies
Evaluating 'async-log' ...
  got v2.0.0
  has 21 dependencies
Evaluating 'async-log-attributes' ...
  got v1.0.1
  has 8 dependencies
Evaluating 'typify-macro' ...
  got v0.6.2
  has 60 dependencies
Evaluating 'lexicmp' ...
  got v0.2.0
  has 1 dependencies
Evaluating 'trice' ...
  got v0.4.0
  has 0 dependencies
Evaluating 'openapiv3' ...
  got v2.2.0
  has 20 dependencies
Evaluating 'protoc-bin-vendored-linux-ppcle_64' ...
  got v3.2.0
  has 0 dependencies
Evaluating 'grep' ...
  got v0.4.1
  has 49 dependencies
Evaluating 'earcutr' ...
  got v0.5.0
  has 5 dependencies
Evaluating 'msdos_time' ...
  got v0.1.6
  has 2 dependencies
Evaluating 'ark-ff-asm' ...
  got v0.6.0
  has 7 dependencies
Evaluating 'ark-ff-macros' ...
  got v0.6.0
  has 15 dependencies
Evaluating 'serde_tokenstream' ...
  got v0.2.3
  has 19 dependencies
Evaluating 'textplots' ...
  got v0.8.7
  has 6 dependencies
Evaluating 'symphonia-codec-aac' ...
  got v0.5.5
  has 8 dependencies
Evaluating 'hamcrest2' ...
  got v0.3.0
  has 35 dependencies
Evaluating 'surrealdb-derive' ...
  got v0.12.0
  has 7 dependencies
Evaluating 'spinners' ...
  got v4.2.0
  has 14 dependencies
Evaluating 'protoc-bin-vendored-linux-aarch_64' ...
  got v3.2.0
  has 0 dependencies
Evaluating 'protoc-bin-vendored-linux-x86_32' ...
  got v3.2.0
  has 0 dependencies
Evaluating 'http-body-util' ...
  got v0.1.3
  has 9 dependencies
Evaluating 'project-root' ...
  got v0.2.2
  has 0 dependencies
Evaluating 'protoc-bin-vendored-macos-x86_64' ...
  got v3.2.0
  has 0 dependencies
Evaluating 'symphonia-format-mkv' ...
  got v0.5.5
  has 17 dependencies
Evaluating 'sqlx-postgres' ...
  got v0.8.6
  has 208 dependencies
Evaluating 'wasmtime-cranelift-shared' ...
  got v19.0.2
  has 85 dependencies
Evaluating 'tokio-metrics' ...
  got v0.5.0
  has 26 dependencies
Evaluating 'sqlx-macros-core' ...
  got v0.8.6
  has 172 dependencies
Evaluating 'neli-proc-macros' ...
  got v0.2.2
  has 15 dependencies
Evaluating 'symphonia-format-isomp4' ...
  got v0.5.5
  has 17 dependencies
Evaluating 'surrealdb' ...
  got v3.0.5
  has 856 dependencies
Evaluating 'drawille' ...
  got v0.3.0
  has 3 dependencies
Evaluating 'cw-utils' ...
  got v3.0.0
  has 322 dependencies
Evaluating 'parcel_sourcemap' ...
  got v2.1.1
  has 25 dependencies
Evaluating 'symphonia-bundle-flac' ...
  got v0.5.5
  has 16 dependencies
Evaluating 'const-str-proc-macro' ...
  got v1.1.0
  has 8 dependencies
Evaluating 'ark-serialize' ...
  got v0.6.0
  has 21 dependencies
Evaluating 'ark-std' ...
  got v0.6.0
  has 9 dependencies
Evaluating 'typify' ...
  got v0.6.2
  has 65 dependencies
Evaluating 'protoc-bin-vendored-win32' ...
  got v3.2.0
  has 0 dependencies
Evaluating 'cargo-generate' ...
  got v0.23.8
  has 491 dependencies
Evaluating 'mathru' ...
  got v0.16.2
  has 25 dependencies
Evaluating 'vlq' ...
  got v0.5.1
  has 0 dependencies
Evaluating 'ts-rs-macros' ...
  got v12.0.1
  has 8 dependencies
Evaluating 'cw2' ...
  got v3.0.0
  has 327 dependencies
Evaluating 'gvdb' ...
  got v0.10.0
  has 40 dependencies
Evaluating 'ark-ff' ...
  got v0.6.0
  has 54 dependencies
Evaluating 'common-path' ...
  got v1.0.0
  has 0 dependencies
Evaluating 'dmp' ...
  got v0.2.3
  has 2 dependencies
Evaluating 'ijson' ...
  got v0.1.6
  has 18 dependencies
Evaluating 'typify-impl' ...
  got v0.6.2
  has 49 dependencies
Evaluating 'sb-func-tools' ...
  got v0.1.1
  has 364 dependencies
Evaluating 'grep-cli' ...
  got v0.1.12
  has 16 dependencies
Evaluating 'storekey' ...
  got v0.11.0
  has 9 dependencies
Evaluating 'cosmos-sdk-proto' ...
  got v0.27.0
  has 164 dependencies
Evaluating 'protoc-bin-vendored' ...
  got v3.2.0
  has 8 dependencies
Evaluating 'ts-rs' ...
  got v12.0.1
  has 15 dependencies
Evaluating 'sp-statement-store' ...
  got v25.0.0
  has 942 dependencies
Evaluating 'rnix' ...
  got v0.14.0
  has 5 dependencies
Evaluating 'protoc-bin-vendored-linux-x86_64' ...
  got v3.2.0
  has 0 dependencies
Evaluating 'corosensei' ...
  got v0.3.3
  has 5 dependencies
Evaluating 'gix-ignore' ...
  got v0.21.0
  has 27 dependencies
Evaluating 'const-str' ...
  got v1.1.0
  has 0 dependencies
Evaluating 'actix-http-test' ...
  got v3.2.0
  has 215 dependencies
Evaluating 'age-core' ...
  got v0.11.0
  has 84 dependencies
Evaluating 'sqlite3-src' ...
  got v0.7.0
  has 5 dependencies
Evaluating 'tantivy-tokenizer-api' ...
  got v0.7.0
  has 11 dependencies
Evaluating 'sphinx-packet' ...
  got v0.6.0
  has 90 dependencies
Evaluating 'safer-ffi' ...
  got v0.1.13
  has 33 dependencies
Evaluating 'nym-outfox' ...
  got v1.20.5
  has 140 dependencies
Evaluating 'gdk4-win32-sys' ...
  got v0.11.0
  has 54 dependencies
Evaluating 'surrealdb-migrations' ...
  got v2.4.0
  has 1046 dependencies
Evaluating 'egglog' ...
  got v2.0.0
  has 278 dependencies
Evaluating 'nym-coconut-dkg-common' ...
  got v1.20.5
  has 351 dependencies
Evaluating 'imap' ...
  got v2.4.1
  has 57 dependencies
Evaluating 'tantivy-columnar' ...
  got v0.7.0
  has 56 dependencies
Evaluating 'symphonia-codec-alac' ...
  got v0.5.5
  has 7 dependencies
Evaluating 'kanidm_tools' ...
  got v1.9.1
  has 1376 dependencies
Evaluating 'bip32' ...
  got v0.5.3
  has 68 dependencies
Evaluating 'test-support' ...
  ! crate not resolved: error: the crate `test-support` could not be found in registry index.
Evaluating 'username' ...
  got v0.2.0
  has 0 dependencies
Evaluating 'sketching' ...
  got v1.9.1
  has 255 dependencies
Evaluating 'nym-mixnet-contract-common' ...
  got v1.20.5
  has 341 dependencies
Evaluating 'nym-config' ...
  got v1.20.5
  has 203 dependencies
Evaluating 'devd-rs' ...
  got v0.3.6
  has 4 dependencies
Evaluating 'google-apis-common' ...
  got v8.0.0
  has 180 dependencies
Evaluating 'gosyn' ...
  got v0.2.9
  has 25 dependencies
Evaluating 'nym-sphinx-framing' ...
  got v1.20.4
  has 1500 dependencies
Evaluating 'nym-pemstore' ...
  got v1.20.5
  has 21 dependencies
Evaluating 'tuic-server' ...
  ! crate not resolved: error: the crate `tuic-server` could not be found in registry index.
Evaluating 'decompress' ...
  got v0.6.0
  has 179 dependencies
Evaluating 'pot' ...
  got v3.0.1
  has 15 dependencies
Evaluating 'quickwit-proto' ...
  got v0.3.0
  has 252 dependencies
Evaluating 'bitcoin' ...
  got v0.32.8
  has 21 dependencies
Evaluating 'nym-gateway-client' ...
  got v1.20.4
  has 2023 dependencies
Evaluating 'mio-misc' ...
  got v2.1.0
  has 16 dependencies
Evaluating 'sealed_test' ...
  got v1.1.0
  has 24 dependencies
Evaluating 'concread' ...
  got v0.5.10
  has 28 dependencies
Evaluating 'done' ...
  got v0.0.0-reserve
  has 0 dependencies
Evaluating 'color-print-proc-macro' ...
  got v0.3.7
  has 11 dependencies
Evaluating 'nym-client-websocket-requests' ...
  got v1.20.4
  has 1565 dependencies
Evaluating 'nym-inclusion-probability' ...
  got v1.20.4
  has 21 dependencies
Evaluating 'nym-store-cipher' ...
  got v1.20.4
  has 76 dependencies
Evaluating 'nym-types' ...
  got v1.20.4
  has 1477 dependencies
Evaluating 'progenitor' ...
  got v0.14.0
  has 291 dependencies
Evaluating 'ecies-ed25519' ...
  got v0.5.1
  has 69 dependencies
Evaluating 'rocket_okapi' ...
  got v0.9.0
  has 335 dependencies
Evaluating 'serde_cbor_2' ...
  got v0.13.0
  has 14 dependencies
Evaluating 'nym-cli-commands' ...
  got v1.20.4
  has 2345 dependencies
Evaluating 'nym-credential-storage' ...
  got v1.20.4
  has 1619 dependencies
Evaluating 'envoy' ...
  got v0.1.3
  has 0 dependencies
Evaluating 'nym-service-providers-common' ...
  got v1.20.4
  has 1482 dependencies
Evaluating 'ledger' ...
  got v0.2.5
  has 44 dependencies
Evaluating 'nym-sphinx-cover' ...
  got v1.20.4
  has 1533 dependencies
Evaluating 'rsmq_async' ...
  got v16.0.0
  has 150 dependencies
Evaluating 'burn-ndarray' ...
  got v0.20.1
  has 201 dependencies
Evaluating 'tauri-plugin-autostart' ...
  got v2.5.1
  has 777 dependencies
Evaluating 'readext' ...
  got v0.1.0
  has 0 dependencies
Evaluating 'dlopen_derive' ...
  got v0.1.4
  has 8 dependencies
Evaluating 'polars-json' ...
  got v0.53.0
  has 222 dependencies
Evaluating 'temporal-sdk-core-api' ...
  got v0.1.0
  has 378 dependencies
Evaluating 'cmdline_words_parser' ...
  got v0.2.1
  has 0 dependencies
Evaluating 'uninit' ...
  got v0.6.2
  has 0 dependencies
Evaluating 'unwind_safe' ...
  got v0.1.0
  has 0 dependencies
Evaluating 'nym-socks5-requests' ...
  got v1.20.4
  has 1491 dependencies
Evaluating 'burn-core' ...
  got v0.20.1
  has 173 dependencies
Evaluating 'burn-derive' ...
  got v0.20.1
  has 12 dependencies
Evaluating 'google-drive3' ...
  got v7.0.0+20251218
  has 264 dependencies
Evaluating 'license' ...
  got v3.8.0+3.28.0
  has 19 dependencies
Evaluating 'matrixcompare-core' ...
  got v0.1.0
  has 0 dependencies
Evaluating 'display-info' ...
  got v0.5.9
  has 82 dependencies
Evaluating 'orca' ...
  got v0.7.0
  has 282 dependencies
Evaluating 'color-print' ...
  got v0.3.7
  has 12 dependencies
Evaluating 'nym-sphinx-types' ...
  got v1.20.5
  has 96 dependencies
Evaluating 'burn' ...
  got v0.20.1
  has 184 dependencies
Evaluating 'fast-srgb8' ...
  got v1.0.0
  has 0 dependencies
Evaluating 'nym-sdk' ...
  got v1.20.4
  has 2324 dependencies
Evaluating 'webauthn-rs-core' ...
  got v0.5.4
  has 211 dependencies
Evaluating 'sealed_test_derive' ...
  got v1.1.0
  has 7 dependencies
Evaluating 'bluez-async' ...
  got v0.8.2
  has 71 dependencies
Evaluating 'nym-sphinx' ...
  got v1.20.4
  has 1562 dependencies
Evaluating 'rustfmt-wrapper' ...
  got v0.2.1
  has 55 dependencies
Evaluating 'windmill' ...
  got v0.1.0
  has 22 dependencies
Evaluating 'dowser' ...
  got v0.18.0
  has 7 dependencies
Evaluating 'argyle' ...
  got v0.15.0
  has 0 dependencies
Evaluating 'progenitor-impl' ...
  got v0.14.0
  has 104 dependencies
Evaluating 'sqlite' ...
  got v0.37.0
  has 7 dependencies
Evaluating 'detect-indent' ...
  got v0.1.0
  has 10 dependencies
Evaluating 'web-view' ...
  got v0.7.3
  has 122 dependencies
Evaluating 'nym-api-requests' ...
  got v1.20.4
  has 1328 dependencies
Evaluating 'tinyfiledialogs' ...
  got v3.9.1
  has 5 dependencies
Evaluating 'age' ...
  got v0.11.3
  has 237 dependencies
Evaluating 'json_comments' ...
  got v0.2.2
  has 0 dependencies
Evaluating 'burn-tensor' ...
  got v0.20.1
  has 122 dependencies
Evaluating 'base64urlsafedata' ...
  got v0.5.4
  has 13 dependencies
Evaluating 'selection' ...
  got v1.2.0
  has 84 dependencies
Evaluating 'tantivy-sstable' ...
  got v0.7.0
  has 46 dependencies
Evaluating 'nym-gateway-requests' ...
  got v1.20.4
  has 1735 dependencies
Evaluating 'kanidm_proto' ...
  got v1.9.1
  has 1092 dependencies
Evaluating 'nym-mixnode-common' ...
  got v1.20.4
  has 1564 dependencies
Evaluating 'thread-priority' ...
  got v3.0.0
  has 5 dependencies
Evaluating 'socks5-proto' ...
  got v0.4.1
  has 14 dependencies
Evaluating 'duplicate' ...
  got v2.0.1
  has 13 dependencies
Evaluating 'io_tee' ...
  got v0.1.1
  has 0 dependencies
Evaluating 'btleplug' ...
  got v0.12.0
  has 105 dependencies
Evaluating 'kanidm_client' ...
  got v1.9.1
  has 1245 dependencies
Evaluating 'utf8_iter' ...
  got v1.0.4
  has 0 dependencies
Evaluating 'rustsec' ...
  got v0.32.0
  has 758 dependencies
Evaluating 'fyi_msg' ...
  got v2.6.0
  has 1 dependencies
Evaluating 'nym-socks5-proxy-helpers' ...
  got v1.20.4
  has 1524 dependencies
Evaluating 'fernet' ...
  got v0.2.2
  has 34 dependencies
Evaluating 'nym-network-defaults' ...
  got v1.20.5
  has 140 dependencies
Evaluating 'cvss' ...
  got v2.2.0
  has 0 dependencies
Evaluating 'chrono-human-duration' ...
  got v0.1.1
  has 5 dependencies
Evaluating 'symbol_table' ...
  got v0.5.0
  has 6 dependencies
Evaluating 'burn-tensor-testgen' ...
  got v0.20.1
  has 8 dependencies
Evaluating 'web-tree-sitter-sys' ...
  got v1.3.0
  has 28 dependencies
Evaluating 'to_method' ...
  got v1.1.0
  has 0 dependencies
Evaluating 'sqlx-sqlite' ...
  got v0.8.6
  has 167 dependencies
Evaluating 'extension-traits' ...
  got v2.0.2
  has 10 dependencies
Evaluating 'ext-trait' ...
  got v2.0.2
  has 9 dependencies
Evaluating 'ext-trait-proc_macros' ...
  got v2.0.2
  has 8 dependencies
Evaluating 'path' ...
  got v0.8.2
  has 31 dependencies
Evaluating 'quickwit-actors' ...
  got v0.3.0
  has 332 dependencies
Evaluating 'nym-node-tester-utils' ...
  got v1.20.4
  has 1598 dependencies
Evaluating 'zxcvbn' ...
  got v3.1.1
  has 47 dependencies
Evaluating 'tantivy-stacker' ...
  got v0.7.0
  has 29 dependencies
Evaluating 'xkbcommon-dl' ...
  got v0.4.2
  has 7 dependencies
Evaluating 'with_builtin_macros' ...
  got v0.1.0
  has 9 dependencies
Evaluating 'elasticsearch-dsl' ...
  got v0.4.26
  has 22 dependencies
Evaluating 'lightningcss' ...
  got v1.0.0-alpha.71
  has 133 dependencies
Evaluating 'parcel_selectors' ...
  got v0.28.2
  has 36 dependencies
Evaluating 'datadog-trace-utils' ...
  got v0.0.0
  has 0 dependencies
Evaluating 'idlset' ...
  got v0.2.5
  has 13 dependencies
Evaluating 'reword' ...
  got v7.0.1
  has 1 dependencies
Evaluating 'tuic-quinn' ...
  ! crate not resolved: error: the crate `tuic-quinn` could not be found in registry index.
Evaluating 'progenitor-client' ...
  got v0.14.0
  has 189 dependencies
Evaluating 'tower-cookies' ...
  got v0.11.0
  has 59 dependencies
Evaluating 'webauthn-rs-proto' ...
  got v0.5.4
  has 92 dependencies
Evaluating 'softbuffer' ...
  got v0.4.8
  has 75 dependencies
Evaluating 'gdrive' ...
  ! crate not resolved: error: the crate `gdrive` could not be found in registry index.
Evaluating 'quickwit-aws' ...
  got v0.3.0
  has 231 dependencies
Evaluating 'progenitor-macro' ...
  got v0.14.0
  has 112 dependencies
Evaluating 'nym-sphinx-addressing' ...
  got v1.20.4
  has 137 dependencies
Evaluating 'rand_seeder' ...
  got v0.5.0
  has 1 dependencies
Evaluating 'nym-credentials' ...
  got v1.20.4
  has 1464 dependencies
Evaluating 'temporal-sdk-core' ...
  got v0.1.0-alpha.1
  has 414 dependencies
Evaluating 'nym-vesting-contract' ...
  got v1.4.0
  has 312 dependencies
Evaluating 'dactyl' ...
  got v0.13.2
  has 0 dependencies
Evaluating 'time-fmt' ...
  got v0.3.8
  has 17 dependencies
Evaluating 'mrecordlog' ...
  got v0.4.0
  has 43 dependencies
Evaluating 'nym-sphinx-params' ...
  got v1.20.4
  has 205 dependencies
Evaluating 'build-target' ...
  got v0.8.0
  has 0 dependencies
Evaluating 'verbatim' ...
  got v0.1.1
  has 0 dependencies
Evaluating 'async-speed-limit' ...
  got v0.4.2
  has 4 dependencies
Evaluating 'authenticator-ctap2-2021' ...
  got v0.3.2-dev.1
  has 78 dependencies
Evaluating 'rocket_okapi_codegen' ...
  got v0.9.0
  has 121 dependencies
Evaluating 'nym-vesting-contract-common' ...
  got v1.20.4
  has 347 dependencies
Evaluating 'sshkeys' ...
  got v0.3.4
  has 14 dependencies
Evaluating 'daemon' ...
  got v0.0.8
  has 1 dependencies
Evaluating 'ldap3_client' ...
  got v0.7.0
  has 195 dependencies
Evaluating 'quickwit-config' ...
  got v0.3.0
  has 624 dependencies
Evaluating 'safer_ffi-proc_macros' ...
  got v0.1.13
  has 14 dependencies
Evaluating 'cw3' ...
  got v2.0.0
  has 268 dependencies
Evaluating 'burn-dataset' ...
  got v0.20.1
  has 291 dependencies
Evaluating 'datadog-trace-protobuf' ...
  got v0.0.0
  has 0 dependencies
Evaluating 'burn-common' ...
  got v0.19.1
  has 82 dependencies
Evaluating 'nym-nonexhaustive-delayqueue' ...
  got v1.20.4
  has 13 dependencies
Evaluating 'chitchat' ...
  got v0.10.1
  has 74 dependencies
Evaluating 'burn-tch' ...
  got v0.20.1
  has 333 dependencies
Evaluating 'nym-mixnet-client' ...
  got v1.20.4
  has 1622 dependencies
Evaluating 'nym-validator-client' ...
  got v1.20.4
  has 1530 dependencies
Evaluating 'nym-multisig-contract-common' ...
  got v1.20.5
  has 289 dependencies
Evaluating 'libnss' ...
  got v0.9.0
  has 3 dependencies
Evaluating 'burn-train' ...
  got v0.20.1
  has 474 dependencies
Evaluating 'tuic' ...
  ! crate not resolved: error: the crate `tuic` could not be found in registry index.
Evaluating 'nym-task' ...
  got v1.20.4
  has 65 dependencies
Evaluating 'tree-sitter-facade' ...
  got v0.9.0
  has 36 dependencies
Evaluating 'quickwit-doc-mapper' ...
  got v0.3.0
  has 396 dependencies
Evaluating 'scim_proto' ...
  got v1.9.1
  has 143 dependencies
Evaluating 'nym-sphinx-chunking' ...
  got v1.20.4
  has 277 dependencies
Evaluating 'archive' ...
  got v0.3.1
  has 95 dependencies
Evaluating 'nym-statistics-common' ...
  got v1.20.4
  has 1604 dependencies
Evaluating 'webview-sys' ...
  got v0.6.2
  has 115 dependencies
Evaluating 'sqlx-mysql' ...
  got v0.8.6
  has 245 dependencies
Evaluating 'nym-cli' ...
  got v0.1.0
  has 144 dependencies
Evaluating 'zwohash' ...
  got v0.1.2
  has 0 dependencies
Evaluating 'nym-sphinx-acknowledgements' ...
  got v1.20.4
  has 1475 dependencies
Evaluating 'rustfsm_procmacro' ...
  got v0.1.0
  has 20 dependencies
Evaluating 'mio-misc' ...
  got v2.1.0
  has 16 dependencies
Evaluating 'nym-gateway-client' ...
  got v1.20.4
  has 2023 dependencies
Evaluating 'color-print-proc-macro' ...
  got v0.3.7
  has 11 dependencies
Evaluating 'nym-inclusion-probability' ...
  got v1.20.4
  has 21 dependencies
Evaluating 'nym-client-websocket-requests' ...
  got v1.20.4
  has 1565 dependencies
Evaluating 'progenitor' ...
  got v0.14.0
  has 291 dependencies
Evaluating 'ecies-ed25519' ...
  got v0.5.1
  has 69 dependencies
Evaluating 'nym-sphinx-cover' ...
  got v1.20.4
  has 1533 dependencies
Evaluating 'ledger' ...
  got v0.2.5
  has 44 dependencies
Evaluating 'burn-ndarray' ...
  got v0.20.1
  has 201 dependencies
Evaluating 'tauri-plugin-autostart' ...
  got v2.5.1
  has 777 dependencies
Evaluating 'uninit' ...
  got v0.6.2
  has 0 dependencies
Evaluating 'display-info' ...
  got v0.5.9
  has 82 dependencies
Evaluating 'nym-sdk' ...
  got v1.20.4
  has 2324 dependencies
Evaluating 'fast-srgb8' ...
  got v1.0.0
  has 0 dependencies
Evaluating 'burn' ...
  got v0.20.1
  has 184 dependencies
Evaluating 'bluez-async' ...
  got v0.8.2
  has 71 dependencies
Evaluating 'rustfmt-wrapper' ...
  got v0.2.1
  has 55 dependencies
Evaluating 'dowser' ...
  got v0.18.0
  has 7 dependencies
Evaluating 'progenitor-impl' ...
  got v0.14.0
  has 104 dependencies
Evaluating 'detect-indent' ...
  got v0.1.0
  has 10 dependencies
Evaluating 'age-core' ...
  got v0.11.0
  has 84 dependencies
Evaluating 'exponential-backoff' ...
  got v2.1.0
  has 1 dependencies
Evaluating 'xz' ...
  got v0.1.0
  has 8 dependencies
Evaluating 'imap' ...
  got v2.4.1
  has 57 dependencies
Evaluating 'nym-mixnode-common' ...
  got v1.20.4
  has 1564 dependencies
Evaluating 'runloop' ...
  got v0.1.0
  has 0 dependencies
Evaluating 'nym-vesting-contract' ...
  got v1.4.0
  has 312 dependencies
Evaluating 'rustsec' ...
  got v0.32.0
  has 758 dependencies
Evaluating 'progenitor-macro' ...
  got v0.14.0
  has 112 dependencies
Evaluating 'fernet' ...
  got v0.2.2
  has 34 dependencies
Evaluating 'nym-network-defaults' ...
  got v1.20.5
  has 140 dependencies
Evaluating 'chrono-human-duration' ...
  got v0.1.1
  has 5 dependencies
Evaluating 'web-tree-sitter-sys' ...
  got v1.3.0
  has 28 dependencies
Evaluating 'relm4-icons' ...
  got v0.11.0
  has 178 dependencies
Evaluating 'xkbcommon-dl' ...
  got v0.4.2
  has 7 dependencies
Evaluating 'lightningcss' ...
  got v1.0.0-alpha.71
  has 133 dependencies
Evaluating 'nym-sphinx-anonymous-replies' ...
  got v1.20.4
  has 1475 dependencies
Evaluating 'temporal-sdk-core' ...
  got v0.1.0-alpha.1
  has 414 dependencies
Evaluating 'nym-sphinx-params' ...
  got v1.20.4
  has 205 dependencies
Evaluating 'time-fmt' ...
  got v0.3.8
  has 17 dependencies
Evaluating 'async-speed-limit' ...
  got v0.4.2
  has 4 dependencies
Evaluating 'nym-statistics-common' ...
  got v1.20.4
  has 1604 dependencies
Evaluating 'nym-nonexhaustive-delayqueue' ...
  got v1.20.4
  has 13 dependencies
Evaluating 'nym-task' ...
  got v1.20.4
  has 65 dependencies
Evaluating 'nym-multisig-contract-common' ...
  got v1.20.5
  has 289 dependencies
Evaluating 'quickwit-doc-mapper' ...
  got v0.3.0
  has 396 dependencies
Evaluating 'tree-sitter-facade' ...
  got v0.9.0
  has 36 dependencies
Evaluating 'sshkeys' ...
  got v0.3.4
  has 14 dependencies
Evaluating 'idlset' ...
  got v0.2.5
  has 13 dependencies
Evaluating 'nym-sphinx-chunking' ...
  got v1.20.4
  has 277 dependencies
Evaluating 'mrecordlog' ...
  got v0.4.0
  has 43 dependencies
Evaluating 'parcel_selectors' ...
  got v0.28.2
  has 36 dependencies
Evaluating 'gdrive' ...
  ! crate not resolved: error: the crate `gdrive` could not be found in registry index.
Evaluating 'nym-cli' ...
  got v0.1.0
  has 144 dependencies
Evaluating 'rustfsm_procmacro' ...
  got v0.1.0
  has 20 dependencies
Evaluating 'register-count' ...
  got v0.1.0
  has 0 dependencies
Evaluating 'toolchain_find' ...
  got v0.4.0
  has 14 dependencies
Evaluating 'mouse_position' ...
  got v0.1.4
  has 5 dependencies
Evaluating 'topiary-cli' ...
  got v0.7.3
  has 1185 dependencies
Evaluating 'icu_provider_blob' ...
  got v2.2.0
  has 65 dependencies
Evaluating 'sql-builder' ...
  got v3.1.1
  has 11 dependencies
Evaluating 'autotools' ...
  got v0.2.7
  has 3 dependencies
Evaluating 'auto-launch' ...
  got v0.6.0
  has 22 dependencies
Evaluating 'zwohash' ...
  got v0.1.2
  has 0 dependencies
Evaluating 'tauri-plugin-single-instance' ...
  got v2.4.1
  has 908 dependencies
Evaluating 'hash32-derive' ...
  got v0.1.1
  has 8 dependencies
Evaluating 'nym-contracts-common' ...
  got v1.20.5
  has 306 dependencies
Evaluating 'nym-crypto' ...
  got v1.20.5
  has 31 dependencies
Evaluating 'cargo-leptos' ...
  got v0.3.6
  has 1741 dependencies
Evaluating 'smolset' ...
  got v1.3.1
  has 1 dependencies
Evaluating 'screenshots' ...
  got v0.8.10
  has 129 dependencies
Evaluating 'parse_duration0' ...
  got v3.0.0
  has 10 dependencies
Evaluating 'socks5-server' ...
  got v0.10.1
  has 26 dependencies
Evaluating 'kanidm-ipa-sync' ...
  got v1.7.4
  has 1570 dependencies
Evaluating 'kord' ...
  got v0.7.1
  has 291 dependencies
Evaluating 'quickwit-core' ...
  got v0.3.0
  has 1016 dependencies
Evaluating 'wasmi_wasi' ...
  got v1.0.9
  has 112 dependencies
Evaluating 'wasmi_cli' ...
  got v1.0.9
  has 141 dependencies
Evaluating 'windmill-api' ...
  got v1.692.0
  has 248 dependencies
Evaluating 'sqlite3-parser' ...
  got v0.16.0
  has 27 dependencies
Evaluating 'quickwit-common' ...
  got v0.3.0
  has 309 dependencies
Evaluating 'quickwit-indexing' ...
  got v0.3.0
  has 992 dependencies
Evaluating 'with_builtin_macros-proc_macros' ...
  got v0.1.0
  has 8 dependencies
Evaluating 'quickwit-cluster' ...
  got v0.3.0
  has 660 dependencies
Evaluating 'quickwit-storage' ...
  got v0.3.0
  has 819 dependencies
Evaluating 'quickwit-telemetry' ...
  got v0.3.0
  has 235 dependencies
Evaluating 'burn-autodiff' ...
  got v0.20.1
  has 290 dependencies
Evaluating 'lazy-bytes-cast' ...
  got v7.1.0
  has 0 dependencies
Evaluating 'pyproject-toml' ...
  got v0.13.7
  has 134 dependencies
Evaluating 'jxl-coding' ...
  got v1.0.1
  has 6 dependencies
Evaluating 'mysql' ...
  got v28.0.0
  has 202 dependencies
Evaluating 'jxl-modular' ...
  got v0.11.2
  has 15 dependencies
Evaluating 'macos-accessibility-client' ...
  got v0.0.2
  has 4 dependencies
Evaluating 'mail-parser' ...
  got v0.11.2
  has 12 dependencies
Evaluating 'copypasta' ...
  got v0.10.2
  has 105 dependencies
Evaluating 'jxl-oxide' ...
  got v0.12.5
  has 87 dependencies
Evaluating 'valuable-derive' ...
  got v0.1.1
  has 8 dependencies
Evaluating 'rfc2047-decoder' ...
  got v1.1.0
  has 37 dependencies
Evaluating 'simple-home-dir' ...
  got v0.5.2
  has 0 dependencies
Evaluating 'tau-engine' ...
  got v1.14.1
  has 37 dependencies
Evaluating 'jxl-render' ...
  got v0.12.3
  has 54 dependencies
Evaluating 'jxl-frame' ...
  got v0.13.3
  has 35 dependencies
Evaluating 'mft' ...
  got v0.7.0
  has 164 dependencies
Evaluating 'notatin' ...
  got v1.0.1
  has 138 dependencies
Evaluating 'protobuf-src' ...
  got v2.1.1+27.1
  has 5 dependencies
Evaluating 'ark-ec' ...
  got v0.6.0
  has 79 dependencies
Evaluating 'guppy-workspace-hack' ...
  got v0.1.0
  has 0 dependencies
Evaluating 'virtue' ...
  got v0.0.19
  has 0 dependencies
Evaluating 'jxl-color' ...
  got v0.11.0
  has 20 dependencies
Evaluating 'bincode_derive' ...
  got v3.0.0
  has 0 dependencies
Evaluating 'jxl-vardct' ...
  got v0.11.1
  has 22 dependencies
Evaluating 'chainsaw' ...
  got v1.14.3
  has 114 dependencies
Evaluating 'jxl-image' ...
  got v0.13.0
  has 10 dependencies
Evaluating 'curve25519-dalek-derive' ...
  got v0.1.1
  has 8 dependencies
Evaluating 'internment' ...
  got v0.8.6
  has 4 dependencies
Evaluating 'cargo-manifest' ...
  got v0.21.0
  has 28 dependencies
Evaluating 'grep-printer' ...
  got v0.3.1
  has 25 dependencies
Evaluating 'mail-builder' ...
  got v0.4.4
  has 4 dependencies
Evaluating 'io-enum' ...
  got v1.2.1
  has 9 dependencies
Evaluating 'jxl-bitstream' ...
  got v1.1.0
  has 4 dependencies
Evaluating 'jxl-grid' ...
  got v0.6.1
  has 4 dependencies
Evaluating 'wasmi-validation' ...
  got v0.5.0
  has 1 dependencies
Evaluating 'evtx' ...
  got v0.11.2
  has 197 dependencies
Evaluating 'bung' ...
  got v0.1.0
  has 7 dependencies
Evaluating 'winstructs' ...
  got v0.3.2
  has 37 dependencies
Evaluating 'chrono-humanize' ...
  got v0.2.3
  has 5 dependencies
Evaluating 'chashmap' ...
  got v2.2.2
  has 10 dependencies
Evaluating 'pathfinder_renderer' ...
  got v0.5.0
  has 99 dependencies
Evaluating 'zune-png' ...
  got v0.5.2
  has 3 dependencies
Evaluating 'glyphon' ...
  got v0.11.0
  has 162 dependencies
Evaluating 'python-pkginfo' ...
  got v0.6.8
  has 75 dependencies
Evaluating 'pathfinder_gpu' ...
  got v0.5.0
  has 39 dependencies
Evaluating 'ratatui' ...
  got v0.30.0
  has 126 dependencies
Evaluating 'dary_heap' ...
  got v0.3.9
  has 0 dependencies
Evaluating 'zune-core' ...
  got v0.5.1
  has 0 dependencies
Evaluating 'wasmer-artifact' ...
  got v2.3.0
  has 95 dependencies
Evaluating 'tz-rs' ...
  got v0.7.3
  has 0 dependencies
Evaluating 'hematite-nbt' ...
  got v0.5.2
  has 19 dependencies
Evaluating 'futures-batch' ...
  got v0.7.0
  has 32 dependencies
Evaluating 'data' ...
  got v0.1.0
  has 698 dependencies
Evaluating 'iced_renderer' ...
  got v0.14.0
  has 118 dependencies
Evaluating 'luau0-src' ...
  got v0.20.0+luau716
  has 6 dependencies
Evaluating 'sval_ref' ...
  got v2.18.0
  has 1 dependencies
Evaluating 'mp4' ...
  got v0.14.0
  has 33 dependencies
Evaluating 'prost-reflect' ...
  got v0.16.3
  has 16 dependencies
Evaluating 'pathfinder_gl' ...
  got v0.5.0
  has 51 dependencies
Evaluating 'pathfinder_content' ...
  got v0.5.0
  has 31 dependencies
Evaluating 'mlua-sys' ...
  got v0.10.0
  has 7 dependencies
Evaluating 'blanket' ...
  got v0.4.0
  has 8 dependencies
Evaluating 'human-size' ...
  got v0.4.3
  has 0 dependencies
Evaluating 'irc' ...
  got v1.1.0
  has 114 dependencies
Evaluating 'actix-test' ...
  got v0.1.5
  has 357 dependencies
Evaluating 'mail-auth' ...
  got v0.8.0
  has 247 dependencies
Evaluating 'pathfinder_resources' ...
  got v0.5.0
  has 0 dependencies
Evaluating 'pbjson-build' ...
  got v0.9.0
  has 18 dependencies
Evaluating 'pathfinder_color' ...
  got v0.5.0
  has 4 dependencies
Evaluating 'mail-send' ...
  got v0.6.0
  has 265 dependencies
Evaluating 'etagere' ...
  got v0.3.0
  has 4 dependencies
Evaluating 'privdrop' ...
  got v0.5.6
  has 7 dependencies
Evaluating 'retainer' ...
  got v0.4.0
  has 41 dependencies
Evaluating 'wasmer-engine-universal-artifact' ...
  got v2.3.0
  has 104 dependencies
Evaluating 'mchprs' ...
  got v0.3.0
  has 112 dependencies
Evaluating 'pathfinder_ui' ...
  got v0.5.0
  has 65 dependencies
Evaluating 'iced_runtime' ...
  got v0.14.0
  has 51 dependencies
Evaluating 'iced_widget' ...
  got v0.14.2
  has 124 dependencies
Evaluating 'tauri-plugin-deep-link' ...
  got v2.4.7
  has 796 dependencies
Evaluating 'sval_buffer' ...
  got v2.18.0
  has 3 dependencies
Evaluating 'structmeta' ...
  got v0.3.0
  has 12 dependencies
Evaluating 'bus' ...
  got v2.4.1
  has 8 dependencies
Evaluating 'cosmic-text' ...
  got v0.19.0
  has 52 dependencies
Evaluating 'iced_tiny_skia' ...
  got v0.14.0
  has 192 dependencies
Evaluating 'miniz_oxide_c_api' ...
  got v0.3.2
  has 10 dependencies
Evaluating 'pathfinder_canvas' ...
  got v0.5.0
  has 103 dependencies
Evaluating 'env_logger_successor' ...
  got v0.9.1
  has 14 dependencies
Evaluating 'async_executors' ...
  got v0.7.0
  has 30 dependencies
Evaluating 'structmeta-derive' ...
  got v0.3.0
  has 8 dependencies
Evaluating 'git-interactive-rebase-tool' ...
  got v2.4.1
  has 160 dependencies
Evaluating 'rbx_cookie' ...
  got v0.1.5
  has 53 dependencies
Evaluating 'branches' ...
  got v0.4.4
  has 3 dependencies
Evaluating 'crosstermion' ...
  got v0.16.0
  has 0 dependencies
Evaluating 'analyzeme' ...
  got v12.0.3
  has 51 dependencies
Evaluating 'girt-todo-file' ...
  got v2.3.0
  has 33 dependencies
Evaluating 'geojson' ...
  got v1.0.0
  has 31 dependencies
Evaluating 'rbx_reflection' ...
  got v6.1.0
  has 42 dependencies
Evaluating 'macro_magic_core_macros' ...
  got v0.6.0
  has 8 dependencies
Evaluating 'rbx_xml' ...
  got v2.0.1
  has 85 dependencies
Evaluating 'polkadot-node-core-pvf-prepare-worker' ...
  got v25.0.0
  has 1366 dependencies
Evaluating 'version-track' ...
  got v1.0.0
  has 12 dependencies
Evaluating 'rtz' ...
  got v0.7.1
  has 441 dependencies
Evaluating 'lune-roblox' ...
  got v0.3.4
  has 156 dependencies
Evaluating 'farmhash' ...
  got v1.1.5
  has 0 dependencies
Evaluating 'managesieve' ...
  got v0.1.1
  has 17 dependencies
Evaluating 'tree-sitter-jinja2' ...
  got v0.0.13
  has 5 dependencies
Evaluating 'syn_derive' ...
  got v0.2.0
  has 14 dependencies
Evaluating 'egraph-serialize' ...
  got v0.3.0
  has 27 dependencies
Evaluating 'textdistance' ...
  got v1.1.1
  has 0 dependencies
Evaluating 'foundationdb-gen' ...
  got v0.10.0
  has 2 dependencies
Evaluating 'pwhash' ...
  got v1.0.0
  has 42 dependencies
Evaluating 'landlock' ...
  got v0.4.4
  has 16 dependencies
Evaluating 'rbx_dom_weak' ...
  got v4.1.0
  has 62 dependencies
Evaluating 'impl-more' ...
  got v0.3.1
  has 0 dependencies
Evaluating 'polkadot-node-core-pvf-execute-worker' ...
  got v25.0.0
  has 1358 dependencies
Evaluating 'girt-git' ...
  got v2.3.0
  has 124 dependencies
Evaluating 'pbjson' ...
  got v0.9.0
  has 12 dependencies
Evaluating 'girt-core' ...
  got v2.3.0
  has 215 dependencies
Evaluating 'rbx_types' ...
  got v3.1.0
  has 33 dependencies
Evaluating 'ark-serialize-derive' ...
  got v0.6.0
  has 8 dependencies
Evaluating 'rtz-core' ...
  got v0.1.5
  has 392 dependencies
Evaluating 'docify_macros' ...
  got v0.4.1
  has 159 dependencies
Evaluating 'sval_json' ...
  got v2.18.0
  has 3 dependencies
Evaluating 'sval_serde' ...
  got v2.18.0
  has 9 dependencies
Evaluating 'deno_ast' ...
  got v0.53.1
  has 263 dependencies
Evaluating 'rasn' ...
  got v0.28.13
  has 57 dependencies
Evaluating 'rtz-build' ...
  got v0.2.7
  has 393 dependencies
Evaluating 'bpaf' ...
  got v0.9.25
  has 0 dependencies
Evaluating 'form-data' ...
  got v0.6.0
  has 38 dependencies
Evaluating 'rocket_ws' ...
  got v0.1.1
  has 384 dependencies
Evaluating 'rustpython-literal' ...
  got v0.5.0
  has 33 dependencies
Evaluating 'lune' ...
  got v0.10.4
  has 754 dependencies
Evaluating 'h264-reader' ...
  got v0.8.0
  has 8 dependencies
Evaluating 'mp4ra-rust' ...
  got v0.6.0
  has 1 dependencies
Evaluating 'four-cc' ...
  got v0.4.0
  has 0 dependencies
Evaluating 'wit-bindgen-core' ...
  got v0.57.1
  has 33 dependencies
Evaluating 'typeshare-annotation' ...
  got v1.0.5
  has 7 dependencies
Evaluating 'sieve-rs' ...
  got v0.7.1
  has 41 dependencies
Evaluating 'foundationdb' ...
  got v0.10.0
  has 92 dependencies
Evaluating 'dprint-swc-ext' ...
  got v0.26.0
  has 224 dependencies
Evaluating 'deno_tls' ...
  got v0.233.0
  has 425 dependencies
Evaluating 'retina' ...
  got v0.4.19
  has 185 dependencies
Evaluating 'captur' ...
  got v1.0.1
  has 0 dependencies
Evaluating 'foundationdb-macros' ...
  got v0.3.3
  has 9 dependencies
Evaluating 'macro_magic' ...
  got v0.6.0
  has 28 dependencies
Evaluating 'girt-runtime' ...
  got v2.3.0
  has 22 dependencies
Evaluating 'ntest_proc_macro_helper' ...
  got v0.8.0
  has 0 dependencies
Evaluating 'rustpython-format' ...
  got v0.4.0
  has 64 dependencies
Evaluating 'jmap-client' ...
  got v0.4.1
  has 321 dependencies
Evaluating 'simple' ...
  got v0.3.0
  has 70 dependencies
Evaluating 'sval_dynamic' ...
  got v2.18.0
  has 1 dependencies
Evaluating 'sval_fmt' ...
  got v2.18.0
  has 3 dependencies
Evaluating 'decodeme' ...
  got v12.0.3
  has 33 dependencies
Evaluating 'girt-config' ...
  got v2.3.0
  has 129 dependencies
Evaluating 'hyper-util' ...
  got v0.1.20
  has 14 dependencies
Evaluating 'keyring' ...
  got v4.0.0
  has 769 dependencies
Evaluating 'girt-display' ...
  got v2.3.0
  has 150 dependencies
Evaluating 'smtp' ...
  got v0.3.2
  has 60 dependencies
Evaluating 'ping' ...
  got v0.7.1
  has 21 dependencies
Evaluating 'girt-view' ...
  got v2.3.0
  has 177 dependencies
Evaluating 'pretty-bytes' ...
  got v0.2.2
  has 4 dependencies
Evaluating 'value-bag-serde1' ...
  got v1.12.0
  has 6 dependencies
Evaluating 'zip-extract' ...
  got v0.4.1
  has 86 dependencies
Evaluating 'summarize' ...
  got v0.2.0
  has 270 dependencies
Evaluating 'jmap' ...
  got v0.0.5
  has 7 dependencies
Evaluating 'deno_fetch' ...
  got v0.270.0
  has 717 dependencies
Evaluating 'rasn-derive' ...
  got v0.28.13
  has 18 dependencies
Evaluating 'typstfmt' ...
  got v0.1.0
  has 58 dependencies
Evaluating 'rbx_binary' ...
  got v2.0.1
  has 99 dependencies
Evaluating 'reffers' ...
  got v0.7.0
  has 1 dependencies
Evaluating 'rstml' ...
  got v0.12.1
  has 38 dependencies
Evaluating 'futures-core-preview' ...
  got v0.2.3
  has 1 dependencies
Evaluating 'foundationdb-sys' ...
  got v0.10.0
  has 35 dependencies
Evaluating 'girt-input' ...
  got v2.3.0
  has 161 dependencies
Evaluating 'base64-compat' ...
  got v1.0.0
  has 1 dependencies
Evaluating 'edgedb-tokio' ...
  got v0.6.0
  has 0 dependencies
Evaluating 'rfc6381-codec' ...
  got v0.3.0
  has 3 dependencies
Evaluating 'rtsp-types' ...
  got v0.1.3
  has 105 dependencies
Evaluating 'leptos_hot_reload' ...
  got v0.8.6
  has 56 dependencies
Evaluating 'errno-sys' ...
  got v0.2.0
  has 5 dependencies
Evaluating 'flamegraph' ...
  got v0.6.12
  has 106 dependencies
Evaluating 'smtp-proto' ...
  got v0.2.1
  has 0 dependencies
Evaluating 'rustpython-parser-core' ...
  got v0.4.0
  has 14 dependencies
Evaluating 'rbx_reflection_database' ...
  got v2.0.2+roblox-700
  has 55 dependencies
Evaluating 'macro_magic_core' ...
  got v0.6.0
  has 24 dependencies
Evaluating 'full_moon_derive' ...
  got v0.11.0
  has 12 dependencies
Evaluating 'http-serve' ...
  got v0.3.6
  has 43 dependencies
Evaluating 'macro_magic_macros' ...
  got v0.6.0
  has 27 dependencies
Evaluating 'full_moon' ...
  got v2.2.0
  has 33 dependencies
Evaluating 'rawslice' ...
  got v0.1.1
  has 1 dependencies
Evaluating 'mpeg4-audio-const' ...
  got v0.3.0
  has 0 dependencies
Evaluating 'bpaf_derive' ...
  got v0.5.23
  has 8 dependencies
Evaluating 'sdp-types' ...
  got v0.1.8
  has 3 dependencies
Evaluating 'girt-testutils' ...
  got v2.3.0
  has 3 dependencies
Evaluating 'value-bag-sval2' ...
  got v1.12.0
  has 12 dependencies
Evaluating 'ece' ...
  got v2.3.1
  has 56 dependencies
Evaluating 'crox' ...
  got v0.0.0
  has 0 dependencies
Evaluating 'text_lines' ...
  got v0.6.0
  has 0 dependencies
Evaluating 'typeshare' ...
  got v1.0.5
  has 24 dependencies
Evaluating 'piper' ...
  got v0.2.5
  has 3 dependencies
Evaluating 'docify' ...
  got v0.4.1
  has 160 dependencies
Evaluating 'polkadot-node-core-pvf-common' ...
  got v25.0.0
  has 1347 dependencies
Evaluating 'tinysegmenter' ...
  got v0.1.1
  has 2 dependencies
Evaluating 'try_map' ...
  got v0.3.1
  has 0 dependencies
Evaluating 'shadow-rs' ...
  got v2.0.0
  has 103 dependencies
Evaluating 'ariadne' ...
  got v0.6.0
  has 2 dependencies
Evaluating 'unwrap_or' ...
  got v1.0.1
  has 0 dependencies
Evaluating 'warg-server' ...
  got v0.10.0
  has 577 dependencies
Evaluating 'branca' ...
  got v0.10.2
  has 10 dependencies
Evaluating 'timely_container' ...
  got v0.29.0
  has 0 dependencies
Evaluating 'bottomless-cli' ...
  got v0.1.14
  has 442 dependencies
Evaluating 'warg-api' ...
  got v0.10.0
  has 259 dependencies
Evaluating 'uniffi_bindgen' ...
  got v0.31.1
  has 115 dependencies
Evaluating 'lychee-lib' ...
  got v0.24.1
  has 861 dependencies
Evaluating 'async-scoped' ...
  got v0.9.0
  has 35 dependencies
Evaluating 'vhdx' ...
  got v0.1.0
  has 0 dependencies
Evaluating 'joinery' ...
  got v3.1.0
  has 0 dependencies
Evaluating 'extract' ...
  got v0.1.1
  has 30 dependencies
Evaluating 'warg-crypto' ...
  got v0.10.0
  has 95 dependencies
Evaluating 'builder' ...
  ! crate not resolved: error: the crate `builder` could not be found in registry index.
Evaluating 'cargo-component' ...
  got v0.21.1
  has 1273 dependencies
Evaluating 'cargo-binutils' ...
  got v0.4.0
  has 76 dependencies
Evaluating 'lychee' ...
  got v0.24.1
  has 983 dependencies
Evaluating 'owmods_core' ...
  got v0.15.4
  has 332 dependencies
Evaluating 'native-windows-derive' ...
  got v1.0.5
  has 12 dependencies
Evaluating 'by_address' ...
  got v1.2.1
  has 0 dependencies
Evaluating 'lindera-unidic' ...
  got v3.0.7
  has 354 dependencies
Evaluating 'native-windows-gui' ...
  got v1.0.13
  has 16 dependencies
Evaluating 'mailchecker' ...
  got v6.0.20
  has 3 dependencies
Evaluating 'is_debug' ...
  got v1.1.0
  has 0 dependencies
Evaluating 'build-context' ...
  got v0.1.4
  has 0 dependencies
Evaluating 'mysql-common-derive' ...
  got v0.32.1
  has 49 dependencies
Evaluating 'linux-keyutils' ...
  got v0.2.5
  has 2 dependencies
Evaluating 'tzdb' ...
  got v0.7.3
  has 4 dependencies
Evaluating 'owmods_cli' ...
  got v0.15.4
  has 378 dependencies
Evaluating 'bottomless' ...
  got v0.1.16
  has 401 dependencies
Evaluating 'libsql-client' ...
  got v0.33.4
  has 615 dependencies
Evaluating 'wrapped-vec' ...
  got v0.3.0
  has 8 dependencies
Evaluating 'coded' ...
  got v0.1.0
  has 0 dependencies
Evaluating 'enclose' ...
  got v1.2.1
  has 0 dependencies
Evaluating 'drm' ...
  got v0.15.0
  has 20 dependencies
Evaluating 'rustc-cfg' ...
  got v0.5.0
  has 10 dependencies
Evaluating 'warg-protocol' ...
  got v0.10.0
  has 251 dependencies
Evaluating 'ptyprocess' ...
  got v0.5.0
  has 8 dependencies
Evaluating 'cuid2' ...
  got v0.1.6
  has 50 dependencies
Evaluating 'polaris' ...
  got v0.0.0
  has 0 dependencies
Evaluating 'statrs' ...
  got v0.18.0
  has 43 dependencies
Evaluating 'kanidm_lib_crypto' ...
  got v1.9.1
  has 335 dependencies
Evaluating 'qcow' ...
  got v1.2.0
  has 52 dependencies
Evaluating 'ansi_colours' ...
  got v1.2.3
  has 2 dependencies
Evaluating 'drm-sys' ...
  got v0.8.1
  has 1 dependencies
Evaluating 'libsql-wasmtime-bindings' ...
  got v0.2.2
  has 456 dependencies
Evaluating 'protoc-rust' ...
  got v2.28.0
  has 20 dependencies
Evaluating 'reacher-fast-socks5' ...
  got v0.8.1
  has 28 dependencies
Evaluating 'rasn-cms' ...
  got v0.28.13
  has 60 dependencies
Evaluating 'rasn-pkix' ...
  got v0.28.13
  has 58 dependencies
Evaluating 'mp4ameta_proc' ...
  got v0.6.0
  has 0 dependencies
Evaluating 'drm-ffi' ...
  got v0.9.1
  has 5 dependencies
Evaluating 'benches' ...
  ! crate not resolved: error: the crate `benches` could not be found in registry index.
Evaluating 'kanidm_lib_file_permissions' ...
  got v1.9.1
  has 2 dependencies
Evaluating 'ape' ...
  got v0.6.0
  has 1 dependencies
Evaluating 'pbjson-types' ...
  got v0.9.0
  has 66 dependencies
Evaluating 'sqld' ...
  ! crate not resolved: error: the crate `sqld` could not be found in registry index.
Evaluating 'par-stream' ...
  got v0.10.2
  has 86 dependencies
Evaluating 'typst-syntax' ...
  got v0.14.2
  has 63 dependencies
Evaluating 'check-if-email-exists' ...
  got v0.11.7
  has 529 dependencies
Evaluating 'columnation' ...
  got v0.1.2
  has 2 dependencies
Evaluating 'error-stack' ...
  got v0.7.0
  has 3 dependencies
Evaluating 'sc-peerset' ...
  ! crate not resolved: error: failed to select a version for the requirement `core2 = "^0.4.0"`
Evaluating 'lindera-ipadic-neologd-builder' ...
  got v0.32.3
  has 84 dependencies
Evaluating 'warg-client' ...
  got v0.10.0
  has 896 dependencies
Evaluating 'deno_media_type' ...
  got v0.4.0
  has 81 dependencies
Evaluating 'ffi-support' ...
  got v0.4.4
  has 2 dependencies
Evaluating 'wit-bindgen-rust-lib' ...
  got v0.12.0
  has 130 dependencies
Evaluating 'wit-bindgen-rust' ...
  got v0.57.1
  has 65 dependencies
Evaluating 'uniffi_macros' ...
  got v0.31.1
  has 54 dependencies
Evaluating 'lindera-tokenizer' ...
  got v0.32.3
  has 128 dependencies
Evaluating 'uniffi_build' ...
  got v0.31.1
  has 100 dependencies
Evaluating 'bitvec-nom2' ...
  got v0.2.1
  has 9 dependencies
Evaluating 'drm-fourcc' ...
  got v2.2.0
  has 0 dependencies
Evaluating 'sqlc' ...
  got v0.0.0
  has 0 dependencies
Evaluating 'rustfm-scrobble' ...
  got v1.1.1
  has 159 dependencies
Evaluating 'warg-transparency' ...
  got v0.10.0
  has 211 dependencies
Evaluating 'uniffi' ...
  got v0.31.1
  has 80 dependencies
Evaluating 'mp4ameta' ...
  got v0.13.0
  has 0 dependencies
Evaluating 'jod-thread' ...
  got v1.0.0
  has 0 dependencies
Evaluating 'colour' ...
  got v2.1.0
  has 0 dependencies
Evaluating 'salsa-macros' ...
  got v0.26.1
  has 12 dependencies
Evaluating 'pallet-template' ...
  ! crate not resolved: error: the crate `pallet-template` could not be found in registry index.
Evaluating 'intx' ...
  got v0.1.0
  has 0 dependencies
Evaluating 'oklab' ...
  got v1.1.2
  has 2 dependencies
Evaluating 'afl' ...
  got v0.18.1
  has 6 dependencies
Evaluating 'ieee754' ...
  got v0.2.6
  has 0 dependencies
Evaluating 'wsl' ...
  got v0.1.0
  has 0 dependencies
Evaluating 'pallet-scored-pool' ...
  got v46.0.0
  has 909 dependencies
Evaluating 'hafas-rs' ...
  got v0.2.3
  has 150 dependencies
Evaluating 'pallet-asset-tx-payment' ...
  got v46.0.0
  has 919 dependencies
Evaluating 'lite-parser' ...
  got v0.2.0
  has 1 dependencies
Evaluating 'pallet-alliance' ...
  got v45.0.0
  has 924 dependencies
Evaluating 'salsa' ...
  got v0.26.1
  has 55 dependencies
Evaluating 'gbm' ...
  got v0.18.0
  has 57 dependencies
Evaluating 'safe-mix' ...
  got v1.0.1
  has 4 dependencies
Evaluating 'perf-event' ...
  got v0.4.9
  has 4 dependencies
Evaluating 'pallet-atomic-swap' ...
  got v46.0.0
  has 1003 dependencies
Evaluating 'wireplumber-sys' ...
  got v0.0.1
  has 0 dependencies
Evaluating 'pallet-node-authorization' ...
  got v46.0.0
  has 1004 dependencies
Evaluating 'patsh' ...
  got v0.2.1
  has 48 dependencies
Evaluating 'pallet-remark' ...
  got v46.0.0
  has 911 dependencies
Evaluating 'gzp' ...
  got v2.0.2
  has 43 dependencies
Evaluating 'arraydeque' ...
  got v0.5.1
  has 0 dependencies
Evaluating 'oslog' ...
  got v0.2.0
  has 15 dependencies
Evaluating 'wireplumber' ...
  got v0.0.1
  has 0 dependencies
Evaluating 'win-sys' ...
  got v0.3.1
  has 1 dependencies
Evaluating 'conhash' ...
  got v0.5.1
  has 2 dependencies
Evaluating 'skia-safe' ...
  got v0.93.1
  has 77 dependencies
Evaluating 'skia-bindings' ...
  got v0.93.1
  has 75 dependencies
Evaluating 'memcached-rs' ...
  got v0.4.2
  has 22 dependencies
Evaluating 'lite-json' ...
  got v0.2.0
  has 2 dependencies
Evaluating 'ark-poly' ...
  got v0.6.0
  has 66 dependencies
Evaluating 'wayland-server' ...
  got v0.31.13
  has 23 dependencies
Evaluating 'const_fn_assert' ...
  got v0.1.3+deprecated
  has 0 dependencies
Evaluating 'gbm-sys' ...
  got v0.4.0
  has 1 dependencies
Evaluating 'pallet-lottery' ...
  got v46.0.0
  has 908 dependencies
Evaluating 'pallet-aura' ...
  got v45.0.0
  has 940 dependencies
Evaluating 'pallet-transaction-storage' ...
  got v45.0.0
  has 930 dependencies
Evaluating 'logos-codegen' ...
  got v0.16.1
  has 15 dependencies
Evaluating 'veilid-wasm' ...
  got v0.1.0
  has 0 dependencies
Evaluating 'node-primitives' ...
  got v2.0.0
  has 554 dependencies
Evaluating 'khronos' ...
  got v0.1.2
  has 1 dependencies
Evaluating 'pallet-example-basic' ...
  got v34.0.0
  has 830 dependencies
Evaluating 'veilid-core' ...
  got v0.5.3
  has 889 dependencies
Evaluating 'sp-api-test' ...
  ! crate not resolved: error: the crate `sp-api-test` could not be found in registry index.
Evaluating 'wg' ...
  got v1.0.1
  has 11 dependencies
Evaluating 'frame-support-test-compile-pass' ...
  ! crate not resolved: error: the crate `frame-support-test-compile-pass` could not be found in registry index.
Evaluating 'keyring-manager' ...
  got v0.7.1
  has 157 dependencies
Evaluating 'utf8-read' ...
  got v0.4.0
  has 0 dependencies
Evaluating 'allo-isolate' ...
  got v0.1.27
  has 1 dependencies
Evaluating 'thirtyfour' ...
  got v0.36.2
  has 274 dependencies
Evaluating 'sc-service-test' ...
  ! crate not resolved: error: the crate `sc-service-test` could not be found in registry index.
Evaluating 'konst_kernel' ...
  got v0.3.15
  has 2 dependencies
Evaluating 'trie-bench' ...
  got v0.42.1
  has 111 dependencies
Evaluating 'ripgrep' ...
  got v15.1.0
  has 69 dependencies
Evaluating 'owned_chars' ...
  got v0.3.2
  has 9 dependencies
Evaluating 'protox-parse' ...
  got v0.9.0
  has 40 dependencies
Evaluating 'sp-npos-elections-fuzzer' ...
  ! crate not resolved: error: the crate `sp-npos-elections-fuzzer` could not be found in registry index.
Evaluating 'ifstructs' ...
  got v0.1.1
  has 2 dependencies
Evaluating 'miniscript' ...
  got v13.0.0
  has 24 dependencies
Evaluating 'sp-runtime-interface-test' ...
  ! crate not resolved: error: the crate `sp-runtime-interface-test` could not be found in registry index.
Evaluating 'sc-network-test' ...
  ! crate not resolved: error: the crate `sc-network-test` could not be found in registry index.
Evaluating 'utf8-io' ...
  got v0.19.1
  has 3 dependencies
Evaluating 'substrate-test-runtime' ...
  ! crate not resolved: error: the crate `substrate-test-runtime` could not be found in registry index.
Evaluating 'graphviz-rust' ...
  got v0.9.7
  has 62 dependencies
Evaluating 'speedate' ...
  got v0.17.0
  has 16 dependencies
Evaluating 'sccache' ...
  got v0.14.0
  has 768 dependencies
Evaluating 'sc-consensus-aura' ...
  ! crate not resolved: error: failed to select a version for the requirement `core2 = "^0.4.0"`
Evaluating 'chalk-recursive' ...
  got v0.104.0
  has 63 dependencies
Evaluating 'warg-protobuf' ...
  got v0.10.0
  has 202 dependencies
Evaluating 'dot-generator' ...
  got v0.2.0
  has 1 dependencies
Evaluating 'stringmatch' ...
  got v0.4.0
  has 9 dependencies
Evaluating 'sp-test-primitives' ...
  ! crate not resolved: error: the crate `sp-test-primitives` could not be found in registry index.
Evaluating 'thirtyfour_sync' ...
  got v0.27.1
  has 275 dependencies
Evaluating 'keyvaluedb-sqlite' ...
  got v0.1.7
  has 42 dependencies
Evaluating 'keyvaluedb' ...
  got v0.1.7
  has 0 dependencies
Evaluating 'jsonrpc' ...
  got v0.19.0
  has 17 dependencies
Evaluating 'sc-consensus-pow' ...
  ! crate not resolved: error: failed to select a version for the requirement `core2 = "^0.4.0"`
Evaluating 'pallet-contracts' ...
  got v46.0.0
  has 1083 dependencies
Evaluating 'wasmer-wasi' ...
  got v3.1.1
  has 235 dependencies
Evaluating 'sp-consensus-pow' ...
  got v0.47.0
  has 777 dependencies
Evaluating 'paranoid-android' ...
  got v0.2.2
  has 12 dependencies
Evaluating 'sp-arithmetic-fuzzer' ...
  ! crate not resolved: error: the crate `sp-arithmetic-fuzzer` could not be found in registry index.
Evaluating 'icu_locid_transform_data' ...
  got v1.5.1
  has 0 dependencies
Evaluating 'tracing-indicatif' ...
  got v0.3.14
  has 39 dependencies
Evaluating 'frame-election-solution-type-fuzzer' ...
  ! crate not resolved: error: the crate `frame-election-solution-type-fuzzer` could not be found in registry index.
Evaluating 'sp-application-crypto-test' ...
  ! crate not resolved: error: the crate `sp-application-crypto-test` could not be found in registry index.
Evaluating 'into-attr-derive' ...
  got v0.2.1
  has 12 dependencies
Evaluating 'canonical-path' ...
  got v2.0.2
  has 0 dependencies
Evaluating 'veilid-flutter' ...
  got v0.1.0
  has 0 dependencies
Evaluating 'pallet-bags-list-fuzzer' ...
  ! crate not resolved: error: the crate `pallet-bags-list-fuzzer` could not be found in registry index.
Evaluating 'pallet-nicks' ...
  ! crate not resolved: error: failed to select a version for `sp-api-proc-macro`.
Evaluating 'instant-distance' ...
  got v0.6.1
  has 31 dependencies
Evaluating 'parse_arg' ...
  got v1.0.1
  has 0 dependencies
Evaluating 'r-efi' ...
  got v6.0.0
  has 0 dependencies
Evaluating 'cursive-flexi-logger-view' ...
  got v0.6.0
  has 114 dependencies
Evaluating 'polkadot-client' ...
  ! crate not resolved: error: the crate `polkadot-client` could not be found in registry index.
Evaluating 'sc-runtime-test' ...
  ! crate not resolved: error: the crate `sc-runtime-test` could not be found in registry index.
Evaluating 'wasmer-wasi-types' ...
  got v3.1.1
  has 189 dependencies
Evaluating 'veilid-tools' ...
  got v0.5.3
  has 362 dependencies
Evaluating 'substrate-frame-cli' ...
  ! crate not resolved: error: failed to select a version for the requirement `core2 = "^0.4.0"`
Evaluating 'pallet-example-offchain-worker' ...
  got v35.0.0
  has 826 dependencies
Evaluating 'pallet-nomination-pools-test-staking' ...
  ! crate not resolved: error: the crate `pallet-nomination-pools-test-staking` could not be found in registry index.
Evaluating 'protox' ...
  got v0.9.1
  has 51 dependencies
Evaluating 'delegate-attr' ...
  got v0.3.0
  has 8 dependencies
Evaluating 'winconsole' ...
  got v0.11.1
  has 4 dependencies
Evaluating 'cursive-macros' ...
  got v0.1.0
  has 2 dependencies
Evaluating 'bisection' ...
  got v0.1.0
  has 0 dependencies
Evaluating 'typewit' ...
  got v1.15.2
  has 1 dependencies
Evaluating 'duplex' ...
  got v0.16.0
  has 0 dependencies
Evaluating 'keyvaluedb-memorydb' ...
  got v0.1.7
  has 8 dependencies
Evaluating 'abscissa_core' ...
  got v0.9.0
  has 116 dependencies
Evaluating 'node-template' ...
  ! crate not resolved: error: failed to select a version for the requirement `platforms = "^0.2.1"`
Evaluating 'sp-runtime-interface-test-wasm-deprecated' ...
  ! crate not resolved: error: the crate `sp-runtime-interface-test-wasm-deprecated` could not be found in registry index.
Evaluating 'profile' ...
  got v0.1.1
  has 58 dependencies
Evaluating 'capnpc' ...
  got v0.25.3
  has 1 dependencies
Evaluating 'cursive_buffered_backend' ...
  got v0.6.2
  has 75 dependencies
Evaluating 'indent' ...
  got v0.1.1
  has 0 dependencies
Evaluating 'r-efi-alloc' ...
  got v2.1.0
  has 1 dependencies
Evaluating 'sp-runtime-interface-test-wasm' ...
  ! crate not resolved: error: the crate `sp-runtime-interface-test-wasm` could not be found in registry index.
Evaluating 'node-testing' ...
  ! crate not resolved: error: failed to select a version for `tetsy-libp2p`.
Evaluating 'keyvaluedb-web' ...
  got v0.1.7
  has 72 dependencies
Evaluating 'node-rpc' ...
  ! crate not resolved: error: failed to select a version for `tetsy-libp2p`.
Evaluating 'fn_name' ...
  got v0.1.0
  has 0 dependencies
Evaluating 'sc-consensus-manual-seal' ...
  ! crate not resolved: error: failed to select a version for the requirement `core2 = "^0.4.0"`
Evaluating 'tracing-oslog' ...
  got v0.3.0
  has 13 dependencies
Evaluating 'stringmatch' ...
  got v0.4.0
  has 9 dependencies
Evaluating 'pallet-contracts-proc-macro' ...
  got v23.0.3
  has 8 dependencies
Evaluating 'substrate-test-runtime-transaction-pool' ...
  ! crate not resolved: error: the crate `substrate-test-runtime-transaction-pool` could not be found in registry index.
Evaluating 'sp-test-primitives' ...
  ! crate not resolved: error: the crate `sp-test-primitives` could not be found in registry index.
Evaluating 'thirtyfour_sync' ...
  got v0.27.1
  has 275 dependencies
Evaluating 'keyvaluedb-sqlite' ...
  got v0.1.7
  has 42 dependencies
Evaluating 'keyvaluedb' ...
  got v0.1.7
  has 0 dependencies
Evaluating 'jsonrpc' ...
  got v0.19.0
  has 17 dependencies
Evaluating 'dot-structures' ...
  got v0.1.2
  has 0 dependencies
Evaluating 'windows-permissions' ...
  got v0.2.4
  has 2 dependencies
Evaluating 'into-attr' ...
  got v0.1.1
  has 1 dependencies
Evaluating 'substrate-frame-cli' ...
  ! crate not resolved: error: failed to select a version for the requirement `core2 = "^0.4.0"`
Evaluating 'icu_locid_transform_data' ...
  got v1.5.1
  has 0 dependencies
Evaluating 'node-template-runtime' ...
  got v2.0.0
  has 1279 dependencies
Evaluating 'trie-bench' ...
  got v0.42.1
  has 111 dependencies
Evaluating 'substrate-test-runtime-client' ...
  ! crate not resolved: error: the crate `substrate-test-runtime-client` could not be found in registry index.
Evaluating 'sp-runtime-interface-test' ...
  ! crate not resolved: error: the crate `sp-runtime-interface-test` could not be found in registry index.
Evaluating 'python3-dll-a' ...
  got v0.2.15
  has 0 dependencies
Evaluating 'icu_locid_transform' ...
  got v2.0.0
  has 0 dependencies
Evaluating 'shared_memory' ...
  got v0.12.4
  has 19 dependencies
Evaluating 'cranelift-control' ...
  got v0.131.0
  has 1 dependencies
Evaluating 'vsock' ...
  got v0.5.4
  has 10 dependencies
Evaluating 'cargo-component-macro' ...
  got v0.6.0
  has 8 dependencies
Evaluating 'gix-pathspec' ...
  got v0.18.0
  has 52 dependencies
Evaluating 'icu_list_data' ...
  got v2.2.0
  has 0 dependencies
Evaluating 'sp-consensus-vrf' ...
  got v0.25.0
  has 770 dependencies
Evaluating 'char' ...
  got v0.1.1
  has 0 dependencies
Evaluating 'sentry-debug-images' ...
  got v0.47.0
  has 125 dependencies
Evaluating 'gix-packetline-blocking' ...
  got v0.19.3
  has 18 dependencies
Evaluating 'gix-submodule' ...
  got v0.30.0
  has 181 dependencies
Evaluating 'unicode-truncate' ...
  got v2.0.1
  has 4 dependencies
Evaluating 'taskwarrior-tui' ...
  got v0.27.0
  has 342 dependencies
Evaluating 'eyeball-im-util' ...
  got v0.10.0
  has 19 dependencies
Evaluating 'botan' ...
  got v0.12.0
  has 5 dependencies
Evaluating 'prost-wkt' ...
  got v0.7.1
  has 43 dependencies
Evaluating 'auditable-serde' ...
  got v0.9.0
  has 19 dependencies
Evaluating 'neovide-derive' ...
  got v0.1.5
  has 9 dependencies
Evaluating 'neovide' ...
  got v0.16.2
  has 684 dependencies
Evaluating 'gix-filter' ...
  got v0.30.0
  has 100 dependencies
Evaluating 'gix-worktree-state' ...
  got v0.30.0
  has 199 dependencies
Evaluating 'gix-negotiate' ...
  got v0.31.0
  has 78 dependencies
Evaluating 'gix-commitgraph' ...
  got v0.37.0
  has 36 dependencies
Evaluating 'close_fds' ...
  got v0.3.2
  has 2 dependencies
Evaluating 'prost-wkt-build' ...
  got v0.7.1
  has 54 dependencies
Evaluating 'x509-cert' ...
  got v0.2.5
  has 18 dependencies
Evaluating 'cargo-audit' ...
  got v0.22.1
  has 877 dependencies
Evaluating 'quitters' ...
  got v0.1.0
  has 11 dependencies
Evaluating 'gix-revwalk' ...
  got v0.31.0
  has 72 dependencies
Evaluating 'sentry-anyhow' ...
  got v0.47.0
  has 136 dependencies
Evaluating 'pallet-nomination-pools-fuzzer' ...
  ! crate not resolved: error: the crate `pallet-nomination-pools-fuzzer` could not be found in registry index.
Evaluating 'async-rx' ...
  got v0.2.0
  has 2 dependencies
Evaluating 'structre_proc_macros' ...
  got v0.2.0
  has 12 dependencies
Evaluating 'pallet-contracts-primitives' ...
  got v29.0.0
  has 749 dependencies
Evaluating 'async_cell' ...
  got v0.2.3
  has 0 dependencies
Evaluating 'resources' ...
  got v1.1.0
  has 13 dependencies
Evaluating 'botan-sys' ...
  got v1.20250506.0
  has 4 dependencies
Evaluating 'matrix-sdk-ui' ...
  got v0.16.0
  has 844 dependencies
Evaluating 'genemichaels' ...
  got v0.9.6
  has 156 dependencies
Evaluating 'kitchensink-runtime' ...
  ! crate not resolved: error: the crate `kitchensink-runtime` could not be found in registry index.
Evaluating 'auditable-extract' ...
  got v0.3.5
  has 3 dependencies
Evaluating 'wasmer-compiler-singlepass' ...
  got v7.1.0
  has 230 dependencies
Evaluating 'dot' ...
  got v0.1.4
  has 0 dependencies
Evaluating 'pyo3-asyncio' ...
  got v0.20.0
  has 70 dependencies
Evaluating 'cfg-vis' ...
  got v0.3.0
  has 16 dependencies
Evaluating 'pallet-nfts' ...
  got v40.0.0
  has 916 dependencies
Evaluating 'parser' ...
  ! crate not resolved: error: the crate `parser` could not be found in registry index.
Evaluating 'cargo-component-core' ...
  got v0.21.1
  has 1186 dependencies
Evaluating 'wit-bindgen-rust-macro' ...
  got v0.57.1
  has 73 dependencies
Evaluating 'wit-bindgen' ...
  got v0.57.1
  has 75 dependencies
Evaluating 'pallet-root-offences' ...
  got v44.0.0
  has 996 dependencies
Evaluating 'pdb' ...
  got v0.8.0
  has 3 dependencies
Evaluating 'shared_memory_extended' ...
  got v0.13.0
  has 16 dependencies
Evaluating 'prost-wkt-types' ...
  got v0.7.1
  has 96 dependencies
Evaluating 'pallet-root-testing' ...
  got v22.0.0
  has 909 dependencies
Evaluating 'binfarce' ...
  got v0.2.1
  has 0 dependencies
Evaluating 'enum_kind' ...
  got v0.2.2
  has 18 dependencies
Evaluating 'rustc-ap-rustc_expand' ...
  got v727.0.0
  has 241 dependencies
Evaluating 'rustc-ap-rustc_attr' ...
  got v727.0.0
  has 200 dependencies
Evaluating 'sentry-tracing' ...
  got v0.47.0
  has 125 dependencies
Evaluating 'gix-macros' ...
  got v0.1.5
  has 8 dependencies
Evaluating 'dmsort' ...
  got v1.0.2
  has 0 dependencies
Evaluating 'rustc-ap-rustc_ast_passes' ...
  got v727.0.0
  has 225 dependencies
Evaluating 'botan-src' ...
  got v0.30900.2
  has 0 dependencies
Evaluating 'ark-bls12-381' ...
  got v0.6.0
  has 83 dependencies
Evaluating 'auditable-info' ...
  got v0.10.0
  has 27 dependencies
Evaluating 'structre' ...
  got v0.2.0
  has 17 dependencies
Evaluating 'task-hookrs' ...
  got v0.9.0
  has 54 dependencies
Evaluating 'cargo-component-bindings' ...
  got v0.6.0
  has 11 dependencies
Evaluating 'ide' ...
  ! crate not resolved: error: the crate `ide` could not be found in registry index.
Evaluating 'mio-serial' ...
  got v5.0.6
  has 29 dependencies
Evaluating 'libcras' ...
  got v99.1.0
  has 12 dependencies
Evaluating 'last-git-commit' ...
  got v0.2.0
  has 109 dependencies
Evaluating 'cumulus-pallet-aura-ext' ...
  got v0.26.0
  has 1335 dependencies
Evaluating 'wit' ...
  got v0.16.0
  has 1120 dependencies
Evaluating 'strobe-rs' ...
  got v0.13.0
  has 15 dependencies
Evaluating 'cp_r' ...
  got v0.5.2
  has 3 dependencies
Evaluating 'cumulus-primitives-core' ...
  got v0.24.0
  has 983 dependencies
Evaluating 'base' ...
  got v0.1.0
  has 0 dependencies
Evaluating 'tide-compress' ...
  got v0.11.0
  has 358 dependencies
Evaluating 'audio_streams' ...
  ! crate not resolved: error: the crate `audio_streams` could not be found in registry index.
Evaluating 'derive-into-owned' ...
  got v0.2.0
  has 8 dependencies
Evaluating 'context' ...
  got v3.0.0
  has 5 dependencies
Evaluating 'tokio-serial' ...
  got v5.4.5
  has 64 dependencies
Evaluating 'frame-benchmarking-pallet-pov' ...
  got v36.0.0
  has 951 dependencies
Evaluating 'system_api' ...
  ! crate not resolved: error: the crate `system_api` could not be found in registry index.
Evaluating 'panic-halt' ...
  got v1.0.0
  has 0 dependencies
Evaluating 'sync' ...
  got v0.1.0
  has 0 dependencies
Evaluating 'symbolic-debuginfo' ...
  got v12.18.3
  has 156 dependencies
Evaluating 'vek' ...
  got v0.17.2
  has 21 dependencies
Evaluating 'tonic-reflection' ...
  got v0.14.5
  has 63 dependencies
Evaluating 'worker' ...
  got v0.8.1
  has 185 dependencies
Evaluating 'p9' ...
  got v0.3.2
  has 16 dependencies
Evaluating 'nutmeg' ...
  got v0.1.6
  has 7 dependencies
Evaluating 'cumulus-pallet-xcm' ...
  got v0.25.0
  has 1003 dependencies
Evaluating 'tide-openssl' ...
  got v0.1.1
  has 395 dependencies
Evaluating 'aws-runtime' ...
  got v1.7.3
  has 159 dependencies
Evaluating 'yup-hyper-mock' ...
  got v8.0.0
  has 80 dependencies
Evaluating 'lambda_runtime_api_client' ...
  got v1.0.3
  has 100 dependencies
Evaluating 'async-std-openssl' ...
  got v0.6.3
  has 106 dependencies
Evaluating 'kvm' ...
  ! crate not resolved: error: failed to select a version for the requirement `ioctl = "^0.3.3"`
Evaluating 'cmac' ...
  got v0.8.0
  has 14 dependencies
Evaluating 'aarch64' ...
  got v0.0.14
  has 6 dependencies
Evaluating 'profiles' ...
  got v0.1.3
  has 874 dependencies
Evaluating 'cumulus-pallet-parachain-system' ...
  got v0.26.0
  has 1307 dependencies
Evaluating 'cumulus-pallet-dmp-queue' ...
  got v0.26.0
  has 1004 dependencies
Evaluating 'x86_64' ...
  got v0.15.4
  has 5 dependencies
Evaluating 'user32-sys' ...
  got v0.2.0
  has 3 dependencies
Evaluating 'symbolic' ...
  got v12.18.3
  has 158 dependencies
Evaluating 'embedded-io' ...
  got v0.7.1
  has 0 dependencies
Evaluating 'cortex-m-rt' ...
  got v0.7.5
  has 9 dependencies
Evaluating 'cortex-m-rt-macros' ...
  got v0.7.5
  has 8 dependencies
Evaluating 'conserve' ...
  got v24.8.0
  has 830 dependencies
Evaluating 'r0' ...
  got v1.0.0
  has 0 dependencies
Evaluating 'cumulus-primitives-parachain-inherent' ...
  got v0.24.0
  has 990 dependencies
Evaluating 'tokio-mockstream' ...
  got v1.1.0
  has 8 dependencies
Evaluating 'rutabaga_gfx' ...
  got v0.1.75
  has 48 dependencies
Evaluating 'touch' ...
  got v0.0.1
  has 1 dependencies
Evaluating 'devtimer' ...
  got v4.0.1
  has 0 dependencies
Evaluating 'bollard-buildkit-proto' ...
  got v0.8.0
  has 206 dependencies
Evaluating 'dbl' ...
  got v0.5.0
  has 2 dependencies
Evaluating 'wasmer-vfs' ...
  got v3.1.1
  has 143 dependencies
Evaluating 'dir-assert' ...
  got v0.2.0
  has 0 dependencies
Evaluating 'tpm2' ...
  got v0.1.0
  has 0 dependencies
Evaluating 'mutants' ...
  got v0.0.4
  has 0 dependencies
Evaluating 'os-version' ...
  got v0.2.1
  has 1 dependencies
Evaluating 'spirv-std' ...
  got v0.9.0
  has 18 dependencies
Evaluating 'cumulus-primitives-utility' ...
  got v0.26.0
  has 1371 dependencies
Evaluating 'assertions' ...
  got v0.1.0
  has 0 dependencies
Evaluating 'pallet-collator-selection' ...
  got v27.0.0
  has 1007 dependencies
Evaluating 'data_model' ...
  got v0.1.0
  has 1 dependencies
Evaluating 'aws-smithy-runtime-api' ...
  got v1.12.0
  has 72 dependencies
Evaluating 'aws-smithy-runtime' ...
  got v1.11.1
  has 102 dependencies
Evaluating 'disk' ...
  got v0.1.21
  has 42 dependencies
Evaluating 'unix_mode' ...
  got v0.1.4
  has 0 dependencies
Evaluating 'cumulus-pallet-xcmp-queue' ...
  got v0.26.0
  has 1379 dependencies
Evaluating 'base64-serde' ...
  got v0.8.0
  has 0 dependencies
Evaluating 'brownstone' ...
  got v3.0.0
  has 1 dependencies
Evaluating 'sentry-tower' ...
  got v0.47.0
  has 122 dependencies
Evaluating 'cumulus-pallet-session-benchmarking' ...
  got v27.0.0
  has 995 dependencies
Evaluating 'sc-executor-wasmi' ...
  got v0.22.0
  has 652 dependencies
Evaluating 'spirv-std-macros' ...
  got v0.9.0
  has 9 dependencies
Evaluating 'cumulus-primitives-timestamp' ...
  got v0.25.0
  has 986 dependencies
Evaluating 'readahead-iterator' ...
  got v0.1.3
  has 0 dependencies
Evaluating 'felix' ...
  got v2.16.1
  has 268 dependencies
Evaluating 'elementtree' ...
  got v1.2.3
  has 14 dependencies
Evaluating 'cumulus-pallet-parachain-system-proc-macro' ...
  got v0.8.0
  has 17 dependencies
Evaluating 'pcap-file' ...
  got v2.0.0
  has 19 dependencies
Evaluating 'protos' ...
  got v0.1.30
  has 60 dependencies
Evaluating 'nom-supreme' ...
  got v0.8.0
  has 8 dependencies
Evaluating 'grep-pcre2' ...
  got v0.1.9
  has 16 dependencies
Evaluating 'scudo' ...
  got v0.1.3
  has 16 dependencies
Evaluating 'scudo-sys' ...
  got v0.2.2
  has 5 dependencies
Evaluating 'img-parts' ...
  got v0.4.0
  has 5 dependencies
Evaluating 'nameof' ...
  got v1.3.0
  has 0 dependencies
Evaluating 'rococo-parachain-runtime' ...
  got v0.26.0
  has 1794 dependencies
Evaluating 'worker-kv' ...
  got v0.9.0
  has 52 dependencies
Evaluating 'cumulus-relay-chain-interface' ...
  ! crate not resolved: error: failed to select a version for the requirement `core2 = "^0.4.0"`
Evaluating 'lcms2-sys' ...
  got v4.0.6
  has 10 dependencies
Evaluating 'datafusion-physical-expr' ...
  got v53.1.0
  has 262 dependencies
Evaluating 'libgit-sys' ...
  got v0.1.0
  has 0 dependencies
Evaluating 'libspelling-sys' ...
  got v0.4.1
  has 92 dependencies
Evaluating 'dash-mpd' ...
  got v0.20.2
  has 579 dependencies
Evaluating 'example' ...
  got v1.1.0
  has 0 dependencies
Evaluating 'cumulus-ping' ...
  got v0.26.0
  has 1011 dependencies
Evaluating 'shell2batch' ...
  got v0.4.5
  has 9 dependencies
Evaluating 'contracts-rococo-runtime' ...
  got v0.21.0
  has 1772 dependencies
Evaluating 'cumulus-client-collator' ...
  ! crate not resolved: error: failed to select a version for the requirement `core2 = "^0.4.0"`
Evaluating 'jaq-core' ...
  got v3.0.0
  has 3 dependencies
Evaluating 'jaq' ...
  got v3.0.0
  has 111 dependencies
Evaluating 'deno-proc-macro-rules-macros' ...
  ! crate not resolved: error: the crate `deno-proc-macro-rules-macros` could not be found in registry index.
Evaluating 'jaq-std' ...
  got v3.0.0
  has 15 dependencies
Evaluating 'cumulus-client-cli' ...
  ! crate not resolved: error: failed to select a version for the requirement `core2 = "^0.4.0"`
Evaluating 'unicode-blocks' ...
  got v0.1.9
  has 0 dependencies
Evaluating 'dark-light' ...
  got v2.0.0
  has 303 dependencies
Evaluating 'fuzzcheck_mutators_derive' ...
  got v0.13.0
  has 8 dependencies
Evaluating 'cumulus-pallet-solo-to-para' ...
  got v0.26.0
  has 1322 dependencies
Evaluating 'parachain-template-runtime' ...
  ! crate not resolved: error: the crate `parachain-template-runtime` could not be found in registry index.
Evaluating 'cargo-make' ...
  got v0.37.24
  has 344 dependencies
Evaluating 'wasmbin-derive' ...
  got v0.2.4
  has 17 dependencies
Evaluating 'parachains-common' ...
  got v28.0.0
  has 1475 dependencies
Evaluating 'argmax' ...
  got v0.4.0
  has 8 dependencies
Evaluating 'worker-build' ...
  got v0.8.1
  has 440 dependencies
Evaluating 'worker-sys' ...
  got v0.8.1
  has 33 dependencies
Evaluating 'worker-macros' ...
  got v0.8.1
  has 52 dependencies
Evaluating 'blurhash' ...
  got v0.2.3
  has 0 dependencies
Evaluating 'pallet-insecure-randomness-collective-flip' ...
  got v34.0.0
  has 1008 dependencies
Evaluating 'eax' ...
  got v0.5.0
  has 28 dependencies
Evaluating 'cloudflare' ...
  got v0.14.0
  has 257 dependencies
Evaluating 'pallet-salary' ...
  got v31.0.0
  has 1015 dependencies
Evaluating 'tracing-web' ...
  got v0.1.3
  has 40 dependencies
Evaluating 'fuzzcheck' ...
  got v0.13.0
  has 57 dependencies
Evaluating 'penpal-runtime' ...
  got v0.36.0
  has 2407 dependencies
Evaluating 'libspelling' ...
  got v0.4.1
  has 212 dependencies
Evaluating 'readability' ...
  got v0.3.0
  has 270 dependencies
Evaluating 'tokio-vsock' ...
  got v0.7.2
  has 50 dependencies
Evaluating 'cea708-types' ...
  got v0.4.1
  has 12 dependencies
Evaluating 'range-collections' ...
  got v0.4.6
  has 14 dependencies
Evaluating 'nipper' ...
  got v0.1.9
  has 114 dependencies
Evaluating 'dconf_rs' ...
  got v0.3.0
  has 0 dependencies
Evaluating 'symbolic-symcache' ...
  got v12.18.3
  has 169 dependencies
Evaluating 'wasmbin' ...
  got v0.9.1
  has 39 dependencies
Evaluating 'seedling-runtime' ...
  got v0.18.0
  has 1611 dependencies
Evaluating 'sea-bae' ...
  got v0.2.1
  has 16 dependencies
Evaluating 'aws-sdk-translate' ...
  got v1.98.0
  has 345 dependencies
Evaluating 'aws-sdk-transcribestreaming' ...
  got v1.103.0
  has 355 dependencies
Evaluating 'cumulus-client-service' ...
  ! crate not resolved: error: failed to select a version for the requirement `core2 = "^0.4.0"`
Evaluating 'cumulus-test-relay-sproof-builder' ...
  got v0.25.0
  has 1007 dependencies
Evaluating 'cumulus-client-consensus-aura' ...
  ! crate not resolved: error: failed to select a version for the requirement `core2 = "^0.4.0"`
Evaluating 'datafusion' ...
  got v53.1.0
  has 892 dependencies
Evaluating 'cumulus-client-consensus-relay-chain' ...
  ! crate not resolved: error: failed to select a version for the requirement `core2 = "^0.4.0"`
Evaluating 'ark-bls12-377' ...
  got v0.6.0
  has 82 dependencies
Evaluating 'pallet-glutton' ...
  got v32.0.0
  has 913 dependencies
Evaluating 'async-signal' ...
  got v0.2.14
  has 26 dependencies
Evaluating 'libgit' ...
  got v0.1.0
  has 0 dependencies
Evaluating 'cust_derive' ...
  got v0.2.0
  has 8 dependencies
Evaluating 'aws-sdk-kinesisvideo' ...
  got v1.100.0
  has 345 dependencies
Evaluating 'debug_unreachable' ...
  got v0.1.1
  has 2 dependencies
Evaluating 'cumulus-client-consensus-common' ...
  ! crate not resolved: error: failed to select a version for the requirement `core2 = "^0.4.0"`
Evaluating 'veilid-bugsalot' ...
  got v0.2.0
  has 0 dependencies
Evaluating 'cumulus-relay-chain-rpc-interface' ...
  ! crate not resolved: error: failed to select a version for the requirement `core2 = "^0.4.0"`
Evaluating 'netstat2' ...
  got v0.11.2
  has 65 dependencies
Evaluating 'cumulus-client-network' ...
  ! crate not resolved: error: failed to select a version for the requirement `core2 = "^0.4.0"`
Evaluating 'libpng-sys' ...
  got v1.1.11
  has 13 dependencies
Evaluating 'deno-proc-macro-rules' ...
  ! crate not resolved: error: the crate `deno-proc-macro-rules` could not be found in registry index.
Evaluating 'pdb-addr2line' ...
  got v0.12.0
  has 28 dependencies
Evaluating 'pallet-nfts-runtime-api' ...
  got v31.0.0
  has 775 dependencies
Evaluating 'inplace-vec-builder' ...
  got v0.1.1
  has 0 dependencies
Evaluating 'samael' ...
  got v0.0.20
  has 191 dependencies
Evaluating 'livekit-api' ...
  got v0.4.19
  has 437 dependencies
Evaluating 'livekit-protocol' ...
  got v0.7.5
  has 107 dependencies
Evaluating 'aws-sdk-kinesisvideosignaling' ...
  got v1.98.0
  has 345 dependencies
Evaluating 'fuzzcheck_common' ...
  got v0.13.0
  has 2 dependencies
Evaluating 'parachain-template-node' ...
  ! crate not resolved: error: failed to select a version for the requirement `parachain-template-runtime = "=0.1.0-dev.3"`
Evaluating 'pallet-dev-mode' ...
  got v28.0.0
  has 919 dependencies
Evaluating 'pallet-core-fellowship' ...
  got v30.0.0
  has 923 dependencies
Evaluating 'pallet-asset-rate' ...
  got v25.0.0
  has 908 dependencies
Evaluating 'cuda_std' ...
  got v0.2.2
  has 24 dependencies
Evaluating 'detect-desktop-environment' ...
  got v1.2.0
  has 0 dependencies
Evaluating 'datafusion-expr' ...
  got v53.1.0
  has 249 dependencies
Evaluating 'cumulus-relay-chain-inprocess-interface' ...
  ! crate not resolved: error: failed to select a version for the requirement `core2 = "^0.4.0"`
Evaluating 'append-only-vec' ...
  got v0.1.8
  has 0 dependencies
Evaluating 'datafusion-common' ...
  got v53.1.0
  has 200 dependencies
Evaluating 'veilid-igd' ...
  got v0.1.1
  has 94 dependencies
Evaluating 'kanaria' ...
  got v0.2.0
  has 1 dependencies
Evaluating 'cortex-m-semihosting' ...
  got v0.5.0
  has 13 dependencies
Evaluating 'mlua_derive' ...
  got v0.11.0
  has 8 dependencies
Evaluating 'cumulus-client-pov-recovery' ...
  ! crate not resolved: error: failed to select a version for the requirement `core2 = "^0.4.0"`
Evaluating 'wasm-split' ...
  got v0.1.0
  has 11 dependencies
Evaluating 'spirv-types' ...
  got v0.4.0-alpha.14
  has 0 dependencies
Evaluating 'bitcoin-private' ...
  got v0.1.0
  has 0 dependencies
Evaluating 'rust_info' ...
  got v0.3.3
  has 0 dependencies
Evaluating 'cumulus-test-runtime' ...
  ! crate not resolved: error: failed to select a version for the requirement `core2 = "^0.4.0"`
Evaluating 'veilid-hashlink' ...
  got v0.1.3
  has 2 dependencies
Evaluating 'patricia_tree' ...
  got v0.10.1
  has 0 dependencies
Evaluating 'pngquant' ...
  got v3.0.3
  has 48 dependencies
Evaluating 'cumulus-test-service' ...
  ! crate not resolved: error: the crate `cumulus-test-service` could not be found in registry index.
Evaluating 'digest_auth' ...
  got v0.3.1
  has 27 dependencies
Evaluating 'run_script' ...
  got v0.11.2
  has 10 dependencies
Evaluating 'gcp_auth' ...
  got v0.12.6
  has 220 dependencies
Evaluating 'streaming-stats' ...
  got v0.2.3
  has 3 dependencies
Evaluating 'binary-merge' ...
  got v0.1.2
  has 0 dependencies
Evaluating 'hifijson' ...
  got v0.5.0
  has 0 dependencies
Evaluating 'fd-find' ...
  got v10.4.2
  has 99 dependencies
Evaluating 'cuda_std_macros' ...
  got v0.2.0
  has 8 dependencies
Evaluating 'apple-crash-report-parser' ...
  got v0.5.2
  has 15 dependencies
Evaluating 'trunk' ...
  got v0.21.14
  has 1039 dependencies
Evaluating 'jaq-parse' ...
  got v1.0.3
  has 21 dependencies
Evaluating 'edgedb-client' ...
  got v0.3.0
  has 374 dependencies
Evaluating 'cumulus-test-client' ...
  ! crate not resolved: error: the crate `cumulus-test-client` could not be found in registry index.
Evaluating 'tauri-plugin-store' ...
  got v2.4.2
  has 786 dependencies
Evaluating 'shell-runtime' ...
  got v0.18.0
  has 1602 dependencies
Evaluating 'constcat' ...
  got v0.6.1
  has 0 dependencies
Evaluating 'yaxpeax-arch' ...
  got v0.3.2
  has 14 dependencies
Evaluating 'community-id' ...
  got v0.2.4
  has 14 dependencies
Evaluating 'cumulus-primitives-aura' ...
  got v0.22.0
  has 802 dependencies
Evaluating 'hex_lit' ...
  got v0.1.1
  has 0 dependencies
Evaluating 'subcrate' ...
  ! crate not resolved: error: the crate `subcrate` could not be found in registry index.
Evaluating 'lingua-thai-language-model' ...
  got v1.3.0
  has 6 dependencies
Evaluating 'system_shutdown' ...
  got v4.1.0
  has 162 dependencies
Evaluating 'pallet-parachain-template' ...
  ! crate not resolved: error: the crate `pallet-parachain-template` could not be found in registry index.
Evaluating 'bp-xcm-bridge-hub-router' ...
  got v0.23.0
  has 921 dependencies
Evaluating 'whattheshell' ...
  got v1.1.0
  has 22 dependencies
Evaluating 'libxdo-sys' ...
  got v0.11.0
  has 5 dependencies
Evaluating 'lingua-italian-language-model' ...
  got v1.3.0
  has 6 dependencies
Evaluating 'duckscript' ...
  got v0.10.0
  has 1 dependencies
Evaluating 'cumulus-relay-chain-minimal-node' ...
  ! crate not resolved: error: failed to select a version for the requirement `core2 = "^0.4.0"`
Evaluating 'mimalloc-rust-sys' ...
  got v1.7.2
  has 5 dependencies
Evaluating 'bp-parachains' ...
  got v0.26.0
  has 983 dependencies
Evaluating 'wol-rs' ...
  got v1.1.0
  has 11 dependencies
Evaluating 'env-file-reader' ...
  got v0.3.0
  has 64 dependencies
Evaluating 'w3f-bls' ...
  got v0.2.0
  has 119 dependencies
Evaluating 'swc_trace_macro' ...
  got v2.0.2
  has 7 dependencies
Evaluating 'polkadot-parachain-primitives' ...
  got v21.0.0
  has 728 dependencies
Evaluating 'lingua-french-language-model' ...
  got v1.3.0
  has 6 dependencies
Evaluating 'keepawake' ...
  got v0.6.0
  has 187 dependencies
Evaluating 'defmt' ...
  got v1.0.1
  has 23 dependencies
Evaluating 'malachite-q' ...
  got v0.9.1
  has 16 dependencies
Evaluating 'make-cmd' ...
  got v0.1.0
  has 0 dependencies
Evaluating 'apple-sdk' ...
  got v0.6.0
  has 31 dependencies
Evaluating 'async-hwi' ...
  got v0.0.31
  has 580 dependencies
Evaluating 'swc_ecma_minifier' ...
  got v52.0.2
  has 377 dependencies
Evaluating 'as-raw-xcb-connection' ...
  got v1.0.1
  has 0 dependencies
Evaluating 'line-numbers' ...
  got v0.4.0
  has 0 dependencies
Evaluating 'sp-ark-ed-on-bls12-381-bandersnatch' ...
  got v0.4.1
  has 461 dependencies
Evaluating 'swc_ecma_transforms_testing' ...
  got v46.0.0
  has 416 dependencies
Evaluating 'testing' ...
  got v22.0.0
  has 228 dependencies
Evaluating 'pallet-asset-conversion' ...
  got v28.0.0
  has 913 dependencies
Evaluating 'fflonk' ...
  got v0.32.10
  has 286 dependencies
Evaluating 'cumulus-client-consensus-proposer' ...
  got v0.24.0
  has 1413 dependencies
Evaluating 'wit-printer' ...
  got v0.2.0
  has 14 dependencies
Evaluating 'ark-secret-scalar' ...
  ! crate not resolved: error: the crate `ark-secret-scalar` could not be found in registry index.
Evaluating 'pallet-asset-conversion-tx-payment' ...
  got v28.0.0
  has 928 dependencies
Evaluating 'sc-statement-store' ...
  ! crate not resolved: error: failed to select a version for the requirement `core2 = "^0.4.0"`
Evaluating 'jsonc-parser' ...
  got v0.32.3
  has 0 dependencies
Evaluating 'pallet-nft-fractionalization' ...
  got v30.0.0
  has 1027 dependencies
Evaluating 'libxdo' ...
  got v0.6.0
  has 6 dependencies
Evaluating 'pallet-broker' ...
  got v0.25.0
  has 918 dependencies
Evaluating 'num-modular' ...
  got v0.6.1
  has 0 dependencies
Evaluating 'staging-xcm-builder' ...
  got v26.0.0
  has 1033 dependencies
Evaluating 'defmt-macros' ...
  got v1.0.1
  has 21 dependencies
Evaluating 'pallet-examples' ...
  got v7.0.0
  has 1104 dependencies
Evaluating 'packet-builder' ...
  got v0.7.0
  has 46 dependencies
Evaluating 'watto' ...
  got v0.2.0
  has 0 dependencies
Evaluating 'tree-sitter-ocamllex' ...
  got v0.25.0
  has 5 dependencies
Evaluating 'sp-crypto-ec-utils' ...
  got v0.20.0
  has 0 dependencies
Evaluating 'etcd-client' ...
  got v0.18.0
  has 229 dependencies
Evaluating 'lingua-portuguese-language-model' ...
  got v1.3.0
  has 6 dependencies
Evaluating 'shuttle-builder' ...
  got v0.57.0
  has 61 dependencies
Evaluating 'nickel-lang-cli' ...
  got v1.16.0
  has 515 dependencies
Evaluating 'rfc7239' ...
  got v0.1.3
  has 3 dependencies
Evaluating 'staging-xcm' ...
  got v22.0.0
  has 912 dependencies
Evaluating 'tfc' ...
  got v0.7.0
  has 0 dependencies
Evaluating 'xcm-emulator' ...
  got v0.27.0
  has 1593 dependencies
Evaluating 'pallet-bridge-messages' ...
  got v0.26.0
  has 1016 dependencies
Evaluating 'breakpad-symbols' ...
  got v0.26.1
  has 61 dependencies
Evaluating 'ledger_bitcoin_client' ...
  got v0.6.0
  has 34 dependencies
Evaluating 'bp-rococo' ...
  got v0.25.0
  has 979 dependencies
Evaluating 'pallet-default-config-example' ...
  got v17.0.0
  has 821 dependencies
Evaluating 'apple-bindgen' ...
  got v0.3.0
  has 119 dependencies
Evaluating 'git_info' ...
  got v0.1.3
  has 0 dependencies
Evaluating 'bp-kusama' ...
  got v0.17.0
  has 900 dependencies
Evaluating 'smoldot-light' ...
  got v1.1.1
  has 586 dependencies
Evaluating 'smoldot' ...
  got v1.1.0
  has 509 dependencies
Evaluating 'x' ...
  got v0.0.1
  has 638 dependencies
Evaluating 'lingua-turkish-language-model' ...
  got v1.3.0
  has 6 dependencies
Evaluating 'unwind-sys' ...
  got v0.1.4
  has 3 dependencies
Evaluating 'bridge-hub-rococo-integration-tests' ...
  got v0.0.0
  has 0 dependencies
Evaluating 'mopa' ...
  got v0.2.2
  has 0 dependencies
Evaluating 'liana' ...
  got v5.0.0
  has 100 dependencies
Evaluating 'pallet-xcm-bridge-hub-router' ...
  got v0.24.0
  has 1265 dependencies
Evaluating 'codespan-lsp' ...
  got v0.13.1
  has 97 dependencies
Evaluating 'lingua-malay-language-model' ...
  got v1.3.0
  has 6 dependencies
Evaluating 'lindera-cc-cedict' ...
  got v3.0.7
  has 354 dependencies
Evaluating 'viuer' ...
  got v0.11.0
  has 49 dependencies
Evaluating 'poem' ...
  got v3.1.12
  has 174 dependencies
Evaluating 'lingua-russian-language-model' ...
  got v1.3.0
  has 6 dependencies
Evaluating 'bridge-hub-test-utils' ...
  got v0.29.0
  has 2413 dependencies
Evaluating 'pallet-example-kitchensink' ...
  got v9.0.0
  has 1051 dependencies
Evaluating 'asset-hub-westend-integration-tests' ...
  got v0.0.0
  has 0 dependencies
Evaluating 'ark-transcript' ...
  got v0.0.5
  has 68 dependencies
Evaluating 'mpd' ...
  got v0.1.0
  has 1 dependencies
Evaluating 'dml' ...
  ! crate not resolved: error: the crate `dml` could not be found in registry index.
Evaluating 'pallet-statement' ...
  got v28.0.0
  has 964 dependencies
Evaluating 'bp-bridge-hub-kusama' ...
  got v0.18.0
  has 964 dependencies
Evaluating 'muda' ...
  got v0.18.0
  has 224 dependencies
Evaluating 'malachite-nz' ...
  got v0.9.1
  has 13 dependencies
Evaluating 'symbolic-sourcemapcache' ...
  got v12.18.3
  has 264 dependencies
Evaluating 'symbolic-il2cpp' ...
  got v12.18.3
  has 160 dependencies
Evaluating 'symbolic-cfi' ...
  got v12.18.3
  has 159 dependencies
Evaluating 'async-nats' ...
  got v0.47.0
  has 266 dependencies
Evaluating 'tray-icon' ...
  got v0.22.1
  has 254 dependencies
Evaluating 'dart-sys' ...
  got v4.1.5
  has 4 dependencies
Evaluating 'whichlang' ...
  got v0.1.1
  has 0 dependencies
Evaluating 'lingua-english-language-model' ...
  got v1.3.0
  has 6 dependencies
Evaluating 'js-source-scopes' ...
  got v0.7.2
  has 245 dependencies
Evaluating 'impl-num-traits' ...
  got v0.2.0
  has 10 dependencies
Evaluating 'sixel-sys' ...
  got v0.5.0
  has 6 dependencies
Evaluating 'libredox' ...
  got v0.1.16
  has 5 dependencies
Evaluating 'public-ip' ...
  got v0.2.2
  has 249 dependencies
Evaluating 'mimalloc-rust' ...
  got v0.2.1
  has 7 dependencies
Evaluating 'malachite-base' ...
  got v0.9.1
  has 6 dependencies
Evaluating 'xkeysym' ...
  got v0.2.1
  has 0 dependencies
Evaluating 'ark-ed-on-bls12-381-bandersnatch' ...
  got v0.6.0
  has 87 dependencies
Evaluating 'pam' ...
  got v0.8.0
  has 44 dependencies
Evaluating 'pam-macros' ...
  got v0.0.3
  has 8 dependencies
Evaluating 'asset-test-utils' ...
  got v30.0.0
  has 2196 dependencies
Evaluating 'nickel-lang-lsp' ...
  got v1.16.0
  has 491 dependencies
Evaluating 'lingua-indonesian-language-model' ...
  got v1.3.0
  has 6 dependencies
Evaluating 'lingua-korean-language-model' ...
  got v1.3.0
  has 6 dependencies
Evaluating 'lingua-spanish-language-model' ...
  got v1.3.0
  has 6 dependencies
Evaluating 'lingua-arabic-language-model' ...
  got v1.3.0
  has 6 dependencies
Evaluating 'bp-header-chain' ...
  got v0.26.0
  has 947 dependencies
Evaluating 'dashu-base' ...
  got v0.4.1
  has 0 dependencies
Evaluating 'dashu-int' ...
  got v0.4.1
  has 7 dependencies
Evaluating 'dashu-float' ...
  got v0.4.3
  has 12 dependencies
Evaluating 'dashu-ratio' ...
  got v0.4.1
  has 16 dependencies
Evaluating 'dashu-macros' ...
  got v0.4.1
  has 22 dependencies
Evaluating 'bridge-hub-rococo-runtime' ...
  got v0.26.0
  has 2967 dependencies
Evaluating 'dashu' ...
  got v0.4.2
  has 47 dependencies
Evaluating 'ring-wasi' ...
  got v0.16.25
  has 8 dependencies
Evaluating 'swc_ecma_transforms_optimization' ...
  got v44.0.0
  has 255 dependencies
Evaluating 'async-macros' ...
  got v2.0.0
  has 2 dependencies
Evaluating 'parachains-runtimes-test-utils' ...
  got v29.0.0
  has 1577 dependencies
Evaluating 'bp-bridge-hub-cumulus' ...
  got v0.28.0
  has 1550 dependencies
Evaluating 'assets-common' ...
  got v0.28.0
  has 2052 dependencies
Evaluating 'java-properties' ...
  got v2.0.0
  has 12 dependencies
Evaluating 'lingua-japanese-language-model' ...
  got v1.3.0
  has 6 dependencies
Evaluating 'bp-bridge-hub-polkadot' ...
  got v0.18.0
  has 964 dependencies
Evaluating 'ark-ed-on-bls12-377' ...
  got v0.6.0
  has 86 dependencies
Evaluating 'asset-hub-westend-runtime' ...
  got v0.43.0
  has 3047 dependencies
Evaluating 'bridge-runtime-common' ...
  got v0.27.0
  has 1161 dependencies
Evaluating 'aws-sdk-sns' ...
  got v1.99.0
  has 349 dependencies
Evaluating 'pallet-bridge-parachains' ...
  got v0.26.0
  has 1062 dependencies
Evaluating 'deflate64' ...
  got v0.1.12
  has 0 dependencies
Evaluating 'bp-relayers' ...
  got v0.26.0
  has 1001 dependencies
Evaluating 'bloomy' ...
  got v1.2.0
  has 1 dependencies
Evaluating 'pallet-safe-mode' ...
  got v27.0.0
  has 1004 dependencies
Evaluating 'dleq_vrf' ...
  got v0.0.1
  has 103 dependencies
Evaluating 'sc-network-statement' ...
  ! crate not resolved: error: failed to select a version for the requirement `core2 = "^0.4.0"`
Evaluating 'fon' ...
  got v0.6.0
  has 1 dependencies
Evaluating 'pallet-paged-list' ...
  got v0.24.0
  has 1005 dependencies
Evaluating 'bp-bridge-hub-rococo' ...
  got v0.28.0
  has 1569 dependencies
Evaluating 'unimap' ...
  got v0.2.0
  has 361 dependencies
Evaluating 'malachite' ...
  got v0.9.1
  has 24 dependencies
Evaluating 'wasm-bindgen-cli' ...
  got v0.2.120
  has 285 dependencies
Evaluating 'file-id' ...
  got v0.2.3
  has 0 dependencies
Evaluating 'polkadot-parachain-bin' ...
  ! crate not resolved: error: failed to select a version for the requirement `core2 = "^0.4.0"`
Evaluating 'pam-sys' ...
  got v0.5.6
  has 1 dependencies
Evaluating 'cuid-util' ...
  got v0.1.1
  has 0 dependencies
Evaluating 'cbor' ...
  got v0.4.1
  has 2 dependencies
Evaluating 'symbolic-ppdb' ...
  got v12.18.3
  has 45 dependencies
Evaluating 'rustls-connector' ...
  got v0.23.0
  has 34 dependencies
Evaluating 'apple-sys' ...
  got v0.3.0
  has 5 dependencies
Evaluating 'bandwhich' ...
  got v0.23.1
  has 352 dependencies
Evaluating 'nbuild-core' ...
  got v0.1.2
  has 129 dependencies
Evaluating 'reqwest_dav' ...
  got v0.3.3
  has 295 dependencies
Evaluating 'minidump-common' ...
  got v0.26.1
  has 26 dependencies
Evaluating 'embed-doc-image' ...
  got v0.1.4
  has 9 dependencies
Evaluating 'mouce' ...
  got v0.3.0
  has 11 dependencies
Evaluating 'yaxpeax-x86' ...
  got v2.0.0
  has 42 dependencies
Evaluating 'swc_node_base' ...
  got v0.5.9
  has 8 dependencies
Evaluating 'nickel-lang-core' ...
  got v0.17.0
  has 488 dependencies
Evaluating 'pallet-example-split' ...
  got v17.0.0
  has 820 dependencies
Evaluating 'lingua-mongolian-language-model' ...
  got v1.3.0
  has 6 dependencies
Evaluating 'rstack-self' ...
  got v0.3.0
  has 42 dependencies
Evaluating 'pallet-bridge-grandpa' ...
  got v0.26.0
  has 1049 dependencies
Evaluating 'swc_timer' ...
  got v1.0.0
  has 13 dependencies
Evaluating 'swc_bundler' ...
  got v48.0.0
  has 328 dependencies
Evaluating 'cargo-edit-9' ...
  got v0.9.3
  has 277 dependencies
Evaluating 'swc_graph_analyzer' ...
  got v14.0.1
  has 23 dependencies
Evaluating 'swc_ecma_usage_analyzer' ...
  got v31.0.0
  has 205 dependencies
Evaluating 'staging-xcm-executor' ...
  got v25.1.0
  has 978 dependencies
Evaluating 'swc_ecma_testing' ...
  got v22.0.0
  has 244 dependencies
Evaluating 'defmt-parser' ...
  got v1.0.0
  has 10 dependencies
Evaluating 'lingua' ...
  got v1.8.0
  has 208 dependencies
Evaluating 'swc_cached' ...
  got v2.0.0
  has 24 dependencies
Evaluating 'num-order' ...
  got v1.2.0
  has 1 dependencies
Evaluating 'lingua-chinese-language-model' ...
  got v1.3.0
  has 6 dependencies
Evaluating 'swc_ecma_transforms_compat' ...
  got v48.0.0
  has 389 dependencies
Evaluating 'minidump-unwind' ...
  got v0.26.1
  has 98 dependencies
Evaluating 'flutter_rust_bridge_macros' ...
  got v2.12.0
  has 20 dependencies
Evaluating 'flutter_rust_bridge' ...
  got v2.12.0
  has 80 dependencies
Evaluating 'derive_deref' ...
  got v1.1.1
  has 8 dependencies
Evaluating 'poem-derive' ...
  got v3.1.12
  has 17 dependencies
Evaluating 'osascript' ...
  got v0.3.0
  has 16 dependencies
Evaluating 'range-map' ...
  got v0.2.0
  has 3 dependencies
Evaluating 'update-informer' ...
  got v1.3.0
  has 64 dependencies
Evaluating 'swc_error_reporters' ...
  got v23.0.0
  has 163 dependencies
Evaluating 'lingua-german-language-model' ...
  got v1.3.0
  has 6 dependencies
Evaluating 'swc_fast_graph' ...
  got v9.0.0
  has 153 dependencies
Evaluating 'lingua-hindi-language-model' ...
  got v1.3.0
  has 6 dependencies
Evaluating 'lingua-vietnamese-language-model' ...
  got v1.3.0
  has 6 dependencies
Evaluating 'testing_macros' ...
  got v1.0.1
  has 21 dependencies
Evaluating 'hyper-system-resolver' ...
  got v0.7.0
  has 74 dependencies
Evaluating 'duckscriptsdk' ...
  got v0.11.1
  has 248 dependencies
Evaluating 'tauri-plugin-log' ...
  got v2.8.0
  has 787 dependencies
Evaluating 'rstack' ...
  got v0.3.3
  has 20 dependencies
Evaluating 'flutter_rust_bridge_codegen' ...
  got v2.12.0
  has 240 dependencies
Evaluating 'ark-bw6-761' ...
  got v0.6.0
  has 86 dependencies
Evaluating 'tauri-plugin-sql' ...
  got v2.4.0
  has 865 dependencies
Evaluating 'malachite-base' ...
  got v0.9.1
  has 6 dependencies
Evaluating 'libredox' ...
  got v0.1.16
  has 5 dependencies
Evaluating 'bp-polkadot' ...
  got v0.17.0
  has 900 dependencies
Evaluating 'bp-polkadot-core' ...
  got v0.26.0
  has 973 dependencies
Evaluating 'base36' ...
  got v0.0.1
  has 26 dependencies
Evaluating 'malachite-q' ...
  got v0.9.1
  has 16 dependencies
Evaluating 'ark-scale' ...
  got v0.0.13
  has 72 dependencies
Evaluating 'asset-test-utils' ...
  got v30.0.0
  has 2196 dependencies
Evaluating 'lingua-italian-language-model' ...
  got v1.3.0
  has 6 dependencies
Evaluating 'polkadot-node-core-prospective-parachains' ...
  ! crate not resolved: error: failed to select a version for the requirement `core2 = "^0.4.0"`
Evaluating 'simple-counter' ...
  got v0.1.0
  has 0 dependencies
Evaluating 'iri-string' ...
  got v0.7.12
  has 0 dependencies
Evaluating 'async-macros' ...
  got v2.0.0
  has 2 dependencies
Evaluating 'lingua-korean-language-model' ...
  got v1.3.0
  has 6 dependencies
Evaluating 'crypto_secretbox' ...
  got v0.1.1
  has 29 dependencies
Evaluating 'lingua-french-language-model' ...
  got v1.3.0
  has 6 dependencies
Evaluating 'packet-builder' ...
  got v0.7.0
  has 46 dependencies
Evaluating 'sp-genesis-builder' ...
  got v0.22.0
  has 782 dependencies
Evaluating 'bp-test-utils' ...
  got v0.26.0
  has 996 dependencies
Evaluating 'bp-messages' ...
  got v0.26.0
  has 963 dependencies
Evaluating 'bp-runtime' ...
  got v0.26.0
  has 919 dependencies
Evaluating 'libloader' ...
  got v0.1.4
  has 2 dependencies
Evaluating 'syntex_syntax' ...
  got v0.59.1
  has 67 dependencies
Evaluating 'seahorse' ...
  got v2.2.0
  has 0 dependencies
Evaluating 'turbopack-mdx' ...
  ! crate not resolved: error: the crate `turbopack-mdx` could not be found in registry index.
Evaluating 'turbo-tasks-testing' ...
  ! crate not resolved: error: the crate `turbo-tasks-testing` could not be found in registry index.
Evaluating 'next-transform-strip-page-exports' ...
  ! crate not resolved: error: the crate `next-transform-strip-page-exports` could not be found in registry index.
Evaluating 'libmpv' ...
  got v2.0.1
  has 1 dependencies
Evaluating 'tame-index' ...
  got v0.26.3
  has 35 dependencies
Evaluating 'wasmer-cache' ...
  got v7.1.0
  has 177 dependencies
Evaluating 'turbopack-core' ...
  ! crate not resolved: error: the crate `turbopack-core` could not be found in registry index.
Evaluating 'modularize_imports' ...
  got v4.0.0
  has 250 dependencies
Evaluating 'turbopack-swc-utils' ...
  ! crate not resolved: error: the crate `turbopack-swc-utils` could not be found in registry index.
Evaluating 'kalker' ...
  got v2.2.2
  has 64 dependencies
Evaluating 'bridge-hub-kusama-runtime' ...
  ! crate not resolved: error: failed to select a version for the requirement `core2 = "^0.4.0"`
Evaluating 'turbo-tasks-macros-shared' ...
  got v0.1.0
  has 8 dependencies
Evaluating 'cacher' ...
  got v0.4.3
  has 73 dependencies
Evaluating 'kuchikiki' ...
  got v0.8.2
  has 131 dependencies
Evaluating 'cssparser-color' ...
  got v0.5.0
  has 25 dependencies
Evaluating 'turbo-updater' ...
  ! crate not resolved: error: the crate `turbo-updater` could not be found in registry index.
Evaluating 'blas-src' ...
  got v0.14.0
  has 0 dependencies
Evaluating 'youtube-tui' ...
  got v0.9.4
  has 711 dependencies
Evaluating 'weedle2' ...
  got v5.0.0
  has 3 dependencies
Evaluating 'styled_jsx' ...
  got v4.0.0
  has 629 dependencies
Evaluating 'swc_emotion' ...
  got v4.0.0
  has 310 dependencies
Evaluating 'styled_components' ...
  got v4.0.0
  has 215 dependencies
Evaluating 'turbopack-create-test-app' ...
  ! crate not resolved: error: the crate `turbopack-create-test-app` could not be found in registry index.
Evaluating 'swc' ...
  got v63.0.0
  has 805 dependencies
Evaluating 'lookup' ...
  got v0.0.1
  has 0 dependencies
Evaluating 'turbo-tasks-build' ...
  ! crate not resolved: error: the crate `turbo-tasks-build` could not be found in registry index.
Evaluating 'swc_ecma_lints' ...
  got v30.0.0
  has 245 dependencies
Evaluating 'swc_ecma_ext_transforms' ...
  got v29.0.0
  has 199 dependencies
Evaluating 'sixel-rs' ...
  got v0.5.0
  has 7 dependencies
Evaluating 'swc_css_modules' ...
  got v21.0.0
  has 212 dependencies
Evaluating 'swc_core' ...
  got v65.0.1
  has 71 dependencies
Evaluating 'swc_plugin_proxy' ...
  got v23.0.0
  has 180 dependencies
Evaluating 'cfg' ...
  got v0.10.1
  has 52 dependencies
Evaluating 'turbo-tasks-fs' ...
  ! crate not resolved: error: the crate `turbo-tasks-fs` could not be found in registry index.
Evaluating 'smoltcp' ...
  got v0.13.0
  has 10 dependencies
Evaluating 'swc_ecma_transforms_module' ...
  got v46.0.0
  has 294 dependencies
Evaluating 'binding_macros' ...
  got v63.0.0
  has 0 dependencies
Evaluating 'graph-core' ...
  got v3.0.0
  has 459 dependencies
Evaluating 'swc_css_visit' ...
  got v21.0.0
  has 157 dependencies
Evaluating 'node-file-trace' ...
  ! crate not resolved: error: the crate `node-file-trace` could not be found in registry index.
Evaluating 'easy-error' ...
  got v1.0.0
  has 0 dependencies
Evaluating 'swc_ecma_quote_macros' ...
  got v39.0.0
  has 197 dependencies
Evaluating 'swc_css_compat' ...
  got v21.0.0
  has 175 dependencies
Evaluating 'swc_css_utils' ...
  got v21.0.0
  has 168 dependencies
Evaluating 'preset_env_base' ...
  got v7.0.0
  has 82 dependencies
Evaluating 'swc_css_codegen' ...
  got v21.0.0
  has 182 dependencies
Evaluating 'swc_css_prefixer' ...
  got v25.0.0
  has 227 dependencies
Evaluating 'turbopack' ...
  ! crate not resolved: error: the crate `turbopack` could not be found in registry index.
Evaluating 'swc_ecma_preset_env' ...
  got v53.0.0
  has 480 dependencies
Evaluating 'swc_nodejs_common' ...
  got v1.0.3
  has 65 dependencies
Evaluating 'turbopack-css' ...
  ! crate not resolved: error: the crate `turbopack-css` could not be found in registry index.
Evaluating 'swc_css_codegen_macros' ...
  got v1.0.2
  has 7 dependencies
Evaluating 'swc_node_comments' ...
  got v21.0.0
  has 154 dependencies
Evaluating 'turbo-tasks-macros' ...
  got v0.1.0
  has 33 dependencies
Evaluating 'tiny-gradient' ...
  got v0.1.0
  has 1 dependencies
Evaluating 'toolchain' ...
  got v0.1.0-alpha.1
  has 17 dependencies
Evaluating 'invidious' ...
  got v0.7.8
  has 41 dependencies
Evaluating 'next-dev' ...
  ! crate not resolved: error: the crate `next-dev` could not be found in registry index.
Evaluating 'crevice_notan-derive' ...
  got v0.13.0
  has 8 dependencies
Evaluating 'swc_css_ast' ...
  got v21.0.0
  has 152 dependencies
Evaluating 'asset-hub-kusama-runtime' ...
  ! crate not resolved: error: failed to select a version for the requirement `core2 = "^0.4.0"`
Evaluating 'mbe' ...
  got v1.0.17
  has 366 dependencies
Evaluating 'kalk' ...
  got v3.2.2
  has 27 dependencies
Evaluating 'turbopack-node' ...
  ! crate not resolved: error: the crate `turbopack-node` could not be found in registry index.
Evaluating 'mpd-discord-rpc' ...
  got v1.11.0
  has 400 dependencies
Evaluating 'turbo-malloc' ...
  ! crate not resolved: error: the crate `turbo-malloc` could not be found in registry index.
Evaluating 'cargo-deb' ...
  got v3.6.3
  has 109 dependencies
Evaluating 'swc_ecma_transforms' ...
  got v52.0.0
  has 229 dependencies
Evaluating 'mdxjs' ...
  got v1.0.4
  has 393 dependencies
Evaluating 'glutton-runtime' ...
  ! crate not resolved: error: failed to select a version for the requirement `core2 = "^0.4.0"`
Evaluating 'collectives-polkadot-runtime' ...
  ! crate not resolved: error: failed to select a version for the requirement `core2 = "^0.4.0"`
Evaluating 'bv' ...
  got v0.11.1
  has 2 dependencies
Evaluating 'write-json' ...
  got v0.1.4
  has 0 dependencies
Evaluating 'topiary-queries' ...
  got v0.7.3
  has 0 dependencies
Evaluating 'bridge-hub-polkadot-runtime' ...
  ! crate not resolved: error: failed to select a version for the requirement `core2 = "^0.4.0"`
Evaluating 'arrays' ...
  got v0.2.1
  has 0 dependencies
Evaluating 'file-lock' ...
  got v2.1.11
  has 5 dependencies
Evaluating 'turbopack-cli-utils' ...
  ! crate not resolved: error: the crate `turbopack-cli-utils` could not be found in registry index.
Evaluating 'turbo' ...
  got v0.4.2
  has 14 dependencies
Evaluating 'turbopack-json' ...
  ! crate not resolved: error: the crate `turbopack-json` could not be found in registry index.
Evaluating 'tsify-macros' ...
  got v0.5.6
  has 12 dependencies
Evaluating 'wayland-csd-frame' ...
  got v0.3.0
  has 15 dependencies
Evaluating 'web-time' ...
  got v1.1.0
  has 0 dependencies
Evaluating 'static-map-macro' ...
  got v0.3.4
  has 8 dependencies
Evaluating 'st-map' ...
  got v0.2.4
  has 10 dependencies
Evaluating 'turbopack-env' ...
  ! crate not resolved: error: the crate `turbopack-env` could not be found in registry index.
Evaluating 'calloop-wayland-source' ...
  got v0.4.1
  has 36 dependencies
Evaluating 'chromiumoxide' ...
  got v0.9.1
  has 283 dependencies
Evaluating 'crevice_notan' ...
  got v0.14.1
  has 13 dependencies
Evaluating 'maple_derive' ...
  got v0.3.0
  has 8 dependencies
Evaluating 'counter' ...
  got v0.7.1
  has 3 dependencies
Evaluating 'feature-probe' ...
  got v0.1.1
  has 0 dependencies
Evaluating 'turbo-tasks' ...
  ! crate not resolved: error: the crate `turbo-tasks` could not be found in registry index.
Evaluating 'next-font' ...
  ! crate not resolved: error: the crate `next-font` could not be found in registry index.
Evaluating 'turbo-tasks-env' ...
  ! crate not resolved: error: the crate `turbo-tasks-env` could not be found in registry index.
Evaluating 'swc_plugin_runner' ...
  got v27.0.0
  has 280 dependencies
Evaluating 'codegen' ...
  got v0.3.0
  has 3 dependencies
Evaluating 'turborepo-scm' ...
  ! crate not resolved: error: the crate `turborepo-scm` could not be found in registry index.
Evaluating 'mpd_client' ...
  got v1.4.1
  has 42 dependencies
Evaluating 'mpd_protocol' ...
  got v1.0.3
  has 26 dependencies
Evaluating 'turborepo-ffi' ...
  ! crate not resolved: error: the crate `turborepo-ffi` could not be found in registry index.
Evaluating 'turbopack-static' ...
  ! crate not resolved: error: the crate `turbopack-static` could not be found in registry index.
Evaluating 'next-core' ...
  ! crate not resolved: error: the crate `next-core` could not be found in registry index.
Evaluating 'nixdoc' ...
  got v0.2.0
  has 10 dependencies
Evaluating 'swc-ast-explorer' ...
  ! crate not resolved: error: the crate `swc-ast-explorer` could not be found in registry index.
Evaluating 'tt' ...
  ! crate not resolved: error: the crate `tt` could not be found in registry index.
Evaluating 'rgb2ansi256' ...
  got v0.1.1
  has 0 dependencies
Evaluating 'turbo-tasks-hash' ...
  got v0.1.0
  has 47 dependencies
Evaluating 'universal-config' ...
  got v0.5.1
  has 122 dependencies
Evaluating 'discord-rpc-client' ...
  got v0.4.0
  has 31 dependencies
Evaluating 'stdx' ...
  got v0.0.1
  has 120 dependencies
Evaluating 'pyo3-log' ...
  got v0.13.3
  has 15 dependencies
Evaluating 'turbopack-dev-server' ...
  ! crate not resolved: error: the crate `turbopack-dev-server` could not be found in registry index.
Evaluating 'event-listener-strategy' ...
  got v0.5.4
  has 6 dependencies
Evaluating 'chromiumoxide_types' ...
  got v0.9.1
  has 16 dependencies
Evaluating 'smartcow' ...
  got v0.2.1
  has 5 dependencies
Evaluating 'wasm-bindgen-rayon' ...
  got v1.3.0
  has 41 dependencies
Evaluating 'mpd-utils' ...
  got v0.2.1
  has 75 dependencies
Evaluating 'turborepo-lib' ...
  ! crate not resolved: error: the crate `turborepo-lib` could not be found in registry index.
Evaluating 'turbopack-ecmascript' ...
  ! crate not resolved: error: the crate `turbopack-ecmascript` could not be found in registry index.
Evaluating 'rust-analyzer' ...
  got v0.0.1
  has 0 dependencies
Evaluating 'swc_css_parser' ...
  got v21.0.0
  has 174 dependencies
Evaluating 'codevis' ...
  got v0.8.4
  has 210 dependencies
Evaluating 'arenatree' ...
  got v0.1.3
  has 0 dependencies
Evaluating 'chromiumoxide_cdp' ...
  got v0.9.1
  has 38 dependencies
Evaluating 'hf-hub' ...
  got v0.5.0
  has 346 dependencies
Evaluating 'chromiumoxide_pdl' ...
  got v0.9.1
  has 34 dependencies
Evaluating 'auto-hash-map' ...
  ! crate not resolved: error: the crate `auto-hash-map` could not be found in registry index.
Evaluating 'routefinder' ...
  got v0.5.4
  has 7 dependencies
Evaluating 'asset-hub-polkadot-runtime' ...
  ! crate not resolved: error: failed to select a version for the requirement `core2 = "^0.4.0"`
Evaluating 'tsify' ...
  got v0.5.6
  has 55 dependencies
Evaluating 'libmpv-sys' ...
  got v3.1.0
  has 0 dependencies
Evaluating 'turbo-tasks-memory' ...
  ! crate not resolved: error: the crate `turbo-tasks-memory` could not be found in registry index.
Evaluating 'crypto' ...
  got v0.5.1
  has 6 dependencies
Evaluating 'tui-additions' ...
  got v0.4.4
  has 133 dependencies
Evaluating 'next-transform-dynamic' ...
  ! crate not resolved: error: the crate `next-transform-dynamic` could not be found in registry index.
Evaluating 'cursor-icon' ...
  got v1.2.0
  has 0 dependencies
Evaluating 'turbo-tasks-fetch' ...
  ! crate not resolved: error: the crate `turbo-tasks-fetch` could not be found in registry index.
Evaluating 'bugsalot' ...
  got v0.2.2
  has 0 dependencies
Evaluating 'salvo_macros' ...
  got v0.92.2
  has 30 dependencies
Evaluating 'rs-libc' ...
  got v0.2.5
  has 5 dependencies
Evaluating 'tls-api-stub' ...
  got v0.12.1
  has 112 dependencies
Evaluating 'minigrep' ...
  got v0.1.0
  has 0 dependencies
Evaluating 'get_if_addrs-sys' ...
  got v0.1.1
  has 3 dependencies
Evaluating 'keychain-services' ...
  ! crate not resolved: error: failed to select a version for the requirement `zeroize = "^0.4"`
Evaluating 'functions' ...
  got v0.1.0
  has 0 dependencies
Evaluating 'object_store' ...
  got v0.13.2
  has 131 dependencies
Evaluating 'salvo_core' ...
  got v0.92.2
  has 384 dependencies
Evaluating 'gui' ...
  got v0.6.6
  has 16 dependencies
Evaluating 'cons-list' ...
  got v0.0.3
  has 0 dependencies
Evaluating 'webdriver' ...
  got v0.53.0
  has 267 dependencies
Evaluating 'ustr' ...
  got v1.1.0
  has 15 dependencies
Evaluating 'winch-codegen' ...
  got v44.0.0
  has 158 dependencies
Evaluating 'actix-form-data' ...
  got v0.6.2
  has 261 dependencies
Evaluating 'completest' ...
  got v1.1.0
  has 0 dependencies
Evaluating 'art' ...
  got v1.0.0
  has 0 dependencies
Evaluating 'hello_macro' ...
  got v0.1.0
  has 0 dependencies
Evaluating 'libseat' ...
  got v0.2.4
  has 11 dependencies
Evaluating 'boolean' ...
  got v0.3.0
  has 0 dependencies
Evaluating 'restaurant' ...
  got v0.1.0
  has 0 dependencies
Evaluating 'patterns' ...
  got v0.3.2
  has 0 dependencies
Evaluating 'size_format' ...
  got v1.0.2
  has 22 dependencies
Evaluating 'textnonce' ...
  got v1.0.0
  has 12 dependencies
Evaluating 'wasmtime-winch' ...
  got v34.0.2
  has 138 dependencies
Evaluating 'syntex' ...
  got v0.58.1
  has 15 dependencies
Evaluating 'histogram' ...
  got v1.2.0
  has 10 dependencies
Evaluating 'iterators' ...
  got v0.1.0
  has 0 dependencies
Evaluating 'venial' ...
  got v0.6.1
  has 4 dependencies
Evaluating 'loops' ...
  ! crate not resolved: error: the crate `loops` could not be found in registry index.
Evaluating 'ripgrep_all' ...
  got v0.10.10
  has 370 dependencies
Evaluating 'cust_core' ...
  got v0.1.1
  has 24 dependencies
Evaluating 'adder' ...
  got v0.1.0
  has 0 dependencies
Evaluating 'guessing_game' ...
  got v0.1.2
  has 4 dependencies
Evaluating 'deduplicating_array' ...
  got v0.1.10
  has 11 dependencies
Evaluating 'syntex_errors' ...
  got v0.59.1
  has 17 dependencies
Evaluating 'android-logd-logger' ...
  got v0.5.0
  has 42 dependencies
Evaluating 'borrowing' ...
  ! crate not resolved: error: the crate `borrowing` could not be found in registry index.
Evaluating 'tree' ...
  got v0.4.1
  has 29 dependencies
Evaluating 'cedar-policy-validator' ...
  got v4.4.2
  has 175 dependencies
Evaluating 'binary-install' ...
  got v0.4.1
  has 214 dependencies
Evaluating 'cedar-policy-core' ...
  got v4.10.0
  has 161 dependencies
Evaluating 'cedar-policy' ...
  got v4.10.0
  has 191 dependencies
Evaluating 'tuples' ...
  got v1.20.1
  has 0 dependencies
Evaluating 'variables' ...
  ! crate not resolved: error: the crate `variables` could not be found in registry index.
Evaluating 'easy-ext' ...
  got v1.0.3
  has 0 dependencies
Evaluating 'mbedtls-sys-auto' ...
  got v2.28.14
  has 60 dependencies
Evaluating 'libseat-sys' ...
  got v0.2.0
  has 2 dependencies
Evaluating 'sgx_types' ...
  got v1.1.2
  has 0 dependencies
Evaluating 'blog' ...
  got v0.1.1
  has 301 dependencies
Evaluating 'gonzales' ...
  got v0.0.3-beta
  has 1 dependencies
Evaluating 'syntex_pos' ...
  got v0.59.1
  has 11 dependencies
Evaluating 'rectangles' ...
  ! crate not resolved: error: the crate `rectangles` could not be found in registry index.
Evaluating 'tls-api-openssl' ...
  got v0.12.1
  has 54 dependencies
Evaluating 'log-ndc' ...
  got v0.3.0
  has 1 dependencies
Evaluating 'ownership' ...
  got v0.3.0
  has 0 dependencies
Evaluating 'anvil-rpc' ...
  got v0.0.0-reserved.0
  has 0 dependencies
Evaluating 'pancakes' ...
  got v0.1.0
  has 7 dependencies
Evaluating 'path-tree' ...
  got v0.8.3
  has 1 dependencies
Evaluating 'get_if_addrs' ...
  got v0.5.3
  has 2 dependencies
Evaluating 'crypto-tests' ...
  ! crate not resolved: error: failed to select a version for the requirement `block-cipher-trait = "^0.4"`
Evaluating 'hello_macro_derive' ...
  got v0.1.0
  has 7 dependencies
Evaluating 'structs' ...
  ! crate not resolved: error: the crate `structs` could not be found in registry index.
Evaluating 'rustler_codegen' ...
  got v0.37.3
  has 10 dependencies
Evaluating 'threads' ...
  got v0.1.0
  has 0 dependencies
Evaluating 'rustler_sys' ...
  got v2.4.3
  has 12 dependencies
Evaluating 'boringtun' ...
  got v0.7.0
  has 100 dependencies
Evaluating 'c_linked_list' ...
  got v1.1.1
  has 0 dependencies
Evaluating 'sqlparser_derive' ...
  got v0.5.0
  has 8 dependencies
Evaluating 'atomic-traits' ...
  got v0.4.0
  has 4 dependencies
Evaluating 'wasmtimer' ...
  got v0.4.3
  has 59 dependencies
Evaluating 'panic' ...
  got v0.4.0
  has 65 dependencies
Evaluating 'enums' ...
  got v0.5.1
  has 0 dependencies
Evaluating 'mbedtls' ...
  got v0.13.5
  has 83 dependencies
Evaluating 'salvo' ...
  got v0.92.2
  has 379 dependencies
Evaluating 'greeter' ...
  got v0.1.0
  has 0 dependencies
Evaluating 'comments' ...
  got v0.1.0
  has 0 dependencies
Evaluating 'rustler' ...
  got v0.37.3
  has 16 dependencies
Evaluating 'my_crate' ...
  got v0.1.0
  has 0 dependencies
Evaluating 'httpbis' ...
  got v0.9.1
  has 72 dependencies
Evaluating 'rectangle' ...
  ! crate not resolved: error: the crate `rectangle` could not be found in registry index.
Evaluating 'st3' ...
  got v0.4.1
  has 1 dependencies
Evaluating 'windivert-sys' ...
  got v0.10.0
  has 17 dependencies
Evaluating 'bones_schema' ...
  got v0.4.0
  has 81 dependencies
Evaluating 'ssz_rs_derive' ...
  got v0.9.0
  has 8 dependencies
Evaluating 'cloudflare-zlib' ...
  got v0.2.10
  has 5 dependencies
Evaluating 'cachemap2' ...
  got v0.3.0
  has 0 dependencies
Evaluating 'zerotrie' ...
  got v0.2.4
  has 9 dependencies
Evaluating 'datafusion-sql' ...
  got v53.1.0
  has 497 dependencies
Evaluating 'cargo-pgx' ...
  got v0.7.4
  has 344 dependencies
Evaluating 'ethereum_ssz_derive' ...
  got v0.10.3
  has 19 dependencies
Evaluating 'ethereum_ssz' ...
  got v0.10.3
  has 67 dependencies
Evaluating 'webauthn-attestation-ca' ...
  got v0.5.4
  has 45 dependencies
Evaluating 'bones_utils_macros' ...
  got v0.4.0
  has 6 dependencies
Evaluating 'lindera-fst' ...
  got v0.1.1
  has 4 dependencies
Evaluating 'concat-in-place' ...
  got v1.1.0
  has 0 dependencies
Evaluating 'apple-security-framework' ...
  got v2.9.2
  has 9 dependencies
Evaluating 'hostname-validator' ...
  got v1.1.1
  has 0 dependencies
Evaluating 'renderdoc' ...
  got v0.12.1
  has 9 dependencies
Evaluating 'libsecret' ...
  got v0.9.0
  has 78 dependencies
Evaluating 'mitmproxy' ...
  got v0.0.1
  has 0 dependencies
Evaluating 'appendlist' ...
  got v1.4.0
  has 0 dependencies
Evaluating 'mediatype' ...
  got v0.21.0
  has 0 dependencies
Evaluating 'cauchy' ...
  got v0.4.0
  has 19 dependencies
Evaluating 'datafusion-execution' ...
  got v53.1.0
  has 400 dependencies
Evaluating 'pgx-utils' ...
  got v0.6.1
  has 77 dependencies
Evaluating 'ip_network_table' ...
  got v0.2.0
  has 2 dependencies
Evaluating 'init' ...
  got v0.2.0
  has 9 dependencies
Evaluating 'wasmtime-versioned-export-macros' ...
  got v34.0.2
  has 8 dependencies
Evaluating 'icu_segmenter_data' ...
  got v2.2.0
  has 0 dependencies
Evaluating 'aws-sdk-dynamodb' ...
  got v1.111.0
  has 345 dependencies
Evaluating 'riff' ...
  got v2.0.0
  has 0 dependencies
Evaluating 'citationberg' ...
  got v0.6.1
  has 14 dependencies
Evaluating 'arrow-buffer' ...
  got v58.1.0
  has 20 dependencies
Evaluating 'candle-transformers' ...
  got v0.10.2
  has 305 dependencies
Evaluating 'axum-csp' ...
  got v0.0.10
  has 56 dependencies
Evaluating 'grid' ...
  got v1.0.1
  has 0 dependencies
Evaluating 'nanorpc-derive' ...
  got v0.1.6
  has 7 dependencies
Evaluating 'candle-core' ...
  got v0.10.2
  has 274 dependencies
Evaluating 'memory' ...
  got v1.1.3
  has 13 dependencies
Evaluating 'guppy-summaries' ...
  got v0.7.1
  has 26 dependencies
Evaluating 'arrow-array' ...
  got v58.1.0
  has 48 dependencies
Evaluating 'bevy_scene' ...
  got v0.18.1
  has 443 dependencies
Evaluating 'launch-pad' ...
  got v1.0.1
  has 47 dependencies
Evaluating 'wepoll-sys-stjepang' ...
  got v1.0.8
  has 4 dependencies
Evaluating 'pict-rs' ...
  got v0.5.23
  has 1204 dependencies
Evaluating 'hmac-sha1-compact' ...
  got v1.1.7
  has 0 dependencies
Evaluating 'cosmic-protocols' ...
  got v0.2.0
  has 45 dependencies
Evaluating 'icu_timezone_data' ...
  got v1.5.1
  has 0 dependencies
Evaluating 'icu_timezone' ...
  got v1.5.0
  has 67 dependencies
Evaluating 'fantoccini' ...
  got v0.22.1
  has 253 dependencies
Evaluating 'svix-ksuid' ...
  got v0.9.0
  has 11 dependencies
Evaluating 'core_maths' ...
  got v0.1.1
  has 1 dependencies
Evaluating 'typst-ide' ...
  got v0.14.2
  has 688 dependencies
Evaluating 'binstring' ...
  got v0.1.7
  has 0 dependencies
Evaluating 'cosmic-time' ...
  got v0.2.0
  has 507 dependencies
Evaluating 'icu_calendar' ...
  got v2.2.1
  has 72 dependencies
Evaluating 'debug-ignore' ...
  got v1.0.5
  has 0 dependencies
Evaluating 'serde-hex' ...
  got v0.1.0
  has 6 dependencies
Evaluating 'tiny-xlib' ...
  got v0.2.5
  has 7 dependencies
Evaluating 'cosmwasm-vm' ...
  got v3.0.5
  has 717 dependencies
Evaluating 'jwt-simple' ...
  got v0.12.15
  has 176 dependencies
Evaluating 'sshkey-attest' ...
  got v0.5.4
  has 236 dependencies
Evaluating 'cargo-workspaces' ...
  got v0.4.2
  has 746 dependencies
Evaluating 'kanidm-ldap-sync' ...
  got v1.7.4
  has 1570 dependencies
Evaluating 'libpulse-mainloop-glib-sys' ...
  got v1.22.0
  has 34 dependencies
Evaluating 'dyn-stack' ...
  got v0.13.2
  has 2 dependencies
Evaluating 'constgebra' ...
  got v0.1.4
  has 1 dependencies
Evaluating 'timedate-zbus' ...
  got v0.1.0
  has 206 dependencies
Evaluating 'smol-timeout' ...
  got v0.6.1
  has 19 dependencies
Evaluating 'const_soft_float' ...
  got v0.1.4
  has 0 dependencies
Evaluating 'revision-derive' ...
  got v0.17.1
  has 8 dependencies
Evaluating 'css-color' ...
  got v0.2.8
  has 0 dependencies
Evaluating 'ed25519-dalek-bip32' ...
  got v0.3.0
  has 41 dependencies
Evaluating 'decancer' ...
  got v3.3.3
  has 10 dependencies
Evaluating 'ip_network_table-deps-treebitmap' ...
  got v0.5.0
  has 0 dependencies
Evaluating 'option_set' ...
  got v0.4.0
  has 3 dependencies
Evaluating 'arrow-row' ...
  got v58.1.0
  has 53 dependencies
Evaluating 'pallet-collective-content' ...
  got v0.24.0
  has 951 dependencies
Evaluating 'http-auth-basic' ...
  got v0.3.7
  has 1 dependencies
Evaluating 'taffy' ...
  got v0.10.1
  has 5 dependencies
Evaluating 'arrow-string' ...
  got v58.1.0
  has 71 dependencies
Evaluating 'arrow-cast' ...
  got v58.1.0
  has 84 dependencies
Evaluating 'arrow-ipc' ...
  got v58.1.0
  has 64 dependencies
Evaluating 'arrow-arith' ...
  got v58.1.0
  has 54 dependencies
Evaluating 'arrow-ord' ...
  got v58.1.0
  has 59 dependencies
Evaluating 'arrow-select' ...
  got v58.1.0
  has 54 dependencies
Evaluating 'arrow-csv' ...
  got v58.1.0
  has 104 dependencies
Evaluating 'internet-packet' ...
  got v0.2.3
  has 0 dependencies
Evaluating 'typewit_proc_macros' ...
  got v1.8.1
  has 0 dependencies
Evaluating 'brotli2' ...
  got v0.3.2
  has 7 dependencies
Evaluating 'reborrow' ...
  got v0.5.5
  has 0 dependencies
Evaluating 'wayland-protocols-misc' ...
  got v0.3.12
  has 25 dependencies
Evaluating 'enum-repr' ...
  got v0.2.6
  has 8 dependencies
Evaluating 'typst-fmt' ...
  got v0.1.0
  has 25 dependencies
Evaluating 'icu_calendar_data' ...
  got v2.2.0
  has 0 dependencies
Evaluating 'arrow-schema' ...
  got v58.1.0
  has 0 dependencies
Evaluating 'smolscale' ...
  got v0.4.16
  has 138 dependencies
Evaluating 'libpulse-glib-binding' ...
  got v2.29.0
  has 58 dependencies
Evaluating 'fxprof-processed-profile' ...
  got v0.8.1
  has 20 dependencies
Evaluating 'reference-counted-singleton' ...
  got v0.1.5
  has 0 dependencies
Evaluating 'tokio-rusqlite' ...
  got v0.7.0
  has 16 dependencies
Evaluating 'poriborton' ...
  got v0.2.3
  has 18 dependencies
Evaluating 'candle-nn' ...
  got v0.10.2
  has 282 dependencies
Evaluating 'atomicell' ...
  got v0.2.0
  has 0 dependencies
Evaluating 'nanorpc' ...
  got v0.1.13
  has 42 dependencies
Evaluating 'paris' ...
  got v1.5.15
  has 0 dependencies
Evaluating 'nlp' ...
  got v0.1.1
  has 1 dependencies
Evaluating 'arrow-data' ...
  got v58.1.0
  has 25 dependencies
Evaluating 'sphinx' ...
  ! crate not resolved: error: the crate `sphinx` could not be found in registry index.
Evaluating 'cosmic-client-toolkit' ...
  got v0.2.0
  has 120 dependencies
Evaluating 'kanidm_utils_users' ...
  got v1.9.1
  has 1 dependencies
Evaluating 'input-sys' ...
  got v1.19.0
  has 0 dependencies
Evaluating 'encrypted-sled' ...
  got v0.2.0
  has 48 dependencies
Evaluating 'ffmpeg-decoder' ...
  got v0.1.3
  has 47 dependencies
Evaluating 'ecb' ...
  got v0.2.0
  has 8 dependencies
Evaluating 'smithay' ...
  got v0.7.0
  has 293 dependencies
Evaluating 'nextest-runner' ...
  got v0.114.0
  has 558 dependencies
Evaluating 'tinyvector' ...
  got v0.0.1
  has 361 dependencies
Evaluating 'hmac-sha512' ...
  got v1.1.12
  has 0 dependencies
Evaluating 'aide' ...
  got v0.15.1
  has 52 dependencies
Evaluating 'revision' ...
  got v0.17.1
  has 9 dependencies
Evaluating 'svix' ...
  got v1.92.2
  has 217 dependencies
Evaluating 'bevy_utils_proc_macros' ...
  got v0.15.3
  has 8 dependencies
Evaluating 'apple-security-framework-sys' ...
  got v2.9.1
  has 2 dependencies
Evaluating 'bevy_a11y' ...
  got v0.18.1
  has 141 dependencies
Evaluating 'quick_cache' ...
  got v0.6.21
  has 18 dependencies
Evaluating 'smithay-egui' ...
  got v0.2.0
  has 183 dependencies
Evaluating 'arrow-json' ...
  got v58.1.0
  has 106 dependencies
Evaluating 'ssz_types' ...
  got v0.14.1
  has 95 dependencies
Evaluating 'bones_utils' ...
  got v0.4.0
  has 55 dependencies
Evaluating 'rnote-fileformats' ...
  got v0.0.0
  has 0 dependencies
Evaluating 'mesalink' ...
  got v1.1.0-cratesio
  has 69 dependencies
Evaluating 'polars-parquet' ...
  got v0.53.0
  has 206 dependencies
Evaluating 'polars-ffi' ...
  got v0.53.0
  has 219 dependencies
Evaluating 'calendrical_calculations' ...
  got v0.2.4
  has 11 dependencies
Evaluating 'windows_quote' ...
  got v0.30.0
  has 0 dependencies
Evaluating 'emojicon' ...
  got v0.5.0
  has 0 dependencies
Evaluating 'windows_reader' ...
  got v0.31.0
  has 0 dependencies
Evaluating 'colorsys' ...
  got v0.7.3
  has 0 dependencies
Evaluating 'tss-esapi' ...
  got v7.7.0
  has 70 dependencies
Evaluating 'hickory-proto' ...
  got v0.26.0
  has 101 dependencies
Evaluating 'futures-ticker' ...
  got v0.0.3
  has 31 dependencies
Evaluating 'edid-rs' ...
  got v0.1.0
  has 0 dependencies
Evaluating 'topology' ...
  got v0.1.0
  has 0 dependencies
Evaluating 'bones_framework' ...
  got v0.4.0
  has 1377 dependencies
Evaluating 'safetensors' ...
  got v0.7.0
  has 21 dependencies
Evaluating 'brotli-sys' ...
  got v0.3.2
  has 5 dependencies
Evaluating 'kanidm_build_profiles' ...
  got v1.9.1
  has 327 dependencies
Evaluating 'reedline' ...
  got v0.47.0
  has 79 dependencies
Evaluating 'datafusion-optimizer' ...
  got v53.1.0
  has 273 dependencies
Evaluating 'hickory-resolver' ...
  got v0.26.0
  has 183 dependencies
Evaluating 'bitcoinconsensus' ...
  got v0.106.0+26.0
  has 4 dependencies
Evaluating 'tracing-awc' ...
  got v0.1.11
  has 195 dependencies
Evaluating 'wav' ...
  got v1.0.1
  has 1 dependencies
Evaluating 'libsecret-sys' ...
  got v0.9.0
  has 31 dependencies
Evaluating 'mbox' ...
  got v0.7.1
  has 2 dependencies
Evaluating 'windivert' ...
  got v0.6.0
  has 22 dependencies
Evaluating 'reqsign' ...
  got v0.20.0
  has 228 dependencies
Evaluating 'ethereum_hashing' ...
  got v0.8.0
  has 23 dependencies
Evaluating 'bevy_gizmos' ...
  got v0.18.1
  has 443 dependencies
Evaluating 'wasmtime-wmemcheck' ...
  got v34.0.2
  has 0 dependencies
Evaluating 'selinux-sys' ...
  got v0.7.0
  has 40 dependencies
Evaluating 'surrealdb-jsonwebtoken' ...
  got v8.3.0-surreal.1
  has 51 dependencies
Evaluating 'derivation-path' ...
  got v0.2.0
  has 0 dependencies
Evaluating 'axum-auth' ...
  got v0.8.1
  has 22 dependencies
Evaluating 'version-checker' ...
  ! crate not resolved: error: failed to select a version for the requirement `cargo_toml = "^0.8.1"`
Evaluating 'selinux' ...
  got v0.6.1
  has 58 dependencies
Evaluating 'wasm-pack' ...
  got v0.14.0
  has 339 dependencies
Evaluating 'bb8-redis' ...
  got v0.26.0
  has 131 dependencies
Evaluating 'shiftnanigans' ...
  got v0.3.5
  has 11 dependencies
Evaluating 'mime-sniffer' ...
  got v0.1.3
  has 75 dependencies
Evaluating 'keyframe' ...
  got v1.1.1
  has 5 dependencies
Evaluating 'aide-macros' ...
  got v0.15.0
  has 20 dependencies
Evaluating 'usb-ids' ...
  got v1.2025.2
  has 18 dependencies
Evaluating 'tss-esapi-sys' ...
  got v0.6.0
  has 3 dependencies
Evaluating 'enum_to_u8_slice_derive' ...
  got v0.2.0
  has 8 dependencies
Evaluating 'egui_plot' ...
  got v0.35.0
  has 71 dependencies
Evaluating 'layout-rs' ...
  got v0.1.3
  has 0 dependencies
Evaluating 'icon-loader' ...
  got v0.4.1
  has 25 dependencies
Evaluating 'ethereum_serde_utils' ...
  got v0.8.0
  has 59 dependencies
Evaluating 'base-encode' ...
  got v0.3.1
  has 0 dependencies
Evaluating 'icu_properties_data' ...
  got v2.2.0
  has 0 dependencies
Evaluating 'ssz_rs' ...
  got v0.9.0
  has 44 dependencies
Evaluating 'is_elevated' ...
  got v0.1.2
  has 1 dependencies
Evaluating 'okkhor' ...
  got v0.8.2
  has 0 dependencies
Evaluating 'nohash' ...
  got v0.2.0
  has 0 dependencies
Evaluating 'bones_schema_macros' ...
  got v0.4.0
  has 7 dependencies
Evaluating 'tree-sitter-highlight' ...
  got v0.26.8
  has 37 dependencies
Evaluating 'storage-path-generator' ...
  got v0.1.1
  has 0 dependencies
Evaluating 'cap-net-ext' ...
  got v4.0.2
  has 23 dependencies
Evaluating 'oclif' ...
  got v0.4.0
  has 6 dependencies
Evaluating 'ark-bls12-377-ext' ...
  got v0.5.2
  has 106 dependencies
Evaluating 'datafusion-physical-plan' ...
  got v53.1.0
  has 470 dependencies
Evaluating 'lingua-nynorsk-language-model' ...
  got v1.3.0
  has 6 dependencies
Evaluating 'modit' ...
  got v0.1.5
  has 1 dependencies
Evaluating 'ark-ed-on-bls12-377-ext' ...
  got v0.5.2
  has 110 dependencies
Evaluating 'spade-types' ...
  got v0.16.0
  has 81 dependencies
Evaluating 'spade-hir' ...
  got v0.16.0
  has 103 dependencies
Evaluating 'wit-smith' ...
  got v0.247.0
  has 60 dependencies
Evaluating 'divan' ...
  got v0.1.21
  has 21 dependencies
Evaluating 'unicode_names2_generator' ...
  got v2.0.0
  has 16 dependencies
Evaluating 'rcon' ...
  got v0.6.0
  has 30 dependencies
Evaluating 'spade-macros' ...
  got v0.16.0
  has 8 dependencies
Evaluating 'frame' ...
  got v0.1.5
  has 178 dependencies
Evaluating 'pallet-mixnet' ...
  got v0.22.0
  has 1011 dependencies
Evaluating 'ark-ed-on-bls12-381-bandersnatch-ext' ...
  got v0.5.2
  has 111 dependencies
Evaluating 'libzfs-sys' ...
  got v0.5.11
  has 58 dependencies
Evaluating 'icu_collator_data' ...
  got v2.2.0
  has 0 dependencies
Evaluating 'mas-tower' ...
  got v0.11.0
  has 151 dependencies
Evaluating 'salut' ...
  ! crate not resolved: error: the crate `salut` could not be found in registry index.
Evaluating 'bitfield-struct' ...
  got v0.13.0
  has 8 dependencies
Evaluating 'mukti-metadata' ...
  got v0.3.0
  has 23 dependencies
Evaluating 'schemafy' ...
  got v0.6.0
  has 54 dependencies
Evaluating 'icu_datetime' ...
  got v2.2.0
  has 119 dependencies
Evaluating 'oauth2-types' ...
  got v0.11.0
  has 293 dependencies
Evaluating 'pallet-example-frame-crate' ...
  got v0.0.0
  has 0 dependencies
Evaluating 'sp-mixnet' ...
  got v0.19.0
  has 777 dependencies
Evaluating 'bridge-hub-westend-runtime' ...
  got v0.23.0
  has 3040 dependencies
Evaluating 'fsrs' ...
  got v5.2.0
  has 383 dependencies
Evaluating 'mas-oidc-client' ...
  got v0.11.0
  has 541 dependencies
Evaluating 'malachite-bigint' ...
  got v0.9.1
  has 21 dependencies
Evaluating 'collectives-westend-runtime' ...
  got v26.0.0
  has 2002 dependencies
Evaluating 'chain-spec-builder' ...
  ! crate not resolved: error: failed to select a version for the requirement `platforms = "^0.2.1"`
Evaluating 'typst-pdf' ...
  got v0.14.2
  has 628 dependencies
Evaluating 'hubpack_derive' ...
  got v0.1.1
  has 8 dependencies
Evaluating 'keyed_priority_queue' ...
  got v0.4.2
  has 3 dependencies
Evaluating 'quartz_nbt_macros' ...
  got v0.1.1
  has 8 dependencies
Evaluating 'icu_decimal' ...
  got v2.2.0
  has 71 dependencies
Evaluating 'node-inspect' ...
  ! crate not resolved: error: failed to select a version for the requirement `aes-soft = "^0.4"`
Evaluating 'gemm-f32' ...
  got v0.19.0
  has 42 dependencies
Evaluating 'cactus' ...
  got v1.0.7
  has 0 dependencies
Evaluating 'lingua-bokmal-language-model' ...
  got v1.3.0
  has 6 dependencies
Evaluating 'wmi' ...
  got v0.18.4
  has 0 dependencies
Evaluating 'spade-hir-lowering' ...
  got v0.16.0
  has 167 dependencies
Evaluating 'xdg-mime' ...
  got v0.4.0
  has 10 dependencies
Evaluating 'range_map_vec' ...
  got v0.2.0
  has 0 dependencies
Evaluating 'iron-cors' ...
  got v0.8.0
  has 79 dependencies
Evaluating 'actix-web-prometheus' ...
  got v0.1.2
  has 257 dependencies
Evaluating 'testnets-common' ...
  got v2.0.0
  has 1606 dependencies
Evaluating 'bp-polkadot-bulletin' ...
  got v0.23.0
  has 984 dependencies
Evaluating 'two-face' ...
  got v0.5.1
  has 41 dependencies
Evaluating 'minecraft-protocol' ...
  got v0.1.0
  has 73 dependencies
Evaluating 'bp-asset-hub-rococo' ...
  got v0.24.0
  has 1582 dependencies
Evaluating 'lingua-persian-language-model' ...
  got v1.3.0
  has 6 dependencies
Evaluating 'proxy-protocol' ...
  got v0.5.0
  has 12 dependencies
Evaluating 'graph-http' ...
  got v3.0.0
  has 492 dependencies
Evaluating 'framework_tool' ...
  got v0.6.2
  has 232 dependencies
Evaluating 'minimal-runtime' ...
  ! crate not resolved: error: the crate `minimal-runtime` could not be found in registry index.
Evaluating 'neovim-lib' ...
  got v0.6.1
  has 15 dependencies
Evaluating 'spade-typeinference' ...
  got v0.16.0
  has 129 dependencies
Evaluating 'wabt' ...
  got v0.10.0
  has 23 dependencies
Evaluating 'wabt-sys' ...
  got v0.8.0
  has 6 dependencies
Evaluating 'mixnet' ...
  got v0.7.0
  has 92 dependencies
Evaluating 'cargo-llvm-cov' ...
  got v0.8.5
  has 76 dependencies
Evaluating 'tracing-loki' ...
  got v0.2.6
  has 256 dependencies
Evaluating 'wabt' ...
  got v0.10.0
  has 23 dependencies
Evaluating 'cargo-llvm-cov' ...
  got v0.8.5
  has 76 dependencies
Evaluating 'mixnet' ...
  got v0.7.0
  has 92 dependencies
Evaluating 'tracing-loki' ...
  got v0.2.6
  has 256 dependencies
Evaluating 'write16' ...
  got v1.0.0
  has 0 dependencies
Evaluating 'conpty' ...
  got v0.7.0
  has 7 dependencies
Evaluating 'uefi-macros' ...
  got v0.19.0
  has 8 dependencies
Evaluating 'spade-ast-lowering' ...
  got v0.16.0
  has 140 dependencies
Evaluating 'ark-bw6-761-ext' ...
  got v0.5.2
  has 110 dependencies
Evaluating 'spade-ast' ...
  got v0.16.0
  has 80 dependencies
Evaluating 'simple-mermaid' ...
  got v0.2.0
  has 0 dependencies
Evaluating 'staging-chain-spec-builder' ...
  ! crate not resolved: error: failed to select a version for the requirement `core2 = "^0.4.0"`
Evaluating 'enum-ordinalize-derive' ...
  got v4.3.2
  has 8 dependencies
Evaluating 'gemm-f32' ...
  got v0.19.0
  has 42 dependencies
Evaluating 'aws-sdk-ssooidc' ...
  got v1.100.0
  has 345 dependencies
Evaluating 'enable-ansi-support' ...
  got v0.3.1
  has 0 dependencies
Evaluating 'libzfs' ...
  got v0.6.16
  has 78 dependencies
Evaluating 'cyme' ...
  got v2.3.0
  has 194 dependencies
Evaluating 'gemm-c64' ...
  got v0.19.0
  has 42 dependencies
Evaluating 'modit' ...
  got v0.1.5
  has 1 dependencies
Evaluating 'spade-types' ...
  got v0.16.0
  has 81 dependencies
Evaluating 'divan' ...
  got v0.1.21
  has 21 dependencies
Evaluating 'derefable' ...
  got v0.1.0
  has 8 dependencies
Evaluating 'rcon' ...
  got v0.6.0
  has 30 dependencies
Evaluating 'sp-finality-grandpa' ...
  got v16.0.0
  has 843 dependencies
Evaluating 'frame' ...
  got v0.1.5
  has 178 dependencies
Evaluating 'uzers' ...
  got v0.12.2
  has 2 dependencies
Evaluating 'gemm' ...
  got v0.19.0
  has 104 dependencies
Evaluating 'mas-iana' ...
  got v0.11.0
  has 105 dependencies
Evaluating 'numeric-sort' ...
  got v0.1.5
  has 0 dependencies
Evaluating 'spade-diagnostics' ...
  got v0.16.0
  has 81 dependencies
Evaluating 'typed-builder-macro' ...
  got v0.23.2
  has 8 dependencies
Evaluating 'lingua-bokmal-language-model' ...
  got v1.3.0
  has 6 dependencies
Evaluating 'nextest-filtering' ...
  got v0.21.0
  has 107 dependencies
Evaluating 'actix-web-rust-embed-responder' ...
  got v2.3.0
  has 393 dependencies
Evaluating 'node-executor' ...
  got v2.0.0
  has 1659 dependencies
Evaluating 'sparsevec' ...
  got v0.2.2
  has 7 dependencies
Evaluating 'bridge-hub-westend-runtime' ...
  got v0.23.0
  has 3040 dependencies
Evaluating 'schemafy' ...
  got v0.6.0
  has 54 dependencies
Evaluating 'icu_datetime' ...
  got v2.2.0
  has 119 dependencies
Evaluating 'cloudevents-sdk' ...
  got v0.9.0
  has 112 dependencies
Evaluating 'suppaftp' ...
  got v8.0.3
  has 38 dependencies
Evaluating 'oauth2-types' ...
  got v0.11.0
  has 293 dependencies
Evaluating 'mas-oidc-client' ...
  got v0.11.0
  has 541 dependencies
Evaluating 'gemini' ...
  got v0.0.5
  has 96 dependencies
Evaluating 'base85rs' ...
  got v0.1.3
  has 0 dependencies
Evaluating 'expectrl' ...
  got v0.8.0
  has 19 dependencies
Evaluating 'hubpack_derive' ...
  got v0.1.1
  has 8 dependencies
Evaluating 'typst-render' ...
  got v0.14.2
  has 589 dependencies
Evaluating 'pulp' ...
  got v0.22.2
  has 15 dependencies
Evaluating 'solana-logger' ...
  got v3.0.0
  has 32 dependencies
Evaluating 'keyed_priority_queue' ...
  got v0.4.2
  has 3 dependencies
Evaluating 'typst-preview' ...
  got v0.11.7
  has 1339 dependencies
Evaluating 'libzfs-types' ...
  got v0.1.2
  has 11 dependencies
Evaluating 'utf16_iter' ...
  got v1.0.5
  has 0 dependencies
Evaluating 'systemicons' ...
  got v0.9.13
  has 202 dependencies
Evaluating 'divan-macros' ...
  got v0.1.21
  has 8 dependencies
Evaluating 'vob' ...
  got v3.0.6
  has 3 dependencies
Evaluating 'mockall_double' ...
  got v0.3.1
  has 9 dependencies
Evaluating 'archiver-rs' ...
  got v0.5.1
  has 47 dependencies
Evaluating 'spade-common' ...
  got v0.16.0
  has 77 dependencies
Evaluating 'std-semaphore' ...
  got v0.1.0
  has 0 dependencies
Evaluating 'pkcs5' ...
  got v0.8.0
  has 4 dependencies
Evaluating 'icu_relativetime_data' ...
  got v1.4.0
  has 0 dependencies
Evaluating 'packedvec' ...
  got v1.2.5
  has 3 dependencies
Evaluating 'passt' ...
  got v0.4.0
  has 0 dependencies
Evaluating 'ark-bls12-381-ext' ...
  got v0.5.2
  has 108 dependencies
Evaluating 'block-cipher' ...
  got v0.99.99
  has 0 dependencies
Evaluating 'gemm-f16' ...
  got v0.19.0
  has 71 dependencies
Evaluating 'icu_relativetime' ...
  got v0.1.4
  has 80 dependencies
Evaluating 'gemm-common' ...
  got v0.19.0
  has 54 dependencies
Evaluating 'ucd' ...
  got v0.1.1
  has 0 dependencies
Evaluating 'json-deserializer' ...
  got v0.4.4
  has 0 dependencies
Evaluating 'sprintf' ...
  got v0.4.3
  has 10 dependencies
Evaluating 'igvm_defs' ...
  got v0.4.0
  has 20 dependencies
Evaluating 'ndarray-rand' ...
  got v0.16.0
  has 26 dependencies
Evaluating 'typst-ts-compiler' ...
  ! crate not resolved: error: failed to select a version for the requirement `typst = "^0.5.0"`
Evaluating 'sp-mixnet' ...
  got v0.19.0
  has 777 dependencies
Evaluating 'icu' ...
  got v2.2.0
  has 180 dependencies
Evaluating 'spade-typeinference' ...
  got v0.16.0
  has 129 dependencies
Evaluating 'actix-web-opentelemetry' ...
  got v0.22.0
  has 250 dependencies
Evaluating 'icu_compactdecimal_data' ...
  got v1.4.0
  has 0 dependencies
Evaluating 'emulated-integration-tests-common' ...
  ! crate not resolved: error: failed to select a version for the requirement `core2 = "^0.4.0"`
Evaluating 'tui-react' ...
  got v0.24.0
  has 84 dependencies
Evaluating 'blkid' ...
  got v1.0.1
  has 62 dependencies
Evaluating 'solana-frozen-abi' ...
  got v3.3.0
  has 106 dependencies
Evaluating 'pam-client' ...
  got v0.5.0
  has 55 dependencies
Evaluating 'gemm-c32' ...
  got v0.19.0
  has 42 dependencies
Evaluating 'uniffi_testing' ...
  got v0.31.1
  has 34 dependencies
Evaluating 'staging-parachain-info' ...
  got v0.26.0
  has 1001 dependencies
Evaluating 'loki-api' ...
  got v0.1.3
  has 16 dependencies
Evaluating 'pg-embed' ...
  got v1.0.0
  has 521 dependencies
Evaluating 'nesty' ...
  got v0.2.0
  has 0 dependencies
Evaluating 'quartz_nbt' ...
  got v0.2.9
  has 18 dependencies
Evaluating 'ucs2' ...
  got v0.3.3
  has 1 dependencies
Evaluating 'redox_hwio' ...
  got v0.1.6
  has 1 dependencies
Evaluating 'icu_unicodeset_parse' ...
  got v0.1.2
  has 61 dependencies
Evaluating 'igvm' ...
  got v0.4.0
  has 42 dependencies
Evaluating 'solana-program' ...
  got v4.0.0
  has 335 dependencies
Evaluating 'icu_decimal' ...
  got v2.2.0
  has 71 dependencies
Evaluating 'ini' ...
  got v1.3.0
  has 1 dependencies
Evaluating 'x25519-dalek-ng' ...
  got v1.1.1
  has 31 dependencies
Evaluating 'hubpack' ...
  got v0.1.2
  has 11 dependencies
Evaluating 'asset-hub-rococo-runtime' ...
  got v0.32.0
  has 2670 dependencies
Evaluating 'typst-svg' ...
  got v0.14.2
  has 579 dependencies
Evaluating 'wayland-protocols-plasma' ...
  got v0.3.12
  has 25 dependencies
Evaluating 'smbios-lib' ...
  got v0.9.2
  has 18 dependencies
Evaluating 'cosmic_undo_2' ...
  got v0.2.0
  has 22 dependencies
Evaluating 'bp-bridge-hub-westend' ...
  got v0.24.0
  has 1569 dependencies
Evaluating 'icu_displaynames' ...
  got v0.11.2
  has 60 dependencies
Evaluating 'glutton-westend-runtime' ...
  got v24.0.0
  has 1772 dependencies
Evaluating 'staging-node-inspect' ...
  ! crate not resolved: error: failed to select a version for the requirement `core2 = "^0.4.0"`
Evaluating 'icu_decimal_data' ...
  got v2.2.0
  has 0 dependencies
Evaluating 'spade-parser' ...
  got v0.16.0
  has 108 dependencies
Evaluating 'framework_lib' ...
  got v0.6.2
  has 211 dependencies
Evaluating 'atomic-write-file' ...
  got v0.3.0
  has 15 dependencies
Evaluating 'rust-embed-for-web-impl' ...
  got v11.3.0
  has 46 dependencies
Evaluating 'diesel_cli' ...
  got v2.3.8
  has 232 dependencies
Evaluating 'vcd' ...
  got v0.7.0
  has 0 dependencies
Evaluating 'named-binary-tag' ...
  got v0.6.0
  has 8 dependencies
Evaluating 'perthread' ...
  got v0.1.3
  has 0 dependencies
Evaluating 'rs-snowflake' ...
  got v0.6.0
  has 0 dependencies
Evaluating 'linter' ...
  got v0.1.0
  has 0 dependencies
Evaluating 'keytar-sys' ...
  got v0.1.6
  has 35 dependencies
Evaluating 'lingua-persian-language-model' ...
  got v1.3.0
  has 6 dependencies
Evaluating 'icu_normalizer' ...
  got v2.2.0
  has 57 dependencies
Evaluating 'svgdom' ...
  got v0.18.0
  has 11 dependencies
Evaluating 'num-conv' ...
  got v0.2.1
  has 0 dependencies
Evaluating 'atoi_simd' ...
  got v0.18.1
  has 2 dependencies
Evaluating 'bp-westend' ...
  got v0.22.0
  has 979 dependencies
Evaluating 'graph-rs-sdk' ...
  got v3.0.1
  has 542 dependencies
Evaluating 'actix-server-config' ...
  got v0.2.0
  has 56 dependencies
Evaluating 'ark-models-ext' ...
  got v0.5.2
  has 98 dependencies
Evaluating 'highlighter' ...
  got v0.1.1-alpha
  has 14 dependencies
Evaluating 'sc-mixnet' ...
  ! crate not resolved: error: failed to select a version for the requirement `core2 = "^0.4.0"`
Evaluating 'pallet-contracts-mock-network' ...
  got v24.0.0
  has 1369 dependencies
Evaluating 'graph-error' ...
  got v1.0.0
  has 372 dependencies
Evaluating 'unescaper' ...
  got v0.1.8
  has 10 dependencies
Evaluating 'schemafy_core' ...
  got v0.6.0
  has 16 dependencies
Evaluating 'mas-jose' ...
  got v0.11.0
  has 277 dependencies
Evaluating 'as_variant' ...
  got v1.3.0
  has 0 dependencies
Evaluating 'gemm-f64' ...
  got v0.19.0
  has 42 dependencies
Evaluating 'greetd_ipc' ...
  got v0.10.3
  has 16 dependencies
Evaluating 'faststr' ...
  got v0.2.34
  has 2 dependencies
Evaluating 'rustc_plugin' ...
  got v0.5.35
  has 27 dependencies
Evaluating 'compound_duration' ...
  got v2.0.0
  has 0 dependencies
Evaluating 'rust-embed-for-web' ...
  got v11.3.0
  has 66 dependencies
Evaluating 'solana-frozen-abi-macro' ...
  got v3.3.0
  has 8 dependencies
Evaluating 'cargo-config2' ...
  got v0.1.44
  has 20 dependencies
Evaluating 'rustpython-parser-vendored' ...
  got v0.4.0
  has 2 dependencies
Evaluating 'mas-keystore' ...
  got v0.11.0
  has 339 dependencies
Evaluating 'icu_casemap' ...
  got v2.2.0
  has 69 dependencies
Evaluating 'lcov2cobertura' ...
  got v1.0.9
  has 13 dependencies
Evaluating 'uefi' ...
  got v0.37.0
  has 23 dependencies
Evaluating 'icu_displaynames_data' ...
  got v1.4.0
  has 0 dependencies
Evaluating 'svgparser' ...
  got v0.8.1
  has 32 dependencies
Evaluating 'schemafy_lib' ...
  got v0.6.0
  has 42 dependencies
Evaluating 'freedesktop_entry_parser' ...
  got v2.0.1
  has 5 dependencies
Evaluating 'icu_plurals' ...
  got v2.2.0
  has 68 dependencies
Evaluating 'fixed_decimal' ...
  got v0.7.2
  has 11 dependencies
Evaluating 'icu_collator' ...
  got v2.2.0
  has 86 dependencies
Evaluating 'open-enum-derive' ...
  got v0.5.2
  has 8 dependencies
Evaluating 'quartz_nbt_macros' ...
  got v0.1.1
  has 8 dependencies
Evaluating 'nanohtml2text' ...
  got v0.2.1
  has 0 dependencies
Evaluating 'collectives-westend-runtime' ...
  got v26.0.0
  has 2002 dependencies
Evaluating 'chain-spec-builder' ...
  ! crate not resolved: error: failed to select a version for the requirement `platforms = "^0.2.1"`
Evaluating 'cactus' ...
  got v1.0.7
  has 0 dependencies
Evaluating 'lrlex' ...
  got v0.14.1
  has 89 dependencies
Evaluating 'lrpar' ...
  got v0.14.1
  has 74 dependencies
Evaluating 'nextest-metadata' ...
  got v0.14.1
  has 29 dependencies
Evaluating 'stats_traits' ...
  got v0.1.0
  has 3 dependencies
Evaluating 'typst-ts-svg-exporter' ...
  got v0.5.0-rc6
  has 659 dependencies
Evaluating 'factory' ...
  got v0.1.2
  has 0 dependencies
Evaluating 'svgcleaner' ...
  got v0.9.5
  has 37 dependencies
Evaluating 'iron-cors' ...
  got v0.8.0
  has 79 dependencies
Evaluating 'test_utils' ...
  got v0.4.0
  has 330 dependencies
Evaluating 'pathsearch' ...
  got v0.2.0
  has 2 dependencies
Evaluating 'lzss' ...
  got v0.9.1
  has 1 dependencies
Evaluating 'pallet-skip-feeless-payment' ...
  got v21.0.0
  has 908 dependencies
Evaluating 'staging-node-cli' ...
  got v0.0.0
  has 0 dependencies
Evaluating 'nvpair-sys' ...
  got v0.4.0
  has 0 dependencies
Evaluating 'icu_casemap_data' ...
  got v2.2.0
  has 0 dependencies
Evaluating 'condtype' ...
  got v1.3.0
  has 0 dependencies
Evaluating 'open-enum' ...
  got v0.5.2
  has 9 dependencies
Evaluating 'simple-http-server' ...
  got v0.8.0
  has 139 dependencies
Evaluating 'mas-http' ...
  got v0.11.0
  has 211 dependencies
Evaluating 'desmume-rs' ...
  got v0.1.3
  has 24 dependencies
Evaluating 'icu_normalizer_data' ...
  got v2.2.0
  has 0 dependencies
Evaluating 'local-impl' ...
  got v0.1.2
  has 8 dependencies
Evaluating 'icu_transliterate' ...
  got v0.1.2
  has 84 dependencies
Evaluating 'icu_plurals_data' ...
  got v2.2.0
  has 0 dependencies
Evaluating 'keytar' ...
  got v0.1.6
  has 36 dependencies
Evaluating 'spl-memo' ...
  got v6.0.0
  has 31 dependencies
Evaluating 'target' ...
  got v2.1.0
  has 0 dependencies
Evaluating 'staging-node-executor' ...
  got v0.0.0
  has 0 dependencies
Evaluating 'isatty' ...
  got v0.2.0
  has 0 dependencies
Evaluating 'percentage' ...
  got v0.1.0
  has 26 dependencies
Evaluating 'hover' ...
  got v0.1.0
  has 0 dependencies
Evaluating 'coverall' ...
  got v0.12.0
  has 103 dependencies
Evaluating 'path_abs' ...
  got v0.5.1
  has 13 dependencies
Evaluating 'proc_macro_test' ...
  got v0.1.5
  has 7 dependencies
Evaluating 'futures-channel-preview' ...
  got v0.2.2
  has 2 dependencies
Evaluating 'completion' ...
  got v0.2.1
  has 20 dependencies
Evaluating 'atom' ...
  got v0.4.0
  has 0 dependencies
Evaluating 'win32job' ...
  got v2.0.3
  has 36 dependencies
Evaluating 'run' ...
  got v0.5.1
  has 70 dependencies
Evaluating 'solana-version' ...
  got v3.1.14
  has 73 dependencies
Evaluating 'clippy_config' ...
  got v0.0.1
  has 6 dependencies
Evaluating 'target-spec-miette' ...
  got v0.4.6
  has 19 dependencies
Evaluating 'pls' ...
  got v0.2.3
  has 1 dependencies
Evaluating 'solana-address-lookup-table-program' ...
  got v2.2.20
  has 503 dependencies
Evaluating 'sea-orm-cli' ...
  got v1.1.20
  has 554 dependencies
Evaluating 'recursion' ...
  got v0.5.4
  has 0 dependencies
Evaluating 'libp2p-dcutr' ...
  got v0.14.1
  has 265 dependencies
Evaluating 'uriparse' ...
  got v0.6.4
  has 2 dependencies
Evaluating 'solana-config-program' ...
  got v2.2.20
  has 477 dependencies
Evaluating 'libp2p-relay' ...
  got v0.21.1
  has 267 dependencies
Evaluating 'zoneinfo_compiled' ...
  got v0.5.1
  has 3 dependencies
Evaluating 'clircle' ...
  got v0.6.1
  has 12 dependencies
Evaluating 'solana-client' ...
  got v3.1.14
  has 1518 dependencies
Evaluating 'locale' ...
  got v0.2.2
  has 1 dependencies
Evaluating 'spfunc' ...
  got v0.1.3
  has 22 dependencies
Evaluating 'node' ...
  got v0.0.1-pre.1
  has 0 dependencies
Evaluating 'exprs' ...
  got v0.1.1
  has 0 dependencies
Evaluating 'tdigest' ...
  got v0.2.3
  has 4 dependencies
Evaluating 'jpegxl-src' ...
  got v0.11.4
  has 4 dependencies
Evaluating 'elfcat' ...
  got v0.1.10
  has 0 dependencies
Evaluating 'std_prelude' ...
  got v0.2.12
  has 0 dependencies
Evaluating 'term_grid' ...
  got v0.2.0
  has 1 dependencies
Evaluating 'solana-metrics' ...
  got v3.1.14
  has 260 dependencies
Evaluating 'spl-token-2022' ...
  got v10.0.0
  has 497 dependencies
Evaluating 'spl-associated-token-account' ...
  got v8.0.0
  has 416 dependencies
Evaluating 'substrate' ...
  got v0.1.0
  has 0 dependencies
Evaluating 'racer-testutils' ...
  got v0.1.0
  has 69 dependencies
Evaluating 'rename' ...
  got v0.1.1
  has 7 dependencies
Evaluating 'libesedb-sys' ...
  got v0.2.1
  has 22 dependencies
Evaluating 'libesedb' ...
  got v0.2.7
  has 33 dependencies
Evaluating 'hyperloglogplusplus' ...
  got v0.1.0
  has 0 dependencies
Evaluating 'stb_truetype' ...
  got v0.3.1
  has 1 dependencies
Evaluating 'add-one' ...
  got v1.0.0
  has 0 dependencies
Evaluating 'idna_adapter' ...
  got v1.2.2
  has 62 dependencies
Evaluating 'solana-sdk' ...
  got v4.0.1
  has 530 dependencies
Evaluating 'lexiclean' ...
  got v0.0.1
  has 0 dependencies
Evaluating 'sea-schema-derive' ...
  got v0.3.0
  has 9 dependencies
Evaluating 'jpegxl-rs' ...
  got v0.14.0+libjxl-0.11.2
  has 52 dependencies
Evaluating 'reformat' ...
  got v0.1.6
  has 109 dependencies
Evaluating 'multiparty' ...
  got v0.1.0
  has 1 dependencies
Evaluating 'solana-transaction-status' ...
  got v3.1.14
  has 717 dependencies
Evaluating 'solana-vote-program' ...
  got v3.1.14
  has 718 dependencies
Evaluating 'uddsketch' ...
  got v0.0.1
  has 0 dependencies
Evaluating 'encodings' ...
  got v0.1.0
  has 0 dependencies
Evaluating 'bugreport' ...
  got v0.6.0
  has 22 dependencies
Evaluating 'jpegxl-sys' ...
  got v0.12.1+libjxl-0.11.2
  has 2 dependencies
Evaluating 'just' ...
  got v1.50.0
  has 149 dependencies
Evaluating 'solana-program-runtime' ...
  got v3.1.14
  has 341 dependencies
Evaluating 'solana-perf' ...
  got v3.1.14
  has 552 dependencies
Evaluating 'future-queue' ...
  got v0.4.0
  has 8 dependencies
Evaluating 'solana-zk-token-sdk' ...
  got v3.1.14
  has 167 dependencies
Evaluating 'tree-sitter-loader' ...
  got v0.26.8
  has 79 dependencies
Evaluating 'asap' ...
  got v0.12.0
  has 260 dependencies
Evaluating 'sea-schema' ...
  got v0.16.2
  has 50 dependencies
Evaluating 'tree-sitter-tags' ...
  got v0.26.8
  has 38 dependencies
Evaluating 'uniffi-example-custom-types' ...
  got v1.1.0
  has 0 dependencies
Evaluating 'solana-streamer' ...
  got v3.1.14
  has 830 dependencies
Evaluating 'spl-token' ...
  got v9.0.0
  has 189 dependencies
Evaluating 'solana-clap-utils' ...
  got v3.1.14
  has 390 dependencies
Evaluating 'bcder' ...
  got v0.7.6
  has 2 dependencies
Evaluating 'solana-account-decoder' ...
  got v3.1.14
  has 571 dependencies
Evaluating 'solana-net-utils' ...
  got v3.1.14
  has 141 dependencies
Evaluating 'sea-orm-migration' ...
  got v1.1.20
  has 245 dependencies
Evaluating 'solana-remote-wallet' ...
  got v3.1.14
  has 124 dependencies
Evaluating 'solana-measure' ...
  got v3.1.14
  has 0 dependencies
Evaluating 'solana-rayon-threadlimit' ...
  got v3.1.14
  has 3 dependencies
Evaluating 'ark-r1cs-std' ...
  got v0.6.0
  has 122 dependencies
Evaluating 'array-macro' ...
  got v2.1.8
  has 0 dependencies
Evaluating 'beefy-gadget' ...
  ! crate not resolved: error: failed to select a version for the requirement `core2 = "^0.4.0"`
Evaluating 'cargo-tarpaulin' ...
  got v0.35.4
  has 424 dependencies
Evaluating 'exa' ...
  got v0.10.1
  has 125 dependencies
Evaluating 'jsonrpsee-http-server' ...
  got v0.15.1
  has 154 dependencies
Evaluating 'alloc_counter_macro' ...
  got v0.0.2
  has 8 dependencies
Evaluating 'symlink' ...
  got v0.1.0
  has 0 dependencies
Evaluating 'pgx-pg-config' ...
  got v0.7.4
  has 110 dependencies
Evaluating 'executable-path' ...
  got v1.0.1
  has 0 dependencies
Evaluating 'ra_ap_paths' ...
  got v0.0.330
  has 1 dependencies
Evaluating 'ra_ap_text_edit' ...
  got v0.0.241
  has 3 dependencies
Evaluating 'ra_ap_stdx' ...
  got v0.0.330
  has 11 dependencies
Evaluating 'ra_ap_parser' ...
  got v0.0.330
  has 12 dependencies
Evaluating 'ra_ap_tt' ...
  got v0.0.330
  has 87 dependencies
Evaluating 'ra_ap_profile' ...
  got v0.0.330
  has 6 dependencies
Evaluating 'ra_ap_mbe' ...
  got v0.0.330
  has 145 dependencies
Evaluating 'ra_ap_syntax' ...
  got v0.0.330
  has 38 dependencies
Evaluating 'reexport-proc-macro' ...
  got v1.0.7
  has 0 dependencies
Evaluating 'eager' ...
  got v0.1.0
  has 0 dependencies
Evaluating 'solana-cli-config' ...
  got v3.1.14
  has 404 dependencies
Evaluating 'systemstat' ...
  got v0.2.6
  has 12 dependencies
Evaluating 'pgx-macros' ...
  got v0.7.4
  has 23 dependencies
Evaluating 'lindera-filter' ...
  got v0.32.3
  has 150 dependencies
Evaluating 'irc-proto' ...
  got v1.1.0
  has 19 dependencies
Evaluating 'pgx-tests' ...
  got v0.7.4
  has 376 dependencies
Evaluating 'ark-relations' ...
  got v0.6.0
  has 81 dependencies
Evaluating 'xsalsa20poly1305' ...
  got v0.9.1
  has 26 dependencies
Evaluating 'ark-algebra-test-templates' ...
  got v0.6.0
  has 104 dependencies
Evaluating 'parachain-info' ...
  ! crate not resolved: error: the crate `parachain-info` could not be found in registry index.
Evaluating 'cl-sys' ...
  got v0.4.3
  has 1 dependencies
Evaluating 'pgx' ...
  got v0.7.4
  has 230 dependencies
Evaluating 'y' ...
  got v0.1.0
  has 0 dependencies
Evaluating 'deno' ...
  got v2.7.13
  has 3736 dependencies
Evaluating 'poll_token_derive' ...
  got v0.1.0
  has 8 dependencies
Evaluating 'timebomb' ...
  got v0.1.2
  has 10 dependencies
Evaluating 'hexf' ...
  got v0.2.1
  has 7 dependencies
Evaluating 'beefy-gadget-rpc' ...
  ! crate not resolved: error: failed to select a version for the requirement `core2 = "^0.4.0"`
Evaluating 'newtype_derive' ...
  got v0.1.6
  has 3 dependencies
Evaluating 'cuda-config' ...
  got v0.1.0
  has 1 dependencies
Evaluating 'sc-finality-grandpa-rpc' ...
  ! crate not resolved: error: failed to select a version for the requirement `core2 = "^0.4.0"`
Evaluating 'test-strategy' ...
  got v0.4.5
  has 21 dependencies
Evaluating 'camino-tempfile' ...
  got v1.4.1
  has 10 dependencies
Evaluating 'solana-faucet' ...
  got v3.1.14
  has 1462 dependencies
Evaluating 'derive-getters' ...
  got v0.5.0
  has 8 dependencies
Evaluating 'rutabaga_gfx_ffi' ...
  got v0.1.3
  has 52 dependencies
Evaluating 'sys_util' ...
  got v0.1.0
  has 14 dependencies
Evaluating 'taizen' ...
  got v0.1.0
  has 482 dependencies
Evaluating 'elf' ...
  got v0.8.0
  has 0 dependencies
Evaluating 'sc-finality-grandpa' ...
  ! crate not resolved: error: failed to select a version for the requirement `core2 = "^0.4.0"`
Evaluating 'coveralls-api' ...
  got v0.7.0
  has 238 dependencies
Evaluating 'smallbitvec' ...
  got v2.6.0
  has 0 dependencies
Evaluating 'pulse' ...
  got v0.5.3
  has 3 dependencies
Evaluating 'simd' ...
  got v0.2.5
  has 0 dependencies
Evaluating 'tree-sitter-cli' ...
  got v0.26.8
  has 365 dependencies
Evaluating 'cslice' ...
  got v0.3.0
  has 0 dependencies
Evaluating 'pgx-pg-sys' ...
  got v0.7.4
  has 167 dependencies
Evaluating 'tree-sitter-config' ...
  got v0.26.8
  has 27 dependencies
Evaluating 'empfindung' ...
  got v0.2.6
  has 3 dependencies
Evaluating 'twofloat' ...
  got v0.8.4
  has 13 dependencies
Evaluating 'solana_rbpf' ...
  got v0.8.5
  has 34 dependencies
Evaluating 'alloc_counter' ...
  got v0.0.4
  has 10 dependencies
Evaluating 'tree-sitter-scala' ...
  got v0.26.0
  has 5 dependencies
Evaluating 'wasm-bindgen-test-crate-a' ...
  got v0.1.0
  has 20 dependencies
Evaluating 'envconfig' ...
  got v0.11.1
  has 9 dependencies
Evaluating 'bcs' ...
  got v0.2.1
  has 1 dependencies
Evaluating 'libp2p-rendezvous' ...
  got v0.17.1
  has 281 dependencies
Evaluating 'settings' ...
  got v0.0.0
  has 0 dependencies
Evaluating 'futures-signals' ...
  got v0.3.34
  has 38 dependencies
Evaluating 'canvas' ...
  ! crate not resolved: error: failed to select a version for the requirement `security-framework = "^0.1.13"`
Evaluating 'nvim-oxi' ...
  got v0.6.0
  has 36 dependencies
Evaluating 'proxy' ...
  got v0.1.0
  has 0 dependencies
Evaluating 'grcov' ...
  got v0.10.7
  has 240 dependencies
Evaluating 'anchor-syn' ...
  got v1.0.1
  has 39 dependencies
Evaluating 'anchor-lang' ...
  got v1.0.1
  has 341 dependencies
Evaluating 'reqwest-tracing' ...
  got v0.7.0
  has 183 dependencies
Evaluating 'wasmtime-obj' ...
  got v0.29.0
  has 84 dependencies
Evaluating 'wasmtime-debug' ...
  got v0.29.0
  has 78 dependencies
Evaluating 'app_dirs2' ...
  got v2.5.5
  has 1 dependencies
Evaluating 'pgrx-pg-config' ...
  got v0.18.0
  has 112 dependencies
Evaluating 'pgrx-sql-entity-graph' ...
  got v0.18.0
  has 30 dependencies
Evaluating 'ra_ap_cfg' ...
  got v0.0.330
  has 28 dependencies
Evaluating 'ra_ap_hir_ty' ...
  got v0.0.330
  has 336 dependencies
Evaluating 'ra_ap_hir_def' ...
  got v0.0.330
  has 235 dependencies
Evaluating 'ra_ap_limit' ...
  got v0.0.264
  has 0 dependencies
Evaluating 'ra_ap_base_db' ...
  got v0.0.330
  has 148 dependencies
Evaluating 'ra_ap_ide_db' ...
  got v0.0.330
  has 412 dependencies
Evaluating 'ra_ap_hir' ...
  got v0.0.330
  has 360 dependencies
Evaluating 'ra_ap_toolchain' ...
  got v0.0.330
  has 2 dependencies
Evaluating 'ra_ap_test_utils' ...
  got v0.0.330
  has 24 dependencies
Evaluating 'ra_ap_vfs' ...
  got v0.0.330
  has 23 dependencies
Evaluating 'ra_ap_hir_expand' ...
  got v0.0.330
  has 189 dependencies
Evaluating 'ra_ap_ide' ...
  got v0.0.330
  has 546 dependencies
Evaluating 'cargo-pgrx' ...
  got v0.18.0
  has 720 dependencies
Evaluating 'no-std' ...
  ! crate not resolved: error: the crate `no-std` could not be found in registry index.
Evaluating 'evcxr' ...
  got v0.21.1
  has 637 dependencies
Evaluating 'itertools-num' ...
  got v0.1.3
  has 3 dependencies
Evaluating 'solana-banks-interface' ...
  got v3.1.14
  has 367 dependencies
Evaluating 'ra_ap_vfs-notify' ...
  got v0.0.330
  has 53 dependencies
Evaluating 'ra_ap_project_model' ...
  got v0.0.330
  has 205 dependencies
Evaluating 'tree-sitter-embedded-template' ...
  got v0.25.0
  has 5 dependencies
Evaluating 'webaudio' ...
  got v0.1.0
  has 0 dependencies
Evaluating 'libp2p-deflate' ...
  got v0.40.1
  has 237 dependencies
Evaluating 'temptree' ...
  got v0.2.0
  has 9 dependencies
Evaluating 'magenta-sys' ...
  got v0.2.0
  has 1 dependencies
Evaluating 'solana-banks-client' ...
  got v3.1.12
  has 420 dependencies
Evaluating 'matrix-sdk-sled' ...
  got v0.2.0
  has 362 dependencies
Evaluating 'closures' ...
  got v0.1.2
  has 0 dependencies
Evaluating 'cargo-chef' ...
  got v0.1.77
  has 161 dependencies
Evaluating 'envconfig_derive' ...
  got v0.11.1
  has 8 dependencies
Evaluating 'libp2p-floodsub' ...
  got v0.47.0
  has 275 dependencies
Evaluating 'serde_starlark' ...
  got v0.1.19
  has 1 dependencies
Evaluating 'evcxr_input' ...
  got v1.0.0
  has 0 dependencies
Evaluating 'scip' ...
  got v0.7.1
  has 14 dependencies
Evaluating 'solana-bpf-loader-program' ...
  got v3.1.14
  has 681 dependencies
Evaluating 'anchor-attribute-account' ...
  got v1.0.1
  has 42 dependencies
Evaluating 'palaver' ...
  got v0.2.8
  has 32 dependencies
Evaluating 'anchor-derive-accounts' ...
  got v1.0.1
  has 41 dependencies
Evaluating 'anchor-attribute-error' ...
  got v1.0.1
  has 41 dependencies
Evaluating 'anchor-attribute-program' ...
  got v1.0.1
  has 57 dependencies
Evaluating 'anchor-attribute-event' ...
  got v1.0.1
  has 42 dependencies
Evaluating 'magenta' ...
  got v0.2.0
  has 2 dependencies
Evaluating 'llvm_profparser' ...
  got v0.10.0
  has 68 dependencies
Evaluating 'anchor-attribute-constant' ...
  got v1.0.1
  has 41 dependencies
Evaluating 'raytracer' ...
  got v0.2.2
  has 42 dependencies
Evaluating 'titlecase' ...
  got v3.6.0
  has 9 dependencies
Evaluating 'libp2p-uds' ...
  got v0.43.0
  has 224 dependencies
Evaluating 'dom' ...
  got v0.0.0
  has 0 dependencies
Evaluating 'tcmalloc' ...
  got v0.3.0
  has 0 dependencies
Evaluating 'libp2p-pnet' ...
  got v0.26.0
  has 69 dependencies
Evaluating 'wasmtime-profiling' ...
  got v0.29.0
  has 113 dependencies
Evaluating 'reed-solomon-erasure' ...
  got v6.0.0
  has 22 dependencies
Evaluating 'byteyarn' ...
  got v0.5.1
  has 3 dependencies
Evaluating 'jack' ...
  got v0.13.5
  has 13 dependencies
Evaluating 'add' ...
  ! crate not resolved: error: the crate `add` could not be found in registry index.
Evaluating 'sp-beefy' ...
  got v16.0.0
  has 854 dependencies
Evaluating 'jack-sys' ...
  got v0.5.1
  has 8 dependencies
Evaluating 'wasm-bindgen-test-crate-b' ...
  got v0.1.0
  has 20 dependencies
Evaluating 'sample' ...
  got v0.11.0
  has 0 dependencies
Evaluating 'toml-cli' ...
  got v0.2.3
  has 75 dependencies
Evaluating 'assert_unordered' ...
  got v0.3.5
  has 1 dependencies
Evaluating 'webgl' ...
  got v0.1.0
  has 27 dependencies
Evaluating 'zeromq-src' ...
  got v0.3.6+4.3.5
  has 27 dependencies
Evaluating 'evcxr_jupyter' ...
  got v0.21.1
  has 755 dependencies
Evaluating 'criterion-stats' ...
  got v0.3.0
  has 12 dependencies
Evaluating 'libp2p-autonat' ...
  got v0.15.0
  has 280 dependencies
Evaluating 'trust-dns-rustls' ...
  got v0.21.1
  has 160 dependencies
Evaluating 'reindeer' ...
  got v0.3.0
  has 52 dependencies
Evaluating 'clear_on_drop' ...
  got v0.2.5
  has 4 dependencies
Evaluating 'rust-htslib' ...
  got v1.0.0
  has 190 dependencies
Evaluating 'ark-bn254' ...
  got v0.6.0
  has 82 dependencies
Evaluating 'wit-bindgen-rt' ...
  got v0.44.0
  has 0 dependencies
Evaluating 'sig' ...
  got v1.0.0
  has 1 dependencies
Evaluating 'rpki' ...
  got v0.19.2
  has 11 dependencies
Evaluating 'ethers-addressbook' ...
  got v2.0.14
  has 246 dependencies
Evaluating 'sqlx-cli' ...
  got v0.8.6
  has 444 dependencies
Evaluating 'windows_i686_gnullvm' ...
  got v0.53.1
  has 0 dependencies
Evaluating 'netlink-packet-audit' ...
  got v0.6.1
  has 47 dependencies
Evaluating 'svm-rs' ...
  got v0.5.24
  has 311 dependencies
Evaluating 'solana-program-test' ...
  got v3.1.12
  has 2900 dependencies
Evaluating 'solana-runtime' ...
  got v3.1.12
  has 2052 dependencies
Evaluating 'websockets' ...
  got v0.3.0
  has 186 dependencies
Evaluating 'anchor-attribute-access-control' ...
  got v1.0.1
  has 8 dependencies
Evaluating 'solana-stake-program' ...
  got v5.0.0
  has 241 dependencies
Evaluating 'variant_count' ...
  got v1.2.0
  has 8 dependencies
Evaluating 'libproc' ...
  got v0.14.11
  has 33 dependencies
Evaluating 'solana-banks-server' ...
  got v3.1.12
  has 2813 dependencies
Evaluating 'unifont-bitmap' ...
  got v1.0.0+unifont-14.0.01
  has 8 dependencies
Evaluating 'cradle' ...
  got v0.2.2
  has 1 dependencies
Evaluating 'pallet-randomness-collective-flip' ...
  got v15.0.0
  has 879 dependencies
Evaluating 'performance' ...
  got v0.0.0
  has 0 dependencies
Evaluating 'cuckoofilter' ...
  got v0.5.0
  has 13 dependencies
Evaluating 'json-structural-diff' ...
  got v0.2.0
  has 15 dependencies
Evaluating 'uniffi_meta' ...
  got v0.31.1
  has 29 dependencies
Evaluating 'gix-status' ...
  got v0.30.0
  has 212 dependencies
Evaluating 'unidecode' ...
  got v0.3.0
  has 0 dependencies
Evaluating 'substrate-test-utils-test-crate' ...
  ! crate not resolved: error: the crate `substrate-test-utils-test-crate` could not be found in registry index.
Evaluating 'limit' ...
  got v0.1.0
  has 0 dependencies
Evaluating 'trace' ...
  got v0.1.7
  has 8 dependencies
Evaluating 'msql-srv' ...
  got v0.11.0
  has 229 dependencies
Evaluating 'solana-bucket-map' ...
  got v3.1.14
  has 93 dependencies
Evaluating 'playground' ...
  ! crate not resolved: error: the crate `playground` could not be found in registry index.
Evaluating 'snarkvm-circuit-network' ...
  got v4.6.1
  has 551 dependencies
Evaluating 'cargo-c' ...
  got v0.10.21+cargo-0.95.0
  has 1024 dependencies
Evaluating 'zcash_proofs' ...
  got v0.27.0
  has 377 dependencies
Evaluating 'snarkvm-circuit-types-field' ...
  got v4.6.1
  has 500 dependencies
Evaluating 'fpe' ...
  got v0.6.1
  has 20 dependencies
Evaluating 'beefy-merkle-tree' ...
  got v12.0.0
  has 770 dependencies
Evaluating 'adler2' ...
  got v2.0.1
  has 0 dependencies
Evaluating 'collectives-polkadot-integration-tests' ...
  got v0.1.0
  has 0 dependencies
Evaluating 'snarkvm-circuit-types-scalar' ...
  got v4.6.1
  has 504 dependencies
Evaluating 'snarkvm-circuit-algorithms' ...
  got v4.6.1
  has 544 dependencies
Evaluating 'bp-bridge-hub-wococo' ...
  got v0.4.0
  has 1212 dependencies
Evaluating 'neon-serde' ...
  got v0.4.0
  has 62 dependencies
Evaluating 'snarkvm-circuit-environment-witness' ...
  got v4.6.1
  has 0 dependencies
Evaluating 'snarkvm-console-types-integers' ...
  got v4.6.1
  has 136 dependencies
Evaluating 'snarkvm-console-algorithms' ...
  got v4.6.1
  has 212 dependencies
Evaluating 'snarkvm-console-types-string' ...
  got v4.6.1
  has 140 dependencies
Evaluating 'snarkvm-console-collections' ...
  got v4.6.1
  has 224 dependencies
Evaluating 'snarkvm-console-types-address' ...
  got v4.6.1
  has 140 dependencies
Evaluating 'snarkvm-console-types' ...
  got v4.6.1
  has 156 dependencies
Evaluating 'snarkvm-console-types-group' ...
  got v4.6.1
  has 136 dependencies
Evaluating 'ipfs-api-prelude' ...
  ! crate not resolved: error: failed to select a version for the requirement `core2 = "^0.4.0"`
Evaluating 'ra_ap_ide_completion' ...
  got v0.0.330
  has 422 dependencies
Evaluating 'ra_ap_ide_diagnostics' ...
  got v0.0.330
  has 423 dependencies
Evaluating 'ra_ap_ide_ssr' ...
  got v0.0.330
  has 418 dependencies
Evaluating 'pgrx-pg-sys' ...
  got v0.18.0
  has 186 dependencies
Evaluating 'pgrx-tests' ...
  got v0.18.0
  has 364 dependencies
Evaluating 'pgrx-macros' ...
  got v0.18.0
  has 30 dependencies
Evaluating 'pgrx' ...
  got v0.18.0
  has 213 dependencies
Evaluating 'ra_ap_ide_assists' ...
  got v0.0.330
  has 421 dependencies
Evaluating 'snarkvm' ...
  got v4.6.1
  has 897 dependencies
Evaluating 'tokio-postgres-rustls' ...
  got v0.13.0
  has 126 dependencies
Evaluating 'remote_storage' ...
  got v0.1.0
  has 0 dependencies
Evaluating 'text_placeholder' ...
  got v0.5.1
  has 7 dependencies
Evaluating 'staging-kusama-runtime' ...
  got v3.0.0
  has 2059 dependencies
Evaluating 'snarkvm-console-network' ...
  got v4.6.1
  has 482 dependencies
Evaluating 'snarkvm-console-program' ...
  got v4.6.1
  has 520 dependencies
Evaluating 'snarkvm-circuit-types-address' ...
  got v4.6.1
  has 519 dependencies
Evaluating 'snarkvm-algorithms' ...
  got v4.6.1
  has 370 dependencies
Evaluating 'stackvector' ...
  got v1.1.1
  has 6 dependencies
Evaluating 'aleo-std-timer' ...
  got v1.0.3
  has 0 dependencies
Evaluating 'proc-macro-api' ...
  ! crate not found
Evaluating 'jsonschema-valid' ...
  got v0.5.2
  has 95 dependencies
Evaluating 'hkalbasi-rustc-ap-rustc_index' ...
  got v0.0.20230517
  has 22 dependencies
Evaluating 'cumulus-test-relay-validation-worker-provider' ...
  ! crate not resolved: error: failed to select a version for the requirement `core2 = "^0.4"`
Evaluating 'snarkvm-circuit-types-integers' ...
  got v4.6.1
  has 509 dependencies
Evaluating 'snarkvm-console-program' ...
  got v4.6.1
  has 520 dependencies
Evaluating 'snarkvm-algorithms' ...
  got v4.6.1
  has 370 dependencies
Evaluating 'jsonschema-valid' ...
  got v0.5.2
  has 95 dependencies
Evaluating 'snarkvm-circuit-types-string' ...
  got v4.6.1
  has 518 dependencies
Evaluating 'snarkvm-utilities' ...
  got v4.6.1
  has 92 dependencies
Evaluating 'snarkvm-utilities-derives' ...
  got v4.6.1
  has 8 dependencies
Evaluating 'snarkvm-curves' ...
  got v4.6.1
  has 111 dependencies
Evaluating 'snarkvm-fields' ...
  got v4.6.1
  has 103 dependencies
Evaluating 'aleo-std-timed' ...
  got v1.0.3
  has 8 dependencies
Evaluating 'elastic-array-plus' ...
  got v0.10.0
  has 0 dependencies
Evaluating 'proc-macro-api' ...
  ! crate not found
Evaluating 'snarkvm-console-types-field' ...
  got v4.6.1
  has 128 dependencies
Evaluating 'aleo-std-timer' ...
  got v1.0.3
  has 0 dependencies
Evaluating 'jubjub' ...
  got v0.10.0
  has 20 dependencies
Evaluating 'lapack-src' ...
  got v0.13.0
  has 0 dependencies
Evaluating 'snarkvm-circuit-types-group' ...
  got v4.6.1
  has 509 dependencies
Evaluating 'oxi-module' ...
  got v0.2.0
  has 8 dependencies
Evaluating 'wasm-bindgen-downcast-macros' ...
  got v0.1.1
  has 8 dependencies
Evaluating 'compiler' ...
  ! crate not resolved: error: the crate `compiler` could not be found in registry index.
Evaluating 'netlib-src' ...
  got v0.9.0
  has 5 dependencies
Evaluating 'bitcoincore-rpc' ...
  got v0.19.0
  has 64 dependencies
Evaluating 'etcommon-hexutil' ...
  got v0.2.4
  has 0 dependencies
Evaluating 'intel-mkl-src' ...
  got v0.8.1
  has 243 dependencies
Evaluating 'sp-authorship' ...
  got v11.0.0
  has 685 dependencies
Evaluating 'wyhash' ...
  got v0.6.0
  has 1 dependencies
Evaluating 'cubeclient' ...
  got v0.1.0
  has 248 dependencies
Evaluating 'sourcegen' ...
  got v0.3.0
  has 0 dependencies
Evaluating 'snarkvm-console-types-boolean' ...
  got v4.6.1
  has 125 dependencies
Evaluating 'snarkvm-console-types' ...
  got v4.6.1
  has 156 dependencies
Evaluating 'snarkvm-console-types-group' ...
  got v4.6.1
  has 136 dependencies
Evaluating 'snarkvm-console-collections' ...
  got v4.6.1
  has 224 dependencies
Evaluating 'snarkvm-console-algorithms' ...
  got v4.6.1
  has 212 dependencies
Evaluating 'tower-discover' ...
  got v0.3.0
  has 12 dependencies
Evaluating 'enum_index' ...
  got v0.2.0
  has 0 dependencies
Evaluating 'equihash' ...
  got v0.3.0
  has 7 dependencies
Evaluating 'texlab' ...
  got v4.3.2
  has 289 dependencies
Evaluating 'gtk-macros' ...
  got v0.3.0
  has 0 dependencies
Evaluating 'sp-ark-bls12-377' ...
  got v0.4.1
  has 460 dependencies
Evaluating 'pastey' ...
  got v0.2.2
  has 0 dependencies
Evaluating 'cuda-driver-sys' ...
  got v0.3.0
  has 3 dependencies
Evaluating 'windows-link' ...
  got v0.2.1
  has 0 dependencies
Evaluating 'beefy-merkle-tree' ...
  got v12.0.0
  has 770 dependencies
Evaluating 'tower-buffer' ...
  got v0.3.0
  has 30 dependencies
Evaluating 'neon-sys' ...
  got v0.10.1
  has 13 dependencies
Evaluating 'aleo-std-storage' ...
  got v1.0.3
  has 12 dependencies
Evaluating 'aleo-std' ...
  got v1.0.3
  has 18 dependencies
Evaluating 'bp-wococo' ...
  got v0.3.0
  has 1153 dependencies
Evaluating 'sp-ark-models' ...
  got v0.4.0
  has 95 dependencies
Evaluating 'anchor-attribute-state' ...
  got v0.26.0
  has 54 dependencies
Evaluating 'bitcoincore-rpc-json' ...
  got v0.19.0
  has 53 dependencies
Evaluating 'rustacuda_derive' ...
  got v0.1.2
  has 8 dependencies
Evaluating 'colors-transform' ...
  got v0.2.11
  has 0 dependencies
Evaluating 'snarkvm-circuit-environment' ...
  got v4.6.1
  has 495 dependencies
Evaluating 'pg-srv' ...
  got v0.2.0
  has 50 dependencies
Evaluating 'trust-dns-native-tls' ...
  got v0.21.1
  has 157 dependencies
Evaluating 'snarkvm-circuit-network' ...
  got v4.6.1
  has 551 dependencies
Evaluating 'routecore' ...
  got v0.7.1
  has 45 dependencies
Evaluating 'bp-asset-hub-kusama' ...
  got v0.2.0
  has 1036 dependencies
Evaluating 'cumulus-test-relay-validation-worker-provider' ...
  ! crate not resolved: error: failed to select a version for the requirement `core2 = "^0.4"`
Evaluating 'pgrx-pg-sys' ...
  got v0.18.0
  has 186 dependencies
Evaluating 'ursa' ...
  got v0.3.7
  has 266 dependencies
Evaluating 'sp-ark-bw6-761' ...
  got v0.4.1
  has 461 dependencies
Evaluating 'json_schema_test_suite' ...
  got v0.3.0
  has 37 dependencies
Evaluating 'core-error' ...
  got v0.0.0
  has 2 dependencies
Evaluating 'snarkvm-console' ...
  got v4.6.1
  has 539 dependencies
Evaluating 'asset-hub-kusama-integration-tests' ...
  got v0.0.0
  has 0 dependencies
Evaluating 'uniffi_meta' ...
  got v0.31.1
  has 29 dependencies
Evaluating 'substrate-test-utils-test-crate' ...
  ! crate not resolved: error: the crate `substrate-test-utils-test-crate` could not be found in registry index.
Evaluating 'anchor-attribute-interface' ...
  got v0.26.0
  has 55 dependencies
Evaluating 'bp-bridge-hub-wococo' ...
  got v0.4.0
  has 1212 dependencies
Evaluating 'stackvector' ...
  got v1.1.1
  has 6 dependencies
Evaluating 'snarkvm-circuit-program' ...
  got v4.6.1
  has 591 dependencies
Evaluating 'rust-gpu-tools' ...
  got v0.7.2
  has 55 dependencies
Evaluating 'sp-ark-ed-on-bls12-377' ...
  got v0.4.1
  has 461 dependencies
Evaluating 'tls-listener' ...
  got v0.11.2
  has 27 dependencies
Evaluating 'solana-bucket-map' ...
  got v3.1.14
  has 93 dependencies
Evaluating 'snarkvm-circuit-types-field' ...
  got v4.6.1
  has 500 dependencies
Evaluating 'adler2' ...
  got v2.0.1
  has 0 dependencies
Evaluating 'collectives-polkadot-integration-tests' ...
  got v0.1.0
  has 0 dependencies
Evaluating 'snarkvm-circuit-environment-witness' ...
  got v4.6.1
  has 0 dependencies
Evaluating 'ra_ap_ide_diagnostics' ...
  got v0.0.330
  has 423 dependencies
Evaluating 'ra_ap_ide_ssr' ...
  got v0.0.330
  has 418 dependencies
Evaluating 'tokio-postgres-rustls' ...
  got v0.13.0
  has 126 dependencies
Evaluating 'snarkvm-circuit-types-address' ...
  got v4.6.1
  has 519 dependencies
Evaluating 'snarkvm-circuit-types' ...
  got v4.6.1
  has 541 dependencies
Evaluating 'snarkvm-circuit-types-integers' ...
  got v4.6.1
  has 509 dependencies
Evaluating 'trust-dns-openssl' ...
  got v0.21.1
  has 154 dependencies
Evaluating 'aleo-std-profiler' ...
  got v1.0.3
  has 0 dependencies
Evaluating 'log-derive' ...
  got v0.4.1
  has 20 dependencies
Evaluating 'indy-utils' ...
  got v0.6.0
  has 71 dependencies
Evaluating 'json_schema_test_suite_proc_macro' ...
  got v0.3.0
  has 34 dependencies
Evaluating 'zcash_primitives' ...
  got v0.27.0
  has 367 dependencies
Evaluating 'html2runes' ...
  got v1.0.1
  has 89 dependencies
Evaluating 'snarkvm-parameters' ...
  got v4.6.1
  has 344 dependencies
Evaluating 'asset-hub-polkadot-integration-tests' ...
  got v0.0.0
  has 0 dependencies
Evaluating 'snarkvm-circuit-types-boolean' ...
  got v4.6.1
  has 497 dependencies
Evaluating 'ws_stream_tungstenite' ...
  got v0.15.0
  has 81 dependencies
Evaluating 'ipfs-api' ...
  ! crate not resolved: error: failed to select a version for the requirement `core2 = "^0.4.0"`
Evaluating 'snarkvm-console-types-scalar' ...
  got v4.6.1
  has 132 dependencies
Evaluating 'rusqlite-macros' ...
  got v0.4.2
  has 29 dependencies
Evaluating 'lcov' ...
  got v0.8.2
  has 10 dependencies
Evaluating 'index_list' ...
  got v0.3.3
  has 0 dependencies
Evaluating 'integration-tests-common' ...
  ! crate not resolved: error: the crate `integration-tests-common` could not be found in registry index.
Evaluating 'iter-read' ...
  got v1.1.0
  has 0 dependencies
Evaluating 'filesize' ...
  got v0.2.0
  has 0 dependencies
Evaluating 'snarkvm-circuit-collections' ...
  got v4.6.1
  has 547 dependencies
Evaluating 'node-types' ...
  got v0.1.0
  has 22 dependencies
Evaluating 'human_name' ...
  got v2.0.4
  has 44 dependencies
Evaluating 'const-default' ...
  got v1.0.0
  has 0 dependencies
Evaluating 'display-interface' ...
  got v0.5.0
  has 0 dependencies
Evaluating 'cl3' ...
  got v0.13.1
  has 20 dependencies
Evaluating 'datafusion-data-access' ...
  got v10.0.0
  has 61 dependencies
Evaluating 'json_schema_test_suite_test_case' ...
  got v0.3.0
  has 16 dependencies
Evaluating 'snarkvm-r1cs' ...
  got v0.12.2
  has 106 dependencies
Evaluating 'sp-serializer' ...
  got v5.0.0
  has 7 dependencies
Evaluating 'amq-protocol-codegen' ...
  got v10.2.0
  has 77 dependencies
Evaluating 'diesel-derive-enum' ...
  got v2.1.0
  has 9 dependencies
Evaluating 'gleam' ...
  got v0.15.1
  has 5 dependencies
Evaluating 'kube-derive' ...
  got v3.1.0
  has 30 dependencies
Evaluating 'snarkvm-console-account' ...
  got v4.6.1
  has 492 dependencies
Evaluating 'enum_index_derive' ...
  got v0.2.0
  has 6 dependencies
Evaluating 'hdf5-sys' ...
  got v0.8.1
  has 14 dependencies
Evaluating 'nvim-types' ...
  got v0.2.0
  has 13 dependencies
Evaluating 'aleo-std-cpu' ...
  got v1.0.3
  has 0 dependencies
Evaluating 'shellwords' ...
  got v1.1.0
  has 10 dependencies
Evaluating 'rustacuda_core' ...
  got v0.1.2
  has 0 dependencies
Evaluating 'fil-rustacuda' ...
  got v0.1.4
  has 15 dependencies
Evaluating 'v_htmlescape' ...
  got v0.17.0
  has 1 dependencies
Evaluating 'intel-mkl-tool' ...
  got v0.8.1
  has 4 dependencies
Evaluating 'snarkvm-console-network-environment' ...
  got v4.6.1
  has 124 dependencies
Evaluating 'defer' ...
  got v0.2.1
  has 0 dependencies
Evaluating 'solana-rpc-client' ...
  got v3.1.14
  has 1023 dependencies
Evaluating 'r2r_rcl' ...
  got v0.9.5
  has 58 dependencies
Evaluating 'stable-hash' ...
  got v0.4.3
  has 35 dependencies
Evaluating 'anchor-cli' ...
  got v1.0.1
  has 2321 dependencies
Evaluating 'serum_dex' ...
  got v0.5.4
  has 424 dependencies
Evaluating 'cargo-update' ...
  got v20.0.0
  has 198 dependencies
Evaluating 'embedded-hal-nb' ...
  got v1.0.0
  has 2 dependencies
Evaluating 'lockup' ...
  got v1.1.2
  has 656 dependencies
Evaluating 'solana-crate-features' ...
  got v1.8.16
  has 297 dependencies
Evaluating 'proto' ...
  got v0.1.2
  has 8 dependencies
Evaluating 'solana-gossip' ...
  got v3.1.12
  has 3409 dependencies
Evaluating 'solana-udp-client' ...
  got v3.1.14
  has 856 dependencies
Evaluating 'cargo2junit' ...
  got v0.1.15
  has 48 dependencies
Evaluating 'cargo-sort' ...
  got v2.1.4
  has 38 dependencies
Evaluating 'tauri-bundler' ...
  got v2.8.1
  has 876 dependencies
Evaluating 'objc2-core-image' ...
  got v0.3.2
  has 25 dependencies
Evaluating 'min-max-heap' ...
  got v1.3.0
  has 0 dependencies
Evaluating 'cust_raw' ...
  got v0.11.3
  has 3 dependencies
Evaluating 'cust' ...
  got v0.3.2
  has 34 dependencies
Evaluating 'unic-locale' ...
  got v0.9.6
  has 14 dependencies
Evaluating 'mpl-token-metadata' ...
  got v5.1.1
  has 522 dependencies
Evaluating 'r2r_msg_gen' ...
  got v0.9.5
  has 96 dependencies
Evaluating 'tree-sitter-vim' ...
  got v0.4.0
  has 27 dependencies
Evaluating 'zune-jpeg' ...
  got v0.5.15
  has 1 dependencies
Evaluating 'solana-client-test' ...
  got v1.10.1
  has 2011 dependencies
Evaluating 'lightning' ...
  got v0.2.2
  has 45 dependencies
Evaluating 'shank' ...
  got v0.4.8
  has 27 dependencies
Evaluating 'without-alloc' ...
  got v0.2.2
  has 4 dependencies
Evaluating 'ssd1306' ...
  got v0.10.0
  has 39 dependencies
Evaluating 'libarchive3-sys' ...
  got v0.1.2
  has 3 dependencies
Evaluating 'objc2-foundation' ...
  got v0.3.2
  has 9 dependencies
Evaluating 'memuse' ...
  got v0.2.2
  has 0 dependencies
Evaluating 'average' ...
  got v0.17.0
  has 7 dependencies
Evaluating 'cln-plugin' ...
  got v0.6.0
  has 88 dependencies
Evaluating 'gnuplot' ...
  got v0.0.46
  has 10 dependencies
Evaluating 'snarkos-node-messages' ...
  got v2.1.7
  has 892 dependencies
Evaluating 'junit-report' ...
  got v0.9.0
  has 21 dependencies
Evaluating 'typed-headers' ...
  got v0.2.0
  has 12 dependencies
Evaluating 'archery' ...
  got v1.2.2
  has 0 dependencies
Evaluating 'unix_socket2' ...
  got v0.5.4
  has 1 dependencies
Evaluating 'sdd' ...
  got v4.8.6
  has 1 dependencies
Evaluating 'easy-cast' ...
  got v0.5.4
  has 0 dependencies
Evaluating 'anchor-derive-space' ...
  got v1.0.1
  has 8 dependencies
Evaluating 'solana-store-tool' ...
  got v0.0.0
  has 0 dependencies
Evaluating 'omnipath' ...
  got v0.1.6
  has 0 dependencies
Evaluating 'swap' ...
  got v0.1.0
  has 23 dependencies
Evaluating 'solana-rpc' ...
  got v3.1.12
  has 3701 dependencies
Evaluating 'solana-rpc-client-api' ...
  got v3.1.14
  has 552 dependencies
Evaluating 'ibc-proto' ...
  got v0.52.0
  has 182 dependencies
Evaluating 'solana-poh' ...
  got v3.1.12
  has 3117 dependencies
Evaluating 'solana-entry' ...
  got v3.1.14
  has 1269 dependencies
Evaluating 'spake2' ...
  got v0.4.0
  has 37 dependencies
Evaluating 'kadmium' ...
  got v0.6.0
  has 17 dependencies
Evaluating 'solana-storage-bigtable' ...
  got v3.1.14
  has 1342 dependencies
Evaluating 'actix-web-actors' ...
  got v4.3.1+deprecated
  has 250 dependencies
Evaluating 'zcash_history' ...
  got v0.4.0
  has 13 dependencies
Evaluating 'r2r_common' ...
  got v0.9.5
  has 53 dependencies
Evaluating 'minisign' ...
  got v0.9.1
  has 31 dependencies
Evaluating 'image-webp' ...
  got v0.2.4
  has 2 dependencies
Evaluating 'alloc-traits' ...
  got v0.1.1
  has 0 dependencies
Evaluating 'hdf5' ...
  got v0.8.1
  has 57 dependencies
Evaluating 'solana-local-cluster' ...
  got v3.1.12
  has 4173 dependencies
Evaluating 'tokei' ...
  got v14.0.0
  has 231 dependencies
Evaluating 'display-interface-i2c' ...
  got v0.5.0
  has 4 dependencies
Evaluating 'reqwest-retry-after' ...
  got v0.2.1
  has 255 dependencies
Evaluating 'bio' ...
  got v3.0.0
  has 164 dependencies
Evaluating 'ra_ap_la-arena' ...
  got v0.0.149
  has 0 dependencies
Evaluating 'chardetng' ...
  got v1.0.0
  has 4 dependencies
Evaluating 'scc' ...
  got v3.7.0
  has 3 dependencies
Evaluating 'solana-send-transaction-service' ...
  got v3.1.12
  has 2713 dependencies
Evaluating 'embedded-dma' ...
  got v0.2.0
  has 1 dependencies
Evaluating 'routinator-ui' ...
  got v0.3.4
  has 207 dependencies
Evaluating 'dpi' ...
  got v0.1.2
  has 0 dependencies
Evaluating 'contracts' ...
  got v0.6.7
  has 8 dependencies
Evaluating 'embedded-can' ...
  got v0.4.1
  has 1 dependencies
Evaluating 'solana-geyser-plugin-manager' ...
  got v3.1.12
  has 3748 dependencies
Evaluating 'embassy-time' ...
  got v0.5.1
  has 14 dependencies
Evaluating 'snarkvm-synthesizer' ...
  got v4.6.1
  has 839 dependencies
Evaluating 'matrix-sdk-ffi' ...
  got v0.0.1-reserved
  has 0 dependencies
Evaluating 'str_indices' ...
  got v0.4.4
  has 0 dependencies
Evaluating 'poem-openapi' ...
  got v5.1.16
  has 261 dependencies
Evaluating 'ed25519-bip32' ...
  got v0.4.1
  has 1 dependencies
Evaluating 'slice-of-array' ...
  got v0.3.2
  has 0 dependencies
Evaluating 'r2r_actions' ...
  got v0.9.5
  has 101 dependencies
Evaluating 'avm' ...
  got v1.0.1
  has 83 dependencies
Evaluating 'embedded-hal-async' ...
  got v1.0.0
  has 1 dependencies
Evaluating 'unic-locale-macros-impl' ...
  got v0.9.6
  has 16 dependencies
Evaluating 'boomphf' ...
  got v0.6.0
  has 12 dependencies
Evaluating 'snarkos-node' ...
  got v4.6.0
  has 1448 dependencies
Evaluating 'ics23' ...
  got v0.12.0
  has 56 dependencies
Evaluating 'skribo' ...
  got v0.1.0
  has 51 dependencies
Evaluating 'byteorder-lite' ...
  got v0.1.0
  has 0 dependencies
Evaluating 'alto' ...
  got v3.0.4
  has 30 dependencies
Evaluating 'solana-ledger' ...
  got v3.1.12
  has 3098 dependencies
Evaluating 'proc-macro-error2' ...
  got v2.0.1
  has 10 dependencies
Evaluating 'bitflags_serde_shim' ...
  got v0.2.5
  has 2 dependencies
Evaluating 'examples' ...
  got v0.17.1
  has 0 dependencies
Evaluating 'blosc-src' ...
  got v0.3.8
  has 4 dependencies
Evaluating 'toml_write' ...
  got v0.1.2
  has 0 dependencies
Evaluating 'bio-types' ...
  got v1.0.4
  has 30 dependencies
Evaluating 'pom' ...
  got v3.4.0
  has 3 dependencies
Evaluating 'v_escape_derive' ...
  got v0.9.1
  has 6 dependencies
Evaluating 'server' ...
  got v0.0.0
  has 56 dependencies
Evaluating 'lightning-invoice' ...
  got v0.34.0
  has 25 dependencies
Evaluating 'pasta_curves' ...
  got v0.5.1
  has 23 dependencies
Evaluating 'lazysort' ...
  got v0.2.1
  has 0 dependencies
Evaluating 'objc2-metal' ...
  got v0.3.2
  has 14 dependencies
Evaluating 'debug_print' ...
  got v1.0.0
  has 0 dependencies
Evaluating 'tuirealm_derive' ...
  got v4.0.0
  has 8 dependencies
Evaluating 'orchard' ...
  got v0.13.1
  has 212 dependencies
Evaluating 'counted-array' ...
  got v0.1.2
  has 0 dependencies
Evaluating 'git-config-value' ...
  got v0.10.2
  has 18 dependencies
Evaluating 'git-glob' ...
  got v0.5.4
  has 3 dependencies
Evaluating 'discortp' ...
  got v0.6.0
  has 21 dependencies
Evaluating 'rental-impl' ...
  got v0.5.5
  has 8 dependencies
Evaluating 'cortex-m-rtic' ...
  got v1.1.4
  has 56 dependencies
Evaluating 'incrementalmerkletree' ...
  got v0.8.2
  has 1 dependencies
Evaluating 'intervaltree' ...
  got v0.2.7
  has 1 dependencies
Evaluating 'extension-trait' ...
  got v1.0.2
  has 8 dependencies
Evaluating 'embassy-futures' ...
  got v0.1.2
  has 0 dependencies
Evaluating 'v_escape' ...
  got v0.19.0
  has 14 dependencies
Evaluating 'memo-map' ...
  got v0.3.3
  has 0 dependencies
Evaluating 'resource' ...
  got v0.6.1
  has 4 dependencies
Evaluating 'logtest' ...
  got v2.0.0
  has 3 dependencies
Evaluating 'metaplex-auction' ...
  got v0.0.1
  has 403 dependencies
Evaluating 'libarchive' ...
  got v0.1.1
  has 5 dependencies
Evaluating 'solana-cli-output' ...
  got v3.1.14
  has 1338 dependencies
Evaluating 'solana-test-validator' ...
  got v3.1.12
  has 4323 dependencies
Evaluating 'solana-rpc-test' ...
  got v1.10.1
  has 1993 dependencies
Evaluating 'solana-validator' ...
  got v1.18.26
  has 2781 dependencies
Evaluating 'rttp_client' ...
  got v0.1.0
  has 103 dependencies
Evaluating 'shank_macro_impl' ...
  got v0.4.8
  has 20 dependencies
Evaluating 'ftp' ...
  got v3.0.1
  has 29 dependencies
Evaluating 'unic-locale-impl' ...
  got v0.9.6
  has 12 dependencies
Evaluating 'aggregator' ...
  got v0.1.0
  has 0 dependencies
Evaluating 'rustscan' ...
  got v2.4.1
  has 378 dependencies
Evaluating 'lightningcss-derive' ...
  got v1.0.0-alpha.43
  has 10 dependencies
Evaluating 'zcash_encoding' ...
  got v0.4.0
  has 3 dependencies
Evaluating 'bytelines' ...
  got v2.5.0
  has 7 dependencies
Evaluating 'objc2-quartz-core' ...
  got v0.3.2
  has 23 dependencies
Evaluating 'cortex-m-rtic-macros' ...
  got v1.1.6
  has 27 dependencies
Evaluating 'bip0039' ...
  got v0.14.1
  has 40 dependencies
Evaluating 'r2r' ...
  got v0.9.5
  has 169 dependencies
Evaluating 'solana-cargo-test-bpf' ...
  ! crate not resolved: error: the crate `solana-cargo-test-bpf` could not be found in registry index.
Evaluating 'matrix-sdk-appservice' ...
  got v0.0.1-reserved
  has 0 dependencies
Evaluating 'crank' ...
  got v0.1.0
  has 91 dependencies
Evaluating 'build-probe-mpi' ...
  got v0.1.5
  has 2 dependencies
Evaluating 'git-sec' ...
  got v0.6.3
  has 2 dependencies
Evaluating 'tui-logger' ...
  got v0.18.2
  has 103 dependencies
Evaluating 'insta-cmd' ...
  got v0.6.0
  has 31 dependencies
Evaluating 'bitness' ...
  got v0.4.0
  has 12 dependencies
Evaluating 'hdf5-types' ...
  got v0.8.1
  has 18 dependencies
Evaluating 'sentry-log' ...
  got v0.47.0
  has 121 dependencies
Evaluating 'solana-ledger-tool' ...
  got v1.18.26
  has 2615 dependencies
Evaluating 'dbghelp-sys' ...
  got v0.2.0
  has 3 dependencies
Evaluating 'hdf5-derive' ...
  got v0.8.1
  has 8 dependencies
Evaluating 'unwinding' ...
  got v0.2.8
  has 2 dependencies
Evaluating 'mpl-token-vault' ...
  got v0.2.0
  has 414 dependencies
Evaluating 'registry' ...
  got v1.3.0
  has 31 dependencies
Evaluating 'find_cuda_helper' ...
  got v0.2.0
  has 1 dependencies
Evaluating 'endi' ...
  got v1.1.1
  has 0 dependencies
Evaluating 'backyard' ...
  ! crate not resolved: error: the crate `backyard` could not be found in registry index.
Evaluating 'shank_macro' ...
  got v0.4.8
  has 26 dependencies
Evaluating 'sentry-slog' ...
  got v0.47.0
  has 126 dependencies
Evaluating 'reddsa' ...
  got v0.5.1
  has 56 dependencies
Evaluating 'timeout-readwrite' ...
  got v0.4.0
  has 6 dependencies
Evaluating 'rtic-core' ...
  got v1.0.0
  has 0 dependencies
Evaluating 'solana-pubsub-client' ...
  got v3.1.14
  has 468 dependencies
Evaluating 'solana-keygen' ...
  got v3.1.14
  has 538 dependencies
Evaluating 'gha-toolkit' ...
  got v0.3.1
  has 275 dependencies
Evaluating 'pin-project-auxiliary-macro' ...
  got v0.0.0
  has 0 dependencies
Evaluating 'embassy-sync' ...
  got v0.8.0
  has 10 dependencies
Evaluating 'solana-tokens' ...
  got v3.1.12
  has 1482 dependencies
Evaluating 'solana-genesis' ...
  got v3.1.12
  has 3228 dependencies
Evaluating 'solana-cli' ...
  got v3.1.12
  has 2319 dependencies
Evaluating 'solana-quic-client' ...
  got v3.1.14
  has 991 dependencies
Evaluating 'solana-rpc-client-nonce-utils' ...
  got v3.1.14
  has 1025 dependencies
Evaluating 'solana-tpu-client' ...
  got v3.1.14
  has 1195 dependencies
Evaluating 'graphql-tools' ...
  got v0.5.3
  has 45 dependencies
Evaluating 'serum-common' ...
  got v0.4.7
  has 480 dependencies
Evaluating 'instability' ...
  got v0.3.12
  has 22 dependencies
Evaluating 'matrix-sdk-test-macros' ...
  got v0.16.0
  has 7 dependencies
Evaluating 'tendermint-light-client-verifier' ...
  got v0.40.4
  has 119 dependencies
Evaluating 'serum-pool-schema' ...
  got v0.4.7
  has 393 dependencies
Evaluating 'songbird' ...
  got v0.6.0
  has 856 dependencies
Evaluating 'static-web-server' ...
  got v2.42.0
  has 536 dependencies
Evaluating 'tauri-icns' ...
  got v0.1.0
  has 13 dependencies
Evaluating 'proc-macro-error-attr2' ...
  got v2.0.0
  has 4 dependencies
Evaluating 'snarkos-node-rest' ...
  got v4.6.0
  has 1418 dependencies
Evaluating 'solana-secp256k1-program' ...
  got v3.0.1
  has 73 dependencies
Evaluating 'relayer' ...
  got v3.0.0
  has 0 dependencies
Evaluating 'metaplex' ...
  got v0.0.1
  has 427 dependencies
Evaluating 'snarkos-node-tcp' ...
  got v4.6.0
  has 53 dependencies
Evaluating 'snarkos-node-consensus' ...
  got v4.6.0
  has 1162 dependencies
Evaluating 'pickledb' ...
  got v0.5.1
  has 16 dependencies
Evaluating 'hexdump' ...
  got v0.1.2
  has 1 dependencies
Evaluating 'solana-watchtower' ...
  got v1.18.26
  has 1170 dependencies
Evaluating 'noise-protocol' ...
  got v0.2.1
  has 1 dependencies
Evaluating 'async-rwlock' ...
  got v1.3.1
  has 3 dependencies
Evaluating 'tuirealm' ...
  got v4.0.0
  has 148 dependencies
Evaluating 'f4jumble' ...
  got v0.1.1
  has 4 dependencies
Evaluating 'ra_ap_proc_macro_api' ...
  got v0.0.330
  has 133 dependencies
Evaluating 'diesel-dynamic-schema' ...
  got v0.2.4
  has 31 dependencies
Evaluating 'metaplex-token-metadata' ...
  got v0.0.1
  has 410 dependencies
Evaluating 'solana-storage-proto' ...
  got v3.1.14
  has 792 dependencies
Evaluating 'audiopus' ...
  got v0.2.0
  has 4 dependencies
Evaluating 'minicov' ...
  got v0.3.8
  has 6 dependencies
Evaluating 'serum-borsh' ...
  got v0.8.1-serum.1
  has 391 dependencies
Evaluating 'cryptoxide' ...
  got v0.5.1
  has 0 dependencies
Evaluating 'rpds' ...
  got v1.2.0
  has 2 dependencies
Evaluating 'ocaml-interop' ...
  got v0.12.0
  has 19 dependencies
Evaluating 'solana-stake-accounts' ...
  got v3.1.12
  has 1468 dependencies
Evaluating 'solana-geyser-plugin-interface' ...
  got v1.18.26
  has 975 dependencies
Evaluating 'case' ...
  got v1.0.0
  has 0 dependencies
Evaluating 'solana-bloom' ...
  got v3.1.14
  has 28 dependencies
Evaluating 'alga_derive' ...
  got v0.9.2
  has 34 dependencies
Evaluating 'solana-cargo-build-bpf' ...
  ! crate not resolved: error: the crate `solana-cargo-build-bpf` could not be found in registry index.
Evaluating 'git-date' ...
  got v0.4.3
  has 25 dependencies
Evaluating 'solana-core' ...
  got v3.1.12
  has 4108 dependencies
Evaluating 'solana-thin-client' ...
  got v2.3.13
  has 793 dependencies
Evaluating 'snarkos-node-router' ...
  got v4.6.0
  has 1053 dependencies
Evaluating 'snarkos-node-cdn' ...
  got v4.6.0
  has 1011 dependencies
Evaluating 'snarkos' ...
  got v4.6.0
  has 1761 dependencies
Evaluating 'lzf-sys' ...
  got v0.1.0
  has 4 dependencies
Evaluating 'snarkos-cli' ...
  got v4.6.0
  has 1657 dependencies
Evaluating 'snarkos-account' ...
  got v4.6.0
  has 369 dependencies
Evaluating 'snarkos-display' ...
  got v4.6.0
  has 1539 dependencies
Evaluating 'krates' ...
  got v0.21.1
  has 22 dependencies
Evaluating 'remote-externalities' ...
  ! crate not resolved: error: the crate `remote-externalities` could not be found in registry index.
Evaluating 'rustls-split' ...
  got v0.3.0
  has 24 dependencies
Evaluating 'metaplex-token-vault' ...
  got v0.0.1
  has 402 dependencies
Evaluating 'rental' ...
  got v0.5.6
  has 10 dependencies
Evaluating 'solana-upload-perf' ...
  ! crate not resolved: error: failed to select a version for the requirement `solana-ed25519-dalek = "^0.2.0"`
Evaluating 'rtic-syntax' ...
  got v1.0.3
  has 12 dependencies
Evaluating 'solana-install' ...
  got v1.18.26
  has 1185 dependencies
Evaluating 'solana-download-utils' ...
  got v3.1.12
  has 2110 dependencies
Evaluating 'pea2pea' ...
  got v0.54.4
  has 45 dependencies
Evaluating 'trees' ...
  got v0.4.2
  has 0 dependencies
Evaluating 'poem-openapi-derive' ...
  got v5.1.16
  has 48 dependencies
Evaluating 'tauri-cli' ...
  got v2.10.1
  has 1717 dependencies
Evaluating 'tokio-boring' ...
  got v5.0.0
  has 54 dependencies
Evaluating 'tokio-trace-core' ...
  got v0.2.0
  has 1 dependencies
Evaluating 'mpi-sys' ...
  got v0.2.3
  has 38 dependencies
Evaluating 'rocket_contrib' ...
  got v0.4.11
  has 123 dependencies
Evaluating 'solana-merkle-tree' ...
  got v3.1.14
  has 10 dependencies
Evaluating 'hyper-unix-connector' ...
  got v0.2.2
  has 48 dependencies
Evaluating 'solana-notifier' ...
  got v3.1.14
  has 251 dependencies
Evaluating 'ocaml-boxroot-sys' ...
  got v0.4.0
  has 4 dependencies
Evaluating 'ocaml-sys' ...
  got v0.26.0
  has 5 dependencies
Evaluating 'zeromq' ...
  got v0.5.0
  has 105 dependencies
Evaluating 'linear-map' ...
  got v1.2.0
  has 0 dependencies
Evaluating 'solana-genesis-utils' ...
  got v3.1.12
  has 2368 dependencies
Evaluating 'asio-sys' ...
  got v0.2.6
  has 48 dependencies
Evaluating 'zcash_address' ...
  got v0.11.0
  has 31 dependencies
Evaluating 'windows-strings' ...
  got v0.5.1
  has 1 dependencies
Evaluating 'windows-version' ...
  got v0.1.7
  has 1 dependencies
Evaluating 'matrix-sdk-test' ...
  got v0.16.0
  has 538 dependencies
Evaluating 'git-config' ...
  got v0.16.2
  has 124 dependencies
Evaluating 'noise-rust-crypto' ...
  got v0.6.2
  has 82 dependencies
Evaluating 'ibig' ...
  got v0.3.6
  has 7 dependencies
Evaluating 'fast-math' ...
  got v0.1.1
  has 1 dependencies
Evaluating 'git-path' ...
  got v0.7.2
  has 12 dependencies
Evaluating 'zcash_note_encryption' ...
  got v0.4.1
  has 29 dependencies
Evaluating 'streamcatcher' ...
  got v1.0.1
  has 6 dependencies
Evaluating 'libnyx' ...
  got v0.1.3
  has 138 dependencies
Evaluating 'al-sys' ...
  got v0.6.1
  has 19 dependencies
Evaluating 'ropey' ...
  got v1.6.1
  has 2 dependencies
Evaluating 'matrix-sdk-crypto-ffi' ...
  got v0.0.1-reserved
  has 0 dependencies
Evaluating 'hello-world' ...
  got v0.1.0
  has 0 dependencies
Evaluating 'unic-locale-macros' ...
  got v0.9.6
  has 20 dependencies
Evaluating 'display-error-chain' ...
  got v0.2.2
  has 0 dependencies
Evaluating 'sanitize-filename-reader-friendly' ...
  got v2.3.1
  has 9 dependencies
Evaluating 'serenity-voice-model' ...
  got v0.3.0
  has 24 dependencies
Evaluating 'graph' ...
  got v0.3.1
  has 92 dependencies
Evaluating 'tabbycat' ...
  got v0.1.3
  has 36 dependencies
Evaluating 'trust-dns-https' ...
  got v0.21.1
  has 189 dependencies
Evaluating 'vcf' ...
  got v0.6.1
  has 14 dependencies
Evaluating 'unty' ...
  got v0.0.5
  has 0 dependencies
Evaluating 'lru-disk-cache' ...
  ! crate not resolved: error: the crate `lru-disk-cache` could not be found in registry index.
Evaluating 'cln-grpc-plugin' ...
  got v0.6.0
  has 418 dependencies
Evaluating 'd4-hts' ...
  got v0.3.9
  has 55 dependencies
Evaluating 'http-rest-file' ...
  got v0.5.1
  has 103 dependencies
Evaluating 'hook' ...
  got v0.1.2
  has 1 dependencies
Evaluating 'dhcproto' ...
  got v0.14.0
  has 124 dependencies
Evaluating 'markdown2html-converter' ...
  got v1.1.12
  has 91 dependencies
Evaluating 'nispor' ...
  got v2.0.2
  has 143 dependencies
Evaluating 'sprs' ...
  got v0.11.4
  has 35 dependencies
Evaluating 'jsonpath-rust' ...
  got v1.0.4
  has 49 dependencies
Evaluating 'asexp' ...
  got v0.3.2
  has 0 dependencies
Evaluating 'gcp-bigquery-client' ...
  got v0.28.0
  has 446 dependencies
Evaluating 'move-table-extension' ...
  ! crate not resolved: error: the crate `move-table-extension` could not be found in registry index.
Evaluating 'tracing-filter' ...
  got v0.1.0-alpha.2
  has 77 dependencies
Evaluating 'move-ir-to-bytecode' ...
  ! crate not resolved: error: the crate `move-ir-to-bytecode` could not be found in registry index.
Evaluating 'xcap' ...
  got v0.9.4
  has 433 dependencies
Evaluating 'svm-rs-builds' ...
  got v0.5.24
  has 266 dependencies
Evaluating 'subxt' ...
  got v0.50.1
  has 593 dependencies
Evaluating 'ws2812-pio' ...
  got v0.9.0
  has 93 dependencies
Evaluating 'equator-macro' ...
  got v0.6.0
  has 0 dependencies
Evaluating 'datatest-stable' ...
  got v0.3.3
  has 39 dependencies
Evaluating 'move-bytecode-utils' ...
  ! crate not resolved: error: the crate `move-bytecode-utils` could not be found in registry index.
Evaluating 'error' ...
  got v0.1.9
  has 2 dependencies
Evaluating 'objc2-core-data' ...
  got v0.3.2
  has 12 dependencies
Evaluating 'match_token' ...
  got v0.35.0
  has 8 dependencies
Evaluating 'helix-lsp' ...
  got v0.0.0
  has 0 dependencies
Evaluating 'hdpath' ...
  got v0.7.0
  has 1 dependencies
Evaluating 'ra-ap-rustc_lexer' ...
  got v0.162.0
  has 3 dependencies
Evaluating 'tree-sitter-language' ...
  got v0.1.7
  has 0 dependencies
Evaluating 'helix-term' ...
  got v0.0.0
  has 0 dependencies
Evaluating 'datafusion-proto' ...
  got v53.1.0
  has 712 dependencies
Evaluating 'add-determinism' ...
  got v0.7.3
  has 117 dependencies
Evaluating 'gstreamer-rtsp-server-sys' ...
  got v0.25.0
  has 59 dependencies
Evaluating 'stm32h7xx-hal' ...
  got v0.16.0
  has 39 dependencies
Evaluating 'ureq-proto' ...
  got v0.6.0
  has 6 dependencies
Evaluating 'xml-rpc' ...
  got v0.1.0
  has 226 dependencies
Evaluating 'blake2b-rs' ...
  got v0.2.0
  has 5 dependencies
Evaluating 'testing_logger' ...
  got v0.1.1
  has 1 dependencies
Evaluating 'bpf-linker' ...
  got v0.10.3
  has 122 dependencies
Evaluating 'embedded-storage' ...
  got v0.3.1
  has 0 dependencies
Evaluating 'mpris-server' ...
  got v0.10.0
  has 170 dependencies
Evaluating 'box_drawing' ...
  got v0.1.2
  has 0 dependencies
Evaluating 'visible' ...
  got v0.0.1
  has 7 dependencies
Evaluating 'async-codec-lite' ...
  got v0.0.2
  has 17 dependencies
Evaluating 'objc2-app-kit' ...
  got v0.3.2
  has 13 dependencies
Evaluating 'outlines-core' ...
  got v0.2.14
  has 405 dependencies
Evaluating 'command_attr' ...
  got v0.5.4
  has 8 dependencies
Evaluating 'kdl' ...
  got v6.5.0
  has 24 dependencies
Evaluating 'pomelo-impl' ...
  got v0.2.3
  has 8 dependencies
Evaluating 'helix-tui' ...
  got v0.0.0
  has 0 dependencies
Evaluating 'gstreamer-controller' ...
  got v0.25.0
  has 103 dependencies
Evaluating 'warp-reverse-proxy' ...
  got v1.0.0
  has 294 dependencies
Evaluating 'google-cloud' ...
  got v0.2.1
  has 292 dependencies
Evaluating 'cosmwasm-schema' ...
  got v3.0.5
  has 89 dependencies
Evaluating 'gstreamer-mpegts-sys' ...
  got v0.25.0
  has 37 dependencies
Evaluating 'core-isa-parser' ...
  got v0.2.0
  has 27 dependencies
Evaluating 'cacao' ...
  got v0.3.2
  has 110 dependencies
Evaluating 'wasmer-go' ...
  got v0.0.1-dev
  has 0 dependencies
Evaluating 'is_terminal_polyfill' ...
  got v1.70.2
  has 0 dependencies
Evaluating 'parity-multiaddr' ...
  got v0.11.2
  has 120 dependencies
Evaluating 'i2c-pio' ...
  got v0.9.0
  has 166 dependencies
Evaluating 'ibc' ...
  got v0.57.0
  has 508 dependencies
Evaluating 'usbd-serial' ...
  got v0.2.2
  has 12 dependencies
Evaluating 'library_crate' ...
  got v0.1.2
  has 0 dependencies
Evaluating 'scan-rules' ...
  got v0.2.0
  has 9 dependencies
Evaluating 'skulpin-renderer' ...
  got v0.14.1
  has 174 dependencies
Evaluating 'jwt-hack' ...
  got v2.5.0
  has 457 dependencies
Evaluating 'rust-libindy-wrapper' ...
  got v0.2.13
  has 25 dependencies
Evaluating 'bitcoind' ...
  got v0.37.0
  has 68 dependencies
Evaluating 'opentelemetry-stdout' ...
  got v0.31.0
  has 47 dependencies
Evaluating 'deltalake-aws' ...
  got v0.15.0
  has 1006 dependencies
Evaluating 'mptcp-pm' ...
  got v0.1.4
  has 71 dependencies
Evaluating 'named_type_derive' ...
  got v0.2.2
  has 8 dependencies
Evaluating 'bitvector' ...
  got v0.1.5
  has 0 dependencies
Evaluating 'cln-rpc' ...
  got v0.6.0
  has 70 dependencies
Evaluating 'cloud-storage' ...
  got v0.11.1
  has 254 dependencies
Evaluating 'ttrpc-codegen' ...
  got v0.6.0
  has 95 dependencies
Evaluating 'datasize' ...
  got v0.2.15
  has 9 dependencies
Evaluating 'hello-rust' ...
  got v0.1.0
  has 0 dependencies
Evaluating 'ndarray-linalg' ...
  got v0.18.1
  has 59 dependencies
Evaluating 'subxt-codegen' ...
  got v0.50.1
  has 142 dependencies
Evaluating 'geographiclib' ...
  got v0.1.0
  has 4 dependencies
Evaluating 'pancurses' ...
  got v0.17.0
  has 9 dependencies
Evaluating 'javascriptcore5-rs-sys' ...
  got v0.3.1
  has 33 dependencies
Evaluating 'enum-display-macro' ...
  got v0.2.1
  has 19 dependencies
Evaluating 'shutdown' ...
  got v0.5.0
  has 55 dependencies
Evaluating 'solana-clap-v3-utils' ...
  got v3.1.14
  has 332 dependencies
Evaluating 'wasmer_inkwell' ...
  got v0.2.0-alpha.2
  has 31 dependencies
Evaluating 'dbus-codegen' ...
  got v0.12.0
  has 19 dependencies
Evaluating 'nvim-utils' ...
  got v0.1.12
  has 58 dependencies
Evaluating 'gstreamer-tag-sys' ...
  got v0.25.0
  has 31 dependencies
Evaluating 'servo-freetype-sys' ...
  got v4.0.5
  has 6 dependencies
Evaluating 'wasite' ...
  got v1.0.2
  has 3 dependencies
Evaluating 'usbd-hid-descriptors' ...
  got v0.10.0
  has 1 dependencies
Evaluating 'pyxel-engine' ...
  got v2.6.8
  has 343 dependencies
Evaluating 'r2d2_postgres' ...
  got v0.18.2
  has 106 dependencies
Evaluating 'termini' ...
  got v1.0.0
  has 1 dependencies
Evaluating 'evm-gasometer' ...
  got v0.43.0
  has 96 dependencies
Evaluating 'opentelemetry-stdout' ...
  got v0.31.0
  has 47 dependencies
Evaluating 'cidr' ...
  got v0.3.2
  has 0 dependencies
Evaluating 'prover-lab' ...
  ! crate not resolved: error: the crate `prover-lab` could not be found in registry index.
Evaluating 'runiq' ...
  got v2.1.0
  has 67 dependencies
Evaluating 'move-coverage' ...
  ! crate not resolved: error: the crate `move-coverage` could not be found in registry index.
Evaluating 'move-analyzer' ...
  ! crate not resolved: error: the crate `move-analyzer` could not be found in registry index.
Evaluating 'move-command-line-common' ...
  ! crate not resolved: error: the crate `move-command-line-common` could not be found in registry index.
Evaluating 'marlu' ...
  got v0.16.1
  has 255 dependencies
Evaluating 'libipld-core' ...
  ! crate not resolved:              + thiserror
Evaluating 'deltalake-azure' ...
  got v0.15.0
  has 744 dependencies
Evaluating 'gstreamer-validate' ...
  got v0.25.0
  has 104 dependencies
Evaluating 'logger' ...
  got v0.4.0
  has 80 dependencies
Evaluating 'lev_distance' ...
  got v0.1.1
  has 0 dependencies
Evaluating 'winit-test' ...
  got v0.2.0
  has 136 dependencies
Evaluating 'datafusion-physical-optimizer' ...
  got v53.1.0
  has 524 dependencies
Evaluating 'pallet-gilt' ...
  ! crate not resolved: error: the crate `pallet-gilt` could not be found in registry index.
Evaluating 'int_traits' ...
  got v0.1.1
  has 0 dependencies
Evaluating 'panic-semihosting' ...
  got v0.6.0
  has 15 dependencies
Evaluating 'async-codec-lite' ...
  got v0.0.2
  has 17 dependencies
Evaluating 'x509-certificate' ...
  got v0.25.0
  has 43 dependencies
Evaluating 'zenoh-link-tls' ...
  got v1.9.0
  has 438 dependencies
Evaluating 'edit' ...
  got v0.1.5
  has 15 dependencies
Evaluating 'subset' ...
  got v0.3.0
  has 0 dependencies
Evaluating 'gstreamer-rtsp-server-sys' ...
  got v0.25.0
  has 59 dependencies
Evaluating 'jiter' ...
  got v0.14.0
  has 27 dependencies
Evaluating 'solana-cargo-build-sbf' ...
  got v4.0.0
  has 491 dependencies
Evaluating 'solana-sys-tuner' ...
  got v1.14.29
  has 388 dependencies
Evaluating 'polar-core' ...
  got v0.27.3
  has 67 dependencies
Evaluating 'text_io' ...
  got v0.1.13
  has 0 dependencies
Evaluating 'tree-sitter-ql-dbscheme' ...
  got v0.23.1
  has 5 dependencies
Evaluating 'gstreamer-rtsp' ...
  got v0.25.0
  has 114 dependencies
Evaluating 'indy-sys' ...
  got v1.16.0
  has 23 dependencies
Evaluating 'ra-ap-rustc_lexer' ...
  got v0.162.0
  has 3 dependencies
Evaluating 'evm-runtime' ...
  got v0.43.0
  has 92 dependencies
Evaluating 'blazesym' ...
  got v0.2.3
  has 15 dependencies
Evaluating 'config-file' ...
  got v0.2.3
  has 14 dependencies
Evaluating 'portable-atomic-util' ...
  got v0.2.7
  has 1 dependencies
Evaluating 'prometheus_exporter' ...
  got v0.8.5
  has 109 dependencies
Evaluating 'ark-snark' ...
  got v0.6.0
  has 85 dependencies
Evaluating 'stdext' ...
  got v0.3.3
  has 0 dependencies
Evaluating 'esp-idf-sys' ...
  got v0.37.2
  has 167 dependencies
Evaluating 'gstreamer-allocators' ...
  got v0.25.0
  has 103 dependencies
Evaluating 'tower-h2' ...
  got v0.0.0
  has 0 dependencies
Evaluating 'fat-macho' ...
  got v0.4.10
  has 29 dependencies
Evaluating 'guess_host_triple' ...
  got v0.1.5
  has 4 dependencies
Evaluating 'gvdb-macros' ...
  got v0.1.16
  has 61 dependencies
Evaluating 'enum-flags' ...
  got v0.4.0
  has 8 dependencies
Evaluating 'esp-println' ...
  got v0.17.0
  has 43 dependencies
Evaluating 'tower_governor' ...
  got v0.8.0
  has 242 dependencies
Evaluating 'zenoh-link-udp' ...
  got v1.9.0
  has 516 dependencies
Evaluating 'move-borrow-graph' ...
  ! crate not resolved: error: the crate `move-borrow-graph` could not be found in registry index.
Evaluating 'z-serial' ...
  got v0.3.1
  has 70 dependencies
Evaluating 'pdf' ...
  got v0.10.0
  has 95 dependencies
Evaluating 'ptree' ...
  got v0.5.2
  has 118 dependencies
Evaluating 'equator' ...
  got v0.6.0
  has 1 dependencies
Evaluating 'rtic-monotonic' ...
  got v1.0.0
  has 0 dependencies
Evaluating 'esp32s3' ...
  got v0.35.2
  has 1 dependencies
Evaluating 'deadpool-postgres' ...
  got v0.14.1
  has 112 dependencies
Evaluating 'platform' ...
  got v1.0.2
  has 0 dependencies
Evaluating 'mitata' ...
  got v0.0.7
  has 13 dependencies
Evaluating 'main' ...
  got v0.1.0
  has 0 dependencies
Evaluating 'crc64fast-nvme' ...
  got v1.2.1
  has 2 dependencies
Evaluating 'uds' ...
  got v0.4.2
  has 1 dependencies
Evaluating 'move-binary-format' ...
  ! crate not resolved: error: the crate `move-binary-format` could not be found in registry index.
Evaluating 'move-prover-boogie-backend' ...
  ! crate not resolved: error: the crate `move-prover-boogie-backend` could not be found in registry index.
Evaluating 'evcxr_runtime' ...
  got v1.1.0
  has 0 dependencies
Evaluating 'ros_message' ...
  got v0.1.1
  has 39 dependencies
Evaluating 'mwa_hyperbeam' ...
  got v0.10.4
  has 261 dependencies
Evaluating 'tower-timeout' ...
  got v0.3.0
  has 16 dependencies
Evaluating 'azure_svc_blobstorage' ...
  got v0.21.0
  has 341 dependencies
Evaluating 'test-project' ...
  got v2.3.0
  has 0 dependencies
Evaluating 'function' ...
  got v0.2.0
  has 0 dependencies
Evaluating 'crossfire' ...
  got v3.1.7
  has 10 dependencies
Evaluating 'superslice' ...
  got v1.0.0
  has 0 dependencies
Evaluating 'easycurses' ...
  got v0.13.0
  has 10 dependencies
Evaluating 'concat-with' ...
  got v0.2.9
  has 0 dependencies
Evaluating 'solana-cargo-test-sbf' ...
  got v4.0.0
  has 78 dependencies
Evaluating 'tree-sitter-sus' ...
  got v0.3.10
  has 27 dependencies
Evaluating 'esp-hal-common' ...
  got v0.15.0
  has 96 dependencies
Evaluating 'cosmwasm-schema-derive' ...
  got v3.0.5
  has 8 dependencies
Evaluating 'pio-proc' ...
  got v0.3.0
  has 85 dependencies
Evaluating 'd4-framefile' ...
  got v0.3.9
  has 0 dependencies
Evaluating 'pyo3-asyncio-macros' ...
  got v0.20.0
  has 8 dependencies
Evaluating 'hifitime' ...
  got v4.2.6
  has 39 dependencies
Evaluating 'datafusion-common-runtime' ...
  got v53.1.0
  has 37 dependencies
Evaluating 'esp-idf-svc' ...
  got v0.52.1
  has 244 dependencies
Evaluating 'amiquip' ...
  got v0.4.2
  has 220 dependencies
Evaluating 'serde-reflection' ...
  got v0.5.2
  has 25 dependencies
Evaluating 'ansi-escapes' ...
  got v0.2.0
  has 0 dependencies
Evaluating 'sus_compiler' ...
  got v0.3.10
  has 139 dependencies
Evaluating 'module-generation' ...
  ! crate not resolved: error: the crate `module-generation` could not be found in registry index.
Evaluating 'smt2parser' ...
  got v0.6.1
  has 114 dependencies
Evaluating 'wasmer-c-api' ...
  got v7.1.0
  has 1088 dependencies
Evaluating 'plrust-trusted-pgrx' ...
  got v1.2.8
  has 226 dependencies
Evaluating 'win32console' ...
  got v0.1.5
  has 1 dependencies
Evaluating 'ocaml' ...
  got v1.3.0
  has 18 dependencies
Evaluating 'zenoh-cfg-properties' ...
  got v0.7.2-rc
  has 2 dependencies
Evaluating 'move-cli' ...
  ! crate not resolved: error: the crate `move-cli` could not be found in registry index.
Evaluating 'dprint-core' ...
  got v0.67.4
  has 24 dependencies
Evaluating 'embedded-time' ...
  got v0.12.1
  has 18 dependencies
Evaluating 'google-cloud-gax' ...
  got v1.9.1
  has 167 dependencies
Evaluating 'codspeed-bencher-compat' ...
  got v4.5.0
  has 42 dependencies
Evaluating 'objc2-proc-macros' ...
  got v0.2.0
  has 0 dependencies
Evaluating 'svgbob_cli' ...
  got v0.7.6
  has 201 dependencies
Evaluating 'noodles-core' ...
  got v0.19.0
  has 2 dependencies
Evaluating 'noodles-csi' ...
  got v0.55.0
  has 14 dependencies
Evaluating 'noodles-sam' ...
  got v0.84.0
  has 33 dependencies
Evaluating 'noodles-fastq' ...
  got v0.22.0
  has 3 dependencies
Evaluating 'redis-module' ...
  got v2.0.7
  has 112 dependencies
Evaluating 'move-ir-compiler-transactional-tests' ...
  ! crate not resolved: error: the crate `move-ir-compiler-transactional-tests` could not be found in registry index.
Evaluating 'drain' ...
  got v0.2.1
  has 11 dependencies
Evaluating 'delta_kernel_derive' ...
  got v0.21.0
  has 8 dependencies
Evaluating 'stm32f7' ...
  got v0.16.0
  has 25 dependencies
Evaluating 'du-dust' ...
  got v1.2.4
  has 99 dependencies
Evaluating 'ark-nonnative-field' ...
  got v0.3.0
  has 88 dependencies
Evaluating 'paho-mqtt-sys' ...
  got v0.11.0
  has 11 dependencies
Evaluating 'hdwallet' ...
  got v0.4.1
  has 25 dependencies
Evaluating 'mpris-server' ...
  got v0.10.0
  has 170 dependencies
Evaluating 'bytecodec' ...
  got v0.5.0
  has 10 dependencies
Evaluating 'qutex' ...
  got v0.2.6
  has 12 dependencies
Evaluating 'zellij' ...
  got v0.44.1
  has 941 dependencies
Evaluating 'identity-hash' ...
  got v0.1.0
  has 0 dependencies
Evaluating 'awaitdrop' ...
  got v0.1.2
  has 42 dependencies
Evaluating 'usbd-hid' ...
  got v0.10.0
  has 28 dependencies
Evaluating 'futures-executor-preview' ...
  got v0.2.2
  has 19 dependencies
Evaluating 'unzip-n' ...
  got v0.1.4
  has 8 dependencies
Evaluating 'wkt' ...
  got v0.14.0
  has 19 dependencies
Evaluating 'sublime_fuzzy' ...
  got v0.7.0
  has 0 dependencies
Evaluating 'defmt-rtt' ...
  got v1.1.0
  has 25 dependencies
Evaluating 'ed25519-dalek-fiat' ...
  got v0.1.0
  has 41 dependencies
Evaluating 'rustc-ap-rustc_cratesio_shim' ...
  got v520.0.0
  has 3 dependencies
Evaluating 'svm-rs-builds' ...
  got v0.5.24
  has 266 dependencies
Evaluating 'move-disassembler' ...
  ! crate not resolved: error: the crate `move-disassembler` could not be found in registry index.
Evaluating 'rumqttc' ...
  got v0.25.1
  has 90 dependencies
Evaluating 'esp-hal-smartled' ...
  got v0.17.0
  has 144 dependencies
Evaluating 'aya-log' ...
  got v0.2.1
  has 55 dependencies
Evaluating 'objc2-core-data' ...
  got v0.3.2
  has 12 dependencies
Evaluating 'fruity__bbqsrc' ...
  got v0.2.0
  has 1 dependencies
Evaluating 'blake2b-rs' ...
  got v0.2.0
  has 5 dependencies
Evaluating 'embedded-storage' ...
  got v0.3.1
  has 0 dependencies
Evaluating 'bpf-linker' ...
  got v0.10.3
  has 122 dependencies
Evaluating 'sprs' ...
  got v0.11.4
  has 35 dependencies
Evaluating 'command_attr' ...
  got v0.5.4
  has 8 dependencies
Evaluating 'criterion-cpu-time' ...
  got v0.1.0
  has 67 dependencies
Evaluating 'mutex-trait' ...
  got v0.2.0
  has 0 dependencies
Evaluating 'mptcp-pm' ...
  got v0.1.4
  has 71 dependencies
Evaluating 'named_type_derive' ...
  got v0.2.2
  has 8 dependencies
Evaluating 'bitvector' ...
  got v0.1.5
  has 0 dependencies
Evaluating 'gstreamer-editing-services' ...
  got v0.25.0
  has 173 dependencies
Evaluating 'ttrpc-codegen' ...
  got v0.6.0
  has 95 dependencies
Evaluating 'databake' ...
  got v0.2.1
  has 4 dependencies
Evaluating 'eieio' ...
  got v1.0.0
  has 0 dependencies
Evaluating 'subxt-codegen' ...
  got v0.50.1
  has 142 dependencies
Evaluating 'hello-rust' ...
  got v0.1.0
  has 0 dependencies
Evaluating 'circular-queue' ...
  got v0.2.7
  has 2 dependencies
Evaluating 'stm32f7xx-hal' ...
  got v0.8.0
  has 54 dependencies
Evaluating 'deltalake-core' ...
  got v0.32.0
  has 737 dependencies
Evaluating 'vsprintf' ...
  got v2.0.0
  has 5 dependencies
Evaluating 'gdi32-sys' ...
  got v0.2.0
  has 3 dependencies
Evaluating 'geographiclib' ...
  got v0.1.0
  has 4 dependencies
Evaluating 'dbus-codegen' ...
  got v0.12.0
  has 19 dependencies
Evaluating 'apache-avro-test-helper' ...
  got v0.21.0
  has 24 dependencies
Evaluating 'routinator' ...
  got v0.15.1
  has 385 dependencies
Evaluating 'ndarray-npy' ...
  got v0.10.0
  has 66 dependencies
Evaluating 'prometheus-http-query' ...
  got v0.8.3
  has 235 dependencies
Evaluating 'lapacke' ...
  got v0.5.0
  has 7 dependencies
Evaluating 'rp2040-boot2' ...
  got v0.3.0
  has 3 dependencies
Evaluating 'font-types' ...
  got v0.11.3
  has 0 dependencies
Evaluating 'zenoh-link-commons' ...
  got v1.9.0
  has 242 dependencies
Evaluating 'stm32h7' ...
  got v0.16.0
  has 25 dependencies
Evaluating 'xdp' ...
  got v0.7.3
  has 0 dependencies
Evaluating 'rosrust_codegen' ...
  got v0.9.6
  has 62 dependencies
Evaluating 'rust-crypto-wasm' ...
  got v0.3.1
  has 12 dependencies
Evaluating 'google-cloud-derive' ...
  got v0.2.1
  has 19 dependencies
Evaluating 'zenoh-core' ...
  got v1.9.0
  has 100 dependencies
Evaluating 'fax_derive' ...
  got v0.2.0
  has 8 dependencies
Evaluating 'wasmer-engine-staticlib' ...
  got v2.3.0
  has 183 dependencies
Evaluating 'move-compiler-transactional-tests' ...
  ! crate not resolved: error: the crate `move-compiler-transactional-tests` could not be found in registry index.
Evaluating 'axum-tracing-opentelemetry' ...
  got v0.33.1
  has 123 dependencies
Evaluating 'aws-lc-rs' ...
  got v1.16.3
  has 14 dependencies
Evaluating 'wallpaper' ...
  got v3.2.0
  has 14 dependencies
Evaluating 'xtensa-lx-rt-proc-macros' ...
  got v0.5.0
  has 8 dependencies
Evaluating 'pyxel-wrapper' ...
  got v2.6.8
  has 371 dependencies
Evaluating 'z3tracer' ...
  got v0.11.2
  has 118 dependencies
Evaluating 'htmlq' ...
  got v0.4.0
  has 195 dependencies
Evaluating 'ngrok' ...
  got v0.18.0
  has 361 dependencies
Evaluating 'zenoh-link-unixsock_stream' ...
  got v1.9.0
  has 272 dependencies
Evaluating 'indy-vdr' ...
  got v0.4.3
  has 252 dependencies
Evaluating 'ioctl-gen' ...
  got v0.1.1
  has 0 dependencies
Evaluating 'skulpin-app-winit' ...
  got v0.14.1
  has 177 dependencies
Evaluating 'zenoh' ...
  got v1.9.0
  has 897 dependencies
Evaluating 'numfmt' ...
  got v1.2.0
  has 2 dependencies
Evaluating 'hdf5-src' ...
  got v0.8.1
  has 5 dependencies
Evaluating 'ndarray-linalg' ...
  got v0.18.1
  has 59 dependencies
Evaluating 'kmip-protocol' ...
  got v0.4.3
  has 45 dependencies
Evaluating 'move-vm-test-utils' ...
  ! crate not resolved: error: the crate `move-vm-test-utils` could not be found in registry index.
Evaluating 'linefeed' ...
  got v0.6.0
  has 34 dependencies
Evaluating 'extprim' ...
  got v1.7.1
  has 45 dependencies
Evaluating 'tendermint-light-client' ...
  got v0.40.4
  has 400 dependencies
Evaluating 'ocaml-gen-derive' ...
  got v1.0.0
  has 10 dependencies
Evaluating 'databake-derive' ...
  got v0.2.1
  has 12 dependencies
Evaluating 'datafusion-functions-aggregate' ...
  got v53.1.0
  has 436 dependencies
Evaluating 'libbpf-sys' ...
  got v1.7.0+v1.7.0
  has 11 dependencies
Evaluating 'sdio-host' ...
  got v0.9.0
  has 0 dependencies
Evaluating 'lightning-net-tokio' ...
  got v0.2.0
  has 54 dependencies
Evaluating 'esp-synopsys-usb-otg' ...
  got v0.4.2
  has 13 dependencies
Evaluating 'magic-wormhole' ...
  got v0.8.0
  has 434 dependencies
Evaluating 'poise_macros' ...
  got v0.6.1
  has 20 dependencies
Evaluating 'embedded-display-controller' ...
  got v0.2.0
  has 0 dependencies
Evaluating 'async-tar' ...
  got v0.6.0
  has 81 dependencies
Evaluating 'format_num' ...
  got v0.1.0
  has 9 dependencies
Evaluating 'datasize' ...
  got v0.2.15
  has 9 dependencies
Evaluating 'minify-html-common' ...
  got v0.0.3
  has 32 dependencies
Evaluating 'wagyu-zcash-parameters-3' ...
  got v0.2.0
  has 0 dependencies
Evaluating 'binance' ...
  got v0.21.2
  has 273 dependencies
Evaluating 'tinyset' ...
  got v0.5.3
  has 9 dependencies
Evaluating 'pdf_derive' ...
  got v0.3.0
  has 8 dependencies
Evaluating 'helix-tui' ...
  got v0.0.0
  has 0 dependencies
Evaluating 'invalid-mutations' ...
  ! crate not resolved: error: the crate `invalid-mutations` could not be found in registry index.
Evaluating 'beefy-primitives' ...
  ! crate not resolved: error: the crate `beefy-primitives` could not be found in registry index.
Evaluating 'deelevate' ...
  got v0.2.0
  has 110 dependencies
Evaluating 'check-latest' ...
  got v1.0.2
  has 209 dependencies
Evaluating 'miracl_amcl' ...
  got v3.2.5
  has 0 dependencies
Evaluating 'nu' ...
  got v0.112.2
  has 1518 dependencies
Evaluating 'iptables' ...
  got v0.6.0
  has 10 dependencies
Evaluating 'lapack-sys' ...
  got v0.15.0
  has 1 dependencies
Evaluating 'raw-window-metal' ...
  got v1.1.0
  has 0 dependencies
Evaluating 'testing_logger' ...
  got v0.1.1
  has 1 dependencies
Evaluating 'webrtc-vad' ...
  got v0.4.0
  has 4 dependencies
Evaluating 'smart-leds' ...
  got v0.4.0
  has 2 dependencies
Evaluating 'noodles-bgzf' ...
  got v0.46.0
  has 5 dependencies
Evaluating 'jsonpath-rust' ...
  got v1.0.4
  has 49 dependencies
Evaluating 'protoc-gen-prost' ...
  got v0.5.0
  has 46 dependencies
Evaluating 'hdpath' ...
  got v0.7.0
  has 1 dependencies
Evaluating 'noodles-gtf' ...
  got v0.51.0
  has 39 dependencies
Evaluating 'aya-log-ebpf' ...
  got v0.1.0
  has 63 dependencies
Evaluating 'spl-instruction-padding' ...
  got v0.3.0
  has 55 dependencies
Evaluating 'sauron-core' ...
  got v0.70.0
  has 91 dependencies
Evaluating 'move-abigen' ...
  ! crate not resolved: error: the crate `move-abigen` could not be found in registry index.
Evaluating 'wagyu-zcash-parameters-4' ...
  got v0.2.0
  has 0 dependencies
Evaluating 'test-helper' ...
  got v0.1.0
  has 40 dependencies
Evaluating 'protoc-gen-prost-serde' ...
  got v0.4.0
  has 55 dependencies
Evaluating 'esp32s2' ...
  got v0.31.2
  has 1 dependencies
Evaluating 'zenoh-sync' ...
  got v1.9.0
  has 146 dependencies
Evaluating 'gstreamer-validate-sys' ...
  got v0.25.0
  has 37 dependencies
Evaluating 'polib' ...
  got v0.3.0
  has 3 dependencies
Evaluating 'datatest-stable' ...
  got v0.3.3
  has 39 dependencies
Evaluating 'skulpin-renderer-winit' ...
  got v0.5.1
  has 242 dependencies
Evaluating 'wasapi' ...
  got v0.23.0
  has 41 dependencies
Evaluating 'linereader' ...
  got v0.4.0
  has 1 dependencies
Evaluating 'move-vm-runtime' ...
  ! crate not resolved: error: the crate `move-vm-runtime` could not be found in registry index.
Evaluating 'create-tauri-app' ...
  got v4.7.0
  has 103 dependencies
Evaluating 'hyper-http-proxy' ...
  got v1.1.0
  has 93 dependencies
Evaluating 'procs' ...
  got v0.14.11
  has 385 dependencies
Evaluating 'schema_registry_converter' ...
  got v4.8.0
  has 243 dependencies
Evaluating 'move-ir-types' ...
  ! crate not resolved: error: the crate `move-ir-types` could not be found in registry index.
Evaluating 'enum_delegate_lib' ...
  got v0.2.0
  has 18 dependencies
Evaluating 'core_arch' ...
  got v0.1.5
  has 0 dependencies
Evaluating 'move-docgen' ...
  ! crate not resolved: error: the crate `move-docgen` could not be found in registry index.
Evaluating 'wasm-gc-api' ...
  got v0.1.11
  has 4 dependencies
Evaluating 'sus-proc-macro' ...
  got v0.3.10
  has 37 dependencies
Evaluating 'zenoh-plugin-rest' ...
  got v1.9.0
  has 1300 dependencies
Evaluating 'move-bytecode-viewer' ...
  ! crate not resolved: error: the crate `move-bytecode-viewer` could not be found in registry index.
Evaluating 'jellyfish' ...
  got v1.0.0
  has 52 dependencies
Evaluating 'dynamodb_lock' ...
  got v0.6.1
  has 229 dependencies
Evaluating 'windirs' ...
  got v1.0.1
  has 1 dependencies
Evaluating 'hd44780-driver' ...
  got v0.4.0
  has 4 dependencies
Evaluating 'libtetris' ...
  ! crate not resolved: error: the crate `libtetris` could not be found in registry index.
Evaluating 'datafusion-functions-nested' ...
  got v53.1.0
  has 480 dependencies
Evaluating 'ibc-relayer' ...
  ! crate not resolved: error: failed to select a version for the requirement `core2 = "^0.3"`
Evaluating 'panic-rtt-target' ...
  got v0.2.0
  has 6 dependencies
Evaluating 'move-ir-to-bytecode-syntax' ...
  ! crate not resolved: error: the crate `move-ir-to-bytecode-syntax` could not be found in registry index.
Evaluating 'skrifa' ...
  got v0.42.1
  has 14 dependencies
Evaluating 'enum_delegate' ...
  got v0.2.0
  has 22 dependencies
Evaluating 'zenoh-util' ...
  got v1.9.0
  has 171 dependencies
Evaluating 'sd' ...
  got v1.0.0
  has 62 dependencies
Evaluating 'cidre' ...
  got v0.15.0
  has 40 dependencies
Evaluating 'lru-disk-cache' ...
  ! crate not resolved: error: the crate `lru-disk-cache` could not be found in registry index.
Evaluating 'nvim-utils' ...
  got v0.1.12
  has 58 dependencies
Evaluating 'sema' ...
  got v0.1.4
  has 7 dependencies
Evaluating 'solana-connection-cache' ...
  got v3.1.14
  has 385 dependencies
Evaluating 'ibc' ...
  got v0.57.0
  has 508 dependencies
Evaluating 'esp-hal-procmacros' ...
  got v0.22.0
  has 20 dependencies
Evaluating 'jsonxf' ...
  got v1.1.1
  has 3 dependencies
Evaluating 'gstreamer-controller' ...
  got v0.25.0
  has 103 dependencies
Evaluating 'uhlc' ...
  got v0.9.0
  has 25 dependencies
Evaluating 'nispor' ...
  got v2.0.2
  has 143 dependencies
Evaluating 'cuda-runtime-sys' ...
  got v0.3.0-alpha.1
  has 3 dependencies
Evaluating 'datafusion-physical-expr-common' ...
  got v53.1.0
  has 220 dependencies
Evaluating 'rawsample' ...
  got v0.2.0
  has 3 dependencies
Evaluating 'android-wakelock' ...
  got v0.1.0
  has 27 dependencies
Evaluating 'move-ir-to-bytecode' ...
  ! crate not resolved: error: the crate `move-ir-to-bytecode` could not be found in registry index.
Evaluating 'gcp-bigquery-client' ...
  got v0.28.0
  has 446 dependencies
Evaluating 'esp-backtrace' ...
  got v0.19.0
  has 36 dependencies
Evaluating 'skulpin-renderer-sdl2' ...
  got v0.5.1
  has 253 dependencies
Evaluating 'extended' ...
  got v0.1.0
  has 0 dependencies
Evaluating 'xtensa-lx-rt' ...
  got v0.22.0
  has 13 dependencies
Evaluating 'cudarc' ...
  got v0.19.4
  has 2 dependencies
Evaluating 'tokio-connect' ...
  got v0.0.0
  has 0 dependencies
Evaluating 'zenoh-link-ws' ...
  got v1.9.0
  has 365 dependencies
Evaluating 'google-cloud-metadata' ...
  got v0.5.1
  has 180 dependencies
Evaluating 'ringbuffer-spsc' ...
  got v0.2.2
  has 1 dependencies
Evaluating 'tower-grpc-build' ...
  got v0.1.0
  has 59 dependencies
Evaluating 'move-bytecode-utils' ...
  ! crate not resolved: error: the crate `move-bytecode-utils` could not be found in registry index.
Evaluating 'equator-macro' ...
  got v0.6.0
  has 0 dependencies
Evaluating 'match_token' ...
  got v0.35.0
  has 8 dependencies
Evaluating 'speech-dispatcher' ...
  got v0.16.0
  has 37 dependencies
Evaluating 'helix-lsp' ...
  got v0.0.0
  has 0 dependencies
Evaluating 'move-stackless-bytecode' ...
  ! crate not resolved: error: the crate `move-stackless-bytecode` could not be found in registry index.
Evaluating 'test-generation' ...
  ! crate not resolved: error: the crate `test-generation` could not be found in registry index.
Evaluating 'embedded-io-async' ...
  got v0.7.0
  has 1 dependencies
Evaluating 'embassy-macros' ...
  got v0.2.1
  has 20 dependencies
Evaluating 'tzdb_data' ...
  got v0.2.4
  has 1 dependencies
Evaluating 'rustc-literal-escaper' ...
  got v0.0.7
  has 0 dependencies
Evaluating 'proj-sys' ...
  got v0.27.0
  has 28 dependencies
Evaluating 'helix-term' ...
  got v0.0.0
  has 0 dependencies
Evaluating 'datafusion-proto' ...
  got v53.1.0
  has 712 dependencies
Evaluating 'subxt-metadata' ...
  got v0.50.1
  has 135 dependencies
Evaluating 'asexp' ...
  got v0.3.2
  has 0 dependencies
Evaluating 'add-determinism' ...
  got v0.7.3
  has 117 dependencies
Evaluating 'ureq-proto' ...
  got v0.6.0
  has 6 dependencies
Evaluating 'jiff' ...
  got v0.2.24
  has 0 dependencies
Evaluating 'box_drawing' ...
  got v0.1.2
  has 0 dependencies
Evaluating 'visible' ...
  got v0.0.1
  has 7 dependencies
Evaluating 'objc2-app-kit' ...
  got v0.3.2
  has 13 dependencies
Evaluating 'symphonia-format-riff' ...
  got v0.5.5
  has 14 dependencies
Evaluating 'datafusion-proto-common' ...
  got v53.1.0
  has 210 dependencies
Evaluating 'kdl' ...
  got v6.5.0
  has 24 dependencies
Evaluating 'outlines-core' ...
  got v0.2.14
  has 405 dependencies
Evaluating 'pomelo-impl' ...
  got v0.2.3
  has 8 dependencies
Evaluating 'dhcproto' ...
  got v0.14.0
  has 124 dependencies
Evaluating 'subxt' ...
  got v0.50.1
  has 593 dependencies
Evaluating 'warp-reverse-proxy' ...
  got v1.0.0
  has 294 dependencies
Evaluating 'pomelo' ...
  got v0.2.3
  has 9 dependencies
Evaluating 'gstreamer-mpegts-sys' ...
  got v0.25.0
  has 37 dependencies
Evaluating 'core-isa-parser' ...
  got v0.2.0
  has 27 dependencies
Evaluating 'http-rest-file' ...
  got v0.5.1
  has 103 dependencies
Evaluating 'cacao' ...
  got v0.3.2
  has 110 dependencies
Evaluating 'is_terminal_polyfill' ...
  got v1.70.2
  has 0 dependencies
Evaluating 'wasmer-go' ...
  got v0.0.1-dev
  has 0 dependencies
Evaluating 'parity-multiaddr' ...
  got v0.11.2
  has 120 dependencies
Evaluating 'i2c-pio' ...
  got v0.9.0
  has 166 dependencies
Evaluating 'usbd-serial' ...
  got v0.2.2
  has 12 dependencies
Evaluating 'martian' ...
  got v0.3.0
  has 61 dependencies
Evaluating 'library_crate' ...
  got v0.1.2
  has 0 dependencies
Evaluating 'xcap' ...
  got v0.9.4
  has 433 dependencies
Evaluating 'jwt-hack' ...
  got v2.5.0
  has 457 dependencies
Evaluating 'skulpin-renderer' ...
  got v0.14.1
  has 174 dependencies
Evaluating 'scan-rules' ...
  got v0.2.0
  has 9 dependencies
Evaluating 'bitcoind' ...
  got v0.37.0
  has 68 dependencies
Evaluating 'lru-slab' ...
  got v0.1.2
  has 0 dependencies
Evaluating 'oso-derive' ...
  got v0.27.3
  has 7 dependencies
Evaluating 'rust-libindy-wrapper' ...
  got v0.2.13
  has 25 dependencies
Evaluating 'linked_list_allocator' ...
  got v0.10.6
  has 3 dependencies
Evaluating 'trait-variant' ...
  got v0.1.2
  has 8 dependencies
Evaluating 'rp2040-hal' ...
  got v0.12.0
  has 157 dependencies
Evaluating 'cloud-storage' ...
  got v0.11.1
  has 254 dependencies
Evaluating 'cln-rpc' ...
  got v0.6.0
  has 70 dependencies
Evaluating 'git-delta' ...
  got v0.19.2
  has 405 dependencies
Evaluating 'javascriptcore5-rs-sys' ...
  got v0.3.1
  has 33 dependencies
Evaluating 'pancurses' ...
  got v0.17.0
  has 9 dependencies
Evaluating 'enum-display-macro' ...
  got v0.2.1
  has 19 dependencies
Evaluating 'shutdown' ...
  got v0.5.0
  has 55 dependencies
Evaluating 'solana-clap-v3-utils' ...
  got v3.1.14
  has 332 dependencies
Evaluating 'gstreamer-tag-sys' ...
  got v0.25.0
  has 31 dependencies
Evaluating 'mirai-annotations' ...
  got v1.12.0
  has 0 dependencies
Evaluating 'once_cell_polyfill' ...
  got v1.70.2
  has 0 dependencies
Evaluating 'zenoh-plugin-trait' ...
  got v1.9.0
  has 318 dependencies
Evaluating 'indy-data-types' ...
  got v0.7.1
  has 84 dependencies
Evaluating 'indy' ...
  got v1.16.0
  has 71 dependencies
Evaluating 'futures-sink-preview' ...
  got v0.2.2
  has 5 dependencies
Evaluating 'float_extras' ...
  got v0.1.6
  has 1 dependencies
Evaluating 'postgres-shared' ...
  ! crate not resolved: error: failed to select a version for the requirement `hmac = "^0.1"`
Evaluating 'move-bytecode-verifier' ...
  ! crate not resolved: error: the crate `move-bytecode-verifier` could not be found in registry index.
Evaluating 'femtovg' ...
  got v0.23.2
  has 48 dependencies
Evaluating 'proc-maps' ...
  got v0.4.0
  has 1 dependencies
Evaluating 'gstreamer-editing-services-sys' ...
  got v0.25.0
  has 66 dependencies
Evaluating 'stm32-fmc' ...
  got v0.4.0
  has 1 dependencies
Evaluating 'futures-preview' ...
  got v0.2.2
  has 31 dependencies
Evaluating 'getch' ...
  got v0.3.1
  has 2 dependencies
Evaluating 'gstreamer-allocators-sys' ...
  got v0.25.0
  has 31 dependencies
Evaluating 'ttrpc-compiler' ...
  got v0.8.0
  has 91 dependencies
Evaluating 'maud' ...
  got v0.27.0
  has 16 dependencies
Evaluating 'ethereum' ...
  got v0.18.2
  has 159 dependencies
Evaluating 'malloced' ...
  got v1.3.1
  has 0 dependencies
Evaluating 'redjubjub' ...
  got v0.8.0
  has 61 dependencies
Evaluating 'pdqsort' ...
  got v1.0.3
  has 0 dependencies
Evaluating 'vcf' ...
  got v0.6.1
  has 14 dependencies
Evaluating 'ash-window' ...
  got v0.13.0
  has 2 dependencies
Evaluating 'init-tracing-opentelemetry' ...
  got v0.37.0
  has 73 dependencies
Evaluating 'evm-core' ...
  got v0.43.0
  has 74 dependencies
Evaluating 'hip-sys' ...
  got v0.1.1
  has 2 dependencies
Evaluating 'convert' ...
  got v0.2.0
  has 113 dependencies
Evaluating 'validated_struct' ...
  got v2.2.0
  has 15 dependencies
Evaluating 'selenium-rs' ...
  got v0.1.2
  has 376 dependencies
Evaluating 'starship' ...
  got v1.25.0
  has 849 dependencies
Evaluating 'zlib-rs' ...
  got v0.6.3
  has 0 dependencies
Evaluating 'libz-rs-sys' ...
  got v0.6.3
  has 1 dependencies
Evaluating 'quiche' ...
  got v0.28.0
  has 27 dependencies
Evaluating 'portaudio-rs' ...
  got v0.3.2
  has 6 dependencies
Evaluating 'datasize_derive' ...
  got v0.2.15
  has 8 dependencies
Evaluating 'dht-sensor' ...
  got v0.3.0
  has 1 dependencies
Evaluating 'aws-lc-sys' ...
  got v0.40.0
  has 11 dependencies
Evaluating 'navi' ...
  got v2.24.0
  has 169 dependencies
Evaluating 'vtracer-webapp' ...
  got v0.4.0
  has 63 dependencies
Evaluating 'cortex-m-log' ...
  got v0.8.0
  has 13 dependencies
Evaluating 'pyxel-platform' ...
  got v2.6.8
  has 62 dependencies
Evaluating 'thumbs' ...
  got v0.7.1
  has 25 dependencies
Evaluating 'actix-session' ...
  got v0.11.0
  has 302 dependencies
Evaluating 'paho-mqtt' ...
  got v0.14.0
  has 63 dependencies
Evaluating 'netavark' ...
  got v1.17.2
  has 561 dependencies
Evaluating 'tracing-filter' ...
  got v0.1.0-alpha.2
  has 77 dependencies
Evaluating 'multihash-codetable' ...
  got v0.2.2
  has 29 dependencies
Evaluating 'pdcurses-sys' ...
  got v0.7.1
  has 5 dependencies
Evaluating 'jiff-static' ...
  got v0.2.24
  has 8 dependencies
Evaluating 'syn-rsx' ...
  got v0.9.0
  has 16 dependencies
Evaluating 'build-deps' ...
  got v0.1.4
  has 1 dependencies
Evaluating 'scope' ...
  got v0.1.3
  has 0 dependencies
Evaluating 'suggest' ...
  got v0.5.1
  has 1 dependencies
Evaluating 'stun_codec' ...
  got v0.4.0
  has 31 dependencies
Evaluating 'serializer-tests' ...
  ! crate not resolved: error: the crate `serializer-tests` could not be found in registry index.
Evaluating 'service' ...
  got v0.2.2
  has 18 dependencies
Evaluating 'proj' ...
  got v0.31.0
  has 46 dependencies
Evaluating 'sppark' ...
  got v0.1.14
  has 10 dependencies
Evaluating 'zellij-client' ...
  got v0.44.1
  has 564 dependencies
Evaluating 'move-ethereum-abi' ...
  ! crate not resolved: error: the crate `move-ethereum-abi` could not be found in registry index.
Evaluating 'libseccomp-sys' ...
  got v0.3.0
  has 0 dependencies
Evaluating 'maud_macros' ...
  got v0.27.0
  has 14 dependencies
Evaluating 'bxcan' ...
  got v0.8.0
  has 5 dependencies
Evaluating 'embuild' ...
  got v0.33.1
  has 17 dependencies
Evaluating 'gstreamer-controller-sys' ...
  got v0.25.0
  has 32 dependencies
Evaluating 'cargo-ndk' ...
  got v4.1.2
  has 185 dependencies
Evaluating 'wagyu-zcash-parameters' ...
  got v0.2.0
  has 6 dependencies
Evaluating 'aya-log-parser' ...
  got v0.1.13
  has 12 dependencies
Evaluating 'better_any' ...
  got v0.2.1
  has 0 dependencies
Evaluating 'dockworker' ...
  got v0.16.0
  has 212 dependencies
Evaluating 'ra_ap_intern' ...
  got v0.0.330
  has 22 dependencies
Evaluating 'synopsys-usb-otg' ...
  got v0.5.0
  has 13 dependencies
Evaluating 'historian' ...
  got v4.0.4
  has 0 dependencies
Evaluating 'move-compiler' ...
  got v0.0.0
  has 0 dependencies
Evaluating 'cab' ...
  got v0.6.0
  has 14 dependencies
Evaluating 'move-ir-compiler' ...
  ! crate not resolved: error: the crate `move-ir-compiler` could not be found in registry index.
Evaluating 'tracing-chrome' ...
  got v0.7.2
  has 19 dependencies
Evaluating 'trezor-client' ...
  got v0.1.5
  has 61 dependencies
Evaluating 'rtt-target' ...
  got v0.6.2
  has 3 dependencies
Evaluating 'iref' ...
  got v4.0.0
  has 43 dependencies
Evaluating 'ark-ed-on-bn254' ...
  got v0.6.0
  has 86 dependencies
Evaluating 'google-cloud-token' ...
  got v0.1.2
  has 9 dependencies
Evaluating 'halo2_gadgets' ...
  got v0.4.0
  has 78 dependencies
Evaluating 'html-minifier' ...
  got v5.0.0
  has 31 dependencies
Evaluating 'zenoh-config' ...
  got v1.9.0
  has 275 dependencies
Evaluating 'arc-interner' ...
  got v0.7.0
  has 16 dependencies
Evaluating 'askalono' ...
  got v0.5.0
  has 56 dependencies
Evaluating 'pio-parser' ...
  got v0.3.0
  has 75 dependencies
Evaluating 'bindgen_cuda' ...
  got v0.1.6
  has 11 dependencies
Evaluating 'web_atoms' ...
  got v0.2.4
  has 27 dependencies
Evaluating 'esplora-client' ...
  got v0.12.3
  has 248 dependencies
Evaluating 'rtcc' ...
  got v0.4.0
  has 4 dependencies
Evaluating 'libbpf-rs' ...
  got v0.26.2
  has 20 dependencies
Evaluating 'lazy-static-include' ...
  got v3.2.1
  has 12 dependencies
Evaluating 'tree-sitter-cuda' ...
  got v0.21.1
  has 5 dependencies
Evaluating 'pct-str' ...
  got v3.0.1
  has 1 dependencies
Evaluating 'aya-rustc-llvm-proxy' ...
  got v0.10.0
  has 49 dependencies
Evaluating 'paperclip' ...
  got v0.9.7
  has 135 dependencies
Evaluating 'derive' ...
  got v1.0.0
  has 0 dependencies
Evaluating 'trait-set' ...
  got v0.3.0
  has 8 dependencies
Evaluating 'wagyu-zcash-parameters-5' ...
  got v0.2.0
  has 0 dependencies
Evaluating 'libbpf-cargo' ...
  got v0.26.2
  has 97 dependencies
Evaluating 'tint' ...
  got v1.0.1
  has 1 dependencies
Evaluating 'z85' ...
  got v3.0.7
  has 0 dependencies
Evaluating 'file_diff' ...
  got v1.0.0
  has 0 dependencies
Evaluating 'strcursor' ...
  got v0.2.5
  has 4 dependencies
Evaluating 'tobj' ...
  got v4.0.3
  has 9 dependencies
Evaluating 'esp-alloc' ...
  got v0.10.0
  has 97 dependencies
Evaluating 'better_typeid_derive' ...
  got v0.1.2
  has 8 dependencies
Evaluating 'accelerate-src' ...
  got v0.3.2
  has 0 dependencies
Evaluating 'ark-crypto-primitives' ...
  got v0.6.0
  has 140 dependencies
Evaluating 'apt-pkg-native' ...
  got v0.3.3
  has 6 dependencies
Evaluating 'zenoh-link-serial' ...
  got v1.9.0
  has 301 dependencies
Evaluating 'zellij-utils' ...
  got v0.44.1
  has 441 dependencies
Evaluating 'jmespath' ...
  got v0.5.0
  has 11 dependencies
Evaluating 'usbd-hid-macros' ...
  got v0.10.0
  has 21 dependencies
Evaluating 'webkit2gtk5-sys' ...
  got v0.3.0
  has 107 dependencies
Evaluating 'gstreamer-mpegts' ...
  got v0.25.0
  has 108 dependencies
Evaluating 'zenoh-crypto' ...
  got v1.9.0
  has 34 dependencies
Evaluating 'zenoh-buffers' ...
  got v1.9.0
  has 7 dependencies
Evaluating 'term-painter' ...
  got v0.4.0
  has 5 dependencies
Evaluating 'derive-error' ...
  got v0.0.5
  has 7 dependencies
Evaluating 'serde-name' ...
  got v0.2.1
  has 16 dependencies
Evaluating 'index' ...
  got v0.15.4
  has 45 dependencies
Evaluating 'minus' ...
  got v5.6.1
  has 40 dependencies
Evaluating 'noodles-bam' ...
  got v0.88.0
  has 40 dependencies
Evaluating 'noodles-bed' ...
  got v0.33.0
  has 37 dependencies
Evaluating 'ibc' ...
  got v0.57.0
  has 508 dependencies
Evaluating 'd4-hts' ...
  got v0.3.9
  has 55 dependencies
Evaluating 'mutex-trait' ...
  got v0.2.0
  has 0 dependencies
Evaluating 'fdcan' ...
  got v0.2.1
  has 7 dependencies
Evaluating 'code2prompt' ...
  got v4.2.0
  has 467 dependencies
Evaluating 'dns-sd' ...
  got v0.1.3
  has 3 dependencies
Evaluating 'jwt-hack' ...
  got v2.5.0
  has 457 dependencies
Evaluating 'skulpin-renderer' ...
  got v0.14.1
  has 174 dependencies
Evaluating 'lru-slab' ...
  got v0.1.2
  has 0 dependencies
Evaluating 'named_type_derive' ...
  got v0.2.2
  has 8 dependencies
Evaluating 'bitvector' ...
  got v0.1.5
  has 0 dependencies
Evaluating 'gstreamer-editing-services' ...
  got v0.25.0
  has 173 dependencies
Evaluating 'cloud-storage' ...
  got v0.11.1
  has 254 dependencies
Evaluating 'cargo-lints' ...
  got v0.1.0
  has 48 dependencies
Evaluating 'ttrpc-codegen' ...
  got v0.6.0
  has 95 dependencies
Evaluating 'subxt-codegen' ...
  got v0.50.1
  has 142 dependencies
Evaluating 'deltalake-core' ...
  got v0.32.0
  has 737 dependencies
Evaluating 'eieio' ...
  got v1.0.0
  has 0 dependencies
Evaluating 'geographiclib' ...
  got v0.1.0
  has 4 dependencies
Evaluating 'deltalake-aws' ...
  got v0.15.0
  has 1006 dependencies
Evaluating 'git-delta' ...
  got v0.19.2
  has 405 dependencies
Evaluating 'javascriptcore5-rs-sys' ...
  got v0.3.1
  has 33 dependencies
Evaluating 'pancurses' ...
  got v0.17.0
  has 9 dependencies
Evaluating 'enum-display-macro' ...
  got v0.2.1
  has 19 dependencies
Evaluating 'shutdown' ...
  got v0.5.0
  has 55 dependencies
Evaluating 'z3tracer' ...
  got v0.11.2
  has 118 dependencies
Evaluating 'solana-clap-v3-utils' ...
  got v3.1.14
  has 332 dependencies
Evaluating 'move-prover-test-utils' ...
  ! crate not resolved: error: the crate `move-prover-test-utils` could not be found in registry index.
Evaluating 'rusty-tesseract' ...
  got v1.1.10
  has 173 dependencies
Evaluating 'esp-idf-hal' ...
  got v0.46.2
  has 218 dependencies
Evaluating 'once_cell_polyfill' ...
  got v1.70.2
  has 0 dependencies
Evaluating 'scaling' ...
  got v0.1.3
  has 0 dependencies
Evaluating 'routinator' ...
  got v0.15.1
  has 385 dependencies
Evaluating 'futures-util-preview' ...
  got v0.2.2
  has 13 dependencies
Evaluating 'winsafe' ...
  got v0.0.27
  has 0 dependencies
Evaluating 'webkit2gtk5' ...
  got v0.3.0
  has 258 dependencies
Evaluating 'ndarray-npy' ...
  got v0.10.0
  has 66 dependencies
Evaluating 'float_extras' ...
  got v0.1.6
  has 1 dependencies
Evaluating 'prometheus-http-query' ...
  got v0.8.3
  has 235 dependencies
Evaluating 'zenoh-link-commons' ...
  got v1.9.0
  has 242 dependencies
Evaluating 'cidre' ...
  got v0.15.0
  has 40 dependencies
Evaluating 'femtovg' ...
  got v0.23.2
  has 48 dependencies
Evaluating 'gstreamer-editing-services-sys' ...
  got v0.25.0
  has 66 dependencies
Evaluating 'stm32-fmc' ...
  got v0.4.0
  has 1 dependencies
Evaluating 'rosrust_codegen' ...
  got v0.9.6
  has 62 dependencies
Evaluating 'ttrpc-compiler' ...
  got v0.8.0
  has 91 dependencies
Evaluating 'esp32s3-hal' ...
  got v0.15.1
  has 172 dependencies
Evaluating 'maud' ...
  got v0.27.0
  has 16 dependencies
Evaluating 'axum-tracing-opentelemetry' ...
  got v0.33.1
  has 123 dependencies
Evaluating 'cudarc' ...
  got v0.19.4
  has 2 dependencies
Evaluating 'ethereum' ...
  got v0.18.2
  has 159 dependencies
Evaluating 'malloced' ...
  got v1.3.1
  has 0 dependencies
Evaluating 'redjubjub' ...
  got v0.8.0
  has 61 dependencies
Evaluating 'tracing-opentelemetry-instrumentation-sdk' ...
  got v0.32.5
  has 38 dependencies
Evaluating 'init-tracing-opentelemetry' ...
  got v0.37.0
  has 73 dependencies
Evaluating 'pdqsort' ...
  got v1.0.3
  has 0 dependencies
Evaluating 'zenoh-util' ...
  got v1.9.0
  has 171 dependencies
Evaluating 'evm-core' ...
  got v0.43.0
  has 74 dependencies
Evaluating 'wasite' ...
  got v1.0.2
  has 3 dependencies
Evaluating 'cargo-deny' ...
  got v0.19.4
  has 267 dependencies
Evaluating 'aws-lc-rs' ...
  got v1.16.3
  has 14 dependencies
Evaluating 'libz-rs-sys' ...
  got v0.6.3
  has 1 dependencies
Evaluating 'portaudio-rs' ...
  got v0.3.2
  has 6 dependencies
Evaluating 'aws-lc-sys' ...
  got v0.40.0
  has 11 dependencies
Evaluating 'dht-sensor' ...
  got v0.3.0
  has 1 dependencies
Evaluating 'datasize_derive' ...
  got v0.2.15
  has 8 dependencies
Evaluating 'wallpaper' ...
  got v3.2.0
  has 14 dependencies
Evaluating 'vtracer-webapp' ...
  got v0.4.0
  has 63 dependencies
Evaluating 'pyxel-wrapper' ...
  got v2.6.8
  has 371 dependencies
Evaluating 'pyxel-platform' ...
  got v2.6.8
  has 62 dependencies
Evaluating 'pyxel-engine' ...
  got v2.6.8
  has 343 dependencies
Evaluating 'validated_struct' ...
  got v2.2.0
  has 15 dependencies
Evaluating 'htmlq' ...
  got v0.4.0
  has 195 dependencies
Evaluating 'ngrok' ...
  got v0.18.0
  has 361 dependencies
Evaluating 'thumbs' ...
  got v0.7.1
  has 25 dependencies
Evaluating 'enum_delegate' ...
  got v0.2.0
  has 22 dependencies
Evaluating 'actix-session' ...
  got v0.11.0
  has 302 dependencies
Evaluating 'zenoh-link-unixsock_stream' ...
  got v1.9.0
  has 272 dependencies
Evaluating 'r2d2_postgres' ...
  got v0.18.2
  has 106 dependencies
Evaluating 'syn-rsx' ...
  got v0.9.0
  has 16 dependencies
Evaluating 'stm32f7' ...
  got v0.16.0
  has 25 dependencies
Evaluating 'kmip-protocol' ...
  got v0.4.3
  has 45 dependencies
Evaluating 'runiq' ...
  got v2.1.0
  has 67 dependencies
Evaluating 'stun_codec' ...
  got v0.4.0
  has 31 dependencies
Evaluating 'deltalake-azure' ...
  got v0.15.0
  has 744 dependencies
Evaluating 'ocaml-gen-derive' ...
  got v1.0.0
  has 10 dependencies
Evaluating 'sppark' ...
  got v0.1.14
  has 10 dependencies
Evaluating 'sdio-host' ...
  got v0.9.0
  has 0 dependencies
Evaluating 'libseccomp-sys' ...
  got v0.3.0
  has 0 dependencies
Evaluating 'logger' ...
  got v0.4.0
  has 80 dependencies
Evaluating 'better_any' ...
  got v0.2.1
  has 0 dependencies
Evaluating 'int_traits' ...
  got v0.1.1
  has 0 dependencies
Evaluating 'panic-semihosting' ...
  got v0.6.0
  has 15 dependencies
Evaluating 'cab' ...
  got v0.6.0
  has 14 dependencies
Evaluating 'tracing-chrome' ...
  got v0.7.2
  has 19 dependencies
Evaluating 'rtt-target' ...
  got v0.6.2
  has 3 dependencies
Evaluating 'wagyu-zcash-parameters-3' ...
  got v0.2.0
  has 0 dependencies
Evaluating 'halo2_gadgets' ...
  got v0.4.0
  has 78 dependencies
Evaluating 'web_atoms' ...
  got v0.2.4
  has 27 dependencies
Evaluating 'arc-interner' ...
  got v0.7.0
  has 16 dependencies
Evaluating 'tree-sitter-cuda' ...
  got v0.21.1
  has 5 dependencies
Evaluating 'pct-str' ...
  got v3.0.1
  has 1 dependencies
Evaluating 'rtcc' ...
  got v0.4.0
  has 4 dependencies
Evaluating 'paperclip' ...
  got v0.9.7
  has 135 dependencies
Evaluating 'solana-sys-tuner' ...
  got v1.14.29
  has 388 dependencies
Evaluating 'wagyu-zcash-parameters-5' ...
  got v0.2.0
  has 0 dependencies
Evaluating 'file_diff' ...
  got v1.0.0
  has 0 dependencies
Evaluating 'z85' ...
  got v3.0.7
  has 0 dependencies
Evaluating 'wagyu-zcash-parameters-1' ...
  got v0.2.0
  has 0 dependencies
Evaluating 'accelerate-src' ...
  got v0.3.2
  has 0 dependencies
Evaluating 'nu' ...
  got v0.112.2
  has 1518 dependencies
Evaluating 'apt-pkg-native' ...
  got v0.3.3
  has 6 dependencies
Evaluating 'ark-snark' ...
  got v0.6.0
  has 85 dependencies
Evaluating 'trezor-client' ...
  got v0.1.5
  has 61 dependencies
Evaluating 'blazesym' ...
  got v0.2.3
  has 15 dependencies
Evaluating 'derive-error' ...
  got v0.0.5
  has 7 dependencies
Evaluating 'serde-name' ...
  got v0.2.1
  has 16 dependencies
Evaluating 'fastq' ...
  got v0.6.0
  has 16 dependencies
Evaluating 'enum-flags' ...
  got v0.4.0
  has 8 dependencies
Evaluating 'gvdb-macros' ...
  got v0.1.16
  has 61 dependencies
Evaluating 'syscalls' ...
  got v0.8.1
  has 15 dependencies
Evaluating 'z-serial' ...
  got v0.3.1
  has 70 dependencies
Evaluating 'wagyu-zcash-parameters-4' ...
  got v0.2.0
  has 0 dependencies
Evaluating 'test-helper' ...
  got v0.1.0
  has 40 dependencies
Evaluating 'memorable-wordlist' ...
  got v0.1.7
  has 11 dependencies
Evaluating 'candle-kernels' ...
  got v0.10.2
  has 57 dependencies
Evaluating 'ringbuffer-spsc' ...
  got v0.2.2
  has 1 dependencies
Evaluating 'jss' ...
  got v0.6.2
  has 20 dependencies
Evaluating 'rls-blacklist' ...
  got v0.1.3
  has 0 dependencies
Evaluating 'tokio-executor-trait' ...
  got v3.1.0
  has 19 dependencies
Evaluating 'mitata' ...
  got v0.0.7
  has 13 dependencies
Evaluating 'fluent-uri' ...
  got v0.4.1
  has 11 dependencies
Evaluating 'main' ...
  got v0.1.0
  has 0 dependencies
Evaluating 'rust-crypto-wasm' ...
  got v0.3.1
  has 12 dependencies
Evaluating 'move-package' ...
  ! crate not resolved: error: the crate `move-package` could not be found in registry index.
Evaluating 'rosrust' ...
  got v0.9.12
  has 292 dependencies
Evaluating 'tower-timeout' ...
  got v0.3.0
  has 16 dependencies
Evaluating 'test-project' ...
  got v2.3.0
  has 0 dependencies
Evaluating 'helix-core' ...
  got v0.0.0
  has 0 dependencies
Evaluating 'backend' ...
  got v0.1.6
  has 39 dependencies
Evaluating 'panic-itm' ...
  got v0.4.2
  has 13 dependencies
Evaluating 'easycurses' ...
  got v0.13.0
  has 10 dependencies
Evaluating 'core_arch' ...
  got v0.1.5
  has 0 dependencies
Evaluating 'wasmer-c-api' ...
  got v7.1.0
  has 1088 dependencies
Evaluating 'esp-alloc' ...
  got v0.10.0
  has 97 dependencies
Evaluating 'growable-bloom-filter' ...
  got v2.1.1
  has 14 dependencies
Evaluating 'objc2-core-foundation' ...
  got v0.3.2
  has 9 dependencies
Evaluating 'd4-framefile' ...
  got v0.3.9
  has 0 dependencies
Evaluating 'tryhard' ...
  got v0.5.2
  has 12 dependencies
Evaluating 'xtensa-lx' ...
  got v0.13.0
  has 1 dependencies
Evaluating 'zenoh-link-quic' ...
  got v1.9.0
  has 493 dependencies
Evaluating 'lapack' ...
  got v0.20.0
  has 7 dependencies
Evaluating 'ff_derive' ...
  got v0.13.1
  has 22 dependencies
Evaluating 'move-prover-boogie-backend' ...
  ! crate not resolved: error: the crate `move-prover-boogie-backend` could not be found in registry index.
Evaluating 'move-vm-types' ...
  ! crate not resolved: error: the crate `move-vm-types` could not be found in registry index.
Evaluating 'zellij-server' ...
  got v0.44.1
  has 611 dependencies
Evaluating 'd4tools' ...
  got v0.3.9
  has 311 dependencies
Evaluating 'sp-sandbox' ...
  got v0.9.0
  has 499 dependencies
Evaluating 'tui-textarea' ...
  got v0.7.0
  has 83 dependencies
Evaluating 'range-traits' ...
  got v0.3.2
  has 0 dependencies
Evaluating 'lightning-block-sync' ...
  got v0.2.0
  has 47 dependencies
Evaluating 'russh-keys' ...
  got v0.49.2
  has 335 dependencies
Evaluating 'ansi-to-html' ...
  got v0.2.2
  has 19 dependencies
Evaluating 'abnf' ...
  got v0.13.0
  has 5 dependencies
Evaluating 'simple-easing' ...
  got v1.0.2
  has 0 dependencies
Evaluating 'nonzero_signed' ...
  got v1.0.4
  has 1 dependencies
Evaluating 'solana-replica-lib' ...
  got v1.13.7
  has 1961 dependencies
Evaluating 'wit-bindgen-gen-guest-rust' ...
  got v0.3.0
  has 119 dependencies
Evaluating 'openssh-sftp-error' ...
  got v0.5.1
  has 26 dependencies
Evaluating 'random-bytes' ...
  got v1.0.2
  has 69 dependencies
Evaluating 'chronoutil' ...
  got v0.2.7
  has 4 dependencies
Evaluating 'pcsc-sys' ...
  got v1.3.0
  has 2 dependencies
Evaluating 'pinger' ...
  got v2.1.1
  has 26 dependencies
Evaluating 'cc-traits' ...
  got v2.0.0
  has 0 dependencies
Evaluating 'miden-air' ...
  got v0.22.1
  has 489 dependencies
Evaluating 'snmp-parser' ...
  got v0.11.0
  has 38 dependencies
Evaluating 'librqbit-core' ...
  got v5.0.0
  has 164 dependencies
Evaluating 'varisat-internal-proof' ...
  got v0.2.2
  has 2 dependencies
Evaluating 'talk-loco-client' ...
  got v0.6.1
  has 213 dependencies
Evaluating 'git-refspec' ...
  got v0.7.3
  has 69 dependencies
Evaluating 'nu-parser' ...
  got v0.112.2
  has 258 dependencies
Evaluating 'aptos-id-generator' ...
  ! crate not resolved: error: the crate `aptos-id-generator` could not be found in registry index.
Evaluating 'librqbit-dht' ...
  got v5.3.1
  has 251 dependencies
Evaluating 'deno_task_shell' ...
  got v0.29.0
  has 148 dependencies
Evaluating 'electrsd' ...
  got v0.37.0
  has 86 dependencies
Evaluating 'pinot' ...
  got v0.1.5
  has 0 dependencies
Evaluating 'mountpoint-s3' ...
  got v0.0.1
  has 0 dependencies
Evaluating 'sysfs' ...
  got v0.0.2
  has 22 dependencies
Evaluating 'getrandom_or_panic' ...
  got v0.0.3
  has 11 dependencies
Evaluating 'stable-eyre' ...
  got v0.2.2
  has 18 dependencies
Evaluating 'filecoin-proofs-api' ...
  got v19.1.0
  has 460 dependencies
Evaluating 'align-data' ...
  got v0.1.0
  has 0 dependencies
Evaluating 'noodles-tabix' ...
  got v0.61.0
  has 19 dependencies
Evaluating 'diem-crypto' ...
  got v0.0.3
  has 115 dependencies
Evaluating 'typos-dict' ...
  got v0.13.23
  has 8 dependencies
Evaluating 'spl-discriminator-syn' ...
  got v0.2.1
  has 28 dependencies
Evaluating 'aquatic_udp_protocol' ...
  got v0.9.0
  has 51 dependencies
Evaluating 'patch' ...
  got v0.7.0
  has 12 dependencies
Evaluating 'ckb-fixed-hash' ...
  got v1.1.0
  has 44 dependencies
Evaluating 'codicon' ...
  got v3.0.0
  has 0 dependencies
Evaluating 'ckb-occupied-capacity-core' ...
  got v1.1.0
  has 11 dependencies
Evaluating 'nom-packrat' ...
  got v0.7.0
  has 14 dependencies
Evaluating 'snarkvm-compiler' ...
  got v0.9.0
  has 405 dependencies
Evaluating 'captcha' ...
  got v1.0.0
  has 42 dependencies
Evaluating 'slab_typesafe' ...
  got v0.1.3
  has 1 dependencies
Evaluating 'lddtree' ...
  got v0.5.0
  has 19 dependencies
Evaluating 'readwrite' ...
  got v0.2.0
  has 0 dependencies
Evaluating 'deno_broadcast_channel' ...
  got v0.216.0
  has 0 dependencies
Evaluating 'torrust-tracker-configuration' ...
  got v3.0.0
  has 187 dependencies
Evaluating 'schemer' ...
  got v0.2.1
  has 18 dependencies
Evaluating 'git-prompt' ...
  got v0.3.3
  has 33 dependencies
Evaluating 'rinja_parser' ...
  got v0.4.0+deprecated
  has 0 dependencies
Evaluating 'dbs-interrupt' ...
  got v0.2.2
  has 30 dependencies
Evaluating 'chinese-numerals' ...
  got v0.2.2
  has 0 dependencies
Evaluating 'digest-buffer' ...
  got v0.3.1
  has 4 dependencies
Evaluating 'apple-flat-package' ...
  got v0.20.0
  has 334 dependencies
Evaluating 'aptos-network' ...
  ! crate not resolved: error: the crate `aptos-network` could not be found in registry index.
Evaluating 'aptos-ledger' ...
  ! crate not resolved: error: the crate `aptos-ledger` could not be found in registry index.
Evaluating 'datadog-crashtracker-ffi' ...
  got v0.0.0
  has 0 dependencies
Evaluating 'ruint' ...
  got v1.18.0
  has 1 dependencies
Evaluating 'procspawn' ...
  got v1.0.1
  has 62 dependencies
Evaluating 'cargo-xwin' ...
  got v0.22.0
  has 263 dependencies
Evaluating 'syn-test-suite' ...
  got v0.0.0+test
  has 0 dependencies
Evaluating 'fitsio' ...
  got v0.21.10
  has 4 dependencies
Evaluating 'aleo-wasm' ...
  got v0.7.1
  has 846 dependencies
Evaluating 'deno_io' ...
  got v0.156.0
  has 418 dependencies
Evaluating 'miden-crypto' ...
  got v0.24.0
  has 353 dependencies
Evaluating 'buildstructor' ...
  got v0.6.0
  has 24 dependencies
Evaluating 'extendr-macros' ...
  got v0.9.0
  has 9 dependencies
Evaluating 'extendr-api' ...
  got v0.9.0
  has 17 dependencies
Evaluating 'extendr-engine' ...
  got v0.9.0
  has 5 dependencies
Evaluating 'obey' ...
  got v0.1.1
  has 0 dependencies
Evaluating 'risc0-zkvm-circuit' ...
  got v0.11.1
  has 69 dependencies
Evaluating 'istring' ...
  got v0.4.7
  has 0 dependencies
Evaluating 'aptos-faucet-cli' ...
  ! crate not resolved: error: the crate `aptos-faucet-cli` could not be found in registry index.
Evaluating 'bellperson' ...
  got v0.27.0
  has 131 dependencies
Evaluating 'backslash' ...
  got v0.2.0
  has 0 dependencies
Evaluating 'cpio-archive' ...
  got v0.10.0
  has 17 dependencies
Evaluating 'deno_fs' ...
  got v0.156.0
  has 449 dependencies
Evaluating 'wasmer-wit-bindgen-rust-impl' ...
  got v0.1.1
  has 27 dependencies
Evaluating 'hyperloglog' ...
  got v1.0.3
  has 11 dependencies
Evaluating 'read-structure' ...
  got v0.3.0
  has 16 dependencies
Evaluating 'proc-status' ...
  got v0.1.1
  has 10 dependencies
Evaluating 'dav-server' ...
  got v0.11.0
  has 162 dependencies
Evaluating 'prometheus-metric-storage' ...
  got v0.6.0
  has 26 dependencies
Evaluating 'ui' ...
  got v0.1.0
  has 0 dependencies
Evaluating 'objc2-contacts' ...
  got v0.3.2
  has 8 dependencies
Evaluating 'hyper-named-pipe' ...
  got v0.1.0
  has 49 dependencies
Evaluating 'datafusion-substrait' ...
  got v53.1.0
  has 936 dependencies
Evaluating 'ckb-rational' ...
  got v1.1.0
  has 43 dependencies
Evaluating 'av-scenechange' ...
  got v0.23.0
  has 86 dependencies
Evaluating 'deno_kv' ...
  got v0.154.0
  has 843 dependencies
Evaluating 'testdrop' ...
  got v0.1.2
  has 0 dependencies
Evaluating 'x-core' ...
  got v0.1.0
  has 127 dependencies
Evaluating 'zenoh-shm' ...
  got v1.9.0
  has 187 dependencies
Evaluating 'nanoserde-derive' ...
  got v0.2.1
  has 0 dependencies
Evaluating 'machine' ...
  got v0.3.0
  has 9 dependencies
Evaluating 'file-format' ...
  got v0.29.0
  has 0 dependencies
Evaluating 'nom-recursive-macros' ...
  got v0.5.1
  has 7 dependencies
Evaluating 'css-minify' ...
  got v0.5.2
  has 17 dependencies
Evaluating 'wasi_snapshot_preview1' ...
  got v0.0.0
  has 0 dependencies
Evaluating 'automod' ...
  got v1.0.16
  has 8 dependencies
Evaluating 'cli-log' ...
  got v2.1.0
  has 18 dependencies
Evaluating 'git-bitmap' ...
  got v0.2.2
  has 1 dependencies
Evaluating 'ckb-occupied-capacity-macros' ...
  got v1.1.0
  has 14 dependencies
Evaluating 'openssh' ...
  got v0.11.6
  has 38 dependencies
Evaluating 'ibc-telemetry' ...
  got v0.32.2
  has 532 dependencies
Evaluating 'ckb-resource' ...
  got v1.1.1
  has 182 dependencies
Evaluating 'sv-parser-error' ...
  got v0.13.5
  has 10 dependencies
Evaluating 'wit-bindgen-gen-guest-teavm-java' ...
  got v0.3.0
  has 116 dependencies
Evaluating 'tokio-io-utility' ...
  got v0.7.6
  has 3 dependencies
Evaluating 'minify-js' ...
  got v0.6.0
  has 16 dependencies
Evaluating 'router' ...
  got v0.6.0
  has 80 dependencies
Evaluating 'opencv-binding-generator' ...
  got v0.101.0
  has 20 dependencies
Evaluating 'ckb-channel' ...
  got v1.2.0
  has 2 dependencies
Evaluating 'phper' ...
  got v0.17.2
  has 77 dependencies
Evaluating 'casper-types' ...
  got v7.0.0
  has 153 dependencies
Evaluating 'torut' ...
  got v0.2.1
  has 75 dependencies
Evaluating 'tokio-file-unix' ...
  got v0.6.0
  has 16 dependencies
Evaluating 'tokio-pipe' ...
  got v0.2.12
  has 8 dependencies
Evaluating 'pqcrypto' ...
  got v0.18.1
  has 56 dependencies
Evaluating 'fedimint-mint-server' ...
  got v0.11.1
  has 1564 dependencies
Evaluating 'dprint-plugin-markdown' ...
  got v0.21.1
  has 47 dependencies
Evaluating 'aptos-crypto-derive' ...
  ! crate not resolved: error: the crate `aptos-crypto-derive` could not be found in registry index.
Evaluating 'ytop' ...
  got v0.6.2
  has 170 dependencies
Evaluating 'sp-npos-elections-compact' ...
  got v3.0.0
  has 12 dependencies
Evaluating 'bitbit' ...
  got v0.2.0
  has 0 dependencies
Evaluating 'ort' ...
  got v2.0.0-rc.12
  has 73 dependencies
Evaluating 'floaty' ...
  got v0.1.0
  has 1 dependencies
Evaluating 'cross-krb5' ...
  got v0.4.2
  has 43 dependencies
Evaluating 'rustix-openpty' ...
  got v0.2.0
  has 3 dependencies
Evaluating 'world' ...
  got v0.2.6
  has 364 dependencies
Evaluating 'argmin' ...
  got v0.11.0
  has 37 dependencies
Evaluating 'vtracer' ...
  got v0.6.5
  has 66 dependencies
Evaluating 'plurals' ...
  got v0.4.0
  has 0 dependencies
Evaluating 'datafusion-row' ...
  got v27.0.0
  has 231 dependencies
Evaluating 'sixel' ...
  got v0.3.2
  has 20 dependencies
Evaluating 'probe' ...
  got v0.5.2
  has 0 dependencies
Evaluating 'tectonic_xdv' ...
  got v0.3.0
  has 1 dependencies
Evaluating 'numext-fixed-uint-core' ...
  got v0.1.6
  has 17 dependencies
Evaluating 'tokio-net' ...
  got v0.0.0
  has 0 dependencies
Evaluating 'eccoxide' ...
  got v0.3.1
  has 1 dependencies
Evaluating 'libpcre-sys' ...
  got v0.2.2
  has 20 dependencies
Evaluating 'calc' ...
  got v0.5.0
  has 186 dependencies
Evaluating 'restapi' ...
  got v1.1.14
  has 548 dependencies
Evaluating 'lua52-sys' ...
  got v0.1.3
  has 6 dependencies
Evaluating 'msi' ...
  got v0.10.0
  has 8 dependencies
Evaluating 'git-repository' ...
  got v0.35.0
  has 397 dependencies
Evaluating 'ckb-crypto' ...
  got v1.1.0
  has 63 dependencies
Evaluating 'livesplit-auto-splitting' ...
  got v0.1.0
  has 290 dependencies
Evaluating 'sentry-actix' ...
  got v0.47.0
  has 264 dependencies
Evaluating 'gping' ...
  got v1.20.1
  has 276 dependencies
Evaluating 'yaml-rust2' ...
  got v0.11.0
  has 6 dependencies
Evaluating 'mxruntime' ...
  got v0.1.0
  has 8 dependencies
Evaluating 'meilies' ...
  got v0.2.0
  has 130 dependencies
Evaluating 'transact' ...
  got v0.4.7
  has 79 dependencies
Evaluating 'blobfs' ...
  got v0.0.0
  has 0 dependencies
Evaluating 'oxi-api' ...
  got v0.4.2
  has 32 dependencies
Evaluating 'wasmer-vbus' ...
  got v3.1.1
  has 21 dependencies
Evaluating 'dot-parser-macros' ...
  got v0.6.1
  has 38 dependencies
Evaluating 'halo2' ...
  got v0.0.0
  has 0 dependencies
Evaluating 'bar' ...
  got v0.1.1
  has 25 dependencies
Evaluating 'tonic-web' ...
  got v0.14.5
  has 51 dependencies
Evaluating 'risc0-zkvm' ...
  got v3.0.5
  has 706 dependencies
Evaluating 'statemine-runtime' ...
  ! crate not resolved: error: the crate `statemine-runtime` could not be found in registry index.
Evaluating 'numeric' ...
  ! crate not resolved: error: failed to select a version for the requirement `hdf5-sys = "^0.3.2"`
Evaluating 'bnum' ...
  got v0.14.4
  has 0 dependencies
Evaluating 'mp4san' ...
  got v0.5.3
  has 68 dependencies
Evaluating 'huniq' ...
  got v2.7.0
  has 25 dependencies
Evaluating 'roots' ...
  got v0.0.8
  has 0 dependencies
Evaluating 'prefix-hex' ...
  got v0.7.1
  has 1 dependencies
Evaluating 'zcash_client_backend' ...
  got v0.22.0
  has 486 dependencies
Evaluating 'pagecache' ...
  got v0.19.4
  has 50 dependencies
Evaluating 'wasmer-wit-bindgen-gen-core' ...
  got v0.1.1
  has 12 dependencies
Evaluating 'function_name' ...
  got v0.3.0
  has 1 dependencies
Evaluating 'spl-token-cli' ...
  got v5.5.0
  has 2272 dependencies
Evaluating 'serdeconv' ...
  got v0.4.1
  has 36 dependencies
Evaluating 'mozversion' ...
  got v0.5.3
  has 21 dependencies
Evaluating 'risc0-core-sys' ...
  got v0.11.1
  has 33 dependencies
Evaluating 'clang' ...
  got v2.0.0
  has 6 dependencies
Evaluating 'clia-rcproxy' ...
  got v2.2.1
  has 703 dependencies
Evaluating 'mach_o_sys' ...
  got v0.1.1
  has 0 dependencies
Evaluating 'reflink-copy' ...
  got v0.1.29
  has 5 dependencies
Evaluating 'gtmpl' ...
  got v0.7.1
  has 16 dependencies
Evaluating 'winter-crypto' ...
  got v0.13.1
  has 24 dependencies
Evaluating 'fscommon' ...
  got v0.1.1
  has 1 dependencies
Evaluating 'eigs' ...
  got v0.0.3
  has 160 dependencies
Evaluating 'xplr' ...
  got v1.1.0
  has 340 dependencies
Evaluating 'griddle' ...
  got v0.6.0
  has 8 dependencies
Evaluating 'markdown-test-report' ...
  got v0.4.1
  has 162 dependencies
Evaluating 'splinter' ...
  got v0.6.14
  has 128 dependencies
Evaluating 'yubihsm' ...
  got v0.42.1
  has 133 dependencies
Evaluating 'crossterm_cursor' ...
  got v0.4.0
  has 20 dependencies
Evaluating 'postgres-derive' ...
  got v0.4.8
  has 9 dependencies
Evaluating 'westmint-runtime' ...
  ! crate not resolved: error: the crate `westmint-runtime` could not be found in registry index.
Evaluating 'spaces' ...
  got v6.0.0
  has 5 dependencies
Evaluating 'detect-targets' ...
  got v0.1.84
  has 16 dependencies
Evaluating 'binstalk-downloader' ...
  got v0.13.38
  has 417 dependencies
Evaluating 'atomic-file-install' ...
  got v1.0.14
  has 26 dependencies
Evaluating 'binstalk-registry' ...
  got v0.12.0
  has 462 dependencies
Evaluating 'build_id' ...
  got v0.2.1
  has 39 dependencies
Evaluating 'promising-future' ...
  got v0.2.4
  has 3 dependencies
Evaluating 'merkletree' ...
  got v0.23.0
  has 37 dependencies
Evaluating 'twilight-gateway-queue' ...
  got v0.17.0
  has 15 dependencies
Evaluating 'storage-proofs' ...
  got v6.0.0
  has 433 dependencies
Evaluating 'rinja_derive' ...
  got v0.4.0+deprecated
  has 0 dependencies
Evaluating 'deno_ffi' ...
  got v0.233.0
  has 470 dependencies
Evaluating 'delaunator' ...
  got v1.0.2
  has 1 dependencies
Evaluating 'deno_crypto' ...
  got v0.260.0
  has 730 dependencies
Evaluating 'external' ...
  ! crate not resolved: error: the crate `external` could not be found in registry index.
Evaluating 'remote-ext-elections-phragmen' ...
  ! crate not resolved: error: the crate `remote-ext-elections-phragmen` could not be found in registry index.
Evaluating 'oxi-luajit' ...
  got v0.4.2
  has 11 dependencies
Evaluating 'ctest' ...
  got v0.5.1
  has 42 dependencies
Evaluating 'r-src' ...
  got v0.2.1
  has 0 dependencies
Evaluating 'redb' ...
  got v4.1.0
  has 0 dependencies
Evaluating 'aptos-api' ...
  ! crate not resolved: error: the crate `aptos-api` could not be found in registry index.
Evaluating 'file-size' ...
  got v1.0.3
  has 0 dependencies
Evaluating 'kiwi-talk-client' ...
  ! crate not resolved: error: the crate `kiwi-talk-client` could not be found in registry index.
Evaluating 'echodb' ...
  got v0.8.0
  has 23 dependencies
Evaluating 'x-lint' ...
  got v0.1.0
  has 134 dependencies
Evaluating 'transition' ...
  got v0.1.2
  has 30 dependencies
Evaluating 'cpp_macros' ...
  got v0.5.11
  has 14 dependencies
Evaluating 'rvstruct' ...
  got v0.3.2
  has 9 dependencies
Evaluating 'is-root' ...
  got v0.1.3
  has 3 dependencies
Evaluating 'ansi-to-tui' ...
  got v8.0.1
  has 51 dependencies
Evaluating 'llama-rs' ...
  got v0.15.1
  has 473 dependencies
Evaluating 'target-triple' ...
  got v1.0.0
  has 0 dependencies
Evaluating 'floem_renderer' ...
  got v0.2.0
  has 430 dependencies
Evaluating 'aptos-data-client' ...
  ! crate not resolved: error: the crate `aptos-data-client` could not be found in registry index.
Evaluating 'peer' ...
  ! crate not resolved: error: the crate `peer` could not be found in registry index.
Evaluating 'snarkos-profiler' ...
  got v1.3.17
  has 0 dependencies
Evaluating 'execute-command-macro' ...
  got v0.1.11
  has 9 dependencies
Evaluating 'blockchain' ...
  got v0.9.2
  has 1 dependencies
Evaluating 'ntp' ...
  got v0.5.0
  has 11 dependencies
Evaluating 'abstract-ns' ...
  got v0.4.3
  has 5 dependencies
Evaluating 'checkssl' ...
  got v0.2.0
  has 79 dependencies
Evaluating 'psapi-sys' ...
  got v0.1.1
  has 3 dependencies
Evaluating 'delegate-display' ...
  got v3.0.0
  has 33 dependencies
Evaluating 'stork-search' ...
  got v1.6.0
  has 386 dependencies
Evaluating 'embedded-hal-mock' ...
  got v0.11.1
  has 29 dependencies
Evaluating 'macroific_attr_parse' ...
  got v2.0.0
  has 15 dependencies
Evaluating 'cargo-atcoder' ...
  got v0.4.0
  has 482 dependencies
Evaluating 'calamine' ...
  got v0.34.0
  has 29 dependencies
Evaluating 'special-fun' ...
  got v0.3.1
  has 4 dependencies
Evaluating 'x509-signature' ...
  got v0.5.0
  has 9 dependencies
Evaluating 'cdr' ...
  got v0.2.4
  has 3 dependencies
Evaluating 'fil-ocl' ...
  got v0.19.6
  has 66 dependencies
Evaluating 'av-data' ...
  got v0.4.4
  has 21 dependencies
Evaluating 'stronghold-utils' ...
  got v1.0.0
  has 19 dependencies
Evaluating 'git-worktree' ...
  got v0.12.3
  has 144 dependencies
Evaluating 'bigint' ...
  got v4.4.3
  has 2 dependencies
Evaluating 'tree-sitter-ebnf' ...
  got v0.1.0
  has 16 dependencies
Evaluating 'handlebox' ...
  got v0.3.0
  has 0 dependencies
Evaluating 'mountpoint-s3-crt-sys' ...
  got v0.16.2
  has 39 dependencies
Evaluating 'rustbench' ...
  got v0.1.2
  has 8 dependencies
Evaluating 'http-zipkin' ...
  got v1.1.0
  has 19 dependencies
Evaluating 'g-k-crates-io-client' ...
  got v0.40.1
  has 128 dependencies
Evaluating 'aptos-vault-client' ...
  ! crate not resolved: error: the crate `aptos-vault-client` could not be found in registry index.
Evaluating 'tree-sitter-hlsl' ...
  got v0.2.0
  has 5 dependencies
Evaluating 'fgoxide' ...
  got v0.6.0
  has 49 dependencies
Evaluating 'aoflagger_sys' ...
  got v0.1.3
  has 37 dependencies
Evaluating 'caches' ...
  got v0.3.0
  has 17 dependencies
Evaluating 'serde_core' ...
  got v1.0.228
  has 0 dependencies
Evaluating 'rustsbi' ...
  got v0.4.0
  has 10 dependencies
Evaluating 'rect_packer' ...
  got v0.2.1
  has 0 dependencies
Evaluating 'foo' ...
  got v0.0.0
  has 0 dependencies
Evaluating 'pulldown-cmark-escape' ...
  got v0.11.0
  has 0 dependencies
Evaluating 'burn-candle' ...
  got v0.20.1
  has 236 dependencies
Evaluating 'reference-trie' ...
  got v0.29.2
  has 58 dependencies
Evaluating 'ssh_format_error' ...
  got v0.1.0
  has 2 dependencies
Evaluating 'fedimint-wallet-common' ...
  got v0.11.1
  has 1217 dependencies
Evaluating 'secp256k1-zkp' ...
  got v0.11.0
  has 11 dependencies
Evaluating 'launcher' ...
  got v0.1.0
  has 69 dependencies
Evaluating 'rust_hawktracer_sys' ...
  got v0.4.2
  has 7 dependencies
Evaluating 'wallet' ...
  got v0.1.0
  has 0 dependencies
Evaluating 'substreams-macro' ...
  got v0.7.6
  has 16 dependencies
Evaluating 'mask-parser' ...
  got v0.2.2
  has 20 dependencies
Evaluating 'fil_logger' ...
  got v0.1.7
  has 34 dependencies
Evaluating 'amqprs' ...
  got v2.1.5
  has 34 dependencies
Evaluating 'cascara' ...
  got v0.1.1
  has 33 dependencies
Evaluating 'meilies-client' ...
  got v0.2.0
  has 139 dependencies
Evaluating 'substreams-ethereum' ...
  got v0.11.1
  has 253 dependencies
Evaluating 'aws-sdk-cognitoidentityprovider' ...
  got v1.116.0
  has 345 dependencies
Evaluating 'zipf' ...
  got v7.0.2
  has 2 dependencies
Evaluating 'xi-core-lib' ...
  got v0.3.0
  has 136 dependencies
Evaluating 'daggy' ...
  got v0.9.0
  has 7 dependencies
Evaluating 'fmutex' ...
  got v0.3.0
  has 1 dependencies
Evaluating 'cargo-udeps' ...
  got v0.1.60
  has 995 dependencies
Evaluating 'heim-derive' ...
  got v0.0.10
  has 8 dependencies
Evaluating 'accelerometer' ...
  got v0.12.0
  has 5 dependencies
Evaluating 'egli' ...
  got v0.5.0
  has 2 dependencies
Evaluating 'str-concat' ...
  got v0.2.0
  has 0 dependencies
Evaluating 'paired' ...
  got v0.22.0
  has 76 dependencies
Evaluating 'bitmask' ...
  got v0.5.0
  has 0 dependencies
Evaluating 'sysfs_gpio' ...
  got v0.6.2
  has 7 dependencies
Evaluating 'nfd' ...
  got v0.0.4
  has 2 dependencies
Evaluating 'librqbit-clone-to-owned' ...
  got v3.0.1
  has 1 dependencies
Evaluating 'libipld' ...
  ! crate not resolved: error: failed to select a version for the requirement `core2 = "^0.4"`
Evaluating 'vger' ...
  got v0.4.0
  has 113 dependencies
Evaluating 'ansiterm' ...
  got v0.12.2
  has 0 dependencies
Evaluating 'microtype' ...
  got v0.7.6
  has 11 dependencies
Evaluating 'keri' ...
  got v0.8.2
  has 221 dependencies
Evaluating 'teloxide' ...
  got v0.17.0
  has 361 dependencies
Evaluating 'uutils_term_grid' ...
  got v0.8.0
  has 2 dependencies
Evaluating 'sp-allocator' ...
  got v3.0.0
  has 414 dependencies
Evaluating 'casper-contract' ...
  got v5.1.1
  has 159 dependencies
Evaluating 'hdrs' ...
  got v0.3.2
  has 11 dependencies
Evaluating 'diesel_full_text_search' ...
  got v2.3.0
  has 39 dependencies
Evaluating 'winter-air' ...
  got v0.13.1
  has 32 dependencies
Evaluating 'zipkin' ...
  got v1.1.0
  has 15 dependencies
Evaluating 'viu' ...
  got v1.6.1
  has 205 dependencies
Evaluating 'ptracer' ...
  got v0.3.1
  has 25 dependencies
Evaluating 'oci' ...
  got v0.1.1
  has 16 dependencies
Evaluating 'mqtt-protocol' ...
  got v0.12.0
  has 12 dependencies
Evaluating 'fastcgi-client' ...
  got v0.11.1
  has 28 dependencies
Evaluating 'varisat' ...
  got v0.2.2
  has 73 dependencies
Evaluating 'actix-redis' ...
  got v0.13.1+deprecated
  has 299 dependencies
Evaluating 'solana-loader-v4-program' ...
  got v3.1.14
  has 697 dependencies
Evaluating 'leo-parser' ...
  got v4.0.2
  has 958 dependencies
Evaluating 'atc-router' ...
  got v1.7.1
  has 44 dependencies
Evaluating 'opentelemetry-zipkin' ...
  got v0.31.0
  has 270 dependencies
Evaluating 'ord_subset' ...
  got v3.1.2
  has 0 dependencies
Evaluating 'sscanf_macro' ...
  got v0.5.0
  has 13 dependencies
Evaluating 'wasmer-wit-parser' ...
  got v0.1.1
  has 10 dependencies
Evaluating 'x509' ...
  got v0.2.0
  has 36 dependencies
Evaluating 'candle-gemm-f16' ...
  got v0.16.0
  has 54 dependencies
Evaluating 'abnf-core' ...
  got v0.6.0
  has 3 dependencies
Evaluating 'miden' ...
  got v0.12.0
  has 952 dependencies
Evaluating 'snowchains_core' ...
  got v0.13.3
  has 525 dependencies
Evaluating 'cryptoki-sys' ...
  got v0.5.0
  has 2 dependencies
Evaluating 'creusot-contracts' ...
  got v0.8.0
  has 9 dependencies
Evaluating 'simulacrum_user' ...
  got v0.1.0
  has 5 dependencies
Evaluating 'rubbl_casatables' ...
  got v0.9.0
  has 39 dependencies
Evaluating 'casper-node-macros' ...
  got v1.4.3
  has 23 dependencies
Evaluating 'nphysics2d' ...
  got v0.24.0
  has 67 dependencies
Evaluating 'proptest-attr-macro' ...
  got v1.0.0
  has 8 dependencies
Evaluating 'ckb-vm' ...
  got v0.24.14
  has 54 dependencies
Evaluating 'zingolib' ...
  ! crate not resolved: error: failed to select a version for the requirement `core2 = "^0.3"`
Evaluating 'katex' ...
  got v0.4.6
  has 45 dependencies
Evaluating 'wasi-crypto' ...
  got v0.1.15
  has 246 dependencies
Evaluating 'blstrs' ...
  got v0.7.1
  has 46 dependencies
Evaluating 'sn0int' ...
  got v0.26.1
  has 987 dependencies
Evaluating 'substreams-near-core' ...
  got v0.10.2
  has 52 dependencies
Evaluating 'safe-path' ...
  got v0.1.0
  has 1 dependencies
Evaluating 'pooled-writer' ...
  got v0.4.0
  has 43 dependencies
Evaluating 'solana' ...
  ! crate not resolved: error: failed to select a version for the requirement `solana-drone = "^0.17.2"`
Evaluating 'chrootable-https' ...
  got v0.16.0
  has 397 dependencies
Evaluating 'forge' ...
  got v0.1.0
  has 16 dependencies
Evaluating 'arroy' ...
  got v0.6.4
  has 101 dependencies
Evaluating 'ra_ap_proc_macro_srv' ...
  got v0.0.330
  has 91 dependencies
Evaluating 'winter-fri' ...
  got v0.13.1
  has 27 dependencies
Evaluating 'tk-listen' ...
  got v0.2.1
  has 130 dependencies
Evaluating 'syscall' ...
  ! crate not resolved: error: the crate `syscall` could not be found in registry index.
Evaluating 'mixer' ...
  got v0.1.0
  has 0 dependencies
Evaluating 'mountpoint-s3-client' ...
  got v0.19.8
  has 234 dependencies
Evaluating 'geckodriver' ...
  got v0.36.0
  has 369 dependencies
Evaluating 'schemer' ...
  got v0.2.1
  has 18 dependencies
Evaluating 'mdbook-admonish' ...
  got v1.20.0
  has 517 dependencies
Evaluating 'rinja_parser' ...
  got v0.4.0+deprecated
  has 0 dependencies
Evaluating 'aptos-accumulator' ...
  ! crate not resolved: error: the crate `aptos-accumulator` could not be found in registry index.
Evaluating 'zoxide' ...
  got v0.9.9
  has 90 dependencies
Evaluating 'syscallz' ...
  got v0.17.0
  has 17 dependencies
Evaluating 'netcdf-sys' ...
  got v0.9.0
  has 33 dependencies
Evaluating 'nucleo' ...
  got v0.5.0
  has 18 dependencies
Evaluating 'packable-derive' ...
  got v0.10.0
  has 16 dependencies
Evaluating 'filecheck' ...
  got v0.5.0
  has 19 dependencies
Evaluating 'fil-blst' ...
  got v0.1.2
  has 123 dependencies
Evaluating 'dev_bestia_cargo_completion' ...
  got v2026.306.1707
  has 0 dependencies
Evaluating 'unwrap' ...
  got v1.2.1
  has 0 dependencies
Evaluating 'sample-consensus' ...
  got v1.0.2
  has 0 dependencies
Evaluating 'templar' ...
  got v0.5.0
  has 83 dependencies
Evaluating 'vec_mut_scan' ...
  got v0.5.0
  has 0 dependencies
Evaluating 'stm32f1' ...
  got v0.16.0
  has 25 dependencies
Evaluating 'iota-crypto' ...
  got v0.23.2
  has 2 dependencies
Evaluating 'slab_typesafe' ...
  got v0.1.3
  has 1 dependencies
Evaluating 'cw-multi-test' ...
  got v3.0.1
  has 343 dependencies
Evaluating 'validity' ...
  got v0.3.1
  has 0 dependencies
Evaluating 'aptos-writeset-generator' ...
  ! crate not resolved: error: the crate `aptos-writeset-generator` could not be found in registry index.
Evaluating 'captcha' ...
  got v1.0.0
  has 42 dependencies
Evaluating 'deno_websocket' ...
  got v0.251.0
  has 852 dependencies
Evaluating 'special' ...
  got v0.13.1
  has 19 dependencies
Evaluating 'nebula-rust' ...
  ! crate not resolved: error: the crate `nebula-rust` could not be found in registry index.
Evaluating 'elements' ...
  got v0.26.1
  has 46 dependencies
Evaluating 'cv-pinhole' ...
  got v0.6.0
  has 53 dependencies
Evaluating 'windows-collections' ...
  got v0.3.2
  has 19 dependencies
Evaluating 'derp' ...
  got v0.0.15
  has 1 dependencies
Evaluating 'ocl' ...
  got v0.19.7
  has 44 dependencies
Evaluating 'clia-tracing-config' ...
  got v0.2.7
  has 70 dependencies
Evaluating 'clia-tracing-appender' ...
  got v0.2.5
  has 31 dependencies
Evaluating 'vsort' ...
  got v0.2.0
  has 0 dependencies
Evaluating 'cool_asserts' ...
  got v2.0.4
  has 1 dependencies
Evaluating 'fishnet' ...
  got v2.13.2
  has 345 dependencies
Evaluating 'pallet-contracts-rpc-runtime-api' ...
  got v3.0.0
  has 549 dependencies
Evaluating 'desed' ...
  got v1.2.2
  has 109 dependencies
Evaluating 'creusot-contracts-dummy' ...
  got v0.4.0
  has 8 dependencies
Evaluating 'ns-dns-tokio' ...
  got v0.4.0
  has 150 dependencies
Evaluating 'fedimint-sqlite' ...
  got v0.0.1
  has 0 dependencies
Evaluating 'copy_dir' ...
  got v0.1.3
  has 2 dependencies
Evaluating 'paperclip-actix' ...
  got v0.7.4
  has 69 dependencies
Evaluating 'time-helper' ...
  got v0.1.0
  has 9 dependencies
Evaluating 'rbspy-ruby-structs' ...
  got v0.46.0
  has 0 dependencies
Evaluating 'explorer' ...
  ! crate not resolved: error: the crate `explorer` could not be found in registry index.
Evaluating 'section_testing' ...
  got v0.0.5
  has 0 dependencies
Evaluating 'paired' ...
  got v0.22.0
  has 76 dependencies
Evaluating 'vt' ...
  got v0.2.1
  has 6 dependencies
Evaluating 'virus' ...
  ! crate not resolved: error: the crate `virus` could not be found in registry index.
Evaluating 'fedimintd' ...
  got v0.11.1
  has 2346 dependencies
Evaluating 'yap' ...
  got v0.12.0
  has 0 dependencies
Evaluating 'cargo-get' ...
  got v1.4.0
  has 47 dependencies
Evaluating 'deno_lint' ...
  got v0.84.0
  has 406 dependencies
Evaluating 'fedimint-derive' ...
  got v0.11.1
  has 10 dependencies
Evaluating 'fedimint-aead' ...
  got v0.11.1
  has 38 dependencies
Evaluating 'mdbook-toc' ...
  got v0.15.3
  has 73 dependencies
Evaluating 'codicon' ...
  got v3.0.0
  has 0 dependencies
Evaluating 'regex-macro' ...
  got v0.3.0
  has 4 dependencies
Evaluating 'fedimint-mint-server' ...
  got v0.11.1
  has 1564 dependencies
Evaluating 'nom-packrat' ...
  got v0.7.0
  has 14 dependencies
Evaluating 'risc0-zkvm-platform-sys' ...
  got v0.11.1
  has 33 dependencies
Evaluating 'carla-bin' ...
  got v0.3.2
  has 207 dependencies
Evaluating 'execute' ...
  got v0.2.15
  has 14 dependencies
Evaluating 'topology-traits' ...
  got v0.1.2
  has 3 dependencies
Evaluating 'patch' ...
  got v0.7.0
  has 12 dependencies
Evaluating 'macroific' ...
  got v2.0.0
  has 16 dependencies
Evaluating 'conflate' ...
  got v0.3.3
  has 19 dependencies
Evaluating 'typos-dict' ...
  got v0.13.23
  has 8 dependencies
Evaluating 'risc0-zkvm-sys' ...
  got v0.11.1
  has 64 dependencies
Evaluating 'dioxus-interpreter-js' ...
  got v0.7.6
  has 2 dependencies
Evaluating 'devx-cmd' ...
  got v0.5.0
  has 1 dependencies
Evaluating 'fedimint-bitcoind' ...
  got v0.11.1
  has 1266 dependencies
Evaluating 'forest_message' ...
  got v0.7.2
  has 250 dependencies
Evaluating 'statemint-runtime' ...
  ! crate not resolved: error: the crate `statemint-runtime` could not be found in registry index.
Evaluating 'filecoin-proofs-api' ...
  got v19.1.0
  has 460 dependencies
Evaluating 'bitbit' ...
  got v0.2.0
  has 0 dependencies
Evaluating 'rustls-acme' ...
  got v0.15.1
  has 215 dependencies
Evaluating 'rawbytes' ...
  got v1.0.1
  has 0 dependencies
Evaluating 'opencv' ...
  got v0.98.2
  has 38 dependencies
Evaluating 'forest_crypto' ...
  got v0.5.3
  has 198 dependencies
Evaluating 'migration-dry-run' ...
  ! crate not resolved: error: the crate `migration-dry-run` could not be found in registry index.
Evaluating 'jsonrpc-client-core' ...
  got v0.5.0
  has 37 dependencies
Evaluating 'affinity' ...
  got v0.1.2
  has 6 dependencies
Evaluating 'simulacrum_mock' ...
  got v0.1.0
  has 6 dependencies
Evaluating 'agents' ...
  got v0.3.0
  has 360 dependencies
Evaluating 'forest_vm' ...
  got v0.3.2
  has 135 dependencies
Evaluating 'cfg_block' ...
  got v0.2.0
  has 0 dependencies
Evaluating 'serde-byte-array' ...
  got v0.1.2
  has 2 dependencies
Evaluating 'mirage' ...
  got v0.0.1
  has 116 dependencies
Evaluating 'zip_structs' ...
  got v0.2.1
  has 12 dependencies
Evaluating 'print' ...
  got v0.1.0
  has 0 dependencies
Evaluating 'openvino-sys' ...
  got v0.10.0
  has 28 dependencies
Evaluating 'seq_io' ...
  got v0.3.4
  has 16 dependencies
Evaluating 'dapr' ...
  got v0.17.0
  has 258 dependencies
Evaluating 'sea-orm-codegen' ...
  got v1.1.20
  has 23 dependencies
Evaluating 'serde-tuple-vec-map' ...
  got v1.0.1
  has 2 dependencies
Evaluating 'rs_merkle' ...
  got v1.5.0
  has 12 dependencies
Evaluating 'webpsan' ...
  got v0.5.3
  has 58 dependencies
Evaluating 'sn0int-std' ...
  got v0.26.0
  has 782 dependencies
Evaluating 'risc0-zkvm-circuit-sys' ...
  got v0.11.1
  has 54 dependencies
Evaluating 'revm-primitives' ...
  got v23.0.0
  has 62 dependencies
Evaluating 'odbc-sys' ...
  got v0.31.0
  has 0 dependencies
Evaluating 'stable-eyre' ...
  got v0.2.2
  has 18 dependencies
Evaluating 'valuable-serde' ...
  got v0.1.1
  has 3 dependencies
Evaluating 'srf' ...
  got v0.1.1
  has 288 dependencies
Evaluating 'sgx_tse' ...
  got v1.1.1
  has 1 dependencies
Evaluating 'mountpoint-s3' ...
  got v0.0.1
  has 0 dependencies
Evaluating 'pinot' ...
  got v0.1.5
  has 0 dependencies
Evaluating 'sgx_rand' ...
  got v1.1.1
  has 27 dependencies
Evaluating 'aptos-types' ...
  ! crate not resolved: error: the crate `aptos-types` could not be found in registry index.
Evaluating 'rustic_core' ...
  got v0.11.0
  has 305 dependencies
Evaluating 'dioxus-core-macro' ...
  got v0.7.6
  has 21 dependencies
Evaluating 'netlify_lambda' ...
  got v0.2.0
  has 126 dependencies
Evaluating 'ckb-pow' ...
  got v1.1.0
  has 150 dependencies
Evaluating 'hashbrown_tstd' ...
  got v0.7.1
  has 11 dependencies
Evaluating 'test-helpers' ...
  got v0.2.3
  has 7 dependencies
Evaluating 'rbpf' ...
  got v0.4.1
  has 8 dependencies
Evaluating 'take' ...
  got v0.1.0
  has 0 dependencies
Evaluating 'burner' ...
  got v0.2.3
  has 5 dependencies
Evaluating 'amqp_serde' ...
  got v0.4.3
  has 14 dependencies
Evaluating 'google-cloud-storage' ...
  got v1.11.0
  has 552 dependencies
Evaluating 'tree-sitter-capnp' ...
  got v1.5.0
  has 14 dependencies
Evaluating 'tls-parser' ...
  got v0.12.2
  has 46 dependencies
Evaluating 'ezsockets' ...
  got v0.7.1
  has 191 dependencies
Evaluating 'symbolic-minidump' ...
  got v8.8.0
  has 114 dependencies
Evaluating 'ethers-derive-eip712' ...
  got v2.0.2
  has 259 dependencies
Evaluating 'move-stackless-bytecode-interpreter' ...
  ! crate not resolved: error: the crate `move-stackless-bytecode-interpreter` could not be found in registry index.
Evaluating 'sbi-spec' ...
  got v0.0.8
  has 0 dependencies
Evaluating 'mdbook-plantuml' ...
  got v2.0.0
  has 357 dependencies
Evaluating 'nu-parser' ...
  got v0.112.2
  has 258 dependencies
Evaluating 'flurry' ...
  got v0.5.2
  has 24 dependencies
Evaluating 'futures-loco-protocol' ...
  got v0.4.0
  has 104 dependencies
Evaluating 'soup' ...
  got v0.5.1
  has 93 dependencies
Evaluating 'creusot-contracts-proc' ...
  got v0.8.0
  has 8 dependencies
Evaluating 'solana-sbf-rust-caller-access' ...
  got v0.0.0
  has 0 dependencies
Evaluating 'strprintf' ...
  got v0.1.0
  has 1 dependencies
Evaluating 'trim-in-place' ...
  got v0.1.7
  has 0 dependencies
Evaluating 'xoodyak' ...
  got v0.8.4
  has 1 dependencies
Evaluating 'git-refspec' ...
  got v0.7.3
  has 69 dependencies
Evaluating 'bet' ...
  got v1.1.0
  has 0 dependencies
Evaluating 'qmetaobject' ...
  got v0.2.10
  has 48 dependencies
Evaluating 'madsim-macros' ...
  got v0.2.12
  has 20 dependencies
Evaluating 'awaitgroup' ...
  got v0.7.0
  has 0 dependencies
Evaluating 'keynesis' ...
  got v2.1.1
  has 36 dependencies
Evaluating 'termux-clipboard' ...
  got v0.1.0
  has 0 dependencies
Evaluating 'wasmer-vnet' ...
  got v3.1.1
  has 22 dependencies
Evaluating 'git-discover' ...
  got v0.13.1
  has 110 dependencies
Evaluating 'bodyparser' ...
  got v0.8.0
  has 89 dependencies
Evaluating 'ibc-chain-registry' ...
  ! crate not resolved: error: failed to select a version for the requirement `core2 = "^0.3"`
Evaluating 'go-flag' ...
  got v0.1.0
  has 1 dependencies
Evaluating 'maturin' ...
  ! crate not resolved: error: failed to select a version for the requirement `xwin = "^0.6.6"`
Evaluating 'tectonic_engine_xdvipdfmx' ...
  got v0.4.4
  has 69 dependencies
Evaluating 'tectonic_bridge_freetype2' ...
  got v0.3.2
  has 20 dependencies
Evaluating 'starknet' ...
  got v0.17.0
  has 427 dependencies
Evaluating 'tectonic_errors' ...
  got v0.3.0
  has 1 dependencies
Evaluating 'keyed-set' ...
  got v1.1.0
  has 8 dependencies
Evaluating 'tectonic_io_base' ...
  got v0.5.0
  has 39 dependencies
Evaluating 'tower-make' ...
  got v0.3.0
  has 1 dependencies
Evaluating 'query-parser' ...
  got v0.2.0
  has 0 dependencies
Evaluating 'tectonic_bridge_icu' ...
  got v0.2.4
  has 4 dependencies
Evaluating 'filepath' ...
  got v0.2.0
  has 0 dependencies
Evaluating 'cc-traits' ...
  got v2.0.0
  has 0 dependencies
Evaluating 'harsh' ...
  got v0.2.2
  has 0 dependencies
Evaluating 'async-graphql-actix-web' ...
  got v7.2.1
  has 440 dependencies
Evaluating 'splinter' ...
  got v0.6.14
  has 128 dependencies
Evaluating 'shuttle' ...
  got v0.9.1
  has 36 dependencies
Evaluating 'teloxide-core' ...
  got v0.13.0
  has 320 dependencies
Evaluating 'amd' ...
  got v0.2.2
  has 3 dependencies
Evaluating 'boilerplate' ...
  got v1.1.1
  has 27 dependencies
Evaluating 'clia-local-offset' ...
  got v0.1.0
  has 8 dependencies
Evaluating 'impl-tools' ...
  got v0.11.4
  has 19 dependencies
Evaluating 'blake2-rfc_bellman_edition' ...
  got v0.0.1
  has 4 dependencies
Evaluating 'sawp-modbus' ...
  got v0.13.1
  has 33 dependencies
Evaluating 'notify-types' ...
  got v2.1.0
  has 1 dependencies
Evaluating 'futures-buffered' ...
  got v0.2.13
  has 5 dependencies
Evaluating 'test-bitcoincore-rpc' ...
  got v0.0.1
  has 214 dependencies
Evaluating 'wasi-tests' ...
  got v0.1.0
  has 0 dependencies
Evaluating 'r2d2-diesel' ...
  got v1.0.0
  has 22 dependencies
Evaluating 'anvil-server' ...
  got v0.0.0-reserved.0
  has 0 dependencies
Evaluating 'deno_bench_util' ...
  got v0.240.0
  has 366 dependencies
Evaluating 'openssh-sftp-client' ...
  got v0.15.7
  has 95 dependencies
Evaluating 'doxygen-rs' ...
  got v0.4.2
  has 18 dependencies
Evaluating 'leo-span' ...
  got v4.0.2
  has 18 dependencies
Evaluating 'js-intern' ...
  got v0.3.1
  has 32 dependencies
Evaluating 'corepack' ...
  got v0.4.1
  has 3 dependencies
Evaluating 'embedded-triple' ...
  got v0.1.0
  has 0 dependencies
Evaluating 'lsd' ...
  got v1.2.0
  has 228 dependencies
Evaluating 'cargo-auto' ...
  got v2026.306.1319
  has 504 dependencies
Evaluating 'wit-bindgen-guest-rust-macro' ...
  got v0.3.0
  has 128 dependencies
Evaluating 'actix-protobuf' ...
  got v0.11.0
  has 235 dependencies
Evaluating 'wit-bindgen-cli' ...
  got v0.57.1
  has 382 dependencies
Evaluating 'extract-ethereum-abi' ...
  ! crate not resolved: error: the crate `extract-ethereum-abi` could not be found in registry index.
Evaluating 'rust-fsm' ...
  got v0.8.0
  has 9 dependencies
Evaluating 'move-read-write-set-types' ...
  ! crate not resolved: error: the crate `move-read-write-set-types` could not be found in registry index.
Evaluating 'imgui-sys' ...
  got v0.12.0
  has 7 dependencies
Evaluating 'btree-slab' ...
  got v0.6.1
  has 4 dependencies
Evaluating 'orc-format' ...
  got v0.3.0
  has 21 dependencies
Evaluating 'fffx' ...
  got v0.1.3
  has 13 dependencies
Evaluating 'objc2-contacts' ...
  got v0.3.2
  has 8 dependencies
Evaluating 'bitbox-api' ...
  got v0.12.0
  has 201 dependencies
Evaluating 'risc0-build' ...
  got v3.0.5
  has 272 dependencies
Evaluating 'rkv' ...
  got v0.20.0
  has 99 dependencies
Evaluating 'syncify' ...
  got v0.1.0
  has 8 dependencies
Evaluating 'nu-cmd-lang' ...
  got v0.112.2
  has 329 dependencies
Evaluating 'virtiofsd' ...
  got v1.13.3
  has 165 dependencies
Evaluating 'valve-rs' ...
  got v0.1.3
  has 160 dependencies
Evaluating 'fedimint-mint-client' ...
  got v0.11.1
  has 1666 dependencies
Evaluating 'apalis-cron' ...
  got v0.7.4
  has 80 dependencies
Evaluating 'fedimint-ln-common' ...
  got v0.11.1
  has 1513 dependencies
Evaluating 'monch' ...
  got v0.6.0
  has 0 dependencies
Evaluating 'fedimint-mint-common' ...
  got v0.11.1
  has 1211 dependencies
Evaluating 'diatomic-waker' ...
  got v0.2.3
  has 0 dependencies
Evaluating 'leo-test-framework' ...
  got v4.0.2
  has 11 dependencies
Evaluating 'gcloud-sdk' ...
  got v0.29.0
  has 437 dependencies
Evaluating 'sev' ...
  got v7.1.0
  has 24 dependencies
Evaluating 'ckb-rational' ...
  got v1.1.0
  has 43 dependencies
Evaluating 'datafusion-python' ...
  got v53.0.0
  has 1284 dependencies
Evaluating 'pathfinder_text' ...
  got v0.5.0
  has 150 dependencies
Evaluating 'fedimint-client' ...
  got v0.11.1
  has 1648 dependencies
Evaluating 'uniffi_checksum_derive' ...
  got v0.28.3
  has 7 dependencies
Evaluating 'seize' ...
  got v0.5.1
  has 1 dependencies
Evaluating 'unix_str' ...
  got v1.0.0
  has 0 dependencies
Evaluating 'mipidsi' ...
  got v0.10.0
  has 8 dependencies
Evaluating 'fs_snapshot' ...
  got v0.1.2
  has 77 dependencies
Evaluating 'aptos-keygen' ...
  ! crate not resolved: error: the crate `aptos-keygen` could not be found in registry index.
Evaluating 'x-core' ...
  got v0.1.0
  has 127 dependencies
Evaluating 'git-credentials' ...
  got v0.9.2
  has 121 dependencies
Evaluating 'sp-sandbox' ...
  got v0.9.0
  has 499 dependencies
Evaluating 'aptos-indexer' ...
  ! crate not resolved: error: the crate `aptos-indexer` could not be found in registry index.
Evaluating 'flo_curves' ...
  got v0.8.0
  has 30 dependencies
Evaluating 'starknet-core' ...
  got v0.16.0
  has 116 dependencies
Evaluating 'pinger' ...
  got v2.1.1
  has 26 dependencies
Evaluating 'srtparse' ...
  got v0.3.0
  has 0 dependencies
Evaluating 'tectonic_cfg_support' ...
  got v0.1.5
  has 1 dependencies
Evaluating 'tectonic_bridge_flate' ...
  got v0.1.10
  has 11 dependencies
Evaluating 'zingo-memo' ...
  ! crate not resolved: error: failed to select a version for the requirement `core2 = "^0.3"`
Evaluating 'port_check' ...
  got v0.3.0
  has 0 dependencies
Evaluating 'nu-plugin' ...
  got v0.112.2
  has 314 dependencies
Evaluating 'sgx_tcrypto' ...
  got v1.1.1
  has 1 dependencies
Evaluating 'rustix-openpty' ...
  got v0.2.0
  has 3 dependencies
Evaluating 'tokio-stdin-stdout' ...
  got v0.1.5
  has 8 dependencies
Evaluating 'numext-fixed-uint-hack' ...
  got v0.1.6
  has 21 dependencies
Evaluating 'libp2p-core-derive' ...
  got v0.21.0
  has 7 dependencies
Evaluating 'ruint-macro' ...
  got v1.2.1
  has 0 dependencies
Evaluating 'concurrent_arena' ...
  got v0.1.11
  has 14 dependencies
Evaluating 'world' ...
  got v0.2.6
  has 364 dependencies
Evaluating 'nu-utils' ...
  got v0.112.2
  has 92 dependencies
Evaluating 'protoc-rust-grpc' ...
  got v0.8.3
  has 30 dependencies
Evaluating 'argmin' ...
  got v0.11.0
  has 37 dependencies
Evaluating 'arrsac' ...
  got v0.11.0
  has 2 dependencies
Evaluating 'once_map' ...
  got v0.4.24
  has 18 dependencies
Evaluating 'aptos-api-types' ...
  ! crate not resolved: error: the crate `aptos-api-types` could not be found in registry index.
Evaluating 'vtracer' ...
  got v0.6.5
  has 66 dependencies
Evaluating 'cbor4ii' ...
  got v1.2.2
  has 0 dependencies
Evaluating 'dsa' ...
  got v0.6.3
  has 51 dependencies
Evaluating 'mxruntime' ...
  got v0.1.0
  has 8 dependencies
Evaluating 'slave-pool' ...
  got v0.4.0
  has 0 dependencies
Evaluating 'cargo-util-schemas' ...
  got v0.13.0
  has 108 dependencies
Evaluating 'ux' ...
  got v0.1.6
  has 0 dependencies
Evaluating 'sixel' ...
  got v0.3.2
  has 20 dependencies
Evaluating 'tectonic_xdv' ...
  got v0.3.0
  has 1 dependencies
Evaluating 'git-command' ...
  got v0.2.4
  has 3 dependencies
Evaluating 'tokio-net' ...
  got v0.0.0
  has 0 dependencies
Evaluating 'eccoxide' ...
  got v0.3.1
  has 1 dependencies
Evaluating 'headless-talk' ...
  got v0.6.1
  has 317 dependencies
Evaluating 'aptos-config' ...
  ! crate not resolved: error: the crate `aptos-config` could not be found in registry index.
Evaluating 'numext-fixed-uint-core' ...
  got v0.1.6
  has 17 dependencies
Evaluating 'lua52-sys' ...
  got v0.1.3
  has 6 dependencies
Evaluating 'visioncortex' ...
  got v0.8.10
  has 9 dependencies
Evaluating 'proptest-http' ...
  got v0.1.0
  has 61 dependencies
Evaluating 'st7789' ...
  got v0.7.0
  has 19 dependencies
Evaluating 'read-write-set' ...
  ! crate not resolved: error: the crate `read-write-set` could not be found in registry index.
Evaluating 'libpcre-sys' ...
  got v0.2.2
  has 20 dependencies
Evaluating 'splines' ...
  got v5.0.0
  has 0 dependencies
Evaluating 'godot-codegen' ...
  got v0.5.1
  has 15 dependencies
Evaluating 'objc2-ui-kit' ...
  got v0.3.2
  has 40 dependencies
Evaluating 'fmt2io' ...
  got v1.0.0
  has 0 dependencies
Evaluating 'parse-js' ...
  got v0.24.1
  has 29 dependencies
Evaluating 'msi' ...
  got v0.10.0
  has 8 dependencies
Evaluating 'tree-sitter-pug' ...
  got v0.0.1
  has 16 dependencies
Evaluating 'restapi' ...
  got v1.1.14
  has 548 dependencies
Evaluating 'redis-test' ...
  got v1.0.3
  has 104 dependencies
Evaluating 'mdbook-classy' ...
  got v0.1.0
  has 495 dependencies
Evaluating 'winter-math' ...
  got v0.13.1
  has 1 dependencies
Evaluating 'containerd-shim-protos' ...
  got v0.10.0
  has 126 dependencies
Evaluating 'livesplit-auto-splitting' ...
  got v0.1.0
  has 290 dependencies
Evaluating 'casual' ...
  got v0.2.0
  has 0 dependencies
Evaluating 'mp4-merge' ...
  got v0.1.11
  has 7 dependencies
Evaluating 'sentry-actix' ...
  got v0.47.0
  has 264 dependencies
Evaluating 'git-repository' ...
  got v0.35.0
  has 397 dependencies
Evaluating 'gping' ...
  got v1.20.1
  has 276 dependencies
Evaluating 'fedimint-wallet-client' ...
  got v0.11.1
  has 1656 dependencies
Evaluating 'valgrind' ...
  got v0.1.2
  has 0 dependencies
Evaluating 'aptos-fuzzer' ...
  ! crate not resolved: error: the crate `aptos-fuzzer` could not be found in registry index.
Evaluating 'nu-protocol' ...
  got v0.112.2
  has 272 dependencies
Evaluating 'nom-greedyerror' ...
  got v0.5.0
  has 7 dependencies
Evaluating 'spl-token-metadata-interface' ...
  got v1.0.0
  has 117 dependencies
Evaluating 'actix_extract_multipart' ...
  got v1.2.0
  has 370 dependencies
Evaluating 'libipld-cbor-derive' ...
  got v0.16.0
  has 21 dependencies
Evaluating 'libcontainer' ...
  got v0.6.0
  has 224 dependencies
Evaluating 'postgres-derive' ...
  got v0.4.8
  has 9 dependencies
Evaluating 'serde_bencode' ...
  got v0.2.4
  has 4 dependencies
Evaluating 'clang' ...
  got v2.0.0
  has 6 dependencies
Evaluating 'huniq' ...
  got v2.7.0
  has 25 dependencies
Evaluating 'ocl-core' ...
  got v0.11.5
  has 26 dependencies
Evaluating 'positioned-io' ...
  got v0.3.5
  has 2 dependencies
Evaluating 'crossterm_style' ...
  got v0.5.2
  has 3 dependencies
Evaluating 'apple-xar' ...
  got v0.20.0
  has 323 dependencies
Evaluating 'paperclip-core' ...
  got v0.7.4
  has 55 dependencies
Evaluating 'meilies' ...
  got v0.2.0
  has 130 dependencies
Evaluating 'transact' ...
  got v0.4.7
  has 79 dependencies
Evaluating 'grpc-compiler' ...
  got v0.8.3
  has 3 dependencies
Evaluating 'qlog' ...
  got v0.17.0
  has 38 dependencies
Evaluating 'rust-lib' ...
  got v0.1.0
  has 0 dependencies
Evaluating 'ckb-vm-definitions' ...
  got v0.24.14
  has 1 dependencies
Evaluating 'consensus' ...
  got v0.0.1
  has 0 dependencies
Evaluating 'erasable' ...
  got v1.3.0
  has 3 dependencies
Evaluating 'godot' ...
  got v0.5.1
  has 34 dependencies
Evaluating 'deno_runtime' ...
  got v0.254.0
  has 2722 dependencies
Evaluating 'russh' ...
  got v0.60.1
  has 457 dependencies
Evaluating 'futures-x-io' ...
  got v0.3.0
  has 0 dependencies
Evaluating 'substreams-entity-change' ...
  got v2.0.0
  has 109 dependencies
Evaluating 'dot-parser-macros' ...
  got v0.6.1
  has 38 dependencies
Evaluating 'risc0-zkvm' ...
  got v3.0.5
  has 706 dependencies
Evaluating 'sanakirja' ...
  got v1.4.3
  has 28 dependencies
Evaluating 'ckb-crypto' ...
  got v1.1.0
  has 63 dependencies
Evaluating 'ldproxy' ...
  got v0.3.4
  has 35 dependencies
Evaluating 'statemine-runtime' ...
  ! crate not resolved: error: the crate `statemine-runtime` could not be found in registry index.
Evaluating 'bar' ...
  got v0.1.1
  has 25 dependencies
Evaluating 'numeric' ...
  ! crate not resolved: error: failed to select a version for the requirement `hdf5-sys = "^0.3.2"`
Evaluating 'bnum' ...
  got v0.14.4
  has 0 dependencies
Evaluating 'blake2b-ref' ...
  got v0.3.1
  has 0 dependencies
Evaluating 'devx-pre-commit' ...
  got v0.5.0
  has 6 dependencies
Evaluating 'pagecache' ...
  got v0.19.4
  has 50 dependencies
Evaluating 'mp4san' ...
  got v0.5.3
  has 68 dependencies
Evaluating 'shaku_derive' ...
  got v0.6.1
  has 8 dependencies
Evaluating 'accurate' ...
  got v0.4.1
  has 23 dependencies
Evaluating 'zcash_client_backend' ...
  got v0.22.0
  has 486 dependencies
Evaluating 'zcash_client_sqlite' ...
  got v0.20.0
  has 571 dependencies
Evaluating 'ckb-occupied-capacity' ...
  got v1.1.0
  has 16 dependencies
Evaluating 'signal-child' ...
  got v1.0.7
  has 0 dependencies
Evaluating 'utcnow' ...
  got v0.2.7
  has 5 dependencies
Evaluating 'prefix-hex' ...
  got v0.7.1
  has 1 dependencies
Evaluating 'nu-term-grid' ...
  got v0.112.2
  has 63 dependencies
Evaluating 'rubbl_core' ...
  got v0.5.1
  has 25 dependencies
Evaluating 'spirv-std-types' ...
  got v0.9.0
  has 0 dependencies
Evaluating 'tonemap' ...
  got v0.0.4
  has 0 dependencies
Evaluating 'fc-blackbox' ...
  got v0.2.0
  has 42 dependencies
Evaluating 'risc0-core-sys' ...
  got v0.11.1
  has 33 dependencies
Evaluating 'halo2' ...
  got v0.0.0
  has 0 dependencies
Evaluating 'neptune-triton' ...
  got v2.1.0
  has 4 dependencies
Evaluating 'git-chunk' ...
  got v0.4.2
  has 10 dependencies
Evaluating 'ebnf-parser' ...
  got v0.1.0
  has 10 dependencies
Evaluating 'rolling-file' ...
  got v0.2.0
  has 5 dependencies
Evaluating 'mozversion' ...
  got v0.5.3
  has 21 dependencies
Evaluating 'serdeconv' ...
  got v0.4.1
  has 36 dependencies
Evaluating 'spl-token-cli' ...
  got v5.5.0
  has 2272 dependencies
Evaluating 'strict' ...
  got v0.2.0
  has 0 dependencies
Evaluating 'crossterm_cursor' ...
  got v0.4.0
  has 20 dependencies
Evaluating 'rust-exe' ...
  got v0.0.0--
  has 0 dependencies
Evaluating 'wasmer-wit-bindgen-gen-core' ...
  got v0.1.1
  has 12 dependencies
Evaluating 'apalis-core' ...
  got v0.7.4
  has 59 dependencies
Evaluating 'dictionary' ...
  got v0.1.0
  has 373 dependencies
Evaluating 'torrust-tracker' ...
  got v3.0.0
  has 920 dependencies
Evaluating 'clia-rcproxy' ...
  got v2.2.1
  has 703 dependencies
Evaluating 'laboratory' ...
  got v2.0.0
  has 34 dependencies
Evaluating 'minitrace' ...
  got v0.6.7
  has 53 dependencies
Evaluating 'mach_o_sys' ...
  got v0.1.1
  has 0 dependencies
Evaluating 'data-pile' ...
  got v0.6.1
  has 2 dependencies
Evaluating 'anvil' ...
  got v0.3.2
  has 10 dependencies
Evaluating 'rubbl_casatables_impl' ...
  got v0.4.35001
  has 7 dependencies
Evaluating 'anvil-core' ...
  got v0.1.0
  has 31 dependencies
Evaluating 'av-ivf' ...
  got v0.5.0
  has 31 dependencies
Evaluating 'risc0-zkvm-platform' ...
  got v2.2.2
  has 16 dependencies
Evaluating 'reflink-copy' ...
  got v0.1.29
  has 5 dependencies
Evaluating 'aleo-rust' ...
  got v0.6.8
  has 855 dependencies
Evaluating 'winter-crypto' ...
  got v0.13.1
  has 24 dependencies
Evaluating 'gtmpl' ...
  got v0.7.1
  has 16 dependencies
Evaluating 'bytecode-interpreter-testsuite' ...
  ! crate not resolved: error: the crate `bytecode-interpreter-testsuite` could not be found in registry index.
Evaluating 'remoteprocess' ...
  got v0.5.2
  has 59 dependencies
Evaluating 'dbs-device' ...
  got v0.2.0
  has 10 dependencies
Evaluating 'openwhisk-client-rust' ...
  got v0.1.7
  has 394 dependencies
Evaluating 'ckb-standalone-types' ...
  got v0.1.5
  has 5 dependencies
Evaluating 'quickersort' ...
  ! crate not resolved: error: the crate `quickersort` could not be found in registry index.
Evaluating 'fscommon' ...
  got v0.1.1
  has 1 dependencies
Evaluating 'eigs' ...
  got v0.0.3
  has 160 dependencies
Evaluating 'xplr' ...
  got v1.1.0
  has 340 dependencies
Evaluating 'terminal-clipboard' ...
  got v0.4.1
  has 14 dependencies
Evaluating 'prometheus-metric-storage-derive' ...
  got v0.6.0
  has 8 dependencies
Evaluating 'attest' ...
  got v0.3.0
  has 147 dependencies
Evaluating 'cancel' ...
  got v0.1.0
  has 0 dependencies
Evaluating 'storage-proofs-post' ...
  got v19.1.0
  has 339 dependencies
Evaluating 'partial-default-derive' ...
  got v0.1.0
  has 8 dependencies
Evaluating 'try_match_inner' ...
  got v0.5.2
  has 8 dependencies
Evaluating 'fitsio-sys' ...
  got v0.5.7
  has 2 dependencies
Evaluating 'griddle' ...
  got v0.6.0
  has 8 dependencies
Evaluating 'markdown-test-report' ...
  got v0.4.1
  has 162 dependencies
Evaluating 'storage-proofs' ...
  got v6.0.0
  has 433 dependencies
Evaluating 'x509-signature' ...
  got v0.5.0
  has 9 dependencies
Evaluating 'bottom' ...
  got v0.12.3
  has 266 dependencies
Evaluating 'cargo-local-install' ...
  got v0.1.12
  has 4 dependencies
Evaluating 'rocket_failure' ...
  got v0.2.0
  has 106 dependencies
Evaluating 'dbs-arch' ...
  got v0.2.3
  has 25 dependencies
Evaluating 'snarkvm-marlin' ...
  got v0.8.0
  has 207 dependencies
Evaluating 'binstalk' ...
  got v0.28.73
  has 1031 dependencies
Evaluating 'detect-targets' ...
  got v0.1.84
  has 16 dependencies
Evaluating 'binstalk-fetchers' ...
  got v0.10.40
  has 429 dependencies
Evaluating 'binstalk-types' ...
  got v0.10.7
  has 110 dependencies
Evaluating 'cargo-binstall' ...
  got v1.18.1
  has 1349 dependencies
Evaluating 'atomic-file-install' ...
  got v1.0.14
  has 26 dependencies
Evaluating 'binstalk-bins' ...
  got v0.6.24
  has 151 dependencies
Evaluating 'binstalk-registry' ...
  got v0.12.0
  has 462 dependencies
Evaluating 'aleo-wasm' ...
  got v0.7.1
  has 846 dependencies
Evaluating 'cargo-toml-workspace' ...
  got v7.0.9
  has 70 dependencies
Evaluating 'dprint-plugin-typescript' ...
  got v0.95.15
  has 292 dependencies
Evaluating 'packable' ...
  got v0.11.0
  has 26 dependencies
Evaluating 'nu-explore' ...
  got v0.112.2
  has 467 dependencies
Evaluating 'tracing-gelf' ...
  got v0.9.0
  has 70 dependencies
Evaluating 'neptune' ...
  got v13.0.0
  has 100 dependencies
Evaluating 'matrix' ...
  got v0.22.0
  has 7 dependencies
Evaluating 'promising-future' ...
  got v0.2.4
  has 3 dependencies
Evaluating 'twilight-gateway-queue' ...
  got v0.17.0
  has 15 dependencies
Evaluating 'foundry-cli' ...
  got v0.0.0-reserved.0
  has 0 dependencies
Evaluating 'gitoxide' ...
  got v0.53.0
  has 924 dependencies
Evaluating 'shaku' ...
  got v0.6.2
  has 11 dependencies
Evaluating 'gildlab-cli' ...
  ! crate not resolved: error: failed to select a version for the requirement `core2 = "^0.4.0"`
Evaluating 'kv' ...
  got v0.24.0
  has 41 dependencies
Evaluating 'fuzzer' ...
  got v0.0.2
  has 34 dependencies
Evaluating 'base2048' ...
  got v2.0.2
  has 0 dependencies
Evaluating 'rinja_derive' ...
  got v0.4.0+deprecated
  has 0 dependencies
Evaluating 'tiktoken-rs' ...
  got v0.11.0
  has 21 dependencies
Evaluating 'deno_cache' ...
  got v0.179.0
  has 477 dependencies
Evaluating 'deno_crypto' ...
  got v0.260.0
  has 730 dependencies
Evaluating 'json-rpc-types' ...
  got v1.3.4
  has 13 dependencies
Evaluating 'html-escaper' ...
  got v0.2.0
  has 0 dependencies
Evaluating 'blockfrost' ...
  got v1.2.3
  has 305 dependencies
Evaluating 'diary' ...
  got v0.1.1
  has 79 dependencies
Evaluating 'event-manager' ...
  got v0.4.2
  has 4 dependencies
Evaluating 'delaunator' ...
  got v1.0.2
  has 1 dependencies
Evaluating 'rc-box' ...
  got v1.3.0
  has 4 dependencies
Evaluating 'risc0-zkp' ...
  got v3.0.4
  has 79 dependencies
Evaluating 'hal-elements' ...
  got v0.2.1
  has 117 dependencies
Evaluating 'opentelemetry-application-insights' ...
  got v0.44.0
  has 91 dependencies
Evaluating 'remote-ext-elections-phragmen' ...
  ! crate not resolved: error: the crate `remote-ext-elections-phragmen` could not be found in registry index.
Evaluating 'nu-cli' ...
  got v0.112.2
  has 879 dependencies
Evaluating 'oxi-luajit' ...
  got v0.4.2
  has 11 dependencies
Evaluating 'ckb-system-scripts' ...
  got v0.6.0
  has 40 dependencies
Evaluating 'miden-prover' ...
  got v0.22.1
  has 524 dependencies
Evaluating 'env_filter' ...
  got v1.0.1
  has 10 dependencies
Evaluating 'cint' ...
  got v0.3.1
  has 0 dependencies
Evaluating 'ctest' ...
  got v0.5.1
  has 42 dependencies
Evaluating 'init_with' ...
  got v1.1.0
  has 0 dependencies
Evaluating 'current_platform' ...
  got v0.2.0
  has 0 dependencies
Evaluating 'aptos-api' ...
  ! crate not resolved: error: the crate `aptos-api` could not be found in registry index.
Evaluating 'kiwi-talk-client' ...
  ! crate not resolved: error: the crate `kiwi-talk-client` could not be found in registry index.
Evaluating 'yubikey' ...
  got v0.8.0
  has 173 dependencies
Evaluating 'loki' ...
  got v0.1.0
  has 0 dependencies
Evaluating 'substrait' ...
  got v0.63.0
  has 132 dependencies
Evaluating 'marionette' ...
  got v0.7.0
  has 20 dependencies
Evaluating 'echodb' ...
  got v0.8.0
  has 23 dependencies
Evaluating 'time-point' ...
  got v0.1.1
  has 0 dependencies
Evaluating 'durationfmt' ...
  got v0.1.1
  has 0 dependencies
Evaluating 'node-runtime' ...
  got v2.0.1
  has 1596 dependencies
Evaluating 'flip-link' ...
  got v0.1.12
  has 11 dependencies
Evaluating 'transition' ...
  got v0.1.2
  has 30 dependencies
Evaluating 'cpp_macros' ...
  got v0.5.11
  has 14 dependencies
Evaluating 'cpp' ...
  got v0.5.11
  has 15 dependencies
Evaluating 'is-root' ...
  got v0.1.3
  has 3 dependencies
Evaluating 'llama-rs' ...
  got v0.15.1
  has 473 dependencies
Evaluating 'floem_renderer' ...
  got v0.2.0
  has 430 dependencies
Evaluating 'objc2-uniform-type-identifiers' ...
  got v0.3.2
  has 7 dependencies
Evaluating 'zcash_extensions' ...
  got v0.1.0
  has 293 dependencies
Evaluating 'shared_memory_derive' ...
  got v0.10.0
  has 8 dependencies
Evaluating 'ansi-to-tui' ...
  got v8.0.1
  has 51 dependencies
Evaluating 'df-cli' ...
  ! crate not resolved: error: the crate `df-cli` could not be found in registry index.
Evaluating 'nu-command' ...
  got v0.112.2
  has 928 dependencies
Evaluating 'fitsio' ...
  got v0.21.10
  has 4 dependencies
Evaluating 'tealdeer' ...
  got v1.8.1
  has 119 dependencies
Evaluating 'ntp' ...
  got v0.5.0
  has 11 dependencies
Evaluating 'checkssl' ...
  got v0.2.0
  has 79 dependencies
Evaluating 'abstract-ns' ...
  got v0.4.3
  has 5 dependencies
Evaluating 'blockchain' ...
  got v0.9.2
  has 1 dependencies
Evaluating 'delegate-display' ...
  got v3.0.0
  has 33 dependencies
Evaluating 'reflect' ...
  got v0.0.15
  has 17 dependencies
Evaluating 'miden-processor' ...
  got v0.22.1
  has 513 dependencies
Evaluating 'jiff-tzdb' ...
  got v0.1.6
  has 0 dependencies
Evaluating 'avro-rs' ...
  got v0.13.0
  has 82 dependencies
Evaluating 'forest_crypto' ...
  got v0.5.3
  has 198 dependencies
Evaluating 'cargo-wasi-exe-x86_64-apple-darwin' ...
  got v0.1.28
  has 0 dependencies
Evaluating 'fedimint-dbtool' ...
  got v0.11.1
  has 2315 dependencies
Evaluating 'alloc_system' ...
  got v0.1.2
  has 0 dependencies
Evaluating 'listener' ...
  ! crate not resolved: error: the crate `listener` could not be found in registry index.
Evaluating 'cargo-wasi-exe-x86_64-unknown-linux-musl' ...
  got v0.1.28
  has 0 dependencies
Evaluating 'jsonrpc-client-core' ...
  got v0.5.0
  has 37 dependencies
Evaluating 'simulacrum_mock' ...
  got v0.1.0
  has 6 dependencies
Evaluating 'console_static_text' ...
  got v0.9.0
  has 9 dependencies
Evaluating 'affinity' ...
  got v0.1.2
  has 6 dependencies
Evaluating 'forest_vm' ...
  got v0.3.2
  has 135 dependencies
Evaluating 'benfred-read-process-memory' ...
  got v0.2.1
  has 2 dependencies
Evaluating 'powierza-coefficient' ...
  got v1.0.2
  has 0 dependencies
Evaluating 'cryptoki' ...
  got v0.12.0
  has 8 dependencies
Evaluating 'serde-byte-array' ...
  got v0.1.2
  has 2 dependencies
Evaluating 'zip_structs' ...
  got v0.2.1
  has 12 dependencies
Evaluating 'print' ...
  got v0.1.0
  has 0 dependencies
Evaluating 'ibc-derive' ...
  got v0.10.1
  has 8 dependencies
Evaluating 'jql' ...
  got v8.1.2
  has 85 dependencies
Evaluating 'paginate' ...
  got v1.1.11
  has 0 dependencies
Evaluating 'static-video-server' ...
  got v0.1.3
  has 239 dependencies
Evaluating 'iota-pow' ...
  got v0.2.1
  has 67 dependencies
Evaluating 'openvino-finder' ...
  got v0.10.0
  has 2 dependencies
Evaluating 't1ha' ...
  got v0.1.2
  has 8 dependencies
Evaluating 'seq_io' ...
  got v0.3.4
  has 16 dependencies
Evaluating 'exec' ...
  got v0.3.1
  has 3 dependencies
Evaluating 'proc-exit' ...
  got v2.0.2
  has 0 dependencies
Evaluating 'memory-lru' ...
  got v0.1.1
  has 9 dependencies
Evaluating 'sval_derive' ...
  got v2.18.0
  has 9 dependencies
Evaluating 'getrandom_or_panic' ...
  got v0.0.3
  has 11 dependencies
Evaluating 'sval_derive_macros' ...
  got v2.18.0
  has 8 dependencies
Evaluating 'cardano-serialization-lib' ...
  got v15.0.3
  has 108 dependencies
Evaluating 'find-msvc-tools' ...
  got v0.1.9
  has 0 dependencies
Evaluating 'ibc-relayer-types' ...
  got v0.32.2
  has 384 dependencies
Evaluating 'serde-rlp' ...
  got v0.1.4
  has 32 dependencies
Evaluating 'serde-tuple-vec-map' ...
  got v1.0.1
  has 2 dependencies
Evaluating 'aptos-bitvec' ...
  ! crate not resolved: error: the crate `aptos-bitvec` could not be found in registry index.
Evaluating 'imgui-sdl2' ...
  got v0.15.3
  has 28 dependencies
Evaluating 'chopper' ...
  ! crate not resolved: error: the crate `chopper` could not be found in registry index.
Evaluating 'pathfinder_svg' ...
  got v0.5.0
  has 149 dependencies
Evaluating 'bgzf' ...
  got v0.3.0
  has 18 dependencies
Evaluating 'bitcoin-bech32' ...
  got v0.13.0
  has 1 dependencies
Evaluating 'odbc-sys' ...
  got v0.31.0
  has 0 dependencies
Evaluating 'sn0int-std' ...
  got v0.26.0
  has 782 dependencies
Evaluating 'sysfs' ...
  got v0.0.2
  has 22 dependencies
Evaluating 'risc0-zkvm-circuit-sys' ...
  got v0.11.1
  has 54 dependencies
Evaluating 'x25519-dalek-fiat' ...
  got v0.1.0
  has 24 dependencies
Evaluating 'jsonwebtokens' ...
  got v1.2.0
  has 60 dependencies
Evaluating 'revm-precompile' ...
  got v34.0.0
  has 309 dependencies
Evaluating 'revm-primitives' ...
  got v23.0.0
  has 62 dependencies
Evaluating 'assert-impl' ...
  got v0.1.3
  has 0 dependencies
Evaluating 'srf' ...
  got v0.1.1
  has 288 dependencies
Evaluating 'serde_rusqlite' ...
  got v0.42.0
  has 13 dependencies
Evaluating 'esp32c2' ...
  got v0.29.2
  has 1 dependencies
Evaluating 'deadpool-redis' ...
  got v0.23.0
  has 126 dependencies
Evaluating 'sgx_tse' ...
  got v1.1.1
  has 1 dependencies
Evaluating 'sgx_unwind' ...
  got v0.1.1
  has 2 dependencies
Evaluating 'sgx_rand' ...
  got v1.1.1
  has 27 dependencies
Evaluating 'sgx_trts' ...
  got v1.1.1
  has 3 dependencies
Evaluating 'sgx_build_helper' ...
  got v0.1.3
  has 0 dependencies
Evaluating 'sgx_backtrace_sys' ...
  got v1.1.1
  has 7 dependencies
Evaluating 'candle-gemm-f32' ...
  got v0.16.0
  has 30 dependencies
Evaluating 'sp-utils' ...
  got v3.0.0
  has 61 dependencies
Evaluating 'sgx_libc' ...
  got v1.1.1
  has 1 dependencies
Evaluating 'aptos-sdk-builder' ...
  ! crate not resolved: error: the crate `aptos-sdk-builder` could not be found in registry index.
Evaluating 'pinot' ...
  got v0.1.5
  has 0 dependencies
Evaluating 'tauri-driver' ...
  got v2.0.5
  has 109 dependencies
Evaluating 'rinja' ...
  got v0.4.0+deprecated
  has 0 dependencies
Evaluating 'euler' ...
  got v0.4.1
  has 10 dependencies
Evaluating 'sscanf' ...
  got v0.5.0
  has 20 dependencies
Evaluating 'winter-verifier' ...
  got v0.13.1
  has 37 dependencies
Evaluating 'ff_ce' ...
  got v0.14.3
  has 6 dependencies
Evaluating 'aptos-types' ...
  ! crate not resolved: error: the crate `aptos-types` could not be found in registry index.
Evaluating 'phper-macros' ...
  got v0.15.2
  has 8 dependencies
Evaluating 'phper-alloc' ...
  got v0.16.1
  has 47 dependencies
Evaluating 'netlify_lambda' ...
  got v0.2.0
  has 126 dependencies
Evaluating 'ckb-pow' ...
  got v1.1.0
  has 150 dependencies
Evaluating 'riemann_client' ...
  got v0.9.0
  has 44 dependencies
Evaluating 'concurrent_arena' ...
  got v0.1.11
  has 14 dependencies
Evaluating 'test-helpers' ...
  got v0.2.3
  has 7 dependencies
Evaluating 'git-revision' ...
  got v0.10.4
  has 63 dependencies
Evaluating 'electrsd' ...
  got v0.37.0
  has 86 dependencies
Evaluating 'take' ...
  got v0.1.0
  has 0 dependencies
Evaluating 'bloomfilter' ...
  got v3.0.1
  has 4 dependencies
Evaluating 'fallible' ...
  got v0.1.3
  has 1 dependencies
Evaluating 'nu-pretty-hex' ...
  got v0.112.2
  has 1 dependencies
Evaluating 'sv-parser-syntaxtree' ...
  got v0.13.5
  has 20 dependencies
Evaluating 'redis-protocol' ...
  got v6.0.0
  has 6 dependencies
Evaluating 'aptos-retrier' ...
  ! crate not resolved: error: the crate `aptos-retrier` could not be found in registry index.
Evaluating 'dateparser' ...
  got v0.3.1
  has 15 dependencies
Evaluating 'futures-loco-protocol' ...
  got v0.4.0
  has 104 dependencies
Evaluating 'escape8259' ...
  got v0.5.3
  has 0 dependencies
Evaluating 'kafka-threadpool' ...
  got v1.0.12
  has 109 dependencies
Evaluating 'imdb-id' ...
  got v3.0.8
  has 217 dependencies
Evaluating 'ckb-verification' ...
  got v1.1.0
  has 395 dependencies
Evaluating 'cramjam' ...
  got v2.4.0
  has 95 dependencies
Evaluating 'neocmakelsp' ...
  got v0.10.2
  has 252 dependencies
Evaluating 'amqp_serde' ...
  got v0.4.3
  has 14 dependencies
Evaluating 'ethers-derive-eip712' ...
  got v2.0.2
  has 259 dependencies
Evaluating 'google-cloud-storage' ...
  got v1.11.0
  has 552 dependencies
Evaluating 'leo-ast' ...
  got v4.0.2
  has 931 dependencies
Evaluating 'unix_path' ...
  got v1.0.1
  has 1 dependencies
Evaluating 'import_map' ...
  got v0.25.0
  has 111 dependencies
Evaluating 'cairo' ...
  got v0.0.4
  has 32 dependencies
Evaluating 'ezsockets' ...
  got v0.7.1
  has 191 dependencies
Evaluating 'teloxide-macros' ...
  got v0.10.0
  has 9 dependencies
Evaluating 'move-stackless-bytecode-interpreter' ...
  ! crate not resolved: error: the crate `move-stackless-bytecode-interpreter` could not be found in registry index.
Evaluating 'librqbit-dht' ...
  got v5.3.1
  has 251 dependencies
Evaluating 'heck-but-macros' ...
  got v0.0.1
  has 2 dependencies
Evaluating 'ggml-sys' ...
  got v0.1.1
  has 4 dependencies
Evaluating 'mdbook-plantuml' ...
  got v2.0.0
  has 357 dependencies
Evaluating 'sv-parser-parser' ...
  got v0.13.5
  has 52 dependencies
Evaluating 'mdbook-footnote' ...
  got v0.2.0
  has 74 dependencies
Evaluating 'esp32c3' ...
  got v0.32.2
  has 1 dependencies
Evaluating 'esp32h2' ...
  got v0.19.2
  has 1 dependencies
Evaluating 'ckb-testtool' ...
  got v1.1.1
  has 414 dependencies
Evaluating 'resolve-path' ...
  got v0.1.0
  has 3 dependencies
Evaluating 'nu-parser' ...
  got v0.112.2
  has 258 dependencies
Evaluating 'num256' ...
  got v0.6.0
  has 10 dependencies
Evaluating 'revm' ...
  got v38.0.0
  has 389 dependencies
Evaluating 'soup' ...
  got v0.5.1
  has 93 dependencies
Evaluating 'ckb-dao' ...
  got v1.1.0
  has 333 dependencies
Evaluating 'daft' ...
  got v0.1.5
  has 1 dependencies
Evaluating 'creusot-contracts-proc' ...
  got v0.8.0
  has 8 dependencies
Evaluating 'sign' ...
  ! crate not resolved: error: the crate `sign` could not be found in registry index.
Evaluating 'strprintf' ...
  got v0.1.0
  has 1 dependencies
Evaluating 'imgui' ...
  got v0.12.0
  has 18 dependencies
Evaluating 'raw_sync' ...
  got v0.1.5
  has 8 dependencies
Evaluating 'hal' ...
  got v0.11.0
  has 161 dependencies
Evaluating 'floem' ...
  got v0.2.0
  has 656 dependencies
Evaluating 'elain' ...
  got v0.3.1
  has 0 dependencies
Evaluating 'aptos-rosetta-cli' ...
  ! crate not resolved: error: the crate `aptos-rosetta-cli` could not be found in registry index.
Evaluating 'livesplit-hotkey' ...
  got v0.8.0
  has 49 dependencies
Evaluating 'xoodyak' ...
  got v0.8.4
  has 1 dependencies
Evaluating 'ckb-fixed-hash-macros' ...
  got v1.1.0
  has 42 dependencies
Evaluating 'colorchoice-clap' ...
  got v1.0.8
  has 23 dependencies
Evaluating 'nanoserde' ...
  got v0.2.1
  has 1 dependencies
Evaluating 'ibc-relayer-cli' ...
  ! crate not resolved: error: failed to select a version for the requirement `core2 = "^0.3"`
Evaluating 'trim-in-place' ...
  got v0.1.7
  has 0 dependencies
Evaluating 'hex_color' ...
  got v3.0.0
  has 0 dependencies
Evaluating 'toml_parser' ...
  got v1.1.2+spec-1.1.0
  has 1 dependencies
Evaluating 'varisat-internal-proof' ...
  got v0.2.2
  has 2 dependencies
Evaluating 'wasi-nn' ...
  got v0.6.0
  has 10 dependencies
Evaluating 'toml_writer' ...
  got v1.1.1+spec-1.1.0
  has 0 dependencies
Evaluating 'cyberpunk' ...
  ! crate not resolved: error: the crate `cyberpunk` could not be found in registry index.
Evaluating 'bet' ...
  got v1.1.0
  has 0 dependencies
Evaluating 'bch_addr' ...
  got v0.1.0
  has 41 dependencies
Evaluating 'z3-sys' ...
  got v0.11.0
  has 2 dependencies
Evaluating 'dioxus-html' ...
  got v0.7.6
  has 165 dependencies
Evaluating 'qmetaobject' ...
  got v0.2.10
  has 48 dependencies
Evaluating 'learnrust' ...
  got v0.1.0
  has 4 dependencies
Evaluating 'anstyle-lossy' ...
  got v1.1.5
  has 1 dependencies
Evaluating 'fedimint-server' ...
  got v0.11.1
  has 1723 dependencies
Evaluating 'libc-stdhandle' ...
  got v0.1.0
  has 5 dependencies
Evaluating 'biquad' ...
  got v0.6.0
  has 4 dependencies
Evaluating 'napi_sym' ...
  got v0.176.0
  has 18 dependencies
Evaluating 'risc0-zkp-sys' ...
  got v0.11.1
  has 45 dependencies
Evaluating 'render' ...
  got v0.3.1
  has 9 dependencies
Evaluating 'capng' ...
  got v0.2.3
  has 2 dependencies
Evaluating 'madsim-macros' ...
  got v0.2.12
  has 20 dependencies
Evaluating 'deno_napi' ...
  got v0.177.0
  has 419 dependencies
Evaluating 'starknet' ...
  got v0.17.0
  has 427 dependencies
Evaluating 'carla' ...
  got v0.14.1
  has 551 dependencies
Evaluating 'bitarray' ...
  got v0.10.0
  has 1 dependencies
Evaluating 'termux-clipboard' ...
  got v0.1.0
  has 0 dependencies
Evaluating 'spec-flatten' ...
  ! crate not resolved: error: the crate `spec-flatten` could not be found in registry index.
Evaluating 'snmp-parser' ...
  got v0.11.0
  has 38 dependencies
Evaluating 'git-cliff-core' ...
  got v2.13.1
  has 421 dependencies
Evaluating 'ripgen' ...
  got v0.1.5
  has 61 dependencies
Evaluating 'substreams' ...
  got v0.7.6
  has 108 dependencies
Evaluating 'go-flag' ...
  got v0.1.0
  has 1 dependencies
Evaluating 'easy-auth' ...
  got v0.3.0
  has 71 dependencies
Evaluating 'breakpad-sys' ...
  got v0.2.0
  has 7 dependencies
Evaluating 'ckb-dao-utils' ...
  got v1.1.0
  has 147 dependencies
Evaluating 'netif' ...
  got v0.1.6
  has 1 dependencies
Evaluating 'telemetry-parser' ...
  got v0.2.6
  has 121 dependencies
Evaluating 'fim' ...
  ! crate not resolved: error: the crate `fim` could not be found in registry index.
Evaluating 'infinispan' ...
  got v0.3.0
  has 209 dependencies
Evaluating 'theban_interval_tree' ...
  got v0.7.1
  has 8 dependencies
Evaluating 'peak_alloc' ...
  got v0.3.0
  has 0 dependencies
Evaluating 'maturin' ...
  ! crate not resolved: error: failed to select a version for the requirement `xwin = "^0.6.6"`
Evaluating 'burn-wgpu' ...
  got v0.20.1
  has 511 dependencies
Evaluating 'miden-air' ...
  got v0.22.1
  has 489 dependencies
Evaluating 'zingo-memo' ...
  ! crate not resolved: error: failed to select a version for the requirement `core2 = "^0.3"`
Evaluating 'tectonic_bridge_freetype2' ...
  got v0.3.2
  has 20 dependencies
Evaluating 'tectonic_status_base' ...
  got v0.2.2
  has 2 dependencies
Evaluating 'tectonic_pdf_io' ...
  got v0.5.2
  has 63 dependencies
Evaluating 'tectonic_bridge_harfbuzz' ...
  got v0.3.2
  has 31 dependencies
Evaluating 'tectonic_bridge_flate' ...
  got v0.1.10
  has 11 dependencies
Evaluating 'tectonic_engine_xetex' ...
  got v0.5.2
  has 127 dependencies
Evaluating 'tectonic_io_base' ...
  got v0.5.0
  has 39 dependencies
Evaluating 'tectonic_cfg_support' ...
  got v0.1.5
  has 1 dependencies
Evaluating 'srtparse' ...
  got v0.3.0
  has 0 dependencies
Evaluating 'rustic_cdc' ...
  got v0.3.1
  has 0 dependencies
Evaluating 'tectonic_bridge_graphite2' ...
  got v0.3.2
  has 5 dependencies
Evaluating 'keyed-set' ...
  got v1.1.0
  has 8 dependencies
Evaluating 'macroific_macro' ...
  got v2.0.0
  has 16 dependencies
Evaluating 'cargo-ament-build' ...
  got v0.1.11
  has 34 dependencies
Evaluating 'deno_graph' ...
  got v0.107.2
  has 568 dependencies
Evaluating 'tower-make' ...
  got v0.3.0
  has 1 dependencies
Evaluating 'tunnels' ...
  got v0.1.0
  has 237 dependencies
Evaluating 'query-parser' ...
  got v0.2.0
  has 0 dependencies
Evaluating 'ord-bitcoincore-rpc-json' ...
  got v0.19.0
  has 53 dependencies
Evaluating 'filepath' ...
  got v0.2.0
  has 0 dependencies
Evaluating 'fedimint-ln-server' ...
  got v0.11.1
  has 1565 dependencies
Evaluating 'nshare' ...
  got v0.10.0
  has 34 dependencies
Evaluating 'ggml' ...
  got v0.1.1
  has 15 dependencies
Evaluating 'cc-traits' ...
  got v2.0.0
  has 0 dependencies
Evaluating 'ticker' ...
  got v0.1.1
  has 0 dependencies
Evaluating 'harsh' ...
  got v0.2.2
  has 0 dependencies
Evaluating 'teloxide-core' ...
  got v0.13.0
  has 320 dependencies
Evaluating 'aptos-openapi' ...
  ! crate not resolved: error: the crate `aptos-openapi` could not be found in registry index.
Evaluating 'ckb-always-success-script' ...
  got v0.0.1
  has 0 dependencies
Evaluating 'byte-order' ...
  got v0.3.0
  has 0 dependencies
Evaluating 'shuttle' ...
  got v0.9.1
  has 36 dependencies
Evaluating 'specs' ...
  got v0.20.0
  has 45 dependencies
Evaluating 'casper-engine-test-support' ...
  got v8.1.1
  has 443 dependencies
Evaluating 'errors' ...
  got v0.1.0
  has 0 dependencies
Evaluating 'aptos-telemetry-service' ...
  ! crate not resolved: error: the crate `aptos-telemetry-service` could not be found in registry index.
Evaluating 'impl-tools' ...
  got v0.11.4
  has 19 dependencies
Evaluating 'sawp-modbus' ...
  got v0.13.1
  has 33 dependencies
Evaluating 'chronoutil' ...
  got v0.2.7
  has 4 dependencies
Evaluating 'dtparse' ...
  got v2.0.1
  has 10 dependencies
Evaluating 'pinger' ...
  got v2.1.1
  has 26 dependencies
Evaluating 'enquote' ...
  got v1.1.0
  has 10 dependencies
Evaluating 'asn1_der_derive' ...
  got v0.1.2
  has 7 dependencies
Evaluating 'umfpack-rs' ...
  got v0.0.1
  has 119 dependencies
Evaluating 'ili9341' ...
  got v0.6.0
  has 5 dependencies
Evaluating 'mountpoint-s3-crt' ...
  got v0.13.8
  has 75 dependencies
Evaluating 'blake2-rfc_bellman_edition' ...
  got v0.0.1
  has 4 dependencies
Evaluating 'test-bitcoincore-rpc' ...
  got v0.0.1
  has 214 dependencies
Evaluating 'websocat' ...
  got v1.14.1
  has 374 dependencies
Evaluating 'anvil-server' ...
  got v0.0.0-reserved.0
  has 0 dependencies
Evaluating 'fred' ...
  got v10.1.0
  has 169 dependencies
Evaluating 'cryptographic-message-syntax' ...
  got v0.28.0
  has 246 dependencies
Evaluating 'tokio-io-utility' ...
  got v0.7.6
  has 3 dependencies
Evaluating 'random-bytes' ...
  got v1.0.2
  has 69 dependencies
Evaluating 'cargo-spec' ...
  got v0.5.0
  has 252 dependencies
Evaluating 'fastbloom' ...
  got v0.17.0
  has 13 dependencies
Evaluating 'r2d2-diesel' ...
  got v1.0.0
  has 22 dependencies
Evaluating 'sawtooth-sdk' ...
  got v0.5.2
  has 97 dependencies
Evaluating 'crypto_api_chachapoly' ...
  got v0.5.0
  has 1 dependencies
Evaluating 'deno_bench_util' ...
  got v0.240.0
  has 366 dependencies
Evaluating 'clarabel' ...
  got v0.11.1
  has 59 dependencies
Evaluating 'openssh-sftp-client-lowlevel' ...
  got v0.7.2
  has 75 dependencies
Evaluating 'openssh-sftp-error' ...
  got v0.5.1
  has 26 dependencies
Evaluating 'doxygen-rs' ...
  got v0.4.2
  has 18 dependencies
Evaluating 'amplify_num' ...
  got v0.5.3
  has 0 dependencies
Evaluating 'js-intern' ...
  got v0.3.1
  has 32 dependencies
Evaluating 'google-cloud-default' ...
  got v0.4.0
  has 272 dependencies
Evaluating 'utf8-decode' ...
  got v2.0.0
  has 0 dependencies
Evaluating 'async-ready' ...
  got v3.0.0
  has 0 dependencies
Evaluating 'cargo-auto' ...
  got v2026.306.1319
  has 504 dependencies
Evaluating 'simple-easing' ...
  got v1.0.2
  has 0 dependencies
Evaluating 'kubert' ...
  got v0.25.0
  has 2 dependencies
Evaluating 'objc2-core-location' ...
  got v0.3.2
  has 13 dependencies
Evaluating 'aptos-indexer' ...
  ! crate not resolved: error: the crate `aptos-indexer` could not be found in registry index.
Evaluating 'trashy' ...
  got v2.0.0
  has 203 dependencies
Evaluating 'sledgehammer_bindgen' ...
  got v0.6.0
  has 8 dependencies
Evaluating 'web30' ...
  got v1.15.0
  has 288 dependencies
Evaluating 'substreams-ethereum-core' ...
  got v0.11.1
  has 238 dependencies
Evaluating 'iota_stronghold' ...
  got v2.1.0
  has 294 dependencies
Evaluating 'carla-sys' ...
  got v0.14.1
  has 289 dependencies
Evaluating 'dioxus' ...
  got v0.7.6
  has 290 dependencies
Evaluating 'versionisator' ...
  got v1.2.0
  has 1 dependencies
Evaluating 'wit-bindgen-gen-rust-lib' ...
  got v0.3.0
  has 115 dependencies
Evaluating 'wit-bindgen-guest-rust-macro' ...
  got v0.3.0
  has 128 dependencies
Evaluating 'lsd' ...
  got v1.2.0
  has 228 dependencies
Evaluating 'ghost-cell' ...
  got v0.2.6
  has 0 dependencies
Evaluating 'wit-bindgen-gen-guest-teavm-java' ...
  got v0.3.0
  has 116 dependencies
Evaluating 'libipld-json' ...
  ! crate not resolved: error: failed to select a version for the requirement `core2 = "^0.4"`
Evaluating 'actix-protobuf' ...
  got v0.11.0
  has 235 dependencies
Evaluating 'wit-bindgen-gen-markdown' ...
  got v0.3.0
  has 117 dependencies
Evaluating 'dprint-plugin-json' ...
  got v0.21.3
  has 36 dependencies
Evaluating 'gemini-fetch' ...
  got v0.2.1
  has 121 dependencies
Evaluating 'extract-ethereum-abi' ...
  ! crate not resolved: error: the crate `extract-ethereum-abi` could not be found in registry index.
Evaluating 'librqbit-peer-protocol' ...
  got v4.3.0
  has 181 dependencies
Evaluating 'ckb-constant' ...
  got v1.1.1
  has 17 dependencies
Evaluating 'trait-async' ...
  got v0.1.24
  has 8 dependencies
Evaluating 'phper-build' ...
  got v0.15.4
  has 44 dependencies
Evaluating 'godot-macros' ...
  got v0.5.1
  has 10 dependencies
Evaluating 'configure_me_codegen' ...
  got v0.4.8
  has 36 dependencies
Evaluating 'epitech_api' ...
  got v0.2.0
  has 240 dependencies
Evaluating 'libmath' ...
  got v0.2.1
  has 4 dependencies
Evaluating 'nu-engine' ...
  got v0.112.2
  has 279 dependencies
Evaluating 'fitsio-sys-bindgen' ...
  got v0.0.6
  has 61 dependencies
Evaluating 'vidyut-lipi' ...
  got v0.2.0
  has 58 dependencies
Evaluating 'rustic_backend' ...
  got v0.6.1
  has 856 dependencies
Evaluating 'fffx' ...
  got v0.1.3
  has 13 dependencies
Evaluating 'russh-keys' ...
  got v0.49.2
  has 335 dependencies
Evaluating 'torrust-tracker-test-helpers' ...
  got v3.0.0
  has 196 dependencies
Evaluating 'rustic-rs' ...
  got v0.11.2
  has 1313 dependencies
Evaluating 'system_proxy' ...
  ! crate not resolved: error: the crate `system_proxy` could not be found in registry index.
Evaluating 'stability' ...
  got v0.2.1
  has 7 dependencies
Evaluating 'sawtooth-sabre' ...
  got v0.8.1
  has 202 dependencies
Evaluating 'ref_slice' ...
  got v1.2.1
  has 0 dependencies
Evaluating 'field_count' ...
  got v0.1.1
  has 8 dependencies
Evaluating 'bytekind' ...
  got v0.2.0
  has 29 dependencies
Evaluating 'bitbox-api' ...
  got v0.12.0
  has 201 dependencies
Evaluating 'risc0-build' ...
  got v3.0.5
  has 272 dependencies
Evaluating 'json_to_table' ...
  got v0.12.0
  has 10 dependencies
Evaluating 'serde_ipld_dagcbor' ...
  got v0.6.4
  has 35 dependencies
Evaluating 'actix-net' ...
  got v0.2.6
  has 307 dependencies
Evaluating 'conflate_derive' ...
  got v0.2.0
  has 15 dependencies
Evaluating 'cylinder' ...
  got v0.3.1
  has 28 dependencies
Evaluating 'choose' ...
  got v1.3.7
  has 45 dependencies
Evaluating 'nu-color-config' ...
  got v0.112.2
  has 259 dependencies
Evaluating 'opentok-rs-sys' ...
  got v1.0.4
  has 52 dependencies
Evaluating 'miracl_core_bls12381' ...
  got v4.2.2
  has 0 dependencies
Evaluating 'nucleo-matcher' ...
  got v0.3.1
  has 2 dependencies
Evaluating 'sp-sandbox' ...
  got v0.9.0
  has 499 dependencies
Evaluating 'openblas-build' ...
  got v0.10.15
  has 70 dependencies
Evaluating 'range-traits' ...
  got v0.3.2
  has 0 dependencies
Evaluating 'nereus' ...
  got v0.2.8
  has 0 dependencies
Evaluating 'seccomp-sys' ...
  got v0.1.3
  has 1 dependencies
Evaluating 'futures-x-io-timeoutable' ...
  got v0.3.2
  has 0 dependencies
Evaluating 'opentok' ...
  got v1.0.4
  has 65 dependencies
Evaluating 'apple-codesign' ...
  got v0.29.0
  has 1229 dependencies
Evaluating 'nom-packrat-macros' ...
  got v0.7.0
  has 7 dependencies
Evaluating 'rusqlite_migration' ...
  got v2.5.0
  has 10 dependencies
Evaluating 'windows-future' ...
  got v0.3.2
  has 22 dependencies
Evaluating 'windows-result' ...
  got v0.4.1
  has 1 dependencies
Evaluating 'windows-numerics' ...
  got v0.3.1
  has 20 dependencies
Evaluating 'windows-collections' ...
  got v0.3.2
  has 19 dependencies
Evaluating 'agent' ...
  got v0.0.1
  has 253 dependencies
Evaluating 'rawkey' ...
  got v0.1.3
  has 4 dependencies
Evaluating 'ed25519-consensus' ...
  got v2.1.0
  has 36 dependencies
Evaluating 'diem-crypto' ...
  got v0.0.3
  has 115 dependencies
Evaluating 'rustic_core' ...
  got v0.11.0
  has 305 dependencies
Evaluating 'rbpf' ...
  got v0.4.1
  has 8 dependencies
Evaluating 'align-data' ...
  got v0.1.0
  has 0 dependencies
Evaluating 'async-barrier' ...
  got v1.1.1
  has 3 dependencies
Evaluating 'pathfinder_metal' ...
  got v0.5.1
  has 82 dependencies
Evaluating 'code-minimap' ...
  got v0.6.8
  has 37 dependencies
Evaluating 'sbi-spec' ...
  got v0.0.8
  has 0 dependencies
Evaluating 'ra_ap_assists' ...
  got v0.0.39
  has 281 dependencies
Evaluating 'hw' ...
  got v0.2.3
  has 483 dependencies
Evaluating 'archiv' ...
  got v0.1.3
  has 21 dependencies
Evaluating 'merkle-cbt' ...
  got v0.3.2
  has 1 dependencies
Evaluating 'redis-async' ...
  got v0.18.0
  has 39 dependencies
Evaluating 'ckb-types' ...
  got v1.1.1
  has 144 dependencies
Evaluating 'zc2' ...
  got v0.0.11
  has 419 dependencies
Evaluating 'git-bitmap' ...
  got v0.2.2
  has 1 dependencies
Evaluating 'cardano-multiplatform-lib' ...
  got v6.2.0
  has 258 dependencies
Evaluating 'sidecar' ...
  got v1.0.0
  has 670 dependencies
Evaluating 'automod' ...
  got v1.0.16
  has 8 dependencies
Evaluating 'godot-ffi' ...
  got v0.5.1
  has 19 dependencies
Evaluating 'groupy' ...
  got v0.4.1
  has 34 dependencies
Evaluating 'multitask' ...
  got v0.2.0
  has 4 dependencies
Evaluating 'css-minify' ...
  got v0.5.2
  has 17 dependencies
Evaluating 'sawtooth' ...
  got v0.8.0
  has 65 dependencies
Evaluating 'current_locale' ...
  got v0.1.1
  has 0 dependencies
Evaluating 'imgui-opengl-renderer' ...
  got v0.12.1
  has 24 dependencies
Evaluating 'testdrop' ...
  got v0.1.2
  has 0 dependencies
Evaluating 'git-credentials' ...
  got v0.9.2
  has 121 dependencies
Evaluating 'quaternion' ...
  got v2.0.0
  has 2 dependencies
Evaluating 'nydus-error' ...
  got v0.2.3
  has 29 dependencies
Evaluating 'file-format' ...
  got v0.29.0
  has 0 dependencies
Evaluating 'hyper-named-pipe' ...
  got v0.1.0
  has 49 dependencies
Evaluating 'x-core' ...
  got v0.1.0
  has 127 dependencies
Evaluating 'datafusion-substrait' ...
  got v53.1.0
  has 936 dependencies
Evaluating 'aptos-github-client' ...
  ! crate not resolved: error: the crate `aptos-github-client` could not be found in registry index.
Evaluating 'pallet-contracts-uapi' ...
  got v14.0.0
  has 49 dependencies
Evaluating 'gravity_proto' ...
  got v0.9.2
  has 204 dependencies
Evaluating 'prometheus-metric-storage' ...
  got v0.6.0
  has 26 dependencies
Evaluating 'ui' ...
  got v0.1.0
  has 0 dependencies
Evaluating 'solana-sbf-rust-128bit-dep' ...
  got v0.0.0
  has 0 dependencies
Evaluating 'stream_limiter' ...
  got v3.2.0
  has 0 dependencies
Evaluating 'vapoursynth-sys' ...
  got v0.6.0
  has 2 dependencies
Evaluating 'tonic_lnd' ...
  got v0.5.1
  has 230 dependencies
Evaluating 'rm-frust5-api' ...
  got v0.0.3
  has 62 dependencies
Evaluating 'proxy-wasm' ...
  got v0.2.4
  has 5 dependencies
Evaluating 'bellperson' ...
  got v0.27.0
  has 131 dependencies
Evaluating 'merkle_hash' ...
  got v3.8.0
  has 19 dependencies
Evaluating 'broot' ...
  got v1.56.2
  has 674 dependencies
Evaluating 'deadline' ...
  got v0.2.0
  has 2 dependencies
Evaluating 'peernet' ...
  got v0.4.2
  has 937 dependencies
Evaluating 'risc0-zkvm-circuit' ...
  got v0.11.1
  has 69 dependencies
Evaluating 'extendr-api' ...
  got v0.9.0
  has 17 dependencies
Evaluating 'extendr-macros' ...
  got v0.9.0
  has 9 dependencies
Evaluating 'miden-crypto' ...
  got v0.24.0
  has 353 dependencies
Evaluating 'buildstructor' ...
  got v0.6.0
  has 24 dependencies
Evaluating 'qttypes' ...
  got v0.2.12
  has 34 dependencies
Evaluating 'pnacl-build-helper' ...
  got v1.4.11
  has 6 dependencies
Evaluating 'libressl-pnacl-sys' ...
  got v2.1.6
  has 8 dependencies
Evaluating 'colored-diff' ...
  got v0.2.3
  has 4 dependencies
Evaluating 'tuple_utils' ...
  got v0.4.0
  has 0 dependencies
Evaluating 'cargo-cranky' ...
  got v0.3.0
  has 14 dependencies
Evaluating 'dptree' ...
  got v0.5.1
  has 15 dependencies
Evaluating 'git-quote' ...
  got v0.4.2
  has 7 dependencies
Evaluating 'faketime' ...
  got v0.2.1
  has 9 dependencies
Evaluating 'field_count_derive' ...
  got v0.1.1
  has 7 dependencies
Evaluating 'buddy-alloc' ...
  got v0.6.0
  has 0 dependencies
Evaluating 'casper-types' ...
  got v7.0.0
  has 153 dependencies
Evaluating 'ckb-logger' ...
  got v1.1.0
  has 1 dependencies
Evaluating 'cs_serde_bytes' ...
  got v0.12.2
  has 2 dependencies
Evaluating 'torut' ...
  got v0.2.1
  has 75 dependencies
Evaluating 'quick-js' ...
  got v0.4.1
  has 9 dependencies
Evaluating 'tokio-pipe' ...
  got v0.2.12
  has 8 dependencies
Evaluating 'deno_net' ...
  got v0.238.0
  has 639 dependencies
Evaluating 'hex-buffer-serde' ...
  got v0.4.0
  has 3 dependencies
Evaluating 'sanakirja-core' ...
  got v1.4.1
  has 0 dependencies
Evaluating 'harfbuzz_rs' ...
  got v2.0.1
  has 14 dependencies
Evaluating 'probe' ...
  got v0.5.2
  has 0 dependencies
Evaluating 'datafusion-row' ...
  got v27.0.0
  has 231 dependencies
Evaluating 'calc' ...
  got v0.5.0
  has 186 dependencies
Evaluating 'mipidsi' ...
  got v0.10.0
  has 8 dependencies
Evaluating 'spaces' ...
  got v6.0.0
  has 5 dependencies
Evaluating 'vidyut-kosha' ...
  got v0.2.0
  has 120 dependencies
Evaluating 'cargo-all-features' ...
  got v1.12.0
  has 38 dependencies
Evaluating 'redb' ...
  got v4.1.0
  has 0 dependencies
Evaluating 'chrome-devtools-rs' ...
  got v0.0.0-alpha.3
  has 30 dependencies
Evaluating 'img_hash_median' ...
  got v4.0.0
  has 72 dependencies
Evaluating 'leo-compiler' ...
  got v4.0.2
  has 1010 dependencies
Evaluating 'linux-embedded-hal' ...
  got v0.4.1
  has 54 dependencies
Evaluating 'bunyarrs' ...
  got v0.3.0
  has 19 dependencies
Evaluating 'sheldon' ...
  got v0.8.5
  has 221 dependencies
Evaluating 'datadog-dynamic-configuration' ...
  got v0.0.0
  has 0 dependencies
Evaluating 'natural' ...
  got v0.5.0
  has 12 dependencies
Evaluating 'goldie' ...
  got v0.6.0
  has 26 dependencies
Evaluating 'procspawn' ...
  got v1.0.1
  has 62 dependencies
Evaluating 'str_inflector' ...
  got v0.12.0
  has 10 dependencies
Evaluating 'deep_space' ...
  got v2.32.1
  has 301 dependencies
Evaluating 'tendermint-testgen' ...
  got v0.40.4
  has 131 dependencies
Evaluating 'quircs' ...
  got v0.10.3
  has 17 dependencies
Evaluating 'synstructure_test_traits' ...
  got v0.1.0
  has 0 dependencies
Evaluating 'qp2p' ...
  got v0.36.4
  has 131 dependencies
Evaluating 'css-color-parser' ...
  got v0.1.2
  has 1 dependencies
Evaluating 'read-process-memory' ...
  got v0.1.6
  has 2 dependencies
Evaluating 'miden-assembly' ...
  got v0.22.1
  has 619 dependencies
Evaluating 'grpc-protobuf' ...
  got v0.8.3
  has 87 dependencies
Evaluating 'backslash' ...
  got v0.2.0
  has 0 dependencies
Evaluating 'sv-parser-error' ...
  got v0.13.5
  has 10 dependencies
Evaluating 'boxxy' ...
  got v0.14.0
  has 79 dependencies
Evaluating 'uniffi_checksum_derive' ...
  got v0.28.3
  has 7 dependencies
Evaluating 'romio' ...
  got v0.3.0-alpha.10
  has 58 dependencies
Evaluating 'fil-ocl-core' ...
  got v0.11.4
  has 48 dependencies
Evaluating 'snarkvm-nonnative' ...
  ! crate not resolved: error: the crate `snarkvm-nonnative` could not be found in registry index.
Evaluating 'juliex' ...
  got v0.3.0-alpha.8
  has 51 dependencies
Evaluating 'rvs_derive' ...
  got v0.3.2
  has 8 dependencies
Evaluating 'duration-string' ...
  got v0.5.3
  has 0 dependencies
Evaluating 'forest_json_utils' ...
  got v0.1.1
  has 2 dependencies
Evaluating 'blob' ...
  got v0.3.0
  has 4 dependencies
Evaluating 'async-semaphore' ...
  got v1.2.1
  has 1 dependencies
Evaluating 'av-scenechange' ...
  got v0.23.0
  has 86 dependencies
Evaluating 'dioxus-rsx' ...
  got v0.7.6
  has 15 dependencies
Evaluating 'fitsio-derive' ...
  got v0.2.1
  has 7 dependencies
Evaluating 'ckb-traits' ...
  got v1.1.0
  has 145 dependencies
Evaluating 'ckb-rational' ...
  got v1.1.0
  has 43 dependencies
Evaluating 'nom-recursive-macros' ...
  got v0.5.1
  has 7 dependencies
Evaluating 'fastrlp' ...
  got v1.0.0
  has 11 dependencies
Evaluating 'k8s' ...
  got v0.0.1
  has 0 dependencies
Evaluating 'font' ...
  got v0.42.0
  has 14 dependencies
Evaluating 'run-when' ...
  got v1.0.3
  has 118 dependencies
Evaluating 'rstat' ...
  got v0.6.0
  has 80 dependencies
Evaluating 'const-hex' ...
  got v1.18.1
  has 2 dependencies
Evaluating 'obey' ...
  got v0.1.1
  has 0 dependencies
Evaluating 'simulacrum_macros' ...
  got v0.3.1
  has 7 dependencies
Evaluating 'jsonwebtokens-cognito' ...
  got v0.1.1
  has 247 dependencies
Evaluating 'awaitable-error' ...
  got v0.1.0
  has 0 dependencies
Evaluating 'crossterm_utils' ...
  got v0.4.0
  has 2 dependencies
Evaluating 'docker_credential' ...
  got v1.3.2
  has 17 dependencies
Evaluating 'simulacrum_shared' ...
  got v0.1.0
  has 3 dependencies
Evaluating 'secret-vault-value' ...
  got v1.0.1
  has 10 dependencies
Evaluating 'sha2raw' ...
  got v14.1.0
  has 19 dependencies
Evaluating 'tokens' ...
  got v0.0.0
  has 0 dependencies
Evaluating 'c-kzg' ...
  got v2.1.7
  has 23 dependencies
Evaluating 'casper-wasm-utils' ...
  got v4.0.0
  has 3 dependencies
Evaluating 'agents' ...
  got v0.3.0
  has 360 dependencies
Evaluating 'miden-stdlib' ...
  got v0.19.1
  has 484 dependencies
Evaluating 'async-ctrlc' ...
  got v1.2.0
  has 7 dependencies
Evaluating 'scripts' ...
  got v0.1.0
  has 1739 dependencies
Evaluating 'simulacrum' ...
  got v0.3.1
  has 12 dependencies
Evaluating 'sv-parser-macros' ...
  got v0.13.5
  has 7 dependencies
Evaluating 'libipld-cbor' ...
  ! crate not resolved: error: failed to select a version for the requirement `core2 = "^0.4"`
Evaluating 'deser-hjson' ...
  got v2.2.5
  has 11 dependencies
Evaluating 'zenoh-shm' ...
  got v1.9.0
  has 187 dependencies
Evaluating 'machine' ...
  got v0.3.0
  has 9 dependencies
Evaluating 'binstall-tar' ...
  got v0.4.42
  has 8 dependencies
Evaluating 'ldk-node' ...
  got v0.7.0
  has 457 dependencies
Evaluating 'hyperloglog' ...
  got v1.0.3
  has 11 dependencies
Evaluating 'dav-server' ...
  got v0.11.0
  has 162 dependencies
Evaluating 'read-structure' ...
  got v0.3.0
  has 16 dependencies
Evaluating 'proc-status' ...
  got v0.1.1
  has 10 dependencies
Evaluating 'stretto' ...
  got v0.8.4
  has 47 dependencies
Evaluating 'cachepot' ...
  got v0.0.0
  has 0 dependencies
Evaluating 'cw-storage-macro' ...
  got v3.0.1
  has 8 dependencies
Evaluating 'spl-discriminator-derive' ...
  got v0.2.0
  has 28 dependencies
Evaluating 'bolero-kani' ...
  got v0.13.0
  has 23 dependencies
Evaluating 'cross-krb5' ...
  got v0.4.2
  has 43 dependencies
Evaluating 'leo-test-framework' ...
  got v4.0.2
  has 11 dependencies
Evaluating 'cyclors' ...
  got v0.3.10
  has 69 dependencies
Evaluating 'wasmer-wit-bindgen-gen-rust' ...
  got v0.1.1
  has 15 dependencies
Evaluating 'aptos-crypto' ...
  ! crate not resolved: error: the crate `aptos-crypto` could not be found in registry index.
Evaluating 'conduit-mime-types' ...
  got v0.8.0
  has 35 dependencies
Evaluating 'yrs' ...
  got v0.25.0
  has 52 dependencies
Evaluating '' ...
  ! crate not resolved: error: package name cannot be empty

== COMPUTING STATS ==
0
2
1
0
5
0
0
0
0
8
0
1
0
0
0
0
9
0
0
3
2
3
1
0
1
0
0
8
0
0
1
1
1
0
2
4
0
2
0
1
0
0
0
1
2
3
0
12
0
3
0
2
0
0
1
3
1
0
12
11
13
1
19
1
6
21
9
8
1
7
5
0
8
0
1
0
3
0
0
4
0
0
0
0
0
0
1
0
0
0
1
1
2
0
0
0
0
0
69
73
2
0
1
3
0
15
0
5
22
1
2
14
0
0
6
1
1
1
0
9
2
0
1
5
0
1
0
0
13
5
29
0
0
1
0
4
23
0
0
0
0
2
0
0
0
9
28
7
12
1
1
0
0
8
0
0
4
3
1
0
9
6
19
2
0
0
0
8
1
0
2
9
2
0
0
7
7
0
0
3
72
3
2
0
0
1
0
0
1
70
2
9
0
0
10
1
2
0
0
6
0
5
4
1
29
0
12
1
23
0
0
0
33
2
21
7
3
6
0
0
8
1
0
2
4
32
0
3
1
20
9
2
8
0
1
9
0
5
2
2
0
6
0
2
3
4
0
9
5
0
29
0
24
11
1
8
12
1
8
11
3
0
1
3
0
1
4
0
0
8
11
0
1
1
1
1
5
1
0
0
25
3
5
1
1
2
1
26
16
4
2
28
8
8
9
2
10
0
0
2
1
0
16
1
9
0
1
3
0
3
0
21
0
13
0
1
0
0
0
6
1
0
5
8
4
27
1
1
5
1
0
0
1
0
1
0
64
27
27
21
11
0
5
60
8
1
3
2
0
8
1
0
29
2
3
13
0
0
1
4
3
2
18
24
0
2
2
0
10
0
13
21
0
2
9
226
1
0
3
0
0
35
2
1
8
8
0
0
108
15
2
3
9
0
32
0
0
2
0
2
2
34
4
8
11
8
0
17
0
22
19
0
0
0
0
2
0
12
79
2
0
1
1
79
0
3
5
0
0
0
18
25
2
0
3
0
4
0
19
9
11
12
0
21
3
18
0
5
5
105
0
0
29
3
8
0
6
0
4
13
0
7
0
2
7
17
10
5
24
1
3
0
0
0
0
0
0
2
0
7
9
1
2
2
2
0
30
134
0
20
0
451
25
0
13
9
0
0
6
2
7
8
2
12
1
0
2
73
0
0
23
10
107
52
79
1
0
0
0
8
14
11
4
0
1
58
0
1
11
0
16
0
57
71
1
0
0
7
0
1
5
9
13
7
1
0
0
133
5
23
0
2
1
63
362
1
3
1
0
8
8
152
0
0
17
1
0
2
116
114
974
11
0
0
0
42
2
5
5
6
25
2
1
0
346
4
0
40
0
2
4
1
0
87
0
0
1
2
8
1
0
7
0
63
10
8
12
0
0
8
33
20
0
0
5
3
3
37
13
1
13
14
12
32
1
0
9
0
0
10
9
0
0
0
1
0
5
21
1
58
3
0
4
40
25
0
0
17
23
44
12
4
4
0
11
8
8
8
0
17
1
12
11
14
32
4
1
2
0
2
6
0
1
5
0
12
14
29
1
0
58
33
0
7
23
13
2
1
13
18
14
0
5
26
1
6
47
14
32
5
53
6
0
12
0
22
11
13
44
0
0
17
0
50
5
1
0
13
1
0
7
0
11
10
9
30
14
1
12
1
11
14
1
14
0
18
36
14
0
2
33
32
33
80
0
38
6
35
23
8
25
9
10
10
12
8
70
111
0
5
1
8
0
13
9
0
8
1
108
0
19
8
1
0
9
7
0
11
41
79
63
57
0
0
36
0
1
17
2
5
0
100
6
0
6
8
0
21
28
8
0
47
6
51
5
1
54
1
1
36
8
33
59
4
14
0
2
0
17
4
0
305
19
1
98
4
16
1
50
3
0
0
15
5
6
43
12
4
53
1
3
49
0
17
1
19
4
8
1
5
8
2
0
2
1
5
0
7
1
0
0
0
0
8
3
0
0
12
4
0
6
8
152
0
1
50
7
3
11
47
8
34
4
2
153
2
41
5
0
0
0
27
43
42
7
68
50
10
5
42
156
2
63
85
20
0
1
71
6
10
1
21
2
0
12
8
0
1
13
6
6
0
19
1
1
11
0
3
1
25
0
23
8
7
32
28
56
25
0
1
86
1
0
4
10
21
8
9
6
0
2
4
18
321
84
1
2
7
0
0
42
19
1
41
0
75
7
0
0
12
27
38
1
0
0
8
8
2
31
12
59
8
3
0
34
0
2
69
21
0
1
0
2
0
0
7
22
0
1
0
1
3
1
0
8
0
13
242
19
12
1
8
18
1
1
0
8
0
1
7
9
3
1
0
4
9
0
0
1
17
0
9
0
0
3
0
8
0
3
0
2
81
5
2
2
19
0
4
4
3
1
66
38
20
1
0
6
0
0
0
8
100
0
2
52
23
94
41
7
0
15
0
2
35
1
6
63
18
5
39
16
8
0
20
9
2
8
2
18
8
3
3
4
27
3
41
1
0
0
24
9
15
8
171
142
103
13
0
27
60
0
1
12
9
0
2
0
0
18
311
120
20
2
102
18
16
0
0
10
35
69
0
119
8
32
93
4
8
5
9
9
16
12
92
0
8
9
388
0
8
29
21
9
2
1
26
11
3
11
12
23
14
30
1
10
35
0
0
0
405
30
40
3
2
0
0
9
0
0
6
1
10
7
12
0
79
5
9
11
2
4
0
0
113
69
10
1
34
51
0
3
5
8
0
29
8
2
2
0
13
0
1
14
43
273
7
12
4
65
1
10
4
0
7
6
2
4
40
5
131
28
0
3
0
16
0
18
10
23
1
11
1
0
6
17
0
0
8
17
14
6
0
0
14
0
0
16
49
8
0
15
14
34
12
4
3
14
19
21
19
2
3
12
15
4
8
10
0
2
13
0
8
13
25
9
2
15
0
4
3
3
0
64
77
47
0
10
0
1
64
13
0
0
6
9
1
1
22
16
7
2
0
22
6
34
6
2
100
17
21
92
0
15
16
24
1
1
8
0
24
0
13
9
7
1
14
2
38
8
24
14
1
0
16
41
16
24
27
1
243
12
3
155
6
91
0
8
10
46
7
0
0
20
0
6
16
5
44
16
0
19
2
25
22
12
25
0
7
4
17
5
5
0
1
5
56
0
61
37
34
29
10
3
0
6
9
29
8
13
3
11
0
19
0
11
8
3
8
5
9
3
4
8
8
0
0
11
4
14
3
199
1
0
109
58
19
0
0
15
3
16
7
18
7
3
19
5
19
1
0
4
20
16
14
0
0
13
6
19
58
9
2
160
0
0
7
299
2
137
19
4
0
14
0
2
5
0
11
9
68
17
10
0
5
123
0
204
360
0
0
13
0
1
2
6
47
23
7
223
8
60
2
2
19
15
6
0
0
1
26
400
3
0
1
15
24
20
19
527
7
2
540
0
2
66
1
98
2
11
3
1
39
12
54
16
7
40
21
6
2
20
493
73
2
50
12
8
2
34
119
56
0
9
1
8
7
3
0
260
8
5
33
4
3
8
12
0
8
184
49
11
17
7
1
4
4
322
0
56
5
0
0
8
0
50
42
3
21
0
58
35
27
4
22
3
5
1
0
17
19
0
1
0
170
27
3
29
0
31
68
0
1
6
3
4
7
0
8
2
3
155
10
37
2
11
34
0
3
8
66
11
0
0
2
0
7
0
3
41
227
25
8
33
161
9
1
146
0
0
0
3
23
38
24
5
64
165
28
0
0
49
5
8
1
7
1
33
87
0
3
3
7
3
10
1
3
0
17
3
11
9
50
5
6
21
5
11
71
22
2
12
1
32
56
35
82
236
8
0
0
0
1
0
0
35
5
3
0
298
1
185
378
651
132
8
199
0
9
57
70
0
3
30
10
0
2
21
0
338
85
172
23
34
0
0
4
1
263
0
0
15
9
191
21
0
52
32
11
4
1
1
0
15
0
2
0
6
44
18
89
222
30
1
9
1
0
28
30
0
1
5
5
14
203
266
44
148
50
0
24
108
1
38
187
137
0
10
0
23
145
4
433
3
135
4
28
108
1
30
3
8
9
32
0
58
0
55
38
0
1
8
7
9
8
8
183
1
3
27
6
0
3
10
0
4
0
1
0
5
7
24
1
4
86
5
105
0
3
9
6
7
104
30
8
16
0
177
5
8
66
5
8
0
0
1
5
219
24
5
0
0
8
5
129
7
194
2
3
0
113
11
6
79
1
0
17
12
57
7
26
31
250
1
0
2
10
12
14
2
1
42
13
151
20
11
1
92
0
1
3
71
0
3
84
97
13
0
4
3
1
0
365
72
17
1
0
117
29
65
382
8
6
30
4
17
33
49
49
0
0
8
43
0
18
7
27
2
15
60
24
0
46
50
10
7
8
20
23
7
10
24
60
8
49
3
10
50
30
76
0
51
42
21
7
75
354
40
1
10
29
20
0
81
29
3
96
40
58
47
0
97
43
33
133
13
58
68
29
165
106
29
126
3
9
225
148
110
197
0
158
23
8
0
11
8
57
41
29
47
217
16
5
21
58
30
0
1
73
1
43
29
13
3
17
7
258
148
1
2
1
3
1
13
25
1
0
0
55
2
0
1
0
0
20
5
12
0
67
9
2
0
41
7
99
12
329
75
8
0
18
143
4
29
2
6
53
97
0
114
2
413
2
97
1
37
4
7
25
187
20
9
0
14
8
2
8
0
27
3
1
0
9
109
8
56
33
134
0
0
245
9
0
20
0
1
130
84
9
43
85
424
25
0
0
85
162
1
7
24
3
14
1
93
345
40
16
0
0
12
45
15
117
415
72
23
25
0
0
0
0
27
24
3
16
68
1
0
34
3
1
3
529
0
6
22
0
0
289
841
48
66
33
0
317
17
12
10
374
5
0
0
37
0
44
1
231
1
300
0
4
17
380
58
0
1
0
55
14
0
2
1
30
8
52
0
0
447
21
4
1
4
117
1
31
9
373
136
378
3
1
0
3
0
0
304
12
8
45
123
0
1
74
12
0
0
0
0
47
48
18
54
7
39
0
95
1
526
16
0
86
200
94
51
10
0
4
0
84
15
5
17
2
11
13
1
4
8
0
74
0
107
47
2
0
10
3
9
21
79
30
0
0
0
51
3
249
18
4
97
74
10
5
256
114
286
221
12
250
320
243
36
98
96
1
190
28
3
1
0
8
3
3
84
0
1
84
6
0
204
0
5
239
235
20
260
18
1
0
0
0
56
84
252
6
275
264
26
17
4
8
137
0
0
0
5
6
270
12
1
0
39
8
660
67
4
2
10
10
1
891
2
465
0
42
1
202
145
297
74
531
0
0
43
8
655
9
18
8
8
24
0
120
0
714
27
371
394
34
1
499
7
38
17
773
0
0
77
24
58
1
58
147
12
0
0
59
41
51
708
1
0
7
0
56
10
91
20
911
388
49
163
903
911
251
0
56
40
232
117
172
5
52
1
75
22
4
36
8
752
8
717
0
16
16
0
22
36
43
11
0
135
72
916
314
910
6
911
4
266
400
7
944
802
125
55
31
1003
910
4
992
984
915
1003
1004
936
20
920
932
0
0
786
242
1
58
100
9
11
1
919
912
931
912
61
776
114
1
398
911
1
17
113
67
163
55
19
113
67
910
909
57
915
0
910
26
913
961
595
0
292
911
38
5
10
1
26
55
7
11
72
135
4
75
0
895
1
307
778
918
909
776
786
0
163
940
0
911
0
800
1003
0
1
71
915
255
100
0
400
70
785
1
1018
249
314
6
786
711
1141
1004
911
17
0
802
916
58
912
1003
4
992
91
405
948
200
920
114
72
9
1
397
1
44
209
944
776
0
714
17
912
726
154
242
912
5
9
30
3
147
818
5
25
8
0
8
0
928
47
6
53
553
792
213
13
0
0
982
1057
36
3
1067
0
71
5
1135
16
0
0
9
0
951
0
88
2
11
763
45
105
0
9
5
714
0
0
20
671
398
49
51
42
30
11
9
5
16
3
290
9
581
1
259
17
40
30
1
0
9
8
12
0
1
35
125
111
129
148
11
169
7
1
202
0
0
19
9
7
9
17
6
187
401
136
86
4
5
2
5
103
9
1179
112
30
9
4
3
27
118
1
807
12
1202
0
0
35
11
1036
23
747
8
3
0
281
243
11
16
101
167
90
13
1
200
680
1037
13
101
1166
21
106
0
213
818
0
14
58
17
36
188
188
334
5
128
0
295
52
1132
5
4
141
5
133
161
37
118
235
1174
5
996
0
12
911
711
952
16
1
14
975
562
345
5
4
428
432
1
160
1003
65
10
4
7
0
19
856
3
12
10
5
0
269
17
37
1
13
19
10
1
93
3
8
129
2
201
0
10
6
0
91
5
0
11
19
5
1215
20
0
5
109
33
11
17
16
0
1064
2
44
64
17
28
9
8
5
7
1
0
1
390
712
4
39
8
1354
122
19
42
7
3
18
3
77
1
2
10
4
355
861
5
715
852
39
49
528
1
0
156
293
25
13
37
9
15
10
13
125
38
0
19
34
18
79
7
0
35
1966
903
8
0
28
0
2
421
10
0
113
37
388
0
48
48
77
41
10
47
1950
1363
53
17
0
90
17
42
46
48
32
55
1964
12
20
15
54
13
120
2
20
4
10
123
28
862
2
0
215
31
46
862
36
46
11
6
0
1966
1
3
122
9
18
42
25
0
0
81
28
7
1363
2
14
48
1
0
0
46
930
31
174
0
20
24
48
15
26
55
51
243
7
35
1993
11
22
38
903
863
17
2
119
0
48
0
0
28
10
83
31
15
13
0
297
54
10
40
1
7
2
12
0
8
53
8
865
1
1964
37
2
41
12
202
0
43
0
26
4
120
0
0
94
39
1312
113
1460
48
4
2
7
61
0
123
0
0
45
13
12
5
69
62
58
1
37
0
0
31
0
35
8
25
19
0
3
1
8
11
0
50
12
59
25
58
8
10
1
52
9
0
2
0
782
37
17
13
34
0
19
620
146
41
19
44
37
10
0
12
70
32
8
5
0
5
52
0
0
373
24
11
0
9
6
24
13
3
5
46
0
0
2
9
1
50
1
6
0
244
5
4
14
17
608
15
0
17
10
34
385
27
326
199
6
0
227
10
24
2
14
0
20
13
0
214
56
36
0
8
15
8
1
0
305
2
0
26
25
21
3
90
8
37
223
36
404
168
4
7
0
76
10
22
0
7
166
23
45
9
10
16
5
2
160
0
12
367
6
4
119
135
0
40
178
4
68
10
32
3
6
79
25
0
10
42
6
16
13
0
8
23
0
0
55
19
0
14
28
24
0
0
9
203
5
26
37
12
155
111
7
1
9
35
274
28
824
0
0
0
147
32
0
2
4
18
8
0
0
34
4
71
4
28
8
24
20
132
354
231
2
1
172
53
15
6
0
101
28
0
7
26
0
1
13
346
0
29
29
31
21
0
61
23
16
2
48
3
0
1
45
141
143
5
1
0
2
10
0
278
155
8
791
8
196
11
119
0
7
0
14
19
18
452
31
0
127
201
34
0
95
78
186
363
88
1
15
11
0
40
20
0
90
97
34
4
1
2
8
217
145
3
126
15
12
35
36
6
7
0
0
216
31
371
127
32
19
216
227
50
0
8
0
0
4
20
24
1
0
0
16
250
11
81
1
1
35
19
83
389
10
97
1
0
1
8
2
28
1
33
5
0
12
5
23
0
2
446
8
4
0
30
317
11
61
22
9
8
364
15
799
28
1
48
6
0
90
317
78
142
155
36
0
53
5
13
172
4
11
141
26
5
13
62
17
2
12
155
0
0
4
67
363
16
2
16
22
18
111
29
14
1
0
0
10
446
18
0
20
0
11
0
371
11
35
196
3
5
11
28
2
21
201
34
0
6
14
19
81
35
26
28
791
20
0
119
438
16
4
389
23
35
61
0
27
31
19
0
50
127
36
344
1
13
8
0
0
8
0
824
149
28
127
6
6
31
50
41
74
3
16
23
9
780
0
1
28
6
13
0
0
25
510
0
1
0
551
42
0
2
345
60
164
19
219
220
0
19
0
378
122
34
91
11
1
495
269
1
5
13
8
92
724
34
17
17
0
28
12
136
77
27
193
8
22
0
5
10
1
16
89
16
34
1
40
4
2
178
0
26
18
9
79
28
118
210
17
26
6
149
7
88
615
143
0
11
0
492
38
255
441
4
22
261
11
3
0
0
85
3
9
79
48
0
0
0
0
584
0
0
48
1
9
19
49
92
10
1
0
7
83
20
0
62
8
157
208
82
37
11
153
38
608
1
10
244
584
0
791
1
12
217
4
379
595
43
8
1
20
1
1
0
2
16
16
12
22
9
51
49
20
1
65
0
2
5
5
0
248
0
13
75
134
608
9
0
10
13
1
5
349
1
7
77
7
18
1
0
260
87
19
9
48
19
20
0
744
10
5
51
4
0
11
196
8
193
0
337
7
0
11
21
46
19
8
8
1
146
120
0
640
204
11
2
4
31
0
6
37
28
8
2
1331
14
5
2
8
292
218
4
15
22
0
47
14
71
258
12
0
0
45
73
11
0
32
19
0
20
59
87
0
74
98
186
40
10
162
517
216
77
31
216
1366
38
10
16
7
384
5
733
5
4
114
374
84
353
297
21
9
0
0
0
82
0
162
8
1
39
28
9
43
0
176
677
30
1
3
12
32
0
227
0
0
264
0
85
607
6
0
336
12
22
20
20
8
2
44
2
16
654
787
0
7
22
39
0
149
76
163
5
11
0
0
48
43
10
54
19
0
254
0
6
841
35
351
45
2
5
0
42
2
1
216
38
137
201
0
2
13
28
35
4
354
131
0
3
125
115
10
63
98
94
163
1
14
9
62
0
7
1
29
16
5
1
0
114
1
345
42
14
159
39
19
0
28
21
124
0
19
122
787
1
0
12
17
8
0
34
11
35
28
67
27
11
0
677
22
22
608
39
0
20
0
159
0
0
20
0
183
0
841
160
1
22
44
2
11
0
85
5
14
724
23
218
31
34
31
4
640
8
74
26
7
75
9
163
0
1
79
6
346
76
0
7
9
15
63
629
88
492
15
909
0
142
27
7
0
374
0
14
131
193
227
56
1173
12
0
9
13
0
107
113
0
12
10
88
254
0
0
9
595
92
5
27
0
344
67
2
10
26
20
244
2
11
351
7
0
219
16
9
4
1
60
0
1
293
151
20
18
637
360
300
9
498
39
0
76
1331
9
6
37
13
1
13
517
10
223
3
12
47
1
28
3
42
186
132
4
0
137
6
14
99
32
35
19
780
20
2
4
0
248
5
35
0
1
0
16
24
10
0
0
0
84
0
20
6
21
0
0
105
0
1
12
615
201
7
45
48
83
0
5
42
5
92
14
35
11
14
11
83
11
0
0
1034
0
314
52
27
8
5
82
22
391
18
13
16
225
0
3
592
204
0
28
9
6
8
58
3
4
20
0
0
4
0
59
10
9
9
87
2
53
0
12
0
11
5
29
4
0
4
10
21
25
20
13
7
0
16
49
83
129
0
0
8
74
17
149
46
16
12
0
0
0
0
3
28
21
26
0
79
1
91
5
261
89
654
441
25
9
1
402
0
77
10
18
93
0
9
4
65
153
563
43
4
0
12
11
46
19
27
994
26
11
2086
3
0
5
19
1
0
7
27
1
0
19
11
12
5
28
57
1
8
1
5
77
12
254
12
2
8
19
22
11
5
14
54
1
19
0
1
22
47
20
16
347
6
337
19
17
16
953
5
0
1
7
0
1
28
260
180
157
37
1
0
42
44
0
41
0
691
336
8
0
23
0
28
120
142
60
5
21
0
20
40
495
36
2
22
38
1
70
0
23
26
259
66
0
45
65
178
38
1
259
2
256
0
74
0
0
162
0
791
283
232
1
208
8
1366
1
24
3
8
5
0
48
220
450
9
0
31
72
87
82
0
1
0
0
1
718
0
9
0
22
7
1
1
0
264
0
2
22
176
584
9
563
26
0
19
0
43
583
344
143
510
1
35
123
18
0
14
28
0
54
724
82
5
98
12
265
23
0
38
0
227
15
1
3
0
129
75
87
21
3
313
0
124
31
58
3
14
20
9
102
218
336
0
164
3
10
0
10
25
210
19
9
30
178
94
18
5
8
1
1
390
59
374
2
168
1
26
34
11
439
4
28
0
31
5
31
1
22
3
10
9
37
10
3
0
0
11
89
5
292
4
3
20
5
0
0
7
104
2
22
0
0
20
6
0
16
0
15
1
62
7
16
147
5
76
46
5
179
0
142
198
9
0
0
233
0
34
1
10
31
5
1
413
1
350
6
122
12
269
0
0
296
30
242
112
47
323
1
74
5
0
7
0
6
102
2
5
51
5
5
0
132
14
137
0
10
8
36
244
45
5
16
1
137
78
18
2
1
31
22
660
0
31
4
26
57
733
9
0
2
235
17
156
123
389
214
320
16
257
21
0
344
0
364
8
5
27
280
36
7
1
8
13
12
5
16
238
51
16
330
314
1
8
107
0
209
11
14
270
4
239
0
20
25
0
449
8
84
0
224
112
229
4
102
194
5
27
15
21
229
128
18
19
8
15
3
686
5
0
154
498
217
17
9
3
1
7
148
6
0
899
0
0
4
6
0
6
80
16
5
0
774
809
4
5
134
16
157
393
5
40
0
95
66
3
24
76
166
5
99
144
11
21
4
18
0
24
5
122
25
51
144
57
206
144
81
1
20
0
5
247
8
42
0
5
0
10
63
20
8
21
228
0
2
26
18
164
260
24
87
77
1
59
7
0
42
111
16
1
64
201
1
0
1
563
16
4
7
123
96
13
0
9
0
69
8
33
14
109
94
44
79
509
29
5
4
240
24
563
8
4
4
12
9
53
3
55
326
21
0
236
84
24
17
23
1238
0
495
34
216
20
264
446
13
3
0
61
0
18
71
3
83
1
12
44
0
32
256
27
321
6
1803
0
15
88
67
194
320
410
96
211
3
2
201
4
371
0
2
245
2
441
219
3
85
22
38
12
1
197
80
23
19
1
4
7
3
0
13
23
319
18
218
1
0
7
3
13
0
1
1
218
0
1
35
71
156
69
552
3
57
27
147
3
174
4
7
0
495
1
11
0
319
303
64
71
0
40
27
83
106
0
148
38
26
461
27
117
46
407
85
227
5
297
0
0
0
10
35
123
2
135
90
59
134
914
13
158
8
244
0
117
13
216
6
249
0
0
55
8
0
242
190
296
148
23
10
5
63
1
110
138
235
0
36
493
1
150
1
141
94
11
0
2
28
34
8
2
145
143
26
697
43
428
2
625
1215
21
190
0
29
18
159
192
8
7
5
1
180
793
0
380
212
155
9
143
30
193
144
38
23
169
823
16
30
13
21
969
54
0
5
138
16
10
158
133
37
67
73
40
42
287
296
85
113
426
163
196
154
108
9
39
13
10
2
10
2
132
193
6
0
3
0
0
0
6
8
422
158
21
0
59
189
37
12
418
282
154
140
111
56
161
192
59
4
230
65
238
94
140
12
1
10
30
238
0
9
210
59
30
1
212
215
0
8
9
37
48
0
32
1
0
249
298
0
1
0
8
13
0
12
37
0
20
199
308
0
18
176
7
307
10
8
5
46
21
8
60
1
0
20
0
49
5
2
7
15
19
6
8
35
7
14
0
0
9
0
0
17
208
85
26
172
15
17
856
3
322
25
16
8
21
9
65
0
491
25
0
8
327
40
54
0
2
18
49
364
16
9
164
8
15
942
5
0
5
27
0
215
84
5
11
90
33
140
54
1046
278
351
57
56
7
1376
68
0
255
341
203
4
180
25
1500
21
179
15
252
21
2023
16
24
28
0
11
1565
21
76
1477
291
69
335
14
2345
1619
0
1482
44
1533
150
201
777
0
8
222
378
0
0
0
1491
173
12
264
19
0
82
282
12
96
184
0
2324
211
7
71
1562
55
22
7
0
104
7
10
122
1328
5
237
0
122
13
84
46
1735
1092
1564
5
14
13
0
105
1245
0
758
1
1524
34
140
0
5
6
8
28
0
167
10
9
8
31
332
1598
47
29
7
9
22
133
36
0
13
1
189
59
92
75
231
112
137
1
1464
414
312
0
17
43
205
0
0
4
78
121
347
14
1
195
624
14
268
291
0
82
13
74
333
1622
1530
289
3
474
65
36
396
143
277
95
1604
115
245
144
0
1475
20
16
2023
11
21
1565
291
69
1533
44
201
777
0
82
2324
0
184
71
55
7
104
10
84
1
8
57
1564
0
312
758
112
34
140
5
28
178
7
133
1475
414
205
17
4
1604
13
65
289
396
36
14
13
277
43
36
144
20
0
14
5
1185
65
11
3
22
0
908
8
306
31
1741
1
129
10
26
1570
291
1016
112
141
248
27
309
992
8
660
819
235
290
0
134
6
202
15
4
12
105
87
8
37
0
37
54
35
164
138
5
79
0
0
20
0
22
114
10
8
4
28
25
4
9
4
4
1
197
7
37
5
10
99
3
162
75
39
126
0
0
95
0
19
32
698
118
6
1
33
16
51
31
7
8
0
114
357
247
0
18
4
265
4
7
41
104
112
65
51
124
796
3
12
8
52
192
10
103
14
30
8
160
53
3
0
51
33
31
42
8
85
1366
12
441
156
0
17
5
14
27
0
2
42
16
62
0
1358
124
12
215
33
8
392
159
3
9
263
57
393
0
38
384
33
754
8
1
0
33
7
41
92
224
425
185
0
9
28
22
0
64
321
70
1
3
33
129
14
769
150
60
21
177
4
6
86
270
7
717
18
58
99
1
38
1
35
161
1
0
3
105
56
5
106
0
14
55
24
12
43
27
33
1
0
8
3
3
12
56
0
0
24
3
160
1347
2
0
103
2
0
577
10
0
442
259
115
861
35
0
0
30
95
1273
76
983
332
12
0
354
16
3
0
0
49
2
4
378
401
615
8
0
0
20
10
251
8
50
0
43
335
52
2
1
456
20
28
60
58
0
5
2
1
66
86
63
529
2
3
84
896
81
2
130
65
54
128
100
9
0
0
159
211
80
0
0
0
12
0
2
6
0
0
909
150
919
1
924
55
57
4
4
1003
0
1004
48
911
43
0
15
0
1
2
77
75
22
2
66
23
0
1
908
940
930
15
0
554
1
830
889
11
157
0
1
274
2
111
69
9
40
2
24
3
62
16
768
63
202
1
9
275
42
0
17
1083
235
777
12
0
39
12
0
0
31
0
0
114
189
362
826
51
8
4
2
0
1
0
8
116
58
1
75
0
1
72
0
13
9
8
275
42
0
17
0
2
1
0
1279
111
0
0
19
1
10
8
52
0
770
0
125
18
181
4
342
19
5
43
19
9
684
100
199
78
36
2
54
18
877
11
72
136
2
12
749
0
13
4
844
156
3
230
0
70
16
916
1186
73
75
996
3
16
96
909
0
18
241
200
125
8
0
225
0
83
27
17
54
11
29
12
109
1335
1120
15
3
983
0
358
8
5
64
951
0
0
156
21
63
185
16
7
1003
395
159
80
100
106
14
6
874
1307
1004
5
3
158
0
9
8
830
0
990
8
48
1
0
206
2
143
0
0
0
1
18
1371
0
1007
1
72
102
42
0
1379
0
1
122
995
652
9
986
0
268
14
17
19
60
8
16
16
5
5
0
1794
52
10
262
0
92
579
0
1011
9
1772
3
111
15
0
303
8
1322
344
17
1475
8
440
33
52
0
1008
28
257
1015
40
57
2407
212
270
50
12
14
114
0
169
39
1611
16
345
355
1007
892
82
913
26
0
8
345
2
0
65
13
28
775
0
191
437
107
345
2
919
923
908
24
0
249
0
200
94
1
13
8
11
0
0
0
2
0
48
27
10
220
3
0
0
99
8
15
1039
21
374
786
1602
0
14
14
802
0
6
162
921
22
5
6
1
5
983
11
64
119
7
728
6
187
23
16
0
31
580
377
0
0
461
416
228
913
286
1413
14
928
0
1027
6
918
0
1033
21
1104
46
0
5
0
229
6
61
515
3
912
0
1593
1016
61
34
979
821
119
0
900
586
509
638
6
3
0
0
100
1265
97
6
354
49
174
6
2413
1051
0
68
1
964
964
224
13
264
160
159
266
254
4
0
6
245
10
6
5
249
7
6
0
87
44
8
2196
491
6
6
6
6
947
0
7
12
16
22
2967
47
8
255
2
1577
1550
2052
12
6
964
86
3047
1161
349
1062
0
1001
1
1004
103
1
1005
1569
361
24
285
0
1
0
2
45
34
5
352
129
295
26
9
11
42
8
488
820
6
42
1049
13
328
277
23
205
978
244
10
208
24
1
6
389
98
20
80
8
17
16
3
64
163
6
153
6
6
21
74
248
787
20
240
86
865
6
5
900
973
26
16
72
2196
6
0
0
2
6
29
6
46
782
996
963
919
2
67
0
1
35
177
250
64
8
73
131
25
0
711
3
629
310
215
805
0
245
199
7
212
71
180
52
10
294
0
459
157
0
197
175
168
82
182
227
480
65
7
154
33
1
17
41
8
152
366
27
400
109
229
393
2
0
0
0
5
14
12
15
0
8
10
36
283
13
8
3
0
280
3
42
26
10
0
47
122
31
120
15
6
16
5
41
75
0
174
210
0
38
346
34
7
55
0
6
133
0
0
30
5
112
0
3
0
131
384
16
0
267
15
158
261
0
0
0
11
0
0
0
22
12
138
15
10
0
4
370
24
0
4
11
17
42
29
175
214
161
191
0
0
60
2
0
301
1
11
54
1
0
0
7
1
2
7
10
0
12
100
0
8
4
59
65
0
83
379
0
0
16
0
72
1
17
81
8
5
0
9
497
344
19
67
45
6
4
0
9
0
9
78
0
0
0
19
400
77
2
9
8
0
345
0
14
20
305
56
0
7
274
13
26
48
443
47
4
1204
0
45
0
67
253
11
1
688
0
507
72
0
6
7
717
176
236
746
1570
34
2
1
206
19
0
8
0
41
10
0
3
53
951
1
5
71
84
64
54
59
54
104
0
0
7
0
25
8
25
0
0
138
58
20
0
16
18
282
0
42
0
1
25
120
1
0
48
47
8
293
558
361
0
52
9
217
8
2
141
18
183
106
95
55
0
69
206
219
11
0
0
0
0
70
101
31
0
0
1377
21
5
327
79
273
183
4
195
1
31
2
22
228
23
443
0
40
51
0
22
58
339
131
11
75
5
20
18
3
8
71
0
25
59
0
0
44
1
0
0
7
37
0
23
6
106
470
6
1
110
81
103
60
21
16
30
8
178
1011
111
58
0
151
8
23
54
119
293
0
777
3040
383
541
21
2002
628
8
3
8
71
42
0
6
0
167
10
0
79
257
1606
984
41
73
1582
6
12
492
232
15
129
23
6
92
76
256
23
76
92
256
0
7
8
140
110
80
0
8
42
345
0
78
194
42
1
81
21
8
30
843
178
2
104
105
0
81
8
6
107
393
1659
7
3040
54
119
112
38
293
541
96
0
19
8
589
15
32
3
1339
11
0
202
8
3
9
47
77
0
4
0
3
0
108
0
71
80
54
0
0
10
20
26
777
180
129
250
0
84
62
106
55
42
34
1001
16
521
0
18
1
1
61
42
335
71
1
31
11
2670
579
25
18
22
1569
60
1772
0
108
211
15
46
232
0
8
0
0
0
35
6
57
11
0
2
979
542
56
98
14
1369
372
10
16
277
0
42
16
2
27
0
66
8
20
2
339
69
13
23
0
32
42
5
68
11
86
8
8
0
2002
0
89
74
29
3
659
0
37
79
330
2
1
908
0
0
0
0
9
139
211
24
0
8
84
0
36
31
0
0
0
26
0
103
13
7
2
20
0
36
70
73
6
19
1
503
554
0
265
2
477
267
3
12
1518
1
22
0
0
4
4
0
0
1
260
497
416
0
69
7
22
33
0
1
0
62
530
0
9
52
109
1
717
718
0
0
22
2
149
341
552
8
167
79
260
50
38
0
830
189
390
2
571
141
245
124
0
3
122
0
424
125
154
8
0
110
0
1
3
11
12
87
6
145
38
0
0
404
12
23
150
19
376
81
26
104
1
230
0
3736
8
10
7
3
1
21
10
1462
8
52
14
482
0
238
0
3
0
365
0
167
27
3
13
34
10
5
20
9
1
281
0
38
36
0
240
39
341
183
84
78
1
112
30
28
336
235
0
148
412
360
2
24
23
189
546
720
637
3
367
53
205
5
0
237
9
1
420
362
0
161
8
275
1
0
14
681
42
32
41
41
57
42
2
68
41
42
9
224
0
0
69
113
22
3
13
854
8
20
0
75
1
27
27
755
12
280
160
52
4
190
82
0
1
11
246
444
0
47
311
2900
2052
186
8
241
8
33
2813
8
1
879
0
13
15
29
212
0
0
8
229
93
551
1024
377
500
20
770
0
0
504
544
1212
62
0
136
212
140
224
140
156
136
422
423
418
186
364
30
213
421
897
126
0
7
2059
482
520
519
370
6
0
95
22
509
520
370
95
518
92
8
111
103
8
0
128
0
20
0
509
8
8
5
64
0
243
685
1
248
0
125
156
136
224
212
12
0
7
289
0
460
0
3
0
770
30
13
12
18
1153
95
54
53
8
0
495
50
157
551
45
1036
186
266
461
37
2
539
0
29
55
1212
6
591
55
461
27
93
500
0
0
0
423
418
126
519
541
509
154
0
20
71
34
367
89
344
0
497
81
132
29
10
0
0
0
547
22
44
0
0
20
61
16
106
7
77
9
5
30
492
6
14
13
0
10
0
15
1
4
124
0
1023
58
35
2321
424
198
2
656
297
8
3409
856
48
38
876
25
0
3
34
14
522
96
27
1
2011
45
27
4
39
3
9
0
7
88
10
892
21
12
0
1
1
0
8
0
0
23
3701
552
182
3117
1269
37
17
1342
250
13
53
31
2
0
57
4173
231
4
255
164
0
4
3
2713
1
207
0
8
1
3748
14
839
0
0
261
1
0
101
83
1
16
12
1448
56
51
0
30
3098
10
2
0
4
0
30
3
6
56
25
23
0
14
0
8
212
0
18
3
21
8
56
1
1
8
0
14
0
4
3
403
5
1338
4323
1993
2781
103
20
29
12
0
378
10
3
7
23
27
40
169
0
91
2
2
103
31
12
18
121
2615
3
8
2
414
31
1
0
26
126
56
6
0
468
538
275
0
10
1482
3228
2319
991
1025
1195
45
480
22
7
119
393
856
536
13
4
1418
73
0
427
53
1162
16
1
1170
1
3
148
4
133
31
410
792
4
6
391
0
2
19
1468
975
0
28
34
25
4108
793
1053
1011
1761
4
1657
369
1539
22
24
402
10
12
1185
2110
45
0
48
1717
54
1
38
123
10
48
251
4
5
105
0
2368
48
31
1
1
538
124
82
7
1
12
29
6
138
19
2
0
0
20
0
9
24
92
36
189
14
0
418
55
103
1
124
91
143
35
49
0
446
77
433
266
593
93
0
39
2
12
8
0
1
3
0
0
712
117
59
39
6
226
5
1
122
0
170
0
7
17
13
405
8
24
8
0
103
294
292
89
37
27
110
0
0
120
166
508
12
0
9
174
457
25
68
47
1006
71
8
0
70
254
95
9
0
59
142
4
9
33
19
55
332
31
19
58
31
6
3
1
343
106
1
96
47
0
67
255
744
104
80
0
136
524
0
15
17
43
438
15
0
59
27
491
388
67
0
5
114
23
3
92
15
14
1
109
85
0
167
103
0
29
4
61
8
43
242
516
70
95
118
1
0
1
112
0
13
0
2
1
0
39
261
16
341
0
0
10
0
10
0
78
27
96
8
85
0
8
39
37
244
220
25
0
139
114
1088
226
1
18
2
24
18
167
42
0
201
2
14
33
3
112
11
8
25
99
88
11
25
170
10
12
941
0
42
28
19
8
19
0
25
41
3
266
90
144
55
12
1
5
0
122
35
8
67
0
71
8
0
173
95
4
0
142
0
2
54
737
5
3
4
19
24
385
66
235
7
3
0
242
25
0
62
12
19
100
8
183
123
14
14
8
371
118
195
361
272
252
0
177
897
2
5
59
45
34
45
400
10
12
436
11
0
54
13
434
20
0
81
9
9
32
0
273
9
8
0
110
209
0
1518
10
1
0
1
4
2
5
49
46
1
39
63
55
91
0
40
55
1
146
37
3
39
242
41
1
103
93
385
243
18
0
4
37
1300
52
229
1
4
480
6
14
22
171
62
40
58
7
385
508
20
3
103
25
143
3
220
3
27
446
36
253
0
13
2
0
365
180
1
59
0
8
37
0
1
20
1
0
28
0
712
135
0
117
6
0
0
7
13
14
210
24
405
8
124
593
294
9
37
27
103
110
0
0
120
166
12
61
0
433
457
174
9
68
0
7
25
3
8
157
254
70
405
33
9
19
55
332
31
0
0
318
84
71
5
1
48
1
66
1
31
2
31
91
16
159
0
61
0
14
2
73
74
2
113
15
376
849
0
1
27
6
8
1
11
169
63
13
62
25
302
63
561
77
29
5
8
16
1
0
1
31
18
46
10
564
0
14
5
17
32
185
6
12
0
212
22
13
0
0
14
19
61
3
43
86
9
78
31
275
16
56
75
11
27
248
4
20
12
5
1
49
135
0
8
0
97
1
0
0
4
9
97
8
0
140
6
301
441
11
21
107
108
34
7
5
7
16
45
40
40
37
508
55
0
7
467
3
457
174
0
8
0
173
254
48
95
142
737
0
4
1006
405
33
9
19
55
118
332
173
218
0
0
385
13
0
258
66
1
235
242
40
48
66
1
62
91
172
16
123
2
159
0
61
38
73
0
171
74
3
267
14
1
6
11
1
8
14
63
371
62
343
15
195
361
25
22
302
272
106
16
25
45
67
31
744
10
10
0
0
80
0
0
15
14
19
3
0
78
27
16
5
1
4
135
388
0
0
0
0
0
1518
6
85
61
15
7
16
16
8
61
15
70
0
40
11
57
1
20
0
19
13
11
0
12
292
16
0
0
39
13
10
0
1088
97
14
9
0
12
1
493
7
22
611
311
499
83
0
47
335
19
5
0
1
1961
119
26
69
4
2
26
0
489
38
164
2
213
69
258
251
148
86
0
0
22
11
18
460
0
19
115
8
28
51
12
44
0
11
14
405
42
1
19
0
0
187
18
33
0
30
0
4
334
0
1
62
263
0
4
846
418
353
24
9
17
5
0
69
0
131
0
17
449
27
11
16
10
162
26
0
8
49
936
43
86
843
0
127
187
0
9
0
7
17
0
8
18
1
14
38
532
182
10
116
3
16
80
20
2
77
153
75
16
8
56
1564
47
170
12
0
73
1
43
3
364
37
66
0
231
20
0
1
17
0
1
20
186
548
6
8
397
63
290
264
276
6
8
130
79
0
32
21
38
0
25
51
706
0
68
25
0
1
486
50
12
1
2272
36
21
33
6
703
0
5
16
24
1
160
340
8
162
128
133
20
9
5
16
417
26
462
39
3
37
15
433
0
470
1
730
11
42
0
0
0
23
134
30
14
9
3
51
473
0
430
0
9
1
11
5
79
3
33
386
29
15
482
29
4
9
3
66
21
19
144
2
16
0
39
8
19
128
5
49
37
17
0
10
0
0
0
236
58
2
1217
11
69
7
0
16
20
34
34
33
139
253
345
2
136
7
1
995
8
5
2
0
76
0
7
2
1
113
0
11
221
361
2
414
159
11
39
32
15
205
25
16
12
28
73
299
697
958
44
270
0
13
10
36
54
3
952
525
2
9
5
39
23
67
8
54
45
246
46
987
52
1
43
397
16
101
91
27
130
0
234
369
18
517
0
90
17
33
18
16
19
123
0
0
0
83
0
25
2
1
343
0
42
852
19
46
53
19
1
44
70
31
0
1
345
549
109
8
150
0
2
69
9
0
0
76
6
2346
0
47
406
10
38
73
0
4
1564
14
33
207
14
3
12
16
19
8
64
2
1
1266
250
460
0
215
0
38
198
37
6
6
360
135
0
2
116
12
0
28
16
258
23
2
12
58
782
54
62
0
18
3
288
1
0
0
27
305
21
126
150
11
7
8
0
5
14
552
14
46
191
114
259
0
357
258
24
104
93
8
0
1
0
1
69
0
48
20
0
36
0
22
110
89
1
69
20
427
1
8
39
1
0
4
0
0
0
440
128
36
320
3
27
8
19
4
33
1
5
214
0
22
0
366
95
18
18
32
3
0
228
504
128
235
382
9
7
4
21
13
8
201
272
99
8
329
165
160
1666
80
1513
0
1211
0
11
437
24
43
1284
150
1648
7
1
0
8
77
127
121
499
30
116
26
0
1
11
0
314
1
3
8
21
7
0
14
364
92
30
37
2
18
66
0
51
8
0
108
0
20
1
3
0
1
317
17
6
9
61
19
20
0
15
40
0
29
8
16
548
104
495
1
126
290
0
7
264
397
276
1656
0
272
7
117
370
21
224
9
4
6
25
26
2
3
323
55
130
79
3
38
0
1
0
3
34
2722
457
0
109
38
706
28
63
35
25
0
0
6
50
68
8
23
486
571
16
0
5
1
63
25
0
0
42
33
0
4
10
10
5
21
36
2272
0
20
0
12
59
373
920
703
34
53
0
2
10
7
31
31
16
5
855
24
16
59
10
394
5
1
160
340
14
8
147
0
339
8
8
2
8
162
433
9
266
4
106
25
207
1031
16
429
110
1349
26
151
462
846
70
292
26
467
70
100
7
3
15
0
924
11
41
34
0
0
21
477
730
13
0
305
79
4
1
4
79
117
91
879
11
40
524
10
0
42
0
0
173
0
132
20
23
0
0
1596
11
30
14
15
3
473
430
7
293
8
51
928
4
119
11
79
5
1
33
17
513
0
82
198
0
2315
0
0
37
6
9
6
135
2
0
8
2
12
0
8
85
0
239
67
2
8
16
3
0
9
9
11
8
108
0
384
32
2
28
149
18
1
0
782
22
54
24
60
309
62
0
288
13
1
126
1
2
27
3
0
7
30
61
1
0
109
0
10
20
37
6
8
47
126
150
44
14
7
63
86
0
4
1
1
20
6
15
104
0
109
217
395
95
252
14
259
552
931
1
111
32
191
9
251
2
4
357
52
74
1
1
414
3
258
10
389
93
333
1
8
1
18
8
161
656
0
49
1
42
23
1
0
0
1
2
10
0
0
41
2
165
48
4
1
1723
5
4
18
45
9
2
20
419
427
551
1
0
38
421
61
108
1
71
7
147
1
121
209
8
0
511
489
20
2
63
31
11
127
39
1
0
0
5
8
16
34
568
1
237
0
53
0
1565
34
15
0
0
0
320
0
0
36
45
443
0
19
33
4
10
26
10
7
119
5
75
4
214
374
0
169
246
3
69
252
13
22
97
1
366
59
75
26
18
0
32
272
0
0
504
0
2
13
203
8
288
238
294
289
290
1
115
128
228
0
116
235
117
36
121
181
17
8
44
10
36
240
4
279
61
58
856
13
335
196
1313
7
202
0
8
29
201
272
10
35
307
15
28
45
259
52
0
2
499
70
0
0
1
0
65
1229
7
10
22
1
20
19
253
4
36
115
305
8
0
3
82
37
0
281
483
21
1
39
144
419
1
258
670
8
19
34
4
17
65
0
24
0
121
2
29
0
49
127
936
49
204
26
0
0
0
2
230
62
5
131
19
674
2
937
69
17
9
353
24
34
6
8
4
0
14
15
7
9
7
0
153
1
2
75
9
8
639
3
0
14
0
231
186
8
5
120
38
0
30
72
1010
54
19
221
0
12
26
62
10
301
131
17
0
131
1
2
619
87
0
10
79
7
58
48
51
8
0
2
4
1
86
15
7
145
43
7
11
0
14
118
80
2
0
7
247
0
2
17
3
10
19
0
23
3
360
484
7
1739
12
7
11
187
9
8
457
11
162
16
10
47
0
8
28
23
43
11
69
15
35
52

== RESULTS ==
avg # deps : 122.44 (=1174899/9595)
